table,index,keys,fixture_rows,leading_distinct,leading_distinct_ratio,complete_key_distinct,complete_key_distinct_ratio,unique,partial,decision,selectivity_assessment,query_evidence,leading_max_frequency_ratio,measurement
ai_commentary_drafts,ix_ai_commentary_drafts_bank_as_of,"organization_id, bank_id, as_of, created_at",0,0,unknown (empty fixture),0,unknown (empty fixture),False,False,keep,required tenant locator; unbounded platform-ID domain; one-bank fixture is not production tenant cardinality,backend/app/jobs/bi_commentary.py:177,unknown (empty or absent fixture),exact SQLite e2e fixture counts; whole-table statistics (not production or partial-predicate statistics)
ai_commentary_drafts,ix_ai_commentary_drafts_org_created,"organization_id, created_at",0,0,unknown (empty fixture),0,unknown (empty fixture),False,False,keep,required tenant locator; unbounded platform-ID domain; one-bank fixture is not production tenant cardinality,backend/app/jobs/bi_commentary.py:177,unknown (empty or absent fixture),exact SQLite e2e fixture counts; whole-table statistics (not production or partial-predicate statistics)
ai_commentary_drafts,ix_ai_commentary_drafts_requester,"organization_id, requested_by, created_at",0,0,unknown (empty fixture),0,unknown (empty fixture),False,False,keep,required tenant locator; unbounded platform-ID domain; one-bank fixture is not production tenant cardinality,backend/app/jobs/bi_commentary.py:177,unknown (empty or absent fixture),exact SQLite e2e fixture counts; whole-table statistics (not production or partial-predicate statistics)
ai_commentary_drafts,pk_ai_commentary_drafts,id,0,0,unknown (empty fixture),0,unknown (empty fixture),True,False,keep,PK/uniqueness correctness exception; non-null unique key,backend/app/jobs/bi_commentary.py:473,unknown (empty or absent fixture),exact SQLite e2e fixture counts; whole-table statistics (not production or partial-predicate statistics)
ai_commentary_drafts,uq_ai_commentary_drafts_id_org,"id, organization_id",0,0,unknown (empty fixture),0,unknown (empty fixture),True,False,keep,PK/uniqueness correctness exception; non-null unique key,backend/app/jobs/bi_commentary.py:177,unknown (empty or absent fixture),exact SQLite e2e fixture counts; whole-table statistics (not production or partial-predicate statistics)
ai_commentary_drafts,uq_ai_commentary_drafts_inflight,"organization_id, bank_id, as_of, requested_by",0,0,unknown (empty fixture),0,unknown (empty fixture),True,True,keep,PK/uniqueness correctness exception; non-null unique key,backend/app/jobs/bi_commentary.py:177,unknown (empty or absent fixture),exact SQLite e2e fixture counts; whole-table statistics (not production or partial-predicate statistics)
ai_commentary_settings,ai_commentary_settings_pkey,id,0,0,unknown (empty fixture),0,unknown (empty fixture),True,False,keep,PK/uniqueness correctness exception; non-null unique key,constraint/schema or migration-managed path; workload uncertainty retained,unknown (empty or absent fixture),exact SQLite e2e fixture counts; whole-table statistics (not production or partial-predicate statistics)
ai_commentary_settings,uq_ai_commentary_settings_org,organization_id,0,0,unknown (empty fixture),0,unknown (empty fixture),True,False,keep,PK/uniqueness correctness exception; non-null unique key,backend/app/services/ai/gates.py:119,unknown (empty or absent fixture),exact SQLite e2e fixture counts; whole-table statistics (not production or partial-predicate statistics)
alembic_version,alembic_version_pkc,version_num,not populated,not populated,unknown,not populated,unknown,True,False,keep,PK/uniqueness correctness exception; non-null unique key,constraint/schema or migration-managed path; workload uncertainty retained,unknown (empty or absent fixture),exact SQLite e2e fixture counts; whole-table statistics (not production or partial-predicate statistics)
attestation_signatures,attestation_signatures_pkey,id,0,0,unknown (empty fixture),0,unknown (empty fixture),True,False,keep,PK/uniqueness correctness exception; non-null unique key,backend/app/services/regulatory_reporting/artifact_versions.py:100,unknown (empty or absent fixture),exact SQLite e2e fixture counts; whole-table statistics (not production or partial-predicate statistics)
attestation_signatures,ix_attestation_signatures_org_package,"organization_id, package_id",0,0,unknown (empty fixture),0,unknown (empty fixture),False,False,keep,required tenant locator; unbounded platform-ID domain; one-bank fixture is not production tenant cardinality,backend/app/services/regulatory_reporting/artifact_versions.py:99,unknown (empty or absent fixture),exact SQLite e2e fixture counts; whole-table statistics (not production or partial-predicate statistics)
attestation_signatures,ix_attestation_signatures_signer_id,signer_id,0,0,unknown (empty fixture),0,unknown (empty fixture),False,False,keep,UUID/reference/hash/time locator; unbounded schema domain; unknown production cardinality is not evidence to remove,constraint/schema or migration-managed path; workload uncertainty retained,unknown (empty or absent fixture),exact SQLite e2e fixture counts; whole-table statistics (not production or partial-predicate statistics)
attestation_signatures,uq_attestation_signatures_id_org,"id, organization_id",0,0,unknown (empty fixture),0,unknown (empty fixture),True,False,keep,PK/uniqueness correctness exception; non-null unique key,backend/app/services/regulatory_reporting/artifact_versions.py:99,unknown (empty or absent fixture),exact SQLite e2e fixture counts; whole-table statistics (not production or partial-predicate statistics)
audit_events,audit_events_pkey,id,68,68,1.000000,68,1.000000,True,False,keep,PK/uniqueness correctness exception; non-null unique key,backend/app/forecasting/service.py:302,0.014706,exact SQLite e2e fixture counts; whole-table statistics (not production or partial-predicate statistics)
audit_events,ix_audit_events_actor_user_id,actor_user_id,68,1,0.014706,2,0.029412,False,False,keep,UUID/reference/hash/time locator; unbounded schema domain; unknown production cardinality is not evidence to remove,backend/app/forecasting/service.py:303,0.985294,exact SQLite e2e fixture counts; whole-table statistics (not production or partial-predicate statistics)
audit_events,ix_audit_events_created_at,created_at,68,68,1.000000,68,1.000000,False,False,keep,UUID/reference/hash/time locator; unbounded schema domain; unknown production cardinality is not evidence to remove,backend/app/services/data_activation.py:143,0.014706,exact SQLite e2e fixture counts; whole-table statistics (not production or partial-predicate statistics)
audit_events,ix_audit_events_organization_id,organization_id,68,2,0.029412,2,0.029412,False,False,keep,required tenant locator; unbounded platform-ID domain; one-bank fixture is not production tenant cardinality,backend/app/forecasting/service.py:300,0.985294,exact SQLite e2e fixture counts; whole-table statistics (not production or partial-predicate statistics)
authorization_access_requests,authorization_access_requests_pkey,id,0,0,unknown (empty fixture),0,unknown (empty fixture),True,False,keep,PK/uniqueness correctness exception; non-null unique key,backend/app/identity/api/manage_authorization.py:610,unknown (empty or absent fixture),exact SQLite e2e fixture counts; whole-table statistics (not production or partial-predicate statistics)
authorization_access_requests,ix_authorization_access_requests_org_status,"organization_id, status, created_at",0,0,unknown (empty fixture),0,unknown (empty fixture),False,False,keep,required tenant locator; unbounded platform-ID domain; one-bank fixture is not production tenant cardinality,backend/app/identity/api/manage_authorization.py:532,unknown (empty or absent fixture),exact SQLite e2e fixture counts; whole-table statistics (not production or partial-predicate statistics)
authorization_access_requests,uq_authorization_access_requests_pending_organization_scope,"organization_id, requester_user_id, route, module_scope, sensitivity_scope, permission",0,0,unknown (empty fixture),0,unknown (empty fixture),True,True,keep,PK/uniqueness correctness exception; non-null unique key,backend/app/identity/api/manage_authorization.py:532,unknown (empty or absent fixture),exact SQLite e2e fixture counts; whole-table statistics (not production or partial-predicate statistics)
authorization_access_requests,uq_authorization_access_requests_pending_scope,"organization_id, requester_user_id, route, institution_id, module_scope, sensitivity_scope, permission",0,0,unknown (empty fixture),0,unknown (empty fixture),True,True,keep,PK/uniqueness correctness exception; non-null unique key,backend/app/identity/api/manage_authorization.py:532,unknown (empty or absent fixture),exact SQLite e2e fixture counts; whole-table statistics (not production or partial-predicate statistics)
authorization_bindings,authorization_bindings_pkey,id,40,40,1.000000,40,1.000000,True,False,keep,PK/uniqueness correctness exception; non-null unique key,backend/app/identity/api/manage_authorization.py:470,0.025000,exact SQLite e2e fixture counts; whole-table statistics (not production or partial-predicate statistics)
authorization_bindings,ix_authorization_bindings_institution,"organization_id, institution_id",40,2,0.050000,3,0.075000,False,False,keep,required tenant locator; unbounded platform-ID domain; one-bank fixture is not production tenant cardinality,backend/app/services/bi/content.py:286,0.925000,exact SQLite e2e fixture counts; whole-table statistics (not production or partial-predicate statistics)
authorization_bindings,ix_authorization_bindings_principal,"organization_id, principal_user_id, status",40,2,0.050000,23,0.575000,False,False,keep,required tenant locator; unbounded platform-ID domain; one-bank fixture is not production tenant cardinality,backend/app/services/bi/content.py:286,0.925000,exact SQLite e2e fixture counts; whole-table statistics (not production or partial-predicate statistics)
authorization_bindings,uq_authorization_bindings_active_member,"organization_id, principal_user_id",40,2,0.050000,23,0.575000,True,True,keep,PK/uniqueness correctness exception; non-null unique key,backend/app/services/bi/content.py:286,0.925000,exact SQLite e2e fixture counts; whole-table statistics (not production or partial-predicate statistics)
authorization_bindings,uq_authorization_bindings_active_org_owner,organization_id,40,2,0.050000,2,0.050000,True,True,keep,PK/uniqueness correctness exception; non-null unique key,backend/app/services/bi/content.py:286,0.925000,exact SQLite e2e fixture counts; whole-table statistics (not production or partial-predicate statistics)
bank_financial_facts,bank_financial_facts_pkey,id,2178,2178,1.000000,2178,1.000000,True,False,keep,PK/uniqueness correctness exception; non-null unique key,backend/app/live/fx_book.py:114,0.000459,exact SQLite e2e fixture counts; whole-table statistics (not production or partial-predicate statistics)
bank_financial_facts,ix_bank_financial_facts_org_bank_period_group,"organization_id, bank_id, reporting_period_id, fact_group",2178,1,0.000459,324,0.148760,False,False,keep,required tenant locator; unbounded platform-ID domain; one-bank fixture is not production tenant cardinality,backend/app/live/fx_book.py:113,1.000000,exact SQLite e2e fixture counts; whole-table statistics (not production or partial-predicate statistics)
bank_financial_facts,uq_bank_financial_facts_period_group_category,"reporting_period_id, fact_group, category",2178,18,0.008264,2178,1.000000,True,False,keep,PK/uniqueness correctness exception; non-null unique key,backend/app/live/fx_book.py:115,0.055556,exact SQLite e2e fixture counts; whole-table statistics (not production or partial-predicate statistics)
bank_licenses,bank_licenses_pkey,id,0,0,unknown (empty fixture),0,unknown (empty fixture),True,False,keep,PK/uniqueness correctness exception; non-null unique key,backend/app/identity/service/institution_profile.py:783,unknown (empty or absent fixture),exact SQLite e2e fixture counts; whole-table statistics (not production or partial-predicate statistics)
bank_licenses,ix_bank_licenses_org_bank,"organization_id, bank_id",0,0,unknown (empty fixture),0,unknown (empty fixture),False,False,keep,required tenant locator; unbounded platform-ID domain; one-bank fixture is not production tenant cardinality,backend/app/services/attestation/register_state.py:257,unknown (empty or absent fixture),exact SQLite e2e fixture counts; whole-table statistics (not production or partial-predicate statistics)
bank_licenses,uq_bank_licenses_id_org,"id, organization_id",0,0,unknown (empty fixture),0,unknown (empty fixture),True,False,keep,PK/uniqueness correctness exception; non-null unique key,backend/app/services/attestation/register_state.py:257,unknown (empty or absent fixture),exact SQLite e2e fixture counts; whole-table statistics (not production or partial-predicate statistics)
bank_name_history,bank_name_history_pkey,id,0,0,unknown (empty fixture),0,unknown (empty fixture),True,False,keep,PK/uniqueness correctness exception; non-null unique key,backend/app/services/ai/pseudonymise.py:137,unknown (empty or absent fixture),exact SQLite e2e fixture counts; whole-table statistics (not production or partial-predicate statistics)
bank_name_history,ix_bank_name_history_org_bank,"organization_id, bank_id",0,0,unknown (empty fixture),0,unknown (empty fixture),False,False,keep,required tenant locator; unbounded platform-ID domain; one-bank fixture is not production tenant cardinality,backend/app/services/ai/pseudonymise.py:136,unknown (empty or absent fixture),exact SQLite e2e fixture counts; whole-table statistics (not production or partial-predicate statistics)
bank_name_history,uq_bank_name_history_id_org,"id, organization_id",0,0,unknown (empty fixture),0,unknown (empty fixture),True,False,keep,PK/uniqueness correctness exception; non-null unique key,backend/app/services/ai/pseudonymise.py:136,unknown (empty or absent fixture),exact SQLite e2e fixture counts; whole-table statistics (not production or partial-predicate statistics)
bank_products,bank_products_pkey,id,0,0,unknown (empty fixture),0,unknown (empty fixture),True,False,keep,PK/uniqueness correctness exception; non-null unique key,backend/app/identity/service/institution_profile.py:737,unknown (empty or absent fixture),exact SQLite e2e fixture counts; whole-table statistics (not production or partial-predicate statistics)
bank_products,ix_bank_products_org_bank,"organization_id, bank_id",0,0,unknown (empty fixture),0,unknown (empty fixture),False,False,keep,required tenant locator; unbounded platform-ID domain; one-bank fixture is not production tenant cardinality,backend/app/services/attestation/register_state.py:236,unknown (empty or absent fixture),exact SQLite e2e fixture counts; whole-table statistics (not production or partial-predicate statistics)
bank_products,uq_bank_products_id_org,"id, organization_id",0,0,unknown (empty fixture),0,unknown (empty fixture),True,False,keep,PK/uniqueness correctness exception; non-null unique key,backend/app/services/attestation/register_state.py:236,unknown (empty or absent fixture),exact SQLite e2e fixture counts; whole-table statistics (not production or partial-predicate statistics)
bank_reporting_periods,bank_reporting_periods_pkey,id,18,18,1.000000,18,1.000000,True,False,keep,PK/uniqueness correctness exception; non-null unique key,backend/app/services/freshness.py:175,0.055556,exact SQLite e2e fixture counts; whole-table statistics (not production or partial-predicate statistics)
bank_reporting_periods,ix_bank_reporting_periods_org_bank_period_end,"organization_id, bank_id, period_end",18,1,0.055556,18,1.000000,False,False,keep,required tenant locator; unbounded platform-ID domain; one-bank fixture is not production tenant cardinality,backend/app/forecasting/service.py:149,1.000000,exact SQLite e2e fixture counts; whole-table statistics (not production or partial-predicate statistics)
bank_reporting_periods,uq_bank_reporting_periods_bank_period_end,"bank_id, period_end",18,1,0.055556,18,1.000000,True,False,keep,PK/uniqueness correctness exception; non-null unique key,backend/app/forecasting/service.py:150,1.000000,exact SQLite e2e fixture counts; whole-table statistics (not production or partial-predicate statistics)
bank_reporting_periods,uq_bank_reporting_periods_id_org_bank,"id, organization_id, bank_id",18,18,1.000000,18,1.000000,True,False,keep,PK/uniqueness correctness exception; non-null unique key,backend/app/forecasting/service.py:149,0.055556,exact SQLite e2e fixture counts; whole-table statistics (not production or partial-predicate statistics)
bank_supervisory_addons,bank_supervisory_addons_pkey,id,0,0,unknown (empty fixture),0,unknown (empty fixture),True,False,keep,PK/uniqueness correctness exception; non-null unique key,backend/app/services/icaap/supervisory_addons.py:64,unknown (empty or absent fixture),exact SQLite e2e fixture counts; whole-table statistics (not production or partial-predicate statistics)
bank_supervisory_addons,ix_bank_supervisory_addons_org_bank_status,"organization_id, bank_id, status",0,0,unknown (empty fixture),0,unknown (empty fixture),False,False,keep,required tenant locator; unbounded platform-ID domain; one-bank fixture is not production tenant cardinality,backend/app/services/icaap/supervisory_addons.py:63,unknown (empty or absent fixture),exact SQLite e2e fixture counts; whole-table statistics (not production or partial-predicate statistics)
bank_supervisory_addons,uq_bank_supervisory_addons_id_org,"id, organization_id",0,0,unknown (empty fixture),0,unknown (empty fixture),True,False,keep,PK/uniqueness correctness exception; non-null unique key,backend/app/services/icaap/supervisory_addons.py:63,unknown (empty or absent fixture),exact SQLite e2e fixture counts; whole-table statistics (not production or partial-predicate statistics)
bank_supervisory_addons,uq_bank_supervisory_addons_id_org_bank,"id, organization_id, bank_id",0,0,unknown (empty fixture),0,unknown (empty fixture),True,False,keep,PK/uniqueness correctness exception; non-null unique key,backend/app/services/icaap/supervisory_addons.py:63,unknown (empty or absent fixture),exact SQLite e2e fixture counts; whole-table statistics (not production or partial-predicate statistics)
banks,banks_pkey,id,1,1,1.000000,1,1.000000,True,False,keep,PK/uniqueness correctness exception; non-null unique key,backend/app/features/manage_reconciliation.py:43,1.000000,exact SQLite e2e fixture counts; whole-table statistics (not production or partial-predicate statistics)
banks,ix_banks_organization_id,organization_id,1,1,1.000000,1,1.000000,False,False,keep,required tenant locator; unbounded platform-ID domain; one-bank fixture is not production tenant cardinality,backend/app/features/manage_reconciliation.py:43,1.000000,exact SQLite e2e fixture counts; whole-table statistics (not production or partial-predicate statistics)
banks,uq_banks_id_organization_id,"id, organization_id",1,1,1.000000,1,1.000000,True,False,keep,PK/uniqueness correctness exception; non-null unique key,backend/app/features/manage_reconciliation.py:43,1.000000,exact SQLite e2e fixture counts; whole-table statistics (not production or partial-predicate statistics)
banks,uq_banks_storage_slug,storage_slug,1,0,0.000000,1,1.000000,True,True,keep,PK/uniqueness correctness exception; non-null unique key,constraint/schema or migration-managed path; workload uncertainty retained,1.000000,exact SQLite e2e fixture counts; whole-table statistics (not production or partial-predicate statistics)
bi_agg_position_daily,pk_bi_agg_position_daily,"as_of_date, id",14,1,0.071429,14,1.000000,True,False,keep,PK/uniqueness correctness exception; non-null unique key,constraint/schema or migration-managed path; workload uncertainty retained,1.000000,exact SQLite e2e fixture counts; whole-table statistics (not production or partial-predicate statistics)
bi_agg_position_daily,uq_bi_agg_position_daily_grain,"organization_id, bank_id, as_of_date, position_type, COALESCE(product_family, ''::character varying",not populated,not populated,unknown,not populated,unknown,True,False,keep,PK/uniqueness correctness exception; non-null unique key,constraint/schema or migration-managed path; workload uncertainty retained,unknown (empty or absent fixture),exact SQLite e2e fixture counts; whole-table statistics (not production or partial-predicate statistics)
bi_agg_position_daily_default,bi_agg_position_daily_default_organization_id_bank_id_as_of_idx,"organization_id, bank_id, as_of_date, position_type, COALESCE(product_family, ''::character varying",not populated,not populated,unknown,not populated,unknown,True,False,keep,PK/uniqueness correctness exception; non-null unique key,constraint/schema or migration-managed path; workload uncertainty retained,unknown (empty or absent fixture),exact SQLite e2e fixture counts; whole-table statistics (not production or partial-predicate statistics)
bi_agg_position_daily_default,bi_agg_position_daily_default_pkey,"as_of_date, id",14,1,0.071429,14,1.000000,True,False,keep,PK/uniqueness correctness exception; non-null unique key,constraint/schema or migration-managed path; workload uncertainty retained,1.000000,exact SQLite e2e fixture counts; whole-table statistics (not production or partial-predicate statistics)
bi_alert_events,bi_alert_events_pkey,id,0,0,unknown (empty fixture),0,unknown (empty fixture),True,False,keep,PK/uniqueness correctness exception; non-null unique key,backend/app/features/manage_bi_notifications.py:885,unknown (empty or absent fixture),exact SQLite e2e fixture counts; whole-table statistics (not production or partial-predicate statistics)
bi_alert_events,ix_bi_alert_events_org_alert_evaluated,"organization_id, alert_id, as_of_date",0,0,unknown (empty fixture),0,unknown (empty fixture),False,False,drop,redundant complete leading keys in retained unique index,backend/app/features/manage_bi_notifications.py:884,unknown (empty or absent fixture),exact SQLite e2e fixture counts; whole-table statistics (not production or partial-predicate statistics)
bi_alert_events,ix_bi_alert_events_org_bank_evaluated,"organization_id, bank_id, evaluated_at",0,0,unknown (empty fixture),0,unknown (empty fixture),False,False,keep,required tenant locator; unbounded platform-ID domain; one-bank fixture is not production tenant cardinality,backend/app/features/manage_bi_notifications.py:884,unknown (empty or absent fixture),exact SQLite e2e fixture counts; whole-table statistics (not production or partial-predicate statistics)
bi_alert_events,uq_bi_alert_events_alert_as_of_fingerprint,"organization_id, alert_id, as_of_date, build_fingerprint",0,0,unknown (empty fixture),0,unknown (empty fixture),True,False,keep,PK/uniqueness correctness exception; non-null unique key,backend/app/features/manage_bi_notifications.py:884,unknown (empty or absent fixture),exact SQLite e2e fixture counts; whole-table statistics (not production or partial-predicate statistics)
bi_alerts,bi_alerts_pkey,id,0,0,unknown (empty fixture),0,unknown (empty fixture),True,False,keep,PK/uniqueness correctness exception; non-null unique key,backend/app/features/manage_bi_notifications.py:753,unknown (empty or absent fixture),exact SQLite e2e fixture counts; whole-table statistics (not production or partial-predicate statistics)
bi_alerts,ix_bi_alerts_org_bank_active,"organization_id, bank_id, is_active",0,0,unknown (empty fixture),0,unknown (empty fixture),False,False,keep,required tenant locator; unbounded platform-ID domain; one-bank fixture is not production tenant cardinality,backend/app/features/manage_bi_notifications.py:754,unknown (empty or absent fixture),exact SQLite e2e fixture counts; whole-table statistics (not production or partial-predicate statistics)
bi_alerts,uq_bi_alerts_bank_name,"organization_id, bank_id, name",0,0,unknown (empty fixture),0,unknown (empty fixture),True,False,keep,PK/uniqueness correctness exception; non-null unique key,backend/app/features/manage_bi_notifications.py:754,unknown (empty or absent fixture),exact SQLite e2e fixture counts; whole-table statistics (not production or partial-predicate statistics)
bi_alerts,uq_bi_alerts_id_org,"id, organization_id",0,0,unknown (empty fixture),0,unknown (empty fixture),True,False,keep,PK/uniqueness correctness exception; non-null unique key,backend/app/features/manage_bi_notifications.py:753,unknown (empty or absent fixture),exact SQLite e2e fixture counts; whole-table statistics (not production or partial-predicate statistics)
bi_dashboard_shares,bi_dashboard_shares_pkey,id,0,0,unknown (empty fixture),0,unknown (empty fixture),True,False,keep,PK/uniqueness correctness exception; non-null unique key,backend/app/services/bi/content.py:319,unknown (empty or absent fixture),exact SQLite e2e fixture counts; whole-table statistics (not production or partial-predicate statistics)
bi_dashboard_shares,ix_bi_dashboard_shares_org_grantee,"organization_id, grantee_user_id, bank_id",0,0,unknown (empty fixture),0,unknown (empty fixture),False,False,keep,required tenant locator; unbounded platform-ID domain; one-bank fixture is not production tenant cardinality,backend/app/services/bi/content.py:318,unknown (empty or absent fixture),exact SQLite e2e fixture counts; whole-table statistics (not production or partial-predicate statistics)
bi_dashboard_shares,uq_bi_dashboard_shares_dashboard_grantee,"organization_id, dashboard_id, grantee_user_id",0,0,unknown (empty fixture),0,unknown (empty fixture),True,False,keep,PK/uniqueness correctness exception; non-null unique key,backend/app/services/bi/content.py:318,unknown (empty or absent fixture),exact SQLite e2e fixture counts; whole-table statistics (not production or partial-predicate statistics)
bi_dashboard_versions,bi_dashboard_versions_pkey,id,0,0,unknown (empty fixture),0,unknown (empty fixture),True,False,keep,PK/uniqueness correctness exception; non-null unique key,backend/app/services/bi/content.py:851,unknown (empty or absent fixture),exact SQLite e2e fixture counts; whole-table statistics (not production or partial-predicate statistics)
bi_dashboard_versions,ix_bi_dashboard_versions_org_dashboard_version,"organization_id, dashboard_id, version",0,0,unknown (empty fixture),0,unknown (empty fixture),False,False,drop,redundant complete leading keys in retained unique index,backend/app/services/bi/content.py:850,unknown (empty or absent fixture),exact SQLite e2e fixture counts; whole-table statistics (not production or partial-predicate statistics)
bi_dashboard_versions,uq_bi_dashboard_versions_dashboard_version,"organization_id, dashboard_id, version",0,0,unknown (empty fixture),0,unknown (empty fixture),True,False,keep,PK/uniqueness correctness exception; non-null unique key,backend/app/services/bi/content.py:850,unknown (empty or absent fixture),exact SQLite e2e fixture counts; whole-table statistics (not production or partial-predicate statistics)
bi_dashboards,bi_dashboards_pkey,id,0,0,unknown (empty fixture),0,unknown (empty fixture),True,False,keep,PK/uniqueness correctness exception; non-null unique key,backend/app/features/manage_bi_content.py:975,unknown (empty or absent fixture),exact SQLite e2e fixture counts; whole-table statistics (not production or partial-predicate statistics)
bi_dashboards,ix_bi_dashboards_org_bank_owner,"organization_id, bank_id, owner_user_id",0,0,unknown (empty fixture),0,unknown (empty fixture),False,False,keep,required tenant locator; unbounded platform-ID domain; one-bank fixture is not production tenant cardinality,backend/app/features/manage_bi_content.py:976,unknown (empty or absent fixture),exact SQLite e2e fixture counts; whole-table statistics (not production or partial-predicate statistics)
bi_dashboards,ix_bi_dashboards_org_bank_visibility,"organization_id, bank_id, visibility",0,0,unknown (empty fixture),0,unknown (empty fixture),False,False,keep,required tenant locator; unbounded platform-ID domain; one-bank fixture is not production tenant cardinality,backend/app/features/manage_bi_content.py:976,unknown (empty or absent fixture),exact SQLite e2e fixture counts; whole-table statistics (not production or partial-predicate statistics)
bi_dashboards,uq_bi_dashboards_id_organization,"id, organization_id",0,0,unknown (empty fixture),0,unknown (empty fixture),True,False,keep,PK/uniqueness correctness exception; non-null unique key,backend/app/features/manage_bi_content.py:975,unknown (empty or absent fixture),exact SQLite e2e fixture counts; whole-table statistics (not production or partial-predicate statistics)
bi_dim_branch,pk_bi_dim_branch,"organization_id, bank_id, branch_code",2,1,0.500000,2,1.000000,True,False,keep,PK/uniqueness correctness exception; non-null unique key,backend/app/services/bi/data_scope.py:234,1.000000,exact SQLite e2e fixture counts; whole-table statistics (not production or partial-predicate statistics)
bi_dim_counterparty,pk_bi_dim_counterparty,"organization_id, bank_id, counterparty_id",2,1,0.500000,2,1.000000,True,False,keep,PK/uniqueness correctness exception; non-null unique key,constraint/schema or migration-managed path; workload uncertainty retained,1.000000,exact SQLite e2e fixture counts; whole-table statistics (not production or partial-predicate statistics)
bi_dim_date,pk_bi_dim_date,"organization_id, bank_id, date",1,1,1.000000,1,1.000000,True,False,keep,PK/uniqueness correctness exception; non-null unique key,backend/app/services/bi/mart_builder.py:1648,1.000000,exact SQLite e2e fixture counts; whole-table statistics (not production or partial-predicate statistics)
bi_dim_gl_account,pk_bi_dim_gl_account,"organization_id, bank_id, account_code",11,1,0.090909,11,1.000000,True,False,keep,PK/uniqueness correctness exception; non-null unique key,constraint/schema or migration-managed path; workload uncertainty retained,1.000000,exact SQLite e2e fixture counts; whole-table statistics (not production or partial-predicate statistics)
bi_dim_product,pk_bi_dim_product,"organization_id, bank_id, product_code",12,1,0.083333,12,1.000000,True,False,keep,PK/uniqueness correctness exception; non-null unique key,constraint/schema or migration-managed path; workload uncertainty retained,1.000000,exact SQLite e2e fixture counts; whole-table statistics (not production or partial-predicate statistics)
bi_fact_engine_metric,pk_bi_fact_engine_metric,"organization_id, bank_id, as_of_date, module, metric_id, tier",61,1,0.016393,61,1.000000,True,False,keep,PK/uniqueness correctness exception; non-null unique key,backend/app/features/read_bi.py:1128,1.000000,exact SQLite e2e fixture counts; whole-table statistics (not production or partial-predicate statistics)
bi_fact_gl_branch_monthly,ix_bi_fact_gl_branch_monthly_org_bank_month_branch,"organization_id, bank_id, month_end, branch_code",0,0,unknown (empty fixture),0,unknown (empty fixture),False,False,keep,required tenant locator; unbounded platform-ID domain; one-bank fixture is not production tenant cardinality,backend/app/services/bi/mart_builder.py:1241,unknown (empty or absent fixture),exact SQLite e2e fixture counts; whole-table statistics (not production or partial-predicate statistics)
bi_fact_gl_branch_monthly,pk_bi_fact_gl_branch_monthly,"organization_id, bank_id, month_end, gl_account_code, branch_code, currency",0,0,unknown (empty fixture),0,unknown (empty fixture),True,False,keep,PK/uniqueness correctness exception; non-null unique key,backend/app/services/bi/mart_builder.py:1241,unknown (empty or absent fixture),exact SQLite e2e fixture counts; whole-table statistics (not production or partial-predicate statistics)
bi_fact_gl_monthly,pk_bi_fact_gl_monthly,"organization_id, bank_id, month_end, gl_account_code, currency",0,0,unknown (empty fixture),0,unknown (empty fixture),True,False,keep,PK/uniqueness correctness exception; non-null unique key,backend/app/services/bi/mart_builder.py:1114,unknown (empty or absent fixture),exact SQLite e2e fixture counts; whole-table statistics (not production or partial-predicate statistics)
bi_fact_loan_event,ix_bi_fact_loan_event_org_bank_date,"organization_id, bank_id, event_date",0,0,unknown (empty fixture),0,unknown (empty fixture),False,False,keep,required tenant locator; unbounded platform-ID domain; one-bank fixture is not production tenant cardinality,backend/app/services/bi/mart_builder.py:949,unknown (empty or absent fixture),exact SQLite e2e fixture counts; whole-table statistics (not production or partial-predicate statistics)
bi_fact_loan_event,pk_bi_fact_loan_event,"event_date, event_id",0,0,unknown (empty fixture),0,unknown (empty fixture),True,False,keep,PK/uniqueness correctness exception; non-null unique key,backend/app/services/bi/mart_builder.py:951,unknown (empty or absent fixture),exact SQLite e2e fixture counts; whole-table statistics (not production or partial-predicate statistics)
bi_fact_loan_event_default,bi_fact_loan_event_default_organization_id_bank_id_event_da_idx,"organization_id, bank_id, event_date",0,0,unknown (empty fixture),0,unknown (empty fixture),False,False,keep,required tenant locator; unbounded platform-ID domain; one-bank fixture is not production tenant cardinality,backend/app/services/bi/mart_builder.py:949,unknown (empty or absent fixture),exact SQLite e2e fixture counts; whole-table statistics (not production or partial-predicate statistics)
bi_fact_loan_event_default,bi_fact_loan_event_default_pkey,"event_date, event_id",0,0,unknown (empty fixture),0,unknown (empty fixture),True,False,keep,PK/uniqueness correctness exception; non-null unique key,backend/app/services/bi/mart_builder.py:951,unknown (empty or absent fixture),exact SQLite e2e fixture counts; whole-table statistics (not production or partial-predicate statistics)
bi_fact_position_daily,ix_bi_fact_position_daily_org_bank_as_of_branch,"organization_id, bank_id, as_of_date, branch_code",18,1,0.055556,3,0.166667,False,False,keep,required tenant locator; unbounded platform-ID domain; one-bank fixture is not production tenant cardinality,constraint/schema or migration-managed path; workload uncertainty retained,1.000000,exact SQLite e2e fixture counts; whole-table statistics (not production or partial-predicate statistics)
bi_fact_position_daily,ix_bi_fact_position_daily_org_bank_as_of_type,"organization_id, bank_id, as_of_date, position_type",18,1,0.055556,6,0.333333,False,False,keep,required tenant locator; unbounded platform-ID domain; one-bank fixture is not production tenant cardinality,constraint/schema or migration-managed path; workload uncertainty retained,1.000000,exact SQLite e2e fixture counts; whole-table statistics (not production or partial-predicate statistics)
bi_fact_position_daily,ix_bi_fact_position_daily_org_bank_position_as_of,"organization_id, bank_id, position_id, as_of_date",18,1,0.055556,18,1.000000,False,False,keep,required tenant locator; unbounded platform-ID domain; one-bank fixture is not production tenant cardinality,constraint/schema or migration-managed path; workload uncertainty retained,1.000000,exact SQLite e2e fixture counts; whole-table statistics (not production or partial-predicate statistics)
bi_fact_position_daily,pk_bi_fact_position_daily,"as_of_date, snapshot_id",18,1,0.055556,18,1.000000,True,False,keep,PK/uniqueness correctness exception; non-null unique key,constraint/schema or migration-managed path; workload uncertainty retained,1.000000,exact SQLite e2e fixture counts; whole-table statistics (not production or partial-predicate statistics)
bi_fact_position_daily_default,bi_fact_position_daily_defaul_organization_id_bank_id_as_o_idx1,"organization_id, bank_id, as_of_date, branch_code",18,1,0.055556,3,0.166667,False,False,keep,required tenant locator; unbounded platform-ID domain; one-bank fixture is not production tenant cardinality,constraint/schema or migration-managed path; workload uncertainty retained,1.000000,exact SQLite e2e fixture counts; whole-table statistics (not production or partial-predicate statistics)
bi_fact_position_daily_default,bi_fact_position_daily_defaul_organization_id_bank_id_as_of_idx,"organization_id, bank_id, as_of_date, position_type",18,1,0.055556,6,0.333333,False,False,keep,required tenant locator; unbounded platform-ID domain; one-bank fixture is not production tenant cardinality,constraint/schema or migration-managed path; workload uncertainty retained,1.000000,exact SQLite e2e fixture counts; whole-table statistics (not production or partial-predicate statistics)
bi_fact_position_daily_default,bi_fact_position_daily_defaul_organization_id_bank_id_posit_idx,"organization_id, bank_id, position_id, as_of_date",18,1,0.055556,18,1.000000,False,False,keep,required tenant locator; unbounded platform-ID domain; one-bank fixture is not production tenant cardinality,constraint/schema or migration-managed path; workload uncertainty retained,1.000000,exact SQLite e2e fixture counts; whole-table statistics (not production or partial-predicate statistics)
bi_fact_position_daily_default,bi_fact_position_daily_default_pkey,"as_of_date, snapshot_id",18,1,0.055556,18,1.000000,True,False,keep,PK/uniqueness correctness exception; non-null unique key,constraint/schema or migration-managed path; workload uncertainty retained,1.000000,exact SQLite e2e fixture counts; whole-table statistics (not production or partial-predicate statistics)
bi_fact_position_eom,ix_bi_fact_position_eom_org_bank_as_of_branch,"organization_id, bank_id, as_of_date, branch_code",18,1,0.055556,3,0.166667,False,False,keep,required tenant locator; unbounded platform-ID domain; one-bank fixture is not production tenant cardinality,backend/app/services/bi/mart_builder.py:839,1.000000,exact SQLite e2e fixture counts; whole-table statistics (not production or partial-predicate statistics)
bi_fact_position_eom,ix_bi_fact_position_eom_org_bank_as_of_type,"organization_id, bank_id, as_of_date, position_type",18,1,0.055556,6,0.333333,False,False,keep,required tenant locator; unbounded platform-ID domain; one-bank fixture is not production tenant cardinality,backend/app/services/bi/mart_builder.py:839,1.000000,exact SQLite e2e fixture counts; whole-table statistics (not production or partial-predicate statistics)
bi_fact_position_eom,ix_bi_fact_position_eom_org_bank_position_as_of,"organization_id, bank_id, position_id, as_of_date",18,1,0.055556,18,1.000000,False,False,keep,required tenant locator; unbounded platform-ID domain; one-bank fixture is not production tenant cardinality,backend/app/services/bi/mart_builder.py:839,1.000000,exact SQLite e2e fixture counts; whole-table statistics (not production or partial-predicate statistics)
bi_fact_position_eom,pk_bi_fact_position_eom,"as_of_date, snapshot_id",18,1,0.055556,18,1.000000,True,False,keep,PK/uniqueness correctness exception; non-null unique key,constraint/schema or migration-managed path; workload uncertainty retained,1.000000,exact SQLite e2e fixture counts; whole-table statistics (not production or partial-predicate statistics)
bi_fact_position_eom_default,bi_fact_position_eom_default_organization_id_bank_id_as_of__idx,"organization_id, bank_id, as_of_date, position_type",18,1,0.055556,6,0.333333,False,False,keep,required tenant locator; unbounded platform-ID domain; one-bank fixture is not production tenant cardinality,backend/app/services/bi/mart_builder.py:839,1.000000,exact SQLite e2e fixture counts; whole-table statistics (not production or partial-predicate statistics)
bi_fact_position_eom_default,bi_fact_position_eom_default_organization_id_bank_id_as_of_idx1,"organization_id, bank_id, as_of_date, branch_code",18,1,0.055556,3,0.166667,False,False,keep,required tenant locator; unbounded platform-ID domain; one-bank fixture is not production tenant cardinality,backend/app/services/bi/mart_builder.py:839,1.000000,exact SQLite e2e fixture counts; whole-table statistics (not production or partial-predicate statistics)
bi_fact_position_eom_default,bi_fact_position_eom_default_organization_id_bank_id_positi_idx,"organization_id, bank_id, position_id, as_of_date",18,1,0.055556,18,1.000000,False,False,keep,required tenant locator; unbounded platform-ID domain; one-bank fixture is not production tenant cardinality,backend/app/services/bi/mart_builder.py:839,1.000000,exact SQLite e2e fixture counts; whole-table statistics (not production or partial-predicate statistics)
bi_fact_position_eom_default,bi_fact_position_eom_default_pkey,"as_of_date, snapshot_id",18,1,0.055556,18,1.000000,True,False,keep,PK/uniqueness correctness exception; non-null unique key,constraint/schema or migration-managed path; workload uncertainty retained,1.000000,exact SQLite e2e fixture counts; whole-table statistics (not production or partial-predicate statistics)
bi_fact_target,pk_bi_fact_target,"organization_id, bank_id, as_of_date, measure_id, scope_dimension, scope_value, target_version",0,0,unknown (empty fixture),0,unknown (empty fixture),True,False,keep,PK/uniqueness correctness exception; non-null unique key,constraint/schema or migration-managed path; workload uncertainty retained,unknown (empty or absent fixture),exact SQLite e2e fixture counts; whole-table statistics (not production or partial-predicate statistics)
bi_mart_builds,pk_bi_mart_builds,id,6,6,1.000000,6,1.000000,True,False,keep,PK/uniqueness correctness exception; non-null unique key,constraint/schema or migration-managed path; workload uncertainty retained,0.166667,exact SQLite e2e fixture counts; whole-table statistics (not production or partial-predicate statistics)
bi_mart_builds,uq_bi_mart_builds_bank_as_of_scope,"organization_id, bank_id, as_of_date, scope",6,1,0.166667,6,1.000000,True,False,keep,PK/uniqueness correctness exception; non-null unique key,backend/app/features/read_bi.py:1853,1.000000,exact SQLite e2e fixture counts; whole-table statistics (not production or partial-predicate statistics)
bi_measures,bi_measures_pkey,id,0,0,unknown (empty fixture),0,unknown (empty fixture),True,False,keep,PK/uniqueness correctness exception; non-null unique key,backend/app/features/manage_bi_content.py:1489,unknown (empty or absent fixture),exact SQLite e2e fixture counts; whole-table statistics (not production or partial-predicate statistics)
bi_measures,ix_bi_measures_org_bank_owner,"organization_id, bank_id, owner_user_id",0,0,unknown (empty fixture),0,unknown (empty fixture),False,False,keep,required tenant locator; unbounded platform-ID domain; one-bank fixture is not production tenant cardinality,backend/app/features/manage_bi_content.py:1490,unknown (empty or absent fixture),exact SQLite e2e fixture counts; whole-table statistics (not production or partial-predicate statistics)
bi_measures,ix_bi_measures_org_bank_state,"organization_id, bank_id, state",0,0,unknown (empty fixture),0,unknown (empty fixture),False,False,keep,required tenant locator; unbounded platform-ID domain; one-bank fixture is not production tenant cardinality,backend/app/features/manage_bi_content.py:1490,unknown (empty or absent fixture),exact SQLite e2e fixture counts; whole-table statistics (not production or partial-predicate statistics)
bi_measures,uq_bi_measures_bank_key,"organization_id, bank_id, measure_key",0,0,unknown (empty fixture),0,unknown (empty fixture),True,False,keep,PK/uniqueness correctness exception; non-null unique key,backend/app/features/manage_bi_content.py:1490,unknown (empty or absent fixture),exact SQLite e2e fixture counts; whole-table statistics (not production or partial-predicate statistics)
bi_query_log,ix_bi_query_log_org_bank_queried_at,"organization_id, bank_id, queried_at",0,0,unknown (empty fixture),0,unknown (empty fixture),False,False,keep,required tenant locator; unbounded platform-ID domain; one-bank fixture is not production tenant cardinality,backend/app/services/bi/query_log.py:185,unknown (empty or absent fixture),exact SQLite e2e fixture counts; whole-table statistics (not production or partial-predicate statistics)
bi_query_log,ix_bi_query_log_org_principal_queried_at,"organization_id, principal_user_id, queried_at",0,0,unknown (empty fixture),0,unknown (empty fixture),False,False,keep,required tenant locator; unbounded platform-ID domain; one-bank fixture is not production tenant cardinality,backend/app/services/bi/query_log.py:185,unknown (empty or absent fixture),exact SQLite e2e fixture counts; whole-table statistics (not production or partial-predicate statistics)
bi_query_log,pk_bi_query_log,"queried_at, id",0,0,unknown (empty fixture),0,unknown (empty fixture),True,False,keep,PK/uniqueness correctness exception; non-null unique key,constraint/schema or migration-managed path; workload uncertainty retained,unknown (empty or absent fixture),exact SQLite e2e fixture counts; whole-table statistics (not production or partial-predicate statistics)
bi_query_log_default,bi_query_log_default_organization_id_bank_id_queried_at_idx,"organization_id, bank_id, queried_at",0,0,unknown (empty fixture),0,unknown (empty fixture),False,False,keep,required tenant locator; unbounded platform-ID domain; one-bank fixture is not production tenant cardinality,backend/app/services/bi/query_log.py:185,unknown (empty or absent fixture),exact SQLite e2e fixture counts; whole-table statistics (not production or partial-predicate statistics)
bi_query_log_default,bi_query_log_default_organization_id_principal_user_id_quer_idx,"organization_id, principal_user_id, queried_at",0,0,unknown (empty fixture),0,unknown (empty fixture),False,False,keep,required tenant locator; unbounded platform-ID domain; one-bank fixture is not production tenant cardinality,backend/app/services/bi/query_log.py:185,unknown (empty or absent fixture),exact SQLite e2e fixture counts; whole-table statistics (not production or partial-predicate statistics)
bi_query_log_default,bi_query_log_default_pkey,"queried_at, id",0,0,unknown (empty fixture),0,unknown (empty fixture),True,False,keep,PK/uniqueness correctness exception; non-null unique key,constraint/schema or migration-managed path; workload uncertainty retained,unknown (empty or absent fixture),exact SQLite e2e fixture counts; whole-table statistics (not production or partial-predicate statistics)
bi_subscription_deliveries,bi_subscription_deliveries_pkey,id,0,0,unknown (empty fixture),0,unknown (empty fixture),True,False,keep,PK/uniqueness correctness exception; non-null unique key,backend/app/features/manage_bi_notifications.py:1852,unknown (empty or absent fixture),exact SQLite e2e fixture counts; whole-table statistics (not production or partial-predicate statistics)
bi_subscription_deliveries,ix_bi_subscription_deliveries_org_bank_created,"organization_id, bank_id, created_at",0,0,unknown (empty fixture),0,unknown (empty fixture),False,False,keep,required tenant locator; unbounded platform-ID domain; one-bank fixture is not production tenant cardinality,backend/app/features/manage_bi_notifications.py:1851,unknown (empty or absent fixture),exact SQLite e2e fixture counts; whole-table statistics (not production or partial-predicate statistics)
bi_subscription_deliveries,ix_bi_subscription_deliveries_org_subscription_scheduled,"organization_id, subscription_id, scheduled_for",0,0,unknown (empty fixture),0,unknown (empty fixture),False,False,keep,required tenant locator; unbounded platform-ID domain; one-bank fixture is not production tenant cardinality,backend/app/features/manage_bi_notifications.py:1851,unknown (empty or absent fixture),exact SQLite e2e fixture counts; whole-table statistics (not production or partial-predicate statistics)
bi_subscription_deliveries,uq_bi_subscription_deliveries_run_recipient,"organization_id, subscription_id, recipient_user_id, scheduled_for",0,0,unknown (empty fixture),0,unknown (empty fixture),True,False,keep,PK/uniqueness correctness exception; non-null unique key,backend/app/features/manage_bi_notifications.py:1851,unknown (empty or absent fixture),exact SQLite e2e fixture counts; whole-table statistics (not production or partial-predicate statistics)
bi_subscriptions,bi_subscriptions_pkey,id,0,0,unknown (empty fixture),0,unknown (empty fixture),True,False,keep,PK/uniqueness correctness exception; non-null unique key,backend/app/features/manage_bi_notifications.py:781,unknown (empty or absent fixture),exact SQLite e2e fixture counts; whole-table statistics (not production or partial-predicate statistics)
bi_subscriptions,ix_bi_subscriptions_org_active_cadence,"organization_id, is_active, cadence",0,0,unknown (empty fixture),0,unknown (empty fixture),False,False,keep,required tenant locator; unbounded platform-ID domain; one-bank fixture is not production tenant cardinality,backend/app/features/manage_bi_notifications.py:782,unknown (empty or absent fixture),exact SQLite e2e fixture counts; whole-table statistics (not production or partial-predicate statistics)
bi_subscriptions,ix_bi_subscriptions_org_bank_active,"organization_id, bank_id, is_active",0,0,unknown (empty fixture),0,unknown (empty fixture),False,False,keep,required tenant locator; unbounded platform-ID domain; one-bank fixture is not production tenant cardinality,backend/app/features/manage_bi_notifications.py:782,unknown (empty or absent fixture),exact SQLite e2e fixture counts; whole-table statistics (not production or partial-predicate statistics)
bi_subscriptions,uq_bi_subscriptions_bank_name,"organization_id, bank_id, name",0,0,unknown (empty fixture),0,unknown (empty fixture),True,False,keep,PK/uniqueness correctness exception; non-null unique key,backend/app/features/manage_bi_notifications.py:782,unknown (empty or absent fixture),exact SQLite e2e fixture counts; whole-table statistics (not production or partial-predicate statistics)
bi_subscriptions,uq_bi_subscriptions_id_org,"id, organization_id",0,0,unknown (empty fixture),0,unknown (empty fixture),True,False,keep,PK/uniqueness correctness exception; non-null unique key,backend/app/features/manage_bi_notifications.py:781,unknown (empty or absent fixture),exact SQLite e2e fixture counts; whole-table statistics (not production or partial-predicate statistics)
calculation_forecast_periods,calculation_forecast_periods_pkey,id,0,0,unknown (empty fixture),0,unknown (empty fixture),True,False,keep,PK/uniqueness correctness exception; non-null unique key,backend/app/services/capital.py:137,unknown (empty or absent fixture),exact SQLite e2e fixture counts; whole-table statistics (not production or partial-predicate statistics)
calculation_forecast_periods,ix_calculation_forecast_periods_run_id,run_id,0,0,unknown (empty fixture),0,unknown (empty fixture),False,False,drop,redundant complete leading keys in retained unique index,backend/app/services/capital.py:137,unknown (empty or absent fixture),exact SQLite e2e fixture counts; whole-table statistics (not production or partial-predicate statistics)
calculation_forecast_periods,uq_calculation_forecast_run_period,"run_id, period_number",0,0,unknown (empty fixture),0,unknown (empty fixture),True,False,keep,PK/uniqueness correctness exception; non-null unique key,backend/app/services/capital.py:137,unknown (empty or absent fixture),exact SQLite e2e fixture counts; whole-table statistics (not production or partial-predicate statistics)
calculation_runs,calculation_runs_pkey,id,0,0,unknown (empty fixture),0,unknown (empty fixture),True,False,keep,PK/uniqueness correctness exception; non-null unique key,backend/app/services/liquidity.py:320,unknown (empty or absent fixture),exact SQLite e2e fixture counts; whole-table statistics (not production or partial-predicate statistics)
calculation_runs,ix_calculation_runs_case_scenario,"case_id, scenario_id",0,0,unknown (empty fixture),0,unknown (empty fixture),False,False,keep,UUID/reference/hash/time locator; unbounded schema domain; unknown production cardinality is not evidence to remove,backend/app/services/liquidity.py:309,unknown (empty or absent fixture),exact SQLite e2e fixture counts; whole-table statistics (not production or partial-predicate statistics)
calculation_runs,ix_calculation_runs_input_hash,"organization_id, input_hash",0,0,unknown (empty fixture),0,unknown (empty fixture),False,False,keep,required tenant locator; unbounded platform-ID domain; one-bank fixture is not production tenant cardinality,backend/app/services/liquidity.py:308,unknown (empty or absent fixture),exact SQLite e2e fixture counts; whole-table statistics (not production or partial-predicate statistics)
calculation_runs,uq_calculation_runs_id_org_case,"id, organization_id, case_id",0,0,unknown (empty fixture),0,unknown (empty fixture),True,False,keep,PK/uniqueness correctness exception; non-null unique key,backend/app/services/liquidity.py:308,unknown (empty or absent fixture),exact SQLite e2e fixture counts; whole-table statistics (not production or partial-predicate statistics)
canonical_counterparties,canonical_counterparties_pkey,id,2,2,1.000000,2,1.000000,True,False,keep,PK/uniqueness correctness exception; non-null unique key,backend/app/live/position_book.py:61,0.500000,exact SQLite e2e fixture counts; whole-table statistics (not production or partial-predicate statistics)
canonical_counterparties,ix_canonical_counterparties_org_bank_as_of,"organization_id, bank_id, as_of_date",2,1,0.500000,1,0.500000,False,False,keep,required tenant locator; unbounded platform-ID domain; one-bank fixture is not production tenant cardinality,backend/app/services/ingestion.py:1924,1.000000,exact SQLite e2e fixture counts; whole-table statistics (not production or partial-predicate statistics)
canonical_counterparties,ix_canonical_counterparties_org_batch,"organization_id, ingestion_batch_id",2,1,0.500000,1,0.500000,False,False,keep,required tenant locator; unbounded platform-ID domain; one-bank fixture is not production tenant cardinality,backend/app/services/etl_model_training.py:44,1.000000,exact SQLite e2e fixture counts; whole-table statistics (not production or partial-predicate statistics)
canonical_counterparties,uq_canonical_counterparties_current,"organization_id, bank_id, source_system, source_reference, as_of_date",2,1,0.500000,2,1.000000,True,True,keep,PK/uniqueness correctness exception; non-null unique key,backend/app/services/ingestion.py:1923,1.000000,exact SQLite e2e fixture counts; whole-table statistics (not production or partial-predicate statistics)
canonical_counterparties,uq_canonical_counterparties_id_org,"id, organization_id",2,2,1.000000,2,1.000000,True,False,keep,PK/uniqueness correctness exception; non-null unique key,backend/app/live/position_book.py:61,0.500000,exact SQLite e2e fixture counts; whole-table statistics (not production or partial-predicate statistics)
canonical_counterparty_ratings,canonical_counterparty_ratings_pkey,id,0,0,unknown (empty fixture),0,unknown (empty fixture),True,False,keep,PK/uniqueness correctness exception; non-null unique key,backend/app/services/market_data.py:757,unknown (empty or absent fixture),exact SQLite e2e fixture counts; whole-table statistics (not production or partial-predicate statistics)
canonical_counterparty_ratings,ix_canonical_counterparty_ratings_org_bank_as_of,"organization_id, bank_id, as_of_date",0,0,unknown (empty fixture),0,unknown (empty fixture),False,False,keep,required tenant locator; unbounded platform-ID domain; one-bank fixture is not production tenant cardinality,backend/app/services/implied_rating.py:687,unknown (empty or absent fixture),exact SQLite e2e fixture counts; whole-table statistics (not production or partial-predicate statistics)
canonical_counterparty_ratings,ix_canonical_counterparty_ratings_org_batch,"organization_id, ingestion_batch_id",0,0,unknown (empty fixture),0,unknown (empty fixture),False,False,keep,required tenant locator; unbounded platform-ID domain; one-bank fixture is not production tenant cardinality,backend/app/services/implied_rating.py:687,unknown (empty or absent fixture),exact SQLite e2e fixture counts; whole-table statistics (not production or partial-predicate statistics)
canonical_counterparty_ratings,uq_canonical_counterparty_ratings_current,"organization_id, bank_id, as_of_date, issuer, agency",0,0,unknown (empty fixture),0,unknown (empty fixture),True,True,keep,PK/uniqueness correctness exception; non-null unique key,backend/app/services/implied_rating.py:687,unknown (empty or absent fixture),exact SQLite e2e fixture counts; whole-table statistics (not production or partial-predicate statistics)
canonical_counterparty_ratings,uq_canonical_counterparty_ratings_id_org,"id, organization_id",0,0,unknown (empty fixture),0,unknown (empty fixture),True,False,keep,PK/uniqueness correctness exception; non-null unique key,backend/app/services/implied_rating.py:687,unknown (empty or absent fixture),exact SQLite e2e fixture counts; whole-table statistics (not production or partial-predicate statistics)
canonical_fx_rates,canonical_fx_rates_pkey,id,0,0,unknown (empty fixture),0,unknown (empty fixture),True,False,keep,PK/uniqueness correctness exception; non-null unique key,backend/app/services/market_data.py:442,unknown (empty or absent fixture),exact SQLite e2e fixture counts; whole-table statistics (not production or partial-predicate statistics)
canonical_fx_rates,ix_canonical_fx_rates_org_bank_as_of,"organization_id, bank_id, as_of_date",0,0,unknown (empty fixture),0,unknown (empty fixture),False,False,keep,required tenant locator; unbounded platform-ID domain; one-bank fixture is not production tenant cardinality,backend/app/services/market_data.py:440,unknown (empty or absent fixture),exact SQLite e2e fixture counts; whole-table statistics (not production or partial-predicate statistics)
canonical_fx_rates,ix_canonical_fx_rates_org_batch,"organization_id, ingestion_batch_id",0,0,unknown (empty fixture),0,unknown (empty fixture),False,False,keep,required tenant locator; unbounded platform-ID domain; one-bank fixture is not production tenant cardinality,backend/app/services/market_data.py:522,unknown (empty or absent fixture),exact SQLite e2e fixture counts; whole-table statistics (not production or partial-predicate statistics)
canonical_fx_rates,uq_canonical_fx_rates_current,"organization_id, bank_id, as_of_date, base_currency, quote_currency, rate_type, COALESCE(tenor_months, 0",not populated,not populated,unknown,not populated,unknown,True,True,keep,PK/uniqueness correctness exception; non-null unique key,backend/app/services/market_data.py:440,unknown (empty or absent fixture),exact SQLite e2e fixture counts; whole-table statistics (not production or partial-predicate statistics)
canonical_fx_rates,uq_canonical_fx_rates_id_org,"id, organization_id",0,0,unknown (empty fixture),0,unknown (empty fixture),True,False,keep,PK/uniqueness correctness exception; non-null unique key,backend/app/services/market_data.py:442,unknown (empty or absent fixture),exact SQLite e2e fixture counts; whole-table statistics (not production or partial-predicate statistics)
canonical_gl_accounts,canonical_gl_accounts_pkey,id,11,11,1.000000,11,1.000000,True,False,keep,PK/uniqueness correctness exception; non-null unique key,backend/app/services/fact_derivation.py:993,0.090909,exact SQLite e2e fixture counts; whole-table statistics (not production or partial-predicate statistics)
canonical_gl_accounts,ix_canonical_gl_accounts_org_bank_as_of,"organization_id, bank_id, as_of_date",11,1,0.090909,1,0.090909,False,False,keep,required tenant locator; unbounded platform-ID domain; one-bank fixture is not production tenant cardinality,backend/app/services/ingestion.py:1893,1.000000,exact SQLite e2e fixture counts; whole-table statistics (not production or partial-predicate statistics)
canonical_gl_accounts,ix_canonical_gl_accounts_org_batch,"organization_id, ingestion_batch_id",11,1,0.090909,1,0.090909,False,False,keep,required tenant locator; unbounded platform-ID domain; one-bank fixture is not production tenant cardinality,backend/app/services/fact_derivation.py:993,1.000000,exact SQLite e2e fixture counts; whole-table statistics (not production or partial-predicate statistics)
canonical_gl_accounts,uq_canonical_gl_accounts_current,"organization_id, bank_id, account_code, as_of_date",11,1,0.090909,11,1.000000,True,True,keep,PK/uniqueness correctness exception; non-null unique key,backend/app/services/ingestion.py:1893,1.000000,exact SQLite e2e fixture counts; whole-table statistics (not production or partial-predicate statistics)
canonical_gl_accounts,uq_canonical_gl_accounts_id_org,"id, organization_id",11,11,1.000000,11,1.000000,True,False,keep,PK/uniqueness correctness exception; non-null unique key,backend/app/services/fact_derivation.py:993,0.090909,exact SQLite e2e fixture counts; whole-table statistics (not production or partial-predicate statistics)
canonical_loan_events,canonical_loan_events_pkey,id,0,0,unknown (empty fixture),0,unknown (empty fixture),True,False,keep,PK/uniqueness correctness exception; non-null unique key,backend/app/services/regulatory_credit.py:1687,unknown (empty or absent fixture),exact SQLite e2e fixture counts; whole-table statistics (not production or partial-predicate statistics)
canonical_loan_events,ix_canonical_loan_events_current_org_bank_date,"organization_id, bank_id, event_date",0,0,unknown (empty fixture),0,unknown (empty fixture),False,True,keep,required tenant locator; unbounded platform-ID domain; one-bank fixture is not production tenant cardinality,backend/app/services/regulatory_credit.py:1686,unknown (empty or absent fixture),exact SQLite e2e fixture counts; whole-table statistics (not production or partial-predicate statistics)
canonical_loan_events,uq_canonical_loan_events_current,"organization_id, bank_id, source_system, source_reference",0,0,unknown (empty fixture),0,unknown (empty fixture),True,True,keep,PK/uniqueness correctness exception; non-null unique key,backend/app/services/ingestion.py:2057,unknown (empty or absent fixture),exact SQLite e2e fixture counts; whole-table statistics (not production or partial-predicate statistics)
canonical_market_indices,canonical_market_indices_pkey,id,0,0,unknown (empty fixture),0,unknown (empty fixture),True,False,keep,PK/uniqueness correctness exception; non-null unique key,backend/app/services/market_data.py:820,unknown (empty or absent fixture),exact SQLite e2e fixture counts; whole-table statistics (not production or partial-predicate statistics)
canonical_market_indices,ix_canonical_market_indices_org_bank_as_of,"organization_id, bank_id, as_of_date",0,0,unknown (empty fixture),0,unknown (empty fixture),False,False,keep,required tenant locator; unbounded platform-ID domain; one-bank fixture is not production tenant cardinality,backend/app/services/implied_rating.py:724,unknown (empty or absent fixture),exact SQLite e2e fixture counts; whole-table statistics (not production or partial-predicate statistics)
canonical_market_indices,ix_canonical_market_indices_org_batch,"organization_id, ingestion_batch_id",0,0,unknown (empty fixture),0,unknown (empty fixture),False,False,keep,required tenant locator; unbounded platform-ID domain; one-bank fixture is not production tenant cardinality,backend/app/services/implied_rating.py:724,unknown (empty or absent fixture),exact SQLite e2e fixture counts; whole-table statistics (not production or partial-predicate statistics)
canonical_market_indices,uq_canonical_market_indices_current,"organization_id, bank_id, as_of_date, index_code, scenario, COALESCE(horizon_months, 0",not populated,not populated,unknown,not populated,unknown,True,True,keep,PK/uniqueness correctness exception; non-null unique key,backend/app/services/implied_rating.py:724,unknown (empty or absent fixture),exact SQLite e2e fixture counts; whole-table statistics (not production or partial-predicate statistics)
canonical_market_indices,uq_canonical_market_indices_id_org,"id, organization_id",0,0,unknown (empty fixture),0,unknown (empty fixture),True,False,keep,PK/uniqueness correctness exception; non-null unique key,backend/app/services/implied_rating.py:724,unknown (empty or absent fixture),exact SQLite e2e fixture counts; whole-table statistics (not production or partial-predicate statistics)
canonical_position_snapshots,canonical_position_snapshots_pkey,id,20,20,1.000000,20,1.000000,True,False,keep,PK/uniqueness correctness exception; non-null unique key,backend/app/features/read_sdi_diagnostics.py:78,0.050000,exact SQLite e2e fixture counts; whole-table statistics (not production or partial-predicate statistics)
canonical_position_snapshots,ix_canonical_position_snapshots_org_bank_as_of,"organization_id, bank_id, as_of_date",20,1,0.050000,1,0.050000,False,False,keep,required tenant locator; unbounded platform-ID domain; one-bank fixture is not production tenant cardinality,backend/app/features/read_sdi_diagnostics.py:77,1.000000,exact SQLite e2e fixture counts; whole-table statistics (not production or partial-predicate statistics)
canonical_position_snapshots,ix_canonical_position_snapshots_org_batch,"organization_id, ingestion_batch_id",20,1,0.050000,1,0.050000,False,False,keep,required tenant locator; unbounded platform-ID domain; one-bank fixture is not production tenant cardinality,backend/app/features/read_sdi_diagnostics.py:77,1.000000,exact SQLite e2e fixture counts; whole-table statistics (not production or partial-predicate statistics)
canonical_position_snapshots,ix_canonical_position_snapshots_org_position,"organization_id, position_id",20,1,0.050000,20,1.000000,False,False,keep,required tenant locator; unbounded platform-ID domain; one-bank fixture is not production tenant cardinality,backend/app/features/read_sdi_diagnostics.py:77,1.000000,exact SQLite e2e fixture counts; whole-table statistics (not production or partial-predicate statistics)
canonical_position_snapshots,uq_canonical_position_snapshots_current,"organization_id, position_id, as_of_date",20,1,0.050000,20,1.000000,True,True,keep,PK/uniqueness correctness exception; non-null unique key,backend/app/features/read_sdi_diagnostics.py:77,1.000000,exact SQLite e2e fixture counts; whole-table statistics (not production or partial-predicate statistics)
canonical_position_snapshots,uq_canonical_position_snapshots_id_org,"id, organization_id",20,20,1.000000,20,1.000000,True,False,keep,PK/uniqueness correctness exception; non-null unique key,backend/app/features/read_sdi_diagnostics.py:77,0.050000,exact SQLite e2e fixture counts; whole-table statistics (not production or partial-predicate statistics)
canonical_positions,canonical_positions_pkey,id,20,20,1.000000,20,1.000000,True,False,keep,PK/uniqueness correctness exception; non-null unique key,backend/app/live/position_book.py:57,0.050000,exact SQLite e2e fixture counts; whole-table statistics (not production or partial-predicate statistics)
canonical_positions,ix_canonical_positions_current_org_bank_ref,"organization_id, bank_id, source_reference, id",20,1,0.050000,20,1.000000,False,True,keep,required tenant locator; unbounded platform-ID domain; one-bank fixture is not production tenant cardinality,backend/app/live/position_book.py:57,1.000000,exact SQLite e2e fixture counts; whole-table statistics (not production or partial-predicate statistics)
canonical_positions,ix_canonical_positions_current_org_bank_type,"organization_id, bank_id, position_type, currency",20,1,0.050000,8,0.400000,False,True,keep,required tenant locator; unbounded platform-ID domain; one-bank fixture is not production tenant cardinality,backend/app/live/position_book.py:75,1.000000,exact SQLite e2e fixture counts; whole-table statistics (not production or partial-predicate statistics)
canonical_positions,ix_canonical_positions_org_bank_as_of,"organization_id, bank_id, as_of_date",20,1,0.050000,1,0.050000,False,False,keep,required tenant locator; unbounded platform-ID domain; one-bank fixture is not production tenant cardinality,backend/app/live/fx_book.py:70,1.000000,exact SQLite e2e fixture counts; whole-table statistics (not production or partial-predicate statistics)
canonical_positions,ix_canonical_positions_org_batch,"organization_id, ingestion_batch_id",20,1,0.050000,1,0.050000,False,False,keep,required tenant locator; unbounded platform-ID domain; one-bank fixture is not production tenant cardinality,backend/app/live/fx_book.py:70,1.000000,exact SQLite e2e fixture counts; whole-table statistics (not production or partial-predicate statistics)
canonical_positions,uq_canonical_positions_current,"organization_id, bank_id, source_system, source_reference",20,1,0.050000,20,1.000000,True,True,keep,PK/uniqueness correctness exception; non-null unique key,backend/app/live/fx_book.py:70,1.000000,exact SQLite e2e fixture counts; whole-table statistics (not production or partial-predicate statistics)
canonical_positions,uq_canonical_positions_id_org,"id, organization_id",20,20,1.000000,20,1.000000,True,False,keep,PK/uniqueness correctness exception; non-null unique key,backend/app/live/position_book.py:57,0.050000,exact SQLite e2e fixture counts; whole-table statistics (not production or partial-predicate statistics)
canonical_products,canonical_products_pkey,id,12,12,1.000000,12,1.000000,True,False,keep,PK/uniqueness correctness exception; non-null unique key,backend/app/live/position_book.py:65,0.083333,exact SQLite e2e fixture counts; whole-table statistics (not production or partial-predicate statistics)
canonical_products,ix_canonical_products_org_bank_as_of,"organization_id, bank_id, as_of_date",12,1,0.083333,1,0.083333,False,False,keep,required tenant locator; unbounded platform-ID domain; one-bank fixture is not production tenant cardinality,backend/app/services/ingestion.py:1953,1.000000,exact SQLite e2e fixture counts; whole-table statistics (not production or partial-predicate statistics)
canonical_products,ix_canonical_products_org_batch,"organization_id, ingestion_batch_id",12,1,0.083333,1,0.083333,False,False,keep,required tenant locator; unbounded platform-ID domain; one-bank fixture is not production tenant cardinality,backend/app/services/regulatory_reporting/bog_forms/sources_ext/bsd8.py:206,1.000000,exact SQLite e2e fixture counts; whole-table statistics (not production or partial-predicate statistics)
canonical_products,uq_canonical_products_current,"organization_id, bank_id, product_code, as_of_date",12,1,0.083333,12,1.000000,True,True,keep,PK/uniqueness correctness exception; non-null unique key,backend/app/services/ingestion.py:1953,1.000000,exact SQLite e2e fixture counts; whole-table statistics (not production or partial-predicate statistics)
canonical_products,uq_canonical_products_id_org,"id, organization_id",12,12,1.000000,12,1.000000,True,False,keep,PK/uniqueness correctness exception; non-null unique key,backend/app/live/position_book.py:65,0.083333,exact SQLite e2e fixture counts; whole-table statistics (not production or partial-predicate statistics)
canonical_reference_rows,canonical_reference_rows_pkey,id,208,208,1.000000,208,1.000000,True,False,keep,PK/uniqueness correctness exception; non-null unique key,backend/app/services/ingestion.py:751,0.004808,exact SQLite e2e fixture counts; whole-table statistics (not production or partial-predicate statistics)
canonical_reference_rows,ix_canonical_reference_rows_org_bank_kind_as_of,"organization_id, bank_id, dataset_kind, as_of_date",208,1,0.004808,8,0.038462,False,False,keep,required tenant locator; unbounded platform-ID domain; one-bank fixture is not production tenant cardinality,backend/app/ml/cashflow_history.py:73,1.000000,exact SQLite e2e fixture counts; whole-table statistics (not production or partial-predicate statistics)
canonical_reference_rows,ix_canonical_reference_rows_org_batch,"organization_id, ingestion_batch_id",208,1,0.004808,1,0.004808,False,False,keep,required tenant locator; unbounded platform-ID domain; one-bank fixture is not production tenant cardinality,backend/app/ml/cashflow_history.py:73,1.000000,exact SQLite e2e fixture counts; whole-table statistics (not production or partial-predicate statistics)
canonical_reference_rows,uq_canonical_reference_rows_batch_kind_row,"ingestion_batch_id, dataset_kind, row_index",208,1,0.004808,208,1.000000,True,False,keep,PK/uniqueness correctness exception; non-null unique key,backend/app/ml/cashflow_history.py:75,1.000000,exact SQLite e2e fixture counts; whole-table statistics (not production or partial-predicate statistics)
canonical_reference_rows,uq_canonical_reference_rows_id_org,"id, organization_id",208,208,1.000000,208,1.000000,True,False,keep,PK/uniqueness correctness exception; non-null unique key,backend/app/ml/cashflow_history.py:73,0.004808,exact SQLite e2e fixture counts; whole-table statistics (not production or partial-predicate statistics)
canonical_withdrawals,canonical_withdrawals_pkey,id,0,0,unknown (empty fixture),0,unknown (empty fixture),True,False,keep,PK/uniqueness correctness exception; non-null unique key,backend/app/services/canonical_withdrawal.py:686,unknown (empty or absent fixture),exact SQLite e2e fixture counts; whole-table statistics (not production or partial-predicate statistics)
canonical_withdrawals,ix_canonical_withdrawals_scope,"organization_id, bank_id, as_of_date, source_system, entity",0,0,unknown (empty fixture),0,unknown (empty fixture),False,False,keep,required tenant locator; unbounded platform-ID domain; one-bank fixture is not production tenant cardinality,backend/app/services/withdrawal_impact.py:205,unknown (empty or absent fixture),exact SQLite e2e fixture counts; whole-table statistics (not production or partial-predicate statistics)
canonical_yield_curve_points,canonical_yield_curve_points_pkey,id,0,0,unknown (empty fixture),0,unknown (empty fixture),True,False,keep,PK/uniqueness correctness exception; non-null unique key,backend/app/services/market_data.py:262,unknown (empty or absent fixture),exact SQLite e2e fixture counts; whole-table statistics (not production or partial-predicate statistics)
canonical_yield_curve_points,ix_canonical_yield_curve_points_org_bank_as_of,"organization_id, bank_id, as_of_date",0,0,unknown (empty fixture),0,unknown (empty fixture),False,False,keep,required tenant locator; unbounded platform-ID domain; one-bank fixture is not production tenant cardinality,backend/app/services/market_data_sources.py:520,unknown (empty or absent fixture),exact SQLite e2e fixture counts; whole-table statistics (not production or partial-predicate statistics)
canonical_yield_curve_points,ix_canonical_yield_curve_points_org_batch,"organization_id, ingestion_batch_id",0,0,unknown (empty fixture),0,unknown (empty fixture),False,False,keep,required tenant locator; unbounded platform-ID domain; one-bank fixture is not production tenant cardinality,backend/app/services/market_data_sources.py:520,unknown (empty or absent fixture),exact SQLite e2e fixture counts; whole-table statistics (not production or partial-predicate statistics)
canonical_yield_curve_points,ix_canonical_yield_curve_points_org_curve,"organization_id, yield_curve_id",0,0,unknown (empty fixture),0,unknown (empty fixture),False,False,keep,required tenant locator; unbounded platform-ID domain; one-bank fixture is not production tenant cardinality,backend/app/services/market_data_sources.py:520,unknown (empty or absent fixture),exact SQLite e2e fixture counts; whole-table statistics (not production or partial-predicate statistics)
canonical_yield_curve_points,uq_canonical_yield_curve_points_current,"organization_id, yield_curve_id, tenor_months",0,0,unknown (empty fixture),0,unknown (empty fixture),True,True,keep,PK/uniqueness correctness exception; non-null unique key,backend/app/services/market_data_sources.py:520,unknown (empty or absent fixture),exact SQLite e2e fixture counts; whole-table statistics (not production or partial-predicate statistics)
canonical_yield_curve_points,uq_canonical_yield_curve_points_id_org,"id, organization_id",0,0,unknown (empty fixture),0,unknown (empty fixture),True,False,keep,PK/uniqueness correctness exception; non-null unique key,backend/app/services/market_data_sources.py:520,unknown (empty or absent fixture),exact SQLite e2e fixture counts; whole-table statistics (not production or partial-predicate statistics)
canonical_yield_curves,canonical_yield_curves_pkey,id,0,0,unknown (empty fixture),0,unknown (empty fixture),True,False,keep,PK/uniqueness correctness exception; non-null unique key,backend/app/services/market_data_sources.py:442,unknown (empty or absent fixture),exact SQLite e2e fixture counts; whole-table statistics (not production or partial-predicate statistics)
canonical_yield_curves,ix_canonical_yield_curves_org_bank_as_of,"organization_id, bank_id, as_of_date",0,0,unknown (empty fixture),0,unknown (empty fixture),False,False,keep,required tenant locator; unbounded platform-ID domain; one-bank fixture is not production tenant cardinality,backend/app/services/market_data_sources.py:377,unknown (empty or absent fixture),exact SQLite e2e fixture counts; whole-table statistics (not production or partial-predicate statistics)
canonical_yield_curves,ix_canonical_yield_curves_org_batch,"organization_id, ingestion_batch_id",0,0,unknown (empty fixture),0,unknown (empty fixture),False,False,keep,required tenant locator; unbounded platform-ID domain; one-bank fixture is not production tenant cardinality,backend/app/services/market_data_sources.py:377,unknown (empty or absent fixture),exact SQLite e2e fixture counts; whole-table statistics (not production or partial-predicate statistics)
canonical_yield_curves,uq_canonical_yield_curves_current,"organization_id, bank_id, as_of_date, currency, curve_name",0,0,unknown (empty fixture),0,unknown (empty fixture),True,True,keep,PK/uniqueness correctness exception; non-null unique key,backend/app/services/market_data_sources.py:377,unknown (empty or absent fixture),exact SQLite e2e fixture counts; whole-table statistics (not production or partial-predicate statistics)
canonical_yield_curves,uq_canonical_yield_curves_id_org,"id, organization_id",0,0,unknown (empty fixture),0,unknown (empty fixture),True,False,keep,PK/uniqueness correctness exception; non-null unique key,backend/app/services/market_data_sources.py:377,unknown (empty or absent fixture),exact SQLite e2e fixture counts; whole-table statistics (not production or partial-predicate statistics)
capital_indicators,capital_indicators_pkey,id,0,0,unknown (empty fixture),0,unknown (empty fixture),True,False,keep,PK/uniqueness correctness exception; non-null unique key,backend/app/services/capital.py:632,unknown (empty or absent fixture),exact SQLite e2e fixture counts; whole-table statistics (not production or partial-predicate statistics)
capital_indicators,ix_capital_indicators_projection,"projection_id, period_number",0,0,unknown (empty fixture),0,unknown (empty fixture),False,False,drop,redundant complete leading keys in retained unique index,backend/app/services/capital.py:632,unknown (empty or absent fixture),exact SQLite e2e fixture counts; whole-table statistics (not production or partial-predicate statistics)
capital_indicators,uq_capital_indicator_projection_period,"projection_id, period_number",0,0,unknown (empty fixture),0,unknown (empty fixture),True,False,keep,PK/uniqueness correctness exception; non-null unique key,backend/app/services/capital.py:632,unknown (empty or absent fixture),exact SQLite e2e fixture counts; whole-table statistics (not production or partial-predicate statistics)
capital_plans,capital_plans_pkey,id,0,0,unknown (empty fixture),0,unknown (empty fixture),True,False,keep,PK/uniqueness correctness exception; non-null unique key,backend/app/services/capital_plan.py:81,unknown (empty or absent fixture),exact SQLite e2e fixture counts; whole-table statistics (not production or partial-predicate statistics)
capital_plans,ix_capital_plans_bank,"organization_id, bank_id",0,0,unknown (empty fixture),0,unknown (empty fixture),False,False,drop,redundant complete leading keys in retained unique index,backend/app/services/capital_plan.py:80,unknown (empty or absent fixture),exact SQLite e2e fixture counts; whole-table statistics (not production or partial-predicate statistics)
capital_plans,uq_capital_plans_version,"organization_id, bank_id, version",0,0,unknown (empty fixture),0,unknown (empty fixture),True,False,keep,PK/uniqueness correctness exception; non-null unique key,backend/app/services/capital_plan.py:80,unknown (empty or absent fixture),exact SQLite e2e fixture counts; whole-table statistics (not production or partial-predicate statistics)
capital_projection_findings,capital_projection_findings_pkey,id,0,0,unknown (empty fixture),0,unknown (empty fixture),True,False,keep,PK/uniqueness correctness exception; non-null unique key,backend/app/services/capital.py:574,unknown (empty or absent fixture),exact SQLite e2e fixture counts; whole-table statistics (not production or partial-predicate statistics)
capital_projection_findings,ix_capital_projection_findings_projection,projection_id,0,0,unknown (empty fixture),0,unknown (empty fixture),False,False,drop,redundant complete leading keys in retained unique index,backend/app/services/capital.py:578,unknown (empty or absent fixture),exact SQLite e2e fixture counts; whole-table statistics (not production or partial-predicate statistics)
capital_projection_findings,uq_capital_projection_finding,"projection_id, finding_id",0,0,unknown (empty fixture),0,unknown (empty fixture),True,False,keep,PK/uniqueness correctness exception; non-null unique key,backend/app/services/capital.py:574,unknown (empty or absent fixture),exact SQLite e2e fixture counts; whole-table statistics (not production or partial-predicate statistics)
capital_projections,capital_projections_pkey,id,0,0,unknown (empty fixture),0,unknown (empty fixture),True,False,keep,PK/uniqueness correctness exception; non-null unique key,backend/app/services/capital.py:202,unknown (empty or absent fixture),exact SQLite e2e fixture counts; whole-table statistics (not production or partial-predicate statistics)
capital_projections,ix_capital_projections_case_scenario,"organization_id, case_id, scenario_id",0,0,unknown (empty fixture),0,unknown (empty fixture),False,False,keep,required tenant locator; unbounded platform-ID domain; one-bank fixture is not production tenant cardinality,backend/app/services/capital.py:203,unknown (empty or absent fixture),exact SQLite e2e fixture counts; whole-table statistics (not production or partial-predicate statistics)
capital_projections,uq_capital_projections_id_org_case,"id, organization_id, case_id",0,0,unknown (empty fixture),0,unknown (empty fixture),True,False,keep,PK/uniqueness correctness exception; non-null unique key,backend/app/services/capital.py:202,unknown (empty or absent fixture),exact SQLite e2e fixture counts; whole-table statistics (not production or partial-predicate statistics)
cfp_activation_events,cfp_activation_events_pkey,id,0,0,unknown (empty fixture),0,unknown (empty fixture),True,False,keep,PK/uniqueness correctness exception; non-null unique key,backend/app/services/liquidity_cfp.py:505,unknown (empty or absent fixture),exact SQLite e2e fixture counts; whole-table statistics (not production or partial-predicate statistics)
cfp_activation_events,ix_cfp_activation_events_bank,"organization_id, bank_id",0,0,unknown (empty fixture),0,unknown (empty fixture),False,False,keep,required tenant locator; unbounded platform-ID domain; one-bank fixture is not production tenant cardinality,backend/app/services/liquidity_cfp.py:508,unknown (empty or absent fixture),exact SQLite e2e fixture counts; whole-table statistics (not production or partial-predicate statistics)
contingency_funding_plans,contingency_funding_plans_pkey,id,0,0,unknown (empty fixture),0,unknown (empty fixture),True,False,keep,PK/uniqueness correctness exception; non-null unique key,backend/app/services/liquidity_cfp.py:78,unknown (empty or absent fixture),exact SQLite e2e fixture counts; whole-table statistics (not production or partial-predicate statistics)
contingency_funding_plans,ix_contingency_funding_plans_bank,"organization_id, bank_id",0,0,unknown (empty fixture),0,unknown (empty fixture),False,False,drop,redundant complete leading keys in retained unique index,backend/app/services/liquidity_cfp.py:77,unknown (empty or absent fixture),exact SQLite e2e fixture counts; whole-table statistics (not production or partial-predicate statistics)
contingency_funding_plans,uq_contingency_funding_plans_version,"organization_id, bank_id, version",0,0,unknown (empty fixture),0,unknown (empty fixture),True,False,keep,PK/uniqueness correctness exception; non-null unique key,backend/app/services/liquidity_cfp.py:77,unknown (empty or absent fixture),exact SQLite e2e fixture counts; whole-table statistics (not production or partial-predicate statistics)
current_financial_facts,current_financial_facts_pkey,id,121,121,1.000000,121,1.000000,True,False,keep,PK/uniqueness correctness exception; non-null unique key,backend/app/services/fact_derivation.py:794,0.008264,exact SQLite e2e fixture counts; whole-table statistics (not production or partial-predicate statistics)
current_financial_facts,ix_current_financial_facts_org_bank_group,"organization_id, bank_id, fact_group",121,1,0.008264,18,0.148760,False,False,drop,redundant complete leading keys in retained unique index,backend/app/services/fact_derivation.py:793,1.000000,exact SQLite e2e fixture counts; whole-table statistics (not production or partial-predicate statistics)
current_financial_facts,uq_current_financial_facts_bank_group_category,"organization_id, bank_id, fact_group, category",121,1,0.008264,121,1.000000,True,False,keep,PK/uniqueness correctness exception; non-null unique key,backend/app/services/fact_derivation.py:793,1.000000,exact SQLite e2e fixture counts; whole-table statistics (not production or partial-predicate statistics)
database_direct_connections,database_direct_connections_pkey,id,0,0,unknown (empty fixture),0,unknown (empty fixture),True,False,keep,PK/uniqueness correctness exception; non-null unique key,backend/app/services/database_direct_jobs.py:169,unknown (empty or absent fixture),exact SQLite e2e fixture counts; whole-table statistics (not production or partial-predicate statistics)
database_direct_connections,ix_database_direct_connections_org_bank,"organization_id, bank_id",0,0,unknown (empty fixture),0,unknown (empty fixture),False,False,drop,redundant complete leading keys in retained unique index,backend/app/services/database_direct_jobs.py:129,unknown (empty or absent fixture),exact SQLite e2e fixture counts; whole-table statistics (not production or partial-predicate statistics)
database_direct_connections,uq_database_direct_connections_id_org,"id, organization_id",0,0,unknown (empty fixture),0,unknown (empty fixture),True,False,keep,PK/uniqueness correctness exception; non-null unique key,backend/app/services/database_direct_jobs.py:129,unknown (empty or absent fixture),exact SQLite e2e fixture counts; whole-table statistics (not production or partial-predicate statistics)
database_direct_connections,uq_database_direct_connections_scope_name,"organization_id, bank_id, display_name",0,0,unknown (empty fixture),0,unknown (empty fixture),True,False,keep,PK/uniqueness correctness exception; non-null unique key,backend/app/services/database_direct_jobs.py:129,unknown (empty or absent fixture),exact SQLite e2e fixture counts; whole-table statistics (not production or partial-predicate statistics)
desk_curve_definitions,desk_curve_definitions_pkey,id,0,0,unknown (empty fixture),0,unknown (empty fixture),True,False,keep,PK/uniqueness correctness exception; non-null unique key,constraint/schema or migration-managed path; workload uncertainty retained,unknown (empty or absent fixture),exact SQLite e2e fixture counts; whole-table statistics (not production or partial-predicate statistics)
desk_curve_definitions,uq_desk_curve_definitions_code_version,"curve_code, version",0,0,unknown (empty fixture),0,unknown (empty fixture),True,False,keep,PK/uniqueness correctness exception; non-null unique key,backend/app/services/market_desk/curve_construction.py:873,unknown (empty or absent fixture),exact SQLite e2e fixture counts; whole-table statistics (not production or partial-predicate statistics)
desk_determinations,desk_determinations_pkey,id,0,0,unknown (empty fixture),0,unknown (empty fixture),True,False,keep,PK/uniqueness correctness exception; non-null unique key,backend/app/services/market_desk/publication.py:128,unknown (empty or absent fixture),exact SQLite e2e fixture counts; whole-table statistics (not production or partial-predicate statistics)
desk_determinations,ix_desk_determinations_cob_date,cob_date,0,0,unknown (empty fixture),0,unknown (empty fixture),False,False,keep,UUID/reference/hash/time locator; unbounded schema domain; unknown production cardinality is not evidence to remove,backend/app/services/market_data_sources.py:1100,unknown (empty or absent fixture),exact SQLite e2e fixture counts; whole-table statistics (not production or partial-predicate statistics)
desk_methodologies,desk_methodologies_pkey,id,1,1,1.000000,1,1.000000,True,False,keep,PK/uniqueness correctness exception; non-null unique key,constraint/schema or migration-managed path; workload uncertainty retained,1.000000,exact SQLite e2e fixture counts; whole-table statistics (not production or partial-predicate statistics)
desk_methodologies,uq_desk_methodologies_code_version,"methodology_code, version",1,1,1.000000,1,1.000000,True,False,keep,PK/uniqueness correctness exception; non-null unique key,backend/app/services/sdi_rating.py:145,1.000000,exact SQLite e2e fixture counts; whole-table statistics (not production or partial-predicate statistics)
desk_observations,desk_observations_pkey,id,0,0,unknown (empty fixture),0,unknown (empty fixture),True,False,keep,PK/uniqueness correctness exception; non-null unique key,backend/app/services/market_desk/observations.py:138,unknown (empty or absent fixture),exact SQLite e2e fixture counts; whole-table statistics (not production or partial-predicate statistics)
desk_observations,ix_desk_observations_series_as_of,"series_code, as_of_date",0,0,unknown (empty fixture),0,unknown (empty fixture),False,False,keep (composite exception),required dimension prefix followed by date/hash/scope; selective combined query keys,backend/app/services/market_desk/package.py:80,unknown (empty or absent fixture),exact SQLite e2e fixture counts; whole-table statistics (not production or partial-predicate statistics)
desk_observations,uq_desk_observations_current,"series_code, as_of_date",0,0,unknown (empty fixture),0,unknown (empty fixture),True,True,keep,PK/uniqueness correctness exception; non-null unique key,backend/app/services/market_desk/package.py:80,unknown (empty or absent fixture),exact SQLite e2e fixture counts; whole-table statistics (not production or partial-predicate statistics)
desk_operating_environment_assessments,desk_operating_environment_assessments_pkey,id,0,0,unknown (empty fixture),0,unknown (empty fixture),True,False,keep,PK/uniqueness correctness exception; non-null unique key,constraint/schema or migration-managed path; workload uncertainty retained,unknown (empty or absent fixture),exact SQLite e2e fixture counts; whole-table statistics (not production or partial-predicate statistics)
desk_operating_environment_assessments,ix_desk_operating_environment_assessments_jur_cob,"jurisdiction_code, cob_date",0,0,unknown (empty fixture),0,unknown (empty fixture),False,False,keep (composite exception),required dimension prefix followed by date/hash/scope; selective combined query keys,backend/app/services/market_desk/operating_environment.py:410,unknown (empty or absent fixture),exact SQLite e2e fixture counts; whole-table statistics (not production or partial-predicate statistics)
desk_publications,desk_publications_pkey,id,0,0,unknown (empty fixture),0,unknown (empty fixture),True,False,keep,PK/uniqueness correctness exception; non-null unique key,constraint/schema or migration-managed path; workload uncertainty retained,unknown (empty or absent fixture),exact SQLite e2e fixture counts; whole-table statistics (not production or partial-predicate statistics)
desk_publications,ix_desk_publications_determination_id,determination_id,0,0,unknown (empty fixture),0,unknown (empty fixture),False,False,keep,UUID/reference/hash/time locator; unbounded schema domain; unknown production cardinality is not evidence to remove,backend/app/services/market_desk/publication.py:309,unknown (empty or absent fixture),exact SQLite e2e fixture counts; whole-table statistics (not production or partial-predicate statistics)
desk_source_captures,desk_source_captures_pkey,id,0,0,unknown (empty fixture),0,unknown (empty fixture),True,False,keep,PK/uniqueness correctness exception; non-null unique key,backend/app/services/market_desk/capture_job.py:242,unknown (empty or absent fixture),exact SQLite e2e fixture counts; whole-table statistics (not production or partial-predicate statistics)
desk_source_captures,ix_desk_source_captures_source_key_as_of,"source_key, as_of_date",0,0,unknown (empty fixture),0,unknown (empty fixture),False,False,keep (composite exception),required dimension prefix followed by date/hash/scope; selective combined query keys,backend/app/services/market_desk/observations.py:176,unknown (empty or absent fixture),exact SQLite e2e fixture counts; whole-table statistics (not production or partial-predicate statistics)
desk_source_captures,ix_desk_source_captures_source_key_sha256,"source_key, content_sha256",0,0,unknown (empty fixture),0,unknown (empty fixture),False,False,keep (composite exception),required dimension prefix followed by date/hash/scope; selective combined query keys,backend/app/services/market_desk/observations.py:176,unknown (empty or absent fixture),exact SQLite e2e fixture counts; whole-table statistics (not production or partial-predicate statistics)
document_chunks,document_chunks_pkey,id,0,0,unknown (empty fixture),0,unknown (empty fixture),True,False,keep,PK/uniqueness correctness exception; non-null unique key,backend/app/services/findings.py:271,unknown (empty or absent fixture),exact SQLite e2e fixture counts; whole-table statistics (not production or partial-predicate statistics)
document_chunks,uq_document_chunks_document_id_chunk_index,"document_id, chunk_index",0,0,unknown (empty fixture),0,unknown (empty fixture),True,False,keep,PK/uniqueness correctness exception; non-null unique key,backend/app/services/documents.py:281,unknown (empty or absent fixture),exact SQLite e2e fixture counts; whole-table statistics (not production or partial-predicate statistics)
document_extractions,document_extractions_pkey,id,0,0,unknown (empty fixture),0,unknown (empty fixture),True,False,keep,PK/uniqueness correctness exception; non-null unique key,backend/app/services/scoring.py:280,unknown (empty or absent fixture),exact SQLite e2e fixture counts; whole-table statistics (not production or partial-predicate statistics)
documents,documents_pkey,id,0,0,unknown (empty fixture),0,unknown (empty fixture),True,False,keep,PK/uniqueness correctness exception; non-null unique key,backend/app/services/findings.py:264,unknown (empty or absent fixture),exact SQLite e2e fixture counts; whole-table statistics (not production or partial-predicate statistics)
documents,ix_documents_organization_id_case_id,"organization_id, case_id",0,0,unknown (empty fixture),0,unknown (empty fixture),False,False,keep,required tenant locator; unbounded platform-ID domain; one-bank fixture is not production tenant cardinality,backend/app/services/findings.py:265,unknown (empty or absent fixture),exact SQLite e2e fixture counts; whole-table statistics (not production or partial-predicate statistics)
documents,ix_documents_organization_id_parse_status,"organization_id, parse_status",0,0,unknown (empty fixture),0,unknown (empty fixture),False,False,keep,required tenant locator; unbounded platform-ID domain; one-bank fixture is not production tenant cardinality,backend/app/services/findings.py:265,unknown (empty or absent fixture),exact SQLite e2e fixture counts; whole-table statistics (not production or partial-predicate statistics)
documents,ix_documents_organization_id_status,"organization_id, status",0,0,unknown (empty fixture),0,unknown (empty fixture),False,False,keep,required tenant locator; unbounded platform-ID domain; one-bank fixture is not production tenant cardinality,backend/app/services/findings.py:265,unknown (empty or absent fixture),exact SQLite e2e fixture counts; whole-table statistics (not production or partial-predicate statistics)
documents,uq_documents_id_organization_id_case_id,"id, organization_id, case_id",0,0,unknown (empty fixture),0,unknown (empty fixture),True,False,keep,PK/uniqueness correctness exception; non-null unique key,backend/app/services/findings.py:264,unknown (empty or absent fixture),exact SQLite e2e fixture counts; whole-table statistics (not production or partial-predicate statistics)
enterprise_stress_signoffs,enterprise_stress_signoffs_pkey,id,0,0,unknown (empty fixture),0,unknown (empty fixture),True,False,keep,PK/uniqueness correctness exception; non-null unique key,backend/app/services/enterprise_stress_signoff.py:66,unknown (empty or absent fixture),exact SQLite e2e fixture counts; whole-table statistics (not production or partial-predicate statistics)
enterprise_stress_signoffs,ix_enterprise_stress_signoffs_scope,"organization_id, bank_id, reporting_period_id, status",0,0,unknown (empty fixture),0,unknown (empty fixture),False,False,keep,required tenant locator; unbounded platform-ID domain; one-bank fixture is not production tenant cardinality,backend/app/services/enterprise_stress_signoff.py:67,unknown (empty or absent fixture),exact SQLite e2e fixture counts; whole-table statistics (not production or partial-predicate statistics)
enterprise_stress_signoffs,uq_enterprise_stress_signoffs_run,"organization_id, run_id",0,0,unknown (empty fixture),0,unknown (empty fixture),True,False,keep,PK/uniqueness correctness exception; non-null unique key,backend/app/services/enterprise_stress_signoff.py:67,unknown (empty or absent fixture),exact SQLite e2e fixture counts; whole-table statistics (not production or partial-predicate statistics)
filing_workflow_templates,filing_workflow_templates_pkey,id,0,0,unknown (empty fixture),0,unknown (empty fixture),True,False,keep,PK/uniqueness correctness exception; non-null unique key,backend/app/services/filing_workflow/templates.py:106,unknown (empty or absent fixture),exact SQLite e2e fixture counts; whole-table statistics (not production or partial-predicate statistics)
filing_workflow_templates,uq_filing_workflow_templates_active,"organization_id, bank_id",0,0,unknown (empty fixture),0,unknown (empty fixture),True,True,keep,PK/uniqueness correctness exception; non-null unique key,backend/app/services/filing_workflow/templates.py:82,unknown (empty or absent fixture),exact SQLite e2e fixture counts; whole-table statistics (not production or partial-predicate statistics)
filing_workflow_templates,uq_filing_workflow_templates_id_org,"id, organization_id",0,0,unknown (empty fixture),0,unknown (empty fixture),True,False,keep,PK/uniqueness correctness exception; non-null unique key,backend/app/services/filing_workflow/templates.py:82,unknown (empty or absent fixture),exact SQLite e2e fixture counts; whole-table statistics (not production or partial-predicate statistics)
filing_workflow_templates,uq_filing_workflow_templates_version,"organization_id, bank_id, version",0,0,unknown (empty fixture),0,unknown (empty fixture),True,False,keep,PK/uniqueness correctness exception; non-null unique key,backend/app/services/filing_workflow/templates.py:82,unknown (empty or absent fixture),exact SQLite e2e fixture counts; whole-table statistics (not production or partial-predicate statistics)
financial_accounts,financial_accounts_pkey,id,0,0,unknown (empty fixture),0,unknown (empty fixture),True,False,keep,PK/uniqueness correctness exception; non-null unique key,constraint/schema or migration-managed path; workload uncertainty retained,unknown (empty or absent fixture),exact SQLite e2e fixture counts; whole-table statistics (not production or partial-predicate statistics)
financial_accounts,ix_financial_accounts_case_id,case_id,0,0,unknown (empty fixture),0,unknown (empty fixture),False,False,keep,UUID/reference/hash/time locator; unbounded schema domain; unknown production cardinality is not evidence to remove,constraint/schema or migration-managed path; workload uncertainty retained,unknown (empty or absent fixture),exact SQLite e2e fixture counts; whole-table statistics (not production or partial-predicate statistics)
financial_accounts,uq_financial_accounts_dedupe_key,"dedupe_key, organization_id, case_id",0,0,unknown (empty fixture),0,unknown (empty fixture),True,False,keep,PK/uniqueness correctness exception; non-null unique key,constraint/schema or migration-managed path; workload uncertainty retained,unknown (empty or absent fixture),exact SQLite e2e fixture counts; whole-table statistics (not production or partial-predicate statistics)
financial_accounts,uq_financial_accounts_id_organization_id_case_id,"id, organization_id, case_id",0,0,unknown (empty fixture),0,unknown (empty fixture),True,False,keep,PK/uniqueness correctness exception; non-null unique key,constraint/schema or migration-managed path; workload uncertainty retained,unknown (empty or absent fixture),exact SQLite e2e fixture counts; whole-table statistics (not production or partial-predicate statistics)
financial_balances,financial_balances_pkey,id,0,0,unknown (empty fixture),0,unknown (empty fixture),True,False,keep,PK/uniqueness correctness exception; non-null unique key,backend/app/services/financial_mapping/links.py:56,unknown (empty or absent fixture),exact SQLite e2e fixture counts; whole-table statistics (not production or partial-predicate statistics)
financial_balances,ix_financial_balances_case_id,case_id,0,0,unknown (empty fixture),0,unknown (empty fixture),False,False,keep,UUID/reference/hash/time locator; unbounded schema domain; unknown production cardinality is not evidence to remove,backend/app/services/calculations.py:542,unknown (empty or absent fixture),exact SQLite e2e fixture counts; whole-table statistics (not production or partial-predicate statistics)
financial_balances,uq_financial_balances_dedupe_key,"dedupe_key, organization_id, case_id",0,0,unknown (empty fixture),0,unknown (empty fixture),True,False,keep,PK/uniqueness correctness exception; non-null unique key,backend/app/services/calculations.py:541,unknown (empty or absent fixture),exact SQLite e2e fixture counts; whole-table statistics (not production or partial-predicate statistics)
financial_balances,uq_financial_balances_id_organization_id_case_id,"id, organization_id, case_id",0,0,unknown (empty fixture),0,unknown (empty fixture),True,False,keep,PK/uniqueness correctness exception; non-null unique key,backend/app/services/calculations.py:541,unknown (empty or absent fixture),exact SQLite e2e fixture counts; whole-table statistics (not production or partial-predicate statistics)
financial_cash_flows,financial_cash_flows_pkey,id,0,0,unknown (empty fixture),0,unknown (empty fixture),True,False,keep,PK/uniqueness correctness exception; non-null unique key,backend/app/services/financial_mapping/links.py:64,unknown (empty or absent fixture),exact SQLite e2e fixture counts; whole-table statistics (not production or partial-predicate statistics)
financial_cash_flows,ix_financial_cash_flows_case_id,case_id,0,0,unknown (empty fixture),0,unknown (empty fixture),False,False,keep,UUID/reference/hash/time locator; unbounded schema domain; unknown production cardinality is not evidence to remove,backend/app/services/calculations.py:558,unknown (empty or absent fixture),exact SQLite e2e fixture counts; whole-table statistics (not production or partial-predicate statistics)
financial_cash_flows,uq_financial_cash_flows_dedupe_key,"dedupe_key, organization_id, case_id",0,0,unknown (empty fixture),0,unknown (empty fixture),True,False,keep,PK/uniqueness correctness exception; non-null unique key,backend/app/services/calculations.py:557,unknown (empty or absent fixture),exact SQLite e2e fixture counts; whole-table statistics (not production or partial-predicate statistics)
financial_covenants,financial_covenants_pkey,id,0,0,unknown (empty fixture),0,unknown (empty fixture),True,False,keep,PK/uniqueness correctness exception; non-null unique key,backend/app/services/financial_covenants.py:100,unknown (empty or absent fixture),exact SQLite e2e fixture counts; whole-table statistics (not production or partial-predicate statistics)
financial_covenants,ix_financial_covenants_case_id,case_id,0,0,unknown (empty fixture),0,unknown (empty fixture),False,False,keep,UUID/reference/hash/time locator; unbounded schema domain; unknown production cardinality is not evidence to remove,backend/app/services/financial_covenants.py:102,unknown (empty or absent fixture),exact SQLite e2e fixture counts; whole-table statistics (not production or partial-predicate statistics)
financial_covenants,ix_financial_covenants_obligation_id,obligation_id,0,0,unknown (empty fixture),0,unknown (empty fixture),False,False,keep,UUID/reference/hash/time locator; unbounded schema domain; unknown production cardinality is not evidence to remove,constraint/schema or migration-managed path; workload uncertainty retained,unknown (empty or absent fixture),exact SQLite e2e fixture counts; whole-table statistics (not production or partial-predicate statistics)
financial_covenants,uq_financial_covenants_dedupe_key,"dedupe_key, organization_id, case_id",0,0,unknown (empty fixture),0,unknown (empty fixture),True,False,keep,PK/uniqueness correctness exception; non-null unique key,backend/app/services/financial_covenants.py:101,unknown (empty or absent fixture),exact SQLite e2e fixture counts; whole-table statistics (not production or partial-predicate statistics)
financial_covenants,uq_financial_covenants_id_organization_id_case_id,"id, organization_id, case_id",0,0,unknown (empty fixture),0,unknown (empty fixture),True,False,keep,PK/uniqueness correctness exception; non-null unique key,backend/app/services/financial_covenants.py:100,unknown (empty or absent fixture),exact SQLite e2e fixture counts; whole-table statistics (not production or partial-predicate statistics)
financial_institutions,financial_institutions_pkey,id,0,0,unknown (empty fixture),0,unknown (empty fixture),True,False,keep,PK/uniqueness correctness exception; non-null unique key,constraint/schema or migration-managed path; workload uncertainty retained,unknown (empty or absent fixture),exact SQLite e2e fixture counts; whole-table statistics (not production or partial-predicate statistics)
financial_institutions,ix_financial_institutions_case_id,case_id,0,0,unknown (empty fixture),0,unknown (empty fixture),False,False,keep,UUID/reference/hash/time locator; unbounded schema domain; unknown production cardinality is not evidence to remove,constraint/schema or migration-managed path; workload uncertainty retained,unknown (empty or absent fixture),exact SQLite e2e fixture counts; whole-table statistics (not production or partial-predicate statistics)
financial_institutions,uq_financial_institutions_dedupe_key,"dedupe_key, organization_id, case_id",0,0,unknown (empty fixture),0,unknown (empty fixture),True,False,keep,PK/uniqueness correctness exception; non-null unique key,constraint/schema or migration-managed path; workload uncertainty retained,unknown (empty or absent fixture),exact SQLite e2e fixture counts; whole-table statistics (not production or partial-predicate statistics)
financial_institutions,uq_financial_institutions_id_organization_id_case_id,"id, organization_id, case_id",0,0,unknown (empty fixture),0,unknown (empty fixture),True,False,keep,PK/uniqueness correctness exception; non-null unique key,constraint/schema or migration-managed path; workload uncertainty retained,unknown (empty or absent fixture),exact SQLite e2e fixture counts; whole-table statistics (not production or partial-predicate statistics)
financial_manual_edit_history,financial_manual_edit_history_pkey,id,0,0,unknown (empty fixture),0,unknown (empty fixture),True,False,keep,PK/uniqueness correctness exception; non-null unique key,constraint/schema or migration-managed path; workload uncertainty retained,unknown (empty or absent fixture),exact SQLite e2e fixture counts; whole-table statistics (not production or partial-predicate statistics)
financial_manual_edit_history,ix_financial_manual_edit_history_case_id,case_id,0,0,unknown (empty fixture),0,unknown (empty fixture),False,False,keep,UUID/reference/hash/time locator; unbounded schema domain; unknown production cardinality is not evidence to remove,constraint/schema or migration-managed path; workload uncertainty retained,unknown (empty or absent fixture),exact SQLite e2e fixture counts; whole-table statistics (not production or partial-predicate statistics)
financial_obligations,financial_obligations_pkey,id,0,0,unknown (empty fixture),0,unknown (empty fixture),True,False,keep,PK/uniqueness correctness exception; non-null unique key,backend/app/services/financial_mapping/links.py:72,unknown (empty or absent fixture),exact SQLite e2e fixture counts; whole-table statistics (not production or partial-predicate statistics)
financial_obligations,ix_financial_obligations_case_id,case_id,0,0,unknown (empty fixture),0,unknown (empty fixture),False,False,keep,UUID/reference/hash/time locator; unbounded schema domain; unknown production cardinality is not evidence to remove,backend/app/services/calculations.py:568,unknown (empty or absent fixture),exact SQLite e2e fixture counts; whole-table statistics (not production or partial-predicate statistics)
financial_obligations,uq_financial_obligations_dedupe_key,"dedupe_key, organization_id, case_id",0,0,unknown (empty fixture),0,unknown (empty fixture),True,False,keep,PK/uniqueness correctness exception; non-null unique key,backend/app/services/calculations.py:567,unknown (empty or absent fixture),exact SQLite e2e fixture counts; whole-table statistics (not production or partial-predicate statistics)
financial_obligations,uq_financial_obligations_id_organization_id_case_id,"id, organization_id, case_id",0,0,unknown (empty fixture),0,unknown (empty fixture),True,False,keep,PK/uniqueness correctness exception; non-null unique key,backend/app/services/calculations.py:567,unknown (empty or absent fixture),exact SQLite e2e fixture counts; whole-table statistics (not production or partial-predicate statistics)
financial_record_source_links,financial_record_source_links_pkey,id,0,0,unknown (empty fixture),0,unknown (empty fixture),True,False,keep,PK/uniqueness correctness exception; non-null unique key,constraint/schema or migration-managed path; workload uncertainty retained,unknown (empty or absent fixture),exact SQLite e2e fixture counts; whole-table statistics (not production or partial-predicate statistics)
financial_record_source_links,ix_financial_record_source_links_case_id,case_id,0,0,unknown (empty fixture),0,unknown (empty fixture),False,False,keep,UUID/reference/hash/time locator; unbounded schema domain; unknown production cardinality is not evidence to remove,backend/app/services/financial_mapping/links.py:46,unknown (empty or absent fixture),exact SQLite e2e fixture counts; whole-table statistics (not production or partial-predicate statistics)
financial_record_source_links,uq_financial_record_source_links_field,"source_row_id, record_id, record_table, field_name, source_field",0,0,unknown (empty fixture),0,unknown (empty fixture),True,False,keep,PK/uniqueness correctness exception; non-null unique key,backend/app/services/financial_mapping/links.py:47,unknown (empty or absent fixture),exact SQLite e2e fixture counts; whole-table statistics (not production or partial-predicate statistics)
financial_reporting_periods,financial_reporting_periods_pkey,id,0,0,unknown (empty fixture),0,unknown (empty fixture),True,False,keep,PK/uniqueness correctness exception; non-null unique key,constraint/schema or migration-managed path; workload uncertainty retained,unknown (empty or absent fixture),exact SQLite e2e fixture counts; whole-table statistics (not production or partial-predicate statistics)
financial_reporting_periods,ix_financial_reporting_periods_case_id,case_id,0,0,unknown (empty fixture),0,unknown (empty fixture),False,False,keep,UUID/reference/hash/time locator; unbounded schema domain; unknown production cardinality is not evidence to remove,backend/app/services/calculations.py:531,unknown (empty or absent fixture),exact SQLite e2e fixture counts; whole-table statistics (not production or partial-predicate statistics)
financial_reporting_periods,uq_financial_reporting_periods_dedupe_key,"dedupe_key, organization_id, case_id",0,0,unknown (empty fixture),0,unknown (empty fixture),True,False,keep,PK/uniqueness correctness exception; non-null unique key,backend/app/services/calculations.py:530,unknown (empty or absent fixture),exact SQLite e2e fixture counts; whole-table statistics (not production or partial-predicate statistics)
financial_reporting_periods,uq_financial_reporting_periods_id_organization_id_case_id,"id, organization_id, case_id",0,0,unknown (empty fixture),0,unknown (empty fixture),True,False,keep,PK/uniqueness correctness exception; non-null unique key,backend/app/services/calculations.py:530,unknown (empty or absent fixture),exact SQLite e2e fixture counts; whole-table statistics (not production or partial-predicate statistics)
financial_source_rows,financial_source_rows_pkey,id,0,0,unknown (empty fixture),0,unknown (empty fixture),True,False,keep,PK/uniqueness correctness exception; non-null unique key,constraint/schema or migration-managed path; workload uncertainty retained,unknown (empty or absent fixture),exact SQLite e2e fixture counts; whole-table statistics (not production or partial-predicate statistics)
financial_source_rows,ix_financial_source_rows_case_id,case_id,0,0,unknown (empty fixture),0,unknown (empty fixture),False,False,keep,UUID/reference/hash/time locator; unbounded schema domain; unknown production cardinality is not evidence to remove,backend/app/services/financial_mapping/upserts.py:141,unknown (empty or absent fixture),exact SQLite e2e fixture counts; whole-table statistics (not production or partial-predicate statistics)
financial_source_rows,uq_financial_source_rows_extraction_row,"document_extraction_id, row_index",0,0,unknown (empty fixture),0,unknown (empty fixture),True,False,keep,PK/uniqueness correctness exception; non-null unique key,backend/app/services/financial_mapping/upserts.py:142,unknown (empty or absent fixture),exact SQLite e2e fixture counts; whole-table statistics (not production or partial-predicate statistics)
financial_source_rows,uq_financial_source_rows_id_organization_id_case_id,"id, organization_id, case_id",0,0,unknown (empty fixture),0,unknown (empty fixture),True,False,keep,PK/uniqueness correctness exception; non-null unique key,backend/app/services/financial_mapping/upserts.py:140,unknown (empty or absent fixture),exact SQLite e2e fixture counts; whole-table statistics (not production or partial-predicate statistics)
financial_validation_issues,financial_validation_issues_pkey,id,0,0,unknown (empty fixture),0,unknown (empty fixture),True,False,keep,PK/uniqueness correctness exception; non-null unique key,backend/app/services/financial_cash_flows.py:287,unknown (empty or absent fixture),exact SQLite e2e fixture counts; whole-table statistics (not production or partial-predicate statistics)
financial_validation_issues,uq_financial_validation_issues_current_natural_key,"organization_id, case_id, record_table, record_id, rule_id, field_name",0,0,unknown (empty fixture),0,unknown (empty fixture),True,False,keep,PK/uniqueness correctness exception; non-null unique key,backend/app/services/financial_cash_flows.py:284,unknown (empty or absent fixture),exact SQLite e2e fixture counts; whole-table statistics (not production or partial-predicate statistics)
forecast_assumption_versions,ix_fav_bank_status_effective,"organization_id, bank_id, status, effective_from",1,1,1.000000,1,1.000000,False,False,keep,required tenant locator; unbounded platform-ID domain; one-bank fixture is not production tenant cardinality,backend/app/forecasting/service.py:116,1.000000,exact SQLite e2e fixture counts; whole-table statistics (not production or partial-predicate statistics)
forecast_assumption_versions,pk_forecast_assumption_versions,id,1,1,1.000000,1,1.000000,True,False,keep,PK/uniqueness correctness exception; non-null unique key,backend/app/forecasting/service.py:117,1.000000,exact SQLite e2e fixture counts; whole-table statistics (not production or partial-predicate statistics)
forecast_assumption_versions,uq_fav_one_open_per_bank,"organization_id, bank_id",1,1,1.000000,1,1.000000,True,True,keep,PK/uniqueness correctness exception; non-null unique key,backend/app/forecasting/service.py:116,1.000000,exact SQLite e2e fixture counts; whole-table statistics (not production or partial-predicate statistics)
forecast_assumption_versions,uq_fav_version_number,"organization_id, bank_id, version_number",1,1,1.000000,1,1.000000,True,False,keep,PK/uniqueness correctness exception; non-null unique key,backend/app/forecasting/service.py:116,1.000000,exact SQLite e2e fixture counts; whole-table statistics (not production or partial-predicate statistics)
icaap_ai_suggestion_decisions,icaap_ai_suggestion_decisions_pkey,id,0,0,unknown (empty fixture),0,unknown (empty fixture),True,False,keep,PK/uniqueness correctness exception; non-null unique key,backend/app/services/icaap/ai_provenance.py:53,unknown (empty or absent fixture),exact SQLite e2e fixture counts; whole-table statistics (not production or partial-predicate statistics)
icaap_ai_suggestion_decisions,ix_icaap_ai_decisions_org_cycle,"organization_id, cycle_id",0,0,unknown (empty fixture),0,unknown (empty fixture),False,False,keep,required tenant locator; unbounded platform-ID domain; one-bank fixture is not production tenant cardinality,backend/app/services/icaap/ai_drafting.py:347,unknown (empty or absent fixture),exact SQLite e2e fixture counts; whole-table statistics (not production or partial-predicate statistics)
icaap_ai_suggestion_decisions,uq_icaap_ai_suggestion_decisions_one,suggestion_id,0,0,unknown (empty fixture),0,unknown (empty fixture),True,False,keep,PK/uniqueness correctness exception; non-null unique key,backend/app/services/icaap/ai_provenance.py:53,unknown (empty or absent fixture),exact SQLite e2e fixture counts; whole-table statistics (not production or partial-predicate statistics)
icaap_ai_suggestions,icaap_ai_suggestions_pkey,id,0,0,unknown (empty fixture),0,unknown (empty fixture),True,False,keep,PK/uniqueness correctness exception; non-null unique key,backend/app/services/icaap/ai_provenance.py:53,unknown (empty or absent fixture),exact SQLite e2e fixture counts; whole-table statistics (not production or partial-predicate statistics)
icaap_ai_suggestions,ix_icaap_ai_suggestions_org_created,"organization_id, created_at",0,0,unknown (empty fixture),0,unknown (empty fixture),False,False,keep,required tenant locator; unbounded platform-ID domain; one-bank fixture is not production tenant cardinality,backend/app/services/icaap/ai_provenance.py:56,unknown (empty or absent fixture),exact SQLite e2e fixture counts; whole-table statistics (not production or partial-predicate statistics)
icaap_ai_suggestions,ix_icaap_ai_suggestions_requester,"organization_id, requested_by, created_at",0,0,unknown (empty fixture),0,unknown (empty fixture),False,False,keep,required tenant locator; unbounded platform-ID domain; one-bank fixture is not production tenant cardinality,backend/app/services/icaap/ai_provenance.py:56,unknown (empty or absent fixture),exact SQLite e2e fixture counts; whole-table statistics (not production or partial-predicate statistics)
icaap_ai_suggestions,ix_icaap_ai_suggestions_section,"organization_id, cycle_id, section_key, created_at",0,0,unknown (empty fixture),0,unknown (empty fixture),False,False,keep,required tenant locator; unbounded platform-ID domain; one-bank fixture is not production tenant cardinality,backend/app/services/icaap/ai_provenance.py:56,unknown (empty or absent fixture),exact SQLite e2e fixture counts; whole-table statistics (not production or partial-predicate statistics)
icaap_ai_suggestions,uq_icaap_ai_suggestions_id_org,"id, organization_id",0,0,unknown (empty fixture),0,unknown (empty fixture),True,False,keep,PK/uniqueness correctness exception; non-null unique key,backend/app/services/icaap/ai_provenance.py:53,unknown (empty or absent fixture),exact SQLite e2e fixture counts; whole-table statistics (not production or partial-predicate statistics)
icaap_ai_suggestions,uq_icaap_ai_suggestions_inflight,"section_id, requested_by",0,0,unknown (empty fixture),0,unknown (empty fixture),True,True,keep,PK/uniqueness correctness exception; non-null unique key,backend/app/services/icaap/ai_drafting.py:87,unknown (empty or absent fixture),exact SQLite e2e fixture counts; whole-table statistics (not production or partial-predicate statistics)
icaap_appetite_metrics,icaap_appetite_metrics_pkey,id,0,0,unknown (empty fixture),0,unknown (empty fixture),True,False,keep,PK/uniqueness correctness exception; non-null unique key,backend/app/services/icaap/appetite.py:90,unknown (empty or absent fixture),exact SQLite e2e fixture counts; whole-table statistics (not production or partial-predicate statistics)
icaap_appetite_metrics,ix_icaap_appetite_metrics_org_cycle,"organization_id, cycle_id",0,0,unknown (empty fixture),0,unknown (empty fixture),False,False,keep,required tenant locator; unbounded platform-ID domain; one-bank fixture is not production tenant cardinality,backend/app/services/icaap/appetite.py:89,unknown (empty or absent fixture),exact SQLite e2e fixture counts; whole-table statistics (not production or partial-predicate statistics)
icaap_appetite_metrics,uq_icaap_appetite_metrics_active,"cycle_id, metric_key",0,0,unknown (empty fixture),0,unknown (empty fixture),True,True,keep,PK/uniqueness correctness exception; non-null unique key,backend/app/services/icaap/appetite.py:90,unknown (empty or absent fixture),exact SQLite e2e fixture counts; whole-table statistics (not production or partial-predicate statistics)
icaap_appetite_metrics,uq_icaap_appetite_metrics_id_org,"id, organization_id",0,0,unknown (empty fixture),0,unknown (empty fixture),True,False,keep,PK/uniqueness correctness exception; non-null unique key,backend/app/services/icaap/appetite.py:89,unknown (empty or absent fixture),exact SQLite e2e fixture counts; whole-table statistics (not production or partial-predicate statistics)
icaap_attachment_withdrawals,icaap_attachment_withdrawals_pkey,id,0,0,unknown (empty fixture),0,unknown (empty fixture),True,False,keep,PK/uniqueness correctness exception; non-null unique key,backend/app/services/icaap/attachments.py:71,unknown (empty or absent fixture),exact SQLite e2e fixture counts; whole-table statistics (not production or partial-predicate statistics)
icaap_attachment_withdrawals,uq_icaap_attachment_withdrawals_attachment,attachment_id,0,0,unknown (empty fixture),0,unknown (empty fixture),True,False,keep,PK/uniqueness correctness exception; non-null unique key,constraint/schema or migration-managed path; workload uncertainty retained,unknown (empty or absent fixture),exact SQLite e2e fixture counts; whole-table statistics (not production or partial-predicate statistics)
icaap_attachment_withdrawals,uq_icaap_attachment_withdrawals_id_org,"id, organization_id",0,0,unknown (empty fixture),0,unknown (empty fixture),True,False,keep,PK/uniqueness correctness exception; non-null unique key,backend/app/services/regulatory_reporting/attachments.py:534,unknown (empty or absent fixture),exact SQLite e2e fixture counts; whole-table statistics (not production or partial-predicate statistics)
icaap_attachments,icaap_attachments_pkey,id,0,0,unknown (empty fixture),0,unknown (empty fixture),True,False,keep,PK/uniqueness correctness exception; non-null unique key,backend/app/services/icaap/reconciliation.py:586,unknown (empty or absent fixture),exact SQLite e2e fixture counts; whole-table statistics (not production or partial-predicate statistics)
icaap_attachments,ix_icaap_attachments_org_cycle_kind,"organization_id, cycle_id, kind",0,0,unknown (empty fixture),0,unknown (empty fixture),False,False,keep,required tenant locator; unbounded platform-ID domain; one-bank fixture is not production tenant cardinality,backend/app/services/regulatory_reporting/attachments.py:544,unknown (empty or absent fixture),exact SQLite e2e fixture counts; whole-table statistics (not production or partial-predicate statistics)
icaap_attachments,uq_icaap_attachments_id_org,"id, organization_id",0,0,unknown (empty fixture),0,unknown (empty fixture),True,False,keep,PK/uniqueness correctness exception; non-null unique key,backend/app/services/regulatory_reporting/attachments.py:544,unknown (empty or absent fixture),exact SQLite e2e fixture counts; whole-table statistics (not production or partial-predicate statistics)
icaap_audit_reviews,icaap_audit_reviews_pkey,id,0,0,unknown (empty fixture),0,unknown (empty fixture),True,False,keep,PK/uniqueness correctness exception; non-null unique key,backend/app/services/icaap/audit_reviews.py:57,unknown (empty or absent fixture),exact SQLite e2e fixture counts; whole-table statistics (not production or partial-predicate statistics)
icaap_audit_reviews,ix_icaap_audit_reviews_org_cycle,"organization_id, cycle_id",0,0,unknown (empty fixture),0,unknown (empty fixture),False,False,keep,required tenant locator; unbounded platform-ID domain; one-bank fixture is not production tenant cardinality,backend/app/services/icaap/audit_reviews.py:56,unknown (empty or absent fixture),exact SQLite e2e fixture counts; whole-table statistics (not production or partial-predicate statistics)
icaap_audit_reviews,uq_icaap_audit_reviews_id_org,"id, organization_id",0,0,unknown (empty fixture),0,unknown (empty fixture),True,False,keep,PK/uniqueness correctness exception; non-null unique key,backend/app/services/icaap/audit_reviews.py:56,unknown (empty or absent fixture),exact SQLite e2e fixture counts; whole-table statistics (not production or partial-predicate statistics)
icaap_block_bindings,icaap_block_bindings_pkey,id,0,0,unknown (empty fixture),0,unknown (empty fixture),True,False,keep,PK/uniqueness correctness exception; non-null unique key,backend/app/services/icaap/ai_fact_sheet.py:420,unknown (empty or absent fixture),exact SQLite e2e fixture counts; whole-table statistics (not production or partial-predicate statistics)
icaap_block_bindings,ix_icaap_block_bindings_org_cycle,"organization_id, cycle_id",0,0,unknown (empty fixture),0,unknown (empty fixture),False,False,keep,required tenant locator; unbounded platform-ID domain; one-bank fixture is not production tenant cardinality,backend/app/services/icaap/ai_fact_sheet.py:419,unknown (empty or absent fixture),exact SQLite e2e fixture counts; whole-table statistics (not production or partial-predicate statistics)
icaap_block_bindings,uq_icaap_block_bindings_id_org,"id, organization_id",0,0,unknown (empty fixture),0,unknown (empty fixture),True,False,keep,PK/uniqueness correctness exception; non-null unique key,backend/app/services/icaap/ai_fact_sheet.py:419,unknown (empty or absent fixture),exact SQLite e2e fixture counts; whole-table statistics (not production or partial-predicate statistics)
icaap_block_bindings,uq_icaap_block_bindings_seq,"block_id, seq",0,0,unknown (empty fixture),0,unknown (empty fixture),True,False,keep,PK/uniqueness correctness exception; non-null unique key,backend/app/services/icaap/ai_fact_sheet.py:422,unknown (empty or absent fixture),exact SQLite e2e fixture counts; whole-table statistics (not production or partial-predicate statistics)
icaap_capital_allocations,icaap_capital_allocations_pkey,id,0,0,unknown (empty fixture),0,unknown (empty fixture),True,False,keep,PK/uniqueness correctness exception; non-null unique key,backend/app/services/icaap/allocation.py:46,unknown (empty or absent fixture),exact SQLite e2e fixture counts; whole-table statistics (not production or partial-predicate statistics)
icaap_capital_allocations,ix_icaap_capital_allocations_org_cycle,"organization_id, cycle_id",0,0,unknown (empty fixture),0,unknown (empty fixture),False,False,keep,required tenant locator; unbounded platform-ID domain; one-bank fixture is not production tenant cardinality,backend/app/services/icaap/allocation.py:45,unknown (empty or absent fixture),exact SQLite e2e fixture counts; whole-table statistics (not production or partial-predicate statistics)
icaap_capital_allocations,uq_icaap_capital_allocations_id_org,"id, organization_id",0,0,unknown (empty fixture),0,unknown (empty fixture),True,False,keep,PK/uniqueness correctness exception; non-null unique key,backend/app/services/icaap/allocation.py:45,unknown (empty or absent fixture),exact SQLite e2e fixture counts; whole-table statistics (not production or partial-predicate statistics)
icaap_capital_allocations,uq_icaap_capital_allocations_unit_line,"cycle_id, unit_key, risk_line_key",0,0,unknown (empty fixture),0,unknown (empty fixture),True,False,keep,PK/uniqueness correctness exception; non-null unique key,backend/app/services/icaap/allocation.py:46,unknown (empty or absent fixture),exact SQLite e2e fixture counts; whole-table statistics (not production or partial-predicate statistics)
icaap_challenge_responses,icaap_challenge_responses_pkey,id,0,0,unknown (empty fixture),0,unknown (empty fixture),True,False,keep,PK/uniqueness correctness exception; non-null unique key,backend/app/services/icaap/challenges.py:62,unknown (empty or absent fixture),exact SQLite e2e fixture counts; whole-table statistics (not production or partial-predicate statistics)
icaap_challenge_responses,ix_icaap_challenge_responses_org_cycle,"organization_id, cycle_id",0,0,unknown (empty fixture),0,unknown (empty fixture),False,False,keep,required tenant locator; unbounded platform-ID domain; one-bank fixture is not production tenant cardinality,backend/app/services/icaap/challenges.py:61,unknown (empty or absent fixture),exact SQLite e2e fixture counts; whole-table statistics (not production or partial-predicate statistics)
icaap_challenge_responses,uq_icaap_challenge_responses_id_org,"id, organization_id",0,0,unknown (empty fixture),0,unknown (empty fixture),True,False,keep,PK/uniqueness correctness exception; non-null unique key,backend/app/services/icaap/challenges.py:61,unknown (empty or absent fixture),exact SQLite e2e fixture counts; whole-table statistics (not production or partial-predicate statistics)
icaap_challenge_responses,uq_icaap_challenge_responses_no,"challenge_id, response_no",0,0,unknown (empty fixture),0,unknown (empty fixture),True,False,keep,PK/uniqueness correctness exception; non-null unique key,backend/app/services/icaap/challenges.py:64,unknown (empty or absent fixture),exact SQLite e2e fixture counts; whole-table statistics (not production or partial-predicate statistics)
icaap_challenges,icaap_challenges_pkey,id,0,0,unknown (empty fixture),0,unknown (empty fixture),True,False,keep,PK/uniqueness correctness exception; non-null unique key,backend/app/services/icaap/challenges.py:47,unknown (empty or absent fixture),exact SQLite e2e fixture counts; whole-table statistics (not production or partial-predicate statistics)
icaap_challenges,ix_icaap_challenges_org_cycle,"organization_id, cycle_id",0,0,unknown (empty fixture),0,unknown (empty fixture),False,False,keep,required tenant locator; unbounded platform-ID domain; one-bank fixture is not production tenant cardinality,backend/app/services/icaap/challenges.py:46,unknown (empty or absent fixture),exact SQLite e2e fixture counts; whole-table statistics (not production or partial-predicate statistics)
icaap_challenges,uq_icaap_challenges_id_org,"id, organization_id",0,0,unknown (empty fixture),0,unknown (empty fixture),True,False,keep,PK/uniqueness correctness exception; non-null unique key,backend/app/services/icaap/challenges.py:46,unknown (empty or absent fixture),exact SQLite e2e fixture counts; whole-table statistics (not production or partial-predicate statistics)
icaap_challenges,uq_icaap_challenges_no,"cycle_id, challenge_no",0,0,unknown (empty fixture),0,unknown (empty fixture),True,False,keep,PK/uniqueness correctness exception; non-null unique key,backend/app/services/icaap/challenges.py:47,unknown (empty or absent fixture),exact SQLite e2e fixture counts; whole-table statistics (not production or partial-predicate statistics)
icaap_control_explanations,icaap_control_explanations_pkey,id,0,0,unknown (empty fixture),0,unknown (empty fixture),True,False,keep,PK/uniqueness correctness exception; non-null unique key,backend/app/services/icaap/p2_state.py:107,unknown (empty or absent fixture),exact SQLite e2e fixture counts; whole-table statistics (not production or partial-predicate statistics)
icaap_control_explanations,ix_icaap_control_explanations_org_cycle,"organization_id, cycle_id",0,0,unknown (empty fixture),0,unknown (empty fixture),False,False,keep,required tenant locator; unbounded platform-ID domain; one-bank fixture is not production tenant cardinality,backend/app/services/icaap/p2_state.py:106,unknown (empty or absent fixture),exact SQLite e2e fixture counts; whole-table statistics (not production or partial-predicate statistics)
icaap_control_explanations,uq_icaap_control_explanations_comparison,"cycle_id, control_code, comparison_key",0,0,unknown (empty fixture),0,unknown (empty fixture),True,False,keep,PK/uniqueness correctness exception; non-null unique key,backend/app/services/icaap/p2_state.py:107,unknown (empty or absent fixture),exact SQLite e2e fixture counts; whole-table statistics (not production or partial-predicate statistics)
icaap_control_explanations,uq_icaap_control_explanations_id_org,"id, organization_id",0,0,unknown (empty fixture),0,unknown (empty fixture),True,False,keep,PK/uniqueness correctness exception; non-null unique key,backend/app/services/icaap/p2_state.py:106,unknown (empty or absent fixture),exact SQLite e2e fixture counts; whole-table statistics (not production or partial-predicate statistics)
icaap_cycle_stages,icaap_cycle_stages_pkey,id,0,0,unknown (empty fixture),0,unknown (empty fixture),True,False,keep,PK/uniqueness correctness exception; non-null unique key,backend/app/services/icaap/filing_hooks.py:73,unknown (empty or absent fixture),exact SQLite e2e fixture counts; whole-table statistics (not production or partial-predicate statistics)
icaap_cycle_stages,ix_icaap_cycle_stages_org_cycle,"organization_id, cycle_id",0,0,unknown (empty fixture),0,unknown (empty fixture),False,False,keep,required tenant locator; unbounded platform-ID domain; one-bank fixture is not production tenant cardinality,backend/app/services/icaap/filing_hooks.py:72,unknown (empty or absent fixture),exact SQLite e2e fixture counts; whole-table statistics (not production or partial-predicate statistics)
icaap_cycle_stages,uq_icaap_cycle_stages_id_org,"id, organization_id",0,0,unknown (empty fixture),0,unknown (empty fixture),True,False,keep,PK/uniqueness correctness exception; non-null unique key,backend/app/services/icaap/filing_hooks.py:72,unknown (empty or absent fixture),exact SQLite e2e fixture counts; whole-table statistics (not production or partial-predicate statistics)
icaap_cycle_stages,uq_icaap_cycle_stages_key,"cycle_id, stage_key",0,0,unknown (empty fixture),0,unknown (empty fixture),True,False,keep,PK/uniqueness correctness exception; non-null unique key,backend/app/services/icaap/filing_hooks.py:73,unknown (empty or absent fixture),exact SQLite e2e fixture counts; whole-table statistics (not production or partial-predicate statistics)
icaap_cycle_stages,uq_icaap_cycle_stages_seq,"cycle_id, seq",0,0,unknown (empty fixture),0,unknown (empty fixture),True,False,keep,PK/uniqueness correctness exception; non-null unique key,backend/app/services/icaap/filing_hooks.py:73,unknown (empty or absent fixture),exact SQLite e2e fixture counts; whole-table statistics (not production or partial-predicate statistics)
icaap_cycles,icaap_cycles_pkey,id,0,0,unknown (empty fixture),0,unknown (empty fixture),True,False,keep,PK/uniqueness correctness exception; non-null unique key,backend/app/api/deps.py:1498,unknown (empty or absent fixture),exact SQLite e2e fixture counts; whole-table statistics (not production or partial-predicate statistics)
icaap_cycles,ix_icaap_cycles_org_bank_fy,"organization_id, bank_id, fiscal_year",0,0,unknown (empty fixture),0,unknown (empty fixture),False,False,keep,required tenant locator; unbounded platform-ID domain; one-bank fixture is not production tenant cardinality,backend/app/api/deps.py:1499,unknown (empty or absent fixture),exact SQLite e2e fixture counts; whole-table statistics (not production or partial-predicate statistics)
icaap_cycles,uq_icaap_cycles_id_org,"id, organization_id",0,0,unknown (empty fixture),0,unknown (empty fixture),True,False,keep,PK/uniqueness correctness exception; non-null unique key,backend/app/api/deps.py:1498,unknown (empty or absent fixture),exact SQLite e2e fixture counts; whole-table statistics (not production or partial-predicate statistics)
icaap_cycles,uq_icaap_cycles_id_org_bank,"id, organization_id, bank_id",0,0,unknown (empty fixture),0,unknown (empty fixture),True,False,keep,PK/uniqueness correctness exception; non-null unique key,backend/app/api/deps.py:1498,unknown (empty or absent fixture),exact SQLite e2e fixture counts; whole-table statistics (not production or partial-predicate statistics)
icaap_cycles,uq_icaap_cycles_open,"organization_id, bank_id, cycle_kind, as_of_date, basis",0,0,unknown (empty fixture),0,unknown (empty fixture),True,True,keep,PK/uniqueness correctness exception; non-null unique key,backend/app/api/deps.py:1499,unknown (empty or absent fixture),exact SQLite e2e fixture counts; whole-table statistics (not production or partial-predicate statistics)
icaap_data_blocks,icaap_data_blocks_pkey,id,0,0,unknown (empty fixture),0,unknown (empty fixture),True,False,keep,PK/uniqueness correctness exception; non-null unique key,backend/app/services/icaap/sections.py:231,unknown (empty or absent fixture),exact SQLite e2e fixture counts; whole-table statistics (not production or partial-predicate statistics)
icaap_data_blocks,ix_icaap_data_blocks_org_cycle,"organization_id, cycle_id",0,0,unknown (empty fixture),0,unknown (empty fixture),False,False,keep,required tenant locator; unbounded platform-ID domain; one-bank fixture is not production tenant cardinality,backend/app/services/icaap/sections.py:230,unknown (empty or absent fixture),exact SQLite e2e fixture counts; whole-table statistics (not production or partial-predicate statistics)
icaap_data_blocks,uq_icaap_data_blocks_cycle_key,"cycle_id, block_key",0,0,unknown (empty fixture),0,unknown (empty fixture),True,False,keep,PK/uniqueness correctness exception; non-null unique key,backend/app/services/icaap/sections.py:231,unknown (empty or absent fixture),exact SQLite e2e fixture counts; whole-table statistics (not production or partial-predicate statistics)
icaap_data_blocks,uq_icaap_data_blocks_id_org,"id, organization_id",0,0,unknown (empty fixture),0,unknown (empty fixture),True,False,keep,PK/uniqueness correctness exception; non-null unique key,backend/app/services/icaap/sections.py:230,unknown (empty or absent fixture),exact SQLite e2e fixture counts; whole-table statistics (not production or partial-predicate statistics)
icaap_disclosures,icaap_disclosures_pkey,id,0,0,unknown (empty fixture),0,unknown (empty fixture),True,False,keep,PK/uniqueness correctness exception; non-null unique key,backend/app/services/icaap/disclosure.py:70,unknown (empty or absent fixture),exact SQLite e2e fixture counts; whole-table statistics (not production or partial-predicate statistics)
icaap_disclosures,ix_icaap_disclosures_org_cycle,"organization_id, cycle_id",0,0,unknown (empty fixture),0,unknown (empty fixture),False,False,keep,required tenant locator; unbounded platform-ID domain; one-bank fixture is not production tenant cardinality,backend/app/services/icaap/disclosure.py:69,unknown (empty or absent fixture),exact SQLite e2e fixture counts; whole-table statistics (not production or partial-predicate statistics)
icaap_disclosures,uq_icaap_disclosures_id_org,"id, organization_id",0,0,unknown (empty fixture),0,unknown (empty fixture),True,False,keep,PK/uniqueness correctness exception; non-null unique key,backend/app/services/icaap/disclosure.py:69,unknown (empty or absent fixture),exact SQLite e2e fixture counts; whole-table statistics (not production or partial-predicate statistics)
icaap_disclosures,uq_icaap_disclosures_live,cycle_id,0,0,unknown (empty fixture),0,unknown (empty fixture),True,True,keep,PK/uniqueness correctness exception; non-null unique key,backend/app/services/icaap/disclosure.py:70,unknown (empty or absent fixture),exact SQLite e2e fixture counts; whole-table statistics (not production or partial-predicate statistics)
icaap_pillar2_item_revisions,icaap_pillar2_item_revisions_pkey,id,0,0,unknown (empty fixture),0,unknown (empty fixture),True,False,keep,PK/uniqueness correctness exception; non-null unique key,backend/app/services/icaap/p2_state.py:65,unknown (empty or absent fixture),exact SQLite e2e fixture counts; whole-table statistics (not production or partial-predicate statistics)
icaap_pillar2_item_revisions,ix_icaap_pillar2_item_revisions_org_cycle,"organization_id, cycle_id",0,0,unknown (empty fixture),0,unknown (empty fixture),False,False,keep,required tenant locator; unbounded platform-ID domain; one-bank fixture is not production tenant cardinality,backend/app/services/icaap/p2_state.py:64,unknown (empty or absent fixture),exact SQLite e2e fixture counts; whole-table statistics (not production or partial-predicate statistics)
icaap_pillar2_item_revisions,uq_icaap_pillar2_item_revisions_id_org,"id, organization_id",0,0,unknown (empty fixture),0,unknown (empty fixture),True,False,keep,PK/uniqueness correctness exception; non-null unique key,backend/app/services/icaap/p2_state.py:64,unknown (empty or absent fixture),exact SQLite e2e fixture counts; whole-table statistics (not production or partial-predicate statistics)
icaap_pillar2_item_revisions,uq_icaap_pillar2_item_revisions_no,"item_id, revision_no",0,0,unknown (empty fixture),0,unknown (empty fixture),True,False,keep,PK/uniqueness correctness exception; non-null unique key,backend/app/services/icaap/pillar2.py:310,unknown (empty or absent fixture),exact SQLite e2e fixture counts; whole-table statistics (not production or partial-predicate statistics)
icaap_pillar2_items,icaap_pillar2_items_pkey,id,0,0,unknown (empty fixture),0,unknown (empty fixture),True,False,keep,PK/uniqueness correctness exception; non-null unique key,backend/app/services/icaap/p2_state.py:54,unknown (empty or absent fixture),exact SQLite e2e fixture counts; whole-table statistics (not production or partial-predicate statistics)
icaap_pillar2_items,ix_icaap_pillar2_items_org_cycle,"organization_id, cycle_id",0,0,unknown (empty fixture),0,unknown (empty fixture),False,False,keep,required tenant locator; unbounded platform-ID domain; one-bank fixture is not production tenant cardinality,backend/app/services/icaap/p2_state.py:53,unknown (empty or absent fixture),exact SQLite e2e fixture counts; whole-table statistics (not production or partial-predicate statistics)
icaap_pillar2_items,uq_icaap_pillar2_items_active,"cycle_id, item_key",0,0,unknown (empty fixture),0,unknown (empty fixture),True,True,keep,PK/uniqueness correctness exception; non-null unique key,backend/app/services/icaap/p2_state.py:54,unknown (empty or absent fixture),exact SQLite e2e fixture counts; whole-table statistics (not production or partial-predicate statistics)
icaap_pillar2_items,uq_icaap_pillar2_items_id_org,"id, organization_id",0,0,unknown (empty fixture),0,unknown (empty fixture),True,False,keep,PK/uniqueness correctness exception; non-null unique key,backend/app/services/icaap/p2_state.py:53,unknown (empty or absent fixture),exact SQLite e2e fixture counts; whole-table statistics (not production or partial-predicate statistics)
icaap_requirement_reconciliation_lines,icaap_requirement_reconciliation_lines_pkey,id,0,0,unknown (empty fixture),0,unknown (empty fixture),True,False,keep,PK/uniqueness correctness exception; non-null unique key,backend/app/services/icaap/p2_state.py:89,unknown (empty or absent fixture),exact SQLite e2e fixture counts; whole-table statistics (not production or partial-predicate statistics)
icaap_requirement_reconciliation_lines,ix_icaap_requirement_reconciliation_lines_org_cycle,"organization_id, cycle_id",0,0,unknown (empty fixture),0,unknown (empty fixture),False,False,keep,required tenant locator; unbounded platform-ID domain; one-bank fixture is not production tenant cardinality,backend/app/services/icaap/p2_state.py:88,unknown (empty or absent fixture),exact SQLite e2e fixture counts; whole-table statistics (not production or partial-predicate statistics)
icaap_requirement_reconciliation_lines,uq_icaap_requirement_reconciliation_lines_id_org,"id, organization_id",0,0,unknown (empty fixture),0,unknown (empty fixture),True,False,keep,PK/uniqueness correctness exception; non-null unique key,backend/app/services/icaap/p2_state.py:88,unknown (empty or absent fixture),exact SQLite e2e fixture counts; whole-table statistics (not production or partial-predicate statistics)
icaap_requirement_reconciliation_lines,uq_icaap_requirement_reconciliation_lines_key,"cycle_id, line_key",0,0,unknown (empty fixture),0,unknown (empty fixture),True,False,keep,PK/uniqueness correctness exception; non-null unique key,backend/app/services/icaap/p2_state.py:89,unknown (empty or absent fixture),exact SQLite e2e fixture counts; whole-table statistics (not production or partial-predicate statistics)
icaap_resources_reconciliation_lines,icaap_resources_reconciliation_lines_pkey,id,0,0,unknown (empty fixture),0,unknown (empty fixture),True,False,keep,PK/uniqueness correctness exception; non-null unique key,backend/app/services/icaap/p2_state.py:98,unknown (empty or absent fixture),exact SQLite e2e fixture counts; whole-table statistics (not production or partial-predicate statistics)
icaap_resources_reconciliation_lines,ix_icaap_resources_reconciliation_lines_org_cycle,"organization_id, cycle_id",0,0,unknown (empty fixture),0,unknown (empty fixture),False,False,keep,required tenant locator; unbounded platform-ID domain; one-bank fixture is not production tenant cardinality,backend/app/services/icaap/p2_state.py:97,unknown (empty or absent fixture),exact SQLite e2e fixture counts; whole-table statistics (not production or partial-predicate statistics)
icaap_resources_reconciliation_lines,uq_icaap_resources_reconciliation_lines_id_org,"id, organization_id",0,0,unknown (empty fixture),0,unknown (empty fixture),True,False,keep,PK/uniqueness correctness exception; non-null unique key,backend/app/services/icaap/p2_state.py:97,unknown (empty or absent fixture),exact SQLite e2e fixture counts; whole-table statistics (not production or partial-predicate statistics)
icaap_resources_reconciliation_lines,uq_icaap_resources_reconciliation_lines_key,"cycle_id, line_key",0,0,unknown (empty fixture),0,unknown (empty fixture),True,False,keep,PK/uniqueness correctness exception; non-null unique key,backend/app/services/icaap/p2_state.py:98,unknown (empty or absent fixture),exact SQLite e2e fixture counts; whole-table statistics (not production or partial-predicate statistics)
icaap_risk_assessments,icaap_risk_assessments_pkey,id,0,0,unknown (empty fixture),0,unknown (empty fixture),True,False,keep,PK/uniqueness correctness exception; non-null unique key,backend/app/services/icaap/risks.py:161,unknown (empty or absent fixture),exact SQLite e2e fixture counts; whole-table statistics (not production or partial-predicate statistics)
icaap_risk_assessments,ix_icaap_risk_assessments_org_cycle,"organization_id, cycle_id",0,0,unknown (empty fixture),0,unknown (empty fixture),False,False,keep,required tenant locator; unbounded platform-ID domain; one-bank fixture is not production tenant cardinality,backend/app/services/icaap/risks.py:160,unknown (empty or absent fixture),exact SQLite e2e fixture counts; whole-table statistics (not production or partial-predicate statistics)
icaap_risk_assessments,uq_icaap_risk_assessments_cycle_key,"cycle_id, risk_key",0,0,unknown (empty fixture),0,unknown (empty fixture),True,False,keep,PK/uniqueness correctness exception; non-null unique key,backend/app/services/icaap/risks.py:161,unknown (empty or absent fixture),exact SQLite e2e fixture counts; whole-table statistics (not production or partial-predicate statistics)
icaap_risk_assessments,uq_icaap_risk_assessments_id_org,"id, organization_id",0,0,unknown (empty fixture),0,unknown (empty fixture),True,False,keep,PK/uniqueness correctness exception; non-null unique key,backend/app/services/icaap/risks.py:160,unknown (empty or absent fixture),exact SQLite e2e fixture counts; whole-table statistics (not production or partial-predicate statistics)
icaap_section_versions,icaap_section_versions_pkey,id,0,0,unknown (empty fixture),0,unknown (empty fixture),True,False,keep,PK/uniqueness correctness exception; non-null unique key,backend/app/services/icaap/sections.py:358,unknown (empty or absent fixture),exact SQLite e2e fixture counts; whole-table statistics (not production or partial-predicate statistics)
icaap_section_versions,ix_icaap_section_versions_org_cycle,"organization_id, cycle_id",0,0,unknown (empty fixture),0,unknown (empty fixture),False,False,keep,required tenant locator; unbounded platform-ID domain; one-bank fixture is not production tenant cardinality,backend/app/services/icaap/sections.py:357,unknown (empty or absent fixture),exact SQLite e2e fixture counts; whole-table statistics (not production or partial-predicate statistics)
icaap_section_versions,uq_icaap_section_versions_id_org,"id, organization_id",0,0,unknown (empty fixture),0,unknown (empty fixture),True,False,keep,PK/uniqueness correctness exception; non-null unique key,backend/app/services/icaap/sections.py:357,unknown (empty or absent fixture),exact SQLite e2e fixture counts; whole-table statistics (not production or partial-predicate statistics)
icaap_section_versions,uq_icaap_section_versions_no,"section_id, version_no",0,0,unknown (empty fixture),0,unknown (empty fixture),True,False,keep,PK/uniqueness correctness exception; non-null unique key,backend/app/services/icaap/sections.py:358,unknown (empty or absent fixture),exact SQLite e2e fixture counts; whole-table statistics (not production or partial-predicate statistics)
icaap_sections,icaap_sections_pkey,id,0,0,unknown (empty fixture),0,unknown (empty fixture),True,False,keep,PK/uniqueness correctness exception; non-null unique key,backend/app/services/icaap/sections.py:58,unknown (empty or absent fixture),exact SQLite e2e fixture counts; whole-table statistics (not production or partial-predicate statistics)
icaap_sections,ix_icaap_sections_org_cycle,"organization_id, cycle_id",0,0,unknown (empty fixture),0,unknown (empty fixture),False,False,keep,required tenant locator; unbounded platform-ID domain; one-bank fixture is not production tenant cardinality,backend/app/services/icaap/sections.py:57,unknown (empty or absent fixture),exact SQLite e2e fixture counts; whole-table statistics (not production or partial-predicate statistics)
icaap_sections,uq_icaap_sections_cycle_key,"cycle_id, section_key",0,0,unknown (empty fixture),0,unknown (empty fixture),True,False,keep,PK/uniqueness correctness exception; non-null unique key,backend/app/services/icaap/sections.py:58,unknown (empty or absent fixture),exact SQLite e2e fixture counts; whole-table statistics (not production or partial-predicate statistics)
icaap_sections,uq_icaap_sections_id_org,"id, organization_id",0,0,unknown (empty fixture),0,unknown (empty fixture),True,False,keep,PK/uniqueness correctness exception; non-null unique key,backend/app/services/icaap/sections.py:57,unknown (empty or absent fixture),exact SQLite e2e fixture counts; whole-table statistics (not production or partial-predicate statistics)
icaap_stage_decisions,icaap_stage_decisions_pkey,id,0,0,unknown (empty fixture),0,unknown (empty fixture),True,False,keep,PK/uniqueness correctness exception; non-null unique key,backend/app/services/icaap/filing_hooks.py:193,unknown (empty or absent fixture),exact SQLite e2e fixture counts; whole-table statistics (not production or partial-predicate statistics)
icaap_stage_decisions,ix_icaap_stage_decisions_org_cycle,"organization_id, cycle_id",0,0,unknown (empty fixture),0,unknown (empty fixture),False,False,keep,required tenant locator; unbounded platform-ID domain; one-bank fixture is not production tenant cardinality,backend/app/services/icaap/filing_hooks.py:192,unknown (empty or absent fixture),exact SQLite e2e fixture counts; whole-table statistics (not production or partial-predicate statistics)
icaap_stage_decisions,uq_icaap_stage_decisions_forward,"cycle_id, round, stage_seq",0,0,unknown (empty fixture),0,unknown (empty fixture),True,True,keep,PK/uniqueness correctness exception; non-null unique key,backend/app/services/icaap/filing_hooks.py:193,unknown (empty or absent fixture),exact SQLite e2e fixture counts; whole-table statistics (not production or partial-predicate statistics)
icaap_stage_decisions,uq_icaap_stage_decisions_id_org,"id, organization_id",0,0,unknown (empty fixture),0,unknown (empty fixture),True,False,keep,PK/uniqueness correctness exception; non-null unique key,backend/app/services/icaap/filing_hooks.py:192,unknown (empty or absent fixture),exact SQLite e2e fixture counts; whole-table statistics (not production or partial-predicate statistics)
icaap_workflow_templates,icaap_workflow_templates_pkey,id,0,0,unknown (empty fixture),0,unknown (empty fixture),True,False,keep,PK/uniqueness correctness exception; non-null unique key,backend/app/services/icaap/workflow_templates.py:90,unknown (empty or absent fixture),exact SQLite e2e fixture counts; whole-table statistics (not production or partial-predicate statistics)
icaap_workflow_templates,uq_icaap_workflow_templates_active,"organization_id, bank_id",0,0,unknown (empty fixture),0,unknown (empty fixture),True,True,keep,PK/uniqueness correctness exception; non-null unique key,backend/app/services/icaap/workflow_templates.py:89,unknown (empty or absent fixture),exact SQLite e2e fixture counts; whole-table statistics (not production or partial-predicate statistics)
icaap_workflow_templates,uq_icaap_workflow_templates_id_org,"id, organization_id",0,0,unknown (empty fixture),0,unknown (empty fixture),True,False,keep,PK/uniqueness correctness exception; non-null unique key,backend/app/services/icaap/workflow_templates.py:89,unknown (empty or absent fixture),exact SQLite e2e fixture counts; whole-table statistics (not production or partial-predicate statistics)
icaap_workflow_templates,uq_icaap_workflow_templates_version,"organization_id, bank_id, version",0,0,unknown (empty fixture),0,unknown (empty fixture),True,False,keep,PK/uniqueness correctness exception; non-null unique key,backend/app/services/icaap/workflow_templates.py:89,unknown (empty or absent fixture),exact SQLite e2e fixture counts; whole-table statistics (not production or partial-predicate statistics)
ilaap_snapshots,ilaap_snapshots_pkey,id,0,0,unknown (empty fixture),0,unknown (empty fixture),True,False,keep,PK/uniqueness correctness exception; non-null unique key,backend/app/services/capital_plan.py:538,unknown (empty or absent fixture),exact SQLite e2e fixture counts; whole-table statistics (not production or partial-predicate statistics)
ilaap_snapshots,ix_ilaap_snapshots_bank,"organization_id, bank_id",0,0,unknown (empty fixture),0,unknown (empty fixture),False,False,keep,required tenant locator; unbounded platform-ID domain; one-bank fixture is not production tenant cardinality,backend/app/services/capital_plan.py:537,unknown (empty or absent fixture),exact SQLite e2e fixture counts; whole-table statistics (not production or partial-predicate statistics)
implied_rating_runs,implied_rating_runs_pkey,id,0,0,unknown (empty fixture),0,unknown (empty fixture),True,False,keep,PK/uniqueness correctness exception; non-null unique key,backend/app/services/freshness.py:160,unknown (empty or absent fixture),exact SQLite e2e fixture counts; whole-table statistics (not production or partial-predicate statistics)
implied_rating_runs,ix_implied_rating_runs_org_bank_period,"organization_id, bank_id, reporting_period_id",0,0,unknown (empty fixture),0,unknown (empty fixture),False,False,keep,required tenant locator; unbounded platform-ID domain; one-bank fixture is not production tenant cardinality,backend/app/services/freshness.py:159,unknown (empty or absent fixture),exact SQLite e2e fixture counts; whole-table statistics (not production or partial-predicate statistics)
implied_rating_runs,ix_implied_rating_runs_org_input_hash,"organization_id, input_hash",0,0,unknown (empty fixture),0,unknown (empty fixture),False,False,keep,required tenant locator; unbounded platform-ID domain; one-bank fixture is not production tenant cardinality,backend/app/services/freshness.py:159,unknown (empty or absent fixture),exact SQLite e2e fixture counts; whole-table statistics (not production or partial-predicate statistics)
implied_rating_runs,uq_implied_rating_runs_id_org_bank,"id, organization_id, bank_id",0,0,unknown (empty fixture),0,unknown (empty fixture),True,False,keep,PK/uniqueness correctness exception; non-null unique key,backend/app/services/freshness.py:159,unknown (empty or absent fixture),exact SQLite e2e fixture counts; whole-table statistics (not production or partial-predicate statistics)
ingestion_batches,ingestion_batches_pkey,id,1,1,1.000000,1,1.000000,True,False,keep,PK/uniqueness correctness exception; non-null unique key,backend/app/services/etl_dedup_jobs.py:310,1.000000,exact SQLite e2e fixture counts; whole-table statistics (not production or partial-predicate statistics)
ingestion_batches,ix_ingestion_batches_org_bank_as_of,"organization_id, bank_id, as_of_date",1,1,1.000000,1,1.000000,False,False,keep,required tenant locator; unbounded platform-ID domain; one-bank fixture is not production tenant cardinality,backend/app/services/etl_dedup_jobs.py:311,1.000000,exact SQLite e2e fixture counts; whole-table statistics (not production or partial-predicate statistics)
ingestion_batches,ix_ingestion_batches_org_content_hash,"organization_id, content_hash",1,1,1.000000,1,1.000000,False,False,keep,required tenant locator; unbounded platform-ID domain; one-bank fixture is not production tenant cardinality,backend/app/services/etl_dedup_jobs.py:311,1.000000,exact SQLite e2e fixture counts; whole-table statistics (not production or partial-predicate statistics)
ingestion_batches,uq_ingestion_batches_id_org,"id, organization_id",1,1,1.000000,1,1.000000,True,False,keep,PK/uniqueness correctness exception; non-null unique key,backend/app/services/etl_dedup_jobs.py:310,1.000000,exact SQLite e2e fixture counts; whole-table statistics (not production or partial-predicate statistics)
initial_admin_role_demotions,initial_admin_role_demotions_pkey,user_id,not populated,not populated,unknown,not populated,unknown,True,False,keep,PK/uniqueness correctness exception; non-null unique key,constraint/schema or migration-managed path; workload uncertainty retained,unknown (empty or absent fixture),exact SQLite e2e fixture counts; whole-table statistics (not production or partial-predicate statistics)
institution_profiles,institution_profiles_pkey,id,0,0,unknown (empty fixture),0,unknown (empty fixture),True,False,keep,PK/uniqueness correctness exception; non-null unique key,backend/app/services/implied_rating.py:796,unknown (empty or absent fixture),exact SQLite e2e fixture counts; whole-table statistics (not production or partial-predicate statistics)
institution_profiles,uq_institution_profiles_id_org,"id, organization_id",0,0,unknown (empty fixture),0,unknown (empty fixture),True,False,keep,PK/uniqueness correctness exception; non-null unique key,backend/app/services/implied_rating.py:795,unknown (empty or absent fixture),exact SQLite e2e fixture counts; whole-table statistics (not production or partial-predicate statistics)
institution_profiles,uq_institution_profiles_org_bank,"organization_id, bank_id",0,0,unknown (empty fixture),0,unknown (empty fixture),True,False,keep,PK/uniqueness correctness exception; non-null unique key,backend/app/services/implied_rating.py:795,unknown (empty or absent fixture),exact SQLite e2e fixture counts; whole-table statistics (not production or partial-predicate statistics)
institution_types,institution_types_pkey,type_code,7,7,1.000000,7,1.000000,True,False,keep,PK/uniqueness correctness exception; non-null unique key,backend/app/services/live_refresh_triggers.py:144,0.142857,exact SQLite e2e fixture counts; whole-table statistics (not production or partial-predicate statistics)
integration_keys,integration_keys_pkey,id,1,1,1.000000,1,1.000000,True,False,keep,PK/uniqueness correctness exception; non-null unique key,backend/app/identity/service/integration_keys.py:237,1.000000,exact SQLite e2e fixture counts; whole-table statistics (not production or partial-predicate statistics)
integration_keys,ix_integration_keys_organization_bank,"organization_id, bank_id",1,1,1.000000,1,1.000000,False,False,keep,required tenant locator; unbounded platform-ID domain; one-bank fixture is not production tenant cardinality,backend/app/operator/services/inspector_reads.py:382,1.000000,exact SQLite e2e fixture counts; whole-table statistics (not production or partial-predicate statistics)
integration_keys,ix_integration_keys_organization_id,organization_id,1,1,1.000000,1,1.000000,False,False,keep,required tenant locator; unbounded platform-ID domain; one-bank fixture is not production tenant cardinality,backend/app/operator/services/inspector_reads.py:382,1.000000,exact SQLite e2e fixture counts; whole-table statistics (not production or partial-predicate statistics)
integration_keys,uq_integration_keys_key_hash,key_hash,1,1,1.000000,1,1.000000,True,False,keep,PK/uniqueness correctness exception; non-null unique key,backend/app/identity/service/integration_keys.py:449,1.000000,exact SQLite e2e fixture counts; whole-table statistics (not production or partial-predicate statistics)
jobs,ix_jobs_organization_id_coalesce_key,"organization_id, coalesce_key",0,0,unknown (empty fixture),0,unknown (empty fixture),False,False,keep,required tenant locator; unbounded platform-ID domain; one-bank fixture is not production tenant cardinality,backend/app/features/export_bi.py:385,unknown (empty or absent fixture),exact SQLite e2e fixture counts; whole-table statistics (not production or partial-predicate statistics)
jobs,ix_jobs_status_run_after,"status, run_after",0,0,unknown (empty fixture),0,unknown (empty fixture),False,False,keep (composite exception),job queue status + scheduling timestamp; required due-work and operator status queries; fixture not representative of retained job history,"backend/app/services/job_queue.py:326; backend/app/operator/services/operator_views.py:338,344,667",unknown (empty or absent fixture),exact SQLite e2e fixture counts; whole-table statistics (not production or partial-predicate statistics)
jobs,jobs_pkey,id,0,0,unknown (empty fixture),0,unknown (empty fixture),True,False,keep,PK/uniqueness correctness exception; non-null unique key,backend/app/features/export_bi.py:384,unknown (empty or absent fixture),exact SQLite e2e fixture counts; whole-table statistics (not production or partial-predicate statistics)
jurisdictions,jurisdictions_pkey,code,3,3,1.000000,3,1.000000,True,False,keep,PK/uniqueness correctness exception; non-null unique key,backend/app/identity/service/institution_profile.py:110,0.333333,exact SQLite e2e fixture counts; whole-table statistics (not production or partial-predicate statistics)
lineage_records,ix_lineage_records_org_batch,"organization_id, ingestion_batch_id",1,1,1.000000,1,1.000000,False,False,keep,required tenant locator; unbounded platform-ID domain; one-bank fixture is not production tenant cardinality,backend/app/services/etl_dedup_jobs.py:800,1.000000,exact SQLite e2e fixture counts; whole-table statistics (not production or partial-predicate statistics)
lineage_records,lineage_records_pkey,id,1,1,1.000000,1,1.000000,True,False,keep,PK/uniqueness correctness exception; non-null unique key,backend/app/services/etl_dedup_jobs.py:801,1.000000,exact SQLite e2e fixture counts; whole-table statistics (not production or partial-predicate statistics)
lineage_records,uq_lineage_records_id_org,"id, organization_id",1,1,1.000000,1,1.000000,True,False,keep,PK/uniqueness correctness exception; non-null unique key,backend/app/services/etl_dedup_jobs.py:800,1.000000,exact SQLite e2e fixture counts; whole-table statistics (not production or partial-predicate statistics)
liquidity_analysis_results,ix_liquidity_analysis_results_case_id,case_id,0,0,unknown (empty fixture),0,unknown (empty fixture),False,False,keep,UUID/reference/hash/time locator; unbounded schema domain; unknown production cardinality is not evidence to remove,backend/app/services/liquidity.py:287,unknown (empty or absent fixture),exact SQLite e2e fixture counts; whole-table statistics (not production or partial-predicate statistics)
liquidity_analysis_results,liquidity_analysis_results_pkey,id,0,0,unknown (empty fixture),0,unknown (empty fixture),True,False,keep,PK/uniqueness correctness exception; non-null unique key,backend/app/services/liquidity.py:288,unknown (empty or absent fixture),exact SQLite e2e fixture counts; whole-table statistics (not production or partial-predicate statistics)
liquidity_analysis_results,uq_liquidity_analysis_results_run_id,run_id,0,0,unknown (empty fixture),0,unknown (empty fixture),True,False,keep,PK/uniqueness correctness exception; non-null unique key,backend/app/services/liquidity.py:288,unknown (empty or absent fixture),exact SQLite e2e fixture counts; whole-table statistics (not production or partial-predicate statistics)
liquidity_ewi_indicators,ix_liquidity_ewi_indicators_bank,"organization_id, bank_id",0,0,unknown (empty fixture),0,unknown (empty fixture),False,False,drop,redundant complete leading keys in retained unique index,backend/app/services/liquidity_ewi.py:193,unknown (empty or absent fixture),exact SQLite e2e fixture counts; whole-table statistics (not production or partial-predicate statistics)
liquidity_ewi_indicators,liquidity_ewi_indicators_pkey,id,0,0,unknown (empty fixture),0,unknown (empty fixture),True,False,keep,PK/uniqueness correctness exception; non-null unique key,backend/app/services/liquidity_ewi.py:194,unknown (empty or absent fixture),exact SQLite e2e fixture counts; whole-table statistics (not production or partial-predicate statistics)
liquidity_ewi_indicators,uq_liquidity_ewi_indicators_scope,"organization_id, bank_id, code",0,0,unknown (empty fixture),0,unknown (empty fixture),True,False,keep,PK/uniqueness correctness exception; non-null unique key,backend/app/services/liquidity_ewi.py:193,unknown (empty or absent fixture),exact SQLite e2e fixture counts; whole-table statistics (not production or partial-predicate statistics)
live_findings,ix_live_findings_org_bank_status,"organization_id, bank_id, status",3,1,0.333333,1,0.333333,False,False,keep,required tenant locator; unbounded platform-ID domain; one-bank fixture is not production tenant cardinality,backend/app/services/alerts.py:45,1.000000,exact SQLite e2e fixture counts; whole-table statistics (not production or partial-predicate statistics)
live_findings,live_findings_pkey,id,3,3,1.000000,3,1.000000,True,False,keep,PK/uniqueness correctness exception; non-null unique key,backend/app/services/alerts.py:46,0.333333,exact SQLite e2e fixture counts; whole-table statistics (not production or partial-predicate statistics)
live_findings,uq_live_findings_open,"organization_id, bank_id, module, rule_id",3,1,0.333333,3,1.000000,True,True,keep,PK/uniqueness correctness exception; non-null unique key,backend/app/services/alerts.py:45,1.000000,exact SQLite e2e fixture counts; whole-table statistics (not production or partial-predicate statistics)
live_metric_snapshots,ix_live_metric_snapshots_series,"organization_id, bank_id, module, snapshot_date",8,1,0.125000,8,1.000000,False,False,keep,required tenant locator; unbounded platform-ID domain; one-bank fixture is not production tenant cardinality,backend/app/services/live_view.py:362,1.000000,exact SQLite e2e fixture counts; whole-table statistics (not production or partial-predicate statistics)
live_metric_snapshots,live_metric_snapshots_pkey,id,8,8,1.000000,8,1.000000,True,False,keep,PK/uniqueness correctness exception; non-null unique key,backend/app/services/live_view.py:363,0.125000,exact SQLite e2e fixture counts; whole-table statistics (not production or partial-predicate statistics)
live_metric_snapshots,uq_live_metric_snapshots_day,"organization_id, bank_id, snapshot_date, module",8,1,0.125000,8,1.000000,True,False,keep,PK/uniqueness correctness exception; non-null unique key,backend/app/services/live_view.py:362,1.000000,exact SQLite e2e fixture counts; whole-table statistics (not production or partial-predicate statistics)
live_metrics,ix_live_metrics_org_bank,"organization_id, bank_id",8,1,0.125000,1,0.125000,False,False,drop,redundant complete leading keys in retained unique index,backend/app/services/freshness.py:79,1.000000,exact SQLite e2e fixture counts; whole-table statistics (not production or partial-predicate statistics)
live_metrics,live_metrics_pkey,id,8,8,1.000000,8,1.000000,True,False,keep,PK/uniqueness correctness exception; non-null unique key,backend/app/services/freshness.py:80,0.125000,exact SQLite e2e fixture counts; whole-table statistics (not production or partial-predicate statistics)
live_metrics,uq_live_metrics_org_bank_module,"organization_id, bank_id, module",8,1,0.125000,8,1.000000,True,False,keep,PK/uniqueness correctness exception; non-null unique key,backend/app/services/freshness.py:79,1.000000,exact SQLite e2e fixture counts; whole-table statistics (not production or partial-predicate statistics)
macro_scenario_paths,ix_macro_scenario_paths_scenario,"organization_id, scenario_id",0,0,unknown (empty fixture),0,unknown (empty fixture),False,False,keep,required tenant locator; unbounded platform-ID domain; one-bank fixture is not production tenant cardinality,backend/app/services/macro_scenarios.py:100,unknown (empty or absent fixture),exact SQLite e2e fixture counts; whole-table statistics (not production or partial-predicate statistics)
macro_scenario_paths,macro_scenario_paths_pkey,id,0,0,unknown (empty fixture),0,unknown (empty fixture),True,False,keep,PK/uniqueness correctness exception; non-null unique key,backend/app/services/macro_scenarios.py:390,unknown (empty or absent fixture),exact SQLite e2e fixture counts; whole-table statistics (not production or partial-predicate statistics)
macro_scenario_paths,uq_macro_scenario_paths_point,"scenario_id, variable, year_index",0,0,unknown (empty fixture),0,unknown (empty fixture),True,False,keep,PK/uniqueness correctness exception; non-null unique key,backend/app/services/macro_scenarios.py:100,unknown (empty or absent fixture),exact SQLite e2e fixture counts; whole-table statistics (not production or partial-predicate statistics)
macro_scenarios,ix_macro_scenarios_org_bank_status,"organization_id, bank_id, status",0,0,unknown (empty fixture),0,unknown (empty fixture),False,False,keep,required tenant locator; unbounded platform-ID domain; one-bank fixture is not production tenant cardinality,backend/app/services/macro_scenarios.py:86,unknown (empty or absent fixture),exact SQLite e2e fixture counts; whole-table statistics (not production or partial-predicate statistics)
macro_scenarios,ix_macro_scenarios_org_type,"organization_id, scenario_type",0,0,unknown (empty fixture),0,unknown (empty fixture),False,False,keep,required tenant locator; unbounded platform-ID domain; one-bank fixture is not production tenant cardinality,backend/app/services/macro_scenarios.py:86,unknown (empty or absent fixture),exact SQLite e2e fixture counts; whole-table statistics (not production or partial-predicate statistics)
macro_scenarios,macro_scenarios_pkey,id,0,0,unknown (empty fixture),0,unknown (empty fixture),True,False,keep,PK/uniqueness correctness exception; non-null unique key,backend/app/services/macro_scenarios.py:85,unknown (empty or absent fixture),exact SQLite e2e fixture counts; whole-table statistics (not production or partial-predicate statistics)
macro_scenarios,uq_macro_scenarios_scope,"organization_id, bank_id, code",0,0,unknown (empty fixture),0,unknown (empty fixture),True,False,keep,PK/uniqueness correctness exception; non-null unique key,backend/app/services/macro_scenarios.py:86,unknown (empty or absent fixture),exact SQLite e2e fixture counts; whole-table statistics (not production or partial-predicate statistics)
management_action_items,ix_mgmt_action_items_plan,"organization_id, plan_id",0,0,unknown (empty fixture),0,unknown (empty fixture),False,False,keep,required tenant locator; unbounded platform-ID domain; one-bank fixture is not production tenant cardinality,backend/app/services/management_action_plans.py:84,unknown (empty or absent fixture),exact SQLite e2e fixture counts; whole-table statistics (not production or partial-predicate statistics)
management_action_items,management_action_items_pkey,id,0,0,unknown (empty fixture),0,unknown (empty fixture),True,False,keep,PK/uniqueness correctness exception; non-null unique key,backend/app/services/management_action_plans.py:277,unknown (empty or absent fixture),exact SQLite e2e fixture counts; whole-table statistics (not production or partial-predicate statistics)
management_action_items,uq_mgmt_action_items_action,"plan_id, action_id",0,0,unknown (empty fixture),0,unknown (empty fixture),True,False,keep,PK/uniqueness correctness exception; non-null unique key,backend/app/services/management_action_plans.py:84,unknown (empty or absent fixture),exact SQLite e2e fixture counts; whole-table statistics (not production or partial-predicate statistics)
management_action_plans,ix_mgmt_action_plans_org_bank_status,"organization_id, bank_id, status",0,0,unknown (empty fixture),0,unknown (empty fixture),False,False,keep,required tenant locator; unbounded platform-ID domain; one-bank fixture is not production tenant cardinality,backend/app/services/management_action_plans.py:70,unknown (empty or absent fixture),exact SQLite e2e fixture counts; whole-table statistics (not production or partial-predicate statistics)
management_action_plans,management_action_plans_pkey,id,0,0,unknown (empty fixture),0,unknown (empty fixture),True,False,keep,PK/uniqueness correctness exception; non-null unique key,backend/app/services/management_action_plans.py:69,unknown (empty or absent fixture),exact SQLite e2e fixture counts; whole-table statistics (not production or partial-predicate statistics)
management_action_plans,uq_mgmt_action_plans_scope,"organization_id, bank_id, code",0,0,unknown (empty fixture),0,unknown (empty fixture),True,False,keep,PK/uniqueness correctness exception; non-null unique key,backend/app/services/management_action_plans.py:70,unknown (empty or absent fixture),exact SQLite e2e fixture counts; whole-table statistics (not production or partial-predicate statistics)
mapping_configs,mapping_configs_pkey,id,0,0,unknown (empty fixture),0,unknown (empty fixture),True,False,keep,PK/uniqueness correctness exception; non-null unique key,backend/app/services/etl_dedup_jobs.py:857,unknown (empty or absent fixture),exact SQLite e2e fixture counts; whole-table statistics (not production or partial-predicate statistics)
mapping_configs,uq_mapping_configs_id_org,"id, organization_id",0,0,unknown (empty fixture),0,unknown (empty fixture),True,False,keep,PK/uniqueness correctness exception; non-null unique key,backend/app/services/etl_dedup_jobs.py:857,unknown (empty or absent fixture),exact SQLite e2e fixture counts; whole-table statistics (not production or partial-predicate statistics)
mapping_configs,uq_mapping_configs_scope_version,"organization_id, bank_id, source_system, source_ref, version",0,0,unknown (empty fixture),0,unknown (empty fixture),True,False,keep,PK/uniqueness correctness exception; non-null unique key,backend/app/services/etl_dedup_jobs.py:858,unknown (empty or absent fixture),exact SQLite e2e fixture counts; whole-table statistics (not production or partial-predicate statistics)
mapping_configs,uq_mapping_configs_single_active,"organization_id, bank_id, source_system, source_ref",0,0,unknown (empty fixture),0,unknown (empty fixture),True,True,keep,PK/uniqueness correctness exception; non-null unique key,backend/app/services/etl_dedup_jobs.py:858,unknown (empty or absent fixture),exact SQLite e2e fixture counts; whole-table statistics (not production or partial-predicate statistics)
market_data_connections,ix_market_data_connections_org_bank,"organization_id, bank_id",0,0,unknown (empty fixture),0,unknown (empty fixture),False,False,drop,redundant complete leading keys in retained unique index,backend/app/services/market_data_jobs.py:197,unknown (empty or absent fixture),exact SQLite e2e fixture counts; whole-table statistics (not production or partial-predicate statistics)
market_data_connections,market_data_connections_pkey,id,0,0,unknown (empty fixture),0,unknown (empty fixture),True,False,keep,PK/uniqueness correctness exception; non-null unique key,backend/app/services/market_data_jobs.py:320,unknown (empty or absent fixture),exact SQLite e2e fixture counts; whole-table statistics (not production or partial-predicate statistics)
market_data_connections,uq_market_data_connections_id_org,"id, organization_id",0,0,unknown (empty fixture),0,unknown (empty fixture),True,False,keep,PK/uniqueness correctness exception; non-null unique key,backend/app/services/market_data_jobs.py:197,unknown (empty or absent fixture),exact SQLite e2e fixture counts; whole-table statistics (not production or partial-predicate statistics)
market_data_connections,uq_market_data_connections_scope_name,"organization_id, bank_id, vendor, display_name",0,0,unknown (empty fixture),0,unknown (empty fixture),True,False,keep,PK/uniqueness correctness exception; non-null unique key,backend/app/services/market_data_jobs.py:197,unknown (empty or absent fixture),exact SQLite e2e fixture counts; whole-table statistics (not production or partial-predicate statistics)
market_data_entitlements,ix_market_data_entitlements_org_dataset,"organization_id, dataset_code",0,0,unknown (empty fixture),0,unknown (empty fixture),False,False,drop,redundant complete leading keys in retained unique index,backend/app/services/market_desk/entitlements.py:81,unknown (empty or absent fixture),exact SQLite e2e fixture counts; whole-table statistics (not production or partial-predicate statistics)
market_data_entitlements,market_data_entitlements_pkey,id,0,0,unknown (empty fixture),0,unknown (empty fixture),True,False,keep,PK/uniqueness correctness exception; non-null unique key,backend/app/services/market_desk/entitlements.py:299,unknown (empty or absent fixture),exact SQLite e2e fixture counts; whole-table statistics (not production or partial-predicate statistics)
market_data_entitlements,uq_market_data_entitlements_org_dataset_from,"organization_id, dataset_code, effective_from",0,0,unknown (empty fixture),0,unknown (empty fixture),True,False,keep,PK/uniqueness correctness exception; non-null unique key,backend/app/services/market_desk/entitlements.py:81,unknown (empty or absent fixture),exact SQLite e2e fixture counts; whole-table statistics (not production or partial-predicate statistics)
market_data_overlays,ix_market_data_overlays_scope,"organization_id, bank_id, base_ref_kind, base_curve_name",0,0,unknown (empty fixture),0,unknown (empty fixture),False,False,keep,required tenant locator; unbounded platform-ID domain; one-bank fixture is not production tenant cardinality,backend/app/services/market_data_sources.py:542,unknown (empty or absent fixture),exact SQLite e2e fixture counts; whole-table statistics (not production or partial-predicate statistics)
market_data_overlays,market_data_overlays_pkey,id,0,0,unknown (empty fixture),0,unknown (empty fixture),True,False,keep,PK/uniqueness correctness exception; non-null unique key,backend/app/services/market_data_overlays.py:333,unknown (empty or absent fixture),exact SQLite e2e fixture counts; whole-table statistics (not production or partial-predicate statistics)
market_data_overlays,uq_market_data_overlays_id_org,"id, organization_id",0,0,unknown (empty fixture),0,unknown (empty fixture),True,False,keep,PK/uniqueness correctness exception; non-null unique key,backend/app/services/market_data_sources.py:542,unknown (empty or absent fixture),exact SQLite e2e fixture counts; whole-table statistics (not production or partial-predicate statistics)
market_data_quota_usage,ix_market_data_quota_usage_org_bank,"organization_id, bank_id",0,0,unknown (empty fixture),0,unknown (empty fixture),False,False,drop,redundant complete leading keys in retained unique index,backend/app/services/market_data_connections.py:161,unknown (empty or absent fixture),exact SQLite e2e fixture counts; whole-table statistics (not production or partial-predicate statistics)
market_data_quota_usage,market_data_quota_usage_pkey,id,0,0,unknown (empty fixture),0,unknown (empty fixture),True,False,keep,PK/uniqueness correctness exception; non-null unique key,backend/app/adapters/market_data/refinitiv/adapter.py:299,unknown (empty or absent fixture),exact SQLite e2e fixture counts; whole-table statistics (not production or partial-predicate statistics)
market_data_quota_usage,uq_market_data_quota_usage_id_org,"id, organization_id",0,0,unknown (empty fixture),0,unknown (empty fixture),True,False,keep,PK/uniqueness correctness exception; non-null unique key,backend/app/services/market_data_connections.py:161,unknown (empty or absent fixture),exact SQLite e2e fixture counts; whole-table statistics (not production or partial-predicate statistics)
market_data_quota_usage,uq_market_data_quota_usage_scope_month,"organization_id, bank_id, vendor, month",0,0,unknown (empty fixture),0,unknown (empty fixture),True,False,keep,PK/uniqueness correctness exception; non-null unique key,backend/app/services/market_data_connections.py:161,unknown (empty or absent fixture),exact SQLite e2e fixture counts; whole-table statistics (not production or partial-predicate statistics)
market_data_source_preferences,ix_market_data_source_preferences_bank,"organization_id, bank_id",0,0,unknown (empty fixture),0,unknown (empty fixture),False,False,drop,redundant complete leading keys in retained unique index,backend/app/services/market_data_sources.py:160,unknown (empty or absent fixture),exact SQLite e2e fixture counts; whole-table statistics (not production or partial-predicate statistics)
market_data_source_preferences,market_data_source_preferences_pkey,id,0,0,unknown (empty fixture),0,unknown (empty fixture),True,False,keep,PK/uniqueness correctness exception; non-null unique key,constraint/schema or migration-managed path; workload uncertainty retained,unknown (empty or absent fixture),exact SQLite e2e fixture counts; whole-table statistics (not production or partial-predicate statistics)
market_data_source_preferences,uq_market_data_source_preferences_bank,"organization_id, bank_id",0,0,unknown (empty fixture),0,unknown (empty fixture),True,False,keep,PK/uniqueness correctness exception; non-null unique key,backend/app/services/market_data_sources.py:160,unknown (empty or absent fixture),exact SQLite e2e fixture counts; whole-table statistics (not production or partial-predicate statistics)
notifications,ix_notifications_org_created,"organization_id, created_at",0,0,unknown (empty fixture),0,unknown (empty fixture),False,False,keep,required tenant locator; unbounded platform-ID domain; one-bank fixture is not production tenant cardinality,backend/app/services/notification_email_mirror.py:78,unknown (empty or absent fixture),exact SQLite e2e fixture counts; whole-table statistics (not production or partial-predicate statistics)
notifications,ix_notifications_org_recipient_read,"organization_id, recipient_user_id, read_at",0,0,unknown (empty fixture),0,unknown (empty fixture),False,False,keep,required tenant locator; unbounded platform-ID domain; one-bank fixture is not production tenant cardinality,backend/app/services/notification_email_mirror.py:78,unknown (empty or absent fixture),exact SQLite e2e fixture counts; whole-table statistics (not production or partial-predicate statistics)
notifications,notifications_pkey,id,0,0,unknown (empty fixture),0,unknown (empty fixture),True,False,keep,PK/uniqueness correctness exception; non-null unique key,backend/app/services/notification_email_mirror.py:118,unknown (empty or absent fixture),exact SQLite e2e fixture counts; whole-table statistics (not production or partial-predicate statistics)
notifications,uq_notifications_id_org,"id, organization_id",0,0,unknown (empty fixture),0,unknown (empty fixture),True,False,keep,PK/uniqueness correctness exception; non-null unique key,backend/app/services/notification_email_mirror.py:78,unknown (empty or absent fixture),exact SQLite e2e fixture counts; whole-table statistics (not production or partial-predicate statistics)
operator_audit_log,ix_operator_audit_log_created_at,created_at,0,0,unknown (empty fixture),0,unknown (empty fixture),False,False,keep,UUID/reference/hash/time locator; unbounded schema domain; unknown production cardinality is not evidence to remove,backend/app/operator/services/operator_views.py:294,unknown (empty or absent fixture),exact SQLite e2e fixture counts; whole-table statistics (not production or partial-predicate statistics)
operator_audit_log,ix_operator_audit_log_target_org,target_org,0,0,unknown (empty fixture),0,unknown (empty fixture),False,False,keep,required tenant locator; unbounded platform-ID domain; one-bank fixture is not production tenant cardinality,backend/app/operator/services/operator_views.py:281,unknown (empty or absent fixture),exact SQLite e2e fixture counts; whole-table statistics (not production or partial-predicate statistics)
operator_audit_log,operator_audit_log_pkey,id,0,0,unknown (empty fixture),0,unknown (empty fixture),True,False,keep,PK/uniqueness correctness exception; non-null unique key,backend/app/operator/services/operator_views.py:294,unknown (empty or absent fixture),exact SQLite e2e fixture counts; whole-table statistics (not production or partial-predicate statistics)
operator_inspector_sessions,ix_operator_inspector_sessions_org_started,"organization_id, started_at",0,0,unknown (empty fixture),0,unknown (empty fixture),False,False,keep,required tenant locator; unbounded platform-ID domain; one-bank fixture is not production tenant cardinality,backend/app/operator/inspection.py:56,unknown (empty or absent fixture),exact SQLite e2e fixture counts; whole-table statistics (not production or partial-predicate statistics)
operator_inspector_sessions,ix_operator_inspector_sessions_started_at,started_at,0,0,unknown (empty fixture),0,unknown (empty fixture),False,False,keep,UUID/reference/hash/time locator; unbounded schema domain; unknown production cardinality is not evidence to remove,backend/app/operator/inspection.py:61,unknown (empty or absent fixture),exact SQLite e2e fixture counts; whole-table statistics (not production or partial-predicate statistics)
operator_inspector_sessions,operator_inspector_sessions_pkey,id,0,0,unknown (empty fixture),0,unknown (empty fixture),True,False,keep,PK/uniqueness correctness exception; non-null unique key,backend/app/operator/services/inspector.py:114,unknown (empty or absent fixture),exact SQLite e2e fixture counts; whole-table statistics (not production or partial-predicate statistics)
operator_users,operator_users_pkey,id,0,0,unknown (empty fixture),0,unknown (empty fixture),True,False,keep,PK/uniqueness correctness exception; non-null unique key,backend/app/operator/features/operators.py:94,unknown (empty or absent fixture),exact SQLite e2e fixture counts; whole-table statistics (not production or partial-predicate statistics)
operator_users,uq_operator_users_email,email,0,0,unknown (empty fixture),0,unknown (empty fixture),True,False,keep,PK/uniqueness correctness exception; non-null unique key,backend/app/operator/deps.py:114,unknown (empty or absent fixture),exact SQLite e2e fixture counts; whole-table statistics (not production or partial-predicate statistics)
organization_owner_assignments,ix_organization_owner_assignments_status,"status, organization_id",2,1,0.500000,2,1.000000,False,False,drop,two-value status CHECK; no status query; organization PK serves reads,backend/app/identity/service/organization_ownership.py:112 (organization PK lookup),1.000000,exact SQLite e2e fixture counts; whole-table statistics (not production or partial-predicate statistics)
organization_owner_assignments,organization_owner_assignments_owner_binding_id_key,owner_binding_id,2,2,1.000000,2,1.000000,True,False,keep,PK/uniqueness correctness exception; non-null unique key,constraint/schema or migration-managed path; workload uncertainty retained,0.500000,exact SQLite e2e fixture counts; whole-table statistics (not production or partial-predicate statistics)
organization_owner_assignments,organization_owner_assignments_pkey,organization_id,2,2,1.000000,2,1.000000,True,False,keep,PK/uniqueness correctness exception; non-null unique key,constraint/schema or migration-managed path; workload uncertainty retained,0.500000,exact SQLite e2e fixture counts; whole-table statistics (not production or partial-predicate statistics)
organizations,organizations_pkey,id,3,3,1.000000,3,1.000000,True,False,keep,PK/uniqueness correctness exception; non-null unique key,backend/app/api/deps.py:467,0.333333,exact SQLite e2e fixture counts; whole-table statistics (not production or partial-predicate statistics)
outlets,ix_outlets_org_bank,"organization_id, bank_id",0,0,unknown (empty fixture),0,unknown (empty fixture),False,False,keep,required tenant locator; unbounded platform-ID domain; one-bank fixture is not production tenant cardinality,backend/app/services/attestation/register_state.py:211,unknown (empty or absent fixture),exact SQLite e2e fixture counts; whole-table statistics (not production or partial-predicate statistics)
outlets,outlets_pkey,id,0,0,unknown (empty fixture),0,unknown (empty fixture),True,False,keep,PK/uniqueness correctness exception; non-null unique key,backend/app/identity/service/institution_profile.py:681,unknown (empty or absent fixture),exact SQLite e2e fixture counts; whole-table statistics (not production or partial-predicate statistics)
outlets,uq_outlets_id_org,"id, organization_id",0,0,unknown (empty fixture),0,unknown (empty fixture),True,False,keep,PK/uniqueness correctness exception; non-null unique key,backend/app/services/attestation/register_state.py:211,unknown (empty or absent fixture),exact SQLite e2e fixture counts; whole-table statistics (not production or partial-predicate statistics)
package_signature_placements,package_signature_placements_pkey,id,0,0,unknown (empty fixture),0,unknown (empty fixture),True,False,keep,PK/uniqueness correctness exception; non-null unique key,backend/app/services/attestation/placements.py:238,unknown (empty or absent fixture),exact SQLite e2e fixture counts; whole-table statistics (not production or partial-predicate statistics)
package_signature_placements,uq_package_signature_placements_id_org,"id, organization_id",0,0,unknown (empty fixture),0,unknown (empty fixture),True,False,keep,PK/uniqueness correctness exception; non-null unique key,backend/app/services/attestation/placements.py:237,unknown (empty or absent fixture),exact SQLite e2e fixture counts; whole-table statistics (not production or partial-predicate statistics)
package_signature_placements,uq_package_signature_placements_role,"organization_id, package_id, signing_role, field_type, field_index",0,0,unknown (empty fixture),0,unknown (empty fixture),True,False,keep,PK/uniqueness correctness exception; non-null unique key,backend/app/services/attestation/placements.py:237,unknown (empty or absent fixture),exact SQLite e2e fixture counts; whole-table statistics (not production or partial-predicate statistics)
package_signature_recipients,ix_package_signature_recipients_inbox,"organization_id, recipient_user_id, status",0,0,unknown (empty fixture),0,unknown (empty fixture),False,False,keep,required tenant locator; unbounded platform-ID domain; one-bank fixture is not production tenant cardinality,backend/app/services/attestation/routing.py:77,unknown (empty or absent fixture),exact SQLite e2e fixture counts; whole-table statistics (not production or partial-predicate statistics)
package_signature_recipients,package_signature_recipients_pkey,id,0,0,unknown (empty fixture),0,unknown (empty fixture),True,False,keep,PK/uniqueness correctness exception; non-null unique key,backend/app/services/attestation/routing.py:78,unknown (empty or absent fixture),exact SQLite e2e fixture counts; whole-table statistics (not production or partial-predicate statistics)
package_signature_recipients,uq_package_signature_recipients_id_org,"id, organization_id",0,0,unknown (empty fixture),0,unknown (empty fixture),True,False,keep,PK/uniqueness correctness exception; non-null unique key,backend/app/services/attestation/routing.py:77,unknown (empty or absent fixture),exact SQLite e2e fixture counts; whole-table statistics (not production or partial-predicate statistics)
package_signature_recipients,uq_package_signature_recipients_nomination,"organization_id, package_id, attestation_cycle, signing_role, recipient_user_id",0,0,unknown (empty fixture),0,unknown (empty fixture),True,False,keep,PK/uniqueness correctness exception; non-null unique key,backend/app/services/attestation/routing.py:77,unknown (empty or absent fixture),exact SQLite e2e fixture counts; whole-table statistics (not production or partial-predicate statistics)
package_stage_decisions,ix_package_stage_decisions_org_package,"organization_id, package_id",0,0,unknown (empty fixture),0,unknown (empty fixture),False,False,keep,required tenant locator; unbounded platform-ID domain; one-bank fixture is not production tenant cardinality,backend/app/services/filing_workflow/chain.py:152,unknown (empty or absent fixture),exact SQLite e2e fixture counts; whole-table statistics (not production or partial-predicate statistics)
package_stage_decisions,package_stage_decisions_pkey,id,0,0,unknown (empty fixture),0,unknown (empty fixture),True,False,keep,PK/uniqueness correctness exception; non-null unique key,backend/app/services/filing_workflow/chain.py:153,unknown (empty or absent fixture),exact SQLite e2e fixture counts; whole-table statistics (not production or partial-predicate statistics)
package_stage_decisions,uq_package_stage_decisions_forward,"package_id, round, stage_seq",0,0,unknown (empty fixture),0,unknown (empty fixture),True,True,keep,PK/uniqueness correctness exception; non-null unique key,backend/app/services/filing_workflow/chain.py:153,unknown (empty or absent fixture),exact SQLite e2e fixture counts; whole-table statistics (not production or partial-predicate statistics)
package_stage_decisions,uq_package_stage_decisions_id_org,"id, organization_id",0,0,unknown (empty fixture),0,unknown (empty fixture),True,False,keep,PK/uniqueness correctness exception; non-null unique key,backend/app/services/filing_workflow/chain.py:152,unknown (empty or absent fixture),exact SQLite e2e fixture counts; whole-table statistics (not production or partial-predicate statistics)
package_workflow_stages,ix_package_workflow_stages_org_package,"organization_id, package_id",0,0,unknown (empty fixture),0,unknown (empty fixture),False,False,keep,required tenant locator; unbounded platform-ID domain; one-bank fixture is not production tenant cardinality,backend/app/services/regulatory_reporting/packages.py:99,unknown (empty or absent fixture),exact SQLite e2e fixture counts; whole-table statistics (not production or partial-predicate statistics)
package_workflow_stages,package_workflow_stages_pkey,id,0,0,unknown (empty fixture),0,unknown (empty fixture),True,False,keep,PK/uniqueness correctness exception; non-null unique key,backend/app/services/filing_workflow/chain.py:138,unknown (empty or absent fixture),exact SQLite e2e fixture counts; whole-table statistics (not production or partial-predicate statistics)
package_workflow_stages,uq_package_workflow_stages_id_org,"id, organization_id",0,0,unknown (empty fixture),0,unknown (empty fixture),True,False,keep,PK/uniqueness correctness exception; non-null unique key,backend/app/services/regulatory_reporting/packages.py:99,unknown (empty or absent fixture),exact SQLite e2e fixture counts; whole-table statistics (not production or partial-predicate statistics)
package_workflow_stages,uq_package_workflow_stages_key,"package_id, stage_key",0,0,unknown (empty fixture),0,unknown (empty fixture),True,False,keep,PK/uniqueness correctness exception; non-null unique key,backend/app/services/regulatory_reporting/packages.py:100,unknown (empty or absent fixture),exact SQLite e2e fixture counts; whole-table statistics (not production or partial-predicate statistics)
package_workflow_stages,uq_package_workflow_stages_seq,"package_id, seq",0,0,unknown (empty fixture),0,unknown (empty fixture),True,False,keep,PK/uniqueness correctness exception; non-null unique key,backend/app/services/regulatory_reporting/packages.py:100,unknown (empty or absent fixture),exact SQLite e2e fixture counts; whole-table statistics (not production or partial-predicate statistics)
param_capital_threshold,param_capital_threshold_pkey,id,24,24,1.000000,24,1.000000,True,False,keep,PK/uniqueness correctness exception; non-null unique key,backend/app/operator/services/inspector_fix.py:438,0.041667,exact SQLite e2e fixture counts; whole-table statistics (not production or partial-predicate statistics)
param_capital_threshold,uq_param_capital_threshold_scope,"organization_id, jurisdiction_code, threshold_code, effective_from",24,1,0.041667,24,1.000000,True,False,keep,PK/uniqueness correctness exception; non-null unique key,backend/app/operator/services/inspector_fix.py:439,1.000000,exact SQLite e2e fixture counts; whole-table statistics (not production or partial-predicate statistics)
param_concentration_limit,param_concentration_limit_pkey,id,0,0,unknown (empty fixture),0,unknown (empty fixture),True,False,keep,PK/uniqueness correctness exception; non-null unique key,constraint/schema or migration-managed path; workload uncertainty retained,unknown (empty or absent fixture),exact SQLite e2e fixture counts; whole-table statistics (not production or partial-predicate statistics)
param_concentration_limit,uq_param_concentration_limit_scope,"organization_id, jurisdiction_code, dimension, limit_kind, bucket_key, effective_from",0,0,unknown (empty fixture),0,unknown (empty fixture),True,False,keep,PK/uniqueness correctness exception; non-null unique key,backend/app/services/credit_params.py:417,unknown (empty or absent fixture),exact SQLite e2e fixture counts; whole-table statistics (not production or partial-predicate statistics)
param_credit_threshold,param_credit_threshold_pkey,id,0,0,unknown (empty fixture),0,unknown (empty fixture),True,False,keep,PK/uniqueness correctness exception; non-null unique key,constraint/schema or migration-managed path; workload uncertainty retained,unknown (empty or absent fixture),exact SQLite e2e fixture counts; whole-table statistics (not production or partial-predicate statistics)
param_credit_threshold,uq_param_credit_threshold_scope,"organization_id, jurisdiction_code, threshold_code, effective_from",0,0,unknown (empty fixture),0,unknown (empty fixture),True,False,keep,PK/uniqueness correctness exception; non-null unique key,backend/app/services/credit_params.py:512,unknown (empty or absent fixture),exact SQLite e2e fixture counts; whole-table statistics (not production or partial-predicate statistics)
param_crm_haircut,param_crm_haircut_pkey,id,0,0,unknown (empty fixture),0,unknown (empty fixture),True,False,keep,PK/uniqueness correctness exception; non-null unique key,constraint/schema or migration-managed path; workload uncertainty retained,unknown (empty or absent fixture),exact SQLite e2e fixture counts; whole-table statistics (not production or partial-predicate statistics)
param_crm_haircut,uq_param_crm_haircut_scope,"organization_id, jurisdiction_code, collateral_class, effective_from",0,0,unknown (empty fixture),0,unknown (empty fixture),True,False,keep,PK/uniqueness correctness exception; non-null unique key,backend/app/services/credit_params.py:247,unknown (empty or absent fixture),exact SQLite e2e fixture counts; whole-table statistics (not production or partial-predicate statistics)
param_ecl_assumption,param_ecl_assumption_pkey,id,0,0,unknown (empty fixture),0,unknown (empty fixture),True,False,keep,PK/uniqueness correctness exception; non-null unique key,constraint/schema or migration-managed path; workload uncertainty retained,unknown (empty or absent fixture),exact SQLite e2e fixture counts; whole-table statistics (not production or partial-predicate statistics)
param_ecl_assumption,uq_param_ecl_assumption_scope,"organization_id, jurisdiction_code, segment, stage, effective_from",0,0,unknown (empty fixture),0,unknown (empty fixture),True,False,keep,PK/uniqueness correctness exception; non-null unique key,backend/app/services/credit_params.py:93,unknown (empty or absent fixture),exact SQLite e2e fixture counts; whole-table statistics (not production or partial-predicate statistics)
param_lcr_runoff_rate,param_lcr_runoff_rate_pkey,id,12,12,1.000000,12,1.000000,True,False,keep,PK/uniqueness correctness exception; non-null unique key,constraint/schema or migration-managed path; workload uncertainty retained,0.083333,exact SQLite e2e fixture counts; whole-table statistics (not production or partial-predicate statistics)
param_lcr_runoff_rate,uq_param_lcr_runoff_rate_scope,"organization_id, jurisdiction_code, flow_direction, category, effective_from",12,1,0.083333,12,1.000000,True,False,keep,PK/uniqueness correctness exception; non-null unique key,constraint/schema or migration-managed path; workload uncertainty retained,1.000000,exact SQLite e2e fixture counts; whole-table statistics (not production or partial-predicate statistics)
param_liquidity_haircut,param_liquidity_haircut_pkey,id,0,0,unknown (empty fixture),0,unknown (empty fixture),True,False,keep,PK/uniqueness correctness exception; non-null unique key,constraint/schema or migration-managed path; workload uncertainty retained,unknown (empty or absent fixture),exact SQLite e2e fixture counts; whole-table statistics (not production or partial-predicate statistics)
param_liquidity_haircut,uq_param_liquidity_haircut_scope,"organization_id, jurisdiction_code, asset_class, effective_from",0,0,unknown (empty fixture),0,unknown (empty fixture),True,False,keep,PK/uniqueness correctness exception; non-null unique key,backend/app/services/liquidity_thresholds.py:370,unknown (empty or absent fixture),exact SQLite e2e fixture counts; whole-table statistics (not production or partial-predicate statistics)
param_liquidity_threshold,param_liquidity_threshold_pkey,id,0,0,unknown (empty fixture),0,unknown (empty fixture),True,False,keep,PK/uniqueness correctness exception; non-null unique key,backend/app/operator/services/inspector_fix.py:428,unknown (empty or absent fixture),exact SQLite e2e fixture counts; whole-table statistics (not production or partial-predicate statistics)
param_liquidity_threshold,uq_param_liquidity_threshold_scope,"organization_id, jurisdiction_code, institution_class, threshold_code, effective_from",0,0,unknown (empty fixture),0,unknown (empty fixture),True,False,keep,PK/uniqueness correctness exception; non-null unique key,backend/app/services/liquidity_thresholds.py:211,unknown (empty or absent fixture),exact SQLite e2e fixture counts; whole-table statistics (not production or partial-predicate statistics)
param_nsfr_weight,param_nsfr_weight_pkey,id,21,21,1.000000,21,1.000000,True,False,keep,PK/uniqueness correctness exception; non-null unique key,constraint/schema or migration-managed path; workload uncertainty retained,0.047619,exact SQLite e2e fixture counts; whole-table statistics (not production or partial-predicate statistics)
param_nsfr_weight,uq_param_nsfr_weight_scope,"organization_id, jurisdiction_code, side, category, effective_from",21,1,0.047619,21,1.000000,True,False,keep,PK/uniqueness correctness exception; non-null unique key,constraint/schema or migration-managed path; workload uncertainty retained,1.000000,exact SQLite e2e fixture counts; whole-table statistics (not production or partial-predicate statistics)
param_risk_weight,param_risk_weight_pkey,id,7,7,1.000000,7,1.000000,True,False,keep,PK/uniqueness correctness exception; non-null unique key,constraint/schema or migration-managed path; workload uncertainty retained,0.142857,exact SQLite e2e fixture counts; whole-table statistics (not production or partial-predicate statistics)
param_risk_weight,uq_param_risk_weight_scope,"organization_id, jurisdiction_code, risk_weight_code, effective_from",7,1,0.142857,7,1.000000,True,False,keep,PK/uniqueness correctness exception; non-null unique key,constraint/schema or migration-managed path; workload uncertainty retained,1.000000,exact SQLite e2e fixture counts; whole-table statistics (not production or partial-predicate statistics)
param_stress_shock,param_stress_shock_pkey,id,92,92,1.000000,92,1.000000,True,False,keep,PK/uniqueness correctness exception; non-null unique key,constraint/schema or migration-managed path; workload uncertainty retained,0.010870,exact SQLite e2e fixture counts; whole-table statistics (not production or partial-predicate statistics)
param_stress_shock,uq_param_stress_shock_scope,"organization_id, jurisdiction_code, module, scenario_code, shock_key, effective_from",92,1,0.010870,92,1.000000,True,False,keep,PK/uniqueness correctness exception; non-null unique key,constraint/schema or migration-managed path; workload uncertainty retained,1.000000,exact SQLite e2e fixture counts; whole-table statistics (not production or partial-predicate statistics)
platform_id_legacy_map,platform_id_legacy_map_pkey,"entity_type, legacy_uuid",not populated,not populated,unknown,not populated,unknown,True,False,keep,PK/uniqueness correctness exception; non-null unique key,constraint/schema or migration-managed path; workload uncertainty retained,unknown (empty or absent fixture),exact SQLite e2e fixture counts; whole-table statistics (not production or partial-predicate statistics)
reconciliation_exceptions,ix_reconciliation_exceptions_lookup,"organization_id, bank_id, control, effective_from",1,1,1.000000,1,1.000000,False,False,keep,required tenant locator; unbounded platform-ID domain; one-bank fixture is not production tenant cardinality,backend/app/features/manage_reconciliation.py:80,1.000000,exact SQLite e2e fixture counts; whole-table statistics (not production or partial-predicate statistics)
reconciliation_exceptions,reconciliation_exceptions_pkey,id,1,1,1.000000,1,1.000000,True,False,keep,PK/uniqueness correctness exception; non-null unique key,backend/app/features/manage_reconciliation.py:81,1.000000,exact SQLite e2e fixture counts; whole-table statistics (not production or partial-predicate statistics)
refresh_tokens,ix_refresh_tokens_expires_at,expires_at,0,0,unknown (empty fixture),0,unknown (empty fixture),False,False,keep,UUID/reference/hash/time locator; unbounded schema domain; unknown production cardinality is not evidence to remove,constraint/schema or migration-managed path; workload uncertainty retained,unknown (empty or absent fixture),exact SQLite e2e fixture counts; whole-table statistics (not production or partial-predicate statistics)
refresh_tokens,ix_refresh_tokens_family_id,family_id,0,0,unknown (empty fixture),0,unknown (empty fixture),False,False,keep,UUID/reference/hash/time locator; unbounded schema domain; unknown production cardinality is not evidence to remove,backend/app/identity/service/authentication.py:221,unknown (empty or absent fixture),exact SQLite e2e fixture counts; whole-table statistics (not production or partial-predicate statistics)
refresh_tokens,ix_refresh_tokens_organization_id,organization_id,0,0,unknown (empty fixture),0,unknown (empty fixture),False,False,keep,required tenant locator; unbounded platform-ID domain; one-bank fixture is not production tenant cardinality,constraint/schema or migration-managed path; workload uncertainty retained,unknown (empty or absent fixture),exact SQLite e2e fixture counts; whole-table statistics (not production or partial-predicate statistics)
refresh_tokens,ix_refresh_tokens_user_id,user_id,0,0,unknown (empty fixture),0,unknown (empty fixture),False,False,keep,UUID/reference/hash/time locator; unbounded schema domain; unknown production cardinality is not evidence to remove,backend/app/identity/service/authentication.py:234,unknown (empty or absent fixture),exact SQLite e2e fixture counts; whole-table statistics (not production or partial-predicate statistics)
refresh_tokens,refresh_tokens_pkey,id,0,0,unknown (empty fixture),0,unknown (empty fixture),True,False,keep,PK/uniqueness correctness exception; non-null unique key,backend/app/identity/service/authentication.py:580,unknown (empty or absent fixture),exact SQLite e2e fixture counts; whole-table statistics (not production or partial-predicate statistics)
refresh_tokens,uq_refresh_tokens_token_hash,token_hash,0,0,unknown (empty fixture),0,unknown (empty fixture),True,False,keep,PK/uniqueness correctness exception; non-null unique key,constraint/schema or migration-managed path; workload uncertainty retained,unknown (empty or absent fixture),exact SQLite e2e fixture counts; whole-table statistics (not production or partial-predicate statistics)
regulatory_artifact_versions,ix_regulatory_artifact_versions_org_package_kind,"organization_id, package_id, kind",0,0,unknown (empty fixture),0,unknown (empty fixture),False,False,keep,required tenant locator; unbounded platform-ID domain; one-bank fixture is not production tenant cardinality,backend/app/api/deps.py:2205,unknown (empty or absent fixture),exact SQLite e2e fixture counts; whole-table statistics (not production or partial-predicate statistics)
regulatory_artifact_versions,regulatory_artifact_versions_pkey,id,0,0,unknown (empty fixture),0,unknown (empty fixture),True,False,keep,PK/uniqueness correctness exception; non-null unique key,backend/app/api/deps.py:2204,unknown (empty or absent fixture),exact SQLite e2e fixture counts; whole-table statistics (not production or partial-predicate statistics)
regulatory_artifact_versions,uq_regulatory_artifact_versions_id_org,"id, organization_id",0,0,unknown (empty fixture),0,unknown (empty fixture),True,False,keep,PK/uniqueness correctness exception; non-null unique key,backend/app/api/deps.py:2204,unknown (empty or absent fixture),exact SQLite e2e fixture counts; whole-table statistics (not production or partial-predicate statistics)
regulatory_channel_configs,ix_regulatory_channel_configs_org_bank,"organization_id, bank_id",0,0,unknown (empty fixture),0,unknown (empty fixture),False,False,drop,redundant complete leading keys in retained unique index,backend/app/services/regulatory_reporting/channel_config.py:51,unknown (empty or absent fixture),exact SQLite e2e fixture counts; whole-table statistics (not production or partial-predicate statistics)
regulatory_channel_configs,regulatory_channel_configs_pkey,id,0,0,unknown (empty fixture),0,unknown (empty fixture),True,False,keep,PK/uniqueness correctness exception; non-null unique key,constraint/schema or migration-managed path; workload uncertainty retained,unknown (empty or absent fixture),exact SQLite e2e fixture counts; whole-table statistics (not production or partial-predicate statistics)
regulatory_channel_configs,uq_regulatory_channel_configs_id_org,"id, organization_id",0,0,unknown (empty fixture),0,unknown (empty fixture),True,False,keep,PK/uniqueness correctness exception; non-null unique key,backend/app/services/regulatory_reporting/channel_config.py:51,unknown (empty or absent fixture),exact SQLite e2e fixture counts; whole-table statistics (not production or partial-predicate statistics)
regulatory_channel_configs,uq_regulatory_channel_configs_scope,"organization_id, bank_id, channel",0,0,unknown (empty fixture),0,unknown (empty fixture),True,False,keep,PK/uniqueness correctness exception; non-null unique key,backend/app/services/regulatory_reporting/channel_config.py:51,unknown (empty or absent fixture),exact SQLite e2e fixture counts; whole-table statistics (not production or partial-predicate statistics)
regulatory_line_items,ix_regulatory_line_items_run_id,run_id,0,0,unknown (empty fixture),0,unknown (empty fixture),False,False,drop,redundant complete leading keys in retained unique index,backend/app/services/regulatory_capital.py:1223,unknown (empty or absent fixture),exact SQLite e2e fixture counts; whole-table statistics (not production or partial-predicate statistics)
regulatory_line_items,regulatory_line_items_pkey,id,0,0,unknown (empty fixture),0,unknown (empty fixture),True,False,keep,PK/uniqueness correctness exception; non-null unique key,backend/app/services/regulatory_capital.py:1223,unknown (empty or absent fixture),exact SQLite e2e fixture counts; whole-table statistics (not production or partial-predicate statistics)
regulatory_line_items,uq_regulatory_line_items_run_section_line,"run_id, section, line_code",0,0,unknown (empty fixture),0,unknown (empty fixture),True,False,keep,PK/uniqueness correctness exception; non-null unique key,backend/app/services/regulatory_capital.py:1223,unknown (empty or absent fixture),exact SQLite e2e fixture counts; whole-table statistics (not production or partial-predicate statistics)
regulatory_metric_results,ix_regulatory_metric_results_run_id,run_id,0,0,unknown (empty fixture),0,unknown (empty fixture),False,False,drop,redundant complete leading keys in retained unique index,backend/app/services/capital_plan.py:745,unknown (empty or absent fixture),exact SQLite e2e fixture counts; whole-table statistics (not production or partial-predicate statistics)
regulatory_metric_results,regulatory_metric_results_pkey,id,0,0,unknown (empty fixture),0,unknown (empty fixture),True,False,keep,PK/uniqueness correctness exception; non-null unique key,backend/app/services/capital_plan.py:745,unknown (empty or absent fixture),exact SQLite e2e fixture counts; whole-table statistics (not production or partial-predicate statistics)
regulatory_metric_results,uq_regulatory_metric_results_run_metric,"run_id, metric_code",0,0,unknown (empty fixture),0,unknown (empty fixture),True,False,keep,PK/uniqueness correctness exception; non-null unique key,backend/app/services/capital_plan.py:745,unknown (empty or absent fixture),exact SQLite e2e fixture counts; whole-table statistics (not production or partial-predicate statistics)
regulatory_package_approvals,ix_regulatory_package_approvals_org_package,"organization_id, package_id",0,0,unknown (empty fixture),0,unknown (empty fixture),False,False,keep,required tenant locator; unbounded platform-ID domain; one-bank fixture is not production tenant cardinality,backend/app/services/regulatory_reporting/common.py:207,unknown (empty or absent fixture),exact SQLite e2e fixture counts; whole-table statistics (not production or partial-predicate statistics)
regulatory_package_approvals,regulatory_package_approvals_pkey,id,0,0,unknown (empty fixture),0,unknown (empty fixture),True,False,keep,PK/uniqueness correctness exception; non-null unique key,backend/app/services/regulatory_reporting/common.py:207,unknown (empty or absent fixture),exact SQLite e2e fixture counts; whole-table statistics (not production or partial-predicate statistics)
regulatory_package_approvals,uq_regulatory_package_approvals_id_org,"id, organization_id",0,0,unknown (empty fixture),0,unknown (empty fixture),True,False,keep,PK/uniqueness correctness exception; non-null unique key,backend/app/services/regulatory_reporting/common.py:207,unknown (empty or absent fixture),exact SQLite e2e fixture counts; whole-table statistics (not production or partial-predicate statistics)
regulatory_package_artifacts,ix_regulatory_package_artifacts_org_package,"organization_id, package_id",0,0,unknown (empty fixture),0,unknown (empty fixture),False,False,drop,redundant complete leading keys in retained unique index,backend/app/api/deps.py:2196,unknown (empty or absent fixture),exact SQLite e2e fixture counts; whole-table statistics (not production or partial-predicate statistics)
regulatory_package_artifacts,regulatory_package_artifacts_pkey,id,0,0,unknown (empty fixture),0,unknown (empty fixture),True,False,keep,PK/uniqueness correctness exception; non-null unique key,backend/app/api/deps.py:2195,unknown (empty or absent fixture),exact SQLite e2e fixture counts; whole-table statistics (not production or partial-predicate statistics)
regulatory_package_artifacts,uq_regulatory_package_artifacts_id_org,"id, organization_id",0,0,unknown (empty fixture),0,unknown (empty fixture),True,False,keep,PK/uniqueness correctness exception; non-null unique key,backend/app/api/deps.py:2195,unknown (empty or absent fixture),exact SQLite e2e fixture counts; whole-table statistics (not production or partial-predicate statistics)
regulatory_package_artifacts,uq_regulatory_package_artifacts_pkg_kind,"organization_id, package_id, kind",0,0,unknown (empty fixture),0,unknown (empty fixture),True,False,keep,PK/uniqueness correctness exception; non-null unique key,backend/app/api/deps.py:2196,unknown (empty or absent fixture),exact SQLite e2e fixture counts; whole-table statistics (not production or partial-predicate statistics)
regulatory_package_attachment_withdrawals,regulatory_package_attachment_withdrawals_pkey,id,0,0,unknown (empty fixture),0,unknown (empty fixture),True,False,keep,PK/uniqueness correctness exception; non-null unique key,backend/app/services/regulatory_reporting/attachments.py:100,unknown (empty or absent fixture),exact SQLite e2e fixture counts; whole-table statistics (not production or partial-predicate statistics)
regulatory_package_attachment_withdrawals,uq_regulatory_package_attachment_withdrawals_attachment,attachment_id,0,0,unknown (empty fixture),0,unknown (empty fixture),True,False,keep,PK/uniqueness correctness exception; non-null unique key,constraint/schema or migration-managed path; workload uncertainty retained,unknown (empty or absent fixture),exact SQLite e2e fixture counts; whole-table statistics (not production or partial-predicate statistics)
regulatory_package_attachment_withdrawals,uq_regulatory_package_attachment_withdrawals_id_org,"id, organization_id",0,0,unknown (empty fixture),0,unknown (empty fixture),True,False,keep,PK/uniqueness correctness exception; non-null unique key,backend/app/services/regulatory_reporting/attachments.py:99,unknown (empty or absent fixture),exact SQLite e2e fixture counts; whole-table statistics (not production or partial-predicate statistics)
regulatory_package_attachments,ix_regulatory_package_attachments_org_package_kind,"organization_id, package_id, kind",0,0,unknown (empty fixture),0,unknown (empty fixture),False,False,keep,required tenant locator; unbounded platform-ID domain; one-bank fixture is not production tenant cardinality,backend/app/services/regulatory_reporting/attachments.py:113,unknown (empty or absent fixture),exact SQLite e2e fixture counts; whole-table statistics (not production or partial-predicate statistics)
regulatory_package_attachments,regulatory_package_attachments_pkey,id,0,0,unknown (empty fixture),0,unknown (empty fixture),True,False,keep,PK/uniqueness correctness exception; non-null unique key,backend/app/services/regulatory_reporting/attachments.py:114,unknown (empty or absent fixture),exact SQLite e2e fixture counts; whole-table statistics (not production or partial-predicate statistics)
regulatory_package_attachments,uq_regulatory_package_attachments_id_org,"id, organization_id",0,0,unknown (empty fixture),0,unknown (empty fixture),True,False,keep,PK/uniqueness correctness exception; non-null unique key,backend/app/services/regulatory_reporting/attachments.py:113,unknown (empty or absent fixture),exact SQLite e2e fixture counts; whole-table statistics (not production or partial-predicate statistics)
regulatory_packages,ix_regulatory_packages_org_bank_reporting_date,"organization_id, bank_id, reporting_date",0,0,unknown (empty fixture),0,unknown (empty fixture),False,False,keep,required tenant locator; unbounded platform-ID domain; one-bank fixture is not production tenant cardinality,backend/app/api/deps.py:2213,unknown (empty or absent fixture),exact SQLite e2e fixture counts; whole-table statistics (not production or partial-predicate statistics)
regulatory_packages,ix_regulatory_packages_org_bank_status,"organization_id, bank_id, status",0,0,unknown (empty fixture),0,unknown (empty fixture),False,False,keep,required tenant locator; unbounded platform-ID domain; one-bank fixture is not production tenant cardinality,backend/app/api/deps.py:2213,unknown (empty or absent fixture),exact SQLite e2e fixture counts; whole-table statistics (not production or partial-predicate statistics)
regulatory_packages,regulatory_packages_pkey,id,0,0,unknown (empty fixture),0,unknown (empty fixture),True,False,keep,PK/uniqueness correctness exception; non-null unique key,backend/app/api/deps.py:2212,unknown (empty or absent fixture),exact SQLite e2e fixture counts; whole-table statistics (not production or partial-predicate statistics)
regulatory_packages,uq_regulatory_packages_current,"organization_id, bank_id, return_code, reporting_date, basis, is_rehearsal",0,0,unknown (empty fixture),0,unknown (empty fixture),True,True,keep,PK/uniqueness correctness exception; non-null unique key,backend/app/api/deps.py:2213,unknown (empty or absent fixture),exact SQLite e2e fixture counts; whole-table statistics (not production or partial-predicate statistics)
regulatory_packages,uq_regulatory_packages_id_org,"id, organization_id",0,0,unknown (empty fixture),0,unknown (empty fixture),True,False,keep,PK/uniqueness correctness exception; non-null unique key,backend/app/api/deps.py:2212,unknown (empty or absent fixture),exact SQLite e2e fixture counts; whole-table statistics (not production or partial-predicate statistics)
regulatory_parameter,ix_regulatory_parameter_resolution,"param_code, scope_type, scope_key, jurisdiction_code, effective_from",164,108,0.658537,164,1.000000,False,False,keep (composite exception),required dimension prefix followed by date/hash/scope; selective combined query keys,backend/app/services/regulatory_parameters.py:1874,0.042683,exact SQLite e2e fixture counts; whole-table statistics (not production or partial-predicate statistics)
regulatory_parameter,regulatory_parameter_pkey,id,164,164,1.000000,164,1.000000,True,False,keep,PK/uniqueness correctness exception; non-null unique key,backend/app/services/regulatory_parameters.py:1885,0.006098,exact SQLite e2e fixture counts; whole-table statistics (not production or partial-predicate statistics)
regulatory_parameter,uq_regulatory_parameter_generation,"scope_type, scope_key, param_code, jurisdiction_code, effective_from",164,2,0.012195,164,1.000000,True,False,keep,PK/uniqueness correctness exception; non-null unique key,backend/app/services/regulatory_parameters.py:1874,0.957317,exact SQLite e2e fixture counts; whole-table statistics (not production or partial-predicate statistics)
regulatory_reporting_settings,ix_regulatory_reporting_settings_org_bank,"organization_id, bank_id",0,0,unknown (empty fixture),0,unknown (empty fixture),False,False,drop,redundant complete leading keys in retained unique index,backend/app/services/regulatory_reporting/reporting_settings.py:40,unknown (empty or absent fixture),exact SQLite e2e fixture counts; whole-table statistics (not production or partial-predicate statistics)
regulatory_reporting_settings,regulatory_reporting_settings_pkey,id,0,0,unknown (empty fixture),0,unknown (empty fixture),True,False,keep,PK/uniqueness correctness exception; non-null unique key,constraint/schema or migration-managed path; workload uncertainty retained,unknown (empty or absent fixture),exact SQLite e2e fixture counts; whole-table statistics (not production or partial-predicate statistics)
regulatory_reporting_settings,uq_regulatory_reporting_settings_id_org,"id, organization_id",0,0,unknown (empty fixture),0,unknown (empty fixture),True,False,keep,PK/uniqueness correctness exception; non-null unique key,backend/app/services/regulatory_reporting/reporting_settings.py:40,unknown (empty or absent fixture),exact SQLite e2e fixture counts; whole-table statistics (not production or partial-predicate statistics)
regulatory_reporting_settings,uq_regulatory_reporting_settings_scope,"organization_id, bank_id",0,0,unknown (empty fixture),0,unknown (empty fixture),True,False,keep,PK/uniqueness correctness exception; non-null unique key,backend/app/services/regulatory_reporting/reporting_settings.py:40,unknown (empty or absent fixture),exact SQLite e2e fixture counts; whole-table statistics (not production or partial-predicate statistics)
regulatory_resubmission_requests,ix_regulatory_resubmission_requests_org_package,"organization_id, package_id",0,0,unknown (empty fixture),0,unknown (empty fixture),False,False,keep,required tenant locator; unbounded platform-ID domain; one-bank fixture is not production tenant cardinality,backend/app/services/regulatory_reporting/workflow.py:1437,unknown (empty or absent fixture),exact SQLite e2e fixture counts; whole-table statistics (not production or partial-predicate statistics)
regulatory_resubmission_requests,regulatory_resubmission_requests_pkey,id,0,0,unknown (empty fixture),0,unknown (empty fixture),True,False,keep,PK/uniqueness correctness exception; non-null unique key,backend/app/services/regulatory_reporting/workflow.py:1487,unknown (empty or absent fixture),exact SQLite e2e fixture counts; whole-table statistics (not production or partial-predicate statistics)
regulatory_resubmission_requests,uq_regulatory_resubmission_requests_id_org,"id, organization_id",0,0,unknown (empty fixture),0,unknown (empty fixture),True,False,keep,PK/uniqueness correctness exception; non-null unique key,backend/app/services/regulatory_reporting/workflow.py:1437,unknown (empty or absent fixture),exact SQLite e2e fixture counts; whole-table statistics (not production or partial-predicate statistics)
regulatory_runs,ix_regulatory_runs_org_bank_module_scenario,"organization_id, bank_id, module, scenario_code",0,0,unknown (empty fixture),0,unknown (empty fixture),False,False,keep,required tenant locator; unbounded platform-ID domain; one-bank fixture is not production tenant cardinality,backend/app/services/freshness.py:141,unknown (empty or absent fixture),exact SQLite e2e fixture counts; whole-table statistics (not production or partial-predicate statistics)
regulatory_runs,ix_regulatory_runs_org_input_hash,"organization_id, input_hash",0,0,unknown (empty fixture),0,unknown (empty fixture),False,False,keep,required tenant locator; unbounded platform-ID domain; one-bank fixture is not production tenant cardinality,backend/app/services/freshness.py:141,unknown (empty or absent fixture),exact SQLite e2e fixture counts; whole-table statistics (not production or partial-predicate statistics)
regulatory_runs,regulatory_runs_pkey,id,0,0,unknown (empty fixture),0,unknown (empty fixture),True,False,keep,PK/uniqueness correctness exception; non-null unique key,backend/app/services/freshness.py:142,unknown (empty or absent fixture),exact SQLite e2e fixture counts; whole-table statistics (not production or partial-predicate statistics)
regulatory_runs,uq_regulatory_runs_id_org_bank,"id, organization_id, bank_id",0,0,unknown (empty fixture),0,unknown (empty fixture),True,False,keep,PK/uniqueness correctness exception; non-null unique key,backend/app/services/freshness.py:141,unknown (empty or absent fixture),exact SQLite e2e fixture counts; whole-table statistics (not production or partial-predicate statistics)
regulatory_submission_events,ix_regulatory_submission_events_org_package,"organization_id, package_id",0,0,unknown (empty fixture),0,unknown (empty fixture),False,False,keep,required tenant locator; unbounded platform-ID domain; one-bank fixture is not production tenant cardinality,backend/app/services/regulatory_reporting/calendar.py:148,unknown (empty or absent fixture),exact SQLite e2e fixture counts; whole-table statistics (not production or partial-predicate statistics)
regulatory_submission_events,regulatory_submission_events_pkey,id,0,0,unknown (empty fixture),0,unknown (empty fixture),True,False,keep,PK/uniqueness correctness exception; non-null unique key,backend/app/services/regulatory_reporting/workflow.py:734,unknown (empty or absent fixture),exact SQLite e2e fixture counts; whole-table statistics (not production or partial-predicate statistics)
regulatory_submission_events,uq_regulatory_submission_events_id_org,"id, organization_id",0,0,unknown (empty fixture),0,unknown (empty fixture),True,False,keep,PK/uniqueness correctness exception; non-null unique key,backend/app/services/regulatory_reporting/calendar.py:148,unknown (empty or absent fixture),exact SQLite e2e fixture counts; whole-table statistics (not production or partial-predicate statistics)
regulatory_validations,ix_regulatory_validations_run_id,run_id,0,0,unknown (empty fixture),0,unknown (empty fixture),False,False,drop,redundant complete leading keys in retained unique index,backend/app/services/regulatory_capital.py:1929,unknown (empty or absent fixture),exact SQLite e2e fixture counts; whole-table statistics (not production or partial-predicate statistics)
regulatory_validations,regulatory_validations_pkey,id,0,0,unknown (empty fixture),0,unknown (empty fixture),True,False,keep,PK/uniqueness correctness exception; non-null unique key,backend/app/services/regulatory_capital.py:1929,unknown (empty or absent fixture),exact SQLite e2e fixture counts; whole-table statistics (not production or partial-predicate statistics)
regulatory_validations,uq_regulatory_validations_run_rule,"run_id, rule_code",0,0,unknown (empty fixture),0,unknown (empty fixture),True,False,keep,PK/uniqueness correctness exception; non-null unique key,backend/app/services/regulatory_capital.py:1929,unknown (empty or absent fixture),exact SQLite e2e fixture counts; whole-table statistics (not production or partial-predicate statistics)
related_parties,ix_related_parties_org_bank,"organization_id, bank_id",0,0,unknown (empty fixture),0,unknown (empty fixture),False,False,keep,required tenant locator; unbounded platform-ID domain; one-bank fixture is not production tenant cardinality,backend/app/services/regulatory_reporting/le_generation.py:1723,unknown (empty or absent fixture),exact SQLite e2e fixture counts; whole-table statistics (not production or partial-predicate statistics)
related_parties,related_parties_pkey,id,0,0,unknown (empty fixture),0,unknown (empty fixture),True,False,keep,PK/uniqueness correctness exception; non-null unique key,backend/app/services/regulatory_reporting/le_generation.py:1724,unknown (empty or absent fixture),exact SQLite e2e fixture counts; whole-table statistics (not production or partial-predicate statistics)
related_parties,uq_related_parties_id_org,"id, organization_id",0,0,unknown (empty fixture),0,unknown (empty fixture),True,False,keep,PK/uniqueness correctness exception; non-null unique key,backend/app/services/regulatory_reporting/le_generation.py:1723,unknown (empty or absent fixture),exact SQLite e2e fixture counts; whole-table statistics (not production or partial-predicate statistics)
related_party_roles,ix_related_party_roles_org_party,"organization_id, party_id",0,0,unknown (empty fixture),0,unknown (empty fixture),False,False,keep,required tenant locator; unbounded platform-ID domain; one-bank fixture is not production tenant cardinality,backend/app/services/attestation/register_state.py:161,unknown (empty or absent fixture),exact SQLite e2e fixture counts; whole-table statistics (not production or partial-predicate statistics)
related_party_roles,related_party_roles_pkey,id,0,0,unknown (empty fixture),0,unknown (empty fixture),True,False,keep,PK/uniqueness correctness exception; non-null unique key,backend/app/identity/service/institution_profile.py:455,unknown (empty or absent fixture),exact SQLite e2e fixture counts; whole-table statistics (not production or partial-predicate statistics)
related_party_roles,uq_related_party_roles_id_org,"id, organization_id",0,0,unknown (empty fixture),0,unknown (empty fixture),True,False,keep,PK/uniqueness correctness exception; non-null unique key,backend/app/services/attestation/register_state.py:161,unknown (empty or absent fixture),exact SQLite e2e fixture counts; whole-table statistics (not production or partial-predicate statistics)
return_signature_placements,return_signature_placements_pkey,id,0,0,unknown (empty fixture),0,unknown (empty fixture),True,False,keep,PK/uniqueness correctness exception; non-null unique key,constraint/schema or migration-managed path; workload uncertainty retained,unknown (empty or absent fixture),exact SQLite e2e fixture counts; whole-table statistics (not production or partial-predicate statistics)
return_signature_placements,uq_return_signature_placements_bank,"organization_id, bank_id, return_code, signing_role, field_type, field_index",0,0,unknown (empty fixture),0,unknown (empty fixture),True,True,keep,PK/uniqueness correctness exception; non-null unique key,backend/app/services/attestation/placements.py:129,unknown (empty or absent fixture),exact SQLite e2e fixture counts; whole-table statistics (not production or partial-predicate statistics)
return_signature_placements,uq_return_signature_placements_id_org,"id, organization_id",0,0,unknown (empty fixture),0,unknown (empty fixture),True,False,keep,PK/uniqueness correctness exception; non-null unique key,backend/app/services/attestation/placements.py:129,unknown (empty or absent fixture),exact SQLite e2e fixture counts; whole-table statistics (not production or partial-predicate statistics)
return_signature_placements,uq_return_signature_placements_org,"organization_id, return_code, signing_role, field_type, field_index",0,0,unknown (empty fixture),0,unknown (empty fixture),True,True,keep,PK/uniqueness correctness exception; non-null unique key,backend/app/services/attestation/placements.py:129,unknown (empty or absent fixture),exact SQLite e2e fixture counts; whole-table statistics (not production or partial-predicate statistics)
return_signing_policies,ix_return_signing_policies_scope,"organization_id, bank_id, return_code, return_family",0,0,unknown (empty fixture),0,unknown (empty fixture),False,False,keep,required tenant locator; unbounded platform-ID domain; one-bank fixture is not production tenant cardinality,backend/app/services/attestation_api.py:450,unknown (empty or absent fixture),exact SQLite e2e fixture counts; whole-table statistics (not production or partial-predicate statistics)
return_signing_policies,return_signing_policies_pkey,id,0,0,unknown (empty fixture),0,unknown (empty fixture),True,False,keep,PK/uniqueness correctness exception; non-null unique key,constraint/schema or migration-managed path; workload uncertainty retained,unknown (empty or absent fixture),exact SQLite e2e fixture counts; whole-table statistics (not production or partial-predicate statistics)
return_signing_policies,uq_return_signing_policies_id_org,"id, organization_id",0,0,unknown (empty fixture),0,unknown (empty fixture),True,False,keep,PK/uniqueness correctness exception; non-null unique key,backend/app/services/attestation_api.py:450,unknown (empty or absent fixture),exact SQLite e2e fixture counts; whole-table statistics (not production or partial-predicate statistics)
risk_assessment_runs,risk_assessment_runs_pkey,id,0,0,unknown (empty fixture),0,unknown (empty fixture),True,False,keep,PK/uniqueness correctness exception; non-null unique key,backend/app/services/assessments.py:48,unknown (empty or absent fixture),exact SQLite e2e fixture counts; whole-table statistics (not production or partial-predicate statistics)
risk_assessments,risk_assessments_pkey,id,0,0,unknown (empty fixture),0,unknown (empty fixture),True,False,keep,PK/uniqueness correctness exception; non-null unique key,backend/app/services/reports.py:108,unknown (empty or absent fixture),exact SQLite e2e fixture counts; whole-table statistics (not production or partial-predicate statistics)
risk_case_decisions,ix_risk_case_decisions_organization_id_case_id,"organization_id, case_id",0,0,unknown (empty fixture),0,unknown (empty fixture),False,False,keep,required tenant locator; unbounded platform-ID domain; one-bank fixture is not production tenant cardinality,backend/app/services/cases.py:467,unknown (empty or absent fixture),exact SQLite e2e fixture counts; whole-table statistics (not production or partial-predicate statistics)
risk_case_decisions,risk_case_decisions_pkey,id,0,0,unknown (empty fixture),0,unknown (empty fixture),True,False,keep,PK/uniqueness correctness exception; non-null unique key,constraint/schema or migration-managed path; workload uncertainty retained,unknown (empty or absent fixture),exact SQLite e2e fixture counts; whole-table statistics (not production or partial-predicate statistics)
risk_cases,ix_risk_cases_organization_id_assigned_to,"organization_id, assigned_to_user_id",0,0,unknown (empty fixture),0,unknown (empty fixture),False,False,keep,required tenant locator; unbounded platform-ID domain; one-bank fixture is not production tenant cardinality,backend/app/services/cases.py:60,unknown (empty or absent fixture),exact SQLite e2e fixture counts; whole-table statistics (not production or partial-predicate statistics)
risk_cases,ix_risk_cases_organization_id_created_at,"organization_id, created_at",0,0,unknown (empty fixture),0,unknown (empty fixture),False,False,keep,required tenant locator; unbounded platform-ID domain; one-bank fixture is not production tenant cardinality,backend/app/services/cases.py:60,unknown (empty or absent fixture),exact SQLite e2e fixture counts; whole-table statistics (not production or partial-predicate statistics)
risk_cases,ix_risk_cases_organization_id_status,"organization_id, status",0,0,unknown (empty fixture),0,unknown (empty fixture),False,False,keep,required tenant locator; unbounded platform-ID domain; one-bank fixture is not production tenant cardinality,backend/app/services/cases.py:60,unknown (empty or absent fixture),exact SQLite e2e fixture counts; whole-table statistics (not production or partial-predicate statistics)
risk_cases,risk_cases_pkey,id,0,0,unknown (empty fixture),0,unknown (empty fixture),True,False,keep,PK/uniqueness correctness exception; non-null unique key,backend/app/services/cases.py:60,unknown (empty or absent fixture),exact SQLite e2e fixture counts; whole-table statistics (not production or partial-predicate statistics)
risk_cases,uq_risk_cases_id_organization_id,"id, organization_id",0,0,unknown (empty fixture),0,unknown (empty fixture),True,False,keep,PK/uniqueness correctness exception; non-null unique key,backend/app/services/cases.py:60,unknown (empty or absent fixture),exact SQLite e2e fixture counts; whole-table statistics (not production or partial-predicate statistics)
risk_finding_evidence,risk_finding_evidence_pkey,id,0,0,unknown (empty fixture),0,unknown (empty fixture),True,False,keep,PK/uniqueness correctness exception; non-null unique key,backend/app/services/findings.py:264,unknown (empty or absent fixture),exact SQLite e2e fixture counts; whole-table statistics (not production or partial-predicate statistics)
risk_findings,ix_risk_findings_liquidity_calculation_run,"organization_id, case_id, (((details -> 'liquidity'::text",not populated,not populated,unknown,not populated,unknown,False,True,keep,required tenant locator; unbounded platform-ID domain; one-bank fixture is not production tenant cardinality,backend/app/services/liquidity.py:327,unknown (empty or absent fixture),exact SQLite e2e fixture counts; whole-table statistics (not production or partial-predicate statistics)
risk_findings,ix_risk_findings_organization_id_assessment_id,"organization_id, assessment_id",0,0,unknown (empty fixture),0,unknown (empty fixture),False,False,keep,required tenant locator; unbounded platform-ID domain; one-bank fixture is not production tenant cardinality,backend/app/services/liquidity.py:327,unknown (empty or absent fixture),exact SQLite e2e fixture counts; whole-table statistics (not production or partial-predicate statistics)
risk_findings,ix_risk_findings_organization_id_case_id,"organization_id, case_id",0,0,unknown (empty fixture),0,unknown (empty fixture),False,False,keep,required tenant locator; unbounded platform-ID domain; one-bank fixture is not production tenant cardinality,backend/app/services/liquidity.py:327,unknown (empty or absent fixture),exact SQLite e2e fixture counts; whole-table statistics (not production or partial-predicate statistics)
risk_findings,ix_risk_findings_organization_id_severity,"organization_id, severity",0,0,unknown (empty fixture),0,unknown (empty fixture),False,False,keep,required tenant locator; unbounded platform-ID domain; one-bank fixture is not production tenant cardinality,backend/app/services/liquidity.py:327,unknown (empty or absent fixture),exact SQLite e2e fixture counts; whole-table statistics (not production or partial-predicate statistics)
risk_findings,ix_risk_findings_organization_id_status,"organization_id, status",0,0,unknown (empty fixture),0,unknown (empty fixture),False,False,keep,required tenant locator; unbounded platform-ID domain; one-bank fixture is not production tenant cardinality,backend/app/services/liquidity.py:327,unknown (empty or absent fixture),exact SQLite e2e fixture counts; whole-table statistics (not production or partial-predicate statistics)
risk_findings,risk_findings_pkey,id,0,0,unknown (empty fixture),0,unknown (empty fixture),True,False,keep,PK/uniqueness correctness exception; non-null unique key,backend/app/services/liquidity.py:591,unknown (empty or absent fixture),exact SQLite e2e fixture counts; whole-table statistics (not production or partial-predicate statistics)
risk_scenarios,ix_risk_scenarios_case_id,case_id,0,0,unknown (empty fixture),0,unknown (empty fixture),False,False,keep,UUID/reference/hash/time locator; unbounded schema domain; unknown production cardinality is not evidence to remove,backend/app/services/liquidity.py:653,unknown (empty or absent fixture),exact SQLite e2e fixture counts; whole-table statistics (not production or partial-predicate statistics)
risk_scenarios,risk_scenarios_pkey,id,0,0,unknown (empty fixture),0,unknown (empty fixture),True,False,keep,PK/uniqueness correctness exception; non-null unique key,backend/app/services/liquidity.py:651,unknown (empty or absent fixture),exact SQLite e2e fixture counts; whole-table statistics (not production or partial-predicate statistics)
risk_scenarios,uq_risk_scenarios_active_default,"organization_id, case_id, scenario_type",0,0,unknown (empty fixture),0,unknown (empty fixture),True,True,keep,PK/uniqueness correctness exception; non-null unique key,backend/app/services/liquidity.py:652,unknown (empty or absent fixture),exact SQLite e2e fixture counts; whole-table statistics (not production or partial-predicate statistics)
risk_scenarios,uq_risk_scenarios_id_organization_id_case_id,"id, organization_id, case_id",0,0,unknown (empty fixture),0,unknown (empty fixture),True,False,keep,PK/uniqueness correctness exception; non-null unique key,backend/app/services/liquidity.py:651,unknown (empty or absent fixture),exact SQLite e2e fixture counts; whole-table statistics (not production or partial-predicate statistics)
risk_scores,ix_risk_scores_organization_id_case_id,"organization_id, case_id",0,0,unknown (empty fixture),0,unknown (empty fixture),False,False,keep,required tenant locator; unbounded platform-ID domain; one-bank fixture is not production tenant cardinality,backend/app/services/cases.py:481,unknown (empty or absent fixture),exact SQLite e2e fixture counts; whole-table statistics (not production or partial-predicate statistics)
risk_scores,risk_scores_pkey,id,0,0,unknown (empty fixture),0,unknown (empty fixture),True,False,keep,PK/uniqueness correctness exception; non-null unique key,backend/app/services/reports.py:118,unknown (empty or absent fixture),exact SQLite e2e fixture counts; whole-table statistics (not production or partial-predicate statistics)
scenario_analyses,ix_scenario_analyses_bank,"organization_id, bank_id, module, reporting_period_id",0,0,unknown (empty fixture),0,unknown (empty fixture),False,False,keep,required tenant locator; unbounded platform-ID domain; one-bank fixture is not production tenant cardinality,backend/app/services/analysis_workbench.py:500,unknown (empty or absent fixture),exact SQLite e2e fixture counts; whole-table statistics (not production or partial-predicate statistics)
scenario_analyses,scenario_analyses_pkey,id,0,0,unknown (empty fixture),0,unknown (empty fixture),True,False,keep,PK/uniqueness correctness exception; non-null unique key,backend/app/services/analysis_workbench.py:501,unknown (empty or absent fixture),exact SQLite e2e fixture counts; whole-table statistics (not production or partial-predicate statistics)
scenario_assumption_history,ix_scenario_assumption_history_assumption_id,assumption_id,0,0,unknown (empty fixture),0,unknown (empty fixture),False,False,keep,UUID/reference/hash/time locator; unbounded schema domain; unknown production cardinality is not evidence to remove,constraint/schema or migration-managed path; workload uncertainty retained,unknown (empty or absent fixture),exact SQLite e2e fixture counts; whole-table statistics (not production or partial-predicate statistics)
scenario_assumption_history,scenario_assumption_history_pkey,id,0,0,unknown (empty fixture),0,unknown (empty fixture),True,False,keep,PK/uniqueness correctness exception; non-null unique key,constraint/schema or migration-managed path; workload uncertainty retained,unknown (empty or absent fixture),exact SQLite e2e fixture counts; whole-table statistics (not production or partial-predicate statistics)
scenario_assumptions,ix_scenario_assumptions_scenario_id,scenario_id,0,0,unknown (empty fixture),0,unknown (empty fixture),False,False,keep,UUID/reference/hash/time locator; unbounded schema domain; unknown production cardinality is not evidence to remove,backend/app/services/scenarios.py:553,unknown (empty or absent fixture),exact SQLite e2e fixture counts; whole-table statistics (not production or partial-predicate statistics)
scenario_assumptions,scenario_assumptions_pkey,id,0,0,unknown (empty fixture),0,unknown (empty fixture),True,False,keep,PK/uniqueness correctness exception; non-null unique key,backend/app/services/scenarios.py:606,unknown (empty or absent fixture),exact SQLite e2e fixture counts; whole-table statistics (not production or partial-predicate statistics)
scenario_assumptions,uq_scenario_assumptions_key,"organization_id, scenario_id, key",0,0,unknown (empty fixture),0,unknown (empty fixture),True,False,keep,PK/uniqueness correctness exception; non-null unique key,backend/app/services/scenarios.py:553,unknown (empty or absent fixture),exact SQLite e2e fixture counts; whole-table statistics (not production or partial-predicate statistics)
shareholdings,ix_shareholdings_org_party,"organization_id, party_id",0,0,unknown (empty fixture),0,unknown (empty fixture),False,False,keep,required tenant locator; unbounded platform-ID domain; one-bank fixture is not production tenant cardinality,backend/app/services/attestation/register_state.py:187,unknown (empty or absent fixture),exact SQLite e2e fixture counts; whole-table statistics (not production or partial-predicate statistics)
shareholdings,shareholdings_pkey,id,0,0,unknown (empty fixture),0,unknown (empty fixture),True,False,keep,PK/uniqueness correctness exception; non-null unique key,backend/app/identity/service/institution_profile.py:599,unknown (empty or absent fixture),exact SQLite e2e fixture counts; whole-table statistics (not production or partial-predicate statistics)
shareholdings,uq_shareholdings_id_org,"id, organization_id",0,0,unknown (empty fixture),0,unknown (empty fixture),True,False,keep,PK/uniqueness correctness exception; non-null unique key,backend/app/services/attestation/register_state.py:187,unknown (empty or absent fixture),exact SQLite e2e fixture counts; whole-table statistics (not production or partial-predicate statistics)
signature_appearances,signature_appearances_pkey,id,0,0,unknown (empty fixture),0,unknown (empty fixture),True,False,keep,PK/uniqueness correctness exception; non-null unique key,constraint/schema or migration-managed path; workload uncertainty retained,unknown (empty or absent fixture),exact SQLite e2e fixture counts; whole-table statistics (not production or partial-predicate statistics)
signature_appearances,uq_signature_appearances_id_org,"id, organization_id",0,0,unknown (empty fixture),0,unknown (empty fixture),True,False,keep,PK/uniqueness correctness exception; non-null unique key,backend/app/services/attestation/appearance.py:217,unknown (empty or absent fixture),exact SQLite e2e fixture counts; whole-table statistics (not production or partial-predicate statistics)
signature_appearances,uq_signature_appearances_signer,"organization_id, signer_id",0,0,unknown (empty fixture),0,unknown (empty fixture),True,False,keep,PK/uniqueness correctness exception; non-null unique key,backend/app/services/attestation/appearance.py:217,unknown (empty or absent fixture),exact SQLite e2e fixture counts; whole-table statistics (not production or partial-predicate statistics)
signer_identities,ix_signer_identities_organization_id,organization_id,22,1,0.045455,1,0.045455,False,False,keep,required tenant locator; unbounded platform-ID domain; one-bank fixture is not production tenant cardinality,backend/app/services/attestation/keys.py:227,1.000000,exact SQLite e2e fixture counts; whole-table statistics (not production or partial-predicate statistics)
signer_identities,signer_identities_pkey,id,22,22,1.000000,22,1.000000,True,False,keep,PK/uniqueness correctness exception; non-null unique key,constraint/schema or migration-managed path; workload uncertainty retained,0.045455,exact SQLite e2e fixture counts; whole-table statistics (not production or partial-predicate statistics)
signer_identities,uq_signer_identities_id_org,"id, organization_id",22,22,1.000000,22,1.000000,True,False,keep,PK/uniqueness correctness exception; non-null unique key,backend/app/services/attestation/keys.py:227,0.045455,exact SQLite e2e fixture counts; whole-table statistics (not production or partial-predicate statistics)
signer_identities,uq_signer_identities_signer_id,signer_id,22,22,1.000000,22,1.000000,True,False,keep,PK/uniqueness correctness exception; non-null unique key,backend/app/services/attestation/keys.py:226,0.045455,exact SQLite e2e fixture counts; whole-table statistics (not production or partial-predicate statistics)
signer_identities,uq_signer_identities_user_id,user_id,22,22,1.000000,22,1.000000,True,False,keep,PK/uniqueness correctness exception; non-null unique key,backend/app/services/attestation/identity.py:91,0.045455,exact SQLite e2e fixture counts; whole-table statistics (not production or partial-predicate statistics)
signer_keys,ix_signer_keys_organization_id,organization_id,22,1,0.045455,1,0.045455,False,False,keep,required tenant locator; unbounded platform-ID domain; one-bank fixture is not production tenant cardinality,backend/app/services/attestation_api.py:244,1.000000,exact SQLite e2e fixture counts; whole-table statistics (not production or partial-predicate statistics)
signer_keys,ix_signer_keys_signer_id_status,"signer_id, status",22,22,1.000000,22,1.000000,False,False,keep,UUID/reference/hash/time locator; unbounded schema domain; unknown production cardinality is not evidence to remove,backend/app/services/attestation_api.py:245,0.045455,exact SQLite e2e fixture counts; whole-table statistics (not production or partial-predicate statistics)
signer_keys,signer_keys_pkey,id,22,22,1.000000,22,1.000000,True,False,keep,PK/uniqueness correctness exception; non-null unique key,backend/app/services/attestation/keys.py:363,0.045455,exact SQLite e2e fixture counts; whole-table statistics (not production or partial-predicate statistics)
signer_keys,uq_signer_keys_id_org,"id, organization_id",22,22,1.000000,22,1.000000,True,False,keep,PK/uniqueness correctness exception; non-null unique key,backend/app/services/attestation_api.py:244,0.045455,exact SQLite e2e fixture counts; whole-table statistics (not production or partial-predicate statistics)
signing_authorizations,ix_signing_authorizations_org_package,"organization_id, package_id",0,0,unknown (empty fixture),0,unknown (empty fixture),False,False,keep,required tenant locator; unbounded platform-ID domain; one-bank fixture is not production tenant cardinality,backend/app/services/attestation/stepup.py:348,unknown (empty or absent fixture),exact SQLite e2e fixture counts; whole-table statistics (not production or partial-predicate statistics)
signing_authorizations,signing_authorizations_pkey,id,0,0,unknown (empty fixture),0,unknown (empty fixture),True,False,keep,PK/uniqueness correctness exception; non-null unique key,backend/app/services/attestation/stepup.py:381,unknown (empty or absent fixture),exact SQLite e2e fixture counts; whole-table statistics (not production or partial-predicate statistics)
signing_authorizations,uq_signing_authorizations_id_org,"id, organization_id",0,0,unknown (empty fixture),0,unknown (empty fixture),True,False,keep,PK/uniqueness correctness exception; non-null unique key,backend/app/services/attestation/stepup.py:348,unknown (empty or absent fixture),exact SQLite e2e fixture counts; whole-table statistics (not production or partial-predicate statistics)
signing_authorizations,uq_signing_authorizations_token_hash,token_hash,0,0,unknown (empty fixture),0,unknown (empty fixture),True,False,keep,PK/uniqueness correctness exception; non-null unique key,backend/app/services/attestation/stepup.py:347,unknown (empty or absent fixture),exact SQLite e2e fixture counts; whole-table statistics (not production or partial-predicate statistics)
sso_connections,sso_connections_pkey,id,0,0,unknown (empty fixture),0,unknown (empty fixture),True,False,keep,PK/uniqueness correctness exception; non-null unique key,backend/app/operator/services/operator_views.py:114,unknown (empty or absent fixture),exact SQLite e2e fixture counts; whole-table statistics (not production or partial-predicate statistics)
sso_connections,uq_sso_connections_organization_id,organization_id,0,0,unknown (empty fixture),0,unknown (empty fixture),True,False,keep,PK/uniqueness correctness exception; non-null unique key,backend/app/operator/services/operator_views.py:114,unknown (empty or absent fixture),exact SQLite e2e fixture counts; whole-table statistics (not production or partial-predicate statistics)
stored_objects,stored_objects_pkey,id,0,0,unknown (empty fixture),0,unknown (empty fixture),True,False,keep,PK/uniqueness correctness exception; non-null unique key,backend/app/services/documents.py:61,unknown (empty or absent fixture),exact SQLite e2e fixture counts; whole-table statistics (not production or partial-predicate statistics)
stored_objects,uq_stored_objects_organization_id_bucket_object_key,"organization_id, bucket, object_key",0,0,unknown (empty fixture),0,unknown (empty fixture),True,False,keep,PK/uniqueness correctness exception; non-null unique key,backend/app/services/documents.py:62,unknown (empty or absent fixture),exact SQLite e2e fixture counts; whole-table statistics (not production or partial-predicate statistics)
stress_scenarios,ix_stress_scenarios_bank,"organization_id, bank_id, module",0,0,unknown (empty fixture),0,unknown (empty fixture),False,False,drop,redundant complete leading keys in retained unique index,backend/app/services/stress_scenarios.py:58,unknown (empty or absent fixture),exact SQLite e2e fixture counts; whole-table statistics (not production or partial-predicate statistics)
stress_scenarios,stress_scenarios_pkey,id,0,0,unknown (empty fixture),0,unknown (empty fixture),True,False,keep,PK/uniqueness correctness exception; non-null unique key,backend/app/services/stress_scenarios.py:57,unknown (empty or absent fixture),exact SQLite e2e fixture counts; whole-table statistics (not production or partial-predicate statistics)
stress_scenarios,uq_stress_scenarios_scope,"organization_id, bank_id, module, code",0,0,unknown (empty fixture),0,unknown (empty fixture),True,False,keep,PK/uniqueness correctness exception; non-null unique key,backend/app/services/stress_scenarios.py:58,unknown (empty or absent fixture),exact SQLite e2e fixture counts; whole-table statistics (not production or partial-predicate statistics)
system_of_record_declarations,ix_system_of_record_declarations_resolution,"organization_id, bank_id, position_type, effective_from",0,0,unknown (empty fixture),0,unknown (empty fixture),False,False,drop,redundant complete leading keys in retained unique index,backend/app/services/system_of_record.py:293,unknown (empty or absent fixture),exact SQLite e2e fixture counts; whole-table statistics (not production or partial-predicate statistics)
system_of_record_declarations,system_of_record_declarations_pkey,id,0,0,unknown (empty fixture),0,unknown (empty fixture),True,False,keep,PK/uniqueness correctness exception; non-null unique key,backend/app/services/system_of_record.py:351,unknown (empty or absent fixture),exact SQLite e2e fixture counts; whole-table statistics (not production or partial-predicate statistics)
system_of_record_declarations,uq_system_of_record_declarations_generation,"organization_id, bank_id, position_type, effective_from",0,0,unknown (empty fixture),0,unknown (empty fixture),True,False,keep,PK/uniqueness correctness exception; non-null unique key,backend/app/services/system_of_record.py:293,unknown (empty or absent fixture),exact SQLite e2e fixture counts; whole-table statistics (not production or partial-predicate statistics)
temenos_connections,ix_temenos_connections_org_bank,"organization_id, bank_id",0,0,unknown (empty fixture),0,unknown (empty fixture),False,False,drop,redundant complete leading keys in retained unique index,backend/app/services/temenos_connections.py:138,unknown (empty or absent fixture),exact SQLite e2e fixture counts; whole-table statistics (not production or partial-predicate statistics)
temenos_connections,temenos_connections_pkey,id,0,0,unknown (empty fixture),0,unknown (empty fixture),True,False,keep,PK/uniqueness correctness exception; non-null unique key,backend/app/services/temenos_connections.py:569,unknown (empty or absent fixture),exact SQLite e2e fixture counts; whole-table statistics (not production or partial-predicate statistics)
temenos_connections,uq_temenos_connections_id_org,"id, organization_id",0,0,unknown (empty fixture),0,unknown (empty fixture),True,False,keep,PK/uniqueness correctness exception; non-null unique key,backend/app/services/temenos_connections.py:138,unknown (empty or absent fixture),exact SQLite e2e fixture counts; whole-table statistics (not production or partial-predicate statistics)
temenos_connections,uq_temenos_connections_scope_name,"organization_id, bank_id, display_name",0,0,unknown (empty fixture),0,unknown (empty fixture),True,False,keep,PK/uniqueness correctness exception; non-null unique key,backend/app/services/temenos_connections.py:138,unknown (empty or absent fixture),exact SQLite e2e fixture counts; whole-table statistics (not production or partial-predicate statistics)
tenant_storage,tenant_storage_pkey,id,0,0,unknown (empty fixture),0,unknown (empty fixture),True,False,keep,PK/uniqueness correctness exception; non-null unique key,backend/app/operator/services/operator_views.py:111,unknown (empty or absent fixture),exact SQLite e2e fixture counts; whole-table statistics (not production or partial-predicate statistics)
tenant_storage,uq_tenant_storage_organization_id,organization_id,0,0,unknown (empty fixture),0,unknown (empty fixture),True,False,keep,PK/uniqueness correctness exception; non-null unique key,backend/app/operator/services/operator_views.py:111,unknown (empty or absent fixture),exact SQLite e2e fixture counts; whole-table statistics (not production or partial-predicate statistics)
translation_failures,ix_translation_failures_org_batch,"organization_id, ingestion_batch_id",0,0,unknown (empty fixture),0,unknown (empty fixture),False,False,keep,required tenant locator; unbounded platform-ID domain; one-bank fixture is not production tenant cardinality,backend/app/services/ingestion.py:808,unknown (empty or absent fixture),exact SQLite e2e fixture counts; whole-table statistics (not production or partial-predicate statistics)
translation_failures,translation_failures_pkey,id,0,0,unknown (empty fixture),0,unknown (empty fixture),True,False,keep,PK/uniqueness correctness exception; non-null unique key,backend/app/services/ingestion.py:809,unknown (empty or absent fixture),exact SQLite e2e fixture counts; whole-table statistics (not production or partial-predicate statistics)
users,ix_users_organization_id,organization_id,25,2,0.080000,2,0.080000,False,False,drop,redundant complete leading keys in retained unique index,backend/app/features/manage_bi_content.py:440,0.960000,exact SQLite e2e fixture counts; whole-table statistics (not production or partial-predicate statistics)
users,uq_users_auth_provider_sso_subject,"organization_id, auth_provider, sso_subject",25,2,0.080000,3,0.120000,True,True,keep,PK/uniqueness correctness exception; non-null unique key,backend/app/features/manage_bi_content.py:440,0.960000,exact SQLite e2e fixture counts; whole-table statistics (not production or partial-predicate statistics)
users,uq_users_id_organization_id,"id, organization_id",25,25,1.000000,25,1.000000,True,False,keep,PK/uniqueness correctness exception; non-null unique key,backend/app/features/manage_bi_content.py:440,0.040000,exact SQLite e2e fixture counts; whole-table statistics (not production or partial-predicate statistics)
users,uq_users_organization_id_email,"organization_id, email",25,2,0.080000,25,1.000000,True,False,keep,PK/uniqueness correctness exception; non-null unique key,backend/app/features/manage_bi_content.py:440,0.960000,exact SQLite e2e fixture counts; whole-table statistics (not production or partial-predicate statistics)
users,users_pkey,id,25,25,1.000000,25,1.000000,True,False,keep,PK/uniqueness correctness exception; non-null unique key,backend/app/features/manage_bi_content.py:440,0.040000,exact SQLite e2e fixture counts; whole-table statistics (not production or partial-predicate statistics)
worker_heartbeats,worker_heartbeats_pkey,worker_id,0,0,unknown (empty fixture),0,unknown (empty fixture),True,False,keep,PK/uniqueness correctness exception; non-null unique key,backend/app/worker.py:365,unknown (empty or absent fixture),exact SQLite e2e fixture counts; whole-table statistics (not production or partial-predicate statistics)
