# Sample Bank EOD ladder — liquid-asset book (SECURITY_HOLDING + INTERBANK_PLACEMENT, API_PUSH source) as at close of business 2026-06-29 (Monday); push with as_of_date=2026-06-29. One rung of the daily position ladder BSD1 reads; the deposit and loan sub-ledgers are not in this file.
source_reference,position_type,currency,balance,notional,counterparty_reference,product_code,gl_account_code,origination_date,contractual_maturity,next_repricing_date,interest_rate,rate_type,attributes.balance_ghs,attributes.branch_id,attributes.months_on_book,attributes.isin
MM.MONEY.MARKET/4006471,INTERBANK_PLACEMENT,GHS,1468983.31,1468983.31,SBL-BANK-017042,IB.PLACE.GHS,1101,2026-06-03,2026-07-20,2026-07-20,0.1365,FIXED,1468983.31,BR-001,0,
MM.MONEY.MARKET/4006472,INTERBANK_PLACEMENT,GHS,4552613.23,4552613.23,SBL-BANK-017050,IB.PLACE.GHS,1101,2026-06-25,2026-07-01,2026-07-01,0.1387,FIXED,4552613.23,BR-001,0,
MM.MONEY.MARKET/4006473,INTERBANK_PLACEMENT,GHS,313227.69,313227.69,SBL-BANK-017042,IB.PLACE.GHS,1101,2026-06-16,2026-09-06,2026-09-06,0.1432,FIXED,313227.69,BR-001,0,
MM.MONEY.MARKET/4006474,INTERBANK_PLACEMENT,GHS,6688988.90,6688988.90,SBL-BANK-017043,IB.PLACE.GHS,1101,2026-06-14,2026-08-25,2026-08-25,0.1384,FIXED,6688988.90,BR-001,0,
MM.MONEY.MARKET/4006475,INTERBANK_PLACEMENT,GHS,1207483.06,1207483.06,SBL-BANK-017047,IB.PLACE.GHS,1101,2026-05-18,2026-07-16,2026-07-16,0.1406,FIXED,1207483.06,BR-001,0,
MM.MONEY.MARKET/4006476,INTERBANK_PLACEMENT,GHS,566819.80,566819.80,SBL-BANK-017049,IB.PLACE.GHS,1101,2026-05-20,2026-07-16,2026-07-16,0.1413,FIXED,566819.80,BR-001,0,
MM.MONEY.MARKET/4006477,INTERBANK_PLACEMENT,GHS,8144510.83,8144510.83,SBL-BANK-017041,IB.PLACE.GHS,1101,2026-06-26,2026-06-30,2026-06-30,0.1396,FIXED,8144510.83,BR-001,0,
MM.MONEY.MARKET/4006478,INTERBANK_PLACEMENT,GHS,2212891.71,2212891.71,SBL-BANK-017047,IB.PLACE.GHS,1101,2026-06-27,2026-08-23,2026-08-23,0.1441,FIXED,2212891.71,BR-001,0,
MM.MONEY.MARKET/4006479,INTERBANK_PLACEMENT,GHS,3263479.00,3263479.00,SBL-BANK-017049,IB.PLACE.GHS,1101,2026-06-27,2026-08-24,2026-08-24,0.1431,FIXED,3263479.00,BR-001,0,
MM.MONEY.MARKET/4006480,INTERBANK_PLACEMENT,GHS,1452516.92,1452516.92,SBL-BANK-017049,IB.PLACE.GHS,1101,2026-06-05,2026-07-18,2026-07-18,0.1446,FIXED,1452516.92,BR-001,0,
MM.MONEY.MARKET/4006481,INTERBANK_PLACEMENT,GHS,217272.52,217272.52,SBL-BANK-017047,IB.PLACE.GHS,1101,2026-05-01,2026-07-01,2026-07-01,0.1424,FIXED,217272.52,BR-001,0,
MM.MONEY.MARKET/4006482,INTERBANK_PLACEMENT,GHS,481433.11,481433.11,SBL-BANK-017043,IB.PLACE.GHS,1101,2026-06-16,2026-08-04,2026-08-04,0.1427,FIXED,481433.11,BR-001,0,
MM.MONEY.MARKET/4006483,INTERBANK_PLACEMENT,GHS,2416266.47,2416266.47,SBL-BANK-017043,IB.PLACE.GHS,1101,2026-06-03,2026-08-08,2026-08-08,0.1427,FIXED,2416266.47,BR-001,0,
MM.MONEY.MARKET/4006484,INTERBANK_PLACEMENT,GHS,698440.02,698440.02,SBL-BANK-017043,IB.PLACE.GHS,1101,2026-06-06,2026-07-03,2026-07-03,0.1415,FIXED,698440.02,BR-001,0,
MM.MONEY.MARKET/4006485,INTERBANK_PLACEMENT,GHS,4677073.03,4677073.03,SBL-BANK-017050,IB.PLACE.GHS,1101,2026-05-20,2026-07-29,2026-07-29,0.1429,FIXED,4677073.03,BR-001,0,
MM.MONEY.MARKET/4006486,INTERBANK_PLACEMENT,GHS,365182.31,365182.31,SBL-BANK-017045,IB.PLACE.GHS,1101,2026-06-04,2026-07-01,2026-07-01,0.1428,FIXED,365182.31,BR-001,0,
MM.MONEY.MARKET/4006487,INTERBANK_PLACEMENT,GHS,8539709.54,8539709.54,SBL-BANK-017042,IB.PLACE.GHS,1101,2026-06-06,2026-08-26,2026-08-26,0.1401,FIXED,8539709.54,BR-001,0,
MM.MONEY.MARKET/4006488,INTERBANK_PLACEMENT,GHS,372171.29,372171.29,SBL-BANK-017051,IB.PLACE.GHS,1101,2026-05-17,2026-08-10,2026-08-10,0.1411,FIXED,372171.29,BR-001,0,
MM.MONEY.MARKET/4006489,INTERBANK_PLACEMENT,GHS,1609180.86,1609180.86,SBL-BANK-017047,IB.PLACE.GHS,1101,2026-06-29,2026-07-14,2026-07-14,0.1409,FIXED,1609180.86,BR-001,0,
MM.MONEY.MARKET/4006490,INTERBANK_PLACEMENT,USD,412760.19,412760.19,SBL-BANK-017050,IB.PLACE.USD,1102,2026-05-28,2026-07-17,2026-07-17,0.0508,FIXED,5341118.58,BR-001,0,
MM.MONEY.MARKET/4006491,INTERBANK_PLACEMENT,USD,641219.40,641219.40,SBL-BANK-017044,IB.PLACE.USD,1102,2026-06-02,2026-08-21,2026-08-21,0.0522,FIXED,8297381.72,BR-001,0,
MM.MONEY.MARKET/4006492,INTERBANK_PLACEMENT,USD,910996.05,910996.05,SBL-BANK-017046,IB.PLACE.USD,1102,2026-06-27,2026-07-21,2026-07-21,0.0489,FIXED,11788292.70,BR-001,0,
MM.MONEY.MARKET/4006493,INTERBANK_PLACEMENT,USD,456923.09,456923.09,SBL-BANK-017049,IB.PLACE.USD,1102,2026-05-30,2026-07-08,2026-07-08,0.0526,FIXED,5912586.69,BR-001,0,
MM.MONEY.MARKET/4006494,INTERBANK_PLACEMENT,USD,249800.82,249800.82,SBL-BANK-017047,IB.PLACE.USD,1102,2026-05-14,2026-07-20,2026-07-20,0.0543,FIXED,3232423.65,BR-001,0,
MM.MONEY.MARKET/4006495,INTERBANK_PLACEMENT,USD,146012.69,146012.69,SBL-BANK-017051,IB.PLACE.USD,1102,2026-05-11,2026-07-23,2026-07-23,0.0546,FIXED,1889404.82,BR-001,0,
MM.MONEY.MARKET/4006496,INTERBANK_PLACEMENT,USD,453188.36,453188.36,SBL-BANK-017045,IB.PLACE.USD,1102,2026-05-03,2026-07-19,2026-07-19,0.056,FIXED,5864259.27,BR-001,0,
MM.MONEY.MARKET/4006497,INTERBANK_PLACEMENT,USD,214577.34,214577.34,SBL-BANK-017045,IB.PLACE.USD,1102,2026-06-27,2026-07-20,2026-07-20,0.055,FIXED,2776631.68,BR-001,0,
MM.MONEY.MARKET/4006498,INTERBANK_PLACEMENT,USD,67528.81,67528.81,SBL-BANK-017042,IB.PLACE.USD,1102,2026-06-05,2026-08-02,2026-08-02,0.0515,FIXED,873823.08,BR-001,0,
MM.MONEY.MARKET/4006499,INTERBANK_PLACEMENT,USD,901429.41,901429.41,SBL-BANK-017041,IB.PLACE.USD,1102,2026-06-13,2026-07-06,2026-07-06,0.0511,FIXED,11664500.33,BR-001,0,
MM.MONEY.MARKET/4006500,INTERBANK_PLACEMENT,USD,613341.00,613341.00,SBL-BANK-017049,IB.PLACE.USD,1102,2026-06-03,2026-07-24,2026-07-24,0.0527,FIXED,7936635.10,BR-001,0,
MM.MONEY.MARKET/4006501,INTERBANK_PLACEMENT,USD,196495.86,196495.86,SBL-BANK-017049,IB.PLACE.USD,1102,2026-06-26,2026-07-17,2026-07-17,0.0525,FIXED,2542657.25,BR-001,0,
MM.MONEY.MARKET/4006502,INTERBANK_PLACEMENT,USD,444563.27,444563.27,SBL-BANK-017041,IB.PLACE.USD,1102,2026-06-29,2026-09-19,2026-09-19,0.0529,FIXED,5752650.57,BR-001,0,
SECURITY.POSITION/3000420,SECURITY_HOLDING,GHS,47635.13,47635.13,SBL-SOV-017052,SEC.BOND.10Y,1206,2016-11-13,2026-09-22,2026-09-22,0.2419,FIXED,47635.13,BR-001,112,GHGGB5249229
SECURITY.POSITION/3000612,SECURITY_HOLDING,GHS,416.44,416.44,SBL-SOV-017052,SEC.BOND.10Y,1206,2017-06-14,2027-04-23,2027-04-23,0.2361,FIXED,416.44,BR-001,108,GHGGB8250024
SECURITY.POSITION/3000618,SECURITY_HOLDING,GHS,468.18,468.18,SBL-SOV-017052,SEC.BOND.10Y,1206,2017-01-08,2026-11-17,2026-11-17,0.2311,FIXED,468.18,BR-001,108,GHGGB2196990
SECURITY.POSITION/3000673,SECURITY_HOLDING,GHS,139855.14,139855.14,SBL-SOV-017052,SEC.BOND.10Y,1206,2017-05-16,2027-03-25,2027-03-25,0.2378,FIXED,139855.14,BR-001,107,GHGGB8062535
SECURITY.POSITION/3000833,SECURITY_HOLDING,GHS,54971.03,54971.03,SBL-SOV-017052,SEC.BOND.10Y,1206,2017-03-21,2027-01-28,2027-01-28,0.2384,FIXED,54971.03,BR-001,104,GHGGB3639830
SECURITY.POSITION/3000836,SECURITY_HOLDING,GHS,71051.35,71051.35,SBL-SOV-017052,SEC.BOND.10Y,1206,2017-01-03,2026-11-12,2026-11-12,0.2374,FIXED,71051.35,BR-001,104,GHGGB4288520
SECURITY.POSITION/3000841,SECURITY_HOLDING,GHS,142869.56,142869.56,SBL-SOV-017052,SEC.BOND.10Y,1206,2016-09-08,2026-07-18,2026-07-18,0.238,FIXED,142869.56,BR-001,104,GHGGB9351939
SECURITY.POSITION/3000890,SECURITY_HOLDING,GHS,135513.39,135513.39,SBL-SOV-017052,SEC.BOND.10Y,1206,2016-10-27,2026-09-05,2026-09-05,0.2466,FIXED,135513.39,BR-001,103,GHGGB7073739
SECURITY.POSITION/3000942,SECURITY_HOLDING,GHS,45797.75,45797.75,SBL-SOV-017052,SEC.BOND.10Y,1206,2017-02-08,2026-12-18,2026-12-18,0.2434,FIXED,45797.75,BR-001,102,GHGGB4318998
SECURITY.POSITION/3001000,SECURITY_HOLDING,GHS,76940.91,76940.91,SBL-SOV-017052,SEC.BOND.10Y,1206,2017-09-03,2027-07-13,2027-07-13,0.2335,FIXED,76940.91,BR-001,101,GHGGB1992875
SECURITY.POSITION/3001003,SECURITY_HOLDING,GHS,111995.76,111995.76,SBL-SOV-017052,SEC.BOND.10Y,1206,2017-01-11,2026-11-20,2026-11-20,0.2274,FIXED,111995.76,BR-001,101,GHGGB2279266
SECURITY.POSITION/3001007,SECURITY_HOLDING,GHS,11730.89,11730.89,SBL-SOV-017052,SEC.BOND.10Y,1206,2017-02-06,2026-12-16,2026-12-16,0.2283,FIXED,11730.89,BR-001,101,GHGGB8437911
SECURITY.POSITION/3001196,SECURITY_HOLDING,GHS,18288.86,18288.86,SBL-SOV-017052,SEC.BOND.10Y,1206,2017-11-28,2027-10-07,2027-10-07,0.2318,FIXED,18288.86,BR-001,97,GHGGB3590864
SECURITY.POSITION/3001312,SECURITY_HOLDING,GHS,152272.64,152272.64,SBL-SOV-017052,SEC.BOND.10Y,1206,2018-05-28,2028-04-05,2028-04-05,0.226,FIXED,152272.64,BR-001,95,GHGGB7088538
SECURITY.POSITION/3001315,SECURITY_HOLDING,GHS,94185.91,94185.91,SBL-SOV-017052,SEC.BOND.10Y,1206,2017-07-31,2027-06-09,2027-06-09,0.2275,FIXED,94185.91,BR-001,95,GHGGB7145780
SECURITY.POSITION/3001317,SECURITY_HOLDING,GHS,45073.74,45073.74,SBL-SOV-017052,SEC.BOND.10Y,1206,2017-02-20,2026-12-30,2026-12-30,0.232,FIXED,45073.74,BR-001,95,GHGGB1719998
SECURITY.POSITION/3001424,SECURITY_HOLDING,GHS,156259.38,156259.38,SBL-SOV-017052,SEC.BOND.10Y,1206,2018-03-13,2028-01-20,2028-01-20,0.2257,FIXED,156259.38,BR-001,93,GHGGB2562504
SECURITY.POSITION/3001426,SECURITY_HOLDING,GHS,18560.17,18560.17,SBL-SOV-017052,SEC.BOND.10Y,1206,2016-09-02,2026-07-12,2026-07-12,0.2337,FIXED,18560.17,BR-001,93,GHGGB5698052
SECURITY.POSITION/3001428,SECURITY_HOLDING,GHS,120262.26,120262.26,SBL-SOV-017052,SEC.BOND.10Y,1206,2017-01-27,2026-12-06,2026-12-06,0.2345,FIXED,120262.26,BR-001,93,GHGGB2285782
SECURITY.POSITION/3001472,SECURITY_HOLDING,GHS,72079.23,72079.23,SBL-SOV-017052,SEC.BOND.10Y,1206,2017-06-15,2027-04-24,2027-04-24,0.2284,FIXED,72079.23,BR-001,92,GHGGB6208828
SECURITY.POSITION/3001536,SECURITY_HOLDING,GHS,4703.52,4703.52,SBL-SOV-017052,SEC.BOND.10Y,1206,2018-07-04,2028-05-12,2028-05-12,0.2303,FIXED,4703.52,BR-001,91,GHGGB7094058
SECURITY.POSITION/3001539,SECURITY_HOLDING,GHS,30700.27,30700.27,SBL-SOV-017052,SEC.BOND.10Y,1206,2017-01-06,2026-11-15,2026-11-15,0.2263,FIXED,30700.27,BR-001,91,GHGGB5274469
SECURITY.POSITION/3001589,SECURITY_HOLDING,GHS,132855.94,132855.94,SBL-SOV-017052,SEC.BOND.10Y,1206,2017-03-12,2027-01-19,2027-01-19,0.2322,FIXED,132855.94,BR-001,90,GHGGB7837603
SECURITY.POSITION/3001594,SECURITY_HOLDING,GHS,261604.12,261604.12,SBL-SOV-017052,SEC.BOND.10Y,1206,2016-11-16,2026-09-25,2026-09-25,0.2341,FIXED,261604.12,BR-001,90,GHGGB9234453
SECURITY.POSITION/3001655,SECURITY_HOLDING,GHS,76990.62,76990.62,SBL-SOV-017052,SEC.BOND.10Y,1206,2018-04-26,2028-03-04,2028-03-04,0.2304,FIXED,76990.62,BR-001,89,GHGGB9016005
SECURITY.POSITION/3001657,SECURITY_HOLDING,GHS,41682.60,41682.60,SBL-SOV-017052,SEC.BOND.10Y,1206,2018-10-08,2028-08-16,2028-08-16,0.2365,FIXED,41682.60,BR-001,89,GHGGB4873235
SECURITY.POSITION/3001659,SECURITY_HOLDING,GHS,10169.50,10169.50,SBL-SOV-017052,SEC.BOND.10Y,1206,2017-08-22,2027-07-01,2027-07-01,0.2304,FIXED,10169.50,BR-001,89,GHGGB8251290
SECURITY.POSITION/3001723,SECURITY_HOLDING,GHS,46303.17,46303.17,SBL-SOV-017052,SEC.BOND.10Y,1206,2018-03-04,2028-01-11,2028-01-11,0.2301,FIXED,46303.17,BR-001,88,GHGGB9720041
SECURITY.POSITION/3001725,SECURITY_HOLDING,GHS,96589.45,96589.45,SBL-SOV-017052,SEC.BOND.10Y,1206,2016-09-20,2026-07-30,2026-07-30,0.2323,FIXED,96589.45,BR-001,88,GHGGB2110132
SECURITY.POSITION/3001777,SECURITY_HOLDING,GHS,23949.52,23949.52,SBL-SOV-017052,SEC.BOND.10Y,1206,2017-05-10,2027-03-19,2027-03-19,0.2345,FIXED,23949.52,BR-001,87,GHGGB8432546
SECURITY.POSITION/3001778,SECURITY_HOLDING,GHS,97267.45,97267.45,SBL-SOV-017052,SEC.BOND.10Y,1206,2018-02-15,2027-12-25,2027-12-25,0.2347,FIXED,97267.45,BR-001,87,GHGGB5911826
SECURITY.POSITION/3001779,SECURITY_HOLDING,GHS,44523.21,44523.21,SBL-SOV-017052,SEC.BOND.10Y,1206,2018-08-22,2028-06-30,2028-06-30,0.2358,FIXED,44523.21,BR-001,87,GHGGB2580412
SECURITY.POSITION/3001783,SECURITY_HOLDING,GHS,56128.51,56128.51,SBL-SOV-017052,SEC.BOND.10Y,1206,2016-12-28,2026-11-06,2026-11-06,0.2328,FIXED,56128.51,BR-001,87,GHGGB1730733
SECURITY.POSITION/3001784,SECURITY_HOLDING,GHS,36366.72,36366.72,SBL-SOV-017052,SEC.BOND.10Y,1206,2018-03-27,2028-02-03,2028-02-03,0.2272,FIXED,36366.72,BR-001,87,GHGGB8394170
SECURITY.POSITION/3001786,SECURITY_HOLDING,GHS,25943.35,25943.35,SBL-SOV-017052,SEC.BOND.10Y,1206,2018-12-27,2028-11-04,2028-11-04,0.2324,FIXED,25943.35,BR-001,87,GHGGB4755412
SECURITY.POSITION/3001846,SECURITY_HOLDING,GHS,119986.58,119986.58,SBL-SOV-017052,SEC.BOND.10Y,1206,2017-03-30,2027-02-06,2027-02-06,0.225,FIXED,119986.58,BR-001,86,GHGGB5054631
SECURITY.POSITION/3001848,SECURITY_HOLDING,GHS,142961.09,142961.09,SBL-SOV-017052,SEC.BOND.10Y,1206,2018-02-06,2027-12-16,2027-12-16,0.2264,FIXED,142961.09,BR-001,86,GHGGB9089226
SECURITY.POSITION/3001898,SECURITY_HOLDING,GHS,353943.73,353943.73,SBL-SOV-017052,SEC.BOND.10Y,1206,2016-10-21,2026-08-30,2026-08-30,0.2284,FIXED,353943.73,BR-001,85,GHGGB1639212
SECURITY.POSITION/3001901,SECURITY_HOLDING,GHS,70390.18,70390.18,SBL-SOV-017052,SEC.BOND.10Y,1206,2016-09-29,2026-08-08,2026-08-08,0.2359,FIXED,70390.18,BR-001,85,GHGGB8435810
SECURITY.POSITION/3001903,SECURITY_HOLDING,GHS,90432.21,90432.21,SBL-SOV-017052,SEC.BOND.10Y,1206,2017-04-12,2027-02-19,2027-02-19,0.2364,FIXED,90432.21,BR-001,85,GHGGB1558345
SECURITY.POSITION/3002000,SECURITY_HOLDING,GHS,36376.56,36376.56,SBL-SOV-017052,SEC.BOND.10Y,1206,2017-08-05,2027-06-14,2027-06-14,0.2272,FIXED,36376.56,BR-001,83,GHGGB1282288
SECURITY.POSITION/3002001,SECURITY_HOLDING,GHS,241958.81,241958.81,SBL-SOV-017052,SEC.BOND.10Y,1206,2018-12-18,2028-10-26,2028-10-26,0.2303,FIXED,241958.81,BR-001,83,GHGGB2928270
SECURITY.POSITION/3002002,SECURITY_HOLDING,GHS,70409.13,70409.13,SBL-SOV-017052,SEC.BOND.10Y,1206,2019-03-24,2029-01-30,2029-01-30,0.2363,FIXED,70409.13,BR-001,83,GHGGB2282675
SECURITY.POSITION/3002003,SECURITY_HOLDING,GHS,34020.70,34020.70,SBL-SOV-017052,SEC.BOND.10Y,1206,2019-01-27,2028-12-05,2028-12-05,0.2339,FIXED,34020.70,BR-001,83,GHGGB9079099
SECURITY.POSITION/3002010,SECURITY_HOLDING,GHS,26786.97,26786.97,SBL-SOV-017052,SEC.BOND.10Y,1206,2018-03-10,2028-01-17,2028-01-17,0.2302,FIXED,26786.97,BR-001,83,GHGGB5386250
SECURITY.POSITION/3002056,SECURITY_HOLDING,GHS,147432.36,147432.36,SBL-SOV-017052,SEC.BOND.10Y,1206,2018-07-21,2028-05-29,2028-05-29,0.2298,FIXED,147432.36,BR-001,82,GHGGB5697021
SECURITY.POSITION/3002060,SECURITY_HOLDING,GHS,169998.08,169998.08,SBL-SOV-017052,SEC.BOND.10Y,1206,2019-06-22,2029-04-30,2029-04-30,0.2359,FIXED,169998.08,BR-001,82,GHGGB3148557
SECURITY.POSITION/3002109,SECURITY_HOLDING,GHS,1242013.11,1242013.11,SBL-SOV-017052,SEC.BOND.10Y,1206,2018-02-19,2027-12-29,2027-12-29,0.2316,FIXED,1242013.11,BR-001,81,GHGGB6147320
SECURITY.POSITION/3002161,SECURITY_HOLDING,GHS,278981.29,278981.29,SBL-SOV-017052,SEC.BOND.10Y,1206,2018-05-24,2028-04-01,2028-04-01,0.2317,FIXED,278981.29,BR-001,80,GHGGB5801981
SECURITY.POSITION/3002164,SECURITY_HOLDING,GHS,116628.88,116628.88,SBL-SOV-017052,SEC.BOND.10Y,1206,2018-06-06,2028-04-14,2028-04-14,0.238,FIXED,116628.88,BR-001,80,GHGGB1448331
SECURITY.POSITION/3002167,SECURITY_HOLDING,GHS,91587.01,91587.01,SBL-SOV-017052,SEC.BOND.10Y,1206,2017-03-03,2027-01-10,2027-01-10,0.2368,FIXED,91587.01,BR-001,80,GHGGB6838354
SECURITY.POSITION/3002168,SECURITY_HOLDING,GHS,58189.09,58189.09,SBL-SOV-017052,SEC.BOND.10Y,1206,2019-04-27,2029-03-05,2029-03-05,0.2302,FIXED,58189.09,BR-001,80,GHGGB7226779
SECURITY.POSITION/3002218,SECURITY_HOLDING,GHS,24906.68,24906.68,SBL-SOV-017052,SEC.BOND.10Y,1206,2018-09-20,2028-07-29,2028-07-29,0.2323,FIXED,24906.68,BR-001,79,GHGGB2268060
SECURITY.POSITION/3002219,SECURITY_HOLDING,GHS,60514.19,60514.19,SBL-SOV-017052,SEC.BOND.10Y,1206,2018-09-16,2028-07-25,2028-07-25,0.234,FIXED,60514.19,BR-001,79,GHGGB5738416
SECURITY.POSITION/3002221,SECURITY_HOLDING,GHS,54564.98,54564.98,SBL-SOV-017052,SEC.BOND.10Y,1206,2019-03-20,2029-01-26,2029-01-26,0.2306,FIXED,54564.98,BR-001,79,GHGGB5218673
SECURITY.POSITION/3002223,SECURITY_HOLDING,GHS,96564.52,96564.52,SBL-SOV-017052,SEC.BOND.10Y,1206,2017-06-16,2027-04-25,2027-04-25,0.2345,FIXED,96564.52,BR-001,79,GHGGB6619582
SECURITY.POSITION/3002274,SECURITY_HOLDING,GHS,86159.37,86159.37,SBL-SOV-017052,SEC.BOND.10Y,1206,2017-08-25,2027-07-04,2027-07-04,0.2336,FIXED,86159.37,BR-001,78,GHGGB9540323
SECURITY.POSITION/3002276,SECURITY_HOLDING,GHS,25221.68,25221.68,SBL-SOV-017052,SEC.BOND.10Y,1206,2019-07-16,2029-05-24,2029-05-24,0.2252,FIXED,25221.68,BR-001,78,GHGGB6281313
SECURITY.POSITION/3002329,SECURITY_HOLDING,GHS,41438.77,41438.77,SBL-SOV-017052,SEC.BOND.10Y,1206,2019-05-07,2029-03-15,2029-03-15,0.2137,FIXED,41438.77,BR-001,77,GHGGB4267959
SECURITY.POSITION/3002334,SECURITY_HOLDING,GHS,18760.92,18760.92,SBL-SOV-017052,SEC.BOND.10Y,1206,2017-12-22,2027-10-31,2027-10-31,0.2114,FIXED,18760.92,BR-001,77,GHGGB7498136
SECURITY.POSITION/3002337,SECURITY_HOLDING,GHS,9256.01,9256.01,SBL-SOV-017052,SEC.BOND.10Y,1206,2017-01-20,2026-11-29,2026-11-29,0.2089,FIXED,9256.01,BR-001,77,GHGGB8118360
SECURITY.POSITION/3002388,SECURITY_HOLDING,GHS,102634.56,102634.56,SBL-SOV-017052,SEC.BOND.10Y,1206,2016-09-02,2026-07-12,2026-07-12,0.2097,FIXED,102634.56,BR-001,76,GHGGB7657348
SECURITY.POSITION/3002390,SECURITY_HOLDING,GHS,73019.02,73019.02,SBL-SOV-017052,SEC.BOND.10Y,1206,2016-11-01,2026-09-10,2026-09-10,0.2156,FIXED,73019.02,BR-001,76,GHGGB7490082
SECURITY.POSITION/3002392,SECURITY_HOLDING,GHS,129839.86,129839.86,SBL-SOV-017052,SEC.BOND.10Y,1206,2019-04-30,2029-03-08,2029-03-08,0.2111,FIXED,129839.86,BR-001,76,GHGGB1841361
SECURITY.POSITION/3002395,SECURITY_HOLDING,GHS,67367.57,67367.57,SBL-SOV-017052,SEC.BOND.10Y,1206,2017-08-27,2027-07-06,2027-07-06,0.2102,FIXED,67367.57,BR-001,76,GHGGB3247649
SECURITY.POSITION/3002496,SECURITY_HOLDING,GHS,36218.28,36218.28,SBL-SOV-017052,SEC.BOND.10Y,1206,2019-07-25,2029-06-02,2029-06-02,0.2115,FIXED,36218.28,BR-001,74,GHGGB7702105
SECURITY.POSITION/3002639,SECURITY_HOLDING,GHS,55963.80,55963.80,SBL-SOV-017052,SEC.BOND.10Y,1206,2018-09-22,2028-07-31,2028-07-31,0.2125,FIXED,55963.80,BR-001,71,GHGGB2642109
SECURITY.POSITION/3002640,SECURITY_HOLDING,GHS,49120.46,49120.46,SBL-SOV-017052,SEC.BOND.10Y,1206,2019-03-03,2029-01-09,2029-01-09,0.2106,FIXED,49120.46,BR-001,71,GHGGB4149074
SECURITY.POSITION/3002642,SECURITY_HOLDING,GHS,96781.73,96781.73,SBL-SOV-017052,SEC.BOND.10Y,1206,2017-06-11,2027-04-20,2027-04-20,0.2123,FIXED,96781.73,BR-001,71,GHGGB7862476
SECURITY.POSITION/3002644,SECURITY_HOLDING,GHS,42764.63,42764.63,SBL-SOV-017052,SEC.BOND.10Y,1206,2020-05-12,2030-03-21,2030-03-21,0.2123,FIXED,42764.63,BR-001,71,GHGGB4458089
SECURITY.POSITION/3002646,SECURITY_HOLDING,GHS,5187.46,5187.46,SBL-SOV-017052,SEC.BOND.10Y,1206,2018-10-25,2028-09-02,2028-09-02,0.2094,FIXED,5187.46,BR-001,71,GHGGB8216733
SECURITY.POSITION/3002695,SECURITY_HOLDING,GHS,47205.68,47205.68,SBL-SOV-017052,SEC.BOND.10Y,1206,2016-10-23,2026-09-01,2026-09-01,0.2093,FIXED,47205.68,BR-001,70,GHGGB2669218
SECURITY.POSITION/3002751,SECURITY_HOLDING,GHS,15409.26,15409.26,SBL-SOV-017052,SEC.BOND.10Y,1206,2018-10-23,2028-08-31,2028-08-31,0.2173,FIXED,15409.26,BR-001,69,GHGGB3420563
SECURITY.POSITION/3002752,SECURITY_HOLDING,GHS,11698.79,11698.79,SBL-SOV-017052,SEC.BOND.10Y,1206,2018-03-28,2028-02-04,2028-02-04,0.2084,FIXED,11698.79,BR-001,69,GHGGB8630207
SECURITY.POSITION/3002754,SECURITY_HOLDING,GHS,13904.05,13904.05,SBL-SOV-017052,SEC.BOND.10Y,1206,2019-05-19,2029-03-27,2029-03-27,0.2113,FIXED,13904.05,BR-001,69,GHGGB5644299
SECURITY.POSITION/3002755,SECURITY_HOLDING,GHS,10712.27,10712.27,SBL-SOV-017052,SEC.BOND.10Y,1206,2018-08-20,2028-06-28,2028-06-28,0.2147,FIXED,10712.27,BR-001,69,GHGGB3379382
SECURITY.POSITION/3002756,SECURITY_HOLDING,GHS,10675.63,10675.63,SBL-SOV-017052,SEC.BOND.10Y,1206,2019-02-02,2028-12-11,2028-12-11,0.2108,FIXED,10675.63,BR-001,69,GHGGB3230241
SECURITY.POSITION/3002811,SECURITY_HOLDING,GHS,50551.97,50551.97,SBL-SOV-017052,SEC.BOND.10Y,1206,2018-07-24,2028-06-01,2028-06-01,0.2119,FIXED,50551.97,BR-001,68,GHGGB9934214
SECURITY.POSITION/3002812,SECURITY_HOLDING,GHS,17701.80,17701.80,SBL-SOV-017052,SEC.BOND.10Y,1206,2020-06-12,2030-04-21,2030-04-21,0.2208,FIXED,17701.80,BR-001,68,GHGGB4640377
SECURITY.POSITION/3002813,SECURITY_HOLDING,GHS,922.96,922.96,SBL-SOV-017052,SEC.BOND.10Y,1206,2017-01-08,2026-11-17,2026-11-17,0.2158,FIXED,922.96,BR-001,68,GHGGB9637187
SECURITY.POSITION/3002814,SECURITY_HOLDING,GHS,28341.92,28341.92,SBL-SOV-017052,SEC.BOND.10Y,1206,2020-05-22,2030-03-31,2030-03-31,0.2095,FIXED,28341.92,BR-001,68,GHGGB1305258
SECURITY.POSITION/3002870,SECURITY_HOLDING,GHS,28256.83,28256.83,SBL-SOV-017052,SEC.BOND.10Y,1206,2020-01-25,2029-12-03,2029-12-03,0.2123,FIXED,28256.83,BR-001,67,GHGGB9427948
SECURITY.POSITION/3002872,SECURITY_HOLDING,GHS,19555.60,19555.60,SBL-SOV-017052,SEC.BOND.10Y,1206,2019-11-18,2029-09-26,2029-09-26,0.2114,FIXED,19555.60,BR-001,67,GHGGB9746262
SECURITY.POSITION/3002874,SECURITY_HOLDING,GHS,42761.13,42761.13,SBL-SOV-017052,SEC.BOND.10Y,1206,2018-04-08,2028-02-15,2028-02-15,0.2151,FIXED,42761.13,BR-001,67,GHGGB3866483
SECURITY.POSITION/3002927,SECURITY_HOLDING,GHS,43240.13,43240.13,SBL-SOV-017052,SEC.BOND.10Y,1206,2017-05-18,2027-03-27,2027-03-27,0.2097,FIXED,43240.13,BR-001,66,GHGGB2805471
SECURITY.POSITION/3002928,SECURITY_HOLDING,GHS,5683.15,5683.15,SBL-SOV-017052,SEC.BOND.10Y,1206,2019-04-18,2029-02-24,2029-02-24,0.2075,FIXED,5683.15,BR-001,66,GHGGB2353330
SECURITY.POSITION/3002930,SECURITY_HOLDING,GHS,176143.27,176143.27,SBL-SOV-017052,SEC.BOND.10Y,1206,2018-04-19,2028-02-26,2028-02-26,0.2072,FIXED,176143.27,BR-001,66,GHGGB7220323
SECURITY.POSITION/3002991,SECURITY_HOLDING,GHS,78653.03,78653.03,SBL-SOV-017052,SEC.BOND.10Y,1206,2018-01-19,2027-11-28,2027-11-28,0.207,FIXED,78653.03,BR-001,65,GHGGB3136204
SECURITY.POSITION/3002996,SECURITY_HOLDING,GHS,6000.24,6000.24,SBL-SOV-017052,SEC.BOND.10Y,1206,2020-03-26,2030-02-02,2030-02-02,0.2082,FIXED,6000.24,BR-001,65,GHGGB6689260
SECURITY.POSITION/3002997,SECURITY_HOLDING,GHS,347488.23,347488.23,SBL-SOV-017052,SEC.BOND.10Y,1206,2018-12-10,2028-10-18,2028-10-18,0.2123,FIXED,347488.23,BR-001,65,GHGGB6493776
SECURITY.POSITION/3002998,SECURITY_HOLDING,GHS,379880.64,379880.64,SBL-SOV-017052,SEC.BOND.10Y,1206,2019-11-12,2029-09-20,2029-09-20,0.2102,FIXED,379880.64,BR-001,65,GHGGB4400886
SECURITY.POSITION/3003000,SECURITY_HOLDING,GHS,159312.06,159312.06,SBL-SOV-017052,SEC.BOND.10Y,1206,2016-10-21,2026-08-30,2026-08-30,0.2073,FIXED,159312.06,BR-001,65,GHGGB3101474
SECURITY.POSITION/3003094,SECURITY_HOLDING,GHS,920.95,920.95,SBL-SOV-017052,SEC.BOND.10Y,1206,2018-10-23,2028-08-31,2028-08-31,0.2111,FIXED,920.95,BR-001,63,GHGGB7235285
SECURITY.POSITION/3003096,SECURITY_HOLDING,GHS,990.04,990.04,SBL-SOV-017052,SEC.BOND.10Y,1206,2020-06-07,2030-04-16,2030-04-16,0.2129,FIXED,990.04,BR-001,63,GHGGB7760130
SECURITY.POSITION/3003099,SECURITY_HOLDING,GHS,6881.65,6881.65,SBL-SOV-017052,SEC.BOND.10Y,1206,2017-01-03,2026-11-12,2026-11-12,0.2057,FIXED,6881.65,BR-001,63,GHGGB8703944
SECURITY.POSITION/3003100,SECURITY_HOLDING,GHS,2831.22,2831.22,SBL-SOV-017052,SEC.BOND.10Y,1206,2016-09-15,2026-07-25,2026-07-25,0.2137,FIXED,2831.22,BR-001,63,GHGGB4752484
SECURITY.POSITION/3003102,SECURITY_HOLDING,GHS,1961.02,1961.02,SBL-SOV-017052,SEC.BOND.10Y,1206,2018-11-08,2028-09-16,2028-09-16,0.2151,FIXED,1961.02,BR-001,63,GHGGB4797680
SECURITY.POSITION/3003103,SECURITY_HOLDING,GHS,6809.98,6809.98,SBL-SOV-017052,SEC.BOND.10Y,1206,2019-06-25,2029-05-03,2029-05-03,0.2132,FIXED,6809.98,BR-001,63,GHGGB6507794
SECURITY.POSITION/3003156,SECURITY_HOLDING,GHS,89122.33,89122.33,SBL-SOV-017052,SEC.BOND.10Y,1206,2017-06-16,2027-04-25,2027-04-25,0.2114,FIXED,89122.33,BR-001,62,GHGGB9098127
SECURITY.POSITION/3003158,SECURITY_HOLDING,GHS,99956.76,99956.76,SBL-SOV-017052,SEC.BOND.10Y,1206,2021-04-11,2031-02-18,2031-02-18,0.2072,FIXED,99956.76,BR-001,62,GHGGB9704909
SECURITY.POSITION/3003159,SECURITY_HOLDING,GHS,210045.44,210045.44,SBL-SOV-017052,SEC.BOND.10Y,1206,2019-11-02,2029-09-10,2029-09-10,0.2108,FIXED,210045.44,BR-001,62,GHGGB1373367
SECURITY.POSITION/3003160,SECURITY_HOLDING,GHS,318605.51,318605.51,SBL-SOV-017052,SEC.BOND.10Y,1206,2018-10-09,2028-08-17,2028-08-17,0.2117,FIXED,318605.51,BR-001,62,GHGGB4704661
SECURITY.POSITION/3003163,SECURITY_HOLDING,GHS,138217.82,138217.82,SBL-SOV-017052,SEC.BOND.10Y,1206,2019-06-04,2029-04-12,2029-04-12,0.2077,FIXED,138217.82,BR-001,62,GHGGB4029472
SECURITY.POSITION/3003164,SECURITY_HOLDING,GHS,58610.36,58610.36,SBL-SOV-017052,SEC.BOND.10Y,1206,2021-02-17,2030-12-27,2030-12-27,0.2072,FIXED,58610.36,BR-001,62,GHGGB7823127
SECURITY.POSITION/3003205,SECURITY_HOLDING,GHS,84743.66,84743.66,SBL-SOV-017052,SEC.BOND.10Y,1206,2017-01-05,2026-11-14,2026-11-14,0.214,FIXED,84743.66,BR-001,61,GHGGB9765921
SECURITY.POSITION/3003209,SECURITY_HOLDING,GHS,62791.74,62791.74,SBL-SOV-017052,SEC.BOND.10Y,1206,2020-06-11,2030-04-20,2030-04-20,0.2102,FIXED,62791.74,BR-001,61,GHGGB8727812
SECURITY.POSITION/3003210,SECURITY_HOLDING,GHS,63938.51,63938.51,SBL-SOV-017052,SEC.BOND.10Y,1206,2017-01-06,2026-11-15,2026-11-15,0.2135,FIXED,63938.51,BR-001,61,GHGGB5116600
SECURITY.POSITION/3003211,SECURITY_HOLDING,GHS,167418.60,167418.60,SBL-SOV-017052,SEC.BOND.10Y,1206,2020-08-06,2030-06-15,2030-06-15,0.2146,FIXED,167418.60,BR-001,61,GHGGB6028933
SECURITY.POSITION/3003212,SECURITY_HOLDING,GHS,34299.77,34299.77,SBL-SOV-017052,SEC.BOND.10Y,1206,2016-11-27,2026-10-06,2026-10-06,0.2124,FIXED,34299.77,BR-001,61,GHGGB1362112
SECURITY.POSITION/3003256,SECURITY_HOLDING,GHS,58658.56,58658.56,SBL-SOV-017052,SEC.BOND.10Y,1206,2021-05-20,2031-03-29,2031-03-29,0.2096,FIXED,58658.56,BR-001,60,GHGGB6889003
SECURITY.POSITION/3003259,SECURITY_HOLDING,GHS,65736.31,65736.31,SBL-SOV-017052,SEC.BOND.10Y,1206,2020-12-29,2030-11-07,2030-11-07,0.2072,FIXED,65736.31,BR-001,60,GHGGB5338280
SECURITY.POSITION/3003260,SECURITY_HOLDING,GHS,86237.95,86237.95,SBL-SOV-017052,SEC.BOND.10Y,1206,2019-04-15,2029-02-21,2029-02-21,0.2091,FIXED,86237.95,BR-001,60,GHGGB6709632
SECURITY.POSITION/3003307,SECURITY_HOLDING,GHS,32494.92,32494.92,SBL-SOV-017052,SEC.BOND.10Y,1206,2016-09-15,2026-07-25,2026-07-25,0.2297,FIXED,32494.92,BR-001,59,GHGGB8120172
SECURITY.POSITION/3003309,SECURITY_HOLDING,GHS,69065.64,69065.64,SBL-SOV-017052,SEC.BOND.10Y,1206,2020-03-25,2030-02-01,2030-02-01,0.2286,FIXED,69065.64,BR-001,59,GHGGB3159557
SECURITY.POSITION/3003310,SECURITY_HOLDING,GHS,8368.53,8368.53,SBL-SOV-017052,SEC.BOND.10Y,1206,2018-02-11,2027-12-21,2027-12-21,0.2276,FIXED,8368.53,BR-001,59,GHGGB2154524
SECURITY.POSITION/3003311,SECURITY_HOLDING,GHS,47136.90,47136.90,SBL-SOV-017052,SEC.BOND.10Y,1206,2021-06-24,2031-05-03,2031-05-03,0.2325,FIXED,47136.90,BR-001,59,GHGGB7513056
SECURITY.POSITION/3003312,SECURITY_HOLDING,GHS,100855.92,100855.92,SBL-SOV-017052,SEC.BOND.10Y,1206,2019-08-06,2029-06-14,2029-06-14,0.2292,FIXED,100855.92,BR-001,59,GHGGB2637641
SECURITY.POSITION/3003313,SECURITY_HOLDING,GHS,25791.31,25791.31,SBL-SOV-017052,SEC.BOND.10Y,1206,2019-12-11,2029-10-19,2029-10-19,0.2271,FIXED,25791.31,BR-001,59,GHGGB8610513
SECURITY.POSITION/3003314,SECURITY_HOLDING,GHS,14036.54,14036.54,SBL-SOV-017052,SEC.BOND.10Y,1206,2017-12-27,2027-11-05,2027-11-05,0.2241,FIXED,14036.54,BR-001,59,GHGGB6414558
SECURITY.POSITION/3003315,SECURITY_HOLDING,GHS,14293.44,14293.44,SBL-SOV-017052,SEC.BOND.10Y,1206,2020-05-12,2030-03-21,2030-03-21,0.2279,FIXED,14293.44,BR-001,59,GHGGB1814454
SECURITY.POSITION/3003317,SECURITY_HOLDING,GHS,69944.63,69944.63,SBL-SOV-017052,SEC.BOND.10Y,1206,2018-02-27,2028-01-06,2028-01-06,0.2256,FIXED,69944.63,BR-001,59,GHGGB5036940
SECURITY.POSITION/3003318,SECURITY_HOLDING,GHS,14979.96,14979.96,SBL-SOV-017052,SEC.BOND.10Y,1206,2020-12-26,2030-11-04,2030-11-04,0.2301,FIXED,14979.96,BR-001,59,GHGGB7996895
SECURITY.POSITION/3003378,SECURITY_HOLDING,GHS,16138.91,16138.91,SBL-SOV-017052,SEC.BOND.10Y,1206,2018-02-07,2027-12-17,2027-12-17,0.2296,FIXED,16138.91,BR-001,58,GHGGB1714633
SECURITY.POSITION/3003381,SECURITY_HOLDING,GHS,34992.15,34992.15,SBL-SOV-017052,SEC.BOND.10Y,1206,2017-06-11,2027-04-20,2027-04-20,0.2286,FIXED,34992.15,BR-001,58,GHGGB1513065
SECURITY.POSITION/3003383,SECURITY_HOLDING,GHS,89283.59,89283.59,SBL-SOV-017052,SEC.BOND.10Y,1206,2020-03-01,2030-01-08,2030-01-08,0.23,FIXED,89283.59,BR-001,58,GHGGB4394970
SECURITY.POSITION/3003386,SECURITY_HOLDING,GHS,113738.37,113738.37,SBL-SOV-017052,SEC.BOND.10Y,1206,2021-08-20,2031-06-29,2031-06-29,0.2295,FIXED,113738.37,BR-001,58,GHGGB9817948
SECURITY.POSITION/3003388,SECURITY_HOLDING,GHS,37013.08,37013.08,SBL-SOV-017052,SEC.BOND.10Y,1206,2017-11-22,2027-10-01,2027-10-01,0.2219,FIXED,37013.08,BR-001,58,GHGGB5372408
SECURITY.POSITION/3003439,SECURITY_HOLDING,GHS,483781.15,483781.15,SBL-SOV-017052,SEC.BOND.5Y,1205,2021-08-20,2026-07-25,2026-07-25,0.2141,FIXED,483781.15,BR-001,57,GHGGB8662019
SECURITY.POSITION/3003441,SECURITY_HOLDING,GHS,50141.36,50141.36,SBL-SOV-017052,SEC.BOND.10Y,1206,2020-09-23,2030-08-02,2030-08-02,0.2199,FIXED,50141.36,BR-001,57,GHGGB2314421
SECURITY.POSITION/3003443,SECURITY_HOLDING,GHS,29155.29,29155.29,SBL-SOV-017052,SEC.BOND.10Y,1206,2021-01-28,2030-12-07,2030-12-07,0.2233,FIXED,29155.29,BR-001,57,GHGGB9616338
SECURITY.POSITION/3003445,SECURITY_HOLDING,GHS,178132.93,178132.93,SBL-SOV-017052,SEC.BOND.10Y,1206,2019-04-30,2029-03-08,2029-03-08,0.2256,FIXED,178132.93,BR-001,57,GHGGB5960191
SECURITY.POSITION/3003446,SECURITY_HOLDING,GHS,18434.15,18434.15,SBL-SOV-017052,SEC.BOND.10Y,1206,2017-12-06,2027-10-15,2027-10-15,0.2275,FIXED,18434.15,BR-001,57,GHGGB5072625
SECURITY.POSITION/3003447,SECURITY_HOLDING,GHS,28368.78,28368.78,SBL-SOV-017052,SEC.BOND.10Y,1206,2017-11-01,2027-09-10,2027-09-10,0.2228,FIXED,28368.78,BR-001,57,GHGGB5397871
SECURITY.POSITION/3003482,SECURITY_HOLDING,GHS,24224.93,24224.93,SBL-SOV-017052,SEC.BOND.5Y,1205,2021-09-09,2026-08-14,2026-08-14,0.206,FIXED,24224.93,BR-001,56,GHGGB8179869
SECURITY.POSITION/3003488,SECURITY_HOLDING,GHS,3787.95,3787.95,SBL-SOV-017052,SEC.BOND.10Y,1206,2019-07-26,2029-06-03,2029-06-03,0.232,FIXED,3787.95,BR-001,56,GHGGB2433739
SECURITY.POSITION/3003489,SECURITY_HOLDING,GHS,1055.66,1055.66,SBL-SOV-017052,SEC.BOND.10Y,1206,2019-02-27,2029-01-05,2029-01-05,0.2363,FIXED,1055.66,BR-001,56,GHGGB3263729
SECURITY.POSITION/3003490,SECURITY_HOLDING,GHS,8247.22,8247.22,SBL-SOV-017052,SEC.BOND.10Y,1206,2021-10-02,2031-08-11,2031-08-11,0.2304,FIXED,8247.22,BR-001,56,GHGGB3734405
SECURITY.POSITION/3003493,SECURITY_HOLDING,GHS,2711.03,2711.03,SBL-SOV-017052,SEC.BOND.10Y,1206,2018-12-20,2028-10-28,2028-10-28,0.2372,FIXED,2711.03,BR-001,56,GHGGB1934511
SECURITY.POSITION/3003494,SECURITY_HOLDING,GHS,6038.50,6038.50,SBL-SOV-017052,SEC.BOND.10Y,1206,2019-02-22,2028-12-31,2028-12-31,0.2331,FIXED,6038.50,BR-001,56,GHGGB8306616
SECURITY.POSITION/3003495,SECURITY_HOLDING,GHS,4497.12,4497.12,SBL-SOV-017052,SEC.BOND.10Y,1206,2019-09-19,2029-07-28,2029-07-28,0.2325,FIXED,4497.12,BR-001,56,GHGGB3663368
SECURITY.POSITION/3003497,SECURITY_HOLDING,GHS,1400.81,1400.81,SBL-SOV-017052,SEC.BOND.10Y,1206,2017-02-12,2026-12-22,2026-12-22,0.2303,FIXED,1400.81,BR-001,56,GHGGB9946048
SECURITY.POSITION/3003498,SECURITY_HOLDING,GHS,3039.12,3039.12,SBL-SOV-017052,SEC.BOND.10Y,1206,2018-08-21,2028-06-29,2028-06-29,0.2278,FIXED,3039.12,BR-001,56,GHGGB1887163
SECURITY.POSITION/3003549,SECURITY_HOLDING,GHS,140080.93,140080.93,SBL-SOV-017052,SEC.BOND.10Y,1206,2017-07-16,2027-05-25,2027-05-25,0.2264,FIXED,140080.93,BR-001,55,GHGGB9669517
SECURITY.POSITION/3003551,SECURITY_HOLDING,GHS,159979.43,159979.43,SBL-SOV-017052,SEC.BOND.10Y,1206,2020-12-24,2030-11-02,2030-11-02,0.2245,FIXED,159979.43,BR-001,55,GHGGB7638686
SECURITY.POSITION/3003552,SECURITY_HOLDING,GHS,33329.43,33329.43,SBL-SOV-017052,SEC.BOND.10Y,1206,2020-05-13,2030-03-22,2030-03-22,0.2224,FIXED,33329.43,BR-001,55,GHGGB2568532
SECURITY.POSITION/3003553,SECURITY_HOLDING,GHS,118361.41,118361.41,SBL-SOV-017052,SEC.BOND.10Y,1206,2018-01-25,2027-12-04,2027-12-04,0.2242,FIXED,118361.41,BR-001,55,GHGGB8494851
SECURITY.POSITION/3003554,SECURITY_HOLDING,GHS,55863.15,55863.15,SBL-SOV-017052,SEC.BOND.10Y,1206,2020-09-10,2030-07-20,2030-07-20,0.2221,FIXED,55863.15,BR-001,55,GHGGB7562731
SECURITY.POSITION/3003555,SECURITY_HOLDING,GHS,57042.47,57042.47,SBL-SOV-017052,SEC.BOND.10Y,1206,2018-04-22,2028-02-29,2028-02-29,0.226,FIXED,57042.47,BR-001,55,GHGGB9216600
SECURITY.POSITION/3003557,SECURITY_HOLDING,GHS,24359.23,24359.23,SBL-SOV-017052,SEC.BOND.10Y,1206,2018-09-26,2028-08-04,2028-08-04,0.2236,FIXED,24359.23,BR-001,55,GHGGB9303389
SECURITY.POSITION/3003558,SECURITY_HOLDING,GHS,136036.02,136036.02,SBL-SOV-017052,SEC.BOND.10Y,1206,2021-06-20,2031-04-29,2031-04-29,0.229,FIXED,136036.02,BR-001,55,GHGGB4230817
SECURITY.POSITION/3003559,SECURITY_HOLDING,GHS,68529.99,68529.99,SBL-SOV-017052,SEC.BOND.10Y,1206,2018-11-20,2028-09-28,2028-09-28,0.2218,FIXED,68529.99,BR-001,55,GHGGB5150673
SECURITY.POSITION/3003560,SECURITY_HOLDING,GHS,133305.91,133305.91,SBL-SOV-017052,SEC.BOND.10Y,1206,2020-05-28,2030-04-06,2030-04-06,0.2195,FIXED,133305.91,BR-001,55,GHGGB4382429
SECURITY.POSITION/3003604,SECURITY_HOLDING,GHS,100559.51,100559.51,SBL-SOV-017052,SEC.BOND.5Y,1205,2021-11-23,2026-10-28,2026-10-28,0.2096,FIXED,100559.51,BR-001,54,GHGGB8586691
SECURITY.POSITION/3003609,SECURITY_HOLDING,GHS,21974.32,21974.32,SBL-SOV-017052,SEC.BOND.10Y,1206,2019-05-17,2029-03-25,2029-03-25,0.2312,FIXED,21974.32,BR-001,54,GHGGB1438781
SECURITY.POSITION/3003610,SECURITY_HOLDING,GHS,39404.16,39404.16,SBL-SOV-017052,SEC.BOND.10Y,1206,2017-03-21,2027-01-28,2027-01-28,0.2324,FIXED,39404.16,BR-001,54,GHGGB5685218
SECURITY.POSITION/3003614,SECURITY_HOLDING,GHS,54132.20,54132.20,SBL-SOV-017052,SEC.BOND.10Y,1206,2018-02-25,2028-01-04,2028-01-04,0.2192,FIXED,54132.20,BR-001,54,GHGGB5959916
SECURITY.POSITION/3003617,SECURITY_HOLDING,GHS,203497.68,203497.68,SBL-SOV-017052,SEC.BOND.10Y,1206,2021-07-07,2031-05-16,2031-05-16,0.2318,FIXED,203497.68,BR-001,54,GHGGB6789418
SECURITY.POSITION/3003619,SECURITY_HOLDING,GHS,103312.77,103312.77,SBL-SOV-017052,SEC.BOND.10Y,1206,2021-02-26,2031-01-05,2031-01-05,0.2295,FIXED,103312.77,BR-001,54,GHGGB2415700
SECURITY.POSITION/3003620,SECURITY_HOLDING,GHS,53055.20,53055.20,SBL-SOV-017052,SEC.BOND.10Y,1206,2017-01-11,2026-11-20,2026-11-20,0.2286,FIXED,53055.20,BR-001,54,GHGGB7227153
SECURITY.POSITION/3003673,SECURITY_HOLDING,GHS,370139.91,370139.91,SBL-SOV-017052,SEC.BOND.5Y,1205,2021-11-02,2026-10-07,2026-10-07,0.2084,FIXED,370139.91,BR-001,53,GHGGB3612776
SECURITY.POSITION/3003678,SECURITY_HOLDING,GHS,33507.43,33507.43,SBL-SOV-017052,SEC.BOND.10Y,1206,2021-12-10,2031-10-19,2031-10-19,0.2289,FIXED,33507.43,BR-001,53,GHGGB6487717
SECURITY.POSITION/3003682,SECURITY_HOLDING,GHS,33538.83,33538.83,SBL-SOV-017052,SEC.BOND.10Y,1206,2019-11-21,2029-09-29,2029-09-29,0.2271,FIXED,33538.83,BR-001,53,GHGGB5662831
SECURITY.POSITION/3003683,SECURITY_HOLDING,GHS,157962.45,157962.45,SBL-SOV-017052,SEC.BOND.10Y,1206,2021-12-14,2031-10-23,2031-10-23,0.2282,FIXED,157962.45,BR-001,53,GHGGB3169448
SECURITY.POSITION/3003686,SECURITY_HOLDING,GHS,168181.96,168181.96,SBL-SOV-017052,SEC.BOND.10Y,1206,2016-12-28,2026-11-06,2026-11-06,0.2252,FIXED,168181.96,BR-001,53,GHGGB1720805
SECURITY.POSITION/3003688,SECURITY_HOLDING,GHS,85713.16,85713.16,SBL-SOV-017052,SEC.BOND.10Y,1206,2016-12-12,2026-10-21,2026-10-21,0.229,FIXED,85713.16,BR-001,53,GHGGB1951903
SECURITY.POSITION/3003728,SECURITY_HOLDING,GHS,67518.78,67518.78,SBL-SOV-017052,SEC.BOND.5Y,1205,2021-11-01,2026-10-06,2026-10-06,0.2121,FIXED,67518.78,BR-001,52,GHGGB7447250
SECURITY.POSITION/3003731,SECURITY_HOLDING,GHS,768171.88,768171.88,SBL-SOV-017052,SEC.BOND.5Y,1205,2021-10-29,2026-10-03,2026-10-03,0.2104,FIXED,768171.88,BR-001,52,GHGGB3153526
SECURITY.POSITION/3003734,SECURITY_HOLDING,GHS,62619.03,62619.03,SBL-SOV-017052,SEC.BOND.5Y,1205,2022-02-28,2027-02-02,2027-02-02,0.2134,FIXED,62619.03,BR-001,52,GHGGB7480825
SECURITY.POSITION/3003736,SECURITY_HOLDING,GHS,819772.69,819772.69,SBL-SOV-017052,SEC.BOND.5Y,1205,2022-02-12,2027-01-17,2027-01-17,0.2166,FIXED,819772.69,BR-001,52,GHGGB2408147
SECURITY.POSITION/3003738,SECURITY_HOLDING,GHS,327600.83,327600.83,SBL-SOV-017052,SEC.BOND.10Y,1206,2018-11-27,2028-10-05,2028-10-05,0.2303,FIXED,327600.83,BR-001,52,GHGGB5958537
SECURITY.POSITION/3003740,SECURITY_HOLDING,GHS,96671.06,96671.06,SBL-SOV-017052,SEC.BOND.10Y,1206,2017-11-29,2027-10-08,2027-10-08,0.2285,FIXED,96671.06,BR-001,52,GHGGB6124716
SECURITY.POSITION/3003741,SECURITY_HOLDING,GHS,253043.18,253043.18,SBL-SOV-017052,SEC.BOND.10Y,1206,2018-08-17,2028-06-25,2028-06-25,0.2249,FIXED,253043.18,BR-001,52,GHGGB3818188
SECURITY.POSITION/3003786,SECURITY_HOLDING,GHS,371382.89,371382.89,SBL-SOV-017052,SEC.BOND.5Y,1205,2021-07-27,2026-07-01,2026-07-01,0.3302,FIXED,371382.89,BR-001,51,GHGGB1344559
SECURITY.POSITION/3003788,SECURITY_HOLDING,GHS,28550.90,28550.90,SBL-SOV-017052,SEC.BOND.5Y,1205,2021-08-24,2026-07-29,2026-07-29,0.3289,FIXED,28550.90,BR-001,51,GHGGB7832514
SECURITY.POSITION/3003795,SECURITY_HOLDING,GHS,26150.34,26150.34,SBL-SOV-017052,SEC.BOND.10Y,1206,2020-10-15,2030-08-24,2030-08-24,0.3112,FIXED,26150.34,BR-001,51,GHGGB1957445
SECURITY.POSITION/3003796,SECURITY_HOLDING,GHS,98007.24,98007.24,SBL-SOV-017052,SEC.BOND.10Y,1206,2017-02-14,2026-12-24,2026-12-24,0.3092,FIXED,98007.24,BR-001,51,GHGGB4230536
SECURITY.POSITION/3003797,SECURITY_HOLDING,GHS,94172.68,94172.68,SBL-SOV-017052,SEC.BOND.10Y,1206,2021-01-03,2030-11-12,2030-11-12,0.3131,FIXED,94172.68,BR-001,51,GHGGB7503122
SECURITY.POSITION/3003799,SECURITY_HOLDING,GHS,43600.61,43600.61,SBL-SOV-017052,SEC.BOND.10Y,1206,2018-03-11,2028-01-18,2028-01-18,0.3079,FIXED,43600.61,BR-001,51,GHGGB5140980
SECURITY.POSITION/3003800,SECURITY_HOLDING,GHS,97063.61,97063.61,SBL-SOV-017052,SEC.BOND.10Y,1206,2017-09-06,2027-07-16,2027-07-16,0.3167,FIXED,97063.61,BR-001,51,GHGGB6623523
SECURITY.POSITION/3003801,SECURITY_HOLDING,GHS,31475.52,31475.52,SBL-SOV-017052,SEC.BOND.10Y,1206,2017-01-03,2026-11-12,2026-11-12,0.3165,FIXED,31475.52,BR-001,51,GHGGB4807314
SECURITY.POSITION/3003802,SECURITY_HOLDING,GHS,51221.71,51221.71,SBL-SOV-017052,SEC.BOND.10Y,1206,2017-03-04,2027-01-11,2027-01-11,0.3115,FIXED,51221.71,BR-001,51,GHGGB8349818
SECURITY.POSITION/3003845,SECURITY_HOLDING,GHS,86605.68,86605.68,SBL-SOV-017052,SEC.BOND.10Y,1206,2019-08-29,2029-07-07,2029-07-07,0.3101,FIXED,86605.68,BR-001,50,GHGGB7395370
SECURITY.POSITION/3003846,SECURITY_HOLDING,GHS,193079.35,193079.35,SBL-SOV-017052,SEC.BOND.10Y,1206,2022-04-08,2032-02-15,2032-02-15,0.316,FIXED,193079.35,BR-001,50,GHGGB2773182
SECURITY.POSITION/3003847,SECURITY_HOLDING,GHS,610760.25,610760.25,SBL-SOV-017052,SEC.BOND.10Y,1206,2017-07-30,2027-06-08,2027-06-08,0.3168,FIXED,610760.25,BR-001,50,GHGGB5501307
SECURITY.POSITION/3003850,SECURITY_HOLDING,GHS,178347.42,178347.42,SBL-SOV-017052,SEC.BOND.10Y,1206,2019-11-05,2029-09-13,2029-09-13,0.3037,FIXED,178347.42,BR-001,50,GHGGB9901050
SECURITY.POSITION/3003852,SECURITY_HOLDING,GHS,89753.07,89753.07,SBL-SOV-017052,SEC.BOND.10Y,1206,2021-09-01,2031-07-11,2031-07-11,0.3133,FIXED,89753.07,BR-001,50,GHGGB6958545
SECURITY.POSITION/3003853,SECURITY_HOLDING,GHS,337861.58,337861.58,SBL-SOV-017052,SEC.BOND.10Y,1206,2018-04-27,2028-03-05,2028-03-05,0.3094,FIXED,337861.58,BR-001,50,GHGGB7171438
SECURITY.POSITION/3003855,SECURITY_HOLDING,GHS,218755.06,218755.06,SBL-SOV-017052,SEC.BOND.10Y,1206,2021-01-14,2030-11-23,2030-11-23,0.3094,FIXED,218755.06,BR-001,50,GHGGB9609094
SECURITY.POSITION/3003895,SECURITY_HOLDING,GHS,399771.82,399771.82,SBL-SOV-017052,SEC.BOND.5Y,1205,2021-08-10,2026-07-15,2026-07-15,0.3271,FIXED,399771.82,BR-001,49,GHGGB8882233
SECURITY.POSITION/3003896,SECURITY_HOLDING,GHS,124495.39,124495.39,SBL-SOV-017052,SEC.BOND.5Y,1205,2021-12-30,2026-12-04,2026-12-04,0.3219,FIXED,124495.39,BR-001,49,GHGGB2110385
SECURITY.POSITION/3003899,SECURITY_HOLDING,GHS,238486.98,238486.98,SBL-SOV-017052,SEC.BOND.5Y,1205,2022-05-17,2027-04-21,2027-04-21,0.3225,FIXED,238486.98,BR-001,49,GHGGB1550858
SECURITY.POSITION/3003903,SECURITY_HOLDING,GHS,162572.02,162572.02,SBL-SOV-017052,SEC.BOND.5Y,1205,2021-12-14,2026-11-18,2026-11-18,0.3232,FIXED,162572.02,BR-001,49,GHGGB2491633
SECURITY.POSITION/3003906,SECURITY_HOLDING,GHS,8206.20,8206.20,SBL-SOV-017052,SEC.BOND.10Y,1206,2020-10-21,2030-08-30,2030-08-30,0.3163,FIXED,8206.20,BR-001,49,GHGGB6372151
SECURITY.POSITION/3003907,SECURITY_HOLDING,GHS,229755.69,229755.69,SBL-SOV-017052,SEC.BOND.10Y,1206,2020-07-27,2030-06-05,2030-06-05,0.3147,FIXED,229755.69,BR-001,49,GHGGB1390416
SECURITY.POSITION/3003908,SECURITY_HOLDING,GHS,7396.60,7396.60,SBL-SOV-017052,SEC.BOND.10Y,1206,2021-05-21,2031-03-30,2031-03-30,0.3113,FIXED,7396.60,BR-001,49,GHGGB8917258
SECURITY.POSITION/3003909,SECURITY_HOLDING,GHS,47161.44,47161.44,SBL-SOV-017052,SEC.BOND.10Y,1206,2021-03-23,2031-01-30,2031-01-30,0.308,FIXED,47161.44,BR-001,49,GHGGB3625514
SECURITY.POSITION/3003911,SECURITY_HOLDING,GHS,125648.83,125648.83,SBL-SOV-017052,SEC.BOND.10Y,1206,2017-12-01,2027-10-10,2027-10-10,0.3111,FIXED,125648.83,BR-001,49,GHGGB2877439
SECURITY.POSITION/3003954,SECURITY_HOLDING,GHS,102193.25,102193.25,SBL-SOV-017052,SEC.BOND.5Y,1205,2022-02-15,2027-01-20,2027-01-20,0.3255,FIXED,102193.25,BR-001,48,GHGGB9662928
SECURITY.POSITION/3003962,SECURITY_HOLDING,GHS,320105.48,320105.48,SBL-SOV-017052,SEC.BOND.5Y,1205,2021-11-13,2026-10-18,2026-10-18,0.3274,FIXED,320105.48,BR-001,48,GHGGB6817613
SECURITY.POSITION/3003964,SECURITY_HOLDING,GHS,27231.76,27231.76,SBL-SOV-017052,SEC.BOND.10Y,1206,2022-04-25,2032-03-03,2032-03-03,0.3105,FIXED,27231.76,BR-001,48,GHGGB3459235
SECURITY.POSITION/3003965,SECURITY_HOLDING,GHS,50146.54,50146.54,SBL-SOV-017052,SEC.BOND.10Y,1206,2020-05-31,2030-04-09,2030-04-09,0.3101,FIXED,50146.54,BR-001,48,GHGGB7703012
SECURITY.POSITION/3003966,SECURITY_HOLDING,GHS,28578.35,28578.35,SBL-SOV-017052,SEC.BOND.10Y,1206,2017-06-04,2027-04-13,2027-04-13,0.3119,FIXED,28578.35,BR-001,48,GHGGB7418370
SECURITY.POSITION/3003967,SECURITY_HOLDING,GHS,27850.84,27850.84,SBL-SOV-017052,SEC.BOND.10Y,1206,2018-04-21,2028-02-28,2028-02-28,0.3141,FIXED,27850.84,BR-001,48,GHGGB1305694
SECURITY.POSITION/3003968,SECURITY_HOLDING,GHS,7296.50,7296.50,SBL-SOV-017052,SEC.BOND.10Y,1206,2021-08-05,2031-06-14,2031-06-14,0.3148,FIXED,7296.50,BR-001,48,GHGGB4934036
SECURITY.POSITION/3003969,SECURITY_HOLDING,GHS,11080.06,11080.06,SBL-SOV-017052,SEC.BOND.10Y,1206,2019-08-08,2029-06-16,2029-06-16,0.312,FIXED,11080.06,BR-001,48,GHGGB6244781
SECURITY.POSITION/3003970,SECURITY_HOLDING,GHS,45212.16,45212.16,SBL-SOV-017052,SEC.BOND.10Y,1206,2019-08-09,2029-06-17,2029-06-17,0.3029,FIXED,45212.16,BR-001,48,GHGGB3273911
SECURITY.POSITION/3004056,SECURITY_HOLDING,GHS,180843.94,180843.94,SBL-SOV-017052,SEC.BOND.5Y,1205,2022-02-26,2027-01-31,2027-01-31,0.3168,FIXED,180843.94,BR-001,46,GHGGB2323883
SECURITY.POSITION/3004063,SECURITY_HOLDING,GHS,196381.21,196381.21,SBL-SOV-017052,SEC.BOND.10Y,1206,2019-05-03,2029-03-11,2029-03-11,0.3136,FIXED,196381.21,BR-001,46,GHGGB5306846
SECURITY.POSITION/3004064,SECURITY_HOLDING,GHS,331390.13,331390.13,SBL-SOV-017052,SEC.BOND.10Y,1206,2019-05-13,2029-03-21,2029-03-21,0.3108,FIXED,331390.13,BR-001,46,GHGGB5799367
SECURITY.POSITION/3004065,SECURITY_HOLDING,GHS,224210.23,224210.23,SBL-SOV-017052,SEC.BOND.10Y,1206,2022-08-14,2032-06-22,2032-06-22,0.3161,FIXED,224210.23,BR-001,46,GHGGB9188198
SECURITY.POSITION/3004066,SECURITY_HOLDING,GHS,112261.20,112261.20,SBL-SOV-017052,SEC.BOND.10Y,1206,2020-05-25,2030-04-03,2030-04-03,0.3104,FIXED,112261.20,BR-001,46,GHGGB3476945
SECURITY.POSITION/3004067,SECURITY_HOLDING,GHS,160844.04,160844.04,SBL-SOV-017052,SEC.BOND.10Y,1206,2016-12-15,2026-10-24,2026-10-24,0.3139,FIXED,160844.04,BR-001,46,GHGGB7599346
SECURITY.POSITION/3004068,SECURITY_HOLDING,GHS,399300.35,399300.35,SBL-SOV-017052,SEC.BOND.10Y,1206,2017-02-26,2027-01-05,2027-01-05,0.3113,FIXED,399300.35,BR-001,46,GHGGB5063860
SECURITY.POSITION/3004069,SECURITY_HOLDING,GHS,178792.10,178792.10,SBL-SOV-017052,SEC.BOND.10Y,1206,2020-03-12,2030-01-19,2030-01-19,0.3096,FIXED,178792.10,BR-001,46,GHGGB5363014
SECURITY.POSITION/3004113,SECURITY_HOLDING,GHS,26446.59,26446.59,SBL-SOV-017052,SEC.BOND.5Y,1205,2022-06-17,2027-05-22,2027-05-22,0.3274,FIXED,26446.59,BR-001,45,GHGGB2701012
SECURITY.POSITION/3004120,SECURITY_HOLDING,GHS,587250.62,587250.62,SBL-SOV-017052,SEC.BOND.5Y,1205,2022-04-05,2027-03-10,2027-03-10,0.328,FIXED,587250.62,BR-001,45,GHGGB7187439
SECURITY.POSITION/3004122,SECURITY_HOLDING,GHS,508.04,508.04,SBL-SOV-017052,SEC.BOND.10Y,1206,2018-09-16,2028-07-25,2028-07-25,0.3179,FIXED,508.04,BR-001,45,GHGGB6391334
SECURITY.POSITION/3004124,SECURITY_HOLDING,GHS,1740.26,1740.26,SBL-SOV-017052,SEC.BOND.10Y,1206,2022-09-11,2032-07-20,2032-07-20,0.318,FIXED,1740.26,BR-001,45,GHGGB1667504
SECURITY.POSITION/3004126,SECURITY_HOLDING,GHS,299.01,299.01,SBL-SOV-017052,SEC.BOND.10Y,1206,2019-01-13,2028-11-21,2028-11-21,0.3236,FIXED,299.01,BR-001,45,GHGGB1864401
SECURITY.POSITION/3004129,SECURITY_HOLDING,GHS,1596.16,1596.16,SBL-SOV-017052,SEC.BOND.10Y,1206,2019-08-15,2029-06-23,2029-06-23,0.3139,FIXED,1596.16,BR-001,45,GHGGB2151658
SECURITY.POSITION/3004131,SECURITY_HOLDING,GHS,239.42,239.42,SBL-SOV-017052,SEC.BOND.10Y,1206,2018-11-08,2028-09-16,2028-09-16,0.3146,FIXED,239.42,BR-001,45,GHGGB5431762
SECURITY.POSITION/3004169,SECURITY_HOLDING,GHS,45897.06,45897.06,SBL-SOV-017052,SEC.BOND.5Y,1205,2022-05-30,2027-05-04,2027-05-04,0.3205,FIXED,45897.06,BR-001,44,GHGGB1590882
SECURITY.POSITION/3004170,SECURITY_HOLDING,GHS,17491.05,17491.05,SBL-SOV-017052,SEC.BOND.5Y,1205,2022-08-04,2027-07-09,2027-07-09,0.3253,FIXED,17491.05,BR-001,44,GHGGB2887167
SECURITY.POSITION/3004175,SECURITY_HOLDING,GHS,72679.50,72679.50,SBL-SOV-017052,SEC.BOND.5Y,1205,2021-11-30,2026-11-04,2026-11-04,0.3214,FIXED,72679.50,BR-001,44,GHGGB3441861
SECURITY.POSITION/3004182,SECURITY_HOLDING,GHS,280065.81,280065.81,SBL-SOV-017052,SEC.BOND.10Y,1206,2017-09-23,2027-08-02,2027-08-02,0.3182,FIXED,280065.81,BR-001,44,GHGGB6821253
SECURITY.POSITION/3004183,SECURITY_HOLDING,GHS,202317.45,202317.45,SBL-SOV-017052,SEC.BOND.10Y,1206,2021-05-18,2031-03-27,2031-03-27,0.315,FIXED,202317.45,BR-001,44,GHGGB9321278
SECURITY.POSITION/3004184,SECURITY_HOLDING,GHS,159943.14,159943.14,SBL-SOV-017052,SEC.BOND.10Y,1206,2020-03-16,2030-01-23,2030-01-23,0.316,FIXED,159943.14,BR-001,44,GHGGB4777848
SECURITY.POSITION/3004185,SECURITY_HOLDING,GHS,132429.12,132429.12,SBL-SOV-017052,SEC.BOND.10Y,1206,2017-12-14,2027-10-23,2027-10-23,0.3159,FIXED,132429.12,BR-001,44,GHGGB5445674
SECURITY.POSITION/3004186,SECURITY_HOLDING,GHS,41648.84,41648.84,SBL-SOV-017052,SEC.BOND.10Y,1206,2019-08-08,2029-06-16,2029-06-16,0.3177,FIXED,41648.84,BR-001,44,GHGGB3632957
SECURITY.POSITION/3004229,SECURITY_HOLDING,GHS,814306.38,814306.38,SBL-SOV-017052,SEC.BOND.5Y,1205,2022-10-12,2027-09-16,2027-09-16,0.3265,FIXED,814306.38,BR-001,43,GHGGB7259375
SECURITY.POSITION/3004230,SECURITY_HOLDING,GHS,33345.24,33345.24,SBL-SOV-017052,SEC.BOND.5Y,1205,2022-09-28,2027-09-02,2027-09-02,0.3297,FIXED,33345.24,BR-001,43,GHGGB4261108
SECURITY.POSITION/3004233,SECURITY_HOLDING,GHS,269230.89,269230.89,SBL-SOV-017052,SEC.BOND.5Y,1205,2021-08-05,2026-07-10,2026-07-10,0.3284,FIXED,269230.89,BR-001,43,GHGGB9069236
SECURITY.POSITION/3004235,SECURITY_HOLDING,GHS,359684.25,359684.25,SBL-SOV-017052,SEC.BOND.5Y,1205,2022-03-11,2027-02-13,2027-02-13,0.3298,FIXED,359684.25,BR-001,43,GHGGB8488063
SECURITY.POSITION/3004237,SECURITY_HOLDING,GHS,389461.84,389461.84,SBL-SOV-017052,SEC.BOND.5Y,1205,2022-06-08,2027-05-13,2027-05-13,0.3255,FIXED,389461.84,BR-001,43,GHGGB6375932
SECURITY.POSITION/3004241,SECURITY_HOLDING,GHS,162372.49,162372.49,SBL-SOV-017052,SEC.BOND.10Y,1206,2020-05-31,2030-04-09,2030-04-09,0.3134,FIXED,162372.49,BR-001,43,GHGGB2718965
SECURITY.POSITION/3004242,SECURITY_HOLDING,GHS,33264.74,33264.74,SBL-SOV-017052,SEC.BOND.10Y,1206,2022-03-19,2032-01-26,2032-01-26,0.3156,FIXED,33264.74,BR-001,43,GHGGB5644008
SECURITY.POSITION/3004243,SECURITY_HOLDING,GHS,143470.18,143470.18,SBL-SOV-017052,SEC.BOND.10Y,1206,2016-10-19,2026-08-28,2026-08-28,0.3101,FIXED,143470.18,BR-001,43,GHGGB8950047
SECURITY.POSITION/3004244,SECURITY_HOLDING,GHS,55540.32,55540.32,SBL-SOV-017052,SEC.BOND.10Y,1206,2019-11-05,2029-09-13,2029-09-13,0.3216,FIXED,55540.32,BR-001,43,GHGGB8292325
SECURITY.POSITION/3004245,SECURITY_HOLDING,GHS,141614.61,141614.61,SBL-SOV-017052,SEC.BOND.10Y,1206,2022-09-29,2032-08-07,2032-08-07,0.3143,FIXED,141614.61,BR-001,43,GHGGB6079134
SECURITY.POSITION/3004246,SECURITY_HOLDING,GHS,26637.92,26637.92,SBL-SOV-017052,SEC.BOND.10Y,1206,2020-11-24,2030-10-03,2030-10-03,0.3128,FIXED,26637.92,BR-001,43,GHGGB8673073
SECURITY.POSITION/3004288,SECURITY_HOLDING,GHS,1168756.25,1168756.25,SBL-SOV-017052,SEC.BOND.5Y,1205,2022-05-24,2027-04-28,2027-04-28,0.3261,FIXED,1168756.25,BR-001,42,GHGGB2931567
SECURITY.POSITION/3004295,SECURITY_HOLDING,GHS,33776.02,33776.02,SBL-SOV-017052,SEC.BOND.10Y,1206,2021-09-24,2031-08-03,2031-08-03,0.3257,FIXED,33776.02,BR-001,42,GHGGB4705268
SECURITY.POSITION/3004297,SECURITY_HOLDING,GHS,66210.86,66210.86,SBL-SOV-017052,SEC.BOND.10Y,1206,2021-11-27,2031-10-06,2031-10-06,0.3277,FIXED,66210.86,BR-001,42,GHGGB6361531
SECURITY.POSITION/3004299,SECURITY_HOLDING,GHS,136742.67,136742.67,SBL-SOV-017052,SEC.BOND.10Y,1206,2021-05-23,2031-04-01,2031-04-01,0.3259,FIXED,136742.67,BR-001,42,GHGGB8595631
SECURITY.POSITION/3004335,SECURITY_HOLDING,GHS,472663.82,472663.82,SBL-SOV-017052,SEC.BOND.5Y,1205,2022-12-29,2027-12-03,2027-12-03,0.323,FIXED,472663.82,BR-001,41,GHGGB7437884
SECURITY.POSITION/3004337,SECURITY_HOLDING,GHS,115638.55,115638.55,SBL-SOV-017052,SEC.BOND.5Y,1205,2021-10-03,2026-09-07,2026-09-07,0.3268,FIXED,115638.55,BR-001,41,GHGGB9867579
SECURITY.POSITION/3004339,SECURITY_HOLDING,GHS,19529.84,19529.84,SBL-SOV-017052,SEC.BOND.10Y,1206,2016-10-25,2026-09-03,2026-09-03,0.318,FIXED,19529.84,BR-001,41,GHGGB4990518
SECURITY.POSITION/3004340,SECURITY_HOLDING,GHS,33857.97,33857.97,SBL-SOV-017052,SEC.BOND.10Y,1206,2019-04-16,2029-02-22,2029-02-22,0.3143,FIXED,33857.97,BR-001,41,GHGGB6121932
SECURITY.POSITION/3004341,SECURITY_HOLDING,GHS,19402.20,19402.20,SBL-SOV-017052,SEC.BOND.10Y,1206,2021-12-11,2031-10-20,2031-10-20,0.3201,FIXED,19402.20,BR-001,41,GHGGB7628915
SECURITY.POSITION/3004342,SECURITY_HOLDING,GHS,14962.80,14962.80,SBL-SOV-017052,SEC.BOND.10Y,1206,2022-07-25,2032-06-02,2032-06-02,0.3151,FIXED,14962.80,BR-001,41,GHGGB2663579
SECURITY.POSITION/3004343,SECURITY_HOLDING,GHS,59223.34,59223.34,SBL-SOV-017052,SEC.BOND.10Y,1206,2016-11-02,2026-09-11,2026-09-11,0.3157,FIXED,59223.34,BR-001,41,GHGGB6618394
SECURITY.POSITION/3004344,SECURITY_HOLDING,GHS,61963.65,61963.65,SBL-SOV-017052,SEC.BOND.10Y,1206,2018-09-05,2028-07-14,2028-07-14,0.3149,FIXED,61963.65,BR-001,41,GHGGB4181698
SECURITY.POSITION/3004346,SECURITY_HOLDING,GHS,58989.72,58989.72,SBL-SOV-017052,SEC.BOND.10Y,1206,2022-05-27,2032-04-04,2032-04-04,0.3148,FIXED,58989.72,BR-001,41,GHGGB4475954
SECURITY.POSITION/3004348,SECURITY_HOLDING,GHS,42362.43,42362.43,SBL-SOV-017052,SEC.BOND.10Y,1206,2022-10-13,2032-08-21,2032-08-21,0.312,FIXED,42362.43,BR-001,41,GHGGB4242303
SECURITY.POSITION/3004349,SECURITY_HOLDING,GHS,89402.26,89402.26,SBL-SOV-017052,SEC.BOND.10Y,1206,2022-06-05,2032-04-13,2032-04-13,0.3169,FIXED,89402.26,BR-001,41,GHGGB7076379
SECURITY.POSITION/3004385,SECURITY_HOLDING,GHS,1999384.64,1999384.64,SBL-SOV-017052,SEC.BOND.5Y,1205,2021-12-06,2026-11-10,2026-11-10,0.3209,FIXED,1999384.64,BR-001,40,GHGGB8044776
SECURITY.POSITION/3004388,SECURITY_HOLDING,GHS,170367.05,170367.05,SBL-SOV-017052,SEC.BOND.5Y,1205,2022-08-25,2027-07-30,2027-07-30,0.3288,FIXED,170367.05,BR-001,40,GHGGB7501045
SECURITY.POSITION/3004393,SECURITY_HOLDING,GHS,41793.40,41793.40,SBL-SOV-017052,SEC.BOND.10Y,1206,2017-03-25,2027-02-01,2027-02-01,0.3136,FIXED,41793.40,BR-001,40,GHGGB1343529
SECURITY.POSITION/3004395,SECURITY_HOLDING,GHS,47398.53,47398.53,SBL-SOV-017052,SEC.BOND.10Y,1206,2020-05-03,2030-03-12,2030-03-12,0.318,FIXED,47398.53,BR-001,40,GHGGB8689057
SECURITY.POSITION/3004396,SECURITY_HOLDING,GHS,39844.58,39844.58,SBL-SOV-017052,SEC.BOND.10Y,1206,2018-03-17,2028-01-24,2028-01-24,0.3173,FIXED,39844.58,BR-001,40,GHGGB6293747
SECURITY.POSITION/3004397,SECURITY_HOLDING,GHS,52855.20,52855.20,SBL-SOV-017052,SEC.BOND.10Y,1206,2020-05-01,2030-03-10,2030-03-10,0.3172,FIXED,52855.20,BR-001,40,GHGGB5700804
SECURITY.POSITION/3004399,SECURITY_HOLDING,GHS,15033.46,15033.46,SBL-SOV-017052,SEC.BOND.10Y,1206,2019-05-30,2029-04-07,2029-04-07,0.318,FIXED,15033.46,BR-001,40,GHGGB6203253
SECURITY.POSITION/3004401,SECURITY_HOLDING,GHS,11841.75,11841.75,SBL-SOV-017052,SEC.BOND.10Y,1206,2019-10-01,2029-08-09,2029-08-09,0.3156,FIXED,11841.75,BR-001,40,GHGGB6532577
SECURITY.POSITION/3004402,SECURITY_HOLDING,GHS,24668.69,24668.69,SBL-SOV-017052,SEC.BOND.10Y,1206,2018-08-22,2028-06-30,2028-06-30,0.3127,FIXED,24668.69,BR-001,40,GHGGB9310591
SECURITY.POSITION/3004437,SECURITY_HOLDING,GHS,213521.11,213521.11,SBL-SOV-017052,SEC.BOND.5Y,1205,2022-04-20,2027-03-25,2027-03-25,0.3299,FIXED,213521.11,BR-001,39,GHGGB5940263
SECURITY.POSITION/3004444,SECURITY_HOLDING,GHS,267235.78,267235.78,SBL-SOV-017052,SEC.BOND.5Y,1205,2021-11-25,2026-10-30,2026-10-30,0.3279,FIXED,267235.78,BR-001,39,GHGGB6294453
SECURITY.POSITION/3004448,SECURITY_HOLDING,GHS,298868.96,298868.96,SBL-SOV-017052,SEC.BOND.5Y,1205,2022-06-05,2027-05-10,2027-05-10,0.3284,FIXED,298868.96,BR-001,39,GHGGB9430888
SECURITY.POSITION/3004449,SECURITY_HOLDING,GHS,34349.69,34349.69,SBL-SOV-017052,SEC.BOND.10Y,1206,2018-03-15,2028-01-22,2028-01-22,0.3212,FIXED,34349.69,BR-001,39,GHGGB6677091
SECURITY.POSITION/3004452,SECURITY_HOLDING,GHS,197577.66,197577.66,SBL-SOV-017052,SEC.BOND.10Y,1206,2018-02-07,2027-12-17,2027-12-17,0.3175,FIXED,197577.66,BR-001,39,GHGGB2407446
SECURITY.POSITION/3004453,SECURITY_HOLDING,GHS,70016.94,70016.94,SBL-SOV-017052,SEC.BOND.10Y,1206,2020-10-28,2030-09-06,2030-09-06,0.3202,FIXED,70016.94,BR-001,39,GHGGB9855265
SECURITY.POSITION/3004456,SECURITY_HOLDING,GHS,311844.62,311844.62,SBL-SOV-017052,SEC.BOND.10Y,1206,2018-10-08,2028-08-16,2028-08-16,0.3154,FIXED,311844.62,BR-001,39,GHGGB3863507
SECURITY.POSITION/3004457,SECURITY_HOLDING,GHS,44742.36,44742.36,SBL-SOV-017052,SEC.BOND.10Y,1206,2017-02-05,2026-12-15,2026-12-15,0.3175,FIXED,44742.36,BR-001,39,GHGGB7967992
SECURITY.POSITION/3004503,SECURITY_HOLDING,GHS,506400.07,506400.07,SBL-SOV-017052,SEC.BOND.5Y,1205,2021-10-15,2026-09-19,2026-09-19,0.3246,FIXED,506400.07,BR-001,38,GHGGB1150084
SECURITY.POSITION/3004506,SECURITY_HOLDING,GHS,560526.38,560526.38,SBL-SOV-017052,SEC.BOND.5Y,1205,2022-10-03,2027-09-07,2027-09-07,0.3229,FIXED,560526.38,BR-001,38,GHGGB2565473
SECURITY.POSITION/3004510,SECURITY_HOLDING,GHS,617714.95,617714.95,SBL-SOV-017052,SEC.BOND.5Y,1205,2022-01-18,2026-12-23,2026-12-23,0.3232,FIXED,617714.95,BR-001,38,GHGGB4359785
SECURITY.POSITION/3004511,SECURITY_HOLDING,GHS,243563.54,243563.54,SBL-SOV-017052,SEC.BOND.5Y,1205,2023-03-22,2028-02-24,2028-02-24,0.318,FIXED,243563.54,BR-001,38,GHGGB8991596
SECURITY.POSITION/3004512,SECURITY_HOLDING,GHS,405603.84,405603.84,SBL-SOV-017052,SEC.BOND.10Y,1206,2016-12-25,2026-11-03,2026-11-03,0.3148,FIXED,405603.84,BR-001,38,GHGGB4318185
SECURITY.POSITION/3004515,SECURITY_HOLDING,GHS,59926.73,59926.73,SBL-SOV-017052,SEC.BOND.10Y,1206,2021-11-02,2031-09-11,2031-09-11,0.3212,FIXED,59926.73,BR-001,38,GHGGB9762910
SECURITY.POSITION/3004517,SECURITY_HOLDING,GHS,90232.55,90232.55,SBL-SOV-017052,SEC.BOND.10Y,1206,2022-08-30,2032-07-08,2032-07-08,0.3161,FIXED,90232.55,BR-001,38,GHGGB1494364
SECURITY.POSITION/3004519,SECURITY_HOLDING,GHS,66922.67,66922.67,SBL-SOV-017052,SEC.BOND.10Y,1206,2016-10-02,2026-08-11,2026-08-11,0.316,FIXED,66922.67,BR-001,38,GHGGB1831913
SECURITY.POSITION/3004564,SECURITY_HOLDING,GHS,280265.98,280265.98,SBL-SOV-017052,SEC.BOND.5Y,1205,2022-04-16,2027-03-21,2027-03-21,0.3296,FIXED,280265.98,BR-001,37,GHGGB1226823
SECURITY.POSITION/3004566,SECURITY_HOLDING,GHS,191226.35,191226.35,SBL-SOV-017052,SEC.BOND.5Y,1205,2022-03-17,2027-02-19,2027-02-19,0.324,FIXED,191226.35,BR-001,37,GHGGB7769838
SECURITY.POSITION/3004567,SECURITY_HOLDING,GHS,1623793.70,1623793.70,SBL-SOV-017052,SEC.BOND.5Y,1205,2021-12-08,2026-11-12,2026-11-12,0.3207,FIXED,1623793.70,BR-001,37,GHGGB1448890
SECURITY.POSITION/3004569,SECURITY_HOLDING,GHS,171232.00,171232.00,SBL-SOV-017052,SEC.BOND.5Y,1205,2022-11-22,2027-10-27,2027-10-27,0.3297,FIXED,171232.00,BR-001,37,GHGGB9939751
SECURITY.POSITION/3004571,SECURITY_HOLDING,GHS,261393.27,261393.27,SBL-SOV-017052,SEC.BOND.5Y,1205,2022-05-28,2027-05-02,2027-05-02,0.321,FIXED,261393.27,BR-001,37,GHGGB4227890
SECURITY.POSITION/3004572,SECURITY_HOLDING,GHS,45751.98,45751.98,SBL-SOV-017052,SEC.BOND.10Y,1206,2016-12-26,2026-11-04,2026-11-04,0.3187,FIXED,45751.98,BR-001,37,GHGGB2674275
SECURITY.POSITION/3004575,SECURITY_HOLDING,GHS,68561.94,68561.94,SBL-SOV-017052,SEC.BOND.10Y,1206,2019-08-15,2029-06-23,2029-06-23,0.316,FIXED,68561.94,BR-001,37,GHGGB9992975
SECURITY.POSITION/3004576,SECURITY_HOLDING,GHS,51858.71,51858.71,SBL-SOV-017052,SEC.BOND.10Y,1206,2019-02-05,2028-12-14,2028-12-14,0.3126,FIXED,51858.71,BR-001,37,GHGGB4123578
SECURITY.POSITION/3004577,SECURITY_HOLDING,GHS,127113.22,127113.22,SBL-SOV-017052,SEC.BOND.10Y,1206,2017-11-16,2027-09-25,2027-09-25,0.318,FIXED,127113.22,BR-001,37,GHGGB1621083
SECURITY.POSITION/3004578,SECURITY_HOLDING,GHS,348309.47,348309.47,SBL-SOV-017052,SEC.BOND.10Y,1206,2019-04-04,2029-02-10,2029-02-10,0.3238,FIXED,348309.47,BR-001,37,GHGGB6955219
SECURITY.POSITION/3004579,SECURITY_HOLDING,GHS,93837.71,93837.71,SBL-SOV-017052,SEC.BOND.10Y,1206,2020-06-05,2030-04-14,2030-04-14,0.3141,FIXED,93837.71,BR-001,37,GHGGB7640518
SECURITY.POSITION/3004580,SECURITY_HOLDING,GHS,46053.20,46053.20,SBL-SOV-017052,SEC.BOND.10Y,1206,2020-10-29,2030-09-07,2030-09-07,0.3215,FIXED,46053.20,BR-001,37,GHGGB5190995
SECURITY.POSITION/3004581,SECURITY_HOLDING,GHS,167210.03,167210.03,SBL-SOV-017052,SEC.BOND.10Y,1206,2021-09-11,2031-07-21,2031-07-21,0.3213,FIXED,167210.03,BR-001,37,GHGGB2413613
SECURITY.POSITION/3004626,SECURITY_HOLDING,GHS,291033.71,291033.71,SBL-SOV-017052,SEC.BOND.5Y,1205,2022-10-07,2027-09-11,2027-09-11,0.317,FIXED,291033.71,BR-001,36,GHGGB7847081
SECURITY.POSITION/3004627,SECURITY_HOLDING,GHS,185226.05,185226.05,SBL-SOV-017052,SEC.BOND.5Y,1205,2022-10-29,2027-10-03,2027-10-03,0.3194,FIXED,185226.05,BR-001,36,GHGGB1832882
SECURITY.POSITION/3004632,SECURITY_HOLDING,GHS,69978.95,69978.95,SBL-SOV-017052,SEC.BOND.10Y,1206,2017-02-07,2026-12-17,2026-12-17,0.324,FIXED,69978.95,BR-001,36,GHGGB8431064
SECURITY.POSITION/3004634,SECURITY_HOLDING,GHS,54512.75,54512.75,SBL-SOV-017052,SEC.BOND.10Y,1206,2019-02-18,2028-12-27,2028-12-27,0.3229,FIXED,54512.75,BR-001,36,GHGGB5781303
SECURITY.POSITION/3004636,SECURITY_HOLDING,GHS,143367.39,143367.39,SBL-SOV-017052,SEC.BOND.10Y,1206,2016-09-14,2026-07-24,2026-07-24,0.3191,FIXED,143367.39,BR-001,36,GHGGB8783697
SECURITY.POSITION/3004640,SECURITY_HOLDING,GHS,52686.06,52686.06,SBL-SOV-017052,SEC.BOND.10Y,1206,2019-08-12,2029-06-20,2029-06-20,0.3188,FIXED,52686.06,BR-001,36,GHGGB6980378
SECURITY.POSITION/3004642,SECURITY_HOLDING,GHS,73821.97,73821.97,SBL-SOV-017052,SEC.BOND.10Y,1206,2018-03-08,2028-01-15,2028-01-15,0.3196,FIXED,73821.97,BR-001,36,GHGGB3964078
SECURITY.POSITION/3004692,SECURITY_HOLDING,GHS,124523.69,124523.69,SBL-SOV-017052,SEC.BOND.5Y,1205,2022-11-04,2027-10-09,2027-10-09,0.3268,FIXED,124523.69,BR-001,35,GHGGB7610017
SECURITY.POSITION/3004694,SECURITY_HOLDING,GHS,325726.23,325726.23,SBL-SOV-017052,SEC.BOND.5Y,1205,2022-11-16,2027-10-21,2027-10-21,0.3196,FIXED,325726.23,BR-001,35,GHGGB6025800
SECURITY.POSITION/3004695,SECURITY_HOLDING,GHS,306065.18,306065.18,SBL-SOV-017052,SEC.BOND.5Y,1205,2022-03-13,2027-02-15,2027-02-15,0.3195,FIXED,306065.18,BR-001,35,GHGGB6291242
SECURITY.POSITION/3004702,SECURITY_HOLDING,GHS,229536.90,229536.90,SBL-SOV-017052,SEC.BOND.10Y,1206,2020-04-27,2030-03-06,2030-03-06,0.3151,FIXED,229536.90,BR-001,35,GHGGB2815764
SECURITY.POSITION/3004703,SECURITY_HOLDING,GHS,447851.49,447851.49,SBL-SOV-017052,SEC.BOND.10Y,1206,2018-12-07,2028-10-15,2028-10-15,0.3131,FIXED,447851.49,BR-001,35,GHGGB4791506
SECURITY.POSITION/3004704,SECURITY_HOLDING,GHS,261181.27,261181.27,SBL-SOV-017052,SEC.BOND.10Y,1206,2021-03-30,2031-02-06,2031-02-06,0.3111,FIXED,261181.27,BR-001,35,GHGGB7090363
SECURITY.POSITION/3004705,SECURITY_HOLDING,GHS,106092.19,106092.19,SBL-SOV-017052,SEC.BOND.10Y,1206,2016-09-15,2026-07-25,2026-07-25,0.3128,FIXED,106092.19,BR-001,35,GHGGB2223191
SECURITY.POSITION/3004707,SECURITY_HOLDING,GHS,224918.50,224918.50,SBL-SOV-017052,SEC.BOND.10Y,1206,2021-03-16,2031-01-23,2031-01-23,0.3179,FIXED,224918.50,BR-001,35,GHGGB6556569
SECURITY.POSITION/3004749,SECURITY_HOLDING,GHS,125900.09,125900.09,SBL-SOV-017052,SEC.BOND.5Y,1205,2023-05-02,2028-04-05,2028-04-05,0.3255,FIXED,125900.09,BR-001,34,GHGGB1194532
SECURITY.POSITION/3004750,SECURITY_HOLDING,GHS,272357.73,272357.73,SBL-SOV-017052,SEC.BOND.5Y,1205,2023-03-08,2028-02-10,2028-02-10,0.3269,FIXED,272357.73,BR-001,34,GHGGB2866912
SECURITY.POSITION/3004751,SECURITY_HOLDING,GHS,438152.92,438152.92,SBL-SOV-017052,SEC.BOND.5Y,1205,2023-06-25,2028-05-29,2028-05-29,0.3234,FIXED,438152.92,BR-001,34,GHGGB1151891
SECURITY.POSITION/3004752,SECURITY_HOLDING,GHS,337951.44,337951.44,SBL-SOV-017052,SEC.BOND.5Y,1205,2022-07-19,2027-06-23,2027-06-23,0.3292,FIXED,337951.44,BR-001,34,GHGGB9436385
SECURITY.POSITION/3004756,SECURITY_HOLDING,GHS,239186.15,239186.15,SBL-SOV-017052,SEC.BOND.5Y,1205,2023-03-01,2028-02-03,2028-02-03,0.3226,FIXED,239186.15,BR-001,34,GHGGB5630153
SECURITY.POSITION/3004760,SECURITY_HOLDING,GHS,24540.72,24540.72,SBL-SOV-017052,SEC.BOND.10Y,1206,2016-11-27,2026-10-06,2026-10-06,0.3206,FIXED,24540.72,BR-001,34,GHGGB3570041
SECURITY.POSITION/3004761,SECURITY_HOLDING,GHS,33296.06,33296.06,SBL-SOV-017052,SEC.BOND.10Y,1206,2020-04-01,2030-02-08,2030-02-08,0.3225,FIXED,33296.06,BR-001,34,GHGGB9082613
SECURITY.POSITION/3004762,SECURITY_HOLDING,GHS,48666.72,48666.72,SBL-SOV-017052,SEC.BOND.10Y,1206,2017-08-23,2027-07-02,2027-07-02,0.3199,FIXED,48666.72,BR-001,34,GHGGB8947844
SECURITY.POSITION/3004763,SECURITY_HOLDING,GHS,28821.63,28821.63,SBL-SOV-017052,SEC.BOND.10Y,1206,2021-09-13,2031-07-23,2031-07-23,0.3215,FIXED,28821.63,BR-001,34,GHGGB3166540
SECURITY.POSITION/3004765,SECURITY_HOLDING,GHS,113356.70,113356.70,SBL-SOV-017052,SEC.BOND.10Y,1206,2017-11-19,2027-09-28,2027-09-28,0.3172,FIXED,113356.70,BR-001,34,GHGGB2945055
SECURITY.POSITION/3004766,SECURITY_HOLDING,GHS,75716.09,75716.09,SBL-SOV-017052,SEC.BOND.10Y,1206,2019-09-21,2029-07-30,2029-07-30,0.3186,FIXED,75716.09,BR-001,34,GHGGB5896281
SECURITY.POSITION/3004767,SECURITY_HOLDING,GHS,14608.61,14608.61,SBL-SOV-017052,SEC.BOND.10Y,1206,2021-03-06,2031-01-13,2031-01-13,0.3211,FIXED,14608.61,BR-001,34,GHGGB2008186
SECURITY.POSITION/3004768,SECURITY_HOLDING,GHS,69500.62,69500.62,SBL-SOV-017052,SEC.BOND.10Y,1206,2020-06-14,2030-04-23,2030-04-23,0.3215,FIXED,69500.62,BR-001,34,GHGGB6370574
SECURITY.POSITION/3004769,SECURITY_HOLDING,GHS,60463.36,60463.36,SBL-SOV-017052,SEC.BOND.10Y,1206,2020-07-30,2030-06-08,2030-06-08,0.3218,FIXED,60463.36,BR-001,34,GHGGB1334769
SECURITY.POSITION/3004812,SECURITY_HOLDING,GHS,249808.15,249808.15,SBL-SOV-017052,SEC.BOND.5Y,1205,2022-04-15,2027-03-20,2027-03-20,0.2588,FIXED,249808.15,BR-001,33,GHGGB9925671
SECURITY.POSITION/3004816,SECURITY_HOLDING,GHS,500213.73,500213.73,SBL-SOV-017052,SEC.BOND.5Y,1205,2022-06-16,2027-05-21,2027-05-21,0.2579,FIXED,500213.73,BR-001,33,GHGGB2107221
SECURITY.POSITION/3004817,SECURITY_HOLDING,GHS,223930.00,223930.00,SBL-SOV-017052,SEC.BOND.5Y,1205,2023-05-24,2028-04-27,2028-04-27,0.2583,FIXED,223930.00,BR-001,33,GHGGB2049964
SECURITY.POSITION/3004819,SECURITY_HOLDING,GHS,649391.14,649391.14,SBL-SOV-017052,SEC.BOND.5Y,1205,2021-11-13,2026-10-18,2026-10-18,0.2557,FIXED,649391.14,BR-001,33,GHGGB2562134
SECURITY.POSITION/3004820,SECURITY_HOLDING,GHS,298497.93,298497.93,SBL-SOV-017052,SEC.BOND.5Y,1205,2022-08-24,2027-07-29,2027-07-29,0.2633,FIXED,298497.93,BR-001,33,GHGGB4347447
SECURITY.POSITION/3004824,SECURITY_HOLDING,GHS,52372.57,52372.57,SBL-SOV-017052,SEC.BOND.10Y,1206,2017-01-03,2026-11-12,2026-11-12,0.2678,FIXED,52372.57,BR-001,33,GHGGB3952162
SECURITY.POSITION/3004825,SECURITY_HOLDING,GHS,342250.09,342250.09,SBL-SOV-017052,SEC.BOND.10Y,1206,2019-07-27,2029-06-04,2029-06-04,0.2699,FIXED,342250.09,BR-001,33,GHGGB3182131
SECURITY.POSITION/3004826,SECURITY_HOLDING,GHS,41824.38,41824.38,SBL-SOV-017052,SEC.BOND.10Y,1206,2019-10-17,2029-08-25,2029-08-25,0.271,FIXED,41824.38,BR-001,33,GHGGB2241651
SECURITY.POSITION/3004827,SECURITY_HOLDING,GHS,41942.27,41942.27,SBL-SOV-017052,SEC.BOND.10Y,1206,2017-07-03,2027-05-12,2027-05-12,0.2683,FIXED,41942.27,BR-001,33,GHGGB6765895
SECURITY.POSITION/3004828,SECURITY_HOLDING,GHS,146418.28,146418.28,SBL-SOV-017052,SEC.BOND.10Y,1206,2017-12-17,2027-10-26,2027-10-26,0.267,FIXED,146418.28,BR-001,33,GHGGB7388167
SECURITY.POSITION/3004829,SECURITY_HOLDING,GHS,543641.45,543641.45,SBL-SOV-017052,SEC.BOND.10Y,1206,2021-11-24,2031-10-03,2031-10-03,0.2666,FIXED,543641.45,BR-001,33,GHGGB1337257
SECURITY.POSITION/3004830,SECURITY_HOLDING,GHS,192837.17,192837.17,SBL-SOV-017052,SEC.BOND.10Y,1206,2020-06-17,2030-04-26,2030-04-26,0.2696,FIXED,192837.17,BR-001,33,GHGGB8480860
SECURITY.POSITION/3004866,SECURITY_HOLDING,GHS,410888.07,410888.07,SBL-SOV-017052,SEC.BOND.5Y,1205,2022-08-08,2027-07-13,2027-07-13,0.2573,FIXED,410888.07,BR-001,32,GHGGB3985466
SECURITY.POSITION/3004870,SECURITY_HOLDING,GHS,771670.01,771670.01,SBL-SOV-017052,SEC.BOND.5Y,1205,2022-10-17,2027-09-21,2027-09-21,0.2589,FIXED,771670.01,BR-001,32,GHGGB6041285
SECURITY.POSITION/3004871,SECURITY_HOLDING,GHS,1574198.52,1574198.52,SBL-SOV-017052,SEC.BOND.5Y,1205,2023-04-04,2028-03-08,2028-03-08,0.2571,FIXED,1574198.52,BR-001,32,GHGGB6698894
SECURITY.POSITION/3004873,SECURITY_HOLDING,GHS,361896.98,361896.98,SBL-SOV-017052,SEC.BOND.5Y,1205,2023-06-26,2028-05-30,2028-05-30,0.252,FIXED,361896.98,BR-001,32,GHGGB1481522
SECURITY.POSITION/3004874,SECURITY_HOLDING,GHS,378916.47,378916.47,SBL-SOV-017052,SEC.BOND.5Y,1205,2022-04-28,2027-04-02,2027-04-02,0.2522,FIXED,378916.47,BR-001,32,GHGGB4516126
SECURITY.POSITION/3004876,SECURITY_HOLDING,GHS,367403.92,367403.92,SBL-SOV-017052,SEC.BOND.10Y,1206,2017-03-26,2027-02-02,2027-02-02,0.267,FIXED,367403.92,BR-001,32,GHGGB6854526
SECURITY.POSITION/3004877,SECURITY_HOLDING,GHS,177781.87,177781.87,SBL-SOV-017052,SEC.BOND.10Y,1206,2020-06-17,2030-04-26,2030-04-26,0.2714,FIXED,177781.87,BR-001,32,GHGGB6175697
SECURITY.POSITION/3004878,SECURITY_HOLDING,GHS,906478.45,906478.45,SBL-SOV-017052,SEC.BOND.10Y,1206,2017-12-04,2027-10-13,2027-10-13,0.2657,FIXED,906478.45,BR-001,32,GHGGB9087926
SECURITY.POSITION/3004879,SECURITY_HOLDING,GHS,171658.30,171658.30,SBL-SOV-017052,SEC.BOND.10Y,1206,2016-10-16,2026-08-25,2026-08-25,0.2698,FIXED,171658.30,BR-001,32,GHGGB3526827
SECURITY.POSITION/3004880,SECURITY_HOLDING,GHS,392882.51,392882.51,SBL-SOV-017052,SEC.BOND.10Y,1206,2016-12-02,2026-10-11,2026-10-11,0.2673,FIXED,392882.51,BR-001,32,GHGGB5568149
SECURITY.POSITION/3004881,SECURITY_HOLDING,GHS,237250.63,237250.63,SBL-SOV-017052,SEC.BOND.10Y,1206,2020-10-30,2030-09-08,2030-09-08,0.2694,FIXED,237250.63,BR-001,32,GHGGB7685463
SECURITY.POSITION/3004882,SECURITY_HOLDING,GHS,285438.68,285438.68,SBL-SOV-017052,SEC.BOND.10Y,1206,2021-11-13,2031-09-22,2031-09-22,0.2702,FIXED,285438.68,BR-001,32,GHGGB1287273
SECURITY.POSITION/3004884,SECURITY_HOLDING,GHS,541398.11,541398.11,SBL-SOV-017052,SEC.BOND.10Y,1206,2019-09-15,2029-07-24,2029-07-24,0.2622,FIXED,541398.11,BR-001,32,GHGGB8867092
SECURITY.POSITION/3004918,SECURITY_HOLDING,GHS,216395.12,216395.12,SBL-SOV-017052,SEC.BOND.5Y,1205,2022-03-05,2027-02-07,2027-02-07,0.2582,FIXED,216395.12,BR-001,31,GHGGB5684250
SECURITY.POSITION/3004921,SECURITY_HOLDING,GHS,238743.42,238743.42,SBL-SOV-017052,SEC.BOND.5Y,1205,2023-07-28,2028-07-01,2028-07-01,0.2526,FIXED,238743.42,BR-001,31,GHGGB9355779
SECURITY.POSITION/3004923,SECURITY_HOLDING,GHS,373573.06,373573.06,SBL-SOV-017052,SEC.BOND.5Y,1205,2022-05-14,2027-04-18,2027-04-18,0.2576,FIXED,373573.06,BR-001,31,GHGGB3464969
SECURITY.POSITION/3004925,SECURITY_HOLDING,GHS,292650.78,292650.78,SBL-SOV-017052,SEC.BOND.5Y,1205,2022-02-06,2027-01-11,2027-01-11,0.2517,FIXED,292650.78,BR-001,31,GHGGB9281779
SECURITY.POSITION/3004926,SECURITY_HOLDING,GHS,289662.32,289662.32,SBL-SOV-017052,SEC.BOND.5Y,1205,2023-02-10,2028-01-15,2028-01-15,0.2466,FIXED,289662.32,BR-001,31,GHGGB4531023
SECURITY.POSITION/3004928,SECURITY_HOLDING,GHS,458491.10,458491.10,SBL-SOV-017052,SEC.BOND.5Y,1205,2021-12-18,2026-11-22,2026-11-22,0.2469,FIXED,458491.10,BR-001,31,GHGGB1191811
SECURITY.POSITION/3004934,SECURITY_HOLDING,GHS,90853.72,90853.72,SBL-SOV-017052,SEC.BOND.10Y,1206,2023-07-22,2033-05-30,2033-05-30,0.2676,FIXED,90853.72,BR-001,31,GHGGB4318423
SECURITY.POSITION/3004935,SECURITY_HOLDING,GHS,84903.85,84903.85,SBL-SOV-017052,SEC.BOND.10Y,1206,2022-08-19,2032-06-27,2032-06-27,0.2654,FIXED,84903.85,BR-001,31,GHGGB8056802
SECURITY.POSITION/3004936,SECURITY_HOLDING,GHS,37025.81,37025.81,SBL-SOV-017052,SEC.BOND.10Y,1206,2023-07-07,2033-05-15,2033-05-15,0.2649,FIXED,37025.81,BR-001,31,GHGGB2204883
SECURITY.POSITION/3004937,SECURITY_HOLDING,GHS,26682.56,26682.56,SBL-SOV-017052,SEC.BOND.10Y,1206,2017-09-22,2027-08-01,2027-08-01,0.273,FIXED,26682.56,BR-001,31,GHGGB5750618
SECURITY.POSITION/3004985,SECURITY_HOLDING,GHS,54046.59,54046.59,SBL-SOV-017052,SEC.BOND.5Y,1205,2022-09-29,2027-09-03,2027-09-03,0.2645,FIXED,54046.59,BR-001,30,GHGGB9851305
SECURITY.POSITION/3004986,SECURITY_HOLDING,GHS,303116.25,303116.25,SBL-SOV-017052,SEC.BOND.5Y,1205,2021-08-22,2026-07-27,2026-07-27,0.259,FIXED,303116.25,BR-001,30,GHGGB3791410
SECURITY.POSITION/3004987,SECURITY_HOLDING,GHS,207434.14,207434.14,SBL-SOV-017052,SEC.BOND.5Y,1205,2023-03-25,2028-02-27,2028-02-27,0.2664,FIXED,207434.14,BR-001,30,GHGGB4855794
SECURITY.POSITION/3004988,SECURITY_HOLDING,GHS,445817.02,445817.02,SBL-SOV-017052,SEC.BOND.5Y,1205,2021-08-24,2026-07-29,2026-07-29,0.2614,FIXED,445817.02,BR-001,30,GHGGB3432168
SECURITY.POSITION/3004990,SECURITY_HOLDING,GHS,173736.57,173736.57,SBL-SOV-017052,SEC.BOND.5Y,1205,2023-05-23,2028-04-26,2028-04-26,0.2597,FIXED,173736.57,BR-001,30,GHGGB7458286
SECURITY.POSITION/3004993,SECURITY_HOLDING,GHS,164025.63,164025.63,SBL-SOV-017052,SEC.BOND.5Y,1205,2023-04-05,2028-03-09,2028-03-09,0.2593,FIXED,164025.63,BR-001,30,GHGGB1851507
SECURITY.POSITION/3004994,SECURITY_HOLDING,GHS,173094.60,173094.60,SBL-SOV-017052,SEC.BOND.5Y,1205,2022-03-14,2027-02-16,2027-02-16,0.2656,FIXED,173094.60,BR-001,30,GHGGB5910583
SECURITY.POSITION/3004995,SECURITY_HOLDING,GHS,385716.44,385716.44,SBL-SOV-017052,SEC.BOND.5Y,1205,2023-10-10,2028-09-13,2028-09-13,0.2621,FIXED,385716.44,BR-001,30,GHGGB8102223
SECURITY.POSITION/3004998,SECURITY_HOLDING,GHS,53606.96,53606.96,SBL-SOV-017052,SEC.BOND.10Y,1206,2023-01-15,2032-11-23,2032-11-23,0.2648,FIXED,53606.96,BR-001,30,GHGGB6879202
SECURITY.POSITION/3004999,SECURITY_HOLDING,GHS,46979.44,46979.44,SBL-SOV-017052,SEC.BOND.10Y,1206,2018-01-28,2027-12-07,2027-12-07,0.2718,FIXED,46979.44,BR-001,30,GHGGB8633102
SECURITY.POSITION/3005000,SECURITY_HOLDING,GHS,40338.87,40338.87,SBL-SOV-017052,SEC.BOND.10Y,1206,2018-04-22,2028-02-29,2028-02-29,0.2686,FIXED,40338.87,BR-001,30,GHGGB3460682
SECURITY.POSITION/3005001,SECURITY_HOLDING,GHS,69685.93,69685.93,SBL-SOV-017052,SEC.BOND.10Y,1206,2023-07-05,2033-05-13,2033-05-13,0.267,FIXED,69685.93,BR-001,30,GHGGB4193175
SECURITY.POSITION/3005003,SECURITY_HOLDING,GHS,62271.71,62271.71,SBL-SOV-017052,SEC.BOND.10Y,1206,2020-12-02,2030-10-11,2030-10-11,0.269,FIXED,62271.71,BR-001,30,GHGGB9293256
SECURITY.POSITION/3005005,SECURITY_HOLDING,GHS,80149.59,80149.59,SBL-SOV-017052,SEC.BOND.10Y,1206,2021-07-08,2031-05-17,2031-05-17,0.2659,FIXED,80149.59,BR-001,30,GHGGB8347162
SECURITY.POSITION/3005045,SECURITY_HOLDING,GHS,933903.48,933903.48,SBL-SOV-017052,SEC.BOND.5Y,1205,2022-11-25,2027-10-30,2027-10-30,0.2581,FIXED,933903.48,BR-001,29,GHGGB7154019
SECURITY.POSITION/3005046,SECURITY_HOLDING,GHS,767323.03,767323.03,SBL-SOV-017052,SEC.BOND.5Y,1205,2022-09-02,2027-08-07,2027-08-07,0.2564,FIXED,767323.03,BR-001,29,GHGGB4930852
SECURITY.POSITION/3005047,SECURITY_HOLDING,GHS,334998.81,334998.81,SBL-SOV-017052,SEC.BOND.5Y,1205,2022-05-04,2027-04-08,2027-04-08,0.2566,FIXED,334998.81,BR-001,29,GHGGB2373851
SECURITY.POSITION/3005048,SECURITY_HOLDING,GHS,137400.29,137400.29,SBL-SOV-017052,SEC.BOND.5Y,1205,2022-06-12,2027-05-17,2027-05-17,0.2534,FIXED,137400.29,BR-001,29,GHGGB5444998
SECURITY.POSITION/3005052,SECURITY_HOLDING,GHS,300907.18,300907.18,SBL-SOV-017052,SEC.BOND.10Y,1206,2017-03-07,2027-01-14,2027-01-14,0.2665,FIXED,300907.18,BR-001,29,GHGGB4498062
SECURITY.POSITION/3005053,SECURITY_HOLDING,GHS,193264.77,193264.77,SBL-SOV-017052,SEC.BOND.10Y,1206,2016-11-03,2026-09-12,2026-09-12,0.2716,FIXED,193264.77,BR-001,29,GHGGB7481913
SECURITY.POSITION/3005054,SECURITY_HOLDING,GHS,549372.35,549372.35,SBL-SOV-017052,SEC.BOND.10Y,1206,2019-08-15,2029-06-23,2029-06-23,0.2723,FIXED,549372.35,BR-001,29,GHGGB2960052
SECURITY.POSITION/3005055,SECURITY_HOLDING,GHS,515205.69,515205.69,SBL-SOV-017052,SEC.BOND.10Y,1206,2023-04-17,2033-02-23,2033-02-23,0.2751,FIXED,515205.69,BR-001,29,GHGGB4340014
SECURITY.POSITION/3005056,SECURITY_HOLDING,GHS,727690.57,727690.57,SBL-SOV-017052,SEC.BOND.10Y,1206,2022-06-08,2032-04-16,2032-04-16,0.2707,FIXED,727690.57,BR-001,29,GHGGB7453866
SECURITY.POSITION/3005057,SECURITY_HOLDING,GHS,180534.07,180534.07,SBL-SOV-017052,SEC.BOND.10Y,1206,2023-06-29,2033-05-07,2033-05-07,0.2675,FIXED,180534.07,BR-001,29,GHGGB5320871
SECURITY.POSITION/3005058,SECURITY_HOLDING,GHS,269431.38,269431.38,SBL-SOV-017052,SEC.BOND.10Y,1206,2018-11-29,2028-10-07,2028-10-07,0.2713,FIXED,269431.38,BR-001,29,GHGGB4281032
SECURITY.POSITION/3005060,SECURITY_HOLDING,GHS,149795.35,149795.35,SBL-SOV-017052,SEC.BOND.10Y,1206,2023-07-19,2033-05-27,2033-05-27,0.2767,FIXED,149795.35,BR-001,29,GHGGB8680117
SECURITY.POSITION/3005103,SECURITY_HOLDING,GHS,347677.44,347677.44,SBL-SOV-017052,SEC.BOND.5Y,1205,2022-09-18,2027-08-23,2027-08-23,0.2585,FIXED,347677.44,BR-001,28,GHGGB5954265
SECURITY.POSITION/3005105,SECURITY_HOLDING,GHS,1059109.44,1059109.44,SBL-SOV-017052,SEC.BOND.5Y,1205,2022-06-22,2027-05-27,2027-05-27,0.2558,FIXED,1059109.44,BR-001,28,GHGGB4278645
SECURITY.POSITION/3005107,SECURITY_HOLDING,GHS,109702.51,109702.51,SBL-SOV-017052,SEC.BOND.5Y,1205,2023-12-04,2028-11-07,2028-11-07,0.2608,FIXED,109702.51,BR-001,28,GHGGB5724839
SECURITY.POSITION/3005110,SECURITY_HOLDING,GHS,191828.02,191828.02,SBL-SOV-017052,SEC.BOND.5Y,1205,2023-07-25,2028-06-28,2028-06-28,0.2567,FIXED,191828.02,BR-001,28,GHGGB1807229
SECURITY.POSITION/3005113,SECURITY_HOLDING,GHS,71352.67,71352.67,SBL-SOV-017052,SEC.BOND.10Y,1206,2021-07-15,2031-05-24,2031-05-24,0.2629,FIXED,71352.67,BR-001,28,GHGGB9268467
SECURITY.POSITION/3005116,SECURITY_HOLDING,GHS,1011688.36,1011688.36,SBL-SOV-017052,SEC.BOND.10Y,1206,2019-07-15,2029-05-23,2029-05-23,0.2681,FIXED,1011688.36,BR-001,28,GHGGB7797232
SECURITY.POSITION/3005117,SECURITY_HOLDING,GHS,195075.82,195075.82,SBL-SOV-017052,SEC.BOND.10Y,1206,2022-05-03,2032-03-11,2032-03-11,0.2641,FIXED,195075.82,BR-001,28,GHGGB6467491
SECURITY.POSITION/3005118,SECURITY_HOLDING,GHS,852281.82,852281.82,SBL-SOV-017052,SEC.BOND.10Y,1206,2020-12-24,2030-11-02,2030-11-02,0.2631,FIXED,852281.82,BR-001,28,GHGGB9781237
SECURITY.POSITION/3005119,SECURITY_HOLDING,GHS,248358.60,248358.60,SBL-SOV-017052,SEC.BOND.10Y,1206,2019-06-19,2029-04-27,2029-04-27,0.2639,FIXED,248358.60,BR-001,28,GHGGB3691820
SECURITY.POSITION/3005120,SECURITY_HOLDING,GHS,564861.42,564861.42,SBL-SOV-017052,SEC.BOND.10Y,1206,2019-05-14,2029-03-22,2029-03-22,0.2667,FIXED,564861.42,BR-001,28,GHGGB2007041
SECURITY.POSITION/3005121,SECURITY_HOLDING,GHS,3486784.28,3486784.28,SBL-SOV-017052,SEC.BOND.10Y,1206,2021-11-16,2031-09-25,2031-09-25,0.2684,FIXED,3486784.28,BR-001,28,GHGGB5933995
SECURITY.POSITION/3005122,SECURITY_HOLDING,GHS,424473.01,424473.01,SBL-SOV-017052,SEC.BOND.10Y,1206,2021-10-06,2031-08-15,2031-08-15,0.2698,FIXED,424473.01,BR-001,28,GHGGB9824351
SECURITY.POSITION/3005123,SECURITY_HOLDING,GHS,531384.20,531384.20,SBL-SOV-017052,SEC.BOND.10Y,1206,2021-05-24,2031-04-02,2031-04-02,0.2684,FIXED,531384.20,BR-001,28,GHGGB2654219
SECURITY.POSITION/3005124,SECURITY_HOLDING,GHS,856639.42,856639.42,SBL-SOV-017052,SEC.BOND.10Y,1206,2024-01-21,2033-11-29,2033-11-29,0.2671,FIXED,856639.42,BR-001,28,GHGGB8563487
SECURITY.POSITION/3005154,SECURITY_HOLDING,GHS,139445.12,139445.12,SBL-SOV-017052,SEC.BOND.5Y,1205,2023-01-12,2027-12-17,2027-12-17,0.2563,FIXED,139445.12,BR-001,27,GHGGB1342592
SECURITY.POSITION/3005155,SECURITY_HOLDING,GHS,31015.37,31015.37,SBL-SOV-017052,SEC.BOND.5Y,1205,2021-11-29,2026-11-03,2026-11-03,0.2475,FIXED,31015.37,BR-001,27,GHGGB6696414
SECURITY.POSITION/3005156,SECURITY_HOLDING,GHS,10878.16,10878.16,SBL-SOV-017052,SEC.BOND.5Y,1205,2022-10-07,2027-09-11,2027-09-11,0.2513,FIXED,10878.16,BR-001,27,GHGGB6821557
SECURITY.POSITION/3005159,SECURITY_HOLDING,GHS,168546.03,168546.03,SBL-SOV-017052,SEC.BOND.5Y,1205,2023-04-03,2028-03-07,2028-03-07,0.2549,FIXED,168546.03,BR-001,27,GHGGB2814275
SECURITY.POSITION/3005162,SECURITY_HOLDING,GHS,134547.94,134547.94,SBL-SOV-017052,SEC.BOND.5Y,1205,2022-03-05,2027-02-07,2027-02-07,0.2452,FIXED,134547.94,BR-001,27,GHGGB4493812
SECURITY.POSITION/3005163,SECURITY_HOLDING,GHS,158020.30,158020.30,SBL-SOV-017052,SEC.BOND.5Y,1205,2023-03-22,2028-02-24,2028-02-24,0.2481,FIXED,158020.30,BR-001,27,GHGGB7128307
SECURITY.POSITION/3005166,SECURITY_HOLDING,GHS,354439.66,354439.66,SBL-SOV-017052,SEC.BOND.10Y,1206,2023-09-02,2033-07-11,2033-07-11,0.2665,FIXED,354439.66,BR-001,27,GHGGB4413442
SECURITY.POSITION/3005167,SECURITY_HOLDING,GHS,108034.09,108034.09,SBL-SOV-017052,SEC.BOND.10Y,1206,2018-11-16,2028-09-24,2028-09-24,0.2694,FIXED,108034.09,BR-001,27,GHGGB9607070
SECURITY.POSITION/3005169,SECURITY_HOLDING,GHS,64737.76,64737.76,SBL-SOV-017052,SEC.BOND.10Y,1206,2017-10-02,2027-08-11,2027-08-11,0.265,FIXED,64737.76,BR-001,27,GHGGB5509025
SECURITY.POSITION/3005170,SECURITY_HOLDING,GHS,430826.94,430826.94,SBL-SOV-017052,SEC.BOND.10Y,1206,2021-03-31,2031-02-07,2031-02-07,0.2702,FIXED,430826.94,BR-001,27,GHGGB3409322
SECURITY.POSITION/3005171,SECURITY_HOLDING,GHS,308804.54,308804.54,SBL-SOV-017052,SEC.BOND.10Y,1206,2023-01-23,2032-12-01,2032-12-01,0.2703,FIXED,308804.54,BR-001,27,GHGGB8484060
SECURITY.POSITION/3005174,SECURITY_HOLDING,GHS,687095.85,687095.85,SBL-SOV-017052,SEC.BOND.10Y,1206,2017-05-23,2027-04-01,2027-04-01,0.2633,FIXED,687095.85,BR-001,27,GHGGB9252198
SECURITY.POSITION/3005175,SECURITY_HOLDING,GHS,504625.77,504625.77,SBL-SOV-017052,SEC.BOND.10Y,1206,2019-09-28,2029-08-06,2029-08-06,0.2646,FIXED,504625.77,BR-001,27,GHGGB8570540
SECURITY.POSITION/3005177,SECURITY_HOLDING,GHS,267270.69,267270.69,SBL-SOV-017052,SEC.BOND.10Y,1206,2020-06-30,2030-05-09,2030-05-09,0.2598,FIXED,267270.69,BR-001,27,GHGGB1765322
SECURITY.POSITION/3005215,SECURITY_HOLDING,GHS,931316.98,931316.98,SBL-SOV-017052,SEC.BOND.5Y,1205,2022-07-17,2027-06-21,2027-06-21,0.2591,FIXED,931316.98,BR-001,26,GHGGB6763248
SECURITY.POSITION/3005216,SECURITY_HOLDING,GHS,1029814.41,1029814.41,SBL-SOV-017052,SEC.BOND.5Y,1205,2023-05-16,2028-04-19,2028-04-19,0.2553,FIXED,1029814.41,BR-001,26,GHGGB6062952
SECURITY.POSITION/3005217,SECURITY_HOLDING,GHS,61894.45,61894.45,SBL-SOV-017052,SEC.BOND.5Y,1205,2022-04-05,2027-03-10,2027-03-10,0.257,FIXED,61894.45,BR-001,26,GHGGB9134123
SECURITY.POSITION/3005221,SECURITY_HOLDING,GHS,708652.85,708652.85,SBL-SOV-017052,SEC.BOND.10Y,1206,2024-01-14,2033-11-22,2033-11-22,0.2691,FIXED,708652.85,BR-001,26,GHGGB8971701
SECURITY.POSITION/3005222,SECURITY_HOLDING,GHS,1238073.34,1238073.34,SBL-SOV-017052,SEC.BOND.10Y,1206,2020-02-28,2030-01-06,2030-01-06,0.2659,FIXED,1238073.34,BR-001,26,GHGGB3043611
SECURITY.POSITION/3005223,SECURITY_HOLDING,GHS,789134.06,789134.06,SBL-SOV-017052,SEC.BOND.10Y,1206,2024-01-21,2033-11-29,2033-11-29,0.2644,FIXED,789134.06,BR-001,26,GHGGB4638778
SECURITY.POSITION/3005224,SECURITY_HOLDING,GHS,466103.82,466103.82,SBL-SOV-017052,SEC.BOND.10Y,1206,2023-08-03,2033-06-11,2033-06-11,0.2696,FIXED,466103.82,BR-001,26,GHGGB5425119
SECURITY.POSITION/3005225,SECURITY_HOLDING,GHS,2236910.13,2236910.13,SBL-SOV-017052,SEC.BOND.10Y,1206,2016-12-15,2026-10-24,2026-10-24,0.267,FIXED,2236910.13,BR-001,26,GHGGB6374333
SECURITY.POSITION/3005267,SECURITY_HOLDING,GHS,382887.04,382887.04,SBL-SOV-017052,SEC.BOND.5Y,1205,2022-12-22,2027-11-26,2027-11-26,0.2643,FIXED,382887.04,BR-001,25,GHGGB5458714
SECURITY.POSITION/3005269,SECURITY_HOLDING,GHS,193759.25,193759.25,SBL-SOV-017052,SEC.BOND.5Y,1205,2023-08-31,2028-08-04,2028-08-04,0.264,FIXED,193759.25,BR-001,25,GHGGB5288404
SECURITY.POSITION/3005270,SECURITY_HOLDING,GHS,476876.84,476876.84,SBL-SOV-017052,SEC.BOND.5Y,1205,2022-03-20,2027-02-22,2027-02-22,0.2627,FIXED,476876.84,BR-001,25,GHGGB8077313
SECURITY.POSITION/3005272,SECURITY_HOLDING,GHS,53274.25,53274.25,SBL-SOV-017052,SEC.BOND.5Y,1205,2022-03-24,2027-02-26,2027-02-26,0.2578,FIXED,53274.25,BR-001,25,GHGGB1966293
SECURITY.POSITION/3005273,SECURITY_HOLDING,GHS,353626.20,353626.20,SBL-SOV-017052,SEC.BOND.5Y,1205,2022-02-07,2027-01-12,2027-01-12,0.2637,FIXED,353626.20,BR-001,25,GHGGB4500105
SECURITY.POSITION/3005274,SECURITY_HOLDING,GHS,438882.68,438882.68,SBL-SOV-017052,SEC.BOND.5Y,1205,2022-08-30,2027-08-04,2027-08-04,0.2652,FIXED,438882.68,BR-001,25,GHGGB3470970
SECURITY.POSITION/3005276,SECURITY_HOLDING,GHS,198030.55,198030.55,SBL-SOV-017052,SEC.BOND.5Y,1205,2021-08-30,2026-08-04,2026-08-04,0.2683,FIXED,198030.55,BR-001,25,GHGGB8057556
SECURITY.POSITION/3005277,SECURITY_HOLDING,GHS,400232.85,400232.85,SBL-SOV-017052,SEC.BOND.10Y,1206,2022-11-18,2032-09-26,2032-09-26,0.2704,FIXED,400232.85,BR-001,25,GHGGB5605140
SECURITY.POSITION/3005278,SECURITY_HOLDING,GHS,148956.51,148956.51,SBL-SOV-017052,SEC.BOND.10Y,1206,2024-04-05,2034-02-12,2034-02-12,0.2725,FIXED,148956.51,BR-001,25,GHGGB6010812
SECURITY.POSITION/3005280,SECURITY_HOLDING,GHS,88943.57,88943.57,SBL-SOV-017052,SEC.BOND.10Y,1206,2023-01-17,2032-11-25,2032-11-25,0.2707,FIXED,88943.57,BR-001,25,GHGGB8695419
SECURITY.POSITION/3005281,SECURITY_HOLDING,GHS,176792.78,176792.78,SBL-SOV-017052,SEC.BOND.10Y,1206,2019-04-16,2029-02-22,2029-02-22,0.2628,FIXED,176792.78,BR-001,25,GHGGB7822275
SECURITY.POSITION/3005282,SECURITY_HOLDING,GHS,196424.25,196424.25,SBL-SOV-017052,SEC.BOND.10Y,1206,2019-08-11,2029-06-19,2029-06-19,0.2688,FIXED,196424.25,BR-001,25,GHGGB6021407
SECURITY.POSITION/3005283,SECURITY_HOLDING,GHS,309346.81,309346.81,SBL-SOV-017052,SEC.BOND.10Y,1206,2019-01-09,2028-11-17,2028-11-17,0.2719,FIXED,309346.81,BR-001,25,GHGGB1479857
SECURITY.POSITION/3005284,SECURITY_HOLDING,GHS,169859.29,169859.29,SBL-SOV-017052,SEC.BOND.10Y,1206,2022-03-26,2032-02-02,2032-02-02,0.2642,FIXED,169859.29,BR-001,25,GHGGB6849094
SECURITY.POSITION/3005285,SECURITY_HOLDING,GHS,387768.35,387768.35,SBL-SOV-017052,SEC.BOND.10Y,1206,2022-07-04,2032-05-12,2032-05-12,0.2704,FIXED,387768.35,BR-001,25,GHGGB1429130
SECURITY.POSITION/3005286,SECURITY_HOLDING,GHS,250307.39,250307.39,SBL-SOV-017052,SEC.BOND.10Y,1206,2019-12-01,2029-10-09,2029-10-09,0.2674,FIXED,250307.39,BR-001,25,GHGGB5620486
SECURITY.POSITION/3005322,SECURITY_HOLDING,GHS,218064.52,218064.52,SBL-SOV-017052,SEC.BOND.5Y,1205,2022-02-27,2027-02-01,2027-02-01,0.2588,FIXED,218064.52,BR-001,24,GHGGB7674398
SECURITY.POSITION/3005325,SECURITY_HOLDING,GHS,444067.19,444067.19,SBL-SOV-017052,SEC.BOND.5Y,1205,2024-04-18,2029-03-23,2029-03-23,0.2538,FIXED,444067.19,BR-001,24,GHGGB7317157
SECURITY.POSITION/3005328,SECURITY_HOLDING,GHS,295693.05,295693.05,SBL-SOV-017052,SEC.BOND.5Y,1205,2022-01-19,2026-12-24,2026-12-24,0.2564,FIXED,295693.05,BR-001,24,GHGGB4082001
SECURITY.POSITION/3005329,SECURITY_HOLDING,GHS,482245.91,482245.91,SBL-SOV-017052,SEC.BOND.5Y,1205,2021-09-08,2026-08-13,2026-08-13,0.2634,FIXED,482245.91,BR-001,24,GHGGB6480089
SECURITY.POSITION/3005331,SECURITY_HOLDING,GHS,202898.30,202898.30,SBL-SOV-017052,SEC.BOND.5Y,1205,2022-06-21,2027-05-26,2027-05-26,0.261,FIXED,202898.30,BR-001,24,GHGGB9294530
SECURITY.POSITION/3005332,SECURITY_HOLDING,GHS,278256.66,278256.66,SBL-SOV-017052,SEC.BOND.10Y,1206,2017-12-27,2027-11-05,2027-11-05,0.2779,FIXED,278256.66,BR-001,24,GHGGB4237546
SECURITY.POSITION/3005334,SECURITY_HOLDING,GHS,122052.77,122052.77,SBL-SOV-017052,SEC.BOND.10Y,1206,2020-08-11,2030-06-20,2030-06-20,0.2647,FIXED,122052.77,BR-001,24,GHGGB2273109
SECURITY.POSITION/3005336,SECURITY_HOLDING,GHS,37840.93,37840.93,SBL-SOV-017052,SEC.BOND.10Y,1206,2022-02-12,2031-12-22,2031-12-22,0.2652,FIXED,37840.93,BR-001,24,GHGGB6625161
SECURITY.POSITION/3005337,SECURITY_HOLDING,GHS,11428.50,11428.50,SBL-SOV-017052,SEC.BOND.10Y,1206,2023-11-21,2033-09-29,2033-09-29,0.2739,FIXED,11428.50,BR-001,24,GHGGB2614432
SECURITY.POSITION/3005338,SECURITY_HOLDING,GHS,94791.89,94791.89,SBL-SOV-017052,SEC.BOND.10Y,1206,2024-05-20,2034-03-29,2034-03-29,0.2716,FIXED,94791.89,BR-001,24,GHGGB4609808
SECURITY.POSITION/3005339,SECURITY_HOLDING,GHS,109078.94,109078.94,SBL-SOV-017052,SEC.BOND.10Y,1206,2017-01-21,2026-11-30,2026-11-30,0.264,FIXED,109078.94,BR-001,24,GHGGB3849593
SECURITY.POSITION/3005340,SECURITY_HOLDING,GHS,76649.83,76649.83,SBL-SOV-017052,SEC.BOND.10Y,1206,2021-05-18,2031-03-27,2031-03-27,0.2728,FIXED,76649.83,BR-001,24,GHGGB4245070
SECURITY.POSITION/3005371,SECURITY_HOLDING,GHS,299213.84,299213.84,SBL-SOV-017052,SEC.BOND.2Y,1204,2024-07-13,2026-07-03,2026-07-03,0.2259,FIXED,299213.84,BR-001,23,GHGGB6901501
SECURITY.POSITION/3005375,SECURITY_HOLDING,GHS,671210.26,671210.26,SBL-SOV-017052,SEC.BOND.2Y,1204,2024-07-20,2026-07-10,2026-07-10,0.2272,FIXED,671210.26,BR-001,23,GHGGB4744771
SECURITY.POSITION/3005376,SECURITY_HOLDING,GHS,364132.82,364132.82,SBL-SOV-017052,SEC.BOND.5Y,1205,2021-12-14,2026-11-18,2026-11-18,0.2586,FIXED,364132.82,BR-001,23,GHGGB2020840
SECURITY.POSITION/3005379,SECURITY_HOLDING,GHS,343175.46,343175.46,SBL-SOV-017052,SEC.BOND.5Y,1205,2023-09-15,2028-08-19,2028-08-19,0.2577,FIXED,343175.46,BR-001,23,GHGGB5744249
SECURITY.POSITION/3005380,SECURITY_HOLDING,GHS,1272410.90,1272410.90,SBL-SOV-017052,SEC.BOND.5Y,1205,2022-08-26,2027-07-31,2027-07-31,0.2587,FIXED,1272410.90,BR-001,23,GHGGB5842479
SECURITY.POSITION/3005381,SECURITY_HOLDING,GHS,818386.78,818386.78,SBL-SOV-017052,SEC.BOND.5Y,1205,2023-08-03,2028-07-07,2028-07-07,0.2588,FIXED,818386.78,BR-001,23,GHGGB1643138
SECURITY.POSITION/3005383,SECURITY_HOLDING,GHS,203489.56,203489.56,SBL-SOV-017052,SEC.BOND.10Y,1206,2020-09-10,2030-07-20,2030-07-20,0.2747,FIXED,203489.56,BR-001,23,GHGGB2431112
SECURITY.POSITION/3005384,SECURITY_HOLDING,GHS,309690.92,309690.92,SBL-SOV-017052,SEC.BOND.10Y,1206,2017-03-19,2027-01-26,2027-01-26,0.2766,FIXED,309690.92,BR-001,23,GHGGB6045912
SECURITY.POSITION/3005385,SECURITY_HOLDING,GHS,41060.41,41060.41,SBL-SOV-017052,SEC.BOND.10Y,1206,2024-04-09,2034-02-16,2034-02-16,0.2653,FIXED,41060.41,BR-001,23,GHGGB6941203
SECURITY.POSITION/3005387,SECURITY_HOLDING,GHS,85432.52,85432.52,SBL-SOV-017052,SEC.BOND.10Y,1206,2022-04-05,2032-02-12,2032-02-12,0.2724,FIXED,85432.52,BR-001,23,GHGGB3175920
SECURITY.POSITION/3005388,SECURITY_HOLDING,GHS,255657.10,255657.10,SBL-SOV-017052,SEC.BOND.10Y,1206,2021-06-09,2031-04-18,2031-04-18,0.2754,FIXED,255657.10,BR-001,23,GHGGB7442064
SECURITY.POSITION/3005390,SECURITY_HOLDING,GHS,42610.07,42610.07,SBL-SOV-017052,SEC.BOND.10Y,1206,2018-02-21,2027-12-31,2027-12-31,0.2688,FIXED,42610.07,BR-001,23,GHGGB3175706
SECURITY.POSITION/3005391,SECURITY_HOLDING,GHS,42139.02,42139.02,SBL-SOV-017052,SEC.BOND.10Y,1206,2024-03-09,2034-01-16,2034-01-16,0.2727,FIXED,42139.02,BR-001,23,GHGGB3434072
SECURITY.POSITION/3005392,SECURITY_HOLDING,GHS,421777.03,421777.03,SBL-SOV-017052,SEC.BOND.10Y,1206,2024-02-03,2033-12-12,2033-12-12,0.2783,FIXED,421777.03,BR-001,23,GHGGB7110495
SECURITY.POSITION/3005393,SECURITY_HOLDING,GHS,275372.81,275372.81,SBL-SOV-017052,SEC.BOND.10Y,1206,2017-04-21,2027-02-28,2027-02-28,0.2706,FIXED,275372.81,BR-001,23,GHGGB4842960
SECURITY.POSITION/3005394,SECURITY_HOLDING,GHS,327426.00,327426.00,SBL-SOV-017052,SEC.BOND.10Y,1206,2022-03-05,2032-01-12,2032-01-12,0.2719,FIXED,327426.00,BR-001,23,GHGGB8438711
SECURITY.POSITION/3005425,SECURITY_HOLDING,GHS,891352.77,891352.77,SBL-SOV-017052,SEC.BOND.2Y,1204,2024-08-14,2026-08-04,2026-08-04,0.2255,FIXED,891352.77,BR-001,22,GHGGB1314100
SECURITY.POSITION/3005427,SECURITY_HOLDING,GHS,527572.69,527572.69,SBL-SOV-017052,SEC.BOND.2Y,1204,2024-08-27,2026-08-17,2026-08-17,0.226,FIXED,527572.69,BR-001,22,GHGGB5861659
SECURITY.POSITION/3005434,SECURITY_HOLDING,GHS,2100943.52,2100943.52,SBL-SOV-017052,SEC.BOND.5Y,1205,2022-05-04,2027-04-08,2027-04-08,0.2571,FIXED,2100943.52,BR-001,22,GHGGB1941443
SECURITY.POSITION/3005436,SECURITY_HOLDING,GHS,1758913.99,1758913.99,SBL-SOV-017052,SEC.BOND.5Y,1205,2023-06-20,2028-05-24,2028-05-24,0.2584,FIXED,1758913.99,BR-001,22,GHGGB7763501
SECURITY.POSITION/3005438,SECURITY_HOLDING,GHS,194786.68,194786.68,SBL-SOV-017052,SEC.BOND.10Y,1206,2020-10-24,2030-09-02,2030-09-02,0.2683,FIXED,194786.68,BR-001,22,GHGGB4301607
SECURITY.POSITION/3005439,SECURITY_HOLDING,GHS,277563.03,277563.03,SBL-SOV-017052,SEC.BOND.10Y,1206,2022-12-30,2032-11-07,2032-11-07,0.2681,FIXED,277563.03,BR-001,22,GHGGB3826062
SECURITY.POSITION/3005441,SECURITY_HOLDING,GHS,113779.24,113779.24,SBL-SOV-017052,SEC.BOND.10Y,1206,2021-09-06,2031-07-16,2031-07-16,0.266,FIXED,113779.24,BR-001,22,GHGGB8969766
SECURITY.POSITION/3005443,SECURITY_HOLDING,GHS,403522.28,403522.28,SBL-SOV-017052,SEC.BOND.10Y,1206,2020-05-11,2030-03-20,2030-03-20,0.2643,FIXED,403522.28,BR-001,22,GHGGB5488296
SECURITY.POSITION/3005444,SECURITY_HOLDING,GHS,243090.10,243090.10,SBL-SOV-017052,SEC.BOND.10Y,1206,2023-01-15,2032-11-23,2032-11-23,0.2635,FIXED,243090.10,BR-001,22,GHGGB2115252
SECURITY.POSITION/3005445,SECURITY_HOLDING,GHS,339201.27,339201.27,SBL-SOV-017052,SEC.BOND.10Y,1206,2023-02-28,2033-01-06,2033-01-06,0.2704,FIXED,339201.27,BR-001,22,GHGGB7556680
SECURITY.POSITION/3005448,SECURITY_HOLDING,GHS,436040.50,436040.50,SBL-SOV-017052,SEC.BOND.10Y,1206,2021-07-31,2031-06-09,2031-06-09,0.2682,FIXED,436040.50,BR-001,22,GHGGB7827225
SECURITY.POSITION/3005449,SECURITY_HOLDING,GHS,192081.29,192081.29,SBL-SOV-017052,SEC.BOND.10Y,1206,2019-03-17,2029-01-23,2029-01-23,0.2695,FIXED,192081.29,BR-001,22,GHGGB3455098
SECURITY.POSITION/3005450,SECURITY_HOLDING,GHS,859720.69,859720.69,SBL-SOV-017052,SEC.BOND.10Y,1206,2018-03-14,2028-01-21,2028-01-21,0.2619,FIXED,859720.69,BR-001,22,GHGGB4476932
SECURITY.POSITION/3005489,SECURITY_HOLDING,GHS,87494.72,87494.72,SBL-SOV-017052,SEC.BOND.5Y,1205,2024-03-14,2029-02-16,2029-02-16,0.255,FIXED,87494.72,BR-001,21,GHGGB4690632
SECURITY.POSITION/3005490,SECURITY_HOLDING,GHS,378274.59,378274.59,SBL-SOV-017052,SEC.BOND.5Y,1205,2021-09-04,2026-08-09,2026-08-09,0.2569,FIXED,378274.59,BR-001,21,GHGGB4598589
SECURITY.POSITION/3005491,SECURITY_HOLDING,GHS,458593.76,458593.76,SBL-SOV-017052,SEC.BOND.5Y,1205,2022-05-28,2027-05-02,2027-05-02,0.2518,FIXED,458593.76,BR-001,21,GHGGB1110949
SECURITY.POSITION/3005492,SECURITY_HOLDING,GHS,1006433.46,1006433.46,SBL-SOV-017052,SEC.BOND.5Y,1205,2024-01-18,2028-12-22,2028-12-22,0.256,FIXED,1006433.46,BR-001,21,GHGGB8493034
SECURITY.POSITION/3005493,SECURITY_HOLDING,GHS,864168.24,864168.24,SBL-SOV-017052,SEC.BOND.5Y,1205,2022-11-15,2027-10-20,2027-10-20,0.2563,FIXED,864168.24,BR-001,21,GHGGB4059564
SECURITY.POSITION/3005494,SECURITY_HOLDING,GHS,1454218.51,1454218.51,SBL-SOV-017052,SEC.BOND.5Y,1205,2024-01-28,2029-01-01,2029-01-01,0.2487,FIXED,1454218.51,BR-001,21,GHGGB4553441
SECURITY.POSITION/3005495,SECURITY_HOLDING,GHS,179272.84,179272.84,SBL-SOV-017052,SEC.BOND.5Y,1205,2022-06-10,2027-05-15,2027-05-15,0.2498,FIXED,179272.84,BR-001,21,GHGGB5197837
SECURITY.POSITION/3005496,SECURITY_HOLDING,GHS,205720.85,205720.85,SBL-SOV-017052,SEC.BOND.5Y,1205,2021-08-24,2026-07-29,2026-07-29,0.2578,FIXED,205720.85,BR-001,21,GHGGB6356383
SECURITY.POSITION/3005497,SECURITY_HOLDING,GHS,91617.09,91617.09,SBL-SOV-017052,SEC.BOND.10Y,1206,2021-05-14,2031-03-23,2031-03-23,0.2693,FIXED,91617.09,BR-001,21,GHGGB4734217
SECURITY.POSITION/3005498,SECURITY_HOLDING,GHS,30767.14,30767.14,SBL-SOV-017052,SEC.BOND.10Y,1206,2019-03-27,2029-02-02,2029-02-02,0.2708,FIXED,30767.14,BR-001,21,GHGGB8249511
SECURITY.POSITION/3005499,SECURITY_HOLDING,GHS,65106.39,65106.39,SBL-SOV-017052,SEC.BOND.10Y,1206,2017-11-22,2027-10-01,2027-10-01,0.2712,FIXED,65106.39,BR-001,21,GHGGB2128769
SECURITY.POSITION/3005502,SECURITY_HOLDING,GHS,65561.56,65561.56,SBL-SOV-017052,SEC.BOND.10Y,1206,2019-01-15,2028-11-23,2028-11-23,0.2679,FIXED,65561.56,BR-001,21,GHGGB1030556
SECURITY.POSITION/3005503,SECURITY_HOLDING,GHS,172271.94,172271.94,SBL-SOV-017052,SEC.BOND.10Y,1206,2017-07-18,2027-05-27,2027-05-27,0.2705,FIXED,172271.94,BR-001,21,GHGGB5602786
SECURITY.POSITION/3005505,SECURITY_HOLDING,GHS,226346.59,226346.59,SBL-SOV-017052,SEC.BOND.10Y,1206,2022-07-26,2032-06-03,2032-06-03,0.2695,FIXED,226346.59,BR-001,21,GHGGB8202937
SECURITY.POSITION/3005506,SECURITY_HOLDING,GHS,68008.27,68008.27,SBL-SOV-017052,SEC.BOND.10Y,1206,2019-11-14,2029-09-22,2029-09-22,0.2647,FIXED,68008.27,BR-001,21,GHGGB3255078
SECURITY.POSITION/3005507,SECURITY_HOLDING,GHS,27559.19,27559.19,SBL-SOV-017052,SEC.BOND.10Y,1206,2018-06-02,2028-04-10,2028-04-10,0.2719,FIXED,27559.19,BR-001,21,GHGGB7281069
SECURITY.POSITION/3005539,SECURITY_HOLDING,GHS,364850.78,364850.78,SBL-SOV-017052,SEC.BOND.2Y,1204,2024-09-18,2026-09-08,2026-09-08,0.2193,FIXED,364850.78,BR-001,20,GHGGB9473453
SECURITY.POSITION/3005543,SECURITY_HOLDING,GHS,294201.95,294201.95,SBL-SOV-017052,SEC.BOND.2Y,1204,2024-10-27,2026-10-17,2026-10-17,0.2207,FIXED,294201.95,BR-001,20,GHGGB6496880
SECURITY.POSITION/3005546,SECURITY_HOLDING,GHS,1621712.27,1621712.27,SBL-SOV-017052,SEC.BOND.2Y,1204,2024-08-10,2026-07-31,2026-07-31,0.2287,FIXED,1621712.27,BR-001,20,GHGGB9207126
SECURITY.POSITION/3005550,SECURITY_HOLDING,GHS,697041.66,697041.66,SBL-SOV-017052,SEC.BOND.5Y,1205,2023-03-21,2028-02-23,2028-02-23,0.2586,FIXED,697041.66,BR-001,20,GHGGB2484626
SECURITY.POSITION/3005551,SECURITY_HOLDING,GHS,475184.44,475184.44,SBL-SOV-017052,SEC.BOND.5Y,1205,2024-04-30,2029-04-04,2029-04-04,0.2517,FIXED,475184.44,BR-001,20,GHGGB2393581
SECURITY.POSITION/3005552,SECURITY_HOLDING,GHS,765588.59,765588.59,SBL-SOV-017052,SEC.BOND.5Y,1205,2022-08-23,2027-07-28,2027-07-28,0.2457,FIXED,765588.59,BR-001,20,GHGGB8536470
SECURITY.POSITION/3005553,SECURITY_HOLDING,GHS,907610.14,907610.14,SBL-SOV-017052,SEC.BOND.5Y,1205,2023-05-05,2028-04-08,2028-04-08,0.2513,FIXED,907610.14,BR-001,20,GHGGB5669465
SECURITY.POSITION/3005554,SECURITY_HOLDING,GHS,1331728.12,1331728.12,SBL-SOV-017052,SEC.BOND.5Y,1205,2022-02-16,2027-01-21,2027-01-21,0.2508,FIXED,1331728.12,BR-001,20,GHGGB3294421
SECURITY.POSITION/3005555,SECURITY_HOLDING,GHS,942189.36,942189.36,SBL-SOV-017052,SEC.BOND.5Y,1205,2024-10-12,2029-09-16,2029-09-16,0.2596,FIXED,942189.36,BR-001,20,GHGGB2315161
SECURITY.POSITION/3005556,SECURITY_HOLDING,GHS,244227.44,244227.44,SBL-SOV-017052,SEC.BOND.5Y,1205,2022-11-28,2027-11-02,2027-11-02,0.2618,FIXED,244227.44,BR-001,20,GHGGB6198379
SECURITY.POSITION/3005557,SECURITY_HOLDING,GHS,487821.00,487821.00,SBL-SOV-017052,SEC.BOND.10Y,1206,2016-10-25,2026-09-03,2026-09-03,0.27,FIXED,487821.00,BR-001,20,GHGGB4658133
SECURITY.POSITION/3005558,SECURITY_HOLDING,GHS,25494.03,25494.03,SBL-SOV-017052,SEC.BOND.10Y,1206,2018-12-12,2028-10-20,2028-10-20,0.2687,FIXED,25494.03,BR-001,20,GHGGB1776317
SECURITY.POSITION/3005562,SECURITY_HOLDING,GHS,160744.18,160744.18,SBL-SOV-017052,SEC.BOND.10Y,1206,2022-05-15,2032-03-23,2032-03-23,0.2729,FIXED,160744.18,BR-001,20,GHGGB2306762
SECURITY.POSITION/3005563,SECURITY_HOLDING,GHS,99532.60,99532.60,SBL-SOV-017052,SEC.BOND.10Y,1206,2021-12-18,2031-10-27,2031-10-27,0.2666,FIXED,99532.60,BR-001,20,GHGGB7397965
SECURITY.POSITION/3005564,SECURITY_HOLDING,GHS,409291.40,409291.40,SBL-SOV-017052,SEC.BOND.10Y,1206,2024-04-30,2034-03-09,2034-03-09,0.2682,FIXED,409291.40,BR-001,20,GHGGB3285052
SECURITY.POSITION/3005565,SECURITY_HOLDING,GHS,140406.08,140406.08,SBL-SOV-017052,SEC.BOND.10Y,1206,2021-09-05,2031-07-15,2031-07-15,0.2695,FIXED,140406.08,BR-001,20,GHGGB1989831
SECURITY.POSITION/3005566,SECURITY_HOLDING,GHS,134120.19,134120.19,SBL-SOV-017052,SEC.BOND.10Y,1206,2018-03-07,2028-01-14,2028-01-14,0.265,FIXED,134120.19,BR-001,20,GHGGB2105757
SECURITY.POSITION/3005589,SECURITY_HOLDING,GHS,98262.39,98262.39,SBL-SOV-017052,SEC.BOND.2Y,1204,2024-08-10,2026-07-31,2026-07-31,0.2265,FIXED,98262.39,BR-001,19,GHGGB7963253
SECURITY.POSITION/3005590,SECURITY_HOLDING,GHS,201545.12,201545.12,SBL-SOV-017052,SEC.BOND.2Y,1204,2024-10-17,2026-10-07,2026-10-07,0.227,FIXED,201545.12,BR-001,19,GHGGB3906464
SECURITY.POSITION/3005594,SECURITY_HOLDING,GHS,392611.49,392611.49,SBL-SOV-017052,SEC.BOND.2Y,1204,2024-11-23,2026-11-13,2026-11-13,0.2276,FIXED,392611.49,BR-001,19,GHGGB7369655
SECURITY.POSITION/3005599,SECURITY_HOLDING,GHS,74795.43,74795.43,SBL-SOV-017052,SEC.BOND.2Y,1204,2024-10-11,2026-10-01,2026-10-01,0.2282,FIXED,74795.43,BR-001,19,GHGGB2004461
SECURITY.POSITION/3005600,SECURITY_HOLDING,GHS,463965.66,463965.66,SBL-SOV-017052,SEC.BOND.2Y,1204,2024-08-27,2026-08-17,2026-08-17,0.2275,FIXED,463965.66,BR-001,19,GHGGB8075373
SECURITY.POSITION/3005601,SECURITY_HOLDING,GHS,29534.76,29534.76,SBL-SOV-017052,SEC.BOND.5Y,1205,2021-08-04,2026-07-09,2026-07-09,0.2653,FIXED,29534.76,BR-001,19,GHGGB2644808
SECURITY.POSITION/3005602,SECURITY_HOLDING,GHS,64244.91,64244.91,SBL-SOV-017052,SEC.BOND.5Y,1205,2024-06-15,2029-05-20,2029-05-20,0.2637,FIXED,64244.91,BR-001,19,GHGGB4800080
SECURITY.POSITION/3005603,SECURITY_HOLDING,GHS,16379.70,16379.70,SBL-SOV-017052,SEC.BOND.5Y,1205,2021-08-20,2026-07-25,2026-07-25,0.2631,FIXED,16379.70,BR-001,19,GHGGB9004782
SECURITY.POSITION/3005604,SECURITY_HOLDING,GHS,25403.41,25403.41,SBL-SOV-017052,SEC.BOND.5Y,1205,2024-03-27,2029-03-01,2029-03-01,0.2625,FIXED,25403.41,BR-001,19,GHGGB6219534
SECURITY.POSITION/3005605,SECURITY_HOLDING,GHS,27482.40,27482.40,SBL-SOV-017052,SEC.BOND.5Y,1205,2022-10-02,2027-09-06,2027-09-06,0.2588,FIXED,27482.40,BR-001,19,GHGGB2073812
SECURITY.POSITION/3005607,SECURITY_HOLDING,GHS,23936.50,23936.50,SBL-SOV-017052,SEC.BOND.5Y,1205,2021-09-15,2026-08-20,2026-08-20,0.2585,FIXED,23936.50,BR-001,19,GHGGB3151366
SECURITY.POSITION/3005608,SECURITY_HOLDING,GHS,48216.03,48216.03,SBL-SOV-017052,SEC.BOND.5Y,1205,2024-07-03,2029-06-07,2029-06-07,0.2597,FIXED,48216.03,BR-001,19,GHGGB2964657
SECURITY.POSITION/3005609,SECURITY_HOLDING,GHS,47789.77,47789.77,SBL-SOV-017052,SEC.BOND.5Y,1205,2021-09-06,2026-08-11,2026-08-11,0.2631,FIXED,47789.77,BR-001,19,GHGGB5019391
SECURITY.POSITION/3005610,SECURITY_HOLDING,GHS,42208.84,42208.84,SBL-SOV-017052,SEC.BOND.5Y,1205,2024-08-06,2029-07-11,2029-07-11,0.2585,FIXED,42208.84,BR-001,19,GHGGB7600863
SECURITY.POSITION/3005611,SECURITY_HOLDING,GHS,31369.41,31369.41,SBL-SOV-017052,SEC.BOND.5Y,1205,2022-05-16,2027-04-20,2027-04-20,0.2587,FIXED,31369.41,BR-001,19,GHGGB6842558
SECURITY.POSITION/3005612,SECURITY_HOLDING,GHS,41138.31,41138.31,SBL-SOV-017052,SEC.BOND.5Y,1205,2023-09-26,2028-08-30,2028-08-30,0.2588,FIXED,41138.31,BR-001,19,GHGGB6474469
SECURITY.POSITION/3005646,SECURITY_HOLDING,GHS,546180.82,546180.82,SBL-SOV-017052,SEC.BOND.2Y,1204,2024-11-13,2026-11-03,2026-11-03,0.2333,FIXED,546180.82,BR-001,18,GHGGB5601669
SECURITY.POSITION/3005647,SECURITY_HOLDING,GHS,2879585.19,2879585.19,SBL-SOV-017052,SEC.BOND.2Y,1204,2024-09-10,2026-08-31,2026-08-31,0.2273,FIXED,2879585.19,BR-001,18,GHGGB5416540
SECURITY.POSITION/3005648,SECURITY_HOLDING,GHS,783250.64,783250.64,SBL-SOV-017052,SEC.BOND.2Y,1204,2024-07-24,2026-07-14,2026-07-14,0.2301,FIXED,783250.64,BR-001,18,GHGGB3597288
SECURITY.POSITION/3005651,SECURITY_HOLDING,GHS,1478418.30,1478418.30,SBL-SOV-017052,SEC.BOND.2Y,1204,2024-10-12,2026-10-02,2026-10-02,0.2253,FIXED,1478418.30,BR-001,18,GHGGB4732956
SECURITY.POSITION/3005653,SECURITY_HOLDING,GHS,379434.72,379434.72,SBL-SOV-017052,SEC.BOND.5Y,1205,2023-05-23,2028-04-26,2028-04-26,0.2624,FIXED,379434.72,BR-001,18,GHGGB2719106
SECURITY.POSITION/3005654,SECURITY_HOLDING,GHS,380901.97,380901.97,SBL-SOV-017052,SEC.BOND.5Y,1205,2021-12-13,2026-11-17,2026-11-17,0.2563,FIXED,380901.97,BR-001,18,GHGGB7534365
SECURITY.POSITION/3005656,SECURITY_HOLDING,GHS,324808.15,324808.15,SBL-SOV-017052,SEC.BOND.5Y,1205,2022-12-23,2027-11-27,2027-11-27,0.2545,FIXED,324808.15,BR-001,18,GHGGB7394113
SECURITY.POSITION/3005657,SECURITY_HOLDING,GHS,84495.85,84495.85,SBL-SOV-017052,SEC.BOND.5Y,1205,2023-02-26,2028-01-31,2028-01-31,0.2545,FIXED,84495.85,BR-001,18,GHGGB6523340
SECURITY.POSITION/3005659,SECURITY_HOLDING,GHS,351359.13,351359.13,SBL-SOV-017052,SEC.BOND.5Y,1205,2023-12-31,2028-12-04,2028-12-04,0.2574,FIXED,351359.13,BR-001,18,GHGGB7093957
SECURITY.POSITION/3005661,SECURITY_HOLDING,GHS,412381.63,412381.63,SBL-SOV-017052,SEC.BOND.5Y,1205,2024-07-19,2029-06-23,2029-06-23,0.2553,FIXED,412381.63,BR-001,18,GHGGB8053382
SECURITY.POSITION/3005662,SECURITY_HOLDING,GHS,691121.69,691121.69,SBL-SOV-017052,SEC.BOND.5Y,1205,2023-10-03,2028-09-06,2028-09-06,0.2609,FIXED,691121.69,BR-001,18,GHGGB4547857
SECURITY.POSITION/3005663,SECURITY_HOLDING,GHS,327798.94,327798.94,SBL-SOV-017052,SEC.BOND.5Y,1205,2021-09-03,2026-08-08,2026-08-08,0.254,FIXED,327798.94,BR-001,18,GHGGB6394658
SECURITY.POSITION/3005665,SECURITY_HOLDING,GHS,4723.08,4723.08,SBL-SOV-017052,SEC.BOND.10Y,1206,2016-09-03,2026-07-13,2026-07-13,0.2757,FIXED,4723.08,BR-001,18,GHGGB5434327
SECURITY.POSITION/3005666,SECURITY_HOLDING,GHS,36156.73,36156.73,SBL-SOV-017052,SEC.BOND.10Y,1206,2020-05-25,2030-04-03,2030-04-03,0.2645,FIXED,36156.73,BR-001,18,GHGGB2228935
SECURITY.POSITION/3005667,SECURITY_HOLDING,GHS,7942.82,7942.82,SBL-SOV-017052,SEC.BOND.10Y,1206,2017-08-15,2027-06-24,2027-06-24,0.2704,FIXED,7942.82,BR-001,18,GHGGB1882299
SECURITY.POSITION/3005669,SECURITY_HOLDING,GHS,26622.62,26622.62,SBL-SOV-017052,SEC.BOND.10Y,1206,2024-06-01,2034-04-10,2034-04-10,0.2667,FIXED,26622.62,BR-001,18,GHGGB1866552
SECURITY.POSITION/3005670,SECURITY_HOLDING,GHS,62273.91,62273.91,SBL-SOV-017052,SEC.BOND.10Y,1206,2019-09-25,2029-08-03,2029-08-03,0.2717,FIXED,62273.91,BR-001,18,GHGGB6430130
SECURITY.POSITION/3005671,SECURITY_HOLDING,GHS,48919.71,48919.71,SBL-SOV-017052,SEC.BOND.10Y,1206,2016-10-26,2026-09-04,2026-09-04,0.2668,FIXED,48919.71,BR-001,18,GHGGB3779123
SECURITY.POSITION/3005672,SECURITY_HOLDING,GHS,28296.05,28296.05,SBL-SOV-017052,SEC.BOND.10Y,1206,2021-11-11,2031-09-20,2031-09-20,0.2698,FIXED,28296.05,BR-001,18,GHGGB9771963
SECURITY.POSITION/3005673,SECURITY_HOLDING,GHS,42372.38,42372.38,SBL-SOV-017052,SEC.BOND.10Y,1206,2019-03-25,2029-01-31,2029-01-31,0.272,FIXED,42372.38,BR-001,18,GHGGB7298977
SECURITY.POSITION/3005674,SECURITY_HOLDING,GHS,88339.88,88339.88,SBL-SOV-017052,SEC.BOND.10Y,1206,2022-09-24,2032-08-02,2032-08-02,0.2684,FIXED,88339.88,BR-001,18,GHGGB6795508
SECURITY.POSITION/3005703,SECURITY_HOLDING,GHS,792329.34,792329.34,SBL-SOV-017052,SEC.BOND.2Y,1204,2024-08-19,2026-08-09,2026-08-09,0.187,FIXED,792329.34,BR-001,17,GHGGB9745731
SECURITY.POSITION/3005708,SECURITY_HOLDING,GHS,253506.08,253506.08,SBL-SOV-017052,SEC.BOND.2Y,1204,2024-10-01,2026-09-21,2026-09-21,0.1921,FIXED,253506.08,BR-001,17,GHGGB8769136
SECURITY.POSITION/3005711,SECURITY_HOLDING,GHS,299971.25,299971.25,SBL-SOV-017052,SEC.BOND.2Y,1204,2024-10-07,2026-09-27,2026-09-27,0.1889,FIXED,299971.25,BR-001,17,GHGGB9302403
SECURITY.POSITION/3005712,SECURITY_HOLDING,GHS,120043.98,120043.98,SBL-SOV-017052,SEC.BOND.5Y,1205,2022-11-09,2027-10-14,2027-10-14,0.2201,FIXED,120043.98,BR-001,17,GHGGB1243794
SECURITY.POSITION/3005715,SECURITY_HOLDING,GHS,388621.52,388621.52,SBL-SOV-017052,SEC.BOND.5Y,1205,2024-11-25,2029-10-30,2029-10-30,0.223,FIXED,388621.52,BR-001,17,GHGGB6200485
SECURITY.POSITION/3005716,SECURITY_HOLDING,GHS,291577.03,291577.03,SBL-SOV-017052,SEC.BOND.5Y,1205,2023-11-30,2028-11-03,2028-11-03,0.2202,FIXED,291577.03,BR-001,17,GHGGB4140594
SECURITY.POSITION/3005717,SECURITY_HOLDING,GHS,530667.61,530667.61,SBL-SOV-017052,SEC.BOND.5Y,1205,2024-12-29,2029-12-03,2029-12-03,0.2207,FIXED,530667.61,BR-001,17,GHGGB1688407
SECURITY.POSITION/3005719,SECURITY_HOLDING,GHS,156372.36,156372.36,SBL-SOV-017052,SEC.BOND.5Y,1205,2021-08-22,2026-07-27,2026-07-27,0.2229,FIXED,156372.36,BR-001,17,GHGGB2499948
SECURITY.POSITION/3005720,SECURITY_HOLDING,GHS,414663.45,414663.45,SBL-SOV-017052,SEC.BOND.5Y,1205,2023-10-05,2028-09-08,2028-09-08,0.2235,FIXED,414663.45,BR-001,17,GHGGB1087042
SECURITY.POSITION/3005722,SECURITY_HOLDING,GHS,346847.98,346847.98,SBL-SOV-017052,SEC.BOND.5Y,1205,2022-12-14,2027-11-18,2027-11-18,0.2272,FIXED,346847.98,BR-001,17,GHGGB5136181
SECURITY.POSITION/3005723,SECURITY_HOLDING,GHS,65212.71,65212.71,SBL-SOV-017052,SEC.BOND.10Y,1206,2018-03-31,2028-02-07,2028-02-07,0.2463,FIXED,65212.71,BR-001,17,GHGGB8407836
SECURITY.POSITION/3005724,SECURITY_HOLDING,GHS,269215.76,269215.76,SBL-SOV-017052,SEC.BOND.10Y,1206,2018-08-21,2028-06-29,2028-06-29,0.2447,FIXED,269215.76,BR-001,17,GHGGB2007805
SECURITY.POSITION/3005726,SECURITY_HOLDING,GHS,589640.31,589640.31,SBL-SOV-017052,SEC.BOND.10Y,1206,2017-12-16,2027-10-25,2027-10-25,0.2442,FIXED,589640.31,BR-001,17,GHGGB3188713
SECURITY.POSITION/3005727,SECURITY_HOLDING,GHS,107676.03,107676.03,SBL-SOV-017052,SEC.BOND.10Y,1206,2020-10-13,2030-08-22,2030-08-22,0.2474,FIXED,107676.03,BR-001,17,GHGGB1920543
SECURITY.POSITION/3005728,SECURITY_HOLDING,GHS,704243.08,704243.08,SBL-SOV-017052,SEC.BOND.10Y,1206,2018-01-04,2027-11-13,2027-11-13,0.2406,FIXED,704243.08,BR-001,17,GHGGB4713716
SECURITY.POSITION/3005763,SECURITY_HOLDING,GHS,421752.84,421752.84,SBL-SOV-017052,SEC.BOND.2Y,1204,2024-10-27,2026-10-17,2026-10-17,0.1935,FIXED,421752.84,BR-001,16,GHGGB1237813
SECURITY.POSITION/3005764,SECURITY_HOLDING,GHS,631020.05,631020.05,SBL-SOV-017052,SEC.BOND.2Y,1204,2024-07-30,2026-07-20,2026-07-20,0.1963,FIXED,631020.05,BR-001,16,GHGGB5134692
SECURITY.POSITION/3005765,SECURITY_HOLDING,GHS,707389.90,707389.90,SBL-SOV-017052,SEC.BOND.2Y,1204,2024-07-30,2026-07-20,2026-07-20,0.1925,FIXED,707389.90,BR-001,16,GHGGB8082367
SECURITY.POSITION/3005768,SECURITY_HOLDING,GHS,523116.24,523116.24,SBL-SOV-017052,SEC.BOND.2Y,1204,2024-11-27,2026-11-17,2026-11-17,0.1982,FIXED,523116.24,BR-001,16,GHGGB1776868
SECURITY.POSITION/3005771,SECURITY_HOLDING,GHS,499006.20,499006.20,SBL-SOV-017052,SEC.BOND.2Y,1204,2024-07-15,2026-07-05,2026-07-05,0.1948,FIXED,499006.20,BR-001,16,GHGGB2795001
SECURITY.POSITION/3005772,SECURITY_HOLDING,GHS,808821.45,808821.45,SBL-SOV-017052,SEC.BOND.2Y,1204,2025-01-12,2027-01-02,2027-01-02,0.1941,FIXED,808821.45,BR-001,16,GHGGB7925714
SECURITY.POSITION/3005773,SECURITY_HOLDING,GHS,1224957.50,1224957.50,SBL-SOV-017052,SEC.BOND.5Y,1205,2023-08-24,2028-07-28,2028-07-28,0.2122,FIXED,1224957.50,BR-001,16,GHGGB1438958
SECURITY.POSITION/3005775,SECURITY_HOLDING,GHS,301366.94,301366.94,SBL-SOV-017052,SEC.BOND.5Y,1205,2025-02-10,2030-01-15,2030-01-15,0.2132,FIXED,301366.94,BR-001,16,GHGGB2341507
SECURITY.POSITION/3005776,SECURITY_HOLDING,GHS,426138.37,426138.37,SBL-SOV-017052,SEC.BOND.5Y,1205,2024-02-19,2029-01-23,2029-01-23,0.2216,FIXED,426138.37,BR-001,16,GHGGB6160241
SECURITY.POSITION/3005777,SECURITY_HOLDING,GHS,1069861.10,1069861.10,SBL-SOV-017052,SEC.BOND.5Y,1205,2024-06-21,2029-05-26,2029-05-26,0.2185,FIXED,1069861.10,BR-001,16,GHGGB4190559
SECURITY.POSITION/3005779,SECURITY_HOLDING,GHS,157536.38,157536.38,SBL-SOV-017052,SEC.BOND.10Y,1206,2017-05-23,2027-04-01,2027-04-01,0.2371,FIXED,157536.38,BR-001,16,GHGGB9037330
SECURITY.POSITION/3005780,SECURITY_HOLDING,GHS,303129.97,303129.97,SBL-SOV-017052,SEC.BOND.10Y,1206,2020-02-25,2030-01-03,2030-01-03,0.2443,FIXED,303129.97,BR-001,16,GHGGB4821849
SECURITY.POSITION/3005781,SECURITY_HOLDING,GHS,469370.76,469370.76,SBL-SOV-017052,SEC.BOND.10Y,1206,2017-01-21,2026-11-30,2026-11-30,0.2404,FIXED,469370.76,BR-001,16,GHGGB1862563
SECURITY.POSITION/3005782,SECURITY_HOLDING,GHS,243194.37,243194.37,SBL-SOV-017052,SEC.BOND.10Y,1206,2019-11-23,2029-10-01,2029-10-01,0.2389,FIXED,243194.37,BR-001,16,GHGGB6967609
SECURITY.POSITION/3005783,SECURITY_HOLDING,GHS,504437.00,504437.00,SBL-SOV-017052,SEC.BOND.10Y,1206,2020-02-11,2029-12-20,2029-12-20,0.2372,FIXED,504437.00,BR-001,16,GHGGB2991062
SECURITY.POSITION/3005787,SECURITY_HOLDING,GHS,32414.69,32414.69,SBL-SOV-017052,SEC.BOND.10Y,1206,2022-01-26,2031-12-05,2031-12-05,0.2411,FIXED,32414.69,BR-001,16,GHGGB7918687
SECURITY.POSITION/3005788,SECURITY_HOLDING,GHS,144439.15,144439.15,SBL-SOV-017052,SEC.BOND.10Y,1206,2019-08-02,2029-06-10,2029-06-10,0.2441,FIXED,144439.15,BR-001,16,GHGGB5371202
SECURITY.POSITION/3005827,SECURITY_HOLDING,GHS,785613.99,785613.99,SBL-SOV-017052,SEC.BOND.2Y,1204,2024-08-15,2026-08-05,2026-08-05,0.1929,FIXED,785613.99,BR-001,15,GHGGB8684698
SECURITY.POSITION/3005831,SECURITY_HOLDING,GHS,2721787.45,2721787.45,SBL-SOV-017052,SEC.BOND.2Y,1204,2025-01-10,2026-12-31,2026-12-31,0.1963,FIXED,2721787.45,BR-001,15,GHGGB8671342
SECURITY.POSITION/3005832,SECURITY_HOLDING,GHS,1790315.68,1790315.68,SBL-SOV-017052,SEC.BOND.2Y,1204,2024-12-13,2026-12-03,2026-12-03,0.1965,FIXED,1790315.68,BR-001,15,GHGGB9248270
SECURITY.POSITION/3005833,SECURITY_HOLDING,GHS,758198.44,758198.44,SBL-SOV-017052,SEC.BOND.2Y,1204,2025-03-25,2027-03-15,2027-03-15,0.1893,FIXED,758198.44,BR-001,15,GHGGB2682600
SECURITY.POSITION/3005835,SECURITY_HOLDING,GHS,751361.38,751361.38,SBL-SOV-017052,SEC.BOND.5Y,1205,2023-07-28,2028-07-01,2028-07-01,0.2197,FIXED,751361.38,BR-001,15,GHGGB6486782
SECURITY.POSITION/3005836,SECURITY_HOLDING,GHS,238671.27,238671.27,SBL-SOV-017052,SEC.BOND.5Y,1205,2024-12-25,2029-11-29,2029-11-29,0.2157,FIXED,238671.27,BR-001,15,GHGGB5482248
SECURITY.POSITION/3005837,SECURITY_HOLDING,GHS,121290.93,121290.93,SBL-SOV-017052,SEC.BOND.5Y,1205,2024-04-04,2029-03-09,2029-03-09,0.223,FIXED,121290.93,BR-001,15,GHGGB1506403
SECURITY.POSITION/3005838,SECURITY_HOLDING,GHS,134411.84,134411.84,SBL-SOV-017052,SEC.BOND.5Y,1205,2022-05-08,2027-04-12,2027-04-12,0.2239,FIXED,134411.84,BR-001,15,GHGGB9845083
SECURITY.POSITION/3005839,SECURITY_HOLDING,GHS,234902.88,234902.88,SBL-SOV-017052,SEC.BOND.5Y,1205,2023-08-12,2028-07-16,2028-07-16,0.2141,FIXED,234902.88,BR-001,15,GHGGB8304256
SECURITY.POSITION/3005840,SECURITY_HOLDING,GHS,239259.89,239259.89,SBL-SOV-017052,SEC.BOND.5Y,1205,2021-10-11,2026-09-15,2026-09-15,0.2209,FIXED,239259.89,BR-001,15,GHGGB1536525
SECURITY.POSITION/3005841,SECURITY_HOLDING,GHS,141160.59,141160.59,SBL-SOV-017052,SEC.BOND.5Y,1205,2025-03-09,2030-02-11,2030-02-11,0.2197,FIXED,141160.59,BR-001,15,GHGGB8947476
SECURITY.POSITION/3005842,SECURITY_HOLDING,GHS,227405.27,227405.27,SBL-SOV-017052,SEC.BOND.5Y,1205,2021-10-18,2026-09-22,2026-09-22,0.2177,FIXED,227405.27,BR-001,15,GHGGB8449755
SECURITY.POSITION/3005844,SECURITY_HOLDING,GHS,105797.88,105797.88,SBL-SOV-017052,SEC.BOND.5Y,1205,2021-11-11,2026-10-16,2026-10-16,0.2106,FIXED,105797.88,BR-001,15,GHGGB5917712
SECURITY.POSITION/3005845,SECURITY_HOLDING,GHS,328052.93,328052.93,SBL-SOV-017052,SEC.BOND.5Y,1205,2022-11-28,2027-11-02,2027-11-02,0.2231,FIXED,328052.93,BR-001,15,GHGGB3271492
SECURITY.POSITION/3005846,SECURITY_HOLDING,GHS,46065.36,46065.36,SBL-SOV-017052,SEC.BOND.10Y,1206,2022-02-06,2031-12-16,2031-12-16,0.2367,FIXED,46065.36,BR-001,15,GHGGB8147607
SECURITY.POSITION/3005847,SECURITY_HOLDING,GHS,141674.51,141674.51,SBL-SOV-017052,SEC.BOND.10Y,1206,2017-01-30,2026-12-09,2026-12-09,0.2359,FIXED,141674.51,BR-001,15,GHGGB9221315
SECURITY.POSITION/3005848,SECURITY_HOLDING,GHS,49066.39,49066.39,SBL-SOV-017052,SEC.BOND.10Y,1206,2023-02-22,2032-12-31,2032-12-31,0.2366,FIXED,49066.39,BR-001,15,GHGGB2852479
SECURITY.POSITION/3005849,SECURITY_HOLDING,GHS,22623.80,22623.80,SBL-SOV-017052,SEC.BOND.10Y,1206,2020-09-27,2030-08-06,2030-08-06,0.24,FIXED,22623.80,BR-001,15,GHGGB2736244
SECURITY.POSITION/3005850,SECURITY_HOLDING,GHS,56207.99,56207.99,SBL-SOV-017052,SEC.BOND.10Y,1206,2020-10-21,2030-08-30,2030-08-30,0.235,FIXED,56207.99,BR-001,15,GHGGB7538230
SECURITY.POSITION/3005852,SECURITY_HOLDING,GHS,12725.78,12725.78,SBL-SOV-017052,SEC.BOND.10Y,1206,2023-07-21,2033-05-29,2033-05-29,0.2378,FIXED,12725.78,BR-001,15,GHGGB3566889
SECURITY.POSITION/3005891,SECURITY_HOLDING,GHS,1132632.82,1132632.82,SBL-SOV-017052,SEC.BOND.2Y,1204,2025-01-13,2027-01-03,2027-01-03,0.1878,FIXED,1132632.82,BR-001,14,GHGGB2199879
SECURITY.POSITION/3005892,SECURITY_HOLDING,GHS,865086.91,865086.91,SBL-SOV-017052,SEC.BOND.2Y,1204,2025-02-10,2027-01-31,2027-01-31,0.1947,FIXED,865086.91,BR-001,14,GHGGB1014808
SECURITY.POSITION/3005894,SECURITY_HOLDING,GHS,189076.00,189076.00,SBL-SOV-017052,SEC.BOND.2Y,1204,2025-03-17,2027-03-07,2027-03-07,0.199,FIXED,189076.00,BR-001,14,GHGGB4832684
SECURITY.POSITION/3005895,SECURITY_HOLDING,GHS,515530.05,515530.05,SBL-SOV-017052,SEC.BOND.2Y,1204,2024-07-28,2026-07-18,2026-07-18,0.1947,FIXED,515530.05,BR-001,14,GHGGB7832598
SECURITY.POSITION/3005897,SECURITY_HOLDING,GHS,279563.62,279563.62,SBL-SOV-017052,SEC.BOND.2Y,1204,2025-01-05,2026-12-26,2026-12-26,0.196,FIXED,279563.62,BR-001,14,GHGGB9034841
SECURITY.POSITION/3005898,SECURITY_HOLDING,GHS,595678.75,595678.75,SBL-SOV-017052,SEC.BOND.2Y,1204,2025-01-14,2027-01-04,2027-01-04,0.197,FIXED,595678.75,BR-001,14,GHGGB2928743
SECURITY.POSITION/3005900,SECURITY_HOLDING,GHS,125740.69,125740.69,SBL-SOV-017052,SEC.BOND.5Y,1205,2025-02-05,2030-01-10,2030-01-10,0.2252,FIXED,125740.69,BR-001,14,GHGGB9572966
SECURITY.POSITION/3005901,SECURITY_HOLDING,GHS,73593.94,73593.94,SBL-SOV-017052,SEC.BOND.5Y,1205,2024-06-07,2029-05-12,2029-05-12,0.2214,FIXED,73593.94,BR-001,14,GHGGB4156256
SECURITY.POSITION/3005902,SECURITY_HOLDING,GHS,410304.01,410304.01,SBL-SOV-017052,SEC.BOND.5Y,1205,2022-06-01,2027-05-06,2027-05-06,0.222,FIXED,410304.01,BR-001,14,GHGGB3907808
SECURITY.POSITION/3005903,SECURITY_HOLDING,GHS,356722.15,356722.15,SBL-SOV-017052,SEC.BOND.5Y,1205,2021-11-22,2026-10-27,2026-10-27,0.2176,FIXED,356722.15,BR-001,14,GHGGB7661883
SECURITY.POSITION/3005908,SECURITY_HOLDING,GHS,323653.48,323653.48,SBL-SOV-017052,SEC.BOND.5Y,1205,2022-09-13,2027-08-18,2027-08-18,0.2183,FIXED,323653.48,BR-001,14,GHGGB3808239
SECURITY.POSITION/3005909,SECURITY_HOLDING,GHS,1820.75,1820.75,SBL-SOV-017052,SEC.BOND.5Y,1205,2022-09-11,2027-08-16,2027-08-16,0.2252,FIXED,1820.75,BR-001,14,GHGGB9212468
SECURITY.POSITION/3005910,SECURITY_HOLDING,GHS,320410.76,320410.76,SBL-SOV-017052,SEC.BOND.5Y,1205,2021-10-19,2026-09-23,2026-09-23,0.2152,FIXED,320410.76,BR-001,14,GHGGB6193737
SECURITY.POSITION/3005912,SECURITY_HOLDING,GHS,47388.20,47388.20,SBL-SOV-017052,SEC.BOND.10Y,1206,2023-06-14,2033-04-22,2033-04-22,0.2319,FIXED,47388.20,BR-001,14,GHGGB6687762
SECURITY.POSITION/3005913,SECURITY_HOLDING,GHS,156716.63,156716.63,SBL-SOV-017052,SEC.BOND.10Y,1206,2023-04-15,2033-02-21,2033-02-21,0.2351,FIXED,156716.63,BR-001,14,GHGGB7267910
SECURITY.POSITION/3005914,SECURITY_HOLDING,GHS,62746.94,62746.94,SBL-SOV-017052,SEC.BOND.10Y,1206,2023-09-21,2033-07-30,2033-07-30,0.2393,FIXED,62746.94,BR-001,14,GHGGB6565512
SECURITY.POSITION/3005916,SECURITY_HOLDING,GHS,52463.38,52463.38,SBL-SOV-017052,SEC.BOND.10Y,1206,2024-07-20,2034-05-29,2034-05-29,0.2352,FIXED,52463.38,BR-001,14,GHGGB3607702
SECURITY.POSITION/3005917,SECURITY_HOLDING,GHS,47599.37,47599.37,SBL-SOV-017052,SEC.BOND.10Y,1206,2020-02-23,2030-01-01,2030-01-01,0.2386,FIXED,47599.37,BR-001,14,GHGGB7176990
SECURITY.POSITION/3005918,SECURITY_HOLDING,GHS,45656.55,45656.55,SBL-SOV-017052,SEC.BOND.10Y,1206,2017-03-05,2027-01-12,2027-01-12,0.2406,FIXED,45656.55,BR-001,14,GHGGB8806214
SECURITY.POSITION/3005943,SECURITY_HOLDING,GHS,160382.11,160382.11,SBL-SOV-017052,SEC.BOND.2Y,1204,2025-01-16,2027-01-06,2027-01-06,0.1906,FIXED,160382.11,BR-001,13,GHGGB6409079
SECURITY.POSITION/3005945,SECURITY_HOLDING,GHS,2069799.25,2069799.25,SBL-SOV-017052,SEC.BOND.2Y,1204,2024-09-11,2026-09-01,2026-09-01,0.1992,FIXED,2069799.25,BR-001,13,GHGGB3664435
SECURITY.POSITION/3005947,SECURITY_HOLDING,GHS,775983.62,775983.62,SBL-SOV-017052,SEC.BOND.2Y,1204,2025-03-26,2027-03-16,2027-03-16,0.1951,FIXED,775983.62,BR-001,13,GHGGB4157753
SECURITY.POSITION/3005948,SECURITY_HOLDING,GHS,637245.80,637245.80,SBL-SOV-017052,SEC.BOND.2Y,1204,2024-08-05,2026-07-26,2026-07-26,0.1954,FIXED,637245.80,BR-001,13,GHGGB1722461
SECURITY.POSITION/3005950,SECURITY_HOLDING,GHS,617141.27,617141.27,SBL-SOV-017052,SEC.BOND.2Y,1204,2024-09-06,2026-08-27,2026-08-27,0.197,FIXED,617141.27,BR-001,13,GHGGB9901869
SECURITY.POSITION/3005952,SECURITY_HOLDING,GHS,1499849.17,1499849.17,SBL-SOV-017052,SEC.BOND.5Y,1205,2023-02-19,2028-01-24,2028-01-24,0.2169,FIXED,1499849.17,BR-001,13,GHGGB1075639
SECURITY.POSITION/3005953,SECURITY_HOLDING,GHS,298105.02,298105.02,SBL-SOV-017052,SEC.BOND.5Y,1205,2025-02-09,2030-01-14,2030-01-14,0.2183,FIXED,298105.02,BR-001,13,GHGGB3107198
SECURITY.POSITION/3005954,SECURITY_HOLDING,GHS,548584.17,548584.17,SBL-SOV-017052,SEC.BOND.5Y,1205,2024-06-28,2029-06-02,2029-06-02,0.2164,FIXED,548584.17,BR-001,13,GHGGB9477547
SECURITY.POSITION/3005956,SECURITY_HOLDING,GHS,1099240.02,1099240.02,SBL-SOV-017052,SEC.BOND.5Y,1205,2023-08-28,2028-08-01,2028-08-01,0.2157,FIXED,1099240.02,BR-001,13,GHGGB3844449
SECURITY.POSITION/3005957,SECURITY_HOLDING,GHS,1187600.57,1187600.57,SBL-SOV-017052,SEC.BOND.5Y,1205,2022-04-13,2027-03-18,2027-03-18,0.2168,FIXED,1187600.57,BR-001,13,GHGGB4269100
SECURITY.POSITION/3005958,SECURITY_HOLDING,GHS,521797.58,521797.58,SBL-SOV-017052,SEC.BOND.5Y,1205,2024-10-28,2029-10-02,2029-10-02,0.2145,FIXED,521797.58,BR-001,13,GHGGB4024232
SECURITY.POSITION/3005959,SECURITY_HOLDING,GHS,1235028.11,1235028.11,SBL-SOV-017052,SEC.BOND.5Y,1205,2022-06-02,2027-05-07,2027-05-07,0.2199,FIXED,1235028.11,BR-001,13,GHGGB3919803
SECURITY.POSITION/3005960,SECURITY_HOLDING,GHS,70328.65,70328.65,SBL-SOV-017052,SEC.BOND.10Y,1206,2018-12-09,2028-10-17,2028-10-17,0.2375,FIXED,70328.65,BR-001,13,GHGGB8956796
SECURITY.POSITION/3005961,SECURITY_HOLDING,GHS,260048.96,260048.96,SBL-SOV-017052,SEC.BOND.10Y,1206,2024-06-15,2034-04-24,2034-04-24,0.2431,FIXED,260048.96,BR-001,13,GHGGB9539274
SECURITY.POSITION/3005962,SECURITY_HOLDING,GHS,428071.75,428071.75,SBL-SOV-017052,SEC.BOND.10Y,1206,2025-05-18,2035-03-27,2035-03-27,0.2398,FIXED,428071.75,BR-001,13,GHGGB7256186
SECURITY.POSITION/3005963,SECURITY_HOLDING,GHS,94613.55,94613.55,SBL-SOV-017052,SEC.BOND.10Y,1206,2020-09-03,2030-07-13,2030-07-13,0.2397,FIXED,94613.55,BR-001,13,GHGGB3042150
SECURITY.POSITION/3005964,SECURITY_HOLDING,GHS,119729.00,119729.00,SBL-SOV-017052,SEC.BOND.10Y,1206,2020-10-03,2030-08-12,2030-08-12,0.241,FIXED,119729.00,BR-001,13,GHGGB6432187
SECURITY.POSITION/3005965,SECURITY_HOLDING,GHS,170095.19,170095.19,SBL-SOV-017052,SEC.BOND.10Y,1206,2019-07-20,2029-05-28,2029-05-28,0.2442,FIXED,170095.19,BR-001,13,GHGGB4887425
SECURITY.POSITION/3005966,SECURITY_HOLDING,GHS,315177.59,315177.59,SBL-SOV-017052,SEC.BOND.10Y,1206,2018-06-04,2028-04-12,2028-04-12,0.238,FIXED,315177.59,BR-001,13,GHGGB9916670
SECURITY.POSITION/3005968,SECURITY_HOLDING,GHS,144279.06,144279.06,SBL-SOV-017052,SEC.BOND.10Y,1206,2023-10-15,2033-08-23,2033-08-23,0.2398,FIXED,144279.06,BR-001,13,GHGGB7329627
SECURITY.POSITION/3005969,SECURITY_HOLDING,GHS,42313.67,42313.67,SBL-SOV-017052,SEC.BOND.10Y,1206,2022-07-10,2032-05-18,2032-05-18,0.2436,FIXED,42313.67,BR-001,13,GHGGB3799595
SECURITY.POSITION/3005970,SECURITY_HOLDING,GHS,498127.78,498127.78,SBL-SOV-017052,SEC.BOND.10Y,1206,2025-05-27,2035-04-05,2035-04-05,0.2364,FIXED,498127.78,BR-001,13,GHGGB9505078
SECURITY.POSITION/3005971,SECURITY_HOLDING,GHS,724485.85,724485.85,SBL-SOV-017052,SEC.BOND.10Y,1206,2020-01-25,2029-12-03,2029-12-03,0.2406,FIXED,724485.85,BR-001,13,GHGGB9059730
SECURITY.POSITION/3006002,SECURITY_HOLDING,GHS,684623.65,684623.65,SBL-SOV-017052,SEC.BOND.2Y,1204,2024-07-27,2026-07-17,2026-07-17,0.1986,FIXED,684623.65,BR-001,12,GHGGB5972559
SECURITY.POSITION/3006003,SECURITY_HOLDING,GHS,265068.87,265068.87,SBL-SOV-017052,SEC.BOND.2Y,1204,2025-03-30,2027-03-20,2027-03-20,0.1881,FIXED,265068.87,BR-001,12,GHGGB1180571
SECURITY.POSITION/3006009,SECURITY_HOLDING,GHS,274919.34,274919.34,SBL-SOV-017052,SEC.BOND.5Y,1205,2024-03-19,2029-02-21,2029-02-21,0.2193,FIXED,274919.34,BR-001,12,GHGGB7943215
SECURITY.POSITION/3006010,SECURITY_HOLDING,GHS,112002.12,112002.12,SBL-SOV-017052,SEC.BOND.5Y,1205,2025-03-06,2030-02-08,2030-02-08,0.2193,FIXED,112002.12,BR-001,12,GHGGB6012972
SECURITY.POSITION/3006011,SECURITY_HOLDING,GHS,585280.88,585280.88,SBL-SOV-017052,SEC.BOND.5Y,1205,2022-01-30,2027-01-04,2027-01-04,0.2205,FIXED,585280.88,BR-001,12,GHGGB1274784
SECURITY.POSITION/3006012,SECURITY_HOLDING,GHS,132356.92,132356.92,SBL-SOV-017052,SEC.BOND.5Y,1205,2023-04-15,2028-03-19,2028-03-19,0.2209,FIXED,132356.92,BR-001,12,GHGGB6399352
SECURITY.POSITION/3006013,SECURITY_HOLDING,GHS,171087.03,171087.03,SBL-SOV-017052,SEC.BOND.5Y,1205,2022-08-28,2027-08-02,2027-08-02,0.2147,FIXED,171087.03,BR-001,12,GHGGB5991370
SECURITY.POSITION/3006015,SECURITY_HOLDING,GHS,329523.57,329523.57,SBL-SOV-017052,SEC.BOND.5Y,1205,2023-08-26,2028-07-30,2028-07-30,0.2156,FIXED,329523.57,BR-001,12,GHGGB1703485
SECURITY.POSITION/3006016,SECURITY_HOLDING,GHS,431740.48,431740.48,SBL-SOV-017052,SEC.BOND.5Y,1205,2025-03-10,2030-02-12,2030-02-12,0.216,FIXED,431740.48,BR-001,12,GHGGB8625903
SECURITY.POSITION/3006017,SECURITY_HOLDING,GHS,238285.68,238285.68,SBL-SOV-017052,SEC.BOND.5Y,1205,2024-11-06,2029-10-11,2029-10-11,0.2204,FIXED,238285.68,BR-001,12,GHGGB9145584
SECURITY.POSITION/3006019,SECURITY_HOLDING,GHS,384723.19,384723.19,SBL-SOV-017052,SEC.BOND.10Y,1206,2018-10-15,2028-08-23,2028-08-23,0.2358,FIXED,384723.19,BR-001,12,GHGGB2060704
SECURITY.POSITION/3006020,SECURITY_HOLDING,GHS,1068537.28,1068537.28,SBL-SOV-017052,SEC.BOND.10Y,1206,2021-05-01,2031-03-10,2031-03-10,0.2387,FIXED,1068537.28,BR-001,12,GHGGB8985840
SECURITY.POSITION/3006021,SECURITY_HOLDING,GHS,183438.22,183438.22,SBL-SOV-017052,SEC.BOND.10Y,1206,2018-05-09,2028-03-17,2028-03-17,0.2382,FIXED,183438.22,BR-001,12,GHGGB8295788
SECURITY.POSITION/3006022,SECURITY_HOLDING,GHS,494408.58,494408.58,SBL-SOV-017052,SEC.BOND.10Y,1206,2020-11-22,2030-10-01,2030-10-01,0.2363,FIXED,494408.58,BR-001,12,GHGGB5412007
SECURITY.POSITION/3006023,SECURITY_HOLDING,GHS,163986.80,163986.80,SBL-SOV-017052,SEC.BOND.10Y,1206,2017-12-17,2027-10-26,2027-10-26,0.2324,FIXED,163986.80,BR-001,12,GHGGB6144770
SECURITY.POSITION/3006053,SECURITY_HOLDING,GHS,1114373.46,1114373.46,SBL-SOV-017052,SEC.BOND.2Y,1204,2024-09-15,2026-09-05,2026-09-05,0.1943,FIXED,1114373.46,BR-001,11,GHGGB4703763
SECURITY.POSITION/3006055,SECURITY_HOLDING,GHS,959268.82,959268.82,SBL-SOV-017052,SEC.BOND.2Y,1204,2024-12-21,2026-12-11,2026-12-11,0.1952,FIXED,959268.82,BR-001,11,GHGGB7564960
SECURITY.POSITION/3006056,SECURITY_HOLDING,GHS,2577360.10,2577360.10,SBL-SOV-017052,SEC.BOND.2Y,1204,2025-07-26,2027-07-16,2027-07-16,0.1881,FIXED,2577360.10,BR-001,11,GHGGB8017777
SECURITY.POSITION/3006058,SECURITY_HOLDING,GHS,895717.07,895717.07,SBL-SOV-017052,SEC.BOND.2Y,1204,2025-05-04,2027-04-24,2027-04-24,0.1911,FIXED,895717.07,BR-001,11,GHGGB9920496
SECURITY.POSITION/3006059,SECURITY_HOLDING,GHS,2422150.40,2422150.40,SBL-SOV-017052,SEC.BOND.2Y,1204,2025-06-14,2027-06-04,2027-06-04,0.1916,FIXED,2422150.40,BR-001,11,GHGGB9229551
SECURITY.POSITION/3006061,SECURITY_HOLDING,GHS,321868.11,321868.11,SBL-SOV-017052,SEC.BOND.5Y,1205,2024-11-28,2029-11-02,2029-11-02,0.2204,FIXED,321868.11,BR-001,11,GHGGB9599177
SECURITY.POSITION/3006062,SECURITY_HOLDING,GHS,270961.58,270961.58,SBL-SOV-017052,SEC.BOND.5Y,1205,2022-02-22,2027-01-27,2027-01-27,0.2249,FIXED,270961.58,BR-001,11,GHGGB7607339
SECURITY.POSITION/3006063,SECURITY_HOLDING,GHS,161397.20,161397.20,SBL-SOV-017052,SEC.BOND.5Y,1205,2025-04-29,2030-04-03,2030-04-03,0.2183,FIXED,161397.20,BR-001,11,GHGGB6569627
SECURITY.POSITION/3006064,SECURITY_HOLDING,GHS,460870.34,460870.34,SBL-SOV-017052,SEC.BOND.5Y,1205,2024-11-05,2029-10-10,2029-10-10,0.2224,FIXED,460870.34,BR-001,11,GHGGB1289681
SECURITY.POSITION/3006065,SECURITY_HOLDING,GHS,504122.91,504122.91,SBL-SOV-017052,SEC.BOND.5Y,1205,2023-05-05,2028-04-08,2028-04-08,0.2177,FIXED,504122.91,BR-001,11,GHGGB7844452
SECURITY.POSITION/3006067,SECURITY_HOLDING,GHS,422769.38,422769.38,SBL-SOV-017052,SEC.BOND.5Y,1205,2021-11-23,2026-10-28,2026-10-28,0.2192,FIXED,422769.38,BR-001,11,GHGGB1137949
SECURITY.POSITION/3006068,SECURITY_HOLDING,GHS,1001973.17,1001973.17,SBL-SOV-017052,SEC.BOND.5Y,1205,2024-06-12,2029-05-17,2029-05-17,0.2221,FIXED,1001973.17,BR-001,11,GHGGB3815578
SECURITY.POSITION/3006069,SECURITY_HOLDING,GHS,275541.19,275541.19,SBL-SOV-017052,SEC.BOND.5Y,1205,2023-08-14,2028-07-18,2028-07-18,0.2238,FIXED,275541.19,BR-001,11,GHGGB1594381
SECURITY.POSITION/3006070,SECURITY_HOLDING,GHS,303551.57,303551.57,SBL-SOV-017052,SEC.BOND.10Y,1206,2016-11-08,2026-09-17,2026-09-17,0.2406,FIXED,303551.57,BR-001,11,GHGGB2843579
SECURITY.POSITION/3006071,SECURITY_HOLDING,GHS,553174.70,553174.70,SBL-SOV-017052,SEC.BOND.10Y,1206,2024-01-20,2033-11-28,2033-11-28,0.2363,FIXED,553174.70,BR-001,11,GHGGB3088076
SECURITY.POSITION/3006072,SECURITY_HOLDING,GHS,314674.71,314674.71,SBL-SOV-017052,SEC.BOND.10Y,1206,2020-04-07,2030-02-14,2030-02-14,0.2348,FIXED,314674.71,BR-001,11,GHGGB6905494
SECURITY.POSITION/3006073,SECURITY_HOLDING,GHS,273913.81,273913.81,SBL-SOV-017052,SEC.BOND.10Y,1206,2020-04-27,2030-03-06,2030-03-06,0.2388,FIXED,273913.81,BR-001,11,GHGGB2588076
SECURITY.POSITION/3006074,SECURITY_HOLDING,GHS,238364.08,238364.08,SBL-SOV-017052,SEC.BOND.10Y,1206,2020-01-27,2029-12-05,2029-12-05,0.2392,FIXED,238364.08,BR-001,11,GHGGB6701978
SECURITY.POSITION/3006075,SECURITY_HOLDING,GHS,384963.35,384963.35,SBL-SOV-017052,SEC.BOND.10Y,1206,2021-03-03,2031-01-10,2031-01-10,0.24,FIXED,384963.35,BR-001,11,GHGGB2245804
SECURITY.POSITION/3006089,SECURITY_HOLDING,GHS,1834696.94,1834696.94,SBL-SOV-017052,SEC.TBILL.364,1203,2025-07-08,2026-07-03,2026-07-03,0.1905,FIXED,1834696.94,BR-001,10,GHGGB7582002
SECURITY.POSITION/3006094,SECURITY_HOLDING,GHS,3485635.37,3485635.37,SBL-SOV-017052,SEC.TBILL.364,1203,2025-07-11,2026-07-06,2026-07-06,0.1843,FIXED,3485635.37,BR-001,10,GHGGB8333770
SECURITY.POSITION/3006096,SECURITY_HOLDING,GHS,532625.00,532625.00,SBL-SOV-017052,SEC.BOND.2Y,1204,2025-05-14,2027-05-04,2027-05-04,0.1898,FIXED,532625.00,BR-001,10,GHGGB5287466
SECURITY.POSITION/3006098,SECURITY_HOLDING,GHS,167847.97,167847.97,SBL-SOV-017052,SEC.BOND.2Y,1204,2024-10-10,2026-09-30,2026-09-30,0.194,FIXED,167847.97,BR-001,10,GHGGB9851179
SECURITY.POSITION/3006100,SECURITY_HOLDING,GHS,1315824.05,1315824.05,SBL-SOV-017052,SEC.BOND.2Y,1204,2024-12-22,2026-12-12,2026-12-12,0.1932,FIXED,1315824.05,BR-001,10,GHGGB9637108
SECURITY.POSITION/3006101,SECURITY_HOLDING,GHS,3152371.10,3152371.10,SBL-SOV-017052,SEC.BOND.2Y,1204,2024-08-10,2026-07-31,2026-07-31,0.1963,FIXED,3152371.10,BR-001,10,GHGGB5922233
SECURITY.POSITION/3006103,SECURITY_HOLDING,GHS,1486698.60,1486698.60,SBL-SOV-017052,SEC.BOND.5Y,1205,2023-03-12,2028-02-14,2028-02-14,0.2208,FIXED,1486698.60,BR-001,10,GHGGB5473562
SECURITY.POSITION/3006104,SECURITY_HOLDING,GHS,1210851.30,1210851.30,SBL-SOV-017052,SEC.BOND.5Y,1205,2025-03-05,2030-02-07,2030-02-07,0.216,FIXED,1210851.30,BR-001,10,GHGGB5404358
SECURITY.POSITION/3006105,SECURITY_HOLDING,GHS,2698607.21,2698607.21,SBL-SOV-017052,SEC.BOND.5Y,1205,2025-05-10,2030-04-14,2030-04-14,0.2148,FIXED,2698607.21,BR-001,10,GHGGB3360270
SECURITY.POSITION/3006106,SECURITY_HOLDING,GHS,1102786.59,1102786.59,SBL-SOV-017052,SEC.BOND.5Y,1205,2024-08-24,2029-07-29,2029-07-29,0.216,FIXED,1102786.59,BR-001,10,GHGGB8449677
SECURITY.POSITION/3006107,SECURITY_HOLDING,GHS,204842.43,204842.43,SBL-SOV-017052,SEC.BOND.5Y,1205,2024-03-20,2029-02-22,2029-02-22,0.2185,FIXED,204842.43,BR-001,10,GHGGB5904532
SECURITY.POSITION/3006109,SECURITY_HOLDING,GHS,243047.93,243047.93,SBL-SOV-017052,SEC.BOND.10Y,1206,2021-01-21,2030-11-30,2030-11-30,0.2445,FIXED,243047.93,BR-001,10,GHGGB9797281
SECURITY.POSITION/3006110,SECURITY_HOLDING,GHS,677475.21,677475.21,SBL-SOV-017052,SEC.BOND.10Y,1206,2018-12-22,2028-10-30,2028-10-30,0.2388,FIXED,677475.21,BR-001,10,GHGGB2704276
SECURITY.POSITION/3006111,SECURITY_HOLDING,GHS,783377.81,783377.81,SBL-SOV-017052,SEC.BOND.10Y,1206,2024-06-13,2034-04-22,2034-04-22,0.2451,FIXED,783377.81,BR-001,10,GHGGB5210412
SECURITY.POSITION/3006113,SECURITY_HOLDING,GHS,96877.48,96877.48,SBL-SOV-017052,SEC.BOND.10Y,1206,2025-05-22,2035-03-31,2035-03-31,0.2429,FIXED,96877.48,BR-001,10,GHGGB1903435
SECURITY.POSITION/3006114,SECURITY_HOLDING,GHS,203318.54,203318.54,SBL-SOV-017052,SEC.BOND.10Y,1206,2025-05-02,2035-03-11,2035-03-11,0.2433,FIXED,203318.54,BR-001,10,GHGGB9277806
SECURITY.POSITION/3006115,SECURITY_HOLDING,GHS,445726.85,445726.85,SBL-SOV-017052,SEC.BOND.10Y,1206,2025-06-01,2035-04-10,2035-04-10,0.2449,FIXED,445726.85,BR-001,10,GHGGB8467170
SECURITY.POSITION/3006116,SECURITY_HOLDING,GHS,160613.27,160613.27,SBL-SOV-017052,SEC.BOND.10Y,1206,2024-04-04,2034-02-11,2034-02-11,0.2476,FIXED,160613.27,BR-001,10,GHGGB1332763
SECURITY.POSITION/3006144,SECURITY_HOLDING,GHS,309765.74,309765.74,SBL-SOV-017052,SEC.TBILL.364,1203,2025-07-11,2026-07-06,2026-07-06,0.1887,FIXED,309765.74,BR-001,9,GHGGB7592049
SECURITY.POSITION/3006148,SECURITY_HOLDING,GHS,4064584.36,4064584.36,SBL-SOV-017052,SEC.TBILL.364,1203,2025-07-27,2026-07-22,2026-07-22,0.1861,FIXED,4064584.36,BR-001,9,GHGGB6080856
SECURITY.POSITION/3006154,SECURITY_HOLDING,GHS,803052.48,803052.48,SBL-SOV-017052,SEC.BOND.2Y,1204,2025-05-29,2027-05-19,2027-05-19,0.1934,FIXED,803052.48,BR-001,9,GHGGB3606395
SECURITY.POSITION/3006155,SECURITY_HOLDING,GHS,686115.77,686115.77,SBL-SOV-017052,SEC.BOND.2Y,1204,2025-06-13,2027-06-03,2027-06-03,0.1916,FIXED,686115.77,BR-001,9,GHGGB7470829
SECURITY.POSITION/3006156,SECURITY_HOLDING,GHS,2423316.77,2423316.77,SBL-SOV-017052,SEC.BOND.2Y,1204,2025-04-16,2027-04-06,2027-04-06,0.197,FIXED,2423316.77,BR-001,9,GHGGB3181526
SECURITY.POSITION/3006157,SECURITY_HOLDING,GHS,917184.67,917184.67,SBL-SOV-017052,SEC.BOND.2Y,1204,2024-07-30,2026-07-20,2026-07-20,0.1926,FIXED,917184.67,BR-001,9,GHGGB5457641
SECURITY.POSITION/3006158,SECURITY_HOLDING,GHS,746124.64,746124.64,SBL-SOV-017052,SEC.BOND.2Y,1204,2025-06-17,2027-06-07,2027-06-07,0.1897,FIXED,746124.64,BR-001,9,GHGGB4090126
SECURITY.POSITION/3006160,SECURITY_HOLDING,GHS,702344.85,702344.85,SBL-SOV-017052,SEC.BOND.5Y,1205,2023-07-20,2028-06-23,2028-06-23,0.2193,FIXED,702344.85,BR-001,9,GHGGB1321457
SECURITY.POSITION/3006161,SECURITY_HOLDING,GHS,622127.39,622127.39,SBL-SOV-017052,SEC.BOND.5Y,1205,2023-07-30,2028-07-03,2028-07-03,0.2212,FIXED,622127.39,BR-001,9,GHGGB7410219
SECURITY.POSITION/3006162,SECURITY_HOLDING,GHS,294385.28,294385.28,SBL-SOV-017052,SEC.BOND.5Y,1205,2024-05-24,2029-04-28,2029-04-28,0.2161,FIXED,294385.28,BR-001,9,GHGGB2631119
SECURITY.POSITION/3006163,SECURITY_HOLDING,GHS,865635.22,865635.22,SBL-SOV-017052,SEC.BOND.5Y,1205,2022-04-08,2027-03-13,2027-03-13,0.2171,FIXED,865635.22,BR-001,9,GHGGB5057649
SECURITY.POSITION/3006164,SECURITY_HOLDING,GHS,496459.32,496459.32,SBL-SOV-017052,SEC.BOND.5Y,1205,2024-12-09,2029-11-13,2029-11-13,0.2252,FIXED,496459.32,BR-001,9,GHGGB1418057
SECURITY.POSITION/3006165,SECURITY_HOLDING,GHS,343243.69,343243.69,SBL-SOV-017052,SEC.BOND.5Y,1205,2025-03-28,2030-03-02,2030-03-02,0.2206,FIXED,343243.69,BR-001,9,GHGGB8692220
SECURITY.POSITION/3006166,SECURITY_HOLDING,GHS,376089.06,376089.06,SBL-SOV-017052,SEC.BOND.5Y,1205,2023-10-11,2028-09-14,2028-09-14,0.2242,FIXED,376089.06,BR-001,9,GHGGB1391298
SECURITY.POSITION/3006167,SECURITY_HOLDING,GHS,311607.85,311607.85,SBL-SOV-017052,SEC.BOND.5Y,1205,2022-05-15,2027-04-19,2027-04-19,0.2216,FIXED,311607.85,BR-001,9,GHGGB1715021
SECURITY.POSITION/3006168,SECURITY_HOLDING,GHS,234378.76,234378.76,SBL-SOV-017052,SEC.BOND.5Y,1205,2025-03-02,2030-02-04,2030-02-04,0.2205,FIXED,234378.76,BR-001,9,GHGGB7256822
SECURITY.POSITION/3006169,SECURITY_HOLDING,GHS,319675.79,319675.79,SBL-SOV-017052,SEC.BOND.5Y,1205,2025-07-21,2030-06-25,2030-06-25,0.2227,FIXED,319675.79,BR-001,9,GHGGB3164964
SECURITY.POSITION/3006170,SECURITY_HOLDING,GHS,192279.70,192279.70,SBL-SOV-017052,SEC.BOND.5Y,1205,2025-06-11,2030-05-16,2030-05-16,0.216,FIXED,192279.70,BR-001,9,GHGGB2665488
SECURITY.POSITION/3006171,SECURITY_HOLDING,GHS,311944.64,311944.64,SBL-SOV-017052,SEC.BOND.5Y,1205,2021-08-18,2026-07-23,2026-07-23,0.2252,FIXED,311944.64,BR-001,9,GHGGB9285308
SECURITY.POSITION/3006172,SECURITY_HOLDING,GHS,644499.09,644499.09,SBL-SOV-017052,SEC.BOND.10Y,1206,2023-04-22,2033-02-28,2033-02-28,0.244,FIXED,644499.09,BR-001,9,GHGGB1832021
SECURITY.POSITION/3006173,SECURITY_HOLDING,GHS,402825.86,402825.86,SBL-SOV-017052,SEC.BOND.10Y,1206,2020-11-02,2030-09-11,2030-09-11,0.2402,FIXED,402825.86,BR-001,9,GHGGB1015300
SECURITY.POSITION/3006174,SECURITY_HOLDING,GHS,285783.36,285783.36,SBL-SOV-017052,SEC.BOND.10Y,1206,2017-02-11,2026-12-21,2026-12-21,0.2397,FIXED,285783.36,BR-001,9,GHGGB2032790
SECURITY.POSITION/3006175,SECURITY_HOLDING,GHS,118588.50,118588.50,SBL-SOV-017052,SEC.BOND.10Y,1206,2024-02-02,2033-12-11,2033-12-11,0.242,FIXED,118588.50,BR-001,9,GHGGB7195524
SECURITY.POSITION/3006176,SECURITY_HOLDING,GHS,37924.40,37924.40,SBL-SOV-017052,SEC.BOND.10Y,1206,2021-04-16,2031-02-23,2031-02-23,0.2356,FIXED,37924.40,BR-001,9,GHGGB6025691
SECURITY.POSITION/3006177,SECURITY_HOLDING,GHS,188457.38,188457.38,SBL-SOV-017052,SEC.BOND.10Y,1206,2018-01-20,2027-11-29,2027-11-29,0.2426,FIXED,188457.38,BR-001,9,GHGGB3745108
SECURITY.POSITION/3006178,SECURITY_HOLDING,GHS,212909.18,212909.18,SBL-SOV-017052,SEC.BOND.10Y,1206,2020-07-10,2030-05-19,2030-05-19,0.2427,FIXED,212909.18,BR-001,9,GHGGB8484009
SECURITY.POSITION/3006179,SECURITY_HOLDING,GHS,592615.19,592615.19,SBL-SOV-017052,SEC.BOND.10Y,1206,2018-02-08,2027-12-18,2027-12-18,0.2385,FIXED,592615.19,BR-001,9,GHGGB2812450
SECURITY.POSITION/3006180,SECURITY_HOLDING,GHS,634198.44,634198.44,SBL-SOV-017052,SEC.BOND.10Y,1206,2024-06-10,2034-04-19,2034-04-19,0.2398,FIXED,634198.44,BR-001,9,GHGGB7816045
SECURITY.POSITION/3006206,SECURITY_HOLDING,GHS,764623.34,764623.34,SBL-SOV-017052,SEC.BOND.2Y,1204,2024-12-16,2026-12-06,2026-12-06,0.1954,FIXED,764623.34,BR-001,8,GHGGB3290095
SECURITY.POSITION/3006208,SECURITY_HOLDING,GHS,1223319.88,1223319.88,SBL-SOV-017052,SEC.BOND.2Y,1204,2025-06-20,2027-06-10,2027-06-10,0.1942,FIXED,1223319.88,BR-001,8,GHGGB5290632
SECURITY.POSITION/3006209,SECURITY_HOLDING,GHS,986910.46,986910.46,SBL-SOV-017052,SEC.BOND.2Y,1204,2025-05-16,2027-05-06,2027-05-06,0.1951,FIXED,986910.46,BR-001,8,GHGGB8532776
SECURITY.POSITION/3006211,SECURITY_HOLDING,GHS,785909.77,785909.77,SBL-SOV-017052,SEC.BOND.2Y,1204,2024-10-29,2026-10-19,2026-10-19,0.1928,FIXED,785909.77,BR-001,8,GHGGB6058571
SECURITY.POSITION/3006212,SECURITY_HOLDING,GHS,595962.80,595962.80,SBL-SOV-017052,SEC.BOND.2Y,1204,2025-07-29,2027-07-19,2027-07-19,0.1986,FIXED,595962.80,BR-001,8,GHGGB3890699
SECURITY.POSITION/3006214,SECURITY_HOLDING,GHS,209557.44,209557.44,SBL-SOV-017052,SEC.BOND.5Y,1205,2023-11-19,2028-10-23,2028-10-23,0.2225,FIXED,209557.44,BR-001,8,GHGGB9884524
SECURITY.POSITION/3006215,SECURITY_HOLDING,GHS,667665.50,667665.50,SBL-SOV-017052,SEC.BOND.5Y,1205,2023-06-24,2028-05-28,2028-05-28,0.2197,FIXED,667665.50,BR-001,8,GHGGB3737908
SECURITY.POSITION/3006216,SECURITY_HOLDING,GHS,240251.19,240251.19,SBL-SOV-017052,SEC.BOND.5Y,1205,2025-01-23,2029-12-28,2029-12-28,0.223,FIXED,240251.19,BR-001,8,GHGGB3897653
SECURITY.POSITION/3006217,SECURITY_HOLDING,GHS,534187.98,534187.98,SBL-SOV-017052,SEC.BOND.5Y,1205,2024-08-10,2029-07-15,2029-07-15,0.2194,FIXED,534187.98,BR-001,8,GHGGB2038584
SECURITY.POSITION/3006218,SECURITY_HOLDING,GHS,448611.92,448611.92,SBL-SOV-017052,SEC.BOND.5Y,1205,2022-08-15,2027-07-20,2027-07-20,0.2275,FIXED,448611.92,BR-001,8,GHGGB4135957
SECURITY.POSITION/3006219,SECURITY_HOLDING,GHS,453461.08,453461.08,SBL-SOV-017052,SEC.BOND.5Y,1205,2024-05-05,2029-04-09,2029-04-09,0.2203,FIXED,453461.08,BR-001,8,GHGGB2894173
SECURITY.POSITION/3006220,SECURITY_HOLDING,GHS,50061.59,50061.59,SBL-SOV-017052,SEC.BOND.5Y,1205,2025-07-08,2030-06-12,2030-06-12,0.2248,FIXED,50061.59,BR-001,8,GHGGB6517165
SECURITY.POSITION/3006221,SECURITY_HOLDING,GHS,299991.46,299991.46,SBL-SOV-017052,SEC.BOND.5Y,1205,2024-10-10,2029-09-14,2029-09-14,0.2196,FIXED,299991.46,BR-001,8,GHGGB5002237
SECURITY.POSITION/3006222,SECURITY_HOLDING,GHS,92899.35,92899.35,SBL-SOV-017052,SEC.BOND.5Y,1205,2024-02-21,2029-01-25,2029-01-25,0.2192,FIXED,92899.35,BR-001,8,GHGGB9635024
SECURITY.POSITION/3006223,SECURITY_HOLDING,GHS,37732.84,37732.84,SBL-SOV-017052,SEC.BOND.5Y,1205,2024-11-13,2029-10-18,2029-10-18,0.2217,FIXED,37732.84,BR-001,8,GHGGB3065642
SECURITY.POSITION/3006224,SECURITY_HOLDING,GHS,556966.52,556966.52,SBL-SOV-017052,SEC.BOND.5Y,1205,2023-04-29,2028-04-02,2028-04-02,0.2249,FIXED,556966.52,BR-001,8,GHGGB2880743
SECURITY.POSITION/3006225,SECURITY_HOLDING,GHS,496848.94,496848.94,SBL-SOV-017052,SEC.BOND.5Y,1205,2023-05-28,2028-05-01,2028-05-01,0.2196,FIXED,496848.94,BR-001,8,GHGGB2932926
SECURITY.POSITION/3006226,SECURITY_HOLDING,GHS,42470.23,42470.23,SBL-SOV-017052,SEC.BOND.10Y,1206,2023-03-01,2033-01-07,2033-01-07,0.2397,FIXED,42470.23,BR-001,8,GHGGB2518500
SECURITY.POSITION/3006227,SECURITY_HOLDING,GHS,81774.82,81774.82,SBL-SOV-017052,SEC.BOND.10Y,1206,2024-05-17,2034-03-26,2034-03-26,0.2371,FIXED,81774.82,BR-001,8,GHGGB7379211
SECURITY.POSITION/3006228,SECURITY_HOLDING,GHS,172249.07,172249.07,SBL-SOV-017052,SEC.BOND.10Y,1206,2024-05-17,2034-03-26,2034-03-26,0.2384,FIXED,172249.07,BR-001,8,GHGGB3923943
SECURITY.POSITION/3006229,SECURITY_HOLDING,GHS,59064.38,59064.38,SBL-SOV-017052,SEC.BOND.10Y,1206,2016-11-28,2026-10-07,2026-10-07,0.2371,FIXED,59064.38,BR-001,8,GHGGB4193184
SECURITY.POSITION/3006230,SECURITY_HOLDING,GHS,110162.59,110162.59,SBL-SOV-017052,SEC.BOND.10Y,1206,2023-08-29,2033-07-07,2033-07-07,0.236,FIXED,110162.59,BR-001,8,GHGGB2219825
SECURITY.POSITION/3006231,SECURITY_HOLDING,GHS,90891.61,90891.61,SBL-SOV-017052,SEC.BOND.10Y,1206,2024-01-31,2033-12-09,2033-12-09,0.2359,FIXED,90891.61,BR-001,8,GHGGB1592961
SECURITY.POSITION/3006232,SECURITY_HOLDING,GHS,56511.13,56511.13,SBL-SOV-017052,SEC.BOND.10Y,1206,2025-10-27,2035-09-05,2035-09-05,0.2396,FIXED,56511.13,BR-001,8,GHGGB1607456
SECURITY.POSITION/3006233,SECURITY_HOLDING,GHS,109354.07,109354.07,SBL-SOV-017052,SEC.BOND.10Y,1206,2019-03-31,2029-02-06,2029-02-06,0.2358,FIXED,109354.07,BR-001,8,GHGGB5176904
SECURITY.POSITION/3006235,SECURITY_HOLDING,GHS,75630.13,75630.13,SBL-SOV-017052,SEC.BOND.10Y,1206,2019-03-02,2029-01-08,2029-01-08,0.2398,FIXED,75630.13,BR-001,8,GHGGB1864885
SECURITY.POSITION/3006260,SECURITY_HOLDING,GHS,2304776.27,2304776.27,SBL-SOV-017052,SEC.TBILL.364,1203,2025-10-10,2026-10-05,2026-10-05,0.1817,FIXED,2304776.27,BR-001,7,GHGGB4545785
SECURITY.POSITION/3006261,SECURITY_HOLDING,GHS,1002424.40,1002424.40,SBL-SOV-017052,SEC.TBILL.364,1203,2025-07-22,2026-07-17,2026-07-17,0.1797,FIXED,1002424.40,BR-001,7,GHGGB7338520
SECURITY.POSITION/3006263,SECURITY_HOLDING,GHS,5746264.38,5746264.38,SBL-SOV-017052,SEC.TBILL.364,1203,2025-07-15,2026-07-10,2026-07-10,0.1814,FIXED,5746264.38,BR-001,7,GHGGB2917488
SECURITY.POSITION/3006267,SECURITY_HOLDING,GHS,2488195.21,2488195.21,SBL-SOV-017052,SEC.TBILL.364,1203,2025-11-13,2026-11-08,2026-11-08,0.183,FIXED,2488195.21,BR-001,7,GHGGB5121560
SECURITY.POSITION/3006269,SECURITY_HOLDING,GHS,981346.29,981346.29,SBL-SOV-017052,SEC.BOND.2Y,1204,2024-08-01,2026-07-22,2026-07-22,0.191,FIXED,981346.29,BR-001,7,GHGGB9728014
SECURITY.POSITION/3006272,SECURITY_HOLDING,GHS,383678.42,383678.42,SBL-SOV-017052,SEC.BOND.2Y,1204,2024-12-30,2026-12-20,2026-12-20,0.1947,FIXED,383678.42,BR-001,7,GHGGB1033370
SECURITY.POSITION/3006274,SECURITY_HOLDING,GHS,811559.00,811559.00,SBL-SOV-017052,SEC.BOND.2Y,1204,2025-09-06,2027-08-27,2027-08-27,0.1937,FIXED,811559.00,BR-001,7,GHGGB9337413
SECURITY.POSITION/3006275,SECURITY_HOLDING,GHS,529158.86,529158.86,SBL-SOV-017052,SEC.BOND.2Y,1204,2025-04-14,2027-04-04,2027-04-04,0.1991,FIXED,529158.86,BR-001,7,GHGGB8621893
SECURITY.POSITION/3006276,SECURITY_HOLDING,GHS,275518.34,275518.34,SBL-SOV-017052,SEC.BOND.2Y,1204,2025-03-01,2027-02-19,2027-02-19,0.1903,FIXED,275518.34,BR-001,7,GHGGB6213931
SECURITY.POSITION/3006277,SECURITY_HOLDING,GHS,869204.39,869204.39,SBL-SOV-017052,SEC.BOND.2Y,1204,2024-11-09,2026-10-30,2026-10-30,0.1924,FIXED,869204.39,BR-001,7,GHGGB6918366
SECURITY.POSITION/3006278,SECURITY_HOLDING,GHS,865268.15,865268.15,SBL-SOV-017052,SEC.BOND.2Y,1204,2025-01-08,2026-12-29,2026-12-29,0.1894,FIXED,865268.15,BR-001,7,GHGGB5351628
SECURITY.POSITION/3006279,SECURITY_HOLDING,GHS,1427547.96,1427547.96,SBL-SOV-017052,SEC.BOND.2Y,1204,2025-05-28,2027-05-18,2027-05-18,0.198,FIXED,1427547.96,BR-001,7,GHGGB4226340
SECURITY.POSITION/3006280,SECURITY_HOLDING,GHS,455258.30,455258.30,SBL-SOV-017052,SEC.BOND.2Y,1204,2025-10-17,2027-10-07,2027-10-07,0.1918,FIXED,455258.30,BR-001,7,GHGGB7279526
SECURITY.POSITION/3006281,SECURITY_HOLDING,GHS,195060.89,195060.89,SBL-SOV-017052,SEC.BOND.5Y,1205,2024-05-06,2029-04-10,2029-04-10,0.2142,FIXED,195060.89,BR-001,7,GHGGB8223275
SECURITY.POSITION/3006282,SECURITY_HOLDING,GHS,222643.36,222643.36,SBL-SOV-017052,SEC.BOND.5Y,1205,2022-07-02,2027-06-06,2027-06-06,0.2208,FIXED,222643.36,BR-001,7,GHGGB5017972
SECURITY.POSITION/3006283,SECURITY_HOLDING,GHS,430769.45,430769.45,SBL-SOV-017052,SEC.BOND.5Y,1205,2022-04-01,2027-03-06,2027-03-06,0.218,FIXED,430769.45,BR-001,7,GHGGB5914653
SECURITY.POSITION/3006284,SECURITY_HOLDING,GHS,319356.89,319356.89,SBL-SOV-017052,SEC.BOND.5Y,1205,2023-03-22,2028-02-24,2028-02-24,0.2229,FIXED,319356.89,BR-001,7,GHGGB8815629
SECURITY.POSITION/3006285,SECURITY_HOLDING,GHS,95403.75,95403.75,SBL-SOV-017052,SEC.BOND.5Y,1205,2024-01-21,2028-12-25,2028-12-25,0.2138,FIXED,95403.75,BR-001,7,GHGGB7614367
SECURITY.POSITION/3006286,SECURITY_HOLDING,GHS,303719.08,303719.08,SBL-SOV-017052,SEC.BOND.5Y,1205,2024-01-07,2028-12-11,2028-12-11,0.222,FIXED,303719.08,BR-001,7,GHGGB6661506
SECURITY.POSITION/3006288,SECURITY_HOLDING,GHS,426671.96,426671.96,SBL-SOV-017052,SEC.BOND.5Y,1205,2022-12-04,2027-11-08,2027-11-08,0.2214,FIXED,426671.96,BR-001,7,GHGGB7540165
SECURITY.POSITION/3006289,SECURITY_HOLDING,GHS,480068.72,480068.72,SBL-SOV-017052,SEC.BOND.5Y,1205,2023-11-10,2028-10-14,2028-10-14,0.2163,FIXED,480068.72,BR-001,7,GHGGB6884981
SECURITY.POSITION/3006290,SECURITY_HOLDING,GHS,67001.97,67001.97,SBL-SOV-017052,SEC.BOND.5Y,1205,2021-10-23,2026-09-27,2026-09-27,0.2148,FIXED,67001.97,BR-001,7,GHGGB6452679
SECURITY.POSITION/3006291,SECURITY_HOLDING,GHS,222176.74,222176.74,SBL-SOV-017052,SEC.BOND.5Y,1205,2023-09-10,2028-08-14,2028-08-14,0.2142,FIXED,222176.74,BR-001,7,GHGGB6327862
SECURITY.POSITION/3006292,SECURITY_HOLDING,GHS,63156.69,63156.69,SBL-SOV-017052,SEC.BOND.5Y,1205,2025-05-03,2030-04-07,2030-04-07,0.2149,FIXED,63156.69,BR-001,7,GHGGB4665452
SECURITY.POSITION/3006316,SECURITY_HOLDING,GHS,913839.91,913839.91,SBL-SOV-017052,SEC.TBILL.364,1203,2025-08-04,2026-07-30,2026-07-30,0.1879,FIXED,913839.91,BR-001,6,GHGGB6412222
SECURITY.POSITION/3006317,SECURITY_HOLDING,GHS,2291435.29,2291435.29,SBL-SOV-017052,SEC.TBILL.364,1203,2025-10-08,2026-10-03,2026-10-03,0.1822,FIXED,2291435.29,BR-001,6,GHGGB5545972
SECURITY.POSITION/3006318,SECURITY_HOLDING,GHS,2797646.93,2797646.93,SBL-SOV-017052,SEC.TBILL.364,1203,2025-10-14,2026-10-09,2026-10-09,0.1871,FIXED,2797646.93,BR-001,6,GHGGB7887696
SECURITY.POSITION/3006320,SECURITY_HOLDING,GHS,2280583.90,2280583.90,SBL-SOV-017052,SEC.TBILL.364,1203,2025-08-28,2026-08-23,2026-08-23,0.1925,FIXED,2280583.90,BR-001,6,GHGGB6485400
SECURITY.POSITION/3006321,SECURITY_HOLDING,GHS,285354.94,285354.94,SBL-SOV-017052,SEC.TBILL.364,1203,2025-12-13,2026-12-08,2026-12-08,0.1899,FIXED,285354.94,BR-001,6,GHGGB6698088
SECURITY.POSITION/3006322,SECURITY_HOLDING,GHS,658220.09,658220.09,SBL-SOV-017052,SEC.TBILL.364,1203,2025-12-12,2026-12-07,2026-12-07,0.1851,FIXED,658220.09,BR-001,6,GHGGB7257068
SECURITY.POSITION/3006323,SECURITY_HOLDING,GHS,3406063.96,3406063.96,SBL-SOV-017052,SEC.TBILL.364,1203,2025-08-21,2026-08-16,2026-08-16,0.1869,FIXED,3406063.96,BR-001,6,GHGGB9576018
SECURITY.POSITION/3006324,SECURITY_HOLDING,GHS,2024151.19,2024151.19,SBL-SOV-017052,SEC.TBILL.364,1203,2025-09-12,2026-09-07,2026-09-07,0.1819,FIXED,2024151.19,BR-001,6,GHGGB6634252
SECURITY.POSITION/3006325,SECURITY_HOLDING,GHS,2749850.62,2749850.62,SBL-SOV-017052,SEC.TBILL.364,1203,2025-12-18,2026-12-13,2026-12-13,0.1848,FIXED,2749850.62,BR-001,6,GHGGB5156691
SECURITY.POSITION/3006327,SECURITY_HOLDING,GHS,772076.86,772076.86,SBL-SOV-017052,SEC.BOND.2Y,1204,2024-07-25,2026-07-15,2026-07-15,0.1911,FIXED,772076.86,BR-001,6,GHGGB3194199
SECURITY.POSITION/3006328,SECURITY_HOLDING,GHS,2226659.12,2226659.12,SBL-SOV-017052,SEC.BOND.2Y,1204,2025-05-09,2027-04-29,2027-04-29,0.1956,FIXED,2226659.12,BR-001,6,GHGGB3861076
SECURITY.POSITION/3006329,SECURITY_HOLDING,GHS,439346.66,439346.66,SBL-SOV-017052,SEC.BOND.2Y,1204,2025-12-07,2027-11-27,2027-11-27,0.1975,FIXED,439346.66,BR-001,6,GHGGB4693809
SECURITY.POSITION/3006331,SECURITY_HOLDING,GHS,497160.54,497160.54,SBL-SOV-017052,SEC.BOND.2Y,1204,2025-09-27,2027-09-17,2027-09-17,0.1921,FIXED,497160.54,BR-001,6,GHGGB6452050
SECURITY.POSITION/3006332,SECURITY_HOLDING,GHS,1767529.94,1767529.94,SBL-SOV-017052,SEC.BOND.2Y,1204,2025-03-14,2027-03-04,2027-03-04,0.1923,FIXED,1767529.94,BR-001,6,GHGGB5407477
SECURITY.POSITION/3006334,SECURITY_HOLDING,GHS,1309496.77,1309496.77,SBL-SOV-017052,SEC.BOND.5Y,1205,2024-09-02,2029-08-07,2029-08-07,0.2175,FIXED,1309496.77,BR-001,6,GHGGB3856517
SECURITY.POSITION/3006335,SECURITY_HOLDING,GHS,1977000.90,1977000.90,SBL-SOV-017052,SEC.BOND.5Y,1205,2022-11-20,2027-10-25,2027-10-25,0.2159,FIXED,1977000.90,BR-001,6,GHGGB3603072
SECURITY.POSITION/3006336,SECURITY_HOLDING,GHS,1126349.53,1126349.53,SBL-SOV-017052,SEC.BOND.5Y,1205,2024-08-23,2029-07-28,2029-07-28,0.2232,FIXED,1126349.53,BR-001,6,GHGGB8341977
SECURITY.POSITION/3006337,SECURITY_HOLDING,GHS,1665070.30,1665070.30,SBL-SOV-017052,SEC.BOND.5Y,1205,2022-09-22,2027-08-27,2027-08-27,0.2185,FIXED,1665070.30,BR-001,6,GHGGB4176335
SECURITY.POSITION/3006338,SECURITY_HOLDING,GHS,1158787.63,1158787.63,SBL-SOV-017052,SEC.BOND.5Y,1205,2025-03-22,2030-02-24,2030-02-24,0.2175,FIXED,1158787.63,BR-001,6,GHGGB1108408
SECURITY.POSITION/3006339,SECURITY_HOLDING,GHS,1175520.25,1175520.25,SBL-SOV-017052,SEC.BOND.5Y,1205,2022-11-07,2027-10-12,2027-10-12,0.2172,FIXED,1175520.25,BR-001,6,GHGGB7119977
SECURITY.POSITION/3006340,SECURITY_HOLDING,GHS,474812.99,474812.99,SBL-SOV-017052,SEC.BOND.10Y,1206,2020-07-15,2030-05-24,2030-05-24,0.2377,FIXED,474812.99,BR-001,6,GHGGB4541625
SECURITY.POSITION/3006341,SECURITY_HOLDING,GHS,1192401.40,1192401.40,SBL-SOV-017052,SEC.BOND.10Y,1206,2023-02-09,2032-12-18,2032-12-18,0.2369,FIXED,1192401.40,BR-001,6,GHGGB2021497
SECURITY.POSITION/3006342,SECURITY_HOLDING,GHS,260869.35,260869.35,SBL-SOV-017052,SEC.BOND.10Y,1206,2019-02-09,2028-12-18,2028-12-18,0.2423,FIXED,260869.35,BR-001,6,GHGGB3368609
SECURITY.POSITION/3006343,SECURITY_HOLDING,GHS,1116805.11,1116805.11,SBL-SOV-017052,SEC.BOND.10Y,1206,2021-04-14,2031-02-21,2031-02-21,0.2427,FIXED,1116805.11,BR-001,6,GHGGB3507166
SECURITY.POSITION/3006344,SECURITY_HOLDING,GHS,605927.55,605927.55,SBL-SOV-017052,SEC.BOND.10Y,1206,2018-06-15,2028-04-23,2028-04-23,0.2414,FIXED,605927.55,BR-001,6,GHGGB2835362
SECURITY.POSITION/3006345,SECURITY_HOLDING,GHS,908944.95,908944.95,SBL-SOV-017052,SEC.BOND.10Y,1206,2022-07-27,2032-06-04,2032-06-04,0.2452,FIXED,908944.95,BR-001,6,GHGGB3974792
SECURITY.POSITION/3006346,SECURITY_HOLDING,GHS,806190.10,806190.10,SBL-SOV-017052,SEC.BOND.10Y,1206,2018-11-16,2028-09-24,2028-09-24,0.2383,FIXED,806190.10,BR-001,6,GHGGB4159985
SECURITY.POSITION/3006359,SECURITY_HOLDING,GHS,4426202.73,4426202.73,SBL-SOV-017052,SEC.TBILL.182,1202,2026-01-10,2026-07-09,2026-07-09,0.1732,FIXED,4426202.73,BR-001,5,GHGGB9468579
SECURITY.POSITION/3006369,SECURITY_HOLDING,GHS,37616.24,37616.24,SBL-SOV-017052,SEC.TBILL.364,1203,2025-10-26,2026-10-21,2026-10-21,0.18,FIXED,37616.24,BR-001,5,GHGGB1240572
SECURITY.POSITION/3006370,SECURITY_HOLDING,GHS,503939.09,503939.09,SBL-SOV-017052,SEC.TBILL.364,1203,2025-08-20,2026-08-15,2026-08-15,0.185,FIXED,503939.09,BR-001,5,GHGGB4893727
SECURITY.POSITION/3006371,SECURITY_HOLDING,GHS,293586.61,293586.61,SBL-SOV-017052,SEC.TBILL.364,1203,2025-11-22,2026-11-17,2026-11-17,0.1848,FIXED,293586.61,BR-001,5,GHGGB4153107
SECURITY.POSITION/3006373,SECURITY_HOLDING,GHS,120344.52,120344.52,SBL-SOV-017052,SEC.TBILL.364,1203,2025-09-08,2026-09-03,2026-09-03,0.1871,FIXED,120344.52,BR-001,5,GHGGB7670847
SECURITY.POSITION/3006375,SECURITY_HOLDING,GHS,311743.94,311743.94,SBL-SOV-017052,SEC.TBILL.364,1203,2025-11-15,2026-11-10,2026-11-10,0.19,FIXED,311743.94,BR-001,5,GHGGB8193233
SECURITY.POSITION/3006376,SECURITY_HOLDING,GHS,165614.93,165614.93,SBL-SOV-017052,SEC.TBILL.364,1203,2025-11-16,2026-11-11,2026-11-11,0.1871,FIXED,165614.93,BR-001,5,GHGGB3938183
SECURITY.POSITION/3006377,SECURITY_HOLDING,GHS,337875.07,337875.07,SBL-SOV-017052,SEC.TBILL.364,1203,2025-09-03,2026-08-29,2026-08-29,0.1798,FIXED,337875.07,BR-001,5,GHGGB3516656
SECURITY.POSITION/3006379,SECURITY_HOLDING,GHS,221113.12,221113.12,SBL-SOV-017052,SEC.TBILL.364,1203,2025-08-21,2026-08-16,2026-08-16,0.1846,FIXED,221113.12,BR-001,5,GHGGB1268454
SECURITY.POSITION/3006380,SECURITY_HOLDING,GHS,711233.57,711233.57,SBL-SOV-017052,SEC.BOND.2Y,1204,2025-09-23,2027-09-13,2027-09-13,0.1878,FIXED,711233.57,BR-001,5,GHGGB7988800
SECURITY.POSITION/3006382,SECURITY_HOLDING,GHS,1101280.18,1101280.18,SBL-SOV-017052,SEC.BOND.2Y,1204,2025-08-10,2027-07-31,2027-07-31,0.1926,FIXED,1101280.18,BR-001,5,GHGGB8642002
SECURITY.POSITION/3006383,SECURITY_HOLDING,GHS,939958.28,939958.28,SBL-SOV-017052,SEC.BOND.2Y,1204,2024-10-05,2026-09-25,2026-09-25,0.1942,FIXED,939958.28,BR-001,5,GHGGB2577303
SECURITY.POSITION/3006384,SECURITY_HOLDING,GHS,1074838.93,1074838.93,SBL-SOV-017052,SEC.BOND.2Y,1204,2024-08-16,2026-08-06,2026-08-06,0.1903,FIXED,1074838.93,BR-001,5,GHGGB2251669
SECURITY.POSITION/3006386,SECURITY_HOLDING,GHS,601158.92,601158.92,SBL-SOV-017052,SEC.BOND.2Y,1204,2025-09-17,2027-09-07,2027-09-07,0.1863,FIXED,601158.92,BR-001,5,GHGGB2883491
SECURITY.POSITION/3006387,SECURITY_HOLDING,GHS,879646.46,879646.46,SBL-SOV-017052,SEC.BOND.2Y,1204,2025-05-03,2027-04-23,2027-04-23,0.1914,FIXED,879646.46,BR-001,5,GHGGB1643371
SECURITY.POSITION/3006388,SECURITY_HOLDING,GHS,803468.58,803468.58,SBL-SOV-017052,SEC.BOND.2Y,1204,2025-12-16,2027-12-06,2027-12-06,0.1875,FIXED,803468.58,BR-001,5,GHGGB4114675
SECURITY.POSITION/3006389,SECURITY_HOLDING,GHS,95340.39,95340.39,SBL-SOV-017052,SEC.BOND.5Y,1205,2025-01-15,2029-12-20,2029-12-20,0.2171,FIXED,95340.39,BR-001,5,GHGGB9199880
SECURITY.POSITION/3006391,SECURITY_HOLDING,GHS,11714.31,11714.31,SBL-SOV-017052,SEC.BOND.5Y,1205,2023-08-05,2028-07-09,2028-07-09,0.221,FIXED,11714.31,BR-001,5,GHGGB3503017
SECURITY.POSITION/3006392,SECURITY_HOLDING,GHS,244369.84,244369.84,SBL-SOV-017052,SEC.BOND.5Y,1205,2024-01-31,2029-01-04,2029-01-04,0.2238,FIXED,244369.84,BR-001,5,GHGGB6779009
SECURITY.POSITION/3006393,SECURITY_HOLDING,GHS,151365.02,151365.02,SBL-SOV-017052,SEC.BOND.5Y,1205,2024-05-09,2029-04-13,2029-04-13,0.2206,FIXED,151365.02,BR-001,5,GHGGB5491548
SECURITY.POSITION/3006394,SECURITY_HOLDING,GHS,112627.65,112627.65,SBL-SOV-017052,SEC.BOND.5Y,1205,2022-11-28,2027-11-02,2027-11-02,0.2238,FIXED,112627.65,BR-001,5,GHGGB3842551
SECURITY.POSITION/3006395,SECURITY_HOLDING,GHS,97437.36,97437.36,SBL-SOV-017052,SEC.BOND.5Y,1205,2022-02-20,2027-01-25,2027-01-25,0.2282,FIXED,97437.36,BR-001,5,GHGGB3285973
SECURITY.POSITION/3006396,SECURITY_HOLDING,GHS,27088.61,27088.61,SBL-SOV-017052,SEC.BOND.5Y,1205,2024-03-31,2029-03-05,2029-03-05,0.2209,FIXED,27088.61,BR-001,5,GHGGB4455990
SECURITY.POSITION/3006397,SECURITY_HOLDING,GHS,29573.76,29573.76,SBL-SOV-017052,SEC.BOND.5Y,1205,2024-09-30,2029-09-04,2029-09-04,0.2273,FIXED,29573.76,BR-001,5,GHGGB9751714
SECURITY.POSITION/3006398,SECURITY_HOLDING,GHS,162447.72,162447.72,SBL-SOV-017052,SEC.BOND.10Y,1206,2017-09-17,2027-07-27,2027-07-27,0.2399,FIXED,162447.72,BR-001,5,GHGGB7368792
SECURITY.POSITION/3006399,SECURITY_HOLDING,GHS,296936.10,296936.10,SBL-SOV-017052,SEC.BOND.10Y,1206,2023-07-05,2033-05-13,2033-05-13,0.2449,FIXED,296936.10,BR-001,5,GHGGB7505879
SECURITY.POSITION/3006400,SECURITY_HOLDING,GHS,67296.73,67296.73,SBL-SOV-017052,SEC.BOND.10Y,1206,2017-04-22,2027-03-01,2027-03-01,0.2389,FIXED,67296.73,BR-001,5,GHGGB9135147
SECURITY.POSITION/3006401,SECURITY_HOLDING,GHS,284279.69,284279.69,SBL-SOV-017052,SEC.BOND.10Y,1206,2018-08-17,2028-06-25,2028-06-25,0.238,FIXED,284279.69,BR-001,5,GHGGB9505257
SECURITY.POSITION/3006402,SECURITY_HOLDING,GHS,326775.44,326775.44,SBL-SOV-017052,SEC.BOND.10Y,1206,2018-11-19,2028-09-27,2028-09-27,0.2317,FIXED,326775.44,BR-001,5,GHGGB5489954
SECURITY.POSITION/3006403,SECURITY_HOLDING,GHS,300528.43,300528.43,SBL-SOV-017052,SEC.BOND.10Y,1206,2020-04-28,2030-03-07,2030-03-07,0.2406,FIXED,300528.43,BR-001,5,GHGGB9597023
SECURITY.POSITION/3006404,SECURITY_HOLDING,GHS,257033.06,257033.06,SBL-SOV-017052,SEC.BOND.10Y,1206,2018-10-18,2028-08-26,2028-08-26,0.2387,FIXED,257033.06,BR-001,5,GHGGB2746172
SECURITY.POSITION/3006421,SECURITY_HOLDING,GHS,1081773.62,1081773.62,SBL-SOV-017052,SEC.TBILL.364,1203,2025-09-02,2026-08-28,2026-08-28,0.1793,FIXED,1081773.62,BR-001,4,GHGGB8840166
SECURITY.POSITION/3006422,SECURITY_HOLDING,GHS,2611740.90,2611740.90,SBL-SOV-017052,SEC.TBILL.364,1203,2026-01-23,2027-01-18,2027-01-18,0.173,FIXED,2611740.90,BR-001,4,GHGGB8308593
SECURITY.POSITION/3006423,SECURITY_HOLDING,GHS,950622.42,950622.42,SBL-SOV-017052,SEC.TBILL.364,1203,2025-11-11,2026-11-06,2026-11-06,0.1763,FIXED,950622.42,BR-001,4,GHGGB4941980
SECURITY.POSITION/3006424,SECURITY_HOLDING,GHS,969556.73,969556.73,SBL-SOV-017052,SEC.TBILL.364,1203,2025-08-30,2026-08-25,2026-08-25,0.1803,FIXED,969556.73,BR-001,4,GHGGB8046919
SECURITY.POSITION/3006425,SECURITY_HOLDING,GHS,1812423.78,1812423.78,SBL-SOV-017052,SEC.TBILL.364,1203,2025-07-22,2026-07-17,2026-07-17,0.1799,FIXED,1812423.78,BR-001,4,GHGGB9945574
SECURITY.POSITION/3006427,SECURITY_HOLDING,GHS,1343839.18,1343839.18,SBL-SOV-017052,SEC.TBILL.364,1203,2025-11-01,2026-10-27,2026-10-27,0.1744,FIXED,1343839.18,BR-001,4,GHGGB4606168
SECURITY.POSITION/3006428,SECURITY_HOLDING,GHS,456615.31,456615.31,SBL-SOV-017052,SEC.BOND.2Y,1204,2025-04-06,2027-03-27,2027-03-27,0.1944,FIXED,456615.31,BR-001,4,GHGGB4562605
SECURITY.POSITION/3006429,SECURITY_HOLDING,GHS,369897.56,369897.56,SBL-SOV-017052,SEC.BOND.2Y,1204,2024-11-20,2026-11-10,2026-11-10,0.1929,FIXED,369897.56,BR-001,4,GHGGB7974503
SECURITY.POSITION/3006430,SECURITY_HOLDING,GHS,430485.80,430485.80,SBL-SOV-017052,SEC.BOND.2Y,1204,2025-07-26,2027-07-16,2027-07-16,0.1936,FIXED,430485.80,BR-001,4,GHGGB2752763
SECURITY.POSITION/3006431,SECURITY_HOLDING,GHS,758904.80,758904.80,SBL-SOV-017052,SEC.BOND.2Y,1204,2025-12-03,2027-11-23,2027-11-23,0.1952,FIXED,758904.80,BR-001,4,GHGGB4304843
SECURITY.POSITION/3006432,SECURITY_HOLDING,GHS,341385.61,341385.61,SBL-SOV-017052,SEC.BOND.2Y,1204,2025-09-28,2027-09-18,2027-09-18,0.1943,FIXED,341385.61,BR-001,4,GHGGB9102053
SECURITY.POSITION/3006433,SECURITY_HOLDING,GHS,1324752.02,1324752.02,SBL-SOV-017052,SEC.BOND.2Y,1204,2025-07-15,2027-07-05,2027-07-05,0.193,FIXED,1324752.02,BR-001,4,GHGGB6335158
SECURITY.POSITION/3006436,SECURITY_HOLDING,GHS,295857.52,295857.52,SBL-SOV-017052,SEC.BOND.2Y,1204,2024-12-10,2026-11-30,2026-11-30,0.1933,FIXED,295857.52,BR-001,4,GHGGB4846921
SECURITY.POSITION/3006437,SECURITY_HOLDING,GHS,593903.79,593903.79,SBL-SOV-017052,SEC.BOND.2Y,1204,2025-05-17,2027-05-07,2027-05-07,0.1981,FIXED,593903.79,BR-001,4,GHGGB6091177
SECURITY.POSITION/3006438,SECURITY_HOLDING,GHS,258361.65,258361.65,SBL-SOV-017052,SEC.BOND.2Y,1204,2026-01-17,2028-01-07,2028-01-07,0.1885,FIXED,258361.65,BR-001,4,GHGGB5888937
SECURITY.POSITION/3006440,SECURITY_HOLDING,GHS,311457.71,311457.71,SBL-SOV-017052,SEC.BOND.2Y,1204,2025-10-31,2027-10-21,2027-10-21,0.198,FIXED,311457.71,BR-001,4,GHGGB8961509
SECURITY.POSITION/3006441,SECURITY_HOLDING,GHS,628248.14,628248.14,SBL-SOV-017052,SEC.BOND.5Y,1205,2023-07-19,2028-06-22,2028-06-22,0.225,FIXED,628248.14,BR-001,4,GHGGB3704611
SECURITY.POSITION/3006442,SECURITY_HOLDING,GHS,199225.11,199225.11,SBL-SOV-017052,SEC.BOND.5Y,1205,2023-11-07,2028-10-11,2028-10-11,0.2174,FIXED,199225.11,BR-001,4,GHGGB5074212
SECURITY.POSITION/3006443,SECURITY_HOLDING,GHS,314005.52,314005.52,SBL-SOV-017052,SEC.BOND.5Y,1205,2021-12-06,2026-11-10,2026-11-10,0.2211,FIXED,314005.52,BR-001,4,GHGGB2505880
SECURITY.POSITION/3006444,SECURITY_HOLDING,GHS,1051361.12,1051361.12,SBL-SOV-017052,SEC.BOND.5Y,1205,2022-11-24,2027-10-29,2027-10-29,0.2158,FIXED,1051361.12,BR-001,4,GHGGB4997022
SECURITY.POSITION/3006445,SECURITY_HOLDING,GHS,352229.03,352229.03,SBL-SOV-017052,SEC.BOND.5Y,1205,2024-07-12,2029-06-16,2029-06-16,0.2179,FIXED,352229.03,BR-001,4,GHGGB6878261
SECURITY.POSITION/3006446,SECURITY_HOLDING,GHS,745503.69,745503.69,SBL-SOV-017052,SEC.BOND.5Y,1205,2023-12-11,2028-11-14,2028-11-14,0.215,FIXED,745503.69,BR-001,4,GHGGB6562825
SECURITY.POSITION/3006447,SECURITY_HOLDING,GHS,1947948.98,1947948.98,SBL-SOV-017052,SEC.BOND.5Y,1205,2022-09-01,2027-08-06,2027-08-06,0.2191,FIXED,1947948.98,BR-001,4,GHGGB4188211
SECURITY.POSITION/3006448,SECURITY_HOLDING,GHS,1995927.99,1995927.99,SBL-SOV-017052,SEC.BOND.5Y,1205,2023-02-16,2028-01-21,2028-01-21,0.2206,FIXED,1995927.99,BR-001,4,GHGGB9552737
SECURITY.POSITION/3006449,SECURITY_HOLDING,GHS,439219.99,439219.99,SBL-SOV-017052,SEC.BOND.10Y,1206,2019-09-14,2029-07-23,2029-07-23,0.2442,FIXED,439219.99,BR-001,4,GHGGB1898179
SECURITY.POSITION/3006450,SECURITY_HOLDING,GHS,1411669.06,1411669.06,SBL-SOV-017052,SEC.BOND.10Y,1206,2017-09-05,2027-07-15,2027-07-15,0.2375,FIXED,1411669.06,BR-001,4,GHGGB8703774
SECURITY.POSITION/3006451,SECURITY_HOLDING,GHS,1083020.24,1083020.24,SBL-SOV-017052,SEC.BOND.10Y,1206,2022-12-17,2032-10-25,2032-10-25,0.2413,FIXED,1083020.24,BR-001,4,GHGGB3032722
SECURITY.POSITION/3006452,SECURITY_HOLDING,GHS,734340.67,734340.67,SBL-SOV-017052,SEC.BOND.10Y,1206,2020-06-03,2030-04-12,2030-04-12,0.2338,FIXED,734340.67,BR-001,4,GHGGB9590148
SECURITY.POSITION/3006453,SECURITY_HOLDING,GHS,984342.36,984342.36,SBL-SOV-017052,SEC.BOND.10Y,1206,2019-02-01,2028-12-10,2028-12-10,0.2421,FIXED,984342.36,BR-001,4,GHGGB3535816
SECURITY.POSITION/3006454,SECURITY_HOLDING,GHS,1281901.16,1281901.16,SBL-SOV-017052,SEC.BOND.10Y,1206,2024-12-01,2034-10-10,2034-10-10,0.2409,FIXED,1281901.16,BR-001,4,GHGGB4535413
SECURITY.POSITION/3006468,SECURITY_HOLDING,GHS,2278563.47,2278563.47,SBL-SOV-017052,SEC.TBILL.182,1202,2026-01-06,2026-07-05,2026-07-05,0.1753,FIXED,2278563.47,BR-001,3,GHGGB6917937
SECURITY.POSITION/3006470,SECURITY_HOLDING,GHS,338005.42,338005.42,SBL-SOV-017052,SEC.TBILL.182,1202,2026-02-16,2026-08-15,2026-08-15,0.1754,FIXED,338005.42,BR-001,3,GHGGB8019687
SECURITY.POSITION/3006473,SECURITY_HOLDING,GHS,2183125.84,2183125.84,SBL-SOV-017052,SEC.TBILL.182,1202,2026-03-03,2026-08-30,2026-08-30,0.1693,FIXED,2183125.84,BR-001,3,GHGGB5964145
SECURITY.POSITION/3006476,SECURITY_HOLDING,GHS,785129.31,785129.31,SBL-SOV-017052,SEC.TBILL.182,1202,2026-03-09,2026-09-05,2026-09-05,0.1765,FIXED,785129.31,BR-001,3,GHGGB7380934
SECURITY.POSITION/3006478,SECURITY_HOLDING,GHS,2783738.27,2783738.27,SBL-SOV-017052,SEC.TBILL.182,1202,2026-03-25,2026-09-21,2026-09-21,0.1737,FIXED,2783738.27,BR-001,3,GHGGB2899853
SECURITY.POSITION/3006480,SECURITY_HOLDING,GHS,5389123.62,5389123.62,SBL-SOV-017052,SEC.TBILL.364,1203,2026-02-27,2027-02-22,2027-02-22,0.1881,FIXED,5389123.62,BR-001,3,GHGGB1359294
SECURITY.POSITION/3006482,SECURITY_HOLDING,GHS,5424006.89,5424006.89,SBL-SOV-017052,SEC.TBILL.364,1203,2025-09-12,2026-09-07,2026-09-07,0.1875,FIXED,5424006.89,BR-001,3,GHGGB6326787
SECURITY.POSITION/3006483,SECURITY_HOLDING,GHS,4537583.08,4537583.08,SBL-SOV-017052,SEC.TBILL.364,1203,2025-09-06,2026-09-01,2026-09-01,0.1854,FIXED,4537583.08,BR-001,3,GHGGB1574430
SECURITY.POSITION/3006484,SECURITY_HOLDING,GHS,427771.05,427771.05,SBL-SOV-017052,SEC.TBILL.364,1203,2025-07-16,2026-07-11,2026-07-11,0.1879,FIXED,427771.05,BR-001,3,GHGGB9801952
SECURITY.POSITION/3006486,SECURITY_HOLDING,GHS,1006327.33,1006327.33,SBL-SOV-017052,SEC.TBILL.364,1203,2025-09-12,2026-09-07,2026-09-07,0.1805,FIXED,1006327.33,BR-001,3,GHGGB6063292
SECURITY.POSITION/3006487,SECURITY_HOLDING,GHS,1194709.57,1194709.57,SBL-SOV-017052,SEC.TBILL.364,1203,2025-11-14,2026-11-09,2026-11-09,0.1863,FIXED,1194709.57,BR-001,3,GHGGB7518759
SECURITY.POSITION/3006488,SECURITY_HOLDING,GHS,2752926.28,2752926.28,SBL-SOV-017052,SEC.TBILL.364,1203,2026-01-16,2027-01-11,2027-01-11,0.1881,FIXED,2752926.28,BR-001,3,GHGGB2510772
SECURITY.POSITION/3006489,SECURITY_HOLDING,GHS,648932.86,648932.86,SBL-SOV-017052,SEC.BOND.2Y,1204,2025-07-09,2027-06-29,2027-06-29,0.1953,FIXED,648932.86,BR-001,3,GHGGB6281657
SECURITY.POSITION/3006490,SECURITY_HOLDING,GHS,1397248.01,1397248.01,SBL-SOV-017052,SEC.BOND.2Y,1204,2024-11-05,2026-10-26,2026-10-26,0.1925,FIXED,1397248.01,BR-001,3,GHGGB5951256
SECURITY.POSITION/3006491,SECURITY_HOLDING,GHS,793885.85,793885.85,SBL-SOV-017052,SEC.BOND.2Y,1204,2025-04-30,2027-04-20,2027-04-20,0.1948,FIXED,793885.85,BR-001,3,GHGGB8457038
SECURITY.POSITION/3006492,SECURITY_HOLDING,GHS,1026876.98,1026876.98,SBL-SOV-017052,SEC.BOND.2Y,1204,2025-08-02,2027-07-23,2027-07-23,0.1888,FIXED,1026876.98,BR-001,3,GHGGB3892988
SECURITY.POSITION/3006493,SECURITY_HOLDING,GHS,496445.87,496445.87,SBL-SOV-017052,SEC.BOND.2Y,1204,2025-07-20,2027-07-10,2027-07-10,0.1959,FIXED,496445.87,BR-001,3,GHGGB1867124
SECURITY.POSITION/3006494,SECURITY_HOLDING,GHS,836617.99,836617.99,SBL-SOV-017052,SEC.BOND.2Y,1204,2024-10-01,2026-09-21,2026-09-21,0.1915,FIXED,836617.99,BR-001,3,GHGGB5302644
SECURITY.POSITION/3006495,SECURITY_HOLDING,GHS,28719.68,28719.68,SBL-SOV-017052,SEC.BOND.2Y,1204,2026-03-30,2028-03-19,2028-03-19,0.1946,FIXED,28719.68,BR-001,3,GHGGB2970414
SECURITY.POSITION/3006496,SECURITY_HOLDING,GHS,365960.20,365960.20,SBL-SOV-017052,SEC.BOND.2Y,1204,2024-12-27,2026-12-17,2026-12-17,0.1979,FIXED,365960.20,BR-001,3,GHGGB8359700
SECURITY.POSITION/3006497,SECURITY_HOLDING,GHS,674409.37,674409.37,SBL-SOV-017052,SEC.BOND.5Y,1205,2022-01-07,2026-12-12,2026-12-12,0.2229,FIXED,674409.37,BR-001,3,GHGGB1323658
SECURITY.POSITION/3006498,SECURITY_HOLDING,GHS,1695203.10,1695203.10,SBL-SOV-017052,SEC.BOND.5Y,1205,2024-02-15,2029-01-19,2029-01-19,0.2187,FIXED,1695203.10,BR-001,3,GHGGB8216733
SECURITY.POSITION/3006500,SECURITY_HOLDING,GHS,1202639.83,1202639.83,SBL-SOV-017052,SEC.BOND.5Y,1205,2023-08-13,2028-07-17,2028-07-17,0.2187,FIXED,1202639.83,BR-001,3,GHGGB1038218
SECURITY.POSITION/3006501,SECURITY_HOLDING,GHS,690238.78,690238.78,SBL-SOV-017052,SEC.BOND.5Y,1205,2025-02-05,2030-01-10,2030-01-10,0.2232,FIXED,690238.78,BR-001,3,GHGGB5562215
SECURITY.POSITION/3006502,SECURITY_HOLDING,GHS,529203.02,529203.02,SBL-SOV-017052,SEC.BOND.5Y,1205,2021-09-25,2026-08-30,2026-08-30,0.2241,FIXED,529203.02,BR-001,3,GHGGB1191676
SECURITY.POSITION/3006503,SECURITY_HOLDING,GHS,311986.12,311986.12,SBL-SOV-017052,SEC.BOND.5Y,1205,2023-04-11,2028-03-15,2028-03-15,0.2218,FIXED,311986.12,BR-001,3,GHGGB2058830
SECURITY.POSITION/3006504,SECURITY_HOLDING,GHS,155135.11,155135.11,SBL-SOV-017052,SEC.BOND.10Y,1206,2025-04-17,2035-02-24,2035-02-24,0.2352,FIXED,155135.11,BR-001,3,GHGGB8791363
SECURITY.POSITION/3006505,SECURITY_HOLDING,GHS,223891.88,223891.88,SBL-SOV-017052,SEC.BOND.10Y,1206,2024-08-13,2034-06-22,2034-06-22,0.2342,FIXED,223891.88,BR-001,3,GHGGB1208849
SECURITY.POSITION/3006506,SECURITY_HOLDING,GHS,75490.09,75490.09,SBL-SOV-017052,SEC.BOND.10Y,1206,2019-07-09,2029-05-17,2029-05-17,0.234,FIXED,75490.09,BR-001,3,GHGGB4317005
SECURITY.POSITION/3006507,SECURITY_HOLDING,GHS,246159.62,246159.62,SBL-SOV-017052,SEC.BOND.10Y,1206,2017-09-15,2027-07-25,2027-07-25,0.2325,FIXED,246159.62,BR-001,3,GHGGB8540333
SECURITY.POSITION/3006509,SECURITY_HOLDING,GHS,125552.96,125552.96,SBL-SOV-017052,SEC.BOND.10Y,1206,2019-08-25,2029-07-03,2029-07-03,0.2305,FIXED,125552.96,BR-001,3,GHGGB3007265
SECURITY.POSITION/3006510,SECURITY_HOLDING,GHS,332343.29,332343.29,SBL-SOV-017052,SEC.BOND.10Y,1206,2020-09-06,2030-07-16,2030-07-16,0.2366,FIXED,332343.29,BR-001,3,GHGGB4829549
SECURITY.POSITION/3006511,SECURITY_HOLDING,GHS,37537.66,37537.66,SBL-SOV-017052,SEC.BOND.10Y,1206,2023-11-27,2033-10-05,2033-10-05,0.2399,FIXED,37537.66,BR-001,3,GHGGB4872477
SECURITY.POSITION/3006512,SECURITY_HOLDING,GHS,175443.78,175443.78,SBL-SOV-017052,SEC.BOND.10Y,1206,2021-01-11,2030-11-20,2030-11-20,0.2351,FIXED,175443.78,BR-001,3,GHGGB8962299
SECURITY.POSITION/3006513,SECURITY_HOLDING,GHS,87006.89,87006.89,SBL-SOV-017052,SEC.BOND.10Y,1206,2025-08-28,2035-07-07,2035-07-07,0.2346,FIXED,87006.89,BR-001,3,GHGGB2876655
SECURITY.POSITION/3006514,SECURITY_HOLDING,GHS,32667.84,32667.84,SBL-SOV-017052,SEC.BOND.10Y,1206,2018-08-04,2028-06-12,2028-06-12,0.241,FIXED,32667.84,BR-001,3,GHGGB5153731
SECURITY.POSITION/3006515,SECURITY_HOLDING,GHS,54442.04,54442.04,SBL-SOV-017052,SEC.BOND.10Y,1206,2019-07-20,2029-05-28,2029-05-28,0.2338,FIXED,54442.04,BR-001,3,GHGGB1718122
SECURITY.POSITION/3006516,SECURITY_HOLDING,GHS,113243.01,113243.01,SBL-SOV-017052,SEC.BOND.10Y,1206,2017-04-01,2027-02-08,2027-02-08,0.2386,FIXED,113243.01,BR-001,3,GHGGB8315720
SECURITY.POSITION/3006520,SECURITY_HOLDING,GHS,2900294.23,2900294.23,SBL-SOV-017052,SEC.TBILL.91,1201,2026-04-12,2026-07-11,2026-07-11,0.1575,FIXED,2900294.23,BR-001,2,GHGGB4289522
SECURITY.POSITION/3006521,SECURITY_HOLDING,GHS,4525360.81,4525360.81,SBL-SOV-017052,SEC.TBILL.91,1201,2026-04-20,2026-07-19,2026-07-19,0.1558,FIXED,4525360.81,BR-001,2,GHGGB2159709
SECURITY.POSITION/3006524,SECURITY_HOLDING,GHS,1607771.87,1607771.87,SBL-SOV-017052,SEC.TBILL.91,1201,2026-04-03,2026-07-02,2026-07-02,0.1588,FIXED,1607771.87,BR-001,2,GHGGB9543914
SECURITY.POSITION/3006530,SECURITY_HOLDING,GHS,2302536.04,2302536.04,SBL-SOV-017052,SEC.TBILL.182,1202,2026-01-27,2026-07-26,2026-07-26,0.1694,FIXED,2302536.04,BR-001,2,GHGGB4238772
SECURITY.POSITION/3006531,SECURITY_HOLDING,GHS,364741.27,364741.27,SBL-SOV-017052,SEC.TBILL.182,1202,2026-03-27,2026-09-23,2026-09-23,0.1722,FIXED,364741.27,BR-001,2,GHGGB4051010
SECURITY.POSITION/3006532,SECURITY_HOLDING,GHS,705231.71,705231.71,SBL-SOV-017052,SEC.TBILL.182,1202,2026-03-22,2026-09-18,2026-09-18,0.168,FIXED,705231.71,BR-001,2,GHGGB5428277
SECURITY.POSITION/3006533,SECURITY_HOLDING,GHS,2273384.71,2273384.71,SBL-SOV-017052,SEC.TBILL.182,1202,2026-03-12,2026-09-08,2026-09-08,0.1681,FIXED,2273384.71,BR-001,2,GHGGB7493241
SECURITY.POSITION/3006534,SECURITY_HOLDING,GHS,2987539.97,2987539.97,SBL-SOV-017052,SEC.TBILL.182,1202,2026-02-20,2026-08-19,2026-08-19,0.1714,FIXED,2987539.97,BR-001,2,GHGGB7810206
SECURITY.POSITION/3006535,SECURITY_HOLDING,GHS,755402.49,755402.49,SBL-SOV-017052,SEC.TBILL.182,1202,2026-03-31,2026-09-27,2026-09-27,0.1712,FIXED,755402.49,BR-001,2,GHGGB3976201
SECURITY.POSITION/3006536,SECURITY_HOLDING,GHS,2348768.31,2348768.31,SBL-SOV-017052,SEC.TBILL.182,1202,2026-01-18,2026-07-17,2026-07-17,0.1709,FIXED,2348768.31,BR-001,2,GHGGB6156868
SECURITY.POSITION/3006537,SECURITY_HOLDING,GHS,3367813.37,3367813.37,SBL-SOV-017052,SEC.TBILL.182,1202,2026-02-16,2026-08-15,2026-08-15,0.1757,FIXED,3367813.37,BR-001,2,GHGGB7452004
SECURITY.POSITION/3006538,SECURITY_HOLDING,GHS,2775927.23,2775927.23,SBL-SOV-017052,SEC.TBILL.182,1202,2026-01-09,2026-07-08,2026-07-08,0.1748,FIXED,2775927.23,BR-001,2,GHGGB7859417
SECURITY.POSITION/3006539,SECURITY_HOLDING,GHS,2687425.17,2687425.17,SBL-SOV-017052,SEC.TBILL.182,1202,2026-04-08,2026-10-05,2026-10-05,0.1756,FIXED,2687425.17,BR-001,2,GHGGB5751913
SECURITY.POSITION/3006540,SECURITY_HOLDING,GHS,5855353.01,5855353.01,SBL-SOV-017052,SEC.TBILL.182,1202,2026-02-27,2026-08-26,2026-08-26,0.1737,FIXED,5855353.01,BR-001,2,GHGGB1163785
SECURITY.POSITION/3006541,SECURITY_HOLDING,GHS,1654224.21,1654224.21,SBL-SOV-017052,SEC.TBILL.182,1202,2026-02-23,2026-08-22,2026-08-22,0.1757,FIXED,1654224.21,BR-001,2,GHGGB7840687
SECURITY.POSITION/3006542,SECURITY_HOLDING,GHS,1612903.48,1612903.48,SBL-SOV-017052,SEC.TBILL.364,1203,2025-07-18,2026-07-13,2026-07-13,0.1813,FIXED,1612903.48,BR-001,2,GHGGB2495644
SECURITY.POSITION/3006543,SECURITY_HOLDING,GHS,483622.31,483622.31,SBL-SOV-017052,SEC.TBILL.364,1203,2026-03-15,2027-03-10,2027-03-10,0.1893,FIXED,483622.31,BR-001,2,GHGGB4317237
SECURITY.POSITION/3006544,SECURITY_HOLDING,GHS,3801113.06,3801113.06,SBL-SOV-017052,SEC.TBILL.364,1203,2025-10-31,2026-10-26,2026-10-26,0.1825,FIXED,3801113.06,BR-001,2,GHGGB5125682
SECURITY.POSITION/3006545,SECURITY_HOLDING,GHS,3803747.29,3803747.29,SBL-SOV-017052,SEC.TBILL.364,1203,2026-04-29,2027-04-24,2027-04-24,0.1833,FIXED,3803747.29,BR-001,2,GHGGB2154784
SECURITY.POSITION/3006546,SECURITY_HOLDING,GHS,2480275.36,2480275.36,SBL-SOV-017052,SEC.TBILL.364,1203,2025-09-08,2026-09-03,2026-09-03,0.1859,FIXED,2480275.36,BR-001,2,GHGGB2846920
SECURITY.POSITION/3006547,SECURITY_HOLDING,GHS,708315.94,708315.94,SBL-SOV-017052,SEC.TBILL.364,1203,2026-01-21,2027-01-16,2027-01-16,0.19,FIXED,708315.94,BR-001,2,GHGGB6301776
SECURITY.POSITION/3006548,SECURITY_HOLDING,GHS,4214993.72,4214993.72,SBL-SOV-017052,SEC.TBILL.364,1203,2025-11-19,2026-11-14,2026-11-14,0.1863,FIXED,4214993.72,BR-001,2,GHGGB5162449
SECURITY.POSITION/3006549,SECURITY_HOLDING,GHS,287236.42,287236.42,SBL-SOV-017052,SEC.BOND.2Y,1204,2025-04-25,2027-04-15,2027-04-15,0.1954,FIXED,287236.42,BR-001,2,GHGGB3332284
SECURITY.POSITION/3006550,SECURITY_HOLDING,GHS,402808.56,402808.56,SBL-SOV-017052,SEC.BOND.2Y,1204,2024-08-16,2026-08-06,2026-08-06,0.1944,FIXED,402808.56,BR-001,2,GHGGB7726212
SECURITY.POSITION/3006551,SECURITY_HOLDING,GHS,459916.89,459916.89,SBL-SOV-017052,SEC.BOND.2Y,1204,2024-11-27,2026-11-17,2026-11-17,0.191,FIXED,459916.89,BR-001,2,GHGGB2760306
SECURITY.POSITION/3006552,SECURITY_HOLDING,GHS,185971.86,185971.86,SBL-SOV-017052,SEC.BOND.2Y,1204,2026-02-16,2028-02-06,2028-02-06,0.1943,FIXED,185971.86,BR-001,2,GHGGB3918287
SECURITY.POSITION/3006553,SECURITY_HOLDING,GHS,1116785.90,1116785.90,SBL-SOV-017052,SEC.BOND.2Y,1204,2025-04-15,2027-04-05,2027-04-05,0.1902,FIXED,1116785.90,BR-001,2,GHGGB6052074
SECURITY.POSITION/3006554,SECURITY_HOLDING,GHS,206603.69,206603.69,SBL-SOV-017052,SEC.BOND.2Y,1204,2025-08-05,2027-07-26,2027-07-26,0.1917,FIXED,206603.69,BR-001,2,GHGGB1953834
SECURITY.POSITION/3006555,SECURITY_HOLDING,GHS,254212.43,254212.43,SBL-SOV-017052,SEC.BOND.2Y,1204,2025-09-30,2027-09-20,2027-09-20,0.1991,FIXED,254212.43,BR-001,2,GHGGB6518963
SECURITY.POSITION/3006556,SECURITY_HOLDING,GHS,454697.38,454697.38,SBL-SOV-017052,SEC.BOND.2Y,1204,2025-06-06,2027-05-27,2027-05-27,0.1945,FIXED,454697.38,BR-001,2,GHGGB2828345
SECURITY.POSITION/3006557,SECURITY_HOLDING,GHS,288555.38,288555.38,SBL-SOV-017052,SEC.BOND.2Y,1204,2026-01-03,2027-12-24,2027-12-24,0.1966,FIXED,288555.38,BR-001,2,GHGGB6283766
SECURITY.POSITION/3006558,SECURITY_HOLDING,GHS,265661.07,265661.07,SBL-SOV-017052,SEC.BOND.2Y,1204,2024-08-12,2026-08-02,2026-08-02,0.1989,FIXED,265661.07,BR-001,2,GHGGB8099975
SECURITY.POSITION/3006559,SECURITY_HOLDING,GHS,316334.25,316334.25,SBL-SOV-017052,SEC.BOND.2Y,1204,2025-11-03,2027-10-24,2027-10-24,0.1991,FIXED,316334.25,BR-001,2,GHGGB5115183
SECURITY.POSITION/3006560,SECURITY_HOLDING,GHS,662804.64,662804.64,SBL-SOV-017052,SEC.BOND.5Y,1205,2022-04-09,2027-03-14,2027-03-14,0.2208,FIXED,662804.64,BR-001,2,GHGGB8550237
SECURITY.POSITION/3006561,SECURITY_HOLDING,GHS,572916.08,572916.08,SBL-SOV-017052,SEC.BOND.5Y,1205,2025-03-17,2030-02-19,2030-02-19,0.2208,FIXED,572916.08,BR-001,2,GHGGB1233549
SECURITY.POSITION/3006562,SECURITY_HOLDING,GHS,680655.20,680655.20,SBL-SOV-017052,SEC.BOND.5Y,1205,2022-10-29,2027-10-03,2027-10-03,0.2218,FIXED,680655.20,BR-001,2,GHGGB9727430
SECURITY.POSITION/3006563,SECURITY_HOLDING,GHS,214729.53,214729.53,SBL-SOV-017052,SEC.BOND.5Y,1205,2026-02-21,2031-01-26,2031-01-26,0.2223,FIXED,214729.53,BR-001,2,GHGGB3402163
SECURITY.POSITION/3006564,SECURITY_HOLDING,GHS,451988.62,451988.62,SBL-SOV-017052,SEC.BOND.5Y,1205,2022-06-09,2027-05-14,2027-05-14,0.2185,FIXED,451988.62,BR-001,2,GHGGB2083024
SECURITY.POSITION/3006565,SECURITY_HOLDING,GHS,95520.62,95520.62,SBL-SOV-017052,SEC.BOND.5Y,1205,2025-04-05,2030-03-10,2030-03-10,0.2188,FIXED,95520.62,BR-001,2,GHGGB4946921
SECURITY.POSITION/3006566,SECURITY_HOLDING,GHS,123579.97,123579.97,SBL-SOV-017052,SEC.BOND.5Y,1205,2021-08-02,2026-07-07,2026-07-07,0.2209,FIXED,123579.97,BR-001,2,GHGGB7996273
SECURITY.POSITION/3006567,SECURITY_HOLDING,GHS,302620.65,302620.65,SBL-SOV-017052,SEC.BOND.5Y,1205,2024-07-09,2029-06-13,2029-06-13,0.2202,FIXED,302620.65,BR-001,2,GHGGB3645937
SECURITY.POSITION/3006568,SECURITY_HOLDING,GHS,775442.81,775442.81,SBL-SOV-017052,SEC.BOND.5Y,1205,2022-03-15,2027-02-17,2027-02-17,0.2215,FIXED,775442.81,BR-001,2,GHGGB3081644
SECURITY.POSITION/3006569,SECURITY_HOLDING,GHS,237731.40,237731.40,SBL-SOV-017052,SEC.BOND.5Y,1205,2023-01-30,2028-01-04,2028-01-04,0.2154,FIXED,237731.40,BR-001,2,GHGGB7627799
SECURITY.POSITION/3006570,SECURITY_HOLDING,GHS,323499.69,323499.69,SBL-SOV-017052,SEC.BOND.5Y,1205,2024-10-11,2029-09-15,2029-09-15,0.2178,FIXED,323499.69,BR-001,2,GHGGB9342210
SECURITY.POSITION/3006571,SECURITY_HOLDING,GHS,263518.98,263518.98,SBL-SOV-017052,SEC.BOND.5Y,1205,2023-11-20,2028-10-24,2028-10-24,0.222,FIXED,263518.98,BR-001,2,GHGGB3296638
SECURITY.POSITION/3006572,SECURITY_HOLDING,GHS,401518.07,401518.07,SBL-SOV-017052,SEC.BOND.5Y,1205,2023-05-11,2028-04-14,2028-04-14,0.2173,FIXED,401518.07,BR-001,2,GHGGB1018955
SECURITY.POSITION/3006573,SECURITY_HOLDING,GHS,129125.31,129125.31,SBL-SOV-017052,SEC.BOND.10Y,1206,2023-07-17,2033-05-25,2033-05-25,0.2412,FIXED,129125.31,BR-001,2,GHGGB2726237
SECURITY.POSITION/3006574,SECURITY_HOLDING,GHS,67859.46,67859.46,SBL-SOV-017052,SEC.BOND.10Y,1206,2023-12-25,2033-11-02,2033-11-02,0.2419,FIXED,67859.46,BR-001,2,GHGGB6306372
SECURITY.POSITION/3006575,SECURITY_HOLDING,GHS,148207.22,148207.22,SBL-SOV-017052,SEC.BOND.10Y,1206,2021-11-20,2031-09-29,2031-09-29,0.2358,FIXED,148207.22,BR-001,2,GHGGB9793756
SECURITY.POSITION/3006576,SECURITY_HOLDING,GHS,179713.48,179713.48,SBL-SOV-017052,SEC.BOND.10Y,1206,2017-07-19,2027-05-28,2027-05-28,0.2407,FIXED,179713.48,BR-001,2,GHGGB2909869
SECURITY.POSITION/3006577,SECURITY_HOLDING,GHS,42874.52,42874.52,SBL-SOV-017052,SEC.BOND.10Y,1206,2021-03-12,2031-01-19,2031-01-19,0.2389,FIXED,42874.52,BR-001,2,GHGGB3938680
SECURITY.POSITION/3006578,SECURITY_HOLDING,GHS,247454.80,247454.80,SBL-SOV-017052,SEC.BOND.10Y,1206,2022-11-18,2032-09-26,2032-09-26,0.2378,FIXED,247454.80,BR-001,2,GHGGB2604228
SECURITY.POSITION/3006579,SECURITY_HOLDING,GHS,134844.82,134844.82,SBL-SOV-017052,SEC.BOND.10Y,1206,2019-03-22,2029-01-28,2029-01-28,0.2443,FIXED,134844.82,BR-001,2,GHGGB5888555
SECURITY.POSITION/3006581,SECURITY_HOLDING,GHS,138581.76,138581.76,SBL-SOV-017052,SEC.BOND.10Y,1206,2023-04-08,2033-02-14,2033-02-14,0.2348,FIXED,138581.76,BR-001,2,GHGGB2892870
SECURITY.POSITION/3006582,SECURITY_HOLDING,GHS,159094.46,159094.46,SBL-SOV-017052,SEC.BOND.10Y,1206,2017-04-21,2027-02-28,2027-02-28,0.2396,FIXED,159094.46,BR-001,2,GHGGB1919926
SECURITY.POSITION/3006583,SECURITY_HOLDING,GHS,163838.68,163838.68,SBL-SOV-017052,SEC.BOND.10Y,1206,2017-11-12,2027-09-21,2027-09-21,0.2369,FIXED,163838.68,BR-001,2,GHGGB3227150
SECURITY.POSITION/3006584,SECURITY_HOLDING,GHS,79102.40,79102.40,SBL-SOV-017052,SEC.BOND.10Y,1206,2019-10-19,2029-08-27,2029-08-27,0.2402,FIXED,79102.40,BR-001,2,GHGGB1362995
SECURITY.POSITION/3006585,SECURITY_HOLDING,GHS,9680976.45,9680976.45,SBL-SOV-017052,SEC.TBILL.91,1201,2026-04-16,2026-07-15,2026-07-15,0.1573,FIXED,9680976.45,BR-001,1,GHGGB2402797
SECURITY.POSITION/3006586,SECURITY_HOLDING,GHS,5662858.16,5662858.16,SBL-SOV-017052,SEC.TBILL.91,1201,2026-04-15,2026-07-14,2026-07-14,0.1622,FIXED,5662858.16,BR-001,1,GHGGB2460676
SECURITY.POSITION/3006587,SECURITY_HOLDING,GHS,6407136.69,6407136.69,SBL-SOV-017052,SEC.TBILL.91,1201,2026-04-22,2026-07-21,2026-07-21,0.158,FIXED,6407136.69,BR-001,1,GHGGB5868845
SECURITY.POSITION/3006588,SECURITY_HOLDING,GHS,6719908.89,6719908.89,SBL-SOV-017052,SEC.TBILL.91,1201,2026-05-20,2026-08-18,2026-08-18,0.163,FIXED,6719908.89,BR-001,1,GHGGB3571585
SECURITY.POSITION/3006589,SECURITY_HOLDING,GHS,17902310.60,17902310.60,SBL-SOV-017052,SEC.TBILL.91,1201,2026-04-17,2026-07-16,2026-07-16,0.1604,FIXED,17902310.60,BR-001,1,GHGGB6643817
SECURITY.POSITION/3006590,SECURITY_HOLDING,GHS,5737147.48,5737147.48,SBL-SOV-017052,SEC.TBILL.91,1201,2026-04-11,2026-07-10,2026-07-10,0.161,FIXED,5737147.48,BR-001,1,GHGGB6908225
SECURITY.POSITION/3006591,SECURITY_HOLDING,GHS,12418757.35,12418757.35,SBL-SOV-017052,SEC.TBILL.91,1201,2026-04-02,2026-07-01,2026-07-01,0.1569,FIXED,12418757.35,BR-001,1,GHGGB6745306
SECURITY.POSITION/3006592,SECURITY_HOLDING,GHS,8134978.79,8134978.79,SBL-SOV-017052,SEC.TBILL.91,1201,2026-04-28,2026-07-27,2026-07-27,0.1593,FIXED,8134978.79,BR-001,1,GHGGB3330689
SECURITY.POSITION/3006593,SECURITY_HOLDING,GHS,6724409.28,6724409.28,SBL-SOV-017052,SEC.TBILL.91,1201,2026-05-13,2026-08-11,2026-08-11,0.1595,FIXED,6724409.28,BR-001,1,GHGGB3420947
SECURITY.POSITION/3006594,SECURITY_HOLDING,GHS,15851244.71,15851244.71,SBL-SOV-017052,SEC.TBILL.91,1201,2026-04-12,2026-07-11,2026-07-11,0.1585,FIXED,15851244.71,BR-001,1,GHGGB9059617
SECURITY.POSITION/3006595,SECURITY_HOLDING,GHS,4794237.36,4794237.36,SBL-SOV-017052,SEC.TBILL.91,1201,2026-05-24,2026-08-22,2026-08-22,0.1599,FIXED,4794237.36,BR-001,1,GHGGB5513016
SECURITY.POSITION/3006596,SECURITY_HOLDING,GHS,12326756.25,12326756.25,SBL-SOV-017052,SEC.TBILL.91,1201,2026-04-02,2026-07-01,2026-07-01,0.1573,FIXED,12326756.25,BR-001,1,GHGGB6856156
SECURITY.POSITION/3006597,SECURITY_HOLDING,GHS,3404104.72,3404104.72,SBL-SOV-017052,SEC.TBILL.182,1202,2026-02-28,2026-08-27,2026-08-27,0.1762,FIXED,3404104.72,BR-001,1,GHGGB7418619
SECURITY.POSITION/3006598,SECURITY_HOLDING,GHS,4195119.22,4195119.22,SBL-SOV-017052,SEC.TBILL.182,1202,2026-05-06,2026-11-02,2026-11-02,0.1752,FIXED,4195119.22,BR-001,1,GHGGB2313676
SECURITY.POSITION/3006599,SECURITY_HOLDING,GHS,13754825.51,13754825.51,SBL-SOV-017052,SEC.TBILL.182,1202,2026-02-06,2026-08-05,2026-08-05,0.1738,FIXED,13754825.51,BR-001,1,GHGGB5959910
SECURITY.POSITION/3006600,SECURITY_HOLDING,GHS,3425192.95,3425192.95,SBL-SOV-017052,SEC.TBILL.182,1202,2026-03-07,2026-09-03,2026-09-03,0.1717,FIXED,3425192.95,BR-001,1,GHGGB4559116
SECURITY.POSITION/3006601,SECURITY_HOLDING,GHS,2164089.48,2164089.48,SBL-SOV-017052,SEC.TBILL.182,1202,2026-05-13,2026-11-09,2026-11-09,0.1745,FIXED,2164089.48,BR-001,1,GHGGB2140942
SECURITY.POSITION/3006602,SECURITY_HOLDING,GHS,4929215.57,4929215.57,SBL-SOV-017052,SEC.TBILL.182,1202,2026-05-12,2026-11-08,2026-11-08,0.1735,FIXED,4929215.57,BR-001,1,GHGGB9811803
SECURITY.POSITION/3006603,SECURITY_HOLDING,GHS,1254395.50,1254395.50,SBL-SOV-017052,SEC.TBILL.182,1202,2026-03-04,2026-08-31,2026-08-31,0.1796,FIXED,1254395.50,BR-001,1,GHGGB3004915
SECURITY.POSITION/3006604,SECURITY_HOLDING,GHS,2088018.74,2088018.74,SBL-SOV-017052,SEC.TBILL.182,1202,2026-04-28,2026-10-25,2026-10-25,0.1782,FIXED,2088018.74,BR-001,1,GHGGB9662452
SECURITY.POSITION/3006605,SECURITY_HOLDING,GHS,2458548.07,2458548.07,SBL-SOV-017052,SEC.TBILL.182,1202,2026-04-05,2026-10-02,2026-10-02,0.1791,FIXED,2458548.07,BR-001,1,GHGGB7095345
SECURITY.POSITION/3006606,SECURITY_HOLDING,GHS,6553979.77,6553979.77,SBL-SOV-017052,SEC.TBILL.182,1202,2026-03-21,2026-09-17,2026-09-17,0.1762,FIXED,6553979.77,BR-001,1,GHGGB1867687
SECURITY.POSITION/3006607,SECURITY_HOLDING,GHS,2585799.26,2585799.26,SBL-SOV-017052,SEC.TBILL.182,1202,2026-03-06,2026-09-02,2026-09-02,0.1767,FIXED,2585799.26,BR-001,1,GHGGB2600711
SECURITY.POSITION/3006608,SECURITY_HOLDING,GHS,5054626.14,5054626.14,SBL-SOV-017052,SEC.TBILL.182,1202,2026-02-06,2026-08-05,2026-08-05,0.179,FIXED,5054626.14,BR-001,1,GHGGB1626582
SECURITY.POSITION/3006609,SECURITY_HOLDING,GHS,6159732.18,6159732.18,SBL-SOV-017052,SEC.TBILL.364,1203,2025-10-26,2026-10-21,2026-10-21,0.1859,FIXED,6159732.18,BR-001,1,GHGGB6241403
SECURITY.POSITION/3006610,SECURITY_HOLDING,GHS,15249116.12,15249116.12,SBL-SOV-017052,SEC.TBILL.364,1203,2026-04-01,2027-03-27,2027-03-27,0.1894,FIXED,15249116.12,BR-001,1,GHGGB4186517
SECURITY.POSITION/3006611,SECURITY_HOLDING,GHS,3189167.09,3189167.09,SBL-SOV-017052,SEC.TBILL.364,1203,2025-12-05,2026-11-30,2026-11-30,0.1842,FIXED,3189167.09,BR-001,1,GHGGB3501534
SECURITY.POSITION/3006612,SECURITY_HOLDING,GHS,8987808.06,8987808.06,SBL-SOV-017052,SEC.TBILL.364,1203,2025-10-24,2026-10-19,2026-10-19,0.1838,FIXED,8987808.06,BR-001,1,GHGGB2859812
SECURITY.POSITION/3006613,SECURITY_HOLDING,GHS,6554733.42,6554733.42,SBL-SOV-017052,SEC.TBILL.364,1203,2025-08-06,2026-08-01,2026-08-01,0.1806,FIXED,6554733.42,BR-001,1,GHGGB8739763
SECURITY.POSITION/3006614,SECURITY_HOLDING,GHS,2896184.68,2896184.68,SBL-SOV-017052,SEC.TBILL.364,1203,2026-04-09,2027-04-04,2027-04-04,0.1874,FIXED,2896184.68,BR-001,1,GHGGB4798347
SECURITY.POSITION/3006616,SECURITY_HOLDING,GHS,1429776.52,1429776.52,SBL-SOV-017052,SEC.TBILL.364,1203,2025-09-13,2026-09-08,2026-09-08,0.1834,FIXED,1429776.52,BR-001,1,GHGGB9933364
SECURITY.POSITION/3006617,SECURITY_HOLDING,GHS,680609.61,680609.61,SBL-SOV-017052,SEC.BOND.2Y,1204,2024-11-11,2026-11-01,2026-11-01,0.2005,FIXED,680609.61,BR-001,1,GHGGB8785459
SECURITY.POSITION/3006618,SECURITY_HOLDING,GHS,604293.66,604293.66,SBL-SOV-017052,SEC.BOND.2Y,1204,2025-11-24,2027-11-14,2027-11-14,0.1969,FIXED,604293.66,BR-001,1,GHGGB5597128
SECURITY.POSITION/3006619,SECURITY_HOLDING,GHS,306198.17,306198.17,SBL-SOV-017052,SEC.BOND.2Y,1204,2025-09-30,2027-09-20,2027-09-20,0.1944,FIXED,306198.17,BR-001,1,GHGGB4908666
SECURITY.POSITION/3006620,SECURITY_HOLDING,GHS,851358.29,851358.29,SBL-SOV-017052,SEC.BOND.2Y,1204,2024-11-30,2026-11-20,2026-11-20,0.1931,FIXED,851358.29,BR-001,1,GHGGB2869926
SECURITY.POSITION/3006621,SECURITY_HOLDING,GHS,181596.87,181596.87,SBL-SOV-017052,SEC.BOND.2Y,1204,2024-08-02,2026-07-23,2026-07-23,0.1933,FIXED,181596.87,BR-001,1,GHGGB7602261
SECURITY.POSITION/3006622,SECURITY_HOLDING,GHS,220289.48,220289.48,SBL-SOV-017052,SEC.BOND.2Y,1204,2024-11-30,2026-11-20,2026-11-20,0.1969,FIXED,220289.48,BR-001,1,GHGGB2133190
SECURITY.POSITION/3006623,SECURITY_HOLDING,GHS,1095252.88,1095252.88,SBL-SOV-017052,SEC.BOND.2Y,1204,2025-08-30,2027-08-20,2027-08-20,0.1978,FIXED,1095252.88,BR-001,1,GHGGB8014629
SECURITY.POSITION/3006624,SECURITY_HOLDING,GHS,1938736.94,1938736.94,SBL-SOV-017052,SEC.BOND.2Y,1204,2026-04-15,2028-04-04,2028-04-04,0.1963,FIXED,1938736.94,BR-001,1,GHGGB5346342
SECURITY.POSITION/3006625,SECURITY_HOLDING,GHS,592335.34,592335.34,SBL-SOV-017052,SEC.BOND.2Y,1204,2026-04-27,2028-04-16,2028-04-16,0.1968,FIXED,592335.34,BR-001,1,GHGGB5542540
SECURITY.POSITION/3006626,SECURITY_HOLDING,GHS,372362.38,372362.38,SBL-SOV-017052,SEC.BOND.2Y,1204,2025-09-23,2027-09-13,2027-09-13,0.1926,FIXED,372362.38,BR-001,1,GHGGB2867477
SECURITY.POSITION/3006627,SECURITY_HOLDING,GHS,571918.01,571918.01,SBL-SOV-017052,SEC.BOND.2Y,1204,2024-09-24,2026-09-14,2026-09-14,0.1948,FIXED,571918.01,BR-001,1,GHGGB4753290
SECURITY.POSITION/3006628,SECURITY_HOLDING,GHS,773839.52,773839.52,SBL-SOV-017052,SEC.BOND.2Y,1204,2025-01-04,2026-12-25,2026-12-25,0.1979,FIXED,773839.52,BR-001,1,GHGGB6513017
SECURITY.POSITION/3006629,SECURITY_HOLDING,GHS,762261.83,762261.83,SBL-SOV-017052,SEC.BOND.5Y,1205,2022-01-05,2026-12-10,2026-12-10,0.2178,FIXED,762261.83,BR-001,1,GHGGB6692458
SECURITY.POSITION/3006630,SECURITY_HOLDING,GHS,96282.01,96282.01,SBL-SOV-017052,SEC.BOND.5Y,1205,2025-12-25,2030-11-29,2030-11-29,0.2273,FIXED,96282.01,BR-001,1,GHGGB9944539
SECURITY.POSITION/3006631,SECURITY_HOLDING,GHS,27953.73,27953.73,SBL-SOV-017052,SEC.BOND.5Y,1205,2022-09-25,2027-08-30,2027-08-30,0.2196,FIXED,27953.73,BR-001,1,GHGGB4124349
SECURITY.POSITION/3006632,SECURITY_HOLDING,GHS,1218385.33,1218385.33,SBL-SOV-017052,SEC.BOND.5Y,1205,2021-08-24,2026-07-29,2026-07-29,0.2231,FIXED,1218385.33,BR-001,1,GHGGB1603106
SECURITY.POSITION/3006633,SECURITY_HOLDING,GHS,417504.81,417504.81,SBL-SOV-017052,SEC.BOND.5Y,1205,2025-12-10,2030-11-14,2030-11-14,0.2262,FIXED,417504.81,BR-001,1,GHGGB7972543
SECURITY.POSITION/3006634,SECURITY_HOLDING,GHS,1863678.23,1863678.23,SBL-SOV-017052,SEC.BOND.5Y,1205,2023-11-21,2028-10-25,2028-10-25,0.2202,FIXED,1863678.23,BR-001,1,GHGGB3787009
SECURITY.POSITION/3006635,SECURITY_HOLDING,GHS,182237.60,182237.60,SBL-SOV-017052,SEC.BOND.5Y,1205,2024-04-07,2029-03-12,2029-03-12,0.2218,FIXED,182237.60,BR-001,1,GHGGB3078363
SECURITY.POSITION/3006636,SECURITY_HOLDING,GHS,147412.32,147412.32,SBL-SOV-017052,SEC.BOND.5Y,1205,2023-05-04,2028-04-07,2028-04-07,0.2164,FIXED,147412.32,BR-001,1,GHGGB9383268
SECURITY.POSITION/3006637,SECURITY_HOLDING,GHS,148464.18,148464.18,SBL-SOV-017052,SEC.BOND.5Y,1205,2022-08-02,2027-07-07,2027-07-07,0.2205,FIXED,148464.18,BR-001,1,GHGGB3878072
SECURITY.POSITION/3006638,SECURITY_HOLDING,GHS,190990.25,190990.25,SBL-SOV-017052,SEC.BOND.5Y,1205,2026-04-08,2031-03-13,2031-03-13,0.2192,FIXED,190990.25,BR-001,1,GHGGB9797924
SECURITY.POSITION/3006639,SECURITY_HOLDING,GHS,506249.93,506249.93,SBL-SOV-017052,SEC.BOND.5Y,1205,2026-05-28,2031-05-02,2031-05-02,0.2221,FIXED,506249.93,BR-001,1,GHGGB1011238
SECURITY.POSITION/3006640,SECURITY_HOLDING,GHS,540926.19,540926.19,SBL-SOV-017052,SEC.BOND.5Y,1205,2023-02-21,2028-01-26,2028-01-26,0.2218,FIXED,540926.19,BR-001,1,GHGGB8126822
SECURITY.POSITION/3006641,SECURITY_HOLDING,GHS,444417.40,444417.40,SBL-SOV-017052,SEC.BOND.5Y,1205,2021-10-21,2026-09-25,2026-09-25,0.2203,FIXED,444417.40,BR-001,1,GHGGB2492383
SECURITY.POSITION/3006642,SECURITY_HOLDING,GHS,356865.42,356865.42,SBL-SOV-017052,SEC.BOND.10Y,1206,2023-07-03,2033-05-11,2033-05-11,0.2489,FIXED,356865.42,BR-001,1,GHGGB7125579
SECURITY.POSITION/3006643,SECURITY_HOLDING,GHS,128158.02,128158.02,SBL-SOV-017052,SEC.BOND.10Y,1206,2022-05-09,2032-03-17,2032-03-17,0.2466,FIXED,128158.02,BR-001,1,GHGGB4252705
SECURITY.POSITION/3006644,SECURITY_HOLDING,GHS,129177.19,129177.19,SBL-SOV-017052,SEC.BOND.10Y,1206,2019-11-02,2029-09-10,2029-09-10,0.2451,FIXED,129177.19,BR-001,1,GHGGB1008257
SECURITY.POSITION/3006645,SECURITY_HOLDING,GHS,252569.57,252569.57,SBL-SOV-017052,SEC.BOND.10Y,1206,2019-03-31,2029-02-06,2029-02-06,0.2459,FIXED,252569.57,BR-001,1,GHGGB3282487
SECURITY.POSITION/3006646,SECURITY_HOLDING,GHS,414117.44,414117.44,SBL-SOV-017052,SEC.BOND.10Y,1206,2019-05-05,2029-03-13,2029-03-13,0.2452,FIXED,414117.44,BR-001,1,GHGGB4592027
SECURITY.POSITION/3006647,SECURITY_HOLDING,GHS,94111.89,94111.89,SBL-SOV-017052,SEC.BOND.10Y,1206,2016-11-23,2026-10-02,2026-10-02,0.2479,FIXED,94111.89,BR-001,1,GHGGB2301379
SECURITY.POSITION/3006648,SECURITY_HOLDING,GHS,84580.63,84580.63,SBL-SOV-017052,SEC.BOND.10Y,1206,2020-07-10,2030-05-19,2030-05-19,0.2422,FIXED,84580.63,BR-001,1,GHGGB4965075
SECURITY.POSITION/3006649,SECURITY_HOLDING,GHS,687155.49,687155.49,SBL-SOV-017052,SEC.BOND.10Y,1206,2025-09-27,2035-08-06,2035-08-06,0.2443,FIXED,687155.49,BR-001,1,GHGGB7050719
SECURITY.POSITION/3006650,SECURITY_HOLDING,GHS,141597.91,141597.91,SBL-SOV-017052,SEC.BOND.10Y,1206,2017-07-07,2027-05-16,2027-05-16,0.2435,FIXED,141597.91,BR-001,1,GHGGB1876266
SECURITY.POSITION/3006651,SECURITY_HOLDING,GHS,58850.38,58850.38,SBL-SOV-017052,SEC.BOND.10Y,1206,2016-10-18,2026-08-27,2026-08-27,0.2479,FIXED,58850.38,BR-001,1,GHGGB7113531
SECURITY.POSITION/3006652,SECURITY_HOLDING,GHS,3752669.11,3752669.11,SBL-SOV-017052,SEC.TBILL.91,1201,2026-05-27,2026-08-25,2026-08-25,0.1552,FIXED,3752669.11,BR-001,0,GHGGB2552638
SECURITY.POSITION/3006653,SECURITY_HOLDING,GHS,9018101.41,9018101.41,SBL-SOV-017052,SEC.TBILL.91,1201,2026-05-04,2026-08-02,2026-08-02,0.1564,FIXED,9018101.41,BR-001,0,GHGGB7242652
SECURITY.POSITION/3006654,SECURITY_HOLDING,GHS,9900877.27,9900877.27,SBL-SOV-017052,SEC.TBILL.91,1201,2026-06-25,2026-09-23,2026-09-23,0.1498,FIXED,9900877.27,BR-001,0,GHGGB5886147
SECURITY.POSITION/3006655,SECURITY_HOLDING,GHS,4416327.05,4416327.05,SBL-SOV-017052,SEC.TBILL.91,1201,2026-05-17,2026-08-15,2026-08-15,0.1547,FIXED,4416327.05,BR-001,0,GHGGB1019119
SECURITY.POSITION/3006656,SECURITY_HOLDING,GHS,2119010.36,2119010.36,SBL-SOV-017052,SEC.TBILL.91,1201,2026-04-30,2026-07-29,2026-07-29,0.1531,FIXED,2119010.36,BR-001,0,GHGGB4039975
SECURITY.POSITION/3006657,SECURITY_HOLDING,GHS,10104621.70,10104621.70,SBL-SOV-017052,SEC.TBILL.91,1201,2026-04-23,2026-07-22,2026-07-22,0.1593,FIXED,10104621.70,BR-001,0,GHGGB9941667
SECURITY.POSITION/3006658,SECURITY_HOLDING,GHS,3969661.31,3969661.31,SBL-SOV-017052,SEC.TBILL.91,1201,2026-05-22,2026-08-20,2026-08-20,0.1507,FIXED,3969661.31,BR-001,0,GHGGB7052913
SECURITY.POSITION/3006659,SECURITY_HOLDING,GHS,7619005.89,7619005.89,SBL-SOV-017052,SEC.TBILL.91,1201,2026-05-20,2026-08-18,2026-08-18,0.1532,FIXED,7619005.89,BR-001,0,GHGGB4537875
SECURITY.POSITION/3006660,SECURITY_HOLDING,GHS,4708973.55,4708973.55,SBL-SOV-017052,SEC.TBILL.182,1202,2026-04-02,2026-09-29,2026-09-29,0.1744,FIXED,4708973.55,BR-001,0,GHGGB5493709
SECURITY.POSITION/3006661,SECURITY_HOLDING,GHS,4754244.89,4754244.89,SBL-SOV-017052,SEC.TBILL.182,1202,2026-05-13,2026-11-09,2026-11-09,0.1755,FIXED,4754244.89,BR-001,0,GHGGB1696320
SECURITY.POSITION/3006662,SECURITY_HOLDING,GHS,3165414.11,3165414.11,SBL-SOV-017052,SEC.TBILL.182,1202,2026-04-20,2026-10-17,2026-10-17,0.1648,FIXED,3165414.11,BR-001,0,GHGGB1652950
SECURITY.POSITION/3006663,SECURITY_HOLDING,GHS,4902921.12,4902921.12,SBL-SOV-017052,SEC.TBILL.182,1202,2026-04-16,2026-10-13,2026-10-13,0.1734,FIXED,4902921.12,BR-001,0,GHGGB2951873
SECURITY.POSITION/3006664,SECURITY_HOLDING,GHS,2741950.94,2741950.94,SBL-SOV-017052,SEC.TBILL.182,1202,2026-02-27,2026-08-26,2026-08-26,0.1746,FIXED,2741950.94,BR-001,0,GHGGB5825617
SECURITY.POSITION/3006665,SECURITY_HOLDING,GHS,4566870.79,4566870.79,SBL-SOV-017052,SEC.TBILL.182,1202,2026-02-06,2026-08-05,2026-08-05,0.1704,FIXED,4566870.79,BR-001,0,GHGGB1799907
SECURITY.POSITION/3006666,SECURITY_HOLDING,GHS,2422866.32,2422866.32,SBL-SOV-017052,SEC.TBILL.182,1202,2026-05-09,2026-11-05,2026-11-05,0.1703,FIXED,2422866.32,BR-001,0,GHGGB8715297
SECURITY.POSITION/3006667,SECURITY_HOLDING,GHS,3057695.77,3057695.77,SBL-SOV-017052,SEC.TBILL.182,1202,2026-04-15,2026-10-12,2026-10-12,0.1725,FIXED,3057695.77,BR-001,0,GHGGB1425711
SECURITY.POSITION/3006668,SECURITY_HOLDING,GHS,2300736.34,2300736.34,SBL-SOV-017052,SEC.TBILL.364,1203,2026-03-25,2027-03-20,2027-03-20,0.1849,FIXED,2300736.34,BR-001,0,GHGGB6436873
SECURITY.POSITION/3006669,SECURITY_HOLDING,GHS,1744892.24,1744892.24,SBL-SOV-017052,SEC.TBILL.364,1203,2025-09-20,2026-09-15,2026-09-15,0.1865,FIXED,1744892.24,BR-001,0,GHGGB4572944
SECURITY.POSITION/3006670,SECURITY_HOLDING,GHS,1103259.52,1103259.52,SBL-SOV-017052,SEC.TBILL.364,1203,2026-05-15,2027-05-10,2027-05-10,0.1838,FIXED,1103259.52,BR-001,0,GHGGB7322724
SECURITY.POSITION/3006671,SECURITY_HOLDING,GHS,1300484.75,1300484.75,SBL-SOV-017052,SEC.TBILL.364,1203,2026-06-28,2027-06-23,2027-06-23,0.1826,FIXED,1300484.75,BR-001,0,GHGGB9167396
SECURITY.POSITION/3006672,SECURITY_HOLDING,GHS,2299123.87,2299123.87,SBL-SOV-017052,SEC.TBILL.364,1203,2025-12-15,2026-12-10,2026-12-10,0.1834,FIXED,2299123.87,BR-001,0,GHGGB3679821
SECURITY.POSITION/3006673,SECURITY_HOLDING,GHS,3465005.67,3465005.67,SBL-SOV-017052,SEC.TBILL.364,1203,2025-10-16,2026-10-11,2026-10-11,0.1822,FIXED,3465005.67,BR-001,0,GHGGB5866343
SECURITY.POSITION/3006674,SECURITY_HOLDING,GHS,844341.77,844341.77,SBL-SOV-017052,SEC.TBILL.364,1203,2025-11-19,2026-11-14,2026-11-14,0.1818,FIXED,844341.77,BR-001,0,GHGGB2591220
SECURITY.POSITION/3006675,SECURITY_HOLDING,GHS,463792.36,463792.36,SBL-SOV-017052,SEC.TBILL.364,1203,2026-04-26,2027-04-21,2027-04-21,0.1821,FIXED,463792.36,BR-001,0,GHGGB3431517
SECURITY.POSITION/3006676,SECURITY_HOLDING,GHS,2439100.72,2439100.72,SBL-SOV-017052,SEC.TBILL.364,1203,2025-09-12,2026-09-07,2026-09-07,0.1824,FIXED,2439100.72,BR-001,0,GHGGB6585905
SECURITY.POSITION/3006677,SECURITY_HOLDING,GHS,2622229.81,2622229.81,SBL-SOV-017052,SEC.BOND.2Y,1204,2024-09-30,2026-09-20,2026-09-20,0.1934,FIXED,2622229.81,BR-001,0,GHGGB6049471
SECURITY.POSITION/3006678,SECURITY_HOLDING,GHS,1467764.22,1467764.22,SBL-SOV-017052,SEC.BOND.2Y,1204,2026-02-07,2028-01-28,2028-01-28,0.1906,FIXED,1467764.22,BR-001,0,GHGGB5674135
SECURITY.POSITION/3006679,SECURITY_HOLDING,GHS,3306104.01,3306104.01,SBL-SOV-017052,SEC.BOND.2Y,1204,2024-11-09,2026-10-30,2026-10-30,0.1914,FIXED,3306104.01,BR-001,0,GHGGB9351576
SECURITY.POSITION/3006680,SECURITY_HOLDING,GHS,4745868.44,4745868.44,SBL-SOV-017052,SEC.BOND.2Y,1204,2025-10-29,2027-10-19,2027-10-19,0.1932,FIXED,4745868.44,BR-001,0,GHGGB5322112
SECURITY.POSITION/3006681,SECURITY_HOLDING,GHS,195916.24,195916.24,SBL-SOV-017052,SEC.BOND.2Y,1204,2025-07-07,2027-06-27,2027-06-27,0.1928,FIXED,195916.24,BR-001,0,GHGGB7136698
SECURITY.POSITION/3006682,SECURITY_HOLDING,GHS,2394604.85,2394604.85,SBL-SOV-017052,SEC.BOND.2Y,1204,2025-12-16,2027-12-06,2027-12-06,0.1911,FIXED,2394604.85,BR-001,0,GHGGB6832467
SECURITY.POSITION/3006683,SECURITY_HOLDING,GHS,252978.07,252978.07,SBL-SOV-017052,SEC.BOND.5Y,1205,2026-01-22,2030-12-27,2030-12-27,0.2169,FIXED,252978.07,BR-001,0,GHGGB8441468
SECURITY.POSITION/3006684,SECURITY_HOLDING,GHS,318495.52,318495.52,SBL-SOV-017052,SEC.BOND.5Y,1205,2022-04-21,2027-03-26,2027-03-26,0.2206,FIXED,318495.52,BR-001,0,GHGGB5750710
SECURITY.POSITION/3006685,SECURITY_HOLDING,GHS,186837.83,186837.83,SBL-SOV-017052,SEC.BOND.5Y,1205,2024-02-18,2029-01-22,2029-01-22,0.2195,FIXED,186837.83,BR-001,0,GHGGB3245457
SECURITY.POSITION/3006686,SECURITY_HOLDING,GHS,234479.84,234479.84,SBL-SOV-017052,SEC.BOND.5Y,1205,2022-01-21,2026-12-26,2026-12-26,0.219,FIXED,234479.84,BR-001,0,GHGGB9265327
SECURITY.POSITION/3006687,SECURITY_HOLDING,GHS,689652.02,689652.02,SBL-SOV-017052,SEC.BOND.5Y,1205,2023-07-14,2028-06-17,2028-06-17,0.2188,FIXED,689652.02,BR-001,0,GHGGB2871345
SECURITY.POSITION/3006688,SECURITY_HOLDING,GHS,44620.41,44620.41,SBL-SOV-017052,SEC.BOND.5Y,1205,2023-10-29,2028-10-02,2028-10-02,0.2196,FIXED,44620.41,BR-001,0,GHGGB4069215
SECURITY.POSITION/3006689,SECURITY_HOLDING,GHS,173380.58,173380.58,SBL-SOV-017052,SEC.BOND.5Y,1205,2021-11-25,2026-10-30,2026-10-30,0.223,FIXED,173380.58,BR-001,0,GHGGB1391587
SECURITY.POSITION/3006690,SECURITY_HOLDING,GHS,781204.27,781204.27,SBL-SOV-017052,SEC.BOND.5Y,1205,2023-10-17,2028-09-20,2028-09-20,0.2187,FIXED,781204.27,BR-001,0,GHGGB6044066
SECURITY.POSITION/3006691,SECURITY_HOLDING,GHS,468334.55,468334.55,SBL-SOV-017052,SEC.BOND.5Y,1205,2022-09-01,2027-08-06,2027-08-06,0.2199,FIXED,468334.55,BR-001,0,GHGGB6374785
SECURITY.POSITION/3006692,SECURITY_HOLDING,GHS,151002.69,151002.69,SBL-SOV-017052,SEC.BOND.5Y,1205,2025-11-13,2030-10-18,2030-10-18,0.2164,FIXED,151002.69,BR-001,0,GHGGB6836974
SECURITY.POSITION/3006693,SECURITY_HOLDING,GHS,150636.43,150636.43,SBL-SOV-017052,SEC.BOND.5Y,1205,2023-08-17,2028-07-21,2028-07-21,0.2198,FIXED,150636.43,BR-001,0,GHGGB8527931
SECURITY.POSITION/3006694,SECURITY_HOLDING,GHS,57457.96,57457.96,SBL-SOV-017052,SEC.BOND.10Y,1206,2022-07-24,2032-06-01,2032-06-01,0.2316,FIXED,57457.96,BR-001,0,GHGGB4109610
SECURITY.POSITION/3006695,SECURITY_HOLDING,GHS,246441.85,246441.85,SBL-SOV-017052,SEC.BOND.10Y,1206,2022-11-15,2032-09-23,2032-09-23,0.2342,FIXED,246441.85,BR-001,0,GHGGB8691775
SECURITY.POSITION/3006696,SECURITY_HOLDING,GHS,328653.08,328653.08,SBL-SOV-017052,SEC.BOND.10Y,1206,2025-01-03,2034-11-12,2034-11-12,0.2383,FIXED,328653.08,BR-001,0,GHGGB2085141
SECURITY.POSITION/3006697,SECURITY_HOLDING,GHS,200463.72,200463.72,SBL-SOV-017052,SEC.BOND.10Y,1206,2022-06-02,2032-04-10,2032-04-10,0.2369,FIXED,200463.72,BR-001,0,GHGGB3405782
SECURITY.POSITION/3006698,SECURITY_HOLDING,GHS,565074.71,565074.71,SBL-SOV-017052,SEC.BOND.10Y,1206,2018-03-15,2028-01-22,2028-01-22,0.2375,FIXED,565074.71,BR-001,0,GHGGB3065139
SECURITY.POSITION/3006699,SECURITY_HOLDING,GHS,280918.31,280918.31,SBL-SOV-017052,SEC.BOND.10Y,1206,2022-08-11,2032-06-19,2032-06-19,0.2328,FIXED,280918.31,BR-001,0,GHGGB1512553
SECURITY.POSITION/3006700,SECURITY_HOLDING,GHS,687938.11,687938.11,SBL-SOV-017052,SEC.BOND.10Y,1206,2022-10-06,2032-08-14,2032-08-14,0.2388,FIXED,687938.11,BR-001,0,GHGGB5486823
SECURITY.POSITION/3006701,SECURITY_HOLDING,GHS,43886.65,43886.65,SBL-SOV-017052,SEC.BOND.10Y,1206,2025-01-25,2034-12-04,2034-12-04,0.233,FIXED,43886.65,BR-001,0,GHGGB4443618
SECURITY.POSITION/3006702,SECURITY_HOLDING,GHS,136960.09,136960.09,SBL-SOV-017052,SEC.BOND.10Y,1206,2019-06-24,2029-05-02,2029-05-02,0.2398,FIXED,136960.09,BR-001,0,GHGGB6627675
