# Sample Bank EOD ladder — liquid-asset book (SECURITY_HOLDING + INTERBANK_PLACEMENT, API_PUSH source) as at close of business 2026-06-25 (Thursday); push with as_of_date=2026-06-25. One rung of the daily position ladder BSD1 reads; the deposit and loan sub-ledgers are not in this file.
source_reference,position_type,currency,balance,notional,counterparty_reference,product_code,gl_account_code,origination_date,contractual_maturity,next_repricing_date,interest_rate,rate_type,attributes.balance_ghs,attributes.branch_id,attributes.months_on_book,attributes.isin
MM.MONEY.MARKET/4006471,INTERBANK_PLACEMENT,GHS,1468983.31,1468983.31,SBL-BANK-017042,IB.PLACE.GHS,1101,2026-06-03,2026-07-20,2026-07-20,0.1365,FIXED,1468983.31,BR-001,0,
MM.MONEY.MARKET/4006472,INTERBANK_PLACEMENT,GHS,4552613.23,4552613.23,SBL-BANK-017050,IB.PLACE.GHS,1101,2026-06-25,2026-07-01,2026-07-01,0.1387,FIXED,4552613.23,BR-001,0,
MM.MONEY.MARKET/4006473,INTERBANK_PLACEMENT,GHS,313227.69,313227.69,SBL-BANK-017042,IB.PLACE.GHS,1101,2026-06-16,2026-09-06,2026-09-06,0.1432,FIXED,313227.69,BR-001,0,
MM.MONEY.MARKET/4006474,INTERBANK_PLACEMENT,GHS,6688988.90,6688988.90,SBL-BANK-017043,IB.PLACE.GHS,1101,2026-06-14,2026-08-25,2026-08-25,0.1384,FIXED,6688988.90,BR-001,0,
MM.MONEY.MARKET/4006475,INTERBANK_PLACEMENT,GHS,1207483.06,1207483.06,SBL-BANK-017047,IB.PLACE.GHS,1101,2026-05-18,2026-07-16,2026-07-16,0.1406,FIXED,1207483.06,BR-001,0,
MM.MONEY.MARKET/4006476,INTERBANK_PLACEMENT,GHS,566819.80,566819.80,SBL-BANK-017049,IB.PLACE.GHS,1101,2026-05-20,2026-07-16,2026-07-16,0.1413,FIXED,566819.80,BR-001,0,
MM.MONEY.MARKET/4006480,INTERBANK_PLACEMENT,GHS,1452516.92,1452516.92,SBL-BANK-017049,IB.PLACE.GHS,1101,2026-06-05,2026-07-18,2026-07-18,0.1446,FIXED,1452516.92,BR-001,0,
MM.MONEY.MARKET/4006481,INTERBANK_PLACEMENT,GHS,217272.52,217272.52,SBL-BANK-017047,IB.PLACE.GHS,1101,2026-05-01,2026-07-01,2026-07-01,0.1424,FIXED,217272.52,BR-001,0,
MM.MONEY.MARKET/4006482,INTERBANK_PLACEMENT,GHS,481433.11,481433.11,SBL-BANK-017043,IB.PLACE.GHS,1101,2026-06-16,2026-08-04,2026-08-04,0.1427,FIXED,481433.11,BR-001,0,
MM.MONEY.MARKET/4006483,INTERBANK_PLACEMENT,GHS,2416266.47,2416266.47,SBL-BANK-017043,IB.PLACE.GHS,1101,2026-06-03,2026-08-08,2026-08-08,0.1427,FIXED,2416266.47,BR-001,0,
MM.MONEY.MARKET/4006484,INTERBANK_PLACEMENT,GHS,698440.02,698440.02,SBL-BANK-017043,IB.PLACE.GHS,1101,2026-06-06,2026-07-03,2026-07-03,0.1415,FIXED,698440.02,BR-001,0,
MM.MONEY.MARKET/4006485,INTERBANK_PLACEMENT,GHS,4677073.03,4677073.03,SBL-BANK-017050,IB.PLACE.GHS,1101,2026-05-20,2026-07-29,2026-07-29,0.1429,FIXED,4677073.03,BR-001,0,
MM.MONEY.MARKET/4006486,INTERBANK_PLACEMENT,GHS,365182.31,365182.31,SBL-BANK-017045,IB.PLACE.GHS,1101,2026-06-04,2026-07-01,2026-07-01,0.1428,FIXED,365182.31,BR-001,0,
MM.MONEY.MARKET/4006487,INTERBANK_PLACEMENT,GHS,8539709.54,8539709.54,SBL-BANK-017042,IB.PLACE.GHS,1101,2026-06-06,2026-08-26,2026-08-26,0.1401,FIXED,8539709.54,BR-001,0,
MM.MONEY.MARKET/4006488,INTERBANK_PLACEMENT,GHS,372171.29,372171.29,SBL-BANK-017051,IB.PLACE.GHS,1101,2026-05-17,2026-08-10,2026-08-10,0.1411,FIXED,372171.29,BR-001,0,
MM.MONEY.MARKET/4006490,INTERBANK_PLACEMENT,USD,412760.19,412760.19,SBL-BANK-017050,IB.PLACE.USD,1102,2026-05-28,2026-07-17,2026-07-17,0.0508,FIXED,5341118.58,BR-001,0,
MM.MONEY.MARKET/4006491,INTERBANK_PLACEMENT,USD,641219.40,641219.40,SBL-BANK-017044,IB.PLACE.USD,1102,2026-06-02,2026-08-21,2026-08-21,0.0522,FIXED,8297381.72,BR-001,0,
MM.MONEY.MARKET/4006493,INTERBANK_PLACEMENT,USD,456923.09,456923.09,SBL-BANK-017049,IB.PLACE.USD,1102,2026-05-30,2026-07-08,2026-07-08,0.0526,FIXED,5912586.69,BR-001,0,
MM.MONEY.MARKET/4006494,INTERBANK_PLACEMENT,USD,249800.82,249800.82,SBL-BANK-017047,IB.PLACE.USD,1102,2026-05-14,2026-07-20,2026-07-20,0.0543,FIXED,3232423.65,BR-001,0,
MM.MONEY.MARKET/4006495,INTERBANK_PLACEMENT,USD,146012.69,146012.69,SBL-BANK-017051,IB.PLACE.USD,1102,2026-05-11,2026-07-23,2026-07-23,0.0546,FIXED,1889404.82,BR-001,0,
MM.MONEY.MARKET/4006496,INTERBANK_PLACEMENT,USD,453188.36,453188.36,SBL-BANK-017045,IB.PLACE.USD,1102,2026-05-03,2026-07-19,2026-07-19,0.056,FIXED,5864259.27,BR-001,0,
MM.MONEY.MARKET/4006498,INTERBANK_PLACEMENT,USD,67528.81,67528.81,SBL-BANK-017042,IB.PLACE.USD,1102,2026-06-05,2026-08-02,2026-08-02,0.0515,FIXED,873823.08,BR-001,0,
MM.MONEY.MARKET/4006499,INTERBANK_PLACEMENT,USD,901429.41,901429.41,SBL-BANK-017041,IB.PLACE.USD,1102,2026-06-13,2026-07-06,2026-07-06,0.0511,FIXED,11664500.33,BR-001,0,
MM.MONEY.MARKET/4006500,INTERBANK_PLACEMENT,USD,613341.00,613341.00,SBL-BANK-017049,IB.PLACE.USD,1102,2026-06-03,2026-07-24,2026-07-24,0.0527,FIXED,7936635.10,BR-001,0,
SECURITY.POSITION/3000420,SECURITY_HOLDING,GHS,47508.77,47508.77,SBL-SOV-017052,SEC.BOND.10Y,1206,2016-11-13,2026-09-22,2026-09-22,0.2419,FIXED,47508.77,BR-001,112,GHGGB5249229
SECURITY.POSITION/3000612,SECURITY_HOLDING,GHS,415.36,415.36,SBL-SOV-017052,SEC.BOND.10Y,1206,2017-06-14,2027-04-23,2027-04-23,0.2361,FIXED,415.36,BR-001,108,GHGGB8250024
SECURITY.POSITION/3000618,SECURITY_HOLDING,GHS,467.00,467.00,SBL-SOV-017052,SEC.BOND.10Y,1206,2017-01-08,2026-11-17,2026-11-17,0.2311,FIXED,467.00,BR-001,108,GHGGB2196990
SECURITY.POSITION/3000673,SECURITY_HOLDING,GHS,139490.44,139490.44,SBL-SOV-017052,SEC.BOND.10Y,1206,2017-05-16,2027-03-25,2027-03-25,0.2378,FIXED,139490.44,BR-001,107,GHGGB8062535
SECURITY.POSITION/3000833,SECURITY_HOLDING,GHS,54827.32,54827.32,SBL-SOV-017052,SEC.BOND.10Y,1206,2017-03-21,2027-01-28,2027-01-28,0.2384,FIXED,54827.32,BR-001,104,GHGGB3639830
SECURITY.POSITION/3000836,SECURITY_HOLDING,GHS,70866.38,70866.38,SBL-SOV-017052,SEC.BOND.10Y,1206,2017-01-03,2026-11-12,2026-11-12,0.2374,FIXED,70866.38,BR-001,104,GHGGB4288520
SECURITY.POSITION/3000841,SECURITY_HOLDING,GHS,142496.68,142496.68,SBL-SOV-017052,SEC.BOND.10Y,1206,2016-09-08,2026-07-18,2026-07-18,0.238,FIXED,142496.68,BR-001,104,GHGGB9351939
SECURITY.POSITION/3000890,SECURITY_HOLDING,GHS,135146.93,135146.93,SBL-SOV-017052,SEC.BOND.10Y,1206,2016-10-27,2026-09-05,2026-09-05,0.2466,FIXED,135146.93,BR-001,103,GHGGB7073739
SECURITY.POSITION/3000942,SECURITY_HOLDING,GHS,45675.51,45675.51,SBL-SOV-017052,SEC.BOND.10Y,1206,2017-02-08,2026-12-18,2026-12-18,0.2434,FIXED,45675.51,BR-001,102,GHGGB4318998
SECURITY.POSITION/3001000,SECURITY_HOLDING,GHS,76743.90,76743.90,SBL-SOV-017052,SEC.BOND.10Y,1206,2017-09-03,2027-07-13,2027-07-13,0.2335,FIXED,76743.90,BR-001,101,GHGGB1992875
SECURITY.POSITION/3001003,SECURITY_HOLDING,GHS,111716.49,111716.49,SBL-SOV-017052,SEC.BOND.10Y,1206,2017-01-11,2026-11-20,2026-11-20,0.2274,FIXED,111716.49,BR-001,101,GHGGB2279266
SECURITY.POSITION/3001007,SECURITY_HOLDING,GHS,11701.52,11701.52,SBL-SOV-017052,SEC.BOND.10Y,1206,2017-02-06,2026-12-16,2026-12-16,0.2283,FIXED,11701.52,BR-001,101,GHGGB8437911
SECURITY.POSITION/3001196,SECURITY_HOLDING,GHS,18242.37,18242.37,SBL-SOV-017052,SEC.BOND.10Y,1206,2017-11-28,2027-10-07,2027-10-07,0.2318,FIXED,18242.37,BR-001,97,GHGGB3590864
SECURITY.POSITION/3001312,SECURITY_HOLDING,GHS,151895.27,151895.27,SBL-SOV-017052,SEC.BOND.10Y,1206,2018-05-28,2028-04-05,2028-04-05,0.226,FIXED,151895.27,BR-001,95,GHGGB7088538
SECURITY.POSITION/3001315,SECURITY_HOLDING,GHS,93950.94,93950.94,SBL-SOV-017052,SEC.BOND.10Y,1206,2017-07-31,2027-06-09,2027-06-09,0.2275,FIXED,93950.94,BR-001,95,GHGGB7145780
SECURITY.POSITION/3001317,SECURITY_HOLDING,GHS,44959.07,44959.07,SBL-SOV-017052,SEC.BOND.10Y,1206,2017-02-20,2026-12-30,2026-12-30,0.232,FIXED,44959.07,BR-001,95,GHGGB1719998
SECURITY.POSITION/3001424,SECURITY_HOLDING,GHS,155872.64,155872.64,SBL-SOV-017052,SEC.BOND.10Y,1206,2018-03-13,2028-01-20,2028-01-20,0.2257,FIXED,155872.64,BR-001,93,GHGGB2562504
SECURITY.POSITION/3001426,SECURITY_HOLDING,GHS,18512.60,18512.60,SBL-SOV-017052,SEC.BOND.10Y,1206,2016-09-02,2026-07-12,2026-07-12,0.2337,FIXED,18512.60,BR-001,93,GHGGB5698052
SECURITY.POSITION/3001428,SECURITY_HOLDING,GHS,119953.00,119953.00,SBL-SOV-017052,SEC.BOND.10Y,1206,2017-01-27,2026-12-06,2026-12-06,0.2345,FIXED,119953.00,BR-001,93,GHGGB2285782
SECURITY.POSITION/3001472,SECURITY_HOLDING,GHS,71898.70,71898.70,SBL-SOV-017052,SEC.BOND.10Y,1206,2017-06-15,2027-04-24,2027-04-24,0.2284,FIXED,71898.70,BR-001,92,GHGGB6208828
SECURITY.POSITION/3001536,SECURITY_HOLDING,GHS,4691.64,4691.64,SBL-SOV-017052,SEC.BOND.10Y,1206,2018-07-04,2028-05-12,2028-05-12,0.2303,FIXED,4691.64,BR-001,91,GHGGB7094058
SECURITY.POSITION/3001539,SECURITY_HOLDING,GHS,30624.09,30624.09,SBL-SOV-017052,SEC.BOND.10Y,1206,2017-01-06,2026-11-15,2026-11-15,0.2263,FIXED,30624.09,BR-001,91,GHGGB5274469
SECURITY.POSITION/3001589,SECURITY_HOLDING,GHS,132517.65,132517.65,SBL-SOV-017052,SEC.BOND.10Y,1206,2017-03-12,2027-01-19,2027-01-19,0.2322,FIXED,132517.65,BR-001,90,GHGGB7837603
SECURITY.POSITION/3001594,SECURITY_HOLDING,GHS,260932.55,260932.55,SBL-SOV-017052,SEC.BOND.10Y,1206,2016-11-16,2026-09-25,2026-09-25,0.2341,FIXED,260932.55,BR-001,90,GHGGB9234453
SECURITY.POSITION/3001655,SECURITY_HOLDING,GHS,76796.10,76796.10,SBL-SOV-017052,SEC.BOND.10Y,1206,2018-04-26,2028-03-04,2028-03-04,0.2304,FIXED,76796.10,BR-001,89,GHGGB9016005
SECURITY.POSITION/3001657,SECURITY_HOLDING,GHS,41574.50,41574.50,SBL-SOV-017052,SEC.BOND.10Y,1206,2018-10-08,2028-08-16,2028-08-16,0.2365,FIXED,41574.50,BR-001,89,GHGGB4873235
SECURITY.POSITION/3001659,SECURITY_HOLDING,GHS,10143.80,10143.80,SBL-SOV-017052,SEC.BOND.10Y,1206,2017-08-22,2027-07-01,2027-07-01,0.2304,FIXED,10143.80,BR-001,89,GHGGB8251290
SECURITY.POSITION/3001723,SECURITY_HOLDING,GHS,46186.34,46186.34,SBL-SOV-017052,SEC.BOND.10Y,1206,2018-03-04,2028-01-11,2028-01-11,0.2301,FIXED,46186.34,BR-001,88,GHGGB9720041
SECURITY.POSITION/3001725,SECURITY_HOLDING,GHS,96343.40,96343.40,SBL-SOV-017052,SEC.BOND.10Y,1206,2016-09-20,2026-07-30,2026-07-30,0.2323,FIXED,96343.40,BR-001,88,GHGGB2110132
SECURITY.POSITION/3001777,SECURITY_HOLDING,GHS,23887.94,23887.94,SBL-SOV-017052,SEC.BOND.10Y,1206,2017-05-10,2027-03-19,2027-03-19,0.2345,FIXED,23887.94,BR-001,87,GHGGB8432546
SECURITY.POSITION/3001778,SECURITY_HOLDING,GHS,97017.11,97017.11,SBL-SOV-017052,SEC.BOND.10Y,1206,2018-02-15,2027-12-25,2027-12-25,0.2347,FIXED,97017.11,BR-001,87,GHGGB5911826
SECURITY.POSITION/3001779,SECURITY_HOLDING,GHS,44408.08,44408.08,SBL-SOV-017052,SEC.BOND.10Y,1206,2018-08-22,2028-06-30,2028-06-30,0.2358,FIXED,44408.08,BR-001,87,GHGGB2580412
SECURITY.POSITION/3001783,SECURITY_HOLDING,GHS,55985.22,55985.22,SBL-SOV-017052,SEC.BOND.10Y,1206,2016-12-28,2026-11-06,2026-11-06,0.2328,FIXED,55985.22,BR-001,87,GHGGB1730733
SECURITY.POSITION/3001784,SECURITY_HOLDING,GHS,36276.11,36276.11,SBL-SOV-017052,SEC.BOND.10Y,1206,2018-03-27,2028-02-03,2028-02-03,0.2272,FIXED,36276.11,BR-001,87,GHGGB8394170
SECURITY.POSITION/3001786,SECURITY_HOLDING,GHS,25877.24,25877.24,SBL-SOV-017052,SEC.BOND.10Y,1206,2018-12-27,2028-11-04,2028-11-04,0.2324,FIXED,25877.24,BR-001,87,GHGGB4755412
SECURITY.POSITION/3001846,SECURITY_HOLDING,GHS,119690.54,119690.54,SBL-SOV-017052,SEC.BOND.10Y,1206,2017-03-30,2027-02-06,2027-02-06,0.225,FIXED,119690.54,BR-001,86,GHGGB5054631
SECURITY.POSITION/3001848,SECURITY_HOLDING,GHS,142606.17,142606.17,SBL-SOV-017052,SEC.BOND.10Y,1206,2018-02-06,2027-12-16,2027-12-16,0.2264,FIXED,142606.17,BR-001,86,GHGGB9089226
SECURITY.POSITION/3001898,SECURITY_HOLDING,GHS,353057.25,353057.25,SBL-SOV-017052,SEC.BOND.10Y,1206,2016-10-21,2026-08-30,2026-08-30,0.2284,FIXED,353057.25,BR-001,85,GHGGB1639212
SECURITY.POSITION/3001901,SECURITY_HOLDING,GHS,70208.09,70208.09,SBL-SOV-017052,SEC.BOND.10Y,1206,2016-09-29,2026-08-08,2026-08-08,0.2359,FIXED,70208.09,BR-001,85,GHGGB8435810
SECURITY.POSITION/3001903,SECURITY_HOLDING,GHS,90197.78,90197.78,SBL-SOV-017052,SEC.BOND.10Y,1206,2017-04-12,2027-02-19,2027-02-19,0.2364,FIXED,90197.78,BR-001,85,GHGGB1558345
SECURITY.POSITION/3002000,SECURITY_HOLDING,GHS,36285.93,36285.93,SBL-SOV-017052,SEC.BOND.10Y,1206,2017-08-05,2027-06-14,2027-06-14,0.2272,FIXED,36285.93,BR-001,83,GHGGB1282288
SECURITY.POSITION/3002001,SECURITY_HOLDING,GHS,241347.76,241347.76,SBL-SOV-017052,SEC.BOND.10Y,1206,2018-12-18,2028-10-26,2028-10-26,0.2303,FIXED,241347.76,BR-001,83,GHGGB2928270
SECURITY.POSITION/3002002,SECURITY_HOLDING,GHS,70226.68,70226.68,SBL-SOV-017052,SEC.BOND.10Y,1206,2019-03-24,2029-01-30,2029-01-30,0.2363,FIXED,70226.68,BR-001,83,GHGGB2282675
SECURITY.POSITION/3002003,SECURITY_HOLDING,GHS,33933.44,33933.44,SBL-SOV-017052,SEC.BOND.10Y,1206,2019-01-27,2028-12-05,2028-12-05,0.2339,FIXED,33933.44,BR-001,83,GHGGB9079099
SECURITY.POSITION/3002010,SECURITY_HOLDING,GHS,26719.35,26719.35,SBL-SOV-017052,SEC.BOND.10Y,1206,2018-03-10,2028-01-17,2028-01-17,0.2302,FIXED,26719.35,BR-001,83,GHGGB5386250
SECURITY.POSITION/3002056,SECURITY_HOLDING,GHS,147060.84,147060.84,SBL-SOV-017052,SEC.BOND.10Y,1206,2018-07-21,2028-05-29,2028-05-29,0.2298,FIXED,147060.84,BR-001,82,GHGGB5697021
SECURITY.POSITION/3002060,SECURITY_HOLDING,GHS,169558.31,169558.31,SBL-SOV-017052,SEC.BOND.10Y,1206,2019-06-22,2029-04-30,2029-04-30,0.2359,FIXED,169558.31,BR-001,82,GHGGB3148557
SECURITY.POSITION/3002109,SECURITY_HOLDING,GHS,1238858.77,1238858.77,SBL-SOV-017052,SEC.BOND.10Y,1206,2018-02-19,2027-12-29,2027-12-29,0.2316,FIXED,1238858.77,BR-001,81,GHGGB6147320
SECURITY.POSITION/3002161,SECURITY_HOLDING,GHS,278272.46,278272.46,SBL-SOV-017052,SEC.BOND.10Y,1206,2018-05-24,2028-04-01,2028-04-01,0.2317,FIXED,278272.46,BR-001,80,GHGGB5801981
SECURITY.POSITION/3002164,SECURITY_HOLDING,GHS,116324.49,116324.49,SBL-SOV-017052,SEC.BOND.10Y,1206,2018-06-06,2028-04-14,2028-04-14,0.238,FIXED,116324.49,BR-001,80,GHGGB1448331
SECURITY.POSITION/3002167,SECURITY_HOLDING,GHS,91349.18,91349.18,SBL-SOV-017052,SEC.BOND.10Y,1206,2017-03-03,2027-01-10,2027-01-10,0.2368,FIXED,91349.18,BR-001,80,GHGGB6838354
SECURITY.POSITION/3002168,SECURITY_HOLDING,GHS,58042.20,58042.20,SBL-SOV-017052,SEC.BOND.10Y,1206,2019-04-27,2029-03-05,2029-03-05,0.2302,FIXED,58042.20,BR-001,80,GHGGB7226779
SECURITY.POSITION/3002218,SECURITY_HOLDING,GHS,24843.23,24843.23,SBL-SOV-017052,SEC.BOND.10Y,1206,2018-09-20,2028-07-29,2028-07-29,0.2323,FIXED,24843.23,BR-001,79,GHGGB2268060
SECURITY.POSITION/3002219,SECURITY_HOLDING,GHS,60358.91,60358.91,SBL-SOV-017052,SEC.BOND.10Y,1206,2018-09-16,2028-07-25,2028-07-25,0.234,FIXED,60358.91,BR-001,79,GHGGB5738416
SECURITY.POSITION/3002221,SECURITY_HOLDING,GHS,54427.00,54427.00,SBL-SOV-017052,SEC.BOND.10Y,1206,2019-03-20,2029-01-26,2029-01-26,0.2306,FIXED,54427.00,BR-001,79,GHGGB5218673
SECURITY.POSITION/3002223,SECURITY_HOLDING,GHS,96316.20,96316.20,SBL-SOV-017052,SEC.BOND.10Y,1206,2017-06-16,2027-04-25,2027-04-25,0.2345,FIXED,96316.20,BR-001,79,GHGGB6619582
SECURITY.POSITION/3002274,SECURITY_HOLDING,GHS,85938.66,85938.66,SBL-SOV-017052,SEC.BOND.10Y,1206,2017-08-25,2027-07-04,2027-07-04,0.2336,FIXED,85938.66,BR-001,78,GHGGB9540323
SECURITY.POSITION/3002276,SECURITY_HOLDING,GHS,25159.39,25159.39,SBL-SOV-017052,SEC.BOND.10Y,1206,2019-07-16,2029-05-24,2029-05-24,0.2252,FIXED,25159.39,BR-001,78,GHGGB6281313
SECURITY.POSITION/3002329,SECURITY_HOLDING,GHS,41341.67,41341.67,SBL-SOV-017052,SEC.BOND.10Y,1206,2019-05-07,2029-03-15,2029-03-15,0.2137,FIXED,41341.67,BR-001,77,GHGGB4267959
SECURITY.POSITION/3002334,SECURITY_HOLDING,GHS,18717.43,18717.43,SBL-SOV-017052,SEC.BOND.10Y,1206,2017-12-22,2027-10-31,2027-10-31,0.2114,FIXED,18717.43,BR-001,77,GHGGB7498136
SECURITY.POSITION/3002337,SECURITY_HOLDING,GHS,9234.81,9234.81,SBL-SOV-017052,SEC.BOND.10Y,1206,2017-01-20,2026-11-29,2026-11-29,0.2089,FIXED,9234.81,BR-001,77,GHGGB8118360
SECURITY.POSITION/3002388,SECURITY_HOLDING,GHS,102398.56,102398.56,SBL-SOV-017052,SEC.BOND.10Y,1206,2016-09-02,2026-07-12,2026-07-12,0.2097,FIXED,102398.56,BR-001,76,GHGGB7657348
SECURITY.POSITION/3002390,SECURITY_HOLDING,GHS,72846.40,72846.40,SBL-SOV-017052,SEC.BOND.10Y,1206,2016-11-01,2026-09-10,2026-09-10,0.2156,FIXED,72846.40,BR-001,76,GHGGB7490082
SECURITY.POSITION/3002392,SECURITY_HOLDING,GHS,129539.31,129539.31,SBL-SOV-017052,SEC.BOND.10Y,1206,2019-04-30,2029-03-08,2029-03-08,0.2111,FIXED,129539.31,BR-001,76,GHGGB1841361
SECURITY.POSITION/3002395,SECURITY_HOLDING,GHS,67212.30,67212.30,SBL-SOV-017052,SEC.BOND.10Y,1206,2017-08-27,2027-07-06,2027-07-06,0.2102,FIXED,67212.30,BR-001,76,GHGGB3247649
SECURITY.POSITION/3002496,SECURITY_HOLDING,GHS,36134.29,36134.29,SBL-SOV-017052,SEC.BOND.10Y,1206,2019-07-25,2029-06-02,2029-06-02,0.2115,FIXED,36134.29,BR-001,74,GHGGB7702105
SECURITY.POSITION/3002639,SECURITY_HOLDING,GHS,55833.40,55833.40,SBL-SOV-017052,SEC.BOND.10Y,1206,2018-09-22,2028-07-31,2028-07-31,0.2125,FIXED,55833.40,BR-001,71,GHGGB2642109
SECURITY.POSITION/3002640,SECURITY_HOLDING,GHS,49007.03,49007.03,SBL-SOV-017052,SEC.BOND.10Y,1206,2019-03-03,2029-01-09,2029-01-09,0.2106,FIXED,49007.03,BR-001,71,GHGGB4149074
SECURITY.POSITION/3002642,SECURITY_HOLDING,GHS,96556.43,96556.43,SBL-SOV-017052,SEC.BOND.10Y,1206,2017-06-11,2027-04-20,2027-04-20,0.2123,FIXED,96556.43,BR-001,71,GHGGB7862476
SECURITY.POSITION/3002644,SECURITY_HOLDING,GHS,42665.08,42665.08,SBL-SOV-017052,SEC.BOND.10Y,1206,2020-05-12,2030-03-21,2030-03-21,0.2123,FIXED,42665.08,BR-001,71,GHGGB4458089
SECURITY.POSITION/3002646,SECURITY_HOLDING,GHS,5175.55,5175.55,SBL-SOV-017052,SEC.BOND.10Y,1206,2018-10-25,2028-09-02,2028-09-02,0.2094,FIXED,5175.55,BR-001,71,GHGGB8216733
SECURITY.POSITION/3002695,SECURITY_HOLDING,GHS,47097.34,47097.34,SBL-SOV-017052,SEC.BOND.10Y,1206,2016-10-23,2026-09-01,2026-09-01,0.2093,FIXED,47097.34,BR-001,70,GHGGB2669218
SECURITY.POSITION/3002751,SECURITY_HOLDING,GHS,15372.54,15372.54,SBL-SOV-017052,SEC.BOND.10Y,1206,2018-10-23,2028-08-31,2028-08-31,0.2173,FIXED,15372.54,BR-001,69,GHGGB3420563
SECURITY.POSITION/3002752,SECURITY_HOLDING,GHS,11672.05,11672.05,SBL-SOV-017052,SEC.BOND.10Y,1206,2018-03-28,2028-02-04,2028-02-04,0.2084,FIXED,11672.05,BR-001,69,GHGGB8630207
SECURITY.POSITION/3002754,SECURITY_HOLDING,GHS,13871.83,13871.83,SBL-SOV-017052,SEC.BOND.10Y,1206,2019-05-19,2029-03-27,2029-03-27,0.2113,FIXED,13871.83,BR-001,69,GHGGB5644299
SECURITY.POSITION/3002755,SECURITY_HOLDING,GHS,10687.05,10687.05,SBL-SOV-017052,SEC.BOND.10Y,1206,2018-08-20,2028-06-28,2028-06-28,0.2147,FIXED,10687.05,BR-001,69,GHGGB3379382
SECURITY.POSITION/3002756,SECURITY_HOLDING,GHS,10650.95,10650.95,SBL-SOV-017052,SEC.BOND.10Y,1206,2019-02-02,2028-12-11,2028-12-11,0.2108,FIXED,10650.95,BR-001,69,GHGGB3230241
SECURITY.POSITION/3002811,SECURITY_HOLDING,GHS,50434.51,50434.51,SBL-SOV-017052,SEC.BOND.10Y,1206,2018-07-24,2028-06-01,2028-06-01,0.2119,FIXED,50434.51,BR-001,68,GHGGB9934214
SECURITY.POSITION/3002812,SECURITY_HOLDING,GHS,17658.94,17658.94,SBL-SOV-017052,SEC.BOND.10Y,1206,2020-06-12,2030-04-21,2030-04-21,0.2208,FIXED,17658.94,BR-001,68,GHGGB4640377
SECURITY.POSITION/3002813,SECURITY_HOLDING,GHS,920.78,920.78,SBL-SOV-017052,SEC.BOND.10Y,1206,2017-01-08,2026-11-17,2026-11-17,0.2158,FIXED,920.78,BR-001,68,GHGGB9637187
SECURITY.POSITION/3002814,SECURITY_HOLDING,GHS,28276.82,28276.82,SBL-SOV-017052,SEC.BOND.10Y,1206,2020-05-22,2030-03-31,2030-03-31,0.2095,FIXED,28276.82,BR-001,68,GHGGB1305258
SECURITY.POSITION/3002870,SECURITY_HOLDING,GHS,28191.05,28191.05,SBL-SOV-017052,SEC.BOND.10Y,1206,2020-01-25,2029-12-03,2029-12-03,0.2123,FIXED,28191.05,BR-001,67,GHGGB9427948
SECURITY.POSITION/3002872,SECURITY_HOLDING,GHS,19510.27,19510.27,SBL-SOV-017052,SEC.BOND.10Y,1206,2019-11-18,2029-09-26,2029-09-26,0.2114,FIXED,19510.27,BR-001,67,GHGGB9746262
SECURITY.POSITION/3002874,SECURITY_HOLDING,GHS,42660.27,42660.27,SBL-SOV-017052,SEC.BOND.10Y,1206,2018-04-08,2028-02-15,2028-02-15,0.2151,FIXED,42660.27,BR-001,67,GHGGB3866483
SECURITY.POSITION/3002927,SECURITY_HOLDING,GHS,43140.71,43140.71,SBL-SOV-017052,SEC.BOND.10Y,1206,2017-05-18,2027-03-27,2027-03-27,0.2097,FIXED,43140.71,BR-001,66,GHGGB2805471
SECURITY.POSITION/3002928,SECURITY_HOLDING,GHS,5670.22,5670.22,SBL-SOV-017052,SEC.BOND.10Y,1206,2019-04-18,2029-02-24,2029-02-24,0.2075,FIXED,5670.22,BR-001,66,GHGGB2353330
SECURITY.POSITION/3002930,SECURITY_HOLDING,GHS,175743.08,175743.08,SBL-SOV-017052,SEC.BOND.10Y,1206,2018-04-19,2028-02-26,2028-02-26,0.2072,FIXED,175743.08,BR-001,66,GHGGB7220323
SECURITY.POSITION/3002991,SECURITY_HOLDING,GHS,78474.50,78474.50,SBL-SOV-017052,SEC.BOND.10Y,1206,2018-01-19,2027-11-28,2027-11-28,0.207,FIXED,78474.50,BR-001,65,GHGGB3136204
SECURITY.POSITION/3002996,SECURITY_HOLDING,GHS,5986.54,5986.54,SBL-SOV-017052,SEC.BOND.10Y,1206,2020-03-26,2030-02-02,2030-02-02,0.2082,FIXED,5986.54,BR-001,65,GHGGB6689260
SECURITY.POSITION/3002997,SECURITY_HOLDING,GHS,346679.30,346679.30,SBL-SOV-017052,SEC.BOND.10Y,1206,2018-12-10,2028-10-18,2028-10-18,0.2123,FIXED,346679.30,BR-001,65,GHGGB6493776
SECURITY.POSITION/3002998,SECURITY_HOLDING,GHS,379005.06,379005.06,SBL-SOV-017052,SEC.BOND.10Y,1206,2019-11-12,2029-09-20,2029-09-20,0.2102,FIXED,379005.06,BR-001,65,GHGGB4400886
SECURITY.POSITION/3003000,SECURITY_HOLDING,GHS,158949.93,158949.93,SBL-SOV-017052,SEC.BOND.10Y,1206,2016-10-21,2026-08-30,2026-08-30,0.2073,FIXED,158949.93,BR-001,65,GHGGB3101474
SECURITY.POSITION/3003094,SECURITY_HOLDING,GHS,918.82,918.82,SBL-SOV-017052,SEC.BOND.10Y,1206,2018-10-23,2028-08-31,2028-08-31,0.2111,FIXED,918.82,BR-001,63,GHGGB7235285
SECURITY.POSITION/3003096,SECURITY_HOLDING,GHS,987.73,987.73,SBL-SOV-017052,SEC.BOND.10Y,1206,2020-06-07,2030-04-16,2030-04-16,0.2129,FIXED,987.73,BR-001,63,GHGGB7760130
SECURITY.POSITION/3003099,SECURITY_HOLDING,GHS,6866.13,6866.13,SBL-SOV-017052,SEC.BOND.10Y,1206,2017-01-03,2026-11-12,2026-11-12,0.2057,FIXED,6866.13,BR-001,63,GHGGB8703944
SECURITY.POSITION/3003100,SECURITY_HOLDING,GHS,2824.59,2824.59,SBL-SOV-017052,SEC.BOND.10Y,1206,2016-09-15,2026-07-25,2026-07-25,0.2137,FIXED,2824.59,BR-001,63,GHGGB4752484
SECURITY.POSITION/3003102,SECURITY_HOLDING,GHS,1956.40,1956.40,SBL-SOV-017052,SEC.BOND.10Y,1206,2018-11-08,2028-09-16,2028-09-16,0.2151,FIXED,1956.40,BR-001,63,GHGGB4797680
SECURITY.POSITION/3003103,SECURITY_HOLDING,GHS,6794.06,6794.06,SBL-SOV-017052,SEC.BOND.10Y,1206,2019-06-25,2029-05-03,2029-05-03,0.2132,FIXED,6794.06,BR-001,63,GHGGB6507794
SECURITY.POSITION/3003156,SECURITY_HOLDING,GHS,88915.74,88915.74,SBL-SOV-017052,SEC.BOND.10Y,1206,2017-06-16,2027-04-25,2027-04-25,0.2114,FIXED,88915.74,BR-001,62,GHGGB9098127
SECURITY.POSITION/3003158,SECURITY_HOLDING,GHS,99729.66,99729.66,SBL-SOV-017052,SEC.BOND.10Y,1206,2021-04-11,2031-02-18,2031-02-18,0.2072,FIXED,99729.66,BR-001,62,GHGGB9704909
SECURITY.POSITION/3003159,SECURITY_HOLDING,GHS,209559.93,209559.93,SBL-SOV-017052,SEC.BOND.10Y,1206,2019-11-02,2029-09-10,2029-09-10,0.2108,FIXED,209559.93,BR-001,62,GHGGB1373367
SECURITY.POSITION/3003160,SECURITY_HOLDING,GHS,317865.92,317865.92,SBL-SOV-017052,SEC.BOND.10Y,1206,2018-10-09,2028-08-17,2028-08-17,0.2117,FIXED,317865.92,BR-001,62,GHGGB4704661
SECURITY.POSITION/3003163,SECURITY_HOLDING,GHS,137903.04,137903.04,SBL-SOV-017052,SEC.BOND.10Y,1206,2019-06-04,2029-04-12,2029-04-12,0.2077,FIXED,137903.04,BR-001,62,GHGGB4029472
SECURITY.POSITION/3003164,SECURITY_HOLDING,GHS,58477.20,58477.20,SBL-SOV-017052,SEC.BOND.10Y,1206,2021-02-17,2030-12-27,2030-12-27,0.2072,FIXED,58477.20,BR-001,62,GHGGB7823127
SECURITY.POSITION/3003205,SECURITY_HOLDING,GHS,84544.80,84544.80,SBL-SOV-017052,SEC.BOND.10Y,1206,2017-01-05,2026-11-14,2026-11-14,0.214,FIXED,84544.80,BR-001,61,GHGGB9765921
SECURITY.POSITION/3003209,SECURITY_HOLDING,GHS,62647.01,62647.01,SBL-SOV-017052,SEC.BOND.10Y,1206,2020-06-11,2030-04-20,2030-04-20,0.2102,FIXED,62647.01,BR-001,61,GHGGB8727812
SECURITY.POSITION/3003210,SECURITY_HOLDING,GHS,63788.82,63788.82,SBL-SOV-017052,SEC.BOND.10Y,1206,2017-01-06,2026-11-15,2026-11-15,0.2135,FIXED,63788.82,BR-001,61,GHGGB5116600
SECURITY.POSITION/3003211,SECURITY_HOLDING,GHS,167024.64,167024.64,SBL-SOV-017052,SEC.BOND.10Y,1206,2020-08-06,2030-06-15,2030-06-15,0.2146,FIXED,167024.64,BR-001,61,GHGGB6028933
SECURITY.POSITION/3003212,SECURITY_HOLDING,GHS,34219.88,34219.88,SBL-SOV-017052,SEC.BOND.10Y,1206,2016-11-27,2026-10-06,2026-10-06,0.2124,FIXED,34219.88,BR-001,61,GHGGB1362112
SECURITY.POSITION/3003256,SECURITY_HOLDING,GHS,58523.74,58523.74,SBL-SOV-017052,SEC.BOND.10Y,1206,2021-05-20,2031-03-29,2031-03-29,0.2096,FIXED,58523.74,BR-001,60,GHGGB6889003
SECURITY.POSITION/3003259,SECURITY_HOLDING,GHS,65586.96,65586.96,SBL-SOV-017052,SEC.BOND.10Y,1206,2020-12-29,2030-11-07,2030-11-07,0.2072,FIXED,65586.96,BR-001,60,GHGGB5338280
SECURITY.POSITION/3003260,SECURITY_HOLDING,GHS,86040.22,86040.22,SBL-SOV-017052,SEC.BOND.10Y,1206,2019-04-15,2029-02-21,2029-02-21,0.2091,FIXED,86040.22,BR-001,60,GHGGB6709632
SECURITY.POSITION/3003307,SECURITY_HOLDING,GHS,32413.07,32413.07,SBL-SOV-017052,SEC.BOND.10Y,1206,2016-09-15,2026-07-25,2026-07-25,0.2297,FIXED,32413.07,BR-001,59,GHGGB8120172
SECURITY.POSITION/3003309,SECURITY_HOLDING,GHS,68892.50,68892.50,SBL-SOV-017052,SEC.BOND.10Y,1206,2020-03-25,2030-02-01,2030-02-01,0.2286,FIXED,68892.50,BR-001,59,GHGGB3159557
SECURITY.POSITION/3003310,SECURITY_HOLDING,GHS,8347.64,8347.64,SBL-SOV-017052,SEC.BOND.10Y,1206,2018-02-11,2027-12-21,2027-12-21,0.2276,FIXED,8347.64,BR-001,59,GHGGB2154524
SECURITY.POSITION/3003311,SECURITY_HOLDING,GHS,47016.72,47016.72,SBL-SOV-017052,SEC.BOND.10Y,1206,2021-06-24,2031-05-03,2031-05-03,0.2325,FIXED,47016.72,BR-001,59,GHGGB7513056
SECURITY.POSITION/3003312,SECURITY_HOLDING,GHS,100602.43,100602.43,SBL-SOV-017052,SEC.BOND.10Y,1206,2019-08-06,2029-06-14,2029-06-14,0.2292,FIXED,100602.43,BR-001,59,GHGGB2637641
SECURITY.POSITION/3003313,SECURITY_HOLDING,GHS,25727.08,25727.08,SBL-SOV-017052,SEC.BOND.10Y,1206,2019-12-11,2029-10-19,2029-10-19,0.2271,FIXED,25727.08,BR-001,59,GHGGB8610513
SECURITY.POSITION/3003314,SECURITY_HOLDING,GHS,14002.04,14002.04,SBL-SOV-017052,SEC.BOND.10Y,1206,2017-12-27,2027-11-05,2027-11-05,0.2241,FIXED,14002.04,BR-001,59,GHGGB6414558
SECURITY.POSITION/3003315,SECURITY_HOLDING,GHS,14257.72,14257.72,SBL-SOV-017052,SEC.BOND.10Y,1206,2020-05-12,2030-03-21,2030-03-21,0.2279,FIXED,14257.72,BR-001,59,GHGGB1814454
SECURITY.POSITION/3003317,SECURITY_HOLDING,GHS,69771.60,69771.60,SBL-SOV-017052,SEC.BOND.10Y,1206,2018-02-27,2028-01-06,2028-01-06,0.2256,FIXED,69771.60,BR-001,59,GHGGB5036940
SECURITY.POSITION/3003318,SECURITY_HOLDING,GHS,14942.16,14942.16,SBL-SOV-017052,SEC.BOND.10Y,1206,2020-12-26,2030-11-04,2030-11-04,0.2301,FIXED,14942.16,BR-001,59,GHGGB7996895
SECURITY.POSITION/3003378,SECURITY_HOLDING,GHS,16098.28,16098.28,SBL-SOV-017052,SEC.BOND.10Y,1206,2018-02-07,2027-12-17,2027-12-17,0.2296,FIXED,16098.28,BR-001,58,GHGGB1714633
SECURITY.POSITION/3003381,SECURITY_HOLDING,GHS,34904.43,34904.43,SBL-SOV-017052,SEC.BOND.10Y,1206,2017-06-11,2027-04-20,2027-04-20,0.2286,FIXED,34904.43,BR-001,58,GHGGB1513065
SECURITY.POSITION/3003383,SECURITY_HOLDING,GHS,89058.41,89058.41,SBL-SOV-017052,SEC.BOND.10Y,1206,2020-03-01,2030-01-08,2030-01-08,0.23,FIXED,89058.41,BR-001,58,GHGGB4394970
SECURITY.POSITION/3003386,SECURITY_HOLDING,GHS,113452.13,113452.13,SBL-SOV-017052,SEC.BOND.10Y,1206,2021-08-20,2031-06-29,2031-06-29,0.2295,FIXED,113452.13,BR-001,58,GHGGB9817948
SECURITY.POSITION/3003388,SECURITY_HOLDING,GHS,36923.02,36923.02,SBL-SOV-017052,SEC.BOND.10Y,1206,2017-11-22,2027-10-01,2027-10-01,0.2219,FIXED,36923.02,BR-001,58,GHGGB5372408
SECURITY.POSITION/3003439,SECURITY_HOLDING,GHS,482645.39,482645.39,SBL-SOV-017052,SEC.BOND.5Y,1205,2021-08-20,2026-07-25,2026-07-25,0.2141,FIXED,482645.39,BR-001,57,GHGGB8662019
SECURITY.POSITION/3003441,SECURITY_HOLDING,GHS,50020.46,50020.46,SBL-SOV-017052,SEC.BOND.10Y,1206,2020-09-23,2030-08-02,2030-08-02,0.2199,FIXED,50020.46,BR-001,57,GHGGB2314421
SECURITY.POSITION/3003443,SECURITY_HOLDING,GHS,29083.90,29083.90,SBL-SOV-017052,SEC.BOND.10Y,1206,2021-01-28,2030-12-07,2030-12-07,0.2233,FIXED,29083.90,BR-001,57,GHGGB9616338
SECURITY.POSITION/3003445,SECURITY_HOLDING,GHS,177692.26,177692.26,SBL-SOV-017052,SEC.BOND.10Y,1206,2019-04-30,2029-03-08,2029-03-08,0.2256,FIXED,177692.26,BR-001,57,GHGGB5960191
SECURITY.POSITION/3003446,SECURITY_HOLDING,GHS,18388.17,18388.17,SBL-SOV-017052,SEC.BOND.10Y,1206,2017-12-06,2027-10-15,2027-10-15,0.2275,FIXED,18388.17,BR-001,57,GHGGB5072625
SECURITY.POSITION/3003447,SECURITY_HOLDING,GHS,28299.47,28299.47,SBL-SOV-017052,SEC.BOND.10Y,1206,2017-11-01,2027-09-10,2027-09-10,0.2228,FIXED,28299.47,BR-001,57,GHGGB5397871
SECURITY.POSITION/3003482,SECURITY_HOLDING,GHS,24170.21,24170.21,SBL-SOV-017052,SEC.BOND.5Y,1205,2021-09-09,2026-08-14,2026-08-14,0.206,FIXED,24170.21,BR-001,56,GHGGB8179869
SECURITY.POSITION/3003488,SECURITY_HOLDING,GHS,3778.31,3778.31,SBL-SOV-017052,SEC.BOND.10Y,1206,2019-07-26,2029-06-03,2029-06-03,0.232,FIXED,3778.31,BR-001,56,GHGGB2433739
SECURITY.POSITION/3003489,SECURITY_HOLDING,GHS,1052.92,1052.92,SBL-SOV-017052,SEC.BOND.10Y,1206,2019-02-27,2029-01-05,2029-01-05,0.2363,FIXED,1052.92,BR-001,56,GHGGB3263729
SECURITY.POSITION/3003490,SECURITY_HOLDING,GHS,8226.38,8226.38,SBL-SOV-017052,SEC.BOND.10Y,1206,2021-10-02,2031-08-11,2031-08-11,0.2304,FIXED,8226.38,BR-001,56,GHGGB3734405
SECURITY.POSITION/3003493,SECURITY_HOLDING,GHS,2703.98,2703.98,SBL-SOV-017052,SEC.BOND.10Y,1206,2018-12-20,2028-10-28,2028-10-28,0.2372,FIXED,2703.98,BR-001,56,GHGGB1934511
SECURITY.POSITION/3003494,SECURITY_HOLDING,GHS,6023.07,6023.07,SBL-SOV-017052,SEC.BOND.10Y,1206,2019-02-22,2028-12-31,2028-12-31,0.2331,FIXED,6023.07,BR-001,56,GHGGB8306616
SECURITY.POSITION/3003495,SECURITY_HOLDING,GHS,4485.66,4485.66,SBL-SOV-017052,SEC.BOND.10Y,1206,2019-09-19,2029-07-28,2029-07-28,0.2325,FIXED,4485.66,BR-001,56,GHGGB3663368
SECURITY.POSITION/3003497,SECURITY_HOLDING,GHS,1397.27,1397.27,SBL-SOV-017052,SEC.BOND.10Y,1206,2017-02-12,2026-12-22,2026-12-22,0.2303,FIXED,1397.27,BR-001,56,GHGGB9946048
SECURITY.POSITION/3003498,SECURITY_HOLDING,GHS,3031.53,3031.53,SBL-SOV-017052,SEC.BOND.10Y,1206,2018-08-21,2028-06-29,2028-06-29,0.2278,FIXED,3031.53,BR-001,56,GHGGB1887163
SECURITY.POSITION/3003549,SECURITY_HOLDING,GHS,139733.16,139733.16,SBL-SOV-017052,SEC.BOND.10Y,1206,2017-07-16,2027-05-25,2027-05-25,0.2264,FIXED,139733.16,BR-001,55,GHGGB9669517
SECURITY.POSITION/3003551,SECURITY_HOLDING,GHS,159585.60,159585.60,SBL-SOV-017052,SEC.BOND.10Y,1206,2020-12-24,2030-11-02,2030-11-02,0.2245,FIXED,159585.60,BR-001,55,GHGGB7638686
SECURITY.POSITION/3003552,SECURITY_HOLDING,GHS,33248.15,33248.15,SBL-SOV-017052,SEC.BOND.10Y,1206,2020-05-13,2030-03-22,2030-03-22,0.2224,FIXED,33248.15,BR-001,55,GHGGB2568532
SECURITY.POSITION/3003553,SECURITY_HOLDING,GHS,118070.42,118070.42,SBL-SOV-017052,SEC.BOND.10Y,1206,2018-01-25,2027-12-04,2027-12-04,0.2242,FIXED,118070.42,BR-001,55,GHGGB8494851
SECURITY.POSITION/3003554,SECURITY_HOLDING,GHS,55727.09,55727.09,SBL-SOV-017052,SEC.BOND.10Y,1206,2020-09-10,2030-07-20,2030-07-20,0.2221,FIXED,55727.09,BR-001,55,GHGGB7562731
SECURITY.POSITION/3003555,SECURITY_HOLDING,GHS,56901.10,56901.10,SBL-SOV-017052,SEC.BOND.10Y,1206,2018-04-22,2028-02-29,2028-02-29,0.226,FIXED,56901.10,BR-001,55,GHGGB9216600
SECURITY.POSITION/3003557,SECURITY_HOLDING,GHS,24299.50,24299.50,SBL-SOV-017052,SEC.BOND.10Y,1206,2018-09-26,2028-08-04,2028-08-04,0.2236,FIXED,24299.50,BR-001,55,GHGGB9303389
SECURITY.POSITION/3003558,SECURITY_HOLDING,GHS,135694.41,135694.41,SBL-SOV-017052,SEC.BOND.10Y,1206,2021-06-20,2031-04-29,2031-04-29,0.229,FIXED,135694.41,BR-001,55,GHGGB4230817
SECURITY.POSITION/3003559,SECURITY_HOLDING,GHS,68363.31,68363.31,SBL-SOV-017052,SEC.BOND.10Y,1206,2018-11-20,2028-09-28,2028-09-28,0.2218,FIXED,68363.31,BR-001,55,GHGGB5150673
SECURITY.POSITION/3003560,SECURITY_HOLDING,GHS,132985.05,132985.05,SBL-SOV-017052,SEC.BOND.10Y,1206,2020-05-28,2030-04-06,2030-04-06,0.2195,FIXED,132985.05,BR-001,55,GHGGB4382429
SECURITY.POSITION/3003604,SECURITY_HOLDING,GHS,100328.39,100328.39,SBL-SOV-017052,SEC.BOND.5Y,1205,2021-11-23,2026-10-28,2026-10-28,0.2096,FIXED,100328.39,BR-001,54,GHGGB8586691
SECURITY.POSITION/3003609,SECURITY_HOLDING,GHS,21918.61,21918.61,SBL-SOV-017052,SEC.BOND.10Y,1206,2019-05-17,2029-03-25,2029-03-25,0.2312,FIXED,21918.61,BR-001,54,GHGGB1438781
SECURITY.POSITION/3003610,SECURITY_HOLDING,GHS,39303.74,39303.74,SBL-SOV-017052,SEC.BOND.10Y,1206,2017-03-21,2027-01-28,2027-01-28,0.2324,FIXED,39303.74,BR-001,54,GHGGB5685218
SECURITY.POSITION/3003614,SECURITY_HOLDING,GHS,54002.09,54002.09,SBL-SOV-017052,SEC.BOND.10Y,1206,2018-02-25,2028-01-04,2028-01-04,0.2192,FIXED,54002.09,BR-001,54,GHGGB5959916
SECURITY.POSITION/3003617,SECURITY_HOLDING,GHS,202980.41,202980.41,SBL-SOV-017052,SEC.BOND.10Y,1206,2021-07-07,2031-05-16,2031-05-16,0.2318,FIXED,202980.41,BR-001,54,GHGGB6789418
SECURITY.POSITION/3003619,SECURITY_HOLDING,GHS,103052.77,103052.77,SBL-SOV-017052,SEC.BOND.10Y,1206,2021-02-26,2031-01-05,2031-01-05,0.2295,FIXED,103052.77,BR-001,54,GHGGB2415700
SECURITY.POSITION/3003620,SECURITY_HOLDING,GHS,52922.20,52922.20,SBL-SOV-017052,SEC.BOND.10Y,1206,2017-01-11,2026-11-20,2026-11-20,0.2286,FIXED,52922.20,BR-001,54,GHGGB7227153
SECURITY.POSITION/3003673,SECURITY_HOLDING,GHS,369294.09,369294.09,SBL-SOV-017052,SEC.BOND.5Y,1205,2021-11-02,2026-10-07,2026-10-07,0.2084,FIXED,369294.09,BR-001,53,GHGGB3612776
SECURITY.POSITION/3003678,SECURITY_HOLDING,GHS,33423.33,33423.33,SBL-SOV-017052,SEC.BOND.10Y,1206,2021-12-10,2031-10-19,2031-10-19,0.2289,FIXED,33423.33,BR-001,53,GHGGB6487717
SECURITY.POSITION/3003682,SECURITY_HOLDING,GHS,33455.31,33455.31,SBL-SOV-017052,SEC.BOND.10Y,1206,2019-11-21,2029-09-29,2029-09-29,0.2271,FIXED,33455.31,BR-001,53,GHGGB5662831
SECURITY.POSITION/3003683,SECURITY_HOLDING,GHS,157567.17,157567.17,SBL-SOV-017052,SEC.BOND.10Y,1206,2021-12-14,2031-10-23,2031-10-23,0.2282,FIXED,157567.17,BR-001,53,GHGGB3169448
SECURITY.POSITION/3003686,SECURITY_HOLDING,GHS,167766.64,167766.64,SBL-SOV-017052,SEC.BOND.10Y,1206,2016-12-28,2026-11-06,2026-11-06,0.2252,FIXED,167766.64,BR-001,53,GHGGB1720805
SECURITY.POSITION/3003688,SECURITY_HOLDING,GHS,85497.92,85497.92,SBL-SOV-017052,SEC.BOND.10Y,1206,2016-12-12,2026-10-21,2026-10-21,0.229,FIXED,85497.92,BR-001,53,GHGGB1951903
SECURITY.POSITION/3003728,SECURITY_HOLDING,GHS,67361.75,67361.75,SBL-SOV-017052,SEC.BOND.5Y,1205,2021-11-01,2026-10-06,2026-10-06,0.2121,FIXED,67361.75,BR-001,52,GHGGB7447250
SECURITY.POSITION/3003731,SECURITY_HOLDING,GHS,766399.64,766399.64,SBL-SOV-017052,SEC.BOND.5Y,1205,2021-10-29,2026-10-03,2026-10-03,0.2104,FIXED,766399.64,BR-001,52,GHGGB3153526
SECURITY.POSITION/3003734,SECURITY_HOLDING,GHS,62472.50,62472.50,SBL-SOV-017052,SEC.BOND.5Y,1205,2022-02-28,2027-02-02,2027-02-02,0.2134,FIXED,62472.50,BR-001,52,GHGGB7480825
SECURITY.POSITION/3003736,SECURITY_HOLDING,GHS,817825.64,817825.64,SBL-SOV-017052,SEC.BOND.5Y,1205,2022-02-12,2027-01-17,2027-01-17,0.2166,FIXED,817825.64,BR-001,52,GHGGB2408147
SECURITY.POSITION/3003738,SECURITY_HOLDING,GHS,326773.49,326773.49,SBL-SOV-017052,SEC.BOND.10Y,1206,2018-11-27,2028-10-05,2028-10-05,0.2303,FIXED,326773.49,BR-001,52,GHGGB5958537
SECURITY.POSITION/3003740,SECURITY_HOLDING,GHS,96428.84,96428.84,SBL-SOV-017052,SEC.BOND.10Y,1206,2017-11-29,2027-10-08,2027-10-08,0.2285,FIXED,96428.84,BR-001,52,GHGGB6124716
SECURITY.POSITION/3003741,SECURITY_HOLDING,GHS,252419.13,252419.13,SBL-SOV-017052,SEC.BOND.10Y,1206,2018-08-17,2028-06-25,2028-06-25,0.2249,FIXED,252419.13,BR-001,52,GHGGB3818188
SECURITY.POSITION/3003786,SECURITY_HOLDING,GHS,370037.78,370037.78,SBL-SOV-017052,SEC.BOND.5Y,1205,2021-07-27,2026-07-01,2026-07-01,0.3302,FIXED,370037.78,BR-001,51,GHGGB1344559
SECURITY.POSITION/3003788,SECURITY_HOLDING,GHS,28447.90,28447.90,SBL-SOV-017052,SEC.BOND.5Y,1205,2021-08-24,2026-07-29,2026-07-29,0.3289,FIXED,28447.90,BR-001,51,GHGGB7832514
SECURITY.POSITION/3003795,SECURITY_HOLDING,GHS,26061.08,26061.08,SBL-SOV-017052,SEC.BOND.10Y,1206,2020-10-15,2030-08-24,2030-08-24,0.3112,FIXED,26061.08,BR-001,51,GHGGB1957445
SECURITY.POSITION/3003796,SECURITY_HOLDING,GHS,97674.86,97674.86,SBL-SOV-017052,SEC.BOND.10Y,1206,2017-02-14,2026-12-24,2026-12-24,0.3092,FIXED,97674.86,BR-001,51,GHGGB4230536
SECURITY.POSITION/3003797,SECURITY_HOLDING,GHS,93849.27,93849.27,SBL-SOV-017052,SEC.BOND.10Y,1206,2021-01-03,2030-11-12,2030-11-12,0.3131,FIXED,93849.27,BR-001,51,GHGGB7503122
SECURITY.POSITION/3003799,SECURITY_HOLDING,GHS,43453.37,43453.37,SBL-SOV-017052,SEC.BOND.10Y,1206,2018-03-11,2028-01-18,2028-01-18,0.3079,FIXED,43453.37,BR-001,51,GHGGB5140980
SECURITY.POSITION/3003800,SECURITY_HOLDING,GHS,96726.44,96726.44,SBL-SOV-017052,SEC.BOND.10Y,1206,2017-09-06,2027-07-16,2027-07-16,0.3167,FIXED,96726.44,BR-001,51,GHGGB6623523
SECURITY.POSITION/3003801,SECURITY_HOLDING,GHS,31366.26,31366.26,SBL-SOV-017052,SEC.BOND.10Y,1206,2017-01-03,2026-11-12,2026-11-12,0.3165,FIXED,31366.26,BR-001,51,GHGGB4807314
SECURITY.POSITION/3003802,SECURITY_HOLDING,GHS,51046.70,51046.70,SBL-SOV-017052,SEC.BOND.10Y,1206,2017-03-04,2027-01-11,2027-01-11,0.3115,FIXED,51046.70,BR-001,51,GHGGB8349818
SECURITY.POSITION/3003845,SECURITY_HOLDING,GHS,86311.11,86311.11,SBL-SOV-017052,SEC.BOND.10Y,1206,2019-08-29,2029-07-07,2029-07-07,0.3101,FIXED,86311.11,BR-001,50,GHGGB7395370
SECURITY.POSITION/3003846,SECURITY_HOLDING,GHS,192410.13,192410.13,SBL-SOV-017052,SEC.BOND.10Y,1206,2022-04-08,2032-02-15,2032-02-15,0.316,FIXED,192410.13,BR-001,50,GHGGB2773182
SECURITY.POSITION/3003847,SECURITY_HOLDING,GHS,608637.99,608637.99,SBL-SOV-017052,SEC.BOND.10Y,1206,2017-07-30,2027-06-08,2027-06-08,0.3168,FIXED,608637.99,BR-001,50,GHGGB5501307
SECURITY.POSITION/3003850,SECURITY_HOLDING,GHS,177753.35,177753.35,SBL-SOV-017052,SEC.BOND.10Y,1206,2019-11-05,2029-09-13,2029-09-13,0.3037,FIXED,177753.35,BR-001,50,GHGGB9901050
SECURITY.POSITION/3003852,SECURITY_HOLDING,GHS,89444.65,89444.65,SBL-SOV-017052,SEC.BOND.10Y,1206,2021-09-01,2031-07-11,2031-07-11,0.3133,FIXED,89444.65,BR-001,50,GHGGB6958545
SECURITY.POSITION/3003853,SECURITY_HOLDING,GHS,336715.03,336715.03,SBL-SOV-017052,SEC.BOND.10Y,1206,2018-04-27,2028-03-05,2028-03-05,0.3094,FIXED,336715.03,BR-001,50,GHGGB7171438
SECURITY.POSITION/3003855,SECURITY_HOLDING,GHS,218012.70,218012.70,SBL-SOV-017052,SEC.BOND.10Y,1206,2021-01-14,2030-11-23,2030-11-23,0.3094,FIXED,218012.70,BR-001,50,GHGGB9609094
SECURITY.POSITION/3003895,SECURITY_HOLDING,GHS,398337.49,398337.49,SBL-SOV-017052,SEC.BOND.5Y,1205,2021-08-10,2026-07-15,2026-07-15,0.3271,FIXED,398337.49,BR-001,49,GHGGB8882233
SECURITY.POSITION/3003896,SECURITY_HOLDING,GHS,124055.82,124055.82,SBL-SOV-017052,SEC.BOND.5Y,1205,2021-12-30,2026-12-04,2026-12-04,0.3219,FIXED,124055.82,BR-001,49,GHGGB2110385
SECURITY.POSITION/3003899,SECURITY_HOLDING,GHS,237643.36,237643.36,SBL-SOV-017052,SEC.BOND.5Y,1205,2022-05-17,2027-04-21,2027-04-21,0.3225,FIXED,237643.36,BR-001,49,GHGGB1550858
SECURITY.POSITION/3003903,SECURITY_HOLDING,GHS,161995.69,161995.69,SBL-SOV-017052,SEC.BOND.5Y,1205,2021-12-14,2026-11-18,2026-11-18,0.3232,FIXED,161995.69,BR-001,49,GHGGB2491633
SECURITY.POSITION/3003906,SECURITY_HOLDING,GHS,8177.73,8177.73,SBL-SOV-017052,SEC.BOND.10Y,1206,2020-10-21,2030-08-30,2030-08-30,0.3163,FIXED,8177.73,BR-001,49,GHGGB6372151
SECURITY.POSITION/3003907,SECURITY_HOLDING,GHS,228962.63,228962.63,SBL-SOV-017052,SEC.BOND.10Y,1206,2020-07-27,2030-06-05,2030-06-05,0.3147,FIXED,228962.63,BR-001,49,GHGGB1390416
SECURITY.POSITION/3003908,SECURITY_HOLDING,GHS,7371.34,7371.34,SBL-SOV-017052,SEC.BOND.10Y,1206,2021-05-21,2031-03-30,2031-03-30,0.3113,FIXED,7371.34,BR-001,49,GHGGB8917258
SECURITY.POSITION/3003909,SECURITY_HOLDING,GHS,47002.12,47002.12,SBL-SOV-017052,SEC.BOND.10Y,1206,2021-03-23,2031-01-30,2031-01-30,0.308,FIXED,47002.12,BR-001,49,GHGGB3625514
SECURITY.POSITION/3003911,SECURITY_HOLDING,GHS,125220.09,125220.09,SBL-SOV-017052,SEC.BOND.10Y,1206,2017-12-01,2027-10-10,2027-10-10,0.3111,FIXED,125220.09,BR-001,49,GHGGB2877439
SECURITY.POSITION/3003954,SECURITY_HOLDING,GHS,101828.39,101828.39,SBL-SOV-017052,SEC.BOND.5Y,1205,2022-02-15,2027-01-20,2027-01-20,0.3255,FIXED,101828.39,BR-001,48,GHGGB9662928
SECURITY.POSITION/3003962,SECURITY_HOLDING,GHS,318955.93,318955.93,SBL-SOV-017052,SEC.BOND.5Y,1205,2021-11-13,2026-10-18,2026-10-18,0.3274,FIXED,318955.93,BR-001,48,GHGGB6817613
SECURITY.POSITION/3003964,SECURITY_HOLDING,GHS,27139.02,27139.02,SBL-SOV-017052,SEC.BOND.10Y,1206,2022-04-25,2032-03-03,2032-03-03,0.3105,FIXED,27139.02,BR-001,48,GHGGB3459235
SECURITY.POSITION/3003965,SECURITY_HOLDING,GHS,49975.98,49975.98,SBL-SOV-017052,SEC.BOND.10Y,1206,2020-05-31,2030-04-09,2030-04-09,0.3101,FIXED,49975.98,BR-001,48,GHGGB7703012
SECURITY.POSITION/3003966,SECURITY_HOLDING,GHS,28480.58,28480.58,SBL-SOV-017052,SEC.BOND.10Y,1206,2017-06-04,2027-04-13,2027-04-13,0.3119,FIXED,28480.58,BR-001,48,GHGGB7418370
SECURITY.POSITION/3003967,SECURITY_HOLDING,GHS,27754.89,27754.89,SBL-SOV-017052,SEC.BOND.10Y,1206,2018-04-21,2028-02-28,2028-02-28,0.3141,FIXED,27754.89,BR-001,48,GHGGB1305694
SECURITY.POSITION/3003968,SECURITY_HOLDING,GHS,7271.31,7271.31,SBL-SOV-017052,SEC.BOND.10Y,1206,2021-08-05,2031-06-14,2031-06-14,0.3148,FIXED,7271.31,BR-001,48,GHGGB4934036
SECURITY.POSITION/3003969,SECURITY_HOLDING,GHS,11042.14,11042.14,SBL-SOV-017052,SEC.BOND.10Y,1206,2019-08-08,2029-06-16,2029-06-16,0.312,FIXED,11042.14,BR-001,48,GHGGB6244781
SECURITY.POSITION/3003970,SECURITY_HOLDING,GHS,45061.95,45061.95,SBL-SOV-017052,SEC.BOND.10Y,1206,2019-08-09,2029-06-17,2029-06-17,0.3029,FIXED,45061.95,BR-001,48,GHGGB3273911
SECURITY.POSITION/3004056,SECURITY_HOLDING,GHS,180215.55,180215.55,SBL-SOV-017052,SEC.BOND.5Y,1205,2022-02-26,2027-01-31,2027-01-31,0.3168,FIXED,180215.55,BR-001,46,GHGGB2323883
SECURITY.POSITION/3004063,SECURITY_HOLDING,GHS,195705.72,195705.72,SBL-SOV-017052,SEC.BOND.10Y,1206,2019-05-03,2029-03-11,2029-03-11,0.3136,FIXED,195705.72,BR-001,46,GHGGB5306846
SECURITY.POSITION/3004064,SECURITY_HOLDING,GHS,330260.44,330260.44,SBL-SOV-017052,SEC.BOND.10Y,1206,2019-05-13,2029-03-21,2029-03-21,0.3108,FIXED,330260.44,BR-001,46,GHGGB5799367
SECURITY.POSITION/3004065,SECURITY_HOLDING,GHS,223432.87,223432.87,SBL-SOV-017052,SEC.BOND.10Y,1206,2022-08-14,2032-06-22,2032-06-22,0.3161,FIXED,223432.87,BR-001,46,GHGGB9188198
SECURITY.POSITION/3004066,SECURITY_HOLDING,GHS,111879.00,111879.00,SBL-SOV-017052,SEC.BOND.10Y,1206,2020-05-25,2030-04-03,2030-04-03,0.3104,FIXED,111879.00,BR-001,46,GHGGB3476945
SECURITY.POSITION/3004067,SECURITY_HOLDING,GHS,160290.26,160290.26,SBL-SOV-017052,SEC.BOND.10Y,1206,2016-12-15,2026-10-24,2026-10-24,0.3139,FIXED,160290.26,BR-001,46,GHGGB7599346
SECURITY.POSITION/3004068,SECURITY_HOLDING,GHS,397936.97,397936.97,SBL-SOV-017052,SEC.BOND.10Y,1206,2017-02-26,2027-01-05,2027-01-05,0.3113,FIXED,397936.97,BR-001,46,GHGGB5063860
SECURITY.POSITION/3004069,SECURITY_HOLDING,GHS,178184.96,178184.96,SBL-SOV-017052,SEC.BOND.10Y,1206,2020-03-12,2030-01-19,2030-01-19,0.3096,FIXED,178184.96,BR-001,46,GHGGB5363014
SECURITY.POSITION/3004113,SECURITY_HOLDING,GHS,26351.61,26351.61,SBL-SOV-017052,SEC.BOND.5Y,1205,2022-06-17,2027-05-22,2027-05-22,0.3274,FIXED,26351.61,BR-001,45,GHGGB2701012
SECURITY.POSITION/3004120,SECURITY_HOLDING,GHS,585137.84,585137.84,SBL-SOV-017052,SEC.BOND.5Y,1205,2022-04-05,2027-03-10,2027-03-10,0.328,FIXED,585137.84,BR-001,45,GHGGB7187439
SECURITY.POSITION/3004122,SECURITY_HOLDING,GHS,506.27,506.27,SBL-SOV-017052,SEC.BOND.10Y,1206,2018-09-16,2028-07-25,2028-07-25,0.3179,FIXED,506.27,BR-001,45,GHGGB6391334
SECURITY.POSITION/3004124,SECURITY_HOLDING,GHS,1734.19,1734.19,SBL-SOV-017052,SEC.BOND.10Y,1206,2022-09-11,2032-07-20,2032-07-20,0.318,FIXED,1734.19,BR-001,45,GHGGB1667504
SECURITY.POSITION/3004126,SECURITY_HOLDING,GHS,297.95,297.95,SBL-SOV-017052,SEC.BOND.10Y,1206,2019-01-13,2028-11-21,2028-11-21,0.3236,FIXED,297.95,BR-001,45,GHGGB1864401
SECURITY.POSITION/3004129,SECURITY_HOLDING,GHS,1590.66,1590.66,SBL-SOV-017052,SEC.BOND.10Y,1206,2019-08-15,2029-06-23,2029-06-23,0.3139,FIXED,1590.66,BR-001,45,GHGGB2151658
SECURITY.POSITION/3004131,SECURITY_HOLDING,GHS,238.60,238.60,SBL-SOV-017052,SEC.BOND.10Y,1206,2018-11-08,2028-09-16,2028-09-16,0.3146,FIXED,238.60,BR-001,45,GHGGB5431762
SECURITY.POSITION/3004169,SECURITY_HOLDING,GHS,45735.72,45735.72,SBL-SOV-017052,SEC.BOND.5Y,1205,2022-05-30,2027-05-04,2027-05-04,0.3205,FIXED,45735.72,BR-001,44,GHGGB1590882
SECURITY.POSITION/3004170,SECURITY_HOLDING,GHS,17428.64,17428.64,SBL-SOV-017052,SEC.BOND.5Y,1205,2022-08-04,2027-07-09,2027-07-09,0.3253,FIXED,17428.64,BR-001,44,GHGGB2887167
SECURITY.POSITION/3004175,SECURITY_HOLDING,GHS,72423.28,72423.28,SBL-SOV-017052,SEC.BOND.5Y,1205,2021-11-30,2026-11-04,2026-11-04,0.3214,FIXED,72423.28,BR-001,44,GHGGB3441861
SECURITY.POSITION/3004182,SECURITY_HOLDING,GHS,279088.33,279088.33,SBL-SOV-017052,SEC.BOND.10Y,1206,2017-09-23,2027-08-02,2027-08-02,0.3182,FIXED,279088.33,BR-001,44,GHGGB6821253
SECURITY.POSITION/3004183,SECURITY_HOLDING,GHS,201618.43,201618.43,SBL-SOV-017052,SEC.BOND.10Y,1206,2021-05-18,2031-03-27,2031-03-27,0.315,FIXED,201618.43,BR-001,44,GHGGB9321278
SECURITY.POSITION/3004184,SECURITY_HOLDING,GHS,159388.77,159388.77,SBL-SOV-017052,SEC.BOND.10Y,1206,2020-03-16,2030-01-23,2030-01-23,0.316,FIXED,159388.77,BR-001,44,GHGGB4777848
SECURITY.POSITION/3004185,SECURITY_HOLDING,GHS,131970.26,131970.26,SBL-SOV-017052,SEC.BOND.10Y,1206,2017-12-14,2027-10-23,2027-10-23,0.3159,FIXED,131970.26,BR-001,44,GHGGB5445674
SECURITY.POSITION/3004186,SECURITY_HOLDING,GHS,41503.70,41503.70,SBL-SOV-017052,SEC.BOND.10Y,1206,2019-08-08,2029-06-16,2029-06-16,0.3177,FIXED,41503.70,BR-001,44,GHGGB3632957
SECURITY.POSITION/3004229,SECURITY_HOLDING,GHS,811390.12,811390.12,SBL-SOV-017052,SEC.BOND.5Y,1205,2022-10-12,2027-09-16,2027-09-16,0.3265,FIXED,811390.12,BR-001,43,GHGGB7259375
SECURITY.POSITION/3004230,SECURITY_HOLDING,GHS,33224.65,33224.65,SBL-SOV-017052,SEC.BOND.5Y,1205,2022-09-28,2027-09-02,2027-09-02,0.3297,FIXED,33224.65,BR-001,43,GHGGB4261108
SECURITY.POSITION/3004233,SECURITY_HOLDING,GHS,268261.08,268261.08,SBL-SOV-017052,SEC.BOND.5Y,1205,2021-08-05,2026-07-10,2026-07-10,0.3284,FIXED,268261.08,BR-001,43,GHGGB9069236
SECURITY.POSITION/3004235,SECURITY_HOLDING,GHS,358383.09,358383.09,SBL-SOV-017052,SEC.BOND.5Y,1205,2022-03-11,2027-02-13,2027-02-13,0.3298,FIXED,358383.09,BR-001,43,GHGGB8488063
SECURITY.POSITION/3004237,SECURITY_HOLDING,GHS,388071.34,388071.34,SBL-SOV-017052,SEC.BOND.5Y,1205,2022-06-08,2027-05-13,2027-05-13,0.3255,FIXED,388071.34,BR-001,43,GHGGB6375932
SECURITY.POSITION/3004241,SECURITY_HOLDING,GHS,161814.34,161814.34,SBL-SOV-017052,SEC.BOND.10Y,1206,2020-05-31,2030-04-09,2030-04-09,0.3134,FIXED,161814.34,BR-001,43,GHGGB2718965
SECURITY.POSITION/3004242,SECURITY_HOLDING,GHS,33149.59,33149.59,SBL-SOV-017052,SEC.BOND.10Y,1206,2022-03-19,2032-01-26,2032-01-26,0.3156,FIXED,33149.59,BR-001,43,GHGGB5644008
SECURITY.POSITION/3004243,SECURITY_HOLDING,GHS,142982.20,142982.20,SBL-SOV-017052,SEC.BOND.10Y,1206,2016-10-19,2026-08-28,2026-08-28,0.3101,FIXED,142982.20,BR-001,43,GHGGB8950047
SECURITY.POSITION/3004244,SECURITY_HOLDING,GHS,55344.40,55344.40,SBL-SOV-017052,SEC.BOND.10Y,1206,2019-11-05,2029-09-13,2029-09-13,0.3216,FIXED,55344.40,BR-001,43,GHGGB8292325
SECURITY.POSITION/3004245,SECURITY_HOLDING,GHS,141126.42,141126.42,SBL-SOV-017052,SEC.BOND.10Y,1206,2022-09-29,2032-08-07,2032-08-07,0.3143,FIXED,141126.42,BR-001,43,GHGGB6079134
SECURITY.POSITION/3004246,SECURITY_HOLDING,GHS,26546.53,26546.53,SBL-SOV-017052,SEC.BOND.10Y,1206,2020-11-24,2030-10-03,2030-10-03,0.3128,FIXED,26546.53,BR-001,43,GHGGB8673073
SECURITY.POSITION/3004288,SECURITY_HOLDING,GHS,1164575.73,1164575.73,SBL-SOV-017052,SEC.BOND.5Y,1205,2022-05-24,2027-04-28,2027-04-28,0.3261,FIXED,1164575.73,BR-001,42,GHGGB2931567
SECURITY.POSITION/3004295,SECURITY_HOLDING,GHS,33655.36,33655.36,SBL-SOV-017052,SEC.BOND.10Y,1206,2021-09-24,2031-08-03,2031-08-03,0.3257,FIXED,33655.36,BR-001,42,GHGGB4705268
SECURITY.POSITION/3004297,SECURITY_HOLDING,GHS,65972.87,65972.87,SBL-SOV-017052,SEC.BOND.10Y,1206,2021-11-27,2031-10-06,2031-10-06,0.3277,FIXED,65972.87,BR-001,42,GHGGB6361531
SECURITY.POSITION/3004299,SECURITY_HOLDING,GHS,136253.85,136253.85,SBL-SOV-017052,SEC.BOND.10Y,1206,2021-05-23,2031-04-01,2031-04-01,0.3259,FIXED,136253.85,BR-001,42,GHGGB8595631
SECURITY.POSITION/3004335,SECURITY_HOLDING,GHS,470989.24,470989.24,SBL-SOV-017052,SEC.BOND.5Y,1205,2022-12-29,2027-12-03,2027-12-03,0.323,FIXED,470989.24,BR-001,41,GHGGB7437884
SECURITY.POSITION/3004337,SECURITY_HOLDING,GHS,115224.04,115224.04,SBL-SOV-017052,SEC.BOND.5Y,1205,2021-10-03,2026-09-07,2026-09-07,0.3268,FIXED,115224.04,BR-001,41,GHGGB9867579
SECURITY.POSITION/3004339,SECURITY_HOLDING,GHS,19461.72,19461.72,SBL-SOV-017052,SEC.BOND.10Y,1206,2016-10-25,2026-09-03,2026-09-03,0.318,FIXED,19461.72,BR-001,41,GHGGB4990518
SECURITY.POSITION/3004340,SECURITY_HOLDING,GHS,33741.25,33741.25,SBL-SOV-017052,SEC.BOND.10Y,1206,2019-04-16,2029-02-22,2029-02-22,0.3143,FIXED,33741.25,BR-001,41,GHGGB6121932
SECURITY.POSITION/3004341,SECURITY_HOLDING,GHS,19334.08,19334.08,SBL-SOV-017052,SEC.BOND.10Y,1206,2021-12-11,2031-10-20,2031-10-20,0.3201,FIXED,19334.08,BR-001,41,GHGGB7628915
SECURITY.POSITION/3004342,SECURITY_HOLDING,GHS,14911.09,14911.09,SBL-SOV-017052,SEC.BOND.10Y,1206,2022-07-25,2032-06-02,2032-06-02,0.3151,FIXED,14911.09,BR-001,41,GHGGB2663579
SECURITY.POSITION/3004343,SECURITY_HOLDING,GHS,59018.27,59018.27,SBL-SOV-017052,SEC.BOND.10Y,1206,2016-11-02,2026-09-11,2026-09-11,0.3157,FIXED,59018.27,BR-001,41,GHGGB6618394
SECURITY.POSITION/3004344,SECURITY_HOLDING,GHS,61749.63,61749.63,SBL-SOV-017052,SEC.BOND.10Y,1206,2018-09-05,2028-07-14,2028-07-14,0.3149,FIXED,61749.63,BR-001,41,GHGGB4181698
SECURITY.POSITION/3004346,SECURITY_HOLDING,GHS,58786.04,58786.04,SBL-SOV-017052,SEC.BOND.10Y,1206,2022-05-27,2032-04-04,2032-04-04,0.3148,FIXED,58786.04,BR-001,41,GHGGB4475954
SECURITY.POSITION/3004348,SECURITY_HOLDING,GHS,42217.46,42217.46,SBL-SOV-017052,SEC.BOND.10Y,1206,2022-10-13,2032-08-21,2032-08-21,0.312,FIXED,42217.46,BR-001,41,GHGGB4242303
SECURITY.POSITION/3004349,SECURITY_HOLDING,GHS,89091.51,89091.51,SBL-SOV-017052,SEC.BOND.10Y,1206,2022-06-05,2032-04-13,2032-04-13,0.3169,FIXED,89091.51,BR-001,41,GHGGB7076379
SECURITY.POSITION/3004385,SECURITY_HOLDING,GHS,1992347.19,1992347.19,SBL-SOV-017052,SEC.BOND.5Y,1205,2021-12-06,2026-11-10,2026-11-10,0.3209,FIXED,1992347.19,BR-001,40,GHGGB8044776
SECURITY.POSITION/3004388,SECURITY_HOLDING,GHS,169752.62,169752.62,SBL-SOV-017052,SEC.BOND.5Y,1205,2022-08-25,2027-07-30,2027-07-30,0.3288,FIXED,169752.62,BR-001,40,GHGGB7501045
SECURITY.POSITION/3004393,SECURITY_HOLDING,GHS,41649.65,41649.65,SBL-SOV-017052,SEC.BOND.10Y,1206,2017-03-25,2027-02-01,2027-02-01,0.3136,FIXED,41649.65,BR-001,40,GHGGB1343529
SECURITY.POSITION/3004395,SECURITY_HOLDING,GHS,47233.20,47233.20,SBL-SOV-017052,SEC.BOND.10Y,1206,2020-05-03,2030-03-12,2030-03-12,0.318,FIXED,47233.20,BR-001,40,GHGGB8689057
SECURITY.POSITION/3004396,SECURITY_HOLDING,GHS,39705.91,39705.91,SBL-SOV-017052,SEC.BOND.10Y,1206,2018-03-17,2028-01-24,2028-01-24,0.3173,FIXED,39705.91,BR-001,40,GHGGB6293747
SECURITY.POSITION/3004397,SECURITY_HOLDING,GHS,52671.30,52671.30,SBL-SOV-017052,SEC.BOND.10Y,1206,2020-05-01,2030-03-10,2030-03-10,0.3172,FIXED,52671.30,BR-001,40,GHGGB5700804
SECURITY.POSITION/3004399,SECURITY_HOLDING,GHS,14981.02,14981.02,SBL-SOV-017052,SEC.BOND.10Y,1206,2019-05-30,2029-04-07,2029-04-07,0.318,FIXED,14981.02,BR-001,40,GHGGB6203253
SECURITY.POSITION/3004401,SECURITY_HOLDING,GHS,11800.76,11800.76,SBL-SOV-017052,SEC.BOND.10Y,1206,2019-10-01,2029-08-09,2029-08-09,0.3156,FIXED,11800.76,BR-001,40,GHGGB6532577
SECURITY.POSITION/3004402,SECURITY_HOLDING,GHS,24584.08,24584.08,SBL-SOV-017052,SEC.BOND.10Y,1206,2018-08-22,2028-06-30,2028-06-30,0.3127,FIXED,24584.08,BR-001,40,GHGGB9310591
SECURITY.POSITION/3004437,SECURITY_HOLDING,GHS,212748.46,212748.46,SBL-SOV-017052,SEC.BOND.5Y,1205,2022-04-20,2027-03-25,2027-03-25,0.3299,FIXED,212748.46,BR-001,39,GHGGB5940263
SECURITY.POSITION/3004444,SECURITY_HOLDING,GHS,266274.63,266274.63,SBL-SOV-017052,SEC.BOND.5Y,1205,2021-11-25,2026-10-30,2026-10-30,0.3279,FIXED,266274.63,BR-001,39,GHGGB6294453
SECURITY.POSITION/3004448,SECURITY_HOLDING,GHS,297792.39,297792.39,SBL-SOV-017052,SEC.BOND.5Y,1205,2022-06-05,2027-05-10,2027-05-10,0.3284,FIXED,297792.39,BR-001,39,GHGGB9430888
SECURITY.POSITION/3004449,SECURITY_HOLDING,GHS,34228.67,34228.67,SBL-SOV-017052,SEC.BOND.10Y,1206,2018-03-15,2028-01-22,2028-01-22,0.3212,FIXED,34228.67,BR-001,39,GHGGB6677091
SECURITY.POSITION/3004452,SECURITY_HOLDING,GHS,196889.60,196889.60,SBL-SOV-017052,SEC.BOND.10Y,1206,2018-02-07,2027-12-17,2027-12-17,0.3175,FIXED,196889.60,BR-001,39,GHGGB2407446
SECURITY.POSITION/3004453,SECURITY_HOLDING,GHS,69771.03,69771.03,SBL-SOV-017052,SEC.BOND.10Y,1206,2020-10-28,2030-09-06,2030-09-06,0.3202,FIXED,69771.03,BR-001,39,GHGGB9855265
SECURITY.POSITION/3004456,SECURITY_HOLDING,GHS,310765.82,310765.82,SBL-SOV-017052,SEC.BOND.10Y,1206,2018-10-08,2028-08-16,2028-08-16,0.3154,FIXED,310765.82,BR-001,39,GHGGB3863507
SECURITY.POSITION/3004457,SECURITY_HOLDING,GHS,44586.54,44586.54,SBL-SOV-017052,SEC.BOND.10Y,1206,2017-02-05,2026-12-15,2026-12-15,0.3175,FIXED,44586.54,BR-001,39,GHGGB7967992
SECURITY.POSITION/3004503,SECURITY_HOLDING,GHS,504597.07,504597.07,SBL-SOV-017052,SEC.BOND.5Y,1205,2021-10-15,2026-09-19,2026-09-19,0.3246,FIXED,504597.07,BR-001,38,GHGGB1150084
SECURITY.POSITION/3004506,SECURITY_HOLDING,GHS,558541.13,558541.13,SBL-SOV-017052,SEC.BOND.5Y,1205,2022-10-03,2027-09-07,2027-09-07,0.3229,FIXED,558541.13,BR-001,38,GHGGB2565473
SECURITY.POSITION/3004510,SECURITY_HOLDING,GHS,615525.12,615525.12,SBL-SOV-017052,SEC.BOND.5Y,1205,2022-01-18,2026-12-23,2026-12-23,0.3232,FIXED,615525.12,BR-001,38,GHGGB4359785
SECURITY.POSITION/3004511,SECURITY_HOLDING,GHS,242714.00,242714.00,SBL-SOV-017052,SEC.BOND.5Y,1205,2023-03-22,2028-02-24,2028-02-24,0.318,FIXED,242714.00,BR-001,38,GHGGB8991596
SECURITY.POSITION/3004512,SECURITY_HOLDING,GHS,404203.35,404203.35,SBL-SOV-017052,SEC.BOND.10Y,1206,2016-12-25,2026-11-03,2026-11-03,0.3148,FIXED,404203.35,BR-001,38,GHGGB4318185
SECURITY.POSITION/3004515,SECURITY_HOLDING,GHS,59715.60,59715.60,SBL-SOV-017052,SEC.BOND.10Y,1206,2021-11-02,2031-09-11,2031-09-11,0.3212,FIXED,59715.60,BR-001,38,GHGGB9762910
SECURITY.POSITION/3004517,SECURITY_HOLDING,GHS,89919.70,89919.70,SBL-SOV-017052,SEC.BOND.10Y,1206,2022-08-30,2032-07-08,2032-07-08,0.3161,FIXED,89919.70,BR-001,38,GHGGB1494364
SECURITY.POSITION/3004519,SECURITY_HOLDING,GHS,66690.72,66690.72,SBL-SOV-017052,SEC.BOND.10Y,1206,2016-10-02,2026-08-11,2026-08-11,0.316,FIXED,66690.72,BR-001,38,GHGGB1831913
SECURITY.POSITION/3004564,SECURITY_HOLDING,GHS,279252.73,279252.73,SBL-SOV-017052,SEC.BOND.5Y,1205,2022-04-16,2027-03-21,2027-03-21,0.3296,FIXED,279252.73,BR-001,37,GHGGB1226823
SECURITY.POSITION/3004566,SECURITY_HOLDING,GHS,190546.77,190546.77,SBL-SOV-017052,SEC.BOND.5Y,1205,2022-03-17,2027-02-19,2027-02-19,0.324,FIXED,190546.77,BR-001,37,GHGGB7769838
SECURITY.POSITION/3004567,SECURITY_HOLDING,GHS,1618081.83,1618081.83,SBL-SOV-017052,SEC.BOND.5Y,1205,2021-12-08,2026-11-12,2026-11-12,0.3207,FIXED,1618081.83,BR-001,37,GHGGB1448890
SECURITY.POSITION/3004569,SECURITY_HOLDING,GHS,170612.75,170612.75,SBL-SOV-017052,SEC.BOND.5Y,1205,2022-11-22,2027-10-27,2027-10-27,0.3297,FIXED,170612.75,BR-001,37,GHGGB9939751
SECURITY.POSITION/3004571,SECURITY_HOLDING,GHS,260472.93,260472.93,SBL-SOV-017052,SEC.BOND.5Y,1205,2022-05-28,2027-05-02,2027-05-02,0.321,FIXED,260472.93,BR-001,37,GHGGB4227890
SECURITY.POSITION/3004572,SECURITY_HOLDING,GHS,45592.04,45592.04,SBL-SOV-017052,SEC.BOND.10Y,1206,2016-12-26,2026-11-04,2026-11-04,0.3187,FIXED,45592.04,BR-001,37,GHGGB2674275
SECURITY.POSITION/3004575,SECURITY_HOLDING,GHS,68324.30,68324.30,SBL-SOV-017052,SEC.BOND.10Y,1206,2019-08-15,2029-06-23,2029-06-23,0.316,FIXED,68324.30,BR-001,37,GHGGB9992975
SECURITY.POSITION/3004576,SECURITY_HOLDING,GHS,51680.90,51680.90,SBL-SOV-017052,SEC.BOND.10Y,1206,2019-02-05,2028-12-14,2028-12-14,0.3126,FIXED,51680.90,BR-001,37,GHGGB4123578
SECURITY.POSITION/3004577,SECURITY_HOLDING,GHS,126669.85,126669.85,SBL-SOV-017052,SEC.BOND.10Y,1206,2017-11-16,2027-09-25,2027-09-25,0.318,FIXED,126669.85,BR-001,37,GHGGB1621083
SECURITY.POSITION/3004578,SECURITY_HOLDING,GHS,347072.40,347072.40,SBL-SOV-017052,SEC.BOND.10Y,1206,2019-04-04,2029-02-10,2029-02-10,0.3238,FIXED,347072.40,BR-001,37,GHGGB6955219
SECURITY.POSITION/3004579,SECURITY_HOLDING,GHS,93514.42,93514.42,SBL-SOV-017052,SEC.BOND.10Y,1206,2020-06-05,2030-04-14,2030-04-14,0.3141,FIXED,93514.42,BR-001,37,GHGGB7640518
SECURITY.POSITION/3004580,SECURITY_HOLDING,GHS,45890.80,45890.80,SBL-SOV-017052,SEC.BOND.10Y,1206,2020-10-29,2030-09-07,2030-09-07,0.3215,FIXED,45890.80,BR-001,37,GHGGB5190995
SECURITY.POSITION/3004581,SECURITY_HOLDING,GHS,166620.75,166620.75,SBL-SOV-017052,SEC.BOND.10Y,1206,2021-09-11,2031-07-21,2031-07-21,0.3213,FIXED,166620.75,BR-001,37,GHGGB2413613
SECURITY.POSITION/3004626,SECURITY_HOLDING,GHS,290021.79,290021.79,SBL-SOV-017052,SEC.BOND.5Y,1205,2022-10-07,2027-09-11,2027-09-11,0.317,FIXED,290021.79,BR-001,36,GHGGB7847081
SECURITY.POSITION/3004627,SECURITY_HOLDING,GHS,184577.14,184577.14,SBL-SOV-017052,SEC.BOND.5Y,1205,2022-10-29,2027-10-03,2027-10-03,0.3194,FIXED,184577.14,BR-001,36,GHGGB1832882
SECURITY.POSITION/3004632,SECURITY_HOLDING,GHS,69730.25,69730.25,SBL-SOV-017052,SEC.BOND.10Y,1206,2017-02-07,2026-12-17,2026-12-17,0.324,FIXED,69730.25,BR-001,36,GHGGB8431064
SECURITY.POSITION/3004634,SECURITY_HOLDING,GHS,54319.68,54319.68,SBL-SOV-017052,SEC.BOND.10Y,1206,2019-02-18,2028-12-27,2028-12-27,0.3229,FIXED,54319.68,BR-001,36,GHGGB5781303
SECURITY.POSITION/3004636,SECURITY_HOLDING,GHS,142865.60,142865.60,SBL-SOV-017052,SEC.BOND.10Y,1206,2016-09-14,2026-07-24,2026-07-24,0.3191,FIXED,142865.60,BR-001,36,GHGGB8783697
SECURITY.POSITION/3004640,SECURITY_HOLDING,GHS,52501.83,52501.83,SBL-SOV-017052,SEC.BOND.10Y,1206,2019-08-12,2029-06-20,2029-06-20,0.3188,FIXED,52501.83,BR-001,36,GHGGB6980378
SECURITY.POSITION/3004642,SECURITY_HOLDING,GHS,73563.19,73563.19,SBL-SOV-017052,SEC.BOND.10Y,1206,2018-03-08,2028-01-15,2028-01-15,0.3196,FIXED,73563.19,BR-001,36,GHGGB3964078
SECURITY.POSITION/3004692,SECURITY_HOLDING,GHS,124077.32,124077.32,SBL-SOV-017052,SEC.BOND.5Y,1205,2022-11-04,2027-10-09,2027-10-09,0.3268,FIXED,124077.32,BR-001,35,GHGGB7610017
SECURITY.POSITION/3004694,SECURITY_HOLDING,GHS,324584.38,324584.38,SBL-SOV-017052,SEC.BOND.5Y,1205,2022-11-16,2027-10-21,2027-10-21,0.3196,FIXED,324584.38,BR-001,35,GHGGB6025800
SECURITY.POSITION/3004695,SECURITY_HOLDING,GHS,304992.60,304992.60,SBL-SOV-017052,SEC.BOND.5Y,1205,2022-03-13,2027-02-15,2027-02-15,0.3195,FIXED,304992.60,BR-001,35,GHGGB6291242
SECURITY.POSITION/3004702,SECURITY_HOLDING,GHS,228743.59,228743.59,SBL-SOV-017052,SEC.BOND.10Y,1206,2020-04-27,2030-03-06,2030-03-06,0.3151,FIXED,228743.59,BR-001,35,GHGGB2815764
SECURITY.POSITION/3004703,SECURITY_HOLDING,GHS,446313.49,446313.49,SBL-SOV-017052,SEC.BOND.10Y,1206,2018-12-07,2028-10-15,2028-10-15,0.3131,FIXED,446313.49,BR-001,35,GHGGB4791506
SECURITY.POSITION/3004704,SECURITY_HOLDING,GHS,260290.06,260290.06,SBL-SOV-017052,SEC.BOND.10Y,1206,2021-03-30,2031-02-06,2031-02-06,0.3111,FIXED,260290.06,BR-001,35,GHGGB7090363
SECURITY.POSITION/3004705,SECURITY_HOLDING,GHS,105728.20,105728.20,SBL-SOV-017052,SEC.BOND.10Y,1206,2016-09-15,2026-07-25,2026-07-25,0.3128,FIXED,105728.20,BR-001,35,GHGGB2223191
SECURITY.POSITION/3004707,SECURITY_HOLDING,GHS,224134.24,224134.24,SBL-SOV-017052,SEC.BOND.10Y,1206,2021-03-16,2031-01-23,2031-01-23,0.3179,FIXED,224134.24,BR-001,35,GHGGB6556569
SECURITY.POSITION/3004749,SECURITY_HOLDING,GHS,125450.59,125450.59,SBL-SOV-017052,SEC.BOND.5Y,1205,2023-05-02,2028-04-05,2028-04-05,0.3255,FIXED,125450.59,BR-001,34,GHGGB1194532
SECURITY.POSITION/3004750,SECURITY_HOLDING,GHS,271381.15,271381.15,SBL-SOV-017052,SEC.BOND.5Y,1205,2023-03-08,2028-02-10,2028-02-10,0.3269,FIXED,271381.15,BR-001,34,GHGGB2866912
SECURITY.POSITION/3004751,SECURITY_HOLDING,GHS,436598.68,436598.68,SBL-SOV-017052,SEC.BOND.5Y,1205,2023-06-25,2028-05-29,2028-05-29,0.3234,FIXED,436598.68,BR-001,34,GHGGB1151891
SECURITY.POSITION/3004752,SECURITY_HOLDING,GHS,336731.12,336731.12,SBL-SOV-017052,SEC.BOND.5Y,1205,2022-07-19,2027-06-23,2027-06-23,0.3292,FIXED,336731.12,BR-001,34,GHGGB9436385
SECURITY.POSITION/3004756,SECURITY_HOLDING,GHS,238339.80,238339.80,SBL-SOV-017052,SEC.BOND.5Y,1205,2023-03-01,2028-02-03,2028-02-03,0.3226,FIXED,238339.80,BR-001,34,GHGGB5630153
SECURITY.POSITION/3004760,SECURITY_HOLDING,GHS,24454.42,24454.42,SBL-SOV-017052,SEC.BOND.10Y,1206,2016-11-27,2026-10-06,2026-10-06,0.3206,FIXED,24454.42,BR-001,34,GHGGB3570041
SECURITY.POSITION/3004761,SECURITY_HOLDING,GHS,33178.28,33178.28,SBL-SOV-017052,SEC.BOND.10Y,1206,2020-04-01,2030-02-08,2030-02-08,0.3225,FIXED,33178.28,BR-001,34,GHGGB9082613
SECURITY.POSITION/3004762,SECURITY_HOLDING,GHS,48495.96,48495.96,SBL-SOV-017052,SEC.BOND.10Y,1206,2017-08-23,2027-07-02,2027-07-02,0.3199,FIXED,48495.96,BR-001,34,GHGGB8947844
SECURITY.POSITION/3004763,SECURITY_HOLDING,GHS,28719.99,28719.99,SBL-SOV-017052,SEC.BOND.10Y,1206,2021-09-13,2031-07-23,2031-07-23,0.3215,FIXED,28719.99,BR-001,34,GHGGB3166540
SECURITY.POSITION/3004765,SECURITY_HOLDING,GHS,112962.31,112962.31,SBL-SOV-017052,SEC.BOND.10Y,1206,2017-11-19,2027-09-28,2027-09-28,0.3172,FIXED,112962.31,BR-001,34,GHGGB2945055
SECURITY.POSITION/3004766,SECURITY_HOLDING,GHS,75451.50,75451.50,SBL-SOV-017052,SEC.BOND.10Y,1206,2019-09-21,2029-07-30,2029-07-30,0.3186,FIXED,75451.50,BR-001,34,GHGGB5896281
SECURITY.POSITION/3004767,SECURITY_HOLDING,GHS,14557.16,14557.16,SBL-SOV-017052,SEC.BOND.10Y,1206,2021-03-06,2031-01-13,2031-01-13,0.3211,FIXED,14557.16,BR-001,34,GHGGB2008186
SECURITY.POSITION/3004768,SECURITY_HOLDING,GHS,69255.53,69255.53,SBL-SOV-017052,SEC.BOND.10Y,1206,2020-06-14,2030-04-23,2030-04-23,0.3215,FIXED,69255.53,BR-001,34,GHGGB6370574
SECURITY.POSITION/3004769,SECURITY_HOLDING,GHS,60249.94,60249.94,SBL-SOV-017052,SEC.BOND.10Y,1206,2020-07-30,2030-06-08,2030-06-08,0.3218,FIXED,60249.94,BR-001,34,GHGGB1334769
SECURITY.POSITION/3004812,SECURITY_HOLDING,GHS,249099.15,249099.15,SBL-SOV-017052,SEC.BOND.5Y,1205,2022-04-15,2027-03-20,2027-03-20,0.2588,FIXED,249099.15,BR-001,33,GHGGB9925671
SECURITY.POSITION/3004816,SECURITY_HOLDING,GHS,498798.98,498798.98,SBL-SOV-017052,SEC.BOND.5Y,1205,2022-06-16,2027-05-21,2027-05-21,0.2579,FIXED,498798.98,BR-001,33,GHGGB2107221
SECURITY.POSITION/3004817,SECURITY_HOLDING,GHS,223295.67,223295.67,SBL-SOV-017052,SEC.BOND.5Y,1205,2023-05-24,2028-04-27,2028-04-27,0.2583,FIXED,223295.67,BR-001,33,GHGGB2049964
SECURITY.POSITION/3004819,SECURITY_HOLDING,GHS,647570.15,647570.15,SBL-SOV-017052,SEC.BOND.5Y,1205,2021-11-13,2026-10-18,2026-10-18,0.2557,FIXED,647570.15,BR-001,33,GHGGB2562134
SECURITY.POSITION/3004820,SECURITY_HOLDING,GHS,297636.00,297636.00,SBL-SOV-017052,SEC.BOND.5Y,1205,2022-08-24,2027-07-29,2027-07-29,0.2633,FIXED,297636.00,BR-001,33,GHGGB4347447
SECURITY.POSITION/3004824,SECURITY_HOLDING,GHS,52218.75,52218.75,SBL-SOV-017052,SEC.BOND.10Y,1206,2017-01-03,2026-11-12,2026-11-12,0.2678,FIXED,52218.75,BR-001,33,GHGGB3952162
SECURITY.POSITION/3004825,SECURITY_HOLDING,GHS,341237.03,341237.03,SBL-SOV-017052,SEC.BOND.10Y,1206,2019-07-27,2029-06-04,2029-06-04,0.2699,FIXED,341237.03,BR-001,33,GHGGB3182131
SECURITY.POSITION/3004826,SECURITY_HOLDING,GHS,41700.08,41700.08,SBL-SOV-017052,SEC.BOND.10Y,1206,2019-10-17,2029-08-25,2029-08-25,0.271,FIXED,41700.08,BR-001,33,GHGGB2241651
SECURITY.POSITION/3004827,SECURITY_HOLDING,GHS,41818.85,41818.85,SBL-SOV-017052,SEC.BOND.10Y,1206,2017-07-03,2027-05-12,2027-05-12,0.2683,FIXED,41818.85,BR-001,33,GHGGB6765895
SECURITY.POSITION/3004828,SECURITY_HOLDING,GHS,145989.54,145989.54,SBL-SOV-017052,SEC.BOND.10Y,1206,2017-12-17,2027-10-26,2027-10-26,0.267,FIXED,145989.54,BR-001,33,GHGGB7388167
SECURITY.POSITION/3004829,SECURITY_HOLDING,GHS,542051.96,542051.96,SBL-SOV-017052,SEC.BOND.10Y,1206,2021-11-24,2031-10-03,2031-10-03,0.2666,FIXED,542051.96,BR-001,33,GHGGB1337257
SECURITY.POSITION/3004830,SECURITY_HOLDING,GHS,192267.01,192267.01,SBL-SOV-017052,SEC.BOND.10Y,1206,2020-06-17,2030-04-26,2030-04-26,0.2696,FIXED,192267.01,BR-001,33,GHGGB8480860
SECURITY.POSITION/3004866,SECURITY_HOLDING,GHS,409728.66,409728.66,SBL-SOV-017052,SEC.BOND.5Y,1205,2022-08-08,2027-07-13,2027-07-13,0.2573,FIXED,409728.66,BR-001,32,GHGGB3985466
SECURITY.POSITION/3004870,SECURITY_HOLDING,GHS,769479.03,769479.03,SBL-SOV-017052,SEC.BOND.5Y,1205,2022-10-17,2027-09-21,2027-09-21,0.2589,FIXED,769479.03,BR-001,32,GHGGB6041285
SECURITY.POSITION/3004871,SECURITY_HOLDING,GHS,1569760.03,1569760.03,SBL-SOV-017052,SEC.BOND.5Y,1205,2023-04-04,2028-03-08,2028-03-08,0.2571,FIXED,1569760.03,BR-001,32,GHGGB6698894
SECURITY.POSITION/3004873,SECURITY_HOLDING,GHS,360896.86,360896.86,SBL-SOV-017052,SEC.BOND.5Y,1205,2023-06-26,2028-05-30,2028-05-30,0.252,FIXED,360896.86,BR-001,32,GHGGB1481522
SECURITY.POSITION/3004874,SECURITY_HOLDING,GHS,377868.49,377868.49,SBL-SOV-017052,SEC.BOND.5Y,1205,2022-04-28,2027-04-02,2027-04-02,0.2522,FIXED,377868.49,BR-001,32,GHGGB4516126
SECURITY.POSITION/3004876,SECURITY_HOLDING,GHS,366328.10,366328.10,SBL-SOV-017052,SEC.BOND.10Y,1206,2017-03-26,2027-02-02,2027-02-02,0.267,FIXED,366328.10,BR-001,32,GHGGB6854526
SECURITY.POSITION/3004877,SECURITY_HOLDING,GHS,177252.71,177252.71,SBL-SOV-017052,SEC.BOND.10Y,1206,2020-06-17,2030-04-26,2030-04-26,0.2714,FIXED,177252.71,BR-001,32,GHGGB6175697
SECURITY.POSITION/3004878,SECURITY_HOLDING,GHS,903837.06,903837.06,SBL-SOV-017052,SEC.BOND.10Y,1206,2017-12-04,2027-10-13,2027-10-13,0.2657,FIXED,903837.06,BR-001,32,GHGGB9087926
SECURITY.POSITION/3004879,SECURITY_HOLDING,GHS,171150.38,171150.38,SBL-SOV-017052,SEC.BOND.10Y,1206,2016-10-16,2026-08-25,2026-08-25,0.2698,FIXED,171150.38,BR-001,32,GHGGB3526827
SECURITY.POSITION/3004880,SECURITY_HOLDING,GHS,391730.79,391730.79,SBL-SOV-017052,SEC.BOND.10Y,1206,2016-12-02,2026-10-11,2026-10-11,0.2673,FIXED,391730.79,BR-001,32,GHGGB5568149
SECURITY.POSITION/3004881,SECURITY_HOLDING,GHS,236549.67,236549.67,SBL-SOV-017052,SEC.BOND.10Y,1206,2020-10-30,2030-09-08,2030-09-08,0.2694,FIXED,236549.67,BR-001,32,GHGGB7685463
SECURITY.POSITION/3004882,SECURITY_HOLDING,GHS,284592.84,284592.84,SBL-SOV-017052,SEC.BOND.10Y,1206,2021-11-13,2031-09-22,2031-09-22,0.2702,FIXED,284592.84,BR-001,32,GHGGB1287273
SECURITY.POSITION/3004884,SECURITY_HOLDING,GHS,539841.33,539841.33,SBL-SOV-017052,SEC.BOND.10Y,1206,2019-09-15,2029-07-24,2029-07-24,0.2622,FIXED,539841.33,BR-001,32,GHGGB8867092
SECURITY.POSITION/3004918,SECURITY_HOLDING,GHS,215782.38,215782.38,SBL-SOV-017052,SEC.BOND.5Y,1205,2022-03-05,2027-02-07,2027-02-07,0.2582,FIXED,215782.38,BR-001,31,GHGGB5684250
SECURITY.POSITION/3004921,SECURITY_HOLDING,GHS,238082.07,238082.07,SBL-SOV-017052,SEC.BOND.5Y,1205,2023-07-28,2028-07-01,2028-07-01,0.2526,FIXED,238082.07,BR-001,31,GHGGB9355779
SECURITY.POSITION/3004923,SECURITY_HOLDING,GHS,372517.72,372517.72,SBL-SOV-017052,SEC.BOND.5Y,1205,2022-05-14,2027-04-18,2027-04-18,0.2576,FIXED,372517.72,BR-001,31,GHGGB3464969
SECURITY.POSITION/3004925,SECURITY_HOLDING,GHS,291842.99,291842.99,SBL-SOV-017052,SEC.BOND.5Y,1205,2022-02-06,2027-01-11,2027-01-11,0.2517,FIXED,291842.99,BR-001,31,GHGGB9281779
SECURITY.POSITION/3004926,SECURITY_HOLDING,GHS,288878.99,288878.99,SBL-SOV-017052,SEC.BOND.5Y,1205,2023-02-10,2028-01-15,2028-01-15,0.2466,FIXED,288878.99,BR-001,31,GHGGB4531023
SECURITY.POSITION/3004928,SECURITY_HOLDING,GHS,457249.70,457249.70,SBL-SOV-017052,SEC.BOND.5Y,1205,2021-12-18,2026-11-22,2026-11-22,0.2469,FIXED,457249.70,BR-001,31,GHGGB1191811
SECURITY.POSITION/3004934,SECURITY_HOLDING,GHS,90587.09,90587.09,SBL-SOV-017052,SEC.BOND.10Y,1206,2023-07-22,2033-05-30,2033-05-30,0.2676,FIXED,90587.09,BR-001,31,GHGGB4318423
SECURITY.POSITION/3004935,SECURITY_HOLDING,GHS,84656.73,84656.73,SBL-SOV-017052,SEC.BOND.10Y,1206,2022-08-19,2032-06-27,2032-06-27,0.2654,FIXED,84656.73,BR-001,31,GHGGB8056802
SECURITY.POSITION/3004936,SECURITY_HOLDING,GHS,36918.24,36918.24,SBL-SOV-017052,SEC.BOND.10Y,1206,2023-07-07,2033-05-15,2033-05-15,0.2649,FIXED,36918.24,BR-001,31,GHGGB2204883
SECURITY.POSITION/3004937,SECURITY_HOLDING,GHS,26602.67,26602.67,SBL-SOV-017052,SEC.BOND.10Y,1206,2017-09-22,2027-08-01,2027-08-01,0.273,FIXED,26602.67,BR-001,31,GHGGB5750618
SECURITY.POSITION/3004985,SECURITY_HOLDING,GHS,53889.81,53889.81,SBL-SOV-017052,SEC.BOND.5Y,1205,2022-09-29,2027-09-03,2027-09-03,0.2645,FIXED,53889.81,BR-001,30,GHGGB9851305
SECURITY.POSITION/3004986,SECURITY_HOLDING,GHS,302255.29,302255.29,SBL-SOV-017052,SEC.BOND.5Y,1205,2021-08-22,2026-07-27,2026-07-27,0.259,FIXED,302255.29,BR-001,30,GHGGB3791410
SECURITY.POSITION/3004987,SECURITY_HOLDING,GHS,206828.10,206828.10,SBL-SOV-017052,SEC.BOND.5Y,1205,2023-03-25,2028-02-27,2028-02-27,0.2664,FIXED,206828.10,BR-001,30,GHGGB4855794
SECURITY.POSITION/3004988,SECURITY_HOLDING,GHS,444538.99,444538.99,SBL-SOV-017052,SEC.BOND.5Y,1205,2021-08-24,2026-07-29,2026-07-29,0.2614,FIXED,444538.99,BR-001,30,GHGGB3432168
SECURITY.POSITION/3004990,SECURITY_HOLDING,GHS,173241.76,173241.76,SBL-SOV-017052,SEC.BOND.5Y,1205,2023-05-23,2028-04-26,2028-04-26,0.2597,FIXED,173241.76,BR-001,30,GHGGB7458286
SECURITY.POSITION/3004993,SECURITY_HOLDING,GHS,163559.20,163559.20,SBL-SOV-017052,SEC.BOND.5Y,1205,2023-04-05,2028-03-09,2028-03-09,0.2593,FIXED,163559.20,BR-001,30,GHGGB1851507
SECURITY.POSITION/3004994,SECURITY_HOLDING,GHS,172590.41,172590.41,SBL-SOV-017052,SEC.BOND.5Y,1205,2022-03-14,2027-02-16,2027-02-16,0.2656,FIXED,172590.41,BR-001,30,GHGGB5910583
SECURITY.POSITION/3004995,SECURITY_HOLDING,GHS,384607.74,384607.74,SBL-SOV-017052,SEC.BOND.5Y,1205,2023-10-10,2028-09-13,2028-09-13,0.2621,FIXED,384607.74,BR-001,30,GHGGB8102223
SECURITY.POSITION/3004998,SECURITY_HOLDING,GHS,53451.29,53451.29,SBL-SOV-017052,SEC.BOND.10Y,1206,2023-01-15,2032-11-23,2032-11-23,0.2648,FIXED,53451.29,BR-001,30,GHGGB6879202
SECURITY.POSITION/3004999,SECURITY_HOLDING,GHS,46839.40,46839.40,SBL-SOV-017052,SEC.BOND.10Y,1206,2018-01-28,2027-12-07,2027-12-07,0.2718,FIXED,46839.40,BR-001,30,GHGGB8633102
SECURITY.POSITION/3005000,SECURITY_HOLDING,GHS,40220.05,40220.05,SBL-SOV-017052,SEC.BOND.10Y,1206,2018-04-22,2028-02-29,2028-02-29,0.2686,FIXED,40220.05,BR-001,30,GHGGB3460682
SECURITY.POSITION/3005001,SECURITY_HOLDING,GHS,69481.87,69481.87,SBL-SOV-017052,SEC.BOND.10Y,1206,2023-07-05,2033-05-13,2033-05-13,0.267,FIXED,69481.87,BR-001,30,GHGGB4193175
SECURITY.POSITION/3005003,SECURITY_HOLDING,GHS,62088.00,62088.00,SBL-SOV-017052,SEC.BOND.10Y,1206,2020-12-02,2030-10-11,2030-10-11,0.269,FIXED,62088.00,BR-001,30,GHGGB9293256
SECURITY.POSITION/3005005,SECURITY_HOLDING,GHS,79915.87,79915.87,SBL-SOV-017052,SEC.BOND.10Y,1206,2021-07-08,2031-05-17,2031-05-17,0.2659,FIXED,79915.87,BR-001,30,GHGGB8347162
SECURITY.POSITION/3005045,SECURITY_HOLDING,GHS,931260.07,931260.07,SBL-SOV-017052,SEC.BOND.5Y,1205,2022-11-25,2027-10-30,2027-10-30,0.2581,FIXED,931260.07,BR-001,29,GHGGB7154019
SECURITY.POSITION/3005046,SECURITY_HOLDING,GHS,765165.44,765165.44,SBL-SOV-017052,SEC.BOND.5Y,1205,2022-09-02,2027-08-07,2027-08-07,0.2564,FIXED,765165.44,BR-001,29,GHGGB4930852
SECURITY.POSITION/3005047,SECURITY_HOLDING,GHS,334056.11,334056.11,SBL-SOV-017052,SEC.BOND.5Y,1205,2022-05-04,2027-04-08,2027-04-08,0.2566,FIXED,334056.11,BR-001,29,GHGGB2373851
SECURITY.POSITION/3005048,SECURITY_HOLDING,GHS,137018.47,137018.47,SBL-SOV-017052,SEC.BOND.5Y,1205,2022-06-12,2027-05-17,2027-05-17,0.2534,FIXED,137018.47,BR-001,29,GHGGB5444998
SECURITY.POSITION/3005052,SECURITY_HOLDING,GHS,300027.72,300027.72,SBL-SOV-017052,SEC.BOND.10Y,1206,2017-03-07,2027-01-14,2027-01-14,0.2665,FIXED,300027.72,BR-001,29,GHGGB4498062
SECURITY.POSITION/3005053,SECURITY_HOLDING,GHS,192689.10,192689.10,SBL-SOV-017052,SEC.BOND.10Y,1206,2016-11-03,2026-09-12,2026-09-12,0.2716,FIXED,192689.10,BR-001,29,GHGGB7481913
SECURITY.POSITION/3005054,SECURITY_HOLDING,GHS,547731.74,547731.74,SBL-SOV-017052,SEC.BOND.10Y,1206,2019-08-15,2029-06-23,2029-06-23,0.2723,FIXED,547731.74,BR-001,29,GHGGB2960052
SECURITY.POSITION/3005055,SECURITY_HOLDING,GHS,513651.28,513651.28,SBL-SOV-017052,SEC.BOND.10Y,1206,2023-04-17,2033-02-23,2033-02-23,0.2751,FIXED,513651.28,BR-001,29,GHGGB4340014
SECURITY.POSITION/3005056,SECURITY_HOLDING,GHS,725530.22,725530.22,SBL-SOV-017052,SEC.BOND.10Y,1206,2022-06-08,2032-04-16,2032-04-16,0.2707,FIXED,725530.22,BR-001,29,GHGGB7453866
SECURITY.POSITION/3005057,SECURITY_HOLDING,GHS,180004.45,180004.45,SBL-SOV-017052,SEC.BOND.10Y,1206,2023-06-29,2033-05-07,2033-05-07,0.2675,FIXED,180004.45,BR-001,29,GHGGB5320871
SECURITY.POSITION/3005058,SECURITY_HOLDING,GHS,268629.72,268629.72,SBL-SOV-017052,SEC.BOND.10Y,1206,2018-11-29,2028-10-07,2028-10-07,0.2713,FIXED,268629.72,BR-001,29,GHGGB4281032
SECURITY.POSITION/3005060,SECURITY_HOLDING,GHS,149340.77,149340.77,SBL-SOV-017052,SEC.BOND.10Y,1206,2023-07-19,2033-05-27,2033-05-27,0.2767,FIXED,149340.77,BR-001,29,GHGGB8680117
SECURITY.POSITION/3005103,SECURITY_HOLDING,GHS,346691.82,346691.82,SBL-SOV-017052,SEC.BOND.5Y,1205,2022-09-18,2027-08-23,2027-08-23,0.2585,FIXED,346691.82,BR-001,28,GHGGB5954265
SECURITY.POSITION/3005105,SECURITY_HOLDING,GHS,1056138.37,1056138.37,SBL-SOV-017052,SEC.BOND.5Y,1205,2022-06-22,2027-05-27,2027-05-27,0.2558,FIXED,1056138.37,BR-001,28,GHGGB4278645
SECURITY.POSITION/3005107,SECURITY_HOLDING,GHS,109388.75,109388.75,SBL-SOV-017052,SEC.BOND.5Y,1205,2023-12-04,2028-11-07,2028-11-07,0.2608,FIXED,109388.75,BR-001,28,GHGGB5724839
SECURITY.POSITION/3005110,SECURITY_HOLDING,GHS,191288.00,191288.00,SBL-SOV-017052,SEC.BOND.5Y,1205,2023-07-25,2028-06-28,2028-06-28,0.2567,FIXED,191288.00,BR-001,28,GHGGB1807229
SECURITY.POSITION/3005113,SECURITY_HOLDING,GHS,71146.95,71146.95,SBL-SOV-017052,SEC.BOND.10Y,1206,2021-07-15,2031-05-24,2031-05-24,0.2629,FIXED,71146.95,BR-001,28,GHGGB9268467
SECURITY.POSITION/3005116,SECURITY_HOLDING,GHS,1008713.75,1008713.75,SBL-SOV-017052,SEC.BOND.10Y,1206,2019-07-15,2029-05-23,2029-05-23,0.2681,FIXED,1008713.75,BR-001,28,GHGGB7797232
SECURITY.POSITION/3005117,SECURITY_HOLDING,GHS,194510.81,194510.81,SBL-SOV-017052,SEC.BOND.10Y,1206,2022-05-03,2032-03-11,2032-03-11,0.2641,FIXED,194510.81,BR-001,28,GHGGB6467491
SECURITY.POSITION/3005118,SECURITY_HOLDING,GHS,849822.68,849822.68,SBL-SOV-017052,SEC.BOND.10Y,1206,2020-12-24,2030-11-02,2030-11-02,0.2631,FIXED,849822.68,BR-001,28,GHGGB9781237
SECURITY.POSITION/3005119,SECURITY_HOLDING,GHS,247639.82,247639.82,SBL-SOV-017052,SEC.BOND.10Y,1206,2019-06-19,2029-04-27,2029-04-27,0.2639,FIXED,247639.82,BR-001,28,GHGGB3691820
SECURITY.POSITION/3005120,SECURITY_HOLDING,GHS,563209.27,563209.27,SBL-SOV-017052,SEC.BOND.10Y,1206,2019-05-14,2029-03-22,2029-03-22,0.2667,FIXED,563209.27,BR-001,28,GHGGB2007041
SECURITY.POSITION/3005121,SECURITY_HOLDING,GHS,3476520.81,3476520.81,SBL-SOV-017052,SEC.BOND.10Y,1206,2021-11-16,2031-09-25,2031-09-25,0.2684,FIXED,3476520.81,BR-001,28,GHGGB5933995
SECURITY.POSITION/3005122,SECURITY_HOLDING,GHS,423217.03,423217.03,SBL-SOV-017052,SEC.BOND.10Y,1206,2021-10-06,2031-08-15,2031-08-15,0.2698,FIXED,423217.03,BR-001,28,GHGGB9824351
SECURITY.POSITION/3005123,SECURITY_HOLDING,GHS,529820.06,529820.06,SBL-SOV-017052,SEC.BOND.10Y,1206,2021-05-24,2031-04-02,2031-04-02,0.2684,FIXED,529820.06,BR-001,28,GHGGB2654219
SECURITY.POSITION/3005124,SECURITY_HOLDING,GHS,854130.09,854130.09,SBL-SOV-017052,SEC.BOND.10Y,1206,2024-01-21,2033-11-29,2033-11-29,0.2671,FIXED,854130.09,BR-001,28,GHGGB8563487
SECURITY.POSITION/3005154,SECURITY_HOLDING,GHS,139053.18,139053.18,SBL-SOV-017052,SEC.BOND.5Y,1205,2023-01-12,2027-12-17,2027-12-17,0.2563,FIXED,139053.18,BR-001,27,GHGGB1342592
SECURITY.POSITION/3005155,SECURITY_HOLDING,GHS,30931.19,30931.19,SBL-SOV-017052,SEC.BOND.5Y,1205,2021-11-29,2026-11-03,2026-11-03,0.2475,FIXED,30931.19,BR-001,27,GHGGB6696414
SECURITY.POSITION/3005156,SECURITY_HOLDING,GHS,10848.18,10848.18,SBL-SOV-017052,SEC.BOND.5Y,1205,2022-10-07,2027-09-11,2027-09-11,0.2513,FIXED,10848.18,BR-001,27,GHGGB6821557
SECURITY.POSITION/3005159,SECURITY_HOLDING,GHS,168074.88,168074.88,SBL-SOV-017052,SEC.BOND.5Y,1205,2023-04-03,2028-03-07,2028-03-07,0.2549,FIXED,168074.88,BR-001,27,GHGGB2814275
SECURITY.POSITION/3005162,SECURITY_HOLDING,GHS,134186.15,134186.15,SBL-SOV-017052,SEC.BOND.5Y,1205,2022-03-05,2027-02-07,2027-02-07,0.2452,FIXED,134186.15,BR-001,27,GHGGB4493812
SECURITY.POSITION/3005163,SECURITY_HOLDING,GHS,157590.36,157590.36,SBL-SOV-017052,SEC.BOND.5Y,1205,2023-03-22,2028-02-24,2028-02-24,0.2481,FIXED,157590.36,BR-001,27,GHGGB7128307
SECURITY.POSITION/3005166,SECURITY_HOLDING,GHS,353403.75,353403.75,SBL-SOV-017052,SEC.BOND.10Y,1206,2023-09-02,2033-07-11,2033-07-11,0.2665,FIXED,353403.75,BR-001,27,GHGGB4413442
SECURITY.POSITION/3005167,SECURITY_HOLDING,GHS,107714.91,107714.91,SBL-SOV-017052,SEC.BOND.10Y,1206,2018-11-16,2028-09-24,2028-09-24,0.2694,FIXED,107714.91,BR-001,27,GHGGB9607070
SECURITY.POSITION/3005169,SECURITY_HOLDING,GHS,64549.62,64549.62,SBL-SOV-017052,SEC.BOND.10Y,1206,2017-10-02,2027-08-11,2027-08-11,0.265,FIXED,64549.62,BR-001,27,GHGGB5509025
SECURITY.POSITION/3005170,SECURITY_HOLDING,GHS,429550.28,429550.28,SBL-SOV-017052,SEC.BOND.10Y,1206,2021-03-31,2031-02-07,2031-02-07,0.2702,FIXED,429550.28,BR-001,27,GHGGB3409322
SECURITY.POSITION/3005171,SECURITY_HOLDING,GHS,307889.12,307889.12,SBL-SOV-017052,SEC.BOND.10Y,1206,2023-01-23,2032-12-01,2032-12-01,0.2703,FIXED,307889.12,BR-001,27,GHGGB8484060
SECURITY.POSITION/3005174,SECURITY_HOLDING,GHS,685111.82,685111.82,SBL-SOV-017052,SEC.BOND.10Y,1206,2017-05-23,2027-04-01,2027-04-01,0.2633,FIXED,685111.82,BR-001,27,GHGGB9252198
SECURITY.POSITION/3005175,SECURITY_HOLDING,GHS,503161.43,503161.43,SBL-SOV-017052,SEC.BOND.10Y,1206,2019-09-28,2029-08-06,2029-08-06,0.2646,FIXED,503161.43,BR-001,27,GHGGB8570540
SECURITY.POSITION/3005177,SECURITY_HOLDING,GHS,266509.19,266509.19,SBL-SOV-017052,SEC.BOND.10Y,1206,2020-06-30,2030-05-09,2030-05-09,0.2598,FIXED,266509.19,BR-001,27,GHGGB1765322
SECURITY.POSITION/3005215,SECURITY_HOLDING,GHS,928670.67,928670.67,SBL-SOV-017052,SEC.BOND.5Y,1205,2022-07-17,2027-06-21,2027-06-21,0.2591,FIXED,928670.67,BR-001,26,GHGGB6763248
SECURITY.POSITION/3005216,SECURITY_HOLDING,GHS,1026931.17,1026931.17,SBL-SOV-017052,SEC.BOND.5Y,1205,2023-05-16,2028-04-19,2028-04-19,0.2553,FIXED,1026931.17,BR-001,26,GHGGB6062952
SECURITY.POSITION/3005217,SECURITY_HOLDING,GHS,61720.00,61720.00,SBL-SOV-017052,SEC.BOND.5Y,1205,2022-04-05,2027-03-10,2027-03-10,0.257,FIXED,61720.00,BR-001,26,GHGGB9134123
SECURITY.POSITION/3005221,SECURITY_HOLDING,GHS,706561.46,706561.46,SBL-SOV-017052,SEC.BOND.10Y,1206,2024-01-14,2033-11-22,2033-11-22,0.2691,FIXED,706561.46,BR-001,26,GHGGB8971701
SECURITY.POSITION/3005222,SECURITY_HOLDING,GHS,1234463.00,1234463.00,SBL-SOV-017052,SEC.BOND.10Y,1206,2020-02-28,2030-01-06,2030-01-06,0.2659,FIXED,1234463.00,BR-001,26,GHGGB3043611
SECURITY.POSITION/3005223,SECURITY_HOLDING,GHS,786845.86,786845.86,SBL-SOV-017052,SEC.BOND.10Y,1206,2024-01-21,2033-11-29,2033-11-29,0.2644,FIXED,786845.86,BR-001,26,GHGGB4638778
SECURITY.POSITION/3005224,SECURITY_HOLDING,GHS,464725.69,464725.69,SBL-SOV-017052,SEC.BOND.10Y,1206,2023-08-03,2033-06-11,2033-06-11,0.2696,FIXED,464725.69,BR-001,26,GHGGB5425119
SECURITY.POSITION/3005225,SECURITY_HOLDING,GHS,2230360.08,2230360.08,SBL-SOV-017052,SEC.BOND.10Y,1206,2016-12-15,2026-10-24,2026-10-24,0.267,FIXED,2230360.08,BR-001,26,GHGGB6374333
SECURITY.POSITION/3005267,SECURITY_HOLDING,GHS,381777.22,381777.22,SBL-SOV-017052,SEC.BOND.5Y,1205,2022-12-22,2027-11-26,2027-11-26,0.2643,FIXED,381777.22,BR-001,25,GHGGB5458714
SECURITY.POSITION/3005269,SECURITY_HOLDING,GHS,193198.27,193198.27,SBL-SOV-017052,SEC.BOND.5Y,1205,2023-08-31,2028-08-04,2028-08-04,0.264,FIXED,193198.27,BR-001,25,GHGGB5288404
SECURITY.POSITION/3005270,SECURITY_HOLDING,GHS,475502.97,475502.97,SBL-SOV-017052,SEC.BOND.5Y,1205,2022-03-20,2027-02-22,2027-02-22,0.2627,FIXED,475502.97,BR-001,25,GHGGB8077313
SECURITY.POSITION/3005272,SECURITY_HOLDING,GHS,53123.63,53123.63,SBL-SOV-017052,SEC.BOND.5Y,1205,2022-03-24,2027-02-26,2027-02-26,0.2578,FIXED,53123.63,BR-001,25,GHGGB1966293
SECURITY.POSITION/3005273,SECURITY_HOLDING,GHS,352603.53,352603.53,SBL-SOV-017052,SEC.BOND.5Y,1205,2022-02-07,2027-01-12,2027-01-12,0.2637,FIXED,352603.53,BR-001,25,GHGGB4500105
SECURITY.POSITION/3005274,SECURITY_HOLDING,GHS,437606.22,437606.22,SBL-SOV-017052,SEC.BOND.5Y,1205,2022-08-30,2027-08-04,2027-08-04,0.2652,FIXED,437606.22,BR-001,25,GHGGB3470970
SECURITY.POSITION/3005276,SECURITY_HOLDING,GHS,197447.85,197447.85,SBL-SOV-017052,SEC.BOND.5Y,1205,2021-08-30,2026-08-04,2026-08-04,0.2683,FIXED,197447.85,BR-001,25,GHGGB8057556
SECURITY.POSITION/3005277,SECURITY_HOLDING,GHS,399045.96,399045.96,SBL-SOV-017052,SEC.BOND.10Y,1206,2022-11-18,2032-09-26,2032-09-26,0.2704,FIXED,399045.96,BR-001,25,GHGGB5605140
SECURITY.POSITION/3005278,SECURITY_HOLDING,GHS,148511.35,148511.35,SBL-SOV-017052,SEC.BOND.10Y,1206,2024-04-05,2034-02-12,2034-02-12,0.2725,FIXED,148511.35,BR-001,25,GHGGB6010812
SECURITY.POSITION/3005280,SECURITY_HOLDING,GHS,88679.51,88679.51,SBL-SOV-017052,SEC.BOND.10Y,1206,2023-01-17,2032-11-25,2032-11-25,0.2707,FIXED,88679.51,BR-001,25,GHGGB8695419
SECURITY.POSITION/3005281,SECURITY_HOLDING,GHS,176283.25,176283.25,SBL-SOV-017052,SEC.BOND.10Y,1206,2019-04-16,2029-02-22,2029-02-22,0.2628,FIXED,176283.25,BR-001,25,GHGGB7822275
SECURITY.POSITION/3005282,SECURITY_HOLDING,GHS,195845.21,195845.21,SBL-SOV-017052,SEC.BOND.10Y,1206,2019-08-11,2029-06-19,2029-06-19,0.2688,FIXED,195845.21,BR-001,25,GHGGB6021407
SECURITY.POSITION/3005283,SECURITY_HOLDING,GHS,308424.35,308424.35,SBL-SOV-017052,SEC.BOND.10Y,1206,2019-01-09,2028-11-17,2028-11-17,0.2719,FIXED,308424.35,BR-001,25,GHGGB1479857
SECURITY.POSITION/3005284,SECURITY_HOLDING,GHS,169367.13,169367.13,SBL-SOV-017052,SEC.BOND.10Y,1206,2022-03-26,2032-02-02,2032-02-02,0.2642,FIXED,169367.13,BR-001,25,GHGGB6849094
SECURITY.POSITION/3005285,SECURITY_HOLDING,GHS,386618.43,386618.43,SBL-SOV-017052,SEC.BOND.10Y,1206,2022-07-04,2032-05-12,2032-05-12,0.2704,FIXED,386618.43,BR-001,25,GHGGB1429130
SECURITY.POSITION/3005286,SECURITY_HOLDING,GHS,249573.35,249573.35,SBL-SOV-017052,SEC.BOND.10Y,1206,2019-12-01,2029-10-09,2029-10-09,0.2674,FIXED,249573.35,BR-001,25,GHGGB5620486
SECURITY.POSITION/3005322,SECURITY_HOLDING,GHS,217445.62,217445.62,SBL-SOV-017052,SEC.BOND.5Y,1205,2022-02-27,2027-02-01,2027-02-01,0.2588,FIXED,217445.62,BR-001,24,GHGGB7674398
SECURITY.POSITION/3005325,SECURITY_HOLDING,GHS,442831.21,442831.21,SBL-SOV-017052,SEC.BOND.5Y,1205,2024-04-18,2029-03-23,2029-03-23,0.2538,FIXED,442831.21,BR-001,24,GHGGB7317157
SECURITY.POSITION/3005328,SECURITY_HOLDING,GHS,294861.61,294861.61,SBL-SOV-017052,SEC.BOND.5Y,1205,2022-01-19,2026-12-24,2026-12-24,0.2564,FIXED,294861.61,BR-001,24,GHGGB4082001
SECURITY.POSITION/3005329,SECURITY_HOLDING,GHS,480852.86,480852.86,SBL-SOV-017052,SEC.BOND.5Y,1205,2021-09-08,2026-08-13,2026-08-13,0.2634,FIXED,480852.86,BR-001,24,GHGGB6480089
SECURITY.POSITION/3005331,SECURITY_HOLDING,GHS,202317.54,202317.54,SBL-SOV-017052,SEC.BOND.5Y,1205,2022-06-21,2027-05-26,2027-05-26,0.261,FIXED,202317.54,BR-001,24,GHGGB9294530
SECURITY.POSITION/3005332,SECURITY_HOLDING,GHS,277408.59,277408.59,SBL-SOV-017052,SEC.BOND.10Y,1206,2017-12-27,2027-11-05,2027-11-05,0.2779,FIXED,277408.59,BR-001,24,GHGGB4237546
SECURITY.POSITION/3005334,SECURITY_HOLDING,GHS,121698.46,121698.46,SBL-SOV-017052,SEC.BOND.10Y,1206,2020-08-11,2030-06-20,2030-06-20,0.2647,FIXED,121698.46,BR-001,24,GHGGB2273109
SECURITY.POSITION/3005336,SECURITY_HOLDING,GHS,37730.87,37730.87,SBL-SOV-017052,SEC.BOND.10Y,1206,2022-02-12,2031-12-22,2031-12-22,0.2652,FIXED,37730.87,BR-001,24,GHGGB6625161
SECURITY.POSITION/3005337,SECURITY_HOLDING,GHS,11394.17,11394.17,SBL-SOV-017052,SEC.BOND.10Y,1206,2023-11-21,2033-09-29,2033-09-29,0.2739,FIXED,11394.17,BR-001,24,GHGGB2614432
SECURITY.POSITION/3005338,SECURITY_HOLDING,GHS,94509.54,94509.54,SBL-SOV-017052,SEC.BOND.10Y,1206,2024-05-20,2034-03-29,2034-03-29,0.2716,FIXED,94509.54,BR-001,24,GHGGB4609808
SECURITY.POSITION/3005339,SECURITY_HOLDING,GHS,108763.13,108763.13,SBL-SOV-017052,SEC.BOND.10Y,1206,2017-01-21,2026-11-30,2026-11-30,0.264,FIXED,108763.13,BR-001,24,GHGGB3849593
SECURITY.POSITION/3005340,SECURITY_HOLDING,GHS,76420.51,76420.51,SBL-SOV-017052,SEC.BOND.10Y,1206,2021-05-18,2031-03-27,2031-03-27,0.2728,FIXED,76420.51,BR-001,24,GHGGB4245070
SECURITY.POSITION/3005371,SECURITY_HOLDING,GHS,298472.64,298472.64,SBL-SOV-017052,SEC.BOND.2Y,1204,2024-07-13,2026-07-03,2026-07-03,0.2259,FIXED,298472.64,BR-001,23,GHGGB6901501
SECURITY.POSITION/3005375,SECURITY_HOLDING,GHS,669538.00,669538.00,SBL-SOV-017052,SEC.BOND.2Y,1204,2024-07-20,2026-07-10,2026-07-10,0.2272,FIXED,669538.00,BR-001,23,GHGGB4744771
SECURITY.POSITION/3005376,SECURITY_HOLDING,GHS,363100.15,363100.15,SBL-SOV-017052,SEC.BOND.5Y,1205,2021-12-14,2026-11-18,2026-11-18,0.2586,FIXED,363100.15,BR-001,23,GHGGB2020840
SECURITY.POSITION/3005379,SECURITY_HOLDING,GHS,342205.61,342205.61,SBL-SOV-017052,SEC.BOND.5Y,1205,2023-09-15,2028-08-19,2028-08-19,0.2577,FIXED,342205.61,BR-001,23,GHGGB5744249
SECURITY.POSITION/3005380,SECURITY_HOLDING,GHS,1268800.97,1268800.97,SBL-SOV-017052,SEC.BOND.5Y,1205,2022-08-26,2027-07-31,2027-07-31,0.2587,FIXED,1268800.97,BR-001,23,GHGGB5842479
SECURITY.POSITION/3005381,SECURITY_HOLDING,GHS,816064.05,816064.05,SBL-SOV-017052,SEC.BOND.5Y,1205,2023-08-03,2028-07-07,2028-07-07,0.2588,FIXED,816064.05,BR-001,23,GHGGB1643138
SECURITY.POSITION/3005383,SECURITY_HOLDING,GHS,202876.51,202876.51,SBL-SOV-017052,SEC.BOND.10Y,1206,2020-09-10,2030-07-20,2030-07-20,0.2747,FIXED,202876.51,BR-001,23,GHGGB2431112
SECURITY.POSITION/3005384,SECURITY_HOLDING,GHS,308751.46,308751.46,SBL-SOV-017052,SEC.BOND.10Y,1206,2017-03-19,2027-01-26,2027-01-26,0.2766,FIXED,308751.46,BR-001,23,GHGGB6045912
SECURITY.POSITION/3005385,SECURITY_HOLDING,GHS,40940.95,40940.95,SBL-SOV-017052,SEC.BOND.10Y,1206,2024-04-09,2034-02-16,2034-02-16,0.2653,FIXED,40940.95,BR-001,23,GHGGB6941203
SECURITY.POSITION/3005387,SECURITY_HOLDING,GHS,85177.30,85177.30,SBL-SOV-017052,SEC.BOND.10Y,1206,2022-04-05,2032-02-12,2032-02-12,0.2724,FIXED,85177.30,BR-001,23,GHGGB3175920
SECURITY.POSITION/3005388,SECURITY_HOLDING,GHS,254884.92,254884.92,SBL-SOV-017052,SEC.BOND.10Y,1206,2021-06-09,2031-04-18,2031-04-18,0.2754,FIXED,254884.92,BR-001,23,GHGGB7442064
SECURITY.POSITION/3005390,SECURITY_HOLDING,GHS,42484.46,42484.46,SBL-SOV-017052,SEC.BOND.10Y,1206,2018-02-21,2027-12-31,2027-12-31,0.2688,FIXED,42484.46,BR-001,23,GHGGB3175706
SECURITY.POSITION/3005391,SECURITY_HOLDING,GHS,42013.00,42013.00,SBL-SOV-017052,SEC.BOND.10Y,1206,2024-03-09,2034-01-16,2034-01-16,0.2727,FIXED,42013.00,BR-001,23,GHGGB3434072
SECURITY.POSITION/3005392,SECURITY_HOLDING,GHS,420489.69,420489.69,SBL-SOV-017052,SEC.BOND.10Y,1206,2024-02-03,2033-12-12,2033-12-12,0.2783,FIXED,420489.69,BR-001,23,GHGGB7110495
SECURITY.POSITION/3005393,SECURITY_HOLDING,GHS,274555.59,274555.59,SBL-SOV-017052,SEC.BOND.10Y,1206,2017-04-21,2027-02-28,2027-02-28,0.2706,FIXED,274555.59,BR-001,23,GHGGB4842960
SECURITY.POSITION/3005394,SECURITY_HOLDING,GHS,326449.63,326449.63,SBL-SOV-017052,SEC.BOND.10Y,1206,2022-03-05,2032-01-12,2032-01-12,0.2719,FIXED,326449.63,BR-001,23,GHGGB8438711
SECURITY.POSITION/3005425,SECURITY_HOLDING,GHS,889148.67,889148.67,SBL-SOV-017052,SEC.BOND.2Y,1204,2024-08-14,2026-08-04,2026-08-04,0.2255,FIXED,889148.67,BR-001,22,GHGGB1314100
SECURITY.POSITION/3005427,SECURITY_HOLDING,GHS,526265.23,526265.23,SBL-SOV-017052,SEC.BOND.2Y,1204,2024-08-27,2026-08-17,2026-08-17,0.226,FIXED,526265.23,BR-001,22,GHGGB5861659
SECURITY.POSITION/3005434,SECURITY_HOLDING,GHS,2095019.86,2095019.86,SBL-SOV-017052,SEC.BOND.5Y,1205,2022-05-04,2027-04-08,2027-04-08,0.2571,FIXED,2095019.86,BR-001,22,GHGGB1941443
SECURITY.POSITION/3005436,SECURITY_HOLDING,GHS,1753929.61,1753929.61,SBL-SOV-017052,SEC.BOND.5Y,1205,2023-06-20,2028-05-24,2028-05-24,0.2584,FIXED,1753929.61,BR-001,22,GHGGB7763501
SECURITY.POSITION/3005438,SECURITY_HOLDING,GHS,194213.54,194213.54,SBL-SOV-017052,SEC.BOND.10Y,1206,2020-10-24,2030-09-02,2030-09-02,0.2683,FIXED,194213.54,BR-001,22,GHGGB4301607
SECURITY.POSITION/3005439,SECURITY_HOLDING,GHS,276746.93,276746.93,SBL-SOV-017052,SEC.BOND.10Y,1206,2022-12-30,2032-11-07,2032-11-07,0.2681,FIXED,276746.93,BR-001,22,GHGGB3826062
SECURITY.POSITION/3005441,SECURITY_HOLDING,GHS,113447.32,113447.32,SBL-SOV-017052,SEC.BOND.10Y,1206,2021-09-06,2031-07-16,2031-07-16,0.266,FIXED,113447.32,BR-001,22,GHGGB8969766
SECURITY.POSITION/3005443,SECURITY_HOLDING,GHS,402352.66,402352.66,SBL-SOV-017052,SEC.BOND.10Y,1206,2020-05-11,2030-03-20,2030-03-20,0.2643,FIXED,402352.66,BR-001,22,GHGGB5488296
SECURITY.POSITION/3005444,SECURITY_HOLDING,GHS,242387.63,242387.63,SBL-SOV-017052,SEC.BOND.10Y,1206,2023-01-15,2032-11-23,2032-11-23,0.2635,FIXED,242387.63,BR-001,22,GHGGB2115252
SECURITY.POSITION/3005445,SECURITY_HOLDING,GHS,338195.37,338195.37,SBL-SOV-017052,SEC.BOND.10Y,1206,2023-02-28,2033-01-06,2033-01-06,0.2704,FIXED,338195.37,BR-001,22,GHGGB7556680
SECURITY.POSITION/3005448,SECURITY_HOLDING,GHS,434757.96,434757.96,SBL-SOV-017052,SEC.BOND.10Y,1206,2021-07-31,2031-06-09,2031-06-09,0.2682,FIXED,434757.96,BR-001,22,GHGGB7827225
SECURITY.POSITION/3005449,SECURITY_HOLDING,GHS,191513.57,191513.57,SBL-SOV-017052,SEC.BOND.10Y,1206,2019-03-17,2029-01-23,2029-01-23,0.2695,FIXED,191513.57,BR-001,22,GHGGB3455098
SECURITY.POSITION/3005450,SECURITY_HOLDING,GHS,857251.40,857251.40,SBL-SOV-017052,SEC.BOND.10Y,1206,2018-03-14,2028-01-21,2028-01-21,0.2619,FIXED,857251.40,BR-001,22,GHGGB4476932
SECURITY.POSITION/3005489,SECURITY_HOLDING,GHS,87250.04,87250.04,SBL-SOV-017052,SEC.BOND.5Y,1205,2024-03-14,2029-02-16,2029-02-16,0.255,FIXED,87250.04,BR-001,21,GHGGB4690632
SECURITY.POSITION/3005490,SECURITY_HOLDING,GHS,377208.87,377208.87,SBL-SOV-017052,SEC.BOND.5Y,1205,2021-09-04,2026-08-09,2026-08-09,0.2569,FIXED,377208.87,BR-001,21,GHGGB4598589
SECURITY.POSITION/3005491,SECURITY_HOLDING,GHS,457327.42,457327.42,SBL-SOV-017052,SEC.BOND.5Y,1205,2022-05-28,2027-05-02,2027-05-02,0.2518,FIXED,457327.42,BR-001,21,GHGGB1110949
SECURITY.POSITION/3005492,SECURITY_HOLDING,GHS,1003607.95,1003607.95,SBL-SOV-017052,SEC.BOND.5Y,1205,2024-01-18,2028-12-22,2028-12-22,0.256,FIXED,1003607.95,BR-001,21,GHGGB8493034
SECURITY.POSITION/3005493,SECURITY_HOLDING,GHS,861739.29,861739.29,SBL-SOV-017052,SEC.BOND.5Y,1205,2022-11-15,2027-10-20,2027-10-20,0.2563,FIXED,861739.29,BR-001,21,GHGGB4059564
SECURITY.POSITION/3005494,SECURITY_HOLDING,GHS,1450252.37,1450252.37,SBL-SOV-017052,SEC.BOND.5Y,1205,2024-01-28,2029-01-01,2029-01-01,0.2487,FIXED,1450252.37,BR-001,21,GHGGB4553441
SECURITY.POSITION/3005495,SECURITY_HOLDING,GHS,178781.74,178781.74,SBL-SOV-017052,SEC.BOND.5Y,1205,2022-06-10,2027-05-15,2027-05-15,0.2498,FIXED,178781.74,BR-001,21,GHGGB5197837
SECURITY.POSITION/3005496,SECURITY_HOLDING,GHS,205139.23,205139.23,SBL-SOV-017052,SEC.BOND.5Y,1205,2021-08-24,2026-07-29,2026-07-29,0.2578,FIXED,205139.23,BR-001,21,GHGGB6356383
SECURITY.POSITION/3005497,SECURITY_HOLDING,GHS,91346.51,91346.51,SBL-SOV-017052,SEC.BOND.10Y,1206,2021-05-14,2031-03-23,2031-03-23,0.2693,FIXED,91346.51,BR-001,21,GHGGB4734217
SECURITY.POSITION/3005498,SECURITY_HOLDING,GHS,30675.76,30675.76,SBL-SOV-017052,SEC.BOND.10Y,1206,2019-03-27,2029-02-02,2029-02-02,0.2708,FIXED,30675.76,BR-001,21,GHGGB8249511
SECURITY.POSITION/3005499,SECURITY_HOLDING,GHS,64912.75,64912.75,SBL-SOV-017052,SEC.BOND.10Y,1206,2017-11-22,2027-10-01,2027-10-01,0.2712,FIXED,64912.75,BR-001,21,GHGGB2128769
SECURITY.POSITION/3005502,SECURITY_HOLDING,GHS,65368.94,65368.94,SBL-SOV-017052,SEC.BOND.10Y,1206,2019-01-15,2028-11-23,2028-11-23,0.2679,FIXED,65368.94,BR-001,21,GHGGB1030556
SECURITY.POSITION/3005503,SECURITY_HOLDING,GHS,171760.88,171760.88,SBL-SOV-017052,SEC.BOND.10Y,1206,2017-07-18,2027-05-27,2027-05-27,0.2705,FIXED,171760.88,BR-001,21,GHGGB5602786
SECURITY.POSITION/3005505,SECURITY_HOLDING,GHS,225677.60,225677.60,SBL-SOV-017052,SEC.BOND.10Y,1206,2022-07-26,2032-06-03,2032-06-03,0.2695,FIXED,225677.60,BR-001,21,GHGGB8202937
SECURITY.POSITION/3005506,SECURITY_HOLDING,GHS,67810.85,67810.85,SBL-SOV-017052,SEC.BOND.10Y,1206,2019-11-14,2029-09-22,2029-09-22,0.2647,FIXED,67810.85,BR-001,21,GHGGB3255078
SECURITY.POSITION/3005507,SECURITY_HOLDING,GHS,27477.01,27477.01,SBL-SOV-017052,SEC.BOND.10Y,1206,2018-06-02,2028-04-10,2028-04-10,0.2719,FIXED,27477.01,BR-001,21,GHGGB7281069
SECURITY.POSITION/3005539,SECURITY_HOLDING,GHS,363973.41,363973.41,SBL-SOV-017052,SEC.BOND.2Y,1204,2024-09-18,2026-09-08,2026-09-08,0.2193,FIXED,363973.41,BR-001,20,GHGGB9473453
SECURITY.POSITION/3005543,SECURITY_HOLDING,GHS,293489.95,293489.95,SBL-SOV-017052,SEC.BOND.2Y,1204,2024-10-27,2026-10-17,2026-10-17,0.2207,FIXED,293489.95,BR-001,20,GHGGB6496880
SECURITY.POSITION/3005546,SECURITY_HOLDING,GHS,1617645.22,1617645.22,SBL-SOV-017052,SEC.BOND.2Y,1204,2024-08-10,2026-07-31,2026-07-31,0.2287,FIXED,1617645.22,BR-001,20,GHGGB9207126
SECURITY.POSITION/3005550,SECURITY_HOLDING,GHS,695064.86,695064.86,SBL-SOV-017052,SEC.BOND.5Y,1205,2023-03-21,2028-02-23,2028-02-23,0.2586,FIXED,695064.86,BR-001,20,GHGGB2484626
SECURITY.POSITION/3005551,SECURITY_HOLDING,GHS,473872.81,473872.81,SBL-SOV-017052,SEC.BOND.5Y,1205,2024-04-30,2029-04-04,2029-04-04,0.2517,FIXED,473872.81,BR-001,20,GHGGB2393581
SECURITY.POSITION/3005552,SECURITY_HOLDING,GHS,763525.77,763525.77,SBL-SOV-017052,SEC.BOND.5Y,1205,2022-08-23,2027-07-28,2027-07-28,0.2457,FIXED,763525.77,BR-001,20,GHGGB8536470
SECURITY.POSITION/3005553,SECURITY_HOLDING,GHS,905108.88,905108.88,SBL-SOV-017052,SEC.BOND.5Y,1205,2023-05-05,2028-04-08,2028-04-08,0.2513,FIXED,905108.88,BR-001,20,GHGGB5669465
SECURITY.POSITION/3005554,SECURITY_HOLDING,GHS,1328065.36,1328065.36,SBL-SOV-017052,SEC.BOND.5Y,1205,2022-02-16,2027-01-21,2027-01-21,0.2508,FIXED,1328065.36,BR-001,20,GHGGB3294421
SECURITY.POSITION/3005555,SECURITY_HOLDING,GHS,939506.99,939506.99,SBL-SOV-017052,SEC.BOND.5Y,1205,2024-10-12,2029-09-16,2029-09-16,0.2596,FIXED,939506.99,BR-001,20,GHGGB2315161
SECURITY.POSITION/3005556,SECURITY_HOLDING,GHS,243526.24,243526.24,SBL-SOV-017052,SEC.BOND.5Y,1205,2022-11-28,2027-11-02,2027-11-02,0.2618,FIXED,243526.24,BR-001,20,GHGGB6198379
SECURITY.POSITION/3005557,SECURITY_HOLDING,GHS,486376.51,486376.51,SBL-SOV-017052,SEC.BOND.10Y,1206,2016-10-25,2026-09-03,2026-09-03,0.27,FIXED,486376.51,BR-001,20,GHGGB4658133
SECURITY.POSITION/3005558,SECURITY_HOLDING,GHS,25418.90,25418.90,SBL-SOV-017052,SEC.BOND.10Y,1206,2018-12-12,2028-10-20,2028-10-20,0.2687,FIXED,25418.90,BR-001,20,GHGGB1776317
SECURITY.POSITION/3005562,SECURITY_HOLDING,GHS,160263.08,160263.08,SBL-SOV-017052,SEC.BOND.10Y,1206,2022-05-15,2032-03-23,2032-03-23,0.2729,FIXED,160263.08,BR-001,20,GHGGB2306762
SECURITY.POSITION/3005563,SECURITY_HOLDING,GHS,99241.59,99241.59,SBL-SOV-017052,SEC.BOND.10Y,1206,2021-12-18,2031-10-27,2031-10-27,0.2666,FIXED,99241.59,BR-001,20,GHGGB7397965
SECURITY.POSITION/3005564,SECURITY_HOLDING,GHS,408087.54,408087.54,SBL-SOV-017052,SEC.BOND.10Y,1206,2024-04-30,2034-03-09,2034-03-09,0.2682,FIXED,408087.54,BR-001,20,GHGGB3285052
SECURITY.POSITION/3005565,SECURITY_HOLDING,GHS,139991.10,139991.10,SBL-SOV-017052,SEC.BOND.10Y,1206,2021-09-05,2031-07-15,2031-07-15,0.2695,FIXED,139991.10,BR-001,20,GHGGB1989831
SECURITY.POSITION/3005566,SECURITY_HOLDING,GHS,133730.41,133730.41,SBL-SOV-017052,SEC.BOND.10Y,1206,2018-03-07,2028-01-14,2028-01-14,0.265,FIXED,133730.41,BR-001,20,GHGGB2105757
SECURITY.POSITION/3005589,SECURITY_HOLDING,GHS,98018.33,98018.33,SBL-SOV-017052,SEC.BOND.2Y,1204,2024-08-10,2026-07-31,2026-07-31,0.2265,FIXED,98018.33,BR-001,19,GHGGB7963253
SECURITY.POSITION/3005590,SECURITY_HOLDING,GHS,201043.43,201043.43,SBL-SOV-017052,SEC.BOND.2Y,1204,2024-10-17,2026-10-07,2026-10-07,0.227,FIXED,201043.43,BR-001,19,GHGGB3906464
SECURITY.POSITION/3005594,SECURITY_HOLDING,GHS,391631.61,391631.61,SBL-SOV-017052,SEC.BOND.2Y,1204,2024-11-23,2026-11-13,2026-11-13,0.2276,FIXED,391631.61,BR-001,19,GHGGB7369655
SECURITY.POSITION/3005599,SECURITY_HOLDING,GHS,74608.26,74608.26,SBL-SOV-017052,SEC.BOND.2Y,1204,2024-10-11,2026-10-01,2026-10-01,0.2282,FIXED,74608.26,BR-001,19,GHGGB2004461
SECURITY.POSITION/3005600,SECURITY_HOLDING,GHS,462808.20,462808.20,SBL-SOV-017052,SEC.BOND.2Y,1204,2024-08-27,2026-08-17,2026-08-17,0.2275,FIXED,462808.20,BR-001,19,GHGGB8075373
SECURITY.POSITION/3005601,SECURITY_HOLDING,GHS,29448.83,29448.83,SBL-SOV-017052,SEC.BOND.5Y,1205,2021-08-04,2026-07-09,2026-07-09,0.2653,FIXED,29448.83,BR-001,19,GHGGB2644808
SECURITY.POSITION/3005602,SECURITY_HOLDING,GHS,64059.12,64059.12,SBL-SOV-017052,SEC.BOND.5Y,1205,2024-06-15,2029-05-20,2029-05-20,0.2637,FIXED,64059.12,BR-001,19,GHGGB4800080
SECURITY.POSITION/3005603,SECURITY_HOLDING,GHS,16332.44,16332.44,SBL-SOV-017052,SEC.BOND.5Y,1205,2021-08-20,2026-07-25,2026-07-25,0.2631,FIXED,16332.44,BR-001,19,GHGGB9004782
SECURITY.POSITION/3005604,SECURITY_HOLDING,GHS,25330.28,25330.28,SBL-SOV-017052,SEC.BOND.5Y,1205,2024-03-27,2029-03-01,2029-03-01,0.2625,FIXED,25330.28,BR-001,19,GHGGB6219534
SECURITY.POSITION/3005605,SECURITY_HOLDING,GHS,27404.40,27404.40,SBL-SOV-017052,SEC.BOND.5Y,1205,2022-10-02,2027-09-06,2027-09-06,0.2588,FIXED,27404.40,BR-001,19,GHGGB2073812
SECURITY.POSITION/3005607,SECURITY_HOLDING,GHS,23868.64,23868.64,SBL-SOV-017052,SEC.BOND.5Y,1205,2021-09-15,2026-08-20,2026-08-20,0.2585,FIXED,23868.64,BR-001,19,GHGGB3151366
SECURITY.POSITION/3005608,SECURITY_HOLDING,GHS,48078.71,48078.71,SBL-SOV-017052,SEC.BOND.5Y,1205,2024-07-03,2029-06-07,2029-06-07,0.2597,FIXED,48078.71,BR-001,19,GHGGB2964657
SECURITY.POSITION/3005609,SECURITY_HOLDING,GHS,47651.88,47651.88,SBL-SOV-017052,SEC.BOND.5Y,1205,2021-09-06,2026-08-11,2026-08-11,0.2631,FIXED,47651.88,BR-001,19,GHGGB5019391
SECURITY.POSITION/3005610,SECURITY_HOLDING,GHS,42089.18,42089.18,SBL-SOV-017052,SEC.BOND.5Y,1205,2024-08-06,2029-07-11,2029-07-11,0.2585,FIXED,42089.18,BR-001,19,GHGGB7600863
SECURITY.POSITION/3005611,SECURITY_HOLDING,GHS,31280.41,31280.41,SBL-SOV-017052,SEC.BOND.5Y,1205,2022-05-16,2027-04-20,2027-04-20,0.2587,FIXED,31280.41,BR-001,19,GHGGB6842558
SECURITY.POSITION/3005612,SECURITY_HOLDING,GHS,41021.55,41021.55,SBL-SOV-017052,SEC.BOND.5Y,1205,2023-09-26,2028-08-30,2028-08-30,0.2588,FIXED,41021.55,BR-001,19,GHGGB6474469
SECURITY.POSITION/3005646,SECURITY_HOLDING,GHS,544783.50,544783.50,SBL-SOV-017052,SEC.BOND.2Y,1204,2024-11-13,2026-11-03,2026-11-03,0.2333,FIXED,544783.50,BR-001,18,GHGGB5601669
SECURITY.POSITION/3005647,SECURITY_HOLDING,GHS,2872407.79,2872407.79,SBL-SOV-017052,SEC.BOND.2Y,1204,2024-09-10,2026-08-31,2026-08-31,0.2273,FIXED,2872407.79,BR-001,18,GHGGB5416540
SECURITY.POSITION/3005648,SECURITY_HOLDING,GHS,781274.31,781274.31,SBL-SOV-017052,SEC.BOND.2Y,1204,2024-07-24,2026-07-14,2026-07-14,0.2301,FIXED,781274.31,BR-001,18,GHGGB3597288
SECURITY.POSITION/3005651,SECURITY_HOLDING,GHS,1474765.77,1474765.77,SBL-SOV-017052,SEC.BOND.2Y,1204,2024-10-12,2026-10-02,2026-10-02,0.2253,FIXED,1474765.77,BR-001,18,GHGGB4732956
SECURITY.POSITION/3005653,SECURITY_HOLDING,GHS,378342.82,378342.82,SBL-SOV-017052,SEC.BOND.5Y,1205,2023-05-23,2028-04-26,2028-04-26,0.2624,FIXED,378342.82,BR-001,18,GHGGB2719106
SECURITY.POSITION/3005654,SECURITY_HOLDING,GHS,379831.35,379831.35,SBL-SOV-017052,SEC.BOND.5Y,1205,2021-12-13,2026-11-17,2026-11-17,0.2563,FIXED,379831.35,BR-001,18,GHGGB7534365
SECURITY.POSITION/3005656,SECURITY_HOLDING,GHS,323901.61,323901.61,SBL-SOV-017052,SEC.BOND.5Y,1205,2022-12-23,2027-11-27,2027-11-27,0.2545,FIXED,323901.61,BR-001,18,GHGGB7394113
SECURITY.POSITION/3005657,SECURITY_HOLDING,GHS,84260.03,84260.03,SBL-SOV-017052,SEC.BOND.5Y,1205,2023-02-26,2028-01-31,2028-01-31,0.2545,FIXED,84260.03,BR-001,18,GHGGB6523340
SECURITY.POSITION/3005659,SECURITY_HOLDING,GHS,350367.31,350367.31,SBL-SOV-017052,SEC.BOND.5Y,1205,2023-12-31,2028-12-04,2028-12-04,0.2574,FIXED,350367.31,BR-001,18,GHGGB7093957
SECURITY.POSITION/3005661,SECURITY_HOLDING,GHS,411227.05,411227.05,SBL-SOV-017052,SEC.BOND.5Y,1205,2024-07-19,2029-06-23,2029-06-23,0.2553,FIXED,411227.05,BR-001,18,GHGGB8053382
SECURITY.POSITION/3005662,SECURITY_HOLDING,GHS,689144.23,689144.23,SBL-SOV-017052,SEC.BOND.5Y,1205,2023-10-03,2028-09-06,2028-09-06,0.2609,FIXED,689144.23,BR-001,18,GHGGB4547857
SECURITY.POSITION/3005663,SECURITY_HOLDING,GHS,326885.86,326885.86,SBL-SOV-017052,SEC.BOND.5Y,1205,2021-09-03,2026-08-08,2026-08-08,0.254,FIXED,326885.86,BR-001,18,GHGGB6394658
SECURITY.POSITION/3005665,SECURITY_HOLDING,GHS,4708.80,4708.80,SBL-SOV-017052,SEC.BOND.10Y,1206,2016-09-03,2026-07-13,2026-07-13,0.2757,FIXED,4708.80,BR-001,18,GHGGB5434327
SECURITY.POSITION/3005666,SECURITY_HOLDING,GHS,36051.85,36051.85,SBL-SOV-017052,SEC.BOND.10Y,1206,2020-05-25,2030-04-03,2030-04-03,0.2645,FIXED,36051.85,BR-001,18,GHGGB2228935
SECURITY.POSITION/3005667,SECURITY_HOLDING,GHS,7919.27,7919.27,SBL-SOV-017052,SEC.BOND.10Y,1206,2017-08-15,2027-06-24,2027-06-24,0.2704,FIXED,7919.27,BR-001,18,GHGGB1882299
SECURITY.POSITION/3005669,SECURITY_HOLDING,GHS,26544.76,26544.76,SBL-SOV-017052,SEC.BOND.10Y,1206,2024-06-01,2034-04-10,2034-04-10,0.2667,FIXED,26544.76,BR-001,18,GHGGB1866552
SECURITY.POSITION/3005670,SECURITY_HOLDING,GHS,62088.35,62088.35,SBL-SOV-017052,SEC.BOND.10Y,1206,2019-09-25,2029-08-03,2029-08-03,0.2717,FIXED,62088.35,BR-001,18,GHGGB6430130
SECURITY.POSITION/3005671,SECURITY_HOLDING,GHS,48776.57,48776.57,SBL-SOV-017052,SEC.BOND.10Y,1206,2016-10-26,2026-09-04,2026-09-04,0.2668,FIXED,48776.57,BR-001,18,GHGGB3779123
SECURITY.POSITION/3005672,SECURITY_HOLDING,GHS,28212.32,28212.32,SBL-SOV-017052,SEC.BOND.10Y,1206,2021-11-11,2031-09-20,2031-09-20,0.2698,FIXED,28212.32,BR-001,18,GHGGB9771963
SECURITY.POSITION/3005673,SECURITY_HOLDING,GHS,42245.98,42245.98,SBL-SOV-017052,SEC.BOND.10Y,1206,2019-03-25,2029-01-31,2029-01-31,0.272,FIXED,42245.98,BR-001,18,GHGGB7298977
SECURITY.POSITION/3005674,SECURITY_HOLDING,GHS,88079.85,88079.85,SBL-SOV-017052,SEC.BOND.10Y,1206,2022-09-24,2032-08-02,2032-08-02,0.2684,FIXED,88079.85,BR-001,18,GHGGB6795508
SECURITY.POSITION/3005703,SECURITY_HOLDING,GHS,790704.77,790704.77,SBL-SOV-017052,SEC.BOND.2Y,1204,2024-08-19,2026-08-09,2026-08-09,0.187,FIXED,790704.77,BR-001,17,GHGGB9745731
SECURITY.POSITION/3005708,SECURITY_HOLDING,GHS,252972.12,252972.12,SBL-SOV-017052,SEC.BOND.2Y,1204,2024-10-01,2026-09-21,2026-09-21,0.1921,FIXED,252972.12,BR-001,17,GHGGB8769136
SECURITY.POSITION/3005711,SECURITY_HOLDING,GHS,299349.95,299349.95,SBL-SOV-017052,SEC.BOND.2Y,1204,2024-10-07,2026-09-27,2026-09-27,0.1889,FIXED,299349.95,BR-001,17,GHGGB9302403
SECURITY.POSITION/3005712,SECURITY_HOLDING,GHS,119754.25,119754.25,SBL-SOV-017052,SEC.BOND.5Y,1205,2022-11-09,2027-10-14,2027-10-14,0.2201,FIXED,119754.25,BR-001,17,GHGGB1243794
SECURITY.POSITION/3005715,SECURITY_HOLDING,GHS,387671.22,387671.22,SBL-SOV-017052,SEC.BOND.5Y,1205,2024-11-25,2029-10-30,2029-10-30,0.223,FIXED,387671.22,BR-001,17,GHGGB6200485
SECURITY.POSITION/3005716,SECURITY_HOLDING,GHS,290872.98,290872.98,SBL-SOV-017052,SEC.BOND.5Y,1205,2023-11-30,2028-11-03,2028-11-03,0.2202,FIXED,290872.98,BR-001,17,GHGGB4140594
SECURITY.POSITION/3005717,SECURITY_HOLDING,GHS,529383.35,529383.35,SBL-SOV-017052,SEC.BOND.5Y,1205,2024-12-29,2029-12-03,2029-12-03,0.2207,FIXED,529383.35,BR-001,17,GHGGB1688407
SECURITY.POSITION/3005719,SECURITY_HOLDING,GHS,155990.15,155990.15,SBL-SOV-017052,SEC.BOND.5Y,1205,2021-08-22,2026-07-27,2026-07-27,0.2229,FIXED,155990.15,BR-001,17,GHGGB2499948
SECURITY.POSITION/3005720,SECURITY_HOLDING,GHS,413647.19,413647.19,SBL-SOV-017052,SEC.BOND.5Y,1205,2023-10-05,2028-09-08,2028-09-08,0.2235,FIXED,413647.19,BR-001,17,GHGGB1087042
SECURITY.POSITION/3005722,SECURITY_HOLDING,GHS,345983.84,345983.84,SBL-SOV-017052,SEC.BOND.5Y,1205,2022-12-14,2027-11-18,2027-11-18,0.2272,FIXED,345983.84,BR-001,17,GHGGB5136181
SECURITY.POSITION/3005723,SECURITY_HOLDING,GHS,65036.57,65036.57,SBL-SOV-017052,SEC.BOND.10Y,1206,2018-03-31,2028-02-07,2028-02-07,0.2463,FIXED,65036.57,BR-001,17,GHGGB8407836
SECURITY.POSITION/3005724,SECURITY_HOLDING,GHS,268493.34,268493.34,SBL-SOV-017052,SEC.BOND.10Y,1206,2018-08-21,2028-06-29,2028-06-29,0.2447,FIXED,268493.34,BR-001,17,GHGGB2007805
SECURITY.POSITION/3005726,SECURITY_HOLDING,GHS,588061.28,588061.28,SBL-SOV-017052,SEC.BOND.10Y,1206,2017-12-16,2027-10-25,2027-10-25,0.2442,FIXED,588061.28,BR-001,17,GHGGB3188713
SECURITY.POSITION/3005727,SECURITY_HOLDING,GHS,107383.89,107383.89,SBL-SOV-017052,SEC.BOND.10Y,1206,2020-10-13,2030-08-22,2030-08-22,0.2474,FIXED,107383.89,BR-001,17,GHGGB1920543
SECURITY.POSITION/3005728,SECURITY_HOLDING,GHS,702384.97,702384.97,SBL-SOV-017052,SEC.BOND.10Y,1206,2018-01-04,2027-11-13,2027-11-13,0.2406,FIXED,702384.97,BR-001,17,GHGGB4713716
SECURITY.POSITION/3005763,SECURITY_HOLDING,GHS,420858.02,420858.02,SBL-SOV-017052,SEC.BOND.2Y,1204,2024-10-27,2026-10-17,2026-10-17,0.1935,FIXED,420858.02,BR-001,16,GHGGB1237813
SECURITY.POSITION/3005764,SECURITY_HOLDING,GHS,629661.85,629661.85,SBL-SOV-017052,SEC.BOND.2Y,1204,2024-07-30,2026-07-20,2026-07-20,0.1963,FIXED,629661.85,BR-001,16,GHGGB5134692
SECURITY.POSITION/3005765,SECURITY_HOLDING,GHS,705896.81,705896.81,SBL-SOV-017052,SEC.BOND.2Y,1204,2024-07-30,2026-07-20,2026-07-20,0.1925,FIXED,705896.81,BR-001,16,GHGGB8082367
SECURITY.POSITION/3005768,SECURITY_HOLDING,GHS,521979.38,521979.38,SBL-SOV-017052,SEC.BOND.2Y,1204,2024-11-27,2026-11-17,2026-11-17,0.1982,FIXED,521979.38,BR-001,16,GHGGB1776868
SECURITY.POSITION/3005771,SECURITY_HOLDING,GHS,497940.35,497940.35,SBL-SOV-017052,SEC.BOND.2Y,1204,2024-07-15,2026-07-05,2026-07-05,0.1948,FIXED,497940.35,BR-001,16,GHGGB2795001
SECURITY.POSITION/3005772,SECURITY_HOLDING,GHS,807100.07,807100.07,SBL-SOV-017052,SEC.BOND.2Y,1204,2025-01-12,2027-01-02,2027-01-02,0.1941,FIXED,807100.07,BR-001,16,GHGGB7925714
SECURITY.POSITION/3005773,SECURITY_HOLDING,GHS,1222107.23,1222107.23,SBL-SOV-017052,SEC.BOND.5Y,1205,2023-08-24,2028-07-28,2028-07-28,0.2122,FIXED,1222107.23,BR-001,16,GHGGB1438958
SECURITY.POSITION/3005775,SECURITY_HOLDING,GHS,300662.40,300662.40,SBL-SOV-017052,SEC.BOND.5Y,1205,2025-02-10,2030-01-15,2030-01-15,0.2132,FIXED,300662.40,BR-001,16,GHGGB2341507
SECURITY.POSITION/3005776,SECURITY_HOLDING,GHS,425102.87,425102.87,SBL-SOV-017052,SEC.BOND.5Y,1205,2024-02-19,2029-01-23,2029-01-23,0.2216,FIXED,425102.87,BR-001,16,GHGGB6160241
SECURITY.POSITION/3005777,SECURITY_HOLDING,GHS,1067297.76,1067297.76,SBL-SOV-017052,SEC.BOND.5Y,1205,2024-06-21,2029-05-26,2029-05-26,0.2185,FIXED,1067297.76,BR-001,16,GHGGB4190559
SECURITY.POSITION/3005779,SECURITY_HOLDING,GHS,157126.78,157126.78,SBL-SOV-017052,SEC.BOND.10Y,1206,2017-05-23,2027-04-01,2027-04-01,0.2371,FIXED,157126.78,BR-001,16,GHGGB9037330
SECURITY.POSITION/3005780,SECURITY_HOLDING,GHS,302317.87,302317.87,SBL-SOV-017052,SEC.BOND.10Y,1206,2020-02-25,2030-01-03,2030-01-03,0.2443,FIXED,302317.87,BR-001,16,GHGGB4821849
SECURITY.POSITION/3005781,SECURITY_HOLDING,GHS,468133.38,468133.38,SBL-SOV-017052,SEC.BOND.10Y,1206,2017-01-21,2026-11-30,2026-11-30,0.2404,FIXED,468133.38,BR-001,16,GHGGB1862563
SECURITY.POSITION/3005782,SECURITY_HOLDING,GHS,242557.25,242557.25,SBL-SOV-017052,SEC.BOND.10Y,1206,2019-11-23,2029-10-01,2029-10-01,0.2389,FIXED,242557.25,BR-001,16,GHGGB6967609
SECURITY.POSITION/3005783,SECURITY_HOLDING,GHS,503124.89,503124.89,SBL-SOV-017052,SEC.BOND.10Y,1206,2020-02-11,2029-12-20,2029-12-20,0.2372,FIXED,503124.89,BR-001,16,GHGGB2991062
SECURITY.POSITION/3005787,SECURITY_HOLDING,GHS,32328.99,32328.99,SBL-SOV-017052,SEC.BOND.10Y,1206,2022-01-26,2031-12-05,2031-12-05,0.2411,FIXED,32328.99,BR-001,16,GHGGB7918687
SECURITY.POSITION/3005788,SECURITY_HOLDING,GHS,144052.51,144052.51,SBL-SOV-017052,SEC.BOND.10Y,1206,2019-08-02,2029-06-10,2029-06-10,0.2441,FIXED,144052.51,BR-001,16,GHGGB5371202
SECURITY.POSITION/3005827,SECURITY_HOLDING,GHS,783952.34,783952.34,SBL-SOV-017052,SEC.BOND.2Y,1204,2024-08-15,2026-08-05,2026-08-05,0.1929,FIXED,783952.34,BR-001,15,GHGGB8684698
SECURITY.POSITION/3005831,SECURITY_HOLDING,GHS,2715929.10,2715929.10,SBL-SOV-017052,SEC.BOND.2Y,1204,2025-01-10,2026-12-31,2026-12-31,0.1963,FIXED,2715929.10,BR-001,15,GHGGB8671342
SECURITY.POSITION/3005832,SECURITY_HOLDING,GHS,1786458.30,1786458.30,SBL-SOV-017052,SEC.BOND.2Y,1204,2024-12-13,2026-12-03,2026-12-03,0.1965,FIXED,1786458.30,BR-001,15,GHGGB9248270
SECURITY.POSITION/3005833,SECURITY_HOLDING,GHS,756624.73,756624.73,SBL-SOV-017052,SEC.BOND.2Y,1204,2025-03-25,2027-03-15,2027-03-15,0.1893,FIXED,756624.73,BR-001,15,GHGGB2682600
SECURITY.POSITION/3005835,SECURITY_HOLDING,GHS,749551.26,749551.26,SBL-SOV-017052,SEC.BOND.5Y,1205,2023-07-28,2028-07-01,2028-07-01,0.2197,FIXED,749551.26,BR-001,15,GHGGB6486782
SECURITY.POSITION/3005836,SECURITY_HOLDING,GHS,238106.76,238106.76,SBL-SOV-017052,SEC.BOND.5Y,1205,2024-12-25,2029-11-29,2029-11-29,0.2157,FIXED,238106.76,BR-001,15,GHGGB5482248
SECURITY.POSITION/3005837,SECURITY_HOLDING,GHS,120994.33,120994.33,SBL-SOV-017052,SEC.BOND.5Y,1205,2024-04-04,2029-03-09,2029-03-09,0.223,FIXED,120994.33,BR-001,15,GHGGB1506403
SECURITY.POSITION/3005838,SECURITY_HOLDING,GHS,134081.83,134081.83,SBL-SOV-017052,SEC.BOND.5Y,1205,2022-05-08,2027-04-12,2027-04-12,0.2239,FIXED,134081.83,BR-001,15,GHGGB9845083
SECURITY.POSITION/3005839,SECURITY_HOLDING,GHS,234351.40,234351.40,SBL-SOV-017052,SEC.BOND.5Y,1205,2023-08-12,2028-07-16,2028-07-16,0.2141,FIXED,234351.40,BR-001,15,GHGGB8304256
SECURITY.POSITION/3005840,SECURITY_HOLDING,GHS,238680.33,238680.33,SBL-SOV-017052,SEC.BOND.5Y,1205,2021-10-11,2026-09-15,2026-09-15,0.2209,FIXED,238680.33,BR-001,15,GHGGB1536525
SECURITY.POSITION/3005841,SECURITY_HOLDING,GHS,140820.52,140820.52,SBL-SOV-017052,SEC.BOND.5Y,1205,2025-03-09,2030-02-11,2030-02-11,0.2197,FIXED,140820.52,BR-001,15,GHGGB8947476
SECURITY.POSITION/3005842,SECURITY_HOLDING,GHS,226862.41,226862.41,SBL-SOV-017052,SEC.BOND.5Y,1205,2021-10-18,2026-09-22,2026-09-22,0.2177,FIXED,226862.41,BR-001,15,GHGGB8449755
SECURITY.POSITION/3005844,SECURITY_HOLDING,GHS,105553.56,105553.56,SBL-SOV-017052,SEC.BOND.5Y,1205,2021-11-11,2026-10-16,2026-10-16,0.2106,FIXED,105553.56,BR-001,15,GHGGB5917712
SECURITY.POSITION/3005845,SECURITY_HOLDING,GHS,327250.37,327250.37,SBL-SOV-017052,SEC.BOND.5Y,1205,2022-11-28,2027-11-02,2027-11-02,0.2231,FIXED,327250.37,BR-001,15,GHGGB3271492
SECURITY.POSITION/3005846,SECURITY_HOLDING,GHS,45945.79,45945.79,SBL-SOV-017052,SEC.BOND.10Y,1206,2022-02-06,2031-12-16,2031-12-16,0.2367,FIXED,45945.79,BR-001,15,GHGGB8147607
SECURITY.POSITION/3005847,SECURITY_HOLDING,GHS,141308.01,141308.01,SBL-SOV-017052,SEC.BOND.10Y,1206,2017-01-30,2026-12-09,2026-12-09,0.2359,FIXED,141308.01,BR-001,15,GHGGB9221315
SECURITY.POSITION/3005848,SECURITY_HOLDING,GHS,48939.09,48939.09,SBL-SOV-017052,SEC.BOND.10Y,1206,2023-02-22,2032-12-31,2032-12-31,0.2366,FIXED,48939.09,BR-001,15,GHGGB2852479
SECURITY.POSITION/3005849,SECURITY_HOLDING,GHS,22564.26,22564.26,SBL-SOV-017052,SEC.BOND.10Y,1206,2020-09-27,2030-08-06,2030-08-06,0.24,FIXED,22564.26,BR-001,15,GHGGB2736244
SECURITY.POSITION/3005850,SECURITY_HOLDING,GHS,56063.14,56063.14,SBL-SOV-017052,SEC.BOND.10Y,1206,2020-10-21,2030-08-30,2030-08-30,0.235,FIXED,56063.14,BR-001,15,GHGGB7538230
SECURITY.POSITION/3005852,SECURITY_HOLDING,GHS,12692.60,12692.60,SBL-SOV-017052,SEC.BOND.10Y,1206,2023-07-21,2033-05-29,2033-05-29,0.2378,FIXED,12692.60,BR-001,15,GHGGB3566889
SECURITY.POSITION/3005891,SECURITY_HOLDING,GHS,1130300.57,1130300.57,SBL-SOV-017052,SEC.BOND.2Y,1204,2025-01-13,2027-01-03,2027-01-03,0.1878,FIXED,1130300.57,BR-001,14,GHGGB2199879
SECURITY.POSITION/3005892,SECURITY_HOLDING,GHS,863240.09,863240.09,SBL-SOV-017052,SEC.BOND.2Y,1204,2025-02-10,2027-01-31,2027-01-31,0.1947,FIXED,863240.09,BR-001,14,GHGGB1014808
SECURITY.POSITION/3005894,SECURITY_HOLDING,GHS,188663.43,188663.43,SBL-SOV-017052,SEC.BOND.2Y,1204,2025-03-17,2027-03-07,2027-03-07,0.199,FIXED,188663.43,BR-001,14,GHGGB4832684
SECURITY.POSITION/3005895,SECURITY_HOLDING,GHS,514429.47,514429.47,SBL-SOV-017052,SEC.BOND.2Y,1204,2024-07-28,2026-07-18,2026-07-18,0.1947,FIXED,514429.47,BR-001,14,GHGGB7832598
SECURITY.POSITION/3005897,SECURITY_HOLDING,GHS,278962.81,278962.81,SBL-SOV-017052,SEC.BOND.2Y,1204,2025-01-05,2026-12-26,2026-12-26,0.196,FIXED,278962.81,BR-001,14,GHGGB9034841
SECURITY.POSITION/3005898,SECURITY_HOLDING,GHS,594392.05,594392.05,SBL-SOV-017052,SEC.BOND.2Y,1204,2025-01-14,2027-01-04,2027-01-04,0.197,FIXED,594392.05,BR-001,14,GHGGB2928743
SECURITY.POSITION/3005900,SECURITY_HOLDING,GHS,125430.18,125430.18,SBL-SOV-017052,SEC.BOND.5Y,1205,2025-02-05,2030-01-10,2030-01-10,0.2252,FIXED,125430.18,BR-001,14,GHGGB9572966
SECURITY.POSITION/3005901,SECURITY_HOLDING,GHS,73415.27,73415.27,SBL-SOV-017052,SEC.BOND.5Y,1205,2024-06-07,2029-05-12,2029-05-12,0.2214,FIXED,73415.27,BR-001,14,GHGGB4156256
SECURITY.POSITION/3005902,SECURITY_HOLDING,GHS,409305.19,409305.19,SBL-SOV-017052,SEC.BOND.5Y,1205,2022-06-01,2027-05-06,2027-05-06,0.222,FIXED,409305.19,BR-001,14,GHGGB3907808
SECURITY.POSITION/3005903,SECURITY_HOLDING,GHS,355870.98,355870.98,SBL-SOV-017052,SEC.BOND.5Y,1205,2021-11-22,2026-10-27,2026-10-27,0.2176,FIXED,355870.98,BR-001,14,GHGGB7661883
SECURITY.POSITION/3005908,SECURITY_HOLDING,GHS,322878.73,322878.73,SBL-SOV-017052,SEC.BOND.5Y,1205,2022-09-13,2027-08-18,2027-08-18,0.2183,FIXED,322878.73,BR-001,14,GHGGB3808239
SECURITY.POSITION/3005909,SECURITY_HOLDING,GHS,1816.25,1816.25,SBL-SOV-017052,SEC.BOND.5Y,1205,2022-09-11,2027-08-16,2027-08-16,0.2252,FIXED,1816.25,BR-001,14,GHGGB9212468
SECURITY.POSITION/3005910,SECURITY_HOLDING,GHS,319654.67,319654.67,SBL-SOV-017052,SEC.BOND.5Y,1205,2021-10-19,2026-09-23,2026-09-23,0.2152,FIXED,319654.67,BR-001,14,GHGGB6193737
SECURITY.POSITION/3005912,SECURITY_HOLDING,GHS,47267.70,47267.70,SBL-SOV-017052,SEC.BOND.10Y,1206,2023-06-14,2033-04-22,2033-04-22,0.2319,FIXED,47267.70,BR-001,14,GHGGB6687762
SECURITY.POSITION/3005913,SECURITY_HOLDING,GHS,156312.60,156312.60,SBL-SOV-017052,SEC.BOND.10Y,1206,2023-04-15,2033-02-21,2033-02-21,0.2351,FIXED,156312.60,BR-001,14,GHGGB7267910
SECURITY.POSITION/3005914,SECURITY_HOLDING,GHS,62582.28,62582.28,SBL-SOV-017052,SEC.BOND.10Y,1206,2023-09-21,2033-07-30,2033-07-30,0.2393,FIXED,62582.28,BR-001,14,GHGGB6565512
SECURITY.POSITION/3005916,SECURITY_HOLDING,GHS,52328.07,52328.07,SBL-SOV-017052,SEC.BOND.10Y,1206,2024-07-20,2034-05-29,2034-05-29,0.2352,FIXED,52328.07,BR-001,14,GHGGB3607702
SECURITY.POSITION/3005917,SECURITY_HOLDING,GHS,47474.83,47474.83,SBL-SOV-017052,SEC.BOND.10Y,1206,2020-02-23,2030-01-01,2030-01-01,0.2386,FIXED,47474.83,BR-001,14,GHGGB7176990
SECURITY.POSITION/3005918,SECURITY_HOLDING,GHS,45536.09,45536.09,SBL-SOV-017052,SEC.BOND.10Y,1206,2017-03-05,2027-01-12,2027-01-12,0.2406,FIXED,45536.09,BR-001,14,GHGGB8806214
SECURITY.POSITION/3005943,SECURITY_HOLDING,GHS,160046.93,160046.93,SBL-SOV-017052,SEC.BOND.2Y,1204,2025-01-16,2027-01-06,2027-01-06,0.1906,FIXED,160046.93,BR-001,13,GHGGB6409079
SECURITY.POSITION/3005945,SECURITY_HOLDING,GHS,2065278.39,2065278.39,SBL-SOV-017052,SEC.BOND.2Y,1204,2024-09-11,2026-09-01,2026-09-01,0.1992,FIXED,2065278.39,BR-001,13,GHGGB3664435
SECURITY.POSITION/3005947,SECURITY_HOLDING,GHS,774323.61,774323.61,SBL-SOV-017052,SEC.BOND.2Y,1204,2025-03-26,2027-03-16,2027-03-16,0.1951,FIXED,774323.61,BR-001,13,GHGGB4157753
SECURITY.POSITION/3005948,SECURITY_HOLDING,GHS,635880.49,635880.49,SBL-SOV-017052,SEC.BOND.2Y,1204,2024-08-05,2026-07-26,2026-07-26,0.1954,FIXED,635880.49,BR-001,13,GHGGB1722461
SECURITY.POSITION/3005950,SECURITY_HOLDING,GHS,615808.20,615808.20,SBL-SOV-017052,SEC.BOND.2Y,1204,2024-09-06,2026-08-27,2026-08-27,0.197,FIXED,615808.20,BR-001,13,GHGGB9901869
SECURITY.POSITION/3005952,SECURITY_HOLDING,GHS,1496281.93,1496281.93,SBL-SOV-017052,SEC.BOND.5Y,1205,2023-02-19,2028-01-24,2028-01-24,0.2169,FIXED,1496281.93,BR-001,13,GHGGB1075639
SECURITY.POSITION/3005953,SECURITY_HOLDING,GHS,297391.43,297391.43,SBL-SOV-017052,SEC.BOND.5Y,1205,2025-02-09,2030-01-14,2030-01-14,0.2183,FIXED,297391.43,BR-001,13,GHGGB3107198
SECURITY.POSITION/3005954,SECURITY_HOLDING,GHS,547282.43,547282.43,SBL-SOV-017052,SEC.BOND.5Y,1205,2024-06-28,2029-06-02,2029-06-02,0.2164,FIXED,547282.43,BR-001,13,GHGGB9477547
SECURITY.POSITION/3005956,SECURITY_HOLDING,GHS,1096640.06,1096640.06,SBL-SOV-017052,SEC.BOND.5Y,1205,2023-08-28,2028-08-01,2028-08-01,0.2157,FIXED,1096640.06,BR-001,13,GHGGB3844449
SECURITY.POSITION/3005957,SECURITY_HOLDING,GHS,1184777.28,1184777.28,SBL-SOV-017052,SEC.BOND.5Y,1205,2022-04-13,2027-03-18,2027-03-18,0.2168,FIXED,1184777.28,BR-001,13,GHGGB4269100
SECURITY.POSITION/3005958,SECURITY_HOLDING,GHS,520570.28,520570.28,SBL-SOV-017052,SEC.BOND.5Y,1205,2024-10-28,2029-10-02,2029-10-02,0.2145,FIXED,520570.28,BR-001,13,GHGGB4024232
SECURITY.POSITION/3005959,SECURITY_HOLDING,GHS,1232050.07,1232050.07,SBL-SOV-017052,SEC.BOND.5Y,1205,2022-06-02,2027-05-07,2027-05-07,0.2199,FIXED,1232050.07,BR-001,13,GHGGB3919803
SECURITY.POSITION/3005960,SECURITY_HOLDING,GHS,70145.48,70145.48,SBL-SOV-017052,SEC.BOND.10Y,1206,2018-12-09,2028-10-17,2028-10-17,0.2375,FIXED,70145.48,BR-001,13,GHGGB8956796
SECURITY.POSITION/3005961,SECURITY_HOLDING,GHS,259355.70,259355.70,SBL-SOV-017052,SEC.BOND.10Y,1206,2024-06-15,2034-04-24,2034-04-24,0.2431,FIXED,259355.70,BR-001,13,GHGGB9539274
SECURITY.POSITION/3005962,SECURITY_HOLDING,GHS,426946.06,426946.06,SBL-SOV-017052,SEC.BOND.10Y,1206,2025-05-18,2035-03-27,2035-03-27,0.2398,FIXED,426946.06,BR-001,13,GHGGB7256186
SECURITY.POSITION/3005963,SECURITY_HOLDING,GHS,94364.85,94364.85,SBL-SOV-017052,SEC.BOND.10Y,1206,2020-09-03,2030-07-13,2030-07-13,0.2397,FIXED,94364.85,BR-001,13,GHGGB3042150
SECURITY.POSITION/3005964,SECURITY_HOLDING,GHS,119412.58,119412.58,SBL-SOV-017052,SEC.BOND.10Y,1206,2020-10-03,2030-08-12,2030-08-12,0.241,FIXED,119412.58,BR-001,13,GHGGB6432187
SECURITY.POSITION/3005965,SECURITY_HOLDING,GHS,169639.69,169639.69,SBL-SOV-017052,SEC.BOND.10Y,1206,2019-07-20,2029-05-28,2029-05-28,0.2442,FIXED,169639.69,BR-001,13,GHGGB4887425
SECURITY.POSITION/3005966,SECURITY_HOLDING,GHS,314355.00,314355.00,SBL-SOV-017052,SEC.BOND.10Y,1206,2018-06-04,2028-04-12,2028-04-12,0.238,FIXED,314355.00,BR-001,13,GHGGB9916670
SECURITY.POSITION/3005968,SECURITY_HOLDING,GHS,143899.65,143899.65,SBL-SOV-017052,SEC.BOND.10Y,1206,2023-10-15,2033-08-23,2033-08-23,0.2398,FIXED,143899.65,BR-001,13,GHGGB7329627
SECURITY.POSITION/3005969,SECURITY_HOLDING,GHS,42200.64,42200.64,SBL-SOV-017052,SEC.BOND.10Y,1206,2022-07-10,2032-05-18,2032-05-18,0.2436,FIXED,42200.64,BR-001,13,GHGGB3799595
SECURITY.POSITION/3005970,SECURITY_HOLDING,GHS,496836.45,496836.45,SBL-SOV-017052,SEC.BOND.10Y,1206,2025-05-27,2035-04-05,2035-04-05,0.2364,FIXED,496836.45,BR-001,13,GHGGB9505078
SECURITY.POSITION/3005971,SECURITY_HOLDING,GHS,722574.33,722574.33,SBL-SOV-017052,SEC.BOND.10Y,1206,2020-01-25,2029-12-03,2029-12-03,0.2406,FIXED,722574.33,BR-001,13,GHGGB9059730
SECURITY.POSITION/3006002,SECURITY_HOLDING,GHS,683132.79,683132.79,SBL-SOV-017052,SEC.BOND.2Y,1204,2024-07-27,2026-07-17,2026-07-17,0.1986,FIXED,683132.79,BR-001,12,GHGGB5972559
SECURITY.POSITION/3006003,SECURITY_HOLDING,GHS,264522.18,264522.18,SBL-SOV-017052,SEC.BOND.2Y,1204,2025-03-30,2027-03-20,2027-03-20,0.1881,FIXED,264522.18,BR-001,12,GHGGB1180571
SECURITY.POSITION/3006009,SECURITY_HOLDING,GHS,274258.24,274258.24,SBL-SOV-017052,SEC.BOND.5Y,1205,2024-03-19,2029-02-21,2029-02-21,0.2193,FIXED,274258.24,BR-001,12,GHGGB7943215
SECURITY.POSITION/3006010,SECURITY_HOLDING,GHS,111732.78,111732.78,SBL-SOV-017052,SEC.BOND.5Y,1205,2025-03-06,2030-02-08,2030-02-08,0.2193,FIXED,111732.78,BR-001,12,GHGGB6012972
SECURITY.POSITION/3006011,SECURITY_HOLDING,GHS,583865.73,583865.73,SBL-SOV-017052,SEC.BOND.5Y,1205,2022-01-30,2027-01-04,2027-01-04,0.2205,FIXED,583865.73,BR-001,12,GHGGB1274784
SECURITY.POSITION/3006012,SECURITY_HOLDING,GHS,132036.31,132036.31,SBL-SOV-017052,SEC.BOND.5Y,1205,2023-04-15,2028-03-19,2028-03-19,0.2209,FIXED,132036.31,BR-001,12,GHGGB6399352
SECURITY.POSITION/3006013,SECURITY_HOLDING,GHS,170684.25,170684.25,SBL-SOV-017052,SEC.BOND.5Y,1205,2022-08-28,2027-08-02,2027-08-02,0.2147,FIXED,170684.25,BR-001,12,GHGGB5991370
SECURITY.POSITION/3006015,SECURITY_HOLDING,GHS,328744.53,328744.53,SBL-SOV-017052,SEC.BOND.5Y,1205,2023-08-26,2028-07-30,2028-07-30,0.2156,FIXED,328744.53,BR-001,12,GHGGB1703485
SECURITY.POSITION/3006016,SECURITY_HOLDING,GHS,430717.89,430717.89,SBL-SOV-017052,SEC.BOND.5Y,1205,2025-03-10,2030-02-12,2030-02-12,0.216,FIXED,430717.89,BR-001,12,GHGGB8625903
SECURITY.POSITION/3006017,SECURITY_HOLDING,GHS,237709.79,237709.79,SBL-SOV-017052,SEC.BOND.5Y,1205,2024-11-06,2029-10-11,2029-10-11,0.2204,FIXED,237709.79,BR-001,12,GHGGB9145584
SECURITY.POSITION/3006019,SECURITY_HOLDING,GHS,383728.38,383728.38,SBL-SOV-017052,SEC.BOND.10Y,1206,2018-10-15,2028-08-23,2028-08-23,0.2358,FIXED,383728.38,BR-001,12,GHGGB2060704
SECURITY.POSITION/3006020,SECURITY_HOLDING,GHS,1065740.27,1065740.27,SBL-SOV-017052,SEC.BOND.10Y,1206,2021-05-01,2031-03-10,2031-03-10,0.2387,FIXED,1065740.27,BR-001,12,GHGGB8985840
SECURITY.POSITION/3006021,SECURITY_HOLDING,GHS,182959.06,182959.06,SBL-SOV-017052,SEC.BOND.10Y,1206,2018-05-09,2028-03-17,2028-03-17,0.2382,FIXED,182959.06,BR-001,12,GHGGB8295788
SECURITY.POSITION/3006022,SECURITY_HOLDING,GHS,493127.44,493127.44,SBL-SOV-017052,SEC.BOND.10Y,1206,2020-11-22,2030-10-01,2030-10-01,0.2363,FIXED,493127.44,BR-001,12,GHGGB5412007
SECURITY.POSITION/3006023,SECURITY_HOLDING,GHS,163568.89,163568.89,SBL-SOV-017052,SEC.BOND.10Y,1206,2017-12-17,2027-10-26,2027-10-26,0.2324,FIXED,163568.89,BR-001,12,GHGGB6144770
SECURITY.POSITION/3006053,SECURITY_HOLDING,GHS,1111999.34,1111999.34,SBL-SOV-017052,SEC.BOND.2Y,1204,2024-09-15,2026-09-05,2026-09-05,0.1943,FIXED,1111999.34,BR-001,11,GHGGB4703763
SECURITY.POSITION/3006055,SECURITY_HOLDING,GHS,957215.68,957215.68,SBL-SOV-017052,SEC.BOND.2Y,1204,2024-12-21,2026-12-11,2026-12-11,0.1952,FIXED,957215.68,BR-001,11,GHGGB7564960
SECURITY.POSITION/3006056,SECURITY_HOLDING,GHS,2572044.47,2572044.47,SBL-SOV-017052,SEC.BOND.2Y,1204,2025-07-26,2027-07-16,2027-07-16,0.1881,FIXED,2572044.47,BR-001,11,GHGGB8017777
SECURITY.POSITION/3006058,SECURITY_HOLDING,GHS,893840.24,893840.24,SBL-SOV-017052,SEC.BOND.2Y,1204,2025-05-04,2027-04-24,2027-04-24,0.1911,FIXED,893840.24,BR-001,11,GHGGB9920496
SECURITY.POSITION/3006059,SECURITY_HOLDING,GHS,2417061.88,2417061.88,SBL-SOV-017052,SEC.BOND.2Y,1204,2025-06-14,2027-06-04,2027-06-04,0.1916,FIXED,2417061.88,BR-001,11,GHGGB9229551
SECURITY.POSITION/3006061,SECURITY_HOLDING,GHS,321090.22,321090.22,SBL-SOV-017052,SEC.BOND.5Y,1205,2024-11-28,2029-11-02,2029-11-02,0.2204,FIXED,321090.22,BR-001,11,GHGGB9599177
SECURITY.POSITION/3006062,SECURITY_HOLDING,GHS,270293.34,270293.34,SBL-SOV-017052,SEC.BOND.5Y,1205,2022-02-22,2027-01-27,2027-01-27,0.2249,FIXED,270293.34,BR-001,11,GHGGB7607339
SECURITY.POSITION/3006063,SECURITY_HOLDING,GHS,161010.86,161010.86,SBL-SOV-017052,SEC.BOND.5Y,1205,2025-04-29,2030-04-03,2030-04-03,0.2183,FIXED,161010.86,BR-001,11,GHGGB6569627
SECURITY.POSITION/3006064,SECURITY_HOLDING,GHS,459746.40,459746.40,SBL-SOV-017052,SEC.BOND.5Y,1205,2024-11-05,2029-10-10,2029-10-10,0.2224,FIXED,459746.40,BR-001,11,GHGGB1289681
SECURITY.POSITION/3006065,SECURITY_HOLDING,GHS,502919.48,502919.48,SBL-SOV-017052,SEC.BOND.5Y,1205,2023-05-05,2028-04-08,2028-04-08,0.2177,FIXED,502919.48,BR-001,11,GHGGB7844452
SECURITY.POSITION/3006067,SECURITY_HOLDING,GHS,421753.20,421753.20,SBL-SOV-017052,SEC.BOND.5Y,1205,2021-11-23,2026-10-28,2026-10-28,0.2192,FIXED,421753.20,BR-001,11,GHGGB1137949
SECURITY.POSITION/3006068,SECURITY_HOLDING,GHS,999532.91,999532.91,SBL-SOV-017052,SEC.BOND.5Y,1205,2024-06-12,2029-05-17,2029-05-17,0.2221,FIXED,999532.91,BR-001,11,GHGGB3815578
SECURITY.POSITION/3006069,SECURITY_HOLDING,GHS,274864.98,274864.98,SBL-SOV-017052,SEC.BOND.5Y,1205,2023-08-14,2028-07-18,2028-07-18,0.2238,FIXED,274864.98,BR-001,11,GHGGB1594381
SECURITY.POSITION/3006070,SECURITY_HOLDING,GHS,302750.67,302750.67,SBL-SOV-017052,SEC.BOND.10Y,1206,2016-11-08,2026-09-17,2026-09-17,0.2406,FIXED,302750.67,BR-001,11,GHGGB2843579
SECURITY.POSITION/3006071,SECURITY_HOLDING,GHS,551741.28,551741.28,SBL-SOV-017052,SEC.BOND.10Y,1206,2024-01-20,2033-11-28,2033-11-28,0.2363,FIXED,551741.28,BR-001,11,GHGGB3088076
SECURITY.POSITION/3006072,SECURITY_HOLDING,GHS,313864.49,313864.49,SBL-SOV-017052,SEC.BOND.10Y,1206,2020-04-07,2030-02-14,2030-02-14,0.2348,FIXED,313864.49,BR-001,11,GHGGB6905494
SECURITY.POSITION/3006073,SECURITY_HOLDING,GHS,273196.51,273196.51,SBL-SOV-017052,SEC.BOND.10Y,1206,2020-04-27,2030-03-06,2030-03-06,0.2388,FIXED,273196.51,BR-001,11,GHGGB2588076
SECURITY.POSITION/3006074,SECURITY_HOLDING,GHS,237738.83,237738.83,SBL-SOV-017052,SEC.BOND.10Y,1206,2020-01-27,2029-12-05,2029-12-05,0.2392,FIXED,237738.83,BR-001,11,GHGGB6701978
SECURITY.POSITION/3006075,SECURITY_HOLDING,GHS,383950.17,383950.17,SBL-SOV-017052,SEC.BOND.10Y,1206,2021-03-03,2031-01-10,2031-01-10,0.24,FIXED,383950.17,BR-001,11,GHGGB2245804
SECURITY.POSITION/3006089,SECURITY_HOLDING,GHS,1830864.69,1830864.69,SBL-SOV-017052,SEC.TBILL.364,1203,2025-07-08,2026-07-03,2026-07-03,0.1905,FIXED,1830864.69,BR-001,10,GHGGB7582002
SECURITY.POSITION/3006094,SECURITY_HOLDING,GHS,3478591.79,3478591.79,SBL-SOV-017052,SEC.TBILL.364,1203,2025-07-11,2026-07-06,2026-07-06,0.1843,FIXED,3478591.79,BR-001,10,GHGGB8333770
SECURITY.POSITION/3006096,SECURITY_HOLDING,GHS,531516.56,531516.56,SBL-SOV-017052,SEC.BOND.2Y,1204,2025-05-14,2027-05-04,2027-05-04,0.1898,FIXED,531516.56,BR-001,10,GHGGB5287466
SECURITY.POSITION/3006098,SECURITY_HOLDING,GHS,167490.93,167490.93,SBL-SOV-017052,SEC.BOND.2Y,1204,2024-10-10,2026-09-30,2026-09-30,0.194,FIXED,167490.93,BR-001,10,GHGGB9851179
SECURITY.POSITION/3006100,SECURITY_HOLDING,GHS,1313036.63,1313036.63,SBL-SOV-017052,SEC.BOND.2Y,1204,2024-12-22,2026-12-12,2026-12-12,0.1932,FIXED,1313036.63,BR-001,10,GHGGB9637108
SECURITY.POSITION/3006101,SECURITY_HOLDING,GHS,3145585.96,3145585.96,SBL-SOV-017052,SEC.BOND.2Y,1204,2024-08-10,2026-07-31,2026-07-31,0.1963,FIXED,3145585.96,BR-001,10,GHGGB5922233
SECURITY.POSITION/3006103,SECURITY_HOLDING,GHS,1483099.02,1483099.02,SBL-SOV-017052,SEC.BOND.5Y,1205,2023-03-12,2028-02-14,2028-02-14,0.2208,FIXED,1483099.02,BR-001,10,GHGGB5473562
SECURITY.POSITION/3006104,SECURITY_HOLDING,GHS,1207983.37,1207983.37,SBL-SOV-017052,SEC.BOND.5Y,1205,2025-03-05,2030-02-07,2030-02-07,0.216,FIXED,1207983.37,BR-001,10,GHGGB5404358
SECURITY.POSITION/3006105,SECURITY_HOLDING,GHS,2692251.02,2692251.02,SBL-SOV-017052,SEC.BOND.5Y,1205,2025-05-10,2030-04-14,2030-04-14,0.2148,FIXED,2692251.02,BR-001,10,GHGGB3360270
SECURITY.POSITION/3006106,SECURITY_HOLDING,GHS,1100174.61,1100174.61,SBL-SOV-017052,SEC.BOND.5Y,1205,2024-08-24,2029-07-29,2029-07-29,0.216,FIXED,1100174.61,BR-001,10,GHGGB8449677
SECURITY.POSITION/3006107,SECURITY_HOLDING,GHS,204351.64,204351.64,SBL-SOV-017052,SEC.BOND.5Y,1205,2024-03-20,2029-02-22,2029-02-22,0.2185,FIXED,204351.64,BR-001,10,GHGGB5904532
SECURITY.POSITION/3006109,SECURITY_HOLDING,GHS,242396.26,242396.26,SBL-SOV-017052,SEC.BOND.10Y,1206,2021-01-21,2030-11-30,2030-11-30,0.2445,FIXED,242396.26,BR-001,10,GHGGB9797281
SECURITY.POSITION/3006110,SECURITY_HOLDING,GHS,675701.11,675701.11,SBL-SOV-017052,SEC.BOND.10Y,1206,2018-12-22,2028-10-30,2028-10-30,0.2388,FIXED,675701.11,BR-001,10,GHGGB2704276
SECURITY.POSITION/3006111,SECURITY_HOLDING,GHS,781272.22,781272.22,SBL-SOV-017052,SEC.BOND.10Y,1206,2024-06-13,2034-04-22,2034-04-22,0.2451,FIXED,781272.22,BR-001,10,GHGGB5210412
SECURITY.POSITION/3006113,SECURITY_HOLDING,GHS,96619.43,96619.43,SBL-SOV-017052,SEC.BOND.10Y,1206,2025-05-22,2035-03-31,2035-03-31,0.2429,FIXED,96619.43,BR-001,10,GHGGB1903435
SECURITY.POSITION/3006114,SECURITY_HOLDING,GHS,202776.07,202776.07,SBL-SOV-017052,SEC.BOND.10Y,1206,2025-05-02,2035-03-11,2035-03-11,0.2433,FIXED,202776.07,BR-001,10,GHGGB9277806
SECURITY.POSITION/3006115,SECURITY_HOLDING,GHS,444529.79,444529.79,SBL-SOV-017052,SEC.BOND.10Y,1206,2025-06-01,2035-04-10,2035-04-10,0.2449,FIXED,444529.79,BR-001,10,GHGGB8467170
SECURITY.POSITION/3006116,SECURITY_HOLDING,GHS,160177.17,160177.17,SBL-SOV-017052,SEC.BOND.10Y,1206,2024-04-04,2034-02-11,2034-02-11,0.2476,FIXED,160177.17,BR-001,10,GHGGB1332763
SECURITY.POSITION/3006144,SECURITY_HOLDING,GHS,309124.83,309124.83,SBL-SOV-017052,SEC.TBILL.364,1203,2025-07-11,2026-07-06,2026-07-06,0.1887,FIXED,309124.83,BR-001,9,GHGGB7592049
SECURITY.POSITION/3006148,SECURITY_HOLDING,GHS,4056290.61,4056290.61,SBL-SOV-017052,SEC.TBILL.364,1203,2025-07-27,2026-07-22,2026-07-22,0.1861,FIXED,4056290.61,BR-001,9,GHGGB6080856
SECURITY.POSITION/3006154,SECURITY_HOLDING,GHS,801349.54,801349.54,SBL-SOV-017052,SEC.BOND.2Y,1204,2025-05-29,2027-05-19,2027-05-19,0.1934,FIXED,801349.54,BR-001,9,GHGGB3606395
SECURITY.POSITION/3006155,SECURITY_HOLDING,GHS,684674.36,684674.36,SBL-SOV-017052,SEC.BOND.2Y,1204,2025-06-13,2027-06-03,2027-06-03,0.1916,FIXED,684674.36,BR-001,9,GHGGB7470829
SECURITY.POSITION/3006156,SECURITY_HOLDING,GHS,2418082.23,2418082.23,SBL-SOV-017052,SEC.BOND.2Y,1204,2025-04-16,2027-04-06,2027-04-06,0.197,FIXED,2418082.23,BR-001,9,GHGGB3181526
SECURITY.POSITION/3006157,SECURITY_HOLDING,GHS,915247.76,915247.76,SBL-SOV-017052,SEC.BOND.2Y,1204,2024-07-30,2026-07-20,2026-07-20,0.1926,FIXED,915247.76,BR-001,9,GHGGB5457641
SECURITY.POSITION/3006158,SECURITY_HOLDING,GHS,744572.71,744572.71,SBL-SOV-017052,SEC.BOND.2Y,1204,2025-06-17,2027-06-07,2027-06-07,0.1897,FIXED,744572.71,BR-001,9,GHGGB4090126
SECURITY.POSITION/3006160,SECURITY_HOLDING,GHS,700655.90,700655.90,SBL-SOV-017052,SEC.BOND.5Y,1205,2023-07-20,2028-06-23,2028-06-23,0.2193,FIXED,700655.90,BR-001,9,GHGGB1321457
SECURITY.POSITION/3006161,SECURITY_HOLDING,GHS,620618.37,620618.37,SBL-SOV-017052,SEC.BOND.5Y,1205,2023-07-30,2028-07-03,2028-07-03,0.2212,FIXED,620618.37,BR-001,9,GHGGB7410219
SECURITY.POSITION/3006162,SECURITY_HOLDING,GHS,293687.70,293687.70,SBL-SOV-017052,SEC.BOND.5Y,1205,2024-05-24,2029-04-28,2029-04-28,0.2161,FIXED,293687.70,BR-001,9,GHGGB2631119
SECURITY.POSITION/3006163,SECURITY_HOLDING,GHS,863574.49,863574.49,SBL-SOV-017052,SEC.BOND.5Y,1205,2022-04-08,2027-03-13,2027-03-13,0.2171,FIXED,863574.49,BR-001,9,GHGGB5057649
SECURITY.POSITION/3006164,SECURITY_HOLDING,GHS,495233.33,495233.33,SBL-SOV-017052,SEC.BOND.5Y,1205,2024-12-09,2029-11-13,2029-11-13,0.2252,FIXED,495233.33,BR-001,9,GHGGB1418057
SECURITY.POSITION/3006165,SECURITY_HOLDING,GHS,342413.39,342413.39,SBL-SOV-017052,SEC.BOND.5Y,1205,2025-03-28,2030-03-02,2030-03-02,0.2206,FIXED,342413.39,BR-001,9,GHGGB8692220
SECURITY.POSITION/3006166,SECURITY_HOLDING,GHS,375164.44,375164.44,SBL-SOV-017052,SEC.BOND.5Y,1205,2023-10-11,2028-09-14,2028-09-14,0.2242,FIXED,375164.44,BR-001,9,GHGGB1391298
SECURITY.POSITION/3006167,SECURITY_HOLDING,GHS,310850.65,310850.65,SBL-SOV-017052,SEC.BOND.5Y,1205,2022-05-15,2027-04-19,2027-04-19,0.2216,FIXED,310850.65,BR-001,9,GHGGB1715021
SECURITY.POSITION/3006168,SECURITY_HOLDING,GHS,233812.06,233812.06,SBL-SOV-017052,SEC.BOND.5Y,1205,2025-03-02,2030-02-04,2030-02-04,0.2205,FIXED,233812.06,BR-001,9,GHGGB7256822
SECURITY.POSITION/3006169,SECURITY_HOLDING,GHS,318895.13,318895.13,SBL-SOV-017052,SEC.BOND.5Y,1205,2025-07-21,2030-06-25,2030-06-25,0.2227,FIXED,318895.13,BR-001,9,GHGGB3164964
SECURITY.POSITION/3006170,SECURITY_HOLDING,GHS,191824.28,191824.28,SBL-SOV-017052,SEC.BOND.5Y,1205,2025-06-11,2030-05-16,2030-05-16,0.216,FIXED,191824.28,BR-001,9,GHGGB2665488
SECURITY.POSITION/3006171,SECURITY_HOLDING,GHS,311174.30,311174.30,SBL-SOV-017052,SEC.BOND.5Y,1205,2021-08-18,2026-07-23,2026-07-23,0.2252,FIXED,311174.30,BR-001,9,GHGGB9285308
SECURITY.POSITION/3006172,SECURITY_HOLDING,GHS,642774.56,642774.56,SBL-SOV-017052,SEC.BOND.10Y,1206,2023-04-22,2033-02-28,2033-02-28,0.244,FIXED,642774.56,BR-001,9,GHGGB1832021
SECURITY.POSITION/3006173,SECURITY_HOLDING,GHS,401764.79,401764.79,SBL-SOV-017052,SEC.BOND.10Y,1206,2020-11-02,2030-09-11,2030-09-11,0.2402,FIXED,401764.79,BR-001,9,GHGGB1015300
SECURITY.POSITION/3006174,SECURITY_HOLDING,GHS,285032.16,285032.16,SBL-SOV-017052,SEC.BOND.10Y,1206,2017-02-11,2026-12-21,2026-12-21,0.2397,FIXED,285032.16,BR-001,9,GHGGB2032790
SECURITY.POSITION/3006175,SECURITY_HOLDING,GHS,118273.79,118273.79,SBL-SOV-017052,SEC.BOND.10Y,1206,2024-02-02,2033-12-11,2033-12-11,0.242,FIXED,118273.79,BR-001,9,GHGGB7195524
SECURITY.POSITION/3006176,SECURITY_HOLDING,GHS,37826.42,37826.42,SBL-SOV-017052,SEC.BOND.10Y,1206,2021-04-16,2031-02-23,2031-02-23,0.2356,FIXED,37826.42,BR-001,9,GHGGB6025691
SECURITY.POSITION/3006177,SECURITY_HOLDING,GHS,187956.01,187956.01,SBL-SOV-017052,SEC.BOND.10Y,1206,2018-01-20,2027-11-29,2027-11-29,0.2426,FIXED,187956.01,BR-001,9,GHGGB3745108
SECURITY.POSITION/3006178,SECURITY_HOLDING,GHS,212342.52,212342.52,SBL-SOV-017052,SEC.BOND.10Y,1206,2020-07-10,2030-05-19,2030-05-19,0.2427,FIXED,212342.52,BR-001,9,GHGGB8484009
SECURITY.POSITION/3006179,SECURITY_HOLDING,GHS,591065.26,591065.26,SBL-SOV-017052,SEC.BOND.10Y,1206,2018-02-08,2027-12-18,2027-12-18,0.2385,FIXED,591065.26,BR-001,9,GHGGB2812450
SECURITY.POSITION/3006180,SECURITY_HOLDING,GHS,632530.70,632530.70,SBL-SOV-017052,SEC.BOND.10Y,1206,2024-06-10,2034-04-19,2034-04-19,0.2398,FIXED,632530.70,BR-001,9,GHGGB7816045
SECURITY.POSITION/3006206,SECURITY_HOLDING,GHS,762985.12,762985.12,SBL-SOV-017052,SEC.BOND.2Y,1204,2024-12-16,2026-12-06,2026-12-06,0.1954,FIXED,762985.12,BR-001,8,GHGGB3290095
SECURITY.POSITION/3006208,SECURITY_HOLDING,GHS,1220715.00,1220715.00,SBL-SOV-017052,SEC.BOND.2Y,1204,2025-06-20,2027-06-10,2027-06-10,0.1942,FIXED,1220715.00,BR-001,8,GHGGB5290632
SECURITY.POSITION/3006209,SECURITY_HOLDING,GHS,984799.24,984799.24,SBL-SOV-017052,SEC.BOND.2Y,1204,2025-05-16,2027-05-06,2027-05-06,0.1951,FIXED,984799.24,BR-001,8,GHGGB8532776
SECURITY.POSITION/3006211,SECURITY_HOLDING,GHS,784248.36,784248.36,SBL-SOV-017052,SEC.BOND.2Y,1204,2024-10-29,2026-10-19,2026-10-19,0.1928,FIXED,784248.36,BR-001,8,GHGGB6058571
SECURITY.POSITION/3006212,SECURITY_HOLDING,GHS,594665.02,594665.02,SBL-SOV-017052,SEC.BOND.2Y,1204,2025-07-29,2027-07-19,2027-07-19,0.1986,FIXED,594665.02,BR-001,8,GHGGB3890699
SECURITY.POSITION/3006214,SECURITY_HOLDING,GHS,209046.15,209046.15,SBL-SOV-017052,SEC.BOND.5Y,1205,2023-11-19,2028-10-23,2028-10-23,0.2225,FIXED,209046.15,BR-001,8,GHGGB9884524
SECURITY.POSITION/3006215,SECURITY_HOLDING,GHS,666057.01,666057.01,SBL-SOV-017052,SEC.BOND.5Y,1205,2023-06-24,2028-05-28,2028-05-28,0.2197,FIXED,666057.01,BR-001,8,GHGGB3737908
SECURITY.POSITION/3006216,SECURITY_HOLDING,GHS,239663.69,239663.69,SBL-SOV-017052,SEC.BOND.5Y,1205,2025-01-23,2029-12-28,2029-12-28,0.223,FIXED,239663.69,BR-001,8,GHGGB3897653
SECURITY.POSITION/3006217,SECURITY_HOLDING,GHS,532902.81,532902.81,SBL-SOV-017052,SEC.BOND.5Y,1205,2024-08-10,2029-07-15,2029-07-15,0.2194,FIXED,532902.81,BR-001,8,GHGGB2038584
SECURITY.POSITION/3006218,SECURITY_HOLDING,GHS,447492.77,447492.77,SBL-SOV-017052,SEC.BOND.5Y,1205,2022-08-15,2027-07-20,2027-07-20,0.2275,FIXED,447492.77,BR-001,8,GHGGB4135957
SECURITY.POSITION/3006219,SECURITY_HOLDING,GHS,452365.65,452365.65,SBL-SOV-017052,SEC.BOND.5Y,1205,2024-05-05,2029-04-09,2029-04-09,0.2203,FIXED,452365.65,BR-001,8,GHGGB2894173
SECURITY.POSITION/3006220,SECURITY_HOLDING,GHS,49938.18,49938.18,SBL-SOV-017052,SEC.BOND.5Y,1205,2025-07-08,2030-06-12,2030-06-12,0.2248,FIXED,49938.18,BR-001,8,GHGGB6517165
SECURITY.POSITION/3006221,SECURITY_HOLDING,GHS,299269.08,299269.08,SBL-SOV-017052,SEC.BOND.5Y,1205,2024-10-10,2029-09-14,2029-09-14,0.2196,FIXED,299269.08,BR-001,8,GHGGB5002237
SECURITY.POSITION/3006222,SECURITY_HOLDING,GHS,92676.05,92676.05,SBL-SOV-017052,SEC.BOND.5Y,1205,2024-02-21,2029-01-25,2029-01-25,0.2192,FIXED,92676.05,BR-001,8,GHGGB9635024
SECURITY.POSITION/3006223,SECURITY_HOLDING,GHS,37641.11,37641.11,SBL-SOV-017052,SEC.BOND.5Y,1205,2024-11-13,2029-10-18,2029-10-18,0.2217,FIXED,37641.11,BR-001,8,GHGGB3065642
SECURITY.POSITION/3006224,SECURITY_HOLDING,GHS,555592.94,555592.94,SBL-SOV-017052,SEC.BOND.5Y,1205,2023-04-29,2028-04-02,2028-04-02,0.2249,FIXED,555592.94,BR-001,8,GHGGB2880743
SECURITY.POSITION/3006225,SECURITY_HOLDING,GHS,495652.52,495652.52,SBL-SOV-017052,SEC.BOND.5Y,1205,2023-05-28,2028-05-01,2028-05-01,0.2196,FIXED,495652.52,BR-001,8,GHGGB2932926
SECURITY.POSITION/3006226,SECURITY_HOLDING,GHS,42358.59,42358.59,SBL-SOV-017052,SEC.BOND.10Y,1206,2023-03-01,2033-01-07,2033-01-07,0.2397,FIXED,42358.59,BR-001,8,GHGGB2518500
SECURITY.POSITION/3006227,SECURITY_HOLDING,GHS,81562.20,81562.20,SBL-SOV-017052,SEC.BOND.10Y,1206,2024-05-17,2034-03-26,2034-03-26,0.2371,FIXED,81562.20,BR-001,8,GHGGB7379211
SECURITY.POSITION/3006228,SECURITY_HOLDING,GHS,171798.76,171798.76,SBL-SOV-017052,SEC.BOND.10Y,1206,2024-05-17,2034-03-26,2034-03-26,0.2384,FIXED,171798.76,BR-001,8,GHGGB3923943
SECURITY.POSITION/3006229,SECURITY_HOLDING,GHS,58910.81,58910.81,SBL-SOV-017052,SEC.BOND.10Y,1206,2016-11-28,2026-10-07,2026-10-07,0.2371,FIXED,58910.81,BR-001,8,GHGGB4193184
SECURITY.POSITION/3006230,SECURITY_HOLDING,GHS,109877.49,109877.49,SBL-SOV-017052,SEC.BOND.10Y,1206,2023-08-29,2033-07-07,2033-07-07,0.236,FIXED,109877.49,BR-001,8,GHGGB2219825
SECURITY.POSITION/3006231,SECURITY_HOLDING,GHS,90656.48,90656.48,SBL-SOV-017052,SEC.BOND.10Y,1206,2024-01-31,2033-12-09,2033-12-09,0.2359,FIXED,90656.48,BR-001,8,GHGGB1592961
SECURITY.POSITION/3006232,SECURITY_HOLDING,GHS,56362.65,56362.65,SBL-SOV-017052,SEC.BOND.10Y,1206,2025-10-27,2035-09-05,2035-09-05,0.2396,FIXED,56362.65,BR-001,8,GHGGB1607456
SECURITY.POSITION/3006233,SECURITY_HOLDING,GHS,109071.30,109071.30,SBL-SOV-017052,SEC.BOND.10Y,1206,2019-03-31,2029-02-06,2029-02-06,0.2358,FIXED,109071.30,BR-001,8,GHGGB5176904
SECURITY.POSITION/3006235,SECURITY_HOLDING,GHS,75431.25,75431.25,SBL-SOV-017052,SEC.BOND.10Y,1206,2019-03-02,2029-01-08,2029-01-08,0.2398,FIXED,75431.25,BR-001,8,GHGGB1864885
SECURITY.POSITION/3006260,SECURITY_HOLDING,GHS,2300184.64,2300184.64,SBL-SOV-017052,SEC.TBILL.364,1203,2025-10-10,2026-10-05,2026-10-05,0.1817,FIXED,2300184.64,BR-001,7,GHGGB4545785
SECURITY.POSITION/3006261,SECURITY_HOLDING,GHS,1000449.34,1000449.34,SBL-SOV-017052,SEC.TBILL.364,1203,2025-07-22,2026-07-17,2026-07-17,0.1797,FIXED,1000449.34,BR-001,7,GHGGB7338520
SECURITY.POSITION/3006263,SECURITY_HOLDING,GHS,5734835.44,5734835.44,SBL-SOV-017052,SEC.TBILL.364,1203,2025-07-15,2026-07-10,2026-07-10,0.1814,FIXED,5734835.44,BR-001,7,GHGGB2917488
SECURITY.POSITION/3006267,SECURITY_HOLDING,GHS,2483202.68,2483202.68,SBL-SOV-017052,SEC.TBILL.364,1203,2025-11-13,2026-11-08,2026-11-08,0.183,FIXED,2483202.68,BR-001,7,GHGGB5121560
SECURITY.POSITION/3006269,SECURITY_HOLDING,GHS,979291.11,979291.11,SBL-SOV-017052,SEC.BOND.2Y,1204,2024-08-01,2026-07-22,2026-07-22,0.191,FIXED,979291.11,BR-001,7,GHGGB9728014
SECURITY.POSITION/3006272,SECURITY_HOLDING,GHS,382859.33,382859.33,SBL-SOV-017052,SEC.BOND.2Y,1204,2024-12-30,2026-12-20,2026-12-20,0.1947,FIXED,382859.33,BR-001,7,GHGGB1033370
SECURITY.POSITION/3006274,SECURITY_HOLDING,GHS,809835.36,809835.36,SBL-SOV-017052,SEC.BOND.2Y,1204,2025-09-06,2027-08-27,2027-08-27,0.1937,FIXED,809835.36,BR-001,7,GHGGB9337413
SECURITY.POSITION/3006275,SECURITY_HOLDING,GHS,528003.65,528003.65,SBL-SOV-017052,SEC.BOND.2Y,1204,2025-04-14,2027-04-04,2027-04-04,0.1991,FIXED,528003.65,BR-001,7,GHGGB8621893
SECURITY.POSITION/3006276,SECURITY_HOLDING,GHS,274943.45,274943.45,SBL-SOV-017052,SEC.BOND.2Y,1204,2025-03-01,2027-02-19,2027-02-19,0.1903,FIXED,274943.45,BR-001,7,GHGGB6213931
SECURITY.POSITION/3006277,SECURITY_HOLDING,GHS,867370.71,867370.71,SBL-SOV-017052,SEC.BOND.2Y,1204,2024-11-09,2026-10-30,2026-10-30,0.1924,FIXED,867370.71,BR-001,7,GHGGB6918366
SECURITY.POSITION/3006278,SECURITY_HOLDING,GHS,863471.25,863471.25,SBL-SOV-017052,SEC.BOND.2Y,1204,2025-01-08,2026-12-29,2026-12-29,0.1894,FIXED,863471.25,BR-001,7,GHGGB5351628
SECURITY.POSITION/3006279,SECURITY_HOLDING,GHS,1424448.70,1424448.70,SBL-SOV-017052,SEC.BOND.2Y,1204,2025-05-28,2027-05-18,2027-05-18,0.198,FIXED,1424448.70,BR-001,7,GHGGB4226340
SECURITY.POSITION/3006280,SECURITY_HOLDING,GHS,454300.88,454300.88,SBL-SOV-017052,SEC.BOND.2Y,1204,2025-10-17,2027-10-07,2027-10-07,0.1918,FIXED,454300.88,BR-001,7,GHGGB7279526
SECURITY.POSITION/3006281,SECURITY_HOLDING,GHS,194602.74,194602.74,SBL-SOV-017052,SEC.BOND.5Y,1205,2024-05-06,2029-04-10,2029-04-10,0.2142,FIXED,194602.74,BR-001,7,GHGGB8223275
SECURITY.POSITION/3006282,SECURITY_HOLDING,GHS,222104.30,222104.30,SBL-SOV-017052,SEC.BOND.5Y,1205,2022-07-02,2027-06-06,2027-06-06,0.2208,FIXED,222104.30,BR-001,7,GHGGB5017972
SECURITY.POSITION/3006283,SECURITY_HOLDING,GHS,429739.71,429739.71,SBL-SOV-017052,SEC.BOND.5Y,1205,2022-04-01,2027-03-06,2027-03-06,0.218,FIXED,429739.71,BR-001,7,GHGGB5914653
SECURITY.POSITION/3006284,SECURITY_HOLDING,GHS,318576.31,318576.31,SBL-SOV-017052,SEC.BOND.5Y,1205,2023-03-22,2028-02-24,2028-02-24,0.2229,FIXED,318576.31,BR-001,7,GHGGB8815629
SECURITY.POSITION/3006285,SECURITY_HOLDING,GHS,95180.09,95180.09,SBL-SOV-017052,SEC.BOND.5Y,1205,2024-01-21,2028-12-25,2028-12-25,0.2138,FIXED,95180.09,BR-001,7,GHGGB7614367
SECURITY.POSITION/3006286,SECURITY_HOLDING,GHS,302979.72,302979.72,SBL-SOV-017052,SEC.BOND.5Y,1205,2024-01-07,2028-12-11,2028-12-11,0.222,FIXED,302979.72,BR-001,7,GHGGB6661506
SECURITY.POSITION/3006288,SECURITY_HOLDING,GHS,425636.10,425636.10,SBL-SOV-017052,SEC.BOND.5Y,1205,2022-12-04,2027-11-08,2027-11-08,0.2214,FIXED,425636.10,BR-001,7,GHGGB7540165
SECURITY.POSITION/3006289,SECURITY_HOLDING,GHS,478930.09,478930.09,SBL-SOV-017052,SEC.BOND.5Y,1205,2023-11-10,2028-10-14,2028-10-14,0.2163,FIXED,478930.09,BR-001,7,GHGGB6884981
SECURITY.POSITION/3006290,SECURITY_HOLDING,GHS,66844.15,66844.15,SBL-SOV-017052,SEC.BOND.5Y,1205,2021-10-23,2026-09-27,2026-09-27,0.2148,FIXED,66844.15,BR-001,7,GHGGB6452679
SECURITY.POSITION/3006291,SECURITY_HOLDING,GHS,221654.90,221654.90,SBL-SOV-017052,SEC.BOND.5Y,1205,2023-09-10,2028-08-14,2028-08-14,0.2142,FIXED,221654.90,BR-001,7,GHGGB6327862
SECURITY.POSITION/3006292,SECURITY_HOLDING,GHS,63007.87,63007.87,SBL-SOV-017052,SEC.BOND.5Y,1205,2025-05-03,2030-04-07,2030-04-07,0.2149,FIXED,63007.87,BR-001,7,GHGGB4665452
SECURITY.POSITION/3006316,SECURITY_HOLDING,GHS,911957.18,911957.18,SBL-SOV-017052,SEC.TBILL.364,1203,2025-08-04,2026-07-30,2026-07-30,0.1879,FIXED,911957.18,BR-001,6,GHGGB6412222
SECURITY.POSITION/3006317,SECURITY_HOLDING,GHS,2286857.67,2286857.67,SBL-SOV-017052,SEC.TBILL.364,1203,2025-10-08,2026-10-03,2026-10-03,0.1822,FIXED,2286857.67,BR-001,6,GHGGB5545972
SECURITY.POSITION/3006318,SECURITY_HOLDING,GHS,2791907.67,2791907.67,SBL-SOV-017052,SEC.TBILL.364,1203,2025-10-14,2026-10-09,2026-10-09,0.1871,FIXED,2791907.67,BR-001,6,GHGGB7887696
SECURITY.POSITION/3006320,SECURITY_HOLDING,GHS,2275770.27,2275770.27,SBL-SOV-017052,SEC.TBILL.364,1203,2025-08-28,2026-08-23,2026-08-23,0.1925,FIXED,2275770.27,BR-001,6,GHGGB6485400
SECURITY.POSITION/3006321,SECURITY_HOLDING,GHS,284760.78,284760.78,SBL-SOV-017052,SEC.TBILL.364,1203,2025-12-13,2026-12-08,2026-12-08,0.1899,FIXED,284760.78,BR-001,6,GHGGB6698088
SECURITY.POSITION/3006322,SECURITY_HOLDING,GHS,656884.22,656884.22,SBL-SOV-017052,SEC.TBILL.364,1203,2025-12-12,2026-12-07,2026-12-07,0.1851,FIXED,656884.22,BR-001,6,GHGGB7257068
SECURITY.POSITION/3006323,SECURITY_HOLDING,GHS,3399084.02,3399084.02,SBL-SOV-017052,SEC.TBILL.364,1203,2025-08-21,2026-08-16,2026-08-16,0.1869,FIXED,3399084.02,BR-001,6,GHGGB9576018
SECURITY.POSITION/3006324,SECURITY_HOLDING,GHS,2020114.18,2020114.18,SBL-SOV-017052,SEC.TBILL.364,1203,2025-09-12,2026-09-07,2026-09-07,0.1819,FIXED,2020114.18,BR-001,6,GHGGB6634252
SECURITY.POSITION/3006325,SECURITY_HOLDING,GHS,2744278.79,2744278.79,SBL-SOV-017052,SEC.TBILL.364,1203,2025-12-18,2026-12-13,2026-12-13,0.1848,FIXED,2744278.79,BR-001,6,GHGGB5156691
SECURITY.POSITION/3006327,SECURITY_HOLDING,GHS,770459.09,770459.09,SBL-SOV-017052,SEC.BOND.2Y,1204,2024-07-25,2026-07-15,2026-07-15,0.1911,FIXED,770459.09,BR-001,6,GHGGB3194199
SECURITY.POSITION/3006328,SECURITY_HOLDING,GHS,2221883.58,2221883.58,SBL-SOV-017052,SEC.BOND.2Y,1204,2025-05-09,2027-04-29,2027-04-29,0.1956,FIXED,2221883.58,BR-001,6,GHGGB3861076
SECURITY.POSITION/3006329,SECURITY_HOLDING,GHS,438395.23,438395.23,SBL-SOV-017052,SEC.BOND.2Y,1204,2025-12-07,2027-11-27,2027-11-27,0.1975,FIXED,438395.23,BR-001,6,GHGGB4693809
SECURITY.POSITION/3006331,SECURITY_HOLDING,GHS,496113.36,496113.36,SBL-SOV-017052,SEC.BOND.2Y,1204,2025-09-27,2027-09-17,2027-09-17,0.1921,FIXED,496113.36,BR-001,6,GHGGB6452050
SECURITY.POSITION/3006332,SECURITY_HOLDING,GHS,1763803.09,1763803.09,SBL-SOV-017052,SEC.BOND.2Y,1204,2025-03-14,2027-03-04,2027-03-04,0.1923,FIXED,1763803.09,BR-001,6,GHGGB5407477
SECURITY.POSITION/3006334,SECURITY_HOLDING,GHS,1306373.64,1306373.64,SBL-SOV-017052,SEC.BOND.5Y,1205,2024-09-02,2029-08-07,2029-08-07,0.2175,FIXED,1306373.64,BR-001,6,GHGGB3856517
SECURITY.POSITION/3006335,SECURITY_HOLDING,GHS,1972320.49,1972320.49,SBL-SOV-017052,SEC.BOND.5Y,1205,2022-11-20,2027-10-25,2027-10-25,0.2159,FIXED,1972320.49,BR-001,6,GHGGB3603072
SECURITY.POSITION/3006336,SECURITY_HOLDING,GHS,1123592.76,1123592.76,SBL-SOV-017052,SEC.BOND.5Y,1205,2024-08-23,2029-07-28,2029-07-28,0.2232,FIXED,1123592.76,BR-001,6,GHGGB8341977
SECURITY.POSITION/3006337,SECURITY_HOLDING,GHS,1661080.87,1661080.87,SBL-SOV-017052,SEC.BOND.5Y,1205,2022-09-22,2027-08-27,2027-08-27,0.2185,FIXED,1661080.87,BR-001,6,GHGGB4176335
SECURITY.POSITION/3006338,SECURITY_HOLDING,GHS,1156023.94,1156023.94,SBL-SOV-017052,SEC.BOND.5Y,1205,2025-03-22,2030-02-24,2030-02-24,0.2175,FIXED,1156023.94,BR-001,6,GHGGB1108408
SECURITY.POSITION/3006339,SECURITY_HOLDING,GHS,1172720.52,1172720.52,SBL-SOV-017052,SEC.BOND.5Y,1205,2022-11-07,2027-10-12,2027-10-12,0.2172,FIXED,1172720.52,BR-001,6,GHGGB7119977
SECURITY.POSITION/3006340,SECURITY_HOLDING,GHS,473575.33,473575.33,SBL-SOV-017052,SEC.BOND.10Y,1206,2020-07-15,2030-05-24,2030-05-24,0.2377,FIXED,473575.33,BR-001,6,GHGGB4541625
SECURITY.POSITION/3006341,SECURITY_HOLDING,GHS,1189303.72,1189303.72,SBL-SOV-017052,SEC.BOND.10Y,1206,2023-02-09,2032-12-18,2032-12-18,0.2369,FIXED,1189303.72,BR-001,6,GHGGB2021497
SECURITY.POSITION/3006342,SECURITY_HOLDING,GHS,260176.19,260176.19,SBL-SOV-017052,SEC.BOND.10Y,1206,2019-02-09,2028-12-18,2028-12-18,0.2423,FIXED,260176.19,BR-001,6,GHGGB3368609
SECURITY.POSITION/3006343,SECURITY_HOLDING,GHS,1113832.73,1113832.73,SBL-SOV-017052,SEC.BOND.10Y,1206,2021-04-14,2031-02-21,2031-02-21,0.2427,FIXED,1113832.73,BR-001,6,GHGGB3507166
SECURITY.POSITION/3006344,SECURITY_HOLDING,GHS,604323.52,604323.52,SBL-SOV-017052,SEC.BOND.10Y,1206,2018-06-15,2028-04-23,2028-04-23,0.2414,FIXED,604323.52,BR-001,6,GHGGB2835362
SECURITY.POSITION/3006345,SECURITY_HOLDING,GHS,906500.86,906500.86,SBL-SOV-017052,SEC.BOND.10Y,1206,2022-07-27,2032-06-04,2032-06-04,0.2452,FIXED,906500.86,BR-001,6,GHGGB3974792
SECURITY.POSITION/3006346,SECURITY_HOLDING,GHS,804083.36,804083.36,SBL-SOV-017052,SEC.BOND.10Y,1206,2018-11-16,2028-09-24,2028-09-24,0.2383,FIXED,804083.36,BR-001,6,GHGGB4159985
SECURITY.POSITION/3006359,SECURITY_HOLDING,GHS,4417797.44,4417797.44,SBL-SOV-017052,SEC.TBILL.182,1202,2026-01-10,2026-07-09,2026-07-09,0.1732,FIXED,4417797.44,BR-001,5,GHGGB9468579
SECURITY.POSITION/3006369,SECURITY_HOLDING,GHS,37542.00,37542.00,SBL-SOV-017052,SEC.TBILL.364,1203,2025-10-26,2026-10-21,2026-10-21,0.18,FIXED,37542.00,BR-001,5,GHGGB1240572
SECURITY.POSITION/3006370,SECURITY_HOLDING,GHS,502916.89,502916.89,SBL-SOV-017052,SEC.TBILL.364,1203,2025-08-20,2026-08-15,2026-08-15,0.185,FIXED,502916.89,BR-001,5,GHGGB4893727
SECURITY.POSITION/3006371,SECURITY_HOLDING,GHS,292991.74,292991.74,SBL-SOV-017052,SEC.TBILL.364,1203,2025-11-22,2026-11-17,2026-11-17,0.1848,FIXED,292991.74,BR-001,5,GHGGB4153107
SECURITY.POSITION/3006373,SECURITY_HOLDING,GHS,120097.64,120097.64,SBL-SOV-017052,SEC.TBILL.364,1203,2025-09-08,2026-09-03,2026-09-03,0.1871,FIXED,120097.64,BR-001,5,GHGGB7670847
SECURITY.POSITION/3006375,SECURITY_HOLDING,GHS,311094.49,311094.49,SBL-SOV-017052,SEC.TBILL.364,1203,2025-11-15,2026-11-10,2026-11-10,0.19,FIXED,311094.49,BR-001,5,GHGGB8193233
SECURITY.POSITION/3006376,SECURITY_HOLDING,GHS,165275.18,165275.18,SBL-SOV-017052,SEC.TBILL.364,1203,2025-11-16,2026-11-11,2026-11-11,0.1871,FIXED,165275.18,BR-001,5,GHGGB3938183
SECURITY.POSITION/3006377,SECURITY_HOLDING,GHS,337208.99,337208.99,SBL-SOV-017052,SEC.TBILL.364,1203,2025-09-03,2026-08-29,2026-08-29,0.1798,FIXED,337208.99,BR-001,5,GHGGB3516656
SECURITY.POSITION/3006379,SECURITY_HOLDING,GHS,220665.58,220665.58,SBL-SOV-017052,SEC.TBILL.364,1203,2025-08-21,2026-08-16,2026-08-16,0.1846,FIXED,220665.58,BR-001,5,GHGGB1268454
SECURITY.POSITION/3006380,SECURITY_HOLDING,GHS,709769.04,709769.04,SBL-SOV-017052,SEC.BOND.2Y,1204,2025-09-23,2027-09-13,2027-09-13,0.1878,FIXED,709769.04,BR-001,5,GHGGB7988800
SECURITY.POSITION/3006382,SECURITY_HOLDING,GHS,1098954.50,1098954.50,SBL-SOV-017052,SEC.BOND.2Y,1204,2025-08-10,2027-07-31,2027-07-31,0.1926,FIXED,1098954.50,BR-001,5,GHGGB8642002
SECURITY.POSITION/3006383,SECURITY_HOLDING,GHS,937956.78,937956.78,SBL-SOV-017052,SEC.BOND.2Y,1204,2024-10-05,2026-09-25,2026-09-25,0.1942,FIXED,937956.78,BR-001,5,GHGGB2577303
SECURITY.POSITION/3006384,SECURITY_HOLDING,GHS,1072596.21,1072596.21,SBL-SOV-017052,SEC.BOND.2Y,1204,2024-08-16,2026-08-06,2026-08-06,0.1903,FIXED,1072596.21,BR-001,5,GHGGB2251669
SECURITY.POSITION/3006386,SECURITY_HOLDING,GHS,599930.94,599930.94,SBL-SOV-017052,SEC.BOND.2Y,1204,2025-09-17,2027-09-07,2027-09-07,0.1863,FIXED,599930.94,BR-001,5,GHGGB2883491
SECURITY.POSITION/3006387,SECURITY_HOLDING,GHS,877800.40,877800.40,SBL-SOV-017052,SEC.BOND.2Y,1204,2025-05-03,2027-04-23,2027-04-23,0.1914,FIXED,877800.40,BR-001,5,GHGGB1643371
SECURITY.POSITION/3006388,SECURITY_HOLDING,GHS,801816.77,801816.77,SBL-SOV-017052,SEC.BOND.2Y,1204,2025-12-16,2027-12-06,2027-12-06,0.1875,FIXED,801816.77,BR-001,5,GHGGB4114675
SECURITY.POSITION/3006389,SECURITY_HOLDING,GHS,95113.42,95113.42,SBL-SOV-017052,SEC.BOND.5Y,1205,2025-01-15,2029-12-20,2029-12-20,0.2171,FIXED,95113.42,BR-001,5,GHGGB9199880
SECURITY.POSITION/3006391,SECURITY_HOLDING,GHS,11685.92,11685.92,SBL-SOV-017052,SEC.BOND.5Y,1205,2023-08-05,2028-07-09,2028-07-09,0.221,FIXED,11685.92,BR-001,5,GHGGB3503017
SECURITY.POSITION/3006392,SECURITY_HOLDING,GHS,243770.13,243770.13,SBL-SOV-017052,SEC.BOND.5Y,1205,2024-01-31,2029-01-04,2029-01-04,0.2238,FIXED,243770.13,BR-001,5,GHGGB6779009
SECURITY.POSITION/3006393,SECURITY_HOLDING,GHS,150998.87,150998.87,SBL-SOV-017052,SEC.BOND.5Y,1205,2024-05-09,2029-04-13,2029-04-13,0.2206,FIXED,150998.87,BR-001,5,GHGGB5491548
SECURITY.POSITION/3006394,SECURITY_HOLDING,GHS,112351.25,112351.25,SBL-SOV-017052,SEC.BOND.5Y,1205,2022-11-28,2027-11-02,2027-11-02,0.2238,FIXED,112351.25,BR-001,5,GHGGB3842551
SECURITY.POSITION/3006395,SECURITY_HOLDING,GHS,97193.54,97193.54,SBL-SOV-017052,SEC.BOND.5Y,1205,2022-02-20,2027-01-25,2027-01-25,0.2282,FIXED,97193.54,BR-001,5,GHGGB3285973
SECURITY.POSITION/3006396,SECURITY_HOLDING,GHS,27022.99,27022.99,SBL-SOV-017052,SEC.BOND.5Y,1205,2024-03-31,2029-03-05,2029-03-05,0.2209,FIXED,27022.99,BR-001,5,GHGGB4455990
SECURITY.POSITION/3006397,SECURITY_HOLDING,GHS,29500.05,29500.05,SBL-SOV-017052,SEC.BOND.5Y,1205,2024-09-30,2029-09-04,2029-09-04,0.2273,FIXED,29500.05,BR-001,5,GHGGB9751714
SECURITY.POSITION/3006398,SECURITY_HOLDING,GHS,162020.36,162020.36,SBL-SOV-017052,SEC.BOND.10Y,1206,2017-09-17,2027-07-27,2027-07-27,0.2399,FIXED,162020.36,BR-001,5,GHGGB7368792
SECURITY.POSITION/3006399,SECURITY_HOLDING,GHS,296138.64,296138.64,SBL-SOV-017052,SEC.BOND.10Y,1206,2023-07-05,2033-05-13,2033-05-13,0.2449,FIXED,296138.64,BR-001,5,GHGGB7505879
SECURITY.POSITION/3006400,SECURITY_HOLDING,GHS,67120.43,67120.43,SBL-SOV-017052,SEC.BOND.10Y,1206,2017-04-22,2027-03-01,2027-03-01,0.2389,FIXED,67120.43,BR-001,5,GHGGB9135147
SECURITY.POSITION/3006401,SECURITY_HOLDING,GHS,283537.75,283537.75,SBL-SOV-017052,SEC.BOND.10Y,1206,2018-08-17,2028-06-25,2028-06-25,0.238,FIXED,283537.75,BR-001,5,GHGGB9505257
SECURITY.POSITION/3006402,SECURITY_HOLDING,GHS,325945.17,325945.17,SBL-SOV-017052,SEC.BOND.10Y,1206,2018-11-19,2028-09-27,2028-09-27,0.2317,FIXED,325945.17,BR-001,5,GHGGB5489954
SECURITY.POSITION/3006403,SECURITY_HOLDING,GHS,299735.50,299735.50,SBL-SOV-017052,SEC.BOND.10Y,1206,2020-04-28,2030-03-07,2030-03-07,0.2406,FIXED,299735.50,BR-001,5,GHGGB9597023
SECURITY.POSITION/3006404,SECURITY_HOLDING,GHS,256360.25,256360.25,SBL-SOV-017052,SEC.BOND.10Y,1206,2018-10-18,2028-08-26,2028-08-26,0.2387,FIXED,256360.25,BR-001,5,GHGGB2746172
SECURITY.POSITION/3006421,SECURITY_HOLDING,GHS,1079646.96,1079646.96,SBL-SOV-017052,SEC.TBILL.364,1203,2025-09-02,2026-08-28,2026-08-28,0.1793,FIXED,1079646.96,BR-001,4,GHGGB8840166
SECURITY.POSITION/3006422,SECURITY_HOLDING,GHS,2606786.98,2606786.98,SBL-SOV-017052,SEC.TBILL.364,1203,2026-01-23,2027-01-18,2027-01-18,0.173,FIXED,2606786.98,BR-001,4,GHGGB8308593
SECURITY.POSITION/3006423,SECURITY_HOLDING,GHS,948784.88,948784.88,SBL-SOV-017052,SEC.TBILL.364,1203,2025-11-11,2026-11-06,2026-11-06,0.1763,FIXED,948784.88,BR-001,4,GHGGB4941980
SECURITY.POSITION/3006424,SECURITY_HOLDING,GHS,967640.04,967640.04,SBL-SOV-017052,SEC.TBILL.364,1203,2025-08-30,2026-08-25,2026-08-25,0.1803,FIXED,967640.04,BR-001,4,GHGGB8046919
SECURITY.POSITION/3006425,SECURITY_HOLDING,GHS,1808848.81,1808848.81,SBL-SOV-017052,SEC.TBILL.364,1203,2025-07-22,2026-07-17,2026-07-17,0.1799,FIXED,1808848.81,BR-001,4,GHGGB9945574
SECURITY.POSITION/3006427,SECURITY_HOLDING,GHS,1341269.56,1341269.56,SBL-SOV-017052,SEC.TBILL.364,1203,2025-11-01,2026-10-27,2026-10-27,0.1744,FIXED,1341269.56,BR-001,4,GHGGB4606168
SECURITY.POSITION/3006428,SECURITY_HOLDING,GHS,455642.01,455642.01,SBL-SOV-017052,SEC.BOND.2Y,1204,2025-04-06,2027-03-27,2027-03-27,0.1944,FIXED,455642.01,BR-001,4,GHGGB4562605
SECURITY.POSITION/3006429,SECURITY_HOLDING,GHS,369115.19,369115.19,SBL-SOV-017052,SEC.BOND.2Y,1204,2024-11-20,2026-11-10,2026-11-10,0.1929,FIXED,369115.19,BR-001,4,GHGGB7974503
SECURITY.POSITION/3006430,SECURITY_HOLDING,GHS,429571.98,429571.98,SBL-SOV-017052,SEC.BOND.2Y,1204,2025-07-26,2027-07-16,2027-07-16,0.1936,FIXED,429571.98,BR-001,4,GHGGB2752763
SECURITY.POSITION/3006431,SECURITY_HOLDING,GHS,757280.50,757280.50,SBL-SOV-017052,SEC.BOND.2Y,1204,2025-12-03,2027-11-23,2027-11-23,0.1952,FIXED,757280.50,BR-001,4,GHGGB4304843
SECURITY.POSITION/3006432,SECURITY_HOLDING,GHS,340658.31,340658.31,SBL-SOV-017052,SEC.BOND.2Y,1204,2025-09-28,2027-09-18,2027-09-18,0.1943,FIXED,340658.31,BR-001,4,GHGGB9102053
SECURITY.POSITION/3006433,SECURITY_HOLDING,GHS,1321948.60,1321948.60,SBL-SOV-017052,SEC.BOND.2Y,1204,2025-07-15,2027-07-05,2027-07-05,0.193,FIXED,1321948.60,BR-001,4,GHGGB6335158
SECURITY.POSITION/3006436,SECURITY_HOLDING,GHS,295230.46,295230.46,SBL-SOV-017052,SEC.BOND.2Y,1204,2024-12-10,2026-11-30,2026-11-30,0.1933,FIXED,295230.46,BR-001,4,GHGGB4846921
SECURITY.POSITION/3006437,SECURITY_HOLDING,GHS,592613.75,592613.75,SBL-SOV-017052,SEC.BOND.2Y,1204,2025-05-17,2027-05-07,2027-05-07,0.1981,FIXED,592613.75,BR-001,4,GHGGB6091177
SECURITY.POSITION/3006438,SECURITY_HOLDING,GHS,257827.67,257827.67,SBL-SOV-017052,SEC.BOND.2Y,1204,2026-01-17,2028-01-07,2028-01-07,0.1885,FIXED,257827.67,BR-001,4,GHGGB5888937
SECURITY.POSITION/3006440,SECURITY_HOLDING,GHS,310781.53,310781.53,SBL-SOV-017052,SEC.BOND.2Y,1204,2025-10-31,2027-10-21,2027-10-21,0.198,FIXED,310781.53,BR-001,4,GHGGB8961509
SECURITY.POSITION/3006441,SECURITY_HOLDING,GHS,626698.08,626698.08,SBL-SOV-017052,SEC.BOND.5Y,1205,2023-07-19,2028-06-22,2028-06-22,0.225,FIXED,626698.08,BR-001,4,GHGGB3704611
SECURITY.POSITION/3006442,SECURITY_HOLDING,GHS,198750.18,198750.18,SBL-SOV-017052,SEC.BOND.5Y,1205,2023-11-07,2028-10-11,2028-10-11,0.2174,FIXED,198750.18,BR-001,4,GHGGB5074212
SECURITY.POSITION/3006443,SECURITY_HOLDING,GHS,313244.22,313244.22,SBL-SOV-017052,SEC.BOND.5Y,1205,2021-12-06,2026-11-10,2026-11-10,0.2211,FIXED,313244.22,BR-001,4,GHGGB2505880
SECURITY.POSITION/3006444,SECURITY_HOLDING,GHS,1048873.26,1048873.26,SBL-SOV-017052,SEC.BOND.5Y,1205,2022-11-24,2027-10-29,2027-10-29,0.2158,FIXED,1048873.26,BR-001,4,GHGGB4997022
SECURITY.POSITION/3006445,SECURITY_HOLDING,GHS,351387.42,351387.42,SBL-SOV-017052,SEC.BOND.5Y,1205,2024-07-12,2029-06-16,2029-06-16,0.2179,FIXED,351387.42,BR-001,4,GHGGB6878261
SECURITY.POSITION/3006446,SECURITY_HOLDING,GHS,743746.12,743746.12,SBL-SOV-017052,SEC.BOND.5Y,1205,2023-12-11,2028-11-14,2028-11-14,0.215,FIXED,743746.12,BR-001,4,GHGGB6562825
SECURITY.POSITION/3006447,SECURITY_HOLDING,GHS,1943268.96,1943268.96,SBL-SOV-017052,SEC.BOND.5Y,1205,2022-09-01,2027-08-06,2027-08-06,0.2191,FIXED,1943268.96,BR-001,4,GHGGB4188211
SECURITY.POSITION/3006448,SECURITY_HOLDING,GHS,1991099.85,1991099.85,SBL-SOV-017052,SEC.BOND.5Y,1205,2023-02-16,2028-01-21,2028-01-21,0.2206,FIXED,1991099.85,BR-001,4,GHGGB9552737
SECURITY.POSITION/3006449,SECURITY_HOLDING,GHS,438043.78,438043.78,SBL-SOV-017052,SEC.BOND.10Y,1206,2019-09-14,2029-07-23,2029-07-23,0.2442,FIXED,438043.78,BR-001,4,GHGGB1898179
SECURITY.POSITION/3006450,SECURITY_HOLDING,GHS,1407992.46,1407992.46,SBL-SOV-017052,SEC.BOND.10Y,1206,2017-09-05,2027-07-15,2027-07-15,0.2375,FIXED,1407992.46,BR-001,4,GHGGB8703774
SECURITY.POSITION/3006451,SECURITY_HOLDING,GHS,1080154.42,1080154.42,SBL-SOV-017052,SEC.BOND.10Y,1206,2022-12-17,2032-10-25,2032-10-25,0.2413,FIXED,1080154.42,BR-001,4,GHGGB3032722
SECURITY.POSITION/3006452,SECURITY_HOLDING,GHS,732457.94,732457.94,SBL-SOV-017052,SEC.BOND.10Y,1206,2020-06-03,2030-04-12,2030-04-12,0.2338,FIXED,732457.94,BR-001,4,GHGGB9590148
SECURITY.POSITION/3006453,SECURITY_HOLDING,GHS,981729.02,981729.02,SBL-SOV-017052,SEC.BOND.10Y,1206,2019-02-01,2028-12-10,2028-12-10,0.2421,FIXED,981729.02,BR-001,4,GHGGB3535816
SECURITY.POSITION/3006454,SECURITY_HOLDING,GHS,1278514.70,1278514.70,SBL-SOV-017052,SEC.BOND.10Y,1206,2024-12-01,2034-10-10,2034-10-10,0.2409,FIXED,1278514.70,BR-001,4,GHGGB4535413
SECURITY.POSITION/3006468,SECURITY_HOLDING,GHS,2274184.03,2274184.03,SBL-SOV-017052,SEC.TBILL.182,1202,2026-01-06,2026-07-05,2026-07-05,0.1753,FIXED,2274184.03,BR-001,3,GHGGB6917937
SECURITY.POSITION/3006470,SECURITY_HOLDING,GHS,337355.40,337355.40,SBL-SOV-017052,SEC.TBILL.182,1202,2026-02-16,2026-08-15,2026-08-15,0.1754,FIXED,337355.40,BR-001,3,GHGGB8019687
SECURITY.POSITION/3006473,SECURITY_HOLDING,GHS,2179073.51,2179073.51,SBL-SOV-017052,SEC.TBILL.182,1202,2026-03-03,2026-08-30,2026-08-30,0.1693,FIXED,2179073.51,BR-001,3,GHGGB5964145
SECURITY.POSITION/3006476,SECURITY_HOLDING,GHS,783609.94,783609.94,SBL-SOV-017052,SEC.TBILL.182,1202,2026-03-09,2026-09-05,2026-09-05,0.1765,FIXED,783609.94,BR-001,3,GHGGB7380934
SECURITY.POSITION/3006478,SECURITY_HOLDING,GHS,2778436.73,2778436.73,SBL-SOV-017052,SEC.TBILL.182,1202,2026-03-25,2026-09-21,2026-09-21,0.1737,FIXED,2778436.73,BR-001,3,GHGGB2899853
SECURITY.POSITION/3006480,SECURITY_HOLDING,GHS,5378008.92,5378008.92,SBL-SOV-017052,SEC.TBILL.364,1203,2026-02-27,2027-02-22,2027-02-22,0.1881,FIXED,5378008.92,BR-001,3,GHGGB1359294
SECURITY.POSITION/3006482,SECURITY_HOLDING,GHS,5412855.95,5412855.95,SBL-SOV-017052,SEC.TBILL.364,1203,2025-09-12,2026-09-07,2026-09-07,0.1875,FIXED,5412855.95,BR-001,3,GHGGB6326787
SECURITY.POSITION/3006483,SECURITY_HOLDING,GHS,4528359.02,4528359.02,SBL-SOV-017052,SEC.TBILL.364,1203,2025-09-06,2026-09-01,2026-09-01,0.1854,FIXED,4528359.02,BR-001,3,GHGGB1574430
SECURITY.POSITION/3006484,SECURITY_HOLDING,GHS,426889.74,426889.74,SBL-SOV-017052,SEC.TBILL.364,1203,2025-07-16,2026-07-11,2026-07-11,0.1879,FIXED,426889.74,BR-001,3,GHGGB9801952
SECURITY.POSITION/3006486,SECURITY_HOLDING,GHS,1004335.75,1004335.75,SBL-SOV-017052,SEC.TBILL.364,1203,2025-09-12,2026-09-07,2026-09-07,0.1805,FIXED,1004335.75,BR-001,3,GHGGB6063292
SECURITY.POSITION/3006487,SECURITY_HOLDING,GHS,1192269.15,1192269.15,SBL-SOV-017052,SEC.TBILL.364,1203,2025-11-14,2026-11-09,2026-11-09,0.1863,FIXED,1192269.15,BR-001,3,GHGGB7518759
SECURITY.POSITION/3006488,SECURITY_HOLDING,GHS,2747248.55,2747248.55,SBL-SOV-017052,SEC.TBILL.364,1203,2026-01-16,2027-01-11,2027-01-11,0.1881,FIXED,2747248.55,BR-001,3,GHGGB2510772
SECURITY.POSITION/3006489,SECURITY_HOLDING,GHS,647543.22,647543.22,SBL-SOV-017052,SEC.BOND.2Y,1204,2025-07-09,2027-06-29,2027-06-29,0.1953,FIXED,647543.22,BR-001,3,GHGGB6281657
SECURITY.POSITION/3006490,SECURITY_HOLDING,GHS,1394298.83,1394298.83,SBL-SOV-017052,SEC.BOND.2Y,1204,2024-11-05,2026-10-26,2026-10-26,0.1925,FIXED,1394298.83,BR-001,3,GHGGB5951256
SECURITY.POSITION/3006491,SECURITY_HOLDING,GHS,792190.16,792190.16,SBL-SOV-017052,SEC.BOND.2Y,1204,2025-04-30,2027-04-20,2027-04-20,0.1948,FIXED,792190.16,BR-001,3,GHGGB8457038
SECURITY.POSITION/3006492,SECURITY_HOLDING,GHS,1024751.23,1024751.23,SBL-SOV-017052,SEC.BOND.2Y,1204,2025-08-02,2027-07-23,2027-07-23,0.1888,FIXED,1024751.23,BR-001,3,GHGGB3892988
SECURITY.POSITION/3006493,SECURITY_HOLDING,GHS,495379.50,495379.50,SBL-SOV-017052,SEC.BOND.2Y,1204,2025-07-20,2027-07-10,2027-07-10,0.1959,FIXED,495379.50,BR-001,3,GHGGB1867124
SECURITY.POSITION/3006494,SECURITY_HOLDING,GHS,834861.32,834861.32,SBL-SOV-017052,SEC.BOND.2Y,1204,2024-10-01,2026-09-21,2026-09-21,0.1915,FIXED,834861.32,BR-001,3,GHGGB5302644
SECURITY.POSITION/3006495,SECURITY_HOLDING,GHS,28658.40,28658.40,SBL-SOV-017052,SEC.BOND.2Y,1204,2026-03-30,2028-03-19,2028-03-19,0.1946,FIXED,28658.40,BR-001,3,GHGGB2970414
SECURITY.POSITION/3006496,SECURITY_HOLDING,GHS,365166.09,365166.09,SBL-SOV-017052,SEC.BOND.2Y,1204,2024-12-27,2026-12-17,2026-12-17,0.1979,FIXED,365166.09,BR-001,3,GHGGB8359700
SECURITY.POSITION/3006497,SECURITY_HOLDING,GHS,672760.95,672760.95,SBL-SOV-017052,SEC.BOND.5Y,1205,2022-01-07,2026-12-12,2026-12-12,0.2229,FIXED,672760.95,BR-001,3,GHGGB1323658
SECURITY.POSITION/3006498,SECURITY_HOLDING,GHS,1691137.75,1691137.75,SBL-SOV-017052,SEC.BOND.5Y,1205,2024-02-15,2029-01-19,2029-01-19,0.2187,FIXED,1691137.75,BR-001,3,GHGGB8216733
SECURITY.POSITION/3006500,SECURITY_HOLDING,GHS,1199755.72,1199755.72,SBL-SOV-017052,SEC.BOND.5Y,1205,2023-08-13,2028-07-17,2028-07-17,0.2187,FIXED,1199755.72,BR-001,3,GHGGB1038218
SECURITY.POSITION/3006501,SECURITY_HOLDING,GHS,688549.40,688549.40,SBL-SOV-017052,SEC.BOND.5Y,1205,2025-02-05,2030-01-10,2030-01-10,0.2232,FIXED,688549.40,BR-001,3,GHGGB5562215
SECURITY.POSITION/3006502,SECURITY_HOLDING,GHS,527902.56,527902.56,SBL-SOV-017052,SEC.BOND.5Y,1205,2021-09-25,2026-08-30,2026-08-30,0.2241,FIXED,527902.56,BR-001,3,GHGGB1191676
SECURITY.POSITION/3006503,SECURITY_HOLDING,GHS,311227.32,311227.32,SBL-SOV-017052,SEC.BOND.5Y,1205,2023-04-11,2028-03-15,2028-03-15,0.2218,FIXED,311227.32,BR-001,3,GHGGB2058830
SECURITY.POSITION/3006504,SECURITY_HOLDING,GHS,154734.99,154734.99,SBL-SOV-017052,SEC.BOND.10Y,1206,2025-04-17,2035-02-24,2035-02-24,0.2352,FIXED,154734.99,BR-001,3,GHGGB8791363
SECURITY.POSITION/3006505,SECURITY_HOLDING,GHS,223316.87,223316.87,SBL-SOV-017052,SEC.BOND.10Y,1206,2024-08-13,2034-06-22,2034-06-22,0.2342,FIXED,223316.87,BR-001,3,GHGGB1208849
SECURITY.POSITION/3006506,SECURITY_HOLDING,GHS,75296.38,75296.38,SBL-SOV-017052,SEC.BOND.10Y,1206,2019-07-09,2029-05-17,2029-05-17,0.234,FIXED,75296.38,BR-001,3,GHGGB4317005
SECURITY.POSITION/3006507,SECURITY_HOLDING,GHS,245532.02,245532.02,SBL-SOV-017052,SEC.BOND.10Y,1206,2017-09-15,2027-07-25,2027-07-25,0.2325,FIXED,245532.02,BR-001,3,GHGGB8540333
SECURITY.POSITION/3006509,SECURITY_HOLDING,GHS,125235.61,125235.61,SBL-SOV-017052,SEC.BOND.10Y,1206,2019-08-25,2029-07-03,2029-07-03,0.2305,FIXED,125235.61,BR-001,3,GHGGB3007265
SECURITY.POSITION/3006510,SECURITY_HOLDING,GHS,331481.00,331481.00,SBL-SOV-017052,SEC.BOND.10Y,1206,2020-09-06,2030-07-16,2030-07-16,0.2366,FIXED,331481.00,BR-001,3,GHGGB4829549
SECURITY.POSITION/3006511,SECURITY_HOLDING,GHS,37438.91,37438.91,SBL-SOV-017052,SEC.BOND.10Y,1206,2023-11-27,2033-10-05,2033-10-05,0.2399,FIXED,37438.91,BR-001,3,GHGGB4872477
SECURITY.POSITION/3006512,SECURITY_HOLDING,GHS,174991.47,174991.47,SBL-SOV-017052,SEC.BOND.10Y,1206,2021-01-11,2030-11-20,2030-11-20,0.2351,FIXED,174991.47,BR-001,3,GHGGB8962299
SECURITY.POSITION/3006513,SECURITY_HOLDING,GHS,86783.06,86783.06,SBL-SOV-017052,SEC.BOND.10Y,1206,2025-08-28,2035-07-07,2035-07-07,0.2346,FIXED,86783.06,BR-001,3,GHGGB2876655
SECURITY.POSITION/3006514,SECURITY_HOLDING,GHS,32581.50,32581.50,SBL-SOV-017052,SEC.BOND.10Y,1206,2018-08-04,2028-06-12,2028-06-12,0.241,FIXED,32581.50,BR-001,3,GHGGB5153731
SECURITY.POSITION/3006515,SECURITY_HOLDING,GHS,54302.46,54302.46,SBL-SOV-017052,SEC.BOND.10Y,1206,2019-07-20,2029-05-28,2029-05-28,0.2338,FIXED,54302.46,BR-001,3,GHGGB1718122
SECURITY.POSITION/3006516,SECURITY_HOLDING,GHS,112946.71,112946.71,SBL-SOV-017052,SEC.BOND.10Y,1206,2017-04-01,2027-02-08,2027-02-08,0.2386,FIXED,112946.71,BR-001,3,GHGGB8315720
SECURITY.POSITION/3006520,SECURITY_HOLDING,GHS,2895286.08,2895286.08,SBL-SOV-017052,SEC.TBILL.91,1201,2026-04-12,2026-07-11,2026-07-11,0.1575,FIXED,2895286.08,BR-001,2,GHGGB4289522
SECURITY.POSITION/3006521,SECURITY_HOLDING,GHS,4517630.92,4517630.92,SBL-SOV-017052,SEC.TBILL.91,1201,2026-04-20,2026-07-19,2026-07-19,0.1558,FIXED,4517630.92,BR-001,2,GHGGB2159709
SECURITY.POSITION/3006524,SECURITY_HOLDING,GHS,1604972.69,1604972.69,SBL-SOV-017052,SEC.TBILL.91,1201,2026-04-03,2026-07-02,2026-07-02,0.1588,FIXED,1604972.69,BR-001,2,GHGGB9543914
SECURITY.POSITION/3006530,SECURITY_HOLDING,GHS,2298259.54,2298259.54,SBL-SOV-017052,SEC.TBILL.182,1202,2026-01-27,2026-07-26,2026-07-26,0.1694,FIXED,2298259.54,BR-001,2,GHGGB4238772
SECURITY.POSITION/3006531,SECURITY_HOLDING,GHS,364052.63,364052.63,SBL-SOV-017052,SEC.TBILL.182,1202,2026-03-27,2026-09-23,2026-09-23,0.1722,FIXED,364052.63,BR-001,2,GHGGB4051010
SECURITY.POSITION/3006532,SECURITY_HOLDING,GHS,703932.71,703932.71,SBL-SOV-017052,SEC.TBILL.182,1202,2026-03-22,2026-09-18,2026-09-18,0.168,FIXED,703932.71,BR-001,2,GHGGB5428277
SECURITY.POSITION/3006533,SECURITY_HOLDING,GHS,2269194.77,2269194.77,SBL-SOV-017052,SEC.TBILL.182,1202,2026-03-12,2026-09-08,2026-09-08,0.1681,FIXED,2269194.77,BR-001,2,GHGGB7493241
SECURITY.POSITION/3006534,SECURITY_HOLDING,GHS,2981925.67,2981925.67,SBL-SOV-017052,SEC.TBILL.182,1202,2026-02-20,2026-08-19,2026-08-19,0.1714,FIXED,2981925.67,BR-001,2,GHGGB7810206
SECURITY.POSITION/3006535,SECURITY_HOLDING,GHS,753984.56,753984.56,SBL-SOV-017052,SEC.TBILL.182,1202,2026-03-31,2026-09-27,2026-09-27,0.1712,FIXED,753984.56,BR-001,2,GHGGB3976201
SECURITY.POSITION/3006536,SECURITY_HOLDING,GHS,2344367.29,2344367.29,SBL-SOV-017052,SEC.TBILL.182,1202,2026-01-18,2026-07-17,2026-07-17,0.1709,FIXED,2344367.29,BR-001,2,GHGGB6156868
SECURITY.POSITION/3006537,SECURITY_HOLDING,GHS,3361325.59,3361325.59,SBL-SOV-017052,SEC.TBILL.182,1202,2026-02-16,2026-08-15,2026-08-15,0.1757,FIXED,3361325.59,BR-001,2,GHGGB7452004
SECURITY.POSITION/3006538,SECURITY_HOLDING,GHS,2770607.07,2770607.07,SBL-SOV-017052,SEC.TBILL.182,1202,2026-01-09,2026-07-08,2026-07-08,0.1748,FIXED,2770607.07,BR-001,2,GHGGB7859417
SECURITY.POSITION/3006539,SECURITY_HOLDING,GHS,2682251.04,2682251.04,SBL-SOV-017052,SEC.TBILL.182,1202,2026-04-08,2026-10-05,2026-10-05,0.1756,FIXED,2682251.04,BR-001,2,GHGGB5751913
SECURITY.POSITION/3006540,SECURITY_HOLDING,GHS,5844201.67,5844201.67,SBL-SOV-017052,SEC.TBILL.182,1202,2026-02-27,2026-08-26,2026-08-26,0.1737,FIXED,5844201.67,BR-001,2,GHGGB1163785
SECURITY.POSITION/3006541,SECURITY_HOLDING,GHS,1651037.50,1651037.50,SBL-SOV-017052,SEC.TBILL.182,1202,2026-02-23,2026-08-22,2026-08-22,0.1757,FIXED,1651037.50,BR-001,2,GHGGB7840687
SECURITY.POSITION/3006542,SECURITY_HOLDING,GHS,1609697.29,1609697.29,SBL-SOV-017052,SEC.TBILL.364,1203,2025-07-18,2026-07-13,2026-07-13,0.1813,FIXED,1609697.29,BR-001,2,GHGGB2495644
SECURITY.POSITION/3006543,SECURITY_HOLDING,GHS,482618.50,482618.50,SBL-SOV-017052,SEC.TBILL.364,1203,2026-03-15,2027-03-10,2027-03-10,0.1893,FIXED,482618.50,BR-001,2,GHGGB4317237
SECURITY.POSITION/3006544,SECURITY_HOLDING,GHS,3793507.03,3793507.03,SBL-SOV-017052,SEC.TBILL.364,1203,2025-10-31,2026-10-26,2026-10-26,0.1825,FIXED,3793507.03,BR-001,2,GHGGB5125682
SECURITY.POSITION/3006545,SECURITY_HOLDING,GHS,3796102.61,3796102.61,SBL-SOV-017052,SEC.TBILL.364,1203,2026-04-29,2027-04-24,2027-04-24,0.1833,FIXED,3796102.61,BR-001,2,GHGGB2154784
SECURITY.POSITION/3006546,SECURITY_HOLDING,GHS,2475219.82,2475219.82,SBL-SOV-017052,SEC.TBILL.364,1203,2025-09-08,2026-09-03,2026-09-03,0.1859,FIXED,2475219.82,BR-001,2,GHGGB2846920
SECURITY.POSITION/3006547,SECURITY_HOLDING,GHS,706840.32,706840.32,SBL-SOV-017052,SEC.TBILL.364,1203,2026-01-21,2027-01-16,2027-01-16,0.19,FIXED,706840.32,BR-001,2,GHGGB6301776
SECURITY.POSITION/3006548,SECURITY_HOLDING,GHS,4206383.81,4206383.81,SBL-SOV-017052,SEC.TBILL.364,1203,2025-11-19,2026-11-14,2026-11-14,0.1863,FIXED,4206383.81,BR-001,2,GHGGB5162449
SECURITY.POSITION/3006549,SECURITY_HOLDING,GHS,286621.01,286621.01,SBL-SOV-017052,SEC.BOND.2Y,1204,2025-04-25,2027-04-15,2027-04-15,0.1954,FIXED,286621.01,BR-001,2,GHGGB3332284
SECURITY.POSITION/3006550,SECURITY_HOLDING,GHS,401949.95,401949.95,SBL-SOV-017052,SEC.BOND.2Y,1204,2024-08-16,2026-08-06,2026-08-06,0.1944,FIXED,401949.95,BR-001,2,GHGGB7726212
SECURITY.POSITION/3006551,SECURITY_HOLDING,GHS,458953.71,458953.71,SBL-SOV-017052,SEC.BOND.2Y,1204,2024-11-27,2026-11-17,2026-11-17,0.191,FIXED,458953.71,BR-001,2,GHGGB2760306
SECURITY.POSITION/3006552,SECURITY_HOLDING,GHS,185575.66,185575.66,SBL-SOV-017052,SEC.BOND.2Y,1204,2026-02-16,2028-02-06,2028-02-06,0.1943,FIXED,185575.66,BR-001,2,GHGGB3918287
SECURITY.POSITION/3006553,SECURITY_HOLDING,GHS,1114456.88,1114456.88,SBL-SOV-017052,SEC.BOND.2Y,1204,2025-04-15,2027-04-05,2027-04-05,0.1902,FIXED,1114456.88,BR-001,2,GHGGB6052074
SECURITY.POSITION/3006554,SECURITY_HOLDING,GHS,206169.43,206169.43,SBL-SOV-017052,SEC.BOND.2Y,1204,2025-08-05,2027-07-26,2027-07-26,0.1917,FIXED,206169.43,BR-001,2,GHGGB1953834
SECURITY.POSITION/3006555,SECURITY_HOLDING,GHS,253657.45,253657.45,SBL-SOV-017052,SEC.BOND.2Y,1204,2025-09-30,2027-09-20,2027-09-20,0.1991,FIXED,253657.45,BR-001,2,GHGGB6518963
SECURITY.POSITION/3006556,SECURITY_HOLDING,GHS,453727.68,453727.68,SBL-SOV-017052,SEC.BOND.2Y,1204,2025-06-06,2027-05-27,2027-05-27,0.1945,FIXED,453727.68,BR-001,2,GHGGB2828345
SECURITY.POSITION/3006557,SECURITY_HOLDING,GHS,287933.35,287933.35,SBL-SOV-017052,SEC.BOND.2Y,1204,2026-01-03,2027-12-24,2027-12-24,0.1966,FIXED,287933.35,BR-001,2,GHGGB6283766
SECURITY.POSITION/3006558,SECURITY_HOLDING,GHS,265081.69,265081.69,SBL-SOV-017052,SEC.BOND.2Y,1204,2024-08-12,2026-08-02,2026-08-02,0.1989,FIXED,265081.69,BR-001,2,GHGGB8099975
SECURITY.POSITION/3006559,SECURITY_HOLDING,GHS,315643.66,315643.66,SBL-SOV-017052,SEC.BOND.2Y,1204,2025-11-03,2027-10-24,2027-10-24,0.1991,FIXED,315643.66,BR-001,2,GHGGB5115183
SECURITY.POSITION/3006560,SECURITY_HOLDING,GHS,661199.86,661199.86,SBL-SOV-017052,SEC.BOND.5Y,1205,2022-04-09,2027-03-14,2027-03-14,0.2208,FIXED,661199.86,BR-001,2,GHGGB8550237
SECURITY.POSITION/3006561,SECURITY_HOLDING,GHS,571528.94,571528.94,SBL-SOV-017052,SEC.BOND.5Y,1205,2025-03-17,2030-02-19,2030-02-19,0.2208,FIXED,571528.94,BR-001,2,GHGGB1233549
SECURITY.POSITION/3006562,SECURITY_HOLDING,GHS,678999.74,678999.74,SBL-SOV-017052,SEC.BOND.5Y,1205,2022-10-29,2027-10-03,2027-10-03,0.2218,FIXED,678999.74,BR-001,2,GHGGB9727430
SECURITY.POSITION/3006563,SECURITY_HOLDING,GHS,214206.10,214206.10,SBL-SOV-017052,SEC.BOND.5Y,1205,2026-02-21,2031-01-26,2031-01-26,0.2223,FIXED,214206.10,BR-001,2,GHGGB3402163
SECURITY.POSITION/3006564,SECURITY_HOLDING,GHS,450905.68,450905.68,SBL-SOV-017052,SEC.BOND.5Y,1205,2022-06-09,2027-05-14,2027-05-14,0.2185,FIXED,450905.68,BR-001,2,GHGGB2083024
SECURITY.POSITION/3006565,SECURITY_HOLDING,GHS,95291.44,95291.44,SBL-SOV-017052,SEC.BOND.5Y,1205,2025-04-05,2030-03-10,2030-03-10,0.2188,FIXED,95291.44,BR-001,2,GHGGB4946921
SECURITY.POSITION/3006566,SECURITY_HOLDING,GHS,123280.63,123280.63,SBL-SOV-017052,SEC.BOND.5Y,1205,2021-08-02,2026-07-07,2026-07-07,0.2209,FIXED,123280.63,BR-001,2,GHGGB7996273
SECURITY.POSITION/3006567,SECURITY_HOLDING,GHS,301889.94,301889.94,SBL-SOV-017052,SEC.BOND.5Y,1205,2024-07-09,2029-06-13,2029-06-13,0.2202,FIXED,301889.94,BR-001,2,GHGGB3645937
SECURITY.POSITION/3006568,SECURITY_HOLDING,GHS,773559.36,773559.36,SBL-SOV-017052,SEC.BOND.5Y,1205,2022-03-15,2027-02-17,2027-02-17,0.2215,FIXED,773559.36,BR-001,2,GHGGB3081644
SECURITY.POSITION/3006569,SECURITY_HOLDING,GHS,237169.90,237169.90,SBL-SOV-017052,SEC.BOND.5Y,1205,2023-01-30,2028-01-04,2028-01-04,0.2154,FIXED,237169.90,BR-001,2,GHGGB7627799
SECURITY.POSITION/3006570,SECURITY_HOLDING,GHS,322727.08,322727.08,SBL-SOV-017052,SEC.BOND.5Y,1205,2024-10-11,2029-09-15,2029-09-15,0.2178,FIXED,322727.08,BR-001,2,GHGGB9342210
SECURITY.POSITION/3006571,SECURITY_HOLDING,GHS,262877.48,262877.48,SBL-SOV-017052,SEC.BOND.5Y,1205,2023-11-20,2028-10-24,2028-10-24,0.222,FIXED,262877.48,BR-001,2,GHGGB3296638
SECURITY.POSITION/3006572,SECURITY_HOLDING,GHS,400561.33,400561.33,SBL-SOV-017052,SEC.BOND.5Y,1205,2023-05-11,2028-04-14,2028-04-14,0.2173,FIXED,400561.33,BR-001,2,GHGGB1018955
SECURITY.POSITION/3006573,SECURITY_HOLDING,GHS,128783.77,128783.77,SBL-SOV-017052,SEC.BOND.10Y,1206,2023-07-17,2033-05-25,2033-05-25,0.2412,FIXED,128783.77,BR-001,2,GHGGB2726237
SECURITY.POSITION/3006574,SECURITY_HOLDING,GHS,67679.45,67679.45,SBL-SOV-017052,SEC.BOND.10Y,1206,2023-12-25,2033-11-02,2033-11-02,0.2419,FIXED,67679.45,BR-001,2,GHGGB6306372
SECURITY.POSITION/3006575,SECURITY_HOLDING,GHS,147823.99,147823.99,SBL-SOV-017052,SEC.BOND.10Y,1206,2021-11-20,2031-09-29,2031-09-29,0.2358,FIXED,147823.99,BR-001,2,GHGGB9793756
SECURITY.POSITION/3006576,SECURITY_HOLDING,GHS,179239.12,179239.12,SBL-SOV-017052,SEC.BOND.10Y,1206,2017-07-19,2027-05-28,2027-05-28,0.2407,FIXED,179239.12,BR-001,2,GHGGB2909869
SECURITY.POSITION/3006577,SECURITY_HOLDING,GHS,42762.20,42762.20,SBL-SOV-017052,SEC.BOND.10Y,1206,2021-03-12,2031-01-19,2031-01-19,0.2389,FIXED,42762.20,BR-001,2,GHGGB3938680
SECURITY.POSITION/3006578,SECURITY_HOLDING,GHS,246809.50,246809.50,SBL-SOV-017052,SEC.BOND.10Y,1206,2022-11-18,2032-09-26,2032-09-26,0.2378,FIXED,246809.50,BR-001,2,GHGGB2604228
SECURITY.POSITION/3006579,SECURITY_HOLDING,GHS,134483.56,134483.56,SBL-SOV-017052,SEC.BOND.10Y,1206,2019-03-22,2029-01-28,2029-01-28,0.2443,FIXED,134483.56,BR-001,2,GHGGB5888555
SECURITY.POSITION/3006581,SECURITY_HOLDING,GHS,138224.94,138224.94,SBL-SOV-017052,SEC.BOND.10Y,1206,2023-04-08,2033-02-14,2033-02-14,0.2348,FIXED,138224.94,BR-001,2,GHGGB2892870
SECURITY.POSITION/3006582,SECURITY_HOLDING,GHS,158676.44,158676.44,SBL-SOV-017052,SEC.BOND.10Y,1206,2017-04-21,2027-02-28,2027-02-28,0.2396,FIXED,158676.44,BR-001,2,GHGGB1919926
SECURITY.POSITION/3006583,SECURITY_HOLDING,GHS,163413.05,163413.05,SBL-SOV-017052,SEC.BOND.10Y,1206,2017-11-12,2027-09-21,2027-09-21,0.2369,FIXED,163413.05,BR-001,2,GHGGB3227150
SECURITY.POSITION/3006584,SECURITY_HOLDING,GHS,78894.04,78894.04,SBL-SOV-017052,SEC.BOND.10Y,1206,2019-10-19,2029-08-27,2029-08-27,0.2402,FIXED,78894.04,BR-001,2,GHGGB1362995
SECURITY.POSITION/3006585,SECURITY_HOLDING,GHS,9664280.84,9664280.84,SBL-SOV-017052,SEC.TBILL.91,1201,2026-04-16,2026-07-15,2026-07-15,0.1573,FIXED,9664280.84,BR-001,1,GHGGB2402797
SECURITY.POSITION/3006586,SECURITY_HOLDING,GHS,5652787.76,5652787.76,SBL-SOV-017052,SEC.TBILL.91,1201,2026-04-15,2026-07-14,2026-07-14,0.1622,FIXED,5652787.76,BR-001,1,GHGGB2460676
SECURITY.POSITION/3006587,SECURITY_HOLDING,GHS,6396037.88,6396037.88,SBL-SOV-017052,SEC.TBILL.91,1201,2026-04-22,2026-07-21,2026-07-21,0.158,FIXED,6396037.88,BR-001,1,GHGGB5868845
SECURITY.POSITION/3006588,SECURITY_HOLDING,GHS,6707899.75,6707899.75,SBL-SOV-017052,SEC.TBILL.91,1201,2026-05-20,2026-08-18,2026-08-18,0.163,FIXED,6707899.75,BR-001,1,GHGGB3571585
SECURITY.POSITION/3006589,SECURITY_HOLDING,GHS,17870827.94,17870827.94,SBL-SOV-017052,SEC.TBILL.91,1201,2026-04-17,2026-07-16,2026-07-16,0.1604,FIXED,17870827.94,BR-001,1,GHGGB6643817
SECURITY.POSITION/3006590,SECURITY_HOLDING,GHS,5727020.49,5727020.49,SBL-SOV-017052,SEC.TBILL.91,1201,2026-04-11,2026-07-10,2026-07-10,0.161,FIXED,5727020.49,BR-001,1,GHGGB6908225
SECURITY.POSITION/3006591,SECURITY_HOLDING,GHS,12397394.71,12397394.71,SBL-SOV-017052,SEC.TBILL.91,1201,2026-04-02,2026-07-01,2026-07-01,0.1569,FIXED,12397394.71,BR-001,1,GHGGB6745306
SECURITY.POSITION/3006592,SECURITY_HOLDING,GHS,8120770.93,8120770.93,SBL-SOV-017052,SEC.TBILL.91,1201,2026-04-28,2026-07-27,2026-07-27,0.1593,FIXED,8120770.93,BR-001,1,GHGGB3330689
SECURITY.POSITION/3006593,SECURITY_HOLDING,GHS,6712650.24,6712650.24,SBL-SOV-017052,SEC.TBILL.91,1201,2026-05-13,2026-08-11,2026-08-11,0.1595,FIXED,6712650.24,BR-001,1,GHGGB3420947
SECURITY.POSITION/3006594,SECURITY_HOLDING,GHS,15823699.35,15823699.35,SBL-SOV-017052,SEC.TBILL.91,1201,2026-04-12,2026-07-11,2026-07-11,0.1585,FIXED,15823699.35,BR-001,1,GHGGB9059617
SECURITY.POSITION/3006595,SECURITY_HOLDING,GHS,4785832.60,4785832.60,SBL-SOV-017052,SEC.TBILL.91,1201,2026-05-24,2026-08-22,2026-08-22,0.1599,FIXED,4785832.60,BR-001,1,GHGGB5513016
SECURITY.POSITION/3006596,SECURITY_HOLDING,GHS,12305497.79,12305497.79,SBL-SOV-017052,SEC.TBILL.91,1201,2026-04-02,2026-07-01,2026-07-01,0.1573,FIXED,12305497.79,BR-001,1,GHGGB6856156
SECURITY.POSITION/3006597,SECURITY_HOLDING,GHS,3397528.36,3397528.36,SBL-SOV-017052,SEC.TBILL.182,1202,2026-02-28,2026-08-27,2026-08-27,0.1762,FIXED,3397528.36,BR-001,1,GHGGB7418619
SECURITY.POSITION/3006598,SECURITY_HOLDING,GHS,4187060.72,4187060.72,SBL-SOV-017052,SEC.TBILL.182,1202,2026-05-06,2026-11-02,2026-11-02,0.1752,FIXED,4187060.72,BR-001,1,GHGGB2313676
SECURITY.POSITION/3006599,SECURITY_HOLDING,GHS,13728614.80,13728614.80,SBL-SOV-017052,SEC.TBILL.182,1202,2026-02-06,2026-08-05,2026-08-05,0.1738,FIXED,13728614.80,BR-001,1,GHGGB5959910
SECURITY.POSITION/3006600,SECURITY_HOLDING,GHS,3418744.93,3418744.93,SBL-SOV-017052,SEC.TBILL.182,1202,2026-03-07,2026-09-03,2026-09-03,0.1717,FIXED,3418744.93,BR-001,1,GHGGB4559116
SECURITY.POSITION/3006601,SECURITY_HOLDING,GHS,2159949.05,2159949.05,SBL-SOV-017052,SEC.TBILL.182,1202,2026-05-13,2026-11-09,2026-11-09,0.1745,FIXED,2159949.05,BR-001,1,GHGGB2140942
SECURITY.POSITION/3006602,SECURITY_HOLDING,GHS,4919838.85,4919838.85,SBL-SOV-017052,SEC.TBILL.182,1202,2026-05-12,2026-11-08,2026-11-08,0.1735,FIXED,4919838.85,BR-001,1,GHGGB9811803
SECURITY.POSITION/3006603,SECURITY_HOLDING,GHS,1251925.36,1251925.36,SBL-SOV-017052,SEC.TBILL.182,1202,2026-03-04,2026-08-31,2026-08-31,0.1796,FIXED,1251925.36,BR-001,1,GHGGB3004915
SECURITY.POSITION/3006604,SECURITY_HOLDING,GHS,2083939.11,2083939.11,SBL-SOV-017052,SEC.TBILL.182,1202,2026-04-28,2026-10-25,2026-10-25,0.1782,FIXED,2083939.11,BR-001,1,GHGGB9662452
SECURITY.POSITION/3006605,SECURITY_HOLDING,GHS,2453720.21,2453720.21,SBL-SOV-017052,SEC.TBILL.182,1202,2026-04-05,2026-10-02,2026-10-02,0.1791,FIXED,2453720.21,BR-001,1,GHGGB7095345
SECURITY.POSITION/3006606,SECURITY_HOLDING,GHS,6541318.19,6541318.19,SBL-SOV-017052,SEC.TBILL.182,1202,2026-03-21,2026-09-17,2026-09-17,0.1762,FIXED,6541318.19,BR-001,1,GHGGB1867687
SECURITY.POSITION/3006607,SECURITY_HOLDING,GHS,2580789.60,2580789.60,SBL-SOV-017052,SEC.TBILL.182,1202,2026-03-06,2026-09-02,2026-09-02,0.1767,FIXED,2580789.60,BR-001,1,GHGGB2600711
SECURITY.POSITION/3006608,SECURITY_HOLDING,GHS,5044705.90,5044705.90,SBL-SOV-017052,SEC.TBILL.182,1202,2026-02-06,2026-08-05,2026-08-05,0.179,FIXED,5044705.90,BR-001,1,GHGGB1626582
SECURITY.POSITION/3006609,SECURITY_HOLDING,GHS,6147176.80,6147176.80,SBL-SOV-017052,SEC.TBILL.364,1203,2025-10-26,2026-10-21,2026-10-21,0.1859,FIXED,6147176.80,BR-001,1,GHGGB6241403
SECURITY.POSITION/3006610,SECURITY_HOLDING,GHS,15217448.37,15217448.37,SBL-SOV-017052,SEC.TBILL.364,1203,2026-04-01,2027-03-27,2027-03-27,0.1894,FIXED,15217448.37,BR-001,1,GHGGB4186517
SECURITY.POSITION/3006611,SECURITY_HOLDING,GHS,3182726.09,3182726.09,SBL-SOV-017052,SEC.TBILL.364,1203,2025-12-05,2026-11-30,2026-11-30,0.1842,FIXED,3182726.09,BR-001,1,GHGGB3501534
SECURITY.POSITION/3006612,SECURITY_HOLDING,GHS,8969695.28,8969695.28,SBL-SOV-017052,SEC.TBILL.364,1203,2025-10-24,2026-10-19,2026-10-19,0.1838,FIXED,8969695.28,BR-001,1,GHGGB2859812
SECURITY.POSITION/3006613,SECURITY_HOLDING,GHS,6541754.01,6541754.01,SBL-SOV-017052,SEC.TBILL.364,1203,2025-08-06,2026-08-01,2026-08-01,0.1806,FIXED,6541754.01,BR-001,1,GHGGB8739763
SECURITY.POSITION/3006614,SECURITY_HOLDING,GHS,2890233.74,2890233.74,SBL-SOV-017052,SEC.TBILL.364,1203,2026-04-09,2027-04-04,2027-04-04,0.1874,FIXED,2890233.74,BR-001,1,GHGGB4798347
SECURITY.POSITION/3006616,SECURITY_HOLDING,GHS,1426901.42,1426901.42,SBL-SOV-017052,SEC.TBILL.364,1203,2025-09-13,2026-09-08,2026-09-08,0.1834,FIXED,1426901.42,BR-001,1,GHGGB9933364
SECURITY.POSITION/3006617,SECURITY_HOLDING,GHS,679113.31,679113.31,SBL-SOV-017052,SEC.BOND.2Y,1204,2024-11-11,2026-11-01,2026-11-01,0.2005,FIXED,679113.31,BR-001,1,GHGGB8785459
SECURITY.POSITION/3006618,SECURITY_HOLDING,GHS,602989.00,602989.00,SBL-SOV-017052,SEC.BOND.2Y,1204,2025-11-24,2027-11-14,2027-11-14,0.1969,FIXED,602989.00,BR-001,1,GHGGB5597128
SECURITY.POSITION/3006619,SECURITY_HOLDING,GHS,305545.50,305545.50,SBL-SOV-017052,SEC.BOND.2Y,1204,2025-09-30,2027-09-20,2027-09-20,0.1944,FIXED,305545.50,BR-001,1,GHGGB4908666
SECURITY.POSITION/3006620,SECURITY_HOLDING,GHS,849555.72,849555.72,SBL-SOV-017052,SEC.BOND.2Y,1204,2024-11-30,2026-11-20,2026-11-20,0.1931,FIXED,849555.72,BR-001,1,GHGGB2869926
SECURITY.POSITION/3006621,SECURITY_HOLDING,GHS,181211.98,181211.98,SBL-SOV-017052,SEC.BOND.2Y,1204,2024-08-02,2026-07-23,2026-07-23,0.1933,FIXED,181211.98,BR-001,1,GHGGB7602261
SECURITY.POSITION/3006622,SECURITY_HOLDING,GHS,219813.88,219813.88,SBL-SOV-017052,SEC.BOND.2Y,1204,2024-11-30,2026-11-20,2026-11-20,0.1969,FIXED,219813.88,BR-001,1,GHGGB2133190
SECURITY.POSITION/3006623,SECURITY_HOLDING,GHS,1092877.45,1092877.45,SBL-SOV-017052,SEC.BOND.2Y,1204,2025-08-30,2027-08-20,2027-08-20,0.1978,FIXED,1092877.45,BR-001,1,GHGGB8014629
SECURITY.POSITION/3006624,SECURITY_HOLDING,GHS,1934564.02,1934564.02,SBL-SOV-017052,SEC.BOND.2Y,1204,2026-04-15,2028-04-04,2028-04-04,0.1963,FIXED,1934564.02,BR-001,1,GHGGB5346342
SECURITY.POSITION/3006625,SECURITY_HOLDING,GHS,591057.16,591057.16,SBL-SOV-017052,SEC.BOND.2Y,1204,2026-04-27,2028-04-16,2028-04-16,0.1968,FIXED,591057.16,BR-001,1,GHGGB5542540
SECURITY.POSITION/3006626,SECURITY_HOLDING,GHS,371576.03,371576.03,SBL-SOV-017052,SEC.BOND.2Y,1204,2025-09-23,2027-09-13,2027-09-13,0.1926,FIXED,371576.03,BR-001,1,GHGGB2867477
SECURITY.POSITION/3006627,SECURITY_HOLDING,GHS,570696.43,570696.43,SBL-SOV-017052,SEC.BOND.2Y,1204,2024-09-24,2026-09-14,2026-09-14,0.1948,FIXED,570696.43,BR-001,1,GHGGB4753290
SECURITY.POSITION/3006628,SECURITY_HOLDING,GHS,772160.33,772160.33,SBL-SOV-017052,SEC.BOND.2Y,1204,2025-01-04,2026-12-25,2026-12-25,0.1979,FIXED,772160.33,BR-001,1,GHGGB6513017
SECURITY.POSITION/3006629,SECURITY_HOLDING,GHS,760441.34,760441.34,SBL-SOV-017052,SEC.BOND.5Y,1205,2022-01-05,2026-12-10,2026-12-10,0.2178,FIXED,760441.34,BR-001,1,GHGGB6692458
SECURITY.POSITION/3006630,SECURITY_HOLDING,GHS,96042.03,96042.03,SBL-SOV-017052,SEC.BOND.5Y,1205,2025-12-25,2030-11-29,2030-11-29,0.2273,FIXED,96042.03,BR-001,1,GHGGB9944539
SECURITY.POSITION/3006631,SECURITY_HOLDING,GHS,27886.42,27886.42,SBL-SOV-017052,SEC.BOND.5Y,1205,2022-09-25,2027-08-30,2027-08-30,0.2196,FIXED,27886.42,BR-001,1,GHGGB4124349
SECURITY.POSITION/3006632,SECURITY_HOLDING,GHS,1215404.64,1215404.64,SBL-SOV-017052,SEC.BOND.5Y,1205,2021-08-24,2026-07-29,2026-07-29,0.2231,FIXED,1215404.64,BR-001,1,GHGGB1603106
SECURITY.POSITION/3006633,SECURITY_HOLDING,GHS,416469.21,416469.21,SBL-SOV-017052,SEC.BOND.5Y,1205,2025-12-10,2030-11-14,2030-11-14,0.2262,FIXED,416469.21,BR-001,1,GHGGB7972543
SECURITY.POSITION/3006634,SECURITY_HOLDING,GHS,1859178.18,1859178.18,SBL-SOV-017052,SEC.BOND.5Y,1205,2023-11-21,2028-10-25,2028-10-25,0.2202,FIXED,1859178.18,BR-001,1,GHGGB3787009
SECURITY.POSITION/3006635,SECURITY_HOLDING,GHS,181794.37,181794.37,SBL-SOV-017052,SEC.BOND.5Y,1205,2024-04-07,2029-03-12,2029-03-12,0.2218,FIXED,181794.37,BR-001,1,GHGGB3078363
SECURITY.POSITION/3006636,SECURITY_HOLDING,GHS,147062.52,147062.52,SBL-SOV-017052,SEC.BOND.5Y,1205,2023-05-04,2028-04-07,2028-04-07,0.2164,FIXED,147062.52,BR-001,1,GHGGB9383268
SECURITY.POSITION/3006637,SECURITY_HOLDING,GHS,148105.21,148105.21,SBL-SOV-017052,SEC.BOND.5Y,1205,2022-08-02,2027-07-07,2027-07-07,0.2205,FIXED,148105.21,BR-001,1,GHGGB3878072
SECURITY.POSITION/3006638,SECURITY_HOLDING,GHS,190531.18,190531.18,SBL-SOV-017052,SEC.BOND.5Y,1205,2026-04-08,2031-03-13,2031-03-13,0.2192,FIXED,190531.18,BR-001,1,GHGGB9797924
SECURITY.POSITION/3006639,SECURITY_HOLDING,GHS,505016.98,505016.98,SBL-SOV-017052,SEC.BOND.5Y,1205,2026-05-28,2031-05-02,2031-05-02,0.2221,FIXED,505016.98,BR-001,1,GHGGB1011238
SECURITY.POSITION/3006640,SECURITY_HOLDING,GHS,539610.57,539610.57,SBL-SOV-017052,SEC.BOND.5Y,1205,2023-02-21,2028-01-26,2028-01-26,0.2218,FIXED,539610.57,BR-001,1,GHGGB8126822
SECURITY.POSITION/3006641,SECURITY_HOLDING,GHS,443343.82,443343.82,SBL-SOV-017052,SEC.BOND.5Y,1205,2021-10-21,2026-09-25,2026-09-25,0.2203,FIXED,443343.82,BR-001,1,GHGGB2492383
SECURITY.POSITION/3006642,SECURITY_HOLDING,GHS,355891.35,355891.35,SBL-SOV-017052,SEC.BOND.10Y,1206,2023-07-03,2033-05-11,2033-05-11,0.2489,FIXED,355891.35,BR-001,1,GHGGB7125579
SECURITY.POSITION/3006643,SECURITY_HOLDING,GHS,127811.44,127811.44,SBL-SOV-017052,SEC.BOND.10Y,1206,2022-05-09,2032-03-17,2032-03-17,0.2466,FIXED,127811.44,BR-001,1,GHGGB4252705
SECURITY.POSITION/3006644,SECURITY_HOLDING,GHS,128829.98,128829.98,SBL-SOV-017052,SEC.BOND.10Y,1206,2019-11-02,2029-09-10,2029-09-10,0.2451,FIXED,128829.98,BR-001,1,GHGGB1008257
SECURITY.POSITION/3006645,SECURITY_HOLDING,GHS,251888.49,251888.49,SBL-SOV-017052,SEC.BOND.10Y,1206,2019-03-31,2029-02-06,2029-02-06,0.2459,FIXED,251888.49,BR-001,1,GHGGB3282487
SECURITY.POSITION/3006646,SECURITY_HOLDING,GHS,413003.90,413003.90,SBL-SOV-017052,SEC.BOND.10Y,1206,2019-05-05,2029-03-13,2029-03-13,0.2452,FIXED,413003.90,BR-001,1,GHGGB4592027
SECURITY.POSITION/3006647,SECURITY_HOLDING,GHS,93856.04,93856.04,SBL-SOV-017052,SEC.BOND.10Y,1206,2016-11-23,2026-10-02,2026-10-02,0.2479,FIXED,93856.04,BR-001,1,GHGGB2301379
SECURITY.POSITION/3006648,SECURITY_HOLDING,GHS,84355.98,84355.98,SBL-SOV-017052,SEC.BOND.10Y,1206,2020-07-10,2030-05-19,2030-05-19,0.2422,FIXED,84355.98,BR-001,1,GHGGB4965075
SECURITY.POSITION/3006649,SECURITY_HOLDING,GHS,685314.56,685314.56,SBL-SOV-017052,SEC.BOND.10Y,1206,2025-09-27,2035-08-06,2035-08-06,0.2443,FIXED,685314.56,BR-001,1,GHGGB7050719
SECURITY.POSITION/3006650,SECURITY_HOLDING,GHS,141219.81,141219.81,SBL-SOV-017052,SEC.BOND.10Y,1206,2017-07-07,2027-05-16,2027-05-16,0.2435,FIXED,141219.81,BR-001,1,GHGGB1876266
SECURITY.POSITION/3006651,SECURITY_HOLDING,GHS,58690.39,58690.39,SBL-SOV-017052,SEC.BOND.10Y,1206,2016-10-18,2026-08-27,2026-08-27,0.2479,FIXED,58690.39,BR-001,1,GHGGB7113531
SECURITY.POSITION/3006652,SECURITY_HOLDING,GHS,3746283.77,3746283.77,SBL-SOV-017052,SEC.TBILL.91,1201,2026-05-27,2026-08-25,2026-08-25,0.1552,FIXED,3746283.77,BR-001,0,GHGGB2552638
SECURITY.POSITION/3006653,SECURITY_HOLDING,GHS,9002638.00,9002638.00,SBL-SOV-017052,SEC.TBILL.91,1201,2026-05-04,2026-08-02,2026-08-02,0.1564,FIXED,9002638.00,BR-001,0,GHGGB7242652
SECURITY.POSITION/3006654,SECURITY_HOLDING,GHS,9884616.89,9884616.89,SBL-SOV-017052,SEC.TBILL.91,1201,2026-06-25,2026-09-23,2026-09-23,0.1498,FIXED,9884616.89,BR-001,0,GHGGB5886147
SECURITY.POSITION/3006655,SECURITY_HOLDING,GHS,4408836.69,4408836.69,SBL-SOV-017052,SEC.TBILL.91,1201,2026-05-17,2026-08-15,2026-08-15,0.1547,FIXED,4408836.69,BR-001,0,GHGGB1019119
SECURITY.POSITION/3006656,SECURITY_HOLDING,GHS,2115453.58,2115453.58,SBL-SOV-017052,SEC.TBILL.91,1201,2026-04-30,2026-07-29,2026-07-29,0.1531,FIXED,2115453.58,BR-001,0,GHGGB4039975
SECURITY.POSITION/3006657,SECURITY_HOLDING,GHS,10086973.82,10086973.82,SBL-SOV-017052,SEC.TBILL.91,1201,2026-04-23,2026-07-22,2026-07-22,0.1593,FIXED,10086973.82,BR-001,0,GHGGB9941667
SECURITY.POSITION/3006658,SECURITY_HOLDING,GHS,3963102.68,3963102.68,SBL-SOV-017052,SEC.TBILL.91,1201,2026-05-22,2026-08-20,2026-08-20,0.1507,FIXED,3963102.68,BR-001,0,GHGGB7052913
SECURITY.POSITION/3006659,SECURITY_HOLDING,GHS,7606208.94,7606208.94,SBL-SOV-017052,SEC.TBILL.91,1201,2026-05-20,2026-08-18,2026-08-18,0.1532,FIXED,7606208.94,BR-001,0,GHGGB4537875
SECURITY.POSITION/3006660,SECURITY_HOLDING,GHS,4699969.30,4699969.30,SBL-SOV-017052,SEC.TBILL.182,1202,2026-04-02,2026-09-29,2026-09-29,0.1744,FIXED,4699969.30,BR-001,0,GHGGB5493709
SECURITY.POSITION/3006661,SECURITY_HOLDING,GHS,4745096.71,4745096.71,SBL-SOV-017052,SEC.TBILL.182,1202,2026-05-13,2026-11-09,2026-11-09,0.1755,FIXED,4745096.71,BR-001,0,GHGGB1696320
SECURITY.POSITION/3006662,SECURITY_HOLDING,GHS,3159694.70,3159694.70,SBL-SOV-017052,SEC.TBILL.182,1202,2026-04-20,2026-10-17,2026-10-17,0.1648,FIXED,3159694.70,BR-001,0,GHGGB1652950
SECURITY.POSITION/3006663,SECURITY_HOLDING,GHS,4893599.80,4893599.80,SBL-SOV-017052,SEC.TBILL.182,1202,2026-04-16,2026-10-13,2026-10-13,0.1734,FIXED,4893599.80,BR-001,0,GHGGB2951873
SECURITY.POSITION/3006664,SECURITY_HOLDING,GHS,2736701.92,2736701.92,SBL-SOV-017052,SEC.TBILL.182,1202,2026-02-27,2026-08-26,2026-08-26,0.1746,FIXED,2736701.92,BR-001,0,GHGGB5825617
SECURITY.POSITION/3006665,SECURITY_HOLDING,GHS,4558338.65,4558338.65,SBL-SOV-017052,SEC.TBILL.182,1202,2026-02-06,2026-08-05,2026-08-05,0.1704,FIXED,4558338.65,BR-001,0,GHGGB1799907
SECURITY.POSITION/3006666,SECURITY_HOLDING,GHS,2418342.41,2418342.41,SBL-SOV-017052,SEC.TBILL.182,1202,2026-05-09,2026-11-05,2026-11-05,0.1703,FIXED,2418342.41,BR-001,0,GHGGB8715297
SECURITY.POSITION/3006667,SECURITY_HOLDING,GHS,3051912.74,3051912.74,SBL-SOV-017052,SEC.TBILL.182,1202,2026-04-15,2026-10-12,2026-10-12,0.1725,FIXED,3051912.74,BR-001,0,GHGGB1425711
SECURITY.POSITION/3006668,SECURITY_HOLDING,GHS,2296071.99,2296071.99,SBL-SOV-017052,SEC.TBILL.364,1203,2026-03-25,2027-03-20,2027-03-20,0.1849,FIXED,2296071.99,BR-001,0,GHGGB6436873
SECURITY.POSITION/3006669,SECURITY_HOLDING,GHS,1741324.14,1741324.14,SBL-SOV-017052,SEC.TBILL.364,1203,2025-09-20,2026-09-15,2026-09-15,0.1865,FIXED,1741324.14,BR-001,0,GHGGB4572944
SECURITY.POSITION/3006670,SECURITY_HOLDING,GHS,1101036.16,1101036.16,SBL-SOV-017052,SEC.TBILL.364,1203,2026-05-15,2027-05-10,2027-05-10,0.1838,FIXED,1101036.16,BR-001,0,GHGGB7322724
SECURITY.POSITION/3006672,SECURITY_HOLDING,GHS,2294500.62,2294500.62,SBL-SOV-017052,SEC.TBILL.364,1203,2025-12-15,2026-12-10,2026-12-10,0.1834,FIXED,2294500.62,BR-001,0,GHGGB3679821
SECURITY.POSITION/3006673,SECURITY_HOLDING,GHS,3458083.60,3458083.60,SBL-SOV-017052,SEC.TBILL.364,1203,2025-10-16,2026-10-11,2026-10-11,0.1822,FIXED,3458083.60,BR-001,0,GHGGB5866343
SECURITY.POSITION/3006674,SECURITY_HOLDING,GHS,842658.72,842658.72,SBL-SOV-017052,SEC.TBILL.364,1203,2025-11-19,2026-11-14,2026-11-14,0.1818,FIXED,842658.72,BR-001,0,GHGGB2591220
SECURITY.POSITION/3006675,SECURITY_HOLDING,GHS,462866.34,462866.34,SBL-SOV-017052,SEC.TBILL.364,1203,2026-04-26,2027-04-21,2027-04-21,0.1821,FIXED,462866.34,BR-001,0,GHGGB3431517
SECURITY.POSITION/3006676,SECURITY_HOLDING,GHS,2434222.75,2434222.75,SBL-SOV-017052,SEC.TBILL.364,1203,2025-09-12,2026-09-07,2026-09-07,0.1824,FIXED,2434222.75,BR-001,0,GHGGB6585905
SECURITY.POSITION/3006677,SECURITY_HOLDING,GHS,2616669.17,2616669.17,SBL-SOV-017052,SEC.BOND.2Y,1204,2024-09-30,2026-09-20,2026-09-20,0.1934,FIXED,2616669.17,BR-001,0,GHGGB6049471
SECURITY.POSITION/3006678,SECURITY_HOLDING,GHS,1464696.80,1464696.80,SBL-SOV-017052,SEC.BOND.2Y,1204,2026-02-07,2028-01-28,2028-01-28,0.1906,FIXED,1464696.80,BR-001,0,GHGGB5674135
SECURITY.POSITION/3006679,SECURITY_HOLDING,GHS,3299165.71,3299165.71,SBL-SOV-017052,SEC.BOND.2Y,1204,2024-11-09,2026-10-30,2026-10-30,0.1914,FIXED,3299165.71,BR-001,0,GHGGB9351576
SECURITY.POSITION/3006680,SECURITY_HOLDING,GHS,4735814.88,4735814.88,SBL-SOV-017052,SEC.BOND.2Y,1204,2025-10-29,2027-10-19,2027-10-19,0.1932,FIXED,4735814.88,BR-001,0,GHGGB5322112
SECURITY.POSITION/3006681,SECURITY_HOLDING,GHS,195502.07,195502.07,SBL-SOV-017052,SEC.BOND.2Y,1204,2025-07-07,2027-06-27,2027-06-27,0.1928,FIXED,195502.07,BR-001,0,GHGGB7136698
SECURITY.POSITION/3006682,SECURITY_HOLDING,GHS,2389587.33,2389587.33,SBL-SOV-017052,SEC.BOND.2Y,1204,2025-12-16,2027-12-06,2027-12-06,0.1911,FIXED,2389587.33,BR-001,0,GHGGB6832467
SECURITY.POSITION/3006683,SECURITY_HOLDING,GHS,252376.39,252376.39,SBL-SOV-017052,SEC.BOND.5Y,1205,2026-01-22,2030-12-27,2030-12-27,0.2169,FIXED,252376.39,BR-001,0,GHGGB8441468
SECURITY.POSITION/3006684,SECURITY_HOLDING,GHS,317725.08,317725.08,SBL-SOV-017052,SEC.BOND.5Y,1205,2022-04-21,2027-03-26,2027-03-26,0.2206,FIXED,317725.08,BR-001,0,GHGGB5750710
SECURITY.POSITION/3006685,SECURITY_HOLDING,GHS,186388.13,186388.13,SBL-SOV-017052,SEC.BOND.5Y,1205,2024-02-18,2029-01-22,2029-01-22,0.2195,FIXED,186388.13,BR-001,0,GHGGB3245457
SECURITY.POSITION/3006686,SECURITY_HOLDING,GHS,233916.75,233916.75,SBL-SOV-017052,SEC.BOND.5Y,1205,2022-01-21,2026-12-26,2026-12-26,0.219,FIXED,233916.75,BR-001,0,GHGGB9265327
SECURITY.POSITION/3006687,SECURITY_HOLDING,GHS,687997.37,687997.37,SBL-SOV-017052,SEC.BOND.5Y,1205,2023-07-14,2028-06-17,2028-06-17,0.2188,FIXED,687997.37,BR-001,0,GHGGB2871345
SECURITY.POSITION/3006688,SECURITY_HOLDING,GHS,44512.96,44512.96,SBL-SOV-017052,SEC.BOND.5Y,1205,2023-10-29,2028-10-02,2028-10-02,0.2196,FIXED,44512.96,BR-001,0,GHGGB4069215
SECURITY.POSITION/3006689,SECURITY_HOLDING,GHS,172956.60,172956.60,SBL-SOV-017052,SEC.BOND.5Y,1205,2021-11-25,2026-10-30,2026-10-30,0.223,FIXED,172956.60,BR-001,0,GHGGB1391587
SECURITY.POSITION/3006690,SECURITY_HOLDING,GHS,779330.82,779330.82,SBL-SOV-017052,SEC.BOND.5Y,1205,2023-10-17,2028-09-20,2028-09-20,0.2187,FIXED,779330.82,BR-001,0,GHGGB6044066
SECURITY.POSITION/3006691,SECURITY_HOLDING,GHS,467205.25,467205.25,SBL-SOV-017052,SEC.BOND.5Y,1205,2022-09-01,2027-08-06,2027-08-06,0.2199,FIXED,467205.25,BR-001,0,GHGGB6374785
SECURITY.POSITION/3006692,SECURITY_HOLDING,GHS,150644.37,150644.37,SBL-SOV-017052,SEC.BOND.5Y,1205,2025-11-13,2030-10-18,2030-10-18,0.2164,FIXED,150644.37,BR-001,0,GHGGB6836974
SECURITY.POSITION/3006693,SECURITY_HOLDING,GHS,150273.37,150273.37,SBL-SOV-017052,SEC.BOND.5Y,1205,2023-08-17,2028-07-21,2028-07-21,0.2198,FIXED,150273.37,BR-001,0,GHGGB8527931
SECURITY.POSITION/3006694,SECURITY_HOLDING,GHS,57312.03,57312.03,SBL-SOV-017052,SEC.BOND.10Y,1206,2022-07-24,2032-06-01,2032-06-01,0.2316,FIXED,57312.03,BR-001,0,GHGGB4109610
SECURITY.POSITION/3006695,SECURITY_HOLDING,GHS,245808.93,245808.93,SBL-SOV-017052,SEC.BOND.10Y,1206,2022-11-15,2032-09-23,2032-09-23,0.2342,FIXED,245808.93,BR-001,0,GHGGB8691775
SECURITY.POSITION/3006696,SECURITY_HOLDING,GHS,327794.24,327794.24,SBL-SOV-017052,SEC.BOND.10Y,1206,2025-01-03,2034-11-12,2034-11-12,0.2383,FIXED,327794.24,BR-001,0,GHGGB2085141
SECURITY.POSITION/3006697,SECURITY_HOLDING,GHS,199942.94,199942.94,SBL-SOV-017052,SEC.BOND.10Y,1206,2022-06-02,2032-04-10,2032-04-10,0.2369,FIXED,199942.94,BR-001,0,GHGGB3405782
SECURITY.POSITION/3006698,SECURITY_HOLDING,GHS,563603.01,563603.01,SBL-SOV-017052,SEC.BOND.10Y,1206,2018-03-15,2028-01-22,2028-01-22,0.2375,FIXED,563603.01,BR-001,0,GHGGB3065139
SECURITY.POSITION/3006699,SECURITY_HOLDING,GHS,280201.17,280201.17,SBL-SOV-017052,SEC.BOND.10Y,1206,2022-08-11,2032-06-19,2032-06-19,0.2328,FIXED,280201.17,BR-001,0,GHGGB1512553
SECURITY.POSITION/3006700,SECURITY_HOLDING,GHS,686136.61,686136.61,SBL-SOV-017052,SEC.BOND.10Y,1206,2022-10-06,2032-08-14,2032-08-14,0.2388,FIXED,686136.61,BR-001,0,GHGGB5486823
SECURITY.POSITION/3006701,SECURITY_HOLDING,GHS,43774.51,43774.51,SBL-SOV-017052,SEC.BOND.10Y,1206,2025-01-25,2034-12-04,2034-12-04,0.233,FIXED,43774.51,BR-001,0,GHGGB4443618
SECURITY.POSITION/3006702,SECURITY_HOLDING,GHS,136599.93,136599.93,SBL-SOV-017052,SEC.BOND.10Y,1206,2019-06-24,2029-05-02,2029-05-02,0.2398,FIXED,136599.93,BR-001,0,GHGGB6627675
