# Sample Bank EOD ladder — liquid-asset book (SECURITY_HOLDING + INTERBANK_PLACEMENT, API_PUSH source) as at close of business 2026-06-26 (Friday); push with as_of_date=2026-06-26. One rung of the daily position ladder BSD1 reads; the deposit and loan sub-ledgers are not in this file.
source_reference,position_type,currency,balance,notional,counterparty_reference,product_code,gl_account_code,origination_date,contractual_maturity,next_repricing_date,interest_rate,rate_type,attributes.balance_ghs,attributes.branch_id,attributes.months_on_book,attributes.isin
MM.MONEY.MARKET/4006471,INTERBANK_PLACEMENT,GHS,1468983.31,1468983.31,SBL-BANK-017042,IB.PLACE.GHS,1101,2026-06-03,2026-07-20,2026-07-20,0.1365,FIXED,1468983.31,BR-001,0,
MM.MONEY.MARKET/4006472,INTERBANK_PLACEMENT,GHS,4552613.23,4552613.23,SBL-BANK-017050,IB.PLACE.GHS,1101,2026-06-25,2026-07-01,2026-07-01,0.1387,FIXED,4552613.23,BR-001,0,
MM.MONEY.MARKET/4006473,INTERBANK_PLACEMENT,GHS,313227.69,313227.69,SBL-BANK-017042,IB.PLACE.GHS,1101,2026-06-16,2026-09-06,2026-09-06,0.1432,FIXED,313227.69,BR-001,0,
MM.MONEY.MARKET/4006474,INTERBANK_PLACEMENT,GHS,6688988.90,6688988.90,SBL-BANK-017043,IB.PLACE.GHS,1101,2026-06-14,2026-08-25,2026-08-25,0.1384,FIXED,6688988.90,BR-001,0,
MM.MONEY.MARKET/4006475,INTERBANK_PLACEMENT,GHS,1207483.06,1207483.06,SBL-BANK-017047,IB.PLACE.GHS,1101,2026-05-18,2026-07-16,2026-07-16,0.1406,FIXED,1207483.06,BR-001,0,
MM.MONEY.MARKET/4006476,INTERBANK_PLACEMENT,GHS,566819.80,566819.80,SBL-BANK-017049,IB.PLACE.GHS,1101,2026-05-20,2026-07-16,2026-07-16,0.1413,FIXED,566819.80,BR-001,0,
MM.MONEY.MARKET/4006477,INTERBANK_PLACEMENT,GHS,8144510.83,8144510.83,SBL-BANK-017041,IB.PLACE.GHS,1101,2026-06-26,2026-06-30,2026-06-30,0.1396,FIXED,8144510.83,BR-001,0,
MM.MONEY.MARKET/4006480,INTERBANK_PLACEMENT,GHS,1452516.92,1452516.92,SBL-BANK-017049,IB.PLACE.GHS,1101,2026-06-05,2026-07-18,2026-07-18,0.1446,FIXED,1452516.92,BR-001,0,
MM.MONEY.MARKET/4006481,INTERBANK_PLACEMENT,GHS,217272.52,217272.52,SBL-BANK-017047,IB.PLACE.GHS,1101,2026-05-01,2026-07-01,2026-07-01,0.1424,FIXED,217272.52,BR-001,0,
MM.MONEY.MARKET/4006482,INTERBANK_PLACEMENT,GHS,481433.11,481433.11,SBL-BANK-017043,IB.PLACE.GHS,1101,2026-06-16,2026-08-04,2026-08-04,0.1427,FIXED,481433.11,BR-001,0,
MM.MONEY.MARKET/4006483,INTERBANK_PLACEMENT,GHS,2416266.47,2416266.47,SBL-BANK-017043,IB.PLACE.GHS,1101,2026-06-03,2026-08-08,2026-08-08,0.1427,FIXED,2416266.47,BR-001,0,
MM.MONEY.MARKET/4006484,INTERBANK_PLACEMENT,GHS,698440.02,698440.02,SBL-BANK-017043,IB.PLACE.GHS,1101,2026-06-06,2026-07-03,2026-07-03,0.1415,FIXED,698440.02,BR-001,0,
MM.MONEY.MARKET/4006485,INTERBANK_PLACEMENT,GHS,4677073.03,4677073.03,SBL-BANK-017050,IB.PLACE.GHS,1101,2026-05-20,2026-07-29,2026-07-29,0.1429,FIXED,4677073.03,BR-001,0,
MM.MONEY.MARKET/4006486,INTERBANK_PLACEMENT,GHS,365182.31,365182.31,SBL-BANK-017045,IB.PLACE.GHS,1101,2026-06-04,2026-07-01,2026-07-01,0.1428,FIXED,365182.31,BR-001,0,
MM.MONEY.MARKET/4006487,INTERBANK_PLACEMENT,GHS,8539709.54,8539709.54,SBL-BANK-017042,IB.PLACE.GHS,1101,2026-06-06,2026-08-26,2026-08-26,0.1401,FIXED,8539709.54,BR-001,0,
MM.MONEY.MARKET/4006488,INTERBANK_PLACEMENT,GHS,372171.29,372171.29,SBL-BANK-017051,IB.PLACE.GHS,1101,2026-05-17,2026-08-10,2026-08-10,0.1411,FIXED,372171.29,BR-001,0,
MM.MONEY.MARKET/4006490,INTERBANK_PLACEMENT,USD,412760.19,412760.19,SBL-BANK-017050,IB.PLACE.USD,1102,2026-05-28,2026-07-17,2026-07-17,0.0508,FIXED,5341118.58,BR-001,0,
MM.MONEY.MARKET/4006491,INTERBANK_PLACEMENT,USD,641219.40,641219.40,SBL-BANK-017044,IB.PLACE.USD,1102,2026-06-02,2026-08-21,2026-08-21,0.0522,FIXED,8297381.72,BR-001,0,
MM.MONEY.MARKET/4006493,INTERBANK_PLACEMENT,USD,456923.09,456923.09,SBL-BANK-017049,IB.PLACE.USD,1102,2026-05-30,2026-07-08,2026-07-08,0.0526,FIXED,5912586.69,BR-001,0,
MM.MONEY.MARKET/4006494,INTERBANK_PLACEMENT,USD,249800.82,249800.82,SBL-BANK-017047,IB.PLACE.USD,1102,2026-05-14,2026-07-20,2026-07-20,0.0543,FIXED,3232423.65,BR-001,0,
MM.MONEY.MARKET/4006495,INTERBANK_PLACEMENT,USD,146012.69,146012.69,SBL-BANK-017051,IB.PLACE.USD,1102,2026-05-11,2026-07-23,2026-07-23,0.0546,FIXED,1889404.82,BR-001,0,
MM.MONEY.MARKET/4006496,INTERBANK_PLACEMENT,USD,453188.36,453188.36,SBL-BANK-017045,IB.PLACE.USD,1102,2026-05-03,2026-07-19,2026-07-19,0.056,FIXED,5864259.27,BR-001,0,
MM.MONEY.MARKET/4006498,INTERBANK_PLACEMENT,USD,67528.81,67528.81,SBL-BANK-017042,IB.PLACE.USD,1102,2026-06-05,2026-08-02,2026-08-02,0.0515,FIXED,873823.08,BR-001,0,
MM.MONEY.MARKET/4006499,INTERBANK_PLACEMENT,USD,901429.41,901429.41,SBL-BANK-017041,IB.PLACE.USD,1102,2026-06-13,2026-07-06,2026-07-06,0.0511,FIXED,11664500.33,BR-001,0,
MM.MONEY.MARKET/4006500,INTERBANK_PLACEMENT,USD,613341.00,613341.00,SBL-BANK-017049,IB.PLACE.USD,1102,2026-06-03,2026-07-24,2026-07-24,0.0527,FIXED,7936635.10,BR-001,0,
MM.MONEY.MARKET/4006501,INTERBANK_PLACEMENT,USD,196495.86,196495.86,SBL-BANK-017049,IB.PLACE.USD,1102,2026-06-26,2026-07-17,2026-07-17,0.0525,FIXED,2542657.25,BR-001,0,
SECURITY.POSITION/3000420,SECURITY_HOLDING,GHS,47540.36,47540.36,SBL-SOV-017052,SEC.BOND.10Y,1206,2016-11-13,2026-09-22,2026-09-22,0.2419,FIXED,47540.36,BR-001,112,GHGGB5249229
SECURITY.POSITION/3000612,SECURITY_HOLDING,GHS,415.63,415.63,SBL-SOV-017052,SEC.BOND.10Y,1206,2017-06-14,2027-04-23,2027-04-23,0.2361,FIXED,415.63,BR-001,108,GHGGB8250024
SECURITY.POSITION/3000618,SECURITY_HOLDING,GHS,467.29,467.29,SBL-SOV-017052,SEC.BOND.10Y,1206,2017-01-08,2026-11-17,2026-11-17,0.2311,FIXED,467.29,BR-001,108,GHGGB2196990
SECURITY.POSITION/3000673,SECURITY_HOLDING,GHS,139581.62,139581.62,SBL-SOV-017052,SEC.BOND.10Y,1206,2017-05-16,2027-03-25,2027-03-25,0.2378,FIXED,139581.62,BR-001,107,GHGGB8062535
SECURITY.POSITION/3000833,SECURITY_HOLDING,GHS,54863.25,54863.25,SBL-SOV-017052,SEC.BOND.10Y,1206,2017-03-21,2027-01-28,2027-01-28,0.2384,FIXED,54863.25,BR-001,104,GHGGB3639830
SECURITY.POSITION/3000836,SECURITY_HOLDING,GHS,70912.62,70912.62,SBL-SOV-017052,SEC.BOND.10Y,1206,2017-01-03,2026-11-12,2026-11-12,0.2374,FIXED,70912.62,BR-001,104,GHGGB4288520
SECURITY.POSITION/3000841,SECURITY_HOLDING,GHS,142589.90,142589.90,SBL-SOV-017052,SEC.BOND.10Y,1206,2016-09-08,2026-07-18,2026-07-18,0.238,FIXED,142589.90,BR-001,104,GHGGB9351939
SECURITY.POSITION/3000890,SECURITY_HOLDING,GHS,135238.54,135238.54,SBL-SOV-017052,SEC.BOND.10Y,1206,2016-10-27,2026-09-05,2026-09-05,0.2466,FIXED,135238.54,BR-001,103,GHGGB7073739
SECURITY.POSITION/3000942,SECURITY_HOLDING,GHS,45706.07,45706.07,SBL-SOV-017052,SEC.BOND.10Y,1206,2017-02-08,2026-12-18,2026-12-18,0.2434,FIXED,45706.07,BR-001,102,GHGGB4318998
SECURITY.POSITION/3001000,SECURITY_HOLDING,GHS,76793.15,76793.15,SBL-SOV-017052,SEC.BOND.10Y,1206,2017-09-03,2027-07-13,2027-07-13,0.2335,FIXED,76793.15,BR-001,101,GHGGB1992875
SECURITY.POSITION/3001003,SECURITY_HOLDING,GHS,111786.31,111786.31,SBL-SOV-017052,SEC.BOND.10Y,1206,2017-01-11,2026-11-20,2026-11-20,0.2274,FIXED,111786.31,BR-001,101,GHGGB2279266
SECURITY.POSITION/3001007,SECURITY_HOLDING,GHS,11708.86,11708.86,SBL-SOV-017052,SEC.BOND.10Y,1206,2017-02-06,2026-12-16,2026-12-16,0.2283,FIXED,11708.86,BR-001,101,GHGGB8437911
SECURITY.POSITION/3001196,SECURITY_HOLDING,GHS,18253.99,18253.99,SBL-SOV-017052,SEC.BOND.10Y,1206,2017-11-28,2027-10-07,2027-10-07,0.2318,FIXED,18253.99,BR-001,97,GHGGB3590864
SECURITY.POSITION/3001312,SECURITY_HOLDING,GHS,151989.61,151989.61,SBL-SOV-017052,SEC.BOND.10Y,1206,2018-05-28,2028-04-05,2028-04-05,0.226,FIXED,151989.61,BR-001,95,GHGGB7088538
SECURITY.POSITION/3001315,SECURITY_HOLDING,GHS,94009.68,94009.68,SBL-SOV-017052,SEC.BOND.10Y,1206,2017-07-31,2027-06-09,2027-06-09,0.2275,FIXED,94009.68,BR-001,95,GHGGB7145780
SECURITY.POSITION/3001317,SECURITY_HOLDING,GHS,44987.74,44987.74,SBL-SOV-017052,SEC.BOND.10Y,1206,2017-02-20,2026-12-30,2026-12-30,0.232,FIXED,44987.74,BR-001,95,GHGGB1719998
SECURITY.POSITION/3001424,SECURITY_HOLDING,GHS,155969.33,155969.33,SBL-SOV-017052,SEC.BOND.10Y,1206,2018-03-13,2028-01-20,2028-01-20,0.2257,FIXED,155969.33,BR-001,93,GHGGB2562504
SECURITY.POSITION/3001426,SECURITY_HOLDING,GHS,18524.50,18524.50,SBL-SOV-017052,SEC.BOND.10Y,1206,2016-09-02,2026-07-12,2026-07-12,0.2337,FIXED,18524.50,BR-001,93,GHGGB5698052
SECURITY.POSITION/3001428,SECURITY_HOLDING,GHS,120030.31,120030.31,SBL-SOV-017052,SEC.BOND.10Y,1206,2017-01-27,2026-12-06,2026-12-06,0.2345,FIXED,120030.31,BR-001,93,GHGGB2285782
SECURITY.POSITION/3001472,SECURITY_HOLDING,GHS,71943.83,71943.83,SBL-SOV-017052,SEC.BOND.10Y,1206,2017-06-15,2027-04-24,2027-04-24,0.2284,FIXED,71943.83,BR-001,92,GHGGB6208828
SECURITY.POSITION/3001536,SECURITY_HOLDING,GHS,4694.61,4694.61,SBL-SOV-017052,SEC.BOND.10Y,1206,2018-07-04,2028-05-12,2028-05-12,0.2303,FIXED,4694.61,BR-001,91,GHGGB7094058
SECURITY.POSITION/3001539,SECURITY_HOLDING,GHS,30643.14,30643.14,SBL-SOV-017052,SEC.BOND.10Y,1206,2017-01-06,2026-11-15,2026-11-15,0.2263,FIXED,30643.14,BR-001,91,GHGGB5274469
SECURITY.POSITION/3001589,SECURITY_HOLDING,GHS,132602.22,132602.22,SBL-SOV-017052,SEC.BOND.10Y,1206,2017-03-12,2027-01-19,2027-01-19,0.2322,FIXED,132602.22,BR-001,90,GHGGB7837603
SECURITY.POSITION/3001594,SECURITY_HOLDING,GHS,261100.44,261100.44,SBL-SOV-017052,SEC.BOND.10Y,1206,2016-11-16,2026-09-25,2026-09-25,0.2341,FIXED,261100.44,BR-001,90,GHGGB9234453
SECURITY.POSITION/3001655,SECURITY_HOLDING,GHS,76844.73,76844.73,SBL-SOV-017052,SEC.BOND.10Y,1206,2018-04-26,2028-03-04,2028-03-04,0.2304,FIXED,76844.73,BR-001,89,GHGGB9016005
SECURITY.POSITION/3001657,SECURITY_HOLDING,GHS,41601.53,41601.53,SBL-SOV-017052,SEC.BOND.10Y,1206,2018-10-08,2028-08-16,2028-08-16,0.2365,FIXED,41601.53,BR-001,89,GHGGB4873235
SECURITY.POSITION/3001659,SECURITY_HOLDING,GHS,10150.23,10150.23,SBL-SOV-017052,SEC.BOND.10Y,1206,2017-08-22,2027-07-01,2027-07-01,0.2304,FIXED,10150.23,BR-001,89,GHGGB8251290
SECURITY.POSITION/3001723,SECURITY_HOLDING,GHS,46215.55,46215.55,SBL-SOV-017052,SEC.BOND.10Y,1206,2018-03-04,2028-01-11,2028-01-11,0.2301,FIXED,46215.55,BR-001,88,GHGGB9720041
SECURITY.POSITION/3001725,SECURITY_HOLDING,GHS,96404.91,96404.91,SBL-SOV-017052,SEC.BOND.10Y,1206,2016-09-20,2026-07-30,2026-07-30,0.2323,FIXED,96404.91,BR-001,88,GHGGB2110132
SECURITY.POSITION/3001777,SECURITY_HOLDING,GHS,23903.33,23903.33,SBL-SOV-017052,SEC.BOND.10Y,1206,2017-05-10,2027-03-19,2027-03-19,0.2345,FIXED,23903.33,BR-001,87,GHGGB8432546
SECURITY.POSITION/3001778,SECURITY_HOLDING,GHS,97079.69,97079.69,SBL-SOV-017052,SEC.BOND.10Y,1206,2018-02-15,2027-12-25,2027-12-25,0.2347,FIXED,97079.69,BR-001,87,GHGGB5911826
SECURITY.POSITION/3001779,SECURITY_HOLDING,GHS,44436.86,44436.86,SBL-SOV-017052,SEC.BOND.10Y,1206,2018-08-22,2028-06-30,2028-06-30,0.2358,FIXED,44436.86,BR-001,87,GHGGB2580412
SECURITY.POSITION/3001783,SECURITY_HOLDING,GHS,56021.04,56021.04,SBL-SOV-017052,SEC.BOND.10Y,1206,2016-12-28,2026-11-06,2026-11-06,0.2328,FIXED,56021.04,BR-001,87,GHGGB1730733
SECURITY.POSITION/3001784,SECURITY_HOLDING,GHS,36298.77,36298.77,SBL-SOV-017052,SEC.BOND.10Y,1206,2018-03-27,2028-02-03,2028-02-03,0.2272,FIXED,36298.77,BR-001,87,GHGGB8394170
SECURITY.POSITION/3001786,SECURITY_HOLDING,GHS,25893.76,25893.76,SBL-SOV-017052,SEC.BOND.10Y,1206,2018-12-27,2028-11-04,2028-11-04,0.2324,FIXED,25893.76,BR-001,87,GHGGB4755412
SECURITY.POSITION/3001846,SECURITY_HOLDING,GHS,119764.55,119764.55,SBL-SOV-017052,SEC.BOND.10Y,1206,2017-03-30,2027-02-06,2027-02-06,0.225,FIXED,119764.55,BR-001,86,GHGGB5054631
SECURITY.POSITION/3001848,SECURITY_HOLDING,GHS,142694.90,142694.90,SBL-SOV-017052,SEC.BOND.10Y,1206,2018-02-06,2027-12-16,2027-12-16,0.2264,FIXED,142694.90,BR-001,86,GHGGB9089226
SECURITY.POSITION/3001898,SECURITY_HOLDING,GHS,353278.87,353278.87,SBL-SOV-017052,SEC.BOND.10Y,1206,2016-10-21,2026-08-30,2026-08-30,0.2284,FIXED,353278.87,BR-001,85,GHGGB1639212
SECURITY.POSITION/3001901,SECURITY_HOLDING,GHS,70253.61,70253.61,SBL-SOV-017052,SEC.BOND.10Y,1206,2016-09-29,2026-08-08,2026-08-08,0.2359,FIXED,70253.61,BR-001,85,GHGGB8435810
SECURITY.POSITION/3001903,SECURITY_HOLDING,GHS,90256.39,90256.39,SBL-SOV-017052,SEC.BOND.10Y,1206,2017-04-12,2027-02-19,2027-02-19,0.2364,FIXED,90256.39,BR-001,85,GHGGB1558345
SECURITY.POSITION/3002000,SECURITY_HOLDING,GHS,36308.59,36308.59,SBL-SOV-017052,SEC.BOND.10Y,1206,2017-08-05,2027-06-14,2027-06-14,0.2272,FIXED,36308.59,BR-001,83,GHGGB1282288
SECURITY.POSITION/3002001,SECURITY_HOLDING,GHS,241500.52,241500.52,SBL-SOV-017052,SEC.BOND.10Y,1206,2018-12-18,2028-10-26,2028-10-26,0.2303,FIXED,241500.52,BR-001,83,GHGGB2928270
SECURITY.POSITION/3002002,SECURITY_HOLDING,GHS,70272.29,70272.29,SBL-SOV-017052,SEC.BOND.10Y,1206,2019-03-24,2029-01-30,2029-01-30,0.2363,FIXED,70272.29,BR-001,83,GHGGB2282675
SECURITY.POSITION/3002003,SECURITY_HOLDING,GHS,33955.26,33955.26,SBL-SOV-017052,SEC.BOND.10Y,1206,2019-01-27,2028-12-05,2028-12-05,0.2339,FIXED,33955.26,BR-001,83,GHGGB9079099
SECURITY.POSITION/3002010,SECURITY_HOLDING,GHS,26736.25,26736.25,SBL-SOV-017052,SEC.BOND.10Y,1206,2018-03-10,2028-01-17,2028-01-17,0.2302,FIXED,26736.25,BR-001,83,GHGGB5386250
SECURITY.POSITION/3002056,SECURITY_HOLDING,GHS,147153.72,147153.72,SBL-SOV-017052,SEC.BOND.10Y,1206,2018-07-21,2028-05-29,2028-05-29,0.2298,FIXED,147153.72,BR-001,82,GHGGB5697021
SECURITY.POSITION/3002060,SECURITY_HOLDING,GHS,169668.26,169668.26,SBL-SOV-017052,SEC.BOND.10Y,1206,2019-06-22,2029-04-30,2029-04-30,0.2359,FIXED,169668.26,BR-001,82,GHGGB3148557
SECURITY.POSITION/3002109,SECURITY_HOLDING,GHS,1239647.36,1239647.36,SBL-SOV-017052,SEC.BOND.10Y,1206,2018-02-19,2027-12-29,2027-12-29,0.2316,FIXED,1239647.36,BR-001,81,GHGGB6147320
SECURITY.POSITION/3002161,SECURITY_HOLDING,GHS,278449.67,278449.67,SBL-SOV-017052,SEC.BOND.10Y,1206,2018-05-24,2028-04-01,2028-04-01,0.2317,FIXED,278449.67,BR-001,80,GHGGB5801981
SECURITY.POSITION/3002164,SECURITY_HOLDING,GHS,116400.59,116400.59,SBL-SOV-017052,SEC.BOND.10Y,1206,2018-06-06,2028-04-14,2028-04-14,0.238,FIXED,116400.59,BR-001,80,GHGGB1448331
SECURITY.POSITION/3002167,SECURITY_HOLDING,GHS,91408.64,91408.64,SBL-SOV-017052,SEC.BOND.10Y,1206,2017-03-03,2027-01-10,2027-01-10,0.2368,FIXED,91408.64,BR-001,80,GHGGB6838354
SECURITY.POSITION/3002168,SECURITY_HOLDING,GHS,58078.92,58078.92,SBL-SOV-017052,SEC.BOND.10Y,1206,2019-04-27,2029-03-05,2029-03-05,0.2302,FIXED,58078.92,BR-001,80,GHGGB7226779
SECURITY.POSITION/3002218,SECURITY_HOLDING,GHS,24859.09,24859.09,SBL-SOV-017052,SEC.BOND.10Y,1206,2018-09-20,2028-07-29,2028-07-29,0.2323,FIXED,24859.09,BR-001,79,GHGGB2268060
SECURITY.POSITION/3002219,SECURITY_HOLDING,GHS,60397.73,60397.73,SBL-SOV-017052,SEC.BOND.10Y,1206,2018-09-16,2028-07-25,2028-07-25,0.234,FIXED,60397.73,BR-001,79,GHGGB5738416
SECURITY.POSITION/3002221,SECURITY_HOLDING,GHS,54461.49,54461.49,SBL-SOV-017052,SEC.BOND.10Y,1206,2019-03-20,2029-01-26,2029-01-26,0.2306,FIXED,54461.49,BR-001,79,GHGGB5218673
SECURITY.POSITION/3002223,SECURITY_HOLDING,GHS,96378.28,96378.28,SBL-SOV-017052,SEC.BOND.10Y,1206,2017-06-16,2027-04-25,2027-04-25,0.2345,FIXED,96378.28,BR-001,79,GHGGB6619582
SECURITY.POSITION/3002274,SECURITY_HOLDING,GHS,85993.84,85993.84,SBL-SOV-017052,SEC.BOND.10Y,1206,2017-08-25,2027-07-04,2027-07-04,0.2336,FIXED,85993.84,BR-001,78,GHGGB9540323
SECURITY.POSITION/3002276,SECURITY_HOLDING,GHS,25174.97,25174.97,SBL-SOV-017052,SEC.BOND.10Y,1206,2019-07-16,2029-05-24,2029-05-24,0.2252,FIXED,25174.97,BR-001,78,GHGGB6281313
SECURITY.POSITION/3002329,SECURITY_HOLDING,GHS,41365.95,41365.95,SBL-SOV-017052,SEC.BOND.10Y,1206,2019-05-07,2029-03-15,2029-03-15,0.2137,FIXED,41365.95,BR-001,77,GHGGB4267959
SECURITY.POSITION/3002334,SECURITY_HOLDING,GHS,18728.30,18728.30,SBL-SOV-017052,SEC.BOND.10Y,1206,2017-12-22,2027-10-31,2027-10-31,0.2114,FIXED,18728.30,BR-001,77,GHGGB7498136
SECURITY.POSITION/3002337,SECURITY_HOLDING,GHS,9240.11,9240.11,SBL-SOV-017052,SEC.BOND.10Y,1206,2017-01-20,2026-11-29,2026-11-29,0.2089,FIXED,9240.11,BR-001,77,GHGGB8118360
SECURITY.POSITION/3002388,SECURITY_HOLDING,GHS,102457.56,102457.56,SBL-SOV-017052,SEC.BOND.10Y,1206,2016-09-02,2026-07-12,2026-07-12,0.2097,FIXED,102457.56,BR-001,76,GHGGB7657348
SECURITY.POSITION/3002390,SECURITY_HOLDING,GHS,72889.55,72889.55,SBL-SOV-017052,SEC.BOND.10Y,1206,2016-11-01,2026-09-10,2026-09-10,0.2156,FIXED,72889.55,BR-001,76,GHGGB7490082
SECURITY.POSITION/3002392,SECURITY_HOLDING,GHS,129614.45,129614.45,SBL-SOV-017052,SEC.BOND.10Y,1206,2019-04-30,2029-03-08,2029-03-08,0.2111,FIXED,129614.45,BR-001,76,GHGGB1841361
SECURITY.POSITION/3002395,SECURITY_HOLDING,GHS,67251.12,67251.12,SBL-SOV-017052,SEC.BOND.10Y,1206,2017-08-27,2027-07-06,2027-07-06,0.2102,FIXED,67251.12,BR-001,76,GHGGB3247649
SECURITY.POSITION/3002496,SECURITY_HOLDING,GHS,36155.28,36155.28,SBL-SOV-017052,SEC.BOND.10Y,1206,2019-07-25,2029-06-02,2029-06-02,0.2115,FIXED,36155.28,BR-001,74,GHGGB7702105
SECURITY.POSITION/3002639,SECURITY_HOLDING,GHS,55866.00,55866.00,SBL-SOV-017052,SEC.BOND.10Y,1206,2018-09-22,2028-07-31,2028-07-31,0.2125,FIXED,55866.00,BR-001,71,GHGGB2642109
SECURITY.POSITION/3002640,SECURITY_HOLDING,GHS,49035.39,49035.39,SBL-SOV-017052,SEC.BOND.10Y,1206,2019-03-03,2029-01-09,2029-01-09,0.2106,FIXED,49035.39,BR-001,71,GHGGB4149074
SECURITY.POSITION/3002642,SECURITY_HOLDING,GHS,96612.76,96612.76,SBL-SOV-017052,SEC.BOND.10Y,1206,2017-06-11,2027-04-20,2027-04-20,0.2123,FIXED,96612.76,BR-001,71,GHGGB7862476
SECURITY.POSITION/3002644,SECURITY_HOLDING,GHS,42689.97,42689.97,SBL-SOV-017052,SEC.BOND.10Y,1206,2020-05-12,2030-03-21,2030-03-21,0.2123,FIXED,42689.97,BR-001,71,GHGGB4458089
SECURITY.POSITION/3002646,SECURITY_HOLDING,GHS,5178.53,5178.53,SBL-SOV-017052,SEC.BOND.10Y,1206,2018-10-25,2028-09-02,2028-09-02,0.2094,FIXED,5178.53,BR-001,71,GHGGB8216733
SECURITY.POSITION/3002695,SECURITY_HOLDING,GHS,47124.42,47124.42,SBL-SOV-017052,SEC.BOND.10Y,1206,2016-10-23,2026-09-01,2026-09-01,0.2093,FIXED,47124.42,BR-001,70,GHGGB2669218
SECURITY.POSITION/3002751,SECURITY_HOLDING,GHS,15381.72,15381.72,SBL-SOV-017052,SEC.BOND.10Y,1206,2018-10-23,2028-08-31,2028-08-31,0.2173,FIXED,15381.72,BR-001,69,GHGGB3420563
SECURITY.POSITION/3002752,SECURITY_HOLDING,GHS,11678.74,11678.74,SBL-SOV-017052,SEC.BOND.10Y,1206,2018-03-28,2028-02-04,2028-02-04,0.2084,FIXED,11678.74,BR-001,69,GHGGB8630207
SECURITY.POSITION/3002754,SECURITY_HOLDING,GHS,13879.88,13879.88,SBL-SOV-017052,SEC.BOND.10Y,1206,2019-05-19,2029-03-27,2029-03-27,0.2113,FIXED,13879.88,BR-001,69,GHGGB5644299
SECURITY.POSITION/3002755,SECURITY_HOLDING,GHS,10693.35,10693.35,SBL-SOV-017052,SEC.BOND.10Y,1206,2018-08-20,2028-06-28,2028-06-28,0.2147,FIXED,10693.35,BR-001,69,GHGGB3379382
SECURITY.POSITION/3002756,SECURITY_HOLDING,GHS,10657.12,10657.12,SBL-SOV-017052,SEC.BOND.10Y,1206,2019-02-02,2028-12-11,2028-12-11,0.2108,FIXED,10657.12,BR-001,69,GHGGB3230241
SECURITY.POSITION/3002811,SECURITY_HOLDING,GHS,50463.87,50463.87,SBL-SOV-017052,SEC.BOND.10Y,1206,2018-07-24,2028-06-01,2028-06-01,0.2119,FIXED,50463.87,BR-001,68,GHGGB9934214
SECURITY.POSITION/3002812,SECURITY_HOLDING,GHS,17669.65,17669.65,SBL-SOV-017052,SEC.BOND.10Y,1206,2020-06-12,2030-04-21,2030-04-21,0.2208,FIXED,17669.65,BR-001,68,GHGGB4640377
SECURITY.POSITION/3002813,SECURITY_HOLDING,GHS,921.33,921.33,SBL-SOV-017052,SEC.BOND.10Y,1206,2017-01-08,2026-11-17,2026-11-17,0.2158,FIXED,921.33,BR-001,68,GHGGB9637187
SECURITY.POSITION/3002814,SECURITY_HOLDING,GHS,28293.09,28293.09,SBL-SOV-017052,SEC.BOND.10Y,1206,2020-05-22,2030-03-31,2030-03-31,0.2095,FIXED,28293.09,BR-001,68,GHGGB1305258
SECURITY.POSITION/3002870,SECURITY_HOLDING,GHS,28207.49,28207.49,SBL-SOV-017052,SEC.BOND.10Y,1206,2020-01-25,2029-12-03,2029-12-03,0.2123,FIXED,28207.49,BR-001,67,GHGGB9427948
SECURITY.POSITION/3002872,SECURITY_HOLDING,GHS,19521.60,19521.60,SBL-SOV-017052,SEC.BOND.10Y,1206,2019-11-18,2029-09-26,2029-09-26,0.2114,FIXED,19521.60,BR-001,67,GHGGB9746262
SECURITY.POSITION/3002874,SECURITY_HOLDING,GHS,42685.48,42685.48,SBL-SOV-017052,SEC.BOND.10Y,1206,2018-04-08,2028-02-15,2028-02-15,0.2151,FIXED,42685.48,BR-001,67,GHGGB3866483
SECURITY.POSITION/3002927,SECURITY_HOLDING,GHS,43165.56,43165.56,SBL-SOV-017052,SEC.BOND.10Y,1206,2017-05-18,2027-03-27,2027-03-27,0.2097,FIXED,43165.56,BR-001,66,GHGGB2805471
SECURITY.POSITION/3002928,SECURITY_HOLDING,GHS,5673.45,5673.45,SBL-SOV-017052,SEC.BOND.10Y,1206,2019-04-18,2029-02-24,2029-02-24,0.2075,FIXED,5673.45,BR-001,66,GHGGB2353330
SECURITY.POSITION/3002930,SECURITY_HOLDING,GHS,175843.13,175843.13,SBL-SOV-017052,SEC.BOND.10Y,1206,2018-04-19,2028-02-26,2028-02-26,0.2072,FIXED,175843.13,BR-001,66,GHGGB7220323
SECURITY.POSITION/3002991,SECURITY_HOLDING,GHS,78519.13,78519.13,SBL-SOV-017052,SEC.BOND.10Y,1206,2018-01-19,2027-11-28,2027-11-28,0.207,FIXED,78519.13,BR-001,65,GHGGB3136204
SECURITY.POSITION/3002996,SECURITY_HOLDING,GHS,5989.96,5989.96,SBL-SOV-017052,SEC.BOND.10Y,1206,2020-03-26,2030-02-02,2030-02-02,0.2082,FIXED,5989.96,BR-001,65,GHGGB6689260
SECURITY.POSITION/3002997,SECURITY_HOLDING,GHS,346881.53,346881.53,SBL-SOV-017052,SEC.BOND.10Y,1206,2018-12-10,2028-10-18,2028-10-18,0.2123,FIXED,346881.53,BR-001,65,GHGGB6493776
SECURITY.POSITION/3002998,SECURITY_HOLDING,GHS,379223.96,379223.96,SBL-SOV-017052,SEC.BOND.10Y,1206,2019-11-12,2029-09-20,2029-09-20,0.2102,FIXED,379223.96,BR-001,65,GHGGB4400886
SECURITY.POSITION/3003000,SECURITY_HOLDING,GHS,159040.46,159040.46,SBL-SOV-017052,SEC.BOND.10Y,1206,2016-10-21,2026-08-30,2026-08-30,0.2073,FIXED,159040.46,BR-001,65,GHGGB3101474
SECURITY.POSITION/3003094,SECURITY_HOLDING,GHS,919.35,919.35,SBL-SOV-017052,SEC.BOND.10Y,1206,2018-10-23,2028-08-31,2028-08-31,0.2111,FIXED,919.35,BR-001,63,GHGGB7235285
SECURITY.POSITION/3003096,SECURITY_HOLDING,GHS,988.31,988.31,SBL-SOV-017052,SEC.BOND.10Y,1206,2020-06-07,2030-04-16,2030-04-16,0.2129,FIXED,988.31,BR-001,63,GHGGB7760130
SECURITY.POSITION/3003099,SECURITY_HOLDING,GHS,6870.01,6870.01,SBL-SOV-017052,SEC.BOND.10Y,1206,2017-01-03,2026-11-12,2026-11-12,0.2057,FIXED,6870.01,BR-001,63,GHGGB8703944
SECURITY.POSITION/3003100,SECURITY_HOLDING,GHS,2826.25,2826.25,SBL-SOV-017052,SEC.BOND.10Y,1206,2016-09-15,2026-07-25,2026-07-25,0.2137,FIXED,2826.25,BR-001,63,GHGGB4752484
SECURITY.POSITION/3003102,SECURITY_HOLDING,GHS,1957.55,1957.55,SBL-SOV-017052,SEC.BOND.10Y,1206,2018-11-08,2028-09-16,2028-09-16,0.2151,FIXED,1957.55,BR-001,63,GHGGB4797680
SECURITY.POSITION/3003103,SECURITY_HOLDING,GHS,6798.04,6798.04,SBL-SOV-017052,SEC.BOND.10Y,1206,2019-06-25,2029-05-03,2029-05-03,0.2132,FIXED,6798.04,BR-001,63,GHGGB6507794
SECURITY.POSITION/3003156,SECURITY_HOLDING,GHS,88967.39,88967.39,SBL-SOV-017052,SEC.BOND.10Y,1206,2017-06-16,2027-04-25,2027-04-25,0.2114,FIXED,88967.39,BR-001,62,GHGGB9098127
SECURITY.POSITION/3003158,SECURITY_HOLDING,GHS,99786.43,99786.43,SBL-SOV-017052,SEC.BOND.10Y,1206,2021-04-11,2031-02-18,2031-02-18,0.2072,FIXED,99786.43,BR-001,62,GHGGB9704909
SECURITY.POSITION/3003159,SECURITY_HOLDING,GHS,209681.31,209681.31,SBL-SOV-017052,SEC.BOND.10Y,1206,2019-11-02,2029-09-10,2029-09-10,0.2108,FIXED,209681.31,BR-001,62,GHGGB1373367
SECURITY.POSITION/3003160,SECURITY_HOLDING,GHS,318050.82,318050.82,SBL-SOV-017052,SEC.BOND.10Y,1206,2018-10-09,2028-08-17,2028-08-17,0.2117,FIXED,318050.82,BR-001,62,GHGGB4704661
SECURITY.POSITION/3003163,SECURITY_HOLDING,GHS,137981.73,137981.73,SBL-SOV-017052,SEC.BOND.10Y,1206,2019-06-04,2029-04-12,2029-04-12,0.2077,FIXED,137981.73,BR-001,62,GHGGB4029472
SECURITY.POSITION/3003164,SECURITY_HOLDING,GHS,58510.49,58510.49,SBL-SOV-017052,SEC.BOND.10Y,1206,2021-02-17,2030-12-27,2030-12-27,0.2072,FIXED,58510.49,BR-001,62,GHGGB7823127
SECURITY.POSITION/3003205,SECURITY_HOLDING,GHS,84594.51,84594.51,SBL-SOV-017052,SEC.BOND.10Y,1206,2017-01-05,2026-11-14,2026-11-14,0.214,FIXED,84594.51,BR-001,61,GHGGB9765921
SECURITY.POSITION/3003209,SECURITY_HOLDING,GHS,62683.19,62683.19,SBL-SOV-017052,SEC.BOND.10Y,1206,2020-06-11,2030-04-20,2030-04-20,0.2102,FIXED,62683.19,BR-001,61,GHGGB8727812
SECURITY.POSITION/3003210,SECURITY_HOLDING,GHS,63826.24,63826.24,SBL-SOV-017052,SEC.BOND.10Y,1206,2017-01-06,2026-11-15,2026-11-15,0.2135,FIXED,63826.24,BR-001,61,GHGGB5116600
SECURITY.POSITION/3003211,SECURITY_HOLDING,GHS,167123.13,167123.13,SBL-SOV-017052,SEC.BOND.10Y,1206,2020-08-06,2030-06-15,2030-06-15,0.2146,FIXED,167123.13,BR-001,61,GHGGB6028933
SECURITY.POSITION/3003212,SECURITY_HOLDING,GHS,34239.85,34239.85,SBL-SOV-017052,SEC.BOND.10Y,1206,2016-11-27,2026-10-06,2026-10-06,0.2124,FIXED,34239.85,BR-001,61,GHGGB1362112
SECURITY.POSITION/3003256,SECURITY_HOLDING,GHS,58557.44,58557.44,SBL-SOV-017052,SEC.BOND.10Y,1206,2021-05-20,2031-03-29,2031-03-29,0.2096,FIXED,58557.44,BR-001,60,GHGGB6889003
SECURITY.POSITION/3003259,SECURITY_HOLDING,GHS,65624.30,65624.30,SBL-SOV-017052,SEC.BOND.10Y,1206,2020-12-29,2030-11-07,2030-11-07,0.2072,FIXED,65624.30,BR-001,60,GHGGB5338280
SECURITY.POSITION/3003260,SECURITY_HOLDING,GHS,86089.65,86089.65,SBL-SOV-017052,SEC.BOND.10Y,1206,2019-04-15,2029-02-21,2029-02-21,0.2091,FIXED,86089.65,BR-001,60,GHGGB6709632
SECURITY.POSITION/3003307,SECURITY_HOLDING,GHS,32433.53,32433.53,SBL-SOV-017052,SEC.BOND.10Y,1206,2016-09-15,2026-07-25,2026-07-25,0.2297,FIXED,32433.53,BR-001,59,GHGGB8120172
SECURITY.POSITION/3003309,SECURITY_HOLDING,GHS,68935.79,68935.79,SBL-SOV-017052,SEC.BOND.10Y,1206,2020-03-25,2030-02-01,2030-02-01,0.2286,FIXED,68935.79,BR-001,59,GHGGB3159557
SECURITY.POSITION/3003310,SECURITY_HOLDING,GHS,8352.86,8352.86,SBL-SOV-017052,SEC.BOND.10Y,1206,2018-02-11,2027-12-21,2027-12-21,0.2276,FIXED,8352.86,BR-001,59,GHGGB2154524
SECURITY.POSITION/3003311,SECURITY_HOLDING,GHS,47046.76,47046.76,SBL-SOV-017052,SEC.BOND.10Y,1206,2021-06-24,2031-05-03,2031-05-03,0.2325,FIXED,47046.76,BR-001,59,GHGGB7513056
SECURITY.POSITION/3003312,SECURITY_HOLDING,GHS,100665.80,100665.80,SBL-SOV-017052,SEC.BOND.10Y,1206,2019-08-06,2029-06-14,2029-06-14,0.2292,FIXED,100665.80,BR-001,59,GHGGB2637641
SECURITY.POSITION/3003313,SECURITY_HOLDING,GHS,25743.14,25743.14,SBL-SOV-017052,SEC.BOND.10Y,1206,2019-12-11,2029-10-19,2029-10-19,0.2271,FIXED,25743.14,BR-001,59,GHGGB8610513
SECURITY.POSITION/3003314,SECURITY_HOLDING,GHS,14010.67,14010.67,SBL-SOV-017052,SEC.BOND.10Y,1206,2017-12-27,2027-11-05,2027-11-05,0.2241,FIXED,14010.67,BR-001,59,GHGGB6414558
SECURITY.POSITION/3003315,SECURITY_HOLDING,GHS,14266.65,14266.65,SBL-SOV-017052,SEC.BOND.10Y,1206,2020-05-12,2030-03-21,2030-03-21,0.2279,FIXED,14266.65,BR-001,59,GHGGB1814454
SECURITY.POSITION/3003317,SECURITY_HOLDING,GHS,69814.86,69814.86,SBL-SOV-017052,SEC.BOND.10Y,1206,2018-02-27,2028-01-06,2028-01-06,0.2256,FIXED,69814.86,BR-001,59,GHGGB5036940
SECURITY.POSITION/3003318,SECURITY_HOLDING,GHS,14951.61,14951.61,SBL-SOV-017052,SEC.BOND.10Y,1206,2020-12-26,2030-11-04,2030-11-04,0.2301,FIXED,14951.61,BR-001,59,GHGGB7996895
SECURITY.POSITION/3003378,SECURITY_HOLDING,GHS,16108.44,16108.44,SBL-SOV-017052,SEC.BOND.10Y,1206,2018-02-07,2027-12-17,2027-12-17,0.2296,FIXED,16108.44,BR-001,58,GHGGB1714633
SECURITY.POSITION/3003381,SECURITY_HOLDING,GHS,34926.36,34926.36,SBL-SOV-017052,SEC.BOND.10Y,1206,2017-06-11,2027-04-20,2027-04-20,0.2286,FIXED,34926.36,BR-001,58,GHGGB1513065
SECURITY.POSITION/3003383,SECURITY_HOLDING,GHS,89114.70,89114.70,SBL-SOV-017052,SEC.BOND.10Y,1206,2020-03-01,2030-01-08,2030-01-08,0.23,FIXED,89114.70,BR-001,58,GHGGB4394970
SECURITY.POSITION/3003386,SECURITY_HOLDING,GHS,113523.69,113523.69,SBL-SOV-017052,SEC.BOND.10Y,1206,2021-08-20,2031-06-29,2031-06-29,0.2295,FIXED,113523.69,BR-001,58,GHGGB9817948
SECURITY.POSITION/3003388,SECURITY_HOLDING,GHS,36945.54,36945.54,SBL-SOV-017052,SEC.BOND.10Y,1206,2017-11-22,2027-10-01,2027-10-01,0.2219,FIXED,36945.54,BR-001,58,GHGGB5372408
SECURITY.POSITION/3003439,SECURITY_HOLDING,GHS,482929.33,482929.33,SBL-SOV-017052,SEC.BOND.5Y,1205,2021-08-20,2026-07-25,2026-07-25,0.2141,FIXED,482929.33,BR-001,57,GHGGB8662019
SECURITY.POSITION/3003441,SECURITY_HOLDING,GHS,50050.68,50050.68,SBL-SOV-017052,SEC.BOND.10Y,1206,2020-09-23,2030-08-02,2030-08-02,0.2199,FIXED,50050.68,BR-001,57,GHGGB2314421
SECURITY.POSITION/3003443,SECURITY_HOLDING,GHS,29101.75,29101.75,SBL-SOV-017052,SEC.BOND.10Y,1206,2021-01-28,2030-12-07,2030-12-07,0.2233,FIXED,29101.75,BR-001,57,GHGGB9616338
SECURITY.POSITION/3003445,SECURITY_HOLDING,GHS,177802.42,177802.42,SBL-SOV-017052,SEC.BOND.10Y,1206,2019-04-30,2029-03-08,2029-03-08,0.2256,FIXED,177802.42,BR-001,57,GHGGB5960191
SECURITY.POSITION/3003446,SECURITY_HOLDING,GHS,18399.66,18399.66,SBL-SOV-017052,SEC.BOND.10Y,1206,2017-12-06,2027-10-15,2027-10-15,0.2275,FIXED,18399.66,BR-001,57,GHGGB5072625
SECURITY.POSITION/3003447,SECURITY_HOLDING,GHS,28316.80,28316.80,SBL-SOV-017052,SEC.BOND.10Y,1206,2017-11-01,2027-09-10,2027-09-10,0.2228,FIXED,28316.80,BR-001,57,GHGGB5397871
SECURITY.POSITION/3003482,SECURITY_HOLDING,GHS,24183.89,24183.89,SBL-SOV-017052,SEC.BOND.5Y,1205,2021-09-09,2026-08-14,2026-08-14,0.206,FIXED,24183.89,BR-001,56,GHGGB8179869
SECURITY.POSITION/3003488,SECURITY_HOLDING,GHS,3780.72,3780.72,SBL-SOV-017052,SEC.BOND.10Y,1206,2019-07-26,2029-06-03,2029-06-03,0.232,FIXED,3780.72,BR-001,56,GHGGB2433739
SECURITY.POSITION/3003489,SECURITY_HOLDING,GHS,1053.60,1053.60,SBL-SOV-017052,SEC.BOND.10Y,1206,2019-02-27,2029-01-05,2029-01-05,0.2363,FIXED,1053.60,BR-001,56,GHGGB3263729
SECURITY.POSITION/3003490,SECURITY_HOLDING,GHS,8231.59,8231.59,SBL-SOV-017052,SEC.BOND.10Y,1206,2021-10-02,2031-08-11,2031-08-11,0.2304,FIXED,8231.59,BR-001,56,GHGGB3734405
SECURITY.POSITION/3003493,SECURITY_HOLDING,GHS,2705.74,2705.74,SBL-SOV-017052,SEC.BOND.10Y,1206,2018-12-20,2028-10-28,2028-10-28,0.2372,FIXED,2705.74,BR-001,56,GHGGB1934511
SECURITY.POSITION/3003494,SECURITY_HOLDING,GHS,6026.92,6026.92,SBL-SOV-017052,SEC.BOND.10Y,1206,2019-02-22,2028-12-31,2028-12-31,0.2331,FIXED,6026.92,BR-001,56,GHGGB8306616
SECURITY.POSITION/3003495,SECURITY_HOLDING,GHS,4488.52,4488.52,SBL-SOV-017052,SEC.BOND.10Y,1206,2019-09-19,2029-07-28,2029-07-28,0.2325,FIXED,4488.52,BR-001,56,GHGGB3663368
SECURITY.POSITION/3003497,SECURITY_HOLDING,GHS,1398.15,1398.15,SBL-SOV-017052,SEC.BOND.10Y,1206,2017-02-12,2026-12-22,2026-12-22,0.2303,FIXED,1398.15,BR-001,56,GHGGB9946048
SECURITY.POSITION/3003498,SECURITY_HOLDING,GHS,3033.43,3033.43,SBL-SOV-017052,SEC.BOND.10Y,1206,2018-08-21,2028-06-29,2028-06-29,0.2278,FIXED,3033.43,BR-001,56,GHGGB1887163
SECURITY.POSITION/3003549,SECURITY_HOLDING,GHS,139820.10,139820.10,SBL-SOV-017052,SEC.BOND.10Y,1206,2017-07-16,2027-05-25,2027-05-25,0.2264,FIXED,139820.10,BR-001,55,GHGGB9669517
SECURITY.POSITION/3003551,SECURITY_HOLDING,GHS,159684.05,159684.05,SBL-SOV-017052,SEC.BOND.10Y,1206,2020-12-24,2030-11-02,2030-11-02,0.2245,FIXED,159684.05,BR-001,55,GHGGB7638686
SECURITY.POSITION/3003552,SECURITY_HOLDING,GHS,33268.47,33268.47,SBL-SOV-017052,SEC.BOND.10Y,1206,2020-05-13,2030-03-22,2030-03-22,0.2224,FIXED,33268.47,BR-001,55,GHGGB2568532
SECURITY.POSITION/3003553,SECURITY_HOLDING,GHS,118143.17,118143.17,SBL-SOV-017052,SEC.BOND.10Y,1206,2018-01-25,2027-12-04,2027-12-04,0.2242,FIXED,118143.17,BR-001,55,GHGGB8494851
SECURITY.POSITION/3003554,SECURITY_HOLDING,GHS,55761.11,55761.11,SBL-SOV-017052,SEC.BOND.10Y,1206,2020-09-10,2030-07-20,2030-07-20,0.2221,FIXED,55761.11,BR-001,55,GHGGB7562731
SECURITY.POSITION/3003555,SECURITY_HOLDING,GHS,56936.44,56936.44,SBL-SOV-017052,SEC.BOND.10Y,1206,2018-04-22,2028-02-29,2028-02-29,0.226,FIXED,56936.44,BR-001,55,GHGGB9216600
SECURITY.POSITION/3003557,SECURITY_HOLDING,GHS,24314.43,24314.43,SBL-SOV-017052,SEC.BOND.10Y,1206,2018-09-26,2028-08-04,2028-08-04,0.2236,FIXED,24314.43,BR-001,55,GHGGB9303389
SECURITY.POSITION/3003558,SECURITY_HOLDING,GHS,135779.81,135779.81,SBL-SOV-017052,SEC.BOND.10Y,1206,2021-06-20,2031-04-29,2031-04-29,0.229,FIXED,135779.81,BR-001,55,GHGGB4230817
SECURITY.POSITION/3003559,SECURITY_HOLDING,GHS,68404.98,68404.98,SBL-SOV-017052,SEC.BOND.10Y,1206,2018-11-20,2028-09-28,2028-09-28,0.2218,FIXED,68404.98,BR-001,55,GHGGB5150673
SECURITY.POSITION/3003560,SECURITY_HOLDING,GHS,133065.26,133065.26,SBL-SOV-017052,SEC.BOND.10Y,1206,2020-05-28,2030-04-06,2030-04-06,0.2195,FIXED,133065.26,BR-001,55,GHGGB4382429
SECURITY.POSITION/3003604,SECURITY_HOLDING,GHS,100386.17,100386.17,SBL-SOV-017052,SEC.BOND.5Y,1205,2021-11-23,2026-10-28,2026-10-28,0.2096,FIXED,100386.17,BR-001,54,GHGGB8586691
SECURITY.POSITION/3003609,SECURITY_HOLDING,GHS,21932.54,21932.54,SBL-SOV-017052,SEC.BOND.10Y,1206,2019-05-17,2029-03-25,2029-03-25,0.2312,FIXED,21932.54,BR-001,54,GHGGB1438781
SECURITY.POSITION/3003610,SECURITY_HOLDING,GHS,39328.85,39328.85,SBL-SOV-017052,SEC.BOND.10Y,1206,2017-03-21,2027-01-28,2027-01-28,0.2324,FIXED,39328.85,BR-001,54,GHGGB5685218
SECURITY.POSITION/3003614,SECURITY_HOLDING,GHS,54034.62,54034.62,SBL-SOV-017052,SEC.BOND.10Y,1206,2018-02-25,2028-01-04,2028-01-04,0.2192,FIXED,54034.62,BR-001,54,GHGGB5959916
SECURITY.POSITION/3003617,SECURITY_HOLDING,GHS,203109.73,203109.73,SBL-SOV-017052,SEC.BOND.10Y,1206,2021-07-07,2031-05-16,2031-05-16,0.2318,FIXED,203109.73,BR-001,54,GHGGB6789418
SECURITY.POSITION/3003619,SECURITY_HOLDING,GHS,103117.77,103117.77,SBL-SOV-017052,SEC.BOND.10Y,1206,2021-02-26,2031-01-05,2031-01-05,0.2295,FIXED,103117.77,BR-001,54,GHGGB2415700
SECURITY.POSITION/3003620,SECURITY_HOLDING,GHS,52955.45,52955.45,SBL-SOV-017052,SEC.BOND.10Y,1206,2017-01-11,2026-11-20,2026-11-20,0.2286,FIXED,52955.45,BR-001,54,GHGGB7227153
SECURITY.POSITION/3003673,SECURITY_HOLDING,GHS,369505.55,369505.55,SBL-SOV-017052,SEC.BOND.5Y,1205,2021-11-02,2026-10-07,2026-10-07,0.2084,FIXED,369505.55,BR-001,53,GHGGB3612776
SECURITY.POSITION/3003678,SECURITY_HOLDING,GHS,33444.35,33444.35,SBL-SOV-017052,SEC.BOND.10Y,1206,2021-12-10,2031-10-19,2031-10-19,0.2289,FIXED,33444.35,BR-001,53,GHGGB6487717
SECURITY.POSITION/3003682,SECURITY_HOLDING,GHS,33476.19,33476.19,SBL-SOV-017052,SEC.BOND.10Y,1206,2019-11-21,2029-09-29,2029-09-29,0.2271,FIXED,33476.19,BR-001,53,GHGGB5662831
SECURITY.POSITION/3003683,SECURITY_HOLDING,GHS,157665.99,157665.99,SBL-SOV-017052,SEC.BOND.10Y,1206,2021-12-14,2031-10-23,2031-10-23,0.2282,FIXED,157665.99,BR-001,53,GHGGB3169448
SECURITY.POSITION/3003686,SECURITY_HOLDING,GHS,167870.47,167870.47,SBL-SOV-017052,SEC.BOND.10Y,1206,2016-12-28,2026-11-06,2026-11-06,0.2252,FIXED,167870.47,BR-001,53,GHGGB1720805
SECURITY.POSITION/3003688,SECURITY_HOLDING,GHS,85551.73,85551.73,SBL-SOV-017052,SEC.BOND.10Y,1206,2016-12-12,2026-10-21,2026-10-21,0.229,FIXED,85551.73,BR-001,53,GHGGB1951903
SECURITY.POSITION/3003728,SECURITY_HOLDING,GHS,67401.01,67401.01,SBL-SOV-017052,SEC.BOND.5Y,1205,2021-11-01,2026-10-06,2026-10-06,0.2121,FIXED,67401.01,BR-001,52,GHGGB7447250
SECURITY.POSITION/3003731,SECURITY_HOLDING,GHS,766842.70,766842.70,SBL-SOV-017052,SEC.BOND.5Y,1205,2021-10-29,2026-10-03,2026-10-03,0.2104,FIXED,766842.70,BR-001,52,GHGGB3153526
SECURITY.POSITION/3003734,SECURITY_HOLDING,GHS,62509.13,62509.13,SBL-SOV-017052,SEC.BOND.5Y,1205,2022-02-28,2027-02-02,2027-02-02,0.2134,FIXED,62509.13,BR-001,52,GHGGB7480825
SECURITY.POSITION/3003736,SECURITY_HOLDING,GHS,818312.40,818312.40,SBL-SOV-017052,SEC.BOND.5Y,1205,2022-02-12,2027-01-17,2027-01-17,0.2166,FIXED,818312.40,BR-001,52,GHGGB2408147
SECURITY.POSITION/3003738,SECURITY_HOLDING,GHS,326980.33,326980.33,SBL-SOV-017052,SEC.BOND.10Y,1206,2018-11-27,2028-10-05,2028-10-05,0.2303,FIXED,326980.33,BR-001,52,GHGGB5958537
SECURITY.POSITION/3003740,SECURITY_HOLDING,GHS,96489.39,96489.39,SBL-SOV-017052,SEC.BOND.10Y,1206,2017-11-29,2027-10-08,2027-10-08,0.2285,FIXED,96489.39,BR-001,52,GHGGB6124716
SECURITY.POSITION/3003741,SECURITY_HOLDING,GHS,252575.14,252575.14,SBL-SOV-017052,SEC.BOND.10Y,1206,2018-08-17,2028-06-25,2028-06-25,0.2249,FIXED,252575.14,BR-001,52,GHGGB3818188
SECURITY.POSITION/3003786,SECURITY_HOLDING,GHS,370374.06,370374.06,SBL-SOV-017052,SEC.BOND.5Y,1205,2021-07-27,2026-07-01,2026-07-01,0.3302,FIXED,370374.06,BR-001,51,GHGGB1344559
SECURITY.POSITION/3003788,SECURITY_HOLDING,GHS,28473.65,28473.65,SBL-SOV-017052,SEC.BOND.5Y,1205,2021-08-24,2026-07-29,2026-07-29,0.3289,FIXED,28473.65,BR-001,51,GHGGB7832514
SECURITY.POSITION/3003795,SECURITY_HOLDING,GHS,26083.39,26083.39,SBL-SOV-017052,SEC.BOND.10Y,1206,2020-10-15,2030-08-24,2030-08-24,0.3112,FIXED,26083.39,BR-001,51,GHGGB1957445
SECURITY.POSITION/3003796,SECURITY_HOLDING,GHS,97757.95,97757.95,SBL-SOV-017052,SEC.BOND.10Y,1206,2017-02-14,2026-12-24,2026-12-24,0.3092,FIXED,97757.95,BR-001,51,GHGGB4230536
SECURITY.POSITION/3003797,SECURITY_HOLDING,GHS,93930.12,93930.12,SBL-SOV-017052,SEC.BOND.10Y,1206,2021-01-03,2030-11-12,2030-11-12,0.3131,FIXED,93930.12,BR-001,51,GHGGB7503122
SECURITY.POSITION/3003799,SECURITY_HOLDING,GHS,43490.18,43490.18,SBL-SOV-017052,SEC.BOND.10Y,1206,2018-03-11,2028-01-18,2028-01-18,0.3079,FIXED,43490.18,BR-001,51,GHGGB5140980
SECURITY.POSITION/3003800,SECURITY_HOLDING,GHS,96810.73,96810.73,SBL-SOV-017052,SEC.BOND.10Y,1206,2017-09-06,2027-07-16,2027-07-16,0.3167,FIXED,96810.73,BR-001,51,GHGGB6623523
SECURITY.POSITION/3003801,SECURITY_HOLDING,GHS,31393.57,31393.57,SBL-SOV-017052,SEC.BOND.10Y,1206,2017-01-03,2026-11-12,2026-11-12,0.3165,FIXED,31393.57,BR-001,51,GHGGB4807314
SECURITY.POSITION/3003802,SECURITY_HOLDING,GHS,51090.46,51090.46,SBL-SOV-017052,SEC.BOND.10Y,1206,2017-03-04,2027-01-11,2027-01-11,0.3115,FIXED,51090.46,BR-001,51,GHGGB8349818
SECURITY.POSITION/3003845,SECURITY_HOLDING,GHS,86384.75,86384.75,SBL-SOV-017052,SEC.BOND.10Y,1206,2019-08-29,2029-07-07,2029-07-07,0.3101,FIXED,86384.75,BR-001,50,GHGGB7395370
SECURITY.POSITION/3003846,SECURITY_HOLDING,GHS,192577.43,192577.43,SBL-SOV-017052,SEC.BOND.10Y,1206,2022-04-08,2032-02-15,2032-02-15,0.316,FIXED,192577.43,BR-001,50,GHGGB2773182
SECURITY.POSITION/3003847,SECURITY_HOLDING,GHS,609168.55,609168.55,SBL-SOV-017052,SEC.BOND.10Y,1206,2017-07-30,2027-06-08,2027-06-08,0.3168,FIXED,609168.55,BR-001,50,GHGGB5501307
SECURITY.POSITION/3003850,SECURITY_HOLDING,GHS,177901.87,177901.87,SBL-SOV-017052,SEC.BOND.10Y,1206,2019-11-05,2029-09-13,2029-09-13,0.3037,FIXED,177901.87,BR-001,50,GHGGB9901050
SECURITY.POSITION/3003852,SECURITY_HOLDING,GHS,89521.75,89521.75,SBL-SOV-017052,SEC.BOND.10Y,1206,2021-09-01,2031-07-11,2031-07-11,0.3133,FIXED,89521.75,BR-001,50,GHGGB6958545
SECURITY.POSITION/3003853,SECURITY_HOLDING,GHS,337001.67,337001.67,SBL-SOV-017052,SEC.BOND.10Y,1206,2018-04-27,2028-03-05,2028-03-05,0.3094,FIXED,337001.67,BR-001,50,GHGGB7171438
SECURITY.POSITION/3003855,SECURITY_HOLDING,GHS,218198.29,218198.29,SBL-SOV-017052,SEC.BOND.10Y,1206,2021-01-14,2030-11-23,2030-11-23,0.3094,FIXED,218198.29,BR-001,50,GHGGB9609094
SECURITY.POSITION/3003895,SECURITY_HOLDING,GHS,398696.07,398696.07,SBL-SOV-017052,SEC.BOND.5Y,1205,2021-08-10,2026-07-15,2026-07-15,0.3271,FIXED,398696.07,BR-001,49,GHGGB8882233
SECURITY.POSITION/3003896,SECURITY_HOLDING,GHS,124165.71,124165.71,SBL-SOV-017052,SEC.BOND.5Y,1205,2021-12-30,2026-12-04,2026-12-04,0.3219,FIXED,124165.71,BR-001,49,GHGGB2110385
SECURITY.POSITION/3003899,SECURITY_HOLDING,GHS,237854.26,237854.26,SBL-SOV-017052,SEC.BOND.5Y,1205,2022-05-17,2027-04-21,2027-04-21,0.3225,FIXED,237854.26,BR-001,49,GHGGB1550858
SECURITY.POSITION/3003903,SECURITY_HOLDING,GHS,162139.77,162139.77,SBL-SOV-017052,SEC.BOND.5Y,1205,2021-12-14,2026-11-18,2026-11-18,0.3232,FIXED,162139.77,BR-001,49,GHGGB2491633
SECURITY.POSITION/3003906,SECURITY_HOLDING,GHS,8184.85,8184.85,SBL-SOV-017052,SEC.BOND.10Y,1206,2020-10-21,2030-08-30,2030-08-30,0.3163,FIXED,8184.85,BR-001,49,GHGGB6372151
SECURITY.POSITION/3003907,SECURITY_HOLDING,GHS,229160.89,229160.89,SBL-SOV-017052,SEC.BOND.10Y,1206,2020-07-27,2030-06-05,2030-06-05,0.3147,FIXED,229160.89,BR-001,49,GHGGB1390416
SECURITY.POSITION/3003908,SECURITY_HOLDING,GHS,7377.65,7377.65,SBL-SOV-017052,SEC.BOND.10Y,1206,2021-05-21,2031-03-30,2031-03-30,0.3113,FIXED,7377.65,BR-001,49,GHGGB8917258
SECURITY.POSITION/3003909,SECURITY_HOLDING,GHS,47041.95,47041.95,SBL-SOV-017052,SEC.BOND.10Y,1206,2021-03-23,2031-01-30,2031-01-30,0.308,FIXED,47041.95,BR-001,49,GHGGB3625514
SECURITY.POSITION/3003911,SECURITY_HOLDING,GHS,125327.28,125327.28,SBL-SOV-017052,SEC.BOND.10Y,1206,2017-12-01,2027-10-10,2027-10-10,0.3111,FIXED,125327.28,BR-001,49,GHGGB2877439
SECURITY.POSITION/3003954,SECURITY_HOLDING,GHS,101919.61,101919.61,SBL-SOV-017052,SEC.BOND.5Y,1205,2022-02-15,2027-01-20,2027-01-20,0.3255,FIXED,101919.61,BR-001,48,GHGGB9662928
SECURITY.POSITION/3003962,SECURITY_HOLDING,GHS,319243.32,319243.32,SBL-SOV-017052,SEC.BOND.5Y,1205,2021-11-13,2026-10-18,2026-10-18,0.3274,FIXED,319243.32,BR-001,48,GHGGB6817613
SECURITY.POSITION/3003964,SECURITY_HOLDING,GHS,27162.21,27162.21,SBL-SOV-017052,SEC.BOND.10Y,1206,2022-04-25,2032-03-03,2032-03-03,0.3105,FIXED,27162.21,BR-001,48,GHGGB3459235
SECURITY.POSITION/3003965,SECURITY_HOLDING,GHS,50018.62,50018.62,SBL-SOV-017052,SEC.BOND.10Y,1206,2020-05-31,2030-04-09,2030-04-09,0.3101,FIXED,50018.62,BR-001,48,GHGGB7703012
SECURITY.POSITION/3003966,SECURITY_HOLDING,GHS,28505.02,28505.02,SBL-SOV-017052,SEC.BOND.10Y,1206,2017-06-04,2027-04-13,2027-04-13,0.3119,FIXED,28505.02,BR-001,48,GHGGB7418370
SECURITY.POSITION/3003967,SECURITY_HOLDING,GHS,27778.88,27778.88,SBL-SOV-017052,SEC.BOND.10Y,1206,2018-04-21,2028-02-28,2028-02-28,0.3141,FIXED,27778.88,BR-001,48,GHGGB1305694
SECURITY.POSITION/3003968,SECURITY_HOLDING,GHS,7277.61,7277.61,SBL-SOV-017052,SEC.BOND.10Y,1206,2021-08-05,2031-06-14,2031-06-14,0.3148,FIXED,7277.61,BR-001,48,GHGGB4934036
SECURITY.POSITION/3003969,SECURITY_HOLDING,GHS,11051.62,11051.62,SBL-SOV-017052,SEC.BOND.10Y,1206,2019-08-08,2029-06-16,2029-06-16,0.312,FIXED,11051.62,BR-001,48,GHGGB6244781
SECURITY.POSITION/3003970,SECURITY_HOLDING,GHS,45099.51,45099.51,SBL-SOV-017052,SEC.BOND.10Y,1206,2019-08-09,2029-06-17,2029-06-17,0.3029,FIXED,45099.51,BR-001,48,GHGGB3273911
SECURITY.POSITION/3004056,SECURITY_HOLDING,GHS,180372.64,180372.64,SBL-SOV-017052,SEC.BOND.5Y,1205,2022-02-26,2027-01-31,2027-01-31,0.3168,FIXED,180372.64,BR-001,46,GHGGB2323883
SECURITY.POSITION/3004063,SECURITY_HOLDING,GHS,195874.59,195874.59,SBL-SOV-017052,SEC.BOND.10Y,1206,2019-05-03,2029-03-11,2029-03-11,0.3136,FIXED,195874.59,BR-001,46,GHGGB5306846
SECURITY.POSITION/3004064,SECURITY_HOLDING,GHS,330542.86,330542.86,SBL-SOV-017052,SEC.BOND.10Y,1206,2019-05-13,2029-03-21,2029-03-21,0.3108,FIXED,330542.86,BR-001,46,GHGGB5799367
SECURITY.POSITION/3004065,SECURITY_HOLDING,GHS,223627.21,223627.21,SBL-SOV-017052,SEC.BOND.10Y,1206,2022-08-14,2032-06-22,2032-06-22,0.3161,FIXED,223627.21,BR-001,46,GHGGB9188198
SECURITY.POSITION/3004066,SECURITY_HOLDING,GHS,111974.55,111974.55,SBL-SOV-017052,SEC.BOND.10Y,1206,2020-05-25,2030-04-03,2030-04-03,0.3104,FIXED,111974.55,BR-001,46,GHGGB3476945
SECURITY.POSITION/3004067,SECURITY_HOLDING,GHS,160428.70,160428.70,SBL-SOV-017052,SEC.BOND.10Y,1206,2016-12-15,2026-10-24,2026-10-24,0.3139,FIXED,160428.70,BR-001,46,GHGGB7599346
SECURITY.POSITION/3004068,SECURITY_HOLDING,GHS,398277.81,398277.81,SBL-SOV-017052,SEC.BOND.10Y,1206,2017-02-26,2027-01-05,2027-01-05,0.3113,FIXED,398277.81,BR-001,46,GHGGB5063860
SECURITY.POSITION/3004069,SECURITY_HOLDING,GHS,178336.75,178336.75,SBL-SOV-017052,SEC.BOND.10Y,1206,2020-03-12,2030-01-19,2030-01-19,0.3096,FIXED,178336.75,BR-001,46,GHGGB5363014
SECURITY.POSITION/3004113,SECURITY_HOLDING,GHS,26375.36,26375.36,SBL-SOV-017052,SEC.BOND.5Y,1205,2022-06-17,2027-05-22,2027-05-22,0.3274,FIXED,26375.36,BR-001,45,GHGGB2701012
SECURITY.POSITION/3004120,SECURITY_HOLDING,GHS,585666.04,585666.04,SBL-SOV-017052,SEC.BOND.5Y,1205,2022-04-05,2027-03-10,2027-03-10,0.328,FIXED,585666.04,BR-001,45,GHGGB7187439
SECURITY.POSITION/3004122,SECURITY_HOLDING,GHS,506.71,506.71,SBL-SOV-017052,SEC.BOND.10Y,1206,2018-09-16,2028-07-25,2028-07-25,0.3179,FIXED,506.71,BR-001,45,GHGGB6391334
SECURITY.POSITION/3004124,SECURITY_HOLDING,GHS,1735.71,1735.71,SBL-SOV-017052,SEC.BOND.10Y,1206,2022-09-11,2032-07-20,2032-07-20,0.318,FIXED,1735.71,BR-001,45,GHGGB1667504
SECURITY.POSITION/3004126,SECURITY_HOLDING,GHS,298.22,298.22,SBL-SOV-017052,SEC.BOND.10Y,1206,2019-01-13,2028-11-21,2028-11-21,0.3236,FIXED,298.22,BR-001,45,GHGGB1864401
SECURITY.POSITION/3004129,SECURITY_HOLDING,GHS,1592.03,1592.03,SBL-SOV-017052,SEC.BOND.10Y,1206,2019-08-15,2029-06-23,2029-06-23,0.3139,FIXED,1592.03,BR-001,45,GHGGB2151658
SECURITY.POSITION/3004131,SECURITY_HOLDING,GHS,238.80,238.80,SBL-SOV-017052,SEC.BOND.10Y,1206,2018-11-08,2028-09-16,2028-09-16,0.3146,FIXED,238.80,BR-001,45,GHGGB5431762
SECURITY.POSITION/3004169,SECURITY_HOLDING,GHS,45776.05,45776.05,SBL-SOV-017052,SEC.BOND.5Y,1205,2022-05-30,2027-05-04,2027-05-04,0.3205,FIXED,45776.05,BR-001,44,GHGGB1590882
SECURITY.POSITION/3004170,SECURITY_HOLDING,GHS,17444.24,17444.24,SBL-SOV-017052,SEC.BOND.5Y,1205,2022-08-04,2027-07-09,2027-07-09,0.3253,FIXED,17444.24,BR-001,44,GHGGB2887167
SECURITY.POSITION/3004175,SECURITY_HOLDING,GHS,72487.33,72487.33,SBL-SOV-017052,SEC.BOND.5Y,1205,2021-11-30,2026-11-04,2026-11-04,0.3214,FIXED,72487.33,BR-001,44,GHGGB3441861
SECURITY.POSITION/3004182,SECURITY_HOLDING,GHS,279332.70,279332.70,SBL-SOV-017052,SEC.BOND.10Y,1206,2017-09-23,2027-08-02,2027-08-02,0.3182,FIXED,279332.70,BR-001,44,GHGGB6821253
SECURITY.POSITION/3004183,SECURITY_HOLDING,GHS,201793.19,201793.19,SBL-SOV-017052,SEC.BOND.10Y,1206,2021-05-18,2031-03-27,2031-03-27,0.315,FIXED,201793.19,BR-001,44,GHGGB9321278
SECURITY.POSITION/3004184,SECURITY_HOLDING,GHS,159527.36,159527.36,SBL-SOV-017052,SEC.BOND.10Y,1206,2020-03-16,2030-01-23,2030-01-23,0.316,FIXED,159527.36,BR-001,44,GHGGB4777848
SECURITY.POSITION/3004185,SECURITY_HOLDING,GHS,132084.97,132084.97,SBL-SOV-017052,SEC.BOND.10Y,1206,2017-12-14,2027-10-23,2027-10-23,0.3159,FIXED,132084.97,BR-001,44,GHGGB5445674
SECURITY.POSITION/3004186,SECURITY_HOLDING,GHS,41539.99,41539.99,SBL-SOV-017052,SEC.BOND.10Y,1206,2019-08-08,2029-06-16,2029-06-16,0.3177,FIXED,41539.99,BR-001,44,GHGGB3632957
SECURITY.POSITION/3004229,SECURITY_HOLDING,GHS,812119.19,812119.19,SBL-SOV-017052,SEC.BOND.5Y,1205,2022-10-12,2027-09-16,2027-09-16,0.3265,FIXED,812119.19,BR-001,43,GHGGB7259375
SECURITY.POSITION/3004230,SECURITY_HOLDING,GHS,33254.80,33254.80,SBL-SOV-017052,SEC.BOND.5Y,1205,2022-09-28,2027-09-02,2027-09-02,0.3297,FIXED,33254.80,BR-001,43,GHGGB4261108
SECURITY.POSITION/3004233,SECURITY_HOLDING,GHS,268503.53,268503.53,SBL-SOV-017052,SEC.BOND.5Y,1205,2021-08-05,2026-07-10,2026-07-10,0.3284,FIXED,268503.53,BR-001,43,GHGGB9069236
SECURITY.POSITION/3004235,SECURITY_HOLDING,GHS,358708.38,358708.38,SBL-SOV-017052,SEC.BOND.5Y,1205,2022-03-11,2027-02-13,2027-02-13,0.3298,FIXED,358708.38,BR-001,43,GHGGB8488063
SECURITY.POSITION/3004237,SECURITY_HOLDING,GHS,388418.96,388418.96,SBL-SOV-017052,SEC.BOND.5Y,1205,2022-06-08,2027-05-13,2027-05-13,0.3255,FIXED,388418.96,BR-001,43,GHGGB6375932
SECURITY.POSITION/3004241,SECURITY_HOLDING,GHS,161953.88,161953.88,SBL-SOV-017052,SEC.BOND.10Y,1206,2020-05-31,2030-04-09,2030-04-09,0.3134,FIXED,161953.88,BR-001,43,GHGGB2718965
SECURITY.POSITION/3004242,SECURITY_HOLDING,GHS,33178.38,33178.38,SBL-SOV-017052,SEC.BOND.10Y,1206,2022-03-19,2032-01-26,2032-01-26,0.3156,FIXED,33178.38,BR-001,43,GHGGB5644008
SECURITY.POSITION/3004243,SECURITY_HOLDING,GHS,143104.19,143104.19,SBL-SOV-017052,SEC.BOND.10Y,1206,2016-10-19,2026-08-28,2026-08-28,0.3101,FIXED,143104.19,BR-001,43,GHGGB8950047
SECURITY.POSITION/3004244,SECURITY_HOLDING,GHS,55393.38,55393.38,SBL-SOV-017052,SEC.BOND.10Y,1206,2019-11-05,2029-09-13,2029-09-13,0.3216,FIXED,55393.38,BR-001,43,GHGGB8292325
SECURITY.POSITION/3004245,SECURITY_HOLDING,GHS,141248.46,141248.46,SBL-SOV-017052,SEC.BOND.10Y,1206,2022-09-29,2032-08-07,2032-08-07,0.3143,FIXED,141248.46,BR-001,43,GHGGB6079134
SECURITY.POSITION/3004246,SECURITY_HOLDING,GHS,26569.38,26569.38,SBL-SOV-017052,SEC.BOND.10Y,1206,2020-11-24,2030-10-03,2030-10-03,0.3128,FIXED,26569.38,BR-001,43,GHGGB8673073
SECURITY.POSITION/3004288,SECURITY_HOLDING,GHS,1165620.86,1165620.86,SBL-SOV-017052,SEC.BOND.5Y,1205,2022-05-24,2027-04-28,2027-04-28,0.3261,FIXED,1165620.86,BR-001,42,GHGGB2931567
SECURITY.POSITION/3004295,SECURITY_HOLDING,GHS,33685.53,33685.53,SBL-SOV-017052,SEC.BOND.10Y,1206,2021-09-24,2031-08-03,2031-08-03,0.3257,FIXED,33685.53,BR-001,42,GHGGB4705268
SECURITY.POSITION/3004297,SECURITY_HOLDING,GHS,66032.37,66032.37,SBL-SOV-017052,SEC.BOND.10Y,1206,2021-11-27,2031-10-06,2031-10-06,0.3277,FIXED,66032.37,BR-001,42,GHGGB6361531
SECURITY.POSITION/3004299,SECURITY_HOLDING,GHS,136376.06,136376.06,SBL-SOV-017052,SEC.BOND.10Y,1206,2021-05-23,2031-04-01,2031-04-01,0.3259,FIXED,136376.06,BR-001,42,GHGGB8595631
SECURITY.POSITION/3004335,SECURITY_HOLDING,GHS,471407.89,471407.89,SBL-SOV-017052,SEC.BOND.5Y,1205,2022-12-29,2027-12-03,2027-12-03,0.323,FIXED,471407.89,BR-001,41,GHGGB7437884
SECURITY.POSITION/3004337,SECURITY_HOLDING,GHS,115327.66,115327.66,SBL-SOV-017052,SEC.BOND.5Y,1205,2021-10-03,2026-09-07,2026-09-07,0.3268,FIXED,115327.66,BR-001,41,GHGGB9867579
SECURITY.POSITION/3004339,SECURITY_HOLDING,GHS,19478.75,19478.75,SBL-SOV-017052,SEC.BOND.10Y,1206,2016-10-25,2026-09-03,2026-09-03,0.318,FIXED,19478.75,BR-001,41,GHGGB4990518
SECURITY.POSITION/3004340,SECURITY_HOLDING,GHS,33770.43,33770.43,SBL-SOV-017052,SEC.BOND.10Y,1206,2019-04-16,2029-02-22,2029-02-22,0.3143,FIXED,33770.43,BR-001,41,GHGGB6121932
SECURITY.POSITION/3004341,SECURITY_HOLDING,GHS,19351.11,19351.11,SBL-SOV-017052,SEC.BOND.10Y,1206,2021-12-11,2031-10-20,2031-10-20,0.3201,FIXED,19351.11,BR-001,41,GHGGB7628915
SECURITY.POSITION/3004342,SECURITY_HOLDING,GHS,14924.02,14924.02,SBL-SOV-017052,SEC.BOND.10Y,1206,2022-07-25,2032-06-02,2032-06-02,0.3151,FIXED,14924.02,BR-001,41,GHGGB2663579
SECURITY.POSITION/3004343,SECURITY_HOLDING,GHS,59069.54,59069.54,SBL-SOV-017052,SEC.BOND.10Y,1206,2016-11-02,2026-09-11,2026-09-11,0.3157,FIXED,59069.54,BR-001,41,GHGGB6618394
SECURITY.POSITION/3004344,SECURITY_HOLDING,GHS,61803.13,61803.13,SBL-SOV-017052,SEC.BOND.10Y,1206,2018-09-05,2028-07-14,2028-07-14,0.3149,FIXED,61803.13,BR-001,41,GHGGB4181698
SECURITY.POSITION/3004346,SECURITY_HOLDING,GHS,58836.96,58836.96,SBL-SOV-017052,SEC.BOND.10Y,1206,2022-05-27,2032-04-04,2032-04-04,0.3148,FIXED,58836.96,BR-001,41,GHGGB4475954
SECURITY.POSITION/3004348,SECURITY_HOLDING,GHS,42253.70,42253.70,SBL-SOV-017052,SEC.BOND.10Y,1206,2022-10-13,2032-08-21,2032-08-21,0.312,FIXED,42253.70,BR-001,41,GHGGB4242303
SECURITY.POSITION/3004349,SECURITY_HOLDING,GHS,89169.20,89169.20,SBL-SOV-017052,SEC.BOND.10Y,1206,2022-06-05,2032-04-13,2032-04-13,0.3169,FIXED,89169.20,BR-001,41,GHGGB7076379
SECURITY.POSITION/3004385,SECURITY_HOLDING,GHS,1994106.55,1994106.55,SBL-SOV-017052,SEC.BOND.5Y,1205,2021-12-06,2026-11-10,2026-11-10,0.3209,FIXED,1994106.55,BR-001,40,GHGGB8044776
SECURITY.POSITION/3004388,SECURITY_HOLDING,GHS,169906.23,169906.23,SBL-SOV-017052,SEC.BOND.5Y,1205,2022-08-25,2027-07-30,2027-07-30,0.3288,FIXED,169906.23,BR-001,40,GHGGB7501045
SECURITY.POSITION/3004393,SECURITY_HOLDING,GHS,41685.58,41685.58,SBL-SOV-017052,SEC.BOND.10Y,1206,2017-03-25,2027-02-01,2027-02-01,0.3136,FIXED,41685.58,BR-001,40,GHGGB1343529
SECURITY.POSITION/3004395,SECURITY_HOLDING,GHS,47274.54,47274.54,SBL-SOV-017052,SEC.BOND.10Y,1206,2020-05-03,2030-03-12,2030-03-12,0.318,FIXED,47274.54,BR-001,40,GHGGB8689057
SECURITY.POSITION/3004396,SECURITY_HOLDING,GHS,39740.58,39740.58,SBL-SOV-017052,SEC.BOND.10Y,1206,2018-03-17,2028-01-24,2028-01-24,0.3173,FIXED,39740.58,BR-001,40,GHGGB6293747
SECURITY.POSITION/3004397,SECURITY_HOLDING,GHS,52717.28,52717.28,SBL-SOV-017052,SEC.BOND.10Y,1206,2020-05-01,2030-03-10,2030-03-10,0.3172,FIXED,52717.28,BR-001,40,GHGGB5700804
SECURITY.POSITION/3004399,SECURITY_HOLDING,GHS,14994.13,14994.13,SBL-SOV-017052,SEC.BOND.10Y,1206,2019-05-30,2029-04-07,2029-04-07,0.318,FIXED,14994.13,BR-001,40,GHGGB6203253
SECURITY.POSITION/3004401,SECURITY_HOLDING,GHS,11811.01,11811.01,SBL-SOV-017052,SEC.BOND.10Y,1206,2019-10-01,2029-08-09,2029-08-09,0.3156,FIXED,11811.01,BR-001,40,GHGGB6532577
SECURITY.POSITION/3004402,SECURITY_HOLDING,GHS,24605.23,24605.23,SBL-SOV-017052,SEC.BOND.10Y,1206,2018-08-22,2028-06-30,2028-06-30,0.3127,FIXED,24605.23,BR-001,40,GHGGB9310591
SECURITY.POSITION/3004437,SECURITY_HOLDING,GHS,212941.62,212941.62,SBL-SOV-017052,SEC.BOND.5Y,1205,2022-04-20,2027-03-25,2027-03-25,0.3299,FIXED,212941.62,BR-001,39,GHGGB5940263
SECURITY.POSITION/3004444,SECURITY_HOLDING,GHS,266514.91,266514.91,SBL-SOV-017052,SEC.BOND.5Y,1205,2021-11-25,2026-10-30,2026-10-30,0.3279,FIXED,266514.91,BR-001,39,GHGGB6294453
SECURITY.POSITION/3004448,SECURITY_HOLDING,GHS,298061.53,298061.53,SBL-SOV-017052,SEC.BOND.5Y,1205,2022-06-05,2027-05-10,2027-05-10,0.3284,FIXED,298061.53,BR-001,39,GHGGB9430888
SECURITY.POSITION/3004449,SECURITY_HOLDING,GHS,34258.92,34258.92,SBL-SOV-017052,SEC.BOND.10Y,1206,2018-03-15,2028-01-22,2028-01-22,0.3212,FIXED,34258.92,BR-001,39,GHGGB6677091
SECURITY.POSITION/3004452,SECURITY_HOLDING,GHS,197061.62,197061.62,SBL-SOV-017052,SEC.BOND.10Y,1206,2018-02-07,2027-12-17,2027-12-17,0.3175,FIXED,197061.62,BR-001,39,GHGGB2407446
SECURITY.POSITION/3004453,SECURITY_HOLDING,GHS,69832.51,69832.51,SBL-SOV-017052,SEC.BOND.10Y,1206,2020-10-28,2030-09-06,2030-09-06,0.3202,FIXED,69832.51,BR-001,39,GHGGB9855265
SECURITY.POSITION/3004456,SECURITY_HOLDING,GHS,311035.52,311035.52,SBL-SOV-017052,SEC.BOND.10Y,1206,2018-10-08,2028-08-16,2028-08-16,0.3154,FIXED,311035.52,BR-001,39,GHGGB3863507
SECURITY.POSITION/3004457,SECURITY_HOLDING,GHS,44625.50,44625.50,SBL-SOV-017052,SEC.BOND.10Y,1206,2017-02-05,2026-12-15,2026-12-15,0.3175,FIXED,44625.50,BR-001,39,GHGGB7967992
SECURITY.POSITION/3004503,SECURITY_HOLDING,GHS,505047.82,505047.82,SBL-SOV-017052,SEC.BOND.5Y,1205,2021-10-15,2026-09-19,2026-09-19,0.3246,FIXED,505047.82,BR-001,38,GHGGB1150084
SECURITY.POSITION/3004506,SECURITY_HOLDING,GHS,559037.44,559037.44,SBL-SOV-017052,SEC.BOND.5Y,1205,2022-10-03,2027-09-07,2027-09-07,0.3229,FIXED,559037.44,BR-001,38,GHGGB2565473
SECURITY.POSITION/3004510,SECURITY_HOLDING,GHS,616072.58,616072.58,SBL-SOV-017052,SEC.BOND.5Y,1205,2022-01-18,2026-12-23,2026-12-23,0.3232,FIXED,616072.58,BR-001,38,GHGGB4359785
SECURITY.POSITION/3004511,SECURITY_HOLDING,GHS,242926.39,242926.39,SBL-SOV-017052,SEC.BOND.5Y,1205,2023-03-22,2028-02-24,2028-02-24,0.318,FIXED,242926.39,BR-001,38,GHGGB8991596
SECURITY.POSITION/3004512,SECURITY_HOLDING,GHS,404553.47,404553.47,SBL-SOV-017052,SEC.BOND.10Y,1206,2016-12-25,2026-11-03,2026-11-03,0.3148,FIXED,404553.47,BR-001,38,GHGGB4318185
SECURITY.POSITION/3004515,SECURITY_HOLDING,GHS,59768.38,59768.38,SBL-SOV-017052,SEC.BOND.10Y,1206,2021-11-02,2031-09-11,2031-09-11,0.3212,FIXED,59768.38,BR-001,38,GHGGB9762910
SECURITY.POSITION/3004517,SECURITY_HOLDING,GHS,89997.91,89997.91,SBL-SOV-017052,SEC.BOND.10Y,1206,2022-08-30,2032-07-08,2032-07-08,0.3161,FIXED,89997.91,BR-001,38,GHGGB1494364
SECURITY.POSITION/3004519,SECURITY_HOLDING,GHS,66748.71,66748.71,SBL-SOV-017052,SEC.BOND.10Y,1206,2016-10-02,2026-08-11,2026-08-11,0.316,FIXED,66748.71,BR-001,38,GHGGB1831913
SECURITY.POSITION/3004564,SECURITY_HOLDING,GHS,279506.04,279506.04,SBL-SOV-017052,SEC.BOND.5Y,1205,2022-04-16,2027-03-21,2027-03-21,0.3296,FIXED,279506.04,BR-001,37,GHGGB1226823
SECURITY.POSITION/3004566,SECURITY_HOLDING,GHS,190716.66,190716.66,SBL-SOV-017052,SEC.BOND.5Y,1205,2022-03-17,2027-02-19,2027-02-19,0.324,FIXED,190716.66,BR-001,37,GHGGB7769838
SECURITY.POSITION/3004567,SECURITY_HOLDING,GHS,1619509.80,1619509.80,SBL-SOV-017052,SEC.BOND.5Y,1205,2021-12-08,2026-11-12,2026-11-12,0.3207,FIXED,1619509.80,BR-001,37,GHGGB1448890
SECURITY.POSITION/3004569,SECURITY_HOLDING,GHS,170767.56,170767.56,SBL-SOV-017052,SEC.BOND.5Y,1205,2022-11-22,2027-10-27,2027-10-27,0.3297,FIXED,170767.56,BR-001,37,GHGGB9939751
SECURITY.POSITION/3004571,SECURITY_HOLDING,GHS,260703.02,260703.02,SBL-SOV-017052,SEC.BOND.5Y,1205,2022-05-28,2027-05-02,2027-05-02,0.321,FIXED,260703.02,BR-001,37,GHGGB4227890
SECURITY.POSITION/3004572,SECURITY_HOLDING,GHS,45632.03,45632.03,SBL-SOV-017052,SEC.BOND.10Y,1206,2016-12-26,2026-11-04,2026-11-04,0.3187,FIXED,45632.03,BR-001,37,GHGGB2674275
SECURITY.POSITION/3004575,SECURITY_HOLDING,GHS,68383.71,68383.71,SBL-SOV-017052,SEC.BOND.10Y,1206,2019-08-15,2029-06-23,2029-06-23,0.316,FIXED,68383.71,BR-001,37,GHGGB9992975
SECURITY.POSITION/3004576,SECURITY_HOLDING,GHS,51725.35,51725.35,SBL-SOV-017052,SEC.BOND.10Y,1206,2019-02-05,2028-12-14,2028-12-14,0.3126,FIXED,51725.35,BR-001,37,GHGGB4123578
SECURITY.POSITION/3004577,SECURITY_HOLDING,GHS,126780.69,126780.69,SBL-SOV-017052,SEC.BOND.10Y,1206,2017-11-16,2027-09-25,2027-09-25,0.318,FIXED,126780.69,BR-001,37,GHGGB1621083
SECURITY.POSITION/3004578,SECURITY_HOLDING,GHS,347381.67,347381.67,SBL-SOV-017052,SEC.BOND.10Y,1206,2019-04-04,2029-02-10,2029-02-10,0.3238,FIXED,347381.67,BR-001,37,GHGGB6955219
SECURITY.POSITION/3004579,SECURITY_HOLDING,GHS,93595.24,93595.24,SBL-SOV-017052,SEC.BOND.10Y,1206,2020-06-05,2030-04-14,2030-04-14,0.3141,FIXED,93595.24,BR-001,37,GHGGB7640518
SECURITY.POSITION/3004580,SECURITY_HOLDING,GHS,45931.40,45931.40,SBL-SOV-017052,SEC.BOND.10Y,1206,2020-10-29,2030-09-07,2030-09-07,0.3215,FIXED,45931.40,BR-001,37,GHGGB5190995
SECURITY.POSITION/3004581,SECURITY_HOLDING,GHS,166768.07,166768.07,SBL-SOV-017052,SEC.BOND.10Y,1206,2021-09-11,2031-07-21,2031-07-21,0.3213,FIXED,166768.07,BR-001,37,GHGGB2413613
SECURITY.POSITION/3004626,SECURITY_HOLDING,GHS,290274.77,290274.77,SBL-SOV-017052,SEC.BOND.5Y,1205,2022-10-07,2027-09-11,2027-09-11,0.317,FIXED,290274.77,BR-001,36,GHGGB7847081
SECURITY.POSITION/3004627,SECURITY_HOLDING,GHS,184739.37,184739.37,SBL-SOV-017052,SEC.BOND.5Y,1205,2022-10-29,2027-10-03,2027-10-03,0.3194,FIXED,184739.37,BR-001,36,GHGGB1832882
SECURITY.POSITION/3004632,SECURITY_HOLDING,GHS,69792.43,69792.43,SBL-SOV-017052,SEC.BOND.10Y,1206,2017-02-07,2026-12-17,2026-12-17,0.324,FIXED,69792.43,BR-001,36,GHGGB8431064
SECURITY.POSITION/3004634,SECURITY_HOLDING,GHS,54367.95,54367.95,SBL-SOV-017052,SEC.BOND.10Y,1206,2019-02-18,2028-12-27,2028-12-27,0.3229,FIXED,54367.95,BR-001,36,GHGGB5781303
SECURITY.POSITION/3004636,SECURITY_HOLDING,GHS,142991.05,142991.05,SBL-SOV-017052,SEC.BOND.10Y,1206,2016-09-14,2026-07-24,2026-07-24,0.3191,FIXED,142991.05,BR-001,36,GHGGB8783697
SECURITY.POSITION/3004640,SECURITY_HOLDING,GHS,52547.89,52547.89,SBL-SOV-017052,SEC.BOND.10Y,1206,2019-08-12,2029-06-20,2029-06-20,0.3188,FIXED,52547.89,BR-001,36,GHGGB6980378
SECURITY.POSITION/3004642,SECURITY_HOLDING,GHS,73627.88,73627.88,SBL-SOV-017052,SEC.BOND.10Y,1206,2018-03-08,2028-01-15,2028-01-15,0.3196,FIXED,73627.88,BR-001,36,GHGGB3964078
SECURITY.POSITION/3004692,SECURITY_HOLDING,GHS,124188.91,124188.91,SBL-SOV-017052,SEC.BOND.5Y,1205,2022-11-04,2027-10-09,2027-10-09,0.3268,FIXED,124188.91,BR-001,35,GHGGB7610017
SECURITY.POSITION/3004694,SECURITY_HOLDING,GHS,324869.85,324869.85,SBL-SOV-017052,SEC.BOND.5Y,1205,2022-11-16,2027-10-21,2027-10-21,0.3196,FIXED,324869.85,BR-001,35,GHGGB6025800
SECURITY.POSITION/3004695,SECURITY_HOLDING,GHS,305260.74,305260.74,SBL-SOV-017052,SEC.BOND.5Y,1205,2022-03-13,2027-02-15,2027-02-15,0.3195,FIXED,305260.74,BR-001,35,GHGGB6291242
SECURITY.POSITION/3004702,SECURITY_HOLDING,GHS,228941.92,228941.92,SBL-SOV-017052,SEC.BOND.10Y,1206,2020-04-27,2030-03-06,2030-03-06,0.3151,FIXED,228941.92,BR-001,35,GHGGB2815764
SECURITY.POSITION/3004703,SECURITY_HOLDING,GHS,446697.99,446697.99,SBL-SOV-017052,SEC.BOND.10Y,1206,2018-12-07,2028-10-15,2028-10-15,0.3131,FIXED,446697.99,BR-001,35,GHGGB4791506
SECURITY.POSITION/3004704,SECURITY_HOLDING,GHS,260512.86,260512.86,SBL-SOV-017052,SEC.BOND.10Y,1206,2021-03-30,2031-02-06,2031-02-06,0.3111,FIXED,260512.86,BR-001,35,GHGGB7090363
SECURITY.POSITION/3004705,SECURITY_HOLDING,GHS,105819.20,105819.20,SBL-SOV-017052,SEC.BOND.10Y,1206,2016-09-15,2026-07-25,2026-07-25,0.3128,FIXED,105819.20,BR-001,35,GHGGB2223191
SECURITY.POSITION/3004707,SECURITY_HOLDING,GHS,224330.31,224330.31,SBL-SOV-017052,SEC.BOND.10Y,1206,2021-03-16,2031-01-23,2031-01-23,0.3179,FIXED,224330.31,BR-001,35,GHGGB6556569
SECURITY.POSITION/3004749,SECURITY_HOLDING,GHS,125562.97,125562.97,SBL-SOV-017052,SEC.BOND.5Y,1205,2023-05-02,2028-04-05,2028-04-05,0.3255,FIXED,125562.97,BR-001,34,GHGGB1194532
SECURITY.POSITION/3004750,SECURITY_HOLDING,GHS,271625.29,271625.29,SBL-SOV-017052,SEC.BOND.5Y,1205,2023-03-08,2028-02-10,2028-02-10,0.3269,FIXED,271625.29,BR-001,34,GHGGB2866912
SECURITY.POSITION/3004751,SECURITY_HOLDING,GHS,436987.24,436987.24,SBL-SOV-017052,SEC.BOND.5Y,1205,2023-06-25,2028-05-29,2028-05-29,0.3234,FIXED,436987.24,BR-001,34,GHGGB1151891
SECURITY.POSITION/3004752,SECURITY_HOLDING,GHS,337036.20,337036.20,SBL-SOV-017052,SEC.BOND.5Y,1205,2022-07-19,2027-06-23,2027-06-23,0.3292,FIXED,337036.20,BR-001,34,GHGGB9436385
SECURITY.POSITION/3004756,SECURITY_HOLDING,GHS,238551.39,238551.39,SBL-SOV-017052,SEC.BOND.5Y,1205,2023-03-01,2028-02-03,2028-02-03,0.3226,FIXED,238551.39,BR-001,34,GHGGB5630153
SECURITY.POSITION/3004760,SECURITY_HOLDING,GHS,24475.99,24475.99,SBL-SOV-017052,SEC.BOND.10Y,1206,2016-11-27,2026-10-06,2026-10-06,0.3206,FIXED,24475.99,BR-001,34,GHGGB3570041
SECURITY.POSITION/3004761,SECURITY_HOLDING,GHS,33207.73,33207.73,SBL-SOV-017052,SEC.BOND.10Y,1206,2020-04-01,2030-02-08,2030-02-08,0.3225,FIXED,33207.73,BR-001,34,GHGGB9082613
SECURITY.POSITION/3004762,SECURITY_HOLDING,GHS,48538.65,48538.65,SBL-SOV-017052,SEC.BOND.10Y,1206,2017-08-23,2027-07-02,2027-07-02,0.3199,FIXED,48538.65,BR-001,34,GHGGB8947844
SECURITY.POSITION/3004763,SECURITY_HOLDING,GHS,28745.40,28745.40,SBL-SOV-017052,SEC.BOND.10Y,1206,2021-09-13,2031-07-23,2031-07-23,0.3215,FIXED,28745.40,BR-001,34,GHGGB3166540
SECURITY.POSITION/3004765,SECURITY_HOLDING,GHS,113060.91,113060.91,SBL-SOV-017052,SEC.BOND.10Y,1206,2017-11-19,2027-09-28,2027-09-28,0.3172,FIXED,113060.91,BR-001,34,GHGGB2945055
SECURITY.POSITION/3004766,SECURITY_HOLDING,GHS,75517.65,75517.65,SBL-SOV-017052,SEC.BOND.10Y,1206,2019-09-21,2029-07-30,2029-07-30,0.3186,FIXED,75517.65,BR-001,34,GHGGB5896281
SECURITY.POSITION/3004767,SECURITY_HOLDING,GHS,14570.02,14570.02,SBL-SOV-017052,SEC.BOND.10Y,1206,2021-03-06,2031-01-13,2031-01-13,0.3211,FIXED,14570.02,BR-001,34,GHGGB2008186
SECURITY.POSITION/3004768,SECURITY_HOLDING,GHS,69316.80,69316.80,SBL-SOV-017052,SEC.BOND.10Y,1206,2020-06-14,2030-04-23,2030-04-23,0.3215,FIXED,69316.80,BR-001,34,GHGGB6370574
SECURITY.POSITION/3004769,SECURITY_HOLDING,GHS,60303.29,60303.29,SBL-SOV-017052,SEC.BOND.10Y,1206,2020-07-30,2030-06-08,2030-06-08,0.3218,FIXED,60303.29,BR-001,34,GHGGB1334769
SECURITY.POSITION/3004812,SECURITY_HOLDING,GHS,249276.40,249276.40,SBL-SOV-017052,SEC.BOND.5Y,1205,2022-04-15,2027-03-20,2027-03-20,0.2588,FIXED,249276.40,BR-001,33,GHGGB9925671
SECURITY.POSITION/3004816,SECURITY_HOLDING,GHS,499152.67,499152.67,SBL-SOV-017052,SEC.BOND.5Y,1205,2022-06-16,2027-05-21,2027-05-21,0.2579,FIXED,499152.67,BR-001,33,GHGGB2107221
SECURITY.POSITION/3004817,SECURITY_HOLDING,GHS,223454.26,223454.26,SBL-SOV-017052,SEC.BOND.5Y,1205,2023-05-24,2028-04-27,2028-04-27,0.2583,FIXED,223454.26,BR-001,33,GHGGB2049964
SECURITY.POSITION/3004819,SECURITY_HOLDING,GHS,648025.40,648025.40,SBL-SOV-017052,SEC.BOND.5Y,1205,2021-11-13,2026-10-18,2026-10-18,0.2557,FIXED,648025.40,BR-001,33,GHGGB2562134
SECURITY.POSITION/3004820,SECURITY_HOLDING,GHS,297851.48,297851.48,SBL-SOV-017052,SEC.BOND.5Y,1205,2022-08-24,2027-07-29,2027-07-29,0.2633,FIXED,297851.48,BR-001,33,GHGGB4347447
SECURITY.POSITION/3004824,SECURITY_HOLDING,GHS,52257.20,52257.20,SBL-SOV-017052,SEC.BOND.10Y,1206,2017-01-03,2026-11-12,2026-11-12,0.2678,FIXED,52257.20,BR-001,33,GHGGB3952162
SECURITY.POSITION/3004825,SECURITY_HOLDING,GHS,341490.29,341490.29,SBL-SOV-017052,SEC.BOND.10Y,1206,2019-07-27,2029-06-04,2029-06-04,0.2699,FIXED,341490.29,BR-001,33,GHGGB3182131
SECURITY.POSITION/3004826,SECURITY_HOLDING,GHS,41731.16,41731.16,SBL-SOV-017052,SEC.BOND.10Y,1206,2019-10-17,2029-08-25,2029-08-25,0.271,FIXED,41731.16,BR-001,33,GHGGB2241651
SECURITY.POSITION/3004827,SECURITY_HOLDING,GHS,41849.71,41849.71,SBL-SOV-017052,SEC.BOND.10Y,1206,2017-07-03,2027-05-12,2027-05-12,0.2683,FIXED,41849.71,BR-001,33,GHGGB6765895
SECURITY.POSITION/3004828,SECURITY_HOLDING,GHS,146096.72,146096.72,SBL-SOV-017052,SEC.BOND.10Y,1206,2017-12-17,2027-10-26,2027-10-26,0.267,FIXED,146096.72,BR-001,33,GHGGB7388167
SECURITY.POSITION/3004829,SECURITY_HOLDING,GHS,542449.33,542449.33,SBL-SOV-017052,SEC.BOND.10Y,1206,2021-11-24,2031-10-03,2031-10-03,0.2666,FIXED,542449.33,BR-001,33,GHGGB1337257
SECURITY.POSITION/3004830,SECURITY_HOLDING,GHS,192409.55,192409.55,SBL-SOV-017052,SEC.BOND.10Y,1206,2020-06-17,2030-04-26,2030-04-26,0.2696,FIXED,192409.55,BR-001,33,GHGGB8480860
SECURITY.POSITION/3004866,SECURITY_HOLDING,GHS,410018.51,410018.51,SBL-SOV-017052,SEC.BOND.5Y,1205,2022-08-08,2027-07-13,2027-07-13,0.2573,FIXED,410018.51,BR-001,32,GHGGB3985466
SECURITY.POSITION/3004870,SECURITY_HOLDING,GHS,770026.78,770026.78,SBL-SOV-017052,SEC.BOND.5Y,1205,2022-10-17,2027-09-21,2027-09-21,0.2589,FIXED,770026.78,BR-001,32,GHGGB6041285
SECURITY.POSITION/3004871,SECURITY_HOLDING,GHS,1570869.66,1570869.66,SBL-SOV-017052,SEC.BOND.5Y,1205,2023-04-04,2028-03-08,2028-03-08,0.2571,FIXED,1570869.66,BR-001,32,GHGGB6698894
SECURITY.POSITION/3004873,SECURITY_HOLDING,GHS,361146.89,361146.89,SBL-SOV-017052,SEC.BOND.5Y,1205,2023-06-26,2028-05-30,2028-05-30,0.252,FIXED,361146.89,BR-001,32,GHGGB1481522
SECURITY.POSITION/3004874,SECURITY_HOLDING,GHS,378130.48,378130.48,SBL-SOV-017052,SEC.BOND.5Y,1205,2022-04-28,2027-04-02,2027-04-02,0.2522,FIXED,378130.48,BR-001,32,GHGGB4516126
SECURITY.POSITION/3004876,SECURITY_HOLDING,GHS,366597.06,366597.06,SBL-SOV-017052,SEC.BOND.10Y,1206,2017-03-26,2027-02-02,2027-02-02,0.267,FIXED,366597.06,BR-001,32,GHGGB6854526
SECURITY.POSITION/3004877,SECURITY_HOLDING,GHS,177385.00,177385.00,SBL-SOV-017052,SEC.BOND.10Y,1206,2020-06-17,2030-04-26,2030-04-26,0.2714,FIXED,177385.00,BR-001,32,GHGGB6175697
SECURITY.POSITION/3004878,SECURITY_HOLDING,GHS,904497.41,904497.41,SBL-SOV-017052,SEC.BOND.10Y,1206,2017-12-04,2027-10-13,2027-10-13,0.2657,FIXED,904497.41,BR-001,32,GHGGB9087926
SECURITY.POSITION/3004879,SECURITY_HOLDING,GHS,171277.36,171277.36,SBL-SOV-017052,SEC.BOND.10Y,1206,2016-10-16,2026-08-25,2026-08-25,0.2698,FIXED,171277.36,BR-001,32,GHGGB3526827
SECURITY.POSITION/3004880,SECURITY_HOLDING,GHS,392018.72,392018.72,SBL-SOV-017052,SEC.BOND.10Y,1206,2016-12-02,2026-10-11,2026-10-11,0.2673,FIXED,392018.72,BR-001,32,GHGGB5568149
SECURITY.POSITION/3004881,SECURITY_HOLDING,GHS,236724.91,236724.91,SBL-SOV-017052,SEC.BOND.10Y,1206,2020-10-30,2030-09-08,2030-09-08,0.2694,FIXED,236724.91,BR-001,32,GHGGB7685463
SECURITY.POSITION/3004882,SECURITY_HOLDING,GHS,284804.30,284804.30,SBL-SOV-017052,SEC.BOND.10Y,1206,2021-11-13,2031-09-22,2031-09-22,0.2702,FIXED,284804.30,BR-001,32,GHGGB1287273
SECURITY.POSITION/3004884,SECURITY_HOLDING,GHS,540230.52,540230.52,SBL-SOV-017052,SEC.BOND.10Y,1206,2019-09-15,2029-07-24,2029-07-24,0.2622,FIXED,540230.52,BR-001,32,GHGGB8867092
SECURITY.POSITION/3004918,SECURITY_HOLDING,GHS,215935.57,215935.57,SBL-SOV-017052,SEC.BOND.5Y,1205,2022-03-05,2027-02-07,2027-02-07,0.2582,FIXED,215935.57,BR-001,31,GHGGB5684250
SECURITY.POSITION/3004921,SECURITY_HOLDING,GHS,238247.41,238247.41,SBL-SOV-017052,SEC.BOND.5Y,1205,2023-07-28,2028-07-01,2028-07-01,0.2526,FIXED,238247.41,BR-001,31,GHGGB9355779
SECURITY.POSITION/3004923,SECURITY_HOLDING,GHS,372781.55,372781.55,SBL-SOV-017052,SEC.BOND.5Y,1205,2022-05-14,2027-04-18,2027-04-18,0.2576,FIXED,372781.55,BR-001,31,GHGGB3464969
SECURITY.POSITION/3004925,SECURITY_HOLDING,GHS,292044.94,292044.94,SBL-SOV-017052,SEC.BOND.5Y,1205,2022-02-06,2027-01-11,2027-01-11,0.2517,FIXED,292044.94,BR-001,31,GHGGB9281779
SECURITY.POSITION/3004926,SECURITY_HOLDING,GHS,289074.82,289074.82,SBL-SOV-017052,SEC.BOND.5Y,1205,2023-02-10,2028-01-15,2028-01-15,0.2466,FIXED,289074.82,BR-001,31,GHGGB4531023
SECURITY.POSITION/3004928,SECURITY_HOLDING,GHS,457560.05,457560.05,SBL-SOV-017052,SEC.BOND.5Y,1205,2021-12-18,2026-11-22,2026-11-22,0.2469,FIXED,457560.05,BR-001,31,GHGGB1191811
SECURITY.POSITION/3004934,SECURITY_HOLDING,GHS,90653.75,90653.75,SBL-SOV-017052,SEC.BOND.10Y,1206,2023-07-22,2033-05-30,2033-05-30,0.2676,FIXED,90653.75,BR-001,31,GHGGB4318423
SECURITY.POSITION/3004935,SECURITY_HOLDING,GHS,84718.51,84718.51,SBL-SOV-017052,SEC.BOND.10Y,1206,2022-08-19,2032-06-27,2032-06-27,0.2654,FIXED,84718.51,BR-001,31,GHGGB8056802
SECURITY.POSITION/3004936,SECURITY_HOLDING,GHS,36945.14,36945.14,SBL-SOV-017052,SEC.BOND.10Y,1206,2023-07-07,2033-05-15,2033-05-15,0.2649,FIXED,36945.14,BR-001,31,GHGGB2204883
SECURITY.POSITION/3004937,SECURITY_HOLDING,GHS,26622.64,26622.64,SBL-SOV-017052,SEC.BOND.10Y,1206,2017-09-22,2027-08-01,2027-08-01,0.273,FIXED,26622.64,BR-001,31,GHGGB5750618
SECURITY.POSITION/3004985,SECURITY_HOLDING,GHS,53929.01,53929.01,SBL-SOV-017052,SEC.BOND.5Y,1205,2022-09-29,2027-09-03,2027-09-03,0.2645,FIXED,53929.01,BR-001,30,GHGGB9851305
SECURITY.POSITION/3004986,SECURITY_HOLDING,GHS,302470.53,302470.53,SBL-SOV-017052,SEC.BOND.5Y,1205,2021-08-22,2026-07-27,2026-07-27,0.259,FIXED,302470.53,BR-001,30,GHGGB3791410
SECURITY.POSITION/3004987,SECURITY_HOLDING,GHS,206979.61,206979.61,SBL-SOV-017052,SEC.BOND.5Y,1205,2023-03-25,2028-02-27,2028-02-27,0.2664,FIXED,206979.61,BR-001,30,GHGGB4855794
SECURITY.POSITION/3004988,SECURITY_HOLDING,GHS,444858.50,444858.50,SBL-SOV-017052,SEC.BOND.5Y,1205,2021-08-24,2026-07-29,2026-07-29,0.2614,FIXED,444858.50,BR-001,30,GHGGB3432168
SECURITY.POSITION/3004990,SECURITY_HOLDING,GHS,173365.46,173365.46,SBL-SOV-017052,SEC.BOND.5Y,1205,2023-05-23,2028-04-26,2028-04-26,0.2597,FIXED,173365.46,BR-001,30,GHGGB7458286
SECURITY.POSITION/3004993,SECURITY_HOLDING,GHS,163675.81,163675.81,SBL-SOV-017052,SEC.BOND.5Y,1205,2023-04-05,2028-03-09,2028-03-09,0.2593,FIXED,163675.81,BR-001,30,GHGGB1851507
SECURITY.POSITION/3004994,SECURITY_HOLDING,GHS,172716.46,172716.46,SBL-SOV-017052,SEC.BOND.5Y,1205,2022-03-14,2027-02-16,2027-02-16,0.2656,FIXED,172716.46,BR-001,30,GHGGB5910583
SECURITY.POSITION/3004995,SECURITY_HOLDING,GHS,384884.92,384884.92,SBL-SOV-017052,SEC.BOND.5Y,1205,2023-10-10,2028-09-13,2028-09-13,0.2621,FIXED,384884.92,BR-001,30,GHGGB8102223
SECURITY.POSITION/3004998,SECURITY_HOLDING,GHS,53490.20,53490.20,SBL-SOV-017052,SEC.BOND.10Y,1206,2023-01-15,2032-11-23,2032-11-23,0.2648,FIXED,53490.20,BR-001,30,GHGGB6879202
SECURITY.POSITION/3004999,SECURITY_HOLDING,GHS,46874.41,46874.41,SBL-SOV-017052,SEC.BOND.10Y,1206,2018-01-28,2027-12-07,2027-12-07,0.2718,FIXED,46874.41,BR-001,30,GHGGB8633102
SECURITY.POSITION/3005000,SECURITY_HOLDING,GHS,40249.75,40249.75,SBL-SOV-017052,SEC.BOND.10Y,1206,2018-04-22,2028-02-29,2028-02-29,0.2686,FIXED,40249.75,BR-001,30,GHGGB3460682
SECURITY.POSITION/3005001,SECURITY_HOLDING,GHS,69532.89,69532.89,SBL-SOV-017052,SEC.BOND.10Y,1206,2023-07-05,2033-05-13,2033-05-13,0.267,FIXED,69532.89,BR-001,30,GHGGB4193175
SECURITY.POSITION/3005003,SECURITY_HOLDING,GHS,62133.93,62133.93,SBL-SOV-017052,SEC.BOND.10Y,1206,2020-12-02,2030-10-11,2030-10-11,0.269,FIXED,62133.93,BR-001,30,GHGGB9293256
SECURITY.POSITION/3005005,SECURITY_HOLDING,GHS,79974.30,79974.30,SBL-SOV-017052,SEC.BOND.10Y,1206,2021-07-08,2031-05-17,2031-05-17,0.2659,FIXED,79974.30,BR-001,30,GHGGB8347162
SECURITY.POSITION/3005045,SECURITY_HOLDING,GHS,931920.92,931920.92,SBL-SOV-017052,SEC.BOND.5Y,1205,2022-11-25,2027-10-30,2027-10-30,0.2581,FIXED,931920.92,BR-001,29,GHGGB7154019
SECURITY.POSITION/3005046,SECURITY_HOLDING,GHS,765704.84,765704.84,SBL-SOV-017052,SEC.BOND.5Y,1205,2022-09-02,2027-08-07,2027-08-07,0.2564,FIXED,765704.84,BR-001,29,GHGGB4930852
SECURITY.POSITION/3005047,SECURITY_HOLDING,GHS,334291.78,334291.78,SBL-SOV-017052,SEC.BOND.5Y,1205,2022-05-04,2027-04-08,2027-04-08,0.2566,FIXED,334291.78,BR-001,29,GHGGB2373851
SECURITY.POSITION/3005048,SECURITY_HOLDING,GHS,137113.93,137113.93,SBL-SOV-017052,SEC.BOND.5Y,1205,2022-06-12,2027-05-17,2027-05-17,0.2534,FIXED,137113.93,BR-001,29,GHGGB5444998
SECURITY.POSITION/3005052,SECURITY_HOLDING,GHS,300247.58,300247.58,SBL-SOV-017052,SEC.BOND.10Y,1206,2017-03-07,2027-01-14,2027-01-14,0.2665,FIXED,300247.58,BR-001,29,GHGGB4498062
SECURITY.POSITION/3005053,SECURITY_HOLDING,GHS,192833.02,192833.02,SBL-SOV-017052,SEC.BOND.10Y,1206,2016-11-03,2026-09-12,2026-09-12,0.2716,FIXED,192833.02,BR-001,29,GHGGB7481913
SECURITY.POSITION/3005054,SECURITY_HOLDING,GHS,548141.89,548141.89,SBL-SOV-017052,SEC.BOND.10Y,1206,2019-08-15,2029-06-23,2029-06-23,0.2723,FIXED,548141.89,BR-001,29,GHGGB2960052
SECURITY.POSITION/3005055,SECURITY_HOLDING,GHS,514039.88,514039.88,SBL-SOV-017052,SEC.BOND.10Y,1206,2023-04-17,2033-02-23,2033-02-23,0.2751,FIXED,514039.88,BR-001,29,GHGGB4340014
SECURITY.POSITION/3005056,SECURITY_HOLDING,GHS,726070.31,726070.31,SBL-SOV-017052,SEC.BOND.10Y,1206,2022-06-08,2032-04-16,2032-04-16,0.2707,FIXED,726070.31,BR-001,29,GHGGB7453866
SECURITY.POSITION/3005057,SECURITY_HOLDING,GHS,180136.85,180136.85,SBL-SOV-017052,SEC.BOND.10Y,1206,2023-06-29,2033-05-07,2033-05-07,0.2675,FIXED,180136.85,BR-001,29,GHGGB5320871
SECURITY.POSITION/3005058,SECURITY_HOLDING,GHS,268830.13,268830.13,SBL-SOV-017052,SEC.BOND.10Y,1206,2018-11-29,2028-10-07,2028-10-07,0.2713,FIXED,268830.13,BR-001,29,GHGGB4281032
SECURITY.POSITION/3005060,SECURITY_HOLDING,GHS,149454.42,149454.42,SBL-SOV-017052,SEC.BOND.10Y,1206,2023-07-19,2033-05-27,2033-05-27,0.2767,FIXED,149454.42,BR-001,29,GHGGB8680117
SECURITY.POSITION/3005103,SECURITY_HOLDING,GHS,346938.22,346938.22,SBL-SOV-017052,SEC.BOND.5Y,1205,2022-09-18,2027-08-23,2027-08-23,0.2585,FIXED,346938.22,BR-001,28,GHGGB5954265
SECURITY.POSITION/3005105,SECURITY_HOLDING,GHS,1056881.14,1056881.14,SBL-SOV-017052,SEC.BOND.5Y,1205,2022-06-22,2027-05-27,2027-05-27,0.2558,FIXED,1056881.14,BR-001,28,GHGGB4278645
SECURITY.POSITION/3005107,SECURITY_HOLDING,GHS,109467.19,109467.19,SBL-SOV-017052,SEC.BOND.5Y,1205,2023-12-04,2028-11-07,2028-11-07,0.2608,FIXED,109467.19,BR-001,28,GHGGB5724839
SECURITY.POSITION/3005110,SECURITY_HOLDING,GHS,191423.01,191423.01,SBL-SOV-017052,SEC.BOND.5Y,1205,2023-07-25,2028-06-28,2028-06-28,0.2567,FIXED,191423.01,BR-001,28,GHGGB1807229
SECURITY.POSITION/3005113,SECURITY_HOLDING,GHS,71198.38,71198.38,SBL-SOV-017052,SEC.BOND.10Y,1206,2021-07-15,2031-05-24,2031-05-24,0.2629,FIXED,71198.38,BR-001,28,GHGGB9268467
SECURITY.POSITION/3005116,SECURITY_HOLDING,GHS,1009457.40,1009457.40,SBL-SOV-017052,SEC.BOND.10Y,1206,2019-07-15,2029-05-23,2029-05-23,0.2681,FIXED,1009457.40,BR-001,28,GHGGB7797232
SECURITY.POSITION/3005117,SECURITY_HOLDING,GHS,194652.06,194652.06,SBL-SOV-017052,SEC.BOND.10Y,1206,2022-05-03,2032-03-11,2032-03-11,0.2641,FIXED,194652.06,BR-001,28,GHGGB6467491
SECURITY.POSITION/3005118,SECURITY_HOLDING,GHS,850437.46,850437.46,SBL-SOV-017052,SEC.BOND.10Y,1206,2020-12-24,2030-11-02,2030-11-02,0.2631,FIXED,850437.46,BR-001,28,GHGGB9781237
SECURITY.POSITION/3005119,SECURITY_HOLDING,GHS,247819.51,247819.51,SBL-SOV-017052,SEC.BOND.10Y,1206,2019-06-19,2029-04-27,2029-04-27,0.2639,FIXED,247819.51,BR-001,28,GHGGB3691820
SECURITY.POSITION/3005120,SECURITY_HOLDING,GHS,563622.31,563622.31,SBL-SOV-017052,SEC.BOND.10Y,1206,2019-05-14,2029-03-22,2029-03-22,0.2667,FIXED,563622.31,BR-001,28,GHGGB2007041
SECURITY.POSITION/3005121,SECURITY_HOLDING,GHS,3479086.68,3479086.68,SBL-SOV-017052,SEC.BOND.10Y,1206,2021-11-16,2031-09-25,2031-09-25,0.2684,FIXED,3479086.68,BR-001,28,GHGGB5933995
SECURITY.POSITION/3005122,SECURITY_HOLDING,GHS,423531.03,423531.03,SBL-SOV-017052,SEC.BOND.10Y,1206,2021-10-06,2031-08-15,2031-08-15,0.2698,FIXED,423531.03,BR-001,28,GHGGB9824351
SECURITY.POSITION/3005123,SECURITY_HOLDING,GHS,530211.09,530211.09,SBL-SOV-017052,SEC.BOND.10Y,1206,2021-05-24,2031-04-02,2031-04-02,0.2684,FIXED,530211.09,BR-001,28,GHGGB2654219
SECURITY.POSITION/3005124,SECURITY_HOLDING,GHS,854757.42,854757.42,SBL-SOV-017052,SEC.BOND.10Y,1206,2024-01-21,2033-11-29,2033-11-29,0.2671,FIXED,854757.42,BR-001,28,GHGGB8563487
SECURITY.POSITION/3005154,SECURITY_HOLDING,GHS,139151.17,139151.17,SBL-SOV-017052,SEC.BOND.5Y,1205,2023-01-12,2027-12-17,2027-12-17,0.2563,FIXED,139151.17,BR-001,27,GHGGB1342592
SECURITY.POSITION/3005155,SECURITY_HOLDING,GHS,30952.24,30952.24,SBL-SOV-017052,SEC.BOND.5Y,1205,2021-11-29,2026-11-03,2026-11-03,0.2475,FIXED,30952.24,BR-001,27,GHGGB6696414
SECURITY.POSITION/3005156,SECURITY_HOLDING,GHS,10855.67,10855.67,SBL-SOV-017052,SEC.BOND.5Y,1205,2022-10-07,2027-09-11,2027-09-11,0.2513,FIXED,10855.67,BR-001,27,GHGGB6821557
SECURITY.POSITION/3005159,SECURITY_HOLDING,GHS,168192.67,168192.67,SBL-SOV-017052,SEC.BOND.5Y,1205,2023-04-03,2028-03-07,2028-03-07,0.2549,FIXED,168192.67,BR-001,27,GHGGB2814275
SECURITY.POSITION/3005162,SECURITY_HOLDING,GHS,134276.60,134276.60,SBL-SOV-017052,SEC.BOND.5Y,1205,2022-03-05,2027-02-07,2027-02-07,0.2452,FIXED,134276.60,BR-001,27,GHGGB4493812
SECURITY.POSITION/3005163,SECURITY_HOLDING,GHS,157697.85,157697.85,SBL-SOV-017052,SEC.BOND.5Y,1205,2023-03-22,2028-02-24,2028-02-24,0.2481,FIXED,157697.85,BR-001,27,GHGGB7128307
SECURITY.POSITION/3005166,SECURITY_HOLDING,GHS,353662.73,353662.73,SBL-SOV-017052,SEC.BOND.10Y,1206,2023-09-02,2033-07-11,2033-07-11,0.2665,FIXED,353662.73,BR-001,27,GHGGB4413442
SECURITY.POSITION/3005167,SECURITY_HOLDING,GHS,107794.70,107794.70,SBL-SOV-017052,SEC.BOND.10Y,1206,2018-11-16,2028-09-24,2028-09-24,0.2694,FIXED,107794.70,BR-001,27,GHGGB9607070
SECURITY.POSITION/3005169,SECURITY_HOLDING,GHS,64596.66,64596.66,SBL-SOV-017052,SEC.BOND.10Y,1206,2017-10-02,2027-08-11,2027-08-11,0.265,FIXED,64596.66,BR-001,27,GHGGB5509025
SECURITY.POSITION/3005170,SECURITY_HOLDING,GHS,429869.45,429869.45,SBL-SOV-017052,SEC.BOND.10Y,1206,2021-03-31,2031-02-07,2031-02-07,0.2702,FIXED,429869.45,BR-001,27,GHGGB3409322
SECURITY.POSITION/3005171,SECURITY_HOLDING,GHS,308117.97,308117.97,SBL-SOV-017052,SEC.BOND.10Y,1206,2023-01-23,2032-12-01,2032-12-01,0.2703,FIXED,308117.97,BR-001,27,GHGGB8484060
SECURITY.POSITION/3005174,SECURITY_HOLDING,GHS,685607.83,685607.83,SBL-SOV-017052,SEC.BOND.10Y,1206,2017-05-23,2027-04-01,2027-04-01,0.2633,FIXED,685607.83,BR-001,27,GHGGB9252198
SECURITY.POSITION/3005175,SECURITY_HOLDING,GHS,503527.51,503527.51,SBL-SOV-017052,SEC.BOND.10Y,1206,2019-09-28,2029-08-06,2029-08-06,0.2646,FIXED,503527.51,BR-001,27,GHGGB8570540
SECURITY.POSITION/3005177,SECURITY_HOLDING,GHS,266699.57,266699.57,SBL-SOV-017052,SEC.BOND.10Y,1206,2020-06-30,2030-05-09,2030-05-09,0.2598,FIXED,266699.57,BR-001,27,GHGGB1765322
SECURITY.POSITION/3005215,SECURITY_HOLDING,GHS,929332.25,929332.25,SBL-SOV-017052,SEC.BOND.5Y,1205,2022-07-17,2027-06-21,2027-06-21,0.2591,FIXED,929332.25,BR-001,26,GHGGB6763248
SECURITY.POSITION/3005216,SECURITY_HOLDING,GHS,1027651.98,1027651.98,SBL-SOV-017052,SEC.BOND.5Y,1205,2023-05-16,2028-04-19,2028-04-19,0.2553,FIXED,1027651.98,BR-001,26,GHGGB6062952
SECURITY.POSITION/3005217,SECURITY_HOLDING,GHS,61763.62,61763.62,SBL-SOV-017052,SEC.BOND.5Y,1205,2022-04-05,2027-03-10,2027-03-10,0.257,FIXED,61763.62,BR-001,26,GHGGB9134123
SECURITY.POSITION/3005221,SECURITY_HOLDING,GHS,707084.31,707084.31,SBL-SOV-017052,SEC.BOND.10Y,1206,2024-01-14,2033-11-22,2033-11-22,0.2691,FIXED,707084.31,BR-001,26,GHGGB8971701
SECURITY.POSITION/3005222,SECURITY_HOLDING,GHS,1235365.59,1235365.59,SBL-SOV-017052,SEC.BOND.10Y,1206,2020-02-28,2030-01-06,2030-01-06,0.2659,FIXED,1235365.59,BR-001,26,GHGGB3043611
SECURITY.POSITION/3005223,SECURITY_HOLDING,GHS,787417.91,787417.91,SBL-SOV-017052,SEC.BOND.10Y,1206,2024-01-21,2033-11-29,2033-11-29,0.2644,FIXED,787417.91,BR-001,26,GHGGB4638778
SECURITY.POSITION/3005224,SECURITY_HOLDING,GHS,465070.22,465070.22,SBL-SOV-017052,SEC.BOND.10Y,1206,2023-08-03,2033-06-11,2033-06-11,0.2696,FIXED,465070.22,BR-001,26,GHGGB5425119
SECURITY.POSITION/3005225,SECURITY_HOLDING,GHS,2231997.59,2231997.59,SBL-SOV-017052,SEC.BOND.10Y,1206,2016-12-15,2026-10-24,2026-10-24,0.267,FIXED,2231997.59,BR-001,26,GHGGB6374333
SECURITY.POSITION/3005267,SECURITY_HOLDING,GHS,382054.68,382054.68,SBL-SOV-017052,SEC.BOND.5Y,1205,2022-12-22,2027-11-26,2027-11-26,0.2643,FIXED,382054.68,BR-001,25,GHGGB5458714
SECURITY.POSITION/3005269,SECURITY_HOLDING,GHS,193338.52,193338.52,SBL-SOV-017052,SEC.BOND.5Y,1205,2023-08-31,2028-08-04,2028-08-04,0.264,FIXED,193338.52,BR-001,25,GHGGB5288404
SECURITY.POSITION/3005270,SECURITY_HOLDING,GHS,475846.44,475846.44,SBL-SOV-017052,SEC.BOND.5Y,1205,2022-03-20,2027-02-22,2027-02-22,0.2627,FIXED,475846.44,BR-001,25,GHGGB8077313
SECURITY.POSITION/3005272,SECURITY_HOLDING,GHS,53161.28,53161.28,SBL-SOV-017052,SEC.BOND.5Y,1205,2022-03-24,2027-02-26,2027-02-26,0.2578,FIXED,53161.28,BR-001,25,GHGGB1966293
SECURITY.POSITION/3005273,SECURITY_HOLDING,GHS,352859.20,352859.20,SBL-SOV-017052,SEC.BOND.5Y,1205,2022-02-07,2027-01-12,2027-01-12,0.2637,FIXED,352859.20,BR-001,25,GHGGB4500105
SECURITY.POSITION/3005274,SECURITY_HOLDING,GHS,437925.34,437925.34,SBL-SOV-017052,SEC.BOND.5Y,1205,2022-08-30,2027-08-04,2027-08-04,0.2652,FIXED,437925.34,BR-001,25,GHGGB3470970
SECURITY.POSITION/3005276,SECURITY_HOLDING,GHS,197593.53,197593.53,SBL-SOV-017052,SEC.BOND.5Y,1205,2021-08-30,2026-08-04,2026-08-04,0.2683,FIXED,197593.53,BR-001,25,GHGGB8057556
SECURITY.POSITION/3005277,SECURITY_HOLDING,GHS,399342.69,399342.69,SBL-SOV-017052,SEC.BOND.10Y,1206,2022-11-18,2032-09-26,2032-09-26,0.2704,FIXED,399342.69,BR-001,25,GHGGB5605140
SECURITY.POSITION/3005278,SECURITY_HOLDING,GHS,148622.64,148622.64,SBL-SOV-017052,SEC.BOND.10Y,1206,2024-04-05,2034-02-12,2034-02-12,0.2725,FIXED,148622.64,BR-001,25,GHGGB6010812
SECURITY.POSITION/3005280,SECURITY_HOLDING,GHS,88745.53,88745.53,SBL-SOV-017052,SEC.BOND.10Y,1206,2023-01-17,2032-11-25,2032-11-25,0.2707,FIXED,88745.53,BR-001,25,GHGGB8695419
SECURITY.POSITION/3005281,SECURITY_HOLDING,GHS,176410.63,176410.63,SBL-SOV-017052,SEC.BOND.10Y,1206,2019-04-16,2029-02-22,2029-02-22,0.2628,FIXED,176410.63,BR-001,25,GHGGB7822275
SECURITY.POSITION/3005282,SECURITY_HOLDING,GHS,195989.97,195989.97,SBL-SOV-017052,SEC.BOND.10Y,1206,2019-08-11,2029-06-19,2029-06-19,0.2688,FIXED,195989.97,BR-001,25,GHGGB6021407
SECURITY.POSITION/3005283,SECURITY_HOLDING,GHS,308654.96,308654.96,SBL-SOV-017052,SEC.BOND.10Y,1206,2019-01-09,2028-11-17,2028-11-17,0.2719,FIXED,308654.96,BR-001,25,GHGGB1479857
SECURITY.POSITION/3005284,SECURITY_HOLDING,GHS,169490.17,169490.17,SBL-SOV-017052,SEC.BOND.10Y,1206,2022-03-26,2032-02-02,2032-02-02,0.2642,FIXED,169490.17,BR-001,25,GHGGB6849094
SECURITY.POSITION/3005285,SECURITY_HOLDING,GHS,386905.91,386905.91,SBL-SOV-017052,SEC.BOND.10Y,1206,2022-07-04,2032-05-12,2032-05-12,0.2704,FIXED,386905.91,BR-001,25,GHGGB1429130
SECURITY.POSITION/3005286,SECURITY_HOLDING,GHS,249756.86,249756.86,SBL-SOV-017052,SEC.BOND.10Y,1206,2019-12-01,2029-10-09,2029-10-09,0.2674,FIXED,249756.86,BR-001,25,GHGGB5620486
SECURITY.POSITION/3005322,SECURITY_HOLDING,GHS,217600.34,217600.34,SBL-SOV-017052,SEC.BOND.5Y,1205,2022-02-27,2027-02-01,2027-02-01,0.2588,FIXED,217600.34,BR-001,24,GHGGB7674398
SECURITY.POSITION/3005325,SECURITY_HOLDING,GHS,443140.21,443140.21,SBL-SOV-017052,SEC.BOND.5Y,1205,2024-04-18,2029-03-23,2029-03-23,0.2538,FIXED,443140.21,BR-001,24,GHGGB7317157
SECURITY.POSITION/3005328,SECURITY_HOLDING,GHS,295069.47,295069.47,SBL-SOV-017052,SEC.BOND.5Y,1205,2022-01-19,2026-12-24,2026-12-24,0.2564,FIXED,295069.47,BR-001,24,GHGGB4082001
SECURITY.POSITION/3005329,SECURITY_HOLDING,GHS,481201.13,481201.13,SBL-SOV-017052,SEC.BOND.5Y,1205,2021-09-08,2026-08-13,2026-08-13,0.2634,FIXED,481201.13,BR-001,24,GHGGB6480089
SECURITY.POSITION/3005331,SECURITY_HOLDING,GHS,202462.73,202462.73,SBL-SOV-017052,SEC.BOND.5Y,1205,2022-06-21,2027-05-26,2027-05-26,0.261,FIXED,202462.73,BR-001,24,GHGGB9294530
SECURITY.POSITION/3005332,SECURITY_HOLDING,GHS,277620.61,277620.61,SBL-SOV-017052,SEC.BOND.10Y,1206,2017-12-27,2027-11-05,2027-11-05,0.2779,FIXED,277620.61,BR-001,24,GHGGB4237546
SECURITY.POSITION/3005334,SECURITY_HOLDING,GHS,121787.04,121787.04,SBL-SOV-017052,SEC.BOND.10Y,1206,2020-08-11,2030-06-20,2030-06-20,0.2647,FIXED,121787.04,BR-001,24,GHGGB2273109
SECURITY.POSITION/3005336,SECURITY_HOLDING,GHS,37758.38,37758.38,SBL-SOV-017052,SEC.BOND.10Y,1206,2022-02-12,2031-12-22,2031-12-22,0.2652,FIXED,37758.38,BR-001,24,GHGGB6625161
SECURITY.POSITION/3005337,SECURITY_HOLDING,GHS,11402.75,11402.75,SBL-SOV-017052,SEC.BOND.10Y,1206,2023-11-21,2033-09-29,2033-09-29,0.2739,FIXED,11402.75,BR-001,24,GHGGB2614432
SECURITY.POSITION/3005338,SECURITY_HOLDING,GHS,94580.13,94580.13,SBL-SOV-017052,SEC.BOND.10Y,1206,2024-05-20,2034-03-29,2034-03-29,0.2716,FIXED,94580.13,BR-001,24,GHGGB4609808
SECURITY.POSITION/3005339,SECURITY_HOLDING,GHS,108842.08,108842.08,SBL-SOV-017052,SEC.BOND.10Y,1206,2017-01-21,2026-11-30,2026-11-30,0.264,FIXED,108842.08,BR-001,24,GHGGB3849593
SECURITY.POSITION/3005340,SECURITY_HOLDING,GHS,76477.84,76477.84,SBL-SOV-017052,SEC.BOND.10Y,1206,2021-05-18,2031-03-27,2031-03-27,0.2728,FIXED,76477.84,BR-001,24,GHGGB4245070
SECURITY.POSITION/3005371,SECURITY_HOLDING,GHS,298657.94,298657.94,SBL-SOV-017052,SEC.BOND.2Y,1204,2024-07-13,2026-07-03,2026-07-03,0.2259,FIXED,298657.94,BR-001,23,GHGGB6901501
SECURITY.POSITION/3005375,SECURITY_HOLDING,GHS,669956.07,669956.07,SBL-SOV-017052,SEC.BOND.2Y,1204,2024-07-20,2026-07-10,2026-07-10,0.2272,FIXED,669956.07,BR-001,23,GHGGB4744771
SECURITY.POSITION/3005376,SECURITY_HOLDING,GHS,363358.32,363358.32,SBL-SOV-017052,SEC.BOND.5Y,1205,2021-12-14,2026-11-18,2026-11-18,0.2586,FIXED,363358.32,BR-001,23,GHGGB2020840
SECURITY.POSITION/3005379,SECURITY_HOLDING,GHS,342448.07,342448.07,SBL-SOV-017052,SEC.BOND.5Y,1205,2023-09-15,2028-08-19,2028-08-19,0.2577,FIXED,342448.07,BR-001,23,GHGGB5744249
SECURITY.POSITION/3005380,SECURITY_HOLDING,GHS,1269703.45,1269703.45,SBL-SOV-017052,SEC.BOND.5Y,1205,2022-08-26,2027-07-31,2027-07-31,0.2587,FIXED,1269703.45,BR-001,23,GHGGB5842479
SECURITY.POSITION/3005381,SECURITY_HOLDING,GHS,816644.73,816644.73,SBL-SOV-017052,SEC.BOND.5Y,1205,2023-08-03,2028-07-07,2028-07-07,0.2588,FIXED,816644.73,BR-001,23,GHGGB1643138
SECURITY.POSITION/3005383,SECURITY_HOLDING,GHS,203029.77,203029.77,SBL-SOV-017052,SEC.BOND.10Y,1206,2020-09-10,2030-07-20,2030-07-20,0.2747,FIXED,203029.77,BR-001,23,GHGGB2431112
SECURITY.POSITION/3005384,SECURITY_HOLDING,GHS,308986.32,308986.32,SBL-SOV-017052,SEC.BOND.10Y,1206,2017-03-19,2027-01-26,2027-01-26,0.2766,FIXED,308986.32,BR-001,23,GHGGB6045912
SECURITY.POSITION/3005385,SECURITY_HOLDING,GHS,40970.81,40970.81,SBL-SOV-017052,SEC.BOND.10Y,1206,2024-04-09,2034-02-16,2034-02-16,0.2653,FIXED,40970.81,BR-001,23,GHGGB6941203
SECURITY.POSITION/3005387,SECURITY_HOLDING,GHS,85241.11,85241.11,SBL-SOV-017052,SEC.BOND.10Y,1206,2022-04-05,2032-02-12,2032-02-12,0.2724,FIXED,85241.11,BR-001,23,GHGGB3175920
SECURITY.POSITION/3005388,SECURITY_HOLDING,GHS,255077.96,255077.96,SBL-SOV-017052,SEC.BOND.10Y,1206,2021-06-09,2031-04-18,2031-04-18,0.2754,FIXED,255077.96,BR-001,23,GHGGB7442064
SECURITY.POSITION/3005390,SECURITY_HOLDING,GHS,42515.86,42515.86,SBL-SOV-017052,SEC.BOND.10Y,1206,2018-02-21,2027-12-31,2027-12-31,0.2688,FIXED,42515.86,BR-001,23,GHGGB3175706
SECURITY.POSITION/3005391,SECURITY_HOLDING,GHS,42044.50,42044.50,SBL-SOV-017052,SEC.BOND.10Y,1206,2024-03-09,2034-01-16,2034-01-16,0.2727,FIXED,42044.50,BR-001,23,GHGGB3434072
SECURITY.POSITION/3005392,SECURITY_HOLDING,GHS,420811.53,420811.53,SBL-SOV-017052,SEC.BOND.10Y,1206,2024-02-03,2033-12-12,2033-12-12,0.2783,FIXED,420811.53,BR-001,23,GHGGB7110495
SECURITY.POSITION/3005393,SECURITY_HOLDING,GHS,274759.89,274759.89,SBL-SOV-017052,SEC.BOND.10Y,1206,2017-04-21,2027-02-28,2027-02-28,0.2706,FIXED,274759.89,BR-001,23,GHGGB4842960
SECURITY.POSITION/3005394,SECURITY_HOLDING,GHS,326693.72,326693.72,SBL-SOV-017052,SEC.BOND.10Y,1206,2022-03-05,2032-01-12,2032-01-12,0.2719,FIXED,326693.72,BR-001,23,GHGGB8438711
SECURITY.POSITION/3005425,SECURITY_HOLDING,GHS,889699.70,889699.70,SBL-SOV-017052,SEC.BOND.2Y,1204,2024-08-14,2026-08-04,2026-08-04,0.2255,FIXED,889699.70,BR-001,22,GHGGB1314100
SECURITY.POSITION/3005427,SECURITY_HOLDING,GHS,526592.09,526592.09,SBL-SOV-017052,SEC.BOND.2Y,1204,2024-08-27,2026-08-17,2026-08-17,0.226,FIXED,526592.09,BR-001,22,GHGGB5861659
SECURITY.POSITION/3005434,SECURITY_HOLDING,GHS,2096500.78,2096500.78,SBL-SOV-017052,SEC.BOND.5Y,1205,2022-05-04,2027-04-08,2027-04-08,0.2571,FIXED,2096500.78,BR-001,22,GHGGB1941443
SECURITY.POSITION/3005436,SECURITY_HOLDING,GHS,1755175.70,1755175.70,SBL-SOV-017052,SEC.BOND.5Y,1205,2023-06-20,2028-05-24,2028-05-24,0.2584,FIXED,1755175.70,BR-001,22,GHGGB7763501
SECURITY.POSITION/3005438,SECURITY_HOLDING,GHS,194356.82,194356.82,SBL-SOV-017052,SEC.BOND.10Y,1206,2020-10-24,2030-09-02,2030-09-02,0.2683,FIXED,194356.82,BR-001,22,GHGGB4301607
SECURITY.POSITION/3005439,SECURITY_HOLDING,GHS,276950.96,276950.96,SBL-SOV-017052,SEC.BOND.10Y,1206,2022-12-30,2032-11-07,2032-11-07,0.2681,FIXED,276950.96,BR-001,22,GHGGB3826062
SECURITY.POSITION/3005441,SECURITY_HOLDING,GHS,113530.30,113530.30,SBL-SOV-017052,SEC.BOND.10Y,1206,2021-09-06,2031-07-16,2031-07-16,0.266,FIXED,113530.30,BR-001,22,GHGGB8969766
SECURITY.POSITION/3005443,SECURITY_HOLDING,GHS,402645.07,402645.07,SBL-SOV-017052,SEC.BOND.10Y,1206,2020-05-11,2030-03-20,2030-03-20,0.2643,FIXED,402645.07,BR-001,22,GHGGB5488296
SECURITY.POSITION/3005444,SECURITY_HOLDING,GHS,242563.25,242563.25,SBL-SOV-017052,SEC.BOND.10Y,1206,2023-01-15,2032-11-23,2032-11-23,0.2635,FIXED,242563.25,BR-001,22,GHGGB2115252
SECURITY.POSITION/3005445,SECURITY_HOLDING,GHS,338446.84,338446.84,SBL-SOV-017052,SEC.BOND.10Y,1206,2023-02-28,2033-01-06,2033-01-06,0.2704,FIXED,338446.84,BR-001,22,GHGGB7556680
SECURITY.POSITION/3005448,SECURITY_HOLDING,GHS,435078.60,435078.60,SBL-SOV-017052,SEC.BOND.10Y,1206,2021-07-31,2031-06-09,2031-06-09,0.2682,FIXED,435078.60,BR-001,22,GHGGB7827225
SECURITY.POSITION/3005449,SECURITY_HOLDING,GHS,191655.50,191655.50,SBL-SOV-017052,SEC.BOND.10Y,1206,2019-03-17,2029-01-23,2029-01-23,0.2695,FIXED,191655.50,BR-001,22,GHGGB3455098
SECURITY.POSITION/3005450,SECURITY_HOLDING,GHS,857868.72,857868.72,SBL-SOV-017052,SEC.BOND.10Y,1206,2018-03-14,2028-01-21,2028-01-21,0.2619,FIXED,857868.72,BR-001,22,GHGGB4476932
SECURITY.POSITION/3005489,SECURITY_HOLDING,GHS,87311.21,87311.21,SBL-SOV-017052,SEC.BOND.5Y,1205,2024-03-14,2029-02-16,2029-02-16,0.255,FIXED,87311.21,BR-001,21,GHGGB4690632
SECURITY.POSITION/3005490,SECURITY_HOLDING,GHS,377475.30,377475.30,SBL-SOV-017052,SEC.BOND.5Y,1205,2021-09-04,2026-08-09,2026-08-09,0.2569,FIXED,377475.30,BR-001,21,GHGGB4598589
SECURITY.POSITION/3005491,SECURITY_HOLDING,GHS,457644.01,457644.01,SBL-SOV-017052,SEC.BOND.5Y,1205,2022-05-28,2027-05-02,2027-05-02,0.2518,FIXED,457644.01,BR-001,21,GHGGB1110949
SECURITY.POSITION/3005492,SECURITY_HOLDING,GHS,1004314.33,1004314.33,SBL-SOV-017052,SEC.BOND.5Y,1205,2024-01-18,2028-12-22,2028-12-22,0.256,FIXED,1004314.33,BR-001,21,GHGGB8493034
SECURITY.POSITION/3005493,SECURITY_HOLDING,GHS,862346.53,862346.53,SBL-SOV-017052,SEC.BOND.5Y,1205,2022-11-15,2027-10-20,2027-10-20,0.2563,FIXED,862346.53,BR-001,21,GHGGB4059564
SECURITY.POSITION/3005494,SECURITY_HOLDING,GHS,1451243.90,1451243.90,SBL-SOV-017052,SEC.BOND.5Y,1205,2024-01-28,2029-01-01,2029-01-01,0.2487,FIXED,1451243.90,BR-001,21,GHGGB4553441
SECURITY.POSITION/3005495,SECURITY_HOLDING,GHS,178904.52,178904.52,SBL-SOV-017052,SEC.BOND.5Y,1205,2022-06-10,2027-05-15,2027-05-15,0.2498,FIXED,178904.52,BR-001,21,GHGGB5197837
SECURITY.POSITION/3005496,SECURITY_HOLDING,GHS,205284.64,205284.64,SBL-SOV-017052,SEC.BOND.5Y,1205,2021-08-24,2026-07-29,2026-07-29,0.2578,FIXED,205284.64,BR-001,21,GHGGB6356383
SECURITY.POSITION/3005497,SECURITY_HOLDING,GHS,91414.16,91414.16,SBL-SOV-017052,SEC.BOND.10Y,1206,2021-05-14,2031-03-23,2031-03-23,0.2693,FIXED,91414.16,BR-001,21,GHGGB4734217
SECURITY.POSITION/3005498,SECURITY_HOLDING,GHS,30698.61,30698.61,SBL-SOV-017052,SEC.BOND.10Y,1206,2019-03-27,2029-02-02,2029-02-02,0.2708,FIXED,30698.61,BR-001,21,GHGGB8249511
SECURITY.POSITION/3005499,SECURITY_HOLDING,GHS,64961.16,64961.16,SBL-SOV-017052,SEC.BOND.10Y,1206,2017-11-22,2027-10-01,2027-10-01,0.2712,FIXED,64961.16,BR-001,21,GHGGB2128769
SECURITY.POSITION/3005502,SECURITY_HOLDING,GHS,65417.10,65417.10,SBL-SOV-017052,SEC.BOND.10Y,1206,2019-01-15,2028-11-23,2028-11-23,0.2679,FIXED,65417.10,BR-001,21,GHGGB1030556
SECURITY.POSITION/3005503,SECURITY_HOLDING,GHS,171888.64,171888.64,SBL-SOV-017052,SEC.BOND.10Y,1206,2017-07-18,2027-05-27,2027-05-27,0.2705,FIXED,171888.64,BR-001,21,GHGGB5602786
SECURITY.POSITION/3005505,SECURITY_HOLDING,GHS,225844.85,225844.85,SBL-SOV-017052,SEC.BOND.10Y,1206,2022-07-26,2032-06-03,2032-06-03,0.2695,FIXED,225844.85,BR-001,21,GHGGB8202937
SECURITY.POSITION/3005506,SECURITY_HOLDING,GHS,67860.21,67860.21,SBL-SOV-017052,SEC.BOND.10Y,1206,2019-11-14,2029-09-22,2029-09-22,0.2647,FIXED,67860.21,BR-001,21,GHGGB3255078
SECURITY.POSITION/3005507,SECURITY_HOLDING,GHS,27497.56,27497.56,SBL-SOV-017052,SEC.BOND.10Y,1206,2018-06-02,2028-04-10,2028-04-10,0.2719,FIXED,27497.56,BR-001,21,GHGGB7281069
SECURITY.POSITION/3005539,SECURITY_HOLDING,GHS,364192.75,364192.75,SBL-SOV-017052,SEC.BOND.2Y,1204,2024-09-18,2026-09-08,2026-09-08,0.2193,FIXED,364192.75,BR-001,20,GHGGB9473453
SECURITY.POSITION/3005543,SECURITY_HOLDING,GHS,293667.95,293667.95,SBL-SOV-017052,SEC.BOND.2Y,1204,2024-10-27,2026-10-17,2026-10-17,0.2207,FIXED,293667.95,BR-001,20,GHGGB6496880
SECURITY.POSITION/3005546,SECURITY_HOLDING,GHS,1618661.98,1618661.98,SBL-SOV-017052,SEC.BOND.2Y,1204,2024-08-10,2026-07-31,2026-07-31,0.2287,FIXED,1618661.98,BR-001,20,GHGGB9207126
SECURITY.POSITION/3005550,SECURITY_HOLDING,GHS,695559.06,695559.06,SBL-SOV-017052,SEC.BOND.5Y,1205,2023-03-21,2028-02-23,2028-02-23,0.2586,FIXED,695559.06,BR-001,20,GHGGB2484626
SECURITY.POSITION/3005551,SECURITY_HOLDING,GHS,474200.72,474200.72,SBL-SOV-017052,SEC.BOND.5Y,1205,2024-04-30,2029-04-04,2029-04-04,0.2517,FIXED,474200.72,BR-001,20,GHGGB2393581
SECURITY.POSITION/3005552,SECURITY_HOLDING,GHS,764041.48,764041.48,SBL-SOV-017052,SEC.BOND.5Y,1205,2022-08-23,2027-07-28,2027-07-28,0.2457,FIXED,764041.48,BR-001,20,GHGGB8536470
SECURITY.POSITION/3005553,SECURITY_HOLDING,GHS,905734.19,905734.19,SBL-SOV-017052,SEC.BOND.5Y,1205,2023-05-05,2028-04-08,2028-04-08,0.2513,FIXED,905734.19,BR-001,20,GHGGB5669465
SECURITY.POSITION/3005554,SECURITY_HOLDING,GHS,1328981.05,1328981.05,SBL-SOV-017052,SEC.BOND.5Y,1205,2022-02-16,2027-01-21,2027-01-21,0.2508,FIXED,1328981.05,BR-001,20,GHGGB3294421
SECURITY.POSITION/3005555,SECURITY_HOLDING,GHS,940177.58,940177.58,SBL-SOV-017052,SEC.BOND.5Y,1205,2024-10-12,2029-09-16,2029-09-16,0.2596,FIXED,940177.58,BR-001,20,GHGGB2315161
SECURITY.POSITION/3005556,SECURITY_HOLDING,GHS,243701.54,243701.54,SBL-SOV-017052,SEC.BOND.5Y,1205,2022-11-28,2027-11-02,2027-11-02,0.2618,FIXED,243701.54,BR-001,20,GHGGB6198379
SECURITY.POSITION/3005557,SECURITY_HOLDING,GHS,486737.64,486737.64,SBL-SOV-017052,SEC.BOND.10Y,1206,2016-10-25,2026-09-03,2026-09-03,0.27,FIXED,486737.64,BR-001,20,GHGGB4658133
SECURITY.POSITION/3005558,SECURITY_HOLDING,GHS,25437.68,25437.68,SBL-SOV-017052,SEC.BOND.10Y,1206,2018-12-12,2028-10-20,2028-10-20,0.2687,FIXED,25437.68,BR-001,20,GHGGB1776317
SECURITY.POSITION/3005562,SECURITY_HOLDING,GHS,160383.36,160383.36,SBL-SOV-017052,SEC.BOND.10Y,1206,2022-05-15,2032-03-23,2032-03-23,0.2729,FIXED,160383.36,BR-001,20,GHGGB2306762
SECURITY.POSITION/3005563,SECURITY_HOLDING,GHS,99314.34,99314.34,SBL-SOV-017052,SEC.BOND.10Y,1206,2021-12-18,2031-10-27,2031-10-27,0.2666,FIXED,99314.34,BR-001,20,GHGGB7397965
SECURITY.POSITION/3005564,SECURITY_HOLDING,GHS,408388.51,408388.51,SBL-SOV-017052,SEC.BOND.10Y,1206,2024-04-30,2034-03-09,2034-03-09,0.2682,FIXED,408388.51,BR-001,20,GHGGB3285052
SECURITY.POSITION/3005565,SECURITY_HOLDING,GHS,140094.84,140094.84,SBL-SOV-017052,SEC.BOND.10Y,1206,2021-09-05,2031-07-15,2031-07-15,0.2695,FIXED,140094.84,BR-001,20,GHGGB1989831
SECURITY.POSITION/3005566,SECURITY_HOLDING,GHS,133827.86,133827.86,SBL-SOV-017052,SEC.BOND.10Y,1206,2018-03-07,2028-01-14,2028-01-14,0.265,FIXED,133827.86,BR-001,20,GHGGB2105757
SECURITY.POSITION/3005589,SECURITY_HOLDING,GHS,98079.34,98079.34,SBL-SOV-017052,SEC.BOND.2Y,1204,2024-08-10,2026-07-31,2026-07-31,0.2265,FIXED,98079.34,BR-001,19,GHGGB7963253
SECURITY.POSITION/3005590,SECURITY_HOLDING,GHS,201168.85,201168.85,SBL-SOV-017052,SEC.BOND.2Y,1204,2024-10-17,2026-10-07,2026-10-07,0.227,FIXED,201168.85,BR-001,19,GHGGB3906464
SECURITY.POSITION/3005594,SECURITY_HOLDING,GHS,391876.58,391876.58,SBL-SOV-017052,SEC.BOND.2Y,1204,2024-11-23,2026-11-13,2026-11-13,0.2276,FIXED,391876.58,BR-001,19,GHGGB7369655
SECURITY.POSITION/3005599,SECURITY_HOLDING,GHS,74655.05,74655.05,SBL-SOV-017052,SEC.BOND.2Y,1204,2024-10-11,2026-10-01,2026-10-01,0.2282,FIXED,74655.05,BR-001,19,GHGGB2004461
SECURITY.POSITION/3005600,SECURITY_HOLDING,GHS,463097.56,463097.56,SBL-SOV-017052,SEC.BOND.2Y,1204,2024-08-27,2026-08-17,2026-08-17,0.2275,FIXED,463097.56,BR-001,19,GHGGB8075373
SECURITY.POSITION/3005601,SECURITY_HOLDING,GHS,29470.31,29470.31,SBL-SOV-017052,SEC.BOND.5Y,1205,2021-08-04,2026-07-09,2026-07-09,0.2653,FIXED,29470.31,BR-001,19,GHGGB2644808
SECURITY.POSITION/3005602,SECURITY_HOLDING,GHS,64105.57,64105.57,SBL-SOV-017052,SEC.BOND.5Y,1205,2024-06-15,2029-05-20,2029-05-20,0.2637,FIXED,64105.57,BR-001,19,GHGGB4800080
SECURITY.POSITION/3005603,SECURITY_HOLDING,GHS,16344.26,16344.26,SBL-SOV-017052,SEC.BOND.5Y,1205,2021-08-20,2026-07-25,2026-07-25,0.2631,FIXED,16344.26,BR-001,19,GHGGB9004782
SECURITY.POSITION/3005604,SECURITY_HOLDING,GHS,25348.56,25348.56,SBL-SOV-017052,SEC.BOND.5Y,1205,2024-03-27,2029-03-01,2029-03-01,0.2625,FIXED,25348.56,BR-001,19,GHGGB6219534
SECURITY.POSITION/3005605,SECURITY_HOLDING,GHS,27423.90,27423.90,SBL-SOV-017052,SEC.BOND.5Y,1205,2022-10-02,2027-09-06,2027-09-06,0.2588,FIXED,27423.90,BR-001,19,GHGGB2073812
SECURITY.POSITION/3005607,SECURITY_HOLDING,GHS,23885.60,23885.60,SBL-SOV-017052,SEC.BOND.5Y,1205,2021-09-15,2026-08-20,2026-08-20,0.2585,FIXED,23885.60,BR-001,19,GHGGB3151366
SECURITY.POSITION/3005608,SECURITY_HOLDING,GHS,48113.04,48113.04,SBL-SOV-017052,SEC.BOND.5Y,1205,2024-07-03,2029-06-07,2029-06-07,0.2597,FIXED,48113.04,BR-001,19,GHGGB2964657
SECURITY.POSITION/3005609,SECURITY_HOLDING,GHS,47686.35,47686.35,SBL-SOV-017052,SEC.BOND.5Y,1205,2021-09-06,2026-08-11,2026-08-11,0.2631,FIXED,47686.35,BR-001,19,GHGGB5019391
SECURITY.POSITION/3005610,SECURITY_HOLDING,GHS,42119.09,42119.09,SBL-SOV-017052,SEC.BOND.5Y,1205,2024-08-06,2029-07-11,2029-07-11,0.2585,FIXED,42119.09,BR-001,19,GHGGB7600863
SECURITY.POSITION/3005611,SECURITY_HOLDING,GHS,31302.66,31302.66,SBL-SOV-017052,SEC.BOND.5Y,1205,2022-05-16,2027-04-20,2027-04-20,0.2587,FIXED,31302.66,BR-001,19,GHGGB6842558
SECURITY.POSITION/3005612,SECURITY_HOLDING,GHS,41050.74,41050.74,SBL-SOV-017052,SEC.BOND.5Y,1205,2023-09-26,2028-08-30,2028-08-30,0.2588,FIXED,41050.74,BR-001,19,GHGGB6474469
SECURITY.POSITION/3005646,SECURITY_HOLDING,GHS,545132.83,545132.83,SBL-SOV-017052,SEC.BOND.2Y,1204,2024-11-13,2026-11-03,2026-11-03,0.2333,FIXED,545132.83,BR-001,18,GHGGB5601669
SECURITY.POSITION/3005647,SECURITY_HOLDING,GHS,2874202.14,2874202.14,SBL-SOV-017052,SEC.BOND.2Y,1204,2024-09-10,2026-08-31,2026-08-31,0.2273,FIXED,2874202.14,BR-001,18,GHGGB5416540
SECURITY.POSITION/3005648,SECURITY_HOLDING,GHS,781768.39,781768.39,SBL-SOV-017052,SEC.BOND.2Y,1204,2024-07-24,2026-07-14,2026-07-14,0.2301,FIXED,781768.39,BR-001,18,GHGGB3597288
SECURITY.POSITION/3005651,SECURITY_HOLDING,GHS,1475678.90,1475678.90,SBL-SOV-017052,SEC.BOND.2Y,1204,2024-10-12,2026-10-02,2026-10-02,0.2253,FIXED,1475678.90,BR-001,18,GHGGB4732956
SECURITY.POSITION/3005653,SECURITY_HOLDING,GHS,378615.80,378615.80,SBL-SOV-017052,SEC.BOND.5Y,1205,2023-05-23,2028-04-26,2028-04-26,0.2624,FIXED,378615.80,BR-001,18,GHGGB2719106
SECURITY.POSITION/3005654,SECURITY_HOLDING,GHS,380099.00,380099.00,SBL-SOV-017052,SEC.BOND.5Y,1205,2021-12-13,2026-11-17,2026-11-17,0.2563,FIXED,380099.00,BR-001,18,GHGGB7534365
SECURITY.POSITION/3005656,SECURITY_HOLDING,GHS,324128.24,324128.24,SBL-SOV-017052,SEC.BOND.5Y,1205,2022-12-23,2027-11-27,2027-11-27,0.2545,FIXED,324128.24,BR-001,18,GHGGB7394113
SECURITY.POSITION/3005657,SECURITY_HOLDING,GHS,84318.98,84318.98,SBL-SOV-017052,SEC.BOND.5Y,1205,2023-02-26,2028-01-31,2028-01-31,0.2545,FIXED,84318.98,BR-001,18,GHGGB6523340
SECURITY.POSITION/3005659,SECURITY_HOLDING,GHS,350615.27,350615.27,SBL-SOV-017052,SEC.BOND.5Y,1205,2023-12-31,2028-12-04,2028-12-04,0.2574,FIXED,350615.27,BR-001,18,GHGGB7093957
SECURITY.POSITION/3005661,SECURITY_HOLDING,GHS,411515.70,411515.70,SBL-SOV-017052,SEC.BOND.5Y,1205,2024-07-19,2029-06-23,2029-06-23,0.2553,FIXED,411515.70,BR-001,18,GHGGB8053382
SECURITY.POSITION/3005662,SECURITY_HOLDING,GHS,689638.60,689638.60,SBL-SOV-017052,SEC.BOND.5Y,1205,2023-10-03,2028-09-06,2028-09-06,0.2609,FIXED,689638.60,BR-001,18,GHGGB4547857
SECURITY.POSITION/3005663,SECURITY_HOLDING,GHS,327114.13,327114.13,SBL-SOV-017052,SEC.BOND.5Y,1205,2021-09-03,2026-08-08,2026-08-08,0.254,FIXED,327114.13,BR-001,18,GHGGB6394658
SECURITY.POSITION/3005665,SECURITY_HOLDING,GHS,4712.37,4712.37,SBL-SOV-017052,SEC.BOND.10Y,1206,2016-09-03,2026-07-13,2026-07-13,0.2757,FIXED,4712.37,BR-001,18,GHGGB5434327
SECURITY.POSITION/3005666,SECURITY_HOLDING,GHS,36078.07,36078.07,SBL-SOV-017052,SEC.BOND.10Y,1206,2020-05-25,2030-04-03,2030-04-03,0.2645,FIXED,36078.07,BR-001,18,GHGGB2228935
SECURITY.POSITION/3005667,SECURITY_HOLDING,GHS,7925.16,7925.16,SBL-SOV-017052,SEC.BOND.10Y,1206,2017-08-15,2027-06-24,2027-06-24,0.2704,FIXED,7925.16,BR-001,18,GHGGB1882299
SECURITY.POSITION/3005669,SECURITY_HOLDING,GHS,26564.22,26564.22,SBL-SOV-017052,SEC.BOND.10Y,1206,2024-06-01,2034-04-10,2034-04-10,0.2667,FIXED,26564.22,BR-001,18,GHGGB1866552
SECURITY.POSITION/3005670,SECURITY_HOLDING,GHS,62134.74,62134.74,SBL-SOV-017052,SEC.BOND.10Y,1206,2019-09-25,2029-08-03,2029-08-03,0.2717,FIXED,62134.74,BR-001,18,GHGGB6430130
SECURITY.POSITION/3005671,SECURITY_HOLDING,GHS,48812.35,48812.35,SBL-SOV-017052,SEC.BOND.10Y,1206,2016-10-26,2026-09-04,2026-09-04,0.2668,FIXED,48812.35,BR-001,18,GHGGB3779123
SECURITY.POSITION/3005672,SECURITY_HOLDING,GHS,28233.25,28233.25,SBL-SOV-017052,SEC.BOND.10Y,1206,2021-11-11,2031-09-20,2031-09-20,0.2698,FIXED,28233.25,BR-001,18,GHGGB9771963
SECURITY.POSITION/3005673,SECURITY_HOLDING,GHS,42277.58,42277.58,SBL-SOV-017052,SEC.BOND.10Y,1206,2019-03-25,2029-01-31,2029-01-31,0.272,FIXED,42277.58,BR-001,18,GHGGB7298977
SECURITY.POSITION/3005674,SECURITY_HOLDING,GHS,88144.86,88144.86,SBL-SOV-017052,SEC.BOND.10Y,1206,2022-09-24,2032-08-02,2032-08-02,0.2684,FIXED,88144.86,BR-001,18,GHGGB6795508
SECURITY.POSITION/3005703,SECURITY_HOLDING,GHS,791110.92,791110.92,SBL-SOV-017052,SEC.BOND.2Y,1204,2024-08-19,2026-08-09,2026-08-09,0.187,FIXED,791110.92,BR-001,17,GHGGB9745731
SECURITY.POSITION/3005708,SECURITY_HOLDING,GHS,253105.61,253105.61,SBL-SOV-017052,SEC.BOND.2Y,1204,2024-10-01,2026-09-21,2026-09-21,0.1921,FIXED,253105.61,BR-001,17,GHGGB8769136
SECURITY.POSITION/3005711,SECURITY_HOLDING,GHS,299505.28,299505.28,SBL-SOV-017052,SEC.BOND.2Y,1204,2024-10-07,2026-09-27,2026-09-27,0.1889,FIXED,299505.28,BR-001,17,GHGGB9302403
SECURITY.POSITION/3005712,SECURITY_HOLDING,GHS,119826.68,119826.68,SBL-SOV-017052,SEC.BOND.5Y,1205,2022-11-09,2027-10-14,2027-10-14,0.2201,FIXED,119826.68,BR-001,17,GHGGB1243794
SECURITY.POSITION/3005715,SECURITY_HOLDING,GHS,387908.79,387908.79,SBL-SOV-017052,SEC.BOND.5Y,1205,2024-11-25,2029-10-30,2029-10-30,0.223,FIXED,387908.79,BR-001,17,GHGGB6200485
SECURITY.POSITION/3005716,SECURITY_HOLDING,GHS,291049.00,291049.00,SBL-SOV-017052,SEC.BOND.5Y,1205,2023-11-30,2028-11-03,2028-11-03,0.2202,FIXED,291049.00,BR-001,17,GHGGB4140594
SECURITY.POSITION/3005717,SECURITY_HOLDING,GHS,529704.41,529704.41,SBL-SOV-017052,SEC.BOND.5Y,1205,2024-12-29,2029-12-03,2029-12-03,0.2207,FIXED,529704.41,BR-001,17,GHGGB1688407
SECURITY.POSITION/3005719,SECURITY_HOLDING,GHS,156085.70,156085.70,SBL-SOV-017052,SEC.BOND.5Y,1205,2021-08-22,2026-07-27,2026-07-27,0.2229,FIXED,156085.70,BR-001,17,GHGGB2499948
SECURITY.POSITION/3005720,SECURITY_HOLDING,GHS,413901.26,413901.26,SBL-SOV-017052,SEC.BOND.5Y,1205,2023-10-05,2028-09-08,2028-09-08,0.2235,FIXED,413901.26,BR-001,17,GHGGB1087042
SECURITY.POSITION/3005722,SECURITY_HOLDING,GHS,346199.88,346199.88,SBL-SOV-017052,SEC.BOND.5Y,1205,2022-12-14,2027-11-18,2027-11-18,0.2272,FIXED,346199.88,BR-001,17,GHGGB5136181
SECURITY.POSITION/3005723,SECURITY_HOLDING,GHS,65080.60,65080.60,SBL-SOV-017052,SEC.BOND.10Y,1206,2018-03-31,2028-02-07,2028-02-07,0.2463,FIXED,65080.60,BR-001,17,GHGGB8407836
SECURITY.POSITION/3005724,SECURITY_HOLDING,GHS,268673.94,268673.94,SBL-SOV-017052,SEC.BOND.10Y,1206,2018-08-21,2028-06-29,2028-06-29,0.2447,FIXED,268673.94,BR-001,17,GHGGB2007805
SECURITY.POSITION/3005726,SECURITY_HOLDING,GHS,588456.04,588456.04,SBL-SOV-017052,SEC.BOND.10Y,1206,2017-12-16,2027-10-25,2027-10-25,0.2442,FIXED,588456.04,BR-001,17,GHGGB3188713
SECURITY.POSITION/3005727,SECURITY_HOLDING,GHS,107456.93,107456.93,SBL-SOV-017052,SEC.BOND.10Y,1206,2020-10-13,2030-08-22,2030-08-22,0.2474,FIXED,107456.93,BR-001,17,GHGGB1920543
SECURITY.POSITION/3005728,SECURITY_HOLDING,GHS,702849.50,702849.50,SBL-SOV-017052,SEC.BOND.10Y,1206,2018-01-04,2027-11-13,2027-11-13,0.2406,FIXED,702849.50,BR-001,17,GHGGB4713716
SECURITY.POSITION/3005763,SECURITY_HOLDING,GHS,421081.73,421081.73,SBL-SOV-017052,SEC.BOND.2Y,1204,2024-10-27,2026-10-17,2026-10-17,0.1935,FIXED,421081.73,BR-001,16,GHGGB1237813
SECURITY.POSITION/3005764,SECURITY_HOLDING,GHS,630001.40,630001.40,SBL-SOV-017052,SEC.BOND.2Y,1204,2024-07-30,2026-07-20,2026-07-20,0.1963,FIXED,630001.40,BR-001,16,GHGGB5134692
SECURITY.POSITION/3005765,SECURITY_HOLDING,GHS,706270.08,706270.08,SBL-SOV-017052,SEC.BOND.2Y,1204,2024-07-30,2026-07-20,2026-07-20,0.1925,FIXED,706270.08,BR-001,16,GHGGB8082367
SECURITY.POSITION/3005768,SECURITY_HOLDING,GHS,522263.60,522263.60,SBL-SOV-017052,SEC.BOND.2Y,1204,2024-11-27,2026-11-17,2026-11-17,0.1982,FIXED,522263.60,BR-001,16,GHGGB1776868
SECURITY.POSITION/3005771,SECURITY_HOLDING,GHS,498206.82,498206.82,SBL-SOV-017052,SEC.BOND.2Y,1204,2024-07-15,2026-07-05,2026-07-05,0.1948,FIXED,498206.82,BR-001,16,GHGGB2795001
SECURITY.POSITION/3005772,SECURITY_HOLDING,GHS,807530.41,807530.41,SBL-SOV-017052,SEC.BOND.2Y,1204,2025-01-12,2027-01-02,2027-01-02,0.1941,FIXED,807530.41,BR-001,16,GHGGB7925714
SECURITY.POSITION/3005773,SECURITY_HOLDING,GHS,1222819.80,1222819.80,SBL-SOV-017052,SEC.BOND.5Y,1205,2023-08-24,2028-07-28,2028-07-28,0.2122,FIXED,1222819.80,BR-001,16,GHGGB1438958
SECURITY.POSITION/3005775,SECURITY_HOLDING,GHS,300838.53,300838.53,SBL-SOV-017052,SEC.BOND.5Y,1205,2025-02-10,2030-01-15,2030-01-15,0.2132,FIXED,300838.53,BR-001,16,GHGGB2341507
SECURITY.POSITION/3005776,SECURITY_HOLDING,GHS,425361.75,425361.75,SBL-SOV-017052,SEC.BOND.5Y,1205,2024-02-19,2029-01-23,2029-01-23,0.2216,FIXED,425361.75,BR-001,16,GHGGB6160241
SECURITY.POSITION/3005777,SECURITY_HOLDING,GHS,1067938.59,1067938.59,SBL-SOV-017052,SEC.BOND.5Y,1205,2024-06-21,2029-05-26,2029-05-26,0.2185,FIXED,1067938.59,BR-001,16,GHGGB4190559
SECURITY.POSITION/3005779,SECURITY_HOLDING,GHS,157229.18,157229.18,SBL-SOV-017052,SEC.BOND.10Y,1206,2017-05-23,2027-04-01,2027-04-01,0.2371,FIXED,157229.18,BR-001,16,GHGGB9037330
SECURITY.POSITION/3005780,SECURITY_HOLDING,GHS,302520.90,302520.90,SBL-SOV-017052,SEC.BOND.10Y,1206,2020-02-25,2030-01-03,2030-01-03,0.2443,FIXED,302520.90,BR-001,16,GHGGB4821849
SECURITY.POSITION/3005781,SECURITY_HOLDING,GHS,468442.73,468442.73,SBL-SOV-017052,SEC.BOND.10Y,1206,2017-01-21,2026-11-30,2026-11-30,0.2404,FIXED,468442.73,BR-001,16,GHGGB1862563
SECURITY.POSITION/3005782,SECURITY_HOLDING,GHS,242716.53,242716.53,SBL-SOV-017052,SEC.BOND.10Y,1206,2019-11-23,2029-10-01,2029-10-01,0.2389,FIXED,242716.53,BR-001,16,GHGGB6967609
SECURITY.POSITION/3005783,SECURITY_HOLDING,GHS,503452.92,503452.92,SBL-SOV-017052,SEC.BOND.10Y,1206,2020-02-11,2029-12-20,2029-12-20,0.2372,FIXED,503452.92,BR-001,16,GHGGB2991062
SECURITY.POSITION/3005787,SECURITY_HOLDING,GHS,32350.42,32350.42,SBL-SOV-017052,SEC.BOND.10Y,1206,2022-01-26,2031-12-05,2031-12-05,0.2411,FIXED,32350.42,BR-001,16,GHGGB7918687
SECURITY.POSITION/3005788,SECURITY_HOLDING,GHS,144149.17,144149.17,SBL-SOV-017052,SEC.BOND.10Y,1206,2019-08-02,2029-06-10,2029-06-10,0.2441,FIXED,144149.17,BR-001,16,GHGGB5371202
SECURITY.POSITION/3005827,SECURITY_HOLDING,GHS,784367.76,784367.76,SBL-SOV-017052,SEC.BOND.2Y,1204,2024-08-15,2026-08-05,2026-08-05,0.1929,FIXED,784367.76,BR-001,15,GHGGB8684698
SECURITY.POSITION/3005831,SECURITY_HOLDING,GHS,2717393.69,2717393.69,SBL-SOV-017052,SEC.BOND.2Y,1204,2025-01-10,2026-12-31,2026-12-31,0.1963,FIXED,2717393.69,BR-001,15,GHGGB8671342
SECURITY.POSITION/3005832,SECURITY_HOLDING,GHS,1787422.64,1787422.64,SBL-SOV-017052,SEC.BOND.2Y,1204,2024-12-13,2026-12-03,2026-12-03,0.1965,FIXED,1787422.64,BR-001,15,GHGGB9248270
SECURITY.POSITION/3005833,SECURITY_HOLDING,GHS,757018.16,757018.16,SBL-SOV-017052,SEC.BOND.2Y,1204,2025-03-25,2027-03-15,2027-03-15,0.1893,FIXED,757018.16,BR-001,15,GHGGB2682600
SECURITY.POSITION/3005835,SECURITY_HOLDING,GHS,750003.79,750003.79,SBL-SOV-017052,SEC.BOND.5Y,1205,2023-07-28,2028-07-01,2028-07-01,0.2197,FIXED,750003.79,BR-001,15,GHGGB6486782
SECURITY.POSITION/3005836,SECURITY_HOLDING,GHS,238247.89,238247.89,SBL-SOV-017052,SEC.BOND.5Y,1205,2024-12-25,2029-11-29,2029-11-29,0.2157,FIXED,238247.89,BR-001,15,GHGGB5482248
SECURITY.POSITION/3005837,SECURITY_HOLDING,GHS,121068.48,121068.48,SBL-SOV-017052,SEC.BOND.5Y,1205,2024-04-04,2029-03-09,2029-03-09,0.223,FIXED,121068.48,BR-001,15,GHGGB1506403
SECURITY.POSITION/3005838,SECURITY_HOLDING,GHS,134164.33,134164.33,SBL-SOV-017052,SEC.BOND.5Y,1205,2022-05-08,2027-04-12,2027-04-12,0.2239,FIXED,134164.33,BR-001,15,GHGGB9845083
SECURITY.POSITION/3005839,SECURITY_HOLDING,GHS,234489.27,234489.27,SBL-SOV-017052,SEC.BOND.5Y,1205,2023-08-12,2028-07-16,2028-07-16,0.2141,FIXED,234489.27,BR-001,15,GHGGB8304256
SECURITY.POSITION/3005840,SECURITY_HOLDING,GHS,238825.22,238825.22,SBL-SOV-017052,SEC.BOND.5Y,1205,2021-10-11,2026-09-15,2026-09-15,0.2209,FIXED,238825.22,BR-001,15,GHGGB1536525
SECURITY.POSITION/3005841,SECURITY_HOLDING,GHS,140905.54,140905.54,SBL-SOV-017052,SEC.BOND.5Y,1205,2025-03-09,2030-02-11,2030-02-11,0.2197,FIXED,140905.54,BR-001,15,GHGGB8947476
SECURITY.POSITION/3005842,SECURITY_HOLDING,GHS,226998.12,226998.12,SBL-SOV-017052,SEC.BOND.5Y,1205,2021-10-18,2026-09-22,2026-09-22,0.2177,FIXED,226998.12,BR-001,15,GHGGB8449755
SECURITY.POSITION/3005844,SECURITY_HOLDING,GHS,105614.64,105614.64,SBL-SOV-017052,SEC.BOND.5Y,1205,2021-11-11,2026-10-16,2026-10-16,0.2106,FIXED,105614.64,BR-001,15,GHGGB5917712
SECURITY.POSITION/3005845,SECURITY_HOLDING,GHS,327451.01,327451.01,SBL-SOV-017052,SEC.BOND.5Y,1205,2022-11-28,2027-11-02,2027-11-02,0.2231,FIXED,327451.01,BR-001,15,GHGGB3271492
SECURITY.POSITION/3005846,SECURITY_HOLDING,GHS,45975.68,45975.68,SBL-SOV-017052,SEC.BOND.10Y,1206,2022-02-06,2031-12-16,2031-12-16,0.2367,FIXED,45975.68,BR-001,15,GHGGB8147607
SECURITY.POSITION/3005847,SECURITY_HOLDING,GHS,141399.64,141399.64,SBL-SOV-017052,SEC.BOND.10Y,1206,2017-01-30,2026-12-09,2026-12-09,0.2359,FIXED,141399.64,BR-001,15,GHGGB9221315
SECURITY.POSITION/3005848,SECURITY_HOLDING,GHS,48970.91,48970.91,SBL-SOV-017052,SEC.BOND.10Y,1206,2023-02-22,2032-12-31,2032-12-31,0.2366,FIXED,48970.91,BR-001,15,GHGGB2852479
SECURITY.POSITION/3005849,SECURITY_HOLDING,GHS,22579.15,22579.15,SBL-SOV-017052,SEC.BOND.10Y,1206,2020-09-27,2030-08-06,2030-08-06,0.24,FIXED,22579.15,BR-001,15,GHGGB2736244
SECURITY.POSITION/3005850,SECURITY_HOLDING,GHS,56099.35,56099.35,SBL-SOV-017052,SEC.BOND.10Y,1206,2020-10-21,2030-08-30,2030-08-30,0.235,FIXED,56099.35,BR-001,15,GHGGB7538230
SECURITY.POSITION/3005852,SECURITY_HOLDING,GHS,12700.89,12700.89,SBL-SOV-017052,SEC.BOND.10Y,1206,2023-07-21,2033-05-29,2033-05-29,0.2378,FIXED,12700.89,BR-001,15,GHGGB3566889
SECURITY.POSITION/3005891,SECURITY_HOLDING,GHS,1130883.63,1130883.63,SBL-SOV-017052,SEC.BOND.2Y,1204,2025-01-13,2027-01-03,2027-01-03,0.1878,FIXED,1130883.63,BR-001,14,GHGGB2199879
SECURITY.POSITION/3005892,SECURITY_HOLDING,GHS,863701.79,863701.79,SBL-SOV-017052,SEC.BOND.2Y,1204,2025-02-10,2027-01-31,2027-01-31,0.1947,FIXED,863701.79,BR-001,14,GHGGB1014808
SECURITY.POSITION/3005894,SECURITY_HOLDING,GHS,188766.57,188766.57,SBL-SOV-017052,SEC.BOND.2Y,1204,2025-03-17,2027-03-07,2027-03-07,0.199,FIXED,188766.57,BR-001,14,GHGGB4832684
SECURITY.POSITION/3005895,SECURITY_HOLDING,GHS,514704.62,514704.62,SBL-SOV-017052,SEC.BOND.2Y,1204,2024-07-28,2026-07-18,2026-07-18,0.1947,FIXED,514704.62,BR-001,14,GHGGB7832598
SECURITY.POSITION/3005897,SECURITY_HOLDING,GHS,279113.01,279113.01,SBL-SOV-017052,SEC.BOND.2Y,1204,2025-01-05,2026-12-26,2026-12-26,0.196,FIXED,279113.01,BR-001,14,GHGGB9034841
SECURITY.POSITION/3005898,SECURITY_HOLDING,GHS,594713.72,594713.72,SBL-SOV-017052,SEC.BOND.2Y,1204,2025-01-14,2027-01-04,2027-01-04,0.197,FIXED,594713.72,BR-001,14,GHGGB2928743
SECURITY.POSITION/3005900,SECURITY_HOLDING,GHS,125507.81,125507.81,SBL-SOV-017052,SEC.BOND.5Y,1205,2025-02-05,2030-01-10,2030-01-10,0.2252,FIXED,125507.81,BR-001,14,GHGGB9572966
SECURITY.POSITION/3005901,SECURITY_HOLDING,GHS,73459.94,73459.94,SBL-SOV-017052,SEC.BOND.5Y,1205,2024-06-07,2029-05-12,2029-05-12,0.2214,FIXED,73459.94,BR-001,14,GHGGB4156256
SECURITY.POSITION/3005902,SECURITY_HOLDING,GHS,409554.89,409554.89,SBL-SOV-017052,SEC.BOND.5Y,1205,2022-06-01,2027-05-06,2027-05-06,0.222,FIXED,409554.89,BR-001,14,GHGGB3907808
SECURITY.POSITION/3005903,SECURITY_HOLDING,GHS,356083.77,356083.77,SBL-SOV-017052,SEC.BOND.5Y,1205,2021-11-22,2026-10-27,2026-10-27,0.2176,FIXED,356083.77,BR-001,14,GHGGB7661883
SECURITY.POSITION/3005908,SECURITY_HOLDING,GHS,323072.42,323072.42,SBL-SOV-017052,SEC.BOND.5Y,1205,2022-09-13,2027-08-18,2027-08-18,0.2183,FIXED,323072.42,BR-001,14,GHGGB3808239
SECURITY.POSITION/3005909,SECURITY_HOLDING,GHS,1817.37,1817.37,SBL-SOV-017052,SEC.BOND.5Y,1205,2022-09-11,2027-08-16,2027-08-16,0.2252,FIXED,1817.37,BR-001,14,GHGGB9212468
SECURITY.POSITION/3005910,SECURITY_HOLDING,GHS,319843.69,319843.69,SBL-SOV-017052,SEC.BOND.5Y,1205,2021-10-19,2026-09-23,2026-09-23,0.2152,FIXED,319843.69,BR-001,14,GHGGB6193737
SECURITY.POSITION/3005912,SECURITY_HOLDING,GHS,47297.82,47297.82,SBL-SOV-017052,SEC.BOND.10Y,1206,2023-06-14,2033-04-22,2033-04-22,0.2319,FIXED,47297.82,BR-001,14,GHGGB6687762
SECURITY.POSITION/3005913,SECURITY_HOLDING,GHS,156413.61,156413.61,SBL-SOV-017052,SEC.BOND.10Y,1206,2023-04-15,2033-02-21,2033-02-21,0.2351,FIXED,156413.61,BR-001,14,GHGGB7267910
SECURITY.POSITION/3005914,SECURITY_HOLDING,GHS,62623.44,62623.44,SBL-SOV-017052,SEC.BOND.10Y,1206,2023-09-21,2033-07-30,2033-07-30,0.2393,FIXED,62623.44,BR-001,14,GHGGB6565512
SECURITY.POSITION/3005916,SECURITY_HOLDING,GHS,52361.90,52361.90,SBL-SOV-017052,SEC.BOND.10Y,1206,2024-07-20,2034-05-29,2034-05-29,0.2352,FIXED,52361.90,BR-001,14,GHGGB3607702
SECURITY.POSITION/3005917,SECURITY_HOLDING,GHS,47505.97,47505.97,SBL-SOV-017052,SEC.BOND.10Y,1206,2020-02-23,2030-01-01,2030-01-01,0.2386,FIXED,47505.97,BR-001,14,GHGGB7176990
SECURITY.POSITION/3005918,SECURITY_HOLDING,GHS,45566.21,45566.21,SBL-SOV-017052,SEC.BOND.10Y,1206,2017-03-05,2027-01-12,2027-01-12,0.2406,FIXED,45566.21,BR-001,14,GHGGB8806214
SECURITY.POSITION/3005943,SECURITY_HOLDING,GHS,160130.72,160130.72,SBL-SOV-017052,SEC.BOND.2Y,1204,2025-01-16,2027-01-06,2027-01-06,0.1906,FIXED,160130.72,BR-001,13,GHGGB6409079
SECURITY.POSITION/3005945,SECURITY_HOLDING,GHS,2066408.60,2066408.60,SBL-SOV-017052,SEC.BOND.2Y,1204,2024-09-11,2026-09-01,2026-09-01,0.1992,FIXED,2066408.60,BR-001,13,GHGGB3664435
SECURITY.POSITION/3005947,SECURITY_HOLDING,GHS,774738.62,774738.62,SBL-SOV-017052,SEC.BOND.2Y,1204,2025-03-26,2027-03-16,2027-03-16,0.1951,FIXED,774738.62,BR-001,13,GHGGB4157753
SECURITY.POSITION/3005948,SECURITY_HOLDING,GHS,636221.82,636221.82,SBL-SOV-017052,SEC.BOND.2Y,1204,2024-08-05,2026-07-26,2026-07-26,0.1954,FIXED,636221.82,BR-001,13,GHGGB1722461
SECURITY.POSITION/3005950,SECURITY_HOLDING,GHS,616141.47,616141.47,SBL-SOV-017052,SEC.BOND.2Y,1204,2024-09-06,2026-08-27,2026-08-27,0.197,FIXED,616141.47,BR-001,13,GHGGB9901869
SECURITY.POSITION/3005952,SECURITY_HOLDING,GHS,1497173.74,1497173.74,SBL-SOV-017052,SEC.BOND.5Y,1205,2023-02-19,2028-01-24,2028-01-24,0.2169,FIXED,1497173.74,BR-001,13,GHGGB1075639
SECURITY.POSITION/3005953,SECURITY_HOLDING,GHS,297569.83,297569.83,SBL-SOV-017052,SEC.BOND.5Y,1205,2025-02-09,2030-01-14,2030-01-14,0.2183,FIXED,297569.83,BR-001,13,GHGGB3107198
SECURITY.POSITION/3005954,SECURITY_HOLDING,GHS,547607.87,547607.87,SBL-SOV-017052,SEC.BOND.5Y,1205,2024-06-28,2029-06-02,2029-06-02,0.2164,FIXED,547607.87,BR-001,13,GHGGB9477547
SECURITY.POSITION/3005956,SECURITY_HOLDING,GHS,1097290.05,1097290.05,SBL-SOV-017052,SEC.BOND.5Y,1205,2023-08-28,2028-08-01,2028-08-01,0.2157,FIXED,1097290.05,BR-001,13,GHGGB3844449
SECURITY.POSITION/3005957,SECURITY_HOLDING,GHS,1185483.10,1185483.10,SBL-SOV-017052,SEC.BOND.5Y,1205,2022-04-13,2027-03-18,2027-03-18,0.2168,FIXED,1185483.10,BR-001,13,GHGGB4269100
SECURITY.POSITION/3005958,SECURITY_HOLDING,GHS,520877.11,520877.11,SBL-SOV-017052,SEC.BOND.5Y,1205,2024-10-28,2029-10-02,2029-10-02,0.2145,FIXED,520877.11,BR-001,13,GHGGB4024232
SECURITY.POSITION/3005959,SECURITY_HOLDING,GHS,1232794.58,1232794.58,SBL-SOV-017052,SEC.BOND.5Y,1205,2022-06-02,2027-05-07,2027-05-07,0.2199,FIXED,1232794.58,BR-001,13,GHGGB3919803
SECURITY.POSITION/3005960,SECURITY_HOLDING,GHS,70191.27,70191.27,SBL-SOV-017052,SEC.BOND.10Y,1206,2018-12-09,2028-10-17,2028-10-17,0.2375,FIXED,70191.27,BR-001,13,GHGGB8956796
SECURITY.POSITION/3005961,SECURITY_HOLDING,GHS,259529.02,259529.02,SBL-SOV-017052,SEC.BOND.10Y,1206,2024-06-15,2034-04-24,2034-04-24,0.2431,FIXED,259529.02,BR-001,13,GHGGB9539274
SECURITY.POSITION/3005962,SECURITY_HOLDING,GHS,427227.48,427227.48,SBL-SOV-017052,SEC.BOND.10Y,1206,2025-05-18,2035-03-27,2035-03-27,0.2398,FIXED,427227.48,BR-001,13,GHGGB7256186
SECURITY.POSITION/3005963,SECURITY_HOLDING,GHS,94427.02,94427.02,SBL-SOV-017052,SEC.BOND.10Y,1206,2020-09-03,2030-07-13,2030-07-13,0.2397,FIXED,94427.02,BR-001,13,GHGGB3042150
SECURITY.POSITION/3005964,SECURITY_HOLDING,GHS,119491.69,119491.69,SBL-SOV-017052,SEC.BOND.10Y,1206,2020-10-03,2030-08-12,2030-08-12,0.241,FIXED,119491.69,BR-001,13,GHGGB6432187
SECURITY.POSITION/3005965,SECURITY_HOLDING,GHS,169753.56,169753.56,SBL-SOV-017052,SEC.BOND.10Y,1206,2019-07-20,2029-05-28,2029-05-28,0.2442,FIXED,169753.56,BR-001,13,GHGGB4887425
SECURITY.POSITION/3005966,SECURITY_HOLDING,GHS,314560.65,314560.65,SBL-SOV-017052,SEC.BOND.10Y,1206,2018-06-04,2028-04-12,2028-04-12,0.238,FIXED,314560.65,BR-001,13,GHGGB9916670
SECURITY.POSITION/3005968,SECURITY_HOLDING,GHS,143994.50,143994.50,SBL-SOV-017052,SEC.BOND.10Y,1206,2023-10-15,2033-08-23,2033-08-23,0.2398,FIXED,143994.50,BR-001,13,GHGGB7329627
SECURITY.POSITION/3005969,SECURITY_HOLDING,GHS,42228.89,42228.89,SBL-SOV-017052,SEC.BOND.10Y,1206,2022-07-10,2032-05-18,2032-05-18,0.2436,FIXED,42228.89,BR-001,13,GHGGB3799595
SECURITY.POSITION/3005970,SECURITY_HOLDING,GHS,497159.28,497159.28,SBL-SOV-017052,SEC.BOND.10Y,1206,2025-05-27,2035-04-05,2035-04-05,0.2364,FIXED,497159.28,BR-001,13,GHGGB9505078
SECURITY.POSITION/3005971,SECURITY_HOLDING,GHS,723052.21,723052.21,SBL-SOV-017052,SEC.BOND.10Y,1206,2020-01-25,2029-12-03,2029-12-03,0.2406,FIXED,723052.21,BR-001,13,GHGGB9059730
SECURITY.POSITION/3006002,SECURITY_HOLDING,GHS,683505.51,683505.51,SBL-SOV-017052,SEC.BOND.2Y,1204,2024-07-27,2026-07-17,2026-07-17,0.1986,FIXED,683505.51,BR-001,12,GHGGB5972559
SECURITY.POSITION/3006003,SECURITY_HOLDING,GHS,264658.85,264658.85,SBL-SOV-017052,SEC.BOND.2Y,1204,2025-03-30,2027-03-20,2027-03-20,0.1881,FIXED,264658.85,BR-001,12,GHGGB1180571
SECURITY.POSITION/3006009,SECURITY_HOLDING,GHS,274423.51,274423.51,SBL-SOV-017052,SEC.BOND.5Y,1205,2024-03-19,2029-02-21,2029-02-21,0.2193,FIXED,274423.51,BR-001,12,GHGGB7943215
SECURITY.POSITION/3006010,SECURITY_HOLDING,GHS,111800.11,111800.11,SBL-SOV-017052,SEC.BOND.5Y,1205,2025-03-06,2030-02-08,2030-02-08,0.2193,FIXED,111800.11,BR-001,12,GHGGB6012972
SECURITY.POSITION/3006011,SECURITY_HOLDING,GHS,584219.52,584219.52,SBL-SOV-017052,SEC.BOND.5Y,1205,2022-01-30,2027-01-04,2027-01-04,0.2205,FIXED,584219.52,BR-001,12,GHGGB1274784
SECURITY.POSITION/3006012,SECURITY_HOLDING,GHS,132116.46,132116.46,SBL-SOV-017052,SEC.BOND.5Y,1205,2023-04-15,2028-03-19,2028-03-19,0.2209,FIXED,132116.46,BR-001,12,GHGGB6399352
SECURITY.POSITION/3006013,SECURITY_HOLDING,GHS,170784.95,170784.95,SBL-SOV-017052,SEC.BOND.5Y,1205,2022-08-28,2027-08-02,2027-08-02,0.2147,FIXED,170784.95,BR-001,12,GHGGB5991370
SECURITY.POSITION/3006015,SECURITY_HOLDING,GHS,328939.29,328939.29,SBL-SOV-017052,SEC.BOND.5Y,1205,2023-08-26,2028-07-30,2028-07-30,0.2156,FIXED,328939.29,BR-001,12,GHGGB1703485
SECURITY.POSITION/3006016,SECURITY_HOLDING,GHS,430973.54,430973.54,SBL-SOV-017052,SEC.BOND.5Y,1205,2025-03-10,2030-02-12,2030-02-12,0.216,FIXED,430973.54,BR-001,12,GHGGB8625903
SECURITY.POSITION/3006017,SECURITY_HOLDING,GHS,237853.76,237853.76,SBL-SOV-017052,SEC.BOND.5Y,1205,2024-11-06,2029-10-11,2029-10-11,0.2204,FIXED,237853.76,BR-001,12,GHGGB9145584
SECURITY.POSITION/3006019,SECURITY_HOLDING,GHS,383977.08,383977.08,SBL-SOV-017052,SEC.BOND.10Y,1206,2018-10-15,2028-08-23,2028-08-23,0.2358,FIXED,383977.08,BR-001,12,GHGGB2060704
SECURITY.POSITION/3006020,SECURITY_HOLDING,GHS,1066439.52,1066439.52,SBL-SOV-017052,SEC.BOND.10Y,1206,2021-05-01,2031-03-10,2031-03-10,0.2387,FIXED,1066439.52,BR-001,12,GHGGB8985840
SECURITY.POSITION/3006021,SECURITY_HOLDING,GHS,183078.85,183078.85,SBL-SOV-017052,SEC.BOND.10Y,1206,2018-05-09,2028-03-17,2028-03-17,0.2382,FIXED,183078.85,BR-001,12,GHGGB8295788
SECURITY.POSITION/3006022,SECURITY_HOLDING,GHS,493447.73,493447.73,SBL-SOV-017052,SEC.BOND.10Y,1206,2020-11-22,2030-10-01,2030-10-01,0.2363,FIXED,493447.73,BR-001,12,GHGGB5412007
SECURITY.POSITION/3006023,SECURITY_HOLDING,GHS,163673.36,163673.36,SBL-SOV-017052,SEC.BOND.10Y,1206,2017-12-17,2027-10-26,2027-10-26,0.2324,FIXED,163673.36,BR-001,12,GHGGB6144770
SECURITY.POSITION/3006053,SECURITY_HOLDING,GHS,1112592.87,1112592.87,SBL-SOV-017052,SEC.BOND.2Y,1204,2024-09-15,2026-09-05,2026-09-05,0.1943,FIXED,1112592.87,BR-001,11,GHGGB4703763
SECURITY.POSITION/3006055,SECURITY_HOLDING,GHS,957728.97,957728.97,SBL-SOV-017052,SEC.BOND.2Y,1204,2024-12-21,2026-12-11,2026-12-11,0.1952,FIXED,957728.97,BR-001,11,GHGGB7564960
SECURITY.POSITION/3006056,SECURITY_HOLDING,GHS,2573373.38,2573373.38,SBL-SOV-017052,SEC.BOND.2Y,1204,2025-07-26,2027-07-16,2027-07-16,0.1881,FIXED,2573373.38,BR-001,11,GHGGB8017777
SECURITY.POSITION/3006058,SECURITY_HOLDING,GHS,894309.44,894309.44,SBL-SOV-017052,SEC.BOND.2Y,1204,2025-05-04,2027-04-24,2027-04-24,0.1911,FIXED,894309.44,BR-001,11,GHGGB9920496
SECURITY.POSITION/3006059,SECURITY_HOLDING,GHS,2418334.01,2418334.01,SBL-SOV-017052,SEC.BOND.2Y,1204,2025-06-14,2027-06-04,2027-06-04,0.1916,FIXED,2418334.01,BR-001,11,GHGGB9229551
SECURITY.POSITION/3006061,SECURITY_HOLDING,GHS,321284.69,321284.69,SBL-SOV-017052,SEC.BOND.5Y,1205,2024-11-28,2029-11-02,2029-11-02,0.2204,FIXED,321284.69,BR-001,11,GHGGB9599177
SECURITY.POSITION/3006062,SECURITY_HOLDING,GHS,270460.40,270460.40,SBL-SOV-017052,SEC.BOND.5Y,1205,2022-02-22,2027-01-27,2027-01-27,0.2249,FIXED,270460.40,BR-001,11,GHGGB7607339
SECURITY.POSITION/3006063,SECURITY_HOLDING,GHS,161107.44,161107.44,SBL-SOV-017052,SEC.BOND.5Y,1205,2025-04-29,2030-04-03,2030-04-03,0.2183,FIXED,161107.44,BR-001,11,GHGGB6569627
SECURITY.POSITION/3006064,SECURITY_HOLDING,GHS,460027.38,460027.38,SBL-SOV-017052,SEC.BOND.5Y,1205,2024-11-05,2029-10-10,2029-10-10,0.2224,FIXED,460027.38,BR-001,11,GHGGB1289681
SECURITY.POSITION/3006065,SECURITY_HOLDING,GHS,503220.34,503220.34,SBL-SOV-017052,SEC.BOND.5Y,1205,2023-05-05,2028-04-08,2028-04-08,0.2177,FIXED,503220.34,BR-001,11,GHGGB7844452
SECURITY.POSITION/3006067,SECURITY_HOLDING,GHS,422007.25,422007.25,SBL-SOV-017052,SEC.BOND.5Y,1205,2021-11-23,2026-10-28,2026-10-28,0.2192,FIXED,422007.25,BR-001,11,GHGGB1137949
SECURITY.POSITION/3006068,SECURITY_HOLDING,GHS,1000142.98,1000142.98,SBL-SOV-017052,SEC.BOND.5Y,1205,2024-06-12,2029-05-17,2029-05-17,0.2221,FIXED,1000142.98,BR-001,11,GHGGB3815578
SECURITY.POSITION/3006069,SECURITY_HOLDING,GHS,275034.03,275034.03,SBL-SOV-017052,SEC.BOND.5Y,1205,2023-08-14,2028-07-18,2028-07-18,0.2238,FIXED,275034.03,BR-001,11,GHGGB1594381
SECURITY.POSITION/3006070,SECURITY_HOLDING,GHS,302950.89,302950.89,SBL-SOV-017052,SEC.BOND.10Y,1206,2016-11-08,2026-09-17,2026-09-17,0.2406,FIXED,302950.89,BR-001,11,GHGGB2843579
SECURITY.POSITION/3006071,SECURITY_HOLDING,GHS,552099.64,552099.64,SBL-SOV-017052,SEC.BOND.10Y,1206,2024-01-20,2033-11-28,2033-11-28,0.2363,FIXED,552099.64,BR-001,11,GHGGB3088076
SECURITY.POSITION/3006072,SECURITY_HOLDING,GHS,314067.04,314067.04,SBL-SOV-017052,SEC.BOND.10Y,1206,2020-04-07,2030-02-14,2030-02-14,0.2348,FIXED,314067.04,BR-001,11,GHGGB6905494
SECURITY.POSITION/3006073,SECURITY_HOLDING,GHS,273375.83,273375.83,SBL-SOV-017052,SEC.BOND.10Y,1206,2020-04-27,2030-03-06,2030-03-06,0.2388,FIXED,273375.83,BR-001,11,GHGGB2588076
SECURITY.POSITION/3006074,SECURITY_HOLDING,GHS,237895.14,237895.14,SBL-SOV-017052,SEC.BOND.10Y,1206,2020-01-27,2029-12-05,2029-12-05,0.2392,FIXED,237895.14,BR-001,11,GHGGB6701978
SECURITY.POSITION/3006075,SECURITY_HOLDING,GHS,384203.47,384203.47,SBL-SOV-017052,SEC.BOND.10Y,1206,2021-03-03,2031-01-10,2031-01-10,0.24,FIXED,384203.47,BR-001,11,GHGGB2245804
SECURITY.POSITION/3006089,SECURITY_HOLDING,GHS,1831822.76,1831822.76,SBL-SOV-017052,SEC.TBILL.364,1203,2025-07-08,2026-07-03,2026-07-03,0.1905,FIXED,1831822.76,BR-001,10,GHGGB7582002
SECURITY.POSITION/3006094,SECURITY_HOLDING,GHS,3480352.68,3480352.68,SBL-SOV-017052,SEC.TBILL.364,1203,2025-07-11,2026-07-06,2026-07-06,0.1843,FIXED,3480352.68,BR-001,10,GHGGB8333770
SECURITY.POSITION/3006096,SECURITY_HOLDING,GHS,531793.67,531793.67,SBL-SOV-017052,SEC.BOND.2Y,1204,2025-05-14,2027-05-04,2027-05-04,0.1898,FIXED,531793.67,BR-001,10,GHGGB5287466
SECURITY.POSITION/3006098,SECURITY_HOLDING,GHS,167580.19,167580.19,SBL-SOV-017052,SEC.BOND.2Y,1204,2024-10-10,2026-09-30,2026-09-30,0.194,FIXED,167580.19,BR-001,10,GHGGB9851179
SECURITY.POSITION/3006100,SECURITY_HOLDING,GHS,1313733.48,1313733.48,SBL-SOV-017052,SEC.BOND.2Y,1204,2024-12-22,2026-12-12,2026-12-12,0.1932,FIXED,1313733.48,BR-001,10,GHGGB9637108
SECURITY.POSITION/3006101,SECURITY_HOLDING,GHS,3147282.25,3147282.25,SBL-SOV-017052,SEC.BOND.2Y,1204,2024-08-10,2026-07-31,2026-07-31,0.1963,FIXED,3147282.25,BR-001,10,GHGGB5922233
SECURITY.POSITION/3006103,SECURITY_HOLDING,GHS,1483998.92,1483998.92,SBL-SOV-017052,SEC.BOND.5Y,1205,2023-03-12,2028-02-14,2028-02-14,0.2208,FIXED,1483998.92,BR-001,10,GHGGB5473562
SECURITY.POSITION/3006104,SECURITY_HOLDING,GHS,1208700.35,1208700.35,SBL-SOV-017052,SEC.BOND.5Y,1205,2025-03-05,2030-02-07,2030-02-07,0.216,FIXED,1208700.35,BR-001,10,GHGGB5404358
SECURITY.POSITION/3006105,SECURITY_HOLDING,GHS,2693840.07,2693840.07,SBL-SOV-017052,SEC.BOND.5Y,1205,2025-05-10,2030-04-14,2030-04-14,0.2148,FIXED,2693840.07,BR-001,10,GHGGB3360270
SECURITY.POSITION/3006106,SECURITY_HOLDING,GHS,1100827.60,1100827.60,SBL-SOV-017052,SEC.BOND.5Y,1205,2024-08-24,2029-07-29,2029-07-29,0.216,FIXED,1100827.60,BR-001,10,GHGGB8449677
SECURITY.POSITION/3006107,SECURITY_HOLDING,GHS,204474.34,204474.34,SBL-SOV-017052,SEC.BOND.5Y,1205,2024-03-20,2029-02-22,2029-02-22,0.2185,FIXED,204474.34,BR-001,10,GHGGB5904532
SECURITY.POSITION/3006109,SECURITY_HOLDING,GHS,242559.18,242559.18,SBL-SOV-017052,SEC.BOND.10Y,1206,2021-01-21,2030-11-30,2030-11-30,0.2445,FIXED,242559.18,BR-001,10,GHGGB9797281
SECURITY.POSITION/3006110,SECURITY_HOLDING,GHS,676144.64,676144.64,SBL-SOV-017052,SEC.BOND.10Y,1206,2018-12-22,2028-10-30,2028-10-30,0.2388,FIXED,676144.64,BR-001,10,GHGGB2704276
SECURITY.POSITION/3006111,SECURITY_HOLDING,GHS,781798.62,781798.62,SBL-SOV-017052,SEC.BOND.10Y,1206,2024-06-13,2034-04-22,2034-04-22,0.2451,FIXED,781798.62,BR-001,10,GHGGB5210412
SECURITY.POSITION/3006113,SECURITY_HOLDING,GHS,96683.94,96683.94,SBL-SOV-017052,SEC.BOND.10Y,1206,2025-05-22,2035-03-31,2035-03-31,0.2429,FIXED,96683.94,BR-001,10,GHGGB1903435
SECURITY.POSITION/3006114,SECURITY_HOLDING,GHS,202911.69,202911.69,SBL-SOV-017052,SEC.BOND.10Y,1206,2025-05-02,2035-03-11,2035-03-11,0.2433,FIXED,202911.69,BR-001,10,GHGGB9277806
SECURITY.POSITION/3006115,SECURITY_HOLDING,GHS,444829.06,444829.06,SBL-SOV-017052,SEC.BOND.10Y,1206,2025-06-01,2035-04-10,2035-04-10,0.2449,FIXED,444829.06,BR-001,10,GHGGB8467170
SECURITY.POSITION/3006116,SECURITY_HOLDING,GHS,160286.19,160286.19,SBL-SOV-017052,SEC.BOND.10Y,1206,2024-04-04,2034-02-11,2034-02-11,0.2476,FIXED,160286.19,BR-001,10,GHGGB1332763
SECURITY.POSITION/3006144,SECURITY_HOLDING,GHS,309285.06,309285.06,SBL-SOV-017052,SEC.TBILL.364,1203,2025-07-11,2026-07-06,2026-07-06,0.1887,FIXED,309285.06,BR-001,9,GHGGB7592049
SECURITY.POSITION/3006148,SECURITY_HOLDING,GHS,4058364.05,4058364.05,SBL-SOV-017052,SEC.TBILL.364,1203,2025-07-27,2026-07-22,2026-07-22,0.1861,FIXED,4058364.05,BR-001,9,GHGGB6080856
SECURITY.POSITION/3006154,SECURITY_HOLDING,GHS,801775.28,801775.28,SBL-SOV-017052,SEC.BOND.2Y,1204,2025-05-29,2027-05-19,2027-05-19,0.1934,FIXED,801775.28,BR-001,9,GHGGB3606395
SECURITY.POSITION/3006155,SECURITY_HOLDING,GHS,685034.71,685034.71,SBL-SOV-017052,SEC.BOND.2Y,1204,2025-06-13,2027-06-03,2027-06-03,0.1916,FIXED,685034.71,BR-001,9,GHGGB7470829
SECURITY.POSITION/3006156,SECURITY_HOLDING,GHS,2419390.87,2419390.87,SBL-SOV-017052,SEC.BOND.2Y,1204,2025-04-16,2027-04-06,2027-04-06,0.197,FIXED,2419390.87,BR-001,9,GHGGB3181526
SECURITY.POSITION/3006157,SECURITY_HOLDING,GHS,915731.99,915731.99,SBL-SOV-017052,SEC.BOND.2Y,1204,2024-07-30,2026-07-20,2026-07-20,0.1926,FIXED,915731.99,BR-001,9,GHGGB5457641
SECURITY.POSITION/3006158,SECURITY_HOLDING,GHS,744960.69,744960.69,SBL-SOV-017052,SEC.BOND.2Y,1204,2025-06-17,2027-06-07,2027-06-07,0.1897,FIXED,744960.69,BR-001,9,GHGGB4090126
SECURITY.POSITION/3006160,SECURITY_HOLDING,GHS,701078.14,701078.14,SBL-SOV-017052,SEC.BOND.5Y,1205,2023-07-20,2028-06-23,2028-06-23,0.2193,FIXED,701078.14,BR-001,9,GHGGB1321457
SECURITY.POSITION/3006161,SECURITY_HOLDING,GHS,620995.62,620995.62,SBL-SOV-017052,SEC.BOND.5Y,1205,2023-07-30,2028-07-03,2028-07-03,0.2212,FIXED,620995.62,BR-001,9,GHGGB7410219
SECURITY.POSITION/3006162,SECURITY_HOLDING,GHS,293862.10,293862.10,SBL-SOV-017052,SEC.BOND.5Y,1205,2024-05-24,2029-04-28,2029-04-28,0.2161,FIXED,293862.10,BR-001,9,GHGGB2631119
SECURITY.POSITION/3006163,SECURITY_HOLDING,GHS,864089.67,864089.67,SBL-SOV-017052,SEC.BOND.5Y,1205,2022-04-08,2027-03-13,2027-03-13,0.2171,FIXED,864089.67,BR-001,9,GHGGB5057649
SECURITY.POSITION/3006164,SECURITY_HOLDING,GHS,495539.83,495539.83,SBL-SOV-017052,SEC.BOND.5Y,1205,2024-12-09,2029-11-13,2029-11-13,0.2252,FIXED,495539.83,BR-001,9,GHGGB1418057
SECURITY.POSITION/3006165,SECURITY_HOLDING,GHS,342620.96,342620.96,SBL-SOV-017052,SEC.BOND.5Y,1205,2025-03-28,2030-03-02,2030-03-02,0.2206,FIXED,342620.96,BR-001,9,GHGGB8692220
SECURITY.POSITION/3006166,SECURITY_HOLDING,GHS,375395.60,375395.60,SBL-SOV-017052,SEC.BOND.5Y,1205,2023-10-11,2028-09-14,2028-09-14,0.2242,FIXED,375395.60,BR-001,9,GHGGB1391298
SECURITY.POSITION/3006167,SECURITY_HOLDING,GHS,311039.95,311039.95,SBL-SOV-017052,SEC.BOND.5Y,1205,2022-05-15,2027-04-19,2027-04-19,0.2216,FIXED,311039.95,BR-001,9,GHGGB1715021
SECURITY.POSITION/3006168,SECURITY_HOLDING,GHS,233953.74,233953.74,SBL-SOV-017052,SEC.BOND.5Y,1205,2025-03-02,2030-02-04,2030-02-04,0.2205,FIXED,233953.74,BR-001,9,GHGGB7256822
SECURITY.POSITION/3006169,SECURITY_HOLDING,GHS,319090.30,319090.30,SBL-SOV-017052,SEC.BOND.5Y,1205,2025-07-21,2030-06-25,2030-06-25,0.2227,FIXED,319090.30,BR-001,9,GHGGB3164964
SECURITY.POSITION/3006170,SECURITY_HOLDING,GHS,191938.13,191938.13,SBL-SOV-017052,SEC.BOND.5Y,1205,2025-06-11,2030-05-16,2030-05-16,0.216,FIXED,191938.13,BR-001,9,GHGGB2665488
SECURITY.POSITION/3006171,SECURITY_HOLDING,GHS,311366.88,311366.88,SBL-SOV-017052,SEC.BOND.5Y,1205,2021-08-18,2026-07-23,2026-07-23,0.2252,FIXED,311366.88,BR-001,9,GHGGB9285308
SECURITY.POSITION/3006172,SECURITY_HOLDING,GHS,643205.69,643205.69,SBL-SOV-017052,SEC.BOND.10Y,1206,2023-04-22,2033-02-28,2033-02-28,0.244,FIXED,643205.69,BR-001,9,GHGGB1832021
SECURITY.POSITION/3006173,SECURITY_HOLDING,GHS,402030.06,402030.06,SBL-SOV-017052,SEC.BOND.10Y,1206,2020-11-02,2030-09-11,2030-09-11,0.2402,FIXED,402030.06,BR-001,9,GHGGB1015300
SECURITY.POSITION/3006174,SECURITY_HOLDING,GHS,285219.96,285219.96,SBL-SOV-017052,SEC.BOND.10Y,1206,2017-02-11,2026-12-21,2026-12-21,0.2397,FIXED,285219.96,BR-001,9,GHGGB2032790
SECURITY.POSITION/3006175,SECURITY_HOLDING,GHS,118352.47,118352.47,SBL-SOV-017052,SEC.BOND.10Y,1206,2024-02-02,2033-12-11,2033-12-11,0.242,FIXED,118352.47,BR-001,9,GHGGB7195524
SECURITY.POSITION/3006176,SECURITY_HOLDING,GHS,37850.92,37850.92,SBL-SOV-017052,SEC.BOND.10Y,1206,2021-04-16,2031-02-23,2031-02-23,0.2356,FIXED,37850.92,BR-001,9,GHGGB6025691
SECURITY.POSITION/3006177,SECURITY_HOLDING,GHS,188081.35,188081.35,SBL-SOV-017052,SEC.BOND.10Y,1206,2018-01-20,2027-11-29,2027-11-29,0.2426,FIXED,188081.35,BR-001,9,GHGGB3745108
SECURITY.POSITION/3006178,SECURITY_HOLDING,GHS,212484.18,212484.18,SBL-SOV-017052,SEC.BOND.10Y,1206,2020-07-10,2030-05-19,2030-05-19,0.2427,FIXED,212484.18,BR-001,9,GHGGB8484009
SECURITY.POSITION/3006179,SECURITY_HOLDING,GHS,591452.74,591452.74,SBL-SOV-017052,SEC.BOND.10Y,1206,2018-02-08,2027-12-18,2027-12-18,0.2385,FIXED,591452.74,BR-001,9,GHGGB2812450
SECURITY.POSITION/3006180,SECURITY_HOLDING,GHS,632947.64,632947.64,SBL-SOV-017052,SEC.BOND.10Y,1206,2024-06-10,2034-04-19,2034-04-19,0.2398,FIXED,632947.64,BR-001,9,GHGGB7816045
SECURITY.POSITION/3006206,SECURITY_HOLDING,GHS,763394.67,763394.67,SBL-SOV-017052,SEC.BOND.2Y,1204,2024-12-16,2026-12-06,2026-12-06,0.1954,FIXED,763394.67,BR-001,8,GHGGB3290095
SECURITY.POSITION/3006208,SECURITY_HOLDING,GHS,1221366.22,1221366.22,SBL-SOV-017052,SEC.BOND.2Y,1204,2025-06-20,2027-06-10,2027-06-10,0.1942,FIXED,1221366.22,BR-001,8,GHGGB5290632
SECURITY.POSITION/3006209,SECURITY_HOLDING,GHS,985327.05,985327.05,SBL-SOV-017052,SEC.BOND.2Y,1204,2025-05-16,2027-05-06,2027-05-06,0.1951,FIXED,985327.05,BR-001,8,GHGGB8532776
SECURITY.POSITION/3006211,SECURITY_HOLDING,GHS,784663.71,784663.71,SBL-SOV-017052,SEC.BOND.2Y,1204,2024-10-29,2026-10-19,2026-10-19,0.1928,FIXED,784663.71,BR-001,8,GHGGB6058571
SECURITY.POSITION/3006212,SECURITY_HOLDING,GHS,594989.47,594989.47,SBL-SOV-017052,SEC.BOND.2Y,1204,2025-07-29,2027-07-19,2027-07-19,0.1986,FIXED,594989.47,BR-001,8,GHGGB3890699
SECURITY.POSITION/3006214,SECURITY_HOLDING,GHS,209173.97,209173.97,SBL-SOV-017052,SEC.BOND.5Y,1205,2023-11-19,2028-10-23,2028-10-23,0.2225,FIXED,209173.97,BR-001,8,GHGGB9884524
SECURITY.POSITION/3006215,SECURITY_HOLDING,GHS,666459.13,666459.13,SBL-SOV-017052,SEC.BOND.5Y,1205,2023-06-24,2028-05-28,2028-05-28,0.2197,FIXED,666459.13,BR-001,8,GHGGB3737908
SECURITY.POSITION/3006216,SECURITY_HOLDING,GHS,239810.57,239810.57,SBL-SOV-017052,SEC.BOND.5Y,1205,2025-01-23,2029-12-28,2029-12-28,0.223,FIXED,239810.57,BR-001,8,GHGGB3897653
SECURITY.POSITION/3006217,SECURITY_HOLDING,GHS,533224.10,533224.10,SBL-SOV-017052,SEC.BOND.5Y,1205,2024-08-10,2029-07-15,2029-07-15,0.2194,FIXED,533224.10,BR-001,8,GHGGB2038584
SECURITY.POSITION/3006218,SECURITY_HOLDING,GHS,447772.56,447772.56,SBL-SOV-017052,SEC.BOND.5Y,1205,2022-08-15,2027-07-20,2027-07-20,0.2275,FIXED,447772.56,BR-001,8,GHGGB4135957
SECURITY.POSITION/3006219,SECURITY_HOLDING,GHS,452639.51,452639.51,SBL-SOV-017052,SEC.BOND.5Y,1205,2024-05-05,2029-04-09,2029-04-09,0.2203,FIXED,452639.51,BR-001,8,GHGGB2894173
SECURITY.POSITION/3006220,SECURITY_HOLDING,GHS,49969.03,49969.03,SBL-SOV-017052,SEC.BOND.5Y,1205,2025-07-08,2030-06-12,2030-06-12,0.2248,FIXED,49969.03,BR-001,8,GHGGB6517165
SECURITY.POSITION/3006221,SECURITY_HOLDING,GHS,299449.67,299449.67,SBL-SOV-017052,SEC.BOND.5Y,1205,2024-10-10,2029-09-14,2029-09-14,0.2196,FIXED,299449.67,BR-001,8,GHGGB5002237
SECURITY.POSITION/3006222,SECURITY_HOLDING,GHS,92731.87,92731.87,SBL-SOV-017052,SEC.BOND.5Y,1205,2024-02-21,2029-01-25,2029-01-25,0.2192,FIXED,92731.87,BR-001,8,GHGGB9635024
SECURITY.POSITION/3006223,SECURITY_HOLDING,GHS,37664.04,37664.04,SBL-SOV-017052,SEC.BOND.5Y,1205,2024-11-13,2029-10-18,2029-10-18,0.2217,FIXED,37664.04,BR-001,8,GHGGB3065642
SECURITY.POSITION/3006224,SECURITY_HOLDING,GHS,555936.33,555936.33,SBL-SOV-017052,SEC.BOND.5Y,1205,2023-04-29,2028-04-02,2028-04-02,0.2249,FIXED,555936.33,BR-001,8,GHGGB2880743
SECURITY.POSITION/3006225,SECURITY_HOLDING,GHS,495951.63,495951.63,SBL-SOV-017052,SEC.BOND.5Y,1205,2023-05-28,2028-05-01,2028-05-01,0.2196,FIXED,495951.63,BR-001,8,GHGGB2932926
SECURITY.POSITION/3006226,SECURITY_HOLDING,GHS,42386.50,42386.50,SBL-SOV-017052,SEC.BOND.10Y,1206,2023-03-01,2033-01-07,2033-01-07,0.2397,FIXED,42386.50,BR-001,8,GHGGB2518500
SECURITY.POSITION/3006227,SECURITY_HOLDING,GHS,81615.35,81615.35,SBL-SOV-017052,SEC.BOND.10Y,1206,2024-05-17,2034-03-26,2034-03-26,0.2371,FIXED,81615.35,BR-001,8,GHGGB7379211
SECURITY.POSITION/3006228,SECURITY_HOLDING,GHS,171911.34,171911.34,SBL-SOV-017052,SEC.BOND.10Y,1206,2024-05-17,2034-03-26,2034-03-26,0.2384,FIXED,171911.34,BR-001,8,GHGGB3923943
SECURITY.POSITION/3006229,SECURITY_HOLDING,GHS,58949.20,58949.20,SBL-SOV-017052,SEC.BOND.10Y,1206,2016-11-28,2026-10-07,2026-10-07,0.2371,FIXED,58949.20,BR-001,8,GHGGB4193184
SECURITY.POSITION/3006230,SECURITY_HOLDING,GHS,109948.76,109948.76,SBL-SOV-017052,SEC.BOND.10Y,1206,2023-08-29,2033-07-07,2033-07-07,0.236,FIXED,109948.76,BR-001,8,GHGGB2219825
SECURITY.POSITION/3006231,SECURITY_HOLDING,GHS,90715.26,90715.26,SBL-SOV-017052,SEC.BOND.10Y,1206,2024-01-31,2033-12-09,2033-12-09,0.2359,FIXED,90715.26,BR-001,8,GHGGB1592961
SECURITY.POSITION/3006232,SECURITY_HOLDING,GHS,56399.77,56399.77,SBL-SOV-017052,SEC.BOND.10Y,1206,2025-10-27,2035-09-05,2035-09-05,0.2396,FIXED,56399.77,BR-001,8,GHGGB1607456
SECURITY.POSITION/3006233,SECURITY_HOLDING,GHS,109141.99,109141.99,SBL-SOV-017052,SEC.BOND.10Y,1206,2019-03-31,2029-02-06,2029-02-06,0.2358,FIXED,109141.99,BR-001,8,GHGGB5176904
SECURITY.POSITION/3006235,SECURITY_HOLDING,GHS,75480.97,75480.97,SBL-SOV-017052,SEC.BOND.10Y,1206,2019-03-02,2029-01-08,2029-01-08,0.2398,FIXED,75480.97,BR-001,8,GHGGB1864885
SECURITY.POSITION/3006260,SECURITY_HOLDING,GHS,2301332.55,2301332.55,SBL-SOV-017052,SEC.TBILL.364,1203,2025-10-10,2026-10-05,2026-10-05,0.1817,FIXED,2301332.55,BR-001,7,GHGGB4545785
SECURITY.POSITION/3006261,SECURITY_HOLDING,GHS,1000943.11,1000943.11,SBL-SOV-017052,SEC.TBILL.364,1203,2025-07-22,2026-07-17,2026-07-17,0.1797,FIXED,1000943.11,BR-001,7,GHGGB7338520
SECURITY.POSITION/3006263,SECURITY_HOLDING,GHS,5737692.67,5737692.67,SBL-SOV-017052,SEC.TBILL.364,1203,2025-07-15,2026-07-10,2026-07-10,0.1814,FIXED,5737692.67,BR-001,7,GHGGB2917488
SECURITY.POSITION/3006267,SECURITY_HOLDING,GHS,2484450.81,2484450.81,SBL-SOV-017052,SEC.TBILL.364,1203,2025-11-13,2026-11-08,2026-11-08,0.183,FIXED,2484450.81,BR-001,7,GHGGB5121560
SECURITY.POSITION/3006269,SECURITY_HOLDING,GHS,979804.91,979804.91,SBL-SOV-017052,SEC.BOND.2Y,1204,2024-08-01,2026-07-22,2026-07-22,0.191,FIXED,979804.91,BR-001,7,GHGGB9728014
SECURITY.POSITION/3006272,SECURITY_HOLDING,GHS,383064.10,383064.10,SBL-SOV-017052,SEC.BOND.2Y,1204,2024-12-30,2026-12-20,2026-12-20,0.1947,FIXED,383064.10,BR-001,7,GHGGB1033370
SECURITY.POSITION/3006274,SECURITY_HOLDING,GHS,810266.27,810266.27,SBL-SOV-017052,SEC.BOND.2Y,1204,2025-09-06,2027-08-27,2027-08-27,0.1937,FIXED,810266.27,BR-001,7,GHGGB9337413
SECURITY.POSITION/3006275,SECURITY_HOLDING,GHS,528292.45,528292.45,SBL-SOV-017052,SEC.BOND.2Y,1204,2025-04-14,2027-04-04,2027-04-04,0.1991,FIXED,528292.45,BR-001,7,GHGGB8621893
SECURITY.POSITION/3006276,SECURITY_HOLDING,GHS,275087.17,275087.17,SBL-SOV-017052,SEC.BOND.2Y,1204,2025-03-01,2027-02-19,2027-02-19,0.1903,FIXED,275087.17,BR-001,7,GHGGB6213931
SECURITY.POSITION/3006277,SECURITY_HOLDING,GHS,867829.13,867829.13,SBL-SOV-017052,SEC.BOND.2Y,1204,2024-11-09,2026-10-30,2026-10-30,0.1924,FIXED,867829.13,BR-001,7,GHGGB6918366
SECURITY.POSITION/3006278,SECURITY_HOLDING,GHS,863920.47,863920.47,SBL-SOV-017052,SEC.BOND.2Y,1204,2025-01-08,2026-12-29,2026-12-29,0.1894,FIXED,863920.47,BR-001,7,GHGGB5351628
SECURITY.POSITION/3006279,SECURITY_HOLDING,GHS,1425223.52,1425223.52,SBL-SOV-017052,SEC.BOND.2Y,1204,2025-05-28,2027-05-18,2027-05-18,0.198,FIXED,1425223.52,BR-001,7,GHGGB4226340
SECURITY.POSITION/3006280,SECURITY_HOLDING,GHS,454540.23,454540.23,SBL-SOV-017052,SEC.BOND.2Y,1204,2025-10-17,2027-10-07,2027-10-07,0.1918,FIXED,454540.23,BR-001,7,GHGGB7279526
SECURITY.POSITION/3006281,SECURITY_HOLDING,GHS,194717.28,194717.28,SBL-SOV-017052,SEC.BOND.5Y,1205,2024-05-06,2029-04-10,2029-04-10,0.2142,FIXED,194717.28,BR-001,7,GHGGB8223275
SECURITY.POSITION/3006282,SECURITY_HOLDING,GHS,222239.07,222239.07,SBL-SOV-017052,SEC.BOND.5Y,1205,2022-07-02,2027-06-06,2027-06-06,0.2208,FIXED,222239.07,BR-001,7,GHGGB5017972
SECURITY.POSITION/3006283,SECURITY_HOLDING,GHS,429997.15,429997.15,SBL-SOV-017052,SEC.BOND.5Y,1205,2022-04-01,2027-03-06,2027-03-06,0.218,FIXED,429997.15,BR-001,7,GHGGB5914653
SECURITY.POSITION/3006284,SECURITY_HOLDING,GHS,318771.46,318771.46,SBL-SOV-017052,SEC.BOND.5Y,1205,2023-03-22,2028-02-24,2028-02-24,0.2229,FIXED,318771.46,BR-001,7,GHGGB8815629
SECURITY.POSITION/3006285,SECURITY_HOLDING,GHS,95236.01,95236.01,SBL-SOV-017052,SEC.BOND.5Y,1205,2024-01-21,2028-12-25,2028-12-25,0.2138,FIXED,95236.01,BR-001,7,GHGGB7614367
SECURITY.POSITION/3006286,SECURITY_HOLDING,GHS,303164.56,303164.56,SBL-SOV-017052,SEC.BOND.5Y,1205,2024-01-07,2028-12-11,2028-12-11,0.222,FIXED,303164.56,BR-001,7,GHGGB6661506
SECURITY.POSITION/3006288,SECURITY_HOLDING,GHS,425895.07,425895.07,SBL-SOV-017052,SEC.BOND.5Y,1205,2022-12-04,2027-11-08,2027-11-08,0.2214,FIXED,425895.07,BR-001,7,GHGGB7540165
SECURITY.POSITION/3006289,SECURITY_HOLDING,GHS,479214.75,479214.75,SBL-SOV-017052,SEC.BOND.5Y,1205,2023-11-10,2028-10-14,2028-10-14,0.2163,FIXED,479214.75,BR-001,7,GHGGB6884981
SECURITY.POSITION/3006290,SECURITY_HOLDING,GHS,66883.61,66883.61,SBL-SOV-017052,SEC.BOND.5Y,1205,2021-10-23,2026-09-27,2026-09-27,0.2148,FIXED,66883.61,BR-001,7,GHGGB6452679
SECURITY.POSITION/3006291,SECURITY_HOLDING,GHS,221785.36,221785.36,SBL-SOV-017052,SEC.BOND.5Y,1205,2023-09-10,2028-08-14,2028-08-14,0.2142,FIXED,221785.36,BR-001,7,GHGGB6327862
SECURITY.POSITION/3006292,SECURITY_HOLDING,GHS,63045.07,63045.07,SBL-SOV-017052,SEC.BOND.5Y,1205,2025-05-03,2030-04-07,2030-04-07,0.2149,FIXED,63045.07,BR-001,7,GHGGB4665452
SECURITY.POSITION/3006316,SECURITY_HOLDING,GHS,912427.86,912427.86,SBL-SOV-017052,SEC.TBILL.364,1203,2025-08-04,2026-07-30,2026-07-30,0.1879,FIXED,912427.86,BR-001,6,GHGGB6412222
SECURITY.POSITION/3006317,SECURITY_HOLDING,GHS,2288002.08,2288002.08,SBL-SOV-017052,SEC.TBILL.364,1203,2025-10-08,2026-10-03,2026-10-03,0.1822,FIXED,2288002.08,BR-001,6,GHGGB5545972
SECURITY.POSITION/3006318,SECURITY_HOLDING,GHS,2793342.48,2793342.48,SBL-SOV-017052,SEC.TBILL.364,1203,2025-10-14,2026-10-09,2026-10-09,0.1871,FIXED,2793342.48,BR-001,6,GHGGB7887696
SECURITY.POSITION/3006320,SECURITY_HOLDING,GHS,2276973.68,2276973.68,SBL-SOV-017052,SEC.TBILL.364,1203,2025-08-28,2026-08-23,2026-08-23,0.1925,FIXED,2276973.68,BR-001,6,GHGGB6485400
SECURITY.POSITION/3006321,SECURITY_HOLDING,GHS,284909.32,284909.32,SBL-SOV-017052,SEC.TBILL.364,1203,2025-12-13,2026-12-08,2026-12-08,0.1899,FIXED,284909.32,BR-001,6,GHGGB6698088
SECURITY.POSITION/3006322,SECURITY_HOLDING,GHS,657218.19,657218.19,SBL-SOV-017052,SEC.TBILL.364,1203,2025-12-12,2026-12-07,2026-12-07,0.1851,FIXED,657218.19,BR-001,6,GHGGB7257068
SECURITY.POSITION/3006323,SECURITY_HOLDING,GHS,3400829.00,3400829.00,SBL-SOV-017052,SEC.TBILL.364,1203,2025-08-21,2026-08-16,2026-08-16,0.1869,FIXED,3400829.00,BR-001,6,GHGGB9576018
SECURITY.POSITION/3006324,SECURITY_HOLDING,GHS,2021123.44,2021123.44,SBL-SOV-017052,SEC.TBILL.364,1203,2025-09-12,2026-09-07,2026-09-07,0.1819,FIXED,2021123.44,BR-001,6,GHGGB6634252
SECURITY.POSITION/3006325,SECURITY_HOLDING,GHS,2745671.75,2745671.75,SBL-SOV-017052,SEC.TBILL.364,1203,2025-12-18,2026-12-13,2026-12-13,0.1848,FIXED,2745671.75,BR-001,6,GHGGB5156691
SECURITY.POSITION/3006327,SECURITY_HOLDING,GHS,770863.53,770863.53,SBL-SOV-017052,SEC.BOND.2Y,1204,2024-07-25,2026-07-15,2026-07-15,0.1911,FIXED,770863.53,BR-001,6,GHGGB3194199
SECURITY.POSITION/3006328,SECURITY_HOLDING,GHS,2223077.47,2223077.47,SBL-SOV-017052,SEC.BOND.2Y,1204,2025-05-09,2027-04-29,2027-04-29,0.1956,FIXED,2223077.47,BR-001,6,GHGGB3861076
SECURITY.POSITION/3006329,SECURITY_HOLDING,GHS,438633.09,438633.09,SBL-SOV-017052,SEC.BOND.2Y,1204,2025-12-07,2027-11-27,2027-11-27,0.1975,FIXED,438633.09,BR-001,6,GHGGB4693809
SECURITY.POSITION/3006331,SECURITY_HOLDING,GHS,496375.15,496375.15,SBL-SOV-017052,SEC.BOND.2Y,1204,2025-09-27,2027-09-17,2027-09-17,0.1921,FIXED,496375.15,BR-001,6,GHGGB6452050
SECURITY.POSITION/3006332,SECURITY_HOLDING,GHS,1764734.80,1764734.80,SBL-SOV-017052,SEC.BOND.2Y,1204,2025-03-14,2027-03-04,2027-03-04,0.1923,FIXED,1764734.80,BR-001,6,GHGGB5407477
SECURITY.POSITION/3006334,SECURITY_HOLDING,GHS,1307154.42,1307154.42,SBL-SOV-017052,SEC.BOND.5Y,1205,2024-09-02,2029-08-07,2029-08-07,0.2175,FIXED,1307154.42,BR-001,6,GHGGB3856517
SECURITY.POSITION/3006335,SECURITY_HOLDING,GHS,1973490.59,1973490.59,SBL-SOV-017052,SEC.BOND.5Y,1205,2022-11-20,2027-10-25,2027-10-25,0.2159,FIXED,1973490.59,BR-001,6,GHGGB3603072
SECURITY.POSITION/3006336,SECURITY_HOLDING,GHS,1124281.95,1124281.95,SBL-SOV-017052,SEC.BOND.5Y,1205,2024-08-23,2029-07-28,2029-07-28,0.2232,FIXED,1124281.95,BR-001,6,GHGGB8341977
SECURITY.POSITION/3006337,SECURITY_HOLDING,GHS,1662078.23,1662078.23,SBL-SOV-017052,SEC.BOND.5Y,1205,2022-09-22,2027-08-27,2027-08-27,0.2185,FIXED,1662078.23,BR-001,6,GHGGB4176335
SECURITY.POSITION/3006338,SECURITY_HOLDING,GHS,1156714.86,1156714.86,SBL-SOV-017052,SEC.BOND.5Y,1205,2025-03-22,2030-02-24,2030-02-24,0.2175,FIXED,1156714.86,BR-001,6,GHGGB1108408
SECURITY.POSITION/3006339,SECURITY_HOLDING,GHS,1173420.45,1173420.45,SBL-SOV-017052,SEC.BOND.5Y,1205,2022-11-07,2027-10-12,2027-10-12,0.2172,FIXED,1173420.45,BR-001,6,GHGGB7119977
SECURITY.POSITION/3006340,SECURITY_HOLDING,GHS,473884.75,473884.75,SBL-SOV-017052,SEC.BOND.10Y,1206,2020-07-15,2030-05-24,2030-05-24,0.2377,FIXED,473884.75,BR-001,6,GHGGB4541625
SECURITY.POSITION/3006341,SECURITY_HOLDING,GHS,1190078.14,1190078.14,SBL-SOV-017052,SEC.BOND.10Y,1206,2023-02-09,2032-12-18,2032-12-18,0.2369,FIXED,1190078.14,BR-001,6,GHGGB2021497
SECURITY.POSITION/3006342,SECURITY_HOLDING,GHS,260349.48,260349.48,SBL-SOV-017052,SEC.BOND.10Y,1206,2019-02-09,2028-12-18,2028-12-18,0.2423,FIXED,260349.48,BR-001,6,GHGGB3368609
SECURITY.POSITION/3006343,SECURITY_HOLDING,GHS,1114575.83,1114575.83,SBL-SOV-017052,SEC.BOND.10Y,1206,2021-04-14,2031-02-21,2031-02-21,0.2427,FIXED,1114575.83,BR-001,6,GHGGB3507166
SECURITY.POSITION/3006344,SECURITY_HOLDING,GHS,604724.53,604724.53,SBL-SOV-017052,SEC.BOND.10Y,1206,2018-06-15,2028-04-23,2028-04-23,0.2414,FIXED,604724.53,BR-001,6,GHGGB2835362
SECURITY.POSITION/3006345,SECURITY_HOLDING,GHS,907111.88,907111.88,SBL-SOV-017052,SEC.BOND.10Y,1206,2022-07-27,2032-06-04,2032-06-04,0.2452,FIXED,907111.88,BR-001,6,GHGGB3974792
SECURITY.POSITION/3006346,SECURITY_HOLDING,GHS,804610.04,804610.04,SBL-SOV-017052,SEC.BOND.10Y,1206,2018-11-16,2028-09-24,2028-09-24,0.2383,FIXED,804610.04,BR-001,6,GHGGB4159985
SECURITY.POSITION/3006359,SECURITY_HOLDING,GHS,4419898.76,4419898.76,SBL-SOV-017052,SEC.TBILL.182,1202,2026-01-10,2026-07-09,2026-07-09,0.1732,FIXED,4419898.76,BR-001,5,GHGGB9468579
SECURITY.POSITION/3006369,SECURITY_HOLDING,GHS,37560.56,37560.56,SBL-SOV-017052,SEC.TBILL.364,1203,2025-10-26,2026-10-21,2026-10-21,0.18,FIXED,37560.56,BR-001,5,GHGGB1240572
SECURITY.POSITION/3006370,SECURITY_HOLDING,GHS,503172.44,503172.44,SBL-SOV-017052,SEC.TBILL.364,1203,2025-08-20,2026-08-15,2026-08-15,0.185,FIXED,503172.44,BR-001,5,GHGGB4893727
SECURITY.POSITION/3006371,SECURITY_HOLDING,GHS,293140.46,293140.46,SBL-SOV-017052,SEC.TBILL.364,1203,2025-11-22,2026-11-17,2026-11-17,0.1848,FIXED,293140.46,BR-001,5,GHGGB4153107
SECURITY.POSITION/3006373,SECURITY_HOLDING,GHS,120159.36,120159.36,SBL-SOV-017052,SEC.TBILL.364,1203,2025-09-08,2026-09-03,2026-09-03,0.1871,FIXED,120159.36,BR-001,5,GHGGB7670847
SECURITY.POSITION/3006375,SECURITY_HOLDING,GHS,311256.85,311256.85,SBL-SOV-017052,SEC.TBILL.364,1203,2025-11-15,2026-11-10,2026-11-10,0.19,FIXED,311256.85,BR-001,5,GHGGB8193233
SECURITY.POSITION/3006376,SECURITY_HOLDING,GHS,165360.12,165360.12,SBL-SOV-017052,SEC.TBILL.364,1203,2025-11-16,2026-11-11,2026-11-11,0.1871,FIXED,165360.12,BR-001,5,GHGGB3938183
SECURITY.POSITION/3006377,SECURITY_HOLDING,GHS,337375.51,337375.51,SBL-SOV-017052,SEC.TBILL.364,1203,2025-09-03,2026-08-29,2026-08-29,0.1798,FIXED,337375.51,BR-001,5,GHGGB3516656
SECURITY.POSITION/3006379,SECURITY_HOLDING,GHS,220777.47,220777.47,SBL-SOV-017052,SEC.TBILL.364,1203,2025-08-21,2026-08-16,2026-08-16,0.1846,FIXED,220777.47,BR-001,5,GHGGB1268454
SECURITY.POSITION/3006380,SECURITY_HOLDING,GHS,710135.17,710135.17,SBL-SOV-017052,SEC.BOND.2Y,1204,2025-09-23,2027-09-13,2027-09-13,0.1878,FIXED,710135.17,BR-001,5,GHGGB7988800
SECURITY.POSITION/3006382,SECURITY_HOLDING,GHS,1099535.92,1099535.92,SBL-SOV-017052,SEC.BOND.2Y,1204,2025-08-10,2027-07-31,2027-07-31,0.1926,FIXED,1099535.92,BR-001,5,GHGGB8642002
SECURITY.POSITION/3006383,SECURITY_HOLDING,GHS,938457.16,938457.16,SBL-SOV-017052,SEC.BOND.2Y,1204,2024-10-05,2026-09-25,2026-09-25,0.1942,FIXED,938457.16,BR-001,5,GHGGB2577303
SECURITY.POSITION/3006384,SECURITY_HOLDING,GHS,1073156.89,1073156.89,SBL-SOV-017052,SEC.BOND.2Y,1204,2024-08-16,2026-08-06,2026-08-06,0.1903,FIXED,1073156.89,BR-001,5,GHGGB2251669
SECURITY.POSITION/3006386,SECURITY_HOLDING,GHS,600237.93,600237.93,SBL-SOV-017052,SEC.BOND.2Y,1204,2025-09-17,2027-09-07,2027-09-07,0.1863,FIXED,600237.93,BR-001,5,GHGGB2883491
SECURITY.POSITION/3006387,SECURITY_HOLDING,GHS,878261.91,878261.91,SBL-SOV-017052,SEC.BOND.2Y,1204,2025-05-03,2027-04-23,2027-04-23,0.1914,FIXED,878261.91,BR-001,5,GHGGB1643371
SECURITY.POSITION/3006388,SECURITY_HOLDING,GHS,802229.72,802229.72,SBL-SOV-017052,SEC.BOND.2Y,1204,2025-12-16,2027-12-06,2027-12-06,0.1875,FIXED,802229.72,BR-001,5,GHGGB4114675
SECURITY.POSITION/3006389,SECURITY_HOLDING,GHS,95170.16,95170.16,SBL-SOV-017052,SEC.BOND.5Y,1205,2025-01-15,2029-12-20,2029-12-20,0.2171,FIXED,95170.16,BR-001,5,GHGGB9199880
SECURITY.POSITION/3006391,SECURITY_HOLDING,GHS,11693.02,11693.02,SBL-SOV-017052,SEC.BOND.5Y,1205,2023-08-05,2028-07-09,2028-07-09,0.221,FIXED,11693.02,BR-001,5,GHGGB3503017
SECURITY.POSITION/3006392,SECURITY_HOLDING,GHS,243920.06,243920.06,SBL-SOV-017052,SEC.BOND.5Y,1205,2024-01-31,2029-01-04,2029-01-04,0.2238,FIXED,243920.06,BR-001,5,GHGGB6779009
SECURITY.POSITION/3006393,SECURITY_HOLDING,GHS,151090.41,151090.41,SBL-SOV-017052,SEC.BOND.5Y,1205,2024-05-09,2029-04-13,2029-04-13,0.2206,FIXED,151090.41,BR-001,5,GHGGB5491548
SECURITY.POSITION/3006394,SECURITY_HOLDING,GHS,112420.35,112420.35,SBL-SOV-017052,SEC.BOND.5Y,1205,2022-11-28,2027-11-02,2027-11-02,0.2238,FIXED,112420.35,BR-001,5,GHGGB3842551
SECURITY.POSITION/3006395,SECURITY_HOLDING,GHS,97254.49,97254.49,SBL-SOV-017052,SEC.BOND.5Y,1205,2022-02-20,2027-01-25,2027-01-25,0.2282,FIXED,97254.49,BR-001,5,GHGGB3285973
SECURITY.POSITION/3006396,SECURITY_HOLDING,GHS,27039.39,27039.39,SBL-SOV-017052,SEC.BOND.5Y,1205,2024-03-31,2029-03-05,2029-03-05,0.2209,FIXED,27039.39,BR-001,5,GHGGB4455990
SECURITY.POSITION/3006397,SECURITY_HOLDING,GHS,29518.48,29518.48,SBL-SOV-017052,SEC.BOND.5Y,1205,2024-09-30,2029-09-04,2029-09-04,0.2273,FIXED,29518.48,BR-001,5,GHGGB9751714
SECURITY.POSITION/3006398,SECURITY_HOLDING,GHS,162127.20,162127.20,SBL-SOV-017052,SEC.BOND.10Y,1206,2017-09-17,2027-07-27,2027-07-27,0.2399,FIXED,162127.20,BR-001,5,GHGGB7368792
SECURITY.POSITION/3006399,SECURITY_HOLDING,GHS,296338.01,296338.01,SBL-SOV-017052,SEC.BOND.10Y,1206,2023-07-05,2033-05-13,2033-05-13,0.2449,FIXED,296338.01,BR-001,5,GHGGB7505879
SECURITY.POSITION/3006400,SECURITY_HOLDING,GHS,67164.51,67164.51,SBL-SOV-017052,SEC.BOND.10Y,1206,2017-04-22,2027-03-01,2027-03-01,0.2389,FIXED,67164.51,BR-001,5,GHGGB9135147
SECURITY.POSITION/3006401,SECURITY_HOLDING,GHS,283723.23,283723.23,SBL-SOV-017052,SEC.BOND.10Y,1206,2018-08-17,2028-06-25,2028-06-25,0.238,FIXED,283723.23,BR-001,5,GHGGB9505257
SECURITY.POSITION/3006402,SECURITY_HOLDING,GHS,326152.74,326152.74,SBL-SOV-017052,SEC.BOND.10Y,1206,2018-11-19,2028-09-27,2028-09-27,0.2317,FIXED,326152.74,BR-001,5,GHGGB5489954
SECURITY.POSITION/3006403,SECURITY_HOLDING,GHS,299933.73,299933.73,SBL-SOV-017052,SEC.BOND.10Y,1206,2020-04-28,2030-03-07,2030-03-07,0.2406,FIXED,299933.73,BR-001,5,GHGGB9597023
SECURITY.POSITION/3006404,SECURITY_HOLDING,GHS,256528.45,256528.45,SBL-SOV-017052,SEC.BOND.10Y,1206,2018-10-18,2028-08-26,2028-08-26,0.2387,FIXED,256528.45,BR-001,5,GHGGB2746172
SECURITY.POSITION/3006421,SECURITY_HOLDING,GHS,1080178.62,1080178.62,SBL-SOV-017052,SEC.TBILL.364,1203,2025-09-02,2026-08-28,2026-08-28,0.1793,FIXED,1080178.62,BR-001,4,GHGGB8840166
SECURITY.POSITION/3006422,SECURITY_HOLDING,GHS,2608025.46,2608025.46,SBL-SOV-017052,SEC.TBILL.364,1203,2026-01-23,2027-01-18,2027-01-18,0.173,FIXED,2608025.46,BR-001,4,GHGGB8308593
SECURITY.POSITION/3006423,SECURITY_HOLDING,GHS,949244.27,949244.27,SBL-SOV-017052,SEC.TBILL.364,1203,2025-11-11,2026-11-06,2026-11-06,0.1763,FIXED,949244.27,BR-001,4,GHGGB4941980
SECURITY.POSITION/3006424,SECURITY_HOLDING,GHS,968119.22,968119.22,SBL-SOV-017052,SEC.TBILL.364,1203,2025-08-30,2026-08-25,2026-08-25,0.1803,FIXED,968119.22,BR-001,4,GHGGB8046919
SECURITY.POSITION/3006425,SECURITY_HOLDING,GHS,1809742.55,1809742.55,SBL-SOV-017052,SEC.TBILL.364,1203,2025-07-22,2026-07-17,2026-07-17,0.1799,FIXED,1809742.55,BR-001,4,GHGGB9945574
SECURITY.POSITION/3006427,SECURITY_HOLDING,GHS,1341911.96,1341911.96,SBL-SOV-017052,SEC.TBILL.364,1203,2025-11-01,2026-10-27,2026-10-27,0.1744,FIXED,1341911.96,BR-001,4,GHGGB4606168
SECURITY.POSITION/3006428,SECURITY_HOLDING,GHS,455885.33,455885.33,SBL-SOV-017052,SEC.BOND.2Y,1204,2025-04-06,2027-03-27,2027-03-27,0.1944,FIXED,455885.33,BR-001,4,GHGGB4562605
SECURITY.POSITION/3006429,SECURITY_HOLDING,GHS,369310.78,369310.78,SBL-SOV-017052,SEC.BOND.2Y,1204,2024-11-20,2026-11-10,2026-11-10,0.1929,FIXED,369310.78,BR-001,4,GHGGB7974503
SECURITY.POSITION/3006430,SECURITY_HOLDING,GHS,429800.44,429800.44,SBL-SOV-017052,SEC.BOND.2Y,1204,2025-07-26,2027-07-16,2027-07-16,0.1936,FIXED,429800.44,BR-001,4,GHGGB2752763
SECURITY.POSITION/3006431,SECURITY_HOLDING,GHS,757686.58,757686.58,SBL-SOV-017052,SEC.BOND.2Y,1204,2025-12-03,2027-11-23,2027-11-23,0.1952,FIXED,757686.58,BR-001,4,GHGGB4304843
SECURITY.POSITION/3006432,SECURITY_HOLDING,GHS,340840.14,340840.14,SBL-SOV-017052,SEC.BOND.2Y,1204,2025-09-28,2027-09-18,2027-09-18,0.1943,FIXED,340840.14,BR-001,4,GHGGB9102053
SECURITY.POSITION/3006433,SECURITY_HOLDING,GHS,1322649.46,1322649.46,SBL-SOV-017052,SEC.BOND.2Y,1204,2025-07-15,2027-07-05,2027-07-05,0.193,FIXED,1322649.46,BR-001,4,GHGGB6335158
SECURITY.POSITION/3006436,SECURITY_HOLDING,GHS,295387.23,295387.23,SBL-SOV-017052,SEC.BOND.2Y,1204,2024-12-10,2026-11-30,2026-11-30,0.1933,FIXED,295387.23,BR-001,4,GHGGB4846921
SECURITY.POSITION/3006437,SECURITY_HOLDING,GHS,592936.26,592936.26,SBL-SOV-017052,SEC.BOND.2Y,1204,2025-05-17,2027-05-07,2027-05-07,0.1981,FIXED,592936.26,BR-001,4,GHGGB6091177
SECURITY.POSITION/3006438,SECURITY_HOLDING,GHS,257961.16,257961.16,SBL-SOV-017052,SEC.BOND.2Y,1204,2026-01-17,2028-01-07,2028-01-07,0.1885,FIXED,257961.16,BR-001,4,GHGGB5888937
SECURITY.POSITION/3006440,SECURITY_HOLDING,GHS,310950.57,310950.57,SBL-SOV-017052,SEC.BOND.2Y,1204,2025-10-31,2027-10-21,2027-10-21,0.198,FIXED,310950.57,BR-001,4,GHGGB8961509
SECURITY.POSITION/3006441,SECURITY_HOLDING,GHS,627085.60,627085.60,SBL-SOV-017052,SEC.BOND.5Y,1205,2023-07-19,2028-06-22,2028-06-22,0.225,FIXED,627085.60,BR-001,4,GHGGB3704611
SECURITY.POSITION/3006442,SECURITY_HOLDING,GHS,198868.91,198868.91,SBL-SOV-017052,SEC.BOND.5Y,1205,2023-11-07,2028-10-11,2028-10-11,0.2174,FIXED,198868.91,BR-001,4,GHGGB5074212
SECURITY.POSITION/3006443,SECURITY_HOLDING,GHS,313434.55,313434.55,SBL-SOV-017052,SEC.BOND.5Y,1205,2021-12-06,2026-11-10,2026-11-10,0.2211,FIXED,313434.55,BR-001,4,GHGGB2505880
SECURITY.POSITION/3006444,SECURITY_HOLDING,GHS,1049495.22,1049495.22,SBL-SOV-017052,SEC.BOND.5Y,1205,2022-11-24,2027-10-29,2027-10-29,0.2158,FIXED,1049495.22,BR-001,4,GHGGB4997022
SECURITY.POSITION/3006445,SECURITY_HOLDING,GHS,351597.82,351597.82,SBL-SOV-017052,SEC.BOND.5Y,1205,2024-07-12,2029-06-16,2029-06-16,0.2179,FIXED,351597.82,BR-001,4,GHGGB6878261
SECURITY.POSITION/3006446,SECURITY_HOLDING,GHS,744185.52,744185.52,SBL-SOV-017052,SEC.BOND.5Y,1205,2023-12-11,2028-11-14,2028-11-14,0.215,FIXED,744185.52,BR-001,4,GHGGB6562825
SECURITY.POSITION/3006447,SECURITY_HOLDING,GHS,1944438.97,1944438.97,SBL-SOV-017052,SEC.BOND.5Y,1205,2022-09-01,2027-08-06,2027-08-06,0.2191,FIXED,1944438.97,BR-001,4,GHGGB4188211
SECURITY.POSITION/3006448,SECURITY_HOLDING,GHS,1992306.89,1992306.89,SBL-SOV-017052,SEC.BOND.5Y,1205,2023-02-16,2028-01-21,2028-01-21,0.2206,FIXED,1992306.89,BR-001,4,GHGGB9552737
SECURITY.POSITION/3006449,SECURITY_HOLDING,GHS,438337.83,438337.83,SBL-SOV-017052,SEC.BOND.10Y,1206,2019-09-14,2029-07-23,2029-07-23,0.2442,FIXED,438337.83,BR-001,4,GHGGB1898179
SECURITY.POSITION/3006450,SECURITY_HOLDING,GHS,1408911.61,1408911.61,SBL-SOV-017052,SEC.BOND.10Y,1206,2017-09-05,2027-07-15,2027-07-15,0.2375,FIXED,1408911.61,BR-001,4,GHGGB8703774
SECURITY.POSITION/3006451,SECURITY_HOLDING,GHS,1080870.87,1080870.87,SBL-SOV-017052,SEC.BOND.10Y,1206,2022-12-17,2032-10-25,2032-10-25,0.2413,FIXED,1080870.87,BR-001,4,GHGGB3032722
SECURITY.POSITION/3006452,SECURITY_HOLDING,GHS,732928.62,732928.62,SBL-SOV-017052,SEC.BOND.10Y,1206,2020-06-03,2030-04-12,2030-04-12,0.2338,FIXED,732928.62,BR-001,4,GHGGB9590148
SECURITY.POSITION/3006453,SECURITY_HOLDING,GHS,982382.36,982382.36,SBL-SOV-017052,SEC.BOND.10Y,1206,2019-02-01,2028-12-10,2028-12-10,0.2421,FIXED,982382.36,BR-001,4,GHGGB3535816
SECURITY.POSITION/3006454,SECURITY_HOLDING,GHS,1279361.32,1279361.32,SBL-SOV-017052,SEC.BOND.10Y,1206,2024-12-01,2034-10-10,2034-10-10,0.2409,FIXED,1279361.32,BR-001,4,GHGGB4535413
SECURITY.POSITION/3006468,SECURITY_HOLDING,GHS,2275278.89,2275278.89,SBL-SOV-017052,SEC.TBILL.182,1202,2026-01-06,2026-07-05,2026-07-05,0.1753,FIXED,2275278.89,BR-001,3,GHGGB6917937
SECURITY.POSITION/3006470,SECURITY_HOLDING,GHS,337517.91,337517.91,SBL-SOV-017052,SEC.TBILL.182,1202,2026-02-16,2026-08-15,2026-08-15,0.1754,FIXED,337517.91,BR-001,3,GHGGB8019687
SECURITY.POSITION/3006473,SECURITY_HOLDING,GHS,2180086.59,2180086.59,SBL-SOV-017052,SEC.TBILL.182,1202,2026-03-03,2026-08-30,2026-08-30,0.1693,FIXED,2180086.59,BR-001,3,GHGGB5964145
SECURITY.POSITION/3006476,SECURITY_HOLDING,GHS,783989.78,783989.78,SBL-SOV-017052,SEC.TBILL.182,1202,2026-03-09,2026-09-05,2026-09-05,0.1765,FIXED,783989.78,BR-001,3,GHGGB7380934
SECURITY.POSITION/3006478,SECURITY_HOLDING,GHS,2779762.12,2779762.12,SBL-SOV-017052,SEC.TBILL.182,1202,2026-03-25,2026-09-21,2026-09-21,0.1737,FIXED,2779762.12,BR-001,3,GHGGB2899853
SECURITY.POSITION/3006480,SECURITY_HOLDING,GHS,5380787.60,5380787.60,SBL-SOV-017052,SEC.TBILL.364,1203,2026-02-27,2027-02-22,2027-02-22,0.1881,FIXED,5380787.60,BR-001,3,GHGGB1359294
SECURITY.POSITION/3006482,SECURITY_HOLDING,GHS,5415643.68,5415643.68,SBL-SOV-017052,SEC.TBILL.364,1203,2025-09-12,2026-09-07,2026-09-07,0.1875,FIXED,5415643.68,BR-001,3,GHGGB6326787
SECURITY.POSITION/3006483,SECURITY_HOLDING,GHS,4530665.03,4530665.03,SBL-SOV-017052,SEC.TBILL.364,1203,2025-09-06,2026-09-01,2026-09-01,0.1854,FIXED,4530665.03,BR-001,3,GHGGB1574430
SECURITY.POSITION/3006484,SECURITY_HOLDING,GHS,427110.07,427110.07,SBL-SOV-017052,SEC.TBILL.364,1203,2025-07-16,2026-07-11,2026-07-11,0.1879,FIXED,427110.07,BR-001,3,GHGGB9801952
SECURITY.POSITION/3006486,SECURITY_HOLDING,GHS,1004833.65,1004833.65,SBL-SOV-017052,SEC.TBILL.364,1203,2025-09-12,2026-09-07,2026-09-07,0.1805,FIXED,1004833.65,BR-001,3,GHGGB6063292
SECURITY.POSITION/3006487,SECURITY_HOLDING,GHS,1192879.25,1192879.25,SBL-SOV-017052,SEC.TBILL.364,1203,2025-11-14,2026-11-09,2026-11-09,0.1863,FIXED,1192879.25,BR-001,3,GHGGB7518759
SECURITY.POSITION/3006488,SECURITY_HOLDING,GHS,2748667.98,2748667.98,SBL-SOV-017052,SEC.TBILL.364,1203,2026-01-16,2027-01-11,2027-01-11,0.1881,FIXED,2748667.98,BR-001,3,GHGGB2510772
SECURITY.POSITION/3006489,SECURITY_HOLDING,GHS,647890.63,647890.63,SBL-SOV-017052,SEC.BOND.2Y,1204,2025-07-09,2027-06-29,2027-06-29,0.1953,FIXED,647890.63,BR-001,3,GHGGB6281657
SECURITY.POSITION/3006490,SECURITY_HOLDING,GHS,1395036.13,1395036.13,SBL-SOV-017052,SEC.BOND.2Y,1204,2024-11-05,2026-10-26,2026-10-26,0.1925,FIXED,1395036.13,BR-001,3,GHGGB5951256
SECURITY.POSITION/3006491,SECURITY_HOLDING,GHS,792614.08,792614.08,SBL-SOV-017052,SEC.BOND.2Y,1204,2025-04-30,2027-04-20,2027-04-20,0.1948,FIXED,792614.08,BR-001,3,GHGGB8457038
SECURITY.POSITION/3006492,SECURITY_HOLDING,GHS,1025282.67,1025282.67,SBL-SOV-017052,SEC.BOND.2Y,1204,2025-08-02,2027-07-23,2027-07-23,0.1888,FIXED,1025282.67,BR-001,3,GHGGB3892988
SECURITY.POSITION/3006493,SECURITY_HOLDING,GHS,495646.09,495646.09,SBL-SOV-017052,SEC.BOND.2Y,1204,2025-07-20,2027-07-10,2027-07-10,0.1959,FIXED,495646.09,BR-001,3,GHGGB1867124
SECURITY.POSITION/3006494,SECURITY_HOLDING,GHS,835300.49,835300.49,SBL-SOV-017052,SEC.BOND.2Y,1204,2024-10-01,2026-09-21,2026-09-21,0.1915,FIXED,835300.49,BR-001,3,GHGGB5302644
SECURITY.POSITION/3006495,SECURITY_HOLDING,GHS,28673.72,28673.72,SBL-SOV-017052,SEC.BOND.2Y,1204,2026-03-30,2028-03-19,2028-03-19,0.1946,FIXED,28673.72,BR-001,3,GHGGB2970414
SECURITY.POSITION/3006496,SECURITY_HOLDING,GHS,365364.62,365364.62,SBL-SOV-017052,SEC.BOND.2Y,1204,2024-12-27,2026-12-17,2026-12-17,0.1979,FIXED,365364.62,BR-001,3,GHGGB8359700
SECURITY.POSITION/3006497,SECURITY_HOLDING,GHS,673173.06,673173.06,SBL-SOV-017052,SEC.BOND.5Y,1205,2022-01-07,2026-12-12,2026-12-12,0.2229,FIXED,673173.06,BR-001,3,GHGGB1323658
SECURITY.POSITION/3006498,SECURITY_HOLDING,GHS,1692154.09,1692154.09,SBL-SOV-017052,SEC.BOND.5Y,1205,2024-02-15,2029-01-19,2029-01-19,0.2187,FIXED,1692154.09,BR-001,3,GHGGB8216733
SECURITY.POSITION/3006500,SECURITY_HOLDING,GHS,1200476.75,1200476.75,SBL-SOV-017052,SEC.BOND.5Y,1205,2023-08-13,2028-07-17,2028-07-17,0.2187,FIXED,1200476.75,BR-001,3,GHGGB1038218
SECURITY.POSITION/3006501,SECURITY_HOLDING,GHS,688971.74,688971.74,SBL-SOV-017052,SEC.BOND.5Y,1205,2025-02-05,2030-01-10,2030-01-10,0.2232,FIXED,688971.74,BR-001,3,GHGGB5562215
SECURITY.POSITION/3006502,SECURITY_HOLDING,GHS,528227.68,528227.68,SBL-SOV-017052,SEC.BOND.5Y,1205,2021-09-25,2026-08-30,2026-08-30,0.2241,FIXED,528227.68,BR-001,3,GHGGB1191676
SECURITY.POSITION/3006503,SECURITY_HOLDING,GHS,311417.02,311417.02,SBL-SOV-017052,SEC.BOND.5Y,1205,2023-04-11,2028-03-15,2028-03-15,0.2218,FIXED,311417.02,BR-001,3,GHGGB2058830
SECURITY.POSITION/3006504,SECURITY_HOLDING,GHS,154835.02,154835.02,SBL-SOV-017052,SEC.BOND.10Y,1206,2025-04-17,2035-02-24,2035-02-24,0.2352,FIXED,154835.02,BR-001,3,GHGGB8791363
SECURITY.POSITION/3006505,SECURITY_HOLDING,GHS,223460.63,223460.63,SBL-SOV-017052,SEC.BOND.10Y,1206,2024-08-13,2034-06-22,2034-06-22,0.2342,FIXED,223460.63,BR-001,3,GHGGB1208849
SECURITY.POSITION/3006506,SECURITY_HOLDING,GHS,75344.81,75344.81,SBL-SOV-017052,SEC.BOND.10Y,1206,2019-07-09,2029-05-17,2029-05-17,0.234,FIXED,75344.81,BR-001,3,GHGGB4317005
SECURITY.POSITION/3006507,SECURITY_HOLDING,GHS,245688.92,245688.92,SBL-SOV-017052,SEC.BOND.10Y,1206,2017-09-15,2027-07-25,2027-07-25,0.2325,FIXED,245688.92,BR-001,3,GHGGB8540333
SECURITY.POSITION/3006509,SECURITY_HOLDING,GHS,125314.95,125314.95,SBL-SOV-017052,SEC.BOND.10Y,1206,2019-08-25,2029-07-03,2029-07-03,0.2305,FIXED,125314.95,BR-001,3,GHGGB3007265
SECURITY.POSITION/3006510,SECURITY_HOLDING,GHS,331696.58,331696.58,SBL-SOV-017052,SEC.BOND.10Y,1206,2020-09-06,2030-07-16,2030-07-16,0.2366,FIXED,331696.58,BR-001,3,GHGGB4829549
SECURITY.POSITION/3006511,SECURITY_HOLDING,GHS,37463.60,37463.60,SBL-SOV-017052,SEC.BOND.10Y,1206,2023-11-27,2033-10-05,2033-10-05,0.2399,FIXED,37463.60,BR-001,3,GHGGB4872477
SECURITY.POSITION/3006512,SECURITY_HOLDING,GHS,175104.55,175104.55,SBL-SOV-017052,SEC.BOND.10Y,1206,2021-01-11,2030-11-20,2030-11-20,0.2351,FIXED,175104.55,BR-001,3,GHGGB8962299
SECURITY.POSITION/3006513,SECURITY_HOLDING,GHS,86839.01,86839.01,SBL-SOV-017052,SEC.BOND.10Y,1206,2025-08-28,2035-07-07,2035-07-07,0.2346,FIXED,86839.01,BR-001,3,GHGGB2876655
SECURITY.POSITION/3006514,SECURITY_HOLDING,GHS,32603.08,32603.08,SBL-SOV-017052,SEC.BOND.10Y,1206,2018-08-04,2028-06-12,2028-06-12,0.241,FIXED,32603.08,BR-001,3,GHGGB5153731
SECURITY.POSITION/3006515,SECURITY_HOLDING,GHS,54337.36,54337.36,SBL-SOV-017052,SEC.BOND.10Y,1206,2019-07-20,2029-05-28,2029-05-28,0.2338,FIXED,54337.36,BR-001,3,GHGGB1718122
SECURITY.POSITION/3006516,SECURITY_HOLDING,GHS,113020.79,113020.79,SBL-SOV-017052,SEC.BOND.10Y,1206,2017-04-01,2027-02-08,2027-02-08,0.2386,FIXED,113020.79,BR-001,3,GHGGB8315720
SECURITY.POSITION/3006520,SECURITY_HOLDING,GHS,2896538.12,2896538.12,SBL-SOV-017052,SEC.TBILL.91,1201,2026-04-12,2026-07-11,2026-07-11,0.1575,FIXED,2896538.12,BR-001,2,GHGGB4289522
SECURITY.POSITION/3006521,SECURITY_HOLDING,GHS,4519563.39,4519563.39,SBL-SOV-017052,SEC.TBILL.91,1201,2026-04-20,2026-07-19,2026-07-19,0.1558,FIXED,4519563.39,BR-001,2,GHGGB2159709
SECURITY.POSITION/3006524,SECURITY_HOLDING,GHS,1605672.49,1605672.49,SBL-SOV-017052,SEC.TBILL.91,1201,2026-04-03,2026-07-02,2026-07-02,0.1588,FIXED,1605672.49,BR-001,2,GHGGB9543914
SECURITY.POSITION/3006530,SECURITY_HOLDING,GHS,2299328.67,2299328.67,SBL-SOV-017052,SEC.TBILL.182,1202,2026-01-27,2026-07-26,2026-07-26,0.1694,FIXED,2299328.67,BR-001,2,GHGGB4238772
SECURITY.POSITION/3006531,SECURITY_HOLDING,GHS,364224.79,364224.79,SBL-SOV-017052,SEC.TBILL.182,1202,2026-03-27,2026-09-23,2026-09-23,0.1722,FIXED,364224.79,BR-001,2,GHGGB4051010
SECURITY.POSITION/3006532,SECURITY_HOLDING,GHS,704257.46,704257.46,SBL-SOV-017052,SEC.TBILL.182,1202,2026-03-22,2026-09-18,2026-09-18,0.168,FIXED,704257.46,BR-001,2,GHGGB5428277
SECURITY.POSITION/3006533,SECURITY_HOLDING,GHS,2270242.26,2270242.26,SBL-SOV-017052,SEC.TBILL.182,1202,2026-03-12,2026-09-08,2026-09-08,0.1681,FIXED,2270242.26,BR-001,2,GHGGB7493241
SECURITY.POSITION/3006534,SECURITY_HOLDING,GHS,2983329.25,2983329.25,SBL-SOV-017052,SEC.TBILL.182,1202,2026-02-20,2026-08-19,2026-08-19,0.1714,FIXED,2983329.25,BR-001,2,GHGGB7810206
SECURITY.POSITION/3006535,SECURITY_HOLDING,GHS,754339.05,754339.05,SBL-SOV-017052,SEC.TBILL.182,1202,2026-03-31,2026-09-27,2026-09-27,0.1712,FIXED,754339.05,BR-001,2,GHGGB3976201
SECURITY.POSITION/3006536,SECURITY_HOLDING,GHS,2345467.55,2345467.55,SBL-SOV-017052,SEC.TBILL.182,1202,2026-01-18,2026-07-17,2026-07-17,0.1709,FIXED,2345467.55,BR-001,2,GHGGB6156868
SECURITY.POSITION/3006537,SECURITY_HOLDING,GHS,3362947.53,3362947.53,SBL-SOV-017052,SEC.TBILL.182,1202,2026-02-16,2026-08-15,2026-08-15,0.1757,FIXED,3362947.53,BR-001,2,GHGGB7452004
SECURITY.POSITION/3006538,SECURITY_HOLDING,GHS,2771937.11,2771937.11,SBL-SOV-017052,SEC.TBILL.182,1202,2026-01-09,2026-07-08,2026-07-08,0.1748,FIXED,2771937.11,BR-001,2,GHGGB7859417
SECURITY.POSITION/3006539,SECURITY_HOLDING,GHS,2683544.57,2683544.57,SBL-SOV-017052,SEC.TBILL.182,1202,2026-04-08,2026-10-05,2026-10-05,0.1756,FIXED,2683544.57,BR-001,2,GHGGB5751913
SECURITY.POSITION/3006540,SECURITY_HOLDING,GHS,5846989.51,5846989.51,SBL-SOV-017052,SEC.TBILL.182,1202,2026-02-27,2026-08-26,2026-08-26,0.1737,FIXED,5846989.51,BR-001,2,GHGGB1163785
SECURITY.POSITION/3006541,SECURITY_HOLDING,GHS,1651834.18,1651834.18,SBL-SOV-017052,SEC.TBILL.182,1202,2026-02-23,2026-08-22,2026-08-22,0.1757,FIXED,1651834.18,BR-001,2,GHGGB7840687
SECURITY.POSITION/3006542,SECURITY_HOLDING,GHS,1610498.84,1610498.84,SBL-SOV-017052,SEC.TBILL.364,1203,2025-07-18,2026-07-13,2026-07-13,0.1813,FIXED,1610498.84,BR-001,2,GHGGB2495644
SECURITY.POSITION/3006543,SECURITY_HOLDING,GHS,482869.45,482869.45,SBL-SOV-017052,SEC.TBILL.364,1203,2026-03-15,2027-03-10,2027-03-10,0.1893,FIXED,482869.45,BR-001,2,GHGGB4317237
SECURITY.POSITION/3006544,SECURITY_HOLDING,GHS,3795408.54,3795408.54,SBL-SOV-017052,SEC.TBILL.364,1203,2025-10-31,2026-10-26,2026-10-26,0.1825,FIXED,3795408.54,BR-001,2,GHGGB5125682
SECURITY.POSITION/3006545,SECURITY_HOLDING,GHS,3798013.78,3798013.78,SBL-SOV-017052,SEC.TBILL.364,1203,2026-04-29,2027-04-24,2027-04-24,0.1833,FIXED,3798013.78,BR-001,2,GHGGB2154784
SECURITY.POSITION/3006546,SECURITY_HOLDING,GHS,2476483.71,2476483.71,SBL-SOV-017052,SEC.TBILL.364,1203,2025-09-08,2026-09-03,2026-09-03,0.1859,FIXED,2476483.71,BR-001,2,GHGGB2846920
SECURITY.POSITION/3006547,SECURITY_HOLDING,GHS,707209.22,707209.22,SBL-SOV-017052,SEC.TBILL.364,1203,2026-01-21,2027-01-16,2027-01-16,0.19,FIXED,707209.22,BR-001,2,GHGGB6301776
SECURITY.POSITION/3006548,SECURITY_HOLDING,GHS,4208536.29,4208536.29,SBL-SOV-017052,SEC.TBILL.364,1203,2025-11-19,2026-11-14,2026-11-14,0.1863,FIXED,4208536.29,BR-001,2,GHGGB5162449
SECURITY.POSITION/3006549,SECURITY_HOLDING,GHS,286774.86,286774.86,SBL-SOV-017052,SEC.BOND.2Y,1204,2025-04-25,2027-04-15,2027-04-15,0.1954,FIXED,286774.86,BR-001,2,GHGGB3332284
SECURITY.POSITION/3006550,SECURITY_HOLDING,GHS,402164.60,402164.60,SBL-SOV-017052,SEC.BOND.2Y,1204,2024-08-16,2026-08-06,2026-08-06,0.1944,FIXED,402164.60,BR-001,2,GHGGB7726212
SECURITY.POSITION/3006551,SECURITY_HOLDING,GHS,459194.50,459194.50,SBL-SOV-017052,SEC.BOND.2Y,1204,2024-11-27,2026-11-17,2026-11-17,0.191,FIXED,459194.50,BR-001,2,GHGGB2760306
SECURITY.POSITION/3006552,SECURITY_HOLDING,GHS,185674.71,185674.71,SBL-SOV-017052,SEC.BOND.2Y,1204,2026-02-16,2028-02-06,2028-02-06,0.1943,FIXED,185674.71,BR-001,2,GHGGB3918287
SECURITY.POSITION/3006553,SECURITY_HOLDING,GHS,1115039.14,1115039.14,SBL-SOV-017052,SEC.BOND.2Y,1204,2025-04-15,2027-04-05,2027-04-05,0.1902,FIXED,1115039.14,BR-001,2,GHGGB6052074
SECURITY.POSITION/3006554,SECURITY_HOLDING,GHS,206277.99,206277.99,SBL-SOV-017052,SEC.BOND.2Y,1204,2025-08-05,2027-07-26,2027-07-26,0.1917,FIXED,206277.99,BR-001,2,GHGGB1953834
SECURITY.POSITION/3006555,SECURITY_HOLDING,GHS,253796.20,253796.20,SBL-SOV-017052,SEC.BOND.2Y,1204,2025-09-30,2027-09-20,2027-09-20,0.1991,FIXED,253796.20,BR-001,2,GHGGB6518963
SECURITY.POSITION/3006556,SECURITY_HOLDING,GHS,453970.10,453970.10,SBL-SOV-017052,SEC.BOND.2Y,1204,2025-06-06,2027-05-27,2027-05-27,0.1945,FIXED,453970.10,BR-001,2,GHGGB2828345
SECURITY.POSITION/3006557,SECURITY_HOLDING,GHS,288088.86,288088.86,SBL-SOV-017052,SEC.BOND.2Y,1204,2026-01-03,2027-12-24,2027-12-24,0.1966,FIXED,288088.86,BR-001,2,GHGGB6283766
SECURITY.POSITION/3006558,SECURITY_HOLDING,GHS,265226.54,265226.54,SBL-SOV-017052,SEC.BOND.2Y,1204,2024-08-12,2026-08-02,2026-08-02,0.1989,FIXED,265226.54,BR-001,2,GHGGB8099975
SECURITY.POSITION/3006559,SECURITY_HOLDING,GHS,315816.31,315816.31,SBL-SOV-017052,SEC.BOND.2Y,1204,2025-11-03,2027-10-24,2027-10-24,0.1991,FIXED,315816.31,BR-001,2,GHGGB5115183
SECURITY.POSITION/3006560,SECURITY_HOLDING,GHS,661601.05,661601.05,SBL-SOV-017052,SEC.BOND.5Y,1205,2022-04-09,2027-03-14,2027-03-14,0.2208,FIXED,661601.05,BR-001,2,GHGGB8550237
SECURITY.POSITION/3006561,SECURITY_HOLDING,GHS,571875.72,571875.72,SBL-SOV-017052,SEC.BOND.5Y,1205,2025-03-17,2030-02-19,2030-02-19,0.2208,FIXED,571875.72,BR-001,2,GHGGB1233549
SECURITY.POSITION/3006562,SECURITY_HOLDING,GHS,679413.61,679413.61,SBL-SOV-017052,SEC.BOND.5Y,1205,2022-10-29,2027-10-03,2027-10-03,0.2218,FIXED,679413.61,BR-001,2,GHGGB9727430
SECURITY.POSITION/3006563,SECURITY_HOLDING,GHS,214336.95,214336.95,SBL-SOV-017052,SEC.BOND.5Y,1205,2026-02-21,2031-01-26,2031-01-26,0.2223,FIXED,214336.95,BR-001,2,GHGGB3402163
SECURITY.POSITION/3006564,SECURITY_HOLDING,GHS,451176.42,451176.42,SBL-SOV-017052,SEC.BOND.5Y,1205,2022-06-09,2027-05-14,2027-05-14,0.2185,FIXED,451176.42,BR-001,2,GHGGB2083024
SECURITY.POSITION/3006565,SECURITY_HOLDING,GHS,95348.73,95348.73,SBL-SOV-017052,SEC.BOND.5Y,1205,2025-04-05,2030-03-10,2030-03-10,0.2188,FIXED,95348.73,BR-001,2,GHGGB4946921
SECURITY.POSITION/3006566,SECURITY_HOLDING,GHS,123355.46,123355.46,SBL-SOV-017052,SEC.BOND.5Y,1205,2021-08-02,2026-07-07,2026-07-07,0.2209,FIXED,123355.46,BR-001,2,GHGGB7996273
SECURITY.POSITION/3006567,SECURITY_HOLDING,GHS,302072.62,302072.62,SBL-SOV-017052,SEC.BOND.5Y,1205,2024-07-09,2029-06-13,2029-06-13,0.2202,FIXED,302072.62,BR-001,2,GHGGB3645937
SECURITY.POSITION/3006568,SECURITY_HOLDING,GHS,774030.22,774030.22,SBL-SOV-017052,SEC.BOND.5Y,1205,2022-03-15,2027-02-17,2027-02-17,0.2215,FIXED,774030.22,BR-001,2,GHGGB3081644
SECURITY.POSITION/3006569,SECURITY_HOLDING,GHS,237310.27,237310.27,SBL-SOV-017052,SEC.BOND.5Y,1205,2023-01-30,2028-01-04,2028-01-04,0.2154,FIXED,237310.27,BR-001,2,GHGGB7627799
SECURITY.POSITION/3006570,SECURITY_HOLDING,GHS,322920.23,322920.23,SBL-SOV-017052,SEC.BOND.5Y,1205,2024-10-11,2029-09-15,2029-09-15,0.2178,FIXED,322920.23,BR-001,2,GHGGB9342210
SECURITY.POSITION/3006571,SECURITY_HOLDING,GHS,263037.85,263037.85,SBL-SOV-017052,SEC.BOND.5Y,1205,2023-11-20,2028-10-24,2028-10-24,0.222,FIXED,263037.85,BR-001,2,GHGGB3296638
SECURITY.POSITION/3006572,SECURITY_HOLDING,GHS,400800.52,400800.52,SBL-SOV-017052,SEC.BOND.5Y,1205,2023-05-11,2028-04-14,2028-04-14,0.2173,FIXED,400800.52,BR-001,2,GHGGB1018955
SECURITY.POSITION/3006573,SECURITY_HOLDING,GHS,128869.16,128869.16,SBL-SOV-017052,SEC.BOND.10Y,1206,2023-07-17,2033-05-25,2033-05-25,0.2412,FIXED,128869.16,BR-001,2,GHGGB2726237
SECURITY.POSITION/3006574,SECURITY_HOLDING,GHS,67724.45,67724.45,SBL-SOV-017052,SEC.BOND.10Y,1206,2023-12-25,2033-11-02,2033-11-02,0.2419,FIXED,67724.45,BR-001,2,GHGGB6306372
SECURITY.POSITION/3006575,SECURITY_HOLDING,GHS,147919.80,147919.80,SBL-SOV-017052,SEC.BOND.10Y,1206,2021-11-20,2031-09-29,2031-09-29,0.2358,FIXED,147919.80,BR-001,2,GHGGB9793756
SECURITY.POSITION/3006576,SECURITY_HOLDING,GHS,179357.71,179357.71,SBL-SOV-017052,SEC.BOND.10Y,1206,2017-07-19,2027-05-28,2027-05-28,0.2407,FIXED,179357.71,BR-001,2,GHGGB2909869
SECURITY.POSITION/3006577,SECURITY_HOLDING,GHS,42790.28,42790.28,SBL-SOV-017052,SEC.BOND.10Y,1206,2021-03-12,2031-01-19,2031-01-19,0.2389,FIXED,42790.28,BR-001,2,GHGGB3938680
SECURITY.POSITION/3006578,SECURITY_HOLDING,GHS,246970.83,246970.83,SBL-SOV-017052,SEC.BOND.10Y,1206,2022-11-18,2032-09-26,2032-09-26,0.2378,FIXED,246970.83,BR-001,2,GHGGB2604228
SECURITY.POSITION/3006579,SECURITY_HOLDING,GHS,134573.87,134573.87,SBL-SOV-017052,SEC.BOND.10Y,1206,2019-03-22,2029-01-28,2029-01-28,0.2443,FIXED,134573.87,BR-001,2,GHGGB5888555
SECURITY.POSITION/3006581,SECURITY_HOLDING,GHS,138314.15,138314.15,SBL-SOV-017052,SEC.BOND.10Y,1206,2023-04-08,2033-02-14,2033-02-14,0.2348,FIXED,138314.15,BR-001,2,GHGGB2892870
SECURITY.POSITION/3006582,SECURITY_HOLDING,GHS,158780.94,158780.94,SBL-SOV-017052,SEC.BOND.10Y,1206,2017-04-21,2027-02-28,2027-02-28,0.2396,FIXED,158780.94,BR-001,2,GHGGB1919926
SECURITY.POSITION/3006583,SECURITY_HOLDING,GHS,163519.46,163519.46,SBL-SOV-017052,SEC.BOND.10Y,1206,2017-11-12,2027-09-21,2027-09-21,0.2369,FIXED,163519.46,BR-001,2,GHGGB3227150
SECURITY.POSITION/3006584,SECURITY_HOLDING,GHS,78946.13,78946.13,SBL-SOV-017052,SEC.BOND.10Y,1206,2019-10-19,2029-08-27,2029-08-27,0.2402,FIXED,78946.13,BR-001,2,GHGGB1362995
SECURITY.POSITION/3006585,SECURITY_HOLDING,GHS,9668454.74,9668454.74,SBL-SOV-017052,SEC.TBILL.91,1201,2026-04-16,2026-07-15,2026-07-15,0.1573,FIXED,9668454.74,BR-001,1,GHGGB2402797
SECURITY.POSITION/3006586,SECURITY_HOLDING,GHS,5655305.36,5655305.36,SBL-SOV-017052,SEC.TBILL.91,1201,2026-04-15,2026-07-14,2026-07-14,0.1622,FIXED,5655305.36,BR-001,1,GHGGB2460676
SECURITY.POSITION/3006587,SECURITY_HOLDING,GHS,6398812.58,6398812.58,SBL-SOV-017052,SEC.TBILL.91,1201,2026-04-22,2026-07-21,2026-07-21,0.158,FIXED,6398812.58,BR-001,1,GHGGB5868845
SECURITY.POSITION/3006588,SECURITY_HOLDING,GHS,6710902.03,6710902.03,SBL-SOV-017052,SEC.TBILL.91,1201,2026-05-20,2026-08-18,2026-08-18,0.163,FIXED,6710902.03,BR-001,1,GHGGB3571585
SECURITY.POSITION/3006589,SECURITY_HOLDING,GHS,17878698.61,17878698.61,SBL-SOV-017052,SEC.TBILL.91,1201,2026-04-17,2026-07-16,2026-07-16,0.1604,FIXED,17878698.61,BR-001,1,GHGGB6643817
SECURITY.POSITION/3006590,SECURITY_HOLDING,GHS,5729552.23,5729552.23,SBL-SOV-017052,SEC.TBILL.91,1201,2026-04-11,2026-07-10,2026-07-10,0.161,FIXED,5729552.23,BR-001,1,GHGGB6908225
SECURITY.POSITION/3006591,SECURITY_HOLDING,GHS,12402735.37,12402735.37,SBL-SOV-017052,SEC.TBILL.91,1201,2026-04-02,2026-07-01,2026-07-01,0.1569,FIXED,12402735.37,BR-001,1,GHGGB6745306
SECURITY.POSITION/3006592,SECURITY_HOLDING,GHS,8124322.89,8124322.89,SBL-SOV-017052,SEC.TBILL.91,1201,2026-04-28,2026-07-27,2026-07-27,0.1593,FIXED,8124322.89,BR-001,1,GHGGB3330689
SECURITY.POSITION/3006593,SECURITY_HOLDING,GHS,6715590.00,6715590.00,SBL-SOV-017052,SEC.TBILL.91,1201,2026-05-13,2026-08-11,2026-08-11,0.1595,FIXED,6715590.00,BR-001,1,GHGGB3420947
SECURITY.POSITION/3006594,SECURITY_HOLDING,GHS,15830585.69,15830585.69,SBL-SOV-017052,SEC.TBILL.91,1201,2026-04-12,2026-07-11,2026-07-11,0.1585,FIXED,15830585.69,BR-001,1,GHGGB9059617
SECURITY.POSITION/3006595,SECURITY_HOLDING,GHS,4787933.79,4787933.79,SBL-SOV-017052,SEC.TBILL.91,1201,2026-05-24,2026-08-22,2026-08-22,0.1599,FIXED,4787933.79,BR-001,1,GHGGB5513016
SECURITY.POSITION/3006596,SECURITY_HOLDING,GHS,12310812.41,12310812.41,SBL-SOV-017052,SEC.TBILL.91,1201,2026-04-02,2026-07-01,2026-07-01,0.1573,FIXED,12310812.41,BR-001,1,GHGGB6856156
SECURITY.POSITION/3006597,SECURITY_HOLDING,GHS,3399172.45,3399172.45,SBL-SOV-017052,SEC.TBILL.182,1202,2026-02-28,2026-08-27,2026-08-27,0.1762,FIXED,3399172.45,BR-001,1,GHGGB7418619
SECURITY.POSITION/3006598,SECURITY_HOLDING,GHS,4189075.34,4189075.34,SBL-SOV-017052,SEC.TBILL.182,1202,2026-05-06,2026-11-02,2026-11-02,0.1752,FIXED,4189075.34,BR-001,1,GHGGB2313676
SECURITY.POSITION/3006599,SECURITY_HOLDING,GHS,13735167.48,13735167.48,SBL-SOV-017052,SEC.TBILL.182,1202,2026-02-06,2026-08-05,2026-08-05,0.1738,FIXED,13735167.48,BR-001,1,GHGGB5959910
SECURITY.POSITION/3006600,SECURITY_HOLDING,GHS,3420356.93,3420356.93,SBL-SOV-017052,SEC.TBILL.182,1202,2026-03-07,2026-09-03,2026-09-03,0.1717,FIXED,3420356.93,BR-001,1,GHGGB4559116
SECURITY.POSITION/3006601,SECURITY_HOLDING,GHS,2160984.16,2160984.16,SBL-SOV-017052,SEC.TBILL.182,1202,2026-05-13,2026-11-09,2026-11-09,0.1745,FIXED,2160984.16,BR-001,1,GHGGB2140942
SECURITY.POSITION/3006602,SECURITY_HOLDING,GHS,4922183.03,4922183.03,SBL-SOV-017052,SEC.TBILL.182,1202,2026-05-12,2026-11-08,2026-11-08,0.1735,FIXED,4922183.03,BR-001,1,GHGGB9811803
SECURITY.POSITION/3006603,SECURITY_HOLDING,GHS,1252542.90,1252542.90,SBL-SOV-017052,SEC.TBILL.182,1202,2026-03-04,2026-08-31,2026-08-31,0.1796,FIXED,1252542.90,BR-001,1,GHGGB3004915
SECURITY.POSITION/3006604,SECURITY_HOLDING,GHS,2084959.02,2084959.02,SBL-SOV-017052,SEC.TBILL.182,1202,2026-04-28,2026-10-25,2026-10-25,0.1782,FIXED,2084959.02,BR-001,1,GHGGB9662452
SECURITY.POSITION/3006605,SECURITY_HOLDING,GHS,2454927.17,2454927.17,SBL-SOV-017052,SEC.TBILL.182,1202,2026-04-05,2026-10-02,2026-10-02,0.1791,FIXED,2454927.17,BR-001,1,GHGGB7095345
SECURITY.POSITION/3006606,SECURITY_HOLDING,GHS,6544483.58,6544483.58,SBL-SOV-017052,SEC.TBILL.182,1202,2026-03-21,2026-09-17,2026-09-17,0.1762,FIXED,6544483.58,BR-001,1,GHGGB1867687
SECURITY.POSITION/3006607,SECURITY_HOLDING,GHS,2582042.01,2582042.01,SBL-SOV-017052,SEC.TBILL.182,1202,2026-03-06,2026-09-02,2026-09-02,0.1767,FIXED,2582042.01,BR-001,1,GHGGB2600711
SECURITY.POSITION/3006608,SECURITY_HOLDING,GHS,5047185.96,5047185.96,SBL-SOV-017052,SEC.TBILL.182,1202,2026-02-06,2026-08-05,2026-08-05,0.179,FIXED,5047185.96,BR-001,1,GHGGB1626582
SECURITY.POSITION/3006609,SECURITY_HOLDING,GHS,6150315.65,6150315.65,SBL-SOV-017052,SEC.TBILL.364,1203,2025-10-26,2026-10-21,2026-10-21,0.1859,FIXED,6150315.65,BR-001,1,GHGGB6241403
SECURITY.POSITION/3006610,SECURITY_HOLDING,GHS,15225365.31,15225365.31,SBL-SOV-017052,SEC.TBILL.364,1203,2026-04-01,2027-03-27,2027-03-27,0.1894,FIXED,15225365.31,BR-001,1,GHGGB4186517
SECURITY.POSITION/3006611,SECURITY_HOLDING,GHS,3184336.34,3184336.34,SBL-SOV-017052,SEC.TBILL.364,1203,2025-12-05,2026-11-30,2026-11-30,0.1842,FIXED,3184336.34,BR-001,1,GHGGB3501534
SECURITY.POSITION/3006612,SECURITY_HOLDING,GHS,8974223.48,8974223.48,SBL-SOV-017052,SEC.TBILL.364,1203,2025-10-24,2026-10-19,2026-10-19,0.1838,FIXED,8974223.48,BR-001,1,GHGGB2859812
SECURITY.POSITION/3006613,SECURITY_HOLDING,GHS,6544998.86,6544998.86,SBL-SOV-017052,SEC.TBILL.364,1203,2025-08-06,2026-08-01,2026-08-01,0.1806,FIXED,6544998.86,BR-001,1,GHGGB8739763
SECURITY.POSITION/3006614,SECURITY_HOLDING,GHS,2891721.47,2891721.47,SBL-SOV-017052,SEC.TBILL.364,1203,2026-04-09,2027-04-04,2027-04-04,0.1874,FIXED,2891721.47,BR-001,1,GHGGB4798347
SECURITY.POSITION/3006616,SECURITY_HOLDING,GHS,1427620.19,1427620.19,SBL-SOV-017052,SEC.TBILL.364,1203,2025-09-13,2026-09-08,2026-09-08,0.1834,FIXED,1427620.19,BR-001,1,GHGGB9933364
SECURITY.POSITION/3006617,SECURITY_HOLDING,GHS,679487.38,679487.38,SBL-SOV-017052,SEC.BOND.2Y,1204,2024-11-11,2026-11-01,2026-11-01,0.2005,FIXED,679487.38,BR-001,1,GHGGB8785459
SECURITY.POSITION/3006618,SECURITY_HOLDING,GHS,603315.17,603315.17,SBL-SOV-017052,SEC.BOND.2Y,1204,2025-11-24,2027-11-14,2027-11-14,0.1969,FIXED,603315.17,BR-001,1,GHGGB5597128
SECURITY.POSITION/3006619,SECURITY_HOLDING,GHS,305708.66,305708.66,SBL-SOV-017052,SEC.BOND.2Y,1204,2025-09-30,2027-09-20,2027-09-20,0.1944,FIXED,305708.66,BR-001,1,GHGGB4908666
SECURITY.POSITION/3006620,SECURITY_HOLDING,GHS,850006.36,850006.36,SBL-SOV-017052,SEC.BOND.2Y,1204,2024-11-30,2026-11-20,2026-11-20,0.1931,FIXED,850006.36,BR-001,1,GHGGB2869926
SECURITY.POSITION/3006621,SECURITY_HOLDING,GHS,181308.20,181308.20,SBL-SOV-017052,SEC.BOND.2Y,1204,2024-08-02,2026-07-23,2026-07-23,0.1933,FIXED,181308.20,BR-001,1,GHGGB7602261
SECURITY.POSITION/3006622,SECURITY_HOLDING,GHS,219932.78,219932.78,SBL-SOV-017052,SEC.BOND.2Y,1204,2024-11-30,2026-11-20,2026-11-20,0.1969,FIXED,219932.78,BR-001,1,GHGGB2133190
SECURITY.POSITION/3006623,SECURITY_HOLDING,GHS,1093471.30,1093471.30,SBL-SOV-017052,SEC.BOND.2Y,1204,2025-08-30,2027-08-20,2027-08-20,0.1978,FIXED,1093471.30,BR-001,1,GHGGB8014629
SECURITY.POSITION/3006624,SECURITY_HOLDING,GHS,1935607.25,1935607.25,SBL-SOV-017052,SEC.BOND.2Y,1204,2026-04-15,2028-04-04,2028-04-04,0.1963,FIXED,1935607.25,BR-001,1,GHGGB5346342
SECURITY.POSITION/3006625,SECURITY_HOLDING,GHS,591376.70,591376.70,SBL-SOV-017052,SEC.BOND.2Y,1204,2026-04-27,2028-04-16,2028-04-16,0.1968,FIXED,591376.70,BR-001,1,GHGGB5542540
SECURITY.POSITION/3006626,SECURITY_HOLDING,GHS,371772.62,371772.62,SBL-SOV-017052,SEC.BOND.2Y,1204,2025-09-23,2027-09-13,2027-09-13,0.1926,FIXED,371772.62,BR-001,1,GHGGB2867477
SECURITY.POSITION/3006627,SECURITY_HOLDING,GHS,571001.82,571001.82,SBL-SOV-017052,SEC.BOND.2Y,1204,2024-09-24,2026-09-14,2026-09-14,0.1948,FIXED,571001.82,BR-001,1,GHGGB4753290
SECURITY.POSITION/3006628,SECURITY_HOLDING,GHS,772580.13,772580.13,SBL-SOV-017052,SEC.BOND.2Y,1204,2025-01-04,2026-12-25,2026-12-25,0.1979,FIXED,772580.13,BR-001,1,GHGGB6513017
SECURITY.POSITION/3006629,SECURITY_HOLDING,GHS,760896.46,760896.46,SBL-SOV-017052,SEC.BOND.5Y,1205,2022-01-05,2026-12-10,2026-12-10,0.2178,FIXED,760896.46,BR-001,1,GHGGB6692458
SECURITY.POSITION/3006630,SECURITY_HOLDING,GHS,96102.03,96102.03,SBL-SOV-017052,SEC.BOND.5Y,1205,2025-12-25,2030-11-29,2030-11-29,0.2273,FIXED,96102.03,BR-001,1,GHGGB9944539
SECURITY.POSITION/3006631,SECURITY_HOLDING,GHS,27903.25,27903.25,SBL-SOV-017052,SEC.BOND.5Y,1205,2022-09-25,2027-08-30,2027-08-30,0.2196,FIXED,27903.25,BR-001,1,GHGGB4124349
SECURITY.POSITION/3006632,SECURITY_HOLDING,GHS,1216149.81,1216149.81,SBL-SOV-017052,SEC.BOND.5Y,1205,2021-08-24,2026-07-29,2026-07-29,0.2231,FIXED,1216149.81,BR-001,1,GHGGB1603106
SECURITY.POSITION/3006633,SECURITY_HOLDING,GHS,416728.11,416728.11,SBL-SOV-017052,SEC.BOND.5Y,1205,2025-12-10,2030-11-14,2030-11-14,0.2262,FIXED,416728.11,BR-001,1,GHGGB7972543
SECURITY.POSITION/3006634,SECURITY_HOLDING,GHS,1860303.19,1860303.19,SBL-SOV-017052,SEC.BOND.5Y,1205,2023-11-21,2028-10-25,2028-10-25,0.2202,FIXED,1860303.19,BR-001,1,GHGGB3787009
SECURITY.POSITION/3006635,SECURITY_HOLDING,GHS,181905.18,181905.18,SBL-SOV-017052,SEC.BOND.5Y,1205,2024-04-07,2029-03-12,2029-03-12,0.2218,FIXED,181905.18,BR-001,1,GHGGB3078363
SECURITY.POSITION/3006636,SECURITY_HOLDING,GHS,147149.97,147149.97,SBL-SOV-017052,SEC.BOND.5Y,1205,2023-05-04,2028-04-07,2028-04-07,0.2164,FIXED,147149.97,BR-001,1,GHGGB9383268
SECURITY.POSITION/3006637,SECURITY_HOLDING,GHS,148194.95,148194.95,SBL-SOV-017052,SEC.BOND.5Y,1205,2022-08-02,2027-07-07,2027-07-07,0.2205,FIXED,148194.95,BR-001,1,GHGGB3878072
SECURITY.POSITION/3006638,SECURITY_HOLDING,GHS,190645.95,190645.95,SBL-SOV-017052,SEC.BOND.5Y,1205,2026-04-08,2031-03-13,2031-03-13,0.2192,FIXED,190645.95,BR-001,1,GHGGB9797924
SECURITY.POSITION/3006639,SECURITY_HOLDING,GHS,505325.22,505325.22,SBL-SOV-017052,SEC.BOND.5Y,1205,2026-05-28,2031-05-02,2031-05-02,0.2221,FIXED,505325.22,BR-001,1,GHGGB1011238
SECURITY.POSITION/3006640,SECURITY_HOLDING,GHS,539939.48,539939.48,SBL-SOV-017052,SEC.BOND.5Y,1205,2023-02-21,2028-01-26,2028-01-26,0.2218,FIXED,539939.48,BR-001,1,GHGGB8126822
SECURITY.POSITION/3006641,SECURITY_HOLDING,GHS,443612.22,443612.22,SBL-SOV-017052,SEC.BOND.5Y,1205,2021-10-21,2026-09-25,2026-09-25,0.2203,FIXED,443612.22,BR-001,1,GHGGB2492383
SECURITY.POSITION/3006642,SECURITY_HOLDING,GHS,356134.86,356134.86,SBL-SOV-017052,SEC.BOND.10Y,1206,2023-07-03,2033-05-11,2033-05-11,0.2489,FIXED,356134.86,BR-001,1,GHGGB7125579
SECURITY.POSITION/3006643,SECURITY_HOLDING,GHS,127898.08,127898.08,SBL-SOV-017052,SEC.BOND.10Y,1206,2022-05-09,2032-03-17,2032-03-17,0.2466,FIXED,127898.08,BR-001,1,GHGGB4252705
SECURITY.POSITION/3006644,SECURITY_HOLDING,GHS,128916.78,128916.78,SBL-SOV-017052,SEC.BOND.10Y,1206,2019-11-02,2029-09-10,2029-09-10,0.2451,FIXED,128916.78,BR-001,1,GHGGB1008257
SECURITY.POSITION/3006645,SECURITY_HOLDING,GHS,252058.76,252058.76,SBL-SOV-017052,SEC.BOND.10Y,1206,2019-03-31,2029-02-06,2029-02-06,0.2459,FIXED,252058.76,BR-001,1,GHGGB3282487
SECURITY.POSITION/3006646,SECURITY_HOLDING,GHS,413282.29,413282.29,SBL-SOV-017052,SEC.BOND.10Y,1206,2019-05-05,2029-03-13,2029-03-13,0.2452,FIXED,413282.29,BR-001,1,GHGGB4592027
SECURITY.POSITION/3006647,SECURITY_HOLDING,GHS,93920.00,93920.00,SBL-SOV-017052,SEC.BOND.10Y,1206,2016-11-23,2026-10-02,2026-10-02,0.2479,FIXED,93920.00,BR-001,1,GHGGB2301379
SECURITY.POSITION/3006648,SECURITY_HOLDING,GHS,84412.14,84412.14,SBL-SOV-017052,SEC.BOND.10Y,1206,2020-07-10,2030-05-19,2030-05-19,0.2422,FIXED,84412.14,BR-001,1,GHGGB4965075
SECURITY.POSITION/3006649,SECURITY_HOLDING,GHS,685774.79,685774.79,SBL-SOV-017052,SEC.BOND.10Y,1206,2025-09-27,2035-08-06,2035-08-06,0.2443,FIXED,685774.79,BR-001,1,GHGGB7050719
SECURITY.POSITION/3006650,SECURITY_HOLDING,GHS,141314.33,141314.33,SBL-SOV-017052,SEC.BOND.10Y,1206,2017-07-07,2027-05-16,2027-05-16,0.2435,FIXED,141314.33,BR-001,1,GHGGB1876266
SECURITY.POSITION/3006651,SECURITY_HOLDING,GHS,58730.39,58730.39,SBL-SOV-017052,SEC.BOND.10Y,1206,2016-10-18,2026-08-27,2026-08-27,0.2479,FIXED,58730.39,BR-001,1,GHGGB7113531
SECURITY.POSITION/3006652,SECURITY_HOLDING,GHS,3747880.10,3747880.10,SBL-SOV-017052,SEC.TBILL.91,1201,2026-05-27,2026-08-25,2026-08-25,0.1552,FIXED,3747880.10,BR-001,0,GHGGB2552638
SECURITY.POSITION/3006653,SECURITY_HOLDING,GHS,9006503.86,9006503.86,SBL-SOV-017052,SEC.TBILL.91,1201,2026-05-04,2026-08-02,2026-08-02,0.1564,FIXED,9006503.86,BR-001,0,GHGGB7242652
SECURITY.POSITION/3006654,SECURITY_HOLDING,GHS,9888681.98,9888681.98,SBL-SOV-017052,SEC.TBILL.91,1201,2026-06-25,2026-09-23,2026-09-23,0.1498,FIXED,9888681.98,BR-001,0,GHGGB5886147
SECURITY.POSITION/3006655,SECURITY_HOLDING,GHS,4410709.28,4410709.28,SBL-SOV-017052,SEC.TBILL.91,1201,2026-05-17,2026-08-15,2026-08-15,0.1547,FIXED,4410709.28,BR-001,0,GHGGB1019119
SECURITY.POSITION/3006656,SECURITY_HOLDING,GHS,2116342.78,2116342.78,SBL-SOV-017052,SEC.TBILL.91,1201,2026-04-30,2026-07-29,2026-07-29,0.1531,FIXED,2116342.78,BR-001,0,GHGGB4039975
SECURITY.POSITION/3006657,SECURITY_HOLDING,GHS,10091385.79,10091385.79,SBL-SOV-017052,SEC.TBILL.91,1201,2026-04-23,2026-07-22,2026-07-22,0.1593,FIXED,10091385.79,BR-001,0,GHGGB9941667
SECURITY.POSITION/3006658,SECURITY_HOLDING,GHS,3964742.34,3964742.34,SBL-SOV-017052,SEC.TBILL.91,1201,2026-05-22,2026-08-20,2026-08-20,0.1507,FIXED,3964742.34,BR-001,0,GHGGB7052913
SECURITY.POSITION/3006659,SECURITY_HOLDING,GHS,7609408.18,7609408.18,SBL-SOV-017052,SEC.TBILL.91,1201,2026-05-20,2026-08-18,2026-08-18,0.1532,FIXED,7609408.18,BR-001,0,GHGGB4537875
SECURITY.POSITION/3006660,SECURITY_HOLDING,GHS,4702220.36,4702220.36,SBL-SOV-017052,SEC.TBILL.182,1202,2026-04-02,2026-09-29,2026-09-29,0.1744,FIXED,4702220.36,BR-001,0,GHGGB5493709
SECURITY.POSITION/3006661,SECURITY_HOLDING,GHS,4747383.75,4747383.75,SBL-SOV-017052,SEC.TBILL.182,1202,2026-05-13,2026-11-09,2026-11-09,0.1755,FIXED,4747383.75,BR-001,0,GHGGB1696320
SECURITY.POSITION/3006662,SECURITY_HOLDING,GHS,3161124.55,3161124.55,SBL-SOV-017052,SEC.TBILL.182,1202,2026-04-20,2026-10-17,2026-10-17,0.1648,FIXED,3161124.55,BR-001,0,GHGGB1652950
SECURITY.POSITION/3006663,SECURITY_HOLDING,GHS,4895930.13,4895930.13,SBL-SOV-017052,SEC.TBILL.182,1202,2026-04-16,2026-10-13,2026-10-13,0.1734,FIXED,4895930.13,BR-001,0,GHGGB2951873
SECURITY.POSITION/3006664,SECURITY_HOLDING,GHS,2738014.17,2738014.17,SBL-SOV-017052,SEC.TBILL.182,1202,2026-02-27,2026-08-26,2026-08-26,0.1746,FIXED,2738014.17,BR-001,0,GHGGB5825617
SECURITY.POSITION/3006665,SECURITY_HOLDING,GHS,4560471.68,4560471.68,SBL-SOV-017052,SEC.TBILL.182,1202,2026-02-06,2026-08-05,2026-08-05,0.1704,FIXED,4560471.68,BR-001,0,GHGGB1799907
SECURITY.POSITION/3006666,SECURITY_HOLDING,GHS,2419473.39,2419473.39,SBL-SOV-017052,SEC.TBILL.182,1202,2026-05-09,2026-11-05,2026-11-05,0.1703,FIXED,2419473.39,BR-001,0,GHGGB8715297
SECURITY.POSITION/3006667,SECURITY_HOLDING,GHS,3053358.50,3053358.50,SBL-SOV-017052,SEC.TBILL.182,1202,2026-04-15,2026-10-12,2026-10-12,0.1725,FIXED,3053358.50,BR-001,0,GHGGB1425711
SECURITY.POSITION/3006668,SECURITY_HOLDING,GHS,2297238.08,2297238.08,SBL-SOV-017052,SEC.TBILL.364,1203,2026-03-25,2027-03-20,2027-03-20,0.1849,FIXED,2297238.08,BR-001,0,GHGGB6436873
SECURITY.POSITION/3006669,SECURITY_HOLDING,GHS,1742216.16,1742216.16,SBL-SOV-017052,SEC.TBILL.364,1203,2025-09-20,2026-09-15,2026-09-15,0.1865,FIXED,1742216.16,BR-001,0,GHGGB4572944
SECURITY.POSITION/3006670,SECURITY_HOLDING,GHS,1101592.00,1101592.00,SBL-SOV-017052,SEC.TBILL.364,1203,2026-05-15,2027-05-10,2027-05-10,0.1838,FIXED,1101592.00,BR-001,0,GHGGB7322724
SECURITY.POSITION/3006672,SECURITY_HOLDING,GHS,2295656.43,2295656.43,SBL-SOV-017052,SEC.TBILL.364,1203,2025-12-15,2026-12-10,2026-12-10,0.1834,FIXED,2295656.43,BR-001,0,GHGGB3679821
SECURITY.POSITION/3006673,SECURITY_HOLDING,GHS,3459814.12,3459814.12,SBL-SOV-017052,SEC.TBILL.364,1203,2025-10-16,2026-10-11,2026-10-11,0.1822,FIXED,3459814.12,BR-001,0,GHGGB5866343
SECURITY.POSITION/3006674,SECURITY_HOLDING,GHS,843079.49,843079.49,SBL-SOV-017052,SEC.TBILL.364,1203,2025-11-19,2026-11-14,2026-11-14,0.1818,FIXED,843079.49,BR-001,0,GHGGB2591220
SECURITY.POSITION/3006675,SECURITY_HOLDING,GHS,463097.85,463097.85,SBL-SOV-017052,SEC.TBILL.364,1203,2026-04-26,2027-04-21,2027-04-21,0.1821,FIXED,463097.85,BR-001,0,GHGGB3431517
SECURITY.POSITION/3006676,SECURITY_HOLDING,GHS,2435442.24,2435442.24,SBL-SOV-017052,SEC.TBILL.364,1203,2025-09-12,2026-09-07,2026-09-07,0.1824,FIXED,2435442.24,BR-001,0,GHGGB6585905
SECURITY.POSITION/3006677,SECURITY_HOLDING,GHS,2618059.33,2618059.33,SBL-SOV-017052,SEC.BOND.2Y,1204,2024-09-30,2026-09-20,2026-09-20,0.1934,FIXED,2618059.33,BR-001,0,GHGGB6049471
SECURITY.POSITION/3006678,SECURITY_HOLDING,GHS,1465463.65,1465463.65,SBL-SOV-017052,SEC.BOND.2Y,1204,2026-02-07,2028-01-28,2028-01-28,0.1906,FIXED,1465463.65,BR-001,0,GHGGB5674135
SECURITY.POSITION/3006679,SECURITY_HOLDING,GHS,3300900.29,3300900.29,SBL-SOV-017052,SEC.BOND.2Y,1204,2024-11-09,2026-10-30,2026-10-30,0.1914,FIXED,3300900.29,BR-001,0,GHGGB9351576
SECURITY.POSITION/3006680,SECURITY_HOLDING,GHS,4738328.27,4738328.27,SBL-SOV-017052,SEC.BOND.2Y,1204,2025-10-29,2027-10-19,2027-10-19,0.1932,FIXED,4738328.27,BR-001,0,GHGGB5322112
SECURITY.POSITION/3006681,SECURITY_HOLDING,GHS,195605.61,195605.61,SBL-SOV-017052,SEC.BOND.2Y,1204,2025-07-07,2027-06-27,2027-06-27,0.1928,FIXED,195605.61,BR-001,0,GHGGB7136698
SECURITY.POSITION/3006682,SECURITY_HOLDING,GHS,2390841.71,2390841.71,SBL-SOV-017052,SEC.BOND.2Y,1204,2025-12-16,2027-12-06,2027-12-06,0.1911,FIXED,2390841.71,BR-001,0,GHGGB6832467
SECURITY.POSITION/3006683,SECURITY_HOLDING,GHS,252526.81,252526.81,SBL-SOV-017052,SEC.BOND.5Y,1205,2026-01-22,2030-12-27,2030-12-27,0.2169,FIXED,252526.81,BR-001,0,GHGGB8441468
SECURITY.POSITION/3006684,SECURITY_HOLDING,GHS,317917.69,317917.69,SBL-SOV-017052,SEC.BOND.5Y,1205,2022-04-21,2027-03-26,2027-03-26,0.2206,FIXED,317917.69,BR-001,0,GHGGB5750710
SECURITY.POSITION/3006685,SECURITY_HOLDING,GHS,186500.55,186500.55,SBL-SOV-017052,SEC.BOND.5Y,1205,2024-02-18,2029-01-22,2029-01-22,0.2195,FIXED,186500.55,BR-001,0,GHGGB3245457
SECURITY.POSITION/3006686,SECURITY_HOLDING,GHS,234057.52,234057.52,SBL-SOV-017052,SEC.BOND.5Y,1205,2022-01-21,2026-12-26,2026-12-26,0.219,FIXED,234057.52,BR-001,0,GHGGB9265327
SECURITY.POSITION/3006687,SECURITY_HOLDING,GHS,688411.03,688411.03,SBL-SOV-017052,SEC.BOND.5Y,1205,2023-07-14,2028-06-17,2028-06-17,0.2188,FIXED,688411.03,BR-001,0,GHGGB2871345
SECURITY.POSITION/3006688,SECURITY_HOLDING,GHS,44539.82,44539.82,SBL-SOV-017052,SEC.BOND.5Y,1205,2023-10-29,2028-10-02,2028-10-02,0.2196,FIXED,44539.82,BR-001,0,GHGGB4069215
SECURITY.POSITION/3006689,SECURITY_HOLDING,GHS,173062.60,173062.60,SBL-SOV-017052,SEC.BOND.5Y,1205,2021-11-25,2026-10-30,2026-10-30,0.223,FIXED,173062.60,BR-001,0,GHGGB1391587
SECURITY.POSITION/3006690,SECURITY_HOLDING,GHS,779799.19,779799.19,SBL-SOV-017052,SEC.BOND.5Y,1205,2023-10-17,2028-09-20,2028-09-20,0.2187,FIXED,779799.19,BR-001,0,GHGGB6044066
SECURITY.POSITION/3006691,SECURITY_HOLDING,GHS,467487.58,467487.58,SBL-SOV-017052,SEC.BOND.5Y,1205,2022-09-01,2027-08-06,2027-08-06,0.2199,FIXED,467487.58,BR-001,0,GHGGB6374785
SECURITY.POSITION/3006692,SECURITY_HOLDING,GHS,150733.95,150733.95,SBL-SOV-017052,SEC.BOND.5Y,1205,2025-11-13,2030-10-18,2030-10-18,0.2164,FIXED,150733.95,BR-001,0,GHGGB6836974
SECURITY.POSITION/3006693,SECURITY_HOLDING,GHS,150364.13,150364.13,SBL-SOV-017052,SEC.BOND.5Y,1205,2023-08-17,2028-07-21,2028-07-21,0.2198,FIXED,150364.13,BR-001,0,GHGGB8527931
SECURITY.POSITION/3006694,SECURITY_HOLDING,GHS,57348.51,57348.51,SBL-SOV-017052,SEC.BOND.10Y,1206,2022-07-24,2032-06-01,2032-06-01,0.2316,FIXED,57348.51,BR-001,0,GHGGB4109610
SECURITY.POSITION/3006695,SECURITY_HOLDING,GHS,245967.16,245967.16,SBL-SOV-017052,SEC.BOND.10Y,1206,2022-11-15,2032-09-23,2032-09-23,0.2342,FIXED,245967.16,BR-001,0,GHGGB8691775
SECURITY.POSITION/3006696,SECURITY_HOLDING,GHS,328008.95,328008.95,SBL-SOV-017052,SEC.BOND.10Y,1206,2025-01-03,2034-11-12,2034-11-12,0.2383,FIXED,328008.95,BR-001,0,GHGGB2085141
SECURITY.POSITION/3006697,SECURITY_HOLDING,GHS,200073.14,200073.14,SBL-SOV-017052,SEC.BOND.10Y,1206,2022-06-02,2032-04-10,2032-04-10,0.2369,FIXED,200073.14,BR-001,0,GHGGB3405782
SECURITY.POSITION/3006698,SECURITY_HOLDING,GHS,563970.94,563970.94,SBL-SOV-017052,SEC.BOND.10Y,1206,2018-03-15,2028-01-22,2028-01-22,0.2375,FIXED,563970.94,BR-001,0,GHGGB3065139
SECURITY.POSITION/3006699,SECURITY_HOLDING,GHS,280380.45,280380.45,SBL-SOV-017052,SEC.BOND.10Y,1206,2022-08-11,2032-06-19,2032-06-19,0.2328,FIXED,280380.45,BR-001,0,GHGGB1512553
SECURITY.POSITION/3006700,SECURITY_HOLDING,GHS,686586.99,686586.99,SBL-SOV-017052,SEC.BOND.10Y,1206,2022-10-06,2032-08-14,2032-08-14,0.2388,FIXED,686586.99,BR-001,0,GHGGB5486823
SECURITY.POSITION/3006701,SECURITY_HOLDING,GHS,43802.55,43802.55,SBL-SOV-017052,SEC.BOND.10Y,1206,2025-01-25,2034-12-04,2034-12-04,0.233,FIXED,43802.55,BR-001,0,GHGGB4443618
SECURITY.POSITION/3006702,SECURITY_HOLDING,GHS,136689.97,136689.97,SBL-SOV-017052,SEC.BOND.10Y,1206,2019-06-24,2029-05-02,2029-05-02,0.2398,FIXED,136689.97,BR-001,0,GHGGB6627675
