# Sample Bank EOD ladder — liquid-asset book (SECURITY_HOLDING + INTERBANK_PLACEMENT, API_PUSH source) as at close of business 2026-06-27 (Saturday); push with as_of_date=2026-06-27. One rung of the daily position ladder BSD1 reads; the deposit and loan sub-ledgers are not in this file.
source_reference,position_type,currency,balance,notional,counterparty_reference,product_code,gl_account_code,origination_date,contractual_maturity,next_repricing_date,interest_rate,rate_type,attributes.balance_ghs,attributes.branch_id,attributes.months_on_book,attributes.isin
MM.MONEY.MARKET/4006471,INTERBANK_PLACEMENT,GHS,1468983.31,1468983.31,SBL-BANK-017042,IB.PLACE.GHS,1101,2026-06-03,2026-07-20,2026-07-20,0.1365,FIXED,1468983.31,BR-001,0,
MM.MONEY.MARKET/4006472,INTERBANK_PLACEMENT,GHS,4552613.23,4552613.23,SBL-BANK-017050,IB.PLACE.GHS,1101,2026-06-25,2026-07-01,2026-07-01,0.1387,FIXED,4552613.23,BR-001,0,
MM.MONEY.MARKET/4006473,INTERBANK_PLACEMENT,GHS,313227.69,313227.69,SBL-BANK-017042,IB.PLACE.GHS,1101,2026-06-16,2026-09-06,2026-09-06,0.1432,FIXED,313227.69,BR-001,0,
MM.MONEY.MARKET/4006474,INTERBANK_PLACEMENT,GHS,6688988.90,6688988.90,SBL-BANK-017043,IB.PLACE.GHS,1101,2026-06-14,2026-08-25,2026-08-25,0.1384,FIXED,6688988.90,BR-001,0,
MM.MONEY.MARKET/4006475,INTERBANK_PLACEMENT,GHS,1207483.06,1207483.06,SBL-BANK-017047,IB.PLACE.GHS,1101,2026-05-18,2026-07-16,2026-07-16,0.1406,FIXED,1207483.06,BR-001,0,
MM.MONEY.MARKET/4006476,INTERBANK_PLACEMENT,GHS,566819.80,566819.80,SBL-BANK-017049,IB.PLACE.GHS,1101,2026-05-20,2026-07-16,2026-07-16,0.1413,FIXED,566819.80,BR-001,0,
MM.MONEY.MARKET/4006477,INTERBANK_PLACEMENT,GHS,8144510.83,8144510.83,SBL-BANK-017041,IB.PLACE.GHS,1101,2026-06-26,2026-06-30,2026-06-30,0.1396,FIXED,8144510.83,BR-001,0,
MM.MONEY.MARKET/4006478,INTERBANK_PLACEMENT,GHS,2212891.71,2212891.71,SBL-BANK-017047,IB.PLACE.GHS,1101,2026-06-27,2026-08-23,2026-08-23,0.1441,FIXED,2212891.71,BR-001,0,
MM.MONEY.MARKET/4006479,INTERBANK_PLACEMENT,GHS,3263479.00,3263479.00,SBL-BANK-017049,IB.PLACE.GHS,1101,2026-06-27,2026-08-24,2026-08-24,0.1431,FIXED,3263479.00,BR-001,0,
MM.MONEY.MARKET/4006480,INTERBANK_PLACEMENT,GHS,1452516.92,1452516.92,SBL-BANK-017049,IB.PLACE.GHS,1101,2026-06-05,2026-07-18,2026-07-18,0.1446,FIXED,1452516.92,BR-001,0,
MM.MONEY.MARKET/4006481,INTERBANK_PLACEMENT,GHS,217272.52,217272.52,SBL-BANK-017047,IB.PLACE.GHS,1101,2026-05-01,2026-07-01,2026-07-01,0.1424,FIXED,217272.52,BR-001,0,
MM.MONEY.MARKET/4006482,INTERBANK_PLACEMENT,GHS,481433.11,481433.11,SBL-BANK-017043,IB.PLACE.GHS,1101,2026-06-16,2026-08-04,2026-08-04,0.1427,FIXED,481433.11,BR-001,0,
MM.MONEY.MARKET/4006483,INTERBANK_PLACEMENT,GHS,2416266.47,2416266.47,SBL-BANK-017043,IB.PLACE.GHS,1101,2026-06-03,2026-08-08,2026-08-08,0.1427,FIXED,2416266.47,BR-001,0,
MM.MONEY.MARKET/4006484,INTERBANK_PLACEMENT,GHS,698440.02,698440.02,SBL-BANK-017043,IB.PLACE.GHS,1101,2026-06-06,2026-07-03,2026-07-03,0.1415,FIXED,698440.02,BR-001,0,
MM.MONEY.MARKET/4006485,INTERBANK_PLACEMENT,GHS,4677073.03,4677073.03,SBL-BANK-017050,IB.PLACE.GHS,1101,2026-05-20,2026-07-29,2026-07-29,0.1429,FIXED,4677073.03,BR-001,0,
MM.MONEY.MARKET/4006486,INTERBANK_PLACEMENT,GHS,365182.31,365182.31,SBL-BANK-017045,IB.PLACE.GHS,1101,2026-06-04,2026-07-01,2026-07-01,0.1428,FIXED,365182.31,BR-001,0,
MM.MONEY.MARKET/4006487,INTERBANK_PLACEMENT,GHS,8539709.54,8539709.54,SBL-BANK-017042,IB.PLACE.GHS,1101,2026-06-06,2026-08-26,2026-08-26,0.1401,FIXED,8539709.54,BR-001,0,
MM.MONEY.MARKET/4006488,INTERBANK_PLACEMENT,GHS,372171.29,372171.29,SBL-BANK-017051,IB.PLACE.GHS,1101,2026-05-17,2026-08-10,2026-08-10,0.1411,FIXED,372171.29,BR-001,0,
MM.MONEY.MARKET/4006490,INTERBANK_PLACEMENT,USD,412760.19,412760.19,SBL-BANK-017050,IB.PLACE.USD,1102,2026-05-28,2026-07-17,2026-07-17,0.0508,FIXED,5341118.58,BR-001,0,
MM.MONEY.MARKET/4006491,INTERBANK_PLACEMENT,USD,641219.40,641219.40,SBL-BANK-017044,IB.PLACE.USD,1102,2026-06-02,2026-08-21,2026-08-21,0.0522,FIXED,8297381.72,BR-001,0,
MM.MONEY.MARKET/4006492,INTERBANK_PLACEMENT,USD,910996.05,910996.05,SBL-BANK-017046,IB.PLACE.USD,1102,2026-06-27,2026-07-21,2026-07-21,0.0489,FIXED,11788292.70,BR-001,0,
MM.MONEY.MARKET/4006493,INTERBANK_PLACEMENT,USD,456923.09,456923.09,SBL-BANK-017049,IB.PLACE.USD,1102,2026-05-30,2026-07-08,2026-07-08,0.0526,FIXED,5912586.69,BR-001,0,
MM.MONEY.MARKET/4006494,INTERBANK_PLACEMENT,USD,249800.82,249800.82,SBL-BANK-017047,IB.PLACE.USD,1102,2026-05-14,2026-07-20,2026-07-20,0.0543,FIXED,3232423.65,BR-001,0,
MM.MONEY.MARKET/4006495,INTERBANK_PLACEMENT,USD,146012.69,146012.69,SBL-BANK-017051,IB.PLACE.USD,1102,2026-05-11,2026-07-23,2026-07-23,0.0546,FIXED,1889404.82,BR-001,0,
MM.MONEY.MARKET/4006496,INTERBANK_PLACEMENT,USD,453188.36,453188.36,SBL-BANK-017045,IB.PLACE.USD,1102,2026-05-03,2026-07-19,2026-07-19,0.056,FIXED,5864259.27,BR-001,0,
MM.MONEY.MARKET/4006497,INTERBANK_PLACEMENT,USD,214577.34,214577.34,SBL-BANK-017045,IB.PLACE.USD,1102,2026-06-27,2026-07-20,2026-07-20,0.055,FIXED,2776631.68,BR-001,0,
MM.MONEY.MARKET/4006498,INTERBANK_PLACEMENT,USD,67528.81,67528.81,SBL-BANK-017042,IB.PLACE.USD,1102,2026-06-05,2026-08-02,2026-08-02,0.0515,FIXED,873823.08,BR-001,0,
MM.MONEY.MARKET/4006499,INTERBANK_PLACEMENT,USD,901429.41,901429.41,SBL-BANK-017041,IB.PLACE.USD,1102,2026-06-13,2026-07-06,2026-07-06,0.0511,FIXED,11664500.33,BR-001,0,
MM.MONEY.MARKET/4006500,INTERBANK_PLACEMENT,USD,613341.00,613341.00,SBL-BANK-017049,IB.PLACE.USD,1102,2026-06-03,2026-07-24,2026-07-24,0.0527,FIXED,7936635.10,BR-001,0,
MM.MONEY.MARKET/4006501,INTERBANK_PLACEMENT,USD,196495.86,196495.86,SBL-BANK-017049,IB.PLACE.USD,1102,2026-06-26,2026-07-17,2026-07-17,0.0525,FIXED,2542657.25,BR-001,0,
SECURITY.POSITION/3000420,SECURITY_HOLDING,GHS,47571.95,47571.95,SBL-SOV-017052,SEC.BOND.10Y,1206,2016-11-13,2026-09-22,2026-09-22,0.2419,FIXED,47571.95,BR-001,112,GHGGB5249229
SECURITY.POSITION/3000612,SECURITY_HOLDING,GHS,415.90,415.90,SBL-SOV-017052,SEC.BOND.10Y,1206,2017-06-14,2027-04-23,2027-04-23,0.2361,FIXED,415.90,BR-001,108,GHGGB8250024
SECURITY.POSITION/3000618,SECURITY_HOLDING,GHS,467.59,467.59,SBL-SOV-017052,SEC.BOND.10Y,1206,2017-01-08,2026-11-17,2026-11-17,0.2311,FIXED,467.59,BR-001,108,GHGGB2196990
SECURITY.POSITION/3000673,SECURITY_HOLDING,GHS,139672.79,139672.79,SBL-SOV-017052,SEC.BOND.10Y,1206,2017-05-16,2027-03-25,2027-03-25,0.2378,FIXED,139672.79,BR-001,107,GHGGB8062535
SECURITY.POSITION/3000833,SECURITY_HOLDING,GHS,54899.18,54899.18,SBL-SOV-017052,SEC.BOND.10Y,1206,2017-03-21,2027-01-28,2027-01-28,0.2384,FIXED,54899.18,BR-001,104,GHGGB3639830
SECURITY.POSITION/3000836,SECURITY_HOLDING,GHS,70958.86,70958.86,SBL-SOV-017052,SEC.BOND.10Y,1206,2017-01-03,2026-11-12,2026-11-12,0.2374,FIXED,70958.86,BR-001,104,GHGGB4288520
SECURITY.POSITION/3000841,SECURITY_HOLDING,GHS,142683.12,142683.12,SBL-SOV-017052,SEC.BOND.10Y,1206,2016-09-08,2026-07-18,2026-07-18,0.238,FIXED,142683.12,BR-001,104,GHGGB9351939
SECURITY.POSITION/3000890,SECURITY_HOLDING,GHS,135330.16,135330.16,SBL-SOV-017052,SEC.BOND.10Y,1206,2016-10-27,2026-09-05,2026-09-05,0.2466,FIXED,135330.16,BR-001,103,GHGGB7073739
SECURITY.POSITION/3000942,SECURITY_HOLDING,GHS,45736.63,45736.63,SBL-SOV-017052,SEC.BOND.10Y,1206,2017-02-08,2026-12-18,2026-12-18,0.2434,FIXED,45736.63,BR-001,102,GHGGB4318998
SECURITY.POSITION/3001000,SECURITY_HOLDING,GHS,76842.40,76842.40,SBL-SOV-017052,SEC.BOND.10Y,1206,2017-09-03,2027-07-13,2027-07-13,0.2335,FIXED,76842.40,BR-001,101,GHGGB1992875
SECURITY.POSITION/3001003,SECURITY_HOLDING,GHS,111856.12,111856.12,SBL-SOV-017052,SEC.BOND.10Y,1206,2017-01-11,2026-11-20,2026-11-20,0.2274,FIXED,111856.12,BR-001,101,GHGGB2279266
SECURITY.POSITION/3001007,SECURITY_HOLDING,GHS,11716.20,11716.20,SBL-SOV-017052,SEC.BOND.10Y,1206,2017-02-06,2026-12-16,2026-12-16,0.2283,FIXED,11716.20,BR-001,101,GHGGB8437911
SECURITY.POSITION/3001196,SECURITY_HOLDING,GHS,18265.61,18265.61,SBL-SOV-017052,SEC.BOND.10Y,1206,2017-11-28,2027-10-07,2027-10-07,0.2318,FIXED,18265.61,BR-001,97,GHGGB3590864
SECURITY.POSITION/3001312,SECURITY_HOLDING,GHS,152083.95,152083.95,SBL-SOV-017052,SEC.BOND.10Y,1206,2018-05-28,2028-04-05,2028-04-05,0.226,FIXED,152083.95,BR-001,95,GHGGB7088538
SECURITY.POSITION/3001315,SECURITY_HOLDING,GHS,94068.43,94068.43,SBL-SOV-017052,SEC.BOND.10Y,1206,2017-07-31,2027-06-09,2027-06-09,0.2275,FIXED,94068.43,BR-001,95,GHGGB7145780
SECURITY.POSITION/3001317,SECURITY_HOLDING,GHS,45016.41,45016.41,SBL-SOV-017052,SEC.BOND.10Y,1206,2017-02-20,2026-12-30,2026-12-30,0.232,FIXED,45016.41,BR-001,95,GHGGB1719998
SECURITY.POSITION/3001424,SECURITY_HOLDING,GHS,156066.01,156066.01,SBL-SOV-017052,SEC.BOND.10Y,1206,2018-03-13,2028-01-20,2028-01-20,0.2257,FIXED,156066.01,BR-001,93,GHGGB2562504
SECURITY.POSITION/3001426,SECURITY_HOLDING,GHS,18536.39,18536.39,SBL-SOV-017052,SEC.BOND.10Y,1206,2016-09-02,2026-07-12,2026-07-12,0.2337,FIXED,18536.39,BR-001,93,GHGGB5698052
SECURITY.POSITION/3001428,SECURITY_HOLDING,GHS,120107.63,120107.63,SBL-SOV-017052,SEC.BOND.10Y,1206,2017-01-27,2026-12-06,2026-12-06,0.2345,FIXED,120107.63,BR-001,93,GHGGB2285782
SECURITY.POSITION/3001472,SECURITY_HOLDING,GHS,71988.96,71988.96,SBL-SOV-017052,SEC.BOND.10Y,1206,2017-06-15,2027-04-24,2027-04-24,0.2284,FIXED,71988.96,BR-001,92,GHGGB6208828
SECURITY.POSITION/3001536,SECURITY_HOLDING,GHS,4697.58,4697.58,SBL-SOV-017052,SEC.BOND.10Y,1206,2018-07-04,2028-05-12,2028-05-12,0.2303,FIXED,4697.58,BR-001,91,GHGGB7094058
SECURITY.POSITION/3001539,SECURITY_HOLDING,GHS,30662.18,30662.18,SBL-SOV-017052,SEC.BOND.10Y,1206,2017-01-06,2026-11-15,2026-11-15,0.2263,FIXED,30662.18,BR-001,91,GHGGB5274469
SECURITY.POSITION/3001589,SECURITY_HOLDING,GHS,132686.79,132686.79,SBL-SOV-017052,SEC.BOND.10Y,1206,2017-03-12,2027-01-19,2027-01-19,0.2322,FIXED,132686.79,BR-001,90,GHGGB7837603
SECURITY.POSITION/3001594,SECURITY_HOLDING,GHS,261268.33,261268.33,SBL-SOV-017052,SEC.BOND.10Y,1206,2016-11-16,2026-09-25,2026-09-25,0.2341,FIXED,261268.33,BR-001,90,GHGGB9234453
SECURITY.POSITION/3001655,SECURITY_HOLDING,GHS,76893.36,76893.36,SBL-SOV-017052,SEC.BOND.10Y,1206,2018-04-26,2028-03-04,2028-03-04,0.2304,FIXED,76893.36,BR-001,89,GHGGB9016005
SECURITY.POSITION/3001657,SECURITY_HOLDING,GHS,41628.55,41628.55,SBL-SOV-017052,SEC.BOND.10Y,1206,2018-10-08,2028-08-16,2028-08-16,0.2365,FIXED,41628.55,BR-001,89,GHGGB4873235
SECURITY.POSITION/3001659,SECURITY_HOLDING,GHS,10156.65,10156.65,SBL-SOV-017052,SEC.BOND.10Y,1206,2017-08-22,2027-07-01,2027-07-01,0.2304,FIXED,10156.65,BR-001,89,GHGGB8251290
SECURITY.POSITION/3001723,SECURITY_HOLDING,GHS,46244.75,46244.75,SBL-SOV-017052,SEC.BOND.10Y,1206,2018-03-04,2028-01-11,2028-01-11,0.2301,FIXED,46244.75,BR-001,88,GHGGB9720041
SECURITY.POSITION/3001725,SECURITY_HOLDING,GHS,96466.42,96466.42,SBL-SOV-017052,SEC.BOND.10Y,1206,2016-09-20,2026-07-30,2026-07-30,0.2323,FIXED,96466.42,BR-001,88,GHGGB2110132
SECURITY.POSITION/3001777,SECURITY_HOLDING,GHS,23918.73,23918.73,SBL-SOV-017052,SEC.BOND.10Y,1206,2017-05-10,2027-03-19,2027-03-19,0.2345,FIXED,23918.73,BR-001,87,GHGGB8432546
SECURITY.POSITION/3001778,SECURITY_HOLDING,GHS,97142.28,97142.28,SBL-SOV-017052,SEC.BOND.10Y,1206,2018-02-15,2027-12-25,2027-12-25,0.2347,FIXED,97142.28,BR-001,87,GHGGB5911826
SECURITY.POSITION/3001779,SECURITY_HOLDING,GHS,44465.64,44465.64,SBL-SOV-017052,SEC.BOND.10Y,1206,2018-08-22,2028-06-30,2028-06-30,0.2358,FIXED,44465.64,BR-001,87,GHGGB2580412
SECURITY.POSITION/3001783,SECURITY_HOLDING,GHS,56056.86,56056.86,SBL-SOV-017052,SEC.BOND.10Y,1206,2016-12-28,2026-11-06,2026-11-06,0.2328,FIXED,56056.86,BR-001,87,GHGGB1730733
SECURITY.POSITION/3001784,SECURITY_HOLDING,GHS,36321.42,36321.42,SBL-SOV-017052,SEC.BOND.10Y,1206,2018-03-27,2028-02-03,2028-02-03,0.2272,FIXED,36321.42,BR-001,87,GHGGB8394170
SECURITY.POSITION/3001786,SECURITY_HOLDING,GHS,25910.29,25910.29,SBL-SOV-017052,SEC.BOND.10Y,1206,2018-12-27,2028-11-04,2028-11-04,0.2324,FIXED,25910.29,BR-001,87,GHGGB4755412
SECURITY.POSITION/3001846,SECURITY_HOLDING,GHS,119838.56,119838.56,SBL-SOV-017052,SEC.BOND.10Y,1206,2017-03-30,2027-02-06,2027-02-06,0.225,FIXED,119838.56,BR-001,86,GHGGB5054631
SECURITY.POSITION/3001848,SECURITY_HOLDING,GHS,142783.63,142783.63,SBL-SOV-017052,SEC.BOND.10Y,1206,2018-02-06,2027-12-16,2027-12-16,0.2264,FIXED,142783.63,BR-001,86,GHGGB9089226
SECURITY.POSITION/3001898,SECURITY_HOLDING,GHS,353500.49,353500.49,SBL-SOV-017052,SEC.BOND.10Y,1206,2016-10-21,2026-08-30,2026-08-30,0.2284,FIXED,353500.49,BR-001,85,GHGGB1639212
SECURITY.POSITION/3001901,SECURITY_HOLDING,GHS,70299.13,70299.13,SBL-SOV-017052,SEC.BOND.10Y,1206,2016-09-29,2026-08-08,2026-08-08,0.2359,FIXED,70299.13,BR-001,85,GHGGB8435810
SECURITY.POSITION/3001903,SECURITY_HOLDING,GHS,90315.00,90315.00,SBL-SOV-017052,SEC.BOND.10Y,1206,2017-04-12,2027-02-19,2027-02-19,0.2364,FIXED,90315.00,BR-001,85,GHGGB1558345
SECURITY.POSITION/3002000,SECURITY_HOLDING,GHS,36331.25,36331.25,SBL-SOV-017052,SEC.BOND.10Y,1206,2017-08-05,2027-06-14,2027-06-14,0.2272,FIXED,36331.25,BR-001,83,GHGGB1282288
SECURITY.POSITION/3002001,SECURITY_HOLDING,GHS,241653.28,241653.28,SBL-SOV-017052,SEC.BOND.10Y,1206,2018-12-18,2028-10-26,2028-10-26,0.2303,FIXED,241653.28,BR-001,83,GHGGB2928270
SECURITY.POSITION/3002002,SECURITY_HOLDING,GHS,70317.90,70317.90,SBL-SOV-017052,SEC.BOND.10Y,1206,2019-03-24,2029-01-30,2029-01-30,0.2363,FIXED,70317.90,BR-001,83,GHGGB2282675
SECURITY.POSITION/3002003,SECURITY_HOLDING,GHS,33977.07,33977.07,SBL-SOV-017052,SEC.BOND.10Y,1206,2019-01-27,2028-12-05,2028-12-05,0.2339,FIXED,33977.07,BR-001,83,GHGGB9079099
SECURITY.POSITION/3002010,SECURITY_HOLDING,GHS,26753.16,26753.16,SBL-SOV-017052,SEC.BOND.10Y,1206,2018-03-10,2028-01-17,2028-01-17,0.2302,FIXED,26753.16,BR-001,83,GHGGB5386250
SECURITY.POSITION/3002056,SECURITY_HOLDING,GHS,147246.60,147246.60,SBL-SOV-017052,SEC.BOND.10Y,1206,2018-07-21,2028-05-29,2028-05-29,0.2298,FIXED,147246.60,BR-001,82,GHGGB5697021
SECURITY.POSITION/3002060,SECURITY_HOLDING,GHS,169778.20,169778.20,SBL-SOV-017052,SEC.BOND.10Y,1206,2019-06-22,2029-04-30,2029-04-30,0.2359,FIXED,169778.20,BR-001,82,GHGGB3148557
SECURITY.POSITION/3002109,SECURITY_HOLDING,GHS,1240435.94,1240435.94,SBL-SOV-017052,SEC.BOND.10Y,1206,2018-02-19,2027-12-29,2027-12-29,0.2316,FIXED,1240435.94,BR-001,81,GHGGB6147320
SECURITY.POSITION/3002161,SECURITY_HOLDING,GHS,278626.88,278626.88,SBL-SOV-017052,SEC.BOND.10Y,1206,2018-05-24,2028-04-01,2028-04-01,0.2317,FIXED,278626.88,BR-001,80,GHGGB5801981
SECURITY.POSITION/3002164,SECURITY_HOLDING,GHS,116476.69,116476.69,SBL-SOV-017052,SEC.BOND.10Y,1206,2018-06-06,2028-04-14,2028-04-14,0.238,FIXED,116476.69,BR-001,80,GHGGB1448331
SECURITY.POSITION/3002167,SECURITY_HOLDING,GHS,91468.10,91468.10,SBL-SOV-017052,SEC.BOND.10Y,1206,2017-03-03,2027-01-10,2027-01-10,0.2368,FIXED,91468.10,BR-001,80,GHGGB6838354
SECURITY.POSITION/3002168,SECURITY_HOLDING,GHS,58115.64,58115.64,SBL-SOV-017052,SEC.BOND.10Y,1206,2019-04-27,2029-03-05,2029-03-05,0.2302,FIXED,58115.64,BR-001,80,GHGGB7226779
SECURITY.POSITION/3002218,SECURITY_HOLDING,GHS,24874.96,24874.96,SBL-SOV-017052,SEC.BOND.10Y,1206,2018-09-20,2028-07-29,2028-07-29,0.2323,FIXED,24874.96,BR-001,79,GHGGB2268060
SECURITY.POSITION/3002219,SECURITY_HOLDING,GHS,60436.55,60436.55,SBL-SOV-017052,SEC.BOND.10Y,1206,2018-09-16,2028-07-25,2028-07-25,0.234,FIXED,60436.55,BR-001,79,GHGGB5738416
SECURITY.POSITION/3002221,SECURITY_HOLDING,GHS,54495.99,54495.99,SBL-SOV-017052,SEC.BOND.10Y,1206,2019-03-20,2029-01-26,2029-01-26,0.2306,FIXED,54495.99,BR-001,79,GHGGB5218673
SECURITY.POSITION/3002223,SECURITY_HOLDING,GHS,96440.36,96440.36,SBL-SOV-017052,SEC.BOND.10Y,1206,2017-06-16,2027-04-25,2027-04-25,0.2345,FIXED,96440.36,BR-001,79,GHGGB6619582
SECURITY.POSITION/3002274,SECURITY_HOLDING,GHS,86049.02,86049.02,SBL-SOV-017052,SEC.BOND.10Y,1206,2017-08-25,2027-07-04,2027-07-04,0.2336,FIXED,86049.02,BR-001,78,GHGGB9540323
SECURITY.POSITION/3002276,SECURITY_HOLDING,GHS,25190.54,25190.54,SBL-SOV-017052,SEC.BOND.10Y,1206,2019-07-16,2029-05-24,2029-05-24,0.2252,FIXED,25190.54,BR-001,78,GHGGB6281313
SECURITY.POSITION/3002329,SECURITY_HOLDING,GHS,41390.22,41390.22,SBL-SOV-017052,SEC.BOND.10Y,1206,2019-05-07,2029-03-15,2029-03-15,0.2137,FIXED,41390.22,BR-001,77,GHGGB4267959
SECURITY.POSITION/3002334,SECURITY_HOLDING,GHS,18739.17,18739.17,SBL-SOV-017052,SEC.BOND.10Y,1206,2017-12-22,2027-10-31,2027-10-31,0.2114,FIXED,18739.17,BR-001,77,GHGGB7498136
SECURITY.POSITION/3002337,SECURITY_HOLDING,GHS,9245.41,9245.41,SBL-SOV-017052,SEC.BOND.10Y,1206,2017-01-20,2026-11-29,2026-11-29,0.2089,FIXED,9245.41,BR-001,77,GHGGB8118360
SECURITY.POSITION/3002388,SECURITY_HOLDING,GHS,102516.56,102516.56,SBL-SOV-017052,SEC.BOND.10Y,1206,2016-09-02,2026-07-12,2026-07-12,0.2097,FIXED,102516.56,BR-001,76,GHGGB7657348
SECURITY.POSITION/3002390,SECURITY_HOLDING,GHS,72932.71,72932.71,SBL-SOV-017052,SEC.BOND.10Y,1206,2016-11-01,2026-09-10,2026-09-10,0.2156,FIXED,72932.71,BR-001,76,GHGGB7490082
SECURITY.POSITION/3002392,SECURITY_HOLDING,GHS,129689.59,129689.59,SBL-SOV-017052,SEC.BOND.10Y,1206,2019-04-30,2029-03-08,2029-03-08,0.2111,FIXED,129689.59,BR-001,76,GHGGB1841361
SECURITY.POSITION/3002395,SECURITY_HOLDING,GHS,67289.93,67289.93,SBL-SOV-017052,SEC.BOND.10Y,1206,2017-08-27,2027-07-06,2027-07-06,0.2102,FIXED,67289.93,BR-001,76,GHGGB3247649
SECURITY.POSITION/3002496,SECURITY_HOLDING,GHS,36176.28,36176.28,SBL-SOV-017052,SEC.BOND.10Y,1206,2019-07-25,2029-06-02,2029-06-02,0.2115,FIXED,36176.28,BR-001,74,GHGGB7702105
SECURITY.POSITION/3002639,SECURITY_HOLDING,GHS,55898.60,55898.60,SBL-SOV-017052,SEC.BOND.10Y,1206,2018-09-22,2028-07-31,2028-07-31,0.2125,FIXED,55898.60,BR-001,71,GHGGB2642109
SECURITY.POSITION/3002640,SECURITY_HOLDING,GHS,49063.75,49063.75,SBL-SOV-017052,SEC.BOND.10Y,1206,2019-03-03,2029-01-09,2029-01-09,0.2106,FIXED,49063.75,BR-001,71,GHGGB4149074
SECURITY.POSITION/3002642,SECURITY_HOLDING,GHS,96669.08,96669.08,SBL-SOV-017052,SEC.BOND.10Y,1206,2017-06-11,2027-04-20,2027-04-20,0.2123,FIXED,96669.08,BR-001,71,GHGGB7862476
SECURITY.POSITION/3002644,SECURITY_HOLDING,GHS,42714.86,42714.86,SBL-SOV-017052,SEC.BOND.10Y,1206,2020-05-12,2030-03-21,2030-03-21,0.2123,FIXED,42714.86,BR-001,71,GHGGB4458089
SECURITY.POSITION/3002646,SECURITY_HOLDING,GHS,5181.51,5181.51,SBL-SOV-017052,SEC.BOND.10Y,1206,2018-10-25,2028-09-02,2028-09-02,0.2094,FIXED,5181.51,BR-001,71,GHGGB8216733
SECURITY.POSITION/3002695,SECURITY_HOLDING,GHS,47151.51,47151.51,SBL-SOV-017052,SEC.BOND.10Y,1206,2016-10-23,2026-09-01,2026-09-01,0.2093,FIXED,47151.51,BR-001,70,GHGGB2669218
SECURITY.POSITION/3002751,SECURITY_HOLDING,GHS,15390.90,15390.90,SBL-SOV-017052,SEC.BOND.10Y,1206,2018-10-23,2028-08-31,2028-08-31,0.2173,FIXED,15390.90,BR-001,69,GHGGB3420563
SECURITY.POSITION/3002752,SECURITY_HOLDING,GHS,11685.42,11685.42,SBL-SOV-017052,SEC.BOND.10Y,1206,2018-03-28,2028-02-04,2028-02-04,0.2084,FIXED,11685.42,BR-001,69,GHGGB8630207
SECURITY.POSITION/3002754,SECURITY_HOLDING,GHS,13887.94,13887.94,SBL-SOV-017052,SEC.BOND.10Y,1206,2019-05-19,2029-03-27,2029-03-27,0.2113,FIXED,13887.94,BR-001,69,GHGGB5644299
SECURITY.POSITION/3002755,SECURITY_HOLDING,GHS,10699.66,10699.66,SBL-SOV-017052,SEC.BOND.10Y,1206,2018-08-20,2028-06-28,2028-06-28,0.2147,FIXED,10699.66,BR-001,69,GHGGB3379382
SECURITY.POSITION/3002756,SECURITY_HOLDING,GHS,10663.29,10663.29,SBL-SOV-017052,SEC.BOND.10Y,1206,2019-02-02,2028-12-11,2028-12-11,0.2108,FIXED,10663.29,BR-001,69,GHGGB3230241
SECURITY.POSITION/3002811,SECURITY_HOLDING,GHS,50493.24,50493.24,SBL-SOV-017052,SEC.BOND.10Y,1206,2018-07-24,2028-06-01,2028-06-01,0.2119,FIXED,50493.24,BR-001,68,GHGGB9934214
SECURITY.POSITION/3002812,SECURITY_HOLDING,GHS,17680.37,17680.37,SBL-SOV-017052,SEC.BOND.10Y,1206,2020-06-12,2030-04-21,2030-04-21,0.2208,FIXED,17680.37,BR-001,68,GHGGB4640377
SECURITY.POSITION/3002813,SECURITY_HOLDING,GHS,921.87,921.87,SBL-SOV-017052,SEC.BOND.10Y,1206,2017-01-08,2026-11-17,2026-11-17,0.2158,FIXED,921.87,BR-001,68,GHGGB9637187
SECURITY.POSITION/3002814,SECURITY_HOLDING,GHS,28309.37,28309.37,SBL-SOV-017052,SEC.BOND.10Y,1206,2020-05-22,2030-03-31,2030-03-31,0.2095,FIXED,28309.37,BR-001,68,GHGGB1305258
SECURITY.POSITION/3002870,SECURITY_HOLDING,GHS,28223.94,28223.94,SBL-SOV-017052,SEC.BOND.10Y,1206,2020-01-25,2029-12-03,2029-12-03,0.2123,FIXED,28223.94,BR-001,67,GHGGB9427948
SECURITY.POSITION/3002872,SECURITY_HOLDING,GHS,19532.93,19532.93,SBL-SOV-017052,SEC.BOND.10Y,1206,2019-11-18,2029-09-26,2029-09-26,0.2114,FIXED,19532.93,BR-001,67,GHGGB9746262
SECURITY.POSITION/3002874,SECURITY_HOLDING,GHS,42710.70,42710.70,SBL-SOV-017052,SEC.BOND.10Y,1206,2018-04-08,2028-02-15,2028-02-15,0.2151,FIXED,42710.70,BR-001,67,GHGGB3866483
SECURITY.POSITION/3002927,SECURITY_HOLDING,GHS,43190.42,43190.42,SBL-SOV-017052,SEC.BOND.10Y,1206,2017-05-18,2027-03-27,2027-03-27,0.2097,FIXED,43190.42,BR-001,66,GHGGB2805471
SECURITY.POSITION/3002928,SECURITY_HOLDING,GHS,5676.68,5676.68,SBL-SOV-017052,SEC.BOND.10Y,1206,2019-04-18,2029-02-24,2029-02-24,0.2075,FIXED,5676.68,BR-001,66,GHGGB2353330
SECURITY.POSITION/3002930,SECURITY_HOLDING,GHS,175943.18,175943.18,SBL-SOV-017052,SEC.BOND.10Y,1206,2018-04-19,2028-02-26,2028-02-26,0.2072,FIXED,175943.18,BR-001,66,GHGGB7220323
SECURITY.POSITION/3002991,SECURITY_HOLDING,GHS,78563.77,78563.77,SBL-SOV-017052,SEC.BOND.10Y,1206,2018-01-19,2027-11-28,2027-11-28,0.207,FIXED,78563.77,BR-001,65,GHGGB3136204
SECURITY.POSITION/3002996,SECURITY_HOLDING,GHS,5993.39,5993.39,SBL-SOV-017052,SEC.BOND.10Y,1206,2020-03-26,2030-02-02,2030-02-02,0.2082,FIXED,5993.39,BR-001,65,GHGGB6689260
SECURITY.POSITION/3002997,SECURITY_HOLDING,GHS,347083.76,347083.76,SBL-SOV-017052,SEC.BOND.10Y,1206,2018-12-10,2028-10-18,2028-10-18,0.2123,FIXED,347083.76,BR-001,65,GHGGB6493776
SECURITY.POSITION/3002998,SECURITY_HOLDING,GHS,379442.85,379442.85,SBL-SOV-017052,SEC.BOND.10Y,1206,2019-11-12,2029-09-20,2029-09-20,0.2102,FIXED,379442.85,BR-001,65,GHGGB4400886
SECURITY.POSITION/3003000,SECURITY_HOLDING,GHS,159130.99,159130.99,SBL-SOV-017052,SEC.BOND.10Y,1206,2016-10-21,2026-08-30,2026-08-30,0.2073,FIXED,159130.99,BR-001,65,GHGGB3101474
SECURITY.POSITION/3003094,SECURITY_HOLDING,GHS,919.88,919.88,SBL-SOV-017052,SEC.BOND.10Y,1206,2018-10-23,2028-08-31,2028-08-31,0.2111,FIXED,919.88,BR-001,63,GHGGB7235285
SECURITY.POSITION/3003096,SECURITY_HOLDING,GHS,988.89,988.89,SBL-SOV-017052,SEC.BOND.10Y,1206,2020-06-07,2030-04-16,2030-04-16,0.2129,FIXED,988.89,BR-001,63,GHGGB7760130
SECURITY.POSITION/3003099,SECURITY_HOLDING,GHS,6873.89,6873.89,SBL-SOV-017052,SEC.BOND.10Y,1206,2017-01-03,2026-11-12,2026-11-12,0.2057,FIXED,6873.89,BR-001,63,GHGGB8703944
SECURITY.POSITION/3003100,SECURITY_HOLDING,GHS,2827.90,2827.90,SBL-SOV-017052,SEC.BOND.10Y,1206,2016-09-15,2026-07-25,2026-07-25,0.2137,FIXED,2827.90,BR-001,63,GHGGB4752484
SECURITY.POSITION/3003102,SECURITY_HOLDING,GHS,1958.71,1958.71,SBL-SOV-017052,SEC.BOND.10Y,1206,2018-11-08,2028-09-16,2028-09-16,0.2151,FIXED,1958.71,BR-001,63,GHGGB4797680
SECURITY.POSITION/3003103,SECURITY_HOLDING,GHS,6802.02,6802.02,SBL-SOV-017052,SEC.BOND.10Y,1206,2019-06-25,2029-05-03,2029-05-03,0.2132,FIXED,6802.02,BR-001,63,GHGGB6507794
SECURITY.POSITION/3003156,SECURITY_HOLDING,GHS,89019.04,89019.04,SBL-SOV-017052,SEC.BOND.10Y,1206,2017-06-16,2027-04-25,2027-04-25,0.2114,FIXED,89019.04,BR-001,62,GHGGB9098127
SECURITY.POSITION/3003158,SECURITY_HOLDING,GHS,99843.21,99843.21,SBL-SOV-017052,SEC.BOND.10Y,1206,2021-04-11,2031-02-18,2031-02-18,0.2072,FIXED,99843.21,BR-001,62,GHGGB9704909
SECURITY.POSITION/3003159,SECURITY_HOLDING,GHS,209802.68,209802.68,SBL-SOV-017052,SEC.BOND.10Y,1206,2019-11-02,2029-09-10,2029-09-10,0.2108,FIXED,209802.68,BR-001,62,GHGGB1373367
SECURITY.POSITION/3003160,SECURITY_HOLDING,GHS,318235.71,318235.71,SBL-SOV-017052,SEC.BOND.10Y,1206,2018-10-09,2028-08-17,2028-08-17,0.2117,FIXED,318235.71,BR-001,62,GHGGB4704661
SECURITY.POSITION/3003163,SECURITY_HOLDING,GHS,138060.43,138060.43,SBL-SOV-017052,SEC.BOND.10Y,1206,2019-06-04,2029-04-12,2029-04-12,0.2077,FIXED,138060.43,BR-001,62,GHGGB4029472
SECURITY.POSITION/3003164,SECURITY_HOLDING,GHS,58543.78,58543.78,SBL-SOV-017052,SEC.BOND.10Y,1206,2021-02-17,2030-12-27,2030-12-27,0.2072,FIXED,58543.78,BR-001,62,GHGGB7823127
SECURITY.POSITION/3003205,SECURITY_HOLDING,GHS,84644.23,84644.23,SBL-SOV-017052,SEC.BOND.10Y,1206,2017-01-05,2026-11-14,2026-11-14,0.214,FIXED,84644.23,BR-001,61,GHGGB9765921
SECURITY.POSITION/3003209,SECURITY_HOLDING,GHS,62719.37,62719.37,SBL-SOV-017052,SEC.BOND.10Y,1206,2020-06-11,2030-04-20,2030-04-20,0.2102,FIXED,62719.37,BR-001,61,GHGGB8727812
SECURITY.POSITION/3003210,SECURITY_HOLDING,GHS,63863.67,63863.67,SBL-SOV-017052,SEC.BOND.10Y,1206,2017-01-06,2026-11-15,2026-11-15,0.2135,FIXED,63863.67,BR-001,61,GHGGB5116600
SECURITY.POSITION/3003211,SECURITY_HOLDING,GHS,167221.62,167221.62,SBL-SOV-017052,SEC.BOND.10Y,1206,2020-08-06,2030-06-15,2030-06-15,0.2146,FIXED,167221.62,BR-001,61,GHGGB6028933
SECURITY.POSITION/3003212,SECURITY_HOLDING,GHS,34259.83,34259.83,SBL-SOV-017052,SEC.BOND.10Y,1206,2016-11-27,2026-10-06,2026-10-06,0.2124,FIXED,34259.83,BR-001,61,GHGGB1362112
SECURITY.POSITION/3003256,SECURITY_HOLDING,GHS,58591.15,58591.15,SBL-SOV-017052,SEC.BOND.10Y,1206,2021-05-20,2031-03-29,2031-03-29,0.2096,FIXED,58591.15,BR-001,60,GHGGB6889003
SECURITY.POSITION/3003259,SECURITY_HOLDING,GHS,65661.64,65661.64,SBL-SOV-017052,SEC.BOND.10Y,1206,2020-12-29,2030-11-07,2030-11-07,0.2072,FIXED,65661.64,BR-001,60,GHGGB5338280
SECURITY.POSITION/3003260,SECURITY_HOLDING,GHS,86139.08,86139.08,SBL-SOV-017052,SEC.BOND.10Y,1206,2019-04-15,2029-02-21,2029-02-21,0.2091,FIXED,86139.08,BR-001,60,GHGGB6709632
SECURITY.POSITION/3003307,SECURITY_HOLDING,GHS,32453.99,32453.99,SBL-SOV-017052,SEC.BOND.10Y,1206,2016-09-15,2026-07-25,2026-07-25,0.2297,FIXED,32453.99,BR-001,59,GHGGB8120172
SECURITY.POSITION/3003309,SECURITY_HOLDING,GHS,68979.07,68979.07,SBL-SOV-017052,SEC.BOND.10Y,1206,2020-03-25,2030-02-01,2030-02-01,0.2286,FIXED,68979.07,BR-001,59,GHGGB3159557
SECURITY.POSITION/3003310,SECURITY_HOLDING,GHS,8358.09,8358.09,SBL-SOV-017052,SEC.BOND.10Y,1206,2018-02-11,2027-12-21,2027-12-21,0.2276,FIXED,8358.09,BR-001,59,GHGGB2154524
SECURITY.POSITION/3003311,SECURITY_HOLDING,GHS,47076.81,47076.81,SBL-SOV-017052,SEC.BOND.10Y,1206,2021-06-24,2031-05-03,2031-05-03,0.2325,FIXED,47076.81,BR-001,59,GHGGB7513056
SECURITY.POSITION/3003312,SECURITY_HOLDING,GHS,100729.17,100729.17,SBL-SOV-017052,SEC.BOND.10Y,1206,2019-08-06,2029-06-14,2029-06-14,0.2292,FIXED,100729.17,BR-001,59,GHGGB2637641
SECURITY.POSITION/3003313,SECURITY_HOLDING,GHS,25759.20,25759.20,SBL-SOV-017052,SEC.BOND.10Y,1206,2019-12-11,2029-10-19,2029-10-19,0.2271,FIXED,25759.20,BR-001,59,GHGGB8610513
SECURITY.POSITION/3003314,SECURITY_HOLDING,GHS,14019.29,14019.29,SBL-SOV-017052,SEC.BOND.10Y,1206,2017-12-27,2027-11-05,2027-11-05,0.2241,FIXED,14019.29,BR-001,59,GHGGB6414558
SECURITY.POSITION/3003315,SECURITY_HOLDING,GHS,14275.58,14275.58,SBL-SOV-017052,SEC.BOND.10Y,1206,2020-05-12,2030-03-21,2030-03-21,0.2279,FIXED,14275.58,BR-001,59,GHGGB1814454
SECURITY.POSITION/3003317,SECURITY_HOLDING,GHS,69858.12,69858.12,SBL-SOV-017052,SEC.BOND.10Y,1206,2018-02-27,2028-01-06,2028-01-06,0.2256,FIXED,69858.12,BR-001,59,GHGGB5036940
SECURITY.POSITION/3003318,SECURITY_HOLDING,GHS,14961.06,14961.06,SBL-SOV-017052,SEC.BOND.10Y,1206,2020-12-26,2030-11-04,2030-11-04,0.2301,FIXED,14961.06,BR-001,59,GHGGB7996895
SECURITY.POSITION/3003378,SECURITY_HOLDING,GHS,16118.59,16118.59,SBL-SOV-017052,SEC.BOND.10Y,1206,2018-02-07,2027-12-17,2027-12-17,0.2296,FIXED,16118.59,BR-001,58,GHGGB1714633
SECURITY.POSITION/3003381,SECURITY_HOLDING,GHS,34948.29,34948.29,SBL-SOV-017052,SEC.BOND.10Y,1206,2017-06-11,2027-04-20,2027-04-20,0.2286,FIXED,34948.29,BR-001,58,GHGGB1513065
SECURITY.POSITION/3003383,SECURITY_HOLDING,GHS,89171.00,89171.00,SBL-SOV-017052,SEC.BOND.10Y,1206,2020-03-01,2030-01-08,2030-01-08,0.23,FIXED,89171.00,BR-001,58,GHGGB4394970
SECURITY.POSITION/3003386,SECURITY_HOLDING,GHS,113595.25,113595.25,SBL-SOV-017052,SEC.BOND.10Y,1206,2021-08-20,2031-06-29,2031-06-29,0.2295,FIXED,113595.25,BR-001,58,GHGGB9817948
SECURITY.POSITION/3003388,SECURITY_HOLDING,GHS,36968.05,36968.05,SBL-SOV-017052,SEC.BOND.10Y,1206,2017-11-22,2027-10-01,2027-10-01,0.2219,FIXED,36968.05,BR-001,58,GHGGB5372408
SECURITY.POSITION/3003439,SECURITY_HOLDING,GHS,483213.27,483213.27,SBL-SOV-017052,SEC.BOND.5Y,1205,2021-08-20,2026-07-25,2026-07-25,0.2141,FIXED,483213.27,BR-001,57,GHGGB8662019
SECURITY.POSITION/3003441,SECURITY_HOLDING,GHS,50080.91,50080.91,SBL-SOV-017052,SEC.BOND.10Y,1206,2020-09-23,2030-08-02,2030-08-02,0.2199,FIXED,50080.91,BR-001,57,GHGGB2314421
SECURITY.POSITION/3003443,SECURITY_HOLDING,GHS,29119.60,29119.60,SBL-SOV-017052,SEC.BOND.10Y,1206,2021-01-28,2030-12-07,2030-12-07,0.2233,FIXED,29119.60,BR-001,57,GHGGB9616338
SECURITY.POSITION/3003445,SECURITY_HOLDING,GHS,177912.59,177912.59,SBL-SOV-017052,SEC.BOND.10Y,1206,2019-04-30,2029-03-08,2029-03-08,0.2256,FIXED,177912.59,BR-001,57,GHGGB5960191
SECURITY.POSITION/3003446,SECURITY_HOLDING,GHS,18411.16,18411.16,SBL-SOV-017052,SEC.BOND.10Y,1206,2017-12-06,2027-10-15,2027-10-15,0.2275,FIXED,18411.16,BR-001,57,GHGGB5072625
SECURITY.POSITION/3003447,SECURITY_HOLDING,GHS,28334.13,28334.13,SBL-SOV-017052,SEC.BOND.10Y,1206,2017-11-01,2027-09-10,2027-09-10,0.2228,FIXED,28334.13,BR-001,57,GHGGB5397871
SECURITY.POSITION/3003482,SECURITY_HOLDING,GHS,24197.57,24197.57,SBL-SOV-017052,SEC.BOND.5Y,1205,2021-09-09,2026-08-14,2026-08-14,0.206,FIXED,24197.57,BR-001,56,GHGGB8179869
SECURITY.POSITION/3003488,SECURITY_HOLDING,GHS,3783.13,3783.13,SBL-SOV-017052,SEC.BOND.10Y,1206,2019-07-26,2029-06-03,2029-06-03,0.232,FIXED,3783.13,BR-001,56,GHGGB2433739
SECURITY.POSITION/3003489,SECURITY_HOLDING,GHS,1054.29,1054.29,SBL-SOV-017052,SEC.BOND.10Y,1206,2019-02-27,2029-01-05,2029-01-05,0.2363,FIXED,1054.29,BR-001,56,GHGGB3263729
SECURITY.POSITION/3003490,SECURITY_HOLDING,GHS,8236.80,8236.80,SBL-SOV-017052,SEC.BOND.10Y,1206,2021-10-02,2031-08-11,2031-08-11,0.2304,FIXED,8236.80,BR-001,56,GHGGB3734405
SECURITY.POSITION/3003493,SECURITY_HOLDING,GHS,2707.50,2707.50,SBL-SOV-017052,SEC.BOND.10Y,1206,2018-12-20,2028-10-28,2028-10-28,0.2372,FIXED,2707.50,BR-001,56,GHGGB1934511
SECURITY.POSITION/3003494,SECURITY_HOLDING,GHS,6030.78,6030.78,SBL-SOV-017052,SEC.BOND.10Y,1206,2019-02-22,2028-12-31,2028-12-31,0.2331,FIXED,6030.78,BR-001,56,GHGGB8306616
SECURITY.POSITION/3003495,SECURITY_HOLDING,GHS,4491.39,4491.39,SBL-SOV-017052,SEC.BOND.10Y,1206,2019-09-19,2029-07-28,2029-07-28,0.2325,FIXED,4491.39,BR-001,56,GHGGB3663368
SECURITY.POSITION/3003497,SECURITY_HOLDING,GHS,1399.04,1399.04,SBL-SOV-017052,SEC.BOND.10Y,1206,2017-02-12,2026-12-22,2026-12-22,0.2303,FIXED,1399.04,BR-001,56,GHGGB9946048
SECURITY.POSITION/3003498,SECURITY_HOLDING,GHS,3035.33,3035.33,SBL-SOV-017052,SEC.BOND.10Y,1206,2018-08-21,2028-06-29,2028-06-29,0.2278,FIXED,3035.33,BR-001,56,GHGGB1887163
SECURITY.POSITION/3003549,SECURITY_HOLDING,GHS,139907.04,139907.04,SBL-SOV-017052,SEC.BOND.10Y,1206,2017-07-16,2027-05-25,2027-05-25,0.2264,FIXED,139907.04,BR-001,55,GHGGB9669517
SECURITY.POSITION/3003551,SECURITY_HOLDING,GHS,159782.51,159782.51,SBL-SOV-017052,SEC.BOND.10Y,1206,2020-12-24,2030-11-02,2030-11-02,0.2245,FIXED,159782.51,BR-001,55,GHGGB7638686
SECURITY.POSITION/3003552,SECURITY_HOLDING,GHS,33288.79,33288.79,SBL-SOV-017052,SEC.BOND.10Y,1206,2020-05-13,2030-03-22,2030-03-22,0.2224,FIXED,33288.79,BR-001,55,GHGGB2568532
SECURITY.POSITION/3003553,SECURITY_HOLDING,GHS,118215.92,118215.92,SBL-SOV-017052,SEC.BOND.10Y,1206,2018-01-25,2027-12-04,2027-12-04,0.2242,FIXED,118215.92,BR-001,55,GHGGB8494851
SECURITY.POSITION/3003554,SECURITY_HOLDING,GHS,55795.12,55795.12,SBL-SOV-017052,SEC.BOND.10Y,1206,2020-09-10,2030-07-20,2030-07-20,0.2221,FIXED,55795.12,BR-001,55,GHGGB7562731
SECURITY.POSITION/3003555,SECURITY_HOLDING,GHS,56971.79,56971.79,SBL-SOV-017052,SEC.BOND.10Y,1206,2018-04-22,2028-02-29,2028-02-29,0.226,FIXED,56971.79,BR-001,55,GHGGB9216600
SECURITY.POSITION/3003557,SECURITY_HOLDING,GHS,24329.36,24329.36,SBL-SOV-017052,SEC.BOND.10Y,1206,2018-09-26,2028-08-04,2028-08-04,0.2236,FIXED,24329.36,BR-001,55,GHGGB9303389
SECURITY.POSITION/3003558,SECURITY_HOLDING,GHS,135865.21,135865.21,SBL-SOV-017052,SEC.BOND.10Y,1206,2021-06-20,2031-04-29,2031-04-29,0.229,FIXED,135865.21,BR-001,55,GHGGB4230817
SECURITY.POSITION/3003559,SECURITY_HOLDING,GHS,68446.65,68446.65,SBL-SOV-017052,SEC.BOND.10Y,1206,2018-11-20,2028-09-28,2028-09-28,0.2218,FIXED,68446.65,BR-001,55,GHGGB5150673
SECURITY.POSITION/3003560,SECURITY_HOLDING,GHS,133145.48,133145.48,SBL-SOV-017052,SEC.BOND.10Y,1206,2020-05-28,2030-04-06,2030-04-06,0.2195,FIXED,133145.48,BR-001,55,GHGGB4382429
SECURITY.POSITION/3003604,SECURITY_HOLDING,GHS,100443.95,100443.95,SBL-SOV-017052,SEC.BOND.5Y,1205,2021-11-23,2026-10-28,2026-10-28,0.2096,FIXED,100443.95,BR-001,54,GHGGB8586691
SECURITY.POSITION/3003609,SECURITY_HOLDING,GHS,21946.47,21946.47,SBL-SOV-017052,SEC.BOND.10Y,1206,2019-05-17,2029-03-25,2029-03-25,0.2312,FIXED,21946.47,BR-001,54,GHGGB1438781
SECURITY.POSITION/3003610,SECURITY_HOLDING,GHS,39353.95,39353.95,SBL-SOV-017052,SEC.BOND.10Y,1206,2017-03-21,2027-01-28,2027-01-28,0.2324,FIXED,39353.95,BR-001,54,GHGGB5685218
SECURITY.POSITION/3003614,SECURITY_HOLDING,GHS,54067.14,54067.14,SBL-SOV-017052,SEC.BOND.10Y,1206,2018-02-25,2028-01-04,2028-01-04,0.2192,FIXED,54067.14,BR-001,54,GHGGB5959916
SECURITY.POSITION/3003617,SECURITY_HOLDING,GHS,203239.05,203239.05,SBL-SOV-017052,SEC.BOND.10Y,1206,2021-07-07,2031-05-16,2031-05-16,0.2318,FIXED,203239.05,BR-001,54,GHGGB6789418
SECURITY.POSITION/3003619,SECURITY_HOLDING,GHS,103182.77,103182.77,SBL-SOV-017052,SEC.BOND.10Y,1206,2021-02-26,2031-01-05,2031-01-05,0.2295,FIXED,103182.77,BR-001,54,GHGGB2415700
SECURITY.POSITION/3003620,SECURITY_HOLDING,GHS,52988.70,52988.70,SBL-SOV-017052,SEC.BOND.10Y,1206,2017-01-11,2026-11-20,2026-11-20,0.2286,FIXED,52988.70,BR-001,54,GHGGB7227153
SECURITY.POSITION/3003673,SECURITY_HOLDING,GHS,369717.00,369717.00,SBL-SOV-017052,SEC.BOND.5Y,1205,2021-11-02,2026-10-07,2026-10-07,0.2084,FIXED,369717.00,BR-001,53,GHGGB3612776
SECURITY.POSITION/3003678,SECURITY_HOLDING,GHS,33465.38,33465.38,SBL-SOV-017052,SEC.BOND.10Y,1206,2021-12-10,2031-10-19,2031-10-19,0.2289,FIXED,33465.38,BR-001,53,GHGGB6487717
SECURITY.POSITION/3003682,SECURITY_HOLDING,GHS,33497.07,33497.07,SBL-SOV-017052,SEC.BOND.10Y,1206,2019-11-21,2029-09-29,2029-09-29,0.2271,FIXED,33497.07,BR-001,53,GHGGB5662831
SECURITY.POSITION/3003683,SECURITY_HOLDING,GHS,157764.81,157764.81,SBL-SOV-017052,SEC.BOND.10Y,1206,2021-12-14,2031-10-23,2031-10-23,0.2282,FIXED,157764.81,BR-001,53,GHGGB3169448
SECURITY.POSITION/3003686,SECURITY_HOLDING,GHS,167974.30,167974.30,SBL-SOV-017052,SEC.BOND.10Y,1206,2016-12-28,2026-11-06,2026-11-06,0.2252,FIXED,167974.30,BR-001,53,GHGGB1720805
SECURITY.POSITION/3003688,SECURITY_HOLDING,GHS,85605.54,85605.54,SBL-SOV-017052,SEC.BOND.10Y,1206,2016-12-12,2026-10-21,2026-10-21,0.229,FIXED,85605.54,BR-001,53,GHGGB1951903
SECURITY.POSITION/3003728,SECURITY_HOLDING,GHS,67440.27,67440.27,SBL-SOV-017052,SEC.BOND.5Y,1205,2021-11-01,2026-10-06,2026-10-06,0.2121,FIXED,67440.27,BR-001,52,GHGGB7447250
SECURITY.POSITION/3003731,SECURITY_HOLDING,GHS,767285.76,767285.76,SBL-SOV-017052,SEC.BOND.5Y,1205,2021-10-29,2026-10-03,2026-10-03,0.2104,FIXED,767285.76,BR-001,52,GHGGB3153526
SECURITY.POSITION/3003734,SECURITY_HOLDING,GHS,62545.76,62545.76,SBL-SOV-017052,SEC.BOND.5Y,1205,2022-02-28,2027-02-02,2027-02-02,0.2134,FIXED,62545.76,BR-001,52,GHGGB7480825
SECURITY.POSITION/3003736,SECURITY_HOLDING,GHS,818799.16,818799.16,SBL-SOV-017052,SEC.BOND.5Y,1205,2022-02-12,2027-01-17,2027-01-17,0.2166,FIXED,818799.16,BR-001,52,GHGGB2408147
SECURITY.POSITION/3003738,SECURITY_HOLDING,GHS,327187.16,327187.16,SBL-SOV-017052,SEC.BOND.10Y,1206,2018-11-27,2028-10-05,2028-10-05,0.2303,FIXED,327187.16,BR-001,52,GHGGB5958537
SECURITY.POSITION/3003740,SECURITY_HOLDING,GHS,96549.95,96549.95,SBL-SOV-017052,SEC.BOND.10Y,1206,2017-11-29,2027-10-08,2027-10-08,0.2285,FIXED,96549.95,BR-001,52,GHGGB6124716
SECURITY.POSITION/3003741,SECURITY_HOLDING,GHS,252731.15,252731.15,SBL-SOV-017052,SEC.BOND.10Y,1206,2018-08-17,2028-06-25,2028-06-25,0.2249,FIXED,252731.15,BR-001,52,GHGGB3818188
SECURITY.POSITION/3003786,SECURITY_HOLDING,GHS,370710.33,370710.33,SBL-SOV-017052,SEC.BOND.5Y,1205,2021-07-27,2026-07-01,2026-07-01,0.3302,FIXED,370710.33,BR-001,51,GHGGB1344559
SECURITY.POSITION/3003788,SECURITY_HOLDING,GHS,28499.40,28499.40,SBL-SOV-017052,SEC.BOND.5Y,1205,2021-08-24,2026-07-29,2026-07-29,0.3289,FIXED,28499.40,BR-001,51,GHGGB7832514
SECURITY.POSITION/3003795,SECURITY_HOLDING,GHS,26105.71,26105.71,SBL-SOV-017052,SEC.BOND.10Y,1206,2020-10-15,2030-08-24,2030-08-24,0.3112,FIXED,26105.71,BR-001,51,GHGGB1957445
SECURITY.POSITION/3003796,SECURITY_HOLDING,GHS,97841.05,97841.05,SBL-SOV-017052,SEC.BOND.10Y,1206,2017-02-14,2026-12-24,2026-12-24,0.3092,FIXED,97841.05,BR-001,51,GHGGB4230536
SECURITY.POSITION/3003797,SECURITY_HOLDING,GHS,94010.98,94010.98,SBL-SOV-017052,SEC.BOND.10Y,1206,2021-01-03,2030-11-12,2030-11-12,0.3131,FIXED,94010.98,BR-001,51,GHGGB7503122
SECURITY.POSITION/3003799,SECURITY_HOLDING,GHS,43526.99,43526.99,SBL-SOV-017052,SEC.BOND.10Y,1206,2018-03-11,2028-01-18,2028-01-18,0.3079,FIXED,43526.99,BR-001,51,GHGGB5140980
SECURITY.POSITION/3003800,SECURITY_HOLDING,GHS,96895.02,96895.02,SBL-SOV-017052,SEC.BOND.10Y,1206,2017-09-06,2027-07-16,2027-07-16,0.3167,FIXED,96895.02,BR-001,51,GHGGB6623523
SECURITY.POSITION/3003801,SECURITY_HOLDING,GHS,31420.89,31420.89,SBL-SOV-017052,SEC.BOND.10Y,1206,2017-01-03,2026-11-12,2026-11-12,0.3165,FIXED,31420.89,BR-001,51,GHGGB4807314
SECURITY.POSITION/3003802,SECURITY_HOLDING,GHS,51134.21,51134.21,SBL-SOV-017052,SEC.BOND.10Y,1206,2017-03-04,2027-01-11,2027-01-11,0.3115,FIXED,51134.21,BR-001,51,GHGGB8349818
SECURITY.POSITION/3003845,SECURITY_HOLDING,GHS,86458.39,86458.39,SBL-SOV-017052,SEC.BOND.10Y,1206,2019-08-29,2029-07-07,2029-07-07,0.3101,FIXED,86458.39,BR-001,50,GHGGB7395370
SECURITY.POSITION/3003846,SECURITY_HOLDING,GHS,192744.74,192744.74,SBL-SOV-017052,SEC.BOND.10Y,1206,2022-04-08,2032-02-15,2032-02-15,0.316,FIXED,192744.74,BR-001,50,GHGGB2773182
SECURITY.POSITION/3003847,SECURITY_HOLDING,GHS,609699.12,609699.12,SBL-SOV-017052,SEC.BOND.10Y,1206,2017-07-30,2027-06-08,2027-06-08,0.3168,FIXED,609699.12,BR-001,50,GHGGB5501307
SECURITY.POSITION/3003850,SECURITY_HOLDING,GHS,178050.38,178050.38,SBL-SOV-017052,SEC.BOND.10Y,1206,2019-11-05,2029-09-13,2029-09-13,0.3037,FIXED,178050.38,BR-001,50,GHGGB9901050
SECURITY.POSITION/3003852,SECURITY_HOLDING,GHS,89598.86,89598.86,SBL-SOV-017052,SEC.BOND.10Y,1206,2021-09-01,2031-07-11,2031-07-11,0.3133,FIXED,89598.86,BR-001,50,GHGGB6958545
SECURITY.POSITION/3003853,SECURITY_HOLDING,GHS,337288.30,337288.30,SBL-SOV-017052,SEC.BOND.10Y,1206,2018-04-27,2028-03-05,2028-03-05,0.3094,FIXED,337288.30,BR-001,50,GHGGB7171438
SECURITY.POSITION/3003855,SECURITY_HOLDING,GHS,218383.88,218383.88,SBL-SOV-017052,SEC.BOND.10Y,1206,2021-01-14,2030-11-23,2030-11-23,0.3094,FIXED,218383.88,BR-001,50,GHGGB9609094
SECURITY.POSITION/3003895,SECURITY_HOLDING,GHS,399054.65,399054.65,SBL-SOV-017052,SEC.BOND.5Y,1205,2021-08-10,2026-07-15,2026-07-15,0.3271,FIXED,399054.65,BR-001,49,GHGGB8882233
SECURITY.POSITION/3003896,SECURITY_HOLDING,GHS,124275.61,124275.61,SBL-SOV-017052,SEC.BOND.5Y,1205,2021-12-30,2026-12-04,2026-12-04,0.3219,FIXED,124275.61,BR-001,49,GHGGB2110385
SECURITY.POSITION/3003899,SECURITY_HOLDING,GHS,238065.17,238065.17,SBL-SOV-017052,SEC.BOND.5Y,1205,2022-05-17,2027-04-21,2027-04-21,0.3225,FIXED,238065.17,BR-001,49,GHGGB1550858
SECURITY.POSITION/3003903,SECURITY_HOLDING,GHS,162283.85,162283.85,SBL-SOV-017052,SEC.BOND.5Y,1205,2021-12-14,2026-11-18,2026-11-18,0.3232,FIXED,162283.85,BR-001,49,GHGGB2491633
SECURITY.POSITION/3003906,SECURITY_HOLDING,GHS,8191.97,8191.97,SBL-SOV-017052,SEC.BOND.10Y,1206,2020-10-21,2030-08-30,2030-08-30,0.3163,FIXED,8191.97,BR-001,49,GHGGB6372151
SECURITY.POSITION/3003907,SECURITY_HOLDING,GHS,229359.16,229359.16,SBL-SOV-017052,SEC.BOND.10Y,1206,2020-07-27,2030-06-05,2030-06-05,0.3147,FIXED,229359.16,BR-001,49,GHGGB1390416
SECURITY.POSITION/3003908,SECURITY_HOLDING,GHS,7383.97,7383.97,SBL-SOV-017052,SEC.BOND.10Y,1206,2021-05-21,2031-03-30,2031-03-30,0.3113,FIXED,7383.97,BR-001,49,GHGGB8917258
SECURITY.POSITION/3003909,SECURITY_HOLDING,GHS,47081.78,47081.78,SBL-SOV-017052,SEC.BOND.10Y,1206,2021-03-23,2031-01-30,2031-01-30,0.308,FIXED,47081.78,BR-001,49,GHGGB3625514
SECURITY.POSITION/3003911,SECURITY_HOLDING,GHS,125434.46,125434.46,SBL-SOV-017052,SEC.BOND.10Y,1206,2017-12-01,2027-10-10,2027-10-10,0.3111,FIXED,125434.46,BR-001,49,GHGGB2877439
SECURITY.POSITION/3003954,SECURITY_HOLDING,GHS,102010.82,102010.82,SBL-SOV-017052,SEC.BOND.5Y,1205,2022-02-15,2027-01-20,2027-01-20,0.3255,FIXED,102010.82,BR-001,48,GHGGB9662928
SECURITY.POSITION/3003962,SECURITY_HOLDING,GHS,319530.71,319530.71,SBL-SOV-017052,SEC.BOND.5Y,1205,2021-11-13,2026-10-18,2026-10-18,0.3274,FIXED,319530.71,BR-001,48,GHGGB6817613
SECURITY.POSITION/3003964,SECURITY_HOLDING,GHS,27185.39,27185.39,SBL-SOV-017052,SEC.BOND.10Y,1206,2022-04-25,2032-03-03,2032-03-03,0.3105,FIXED,27185.39,BR-001,48,GHGGB3459235
SECURITY.POSITION/3003965,SECURITY_HOLDING,GHS,50061.26,50061.26,SBL-SOV-017052,SEC.BOND.10Y,1206,2020-05-31,2030-04-09,2030-04-09,0.3101,FIXED,50061.26,BR-001,48,GHGGB7703012
SECURITY.POSITION/3003966,SECURITY_HOLDING,GHS,28529.46,28529.46,SBL-SOV-017052,SEC.BOND.10Y,1206,2017-06-04,2027-04-13,2027-04-13,0.3119,FIXED,28529.46,BR-001,48,GHGGB7418370
SECURITY.POSITION/3003967,SECURITY_HOLDING,GHS,27802.87,27802.87,SBL-SOV-017052,SEC.BOND.10Y,1206,2018-04-21,2028-02-28,2028-02-28,0.3141,FIXED,27802.87,BR-001,48,GHGGB1305694
SECURITY.POSITION/3003968,SECURITY_HOLDING,GHS,7283.90,7283.90,SBL-SOV-017052,SEC.BOND.10Y,1206,2021-08-05,2031-06-14,2031-06-14,0.3148,FIXED,7283.90,BR-001,48,GHGGB4934036
SECURITY.POSITION/3003969,SECURITY_HOLDING,GHS,11061.10,11061.10,SBL-SOV-017052,SEC.BOND.10Y,1206,2019-08-08,2029-06-16,2029-06-16,0.312,FIXED,11061.10,BR-001,48,GHGGB6244781
SECURITY.POSITION/3003970,SECURITY_HOLDING,GHS,45137.06,45137.06,SBL-SOV-017052,SEC.BOND.10Y,1206,2019-08-09,2029-06-17,2029-06-17,0.3029,FIXED,45137.06,BR-001,48,GHGGB3273911
SECURITY.POSITION/3004056,SECURITY_HOLDING,GHS,180529.74,180529.74,SBL-SOV-017052,SEC.BOND.5Y,1205,2022-02-26,2027-01-31,2027-01-31,0.3168,FIXED,180529.74,BR-001,46,GHGGB2323883
SECURITY.POSITION/3004063,SECURITY_HOLDING,GHS,196043.47,196043.47,SBL-SOV-017052,SEC.BOND.10Y,1206,2019-05-03,2029-03-11,2029-03-11,0.3136,FIXED,196043.47,BR-001,46,GHGGB5306846
SECURITY.POSITION/3004064,SECURITY_HOLDING,GHS,330825.29,330825.29,SBL-SOV-017052,SEC.BOND.10Y,1206,2019-05-13,2029-03-21,2029-03-21,0.3108,FIXED,330825.29,BR-001,46,GHGGB5799367
SECURITY.POSITION/3004065,SECURITY_HOLDING,GHS,223821.55,223821.55,SBL-SOV-017052,SEC.BOND.10Y,1206,2022-08-14,2032-06-22,2032-06-22,0.3161,FIXED,223821.55,BR-001,46,GHGGB9188198
SECURITY.POSITION/3004066,SECURITY_HOLDING,GHS,112070.10,112070.10,SBL-SOV-017052,SEC.BOND.10Y,1206,2020-05-25,2030-04-03,2030-04-03,0.3104,FIXED,112070.10,BR-001,46,GHGGB3476945
SECURITY.POSITION/3004067,SECURITY_HOLDING,GHS,160567.15,160567.15,SBL-SOV-017052,SEC.BOND.10Y,1206,2016-12-15,2026-10-24,2026-10-24,0.3139,FIXED,160567.15,BR-001,46,GHGGB7599346
SECURITY.POSITION/3004068,SECURITY_HOLDING,GHS,398618.66,398618.66,SBL-SOV-017052,SEC.BOND.10Y,1206,2017-02-26,2027-01-05,2027-01-05,0.3113,FIXED,398618.66,BR-001,46,GHGGB5063860
SECURITY.POSITION/3004069,SECURITY_HOLDING,GHS,178488.53,178488.53,SBL-SOV-017052,SEC.BOND.10Y,1206,2020-03-12,2030-01-19,2030-01-19,0.3096,FIXED,178488.53,BR-001,46,GHGGB5363014
SECURITY.POSITION/3004113,SECURITY_HOLDING,GHS,26399.10,26399.10,SBL-SOV-017052,SEC.BOND.5Y,1205,2022-06-17,2027-05-22,2027-05-22,0.3274,FIXED,26399.10,BR-001,45,GHGGB2701012
SECURITY.POSITION/3004120,SECURITY_HOLDING,GHS,586194.23,586194.23,SBL-SOV-017052,SEC.BOND.5Y,1205,2022-04-05,2027-03-10,2027-03-10,0.328,FIXED,586194.23,BR-001,45,GHGGB7187439
SECURITY.POSITION/3004122,SECURITY_HOLDING,GHS,507.15,507.15,SBL-SOV-017052,SEC.BOND.10Y,1206,2018-09-16,2028-07-25,2028-07-25,0.3179,FIXED,507.15,BR-001,45,GHGGB6391334
SECURITY.POSITION/3004124,SECURITY_HOLDING,GHS,1737.23,1737.23,SBL-SOV-017052,SEC.BOND.10Y,1206,2022-09-11,2032-07-20,2032-07-20,0.318,FIXED,1737.23,BR-001,45,GHGGB1667504
SECURITY.POSITION/3004126,SECURITY_HOLDING,GHS,298.48,298.48,SBL-SOV-017052,SEC.BOND.10Y,1206,2019-01-13,2028-11-21,2028-11-21,0.3236,FIXED,298.48,BR-001,45,GHGGB1864401
SECURITY.POSITION/3004129,SECURITY_HOLDING,GHS,1593.41,1593.41,SBL-SOV-017052,SEC.BOND.10Y,1206,2019-08-15,2029-06-23,2029-06-23,0.3139,FIXED,1593.41,BR-001,45,GHGGB2151658
SECURITY.POSITION/3004131,SECURITY_HOLDING,GHS,239.01,239.01,SBL-SOV-017052,SEC.BOND.10Y,1206,2018-11-08,2028-09-16,2028-09-16,0.3146,FIXED,239.01,BR-001,45,GHGGB5431762
SECURITY.POSITION/3004169,SECURITY_HOLDING,GHS,45816.39,45816.39,SBL-SOV-017052,SEC.BOND.5Y,1205,2022-05-30,2027-05-04,2027-05-04,0.3205,FIXED,45816.39,BR-001,44,GHGGB1590882
SECURITY.POSITION/3004170,SECURITY_HOLDING,GHS,17459.84,17459.84,SBL-SOV-017052,SEC.BOND.5Y,1205,2022-08-04,2027-07-09,2027-07-09,0.3253,FIXED,17459.84,BR-001,44,GHGGB2887167
SECURITY.POSITION/3004175,SECURITY_HOLDING,GHS,72551.39,72551.39,SBL-SOV-017052,SEC.BOND.5Y,1205,2021-11-30,2026-11-04,2026-11-04,0.3214,FIXED,72551.39,BR-001,44,GHGGB3441861
SECURITY.POSITION/3004182,SECURITY_HOLDING,GHS,279577.07,279577.07,SBL-SOV-017052,SEC.BOND.10Y,1206,2017-09-23,2027-08-02,2027-08-02,0.3182,FIXED,279577.07,BR-001,44,GHGGB6821253
SECURITY.POSITION/3004183,SECURITY_HOLDING,GHS,201967.94,201967.94,SBL-SOV-017052,SEC.BOND.10Y,1206,2021-05-18,2031-03-27,2031-03-27,0.315,FIXED,201967.94,BR-001,44,GHGGB9321278
SECURITY.POSITION/3004184,SECURITY_HOLDING,GHS,159665.96,159665.96,SBL-SOV-017052,SEC.BOND.10Y,1206,2020-03-16,2030-01-23,2030-01-23,0.316,FIXED,159665.96,BR-001,44,GHGGB4777848
SECURITY.POSITION/3004185,SECURITY_HOLDING,GHS,132199.69,132199.69,SBL-SOV-017052,SEC.BOND.10Y,1206,2017-12-14,2027-10-23,2027-10-23,0.3159,FIXED,132199.69,BR-001,44,GHGGB5445674
SECURITY.POSITION/3004186,SECURITY_HOLDING,GHS,41576.27,41576.27,SBL-SOV-017052,SEC.BOND.10Y,1206,2019-08-08,2029-06-16,2029-06-16,0.3177,FIXED,41576.27,BR-001,44,GHGGB3632957
SECURITY.POSITION/3004229,SECURITY_HOLDING,GHS,812848.25,812848.25,SBL-SOV-017052,SEC.BOND.5Y,1205,2022-10-12,2027-09-16,2027-09-16,0.3265,FIXED,812848.25,BR-001,43,GHGGB7259375
SECURITY.POSITION/3004230,SECURITY_HOLDING,GHS,33284.95,33284.95,SBL-SOV-017052,SEC.BOND.5Y,1205,2022-09-28,2027-09-02,2027-09-02,0.3297,FIXED,33284.95,BR-001,43,GHGGB4261108
SECURITY.POSITION/3004233,SECURITY_HOLDING,GHS,268745.98,268745.98,SBL-SOV-017052,SEC.BOND.5Y,1205,2021-08-05,2026-07-10,2026-07-10,0.3284,FIXED,268745.98,BR-001,43,GHGGB9069236
SECURITY.POSITION/3004235,SECURITY_HOLDING,GHS,359033.67,359033.67,SBL-SOV-017052,SEC.BOND.5Y,1205,2022-03-11,2027-02-13,2027-02-13,0.3298,FIXED,359033.67,BR-001,43,GHGGB8488063
SECURITY.POSITION/3004237,SECURITY_HOLDING,GHS,388766.59,388766.59,SBL-SOV-017052,SEC.BOND.5Y,1205,2022-06-08,2027-05-13,2027-05-13,0.3255,FIXED,388766.59,BR-001,43,GHGGB6375932
SECURITY.POSITION/3004241,SECURITY_HOLDING,GHS,162093.42,162093.42,SBL-SOV-017052,SEC.BOND.10Y,1206,2020-05-31,2030-04-09,2030-04-09,0.3134,FIXED,162093.42,BR-001,43,GHGGB2718965
SECURITY.POSITION/3004242,SECURITY_HOLDING,GHS,33207.17,33207.17,SBL-SOV-017052,SEC.BOND.10Y,1206,2022-03-19,2032-01-26,2032-01-26,0.3156,FIXED,33207.17,BR-001,43,GHGGB5644008
SECURITY.POSITION/3004243,SECURITY_HOLDING,GHS,143226.19,143226.19,SBL-SOV-017052,SEC.BOND.10Y,1206,2016-10-19,2026-08-28,2026-08-28,0.3101,FIXED,143226.19,BR-001,43,GHGGB8950047
SECURITY.POSITION/3004244,SECURITY_HOLDING,GHS,55442.36,55442.36,SBL-SOV-017052,SEC.BOND.10Y,1206,2019-11-05,2029-09-13,2029-09-13,0.3216,FIXED,55442.36,BR-001,43,GHGGB8292325
SECURITY.POSITION/3004245,SECURITY_HOLDING,GHS,141370.51,141370.51,SBL-SOV-017052,SEC.BOND.10Y,1206,2022-09-29,2032-08-07,2032-08-07,0.3143,FIXED,141370.51,BR-001,43,GHGGB6079134
SECURITY.POSITION/3004246,SECURITY_HOLDING,GHS,26592.23,26592.23,SBL-SOV-017052,SEC.BOND.10Y,1206,2020-11-24,2030-10-03,2030-10-03,0.3128,FIXED,26592.23,BR-001,43,GHGGB8673073
SECURITY.POSITION/3004288,SECURITY_HOLDING,GHS,1166665.99,1166665.99,SBL-SOV-017052,SEC.BOND.5Y,1205,2022-05-24,2027-04-28,2027-04-28,0.3261,FIXED,1166665.99,BR-001,42,GHGGB2931567
SECURITY.POSITION/3004295,SECURITY_HOLDING,GHS,33715.69,33715.69,SBL-SOV-017052,SEC.BOND.10Y,1206,2021-09-24,2031-08-03,2031-08-03,0.3257,FIXED,33715.69,BR-001,42,GHGGB4705268
SECURITY.POSITION/3004297,SECURITY_HOLDING,GHS,66091.87,66091.87,SBL-SOV-017052,SEC.BOND.10Y,1206,2021-11-27,2031-10-06,2031-10-06,0.3277,FIXED,66091.87,BR-001,42,GHGGB6361531
SECURITY.POSITION/3004299,SECURITY_HOLDING,GHS,136498.26,136498.26,SBL-SOV-017052,SEC.BOND.10Y,1206,2021-05-23,2031-04-01,2031-04-01,0.3259,FIXED,136498.26,BR-001,42,GHGGB8595631
SECURITY.POSITION/3004335,SECURITY_HOLDING,GHS,471826.53,471826.53,SBL-SOV-017052,SEC.BOND.5Y,1205,2022-12-29,2027-12-03,2027-12-03,0.323,FIXED,471826.53,BR-001,41,GHGGB7437884
SECURITY.POSITION/3004337,SECURITY_HOLDING,GHS,115431.29,115431.29,SBL-SOV-017052,SEC.BOND.5Y,1205,2021-10-03,2026-09-07,2026-09-07,0.3268,FIXED,115431.29,BR-001,41,GHGGB9867579
SECURITY.POSITION/3004339,SECURITY_HOLDING,GHS,19495.78,19495.78,SBL-SOV-017052,SEC.BOND.10Y,1206,2016-10-25,2026-09-03,2026-09-03,0.318,FIXED,19495.78,BR-001,41,GHGGB4990518
SECURITY.POSITION/3004340,SECURITY_HOLDING,GHS,33799.61,33799.61,SBL-SOV-017052,SEC.BOND.10Y,1206,2019-04-16,2029-02-22,2029-02-22,0.3143,FIXED,33799.61,BR-001,41,GHGGB6121932
SECURITY.POSITION/3004341,SECURITY_HOLDING,GHS,19368.14,19368.14,SBL-SOV-017052,SEC.BOND.10Y,1206,2021-12-11,2031-10-20,2031-10-20,0.3201,FIXED,19368.14,BR-001,41,GHGGB7628915
SECURITY.POSITION/3004342,SECURITY_HOLDING,GHS,14936.94,14936.94,SBL-SOV-017052,SEC.BOND.10Y,1206,2022-07-25,2032-06-02,2032-06-02,0.3151,FIXED,14936.94,BR-001,41,GHGGB2663579
SECURITY.POSITION/3004343,SECURITY_HOLDING,GHS,59120.80,59120.80,SBL-SOV-017052,SEC.BOND.10Y,1206,2016-11-02,2026-09-11,2026-09-11,0.3157,FIXED,59120.80,BR-001,41,GHGGB6618394
SECURITY.POSITION/3004344,SECURITY_HOLDING,GHS,61856.64,61856.64,SBL-SOV-017052,SEC.BOND.10Y,1206,2018-09-05,2028-07-14,2028-07-14,0.3149,FIXED,61856.64,BR-001,41,GHGGB4181698
SECURITY.POSITION/3004346,SECURITY_HOLDING,GHS,58887.88,58887.88,SBL-SOV-017052,SEC.BOND.10Y,1206,2022-05-27,2032-04-04,2032-04-04,0.3148,FIXED,58887.88,BR-001,41,GHGGB4475954
SECURITY.POSITION/3004348,SECURITY_HOLDING,GHS,42289.94,42289.94,SBL-SOV-017052,SEC.BOND.10Y,1206,2022-10-13,2032-08-21,2032-08-21,0.312,FIXED,42289.94,BR-001,41,GHGGB4242303
SECURITY.POSITION/3004349,SECURITY_HOLDING,GHS,89246.89,89246.89,SBL-SOV-017052,SEC.BOND.10Y,1206,2022-06-05,2032-04-13,2032-04-13,0.3169,FIXED,89246.89,BR-001,41,GHGGB7076379
SECURITY.POSITION/3004385,SECURITY_HOLDING,GHS,1995865.91,1995865.91,SBL-SOV-017052,SEC.BOND.5Y,1205,2021-12-06,2026-11-10,2026-11-10,0.3209,FIXED,1995865.91,BR-001,40,GHGGB8044776
SECURITY.POSITION/3004388,SECURITY_HOLDING,GHS,170059.83,170059.83,SBL-SOV-017052,SEC.BOND.5Y,1205,2022-08-25,2027-07-30,2027-07-30,0.3288,FIXED,170059.83,BR-001,40,GHGGB7501045
SECURITY.POSITION/3004393,SECURITY_HOLDING,GHS,41721.52,41721.52,SBL-SOV-017052,SEC.BOND.10Y,1206,2017-03-25,2027-02-01,2027-02-01,0.3136,FIXED,41721.52,BR-001,40,GHGGB1343529
SECURITY.POSITION/3004395,SECURITY_HOLDING,GHS,47315.87,47315.87,SBL-SOV-017052,SEC.BOND.10Y,1206,2020-05-03,2030-03-12,2030-03-12,0.318,FIXED,47315.87,BR-001,40,GHGGB8689057
SECURITY.POSITION/3004396,SECURITY_HOLDING,GHS,39775.25,39775.25,SBL-SOV-017052,SEC.BOND.10Y,1206,2018-03-17,2028-01-24,2028-01-24,0.3173,FIXED,39775.25,BR-001,40,GHGGB6293747
SECURITY.POSITION/3004397,SECURITY_HOLDING,GHS,52763.25,52763.25,SBL-SOV-017052,SEC.BOND.10Y,1206,2020-05-01,2030-03-10,2030-03-10,0.3172,FIXED,52763.25,BR-001,40,GHGGB5700804
SECURITY.POSITION/3004399,SECURITY_HOLDING,GHS,15007.24,15007.24,SBL-SOV-017052,SEC.BOND.10Y,1206,2019-05-30,2029-04-07,2029-04-07,0.318,FIXED,15007.24,BR-001,40,GHGGB6203253
SECURITY.POSITION/3004401,SECURITY_HOLDING,GHS,11821.26,11821.26,SBL-SOV-017052,SEC.BOND.10Y,1206,2019-10-01,2029-08-09,2029-08-09,0.3156,FIXED,11821.26,BR-001,40,GHGGB6532577
SECURITY.POSITION/3004402,SECURITY_HOLDING,GHS,24626.38,24626.38,SBL-SOV-017052,SEC.BOND.10Y,1206,2018-08-22,2028-06-30,2028-06-30,0.3127,FIXED,24626.38,BR-001,40,GHGGB9310591
SECURITY.POSITION/3004437,SECURITY_HOLDING,GHS,213134.78,213134.78,SBL-SOV-017052,SEC.BOND.5Y,1205,2022-04-20,2027-03-25,2027-03-25,0.3299,FIXED,213134.78,BR-001,39,GHGGB5940263
SECURITY.POSITION/3004444,SECURITY_HOLDING,GHS,266755.20,266755.20,SBL-SOV-017052,SEC.BOND.5Y,1205,2021-11-25,2026-10-30,2026-10-30,0.3279,FIXED,266755.20,BR-001,39,GHGGB6294453
SECURITY.POSITION/3004448,SECURITY_HOLDING,GHS,298330.67,298330.67,SBL-SOV-017052,SEC.BOND.5Y,1205,2022-06-05,2027-05-10,2027-05-10,0.3284,FIXED,298330.67,BR-001,39,GHGGB9430888
SECURITY.POSITION/3004449,SECURITY_HOLDING,GHS,34289.18,34289.18,SBL-SOV-017052,SEC.BOND.10Y,1206,2018-03-15,2028-01-22,2028-01-22,0.3212,FIXED,34289.18,BR-001,39,GHGGB6677091
SECURITY.POSITION/3004452,SECURITY_HOLDING,GHS,197233.63,197233.63,SBL-SOV-017052,SEC.BOND.10Y,1206,2018-02-07,2027-12-17,2027-12-17,0.3175,FIXED,197233.63,BR-001,39,GHGGB2407446
SECURITY.POSITION/3004453,SECURITY_HOLDING,GHS,69893.99,69893.99,SBL-SOV-017052,SEC.BOND.10Y,1206,2020-10-28,2030-09-06,2030-09-06,0.3202,FIXED,69893.99,BR-001,39,GHGGB9855265
SECURITY.POSITION/3004456,SECURITY_HOLDING,GHS,311305.22,311305.22,SBL-SOV-017052,SEC.BOND.10Y,1206,2018-10-08,2028-08-16,2028-08-16,0.3154,FIXED,311305.22,BR-001,39,GHGGB3863507
SECURITY.POSITION/3004457,SECURITY_HOLDING,GHS,44664.45,44664.45,SBL-SOV-017052,SEC.BOND.10Y,1206,2017-02-05,2026-12-15,2026-12-15,0.3175,FIXED,44664.45,BR-001,39,GHGGB7967992
SECURITY.POSITION/3004503,SECURITY_HOLDING,GHS,505498.57,505498.57,SBL-SOV-017052,SEC.BOND.5Y,1205,2021-10-15,2026-09-19,2026-09-19,0.3246,FIXED,505498.57,BR-001,38,GHGGB1150084
SECURITY.POSITION/3004506,SECURITY_HOLDING,GHS,559533.75,559533.75,SBL-SOV-017052,SEC.BOND.5Y,1205,2022-10-03,2027-09-07,2027-09-07,0.3229,FIXED,559533.75,BR-001,38,GHGGB2565473
SECURITY.POSITION/3004510,SECURITY_HOLDING,GHS,616620.03,616620.03,SBL-SOV-017052,SEC.BOND.5Y,1205,2022-01-18,2026-12-23,2026-12-23,0.3232,FIXED,616620.03,BR-001,38,GHGGB4359785
SECURITY.POSITION/3004511,SECURITY_HOLDING,GHS,243138.77,243138.77,SBL-SOV-017052,SEC.BOND.5Y,1205,2023-03-22,2028-02-24,2028-02-24,0.318,FIXED,243138.77,BR-001,38,GHGGB8991596
SECURITY.POSITION/3004512,SECURITY_HOLDING,GHS,404903.60,404903.60,SBL-SOV-017052,SEC.BOND.10Y,1206,2016-12-25,2026-11-03,2026-11-03,0.3148,FIXED,404903.60,BR-001,38,GHGGB4318185
SECURITY.POSITION/3004515,SECURITY_HOLDING,GHS,59821.16,59821.16,SBL-SOV-017052,SEC.BOND.10Y,1206,2021-11-02,2031-09-11,2031-09-11,0.3212,FIXED,59821.16,BR-001,38,GHGGB9762910
SECURITY.POSITION/3004517,SECURITY_HOLDING,GHS,90076.13,90076.13,SBL-SOV-017052,SEC.BOND.10Y,1206,2022-08-30,2032-07-08,2032-07-08,0.3161,FIXED,90076.13,BR-001,38,GHGGB1494364
SECURITY.POSITION/3004519,SECURITY_HOLDING,GHS,66806.69,66806.69,SBL-SOV-017052,SEC.BOND.10Y,1206,2016-10-02,2026-08-11,2026-08-11,0.316,FIXED,66806.69,BR-001,38,GHGGB1831913
SECURITY.POSITION/3004564,SECURITY_HOLDING,GHS,279759.35,279759.35,SBL-SOV-017052,SEC.BOND.5Y,1205,2022-04-16,2027-03-21,2027-03-21,0.3296,FIXED,279759.35,BR-001,37,GHGGB1226823
SECURITY.POSITION/3004566,SECURITY_HOLDING,GHS,190886.56,190886.56,SBL-SOV-017052,SEC.BOND.5Y,1205,2022-03-17,2027-02-19,2027-02-19,0.324,FIXED,190886.56,BR-001,37,GHGGB7769838
SECURITY.POSITION/3004567,SECURITY_HOLDING,GHS,1620937.76,1620937.76,SBL-SOV-017052,SEC.BOND.5Y,1205,2021-12-08,2026-11-12,2026-11-12,0.3207,FIXED,1620937.76,BR-001,37,GHGGB1448890
SECURITY.POSITION/3004569,SECURITY_HOLDING,GHS,170922.38,170922.38,SBL-SOV-017052,SEC.BOND.5Y,1205,2022-11-22,2027-10-27,2027-10-27,0.3297,FIXED,170922.38,BR-001,37,GHGGB9939751
SECURITY.POSITION/3004571,SECURITY_HOLDING,GHS,260933.10,260933.10,SBL-SOV-017052,SEC.BOND.5Y,1205,2022-05-28,2027-05-02,2027-05-02,0.321,FIXED,260933.10,BR-001,37,GHGGB4227890
SECURITY.POSITION/3004572,SECURITY_HOLDING,GHS,45672.01,45672.01,SBL-SOV-017052,SEC.BOND.10Y,1206,2016-12-26,2026-11-04,2026-11-04,0.3187,FIXED,45672.01,BR-001,37,GHGGB2674275
SECURITY.POSITION/3004575,SECURITY_HOLDING,GHS,68443.12,68443.12,SBL-SOV-017052,SEC.BOND.10Y,1206,2019-08-15,2029-06-23,2029-06-23,0.316,FIXED,68443.12,BR-001,37,GHGGB9992975
SECURITY.POSITION/3004576,SECURITY_HOLDING,GHS,51769.80,51769.80,SBL-SOV-017052,SEC.BOND.10Y,1206,2019-02-05,2028-12-14,2028-12-14,0.3126,FIXED,51769.80,BR-001,37,GHGGB4123578
SECURITY.POSITION/3004577,SECURITY_HOLDING,GHS,126891.53,126891.53,SBL-SOV-017052,SEC.BOND.10Y,1206,2017-11-16,2027-09-25,2027-09-25,0.318,FIXED,126891.53,BR-001,37,GHGGB1621083
SECURITY.POSITION/3004578,SECURITY_HOLDING,GHS,347690.94,347690.94,SBL-SOV-017052,SEC.BOND.10Y,1206,2019-04-04,2029-02-10,2029-02-10,0.3238,FIXED,347690.94,BR-001,37,GHGGB6955219
SECURITY.POSITION/3004579,SECURITY_HOLDING,GHS,93676.07,93676.07,SBL-SOV-017052,SEC.BOND.10Y,1206,2020-06-05,2030-04-14,2030-04-14,0.3141,FIXED,93676.07,BR-001,37,GHGGB7640518
SECURITY.POSITION/3004580,SECURITY_HOLDING,GHS,45972.00,45972.00,SBL-SOV-017052,SEC.BOND.10Y,1206,2020-10-29,2030-09-07,2030-09-07,0.3215,FIXED,45972.00,BR-001,37,GHGGB5190995
SECURITY.POSITION/3004581,SECURITY_HOLDING,GHS,166915.39,166915.39,SBL-SOV-017052,SEC.BOND.10Y,1206,2021-09-11,2031-07-21,2031-07-21,0.3213,FIXED,166915.39,BR-001,37,GHGGB2413613
SECURITY.POSITION/3004626,SECURITY_HOLDING,GHS,290527.75,290527.75,SBL-SOV-017052,SEC.BOND.5Y,1205,2022-10-07,2027-09-11,2027-09-11,0.317,FIXED,290527.75,BR-001,36,GHGGB7847081
SECURITY.POSITION/3004627,SECURITY_HOLDING,GHS,184901.60,184901.60,SBL-SOV-017052,SEC.BOND.5Y,1205,2022-10-29,2027-10-03,2027-10-03,0.3194,FIXED,184901.60,BR-001,36,GHGGB1832882
SECURITY.POSITION/3004632,SECURITY_HOLDING,GHS,69854.60,69854.60,SBL-SOV-017052,SEC.BOND.10Y,1206,2017-02-07,2026-12-17,2026-12-17,0.324,FIXED,69854.60,BR-001,36,GHGGB8431064
SECURITY.POSITION/3004634,SECURITY_HOLDING,GHS,54416.22,54416.22,SBL-SOV-017052,SEC.BOND.10Y,1206,2019-02-18,2028-12-27,2028-12-27,0.3229,FIXED,54416.22,BR-001,36,GHGGB5781303
SECURITY.POSITION/3004636,SECURITY_HOLDING,GHS,143116.50,143116.50,SBL-SOV-017052,SEC.BOND.10Y,1206,2016-09-14,2026-07-24,2026-07-24,0.3191,FIXED,143116.50,BR-001,36,GHGGB8783697
SECURITY.POSITION/3004640,SECURITY_HOLDING,GHS,52593.95,52593.95,SBL-SOV-017052,SEC.BOND.10Y,1206,2019-08-12,2029-06-20,2029-06-20,0.3188,FIXED,52593.95,BR-001,36,GHGGB6980378
SECURITY.POSITION/3004642,SECURITY_HOLDING,GHS,73692.58,73692.58,SBL-SOV-017052,SEC.BOND.10Y,1206,2018-03-08,2028-01-15,2028-01-15,0.3196,FIXED,73692.58,BR-001,36,GHGGB3964078
SECURITY.POSITION/3004692,SECURITY_HOLDING,GHS,124300.51,124300.51,SBL-SOV-017052,SEC.BOND.5Y,1205,2022-11-04,2027-10-09,2027-10-09,0.3268,FIXED,124300.51,BR-001,35,GHGGB7610017
SECURITY.POSITION/3004694,SECURITY_HOLDING,GHS,325155.31,325155.31,SBL-SOV-017052,SEC.BOND.5Y,1205,2022-11-16,2027-10-21,2027-10-21,0.3196,FIXED,325155.31,BR-001,35,GHGGB6025800
SECURITY.POSITION/3004695,SECURITY_HOLDING,GHS,305528.89,305528.89,SBL-SOV-017052,SEC.BOND.5Y,1205,2022-03-13,2027-02-15,2027-02-15,0.3195,FIXED,305528.89,BR-001,35,GHGGB6291242
SECURITY.POSITION/3004702,SECURITY_HOLDING,GHS,229140.25,229140.25,SBL-SOV-017052,SEC.BOND.10Y,1206,2020-04-27,2030-03-06,2030-03-06,0.3151,FIXED,229140.25,BR-001,35,GHGGB2815764
SECURITY.POSITION/3004703,SECURITY_HOLDING,GHS,447082.49,447082.49,SBL-SOV-017052,SEC.BOND.10Y,1206,2018-12-07,2028-10-15,2028-10-15,0.3131,FIXED,447082.49,BR-001,35,GHGGB4791506
SECURITY.POSITION/3004704,SECURITY_HOLDING,GHS,260735.66,260735.66,SBL-SOV-017052,SEC.BOND.10Y,1206,2021-03-30,2031-02-06,2031-02-06,0.3111,FIXED,260735.66,BR-001,35,GHGGB7090363
SECURITY.POSITION/3004705,SECURITY_HOLDING,GHS,105910.20,105910.20,SBL-SOV-017052,SEC.BOND.10Y,1206,2016-09-15,2026-07-25,2026-07-25,0.3128,FIXED,105910.20,BR-001,35,GHGGB2223191
SECURITY.POSITION/3004707,SECURITY_HOLDING,GHS,224526.37,224526.37,SBL-SOV-017052,SEC.BOND.10Y,1206,2021-03-16,2031-01-23,2031-01-23,0.3179,FIXED,224526.37,BR-001,35,GHGGB6556569
SECURITY.POSITION/3004749,SECURITY_HOLDING,GHS,125675.34,125675.34,SBL-SOV-017052,SEC.BOND.5Y,1205,2023-05-02,2028-04-05,2028-04-05,0.3255,FIXED,125675.34,BR-001,34,GHGGB1194532
SECURITY.POSITION/3004750,SECURITY_HOLDING,GHS,271869.44,271869.44,SBL-SOV-017052,SEC.BOND.5Y,1205,2023-03-08,2028-02-10,2028-02-10,0.3269,FIXED,271869.44,BR-001,34,GHGGB2866912
SECURITY.POSITION/3004751,SECURITY_HOLDING,GHS,437375.80,437375.80,SBL-SOV-017052,SEC.BOND.5Y,1205,2023-06-25,2028-05-29,2028-05-29,0.3234,FIXED,437375.80,BR-001,34,GHGGB1151891
SECURITY.POSITION/3004752,SECURITY_HOLDING,GHS,337341.28,337341.28,SBL-SOV-017052,SEC.BOND.5Y,1205,2022-07-19,2027-06-23,2027-06-23,0.3292,FIXED,337341.28,BR-001,34,GHGGB9436385
SECURITY.POSITION/3004756,SECURITY_HOLDING,GHS,238762.98,238762.98,SBL-SOV-017052,SEC.BOND.5Y,1205,2023-03-01,2028-02-03,2028-02-03,0.3226,FIXED,238762.98,BR-001,34,GHGGB5630153
SECURITY.POSITION/3004760,SECURITY_HOLDING,GHS,24497.57,24497.57,SBL-SOV-017052,SEC.BOND.10Y,1206,2016-11-27,2026-10-06,2026-10-06,0.3206,FIXED,24497.57,BR-001,34,GHGGB3570041
SECURITY.POSITION/3004761,SECURITY_HOLDING,GHS,33237.17,33237.17,SBL-SOV-017052,SEC.BOND.10Y,1206,2020-04-01,2030-02-08,2030-02-08,0.3225,FIXED,33237.17,BR-001,34,GHGGB9082613
SECURITY.POSITION/3004762,SECURITY_HOLDING,GHS,48581.34,48581.34,SBL-SOV-017052,SEC.BOND.10Y,1206,2017-08-23,2027-07-02,2027-07-02,0.3199,FIXED,48581.34,BR-001,34,GHGGB8947844
SECURITY.POSITION/3004763,SECURITY_HOLDING,GHS,28770.81,28770.81,SBL-SOV-017052,SEC.BOND.10Y,1206,2021-09-13,2031-07-23,2031-07-23,0.3215,FIXED,28770.81,BR-001,34,GHGGB3166540
SECURITY.POSITION/3004765,SECURITY_HOLDING,GHS,113159.51,113159.51,SBL-SOV-017052,SEC.BOND.10Y,1206,2017-11-19,2027-09-28,2027-09-28,0.3172,FIXED,113159.51,BR-001,34,GHGGB2945055
SECURITY.POSITION/3004766,SECURITY_HOLDING,GHS,75583.79,75583.79,SBL-SOV-017052,SEC.BOND.10Y,1206,2019-09-21,2029-07-30,2029-07-30,0.3186,FIXED,75583.79,BR-001,34,GHGGB5896281
SECURITY.POSITION/3004767,SECURITY_HOLDING,GHS,14582.88,14582.88,SBL-SOV-017052,SEC.BOND.10Y,1206,2021-03-06,2031-01-13,2031-01-13,0.3211,FIXED,14582.88,BR-001,34,GHGGB2008186
SECURITY.POSITION/3004768,SECURITY_HOLDING,GHS,69378.08,69378.08,SBL-SOV-017052,SEC.BOND.10Y,1206,2020-06-14,2030-04-23,2030-04-23,0.3215,FIXED,69378.08,BR-001,34,GHGGB6370574
SECURITY.POSITION/3004769,SECURITY_HOLDING,GHS,60356.65,60356.65,SBL-SOV-017052,SEC.BOND.10Y,1206,2020-07-30,2030-06-08,2030-06-08,0.3218,FIXED,60356.65,BR-001,34,GHGGB1334769
SECURITY.POSITION/3004812,SECURITY_HOLDING,GHS,249453.65,249453.65,SBL-SOV-017052,SEC.BOND.5Y,1205,2022-04-15,2027-03-20,2027-03-20,0.2588,FIXED,249453.65,BR-001,33,GHGGB9925671
SECURITY.POSITION/3004816,SECURITY_HOLDING,GHS,499506.35,499506.35,SBL-SOV-017052,SEC.BOND.5Y,1205,2022-06-16,2027-05-21,2027-05-21,0.2579,FIXED,499506.35,BR-001,33,GHGGB2107221
SECURITY.POSITION/3004817,SECURITY_HOLDING,GHS,223612.84,223612.84,SBL-SOV-017052,SEC.BOND.5Y,1205,2023-05-24,2028-04-27,2028-04-27,0.2583,FIXED,223612.84,BR-001,33,GHGGB2049964
SECURITY.POSITION/3004819,SECURITY_HOLDING,GHS,648480.64,648480.64,SBL-SOV-017052,SEC.BOND.5Y,1205,2021-11-13,2026-10-18,2026-10-18,0.2557,FIXED,648480.64,BR-001,33,GHGGB2562134
SECURITY.POSITION/3004820,SECURITY_HOLDING,GHS,298066.96,298066.96,SBL-SOV-017052,SEC.BOND.5Y,1205,2022-08-24,2027-07-29,2027-07-29,0.2633,FIXED,298066.96,BR-001,33,GHGGB4347447
SECURITY.POSITION/3004824,SECURITY_HOLDING,GHS,52295.66,52295.66,SBL-SOV-017052,SEC.BOND.10Y,1206,2017-01-03,2026-11-12,2026-11-12,0.2678,FIXED,52295.66,BR-001,33,GHGGB3952162
SECURITY.POSITION/3004825,SECURITY_HOLDING,GHS,341743.56,341743.56,SBL-SOV-017052,SEC.BOND.10Y,1206,2019-07-27,2029-06-04,2029-06-04,0.2699,FIXED,341743.56,BR-001,33,GHGGB3182131
SECURITY.POSITION/3004826,SECURITY_HOLDING,GHS,41762.23,41762.23,SBL-SOV-017052,SEC.BOND.10Y,1206,2019-10-17,2029-08-25,2029-08-25,0.271,FIXED,41762.23,BR-001,33,GHGGB2241651
SECURITY.POSITION/3004827,SECURITY_HOLDING,GHS,41880.56,41880.56,SBL-SOV-017052,SEC.BOND.10Y,1206,2017-07-03,2027-05-12,2027-05-12,0.2683,FIXED,41880.56,BR-001,33,GHGGB6765895
SECURITY.POSITION/3004828,SECURITY_HOLDING,GHS,146203.91,146203.91,SBL-SOV-017052,SEC.BOND.10Y,1206,2017-12-17,2027-10-26,2027-10-26,0.267,FIXED,146203.91,BR-001,33,GHGGB7388167
SECURITY.POSITION/3004829,SECURITY_HOLDING,GHS,542846.70,542846.70,SBL-SOV-017052,SEC.BOND.10Y,1206,2021-11-24,2031-10-03,2031-10-03,0.2666,FIXED,542846.70,BR-001,33,GHGGB1337257
SECURITY.POSITION/3004830,SECURITY_HOLDING,GHS,192552.09,192552.09,SBL-SOV-017052,SEC.BOND.10Y,1206,2020-06-17,2030-04-26,2030-04-26,0.2696,FIXED,192552.09,BR-001,33,GHGGB8480860
SECURITY.POSITION/3004866,SECURITY_HOLDING,GHS,410308.36,410308.36,SBL-SOV-017052,SEC.BOND.5Y,1205,2022-08-08,2027-07-13,2027-07-13,0.2573,FIXED,410308.36,BR-001,32,GHGGB3985466
SECURITY.POSITION/3004870,SECURITY_HOLDING,GHS,770574.52,770574.52,SBL-SOV-017052,SEC.BOND.5Y,1205,2022-10-17,2027-09-21,2027-09-21,0.2589,FIXED,770574.52,BR-001,32,GHGGB6041285
SECURITY.POSITION/3004871,SECURITY_HOLDING,GHS,1571979.28,1571979.28,SBL-SOV-017052,SEC.BOND.5Y,1205,2023-04-04,2028-03-08,2028-03-08,0.2571,FIXED,1571979.28,BR-001,32,GHGGB6698894
SECURITY.POSITION/3004873,SECURITY_HOLDING,GHS,361396.92,361396.92,SBL-SOV-017052,SEC.BOND.5Y,1205,2023-06-26,2028-05-30,2028-05-30,0.252,FIXED,361396.92,BR-001,32,GHGGB1481522
SECURITY.POSITION/3004874,SECURITY_HOLDING,GHS,378392.48,378392.48,SBL-SOV-017052,SEC.BOND.5Y,1205,2022-04-28,2027-04-02,2027-04-02,0.2522,FIXED,378392.48,BR-001,32,GHGGB4516126
SECURITY.POSITION/3004876,SECURITY_HOLDING,GHS,366866.01,366866.01,SBL-SOV-017052,SEC.BOND.10Y,1206,2017-03-26,2027-02-02,2027-02-02,0.267,FIXED,366866.01,BR-001,32,GHGGB6854526
SECURITY.POSITION/3004877,SECURITY_HOLDING,GHS,177517.29,177517.29,SBL-SOV-017052,SEC.BOND.10Y,1206,2020-06-17,2030-04-26,2030-04-26,0.2714,FIXED,177517.29,BR-001,32,GHGGB6175697
SECURITY.POSITION/3004878,SECURITY_HOLDING,GHS,905157.76,905157.76,SBL-SOV-017052,SEC.BOND.10Y,1206,2017-12-04,2027-10-13,2027-10-13,0.2657,FIXED,905157.76,BR-001,32,GHGGB9087926
SECURITY.POSITION/3004879,SECURITY_HOLDING,GHS,171404.34,171404.34,SBL-SOV-017052,SEC.BOND.10Y,1206,2016-10-16,2026-08-25,2026-08-25,0.2698,FIXED,171404.34,BR-001,32,GHGGB3526827
SECURITY.POSITION/3004880,SECURITY_HOLDING,GHS,392306.65,392306.65,SBL-SOV-017052,SEC.BOND.10Y,1206,2016-12-02,2026-10-11,2026-10-11,0.2673,FIXED,392306.65,BR-001,32,GHGGB5568149
SECURITY.POSITION/3004881,SECURITY_HOLDING,GHS,236900.15,236900.15,SBL-SOV-017052,SEC.BOND.10Y,1206,2020-10-30,2030-09-08,2030-09-08,0.2694,FIXED,236900.15,BR-001,32,GHGGB7685463
SECURITY.POSITION/3004882,SECURITY_HOLDING,GHS,285015.76,285015.76,SBL-SOV-017052,SEC.BOND.10Y,1206,2021-11-13,2031-09-22,2031-09-22,0.2702,FIXED,285015.76,BR-001,32,GHGGB1287273
SECURITY.POSITION/3004884,SECURITY_HOLDING,GHS,540619.72,540619.72,SBL-SOV-017052,SEC.BOND.10Y,1206,2019-09-15,2029-07-24,2029-07-24,0.2622,FIXED,540619.72,BR-001,32,GHGGB8867092
SECURITY.POSITION/3004918,SECURITY_HOLDING,GHS,216088.75,216088.75,SBL-SOV-017052,SEC.BOND.5Y,1205,2022-03-05,2027-02-07,2027-02-07,0.2582,FIXED,216088.75,BR-001,31,GHGGB5684250
SECURITY.POSITION/3004921,SECURITY_HOLDING,GHS,238412.75,238412.75,SBL-SOV-017052,SEC.BOND.5Y,1205,2023-07-28,2028-07-01,2028-07-01,0.2526,FIXED,238412.75,BR-001,31,GHGGB9355779
SECURITY.POSITION/3004923,SECURITY_HOLDING,GHS,373045.39,373045.39,SBL-SOV-017052,SEC.BOND.5Y,1205,2022-05-14,2027-04-18,2027-04-18,0.2576,FIXED,373045.39,BR-001,31,GHGGB3464969
SECURITY.POSITION/3004925,SECURITY_HOLDING,GHS,292246.89,292246.89,SBL-SOV-017052,SEC.BOND.5Y,1205,2022-02-06,2027-01-11,2027-01-11,0.2517,FIXED,292246.89,BR-001,31,GHGGB9281779
SECURITY.POSITION/3004926,SECURITY_HOLDING,GHS,289270.65,289270.65,SBL-SOV-017052,SEC.BOND.5Y,1205,2023-02-10,2028-01-15,2028-01-15,0.2466,FIXED,289270.65,BR-001,31,GHGGB4531023
SECURITY.POSITION/3004928,SECURITY_HOLDING,GHS,457870.40,457870.40,SBL-SOV-017052,SEC.BOND.5Y,1205,2021-12-18,2026-11-22,2026-11-22,0.2469,FIXED,457870.40,BR-001,31,GHGGB1191811
SECURITY.POSITION/3004934,SECURITY_HOLDING,GHS,90720.40,90720.40,SBL-SOV-017052,SEC.BOND.10Y,1206,2023-07-22,2033-05-30,2033-05-30,0.2676,FIXED,90720.40,BR-001,31,GHGGB4318423
SECURITY.POSITION/3004935,SECURITY_HOLDING,GHS,84780.29,84780.29,SBL-SOV-017052,SEC.BOND.10Y,1206,2022-08-19,2032-06-27,2032-06-27,0.2654,FIXED,84780.29,BR-001,31,GHGGB8056802
SECURITY.POSITION/3004936,SECURITY_HOLDING,GHS,36972.03,36972.03,SBL-SOV-017052,SEC.BOND.10Y,1206,2023-07-07,2033-05-15,2033-05-15,0.2649,FIXED,36972.03,BR-001,31,GHGGB2204883
SECURITY.POSITION/3004937,SECURITY_HOLDING,GHS,26642.61,26642.61,SBL-SOV-017052,SEC.BOND.10Y,1206,2017-09-22,2027-08-01,2027-08-01,0.273,FIXED,26642.61,BR-001,31,GHGGB5750618
SECURITY.POSITION/3004985,SECURITY_HOLDING,GHS,53968.20,53968.20,SBL-SOV-017052,SEC.BOND.5Y,1205,2022-09-29,2027-09-03,2027-09-03,0.2645,FIXED,53968.20,BR-001,30,GHGGB9851305
SECURITY.POSITION/3004986,SECURITY_HOLDING,GHS,302685.77,302685.77,SBL-SOV-017052,SEC.BOND.5Y,1205,2021-08-22,2026-07-27,2026-07-27,0.259,FIXED,302685.77,BR-001,30,GHGGB3791410
SECURITY.POSITION/3004987,SECURITY_HOLDING,GHS,207131.12,207131.12,SBL-SOV-017052,SEC.BOND.5Y,1205,2023-03-25,2028-02-27,2028-02-27,0.2664,FIXED,207131.12,BR-001,30,GHGGB4855794
SECURITY.POSITION/3004988,SECURITY_HOLDING,GHS,445178.01,445178.01,SBL-SOV-017052,SEC.BOND.5Y,1205,2021-08-24,2026-07-29,2026-07-29,0.2614,FIXED,445178.01,BR-001,30,GHGGB3432168
SECURITY.POSITION/3004990,SECURITY_HOLDING,GHS,173489.16,173489.16,SBL-SOV-017052,SEC.BOND.5Y,1205,2023-05-23,2028-04-26,2028-04-26,0.2597,FIXED,173489.16,BR-001,30,GHGGB7458286
SECURITY.POSITION/3004993,SECURITY_HOLDING,GHS,163792.41,163792.41,SBL-SOV-017052,SEC.BOND.5Y,1205,2023-04-05,2028-03-09,2028-03-09,0.2593,FIXED,163792.41,BR-001,30,GHGGB1851507
SECURITY.POSITION/3004994,SECURITY_HOLDING,GHS,172842.51,172842.51,SBL-SOV-017052,SEC.BOND.5Y,1205,2022-03-14,2027-02-16,2027-02-16,0.2656,FIXED,172842.51,BR-001,30,GHGGB5910583
SECURITY.POSITION/3004995,SECURITY_HOLDING,GHS,385162.09,385162.09,SBL-SOV-017052,SEC.BOND.5Y,1205,2023-10-10,2028-09-13,2028-09-13,0.2621,FIXED,385162.09,BR-001,30,GHGGB8102223
SECURITY.POSITION/3004998,SECURITY_HOLDING,GHS,53529.12,53529.12,SBL-SOV-017052,SEC.BOND.10Y,1206,2023-01-15,2032-11-23,2032-11-23,0.2648,FIXED,53529.12,BR-001,30,GHGGB6879202
SECURITY.POSITION/3004999,SECURITY_HOLDING,GHS,46909.42,46909.42,SBL-SOV-017052,SEC.BOND.10Y,1206,2018-01-28,2027-12-07,2027-12-07,0.2718,FIXED,46909.42,BR-001,30,GHGGB8633102
SECURITY.POSITION/3005000,SECURITY_HOLDING,GHS,40279.46,40279.46,SBL-SOV-017052,SEC.BOND.10Y,1206,2018-04-22,2028-02-29,2028-02-29,0.2686,FIXED,40279.46,BR-001,30,GHGGB3460682
SECURITY.POSITION/3005001,SECURITY_HOLDING,GHS,69583.90,69583.90,SBL-SOV-017052,SEC.BOND.10Y,1206,2023-07-05,2033-05-13,2033-05-13,0.267,FIXED,69583.90,BR-001,30,GHGGB4193175
SECURITY.POSITION/3005003,SECURITY_HOLDING,GHS,62179.86,62179.86,SBL-SOV-017052,SEC.BOND.10Y,1206,2020-12-02,2030-10-11,2030-10-11,0.269,FIXED,62179.86,BR-001,30,GHGGB9293256
SECURITY.POSITION/3005005,SECURITY_HOLDING,GHS,80032.73,80032.73,SBL-SOV-017052,SEC.BOND.10Y,1206,2021-07-08,2031-05-17,2031-05-17,0.2659,FIXED,80032.73,BR-001,30,GHGGB8347162
SECURITY.POSITION/3005045,SECURITY_HOLDING,GHS,932581.77,932581.77,SBL-SOV-017052,SEC.BOND.5Y,1205,2022-11-25,2027-10-30,2027-10-30,0.2581,FIXED,932581.77,BR-001,29,GHGGB7154019
SECURITY.POSITION/3005046,SECURITY_HOLDING,GHS,766244.24,766244.24,SBL-SOV-017052,SEC.BOND.5Y,1205,2022-09-02,2027-08-07,2027-08-07,0.2564,FIXED,766244.24,BR-001,29,GHGGB4930852
SECURITY.POSITION/3005047,SECURITY_HOLDING,GHS,334527.46,334527.46,SBL-SOV-017052,SEC.BOND.5Y,1205,2022-05-04,2027-04-08,2027-04-08,0.2566,FIXED,334527.46,BR-001,29,GHGGB2373851
SECURITY.POSITION/3005048,SECURITY_HOLDING,GHS,137209.38,137209.38,SBL-SOV-017052,SEC.BOND.5Y,1205,2022-06-12,2027-05-17,2027-05-17,0.2534,FIXED,137209.38,BR-001,29,GHGGB5444998
SECURITY.POSITION/3005052,SECURITY_HOLDING,GHS,300467.45,300467.45,SBL-SOV-017052,SEC.BOND.10Y,1206,2017-03-07,2027-01-14,2027-01-14,0.2665,FIXED,300467.45,BR-001,29,GHGGB4498062
SECURITY.POSITION/3005053,SECURITY_HOLDING,GHS,192976.94,192976.94,SBL-SOV-017052,SEC.BOND.10Y,1206,2016-11-03,2026-09-12,2026-09-12,0.2716,FIXED,192976.94,BR-001,29,GHGGB7481913
SECURITY.POSITION/3005054,SECURITY_HOLDING,GHS,548552.04,548552.04,SBL-SOV-017052,SEC.BOND.10Y,1206,2019-08-15,2029-06-23,2029-06-23,0.2723,FIXED,548552.04,BR-001,29,GHGGB2960052
SECURITY.POSITION/3005055,SECURITY_HOLDING,GHS,514428.48,514428.48,SBL-SOV-017052,SEC.BOND.10Y,1206,2023-04-17,2033-02-23,2033-02-23,0.2751,FIXED,514428.48,BR-001,29,GHGGB4340014
SECURITY.POSITION/3005056,SECURITY_HOLDING,GHS,726610.40,726610.40,SBL-SOV-017052,SEC.BOND.10Y,1206,2022-06-08,2032-04-16,2032-04-16,0.2707,FIXED,726610.40,BR-001,29,GHGGB7453866
SECURITY.POSITION/3005057,SECURITY_HOLDING,GHS,180269.26,180269.26,SBL-SOV-017052,SEC.BOND.10Y,1206,2023-06-29,2033-05-07,2033-05-07,0.2675,FIXED,180269.26,BR-001,29,GHGGB5320871
SECURITY.POSITION/3005058,SECURITY_HOLDING,GHS,269030.55,269030.55,SBL-SOV-017052,SEC.BOND.10Y,1206,2018-11-29,2028-10-07,2028-10-07,0.2713,FIXED,269030.55,BR-001,29,GHGGB4281032
SECURITY.POSITION/3005060,SECURITY_HOLDING,GHS,149568.06,149568.06,SBL-SOV-017052,SEC.BOND.10Y,1206,2023-07-19,2033-05-27,2033-05-27,0.2767,FIXED,149568.06,BR-001,29,GHGGB8680117
SECURITY.POSITION/3005103,SECURITY_HOLDING,GHS,347184.63,347184.63,SBL-SOV-017052,SEC.BOND.5Y,1205,2022-09-18,2027-08-23,2027-08-23,0.2585,FIXED,347184.63,BR-001,28,GHGGB5954265
SECURITY.POSITION/3005105,SECURITY_HOLDING,GHS,1057623.91,1057623.91,SBL-SOV-017052,SEC.BOND.5Y,1205,2022-06-22,2027-05-27,2027-05-27,0.2558,FIXED,1057623.91,BR-001,28,GHGGB4278645
SECURITY.POSITION/3005107,SECURITY_HOLDING,GHS,109545.63,109545.63,SBL-SOV-017052,SEC.BOND.5Y,1205,2023-12-04,2028-11-07,2028-11-07,0.2608,FIXED,109545.63,BR-001,28,GHGGB5724839
SECURITY.POSITION/3005110,SECURITY_HOLDING,GHS,191558.01,191558.01,SBL-SOV-017052,SEC.BOND.5Y,1205,2023-07-25,2028-06-28,2028-06-28,0.2567,FIXED,191558.01,BR-001,28,GHGGB1807229
SECURITY.POSITION/3005113,SECURITY_HOLDING,GHS,71249.81,71249.81,SBL-SOV-017052,SEC.BOND.10Y,1206,2021-07-15,2031-05-24,2031-05-24,0.2629,FIXED,71249.81,BR-001,28,GHGGB9268467
SECURITY.POSITION/3005116,SECURITY_HOLDING,GHS,1010201.05,1010201.05,SBL-SOV-017052,SEC.BOND.10Y,1206,2019-07-15,2029-05-23,2029-05-23,0.2681,FIXED,1010201.05,BR-001,28,GHGGB7797232
SECURITY.POSITION/3005117,SECURITY_HOLDING,GHS,194793.32,194793.32,SBL-SOV-017052,SEC.BOND.10Y,1206,2022-05-03,2032-03-11,2032-03-11,0.2641,FIXED,194793.32,BR-001,28,GHGGB6467491
SECURITY.POSITION/3005118,SECURITY_HOLDING,GHS,851052.25,851052.25,SBL-SOV-017052,SEC.BOND.10Y,1206,2020-12-24,2030-11-02,2030-11-02,0.2631,FIXED,851052.25,BR-001,28,GHGGB9781237
SECURITY.POSITION/3005119,SECURITY_HOLDING,GHS,247999.21,247999.21,SBL-SOV-017052,SEC.BOND.10Y,1206,2019-06-19,2029-04-27,2029-04-27,0.2639,FIXED,247999.21,BR-001,28,GHGGB3691820
SECURITY.POSITION/3005120,SECURITY_HOLDING,GHS,564035.35,564035.35,SBL-SOV-017052,SEC.BOND.10Y,1206,2019-05-14,2029-03-22,2029-03-22,0.2667,FIXED,564035.35,BR-001,28,GHGGB2007041
SECURITY.POSITION/3005121,SECURITY_HOLDING,GHS,3481652.55,3481652.55,SBL-SOV-017052,SEC.BOND.10Y,1206,2021-11-16,2031-09-25,2031-09-25,0.2684,FIXED,3481652.55,BR-001,28,GHGGB5933995
SECURITY.POSITION/3005122,SECURITY_HOLDING,GHS,423845.02,423845.02,SBL-SOV-017052,SEC.BOND.10Y,1206,2021-10-06,2031-08-15,2031-08-15,0.2698,FIXED,423845.02,BR-001,28,GHGGB9824351
SECURITY.POSITION/3005123,SECURITY_HOLDING,GHS,530602.13,530602.13,SBL-SOV-017052,SEC.BOND.10Y,1206,2021-05-24,2031-04-02,2031-04-02,0.2684,FIXED,530602.13,BR-001,28,GHGGB2654219
SECURITY.POSITION/3005124,SECURITY_HOLDING,GHS,855384.76,855384.76,SBL-SOV-017052,SEC.BOND.10Y,1206,2024-01-21,2033-11-29,2033-11-29,0.2671,FIXED,855384.76,BR-001,28,GHGGB8563487
SECURITY.POSITION/3005154,SECURITY_HOLDING,GHS,139249.15,139249.15,SBL-SOV-017052,SEC.BOND.5Y,1205,2023-01-12,2027-12-17,2027-12-17,0.2563,FIXED,139249.15,BR-001,27,GHGGB1342592
SECURITY.POSITION/3005155,SECURITY_HOLDING,GHS,30973.28,30973.28,SBL-SOV-017052,SEC.BOND.5Y,1205,2021-11-29,2026-11-03,2026-11-03,0.2475,FIXED,30973.28,BR-001,27,GHGGB6696414
SECURITY.POSITION/3005156,SECURITY_HOLDING,GHS,10863.17,10863.17,SBL-SOV-017052,SEC.BOND.5Y,1205,2022-10-07,2027-09-11,2027-09-11,0.2513,FIXED,10863.17,BR-001,27,GHGGB6821557
SECURITY.POSITION/3005159,SECURITY_HOLDING,GHS,168310.46,168310.46,SBL-SOV-017052,SEC.BOND.5Y,1205,2023-04-03,2028-03-07,2028-03-07,0.2549,FIXED,168310.46,BR-001,27,GHGGB2814275
SECURITY.POSITION/3005162,SECURITY_HOLDING,GHS,134367.05,134367.05,SBL-SOV-017052,SEC.BOND.5Y,1205,2022-03-05,2027-02-07,2027-02-07,0.2452,FIXED,134367.05,BR-001,27,GHGGB4493812
SECURITY.POSITION/3005163,SECURITY_HOLDING,GHS,157805.33,157805.33,SBL-SOV-017052,SEC.BOND.5Y,1205,2023-03-22,2028-02-24,2028-02-24,0.2481,FIXED,157805.33,BR-001,27,GHGGB7128307
SECURITY.POSITION/3005166,SECURITY_HOLDING,GHS,353921.70,353921.70,SBL-SOV-017052,SEC.BOND.10Y,1206,2023-09-02,2033-07-11,2033-07-11,0.2665,FIXED,353921.70,BR-001,27,GHGGB4413442
SECURITY.POSITION/3005167,SECURITY_HOLDING,GHS,107874.50,107874.50,SBL-SOV-017052,SEC.BOND.10Y,1206,2018-11-16,2028-09-24,2028-09-24,0.2694,FIXED,107874.50,BR-001,27,GHGGB9607070
SECURITY.POSITION/3005169,SECURITY_HOLDING,GHS,64643.69,64643.69,SBL-SOV-017052,SEC.BOND.10Y,1206,2017-10-02,2027-08-11,2027-08-11,0.265,FIXED,64643.69,BR-001,27,GHGGB5509025
SECURITY.POSITION/3005170,SECURITY_HOLDING,GHS,430188.61,430188.61,SBL-SOV-017052,SEC.BOND.10Y,1206,2021-03-31,2031-02-07,2031-02-07,0.2702,FIXED,430188.61,BR-001,27,GHGGB3409322
SECURITY.POSITION/3005171,SECURITY_HOLDING,GHS,308346.83,308346.83,SBL-SOV-017052,SEC.BOND.10Y,1206,2023-01-23,2032-12-01,2032-12-01,0.2703,FIXED,308346.83,BR-001,27,GHGGB8484060
SECURITY.POSITION/3005174,SECURITY_HOLDING,GHS,686103.84,686103.84,SBL-SOV-017052,SEC.BOND.10Y,1206,2017-05-23,2027-04-01,2027-04-01,0.2633,FIXED,686103.84,BR-001,27,GHGGB9252198
SECURITY.POSITION/3005175,SECURITY_HOLDING,GHS,503893.60,503893.60,SBL-SOV-017052,SEC.BOND.10Y,1206,2019-09-28,2029-08-06,2029-08-06,0.2646,FIXED,503893.60,BR-001,27,GHGGB8570540
SECURITY.POSITION/3005177,SECURITY_HOLDING,GHS,266889.94,266889.94,SBL-SOV-017052,SEC.BOND.10Y,1206,2020-06-30,2030-05-09,2030-05-09,0.2598,FIXED,266889.94,BR-001,27,GHGGB1765322
SECURITY.POSITION/3005215,SECURITY_HOLDING,GHS,929993.83,929993.83,SBL-SOV-017052,SEC.BOND.5Y,1205,2022-07-17,2027-06-21,2027-06-21,0.2591,FIXED,929993.83,BR-001,26,GHGGB6763248
SECURITY.POSITION/3005216,SECURITY_HOLDING,GHS,1028372.79,1028372.79,SBL-SOV-017052,SEC.BOND.5Y,1205,2023-05-16,2028-04-19,2028-04-19,0.2553,FIXED,1028372.79,BR-001,26,GHGGB6062952
SECURITY.POSITION/3005217,SECURITY_HOLDING,GHS,61807.23,61807.23,SBL-SOV-017052,SEC.BOND.5Y,1205,2022-04-05,2027-03-10,2027-03-10,0.257,FIXED,61807.23,BR-001,26,GHGGB9134123
SECURITY.POSITION/3005221,SECURITY_HOLDING,GHS,707607.16,707607.16,SBL-SOV-017052,SEC.BOND.10Y,1206,2024-01-14,2033-11-22,2033-11-22,0.2691,FIXED,707607.16,BR-001,26,GHGGB8971701
SECURITY.POSITION/3005222,SECURITY_HOLDING,GHS,1236268.17,1236268.17,SBL-SOV-017052,SEC.BOND.10Y,1206,2020-02-28,2030-01-06,2030-01-06,0.2659,FIXED,1236268.17,BR-001,26,GHGGB3043611
SECURITY.POSITION/3005223,SECURITY_HOLDING,GHS,787989.96,787989.96,SBL-SOV-017052,SEC.BOND.10Y,1206,2024-01-21,2033-11-29,2033-11-29,0.2644,FIXED,787989.96,BR-001,26,GHGGB4638778
SECURITY.POSITION/3005224,SECURITY_HOLDING,GHS,465414.75,465414.75,SBL-SOV-017052,SEC.BOND.10Y,1206,2023-08-03,2033-06-11,2033-06-11,0.2696,FIXED,465414.75,BR-001,26,GHGGB5425119
SECURITY.POSITION/3005225,SECURITY_HOLDING,GHS,2233635.10,2233635.10,SBL-SOV-017052,SEC.BOND.10Y,1206,2016-12-15,2026-10-24,2026-10-24,0.267,FIXED,2233635.10,BR-001,26,GHGGB6374333
SECURITY.POSITION/3005267,SECURITY_HOLDING,GHS,382332.13,382332.13,SBL-SOV-017052,SEC.BOND.5Y,1205,2022-12-22,2027-11-26,2027-11-26,0.2643,FIXED,382332.13,BR-001,25,GHGGB5458714
SECURITY.POSITION/3005269,SECURITY_HOLDING,GHS,193478.76,193478.76,SBL-SOV-017052,SEC.BOND.5Y,1205,2023-08-31,2028-08-04,2028-08-04,0.264,FIXED,193478.76,BR-001,25,GHGGB5288404
SECURITY.POSITION/3005270,SECURITY_HOLDING,GHS,476189.91,476189.91,SBL-SOV-017052,SEC.BOND.5Y,1205,2022-03-20,2027-02-22,2027-02-22,0.2627,FIXED,476189.91,BR-001,25,GHGGB8077313
SECURITY.POSITION/3005272,SECURITY_HOLDING,GHS,53198.94,53198.94,SBL-SOV-017052,SEC.BOND.5Y,1205,2022-03-24,2027-02-26,2027-02-26,0.2578,FIXED,53198.94,BR-001,25,GHGGB1966293
SECURITY.POSITION/3005273,SECURITY_HOLDING,GHS,353114.87,353114.87,SBL-SOV-017052,SEC.BOND.5Y,1205,2022-02-07,2027-01-12,2027-01-12,0.2637,FIXED,353114.87,BR-001,25,GHGGB4500105
SECURITY.POSITION/3005274,SECURITY_HOLDING,GHS,438244.45,438244.45,SBL-SOV-017052,SEC.BOND.5Y,1205,2022-08-30,2027-08-04,2027-08-04,0.2652,FIXED,438244.45,BR-001,25,GHGGB3470970
SECURITY.POSITION/3005276,SECURITY_HOLDING,GHS,197739.20,197739.20,SBL-SOV-017052,SEC.BOND.5Y,1205,2021-08-30,2026-08-04,2026-08-04,0.2683,FIXED,197739.20,BR-001,25,GHGGB8057556
SECURITY.POSITION/3005277,SECURITY_HOLDING,GHS,399639.41,399639.41,SBL-SOV-017052,SEC.BOND.10Y,1206,2022-11-18,2032-09-26,2032-09-26,0.2704,FIXED,399639.41,BR-001,25,GHGGB5605140
SECURITY.POSITION/3005278,SECURITY_HOLDING,GHS,148733.93,148733.93,SBL-SOV-017052,SEC.BOND.10Y,1206,2024-04-05,2034-02-12,2034-02-12,0.2725,FIXED,148733.93,BR-001,25,GHGGB6010812
SECURITY.POSITION/3005280,SECURITY_HOLDING,GHS,88811.54,88811.54,SBL-SOV-017052,SEC.BOND.10Y,1206,2023-01-17,2032-11-25,2032-11-25,0.2707,FIXED,88811.54,BR-001,25,GHGGB8695419
SECURITY.POSITION/3005281,SECURITY_HOLDING,GHS,176538.01,176538.01,SBL-SOV-017052,SEC.BOND.10Y,1206,2019-04-16,2029-02-22,2029-02-22,0.2628,FIXED,176538.01,BR-001,25,GHGGB7822275
SECURITY.POSITION/3005282,SECURITY_HOLDING,GHS,196134.73,196134.73,SBL-SOV-017052,SEC.BOND.10Y,1206,2019-08-11,2029-06-19,2029-06-19,0.2688,FIXED,196134.73,BR-001,25,GHGGB6021407
SECURITY.POSITION/3005283,SECURITY_HOLDING,GHS,308885.58,308885.58,SBL-SOV-017052,SEC.BOND.10Y,1206,2019-01-09,2028-11-17,2028-11-17,0.2719,FIXED,308885.58,BR-001,25,GHGGB1479857
SECURITY.POSITION/3005284,SECURITY_HOLDING,GHS,169613.21,169613.21,SBL-SOV-017052,SEC.BOND.10Y,1206,2022-03-26,2032-02-02,2032-02-02,0.2642,FIXED,169613.21,BR-001,25,GHGGB6849094
SECURITY.POSITION/3005285,SECURITY_HOLDING,GHS,387193.39,387193.39,SBL-SOV-017052,SEC.BOND.10Y,1206,2022-07-04,2032-05-12,2032-05-12,0.2704,FIXED,387193.39,BR-001,25,GHGGB1429130
SECURITY.POSITION/3005286,SECURITY_HOLDING,GHS,249940.37,249940.37,SBL-SOV-017052,SEC.BOND.10Y,1206,2019-12-01,2029-10-09,2029-10-09,0.2674,FIXED,249940.37,BR-001,25,GHGGB5620486
SECURITY.POSITION/3005322,SECURITY_HOLDING,GHS,217755.07,217755.07,SBL-SOV-017052,SEC.BOND.5Y,1205,2022-02-27,2027-02-01,2027-02-01,0.2588,FIXED,217755.07,BR-001,24,GHGGB7674398
SECURITY.POSITION/3005325,SECURITY_HOLDING,GHS,443449.20,443449.20,SBL-SOV-017052,SEC.BOND.5Y,1205,2024-04-18,2029-03-23,2029-03-23,0.2538,FIXED,443449.20,BR-001,24,GHGGB7317157
SECURITY.POSITION/3005328,SECURITY_HOLDING,GHS,295277.33,295277.33,SBL-SOV-017052,SEC.BOND.5Y,1205,2022-01-19,2026-12-24,2026-12-24,0.2564,FIXED,295277.33,BR-001,24,GHGGB4082001
SECURITY.POSITION/3005329,SECURITY_HOLDING,GHS,481549.39,481549.39,SBL-SOV-017052,SEC.BOND.5Y,1205,2021-09-08,2026-08-13,2026-08-13,0.2634,FIXED,481549.39,BR-001,24,GHGGB6480089
SECURITY.POSITION/3005331,SECURITY_HOLDING,GHS,202607.92,202607.92,SBL-SOV-017052,SEC.BOND.5Y,1205,2022-06-21,2027-05-26,2027-05-26,0.261,FIXED,202607.92,BR-001,24,GHGGB9294530
SECURITY.POSITION/3005332,SECURITY_HOLDING,GHS,277832.63,277832.63,SBL-SOV-017052,SEC.BOND.10Y,1206,2017-12-27,2027-11-05,2027-11-05,0.2779,FIXED,277832.63,BR-001,24,GHGGB4237546
SECURITY.POSITION/3005334,SECURITY_HOLDING,GHS,121875.62,121875.62,SBL-SOV-017052,SEC.BOND.10Y,1206,2020-08-11,2030-06-20,2030-06-20,0.2647,FIXED,121875.62,BR-001,24,GHGGB2273109
SECURITY.POSITION/3005336,SECURITY_HOLDING,GHS,37785.90,37785.90,SBL-SOV-017052,SEC.BOND.10Y,1206,2022-02-12,2031-12-22,2031-12-22,0.2652,FIXED,37785.90,BR-001,24,GHGGB6625161
SECURITY.POSITION/3005337,SECURITY_HOLDING,GHS,11411.33,11411.33,SBL-SOV-017052,SEC.BOND.10Y,1206,2023-11-21,2033-09-29,2033-09-29,0.2739,FIXED,11411.33,BR-001,24,GHGGB2614432
SECURITY.POSITION/3005338,SECURITY_HOLDING,GHS,94650.72,94650.72,SBL-SOV-017052,SEC.BOND.10Y,1206,2024-05-20,2034-03-29,2034-03-29,0.2716,FIXED,94650.72,BR-001,24,GHGGB4609808
SECURITY.POSITION/3005339,SECURITY_HOLDING,GHS,108921.03,108921.03,SBL-SOV-017052,SEC.BOND.10Y,1206,2017-01-21,2026-11-30,2026-11-30,0.264,FIXED,108921.03,BR-001,24,GHGGB3849593
SECURITY.POSITION/3005340,SECURITY_HOLDING,GHS,76535.17,76535.17,SBL-SOV-017052,SEC.BOND.10Y,1206,2021-05-18,2031-03-27,2031-03-27,0.2728,FIXED,76535.17,BR-001,24,GHGGB4245070
SECURITY.POSITION/3005371,SECURITY_HOLDING,GHS,298843.24,298843.24,SBL-SOV-017052,SEC.BOND.2Y,1204,2024-07-13,2026-07-03,2026-07-03,0.2259,FIXED,298843.24,BR-001,23,GHGGB6901501
SECURITY.POSITION/3005375,SECURITY_HOLDING,GHS,670374.13,670374.13,SBL-SOV-017052,SEC.BOND.2Y,1204,2024-07-20,2026-07-10,2026-07-10,0.2272,FIXED,670374.13,BR-001,23,GHGGB4744771
SECURITY.POSITION/3005376,SECURITY_HOLDING,GHS,363616.48,363616.48,SBL-SOV-017052,SEC.BOND.5Y,1205,2021-12-14,2026-11-18,2026-11-18,0.2586,FIXED,363616.48,BR-001,23,GHGGB2020840
SECURITY.POSITION/3005379,SECURITY_HOLDING,GHS,342690.53,342690.53,SBL-SOV-017052,SEC.BOND.5Y,1205,2023-09-15,2028-08-19,2028-08-19,0.2577,FIXED,342690.53,BR-001,23,GHGGB5744249
SECURITY.POSITION/3005380,SECURITY_HOLDING,GHS,1270605.93,1270605.93,SBL-SOV-017052,SEC.BOND.5Y,1205,2022-08-26,2027-07-31,2027-07-31,0.2587,FIXED,1270605.93,BR-001,23,GHGGB5842479
SECURITY.POSITION/3005381,SECURITY_HOLDING,GHS,817225.42,817225.42,SBL-SOV-017052,SEC.BOND.5Y,1205,2023-08-03,2028-07-07,2028-07-07,0.2588,FIXED,817225.42,BR-001,23,GHGGB1643138
SECURITY.POSITION/3005383,SECURITY_HOLDING,GHS,203183.03,203183.03,SBL-SOV-017052,SEC.BOND.10Y,1206,2020-09-10,2030-07-20,2030-07-20,0.2747,FIXED,203183.03,BR-001,23,GHGGB2431112
SECURITY.POSITION/3005384,SECURITY_HOLDING,GHS,309221.19,309221.19,SBL-SOV-017052,SEC.BOND.10Y,1206,2017-03-19,2027-01-26,2027-01-26,0.2766,FIXED,309221.19,BR-001,23,GHGGB6045912
SECURITY.POSITION/3005385,SECURITY_HOLDING,GHS,41000.68,41000.68,SBL-SOV-017052,SEC.BOND.10Y,1206,2024-04-09,2034-02-16,2034-02-16,0.2653,FIXED,41000.68,BR-001,23,GHGGB6941203
SECURITY.POSITION/3005387,SECURITY_HOLDING,GHS,85304.91,85304.91,SBL-SOV-017052,SEC.BOND.10Y,1206,2022-04-05,2032-02-12,2032-02-12,0.2724,FIXED,85304.91,BR-001,23,GHGGB3175920
SECURITY.POSITION/3005388,SECURITY_HOLDING,GHS,255271.01,255271.01,SBL-SOV-017052,SEC.BOND.10Y,1206,2021-06-09,2031-04-18,2031-04-18,0.2754,FIXED,255271.01,BR-001,23,GHGGB7442064
SECURITY.POSITION/3005390,SECURITY_HOLDING,GHS,42547.26,42547.26,SBL-SOV-017052,SEC.BOND.10Y,1206,2018-02-21,2027-12-31,2027-12-31,0.2688,FIXED,42547.26,BR-001,23,GHGGB3175706
SECURITY.POSITION/3005391,SECURITY_HOLDING,GHS,42076.01,42076.01,SBL-SOV-017052,SEC.BOND.10Y,1206,2024-03-09,2034-01-16,2034-01-16,0.2727,FIXED,42076.01,BR-001,23,GHGGB3434072
SECURITY.POSITION/3005392,SECURITY_HOLDING,GHS,421133.36,421133.36,SBL-SOV-017052,SEC.BOND.10Y,1206,2024-02-03,2033-12-12,2033-12-12,0.2783,FIXED,421133.36,BR-001,23,GHGGB7110495
SECURITY.POSITION/3005393,SECURITY_HOLDING,GHS,274964.20,274964.20,SBL-SOV-017052,SEC.BOND.10Y,1206,2017-04-21,2027-02-28,2027-02-28,0.2706,FIXED,274964.20,BR-001,23,GHGGB4842960
SECURITY.POSITION/3005394,SECURITY_HOLDING,GHS,326937.81,326937.81,SBL-SOV-017052,SEC.BOND.10Y,1206,2022-03-05,2032-01-12,2032-01-12,0.2719,FIXED,326937.81,BR-001,23,GHGGB8438711
SECURITY.POSITION/3005425,SECURITY_HOLDING,GHS,890250.72,890250.72,SBL-SOV-017052,SEC.BOND.2Y,1204,2024-08-14,2026-08-04,2026-08-04,0.2255,FIXED,890250.72,BR-001,22,GHGGB1314100
SECURITY.POSITION/3005427,SECURITY_HOLDING,GHS,526918.96,526918.96,SBL-SOV-017052,SEC.BOND.2Y,1204,2024-08-27,2026-08-17,2026-08-17,0.226,FIXED,526918.96,BR-001,22,GHGGB5861659
SECURITY.POSITION/3005434,SECURITY_HOLDING,GHS,2097981.69,2097981.69,SBL-SOV-017052,SEC.BOND.5Y,1205,2022-05-04,2027-04-08,2027-04-08,0.2571,FIXED,2097981.69,BR-001,22,GHGGB1941443
SECURITY.POSITION/3005436,SECURITY_HOLDING,GHS,1756421.80,1756421.80,SBL-SOV-017052,SEC.BOND.5Y,1205,2023-06-20,2028-05-24,2028-05-24,0.2584,FIXED,1756421.80,BR-001,22,GHGGB7763501
SECURITY.POSITION/3005438,SECURITY_HOLDING,GHS,194500.11,194500.11,SBL-SOV-017052,SEC.BOND.10Y,1206,2020-10-24,2030-09-02,2030-09-02,0.2683,FIXED,194500.11,BR-001,22,GHGGB4301607
SECURITY.POSITION/3005439,SECURITY_HOLDING,GHS,277154.98,277154.98,SBL-SOV-017052,SEC.BOND.10Y,1206,2022-12-30,2032-11-07,2032-11-07,0.2681,FIXED,277154.98,BR-001,22,GHGGB3826062
SECURITY.POSITION/3005441,SECURITY_HOLDING,GHS,113613.28,113613.28,SBL-SOV-017052,SEC.BOND.10Y,1206,2021-09-06,2031-07-16,2031-07-16,0.266,FIXED,113613.28,BR-001,22,GHGGB8969766
SECURITY.POSITION/3005443,SECURITY_HOLDING,GHS,402937.47,402937.47,SBL-SOV-017052,SEC.BOND.10Y,1206,2020-05-11,2030-03-20,2030-03-20,0.2643,FIXED,402937.47,BR-001,22,GHGGB5488296
SECURITY.POSITION/3005444,SECURITY_HOLDING,GHS,242738.87,242738.87,SBL-SOV-017052,SEC.BOND.10Y,1206,2023-01-15,2032-11-23,2032-11-23,0.2635,FIXED,242738.87,BR-001,22,GHGGB2115252
SECURITY.POSITION/3005445,SECURITY_HOLDING,GHS,338698.32,338698.32,SBL-SOV-017052,SEC.BOND.10Y,1206,2023-02-28,2033-01-06,2033-01-06,0.2704,FIXED,338698.32,BR-001,22,GHGGB7556680
SECURITY.POSITION/3005448,SECURITY_HOLDING,GHS,435399.23,435399.23,SBL-SOV-017052,SEC.BOND.10Y,1206,2021-07-31,2031-06-09,2031-06-09,0.2682,FIXED,435399.23,BR-001,22,GHGGB7827225
SECURITY.POSITION/3005449,SECURITY_HOLDING,GHS,191797.43,191797.43,SBL-SOV-017052,SEC.BOND.10Y,1206,2019-03-17,2029-01-23,2029-01-23,0.2695,FIXED,191797.43,BR-001,22,GHGGB3455098
SECURITY.POSITION/3005450,SECURITY_HOLDING,GHS,858486.04,858486.04,SBL-SOV-017052,SEC.BOND.10Y,1206,2018-03-14,2028-01-21,2028-01-21,0.2619,FIXED,858486.04,BR-001,22,GHGGB4476932
SECURITY.POSITION/3005489,SECURITY_HOLDING,GHS,87372.38,87372.38,SBL-SOV-017052,SEC.BOND.5Y,1205,2024-03-14,2029-02-16,2029-02-16,0.255,FIXED,87372.38,BR-001,21,GHGGB4690632
SECURITY.POSITION/3005490,SECURITY_HOLDING,GHS,377741.73,377741.73,SBL-SOV-017052,SEC.BOND.5Y,1205,2021-09-04,2026-08-09,2026-08-09,0.2569,FIXED,377741.73,BR-001,21,GHGGB4598589
SECURITY.POSITION/3005491,SECURITY_HOLDING,GHS,457960.59,457960.59,SBL-SOV-017052,SEC.BOND.5Y,1205,2022-05-28,2027-05-02,2027-05-02,0.2518,FIXED,457960.59,BR-001,21,GHGGB1110949
SECURITY.POSITION/3005492,SECURITY_HOLDING,GHS,1005020.71,1005020.71,SBL-SOV-017052,SEC.BOND.5Y,1205,2024-01-18,2028-12-22,2028-12-22,0.256,FIXED,1005020.71,BR-001,21,GHGGB8493034
SECURITY.POSITION/3005493,SECURITY_HOLDING,GHS,862953.77,862953.77,SBL-SOV-017052,SEC.BOND.5Y,1205,2022-11-15,2027-10-20,2027-10-20,0.2563,FIXED,862953.77,BR-001,21,GHGGB4059564
SECURITY.POSITION/3005494,SECURITY_HOLDING,GHS,1452235.44,1452235.44,SBL-SOV-017052,SEC.BOND.5Y,1205,2024-01-28,2029-01-01,2029-01-01,0.2487,FIXED,1452235.44,BR-001,21,GHGGB4553441
SECURITY.POSITION/3005495,SECURITY_HOLDING,GHS,179027.29,179027.29,SBL-SOV-017052,SEC.BOND.5Y,1205,2022-06-10,2027-05-15,2027-05-15,0.2498,FIXED,179027.29,BR-001,21,GHGGB5197837
SECURITY.POSITION/3005496,SECURITY_HOLDING,GHS,205430.04,205430.04,SBL-SOV-017052,SEC.BOND.5Y,1205,2021-08-24,2026-07-29,2026-07-29,0.2578,FIXED,205430.04,BR-001,21,GHGGB6356383
SECURITY.POSITION/3005497,SECURITY_HOLDING,GHS,91481.80,91481.80,SBL-SOV-017052,SEC.BOND.10Y,1206,2021-05-14,2031-03-23,2031-03-23,0.2693,FIXED,91481.80,BR-001,21,GHGGB4734217
SECURITY.POSITION/3005498,SECURITY_HOLDING,GHS,30721.45,30721.45,SBL-SOV-017052,SEC.BOND.10Y,1206,2019-03-27,2029-02-02,2029-02-02,0.2708,FIXED,30721.45,BR-001,21,GHGGB8249511
SECURITY.POSITION/3005499,SECURITY_HOLDING,GHS,65009.57,65009.57,SBL-SOV-017052,SEC.BOND.10Y,1206,2017-11-22,2027-10-01,2027-10-01,0.2712,FIXED,65009.57,BR-001,21,GHGGB2128769
SECURITY.POSITION/3005502,SECURITY_HOLDING,GHS,65465.25,65465.25,SBL-SOV-017052,SEC.BOND.10Y,1206,2019-01-15,2028-11-23,2028-11-23,0.2679,FIXED,65465.25,BR-001,21,GHGGB1030556
SECURITY.POSITION/3005503,SECURITY_HOLDING,GHS,172016.41,172016.41,SBL-SOV-017052,SEC.BOND.10Y,1206,2017-07-18,2027-05-27,2027-05-27,0.2705,FIXED,172016.41,BR-001,21,GHGGB5602786
SECURITY.POSITION/3005505,SECURITY_HOLDING,GHS,226012.10,226012.10,SBL-SOV-017052,SEC.BOND.10Y,1206,2022-07-26,2032-06-03,2032-06-03,0.2695,FIXED,226012.10,BR-001,21,GHGGB8202937
SECURITY.POSITION/3005506,SECURITY_HOLDING,GHS,67909.56,67909.56,SBL-SOV-017052,SEC.BOND.10Y,1206,2019-11-14,2029-09-22,2029-09-22,0.2647,FIXED,67909.56,BR-001,21,GHGGB3255078
SECURITY.POSITION/3005507,SECURITY_HOLDING,GHS,27518.10,27518.10,SBL-SOV-017052,SEC.BOND.10Y,1206,2018-06-02,2028-04-10,2028-04-10,0.2719,FIXED,27518.10,BR-001,21,GHGGB7281069
SECURITY.POSITION/3005539,SECURITY_HOLDING,GHS,364412.09,364412.09,SBL-SOV-017052,SEC.BOND.2Y,1204,2024-09-18,2026-09-08,2026-09-08,0.2193,FIXED,364412.09,BR-001,20,GHGGB9473453
SECURITY.POSITION/3005543,SECURITY_HOLDING,GHS,293845.95,293845.95,SBL-SOV-017052,SEC.BOND.2Y,1204,2024-10-27,2026-10-17,2026-10-17,0.2207,FIXED,293845.95,BR-001,20,GHGGB6496880
SECURITY.POSITION/3005546,SECURITY_HOLDING,GHS,1619678.74,1619678.74,SBL-SOV-017052,SEC.BOND.2Y,1204,2024-08-10,2026-07-31,2026-07-31,0.2287,FIXED,1619678.74,BR-001,20,GHGGB9207126
SECURITY.POSITION/3005550,SECURITY_HOLDING,GHS,696053.26,696053.26,SBL-SOV-017052,SEC.BOND.5Y,1205,2023-03-21,2028-02-23,2028-02-23,0.2586,FIXED,696053.26,BR-001,20,GHGGB2484626
SECURITY.POSITION/3005551,SECURITY_HOLDING,GHS,474528.63,474528.63,SBL-SOV-017052,SEC.BOND.5Y,1205,2024-04-30,2029-04-04,2029-04-04,0.2517,FIXED,474528.63,BR-001,20,GHGGB2393581
SECURITY.POSITION/3005552,SECURITY_HOLDING,GHS,764557.18,764557.18,SBL-SOV-017052,SEC.BOND.5Y,1205,2022-08-23,2027-07-28,2027-07-28,0.2457,FIXED,764557.18,BR-001,20,GHGGB8536470
SECURITY.POSITION/3005553,SECURITY_HOLDING,GHS,906359.51,906359.51,SBL-SOV-017052,SEC.BOND.5Y,1205,2023-05-05,2028-04-08,2028-04-08,0.2513,FIXED,906359.51,BR-001,20,GHGGB5669465
SECURITY.POSITION/3005554,SECURITY_HOLDING,GHS,1329896.74,1329896.74,SBL-SOV-017052,SEC.BOND.5Y,1205,2022-02-16,2027-01-21,2027-01-21,0.2508,FIXED,1329896.74,BR-001,20,GHGGB3294421
SECURITY.POSITION/3005555,SECURITY_HOLDING,GHS,940848.17,940848.17,SBL-SOV-017052,SEC.BOND.5Y,1205,2024-10-12,2029-09-16,2029-09-16,0.2596,FIXED,940848.17,BR-001,20,GHGGB2315161
SECURITY.POSITION/3005556,SECURITY_HOLDING,GHS,243876.84,243876.84,SBL-SOV-017052,SEC.BOND.5Y,1205,2022-11-28,2027-11-02,2027-11-02,0.2618,FIXED,243876.84,BR-001,20,GHGGB6198379
SECURITY.POSITION/3005557,SECURITY_HOLDING,GHS,487098.76,487098.76,SBL-SOV-017052,SEC.BOND.10Y,1206,2016-10-25,2026-09-03,2026-09-03,0.27,FIXED,487098.76,BR-001,20,GHGGB4658133
SECURITY.POSITION/3005558,SECURITY_HOLDING,GHS,25456.47,25456.47,SBL-SOV-017052,SEC.BOND.10Y,1206,2018-12-12,2028-10-20,2028-10-20,0.2687,FIXED,25456.47,BR-001,20,GHGGB1776317
SECURITY.POSITION/3005562,SECURITY_HOLDING,GHS,160503.63,160503.63,SBL-SOV-017052,SEC.BOND.10Y,1206,2022-05-15,2032-03-23,2032-03-23,0.2729,FIXED,160503.63,BR-001,20,GHGGB2306762
SECURITY.POSITION/3005563,SECURITY_HOLDING,GHS,99387.09,99387.09,SBL-SOV-017052,SEC.BOND.10Y,1206,2021-12-18,2031-10-27,2031-10-27,0.2666,FIXED,99387.09,BR-001,20,GHGGB7397965
SECURITY.POSITION/3005564,SECURITY_HOLDING,GHS,408689.47,408689.47,SBL-SOV-017052,SEC.BOND.10Y,1206,2024-04-30,2034-03-09,2034-03-09,0.2682,FIXED,408689.47,BR-001,20,GHGGB3285052
SECURITY.POSITION/3005565,SECURITY_HOLDING,GHS,140198.59,140198.59,SBL-SOV-017052,SEC.BOND.10Y,1206,2021-09-05,2031-07-15,2031-07-15,0.2695,FIXED,140198.59,BR-001,20,GHGGB1989831
SECURITY.POSITION/3005566,SECURITY_HOLDING,GHS,133925.30,133925.30,SBL-SOV-017052,SEC.BOND.10Y,1206,2018-03-07,2028-01-14,2028-01-14,0.265,FIXED,133925.30,BR-001,20,GHGGB2105757
SECURITY.POSITION/3005589,SECURITY_HOLDING,GHS,98140.36,98140.36,SBL-SOV-017052,SEC.BOND.2Y,1204,2024-08-10,2026-07-31,2026-07-31,0.2265,FIXED,98140.36,BR-001,19,GHGGB7963253
SECURITY.POSITION/3005590,SECURITY_HOLDING,GHS,201294.27,201294.27,SBL-SOV-017052,SEC.BOND.2Y,1204,2024-10-17,2026-10-07,2026-10-07,0.227,FIXED,201294.27,BR-001,19,GHGGB3906464
SECURITY.POSITION/3005594,SECURITY_HOLDING,GHS,392121.55,392121.55,SBL-SOV-017052,SEC.BOND.2Y,1204,2024-11-23,2026-11-13,2026-11-13,0.2276,FIXED,392121.55,BR-001,19,GHGGB7369655
SECURITY.POSITION/3005599,SECURITY_HOLDING,GHS,74701.84,74701.84,SBL-SOV-017052,SEC.BOND.2Y,1204,2024-10-11,2026-10-01,2026-10-01,0.2282,FIXED,74701.84,BR-001,19,GHGGB2004461
SECURITY.POSITION/3005600,SECURITY_HOLDING,GHS,463386.93,463386.93,SBL-SOV-017052,SEC.BOND.2Y,1204,2024-08-27,2026-08-17,2026-08-17,0.2275,FIXED,463386.93,BR-001,19,GHGGB8075373
SECURITY.POSITION/3005601,SECURITY_HOLDING,GHS,29491.79,29491.79,SBL-SOV-017052,SEC.BOND.5Y,1205,2021-08-04,2026-07-09,2026-07-09,0.2653,FIXED,29491.79,BR-001,19,GHGGB2644808
SECURITY.POSITION/3005602,SECURITY_HOLDING,GHS,64152.02,64152.02,SBL-SOV-017052,SEC.BOND.5Y,1205,2024-06-15,2029-05-20,2029-05-20,0.2637,FIXED,64152.02,BR-001,19,GHGGB4800080
SECURITY.POSITION/3005603,SECURITY_HOLDING,GHS,16356.07,16356.07,SBL-SOV-017052,SEC.BOND.5Y,1205,2021-08-20,2026-07-25,2026-07-25,0.2631,FIXED,16356.07,BR-001,19,GHGGB9004782
SECURITY.POSITION/3005604,SECURITY_HOLDING,GHS,25366.84,25366.84,SBL-SOV-017052,SEC.BOND.5Y,1205,2024-03-27,2029-03-01,2029-03-01,0.2625,FIXED,25366.84,BR-001,19,GHGGB6219534
SECURITY.POSITION/3005605,SECURITY_HOLDING,GHS,27443.40,27443.40,SBL-SOV-017052,SEC.BOND.5Y,1205,2022-10-02,2027-09-06,2027-09-06,0.2588,FIXED,27443.40,BR-001,19,GHGGB2073812
SECURITY.POSITION/3005607,SECURITY_HOLDING,GHS,23902.57,23902.57,SBL-SOV-017052,SEC.BOND.5Y,1205,2021-09-15,2026-08-20,2026-08-20,0.2585,FIXED,23902.57,BR-001,19,GHGGB3151366
SECURITY.POSITION/3005608,SECURITY_HOLDING,GHS,48147.37,48147.37,SBL-SOV-017052,SEC.BOND.5Y,1205,2024-07-03,2029-06-07,2029-06-07,0.2597,FIXED,48147.37,BR-001,19,GHGGB2964657
SECURITY.POSITION/3005609,SECURITY_HOLDING,GHS,47720.82,47720.82,SBL-SOV-017052,SEC.BOND.5Y,1205,2021-09-06,2026-08-11,2026-08-11,0.2631,FIXED,47720.82,BR-001,19,GHGGB5019391
SECURITY.POSITION/3005610,SECURITY_HOLDING,GHS,42149.01,42149.01,SBL-SOV-017052,SEC.BOND.5Y,1205,2024-08-06,2029-07-11,2029-07-11,0.2585,FIXED,42149.01,BR-001,19,GHGGB7600863
SECURITY.POSITION/3005611,SECURITY_HOLDING,GHS,31324.91,31324.91,SBL-SOV-017052,SEC.BOND.5Y,1205,2022-05-16,2027-04-20,2027-04-20,0.2587,FIXED,31324.91,BR-001,19,GHGGB6842558
SECURITY.POSITION/3005612,SECURITY_HOLDING,GHS,41079.93,41079.93,SBL-SOV-017052,SEC.BOND.5Y,1205,2023-09-26,2028-08-30,2028-08-30,0.2588,FIXED,41079.93,BR-001,19,GHGGB6474469
SECURITY.POSITION/3005646,SECURITY_HOLDING,GHS,545482.16,545482.16,SBL-SOV-017052,SEC.BOND.2Y,1204,2024-11-13,2026-11-03,2026-11-03,0.2333,FIXED,545482.16,BR-001,18,GHGGB5601669
SECURITY.POSITION/3005647,SECURITY_HOLDING,GHS,2875996.49,2875996.49,SBL-SOV-017052,SEC.BOND.2Y,1204,2024-09-10,2026-08-31,2026-08-31,0.2273,FIXED,2875996.49,BR-001,18,GHGGB5416540
SECURITY.POSITION/3005648,SECURITY_HOLDING,GHS,782262.48,782262.48,SBL-SOV-017052,SEC.BOND.2Y,1204,2024-07-24,2026-07-14,2026-07-14,0.2301,FIXED,782262.48,BR-001,18,GHGGB3597288
SECURITY.POSITION/3005651,SECURITY_HOLDING,GHS,1476592.03,1476592.03,SBL-SOV-017052,SEC.BOND.2Y,1204,2024-10-12,2026-10-02,2026-10-02,0.2253,FIXED,1476592.03,BR-001,18,GHGGB4732956
SECURITY.POSITION/3005653,SECURITY_HOLDING,GHS,378888.77,378888.77,SBL-SOV-017052,SEC.BOND.5Y,1205,2023-05-23,2028-04-26,2028-04-26,0.2624,FIXED,378888.77,BR-001,18,GHGGB2719106
SECURITY.POSITION/3005654,SECURITY_HOLDING,GHS,380366.66,380366.66,SBL-SOV-017052,SEC.BOND.5Y,1205,2021-12-13,2026-11-17,2026-11-17,0.2563,FIXED,380366.66,BR-001,18,GHGGB7534365
SECURITY.POSITION/3005656,SECURITY_HOLDING,GHS,324354.88,324354.88,SBL-SOV-017052,SEC.BOND.5Y,1205,2022-12-23,2027-11-27,2027-11-27,0.2545,FIXED,324354.88,BR-001,18,GHGGB7394113
SECURITY.POSITION/3005657,SECURITY_HOLDING,GHS,84377.94,84377.94,SBL-SOV-017052,SEC.BOND.5Y,1205,2023-02-26,2028-01-31,2028-01-31,0.2545,FIXED,84377.94,BR-001,18,GHGGB6523340
SECURITY.POSITION/3005659,SECURITY_HOLDING,GHS,350863.22,350863.22,SBL-SOV-017052,SEC.BOND.5Y,1205,2023-12-31,2028-12-04,2028-12-04,0.2574,FIXED,350863.22,BR-001,18,GHGGB7093957
SECURITY.POSITION/3005661,SECURITY_HOLDING,GHS,411804.34,411804.34,SBL-SOV-017052,SEC.BOND.5Y,1205,2024-07-19,2029-06-23,2029-06-23,0.2553,FIXED,411804.34,BR-001,18,GHGGB8053382
SECURITY.POSITION/3005662,SECURITY_HOLDING,GHS,690132.96,690132.96,SBL-SOV-017052,SEC.BOND.5Y,1205,2023-10-03,2028-09-06,2028-09-06,0.2609,FIXED,690132.96,BR-001,18,GHGGB4547857
SECURITY.POSITION/3005663,SECURITY_HOLDING,GHS,327342.40,327342.40,SBL-SOV-017052,SEC.BOND.5Y,1205,2021-09-03,2026-08-08,2026-08-08,0.254,FIXED,327342.40,BR-001,18,GHGGB6394658
SECURITY.POSITION/3005665,SECURITY_HOLDING,GHS,4715.94,4715.94,SBL-SOV-017052,SEC.BOND.10Y,1206,2016-09-03,2026-07-13,2026-07-13,0.2757,FIXED,4715.94,BR-001,18,GHGGB5434327
SECURITY.POSITION/3005666,SECURITY_HOLDING,GHS,36104.29,36104.29,SBL-SOV-017052,SEC.BOND.10Y,1206,2020-05-25,2030-04-03,2030-04-03,0.2645,FIXED,36104.29,BR-001,18,GHGGB2228935
SECURITY.POSITION/3005667,SECURITY_HOLDING,GHS,7931.04,7931.04,SBL-SOV-017052,SEC.BOND.10Y,1206,2017-08-15,2027-06-24,2027-06-24,0.2704,FIXED,7931.04,BR-001,18,GHGGB1882299
SECURITY.POSITION/3005669,SECURITY_HOLDING,GHS,26583.69,26583.69,SBL-SOV-017052,SEC.BOND.10Y,1206,2024-06-01,2034-04-10,2034-04-10,0.2667,FIXED,26583.69,BR-001,18,GHGGB1866552
SECURITY.POSITION/3005670,SECURITY_HOLDING,GHS,62181.13,62181.13,SBL-SOV-017052,SEC.BOND.10Y,1206,2019-09-25,2029-08-03,2029-08-03,0.2717,FIXED,62181.13,BR-001,18,GHGGB6430130
SECURITY.POSITION/3005671,SECURITY_HOLDING,GHS,48848.14,48848.14,SBL-SOV-017052,SEC.BOND.10Y,1206,2016-10-26,2026-09-04,2026-09-04,0.2668,FIXED,48848.14,BR-001,18,GHGGB3779123
SECURITY.POSITION/3005672,SECURITY_HOLDING,GHS,28254.19,28254.19,SBL-SOV-017052,SEC.BOND.10Y,1206,2021-11-11,2031-09-20,2031-09-20,0.2698,FIXED,28254.19,BR-001,18,GHGGB9771963
SECURITY.POSITION/3005673,SECURITY_HOLDING,GHS,42309.18,42309.18,SBL-SOV-017052,SEC.BOND.10Y,1206,2019-03-25,2029-01-31,2029-01-31,0.272,FIXED,42309.18,BR-001,18,GHGGB7298977
SECURITY.POSITION/3005674,SECURITY_HOLDING,GHS,88209.87,88209.87,SBL-SOV-017052,SEC.BOND.10Y,1206,2022-09-24,2032-08-02,2032-08-02,0.2684,FIXED,88209.87,BR-001,18,GHGGB6795508
SECURITY.POSITION/3005703,SECURITY_HOLDING,GHS,791517.06,791517.06,SBL-SOV-017052,SEC.BOND.2Y,1204,2024-08-19,2026-08-09,2026-08-09,0.187,FIXED,791517.06,BR-001,17,GHGGB9745731
SECURITY.POSITION/3005708,SECURITY_HOLDING,GHS,253239.10,253239.10,SBL-SOV-017052,SEC.BOND.2Y,1204,2024-10-01,2026-09-21,2026-09-21,0.1921,FIXED,253239.10,BR-001,17,GHGGB8769136
SECURITY.POSITION/3005711,SECURITY_HOLDING,GHS,299660.60,299660.60,SBL-SOV-017052,SEC.BOND.2Y,1204,2024-10-07,2026-09-27,2026-09-27,0.1889,FIXED,299660.60,BR-001,17,GHGGB9302403
SECURITY.POSITION/3005712,SECURITY_HOLDING,GHS,119899.11,119899.11,SBL-SOV-017052,SEC.BOND.5Y,1205,2022-11-09,2027-10-14,2027-10-14,0.2201,FIXED,119899.11,BR-001,17,GHGGB1243794
SECURITY.POSITION/3005715,SECURITY_HOLDING,GHS,388146.37,388146.37,SBL-SOV-017052,SEC.BOND.5Y,1205,2024-11-25,2029-10-30,2029-10-30,0.223,FIXED,388146.37,BR-001,17,GHGGB6200485
SECURITY.POSITION/3005716,SECURITY_HOLDING,GHS,291225.01,291225.01,SBL-SOV-017052,SEC.BOND.5Y,1205,2023-11-30,2028-11-03,2028-11-03,0.2202,FIXED,291225.01,BR-001,17,GHGGB4140594
SECURITY.POSITION/3005717,SECURITY_HOLDING,GHS,530025.48,530025.48,SBL-SOV-017052,SEC.BOND.5Y,1205,2024-12-29,2029-12-03,2029-12-03,0.2207,FIXED,530025.48,BR-001,17,GHGGB1688407
SECURITY.POSITION/3005719,SECURITY_HOLDING,GHS,156181.25,156181.25,SBL-SOV-017052,SEC.BOND.5Y,1205,2021-08-22,2026-07-27,2026-07-27,0.2229,FIXED,156181.25,BR-001,17,GHGGB2499948
SECURITY.POSITION/3005720,SECURITY_HOLDING,GHS,414155.32,414155.32,SBL-SOV-017052,SEC.BOND.5Y,1205,2023-10-05,2028-09-08,2028-09-08,0.2235,FIXED,414155.32,BR-001,17,GHGGB1087042
SECURITY.POSITION/3005722,SECURITY_HOLDING,GHS,346415.91,346415.91,SBL-SOV-017052,SEC.BOND.5Y,1205,2022-12-14,2027-11-18,2027-11-18,0.2272,FIXED,346415.91,BR-001,17,GHGGB5136181
SECURITY.POSITION/3005723,SECURITY_HOLDING,GHS,65124.64,65124.64,SBL-SOV-017052,SEC.BOND.10Y,1206,2018-03-31,2028-02-07,2028-02-07,0.2463,FIXED,65124.64,BR-001,17,GHGGB8407836
SECURITY.POSITION/3005724,SECURITY_HOLDING,GHS,268854.55,268854.55,SBL-SOV-017052,SEC.BOND.10Y,1206,2018-08-21,2028-06-29,2028-06-29,0.2447,FIXED,268854.55,BR-001,17,GHGGB2007805
SECURITY.POSITION/3005726,SECURITY_HOLDING,GHS,588850.80,588850.80,SBL-SOV-017052,SEC.BOND.10Y,1206,2017-12-16,2027-10-25,2027-10-25,0.2442,FIXED,588850.80,BR-001,17,GHGGB3188713
SECURITY.POSITION/3005727,SECURITY_HOLDING,GHS,107529.96,107529.96,SBL-SOV-017052,SEC.BOND.10Y,1206,2020-10-13,2030-08-22,2030-08-22,0.2474,FIXED,107529.96,BR-001,17,GHGGB1920543
SECURITY.POSITION/3005728,SECURITY_HOLDING,GHS,703314.03,703314.03,SBL-SOV-017052,SEC.BOND.10Y,1206,2018-01-04,2027-11-13,2027-11-13,0.2406,FIXED,703314.03,BR-001,17,GHGGB4713716
SECURITY.POSITION/3005763,SECURITY_HOLDING,GHS,421305.43,421305.43,SBL-SOV-017052,SEC.BOND.2Y,1204,2024-10-27,2026-10-17,2026-10-17,0.1935,FIXED,421305.43,BR-001,16,GHGGB1237813
SECURITY.POSITION/3005764,SECURITY_HOLDING,GHS,630340.95,630340.95,SBL-SOV-017052,SEC.BOND.2Y,1204,2024-07-30,2026-07-20,2026-07-20,0.1963,FIXED,630340.95,BR-001,16,GHGGB5134692
SECURITY.POSITION/3005765,SECURITY_HOLDING,GHS,706643.35,706643.35,SBL-SOV-017052,SEC.BOND.2Y,1204,2024-07-30,2026-07-20,2026-07-20,0.1925,FIXED,706643.35,BR-001,16,GHGGB8082367
SECURITY.POSITION/3005768,SECURITY_HOLDING,GHS,522547.81,522547.81,SBL-SOV-017052,SEC.BOND.2Y,1204,2024-11-27,2026-11-17,2026-11-17,0.1982,FIXED,522547.81,BR-001,16,GHGGB1776868
SECURITY.POSITION/3005771,SECURITY_HOLDING,GHS,498473.28,498473.28,SBL-SOV-017052,SEC.BOND.2Y,1204,2024-07-15,2026-07-05,2026-07-05,0.1948,FIXED,498473.28,BR-001,16,GHGGB2795001
SECURITY.POSITION/3005772,SECURITY_HOLDING,GHS,807960.76,807960.76,SBL-SOV-017052,SEC.BOND.2Y,1204,2025-01-12,2027-01-02,2027-01-02,0.1941,FIXED,807960.76,BR-001,16,GHGGB7925714
SECURITY.POSITION/3005773,SECURITY_HOLDING,GHS,1223532.37,1223532.37,SBL-SOV-017052,SEC.BOND.5Y,1205,2023-08-24,2028-07-28,2028-07-28,0.2122,FIXED,1223532.37,BR-001,16,GHGGB1438958
SECURITY.POSITION/3005775,SECURITY_HOLDING,GHS,301014.67,301014.67,SBL-SOV-017052,SEC.BOND.5Y,1205,2025-02-10,2030-01-15,2030-01-15,0.2132,FIXED,301014.67,BR-001,16,GHGGB2341507
SECURITY.POSITION/3005776,SECURITY_HOLDING,GHS,425620.62,425620.62,SBL-SOV-017052,SEC.BOND.5Y,1205,2024-02-19,2029-01-23,2029-01-23,0.2216,FIXED,425620.62,BR-001,16,GHGGB6160241
SECURITY.POSITION/3005777,SECURITY_HOLDING,GHS,1068579.43,1068579.43,SBL-SOV-017052,SEC.BOND.5Y,1205,2024-06-21,2029-05-26,2029-05-26,0.2185,FIXED,1068579.43,BR-001,16,GHGGB4190559
SECURITY.POSITION/3005779,SECURITY_HOLDING,GHS,157331.58,157331.58,SBL-SOV-017052,SEC.BOND.10Y,1206,2017-05-23,2027-04-01,2027-04-01,0.2371,FIXED,157331.58,BR-001,16,GHGGB9037330
SECURITY.POSITION/3005780,SECURITY_HOLDING,GHS,302723.92,302723.92,SBL-SOV-017052,SEC.BOND.10Y,1206,2020-02-25,2030-01-03,2030-01-03,0.2443,FIXED,302723.92,BR-001,16,GHGGB4821849
SECURITY.POSITION/3005781,SECURITY_HOLDING,GHS,468752.07,468752.07,SBL-SOV-017052,SEC.BOND.10Y,1206,2017-01-21,2026-11-30,2026-11-30,0.2404,FIXED,468752.07,BR-001,16,GHGGB1862563
SECURITY.POSITION/3005782,SECURITY_HOLDING,GHS,242875.81,242875.81,SBL-SOV-017052,SEC.BOND.10Y,1206,2019-11-23,2029-10-01,2029-10-01,0.2389,FIXED,242875.81,BR-001,16,GHGGB6967609
SECURITY.POSITION/3005783,SECURITY_HOLDING,GHS,503780.95,503780.95,SBL-SOV-017052,SEC.BOND.10Y,1206,2020-02-11,2029-12-20,2029-12-20,0.2372,FIXED,503780.95,BR-001,16,GHGGB2991062
SECURITY.POSITION/3005787,SECURITY_HOLDING,GHS,32371.84,32371.84,SBL-SOV-017052,SEC.BOND.10Y,1206,2022-01-26,2031-12-05,2031-12-05,0.2411,FIXED,32371.84,BR-001,16,GHGGB7918687
SECURITY.POSITION/3005788,SECURITY_HOLDING,GHS,144245.83,144245.83,SBL-SOV-017052,SEC.BOND.10Y,1206,2019-08-02,2029-06-10,2029-06-10,0.2441,FIXED,144245.83,BR-001,16,GHGGB5371202
SECURITY.POSITION/3005827,SECURITY_HOLDING,GHS,784783.17,784783.17,SBL-SOV-017052,SEC.BOND.2Y,1204,2024-08-15,2026-08-05,2026-08-05,0.1929,FIXED,784783.17,BR-001,15,GHGGB8684698
SECURITY.POSITION/3005831,SECURITY_HOLDING,GHS,2718858.28,2718858.28,SBL-SOV-017052,SEC.BOND.2Y,1204,2025-01-10,2026-12-31,2026-12-31,0.1963,FIXED,2718858.28,BR-001,15,GHGGB8671342
SECURITY.POSITION/3005832,SECURITY_HOLDING,GHS,1788386.99,1788386.99,SBL-SOV-017052,SEC.BOND.2Y,1204,2024-12-13,2026-12-03,2026-12-03,0.1965,FIXED,1788386.99,BR-001,15,GHGGB9248270
SECURITY.POSITION/3005833,SECURITY_HOLDING,GHS,757411.58,757411.58,SBL-SOV-017052,SEC.BOND.2Y,1204,2025-03-25,2027-03-15,2027-03-15,0.1893,FIXED,757411.58,BR-001,15,GHGGB2682600
SECURITY.POSITION/3005835,SECURITY_HOLDING,GHS,750456.32,750456.32,SBL-SOV-017052,SEC.BOND.5Y,1205,2023-07-28,2028-07-01,2028-07-01,0.2197,FIXED,750456.32,BR-001,15,GHGGB6486782
SECURITY.POSITION/3005836,SECURITY_HOLDING,GHS,238389.02,238389.02,SBL-SOV-017052,SEC.BOND.5Y,1205,2024-12-25,2029-11-29,2029-11-29,0.2157,FIXED,238389.02,BR-001,15,GHGGB5482248
SECURITY.POSITION/3005837,SECURITY_HOLDING,GHS,121142.63,121142.63,SBL-SOV-017052,SEC.BOND.5Y,1205,2024-04-04,2029-03-09,2029-03-09,0.223,FIXED,121142.63,BR-001,15,GHGGB1506403
SECURITY.POSITION/3005838,SECURITY_HOLDING,GHS,134246.83,134246.83,SBL-SOV-017052,SEC.BOND.5Y,1205,2022-05-08,2027-04-12,2027-04-12,0.2239,FIXED,134246.83,BR-001,15,GHGGB9845083
SECURITY.POSITION/3005839,SECURITY_HOLDING,GHS,234627.14,234627.14,SBL-SOV-017052,SEC.BOND.5Y,1205,2023-08-12,2028-07-16,2028-07-16,0.2141,FIXED,234627.14,BR-001,15,GHGGB8304256
SECURITY.POSITION/3005840,SECURITY_HOLDING,GHS,238970.11,238970.11,SBL-SOV-017052,SEC.BOND.5Y,1205,2021-10-11,2026-09-15,2026-09-15,0.2209,FIXED,238970.11,BR-001,15,GHGGB1536525
SECURITY.POSITION/3005841,SECURITY_HOLDING,GHS,140990.56,140990.56,SBL-SOV-017052,SEC.BOND.5Y,1205,2025-03-09,2030-02-11,2030-02-11,0.2197,FIXED,140990.56,BR-001,15,GHGGB8947476
SECURITY.POSITION/3005842,SECURITY_HOLDING,GHS,227133.84,227133.84,SBL-SOV-017052,SEC.BOND.5Y,1205,2021-10-18,2026-09-22,2026-09-22,0.2177,FIXED,227133.84,BR-001,15,GHGGB8449755
SECURITY.POSITION/3005844,SECURITY_HOLDING,GHS,105675.72,105675.72,SBL-SOV-017052,SEC.BOND.5Y,1205,2021-11-11,2026-10-16,2026-10-16,0.2106,FIXED,105675.72,BR-001,15,GHGGB5917712
SECURITY.POSITION/3005845,SECURITY_HOLDING,GHS,327651.65,327651.65,SBL-SOV-017052,SEC.BOND.5Y,1205,2022-11-28,2027-11-02,2027-11-02,0.2231,FIXED,327651.65,BR-001,15,GHGGB3271492
SECURITY.POSITION/3005846,SECURITY_HOLDING,GHS,46005.57,46005.57,SBL-SOV-017052,SEC.BOND.10Y,1206,2022-02-06,2031-12-16,2031-12-16,0.2367,FIXED,46005.57,BR-001,15,GHGGB8147607
SECURITY.POSITION/3005847,SECURITY_HOLDING,GHS,141491.26,141491.26,SBL-SOV-017052,SEC.BOND.10Y,1206,2017-01-30,2026-12-09,2026-12-09,0.2359,FIXED,141491.26,BR-001,15,GHGGB9221315
SECURITY.POSITION/3005848,SECURITY_HOLDING,GHS,49002.74,49002.74,SBL-SOV-017052,SEC.BOND.10Y,1206,2023-02-22,2032-12-31,2032-12-31,0.2366,FIXED,49002.74,BR-001,15,GHGGB2852479
SECURITY.POSITION/3005849,SECURITY_HOLDING,GHS,22594.03,22594.03,SBL-SOV-017052,SEC.BOND.10Y,1206,2020-09-27,2030-08-06,2030-08-06,0.24,FIXED,22594.03,BR-001,15,GHGGB2736244
SECURITY.POSITION/3005850,SECURITY_HOLDING,GHS,56135.56,56135.56,SBL-SOV-017052,SEC.BOND.10Y,1206,2020-10-21,2030-08-30,2030-08-30,0.235,FIXED,56135.56,BR-001,15,GHGGB7538230
SECURITY.POSITION/3005852,SECURITY_HOLDING,GHS,12709.19,12709.19,SBL-SOV-017052,SEC.BOND.10Y,1206,2023-07-21,2033-05-29,2033-05-29,0.2378,FIXED,12709.19,BR-001,15,GHGGB3566889
SECURITY.POSITION/3005891,SECURITY_HOLDING,GHS,1131466.69,1131466.69,SBL-SOV-017052,SEC.BOND.2Y,1204,2025-01-13,2027-01-03,2027-01-03,0.1878,FIXED,1131466.69,BR-001,14,GHGGB2199879
SECURITY.POSITION/3005892,SECURITY_HOLDING,GHS,864163.50,864163.50,SBL-SOV-017052,SEC.BOND.2Y,1204,2025-02-10,2027-01-31,2027-01-31,0.1947,FIXED,864163.50,BR-001,14,GHGGB1014808
SECURITY.POSITION/3005894,SECURITY_HOLDING,GHS,188869.72,188869.72,SBL-SOV-017052,SEC.BOND.2Y,1204,2025-03-17,2027-03-07,2027-03-07,0.199,FIXED,188869.72,BR-001,14,GHGGB4832684
SECURITY.POSITION/3005895,SECURITY_HOLDING,GHS,514979.76,514979.76,SBL-SOV-017052,SEC.BOND.2Y,1204,2024-07-28,2026-07-18,2026-07-18,0.1947,FIXED,514979.76,BR-001,14,GHGGB7832598
SECURITY.POSITION/3005897,SECURITY_HOLDING,GHS,279263.21,279263.21,SBL-SOV-017052,SEC.BOND.2Y,1204,2025-01-05,2026-12-26,2026-12-26,0.196,FIXED,279263.21,BR-001,14,GHGGB9034841
SECURITY.POSITION/3005898,SECURITY_HOLDING,GHS,595035.40,595035.40,SBL-SOV-017052,SEC.BOND.2Y,1204,2025-01-14,2027-01-04,2027-01-04,0.197,FIXED,595035.40,BR-001,14,GHGGB2928743
SECURITY.POSITION/3005900,SECURITY_HOLDING,GHS,125585.44,125585.44,SBL-SOV-017052,SEC.BOND.5Y,1205,2025-02-05,2030-01-10,2030-01-10,0.2252,FIXED,125585.44,BR-001,14,GHGGB9572966
SECURITY.POSITION/3005901,SECURITY_HOLDING,GHS,73504.61,73504.61,SBL-SOV-017052,SEC.BOND.5Y,1205,2024-06-07,2029-05-12,2029-05-12,0.2214,FIXED,73504.61,BR-001,14,GHGGB4156256
SECURITY.POSITION/3005902,SECURITY_HOLDING,GHS,409804.60,409804.60,SBL-SOV-017052,SEC.BOND.5Y,1205,2022-06-01,2027-05-06,2027-05-06,0.222,FIXED,409804.60,BR-001,14,GHGGB3907808
SECURITY.POSITION/3005903,SECURITY_HOLDING,GHS,356296.56,356296.56,SBL-SOV-017052,SEC.BOND.5Y,1205,2021-11-22,2026-10-27,2026-10-27,0.2176,FIXED,356296.56,BR-001,14,GHGGB7661883
SECURITY.POSITION/3005908,SECURITY_HOLDING,GHS,323266.11,323266.11,SBL-SOV-017052,SEC.BOND.5Y,1205,2022-09-13,2027-08-18,2027-08-18,0.2183,FIXED,323266.11,BR-001,14,GHGGB3808239
SECURITY.POSITION/3005909,SECURITY_HOLDING,GHS,1818.50,1818.50,SBL-SOV-017052,SEC.BOND.5Y,1205,2022-09-11,2027-08-16,2027-08-16,0.2252,FIXED,1818.50,BR-001,14,GHGGB9212468
SECURITY.POSITION/3005910,SECURITY_HOLDING,GHS,320032.71,320032.71,SBL-SOV-017052,SEC.BOND.5Y,1205,2021-10-19,2026-09-23,2026-09-23,0.2152,FIXED,320032.71,BR-001,14,GHGGB6193737
SECURITY.POSITION/3005912,SECURITY_HOLDING,GHS,47327.95,47327.95,SBL-SOV-017052,SEC.BOND.10Y,1206,2023-06-14,2033-04-22,2033-04-22,0.2319,FIXED,47327.95,BR-001,14,GHGGB6687762
SECURITY.POSITION/3005913,SECURITY_HOLDING,GHS,156514.62,156514.62,SBL-SOV-017052,SEC.BOND.10Y,1206,2023-04-15,2033-02-21,2033-02-21,0.2351,FIXED,156514.62,BR-001,14,GHGGB7267910
SECURITY.POSITION/3005914,SECURITY_HOLDING,GHS,62664.61,62664.61,SBL-SOV-017052,SEC.BOND.10Y,1206,2023-09-21,2033-07-30,2033-07-30,0.2393,FIXED,62664.61,BR-001,14,GHGGB6565512
SECURITY.POSITION/3005916,SECURITY_HOLDING,GHS,52395.72,52395.72,SBL-SOV-017052,SEC.BOND.10Y,1206,2024-07-20,2034-05-29,2034-05-29,0.2352,FIXED,52395.72,BR-001,14,GHGGB3607702
SECURITY.POSITION/3005917,SECURITY_HOLDING,GHS,47537.10,47537.10,SBL-SOV-017052,SEC.BOND.10Y,1206,2020-02-23,2030-01-01,2030-01-01,0.2386,FIXED,47537.10,BR-001,14,GHGGB7176990
SECURITY.POSITION/3005918,SECURITY_HOLDING,GHS,45596.32,45596.32,SBL-SOV-017052,SEC.BOND.10Y,1206,2017-03-05,2027-01-12,2027-01-12,0.2406,FIXED,45596.32,BR-001,14,GHGGB8806214
SECURITY.POSITION/3005943,SECURITY_HOLDING,GHS,160214.52,160214.52,SBL-SOV-017052,SEC.BOND.2Y,1204,2025-01-16,2027-01-06,2027-01-06,0.1906,FIXED,160214.52,BR-001,13,GHGGB6409079
SECURITY.POSITION/3005945,SECURITY_HOLDING,GHS,2067538.82,2067538.82,SBL-SOV-017052,SEC.BOND.2Y,1204,2024-09-11,2026-09-01,2026-09-01,0.1992,FIXED,2067538.82,BR-001,13,GHGGB3664435
SECURITY.POSITION/3005947,SECURITY_HOLDING,GHS,775153.62,775153.62,SBL-SOV-017052,SEC.BOND.2Y,1204,2025-03-26,2027-03-16,2027-03-16,0.1951,FIXED,775153.62,BR-001,13,GHGGB4157753
SECURITY.POSITION/3005948,SECURITY_HOLDING,GHS,636563.15,636563.15,SBL-SOV-017052,SEC.BOND.2Y,1204,2024-08-05,2026-07-26,2026-07-26,0.1954,FIXED,636563.15,BR-001,13,GHGGB1722461
SECURITY.POSITION/3005950,SECURITY_HOLDING,GHS,616474.74,616474.74,SBL-SOV-017052,SEC.BOND.2Y,1204,2024-09-06,2026-08-27,2026-08-27,0.197,FIXED,616474.74,BR-001,13,GHGGB9901869
SECURITY.POSITION/3005952,SECURITY_HOLDING,GHS,1498065.55,1498065.55,SBL-SOV-017052,SEC.BOND.5Y,1205,2023-02-19,2028-01-24,2028-01-24,0.2169,FIXED,1498065.55,BR-001,13,GHGGB1075639
SECURITY.POSITION/3005953,SECURITY_HOLDING,GHS,297748.23,297748.23,SBL-SOV-017052,SEC.BOND.5Y,1205,2025-02-09,2030-01-14,2030-01-14,0.2183,FIXED,297748.23,BR-001,13,GHGGB3107198
SECURITY.POSITION/3005954,SECURITY_HOLDING,GHS,547933.30,547933.30,SBL-SOV-017052,SEC.BOND.5Y,1205,2024-06-28,2029-06-02,2029-06-02,0.2164,FIXED,547933.30,BR-001,13,GHGGB9477547
SECURITY.POSITION/3005956,SECURITY_HOLDING,GHS,1097940.04,1097940.04,SBL-SOV-017052,SEC.BOND.5Y,1205,2023-08-28,2028-08-01,2028-08-01,0.2157,FIXED,1097940.04,BR-001,13,GHGGB3844449
SECURITY.POSITION/3005957,SECURITY_HOLDING,GHS,1186188.93,1186188.93,SBL-SOV-017052,SEC.BOND.5Y,1205,2022-04-13,2027-03-18,2027-03-18,0.2168,FIXED,1186188.93,BR-001,13,GHGGB4269100
SECURITY.POSITION/3005958,SECURITY_HOLDING,GHS,521183.93,521183.93,SBL-SOV-017052,SEC.BOND.5Y,1205,2024-10-28,2029-10-02,2029-10-02,0.2145,FIXED,521183.93,BR-001,13,GHGGB4024232
SECURITY.POSITION/3005959,SECURITY_HOLDING,GHS,1233539.09,1233539.09,SBL-SOV-017052,SEC.BOND.5Y,1205,2022-06-02,2027-05-07,2027-05-07,0.2199,FIXED,1233539.09,BR-001,13,GHGGB3919803
SECURITY.POSITION/3005960,SECURITY_HOLDING,GHS,70237.07,70237.07,SBL-SOV-017052,SEC.BOND.10Y,1206,2018-12-09,2028-10-17,2028-10-17,0.2375,FIXED,70237.07,BR-001,13,GHGGB8956796
SECURITY.POSITION/3005961,SECURITY_HOLDING,GHS,259702.33,259702.33,SBL-SOV-017052,SEC.BOND.10Y,1206,2024-06-15,2034-04-24,2034-04-24,0.2431,FIXED,259702.33,BR-001,13,GHGGB9539274
SECURITY.POSITION/3005962,SECURITY_HOLDING,GHS,427508.90,427508.90,SBL-SOV-017052,SEC.BOND.10Y,1206,2025-05-18,2035-03-27,2035-03-27,0.2398,FIXED,427508.90,BR-001,13,GHGGB7256186
SECURITY.POSITION/3005963,SECURITY_HOLDING,GHS,94489.20,94489.20,SBL-SOV-017052,SEC.BOND.10Y,1206,2020-09-03,2030-07-13,2030-07-13,0.2397,FIXED,94489.20,BR-001,13,GHGGB3042150
SECURITY.POSITION/3005964,SECURITY_HOLDING,GHS,119570.79,119570.79,SBL-SOV-017052,SEC.BOND.10Y,1206,2020-10-03,2030-08-12,2030-08-12,0.241,FIXED,119570.79,BR-001,13,GHGGB6432187
SECURITY.POSITION/3005965,SECURITY_HOLDING,GHS,169867.44,169867.44,SBL-SOV-017052,SEC.BOND.10Y,1206,2019-07-20,2029-05-28,2029-05-28,0.2442,FIXED,169867.44,BR-001,13,GHGGB4887425
SECURITY.POSITION/3005966,SECURITY_HOLDING,GHS,314766.30,314766.30,SBL-SOV-017052,SEC.BOND.10Y,1206,2018-06-04,2028-04-12,2028-04-12,0.238,FIXED,314766.30,BR-001,13,GHGGB9916670
SECURITY.POSITION/3005968,SECURITY_HOLDING,GHS,144089.35,144089.35,SBL-SOV-017052,SEC.BOND.10Y,1206,2023-10-15,2033-08-23,2033-08-23,0.2398,FIXED,144089.35,BR-001,13,GHGGB7329627
SECURITY.POSITION/3005969,SECURITY_HOLDING,GHS,42257.15,42257.15,SBL-SOV-017052,SEC.BOND.10Y,1206,2022-07-10,2032-05-18,2032-05-18,0.2436,FIXED,42257.15,BR-001,13,GHGGB3799595
SECURITY.POSITION/3005970,SECURITY_HOLDING,GHS,497482.11,497482.11,SBL-SOV-017052,SEC.BOND.10Y,1206,2025-05-27,2035-04-05,2035-04-05,0.2364,FIXED,497482.11,BR-001,13,GHGGB9505078
SECURITY.POSITION/3005971,SECURITY_HOLDING,GHS,723530.09,723530.09,SBL-SOV-017052,SEC.BOND.10Y,1206,2020-01-25,2029-12-03,2029-12-03,0.2406,FIXED,723530.09,BR-001,13,GHGGB9059730
SECURITY.POSITION/3006002,SECURITY_HOLDING,GHS,683878.22,683878.22,SBL-SOV-017052,SEC.BOND.2Y,1204,2024-07-27,2026-07-17,2026-07-17,0.1986,FIXED,683878.22,BR-001,12,GHGGB5972559
SECURITY.POSITION/3006003,SECURITY_HOLDING,GHS,264795.52,264795.52,SBL-SOV-017052,SEC.BOND.2Y,1204,2025-03-30,2027-03-20,2027-03-20,0.1881,FIXED,264795.52,BR-001,12,GHGGB1180571
SECURITY.POSITION/3006009,SECURITY_HOLDING,GHS,274588.79,274588.79,SBL-SOV-017052,SEC.BOND.5Y,1205,2024-03-19,2029-02-21,2029-02-21,0.2193,FIXED,274588.79,BR-001,12,GHGGB7943215
SECURITY.POSITION/3006010,SECURITY_HOLDING,GHS,111867.45,111867.45,SBL-SOV-017052,SEC.BOND.5Y,1205,2025-03-06,2030-02-08,2030-02-08,0.2193,FIXED,111867.45,BR-001,12,GHGGB6012972
SECURITY.POSITION/3006011,SECURITY_HOLDING,GHS,584573.31,584573.31,SBL-SOV-017052,SEC.BOND.5Y,1205,2022-01-30,2027-01-04,2027-01-04,0.2205,FIXED,584573.31,BR-001,12,GHGGB1274784
SECURITY.POSITION/3006012,SECURITY_HOLDING,GHS,132196.62,132196.62,SBL-SOV-017052,SEC.BOND.5Y,1205,2023-04-15,2028-03-19,2028-03-19,0.2209,FIXED,132196.62,BR-001,12,GHGGB6399352
SECURITY.POSITION/3006013,SECURITY_HOLDING,GHS,170885.64,170885.64,SBL-SOV-017052,SEC.BOND.5Y,1205,2022-08-28,2027-08-02,2027-08-02,0.2147,FIXED,170885.64,BR-001,12,GHGGB5991370
SECURITY.POSITION/3006015,SECURITY_HOLDING,GHS,329134.05,329134.05,SBL-SOV-017052,SEC.BOND.5Y,1205,2023-08-26,2028-07-30,2028-07-30,0.2156,FIXED,329134.05,BR-001,12,GHGGB1703485
SECURITY.POSITION/3006016,SECURITY_HOLDING,GHS,431229.19,431229.19,SBL-SOV-017052,SEC.BOND.5Y,1205,2025-03-10,2030-02-12,2030-02-12,0.216,FIXED,431229.19,BR-001,12,GHGGB8625903
SECURITY.POSITION/3006017,SECURITY_HOLDING,GHS,237997.73,237997.73,SBL-SOV-017052,SEC.BOND.5Y,1205,2024-11-06,2029-10-11,2029-10-11,0.2204,FIXED,237997.73,BR-001,12,GHGGB9145584
SECURITY.POSITION/3006019,SECURITY_HOLDING,GHS,384225.78,384225.78,SBL-SOV-017052,SEC.BOND.10Y,1206,2018-10-15,2028-08-23,2028-08-23,0.2358,FIXED,384225.78,BR-001,12,GHGGB2060704
SECURITY.POSITION/3006020,SECURITY_HOLDING,GHS,1067138.78,1067138.78,SBL-SOV-017052,SEC.BOND.10Y,1206,2021-05-01,2031-03-10,2031-03-10,0.2387,FIXED,1067138.78,BR-001,12,GHGGB8985840
SECURITY.POSITION/3006021,SECURITY_HOLDING,GHS,183198.64,183198.64,SBL-SOV-017052,SEC.BOND.10Y,1206,2018-05-09,2028-03-17,2028-03-17,0.2382,FIXED,183198.64,BR-001,12,GHGGB8295788
SECURITY.POSITION/3006022,SECURITY_HOLDING,GHS,493768.01,493768.01,SBL-SOV-017052,SEC.BOND.10Y,1206,2020-11-22,2030-10-01,2030-10-01,0.2363,FIXED,493768.01,BR-001,12,GHGGB5412007
SECURITY.POSITION/3006023,SECURITY_HOLDING,GHS,163777.84,163777.84,SBL-SOV-017052,SEC.BOND.10Y,1206,2017-12-17,2027-10-26,2027-10-26,0.2324,FIXED,163777.84,BR-001,12,GHGGB6144770
SECURITY.POSITION/3006053,SECURITY_HOLDING,GHS,1113186.40,1113186.40,SBL-SOV-017052,SEC.BOND.2Y,1204,2024-09-15,2026-09-05,2026-09-05,0.1943,FIXED,1113186.40,BR-001,11,GHGGB4703763
SECURITY.POSITION/3006055,SECURITY_HOLDING,GHS,958242.25,958242.25,SBL-SOV-017052,SEC.BOND.2Y,1204,2024-12-21,2026-12-11,2026-12-11,0.1952,FIXED,958242.25,BR-001,11,GHGGB7564960
SECURITY.POSITION/3006056,SECURITY_HOLDING,GHS,2574702.29,2574702.29,SBL-SOV-017052,SEC.BOND.2Y,1204,2025-07-26,2027-07-16,2027-07-16,0.1881,FIXED,2574702.29,BR-001,11,GHGGB8017777
SECURITY.POSITION/3006058,SECURITY_HOLDING,GHS,894778.65,894778.65,SBL-SOV-017052,SEC.BOND.2Y,1204,2025-05-04,2027-04-24,2027-04-24,0.1911,FIXED,894778.65,BR-001,11,GHGGB9920496
SECURITY.POSITION/3006059,SECURITY_HOLDING,GHS,2419606.14,2419606.14,SBL-SOV-017052,SEC.BOND.2Y,1204,2025-06-14,2027-06-04,2027-06-04,0.1916,FIXED,2419606.14,BR-001,11,GHGGB9229551
SECURITY.POSITION/3006061,SECURITY_HOLDING,GHS,321479.16,321479.16,SBL-SOV-017052,SEC.BOND.5Y,1205,2024-11-28,2029-11-02,2029-11-02,0.2204,FIXED,321479.16,BR-001,11,GHGGB9599177
SECURITY.POSITION/3006062,SECURITY_HOLDING,GHS,270627.46,270627.46,SBL-SOV-017052,SEC.BOND.5Y,1205,2022-02-22,2027-01-27,2027-01-27,0.2249,FIXED,270627.46,BR-001,11,GHGGB7607339
SECURITY.POSITION/3006063,SECURITY_HOLDING,GHS,161204.03,161204.03,SBL-SOV-017052,SEC.BOND.5Y,1205,2025-04-29,2030-04-03,2030-04-03,0.2183,FIXED,161204.03,BR-001,11,GHGGB6569627
SECURITY.POSITION/3006064,SECURITY_HOLDING,GHS,460308.37,460308.37,SBL-SOV-017052,SEC.BOND.5Y,1205,2024-11-05,2029-10-10,2029-10-10,0.2224,FIXED,460308.37,BR-001,11,GHGGB1289681
SECURITY.POSITION/3006065,SECURITY_HOLDING,GHS,503521.20,503521.20,SBL-SOV-017052,SEC.BOND.5Y,1205,2023-05-05,2028-04-08,2028-04-08,0.2177,FIXED,503521.20,BR-001,11,GHGGB7844452
SECURITY.POSITION/3006067,SECURITY_HOLDING,GHS,422261.29,422261.29,SBL-SOV-017052,SEC.BOND.5Y,1205,2021-11-23,2026-10-28,2026-10-28,0.2192,FIXED,422261.29,BR-001,11,GHGGB1137949
SECURITY.POSITION/3006068,SECURITY_HOLDING,GHS,1000753.04,1000753.04,SBL-SOV-017052,SEC.BOND.5Y,1205,2024-06-12,2029-05-17,2029-05-17,0.2221,FIXED,1000753.04,BR-001,11,GHGGB3815578
SECURITY.POSITION/3006069,SECURITY_HOLDING,GHS,275203.08,275203.08,SBL-SOV-017052,SEC.BOND.5Y,1205,2023-08-14,2028-07-18,2028-07-18,0.2238,FIXED,275203.08,BR-001,11,GHGGB1594381
SECURITY.POSITION/3006070,SECURITY_HOLDING,GHS,303151.12,303151.12,SBL-SOV-017052,SEC.BOND.10Y,1206,2016-11-08,2026-09-17,2026-09-17,0.2406,FIXED,303151.12,BR-001,11,GHGGB2843579
SECURITY.POSITION/3006071,SECURITY_HOLDING,GHS,552457.99,552457.99,SBL-SOV-017052,SEC.BOND.10Y,1206,2024-01-20,2033-11-28,2033-11-28,0.2363,FIXED,552457.99,BR-001,11,GHGGB3088076
SECURITY.POSITION/3006072,SECURITY_HOLDING,GHS,314269.60,314269.60,SBL-SOV-017052,SEC.BOND.10Y,1206,2020-04-07,2030-02-14,2030-02-14,0.2348,FIXED,314269.60,BR-001,11,GHGGB6905494
SECURITY.POSITION/3006073,SECURITY_HOLDING,GHS,273555.16,273555.16,SBL-SOV-017052,SEC.BOND.10Y,1206,2020-04-27,2030-03-06,2030-03-06,0.2388,FIXED,273555.16,BR-001,11,GHGGB2588076
SECURITY.POSITION/3006074,SECURITY_HOLDING,GHS,238051.45,238051.45,SBL-SOV-017052,SEC.BOND.10Y,1206,2020-01-27,2029-12-05,2029-12-05,0.2392,FIXED,238051.45,BR-001,11,GHGGB6701978
SECURITY.POSITION/3006075,SECURITY_HOLDING,GHS,384456.76,384456.76,SBL-SOV-017052,SEC.BOND.10Y,1206,2021-03-03,2031-01-10,2031-01-10,0.24,FIXED,384456.76,BR-001,11,GHGGB2245804
SECURITY.POSITION/3006089,SECURITY_HOLDING,GHS,1832780.82,1832780.82,SBL-SOV-017052,SEC.TBILL.364,1203,2025-07-08,2026-07-03,2026-07-03,0.1905,FIXED,1832780.82,BR-001,10,GHGGB7582002
SECURITY.POSITION/3006094,SECURITY_HOLDING,GHS,3482113.58,3482113.58,SBL-SOV-017052,SEC.TBILL.364,1203,2025-07-11,2026-07-06,2026-07-06,0.1843,FIXED,3482113.58,BR-001,10,GHGGB8333770
SECURITY.POSITION/3006096,SECURITY_HOLDING,GHS,532070.78,532070.78,SBL-SOV-017052,SEC.BOND.2Y,1204,2025-05-14,2027-05-04,2027-05-04,0.1898,FIXED,532070.78,BR-001,10,GHGGB5287466
SECURITY.POSITION/3006098,SECURITY_HOLDING,GHS,167669.45,167669.45,SBL-SOV-017052,SEC.BOND.2Y,1204,2024-10-10,2026-09-30,2026-09-30,0.194,FIXED,167669.45,BR-001,10,GHGGB9851179
SECURITY.POSITION/3006100,SECURITY_HOLDING,GHS,1314430.34,1314430.34,SBL-SOV-017052,SEC.BOND.2Y,1204,2024-12-22,2026-12-12,2026-12-12,0.1932,FIXED,1314430.34,BR-001,10,GHGGB9637108
SECURITY.POSITION/3006101,SECURITY_HOLDING,GHS,3148978.53,3148978.53,SBL-SOV-017052,SEC.BOND.2Y,1204,2024-08-10,2026-07-31,2026-07-31,0.1963,FIXED,3148978.53,BR-001,10,GHGGB5922233
SECURITY.POSITION/3006103,SECURITY_HOLDING,GHS,1484898.81,1484898.81,SBL-SOV-017052,SEC.BOND.5Y,1205,2023-03-12,2028-02-14,2028-02-14,0.2208,FIXED,1484898.81,BR-001,10,GHGGB5473562
SECURITY.POSITION/3006104,SECURITY_HOLDING,GHS,1209417.33,1209417.33,SBL-SOV-017052,SEC.BOND.5Y,1205,2025-03-05,2030-02-07,2030-02-07,0.216,FIXED,1209417.33,BR-001,10,GHGGB5404358
SECURITY.POSITION/3006105,SECURITY_HOLDING,GHS,2695429.12,2695429.12,SBL-SOV-017052,SEC.BOND.5Y,1205,2025-05-10,2030-04-14,2030-04-14,0.2148,FIXED,2695429.12,BR-001,10,GHGGB3360270
SECURITY.POSITION/3006106,SECURITY_HOLDING,GHS,1101480.60,1101480.60,SBL-SOV-017052,SEC.BOND.5Y,1205,2024-08-24,2029-07-29,2029-07-29,0.216,FIXED,1101480.60,BR-001,10,GHGGB8449677
SECURITY.POSITION/3006107,SECURITY_HOLDING,GHS,204597.04,204597.04,SBL-SOV-017052,SEC.BOND.5Y,1205,2024-03-20,2029-02-22,2029-02-22,0.2185,FIXED,204597.04,BR-001,10,GHGGB5904532
SECURITY.POSITION/3006109,SECURITY_HOLDING,GHS,242722.10,242722.10,SBL-SOV-017052,SEC.BOND.10Y,1206,2021-01-21,2030-11-30,2030-11-30,0.2445,FIXED,242722.10,BR-001,10,GHGGB9797281
SECURITY.POSITION/3006110,SECURITY_HOLDING,GHS,676588.16,676588.16,SBL-SOV-017052,SEC.BOND.10Y,1206,2018-12-22,2028-10-30,2028-10-30,0.2388,FIXED,676588.16,BR-001,10,GHGGB2704276
SECURITY.POSITION/3006111,SECURITY_HOLDING,GHS,782325.02,782325.02,SBL-SOV-017052,SEC.BOND.10Y,1206,2024-06-13,2034-04-22,2034-04-22,0.2451,FIXED,782325.02,BR-001,10,GHGGB5210412
SECURITY.POSITION/3006113,SECURITY_HOLDING,GHS,96748.45,96748.45,SBL-SOV-017052,SEC.BOND.10Y,1206,2025-05-22,2035-03-31,2035-03-31,0.2429,FIXED,96748.45,BR-001,10,GHGGB1903435
SECURITY.POSITION/3006114,SECURITY_HOLDING,GHS,203047.31,203047.31,SBL-SOV-017052,SEC.BOND.10Y,1206,2025-05-02,2035-03-11,2035-03-11,0.2433,FIXED,203047.31,BR-001,10,GHGGB9277806
SECURITY.POSITION/3006115,SECURITY_HOLDING,GHS,445128.32,445128.32,SBL-SOV-017052,SEC.BOND.10Y,1206,2025-06-01,2035-04-10,2035-04-10,0.2449,FIXED,445128.32,BR-001,10,GHGGB8467170
SECURITY.POSITION/3006116,SECURITY_HOLDING,GHS,160395.22,160395.22,SBL-SOV-017052,SEC.BOND.10Y,1206,2024-04-04,2034-02-11,2034-02-11,0.2476,FIXED,160395.22,BR-001,10,GHGGB1332763
SECURITY.POSITION/3006144,SECURITY_HOLDING,GHS,309445.29,309445.29,SBL-SOV-017052,SEC.TBILL.364,1203,2025-07-11,2026-07-06,2026-07-06,0.1887,FIXED,309445.29,BR-001,9,GHGGB7592049
SECURITY.POSITION/3006148,SECURITY_HOLDING,GHS,4060437.48,4060437.48,SBL-SOV-017052,SEC.TBILL.364,1203,2025-07-27,2026-07-22,2026-07-22,0.1861,FIXED,4060437.48,BR-001,9,GHGGB6080856
SECURITY.POSITION/3006154,SECURITY_HOLDING,GHS,802201.01,802201.01,SBL-SOV-017052,SEC.BOND.2Y,1204,2025-05-29,2027-05-19,2027-05-19,0.1934,FIXED,802201.01,BR-001,9,GHGGB3606395
SECURITY.POSITION/3006155,SECURITY_HOLDING,GHS,685395.06,685395.06,SBL-SOV-017052,SEC.BOND.2Y,1204,2025-06-13,2027-06-03,2027-06-03,0.1916,FIXED,685395.06,BR-001,9,GHGGB7470829
SECURITY.POSITION/3006156,SECURITY_HOLDING,GHS,2420699.50,2420699.50,SBL-SOV-017052,SEC.BOND.2Y,1204,2025-04-16,2027-04-06,2027-04-06,0.197,FIXED,2420699.50,BR-001,9,GHGGB3181526
SECURITY.POSITION/3006157,SECURITY_HOLDING,GHS,916216.22,916216.22,SBL-SOV-017052,SEC.BOND.2Y,1204,2024-07-30,2026-07-20,2026-07-20,0.1926,FIXED,916216.22,BR-001,9,GHGGB5457641
SECURITY.POSITION/3006158,SECURITY_HOLDING,GHS,745348.67,745348.67,SBL-SOV-017052,SEC.BOND.2Y,1204,2025-06-17,2027-06-07,2027-06-07,0.1897,FIXED,745348.67,BR-001,9,GHGGB4090126
SECURITY.POSITION/3006160,SECURITY_HOLDING,GHS,701500.38,701500.38,SBL-SOV-017052,SEC.BOND.5Y,1205,2023-07-20,2028-06-23,2028-06-23,0.2193,FIXED,701500.38,BR-001,9,GHGGB1321457
SECURITY.POSITION/3006161,SECURITY_HOLDING,GHS,621372.88,621372.88,SBL-SOV-017052,SEC.BOND.5Y,1205,2023-07-30,2028-07-03,2028-07-03,0.2212,FIXED,621372.88,BR-001,9,GHGGB7410219
SECURITY.POSITION/3006162,SECURITY_HOLDING,GHS,294036.49,294036.49,SBL-SOV-017052,SEC.BOND.5Y,1205,2024-05-24,2029-04-28,2029-04-28,0.2161,FIXED,294036.49,BR-001,9,GHGGB2631119
SECURITY.POSITION/3006163,SECURITY_HOLDING,GHS,864604.86,864604.86,SBL-SOV-017052,SEC.BOND.5Y,1205,2022-04-08,2027-03-13,2027-03-13,0.2171,FIXED,864604.86,BR-001,9,GHGGB5057649
SECURITY.POSITION/3006164,SECURITY_HOLDING,GHS,495846.33,495846.33,SBL-SOV-017052,SEC.BOND.5Y,1205,2024-12-09,2029-11-13,2029-11-13,0.2252,FIXED,495846.33,BR-001,9,GHGGB1418057
SECURITY.POSITION/3006165,SECURITY_HOLDING,GHS,342828.54,342828.54,SBL-SOV-017052,SEC.BOND.5Y,1205,2025-03-28,2030-03-02,2030-03-02,0.2206,FIXED,342828.54,BR-001,9,GHGGB8692220
SECURITY.POSITION/3006166,SECURITY_HOLDING,GHS,375626.75,375626.75,SBL-SOV-017052,SEC.BOND.5Y,1205,2023-10-11,2028-09-14,2028-09-14,0.2242,FIXED,375626.75,BR-001,9,GHGGB1391298
SECURITY.POSITION/3006167,SECURITY_HOLDING,GHS,311229.25,311229.25,SBL-SOV-017052,SEC.BOND.5Y,1205,2022-05-15,2027-04-19,2027-04-19,0.2216,FIXED,311229.25,BR-001,9,GHGGB1715021
SECURITY.POSITION/3006168,SECURITY_HOLDING,GHS,234095.41,234095.41,SBL-SOV-017052,SEC.BOND.5Y,1205,2025-03-02,2030-02-04,2030-02-04,0.2205,FIXED,234095.41,BR-001,9,GHGGB7256822
SECURITY.POSITION/3006169,SECURITY_HOLDING,GHS,319285.46,319285.46,SBL-SOV-017052,SEC.BOND.5Y,1205,2025-07-21,2030-06-25,2030-06-25,0.2227,FIXED,319285.46,BR-001,9,GHGGB3164964
SECURITY.POSITION/3006170,SECURITY_HOLDING,GHS,192051.99,192051.99,SBL-SOV-017052,SEC.BOND.5Y,1205,2025-06-11,2030-05-16,2030-05-16,0.216,FIXED,192051.99,BR-001,9,GHGGB2665488
SECURITY.POSITION/3006171,SECURITY_HOLDING,GHS,311559.47,311559.47,SBL-SOV-017052,SEC.BOND.5Y,1205,2021-08-18,2026-07-23,2026-07-23,0.2252,FIXED,311559.47,BR-001,9,GHGGB9285308
SECURITY.POSITION/3006172,SECURITY_HOLDING,GHS,643636.83,643636.83,SBL-SOV-017052,SEC.BOND.10Y,1206,2023-04-22,2033-02-28,2033-02-28,0.244,FIXED,643636.83,BR-001,9,GHGGB1832021
SECURITY.POSITION/3006173,SECURITY_HOLDING,GHS,402295.33,402295.33,SBL-SOV-017052,SEC.BOND.10Y,1206,2020-11-02,2030-09-11,2030-09-11,0.2402,FIXED,402295.33,BR-001,9,GHGGB1015300
SECURITY.POSITION/3006174,SECURITY_HOLDING,GHS,285407.76,285407.76,SBL-SOV-017052,SEC.BOND.10Y,1206,2017-02-11,2026-12-21,2026-12-21,0.2397,FIXED,285407.76,BR-001,9,GHGGB2032790
SECURITY.POSITION/3006175,SECURITY_HOLDING,GHS,118431.15,118431.15,SBL-SOV-017052,SEC.BOND.10Y,1206,2024-02-02,2033-12-11,2033-12-11,0.242,FIXED,118431.15,BR-001,9,GHGGB7195524
SECURITY.POSITION/3006176,SECURITY_HOLDING,GHS,37875.41,37875.41,SBL-SOV-017052,SEC.BOND.10Y,1206,2021-04-16,2031-02-23,2031-02-23,0.2356,FIXED,37875.41,BR-001,9,GHGGB6025691
SECURITY.POSITION/3006177,SECURITY_HOLDING,GHS,188206.69,188206.69,SBL-SOV-017052,SEC.BOND.10Y,1206,2018-01-20,2027-11-29,2027-11-29,0.2426,FIXED,188206.69,BR-001,9,GHGGB3745108
SECURITY.POSITION/3006178,SECURITY_HOLDING,GHS,212625.85,212625.85,SBL-SOV-017052,SEC.BOND.10Y,1206,2020-07-10,2030-05-19,2030-05-19,0.2427,FIXED,212625.85,BR-001,9,GHGGB8484009
SECURITY.POSITION/3006179,SECURITY_HOLDING,GHS,591840.22,591840.22,SBL-SOV-017052,SEC.BOND.10Y,1206,2018-02-08,2027-12-18,2027-12-18,0.2385,FIXED,591840.22,BR-001,9,GHGGB2812450
SECURITY.POSITION/3006180,SECURITY_HOLDING,GHS,633364.57,633364.57,SBL-SOV-017052,SEC.BOND.10Y,1206,2024-06-10,2034-04-19,2034-04-19,0.2398,FIXED,633364.57,BR-001,9,GHGGB7816045
SECURITY.POSITION/3006206,SECURITY_HOLDING,GHS,763804.23,763804.23,SBL-SOV-017052,SEC.BOND.2Y,1204,2024-12-16,2026-12-06,2026-12-06,0.1954,FIXED,763804.23,BR-001,8,GHGGB3290095
SECURITY.POSITION/3006208,SECURITY_HOLDING,GHS,1222017.44,1222017.44,SBL-SOV-017052,SEC.BOND.2Y,1204,2025-06-20,2027-06-10,2027-06-10,0.1942,FIXED,1222017.44,BR-001,8,GHGGB5290632
SECURITY.POSITION/3006209,SECURITY_HOLDING,GHS,985854.85,985854.85,SBL-SOV-017052,SEC.BOND.2Y,1204,2025-05-16,2027-05-06,2027-05-06,0.1951,FIXED,985854.85,BR-001,8,GHGGB8532776
SECURITY.POSITION/3006211,SECURITY_HOLDING,GHS,785079.06,785079.06,SBL-SOV-017052,SEC.BOND.2Y,1204,2024-10-29,2026-10-19,2026-10-19,0.1928,FIXED,785079.06,BR-001,8,GHGGB6058571
SECURITY.POSITION/3006212,SECURITY_HOLDING,GHS,595313.91,595313.91,SBL-SOV-017052,SEC.BOND.2Y,1204,2025-07-29,2027-07-19,2027-07-19,0.1986,FIXED,595313.91,BR-001,8,GHGGB3890699
SECURITY.POSITION/3006214,SECURITY_HOLDING,GHS,209301.79,209301.79,SBL-SOV-017052,SEC.BOND.5Y,1205,2023-11-19,2028-10-23,2028-10-23,0.2225,FIXED,209301.79,BR-001,8,GHGGB9884524
SECURITY.POSITION/3006215,SECURITY_HOLDING,GHS,666861.25,666861.25,SBL-SOV-017052,SEC.BOND.5Y,1205,2023-06-24,2028-05-28,2028-05-28,0.2197,FIXED,666861.25,BR-001,8,GHGGB3737908
SECURITY.POSITION/3006216,SECURITY_HOLDING,GHS,239957.44,239957.44,SBL-SOV-017052,SEC.BOND.5Y,1205,2025-01-23,2029-12-28,2029-12-28,0.223,FIXED,239957.44,BR-001,8,GHGGB3897653
SECURITY.POSITION/3006217,SECURITY_HOLDING,GHS,533545.40,533545.40,SBL-SOV-017052,SEC.BOND.5Y,1205,2024-08-10,2029-07-15,2029-07-15,0.2194,FIXED,533545.40,BR-001,8,GHGGB2038584
SECURITY.POSITION/3006218,SECURITY_HOLDING,GHS,448052.34,448052.34,SBL-SOV-017052,SEC.BOND.5Y,1205,2022-08-15,2027-07-20,2027-07-20,0.2275,FIXED,448052.34,BR-001,8,GHGGB4135957
SECURITY.POSITION/3006219,SECURITY_HOLDING,GHS,452913.37,452913.37,SBL-SOV-017052,SEC.BOND.5Y,1205,2024-05-05,2029-04-09,2029-04-09,0.2203,FIXED,452913.37,BR-001,8,GHGGB2894173
SECURITY.POSITION/3006220,SECURITY_HOLDING,GHS,49999.89,49999.89,SBL-SOV-017052,SEC.BOND.5Y,1205,2025-07-08,2030-06-12,2030-06-12,0.2248,FIXED,49999.89,BR-001,8,GHGGB6517165
SECURITY.POSITION/3006221,SECURITY_HOLDING,GHS,299630.27,299630.27,SBL-SOV-017052,SEC.BOND.5Y,1205,2024-10-10,2029-09-14,2029-09-14,0.2196,FIXED,299630.27,BR-001,8,GHGGB5002237
SECURITY.POSITION/3006222,SECURITY_HOLDING,GHS,92787.70,92787.70,SBL-SOV-017052,SEC.BOND.5Y,1205,2024-02-21,2029-01-25,2029-01-25,0.2192,FIXED,92787.70,BR-001,8,GHGGB9635024
SECURITY.POSITION/3006223,SECURITY_HOLDING,GHS,37686.97,37686.97,SBL-SOV-017052,SEC.BOND.5Y,1205,2024-11-13,2029-10-18,2029-10-18,0.2217,FIXED,37686.97,BR-001,8,GHGGB3065642
SECURITY.POSITION/3006224,SECURITY_HOLDING,GHS,556279.73,556279.73,SBL-SOV-017052,SEC.BOND.5Y,1205,2023-04-29,2028-04-02,2028-04-02,0.2249,FIXED,556279.73,BR-001,8,GHGGB2880743
SECURITY.POSITION/3006225,SECURITY_HOLDING,GHS,496250.73,496250.73,SBL-SOV-017052,SEC.BOND.5Y,1205,2023-05-28,2028-05-01,2028-05-01,0.2196,FIXED,496250.73,BR-001,8,GHGGB2932926
SECURITY.POSITION/3006226,SECURITY_HOLDING,GHS,42414.41,42414.41,SBL-SOV-017052,SEC.BOND.10Y,1206,2023-03-01,2033-01-07,2033-01-07,0.2397,FIXED,42414.41,BR-001,8,GHGGB2518500
SECURITY.POSITION/3006227,SECURITY_HOLDING,GHS,81668.51,81668.51,SBL-SOV-017052,SEC.BOND.10Y,1206,2024-05-17,2034-03-26,2034-03-26,0.2371,FIXED,81668.51,BR-001,8,GHGGB7379211
SECURITY.POSITION/3006228,SECURITY_HOLDING,GHS,172023.92,172023.92,SBL-SOV-017052,SEC.BOND.10Y,1206,2024-05-17,2034-03-26,2034-03-26,0.2384,FIXED,172023.92,BR-001,8,GHGGB3923943
SECURITY.POSITION/3006229,SECURITY_HOLDING,GHS,58987.59,58987.59,SBL-SOV-017052,SEC.BOND.10Y,1206,2016-11-28,2026-10-07,2026-10-07,0.2371,FIXED,58987.59,BR-001,8,GHGGB4193184
SECURITY.POSITION/3006230,SECURITY_HOLDING,GHS,110020.04,110020.04,SBL-SOV-017052,SEC.BOND.10Y,1206,2023-08-29,2033-07-07,2033-07-07,0.236,FIXED,110020.04,BR-001,8,GHGGB2219825
SECURITY.POSITION/3006231,SECURITY_HOLDING,GHS,90774.05,90774.05,SBL-SOV-017052,SEC.BOND.10Y,1206,2024-01-31,2033-12-09,2033-12-09,0.2359,FIXED,90774.05,BR-001,8,GHGGB1592961
SECURITY.POSITION/3006232,SECURITY_HOLDING,GHS,56436.89,56436.89,SBL-SOV-017052,SEC.BOND.10Y,1206,2025-10-27,2035-09-05,2035-09-05,0.2396,FIXED,56436.89,BR-001,8,GHGGB1607456
SECURITY.POSITION/3006233,SECURITY_HOLDING,GHS,109212.69,109212.69,SBL-SOV-017052,SEC.BOND.10Y,1206,2019-03-31,2029-02-06,2029-02-06,0.2358,FIXED,109212.69,BR-001,8,GHGGB5176904
SECURITY.POSITION/3006235,SECURITY_HOLDING,GHS,75530.69,75530.69,SBL-SOV-017052,SEC.BOND.10Y,1206,2019-03-02,2029-01-08,2029-01-08,0.2398,FIXED,75530.69,BR-001,8,GHGGB1864885
SECURITY.POSITION/3006260,SECURITY_HOLDING,GHS,2302480.46,2302480.46,SBL-SOV-017052,SEC.TBILL.364,1203,2025-10-10,2026-10-05,2026-10-05,0.1817,FIXED,2302480.46,BR-001,7,GHGGB4545785
SECURITY.POSITION/3006261,SECURITY_HOLDING,GHS,1001436.87,1001436.87,SBL-SOV-017052,SEC.TBILL.364,1203,2025-07-22,2026-07-17,2026-07-17,0.1797,FIXED,1001436.87,BR-001,7,GHGGB7338520
SECURITY.POSITION/3006263,SECURITY_HOLDING,GHS,5740549.91,5740549.91,SBL-SOV-017052,SEC.TBILL.364,1203,2025-07-15,2026-07-10,2026-07-10,0.1814,FIXED,5740549.91,BR-001,7,GHGGB2917488
SECURITY.POSITION/3006267,SECURITY_HOLDING,GHS,2485698.94,2485698.94,SBL-SOV-017052,SEC.TBILL.364,1203,2025-11-13,2026-11-08,2026-11-08,0.183,FIXED,2485698.94,BR-001,7,GHGGB5121560
SECURITY.POSITION/3006269,SECURITY_HOLDING,GHS,980318.70,980318.70,SBL-SOV-017052,SEC.BOND.2Y,1204,2024-08-01,2026-07-22,2026-07-22,0.191,FIXED,980318.70,BR-001,7,GHGGB9728014
SECURITY.POSITION/3006272,SECURITY_HOLDING,GHS,383268.87,383268.87,SBL-SOV-017052,SEC.BOND.2Y,1204,2024-12-30,2026-12-20,2026-12-20,0.1947,FIXED,383268.87,BR-001,7,GHGGB1033370
SECURITY.POSITION/3006274,SECURITY_HOLDING,GHS,810697.18,810697.18,SBL-SOV-017052,SEC.BOND.2Y,1204,2025-09-06,2027-08-27,2027-08-27,0.1937,FIXED,810697.18,BR-001,7,GHGGB9337413
SECURITY.POSITION/3006275,SECURITY_HOLDING,GHS,528581.25,528581.25,SBL-SOV-017052,SEC.BOND.2Y,1204,2025-04-14,2027-04-04,2027-04-04,0.1991,FIXED,528581.25,BR-001,7,GHGGB8621893
SECURITY.POSITION/3006276,SECURITY_HOLDING,GHS,275230.89,275230.89,SBL-SOV-017052,SEC.BOND.2Y,1204,2025-03-01,2027-02-19,2027-02-19,0.1903,FIXED,275230.89,BR-001,7,GHGGB6213931
SECURITY.POSITION/3006277,SECURITY_HOLDING,GHS,868287.55,868287.55,SBL-SOV-017052,SEC.BOND.2Y,1204,2024-11-09,2026-10-30,2026-10-30,0.1924,FIXED,868287.55,BR-001,7,GHGGB6918366
SECURITY.POSITION/3006278,SECURITY_HOLDING,GHS,864369.70,864369.70,SBL-SOV-017052,SEC.BOND.2Y,1204,2025-01-08,2026-12-29,2026-12-29,0.1894,FIXED,864369.70,BR-001,7,GHGGB5351628
SECURITY.POSITION/3006279,SECURITY_HOLDING,GHS,1425998.33,1425998.33,SBL-SOV-017052,SEC.BOND.2Y,1204,2025-05-28,2027-05-18,2027-05-18,0.198,FIXED,1425998.33,BR-001,7,GHGGB4226340
SECURITY.POSITION/3006280,SECURITY_HOLDING,GHS,454779.59,454779.59,SBL-SOV-017052,SEC.BOND.2Y,1204,2025-10-17,2027-10-07,2027-10-07,0.1918,FIXED,454779.59,BR-001,7,GHGGB7279526
SECURITY.POSITION/3006281,SECURITY_HOLDING,GHS,194831.81,194831.81,SBL-SOV-017052,SEC.BOND.5Y,1205,2024-05-06,2029-04-10,2029-04-10,0.2142,FIXED,194831.81,BR-001,7,GHGGB8223275
SECURITY.POSITION/3006282,SECURITY_HOLDING,GHS,222373.83,222373.83,SBL-SOV-017052,SEC.BOND.5Y,1205,2022-07-02,2027-06-06,2027-06-06,0.2208,FIXED,222373.83,BR-001,7,GHGGB5017972
SECURITY.POSITION/3006283,SECURITY_HOLDING,GHS,430254.58,430254.58,SBL-SOV-017052,SEC.BOND.5Y,1205,2022-04-01,2027-03-06,2027-03-06,0.218,FIXED,430254.58,BR-001,7,GHGGB5914653
SECURITY.POSITION/3006284,SECURITY_HOLDING,GHS,318966.60,318966.60,SBL-SOV-017052,SEC.BOND.5Y,1205,2023-03-22,2028-02-24,2028-02-24,0.2229,FIXED,318966.60,BR-001,7,GHGGB8815629
SECURITY.POSITION/3006285,SECURITY_HOLDING,GHS,95291.92,95291.92,SBL-SOV-017052,SEC.BOND.5Y,1205,2024-01-21,2028-12-25,2028-12-25,0.2138,FIXED,95291.92,BR-001,7,GHGGB7614367
SECURITY.POSITION/3006286,SECURITY_HOLDING,GHS,303349.40,303349.40,SBL-SOV-017052,SEC.BOND.5Y,1205,2024-01-07,2028-12-11,2028-12-11,0.222,FIXED,303349.40,BR-001,7,GHGGB6661506
SECURITY.POSITION/3006288,SECURITY_HOLDING,GHS,426154.03,426154.03,SBL-SOV-017052,SEC.BOND.5Y,1205,2022-12-04,2027-11-08,2027-11-08,0.2214,FIXED,426154.03,BR-001,7,GHGGB7540165
SECURITY.POSITION/3006289,SECURITY_HOLDING,GHS,479499.40,479499.40,SBL-SOV-017052,SEC.BOND.5Y,1205,2023-11-10,2028-10-14,2028-10-14,0.2163,FIXED,479499.40,BR-001,7,GHGGB6884981
SECURITY.POSITION/3006290,SECURITY_HOLDING,GHS,66923.06,66923.06,SBL-SOV-017052,SEC.BOND.5Y,1205,2021-10-23,2026-09-27,2026-09-27,0.2148,FIXED,66923.06,BR-001,7,GHGGB6452679
SECURITY.POSITION/3006291,SECURITY_HOLDING,GHS,221915.82,221915.82,SBL-SOV-017052,SEC.BOND.5Y,1205,2023-09-10,2028-08-14,2028-08-14,0.2142,FIXED,221915.82,BR-001,7,GHGGB6327862
SECURITY.POSITION/3006292,SECURITY_HOLDING,GHS,63082.28,63082.28,SBL-SOV-017052,SEC.BOND.5Y,1205,2025-05-03,2030-04-07,2030-04-07,0.2149,FIXED,63082.28,BR-001,7,GHGGB4665452
SECURITY.POSITION/3006316,SECURITY_HOLDING,GHS,912898.54,912898.54,SBL-SOV-017052,SEC.TBILL.364,1203,2025-08-04,2026-07-30,2026-07-30,0.1879,FIXED,912898.54,BR-001,6,GHGGB6412222
SECURITY.POSITION/3006317,SECURITY_HOLDING,GHS,2289146.48,2289146.48,SBL-SOV-017052,SEC.TBILL.364,1203,2025-10-08,2026-10-03,2026-10-03,0.1822,FIXED,2289146.48,BR-001,6,GHGGB5545972
SECURITY.POSITION/3006318,SECURITY_HOLDING,GHS,2794777.30,2794777.30,SBL-SOV-017052,SEC.TBILL.364,1203,2025-10-14,2026-10-09,2026-10-09,0.1871,FIXED,2794777.30,BR-001,6,GHGGB7887696
SECURITY.POSITION/3006320,SECURITY_HOLDING,GHS,2278177.08,2278177.08,SBL-SOV-017052,SEC.TBILL.364,1203,2025-08-28,2026-08-23,2026-08-23,0.1925,FIXED,2278177.08,BR-001,6,GHGGB6485400
SECURITY.POSITION/3006321,SECURITY_HOLDING,GHS,285057.86,285057.86,SBL-SOV-017052,SEC.TBILL.364,1203,2025-12-13,2026-12-08,2026-12-08,0.1899,FIXED,285057.86,BR-001,6,GHGGB6698088
SECURITY.POSITION/3006322,SECURITY_HOLDING,GHS,657552.16,657552.16,SBL-SOV-017052,SEC.TBILL.364,1203,2025-12-12,2026-12-07,2026-12-07,0.1851,FIXED,657552.16,BR-001,6,GHGGB7257068
SECURITY.POSITION/3006323,SECURITY_HOLDING,GHS,3402573.99,3402573.99,SBL-SOV-017052,SEC.TBILL.364,1203,2025-08-21,2026-08-16,2026-08-16,0.1869,FIXED,3402573.99,BR-001,6,GHGGB9576018
SECURITY.POSITION/3006324,SECURITY_HOLDING,GHS,2022132.69,2022132.69,SBL-SOV-017052,SEC.TBILL.364,1203,2025-09-12,2026-09-07,2026-09-07,0.1819,FIXED,2022132.69,BR-001,6,GHGGB6634252
SECURITY.POSITION/3006325,SECURITY_HOLDING,GHS,2747064.70,2747064.70,SBL-SOV-017052,SEC.TBILL.364,1203,2025-12-18,2026-12-13,2026-12-13,0.1848,FIXED,2747064.70,BR-001,6,GHGGB5156691
SECURITY.POSITION/3006327,SECURITY_HOLDING,GHS,771267.98,771267.98,SBL-SOV-017052,SEC.BOND.2Y,1204,2024-07-25,2026-07-15,2026-07-15,0.1911,FIXED,771267.98,BR-001,6,GHGGB3194199
SECURITY.POSITION/3006328,SECURITY_HOLDING,GHS,2224271.35,2224271.35,SBL-SOV-017052,SEC.BOND.2Y,1204,2025-05-09,2027-04-29,2027-04-29,0.1956,FIXED,2224271.35,BR-001,6,GHGGB3861076
SECURITY.POSITION/3006329,SECURITY_HOLDING,GHS,438870.95,438870.95,SBL-SOV-017052,SEC.BOND.2Y,1204,2025-12-07,2027-11-27,2027-11-27,0.1975,FIXED,438870.95,BR-001,6,GHGGB4693809
SECURITY.POSITION/3006331,SECURITY_HOLDING,GHS,496636.95,496636.95,SBL-SOV-017052,SEC.BOND.2Y,1204,2025-09-27,2027-09-17,2027-09-17,0.1921,FIXED,496636.95,BR-001,6,GHGGB6452050
SECURITY.POSITION/3006332,SECURITY_HOLDING,GHS,1765666.51,1765666.51,SBL-SOV-017052,SEC.BOND.2Y,1204,2025-03-14,2027-03-04,2027-03-04,0.1923,FIXED,1765666.51,BR-001,6,GHGGB5407477
SECURITY.POSITION/3006334,SECURITY_HOLDING,GHS,1307935.20,1307935.20,SBL-SOV-017052,SEC.BOND.5Y,1205,2024-09-02,2029-08-07,2029-08-07,0.2175,FIXED,1307935.20,BR-001,6,GHGGB3856517
SECURITY.POSITION/3006335,SECURITY_HOLDING,GHS,1974660.69,1974660.69,SBL-SOV-017052,SEC.BOND.5Y,1205,2022-11-20,2027-10-25,2027-10-25,0.2159,FIXED,1974660.69,BR-001,6,GHGGB3603072
SECURITY.POSITION/3006336,SECURITY_HOLDING,GHS,1124971.14,1124971.14,SBL-SOV-017052,SEC.BOND.5Y,1205,2024-08-23,2029-07-28,2029-07-28,0.2232,FIXED,1124971.14,BR-001,6,GHGGB8341977
SECURITY.POSITION/3006337,SECURITY_HOLDING,GHS,1663075.59,1663075.59,SBL-SOV-017052,SEC.BOND.5Y,1205,2022-09-22,2027-08-27,2027-08-27,0.2185,FIXED,1663075.59,BR-001,6,GHGGB4176335
SECURITY.POSITION/3006338,SECURITY_HOLDING,GHS,1157405.78,1157405.78,SBL-SOV-017052,SEC.BOND.5Y,1205,2025-03-22,2030-02-24,2030-02-24,0.2175,FIXED,1157405.78,BR-001,6,GHGGB1108408
SECURITY.POSITION/3006339,SECURITY_HOLDING,GHS,1174120.39,1174120.39,SBL-SOV-017052,SEC.BOND.5Y,1205,2022-11-07,2027-10-12,2027-10-12,0.2172,FIXED,1174120.39,BR-001,6,GHGGB7119977
SECURITY.POSITION/3006340,SECURITY_HOLDING,GHS,474194.16,474194.16,SBL-SOV-017052,SEC.BOND.10Y,1206,2020-07-15,2030-05-24,2030-05-24,0.2377,FIXED,474194.16,BR-001,6,GHGGB4541625
SECURITY.POSITION/3006341,SECURITY_HOLDING,GHS,1190852.56,1190852.56,SBL-SOV-017052,SEC.BOND.10Y,1206,2023-02-09,2032-12-18,2032-12-18,0.2369,FIXED,1190852.56,BR-001,6,GHGGB2021497
SECURITY.POSITION/3006342,SECURITY_HOLDING,GHS,260522.77,260522.77,SBL-SOV-017052,SEC.BOND.10Y,1206,2019-02-09,2028-12-18,2028-12-18,0.2423,FIXED,260522.77,BR-001,6,GHGGB3368609
SECURITY.POSITION/3006343,SECURITY_HOLDING,GHS,1115318.92,1115318.92,SBL-SOV-017052,SEC.BOND.10Y,1206,2021-04-14,2031-02-21,2031-02-21,0.2427,FIXED,1115318.92,BR-001,6,GHGGB3507166
SECURITY.POSITION/3006344,SECURITY_HOLDING,GHS,605125.54,605125.54,SBL-SOV-017052,SEC.BOND.10Y,1206,2018-06-15,2028-04-23,2028-04-23,0.2414,FIXED,605125.54,BR-001,6,GHGGB2835362
SECURITY.POSITION/3006345,SECURITY_HOLDING,GHS,907722.90,907722.90,SBL-SOV-017052,SEC.BOND.10Y,1206,2022-07-27,2032-06-04,2032-06-04,0.2452,FIXED,907722.90,BR-001,6,GHGGB3974792
SECURITY.POSITION/3006346,SECURITY_HOLDING,GHS,805136.73,805136.73,SBL-SOV-017052,SEC.BOND.10Y,1206,2018-11-16,2028-09-24,2028-09-24,0.2383,FIXED,805136.73,BR-001,6,GHGGB4159985
SECURITY.POSITION/3006359,SECURITY_HOLDING,GHS,4422000.09,4422000.09,SBL-SOV-017052,SEC.TBILL.182,1202,2026-01-10,2026-07-09,2026-07-09,0.1732,FIXED,4422000.09,BR-001,5,GHGGB9468579
SECURITY.POSITION/3006369,SECURITY_HOLDING,GHS,37579.12,37579.12,SBL-SOV-017052,SEC.TBILL.364,1203,2025-10-26,2026-10-21,2026-10-21,0.18,FIXED,37579.12,BR-001,5,GHGGB1240572
SECURITY.POSITION/3006370,SECURITY_HOLDING,GHS,503427.99,503427.99,SBL-SOV-017052,SEC.TBILL.364,1203,2025-08-20,2026-08-15,2026-08-15,0.185,FIXED,503427.99,BR-001,5,GHGGB4893727
SECURITY.POSITION/3006371,SECURITY_HOLDING,GHS,293289.17,293289.17,SBL-SOV-017052,SEC.TBILL.364,1203,2025-11-22,2026-11-17,2026-11-17,0.1848,FIXED,293289.17,BR-001,5,GHGGB4153107
SECURITY.POSITION/3006373,SECURITY_HOLDING,GHS,120221.08,120221.08,SBL-SOV-017052,SEC.TBILL.364,1203,2025-09-08,2026-09-03,2026-09-03,0.1871,FIXED,120221.08,BR-001,5,GHGGB7670847
SECURITY.POSITION/3006375,SECURITY_HOLDING,GHS,311419.21,311419.21,SBL-SOV-017052,SEC.TBILL.364,1203,2025-11-15,2026-11-10,2026-11-10,0.19,FIXED,311419.21,BR-001,5,GHGGB8193233
SECURITY.POSITION/3006376,SECURITY_HOLDING,GHS,165445.06,165445.06,SBL-SOV-017052,SEC.TBILL.364,1203,2025-11-16,2026-11-11,2026-11-11,0.1871,FIXED,165445.06,BR-001,5,GHGGB3938183
SECURITY.POSITION/3006377,SECURITY_HOLDING,GHS,337542.03,337542.03,SBL-SOV-017052,SEC.TBILL.364,1203,2025-09-03,2026-08-29,2026-08-29,0.1798,FIXED,337542.03,BR-001,5,GHGGB3516656
SECURITY.POSITION/3006379,SECURITY_HOLDING,GHS,220889.35,220889.35,SBL-SOV-017052,SEC.TBILL.364,1203,2025-08-21,2026-08-16,2026-08-16,0.1846,FIXED,220889.35,BR-001,5,GHGGB1268454
SECURITY.POSITION/3006380,SECURITY_HOLDING,GHS,710501.30,710501.30,SBL-SOV-017052,SEC.BOND.2Y,1204,2025-09-23,2027-09-13,2027-09-13,0.1878,FIXED,710501.30,BR-001,5,GHGGB7988800
SECURITY.POSITION/3006382,SECURITY_HOLDING,GHS,1100117.34,1100117.34,SBL-SOV-017052,SEC.BOND.2Y,1204,2025-08-10,2027-07-31,2027-07-31,0.1926,FIXED,1100117.34,BR-001,5,GHGGB8642002
SECURITY.POSITION/3006383,SECURITY_HOLDING,GHS,938957.53,938957.53,SBL-SOV-017052,SEC.BOND.2Y,1204,2024-10-05,2026-09-25,2026-09-25,0.1942,FIXED,938957.53,BR-001,5,GHGGB2577303
SECURITY.POSITION/3006384,SECURITY_HOLDING,GHS,1073717.57,1073717.57,SBL-SOV-017052,SEC.BOND.2Y,1204,2024-08-16,2026-08-06,2026-08-06,0.1903,FIXED,1073717.57,BR-001,5,GHGGB2251669
SECURITY.POSITION/3006386,SECURITY_HOLDING,GHS,600544.93,600544.93,SBL-SOV-017052,SEC.BOND.2Y,1204,2025-09-17,2027-09-07,2027-09-07,0.1863,FIXED,600544.93,BR-001,5,GHGGB2883491
SECURITY.POSITION/3006387,SECURITY_HOLDING,GHS,878723.43,878723.43,SBL-SOV-017052,SEC.BOND.2Y,1204,2025-05-03,2027-04-23,2027-04-23,0.1914,FIXED,878723.43,BR-001,5,GHGGB1643371
SECURITY.POSITION/3006388,SECURITY_HOLDING,GHS,802642.67,802642.67,SBL-SOV-017052,SEC.BOND.2Y,1204,2025-12-16,2027-12-06,2027-12-06,0.1875,FIXED,802642.67,BR-001,5,GHGGB4114675
SECURITY.POSITION/3006389,SECURITY_HOLDING,GHS,95226.90,95226.90,SBL-SOV-017052,SEC.BOND.5Y,1205,2025-01-15,2029-12-20,2029-12-20,0.2171,FIXED,95226.90,BR-001,5,GHGGB9199880
SECURITY.POSITION/3006391,SECURITY_HOLDING,GHS,11700.12,11700.12,SBL-SOV-017052,SEC.BOND.5Y,1205,2023-08-05,2028-07-09,2028-07-09,0.221,FIXED,11700.12,BR-001,5,GHGGB3503017
SECURITY.POSITION/3006392,SECURITY_HOLDING,GHS,244069.99,244069.99,SBL-SOV-017052,SEC.BOND.5Y,1205,2024-01-31,2029-01-04,2029-01-04,0.2238,FIXED,244069.99,BR-001,5,GHGGB6779009
SECURITY.POSITION/3006393,SECURITY_HOLDING,GHS,151181.95,151181.95,SBL-SOV-017052,SEC.BOND.5Y,1205,2024-05-09,2029-04-13,2029-04-13,0.2206,FIXED,151181.95,BR-001,5,GHGGB5491548
SECURITY.POSITION/3006394,SECURITY_HOLDING,GHS,112489.45,112489.45,SBL-SOV-017052,SEC.BOND.5Y,1205,2022-11-28,2027-11-02,2027-11-02,0.2238,FIXED,112489.45,BR-001,5,GHGGB3842551
SECURITY.POSITION/3006395,SECURITY_HOLDING,GHS,97315.45,97315.45,SBL-SOV-017052,SEC.BOND.5Y,1205,2022-02-20,2027-01-25,2027-01-25,0.2282,FIXED,97315.45,BR-001,5,GHGGB3285973
SECURITY.POSITION/3006396,SECURITY_HOLDING,GHS,27055.80,27055.80,SBL-SOV-017052,SEC.BOND.5Y,1205,2024-03-31,2029-03-05,2029-03-05,0.2209,FIXED,27055.80,BR-001,5,GHGGB4455990
SECURITY.POSITION/3006397,SECURITY_HOLDING,GHS,29536.91,29536.91,SBL-SOV-017052,SEC.BOND.5Y,1205,2024-09-30,2029-09-04,2029-09-04,0.2273,FIXED,29536.91,BR-001,5,GHGGB9751714
SECURITY.POSITION/3006398,SECURITY_HOLDING,GHS,162234.04,162234.04,SBL-SOV-017052,SEC.BOND.10Y,1206,2017-09-17,2027-07-27,2027-07-27,0.2399,FIXED,162234.04,BR-001,5,GHGGB7368792
SECURITY.POSITION/3006399,SECURITY_HOLDING,GHS,296537.37,296537.37,SBL-SOV-017052,SEC.BOND.10Y,1206,2023-07-05,2033-05-13,2033-05-13,0.2449,FIXED,296537.37,BR-001,5,GHGGB7505879
SECURITY.POSITION/3006400,SECURITY_HOLDING,GHS,67208.58,67208.58,SBL-SOV-017052,SEC.BOND.10Y,1206,2017-04-22,2027-03-01,2027-03-01,0.2389,FIXED,67208.58,BR-001,5,GHGGB9135147
SECURITY.POSITION/3006401,SECURITY_HOLDING,GHS,283908.72,283908.72,SBL-SOV-017052,SEC.BOND.10Y,1206,2018-08-17,2028-06-25,2028-06-25,0.238,FIXED,283908.72,BR-001,5,GHGGB9505257
SECURITY.POSITION/3006402,SECURITY_HOLDING,GHS,326360.31,326360.31,SBL-SOV-017052,SEC.BOND.10Y,1206,2018-11-19,2028-09-27,2028-09-27,0.2317,FIXED,326360.31,BR-001,5,GHGGB5489954
SECURITY.POSITION/3006403,SECURITY_HOLDING,GHS,300131.96,300131.96,SBL-SOV-017052,SEC.BOND.10Y,1206,2020-04-28,2030-03-07,2030-03-07,0.2406,FIXED,300131.96,BR-001,5,GHGGB9597023
SECURITY.POSITION/3006404,SECURITY_HOLDING,GHS,256696.65,256696.65,SBL-SOV-017052,SEC.BOND.10Y,1206,2018-10-18,2028-08-26,2028-08-26,0.2387,FIXED,256696.65,BR-001,5,GHGGB2746172
SECURITY.POSITION/3006421,SECURITY_HOLDING,GHS,1080710.29,1080710.29,SBL-SOV-017052,SEC.TBILL.364,1203,2025-09-02,2026-08-28,2026-08-28,0.1793,FIXED,1080710.29,BR-001,4,GHGGB8840166
SECURITY.POSITION/3006422,SECURITY_HOLDING,GHS,2609263.94,2609263.94,SBL-SOV-017052,SEC.TBILL.364,1203,2026-01-23,2027-01-18,2027-01-18,0.173,FIXED,2609263.94,BR-001,4,GHGGB8308593
SECURITY.POSITION/3006423,SECURITY_HOLDING,GHS,949703.65,949703.65,SBL-SOV-017052,SEC.TBILL.364,1203,2025-11-11,2026-11-06,2026-11-06,0.1763,FIXED,949703.65,BR-001,4,GHGGB4941980
SECURITY.POSITION/3006424,SECURITY_HOLDING,GHS,968598.39,968598.39,SBL-SOV-017052,SEC.TBILL.364,1203,2025-08-30,2026-08-25,2026-08-25,0.1803,FIXED,968598.39,BR-001,4,GHGGB8046919
SECURITY.POSITION/3006425,SECURITY_HOLDING,GHS,1810636.29,1810636.29,SBL-SOV-017052,SEC.TBILL.364,1203,2025-07-22,2026-07-17,2026-07-17,0.1799,FIXED,1810636.29,BR-001,4,GHGGB9945574
SECURITY.POSITION/3006427,SECURITY_HOLDING,GHS,1342554.37,1342554.37,SBL-SOV-017052,SEC.TBILL.364,1203,2025-11-01,2026-10-27,2026-10-27,0.1744,FIXED,1342554.37,BR-001,4,GHGGB4606168
SECURITY.POSITION/3006428,SECURITY_HOLDING,GHS,456128.66,456128.66,SBL-SOV-017052,SEC.BOND.2Y,1204,2025-04-06,2027-03-27,2027-03-27,0.1944,FIXED,456128.66,BR-001,4,GHGGB4562605
SECURITY.POSITION/3006429,SECURITY_HOLDING,GHS,369506.37,369506.37,SBL-SOV-017052,SEC.BOND.2Y,1204,2024-11-20,2026-11-10,2026-11-10,0.1929,FIXED,369506.37,BR-001,4,GHGGB7974503
SECURITY.POSITION/3006430,SECURITY_HOLDING,GHS,430028.89,430028.89,SBL-SOV-017052,SEC.BOND.2Y,1204,2025-07-26,2027-07-16,2027-07-16,0.1936,FIXED,430028.89,BR-001,4,GHGGB2752763
SECURITY.POSITION/3006431,SECURITY_HOLDING,GHS,758092.65,758092.65,SBL-SOV-017052,SEC.BOND.2Y,1204,2025-12-03,2027-11-23,2027-11-23,0.1952,FIXED,758092.65,BR-001,4,GHGGB4304843
SECURITY.POSITION/3006432,SECURITY_HOLDING,GHS,341021.96,341021.96,SBL-SOV-017052,SEC.BOND.2Y,1204,2025-09-28,2027-09-18,2027-09-18,0.1943,FIXED,341021.96,BR-001,4,GHGGB9102053
SECURITY.POSITION/3006433,SECURITY_HOLDING,GHS,1323350.31,1323350.31,SBL-SOV-017052,SEC.BOND.2Y,1204,2025-07-15,2027-07-05,2027-07-05,0.193,FIXED,1323350.31,BR-001,4,GHGGB6335158
SECURITY.POSITION/3006436,SECURITY_HOLDING,GHS,295543.99,295543.99,SBL-SOV-017052,SEC.BOND.2Y,1204,2024-12-10,2026-11-30,2026-11-30,0.1933,FIXED,295543.99,BR-001,4,GHGGB4846921
SECURITY.POSITION/3006437,SECURITY_HOLDING,GHS,593258.77,593258.77,SBL-SOV-017052,SEC.BOND.2Y,1204,2025-05-17,2027-05-07,2027-05-07,0.1981,FIXED,593258.77,BR-001,4,GHGGB6091177
SECURITY.POSITION/3006438,SECURITY_HOLDING,GHS,258094.66,258094.66,SBL-SOV-017052,SEC.BOND.2Y,1204,2026-01-17,2028-01-07,2028-01-07,0.1885,FIXED,258094.66,BR-001,4,GHGGB5888937
SECURITY.POSITION/3006440,SECURITY_HOLDING,GHS,311119.62,311119.62,SBL-SOV-017052,SEC.BOND.2Y,1204,2025-10-31,2027-10-21,2027-10-21,0.198,FIXED,311119.62,BR-001,4,GHGGB8961509
SECURITY.POSITION/3006441,SECURITY_HOLDING,GHS,627473.11,627473.11,SBL-SOV-017052,SEC.BOND.5Y,1205,2023-07-19,2028-06-22,2028-06-22,0.225,FIXED,627473.11,BR-001,4,GHGGB3704611
SECURITY.POSITION/3006442,SECURITY_HOLDING,GHS,198987.64,198987.64,SBL-SOV-017052,SEC.BOND.5Y,1205,2023-11-07,2028-10-11,2028-10-11,0.2174,FIXED,198987.64,BR-001,4,GHGGB5074212
SECURITY.POSITION/3006443,SECURITY_HOLDING,GHS,313624.87,313624.87,SBL-SOV-017052,SEC.BOND.5Y,1205,2021-12-06,2026-11-10,2026-11-10,0.2211,FIXED,313624.87,BR-001,4,GHGGB2505880
SECURITY.POSITION/3006444,SECURITY_HOLDING,GHS,1050117.19,1050117.19,SBL-SOV-017052,SEC.BOND.5Y,1205,2022-11-24,2027-10-29,2027-10-29,0.2158,FIXED,1050117.19,BR-001,4,GHGGB4997022
SECURITY.POSITION/3006445,SECURITY_HOLDING,GHS,351808.23,351808.23,SBL-SOV-017052,SEC.BOND.5Y,1205,2024-07-12,2029-06-16,2029-06-16,0.2179,FIXED,351808.23,BR-001,4,GHGGB6878261
SECURITY.POSITION/3006446,SECURITY_HOLDING,GHS,744624.91,744624.91,SBL-SOV-017052,SEC.BOND.5Y,1205,2023-12-11,2028-11-14,2028-11-14,0.215,FIXED,744624.91,BR-001,4,GHGGB6562825
SECURITY.POSITION/3006447,SECURITY_HOLDING,GHS,1945608.97,1945608.97,SBL-SOV-017052,SEC.BOND.5Y,1205,2022-09-01,2027-08-06,2027-08-06,0.2191,FIXED,1945608.97,BR-001,4,GHGGB4188211
SECURITY.POSITION/3006448,SECURITY_HOLDING,GHS,1993513.92,1993513.92,SBL-SOV-017052,SEC.BOND.5Y,1205,2023-02-16,2028-01-21,2028-01-21,0.2206,FIXED,1993513.92,BR-001,4,GHGGB9552737
SECURITY.POSITION/3006449,SECURITY_HOLDING,GHS,438631.88,438631.88,SBL-SOV-017052,SEC.BOND.10Y,1206,2019-09-14,2029-07-23,2029-07-23,0.2442,FIXED,438631.88,BR-001,4,GHGGB1898179
SECURITY.POSITION/3006450,SECURITY_HOLDING,GHS,1409830.76,1409830.76,SBL-SOV-017052,SEC.BOND.10Y,1206,2017-09-05,2027-07-15,2027-07-15,0.2375,FIXED,1409830.76,BR-001,4,GHGGB8703774
SECURITY.POSITION/3006451,SECURITY_HOLDING,GHS,1081587.33,1081587.33,SBL-SOV-017052,SEC.BOND.10Y,1206,2022-12-17,2032-10-25,2032-10-25,0.2413,FIXED,1081587.33,BR-001,4,GHGGB3032722
SECURITY.POSITION/3006452,SECURITY_HOLDING,GHS,733399.30,733399.30,SBL-SOV-017052,SEC.BOND.10Y,1206,2020-06-03,2030-04-12,2030-04-12,0.2338,FIXED,733399.30,BR-001,4,GHGGB9590148
SECURITY.POSITION/3006453,SECURITY_HOLDING,GHS,983035.69,983035.69,SBL-SOV-017052,SEC.BOND.10Y,1206,2019-02-01,2028-12-10,2028-12-10,0.2421,FIXED,983035.69,BR-001,4,GHGGB3535816
SECURITY.POSITION/3006454,SECURITY_HOLDING,GHS,1280207.93,1280207.93,SBL-SOV-017052,SEC.BOND.10Y,1206,2024-12-01,2034-10-10,2034-10-10,0.2409,FIXED,1280207.93,BR-001,4,GHGGB4535413
SECURITY.POSITION/3006468,SECURITY_HOLDING,GHS,2276373.75,2276373.75,SBL-SOV-017052,SEC.TBILL.182,1202,2026-01-06,2026-07-05,2026-07-05,0.1753,FIXED,2276373.75,BR-001,3,GHGGB6917937
SECURITY.POSITION/3006470,SECURITY_HOLDING,GHS,337680.41,337680.41,SBL-SOV-017052,SEC.TBILL.182,1202,2026-02-16,2026-08-15,2026-08-15,0.1754,FIXED,337680.41,BR-001,3,GHGGB8019687
SECURITY.POSITION/3006473,SECURITY_HOLDING,GHS,2181099.68,2181099.68,SBL-SOV-017052,SEC.TBILL.182,1202,2026-03-03,2026-08-30,2026-08-30,0.1693,FIXED,2181099.68,BR-001,3,GHGGB5964145
SECURITY.POSITION/3006476,SECURITY_HOLDING,GHS,784369.62,784369.62,SBL-SOV-017052,SEC.TBILL.182,1202,2026-03-09,2026-09-05,2026-09-05,0.1765,FIXED,784369.62,BR-001,3,GHGGB7380934
SECURITY.POSITION/3006478,SECURITY_HOLDING,GHS,2781087.50,2781087.50,SBL-SOV-017052,SEC.TBILL.182,1202,2026-03-25,2026-09-21,2026-09-21,0.1737,FIXED,2781087.50,BR-001,3,GHGGB2899853
SECURITY.POSITION/3006480,SECURITY_HOLDING,GHS,5383566.27,5383566.27,SBL-SOV-017052,SEC.TBILL.364,1203,2026-02-27,2027-02-22,2027-02-22,0.1881,FIXED,5383566.27,BR-001,3,GHGGB1359294
SECURITY.POSITION/3006482,SECURITY_HOLDING,GHS,5418431.42,5418431.42,SBL-SOV-017052,SEC.TBILL.364,1203,2025-09-12,2026-09-07,2026-09-07,0.1875,FIXED,5418431.42,BR-001,3,GHGGB6326787
SECURITY.POSITION/3006483,SECURITY_HOLDING,GHS,4532971.05,4532971.05,SBL-SOV-017052,SEC.TBILL.364,1203,2025-09-06,2026-09-01,2026-09-01,0.1854,FIXED,4532971.05,BR-001,3,GHGGB1574430
SECURITY.POSITION/3006484,SECURITY_HOLDING,GHS,427330.40,427330.40,SBL-SOV-017052,SEC.TBILL.364,1203,2025-07-16,2026-07-11,2026-07-11,0.1879,FIXED,427330.40,BR-001,3,GHGGB9801952
SECURITY.POSITION/3006486,SECURITY_HOLDING,GHS,1005331.54,1005331.54,SBL-SOV-017052,SEC.TBILL.364,1203,2025-09-12,2026-09-07,2026-09-07,0.1805,FIXED,1005331.54,BR-001,3,GHGGB6063292
SECURITY.POSITION/3006487,SECURITY_HOLDING,GHS,1193489.36,1193489.36,SBL-SOV-017052,SEC.TBILL.364,1203,2025-11-14,2026-11-09,2026-11-09,0.1863,FIXED,1193489.36,BR-001,3,GHGGB7518759
SECURITY.POSITION/3006488,SECURITY_HOLDING,GHS,2750087.42,2750087.42,SBL-SOV-017052,SEC.TBILL.364,1203,2026-01-16,2027-01-11,2027-01-11,0.1881,FIXED,2750087.42,BR-001,3,GHGGB2510772
SECURITY.POSITION/3006489,SECURITY_HOLDING,GHS,648238.04,648238.04,SBL-SOV-017052,SEC.BOND.2Y,1204,2025-07-09,2027-06-29,2027-06-29,0.1953,FIXED,648238.04,BR-001,3,GHGGB6281657
SECURITY.POSITION/3006490,SECURITY_HOLDING,GHS,1395773.42,1395773.42,SBL-SOV-017052,SEC.BOND.2Y,1204,2024-11-05,2026-10-26,2026-10-26,0.1925,FIXED,1395773.42,BR-001,3,GHGGB5951256
SECURITY.POSITION/3006491,SECURITY_HOLDING,GHS,793038.00,793038.00,SBL-SOV-017052,SEC.BOND.2Y,1204,2025-04-30,2027-04-20,2027-04-20,0.1948,FIXED,793038.00,BR-001,3,GHGGB8457038
SECURITY.POSITION/3006492,SECURITY_HOLDING,GHS,1025814.11,1025814.11,SBL-SOV-017052,SEC.BOND.2Y,1204,2025-08-02,2027-07-23,2027-07-23,0.1888,FIXED,1025814.11,BR-001,3,GHGGB3892988
SECURITY.POSITION/3006493,SECURITY_HOLDING,GHS,495912.68,495912.68,SBL-SOV-017052,SEC.BOND.2Y,1204,2025-07-20,2027-07-10,2027-07-10,0.1959,FIXED,495912.68,BR-001,3,GHGGB1867124
SECURITY.POSITION/3006494,SECURITY_HOLDING,GHS,835739.65,835739.65,SBL-SOV-017052,SEC.BOND.2Y,1204,2024-10-01,2026-09-21,2026-09-21,0.1915,FIXED,835739.65,BR-001,3,GHGGB5302644
SECURITY.POSITION/3006495,SECURITY_HOLDING,GHS,28689.04,28689.04,SBL-SOV-017052,SEC.BOND.2Y,1204,2026-03-30,2028-03-19,2028-03-19,0.1946,FIXED,28689.04,BR-001,3,GHGGB2970414
SECURITY.POSITION/3006496,SECURITY_HOLDING,GHS,365563.15,365563.15,SBL-SOV-017052,SEC.BOND.2Y,1204,2024-12-27,2026-12-17,2026-12-17,0.1979,FIXED,365563.15,BR-001,3,GHGGB8359700
SECURITY.POSITION/3006497,SECURITY_HOLDING,GHS,673585.16,673585.16,SBL-SOV-017052,SEC.BOND.5Y,1205,2022-01-07,2026-12-12,2026-12-12,0.2229,FIXED,673585.16,BR-001,3,GHGGB1323658
SECURITY.POSITION/3006498,SECURITY_HOLDING,GHS,1693170.43,1693170.43,SBL-SOV-017052,SEC.BOND.5Y,1205,2024-02-15,2029-01-19,2029-01-19,0.2187,FIXED,1693170.43,BR-001,3,GHGGB8216733
SECURITY.POSITION/3006500,SECURITY_HOLDING,GHS,1201197.78,1201197.78,SBL-SOV-017052,SEC.BOND.5Y,1205,2023-08-13,2028-07-17,2028-07-17,0.2187,FIXED,1201197.78,BR-001,3,GHGGB1038218
SECURITY.POSITION/3006501,SECURITY_HOLDING,GHS,689394.09,689394.09,SBL-SOV-017052,SEC.BOND.5Y,1205,2025-02-05,2030-01-10,2030-01-10,0.2232,FIXED,689394.09,BR-001,3,GHGGB5562215
SECURITY.POSITION/3006502,SECURITY_HOLDING,GHS,528552.79,528552.79,SBL-SOV-017052,SEC.BOND.5Y,1205,2021-09-25,2026-08-30,2026-08-30,0.2241,FIXED,528552.79,BR-001,3,GHGGB1191676
SECURITY.POSITION/3006503,SECURITY_HOLDING,GHS,311606.72,311606.72,SBL-SOV-017052,SEC.BOND.5Y,1205,2023-04-11,2028-03-15,2028-03-15,0.2218,FIXED,311606.72,BR-001,3,GHGGB2058830
SECURITY.POSITION/3006504,SECURITY_HOLDING,GHS,154935.05,154935.05,SBL-SOV-017052,SEC.BOND.10Y,1206,2025-04-17,2035-02-24,2035-02-24,0.2352,FIXED,154935.05,BR-001,3,GHGGB8791363
SECURITY.POSITION/3006505,SECURITY_HOLDING,GHS,223604.38,223604.38,SBL-SOV-017052,SEC.BOND.10Y,1206,2024-08-13,2034-06-22,2034-06-22,0.2342,FIXED,223604.38,BR-001,3,GHGGB1208849
SECURITY.POSITION/3006506,SECURITY_HOLDING,GHS,75393.24,75393.24,SBL-SOV-017052,SEC.BOND.10Y,1206,2019-07-09,2029-05-17,2029-05-17,0.234,FIXED,75393.24,BR-001,3,GHGGB4317005
SECURITY.POSITION/3006507,SECURITY_HOLDING,GHS,245845.82,245845.82,SBL-SOV-017052,SEC.BOND.10Y,1206,2017-09-15,2027-07-25,2027-07-25,0.2325,FIXED,245845.82,BR-001,3,GHGGB8540333
SECURITY.POSITION/3006509,SECURITY_HOLDING,GHS,125394.29,125394.29,SBL-SOV-017052,SEC.BOND.10Y,1206,2019-08-25,2029-07-03,2029-07-03,0.2305,FIXED,125394.29,BR-001,3,GHGGB3007265
SECURITY.POSITION/3006510,SECURITY_HOLDING,GHS,331912.15,331912.15,SBL-SOV-017052,SEC.BOND.10Y,1206,2020-09-06,2030-07-16,2030-07-16,0.2366,FIXED,331912.15,BR-001,3,GHGGB4829549
SECURITY.POSITION/3006511,SECURITY_HOLDING,GHS,37488.29,37488.29,SBL-SOV-017052,SEC.BOND.10Y,1206,2023-11-27,2033-10-05,2033-10-05,0.2399,FIXED,37488.29,BR-001,3,GHGGB4872477
SECURITY.POSITION/3006512,SECURITY_HOLDING,GHS,175217.63,175217.63,SBL-SOV-017052,SEC.BOND.10Y,1206,2021-01-11,2030-11-20,2030-11-20,0.2351,FIXED,175217.63,BR-001,3,GHGGB8962299
SECURITY.POSITION/3006513,SECURITY_HOLDING,GHS,86894.97,86894.97,SBL-SOV-017052,SEC.BOND.10Y,1206,2025-08-28,2035-07-07,2035-07-07,0.2346,FIXED,86894.97,BR-001,3,GHGGB2876655
SECURITY.POSITION/3006514,SECURITY_HOLDING,GHS,32624.67,32624.67,SBL-SOV-017052,SEC.BOND.10Y,1206,2018-08-04,2028-06-12,2028-06-12,0.241,FIXED,32624.67,BR-001,3,GHGGB5153731
SECURITY.POSITION/3006515,SECURITY_HOLDING,GHS,54372.25,54372.25,SBL-SOV-017052,SEC.BOND.10Y,1206,2019-07-20,2029-05-28,2029-05-28,0.2338,FIXED,54372.25,BR-001,3,GHGGB1718122
SECURITY.POSITION/3006516,SECURITY_HOLDING,GHS,113094.86,113094.86,SBL-SOV-017052,SEC.BOND.10Y,1206,2017-04-01,2027-02-08,2027-02-08,0.2386,FIXED,113094.86,BR-001,3,GHGGB8315720
SECURITY.POSITION/3006520,SECURITY_HOLDING,GHS,2897790.16,2897790.16,SBL-SOV-017052,SEC.TBILL.91,1201,2026-04-12,2026-07-11,2026-07-11,0.1575,FIXED,2897790.16,BR-001,2,GHGGB4289522
SECURITY.POSITION/3006521,SECURITY_HOLDING,GHS,4521495.86,4521495.86,SBL-SOV-017052,SEC.TBILL.91,1201,2026-04-20,2026-07-19,2026-07-19,0.1558,FIXED,4521495.86,BR-001,2,GHGGB2159709
SECURITY.POSITION/3006524,SECURITY_HOLDING,GHS,1606372.28,1606372.28,SBL-SOV-017052,SEC.TBILL.91,1201,2026-04-03,2026-07-02,2026-07-02,0.1588,FIXED,1606372.28,BR-001,2,GHGGB9543914
SECURITY.POSITION/3006530,SECURITY_HOLDING,GHS,2300397.79,2300397.79,SBL-SOV-017052,SEC.TBILL.182,1202,2026-01-27,2026-07-26,2026-07-26,0.1694,FIXED,2300397.79,BR-001,2,GHGGB4238772
SECURITY.POSITION/3006531,SECURITY_HOLDING,GHS,364396.95,364396.95,SBL-SOV-017052,SEC.TBILL.182,1202,2026-03-27,2026-09-23,2026-09-23,0.1722,FIXED,364396.95,BR-001,2,GHGGB4051010
SECURITY.POSITION/3006532,SECURITY_HOLDING,GHS,704582.21,704582.21,SBL-SOV-017052,SEC.TBILL.182,1202,2026-03-22,2026-09-18,2026-09-18,0.168,FIXED,704582.21,BR-001,2,GHGGB5428277
SECURITY.POSITION/3006533,SECURITY_HOLDING,GHS,2271289.74,2271289.74,SBL-SOV-017052,SEC.TBILL.182,1202,2026-03-12,2026-09-08,2026-09-08,0.1681,FIXED,2271289.74,BR-001,2,GHGGB7493241
SECURITY.POSITION/3006534,SECURITY_HOLDING,GHS,2984732.82,2984732.82,SBL-SOV-017052,SEC.TBILL.182,1202,2026-02-20,2026-08-19,2026-08-19,0.1714,FIXED,2984732.82,BR-001,2,GHGGB7810206
SECURITY.POSITION/3006535,SECURITY_HOLDING,GHS,754693.53,754693.53,SBL-SOV-017052,SEC.TBILL.182,1202,2026-03-31,2026-09-27,2026-09-27,0.1712,FIXED,754693.53,BR-001,2,GHGGB3976201
SECURITY.POSITION/3006536,SECURITY_HOLDING,GHS,2346567.80,2346567.80,SBL-SOV-017052,SEC.TBILL.182,1202,2026-01-18,2026-07-17,2026-07-17,0.1709,FIXED,2346567.80,BR-001,2,GHGGB6156868
SECURITY.POSITION/3006537,SECURITY_HOLDING,GHS,3364569.48,3364569.48,SBL-SOV-017052,SEC.TBILL.182,1202,2026-02-16,2026-08-15,2026-08-15,0.1757,FIXED,3364569.48,BR-001,2,GHGGB7452004
SECURITY.POSITION/3006538,SECURITY_HOLDING,GHS,2773267.15,2773267.15,SBL-SOV-017052,SEC.TBILL.182,1202,2026-01-09,2026-07-08,2026-07-08,0.1748,FIXED,2773267.15,BR-001,2,GHGGB7859417
SECURITY.POSITION/3006539,SECURITY_HOLDING,GHS,2684838.11,2684838.11,SBL-SOV-017052,SEC.TBILL.182,1202,2026-04-08,2026-10-05,2026-10-05,0.1756,FIXED,2684838.11,BR-001,2,GHGGB5751913
SECURITY.POSITION/3006540,SECURITY_HOLDING,GHS,5849777.34,5849777.34,SBL-SOV-017052,SEC.TBILL.182,1202,2026-02-27,2026-08-26,2026-08-26,0.1737,FIXED,5849777.34,BR-001,2,GHGGB1163785
SECURITY.POSITION/3006541,SECURITY_HOLDING,GHS,1652630.86,1652630.86,SBL-SOV-017052,SEC.TBILL.182,1202,2026-02-23,2026-08-22,2026-08-22,0.1757,FIXED,1652630.86,BR-001,2,GHGGB7840687
SECURITY.POSITION/3006542,SECURITY_HOLDING,GHS,1611300.39,1611300.39,SBL-SOV-017052,SEC.TBILL.364,1203,2025-07-18,2026-07-13,2026-07-13,0.1813,FIXED,1611300.39,BR-001,2,GHGGB2495644
SECURITY.POSITION/3006543,SECURITY_HOLDING,GHS,483120.41,483120.41,SBL-SOV-017052,SEC.TBILL.364,1203,2026-03-15,2027-03-10,2027-03-10,0.1893,FIXED,483120.41,BR-001,2,GHGGB4317237
SECURITY.POSITION/3006544,SECURITY_HOLDING,GHS,3797310.05,3797310.05,SBL-SOV-017052,SEC.TBILL.364,1203,2025-10-31,2026-10-26,2026-10-26,0.1825,FIXED,3797310.05,BR-001,2,GHGGB5125682
SECURITY.POSITION/3006545,SECURITY_HOLDING,GHS,3799924.95,3799924.95,SBL-SOV-017052,SEC.TBILL.364,1203,2026-04-29,2027-04-24,2027-04-24,0.1833,FIXED,3799924.95,BR-001,2,GHGGB2154784
SECURITY.POSITION/3006546,SECURITY_HOLDING,GHS,2477747.59,2477747.59,SBL-SOV-017052,SEC.TBILL.364,1203,2025-09-08,2026-09-03,2026-09-03,0.1859,FIXED,2477747.59,BR-001,2,GHGGB2846920
SECURITY.POSITION/3006547,SECURITY_HOLDING,GHS,707578.13,707578.13,SBL-SOV-017052,SEC.TBILL.364,1203,2026-01-21,2027-01-16,2027-01-16,0.19,FIXED,707578.13,BR-001,2,GHGGB6301776
SECURITY.POSITION/3006548,SECURITY_HOLDING,GHS,4210688.77,4210688.77,SBL-SOV-017052,SEC.TBILL.364,1203,2025-11-19,2026-11-14,2026-11-14,0.1863,FIXED,4210688.77,BR-001,2,GHGGB5162449
SECURITY.POSITION/3006549,SECURITY_HOLDING,GHS,286928.71,286928.71,SBL-SOV-017052,SEC.BOND.2Y,1204,2025-04-25,2027-04-15,2027-04-15,0.1954,FIXED,286928.71,BR-001,2,GHGGB3332284
SECURITY.POSITION/3006550,SECURITY_HOLDING,GHS,402379.26,402379.26,SBL-SOV-017052,SEC.BOND.2Y,1204,2024-08-16,2026-08-06,2026-08-06,0.1944,FIXED,402379.26,BR-001,2,GHGGB7726212
SECURITY.POSITION/3006551,SECURITY_HOLDING,GHS,459435.30,459435.30,SBL-SOV-017052,SEC.BOND.2Y,1204,2024-11-27,2026-11-17,2026-11-17,0.191,FIXED,459435.30,BR-001,2,GHGGB2760306
SECURITY.POSITION/3006552,SECURITY_HOLDING,GHS,185773.76,185773.76,SBL-SOV-017052,SEC.BOND.2Y,1204,2026-02-16,2028-02-06,2028-02-06,0.1943,FIXED,185773.76,BR-001,2,GHGGB3918287
SECURITY.POSITION/3006553,SECURITY_HOLDING,GHS,1115621.39,1115621.39,SBL-SOV-017052,SEC.BOND.2Y,1204,2025-04-15,2027-04-05,2027-04-05,0.1902,FIXED,1115621.39,BR-001,2,GHGGB6052074
SECURITY.POSITION/3006554,SECURITY_HOLDING,GHS,206386.56,206386.56,SBL-SOV-017052,SEC.BOND.2Y,1204,2025-08-05,2027-07-26,2027-07-26,0.1917,FIXED,206386.56,BR-001,2,GHGGB1953834
SECURITY.POSITION/3006555,SECURITY_HOLDING,GHS,253934.94,253934.94,SBL-SOV-017052,SEC.BOND.2Y,1204,2025-09-30,2027-09-20,2027-09-20,0.1991,FIXED,253934.94,BR-001,2,GHGGB6518963
SECURITY.POSITION/3006556,SECURITY_HOLDING,GHS,454212.53,454212.53,SBL-SOV-017052,SEC.BOND.2Y,1204,2025-06-06,2027-05-27,2027-05-27,0.1945,FIXED,454212.53,BR-001,2,GHGGB2828345
SECURITY.POSITION/3006557,SECURITY_HOLDING,GHS,288244.36,288244.36,SBL-SOV-017052,SEC.BOND.2Y,1204,2026-01-03,2027-12-24,2027-12-24,0.1966,FIXED,288244.36,BR-001,2,GHGGB6283766
SECURITY.POSITION/3006558,SECURITY_HOLDING,GHS,265371.38,265371.38,SBL-SOV-017052,SEC.BOND.2Y,1204,2024-08-12,2026-08-02,2026-08-02,0.1989,FIXED,265371.38,BR-001,2,GHGGB8099975
SECURITY.POSITION/3006559,SECURITY_HOLDING,GHS,315988.96,315988.96,SBL-SOV-017052,SEC.BOND.2Y,1204,2025-11-03,2027-10-24,2027-10-24,0.1991,FIXED,315988.96,BR-001,2,GHGGB5115183
SECURITY.POSITION/3006560,SECURITY_HOLDING,GHS,662002.25,662002.25,SBL-SOV-017052,SEC.BOND.5Y,1205,2022-04-09,2027-03-14,2027-03-14,0.2208,FIXED,662002.25,BR-001,2,GHGGB8550237
SECURITY.POSITION/3006561,SECURITY_HOLDING,GHS,572222.51,572222.51,SBL-SOV-017052,SEC.BOND.5Y,1205,2025-03-17,2030-02-19,2030-02-19,0.2208,FIXED,572222.51,BR-001,2,GHGGB1233549
SECURITY.POSITION/3006562,SECURITY_HOLDING,GHS,679827.47,679827.47,SBL-SOV-017052,SEC.BOND.5Y,1205,2022-10-29,2027-10-03,2027-10-03,0.2218,FIXED,679827.47,BR-001,2,GHGGB9727430
SECURITY.POSITION/3006563,SECURITY_HOLDING,GHS,214467.81,214467.81,SBL-SOV-017052,SEC.BOND.5Y,1205,2026-02-21,2031-01-26,2031-01-26,0.2223,FIXED,214467.81,BR-001,2,GHGGB3402163
SECURITY.POSITION/3006564,SECURITY_HOLDING,GHS,451447.15,451447.15,SBL-SOV-017052,SEC.BOND.5Y,1205,2022-06-09,2027-05-14,2027-05-14,0.2185,FIXED,451447.15,BR-001,2,GHGGB2083024
SECURITY.POSITION/3006565,SECURITY_HOLDING,GHS,95406.03,95406.03,SBL-SOV-017052,SEC.BOND.5Y,1205,2025-04-05,2030-03-10,2030-03-10,0.2188,FIXED,95406.03,BR-001,2,GHGGB4946921
SECURITY.POSITION/3006566,SECURITY_HOLDING,GHS,123430.30,123430.30,SBL-SOV-017052,SEC.BOND.5Y,1205,2021-08-02,2026-07-07,2026-07-07,0.2209,FIXED,123430.30,BR-001,2,GHGGB7996273
SECURITY.POSITION/3006567,SECURITY_HOLDING,GHS,302255.30,302255.30,SBL-SOV-017052,SEC.BOND.5Y,1205,2024-07-09,2029-06-13,2029-06-13,0.2202,FIXED,302255.30,BR-001,2,GHGGB3645937
SECURITY.POSITION/3006568,SECURITY_HOLDING,GHS,774501.08,774501.08,SBL-SOV-017052,SEC.BOND.5Y,1205,2022-03-15,2027-02-17,2027-02-17,0.2215,FIXED,774501.08,BR-001,2,GHGGB3081644
SECURITY.POSITION/3006569,SECURITY_HOLDING,GHS,237450.65,237450.65,SBL-SOV-017052,SEC.BOND.5Y,1205,2023-01-30,2028-01-04,2028-01-04,0.2154,FIXED,237450.65,BR-001,2,GHGGB7627799
SECURITY.POSITION/3006570,SECURITY_HOLDING,GHS,323113.39,323113.39,SBL-SOV-017052,SEC.BOND.5Y,1205,2024-10-11,2029-09-15,2029-09-15,0.2178,FIXED,323113.39,BR-001,2,GHGGB9342210
SECURITY.POSITION/3006571,SECURITY_HOLDING,GHS,263198.23,263198.23,SBL-SOV-017052,SEC.BOND.5Y,1205,2023-11-20,2028-10-24,2028-10-24,0.222,FIXED,263198.23,BR-001,2,GHGGB3296638
SECURITY.POSITION/3006572,SECURITY_HOLDING,GHS,401039.70,401039.70,SBL-SOV-017052,SEC.BOND.5Y,1205,2023-05-11,2028-04-14,2028-04-14,0.2173,FIXED,401039.70,BR-001,2,GHGGB1018955
SECURITY.POSITION/3006573,SECURITY_HOLDING,GHS,128954.54,128954.54,SBL-SOV-017052,SEC.BOND.10Y,1206,2023-07-17,2033-05-25,2033-05-25,0.2412,FIXED,128954.54,BR-001,2,GHGGB2726237
SECURITY.POSITION/3006574,SECURITY_HOLDING,GHS,67769.45,67769.45,SBL-SOV-017052,SEC.BOND.10Y,1206,2023-12-25,2033-11-02,2033-11-02,0.2419,FIXED,67769.45,BR-001,2,GHGGB6306372
SECURITY.POSITION/3006575,SECURITY_HOLDING,GHS,148015.61,148015.61,SBL-SOV-017052,SEC.BOND.10Y,1206,2021-11-20,2031-09-29,2031-09-29,0.2358,FIXED,148015.61,BR-001,2,GHGGB9793756
SECURITY.POSITION/3006576,SECURITY_HOLDING,GHS,179476.30,179476.30,SBL-SOV-017052,SEC.BOND.10Y,1206,2017-07-19,2027-05-28,2027-05-28,0.2407,FIXED,179476.30,BR-001,2,GHGGB2909869
SECURITY.POSITION/3006577,SECURITY_HOLDING,GHS,42818.36,42818.36,SBL-SOV-017052,SEC.BOND.10Y,1206,2021-03-12,2031-01-19,2031-01-19,0.2389,FIXED,42818.36,BR-001,2,GHGGB3938680
SECURITY.POSITION/3006578,SECURITY_HOLDING,GHS,247132.15,247132.15,SBL-SOV-017052,SEC.BOND.10Y,1206,2022-11-18,2032-09-26,2032-09-26,0.2378,FIXED,247132.15,BR-001,2,GHGGB2604228
SECURITY.POSITION/3006579,SECURITY_HOLDING,GHS,134664.19,134664.19,SBL-SOV-017052,SEC.BOND.10Y,1206,2019-03-22,2029-01-28,2029-01-28,0.2443,FIXED,134664.19,BR-001,2,GHGGB5888555
SECURITY.POSITION/3006581,SECURITY_HOLDING,GHS,138403.35,138403.35,SBL-SOV-017052,SEC.BOND.10Y,1206,2023-04-08,2033-02-14,2033-02-14,0.2348,FIXED,138403.35,BR-001,2,GHGGB2892870
SECURITY.POSITION/3006582,SECURITY_HOLDING,GHS,158885.45,158885.45,SBL-SOV-017052,SEC.BOND.10Y,1206,2017-04-21,2027-02-28,2027-02-28,0.2396,FIXED,158885.45,BR-001,2,GHGGB1919926
SECURITY.POSITION/3006583,SECURITY_HOLDING,GHS,163625.87,163625.87,SBL-SOV-017052,SEC.BOND.10Y,1206,2017-11-12,2027-09-21,2027-09-21,0.2369,FIXED,163625.87,BR-001,2,GHGGB3227150
SECURITY.POSITION/3006584,SECURITY_HOLDING,GHS,78998.22,78998.22,SBL-SOV-017052,SEC.BOND.10Y,1206,2019-10-19,2029-08-27,2029-08-27,0.2402,FIXED,78998.22,BR-001,2,GHGGB1362995
SECURITY.POSITION/3006585,SECURITY_HOLDING,GHS,9672628.64,9672628.64,SBL-SOV-017052,SEC.TBILL.91,1201,2026-04-16,2026-07-15,2026-07-15,0.1573,FIXED,9672628.64,BR-001,1,GHGGB2402797
SECURITY.POSITION/3006586,SECURITY_HOLDING,GHS,5657822.96,5657822.96,SBL-SOV-017052,SEC.TBILL.91,1201,2026-04-15,2026-07-14,2026-07-14,0.1622,FIXED,5657822.96,BR-001,1,GHGGB2460676
SECURITY.POSITION/3006587,SECURITY_HOLDING,GHS,6401587.29,6401587.29,SBL-SOV-017052,SEC.TBILL.91,1201,2026-04-22,2026-07-21,2026-07-21,0.158,FIXED,6401587.29,BR-001,1,GHGGB5868845
SECURITY.POSITION/3006588,SECURITY_HOLDING,GHS,6713904.32,6713904.32,SBL-SOV-017052,SEC.TBILL.91,1201,2026-05-20,2026-08-18,2026-08-18,0.163,FIXED,6713904.32,BR-001,1,GHGGB3571585
SECURITY.POSITION/3006589,SECURITY_HOLDING,GHS,17886569.27,17886569.27,SBL-SOV-017052,SEC.TBILL.91,1201,2026-04-17,2026-07-16,2026-07-16,0.1604,FIXED,17886569.27,BR-001,1,GHGGB6643817
SECURITY.POSITION/3006590,SECURITY_HOLDING,GHS,5732083.98,5732083.98,SBL-SOV-017052,SEC.TBILL.91,1201,2026-04-11,2026-07-10,2026-07-10,0.161,FIXED,5732083.98,BR-001,1,GHGGB6908225
SECURITY.POSITION/3006591,SECURITY_HOLDING,GHS,12408076.03,12408076.03,SBL-SOV-017052,SEC.TBILL.91,1201,2026-04-02,2026-07-01,2026-07-01,0.1569,FIXED,12408076.03,BR-001,1,GHGGB6745306
SECURITY.POSITION/3006592,SECURITY_HOLDING,GHS,8127874.86,8127874.86,SBL-SOV-017052,SEC.TBILL.91,1201,2026-04-28,2026-07-27,2026-07-27,0.1593,FIXED,8127874.86,BR-001,1,GHGGB3330689
SECURITY.POSITION/3006593,SECURITY_HOLDING,GHS,6718529.76,6718529.76,SBL-SOV-017052,SEC.TBILL.91,1201,2026-05-13,2026-08-11,2026-08-11,0.1595,FIXED,6718529.76,BR-001,1,GHGGB3420947
SECURITY.POSITION/3006594,SECURITY_HOLDING,GHS,15837472.03,15837472.03,SBL-SOV-017052,SEC.TBILL.91,1201,2026-04-12,2026-07-11,2026-07-11,0.1585,FIXED,15837472.03,BR-001,1,GHGGB9059617
SECURITY.POSITION/3006595,SECURITY_HOLDING,GHS,4790034.98,4790034.98,SBL-SOV-017052,SEC.TBILL.91,1201,2026-05-24,2026-08-22,2026-08-22,0.1599,FIXED,4790034.98,BR-001,1,GHGGB5513016
SECURITY.POSITION/3006596,SECURITY_HOLDING,GHS,12316127.02,12316127.02,SBL-SOV-017052,SEC.TBILL.91,1201,2026-04-02,2026-07-01,2026-07-01,0.1573,FIXED,12316127.02,BR-001,1,GHGGB6856156
SECURITY.POSITION/3006597,SECURITY_HOLDING,GHS,3400816.54,3400816.54,SBL-SOV-017052,SEC.TBILL.182,1202,2026-02-28,2026-08-27,2026-08-27,0.1762,FIXED,3400816.54,BR-001,1,GHGGB7418619
SECURITY.POSITION/3006598,SECURITY_HOLDING,GHS,4191089.97,4191089.97,SBL-SOV-017052,SEC.TBILL.182,1202,2026-05-06,2026-11-02,2026-11-02,0.1752,FIXED,4191089.97,BR-001,1,GHGGB2313676
SECURITY.POSITION/3006599,SECURITY_HOLDING,GHS,13741720.16,13741720.16,SBL-SOV-017052,SEC.TBILL.182,1202,2026-02-06,2026-08-05,2026-08-05,0.1738,FIXED,13741720.16,BR-001,1,GHGGB5959910
SECURITY.POSITION/3006600,SECURITY_HOLDING,GHS,3421968.94,3421968.94,SBL-SOV-017052,SEC.TBILL.182,1202,2026-03-07,2026-09-03,2026-09-03,0.1717,FIXED,3421968.94,BR-001,1,GHGGB4559116
SECURITY.POSITION/3006601,SECURITY_HOLDING,GHS,2162019.27,2162019.27,SBL-SOV-017052,SEC.TBILL.182,1202,2026-05-13,2026-11-09,2026-11-09,0.1745,FIXED,2162019.27,BR-001,1,GHGGB2140942
SECURITY.POSITION/3006602,SECURITY_HOLDING,GHS,4924527.21,4924527.21,SBL-SOV-017052,SEC.TBILL.182,1202,2026-05-12,2026-11-08,2026-11-08,0.1735,FIXED,4924527.21,BR-001,1,GHGGB9811803
SECURITY.POSITION/3006603,SECURITY_HOLDING,GHS,1253160.43,1253160.43,SBL-SOV-017052,SEC.TBILL.182,1202,2026-03-04,2026-08-31,2026-08-31,0.1796,FIXED,1253160.43,BR-001,1,GHGGB3004915
SECURITY.POSITION/3006604,SECURITY_HOLDING,GHS,2085978.92,2085978.92,SBL-SOV-017052,SEC.TBILL.182,1202,2026-04-28,2026-10-25,2026-10-25,0.1782,FIXED,2085978.92,BR-001,1,GHGGB9662452
SECURITY.POSITION/3006605,SECURITY_HOLDING,GHS,2456134.14,2456134.14,SBL-SOV-017052,SEC.TBILL.182,1202,2026-04-05,2026-10-02,2026-10-02,0.1791,FIXED,2456134.14,BR-001,1,GHGGB7095345
SECURITY.POSITION/3006606,SECURITY_HOLDING,GHS,6547648.98,6547648.98,SBL-SOV-017052,SEC.TBILL.182,1202,2026-03-21,2026-09-17,2026-09-17,0.1762,FIXED,6547648.98,BR-001,1,GHGGB1867687
SECURITY.POSITION/3006607,SECURITY_HOLDING,GHS,2583294.43,2583294.43,SBL-SOV-017052,SEC.TBILL.182,1202,2026-03-06,2026-09-02,2026-09-02,0.1767,FIXED,2583294.43,BR-001,1,GHGGB2600711
SECURITY.POSITION/3006608,SECURITY_HOLDING,GHS,5049666.02,5049666.02,SBL-SOV-017052,SEC.TBILL.182,1202,2026-02-06,2026-08-05,2026-08-05,0.179,FIXED,5049666.02,BR-001,1,GHGGB1626582
SECURITY.POSITION/3006609,SECURITY_HOLDING,GHS,6153454.49,6153454.49,SBL-SOV-017052,SEC.TBILL.364,1203,2025-10-26,2026-10-21,2026-10-21,0.1859,FIXED,6153454.49,BR-001,1,GHGGB6241403
SECURITY.POSITION/3006610,SECURITY_HOLDING,GHS,15233282.25,15233282.25,SBL-SOV-017052,SEC.TBILL.364,1203,2026-04-01,2027-03-27,2027-03-27,0.1894,FIXED,15233282.25,BR-001,1,GHGGB4186517
SECURITY.POSITION/3006611,SECURITY_HOLDING,GHS,3185946.59,3185946.59,SBL-SOV-017052,SEC.TBILL.364,1203,2025-12-05,2026-11-30,2026-11-30,0.1842,FIXED,3185946.59,BR-001,1,GHGGB3501534
SECURITY.POSITION/3006612,SECURITY_HOLDING,GHS,8978751.67,8978751.67,SBL-SOV-017052,SEC.TBILL.364,1203,2025-10-24,2026-10-19,2026-10-19,0.1838,FIXED,8978751.67,BR-001,1,GHGGB2859812
SECURITY.POSITION/3006613,SECURITY_HOLDING,GHS,6548243.71,6548243.71,SBL-SOV-017052,SEC.TBILL.364,1203,2025-08-06,2026-08-01,2026-08-01,0.1806,FIXED,6548243.71,BR-001,1,GHGGB8739763
SECURITY.POSITION/3006614,SECURITY_HOLDING,GHS,2893209.21,2893209.21,SBL-SOV-017052,SEC.TBILL.364,1203,2026-04-09,2027-04-04,2027-04-04,0.1874,FIXED,2893209.21,BR-001,1,GHGGB4798347
SECURITY.POSITION/3006616,SECURITY_HOLDING,GHS,1428338.97,1428338.97,SBL-SOV-017052,SEC.TBILL.364,1203,2025-09-13,2026-09-08,2026-09-08,0.1834,FIXED,1428338.97,BR-001,1,GHGGB9933364
SECURITY.POSITION/3006617,SECURITY_HOLDING,GHS,679861.46,679861.46,SBL-SOV-017052,SEC.BOND.2Y,1204,2024-11-11,2026-11-01,2026-11-01,0.2005,FIXED,679861.46,BR-001,1,GHGGB8785459
SECURITY.POSITION/3006618,SECURITY_HOLDING,GHS,603641.33,603641.33,SBL-SOV-017052,SEC.BOND.2Y,1204,2025-11-24,2027-11-14,2027-11-14,0.1969,FIXED,603641.33,BR-001,1,GHGGB5597128
SECURITY.POSITION/3006619,SECURITY_HOLDING,GHS,305871.83,305871.83,SBL-SOV-017052,SEC.BOND.2Y,1204,2025-09-30,2027-09-20,2027-09-20,0.1944,FIXED,305871.83,BR-001,1,GHGGB4908666
SECURITY.POSITION/3006620,SECURITY_HOLDING,GHS,850457.00,850457.00,SBL-SOV-017052,SEC.BOND.2Y,1204,2024-11-30,2026-11-20,2026-11-20,0.1931,FIXED,850457.00,BR-001,1,GHGGB2869926
SECURITY.POSITION/3006621,SECURITY_HOLDING,GHS,181404.42,181404.42,SBL-SOV-017052,SEC.BOND.2Y,1204,2024-08-02,2026-07-23,2026-07-23,0.1933,FIXED,181404.42,BR-001,1,GHGGB7602261
SECURITY.POSITION/3006622,SECURITY_HOLDING,GHS,220051.68,220051.68,SBL-SOV-017052,SEC.BOND.2Y,1204,2024-11-30,2026-11-20,2026-11-20,0.1969,FIXED,220051.68,BR-001,1,GHGGB2133190
SECURITY.POSITION/3006623,SECURITY_HOLDING,GHS,1094065.16,1094065.16,SBL-SOV-017052,SEC.BOND.2Y,1204,2025-08-30,2027-08-20,2027-08-20,0.1978,FIXED,1094065.16,BR-001,1,GHGGB8014629
SECURITY.POSITION/3006624,SECURITY_HOLDING,GHS,1936650.48,1936650.48,SBL-SOV-017052,SEC.BOND.2Y,1204,2026-04-15,2028-04-04,2028-04-04,0.1963,FIXED,1936650.48,BR-001,1,GHGGB5346342
SECURITY.POSITION/3006625,SECURITY_HOLDING,GHS,591696.25,591696.25,SBL-SOV-017052,SEC.BOND.2Y,1204,2026-04-27,2028-04-16,2028-04-16,0.1968,FIXED,591696.25,BR-001,1,GHGGB5542540
SECURITY.POSITION/3006626,SECURITY_HOLDING,GHS,371969.20,371969.20,SBL-SOV-017052,SEC.BOND.2Y,1204,2025-09-23,2027-09-13,2027-09-13,0.1926,FIXED,371969.20,BR-001,1,GHGGB2867477
SECURITY.POSITION/3006627,SECURITY_HOLDING,GHS,571307.22,571307.22,SBL-SOV-017052,SEC.BOND.2Y,1204,2024-09-24,2026-09-14,2026-09-14,0.1948,FIXED,571307.22,BR-001,1,GHGGB4753290
SECURITY.POSITION/3006628,SECURITY_HOLDING,GHS,772999.93,772999.93,SBL-SOV-017052,SEC.BOND.2Y,1204,2025-01-04,2026-12-25,2026-12-25,0.1979,FIXED,772999.93,BR-001,1,GHGGB6513017
SECURITY.POSITION/3006629,SECURITY_HOLDING,GHS,761351.58,761351.58,SBL-SOV-017052,SEC.BOND.5Y,1205,2022-01-05,2026-12-10,2026-12-10,0.2178,FIXED,761351.58,BR-001,1,GHGGB6692458
SECURITY.POSITION/3006630,SECURITY_HOLDING,GHS,96162.02,96162.02,SBL-SOV-017052,SEC.BOND.5Y,1205,2025-12-25,2030-11-29,2030-11-29,0.2273,FIXED,96162.02,BR-001,1,GHGGB9944539
SECURITY.POSITION/3006631,SECURITY_HOLDING,GHS,27920.08,27920.08,SBL-SOV-017052,SEC.BOND.5Y,1205,2022-09-25,2027-08-30,2027-08-30,0.2196,FIXED,27920.08,BR-001,1,GHGGB4124349
SECURITY.POSITION/3006632,SECURITY_HOLDING,GHS,1216894.98,1216894.98,SBL-SOV-017052,SEC.BOND.5Y,1205,2021-08-24,2026-07-29,2026-07-29,0.2231,FIXED,1216894.98,BR-001,1,GHGGB1603106
SECURITY.POSITION/3006633,SECURITY_HOLDING,GHS,416987.01,416987.01,SBL-SOV-017052,SEC.BOND.5Y,1205,2025-12-10,2030-11-14,2030-11-14,0.2262,FIXED,416987.01,BR-001,1,GHGGB7972543
SECURITY.POSITION/3006634,SECURITY_HOLDING,GHS,1861428.20,1861428.20,SBL-SOV-017052,SEC.BOND.5Y,1205,2023-11-21,2028-10-25,2028-10-25,0.2202,FIXED,1861428.20,BR-001,1,GHGGB3787009
SECURITY.POSITION/3006635,SECURITY_HOLDING,GHS,182015.99,182015.99,SBL-SOV-017052,SEC.BOND.5Y,1205,2024-04-07,2029-03-12,2029-03-12,0.2218,FIXED,182015.99,BR-001,1,GHGGB3078363
SECURITY.POSITION/3006636,SECURITY_HOLDING,GHS,147237.42,147237.42,SBL-SOV-017052,SEC.BOND.5Y,1205,2023-05-04,2028-04-07,2028-04-07,0.2164,FIXED,147237.42,BR-001,1,GHGGB9383268
SECURITY.POSITION/3006637,SECURITY_HOLDING,GHS,148284.69,148284.69,SBL-SOV-017052,SEC.BOND.5Y,1205,2022-08-02,2027-07-07,2027-07-07,0.2205,FIXED,148284.69,BR-001,1,GHGGB3878072
SECURITY.POSITION/3006638,SECURITY_HOLDING,GHS,190760.72,190760.72,SBL-SOV-017052,SEC.BOND.5Y,1205,2026-04-08,2031-03-13,2031-03-13,0.2192,FIXED,190760.72,BR-001,1,GHGGB9797924
SECURITY.POSITION/3006639,SECURITY_HOLDING,GHS,505633.46,505633.46,SBL-SOV-017052,SEC.BOND.5Y,1205,2026-05-28,2031-05-02,2031-05-02,0.2221,FIXED,505633.46,BR-001,1,GHGGB1011238
SECURITY.POSITION/3006640,SECURITY_HOLDING,GHS,540268.38,540268.38,SBL-SOV-017052,SEC.BOND.5Y,1205,2023-02-21,2028-01-26,2028-01-26,0.2218,FIXED,540268.38,BR-001,1,GHGGB8126822
SECURITY.POSITION/3006641,SECURITY_HOLDING,GHS,443880.61,443880.61,SBL-SOV-017052,SEC.BOND.5Y,1205,2021-10-21,2026-09-25,2026-09-25,0.2203,FIXED,443880.61,BR-001,1,GHGGB2492383
SECURITY.POSITION/3006642,SECURITY_HOLDING,GHS,356378.38,356378.38,SBL-SOV-017052,SEC.BOND.10Y,1206,2023-07-03,2033-05-11,2033-05-11,0.2489,FIXED,356378.38,BR-001,1,GHGGB7125579
SECURITY.POSITION/3006643,SECURITY_HOLDING,GHS,127984.73,127984.73,SBL-SOV-017052,SEC.BOND.10Y,1206,2022-05-09,2032-03-17,2032-03-17,0.2466,FIXED,127984.73,BR-001,1,GHGGB4252705
SECURITY.POSITION/3006644,SECURITY_HOLDING,GHS,129003.59,129003.59,SBL-SOV-017052,SEC.BOND.10Y,1206,2019-11-02,2029-09-10,2029-09-10,0.2451,FIXED,129003.59,BR-001,1,GHGGB1008257
SECURITY.POSITION/3006645,SECURITY_HOLDING,GHS,252229.03,252229.03,SBL-SOV-017052,SEC.BOND.10Y,1206,2019-03-31,2029-02-06,2029-02-06,0.2459,FIXED,252229.03,BR-001,1,GHGGB3282487
SECURITY.POSITION/3006646,SECURITY_HOLDING,GHS,413560.67,413560.67,SBL-SOV-017052,SEC.BOND.10Y,1206,2019-05-05,2029-03-13,2029-03-13,0.2452,FIXED,413560.67,BR-001,1,GHGGB4592027
SECURITY.POSITION/3006647,SECURITY_HOLDING,GHS,93983.96,93983.96,SBL-SOV-017052,SEC.BOND.10Y,1206,2016-11-23,2026-10-02,2026-10-02,0.2479,FIXED,93983.96,BR-001,1,GHGGB2301379
SECURITY.POSITION/3006648,SECURITY_HOLDING,GHS,84468.30,84468.30,SBL-SOV-017052,SEC.BOND.10Y,1206,2020-07-10,2030-05-19,2030-05-19,0.2422,FIXED,84468.30,BR-001,1,GHGGB4965075
SECURITY.POSITION/3006649,SECURITY_HOLDING,GHS,686235.03,686235.03,SBL-SOV-017052,SEC.BOND.10Y,1206,2025-09-27,2035-08-06,2035-08-06,0.2443,FIXED,686235.03,BR-001,1,GHGGB7050719
SECURITY.POSITION/3006650,SECURITY_HOLDING,GHS,141408.86,141408.86,SBL-SOV-017052,SEC.BOND.10Y,1206,2017-07-07,2027-05-16,2027-05-16,0.2435,FIXED,141408.86,BR-001,1,GHGGB1876266
SECURITY.POSITION/3006651,SECURITY_HOLDING,GHS,58770.39,58770.39,SBL-SOV-017052,SEC.BOND.10Y,1206,2016-10-18,2026-08-27,2026-08-27,0.2479,FIXED,58770.39,BR-001,1,GHGGB7113531
SECURITY.POSITION/3006652,SECURITY_HOLDING,GHS,3749476.44,3749476.44,SBL-SOV-017052,SEC.TBILL.91,1201,2026-05-27,2026-08-25,2026-08-25,0.1552,FIXED,3749476.44,BR-001,0,GHGGB2552638
SECURITY.POSITION/3006653,SECURITY_HOLDING,GHS,9010369.71,9010369.71,SBL-SOV-017052,SEC.TBILL.91,1201,2026-05-04,2026-08-02,2026-08-02,0.1564,FIXED,9010369.71,BR-001,0,GHGGB7242652
SECURITY.POSITION/3006654,SECURITY_HOLDING,GHS,9892747.08,9892747.08,SBL-SOV-017052,SEC.TBILL.91,1201,2026-06-25,2026-09-23,2026-09-23,0.1498,FIXED,9892747.08,BR-001,0,GHGGB5886147
SECURITY.POSITION/3006655,SECURITY_HOLDING,GHS,4412581.87,4412581.87,SBL-SOV-017052,SEC.TBILL.91,1201,2026-05-17,2026-08-15,2026-08-15,0.1547,FIXED,4412581.87,BR-001,0,GHGGB1019119
SECURITY.POSITION/3006656,SECURITY_HOLDING,GHS,2117231.97,2117231.97,SBL-SOV-017052,SEC.TBILL.91,1201,2026-04-30,2026-07-29,2026-07-29,0.1531,FIXED,2117231.97,BR-001,0,GHGGB4039975
SECURITY.POSITION/3006657,SECURITY_HOLDING,GHS,10095797.76,10095797.76,SBL-SOV-017052,SEC.TBILL.91,1201,2026-04-23,2026-07-22,2026-07-22,0.1593,FIXED,10095797.76,BR-001,0,GHGGB9941667
SECURITY.POSITION/3006658,SECURITY_HOLDING,GHS,3966382.00,3966382.00,SBL-SOV-017052,SEC.TBILL.91,1201,2026-05-22,2026-08-20,2026-08-20,0.1507,FIXED,3966382.00,BR-001,0,GHGGB7052913
SECURITY.POSITION/3006659,SECURITY_HOLDING,GHS,7612607.42,7612607.42,SBL-SOV-017052,SEC.TBILL.91,1201,2026-05-20,2026-08-18,2026-08-18,0.1532,FIXED,7612607.42,BR-001,0,GHGGB4537875
SECURITY.POSITION/3006660,SECURITY_HOLDING,GHS,4704471.42,4704471.42,SBL-SOV-017052,SEC.TBILL.182,1202,2026-04-02,2026-09-29,2026-09-29,0.1744,FIXED,4704471.42,BR-001,0,GHGGB5493709
SECURITY.POSITION/3006661,SECURITY_HOLDING,GHS,4749670.80,4749670.80,SBL-SOV-017052,SEC.TBILL.182,1202,2026-05-13,2026-11-09,2026-11-09,0.1755,FIXED,4749670.80,BR-001,0,GHGGB1696320
SECURITY.POSITION/3006662,SECURITY_HOLDING,GHS,3162554.40,3162554.40,SBL-SOV-017052,SEC.TBILL.182,1202,2026-04-20,2026-10-17,2026-10-17,0.1648,FIXED,3162554.40,BR-001,0,GHGGB1652950
SECURITY.POSITION/3006663,SECURITY_HOLDING,GHS,4898260.46,4898260.46,SBL-SOV-017052,SEC.TBILL.182,1202,2026-04-16,2026-10-13,2026-10-13,0.1734,FIXED,4898260.46,BR-001,0,GHGGB2951873
SECURITY.POSITION/3006664,SECURITY_HOLDING,GHS,2739326.43,2739326.43,SBL-SOV-017052,SEC.TBILL.182,1202,2026-02-27,2026-08-26,2026-08-26,0.1746,FIXED,2739326.43,BR-001,0,GHGGB5825617
SECURITY.POSITION/3006665,SECURITY_HOLDING,GHS,4562604.72,4562604.72,SBL-SOV-017052,SEC.TBILL.182,1202,2026-02-06,2026-08-05,2026-08-05,0.1704,FIXED,4562604.72,BR-001,0,GHGGB1799907
SECURITY.POSITION/3006666,SECURITY_HOLDING,GHS,2420604.37,2420604.37,SBL-SOV-017052,SEC.TBILL.182,1202,2026-05-09,2026-11-05,2026-11-05,0.1703,FIXED,2420604.37,BR-001,0,GHGGB8715297
SECURITY.POSITION/3006667,SECURITY_HOLDING,GHS,3054804.25,3054804.25,SBL-SOV-017052,SEC.TBILL.182,1202,2026-04-15,2026-10-12,2026-10-12,0.1725,FIXED,3054804.25,BR-001,0,GHGGB1425711
SECURITY.POSITION/3006668,SECURITY_HOLDING,GHS,2298404.17,2298404.17,SBL-SOV-017052,SEC.TBILL.364,1203,2026-03-25,2027-03-20,2027-03-20,0.1849,FIXED,2298404.17,BR-001,0,GHGGB6436873
SECURITY.POSITION/3006669,SECURITY_HOLDING,GHS,1743108.19,1743108.19,SBL-SOV-017052,SEC.TBILL.364,1203,2025-09-20,2026-09-15,2026-09-15,0.1865,FIXED,1743108.19,BR-001,0,GHGGB4572944
SECURITY.POSITION/3006670,SECURITY_HOLDING,GHS,1102147.84,1102147.84,SBL-SOV-017052,SEC.TBILL.364,1203,2026-05-15,2027-05-10,2027-05-10,0.1838,FIXED,1102147.84,BR-001,0,GHGGB7322724
SECURITY.POSITION/3006672,SECURITY_HOLDING,GHS,2296812.24,2296812.24,SBL-SOV-017052,SEC.TBILL.364,1203,2025-12-15,2026-12-10,2026-12-10,0.1834,FIXED,2296812.24,BR-001,0,GHGGB3679821
SECURITY.POSITION/3006673,SECURITY_HOLDING,GHS,3461544.63,3461544.63,SBL-SOV-017052,SEC.TBILL.364,1203,2025-10-16,2026-10-11,2026-10-11,0.1822,FIXED,3461544.63,BR-001,0,GHGGB5866343
SECURITY.POSITION/3006674,SECURITY_HOLDING,GHS,843500.25,843500.25,SBL-SOV-017052,SEC.TBILL.364,1203,2025-11-19,2026-11-14,2026-11-14,0.1818,FIXED,843500.25,BR-001,0,GHGGB2591220
SECURITY.POSITION/3006675,SECURITY_HOLDING,GHS,463329.35,463329.35,SBL-SOV-017052,SEC.TBILL.364,1203,2026-04-26,2027-04-21,2027-04-21,0.1821,FIXED,463329.35,BR-001,0,GHGGB3431517
SECURITY.POSITION/3006676,SECURITY_HOLDING,GHS,2436661.74,2436661.74,SBL-SOV-017052,SEC.TBILL.364,1203,2025-09-12,2026-09-07,2026-09-07,0.1824,FIXED,2436661.74,BR-001,0,GHGGB6585905
SECURITY.POSITION/3006677,SECURITY_HOLDING,GHS,2619449.49,2619449.49,SBL-SOV-017052,SEC.BOND.2Y,1204,2024-09-30,2026-09-20,2026-09-20,0.1934,FIXED,2619449.49,BR-001,0,GHGGB6049471
SECURITY.POSITION/3006678,SECURITY_HOLDING,GHS,1466230.51,1466230.51,SBL-SOV-017052,SEC.BOND.2Y,1204,2026-02-07,2028-01-28,2028-01-28,0.1906,FIXED,1466230.51,BR-001,0,GHGGB5674135
SECURITY.POSITION/3006679,SECURITY_HOLDING,GHS,3302634.86,3302634.86,SBL-SOV-017052,SEC.BOND.2Y,1204,2024-11-09,2026-10-30,2026-10-30,0.1914,FIXED,3302634.86,BR-001,0,GHGGB9351576
SECURITY.POSITION/3006680,SECURITY_HOLDING,GHS,4740841.66,4740841.66,SBL-SOV-017052,SEC.BOND.2Y,1204,2025-10-29,2027-10-19,2027-10-19,0.1932,FIXED,4740841.66,BR-001,0,GHGGB5322112
SECURITY.POSITION/3006681,SECURITY_HOLDING,GHS,195709.16,195709.16,SBL-SOV-017052,SEC.BOND.2Y,1204,2025-07-07,2027-06-27,2027-06-27,0.1928,FIXED,195709.16,BR-001,0,GHGGB7136698
SECURITY.POSITION/3006682,SECURITY_HOLDING,GHS,2392096.09,2392096.09,SBL-SOV-017052,SEC.BOND.2Y,1204,2025-12-16,2027-12-06,2027-12-06,0.1911,FIXED,2392096.09,BR-001,0,GHGGB6832467
SECURITY.POSITION/3006683,SECURITY_HOLDING,GHS,252677.23,252677.23,SBL-SOV-017052,SEC.BOND.5Y,1205,2026-01-22,2030-12-27,2030-12-27,0.2169,FIXED,252677.23,BR-001,0,GHGGB8441468
SECURITY.POSITION/3006684,SECURITY_HOLDING,GHS,318110.30,318110.30,SBL-SOV-017052,SEC.BOND.5Y,1205,2022-04-21,2027-03-26,2027-03-26,0.2206,FIXED,318110.30,BR-001,0,GHGGB5750710
SECURITY.POSITION/3006685,SECURITY_HOLDING,GHS,186612.98,186612.98,SBL-SOV-017052,SEC.BOND.5Y,1205,2024-02-18,2029-01-22,2029-01-22,0.2195,FIXED,186612.98,BR-001,0,GHGGB3245457
SECURITY.POSITION/3006686,SECURITY_HOLDING,GHS,234198.29,234198.29,SBL-SOV-017052,SEC.BOND.5Y,1205,2022-01-21,2026-12-26,2026-12-26,0.219,FIXED,234198.29,BR-001,0,GHGGB9265327
SECURITY.POSITION/3006687,SECURITY_HOLDING,GHS,688824.70,688824.70,SBL-SOV-017052,SEC.BOND.5Y,1205,2023-07-14,2028-06-17,2028-06-17,0.2188,FIXED,688824.70,BR-001,0,GHGGB2871345
SECURITY.POSITION/3006688,SECURITY_HOLDING,GHS,44566.68,44566.68,SBL-SOV-017052,SEC.BOND.5Y,1205,2023-10-29,2028-10-02,2028-10-02,0.2196,FIXED,44566.68,BR-001,0,GHGGB4069215
SECURITY.POSITION/3006689,SECURITY_HOLDING,GHS,173168.59,173168.59,SBL-SOV-017052,SEC.BOND.5Y,1205,2021-11-25,2026-10-30,2026-10-30,0.223,FIXED,173168.59,BR-001,0,GHGGB1391587
SECURITY.POSITION/3006690,SECURITY_HOLDING,GHS,780267.55,780267.55,SBL-SOV-017052,SEC.BOND.5Y,1205,2023-10-17,2028-09-20,2028-09-20,0.2187,FIXED,780267.55,BR-001,0,GHGGB6044066
SECURITY.POSITION/3006691,SECURITY_HOLDING,GHS,467769.90,467769.90,SBL-SOV-017052,SEC.BOND.5Y,1205,2022-09-01,2027-08-06,2027-08-06,0.2199,FIXED,467769.90,BR-001,0,GHGGB6374785
SECURITY.POSITION/3006692,SECURITY_HOLDING,GHS,150823.53,150823.53,SBL-SOV-017052,SEC.BOND.5Y,1205,2025-11-13,2030-10-18,2030-10-18,0.2164,FIXED,150823.53,BR-001,0,GHGGB6836974
SECURITY.POSITION/3006693,SECURITY_HOLDING,GHS,150454.90,150454.90,SBL-SOV-017052,SEC.BOND.5Y,1205,2023-08-17,2028-07-21,2028-07-21,0.2198,FIXED,150454.90,BR-001,0,GHGGB8527931
SECURITY.POSITION/3006694,SECURITY_HOLDING,GHS,57385.00,57385.00,SBL-SOV-017052,SEC.BOND.10Y,1206,2022-07-24,2032-06-01,2032-06-01,0.2316,FIXED,57385.00,BR-001,0,GHGGB4109610
SECURITY.POSITION/3006695,SECURITY_HOLDING,GHS,246125.39,246125.39,SBL-SOV-017052,SEC.BOND.10Y,1206,2022-11-15,2032-09-23,2032-09-23,0.2342,FIXED,246125.39,BR-001,0,GHGGB8691775
SECURITY.POSITION/3006696,SECURITY_HOLDING,GHS,328223.66,328223.66,SBL-SOV-017052,SEC.BOND.10Y,1206,2025-01-03,2034-11-12,2034-11-12,0.2383,FIXED,328223.66,BR-001,0,GHGGB2085141
SECURITY.POSITION/3006697,SECURITY_HOLDING,GHS,200203.33,200203.33,SBL-SOV-017052,SEC.BOND.10Y,1206,2022-06-02,2032-04-10,2032-04-10,0.2369,FIXED,200203.33,BR-001,0,GHGGB3405782
SECURITY.POSITION/3006698,SECURITY_HOLDING,GHS,564338.86,564338.86,SBL-SOV-017052,SEC.BOND.10Y,1206,2018-03-15,2028-01-22,2028-01-22,0.2375,FIXED,564338.86,BR-001,0,GHGGB3065139
SECURITY.POSITION/3006699,SECURITY_HOLDING,GHS,280559.74,280559.74,SBL-SOV-017052,SEC.BOND.10Y,1206,2022-08-11,2032-06-19,2032-06-19,0.2328,FIXED,280559.74,BR-001,0,GHGGB1512553
SECURITY.POSITION/3006700,SECURITY_HOLDING,GHS,687037.36,687037.36,SBL-SOV-017052,SEC.BOND.10Y,1206,2022-10-06,2032-08-14,2032-08-14,0.2388,FIXED,687037.36,BR-001,0,GHGGB5486823
SECURITY.POSITION/3006701,SECURITY_HOLDING,GHS,43830.58,43830.58,SBL-SOV-017052,SEC.BOND.10Y,1206,2025-01-25,2034-12-04,2034-12-04,0.233,FIXED,43830.58,BR-001,0,GHGGB4443618
SECURITY.POSITION/3006702,SECURITY_HOLDING,GHS,136780.01,136780.01,SBL-SOV-017052,SEC.BOND.10Y,1206,2019-06-24,2029-05-02,2029-05-02,0.2398,FIXED,136780.01,BR-001,0,GHGGB6627675
