# Sample Bank EOD ladder — liquid-asset book (SECURITY_HOLDING + INTERBANK_PLACEMENT, API_PUSH source) as at close of business 2026-06-30 (Tuesday); push with as_of_date=2026-06-30. One rung of the daily position ladder BSD1 reads; the deposit and loan sub-ledgers are not in this file.
source_reference,position_type,currency,balance,notional,counterparty_reference,product_code,gl_account_code,origination_date,contractual_maturity,next_repricing_date,interest_rate,rate_type,attributes.balance_ghs,attributes.branch_id,attributes.months_on_book,attributes.isin
MM.MONEY.MARKET/4006471,INTERBANK_PLACEMENT,GHS,1468983.31,1468983.31,SBL-BANK-017042,IB.PLACE.GHS,1101,2026-06-03,2026-07-20,2026-07-20,0.1365,FIXED,1468983.31,BR-001,0,
MM.MONEY.MARKET/4006472,INTERBANK_PLACEMENT,GHS,4552613.23,4552613.23,SBL-BANK-017050,IB.PLACE.GHS,1101,2026-06-25,2026-07-01,2026-07-01,0.1387,FIXED,4552613.23,BR-001,0,
MM.MONEY.MARKET/4006473,INTERBANK_PLACEMENT,GHS,313227.69,313227.69,SBL-BANK-017042,IB.PLACE.GHS,1101,2026-06-16,2026-09-06,2026-09-06,0.1432,FIXED,313227.69,BR-001,0,
MM.MONEY.MARKET/4006474,INTERBANK_PLACEMENT,GHS,6688988.90,6688988.90,SBL-BANK-017043,IB.PLACE.GHS,1101,2026-06-14,2026-08-25,2026-08-25,0.1384,FIXED,6688988.90,BR-001,0,
MM.MONEY.MARKET/4006475,INTERBANK_PLACEMENT,GHS,1207483.06,1207483.06,SBL-BANK-017047,IB.PLACE.GHS,1101,2026-05-18,2026-07-16,2026-07-16,0.1406,FIXED,1207483.06,BR-001,0,
MM.MONEY.MARKET/4006476,INTERBANK_PLACEMENT,GHS,566819.80,566819.80,SBL-BANK-017049,IB.PLACE.GHS,1101,2026-05-20,2026-07-16,2026-07-16,0.1413,FIXED,566819.80,BR-001,0,
MM.MONEY.MARKET/4006477,INTERBANK_PLACEMENT,GHS,8144510.83,8144510.83,SBL-BANK-017041,IB.PLACE.GHS,1101,2026-06-26,2026-06-30,2026-06-30,0.1396,FIXED,8144510.83,BR-001,0,
MM.MONEY.MARKET/4006478,INTERBANK_PLACEMENT,GHS,2212891.71,2212891.71,SBL-BANK-017047,IB.PLACE.GHS,1101,2026-06-27,2026-08-23,2026-08-23,0.1441,FIXED,2212891.71,BR-001,0,
MM.MONEY.MARKET/4006479,INTERBANK_PLACEMENT,GHS,3263479.00,3263479.00,SBL-BANK-017049,IB.PLACE.GHS,1101,2026-06-27,2026-08-24,2026-08-24,0.1431,FIXED,3263479.00,BR-001,0,
MM.MONEY.MARKET/4006480,INTERBANK_PLACEMENT,GHS,1452516.92,1452516.92,SBL-BANK-017049,IB.PLACE.GHS,1101,2026-06-05,2026-07-18,2026-07-18,0.1446,FIXED,1452516.92,BR-001,0,
MM.MONEY.MARKET/4006481,INTERBANK_PLACEMENT,GHS,217272.52,217272.52,SBL-BANK-017047,IB.PLACE.GHS,1101,2026-05-01,2026-07-01,2026-07-01,0.1424,FIXED,217272.52,BR-001,0,
MM.MONEY.MARKET/4006482,INTERBANK_PLACEMENT,GHS,481433.11,481433.11,SBL-BANK-017043,IB.PLACE.GHS,1101,2026-06-16,2026-08-04,2026-08-04,0.1427,FIXED,481433.11,BR-001,0,
MM.MONEY.MARKET/4006483,INTERBANK_PLACEMENT,GHS,2416266.47,2416266.47,SBL-BANK-017043,IB.PLACE.GHS,1101,2026-06-03,2026-08-08,2026-08-08,0.1427,FIXED,2416266.47,BR-001,0,
MM.MONEY.MARKET/4006484,INTERBANK_PLACEMENT,GHS,698440.02,698440.02,SBL-BANK-017043,IB.PLACE.GHS,1101,2026-06-06,2026-07-03,2026-07-03,0.1415,FIXED,698440.02,BR-001,0,
MM.MONEY.MARKET/4006485,INTERBANK_PLACEMENT,GHS,4677073.03,4677073.03,SBL-BANK-017050,IB.PLACE.GHS,1101,2026-05-20,2026-07-29,2026-07-29,0.1429,FIXED,4677073.03,BR-001,0,
MM.MONEY.MARKET/4006486,INTERBANK_PLACEMENT,GHS,365182.31,365182.31,SBL-BANK-017045,IB.PLACE.GHS,1101,2026-06-04,2026-07-01,2026-07-01,0.1428,FIXED,365182.31,BR-001,0,
MM.MONEY.MARKET/4006487,INTERBANK_PLACEMENT,GHS,8539709.54,8539709.54,SBL-BANK-017042,IB.PLACE.GHS,1101,2026-06-06,2026-08-26,2026-08-26,0.1401,FIXED,8539709.54,BR-001,0,
MM.MONEY.MARKET/4006488,INTERBANK_PLACEMENT,GHS,372171.29,372171.29,SBL-BANK-017051,IB.PLACE.GHS,1101,2026-05-17,2026-08-10,2026-08-10,0.1411,FIXED,372171.29,BR-001,0,
MM.MONEY.MARKET/4006489,INTERBANK_PLACEMENT,GHS,1609180.86,1609180.86,SBL-BANK-017047,IB.PLACE.GHS,1101,2026-06-29,2026-07-14,2026-07-14,0.1409,FIXED,1609180.86,BR-001,0,
MM.MONEY.MARKET/4006490,INTERBANK_PLACEMENT,USD,412760.19,412760.19,SBL-BANK-017050,IB.PLACE.USD,1102,2026-05-28,2026-07-17,2026-07-17,0.0508,FIXED,5341118.58,BR-001,0,
MM.MONEY.MARKET/4006491,INTERBANK_PLACEMENT,USD,641219.40,641219.40,SBL-BANK-017044,IB.PLACE.USD,1102,2026-06-02,2026-08-21,2026-08-21,0.0522,FIXED,8297381.72,BR-001,0,
MM.MONEY.MARKET/4006492,INTERBANK_PLACEMENT,USD,910996.05,910996.05,SBL-BANK-017046,IB.PLACE.USD,1102,2026-06-27,2026-07-21,2026-07-21,0.0489,FIXED,11788292.70,BR-001,0,
MM.MONEY.MARKET/4006493,INTERBANK_PLACEMENT,USD,456923.09,456923.09,SBL-BANK-017049,IB.PLACE.USD,1102,2026-05-30,2026-07-08,2026-07-08,0.0526,FIXED,5912586.69,BR-001,0,
MM.MONEY.MARKET/4006494,INTERBANK_PLACEMENT,USD,249800.82,249800.82,SBL-BANK-017047,IB.PLACE.USD,1102,2026-05-14,2026-07-20,2026-07-20,0.0543,FIXED,3232423.65,BR-001,0,
MM.MONEY.MARKET/4006495,INTERBANK_PLACEMENT,USD,146012.69,146012.69,SBL-BANK-017051,IB.PLACE.USD,1102,2026-05-11,2026-07-23,2026-07-23,0.0546,FIXED,1889404.82,BR-001,0,
MM.MONEY.MARKET/4006496,INTERBANK_PLACEMENT,USD,453188.36,453188.36,SBL-BANK-017045,IB.PLACE.USD,1102,2026-05-03,2026-07-19,2026-07-19,0.056,FIXED,5864259.27,BR-001,0,
MM.MONEY.MARKET/4006497,INTERBANK_PLACEMENT,USD,214577.34,214577.34,SBL-BANK-017045,IB.PLACE.USD,1102,2026-06-27,2026-07-20,2026-07-20,0.055,FIXED,2776631.68,BR-001,0,
MM.MONEY.MARKET/4006498,INTERBANK_PLACEMENT,USD,67528.81,67528.81,SBL-BANK-017042,IB.PLACE.USD,1102,2026-06-05,2026-08-02,2026-08-02,0.0515,FIXED,873823.08,BR-001,0,
MM.MONEY.MARKET/4006499,INTERBANK_PLACEMENT,USD,901429.41,901429.41,SBL-BANK-017041,IB.PLACE.USD,1102,2026-06-13,2026-07-06,2026-07-06,0.0511,FIXED,11664500.33,BR-001,0,
MM.MONEY.MARKET/4006500,INTERBANK_PLACEMENT,USD,613341.00,613341.00,SBL-BANK-017049,IB.PLACE.USD,1102,2026-06-03,2026-07-24,2026-07-24,0.0527,FIXED,7936635.10,BR-001,0,
MM.MONEY.MARKET/4006501,INTERBANK_PLACEMENT,USD,196495.86,196495.86,SBL-BANK-017049,IB.PLACE.USD,1102,2026-06-26,2026-07-17,2026-07-17,0.0525,FIXED,2542657.25,BR-001,0,
MM.MONEY.MARKET/4006502,INTERBANK_PLACEMENT,USD,444563.27,444563.27,SBL-BANK-017041,IB.PLACE.USD,1102,2026-06-29,2026-09-19,2026-09-19,0.0529,FIXED,5752650.57,BR-001,0,
SECURITY.POSITION/3000420,SECURITY_HOLDING,GHS,47666.72,47666.72,SBL-SOV-017052,SEC.BOND.10Y,1206,2016-11-13,2026-09-22,2026-09-22,0.2419,FIXED,47666.72,BR-001,112,GHGGB5249229
SECURITY.POSITION/3000612,SECURITY_HOLDING,GHS,416.71,416.71,SBL-SOV-017052,SEC.BOND.10Y,1206,2017-06-14,2027-04-23,2027-04-23,0.2361,FIXED,416.71,BR-001,108,GHGGB8250024
SECURITY.POSITION/3000618,SECURITY_HOLDING,GHS,468.48,468.48,SBL-SOV-017052,SEC.BOND.10Y,1206,2017-01-08,2026-11-17,2026-11-17,0.2311,FIXED,468.48,BR-001,108,GHGGB2196990
SECURITY.POSITION/3000673,SECURITY_HOLDING,GHS,139946.32,139946.32,SBL-SOV-017052,SEC.BOND.10Y,1206,2017-05-16,2027-03-25,2027-03-25,0.2378,FIXED,139946.32,BR-001,107,GHGGB8062535
SECURITY.POSITION/3000833,SECURITY_HOLDING,GHS,55006.96,55006.96,SBL-SOV-017052,SEC.BOND.10Y,1206,2017-03-21,2027-01-28,2027-01-28,0.2384,FIXED,55006.96,BR-001,104,GHGGB3639830
SECURITY.POSITION/3000836,SECURITY_HOLDING,GHS,71097.59,71097.59,SBL-SOV-017052,SEC.BOND.10Y,1206,2017-01-03,2026-11-12,2026-11-12,0.2374,FIXED,71097.59,BR-001,104,GHGGB4288520
SECURITY.POSITION/3000841,SECURITY_HOLDING,GHS,142962.78,142962.78,SBL-SOV-017052,SEC.BOND.10Y,1206,2016-09-08,2026-07-18,2026-07-18,0.238,FIXED,142962.78,BR-001,104,GHGGB9351939
SECURITY.POSITION/3000890,SECURITY_HOLDING,GHS,135605.01,135605.01,SBL-SOV-017052,SEC.BOND.10Y,1206,2016-10-27,2026-09-05,2026-09-05,0.2466,FIXED,135605.01,BR-001,103,GHGGB7073739
SECURITY.POSITION/3000942,SECURITY_HOLDING,GHS,45828.31,45828.31,SBL-SOV-017052,SEC.BOND.10Y,1206,2017-02-08,2026-12-18,2026-12-18,0.2434,FIXED,45828.31,BR-001,102,GHGGB4318998
SECURITY.POSITION/3001000,SECURITY_HOLDING,GHS,76990.16,76990.16,SBL-SOV-017052,SEC.BOND.10Y,1206,2017-09-03,2027-07-13,2027-07-13,0.2335,FIXED,76990.16,BR-001,101,GHGGB1992875
SECURITY.POSITION/3001003,SECURITY_HOLDING,GHS,112065.58,112065.58,SBL-SOV-017052,SEC.BOND.10Y,1206,2017-01-11,2026-11-20,2026-11-20,0.2274,FIXED,112065.58,BR-001,101,GHGGB2279266
SECURITY.POSITION/3001007,SECURITY_HOLDING,GHS,11738.23,11738.23,SBL-SOV-017052,SEC.BOND.10Y,1206,2017-02-06,2026-12-16,2026-12-16,0.2283,FIXED,11738.23,BR-001,101,GHGGB8437911
SECURITY.POSITION/3001196,SECURITY_HOLDING,GHS,18300.48,18300.48,SBL-SOV-017052,SEC.BOND.10Y,1206,2017-11-28,2027-10-07,2027-10-07,0.2318,FIXED,18300.48,BR-001,97,GHGGB3590864
SECURITY.POSITION/3001312,SECURITY_HOLDING,GHS,152366.98,152366.98,SBL-SOV-017052,SEC.BOND.10Y,1206,2018-05-28,2028-04-05,2028-04-05,0.226,FIXED,152366.98,BR-001,95,GHGGB7088538
SECURITY.POSITION/3001315,SECURITY_HOLDING,GHS,94244.65,94244.65,SBL-SOV-017052,SEC.BOND.10Y,1206,2017-07-31,2027-06-09,2027-06-09,0.2275,FIXED,94244.65,BR-001,95,GHGGB7145780
SECURITY.POSITION/3001317,SECURITY_HOLDING,GHS,45102.41,45102.41,SBL-SOV-017052,SEC.BOND.10Y,1206,2017-02-20,2026-12-30,2026-12-30,0.232,FIXED,45102.41,BR-001,95,GHGGB1719998
SECURITY.POSITION/3001424,SECURITY_HOLDING,GHS,156356.06,156356.06,SBL-SOV-017052,SEC.BOND.10Y,1206,2018-03-13,2028-01-20,2028-01-20,0.2257,FIXED,156356.06,BR-001,93,GHGGB2562504
SECURITY.POSITION/3001426,SECURITY_HOLDING,GHS,18572.06,18572.06,SBL-SOV-017052,SEC.BOND.10Y,1206,2016-09-02,2026-07-12,2026-07-12,0.2337,FIXED,18572.06,BR-001,93,GHGGB5698052
SECURITY.POSITION/3001428,SECURITY_HOLDING,GHS,120339.57,120339.57,SBL-SOV-017052,SEC.BOND.10Y,1206,2017-01-27,2026-12-06,2026-12-06,0.2345,FIXED,120339.57,BR-001,93,GHGGB2285782
SECURITY.POSITION/3001472,SECURITY_HOLDING,GHS,72124.36,72124.36,SBL-SOV-017052,SEC.BOND.10Y,1206,2017-06-15,2027-04-24,2027-04-24,0.2284,FIXED,72124.36,BR-001,92,GHGGB6208828
SECURITY.POSITION/3001536,SECURITY_HOLDING,GHS,4706.49,4706.49,SBL-SOV-017052,SEC.BOND.10Y,1206,2018-07-04,2028-05-12,2028-05-12,0.2303,FIXED,4706.49,BR-001,91,GHGGB7094058
SECURITY.POSITION/3001539,SECURITY_HOLDING,GHS,30719.32,30719.32,SBL-SOV-017052,SEC.BOND.10Y,1206,2017-01-06,2026-11-15,2026-11-15,0.2263,FIXED,30719.32,BR-001,91,GHGGB5274469
SECURITY.POSITION/3001589,SECURITY_HOLDING,GHS,132940.51,132940.51,SBL-SOV-017052,SEC.BOND.10Y,1206,2017-03-12,2027-01-19,2027-01-19,0.2322,FIXED,132940.51,BR-001,90,GHGGB7837603
SECURITY.POSITION/3001594,SECURITY_HOLDING,GHS,261772.01,261772.01,SBL-SOV-017052,SEC.BOND.10Y,1206,2016-11-16,2026-09-25,2026-09-25,0.2341,FIXED,261772.01,BR-001,90,GHGGB9234453
SECURITY.POSITION/3001655,SECURITY_HOLDING,GHS,77039.25,77039.25,SBL-SOV-017052,SEC.BOND.10Y,1206,2018-04-26,2028-03-04,2028-03-04,0.2304,FIXED,77039.25,BR-001,89,GHGGB9016005
SECURITY.POSITION/3001657,SECURITY_HOLDING,GHS,41709.63,41709.63,SBL-SOV-017052,SEC.BOND.10Y,1206,2018-10-08,2028-08-16,2028-08-16,0.2365,FIXED,41709.63,BR-001,89,GHGGB4873235
SECURITY.POSITION/3001659,SECURITY_HOLDING,GHS,10175.92,10175.92,SBL-SOV-017052,SEC.BOND.10Y,1206,2017-08-22,2027-07-01,2027-07-01,0.2304,FIXED,10175.92,BR-001,89,GHGGB8251290
SECURITY.POSITION/3001723,SECURITY_HOLDING,GHS,46332.38,46332.38,SBL-SOV-017052,SEC.BOND.10Y,1206,2018-03-04,2028-01-11,2028-01-11,0.2301,FIXED,46332.38,BR-001,88,GHGGB9720041
SECURITY.POSITION/3001725,SECURITY_HOLDING,GHS,96650.96,96650.96,SBL-SOV-017052,SEC.BOND.10Y,1206,2016-09-20,2026-07-30,2026-07-30,0.2323,FIXED,96650.96,BR-001,88,GHGGB2110132
SECURITY.POSITION/3001777,SECURITY_HOLDING,GHS,23964.92,23964.92,SBL-SOV-017052,SEC.BOND.10Y,1206,2017-05-10,2027-03-19,2027-03-19,0.2345,FIXED,23964.92,BR-001,87,GHGGB8432546
SECURITY.POSITION/3001778,SECURITY_HOLDING,GHS,97330.03,97330.03,SBL-SOV-017052,SEC.BOND.10Y,1206,2018-02-15,2027-12-25,2027-12-25,0.2347,FIXED,97330.03,BR-001,87,GHGGB5911826
SECURITY.POSITION/3001779,SECURITY_HOLDING,GHS,44551.99,44551.99,SBL-SOV-017052,SEC.BOND.10Y,1206,2018-08-22,2028-06-30,2028-06-30,0.2358,FIXED,44551.99,BR-001,87,GHGGB2580412
SECURITY.POSITION/3001783,SECURITY_HOLDING,GHS,56164.33,56164.33,SBL-SOV-017052,SEC.BOND.10Y,1206,2016-12-28,2026-11-06,2026-11-06,0.2328,FIXED,56164.33,BR-001,87,GHGGB1730733
SECURITY.POSITION/3001784,SECURITY_HOLDING,GHS,36389.37,36389.37,SBL-SOV-017052,SEC.BOND.10Y,1206,2018-03-27,2028-02-03,2028-02-03,0.2272,FIXED,36389.37,BR-001,87,GHGGB8394170
SECURITY.POSITION/3001786,SECURITY_HOLDING,GHS,25959.88,25959.88,SBL-SOV-017052,SEC.BOND.10Y,1206,2018-12-27,2028-11-04,2028-11-04,0.2324,FIXED,25959.88,BR-001,87,GHGGB4755412
SECURITY.POSITION/3001846,SECURITY_HOLDING,GHS,120060.59,120060.59,SBL-SOV-017052,SEC.BOND.10Y,1206,2017-03-30,2027-02-06,2027-02-06,0.225,FIXED,120060.59,BR-001,86,GHGGB5054631
SECURITY.POSITION/3001848,SECURITY_HOLDING,GHS,143049.82,143049.82,SBL-SOV-017052,SEC.BOND.10Y,1206,2018-02-06,2027-12-16,2027-12-16,0.2264,FIXED,143049.82,BR-001,86,GHGGB9089226
SECURITY.POSITION/3001898,SECURITY_HOLDING,GHS,354165.35,354165.35,SBL-SOV-017052,SEC.BOND.10Y,1206,2016-10-21,2026-08-30,2026-08-30,0.2284,FIXED,354165.35,BR-001,85,GHGGB1639212
SECURITY.POSITION/3001901,SECURITY_HOLDING,GHS,70435.70,70435.70,SBL-SOV-017052,SEC.BOND.10Y,1206,2016-09-29,2026-08-08,2026-08-08,0.2359,FIXED,70435.70,BR-001,85,GHGGB8435810
SECURITY.POSITION/3001903,SECURITY_HOLDING,GHS,90490.82,90490.82,SBL-SOV-017052,SEC.BOND.10Y,1206,2017-04-12,2027-02-19,2027-02-19,0.2364,FIXED,90490.82,BR-001,85,GHGGB1558345
SECURITY.POSITION/3002000,SECURITY_HOLDING,GHS,36399.22,36399.22,SBL-SOV-017052,SEC.BOND.10Y,1206,2017-08-05,2027-06-14,2027-06-14,0.2272,FIXED,36399.22,BR-001,83,GHGGB1282288
SECURITY.POSITION/3002001,SECURITY_HOLDING,GHS,242111.57,242111.57,SBL-SOV-017052,SEC.BOND.10Y,1206,2018-12-18,2028-10-26,2028-10-26,0.2303,FIXED,242111.57,BR-001,83,GHGGB2928270
SECURITY.POSITION/3002002,SECURITY_HOLDING,GHS,70454.74,70454.74,SBL-SOV-017052,SEC.BOND.10Y,1206,2019-03-24,2029-01-30,2029-01-30,0.2363,FIXED,70454.74,BR-001,83,GHGGB2282675
SECURITY.POSITION/3002003,SECURITY_HOLDING,GHS,34042.52,34042.52,SBL-SOV-017052,SEC.BOND.10Y,1206,2019-01-27,2028-12-05,2028-12-05,0.2339,FIXED,34042.52,BR-001,83,GHGGB9079099
SECURITY.POSITION/3002010,SECURITY_HOLDING,GHS,26803.87,26803.87,SBL-SOV-017052,SEC.BOND.10Y,1206,2018-03-10,2028-01-17,2028-01-17,0.2302,FIXED,26803.87,BR-001,83,GHGGB5386250
SECURITY.POSITION/3002056,SECURITY_HOLDING,GHS,147525.24,147525.24,SBL-SOV-017052,SEC.BOND.10Y,1206,2018-07-21,2028-05-29,2028-05-29,0.2298,FIXED,147525.24,BR-001,82,GHGGB5697021
SECURITY.POSITION/3002060,SECURITY_HOLDING,GHS,170108.02,170108.02,SBL-SOV-017052,SEC.BOND.10Y,1206,2019-06-22,2029-04-30,2029-04-30,0.2359,FIXED,170108.02,BR-001,82,GHGGB3148557
SECURITY.POSITION/3002109,SECURITY_HOLDING,GHS,1242801.69,1242801.69,SBL-SOV-017052,SEC.BOND.10Y,1206,2018-02-19,2027-12-29,2027-12-29,0.2316,FIXED,1242801.69,BR-001,81,GHGGB6147320
SECURITY.POSITION/3002161,SECURITY_HOLDING,GHS,279158.50,279158.50,SBL-SOV-017052,SEC.BOND.10Y,1206,2018-05-24,2028-04-01,2028-04-01,0.2317,FIXED,279158.50,BR-001,80,GHGGB5801981
SECURITY.POSITION/3002164,SECURITY_HOLDING,GHS,116704.98,116704.98,SBL-SOV-017052,SEC.BOND.10Y,1206,2018-06-06,2028-04-14,2028-04-14,0.238,FIXED,116704.98,BR-001,80,GHGGB1448331
SECURITY.POSITION/3002167,SECURITY_HOLDING,GHS,91646.47,91646.47,SBL-SOV-017052,SEC.BOND.10Y,1206,2017-03-03,2027-01-10,2027-01-10,0.2368,FIXED,91646.47,BR-001,80,GHGGB6838354
SECURITY.POSITION/3002168,SECURITY_HOLDING,GHS,58225.81,58225.81,SBL-SOV-017052,SEC.BOND.10Y,1206,2019-04-27,2029-03-05,2029-03-05,0.2302,FIXED,58225.81,BR-001,80,GHGGB7226779
SECURITY.POSITION/3002218,SECURITY_HOLDING,GHS,24922.54,24922.54,SBL-SOV-017052,SEC.BOND.10Y,1206,2018-09-20,2028-07-29,2028-07-29,0.2323,FIXED,24922.54,BR-001,79,GHGGB2268060
SECURITY.POSITION/3002219,SECURITY_HOLDING,GHS,60553.01,60553.01,SBL-SOV-017052,SEC.BOND.10Y,1206,2018-09-16,2028-07-25,2028-07-25,0.234,FIXED,60553.01,BR-001,79,GHGGB5738416
SECURITY.POSITION/3002221,SECURITY_HOLDING,GHS,54599.47,54599.47,SBL-SOV-017052,SEC.BOND.10Y,1206,2019-03-20,2029-01-26,2029-01-26,0.2306,FIXED,54599.47,BR-001,79,GHGGB5218673
SECURITY.POSITION/3002223,SECURITY_HOLDING,GHS,96626.60,96626.60,SBL-SOV-017052,SEC.BOND.10Y,1206,2017-06-16,2027-04-25,2027-04-25,0.2345,FIXED,96626.60,BR-001,79,GHGGB6619582
SECURITY.POSITION/3002274,SECURITY_HOLDING,GHS,86214.55,86214.55,SBL-SOV-017052,SEC.BOND.10Y,1206,2017-08-25,2027-07-04,2027-07-04,0.2336,FIXED,86214.55,BR-001,78,GHGGB9540323
SECURITY.POSITION/3002276,SECURITY_HOLDING,GHS,25237.25,25237.25,SBL-SOV-017052,SEC.BOND.10Y,1206,2019-07-16,2029-05-24,2029-05-24,0.2252,FIXED,25237.25,BR-001,78,GHGGB6281313
SECURITY.POSITION/3002329,SECURITY_HOLDING,GHS,41463.05,41463.05,SBL-SOV-017052,SEC.BOND.10Y,1206,2019-05-07,2029-03-15,2029-03-15,0.2137,FIXED,41463.05,BR-001,77,GHGGB4267959
SECURITY.POSITION/3002334,SECURITY_HOLDING,GHS,18771.79,18771.79,SBL-SOV-017052,SEC.BOND.10Y,1206,2017-12-22,2027-10-31,2027-10-31,0.2114,FIXED,18771.79,BR-001,77,GHGGB7498136
SECURITY.POSITION/3002337,SECURITY_HOLDING,GHS,9261.31,9261.31,SBL-SOV-017052,SEC.BOND.10Y,1206,2017-01-20,2026-11-29,2026-11-29,0.2089,FIXED,9261.31,BR-001,77,GHGGB8118360
SECURITY.POSITION/3002388,SECURITY_HOLDING,GHS,102693.56,102693.56,SBL-SOV-017052,SEC.BOND.10Y,1206,2016-09-02,2026-07-12,2026-07-12,0.2097,FIXED,102693.56,BR-001,76,GHGGB7657348
SECURITY.POSITION/3002390,SECURITY_HOLDING,GHS,73062.18,73062.18,SBL-SOV-017052,SEC.BOND.10Y,1206,2016-11-01,2026-09-10,2026-09-10,0.2156,FIXED,73062.18,BR-001,76,GHGGB7490082
SECURITY.POSITION/3002392,SECURITY_HOLDING,GHS,129915.00,129915.00,SBL-SOV-017052,SEC.BOND.10Y,1206,2019-04-30,2029-03-08,2029-03-08,0.2111,FIXED,129915.00,BR-001,76,GHGGB1841361
SECURITY.POSITION/3002395,SECURITY_HOLDING,GHS,67406.39,67406.39,SBL-SOV-017052,SEC.BOND.10Y,1206,2017-08-27,2027-07-06,2027-07-06,0.2102,FIXED,67406.39,BR-001,76,GHGGB3247649
SECURITY.POSITION/3002496,SECURITY_HOLDING,GHS,36239.28,36239.28,SBL-SOV-017052,SEC.BOND.10Y,1206,2019-07-25,2029-06-02,2029-06-02,0.2115,FIXED,36239.28,BR-001,74,GHGGB7702105
SECURITY.POSITION/3002639,SECURITY_HOLDING,GHS,55996.40,55996.40,SBL-SOV-017052,SEC.BOND.10Y,1206,2018-09-22,2028-07-31,2028-07-31,0.2125,FIXED,55996.40,BR-001,71,GHGGB2642109
SECURITY.POSITION/3002640,SECURITY_HOLDING,GHS,49148.82,49148.82,SBL-SOV-017052,SEC.BOND.10Y,1206,2019-03-03,2029-01-09,2029-01-09,0.2106,FIXED,49148.82,BR-001,71,GHGGB4149074
SECURITY.POSITION/3002642,SECURITY_HOLDING,GHS,96838.06,96838.06,SBL-SOV-017052,SEC.BOND.10Y,1206,2017-06-11,2027-04-20,2027-04-20,0.2123,FIXED,96838.06,BR-001,71,GHGGB7862476
SECURITY.POSITION/3002644,SECURITY_HOLDING,GHS,42789.52,42789.52,SBL-SOV-017052,SEC.BOND.10Y,1206,2020-05-12,2030-03-21,2030-03-21,0.2123,FIXED,42789.52,BR-001,71,GHGGB4458089
SECURITY.POSITION/3002646,SECURITY_HOLDING,GHS,5190.44,5190.44,SBL-SOV-017052,SEC.BOND.10Y,1206,2018-10-25,2028-09-02,2028-09-02,0.2094,FIXED,5190.44,BR-001,71,GHGGB8216733
SECURITY.POSITION/3002695,SECURITY_HOLDING,GHS,47232.76,47232.76,SBL-SOV-017052,SEC.BOND.10Y,1206,2016-10-23,2026-09-01,2026-09-01,0.2093,FIXED,47232.76,BR-001,70,GHGGB2669218
SECURITY.POSITION/3002751,SECURITY_HOLDING,GHS,15418.44,15418.44,SBL-SOV-017052,SEC.BOND.10Y,1206,2018-10-23,2028-08-31,2028-08-31,0.2173,FIXED,15418.44,BR-001,69,GHGGB3420563
SECURITY.POSITION/3002752,SECURITY_HOLDING,GHS,11705.47,11705.47,SBL-SOV-017052,SEC.BOND.10Y,1206,2018-03-28,2028-02-04,2028-02-04,0.2084,FIXED,11705.47,BR-001,69,GHGGB8630207
SECURITY.POSITION/3002754,SECURITY_HOLDING,GHS,13912.10,13912.10,SBL-SOV-017052,SEC.BOND.10Y,1206,2019-05-19,2029-03-27,2029-03-27,0.2113,FIXED,13912.10,BR-001,69,GHGGB5644299
SECURITY.POSITION/3002755,SECURITY_HOLDING,GHS,10718.57,10718.57,SBL-SOV-017052,SEC.BOND.10Y,1206,2018-08-20,2028-06-28,2028-06-28,0.2147,FIXED,10718.57,BR-001,69,GHGGB3379382
SECURITY.POSITION/3002756,SECURITY_HOLDING,GHS,10681.80,10681.80,SBL-SOV-017052,SEC.BOND.10Y,1206,2019-02-02,2028-12-11,2028-12-11,0.2108,FIXED,10681.80,BR-001,69,GHGGB3230241
SECURITY.POSITION/3002811,SECURITY_HOLDING,GHS,50581.33,50581.33,SBL-SOV-017052,SEC.BOND.10Y,1206,2018-07-24,2028-06-01,2028-06-01,0.2119,FIXED,50581.33,BR-001,68,GHGGB9934214
SECURITY.POSITION/3002812,SECURITY_HOLDING,GHS,17712.51,17712.51,SBL-SOV-017052,SEC.BOND.10Y,1206,2020-06-12,2030-04-21,2030-04-21,0.2208,FIXED,17712.51,BR-001,68,GHGGB4640377
SECURITY.POSITION/3002813,SECURITY_HOLDING,GHS,923.51,923.51,SBL-SOV-017052,SEC.BOND.10Y,1206,2017-01-08,2026-11-17,2026-11-17,0.2158,FIXED,923.51,BR-001,68,GHGGB9637187
SECURITY.POSITION/3002814,SECURITY_HOLDING,GHS,28358.20,28358.20,SBL-SOV-017052,SEC.BOND.10Y,1206,2020-05-22,2030-03-31,2030-03-31,0.2095,FIXED,28358.20,BR-001,68,GHGGB1305258
SECURITY.POSITION/3002870,SECURITY_HOLDING,GHS,28273.27,28273.27,SBL-SOV-017052,SEC.BOND.10Y,1206,2020-01-25,2029-12-03,2029-12-03,0.2123,FIXED,28273.27,BR-001,67,GHGGB9427948
SECURITY.POSITION/3002872,SECURITY_HOLDING,GHS,19566.93,19566.93,SBL-SOV-017052,SEC.BOND.10Y,1206,2019-11-18,2029-09-26,2029-09-26,0.2114,FIXED,19566.93,BR-001,67,GHGGB9746262
SECURITY.POSITION/3002874,SECURITY_HOLDING,GHS,42786.34,42786.34,SBL-SOV-017052,SEC.BOND.10Y,1206,2018-04-08,2028-02-15,2028-02-15,0.2151,FIXED,42786.34,BR-001,67,GHGGB3866483
SECURITY.POSITION/3002927,SECURITY_HOLDING,GHS,43264.99,43264.99,SBL-SOV-017052,SEC.BOND.10Y,1206,2017-05-18,2027-03-27,2027-03-27,0.2097,FIXED,43264.99,BR-001,66,GHGGB2805471
SECURITY.POSITION/3002928,SECURITY_HOLDING,GHS,5686.38,5686.38,SBL-SOV-017052,SEC.BOND.10Y,1206,2019-04-18,2029-02-24,2029-02-24,0.2075,FIXED,5686.38,BR-001,66,GHGGB2353330
SECURITY.POSITION/3002930,SECURITY_HOLDING,GHS,176243.32,176243.32,SBL-SOV-017052,SEC.BOND.10Y,1206,2018-04-19,2028-02-26,2028-02-26,0.2072,FIXED,176243.32,BR-001,66,GHGGB7220323
SECURITY.POSITION/3002991,SECURITY_HOLDING,GHS,78697.66,78697.66,SBL-SOV-017052,SEC.BOND.10Y,1206,2018-01-19,2027-11-28,2027-11-28,0.207,FIXED,78697.66,BR-001,65,GHGGB3136204
SECURITY.POSITION/3002996,SECURITY_HOLDING,GHS,6003.66,6003.66,SBL-SOV-017052,SEC.BOND.10Y,1206,2020-03-26,2030-02-02,2030-02-02,0.2082,FIXED,6003.66,BR-001,65,GHGGB6689260
SECURITY.POSITION/3002997,SECURITY_HOLDING,GHS,347690.46,347690.46,SBL-SOV-017052,SEC.BOND.10Y,1206,2018-12-10,2028-10-18,2028-10-18,0.2123,FIXED,347690.46,BR-001,65,GHGGB6493776
SECURITY.POSITION/3002998,SECURITY_HOLDING,GHS,380099.54,380099.54,SBL-SOV-017052,SEC.BOND.10Y,1206,2019-11-12,2029-09-20,2029-09-20,0.2102,FIXED,380099.54,BR-001,65,GHGGB4400886
SECURITY.POSITION/3003000,SECURITY_HOLDING,GHS,159402.59,159402.59,SBL-SOV-017052,SEC.BOND.10Y,1206,2016-10-21,2026-08-30,2026-08-30,0.2073,FIXED,159402.59,BR-001,65,GHGGB3101474
SECURITY.POSITION/3003094,SECURITY_HOLDING,GHS,921.48,921.48,SBL-SOV-017052,SEC.BOND.10Y,1206,2018-10-23,2028-08-31,2028-08-31,0.2111,FIXED,921.48,BR-001,63,GHGGB7235285
SECURITY.POSITION/3003096,SECURITY_HOLDING,GHS,990.62,990.62,SBL-SOV-017052,SEC.BOND.10Y,1206,2020-06-07,2030-04-16,2030-04-16,0.2129,FIXED,990.62,BR-001,63,GHGGB7760130
SECURITY.POSITION/3003099,SECURITY_HOLDING,GHS,6885.53,6885.53,SBL-SOV-017052,SEC.BOND.10Y,1206,2017-01-03,2026-11-12,2026-11-12,0.2057,FIXED,6885.53,BR-001,63,GHGGB8703944
SECURITY.POSITION/3003100,SECURITY_HOLDING,GHS,2832.88,2832.88,SBL-SOV-017052,SEC.BOND.10Y,1206,2016-09-15,2026-07-25,2026-07-25,0.2137,FIXED,2832.88,BR-001,63,GHGGB4752484
SECURITY.POSITION/3003102,SECURITY_HOLDING,GHS,1962.18,1962.18,SBL-SOV-017052,SEC.BOND.10Y,1206,2018-11-08,2028-09-16,2028-09-16,0.2151,FIXED,1962.18,BR-001,63,GHGGB4797680
SECURITY.POSITION/3003103,SECURITY_HOLDING,GHS,6813.96,6813.96,SBL-SOV-017052,SEC.BOND.10Y,1206,2019-06-25,2029-05-03,2029-05-03,0.2132,FIXED,6813.96,BR-001,63,GHGGB6507794
SECURITY.POSITION/3003156,SECURITY_HOLDING,GHS,89173.98,89173.98,SBL-SOV-017052,SEC.BOND.10Y,1206,2017-06-16,2027-04-25,2027-04-25,0.2114,FIXED,89173.98,BR-001,62,GHGGB9098127
SECURITY.POSITION/3003158,SECURITY_HOLDING,GHS,100013.53,100013.53,SBL-SOV-017052,SEC.BOND.10Y,1206,2021-04-11,2031-02-18,2031-02-18,0.2072,FIXED,100013.53,BR-001,62,GHGGB9704909
SECURITY.POSITION/3003159,SECURITY_HOLDING,GHS,210166.82,210166.82,SBL-SOV-017052,SEC.BOND.10Y,1206,2019-11-02,2029-09-10,2029-09-10,0.2108,FIXED,210166.82,BR-001,62,GHGGB1373367
SECURITY.POSITION/3003160,SECURITY_HOLDING,GHS,318790.41,318790.41,SBL-SOV-017052,SEC.BOND.10Y,1206,2018-10-09,2028-08-17,2028-08-17,0.2117,FIXED,318790.41,BR-001,62,GHGGB4704661
SECURITY.POSITION/3003163,SECURITY_HOLDING,GHS,138296.52,138296.52,SBL-SOV-017052,SEC.BOND.10Y,1206,2019-06-04,2029-04-12,2029-04-12,0.2077,FIXED,138296.52,BR-001,62,GHGGB4029472
SECURITY.POSITION/3003164,SECURITY_HOLDING,GHS,58643.65,58643.65,SBL-SOV-017052,SEC.BOND.10Y,1206,2021-02-17,2030-12-27,2030-12-27,0.2072,FIXED,58643.65,BR-001,62,GHGGB7823127
SECURITY.POSITION/3003205,SECURITY_HOLDING,GHS,84793.37,84793.37,SBL-SOV-017052,SEC.BOND.10Y,1206,2017-01-05,2026-11-14,2026-11-14,0.214,FIXED,84793.37,BR-001,61,GHGGB9765921
SECURITY.POSITION/3003209,SECURITY_HOLDING,GHS,62827.92,62827.92,SBL-SOV-017052,SEC.BOND.10Y,1206,2020-06-11,2030-04-20,2030-04-20,0.2102,FIXED,62827.92,BR-001,61,GHGGB8727812
SECURITY.POSITION/3003210,SECURITY_HOLDING,GHS,63975.93,63975.93,SBL-SOV-017052,SEC.BOND.10Y,1206,2017-01-06,2026-11-15,2026-11-15,0.2135,FIXED,63975.93,BR-001,61,GHGGB5116600
SECURITY.POSITION/3003211,SECURITY_HOLDING,GHS,167517.09,167517.09,SBL-SOV-017052,SEC.BOND.10Y,1206,2020-08-06,2030-06-15,2030-06-15,0.2146,FIXED,167517.09,BR-001,61,GHGGB6028933
SECURITY.POSITION/3003212,SECURITY_HOLDING,GHS,34319.74,34319.74,SBL-SOV-017052,SEC.BOND.10Y,1206,2016-11-27,2026-10-06,2026-10-06,0.2124,FIXED,34319.74,BR-001,61,GHGGB1362112
SECURITY.POSITION/3003256,SECURITY_HOLDING,GHS,58692.26,58692.26,SBL-SOV-017052,SEC.BOND.10Y,1206,2021-05-20,2031-03-29,2031-03-29,0.2096,FIXED,58692.26,BR-001,60,GHGGB6889003
SECURITY.POSITION/3003259,SECURITY_HOLDING,GHS,65773.65,65773.65,SBL-SOV-017052,SEC.BOND.10Y,1206,2020-12-29,2030-11-07,2030-11-07,0.2072,FIXED,65773.65,BR-001,60,GHGGB5338280
SECURITY.POSITION/3003260,SECURITY_HOLDING,GHS,86287.38,86287.38,SBL-SOV-017052,SEC.BOND.10Y,1206,2019-04-15,2029-02-21,2029-02-21,0.2091,FIXED,86287.38,BR-001,60,GHGGB6709632
SECURITY.POSITION/3003307,SECURITY_HOLDING,GHS,32515.38,32515.38,SBL-SOV-017052,SEC.BOND.10Y,1206,2016-09-15,2026-07-25,2026-07-25,0.2297,FIXED,32515.38,BR-001,59,GHGGB8120172
SECURITY.POSITION/3003309,SECURITY_HOLDING,GHS,69108.92,69108.92,SBL-SOV-017052,SEC.BOND.10Y,1206,2020-03-25,2030-02-01,2030-02-01,0.2286,FIXED,69108.92,BR-001,59,GHGGB3159557
SECURITY.POSITION/3003310,SECURITY_HOLDING,GHS,8373.75,8373.75,SBL-SOV-017052,SEC.BOND.10Y,1206,2018-02-11,2027-12-21,2027-12-21,0.2276,FIXED,8373.75,BR-001,59,GHGGB2154524
SECURITY.POSITION/3003311,SECURITY_HOLDING,GHS,47166.94,47166.94,SBL-SOV-017052,SEC.BOND.10Y,1206,2021-06-24,2031-05-03,2031-05-03,0.2325,FIXED,47166.94,BR-001,59,GHGGB7513056
SECURITY.POSITION/3003312,SECURITY_HOLDING,GHS,100919.29,100919.29,SBL-SOV-017052,SEC.BOND.10Y,1206,2019-08-06,2029-06-14,2029-06-14,0.2292,FIXED,100919.29,BR-001,59,GHGGB2637641
SECURITY.POSITION/3003313,SECURITY_HOLDING,GHS,25807.37,25807.37,SBL-SOV-017052,SEC.BOND.10Y,1206,2019-12-11,2029-10-19,2029-10-19,0.2271,FIXED,25807.37,BR-001,59,GHGGB8610513
SECURITY.POSITION/3003314,SECURITY_HOLDING,GHS,14045.16,14045.16,SBL-SOV-017052,SEC.BOND.10Y,1206,2017-12-27,2027-11-05,2027-11-05,0.2241,FIXED,14045.16,BR-001,59,GHGGB6414558
SECURITY.POSITION/3003315,SECURITY_HOLDING,GHS,14302.37,14302.37,SBL-SOV-017052,SEC.BOND.10Y,1206,2020-05-12,2030-03-21,2030-03-21,0.2279,FIXED,14302.37,BR-001,59,GHGGB1814454
SECURITY.POSITION/3003317,SECURITY_HOLDING,GHS,69987.89,69987.89,SBL-SOV-017052,SEC.BOND.10Y,1206,2018-02-27,2028-01-06,2028-01-06,0.2256,FIXED,69987.89,BR-001,59,GHGGB5036940
SECURITY.POSITION/3003318,SECURITY_HOLDING,GHS,14989.41,14989.41,SBL-SOV-017052,SEC.BOND.10Y,1206,2020-12-26,2030-11-04,2030-11-04,0.2301,FIXED,14989.41,BR-001,59,GHGGB7996895
SECURITY.POSITION/3003378,SECURITY_HOLDING,GHS,16149.07,16149.07,SBL-SOV-017052,SEC.BOND.10Y,1206,2018-02-07,2027-12-17,2027-12-17,0.2296,FIXED,16149.07,BR-001,58,GHGGB1714633
SECURITY.POSITION/3003381,SECURITY_HOLDING,GHS,35014.08,35014.08,SBL-SOV-017052,SEC.BOND.10Y,1206,2017-06-11,2027-04-20,2027-04-20,0.2286,FIXED,35014.08,BR-001,58,GHGGB1513065
SECURITY.POSITION/3003383,SECURITY_HOLDING,GHS,89339.89,89339.89,SBL-SOV-017052,SEC.BOND.10Y,1206,2020-03-01,2030-01-08,2030-01-08,0.23,FIXED,89339.89,BR-001,58,GHGGB4394970
SECURITY.POSITION/3003386,SECURITY_HOLDING,GHS,113809.93,113809.93,SBL-SOV-017052,SEC.BOND.10Y,1206,2021-08-20,2031-06-29,2031-06-29,0.2295,FIXED,113809.93,BR-001,58,GHGGB9817948
SECURITY.POSITION/3003388,SECURITY_HOLDING,GHS,37035.60,37035.60,SBL-SOV-017052,SEC.BOND.10Y,1206,2017-11-22,2027-10-01,2027-10-01,0.2219,FIXED,37035.60,BR-001,58,GHGGB5372408
SECURITY.POSITION/3003439,SECURITY_HOLDING,GHS,484065.09,484065.09,SBL-SOV-017052,SEC.BOND.5Y,1205,2021-08-20,2026-07-25,2026-07-25,0.2141,FIXED,484065.09,BR-001,57,GHGGB8662019
SECURITY.POSITION/3003441,SECURITY_HOLDING,GHS,50171.59,50171.59,SBL-SOV-017052,SEC.BOND.10Y,1206,2020-09-23,2030-08-02,2030-08-02,0.2199,FIXED,50171.59,BR-001,57,GHGGB2314421
SECURITY.POSITION/3003443,SECURITY_HOLDING,GHS,29173.14,29173.14,SBL-SOV-017052,SEC.BOND.10Y,1206,2021-01-28,2030-12-07,2030-12-07,0.2233,FIXED,29173.14,BR-001,57,GHGGB9616338
SECURITY.POSITION/3003445,SECURITY_HOLDING,GHS,178243.10,178243.10,SBL-SOV-017052,SEC.BOND.10Y,1206,2019-04-30,2029-03-08,2029-03-08,0.2256,FIXED,178243.10,BR-001,57,GHGGB5960191
SECURITY.POSITION/3003446,SECURITY_HOLDING,GHS,18445.65,18445.65,SBL-SOV-017052,SEC.BOND.10Y,1206,2017-12-06,2027-10-15,2027-10-15,0.2275,FIXED,18445.65,BR-001,57,GHGGB5072625
SECURITY.POSITION/3003447,SECURITY_HOLDING,GHS,28386.11,28386.11,SBL-SOV-017052,SEC.BOND.10Y,1206,2017-11-01,2027-09-10,2027-09-10,0.2228,FIXED,28386.11,BR-001,57,GHGGB5397871
SECURITY.POSITION/3003482,SECURITY_HOLDING,GHS,24238.61,24238.61,SBL-SOV-017052,SEC.BOND.5Y,1205,2021-09-09,2026-08-14,2026-08-14,0.206,FIXED,24238.61,BR-001,56,GHGGB8179869
SECURITY.POSITION/3003488,SECURITY_HOLDING,GHS,3790.36,3790.36,SBL-SOV-017052,SEC.BOND.10Y,1206,2019-07-26,2029-06-03,2029-06-03,0.232,FIXED,3790.36,BR-001,56,GHGGB2433739
SECURITY.POSITION/3003489,SECURITY_HOLDING,GHS,1056.34,1056.34,SBL-SOV-017052,SEC.BOND.10Y,1206,2019-02-27,2029-01-05,2029-01-05,0.2363,FIXED,1056.34,BR-001,56,GHGGB3263729
SECURITY.POSITION/3003490,SECURITY_HOLDING,GHS,8252.43,8252.43,SBL-SOV-017052,SEC.BOND.10Y,1206,2021-10-02,2031-08-11,2031-08-11,0.2304,FIXED,8252.43,BR-001,56,GHGGB3734405
SECURITY.POSITION/3003493,SECURITY_HOLDING,GHS,2712.79,2712.79,SBL-SOV-017052,SEC.BOND.10Y,1206,2018-12-20,2028-10-28,2028-10-28,0.2372,FIXED,2712.79,BR-001,56,GHGGB1934511
SECURITY.POSITION/3003494,SECURITY_HOLDING,GHS,6042.36,6042.36,SBL-SOV-017052,SEC.BOND.10Y,1206,2019-02-22,2028-12-31,2028-12-31,0.2331,FIXED,6042.36,BR-001,56,GHGGB8306616
SECURITY.POSITION/3003495,SECURITY_HOLDING,GHS,4499.99,4499.99,SBL-SOV-017052,SEC.BOND.10Y,1206,2019-09-19,2029-07-28,2029-07-28,0.2325,FIXED,4499.99,BR-001,56,GHGGB3663368
SECURITY.POSITION/3003497,SECURITY_HOLDING,GHS,1401.69,1401.69,SBL-SOV-017052,SEC.BOND.10Y,1206,2017-02-12,2026-12-22,2026-12-22,0.2303,FIXED,1401.69,BR-001,56,GHGGB9946048
SECURITY.POSITION/3003498,SECURITY_HOLDING,GHS,3041.02,3041.02,SBL-SOV-017052,SEC.BOND.10Y,1206,2018-08-21,2028-06-29,2028-06-29,0.2278,FIXED,3041.02,BR-001,56,GHGGB1887163
SECURITY.POSITION/3003549,SECURITY_HOLDING,GHS,140167.87,140167.87,SBL-SOV-017052,SEC.BOND.10Y,1206,2017-07-16,2027-05-25,2027-05-25,0.2264,FIXED,140167.87,BR-001,55,GHGGB9669517
SECURITY.POSITION/3003551,SECURITY_HOLDING,GHS,160077.89,160077.89,SBL-SOV-017052,SEC.BOND.10Y,1206,2020-12-24,2030-11-02,2030-11-02,0.2245,FIXED,160077.89,BR-001,55,GHGGB7638686
SECURITY.POSITION/3003552,SECURITY_HOLDING,GHS,33349.75,33349.75,SBL-SOV-017052,SEC.BOND.10Y,1206,2020-05-13,2030-03-22,2030-03-22,0.2224,FIXED,33349.75,BR-001,55,GHGGB2568532
SECURITY.POSITION/3003553,SECURITY_HOLDING,GHS,118434.16,118434.16,SBL-SOV-017052,SEC.BOND.10Y,1206,2018-01-25,2027-12-04,2027-12-04,0.2242,FIXED,118434.16,BR-001,55,GHGGB8494851
SECURITY.POSITION/3003554,SECURITY_HOLDING,GHS,55897.16,55897.16,SBL-SOV-017052,SEC.BOND.10Y,1206,2020-09-10,2030-07-20,2030-07-20,0.2221,FIXED,55897.16,BR-001,55,GHGGB7562731
SECURITY.POSITION/3003555,SECURITY_HOLDING,GHS,57077.81,57077.81,SBL-SOV-017052,SEC.BOND.10Y,1206,2018-04-22,2028-02-29,2028-02-29,0.226,FIXED,57077.81,BR-001,55,GHGGB9216600
SECURITY.POSITION/3003557,SECURITY_HOLDING,GHS,24374.16,24374.16,SBL-SOV-017052,SEC.BOND.10Y,1206,2018-09-26,2028-08-04,2028-08-04,0.2236,FIXED,24374.16,BR-001,55,GHGGB9303389
SECURITY.POSITION/3003558,SECURITY_HOLDING,GHS,136121.42,136121.42,SBL-SOV-017052,SEC.BOND.10Y,1206,2021-06-20,2031-04-29,2031-04-29,0.229,FIXED,136121.42,BR-001,55,GHGGB4230817
SECURITY.POSITION/3003559,SECURITY_HOLDING,GHS,68571.66,68571.66,SBL-SOV-017052,SEC.BOND.10Y,1206,2018-11-20,2028-09-28,2028-09-28,0.2218,FIXED,68571.66,BR-001,55,GHGGB5150673
SECURITY.POSITION/3003560,SECURITY_HOLDING,GHS,133386.12,133386.12,SBL-SOV-017052,SEC.BOND.10Y,1206,2020-05-28,2030-04-06,2030-04-06,0.2195,FIXED,133386.12,BR-001,55,GHGGB4382429
SECURITY.POSITION/3003604,SECURITY_HOLDING,GHS,100617.29,100617.29,SBL-SOV-017052,SEC.BOND.5Y,1205,2021-11-23,2026-10-28,2026-10-28,0.2096,FIXED,100617.29,BR-001,54,GHGGB8586691
SECURITY.POSITION/3003609,SECURITY_HOLDING,GHS,21988.25,21988.25,SBL-SOV-017052,SEC.BOND.10Y,1206,2019-05-17,2029-03-25,2029-03-25,0.2312,FIXED,21988.25,BR-001,54,GHGGB1438781
SECURITY.POSITION/3003610,SECURITY_HOLDING,GHS,39429.27,39429.27,SBL-SOV-017052,SEC.BOND.10Y,1206,2017-03-21,2027-01-28,2027-01-28,0.2324,FIXED,39429.27,BR-001,54,GHGGB5685218
SECURITY.POSITION/3003614,SECURITY_HOLDING,GHS,54164.73,54164.73,SBL-SOV-017052,SEC.BOND.10Y,1206,2018-02-25,2028-01-04,2028-01-04,0.2192,FIXED,54164.73,BR-001,54,GHGGB5959916
SECURITY.POSITION/3003617,SECURITY_HOLDING,GHS,203627.00,203627.00,SBL-SOV-017052,SEC.BOND.10Y,1206,2021-07-07,2031-05-16,2031-05-16,0.2318,FIXED,203627.00,BR-001,54,GHGGB6789418
SECURITY.POSITION/3003619,SECURITY_HOLDING,GHS,103377.77,103377.77,SBL-SOV-017052,SEC.BOND.10Y,1206,2021-02-26,2031-01-05,2031-01-05,0.2295,FIXED,103377.77,BR-001,54,GHGGB2415700
SECURITY.POSITION/3003620,SECURITY_HOLDING,GHS,53088.45,53088.45,SBL-SOV-017052,SEC.BOND.10Y,1206,2017-01-11,2026-11-20,2026-11-20,0.2286,FIXED,53088.45,BR-001,54,GHGGB7227153
SECURITY.POSITION/3003673,SECURITY_HOLDING,GHS,370351.37,370351.37,SBL-SOV-017052,SEC.BOND.5Y,1205,2021-11-02,2026-10-07,2026-10-07,0.2084,FIXED,370351.37,BR-001,53,GHGGB3612776
SECURITY.POSITION/3003678,SECURITY_HOLDING,GHS,33528.46,33528.46,SBL-SOV-017052,SEC.BOND.10Y,1206,2021-12-10,2031-10-19,2031-10-19,0.2289,FIXED,33528.46,BR-001,53,GHGGB6487717
SECURITY.POSITION/3003682,SECURITY_HOLDING,GHS,33559.71,33559.71,SBL-SOV-017052,SEC.BOND.10Y,1206,2019-11-21,2029-09-29,2029-09-29,0.2271,FIXED,33559.71,BR-001,53,GHGGB5662831
SECURITY.POSITION/3003683,SECURITY_HOLDING,GHS,158061.27,158061.27,SBL-SOV-017052,SEC.BOND.10Y,1206,2021-12-14,2031-10-23,2031-10-23,0.2282,FIXED,158061.27,BR-001,53,GHGGB3169448
SECURITY.POSITION/3003686,SECURITY_HOLDING,GHS,168285.79,168285.79,SBL-SOV-017052,SEC.BOND.10Y,1206,2016-12-28,2026-11-06,2026-11-06,0.2252,FIXED,168285.79,BR-001,53,GHGGB1720805
SECURITY.POSITION/3003688,SECURITY_HOLDING,GHS,85766.97,85766.97,SBL-SOV-017052,SEC.BOND.10Y,1206,2016-12-12,2026-10-21,2026-10-21,0.229,FIXED,85766.97,BR-001,53,GHGGB1951903
SECURITY.POSITION/3003728,SECURITY_HOLDING,GHS,67558.04,67558.04,SBL-SOV-017052,SEC.BOND.5Y,1205,2021-11-01,2026-10-06,2026-10-06,0.2121,FIXED,67558.04,BR-001,52,GHGGB7447250
SECURITY.POSITION/3003731,SECURITY_HOLDING,GHS,768614.94,768614.94,SBL-SOV-017052,SEC.BOND.5Y,1205,2021-10-29,2026-10-03,2026-10-03,0.2104,FIXED,768614.94,BR-001,52,GHGGB3153526
SECURITY.POSITION/3003734,SECURITY_HOLDING,GHS,62655.66,62655.66,SBL-SOV-017052,SEC.BOND.5Y,1205,2022-02-28,2027-02-02,2027-02-02,0.2134,FIXED,62655.66,BR-001,52,GHGGB7480825
SECURITY.POSITION/3003736,SECURITY_HOLDING,GHS,820259.45,820259.45,SBL-SOV-017052,SEC.BOND.5Y,1205,2022-02-12,2027-01-17,2027-01-17,0.2166,FIXED,820259.45,BR-001,52,GHGGB2408147
SECURITY.POSITION/3003738,SECURITY_HOLDING,GHS,327807.66,327807.66,SBL-SOV-017052,SEC.BOND.10Y,1206,2018-11-27,2028-10-05,2028-10-05,0.2303,FIXED,327807.66,BR-001,52,GHGGB5958537
SECURITY.POSITION/3003740,SECURITY_HOLDING,GHS,96731.62,96731.62,SBL-SOV-017052,SEC.BOND.10Y,1206,2017-11-29,2027-10-08,2027-10-08,0.2285,FIXED,96731.62,BR-001,52,GHGGB6124716
SECURITY.POSITION/3003741,SECURITY_HOLDING,GHS,253199.19,253199.19,SBL-SOV-017052,SEC.BOND.10Y,1206,2018-08-17,2028-06-25,2028-06-25,0.2249,FIXED,253199.19,BR-001,52,GHGGB3818188
SECURITY.POSITION/3003786,SECURITY_HOLDING,GHS,371719.17,371719.17,SBL-SOV-017052,SEC.BOND.5Y,1205,2021-07-27,2026-07-01,2026-07-01,0.3302,FIXED,371719.17,BR-001,51,GHGGB1344559
SECURITY.POSITION/3003788,SECURITY_HOLDING,GHS,28576.65,28576.65,SBL-SOV-017052,SEC.BOND.5Y,1205,2021-08-24,2026-07-29,2026-07-29,0.3289,FIXED,28576.65,BR-001,51,GHGGB7832514
SECURITY.POSITION/3003795,SECURITY_HOLDING,GHS,26172.65,26172.65,SBL-SOV-017052,SEC.BOND.10Y,1206,2020-10-15,2030-08-24,2030-08-24,0.3112,FIXED,26172.65,BR-001,51,GHGGB1957445
SECURITY.POSITION/3003796,SECURITY_HOLDING,GHS,98090.33,98090.33,SBL-SOV-017052,SEC.BOND.10Y,1206,2017-02-14,2026-12-24,2026-12-24,0.3092,FIXED,98090.33,BR-001,51,GHGGB4230536
SECURITY.POSITION/3003797,SECURITY_HOLDING,GHS,94253.53,94253.53,SBL-SOV-017052,SEC.BOND.10Y,1206,2021-01-03,2030-11-12,2030-11-12,0.3131,FIXED,94253.53,BR-001,51,GHGGB7503122
SECURITY.POSITION/3003799,SECURITY_HOLDING,GHS,43637.42,43637.42,SBL-SOV-017052,SEC.BOND.10Y,1206,2018-03-11,2028-01-18,2028-01-18,0.3079,FIXED,43637.42,BR-001,51,GHGGB5140980
SECURITY.POSITION/3003800,SECURITY_HOLDING,GHS,97147.90,97147.90,SBL-SOV-017052,SEC.BOND.10Y,1206,2017-09-06,2027-07-16,2027-07-16,0.3167,FIXED,97147.90,BR-001,51,GHGGB6623523
SECURITY.POSITION/3003801,SECURITY_HOLDING,GHS,31502.84,31502.84,SBL-SOV-017052,SEC.BOND.10Y,1206,2017-01-03,2026-11-12,2026-11-12,0.3165,FIXED,31502.84,BR-001,51,GHGGB4807314
SECURITY.POSITION/3003802,SECURITY_HOLDING,GHS,51265.46,51265.46,SBL-SOV-017052,SEC.BOND.10Y,1206,2017-03-04,2027-01-11,2027-01-11,0.3115,FIXED,51265.46,BR-001,51,GHGGB8349818
SECURITY.POSITION/3003845,SECURITY_HOLDING,GHS,86679.32,86679.32,SBL-SOV-017052,SEC.BOND.10Y,1206,2019-08-29,2029-07-07,2029-07-07,0.3101,FIXED,86679.32,BR-001,50,GHGGB7395370
SECURITY.POSITION/3003846,SECURITY_HOLDING,GHS,193246.65,193246.65,SBL-SOV-017052,SEC.BOND.10Y,1206,2022-04-08,2032-02-15,2032-02-15,0.316,FIXED,193246.65,BR-001,50,GHGGB2773182
SECURITY.POSITION/3003847,SECURITY_HOLDING,GHS,611290.82,611290.82,SBL-SOV-017052,SEC.BOND.10Y,1206,2017-07-30,2027-06-08,2027-06-08,0.3168,FIXED,611290.82,BR-001,50,GHGGB5501307
SECURITY.POSITION/3003850,SECURITY_HOLDING,GHS,178495.94,178495.94,SBL-SOV-017052,SEC.BOND.10Y,1206,2019-11-05,2029-09-13,2029-09-13,0.3037,FIXED,178495.94,BR-001,50,GHGGB9901050
SECURITY.POSITION/3003852,SECURITY_HOLDING,GHS,89830.18,89830.18,SBL-SOV-017052,SEC.BOND.10Y,1206,2021-09-01,2031-07-11,2031-07-11,0.3133,FIXED,89830.18,BR-001,50,GHGGB6958545
SECURITY.POSITION/3003853,SECURITY_HOLDING,GHS,338148.22,338148.22,SBL-SOV-017052,SEC.BOND.10Y,1206,2018-04-27,2028-03-05,2028-03-05,0.3094,FIXED,338148.22,BR-001,50,GHGGB7171438
SECURITY.POSITION/3003855,SECURITY_HOLDING,GHS,218940.65,218940.65,SBL-SOV-017052,SEC.BOND.10Y,1206,2021-01-14,2030-11-23,2030-11-23,0.3094,FIXED,218940.65,BR-001,50,GHGGB9609094
SECURITY.POSITION/3003895,SECURITY_HOLDING,GHS,400130.40,400130.40,SBL-SOV-017052,SEC.BOND.5Y,1205,2021-08-10,2026-07-15,2026-07-15,0.3271,FIXED,400130.40,BR-001,49,GHGGB8882233
SECURITY.POSITION/3003896,SECURITY_HOLDING,GHS,124605.28,124605.28,SBL-SOV-017052,SEC.BOND.5Y,1205,2021-12-30,2026-12-04,2026-12-04,0.3219,FIXED,124605.28,BR-001,49,GHGGB2110385
SECURITY.POSITION/3003899,SECURITY_HOLDING,GHS,238697.88,238697.88,SBL-SOV-017052,SEC.BOND.5Y,1205,2022-05-17,2027-04-21,2027-04-21,0.3225,FIXED,238697.88,BR-001,49,GHGGB1550858
SECURITY.POSITION/3003903,SECURITY_HOLDING,GHS,162716.10,162716.10,SBL-SOV-017052,SEC.BOND.5Y,1205,2021-12-14,2026-11-18,2026-11-18,0.3232,FIXED,162716.10,BR-001,49,GHGGB2491633
SECURITY.POSITION/3003906,SECURITY_HOLDING,GHS,8213.32,8213.32,SBL-SOV-017052,SEC.BOND.10Y,1206,2020-10-21,2030-08-30,2030-08-30,0.3163,FIXED,8213.32,BR-001,49,GHGGB6372151
SECURITY.POSITION/3003907,SECURITY_HOLDING,GHS,229953.95,229953.95,SBL-SOV-017052,SEC.BOND.10Y,1206,2020-07-27,2030-06-05,2030-06-05,0.3147,FIXED,229953.95,BR-001,49,GHGGB1390416
SECURITY.POSITION/3003908,SECURITY_HOLDING,GHS,7402.91,7402.91,SBL-SOV-017052,SEC.BOND.10Y,1206,2021-05-21,2031-03-30,2031-03-30,0.3113,FIXED,7402.91,BR-001,49,GHGGB8917258
SECURITY.POSITION/3003909,SECURITY_HOLDING,GHS,47201.27,47201.27,SBL-SOV-017052,SEC.BOND.10Y,1206,2021-03-23,2031-01-30,2031-01-30,0.308,FIXED,47201.27,BR-001,49,GHGGB3625514
SECURITY.POSITION/3003911,SECURITY_HOLDING,GHS,125756.02,125756.02,SBL-SOV-017052,SEC.BOND.10Y,1206,2017-12-01,2027-10-10,2027-10-10,0.3111,FIXED,125756.02,BR-001,49,GHGGB2877439
SECURITY.POSITION/3003954,SECURITY_HOLDING,GHS,102284.47,102284.47,SBL-SOV-017052,SEC.BOND.5Y,1205,2022-02-15,2027-01-20,2027-01-20,0.3255,FIXED,102284.47,BR-001,48,GHGGB9662928
SECURITY.POSITION/3003962,SECURITY_HOLDING,GHS,320392.87,320392.87,SBL-SOV-017052,SEC.BOND.5Y,1205,2021-11-13,2026-10-18,2026-10-18,0.3274,FIXED,320392.87,BR-001,48,GHGGB6817613
SECURITY.POSITION/3003964,SECURITY_HOLDING,GHS,27254.95,27254.95,SBL-SOV-017052,SEC.BOND.10Y,1206,2022-04-25,2032-03-03,2032-03-03,0.3105,FIXED,27254.95,BR-001,48,GHGGB3459235
SECURITY.POSITION/3003965,SECURITY_HOLDING,GHS,50189.18,50189.18,SBL-SOV-017052,SEC.BOND.10Y,1206,2020-05-31,2030-04-09,2030-04-09,0.3101,FIXED,50189.18,BR-001,48,GHGGB7703012
SECURITY.POSITION/3003966,SECURITY_HOLDING,GHS,28602.79,28602.79,SBL-SOV-017052,SEC.BOND.10Y,1206,2017-06-04,2027-04-13,2027-04-13,0.3119,FIXED,28602.79,BR-001,48,GHGGB7418370
SECURITY.POSITION/3003967,SECURITY_HOLDING,GHS,27874.83,27874.83,SBL-SOV-017052,SEC.BOND.10Y,1206,2018-04-21,2028-02-28,2028-02-28,0.3141,FIXED,27874.83,BR-001,48,GHGGB1305694
SECURITY.POSITION/3003968,SECURITY_HOLDING,GHS,7302.80,7302.80,SBL-SOV-017052,SEC.BOND.10Y,1206,2021-08-05,2031-06-14,2031-06-14,0.3148,FIXED,7302.80,BR-001,48,GHGGB4934036
SECURITY.POSITION/3003969,SECURITY_HOLDING,GHS,11089.54,11089.54,SBL-SOV-017052,SEC.BOND.10Y,1206,2019-08-08,2029-06-16,2029-06-16,0.312,FIXED,11089.54,BR-001,48,GHGGB6244781
SECURITY.POSITION/3003970,SECURITY_HOLDING,GHS,45249.71,45249.71,SBL-SOV-017052,SEC.BOND.10Y,1206,2019-08-09,2029-06-17,2029-06-17,0.3029,FIXED,45249.71,BR-001,48,GHGGB3273911
SECURITY.POSITION/3004056,SECURITY_HOLDING,GHS,181001.04,181001.04,SBL-SOV-017052,SEC.BOND.5Y,1205,2022-02-26,2027-01-31,2027-01-31,0.3168,FIXED,181001.04,BR-001,46,GHGGB2323883
SECURITY.POSITION/3004063,SECURITY_HOLDING,GHS,196550.08,196550.08,SBL-SOV-017052,SEC.BOND.10Y,1206,2019-05-03,2029-03-11,2029-03-11,0.3136,FIXED,196550.08,BR-001,46,GHGGB5306846
SECURITY.POSITION/3004064,SECURITY_HOLDING,GHS,331672.55,331672.55,SBL-SOV-017052,SEC.BOND.10Y,1206,2019-05-13,2029-03-21,2029-03-21,0.3108,FIXED,331672.55,BR-001,46,GHGGB5799367
SECURITY.POSITION/3004065,SECURITY_HOLDING,GHS,224404.57,224404.57,SBL-SOV-017052,SEC.BOND.10Y,1206,2022-08-14,2032-06-22,2032-06-22,0.3161,FIXED,224404.57,BR-001,46,GHGGB9188198
SECURITY.POSITION/3004066,SECURITY_HOLDING,GHS,112356.75,112356.75,SBL-SOV-017052,SEC.BOND.10Y,1206,2020-05-25,2030-04-03,2030-04-03,0.3104,FIXED,112356.75,BR-001,46,GHGGB3476945
SECURITY.POSITION/3004067,SECURITY_HOLDING,GHS,160982.48,160982.48,SBL-SOV-017052,SEC.BOND.10Y,1206,2016-12-15,2026-10-24,2026-10-24,0.3139,FIXED,160982.48,BR-001,46,GHGGB7599346
SECURITY.POSITION/3004068,SECURITY_HOLDING,GHS,399641.19,399641.19,SBL-SOV-017052,SEC.BOND.10Y,1206,2017-02-26,2027-01-05,2027-01-05,0.3113,FIXED,399641.19,BR-001,46,GHGGB5063860
SECURITY.POSITION/3004069,SECURITY_HOLDING,GHS,178943.88,178943.88,SBL-SOV-017052,SEC.BOND.10Y,1206,2020-03-12,2030-01-19,2030-01-19,0.3096,FIXED,178943.88,BR-001,46,GHGGB5363014
SECURITY.POSITION/3004113,SECURITY_HOLDING,GHS,26470.33,26470.33,SBL-SOV-017052,SEC.BOND.5Y,1205,2022-06-17,2027-05-22,2027-05-22,0.3274,FIXED,26470.33,BR-001,45,GHGGB2701012
SECURITY.POSITION/3004120,SECURITY_HOLDING,GHS,587778.82,587778.82,SBL-SOV-017052,SEC.BOND.5Y,1205,2022-04-05,2027-03-10,2027-03-10,0.328,FIXED,587778.82,BR-001,45,GHGGB7187439
SECURITY.POSITION/3004122,SECURITY_HOLDING,GHS,508.48,508.48,SBL-SOV-017052,SEC.BOND.10Y,1206,2018-09-16,2028-07-25,2028-07-25,0.3179,FIXED,508.48,BR-001,45,GHGGB6391334
SECURITY.POSITION/3004124,SECURITY_HOLDING,GHS,1741.78,1741.78,SBL-SOV-017052,SEC.BOND.10Y,1206,2022-09-11,2032-07-20,2032-07-20,0.318,FIXED,1741.78,BR-001,45,GHGGB1667504
SECURITY.POSITION/3004126,SECURITY_HOLDING,GHS,299.28,299.28,SBL-SOV-017052,SEC.BOND.10Y,1206,2019-01-13,2028-11-21,2028-11-21,0.3236,FIXED,299.28,BR-001,45,GHGGB1864401
SECURITY.POSITION/3004129,SECURITY_HOLDING,GHS,1597.53,1597.53,SBL-SOV-017052,SEC.BOND.10Y,1206,2019-08-15,2029-06-23,2029-06-23,0.3139,FIXED,1597.53,BR-001,45,GHGGB2151658
SECURITY.POSITION/3004131,SECURITY_HOLDING,GHS,239.63,239.63,SBL-SOV-017052,SEC.BOND.10Y,1206,2018-11-08,2028-09-16,2028-09-16,0.3146,FIXED,239.63,BR-001,45,GHGGB5431762
SECURITY.POSITION/3004169,SECURITY_HOLDING,GHS,45937.40,45937.40,SBL-SOV-017052,SEC.BOND.5Y,1205,2022-05-30,2027-05-04,2027-05-04,0.3205,FIXED,45937.40,BR-001,44,GHGGB1590882
SECURITY.POSITION/3004170,SECURITY_HOLDING,GHS,17506.65,17506.65,SBL-SOV-017052,SEC.BOND.5Y,1205,2022-08-04,2027-07-09,2027-07-09,0.3253,FIXED,17506.65,BR-001,44,GHGGB2887167
SECURITY.POSITION/3004175,SECURITY_HOLDING,GHS,72743.55,72743.55,SBL-SOV-017052,SEC.BOND.5Y,1205,2021-11-30,2026-11-04,2026-11-04,0.3214,FIXED,72743.55,BR-001,44,GHGGB3441861
SECURITY.POSITION/3004182,SECURITY_HOLDING,GHS,280310.18,280310.18,SBL-SOV-017052,SEC.BOND.10Y,1206,2017-09-23,2027-08-02,2027-08-02,0.3182,FIXED,280310.18,BR-001,44,GHGGB6821253
SECURITY.POSITION/3004183,SECURITY_HOLDING,GHS,202492.20,202492.20,SBL-SOV-017052,SEC.BOND.10Y,1206,2021-05-18,2031-03-27,2031-03-27,0.315,FIXED,202492.20,BR-001,44,GHGGB9321278
SECURITY.POSITION/3004184,SECURITY_HOLDING,GHS,160081.73,160081.73,SBL-SOV-017052,SEC.BOND.10Y,1206,2020-03-16,2030-01-23,2030-01-23,0.316,FIXED,160081.73,BR-001,44,GHGGB4777848
SECURITY.POSITION/3004185,SECURITY_HOLDING,GHS,132543.83,132543.83,SBL-SOV-017052,SEC.BOND.10Y,1206,2017-12-14,2027-10-23,2027-10-23,0.3159,FIXED,132543.83,BR-001,44,GHGGB5445674
SECURITY.POSITION/3004186,SECURITY_HOLDING,GHS,41685.12,41685.12,SBL-SOV-017052,SEC.BOND.10Y,1206,2019-08-08,2029-06-16,2029-06-16,0.3177,FIXED,41685.12,BR-001,44,GHGGB3632957
SECURITY.POSITION/3004229,SECURITY_HOLDING,GHS,815035.45,815035.45,SBL-SOV-017052,SEC.BOND.5Y,1205,2022-10-12,2027-09-16,2027-09-16,0.3265,FIXED,815035.45,BR-001,43,GHGGB7259375
SECURITY.POSITION/3004230,SECURITY_HOLDING,GHS,33375.39,33375.39,SBL-SOV-017052,SEC.BOND.5Y,1205,2022-09-28,2027-09-02,2027-09-02,0.3297,FIXED,33375.39,BR-001,43,GHGGB4261108
SECURITY.POSITION/3004233,SECURITY_HOLDING,GHS,269473.34,269473.34,SBL-SOV-017052,SEC.BOND.5Y,1205,2021-08-05,2026-07-10,2026-07-10,0.3284,FIXED,269473.34,BR-001,43,GHGGB9069236
SECURITY.POSITION/3004235,SECURITY_HOLDING,GHS,360009.54,360009.54,SBL-SOV-017052,SEC.BOND.5Y,1205,2022-03-11,2027-02-13,2027-02-13,0.3298,FIXED,360009.54,BR-001,43,GHGGB8488063
SECURITY.POSITION/3004237,SECURITY_HOLDING,GHS,389809.46,389809.46,SBL-SOV-017052,SEC.BOND.5Y,1205,2022-06-08,2027-05-13,2027-05-13,0.3255,FIXED,389809.46,BR-001,43,GHGGB6375932
SECURITY.POSITION/3004241,SECURITY_HOLDING,GHS,162512.03,162512.03,SBL-SOV-017052,SEC.BOND.10Y,1206,2020-05-31,2030-04-09,2030-04-09,0.3134,FIXED,162512.03,BR-001,43,GHGGB2718965
SECURITY.POSITION/3004242,SECURITY_HOLDING,GHS,33293.53,33293.53,SBL-SOV-017052,SEC.BOND.10Y,1206,2022-03-19,2032-01-26,2032-01-26,0.3156,FIXED,33293.53,BR-001,43,GHGGB5644008
SECURITY.POSITION/3004243,SECURITY_HOLDING,GHS,143592.17,143592.17,SBL-SOV-017052,SEC.BOND.10Y,1206,2016-10-19,2026-08-28,2026-08-28,0.3101,FIXED,143592.17,BR-001,43,GHGGB8950047
SECURITY.POSITION/3004244,SECURITY_HOLDING,GHS,55589.30,55589.30,SBL-SOV-017052,SEC.BOND.10Y,1206,2019-11-05,2029-09-13,2029-09-13,0.3216,FIXED,55589.30,BR-001,43,GHGGB8292325
SECURITY.POSITION/3004245,SECURITY_HOLDING,GHS,141736.66,141736.66,SBL-SOV-017052,SEC.BOND.10Y,1206,2022-09-29,2032-08-07,2032-08-07,0.3143,FIXED,141736.66,BR-001,43,GHGGB6079134
SECURITY.POSITION/3004246,SECURITY_HOLDING,GHS,26660.77,26660.77,SBL-SOV-017052,SEC.BOND.10Y,1206,2020-11-24,2030-10-03,2030-10-03,0.3128,FIXED,26660.77,BR-001,43,GHGGB8673073
SECURITY.POSITION/3004288,SECURITY_HOLDING,GHS,1169801.38,1169801.38,SBL-SOV-017052,SEC.BOND.5Y,1205,2022-05-24,2027-04-28,2027-04-28,0.3261,FIXED,1169801.38,BR-001,42,GHGGB2931567
SECURITY.POSITION/3004295,SECURITY_HOLDING,GHS,33806.19,33806.19,SBL-SOV-017052,SEC.BOND.10Y,1206,2021-09-24,2031-08-03,2031-08-03,0.3257,FIXED,33806.19,BR-001,42,GHGGB4705268
SECURITY.POSITION/3004297,SECURITY_HOLDING,GHS,66270.36,66270.36,SBL-SOV-017052,SEC.BOND.10Y,1206,2021-11-27,2031-10-06,2031-10-06,0.3277,FIXED,66270.36,BR-001,42,GHGGB6361531
SECURITY.POSITION/3004299,SECURITY_HOLDING,GHS,136864.87,136864.87,SBL-SOV-017052,SEC.BOND.10Y,1206,2021-05-23,2031-04-01,2031-04-01,0.3259,FIXED,136864.87,BR-001,42,GHGGB8595631
SECURITY.POSITION/3004335,SECURITY_HOLDING,GHS,473082.47,473082.47,SBL-SOV-017052,SEC.BOND.5Y,1205,2022-12-29,2027-12-03,2027-12-03,0.323,FIXED,473082.47,BR-001,41,GHGGB7437884
SECURITY.POSITION/3004337,SECURITY_HOLDING,GHS,115742.18,115742.18,SBL-SOV-017052,SEC.BOND.5Y,1205,2021-10-03,2026-09-07,2026-09-07,0.3268,FIXED,115742.18,BR-001,41,GHGGB9867579
SECURITY.POSITION/3004339,SECURITY_HOLDING,GHS,19546.87,19546.87,SBL-SOV-017052,SEC.BOND.10Y,1206,2016-10-25,2026-09-03,2026-09-03,0.318,FIXED,19546.87,BR-001,41,GHGGB4990518
SECURITY.POSITION/3004340,SECURITY_HOLDING,GHS,33887.15,33887.15,SBL-SOV-017052,SEC.BOND.10Y,1206,2019-04-16,2029-02-22,2029-02-22,0.3143,FIXED,33887.15,BR-001,41,GHGGB6121932
SECURITY.POSITION/3004341,SECURITY_HOLDING,GHS,19419.23,19419.23,SBL-SOV-017052,SEC.BOND.10Y,1206,2021-12-11,2031-10-20,2031-10-20,0.3201,FIXED,19419.23,BR-001,41,GHGGB7628915
SECURITY.POSITION/3004342,SECURITY_HOLDING,GHS,14975.73,14975.73,SBL-SOV-017052,SEC.BOND.10Y,1206,2022-07-25,2032-06-02,2032-06-02,0.3151,FIXED,14975.73,BR-001,41,GHGGB2663579
SECURITY.POSITION/3004343,SECURITY_HOLDING,GHS,59274.61,59274.61,SBL-SOV-017052,SEC.BOND.10Y,1206,2016-11-02,2026-09-11,2026-09-11,0.3157,FIXED,59274.61,BR-001,41,GHGGB6618394
SECURITY.POSITION/3004344,SECURITY_HOLDING,GHS,62017.15,62017.15,SBL-SOV-017052,SEC.BOND.10Y,1206,2018-09-05,2028-07-14,2028-07-14,0.3149,FIXED,62017.15,BR-001,41,GHGGB4181698
SECURITY.POSITION/3004346,SECURITY_HOLDING,GHS,59040.64,59040.64,SBL-SOV-017052,SEC.BOND.10Y,1206,2022-05-27,2032-04-04,2032-04-04,0.3148,FIXED,59040.64,BR-001,41,GHGGB4475954
SECURITY.POSITION/3004348,SECURITY_HOLDING,GHS,42398.67,42398.67,SBL-SOV-017052,SEC.BOND.10Y,1206,2022-10-13,2032-08-21,2032-08-21,0.312,FIXED,42398.67,BR-001,41,GHGGB4242303
SECURITY.POSITION/3004349,SECURITY_HOLDING,GHS,89479.95,89479.95,SBL-SOV-017052,SEC.BOND.10Y,1206,2022-06-05,2032-04-13,2032-04-13,0.3169,FIXED,89479.95,BR-001,41,GHGGB7076379
SECURITY.POSITION/3004385,SECURITY_HOLDING,GHS,2001144.00,2001144.00,SBL-SOV-017052,SEC.BOND.5Y,1205,2021-12-06,2026-11-10,2026-11-10,0.3209,FIXED,2001144.00,BR-001,40,GHGGB8044776
SECURITY.POSITION/3004388,SECURITY_HOLDING,GHS,170520.66,170520.66,SBL-SOV-017052,SEC.BOND.5Y,1205,2022-08-25,2027-07-30,2027-07-30,0.3288,FIXED,170520.66,BR-001,40,GHGGB7501045
SECURITY.POSITION/3004393,SECURITY_HOLDING,GHS,41829.34,41829.34,SBL-SOV-017052,SEC.BOND.10Y,1206,2017-03-25,2027-02-01,2027-02-01,0.3136,FIXED,41829.34,BR-001,40,GHGGB1343529
SECURITY.POSITION/3004395,SECURITY_HOLDING,GHS,47439.86,47439.86,SBL-SOV-017052,SEC.BOND.10Y,1206,2020-05-03,2030-03-12,2030-03-12,0.318,FIXED,47439.86,BR-001,40,GHGGB8689057
SECURITY.POSITION/3004396,SECURITY_HOLDING,GHS,39879.25,39879.25,SBL-SOV-017052,SEC.BOND.10Y,1206,2018-03-17,2028-01-24,2028-01-24,0.3173,FIXED,39879.25,BR-001,40,GHGGB6293747
SECURITY.POSITION/3004397,SECURITY_HOLDING,GHS,52901.17,52901.17,SBL-SOV-017052,SEC.BOND.10Y,1206,2020-05-01,2030-03-10,2030-03-10,0.3172,FIXED,52901.17,BR-001,40,GHGGB5700804
SECURITY.POSITION/3004399,SECURITY_HOLDING,GHS,15046.57,15046.57,SBL-SOV-017052,SEC.BOND.10Y,1206,2019-05-30,2029-04-07,2029-04-07,0.318,FIXED,15046.57,BR-001,40,GHGGB6203253
SECURITY.POSITION/3004401,SECURITY_HOLDING,GHS,11852.00,11852.00,SBL-SOV-017052,SEC.BOND.10Y,1206,2019-10-01,2029-08-09,2029-08-09,0.3156,FIXED,11852.00,BR-001,40,GHGGB6532577
SECURITY.POSITION/3004402,SECURITY_HOLDING,GHS,24689.84,24689.84,SBL-SOV-017052,SEC.BOND.10Y,1206,2018-08-22,2028-06-30,2028-06-30,0.3127,FIXED,24689.84,BR-001,40,GHGGB9310591
SECURITY.POSITION/3004437,SECURITY_HOLDING,GHS,213714.27,213714.27,SBL-SOV-017052,SEC.BOND.5Y,1205,2022-04-20,2027-03-25,2027-03-25,0.3299,FIXED,213714.27,BR-001,39,GHGGB5940263
SECURITY.POSITION/3004444,SECURITY_HOLDING,GHS,267476.07,267476.07,SBL-SOV-017052,SEC.BOND.5Y,1205,2021-11-25,2026-10-30,2026-10-30,0.3279,FIXED,267476.07,BR-001,39,GHGGB6294453
SECURITY.POSITION/3004448,SECURITY_HOLDING,GHS,299138.10,299138.10,SBL-SOV-017052,SEC.BOND.5Y,1205,2022-06-05,2027-05-10,2027-05-10,0.3284,FIXED,299138.10,BR-001,39,GHGGB9430888
SECURITY.POSITION/3004449,SECURITY_HOLDING,GHS,34379.94,34379.94,SBL-SOV-017052,SEC.BOND.10Y,1206,2018-03-15,2028-01-22,2028-01-22,0.3212,FIXED,34379.94,BR-001,39,GHGGB6677091
SECURITY.POSITION/3004452,SECURITY_HOLDING,GHS,197749.68,197749.68,SBL-SOV-017052,SEC.BOND.10Y,1206,2018-02-07,2027-12-17,2027-12-17,0.3175,FIXED,197749.68,BR-001,39,GHGGB2407446
SECURITY.POSITION/3004453,SECURITY_HOLDING,GHS,70078.42,70078.42,SBL-SOV-017052,SEC.BOND.10Y,1206,2020-10-28,2030-09-06,2030-09-06,0.3202,FIXED,70078.42,BR-001,39,GHGGB9855265
SECURITY.POSITION/3004456,SECURITY_HOLDING,GHS,312114.32,312114.32,SBL-SOV-017052,SEC.BOND.10Y,1206,2018-10-08,2028-08-16,2028-08-16,0.3154,FIXED,312114.32,BR-001,39,GHGGB3863507
SECURITY.POSITION/3004457,SECURITY_HOLDING,GHS,44781.31,44781.31,SBL-SOV-017052,SEC.BOND.10Y,1206,2017-02-05,2026-12-15,2026-12-15,0.3175,FIXED,44781.31,BR-001,39,GHGGB7967992
SECURITY.POSITION/3004503,SECURITY_HOLDING,GHS,506850.82,506850.82,SBL-SOV-017052,SEC.BOND.5Y,1205,2021-10-15,2026-09-19,2026-09-19,0.3246,FIXED,506850.82,BR-001,38,GHGGB1150084
SECURITY.POSITION/3004506,SECURITY_HOLDING,GHS,561022.69,561022.69,SBL-SOV-017052,SEC.BOND.5Y,1205,2022-10-03,2027-09-07,2027-09-07,0.3229,FIXED,561022.69,BR-001,38,GHGGB2565473
SECURITY.POSITION/3004510,SECURITY_HOLDING,GHS,618262.41,618262.41,SBL-SOV-017052,SEC.BOND.5Y,1205,2022-01-18,2026-12-23,2026-12-23,0.3232,FIXED,618262.41,BR-001,38,GHGGB4359785
SECURITY.POSITION/3004511,SECURITY_HOLDING,GHS,243775.93,243775.93,SBL-SOV-017052,SEC.BOND.5Y,1205,2023-03-22,2028-02-24,2028-02-24,0.318,FIXED,243775.93,BR-001,38,GHGGB8991596
SECURITY.POSITION/3004512,SECURITY_HOLDING,GHS,405953.96,405953.96,SBL-SOV-017052,SEC.BOND.10Y,1206,2016-12-25,2026-11-03,2026-11-03,0.3148,FIXED,405953.96,BR-001,38,GHGGB4318185
SECURITY.POSITION/3004515,SECURITY_HOLDING,GHS,59979.51,59979.51,SBL-SOV-017052,SEC.BOND.10Y,1206,2021-11-02,2031-09-11,2031-09-11,0.3212,FIXED,59979.51,BR-001,38,GHGGB9762910
SECURITY.POSITION/3004517,SECURITY_HOLDING,GHS,90310.76,90310.76,SBL-SOV-017052,SEC.BOND.10Y,1206,2022-08-30,2032-07-08,2032-07-08,0.3161,FIXED,90310.76,BR-001,38,GHGGB1494364
SECURITY.POSITION/3004519,SECURITY_HOLDING,GHS,66980.66,66980.66,SBL-SOV-017052,SEC.BOND.10Y,1206,2016-10-02,2026-08-11,2026-08-11,0.316,FIXED,66980.66,BR-001,38,GHGGB1831913
SECURITY.POSITION/3004564,SECURITY_HOLDING,GHS,280519.29,280519.29,SBL-SOV-017052,SEC.BOND.5Y,1205,2022-04-16,2027-03-21,2027-03-21,0.3296,FIXED,280519.29,BR-001,37,GHGGB1226823
SECURITY.POSITION/3004566,SECURITY_HOLDING,GHS,191396.25,191396.25,SBL-SOV-017052,SEC.BOND.5Y,1205,2022-03-17,2027-02-19,2027-02-19,0.324,FIXED,191396.25,BR-001,37,GHGGB7769838
SECURITY.POSITION/3004567,SECURITY_HOLDING,GHS,1625221.67,1625221.67,SBL-SOV-017052,SEC.BOND.5Y,1205,2021-12-08,2026-11-12,2026-11-12,0.3207,FIXED,1625221.67,BR-001,37,GHGGB1448890
SECURITY.POSITION/3004569,SECURITY_HOLDING,GHS,171386.81,171386.81,SBL-SOV-017052,SEC.BOND.5Y,1205,2022-11-22,2027-10-27,2027-10-27,0.3297,FIXED,171386.81,BR-001,37,GHGGB9939751
SECURITY.POSITION/3004571,SECURITY_HOLDING,GHS,261623.36,261623.36,SBL-SOV-017052,SEC.BOND.5Y,1205,2022-05-28,2027-05-02,2027-05-02,0.321,FIXED,261623.36,BR-001,37,GHGGB4227890
SECURITY.POSITION/3004572,SECURITY_HOLDING,GHS,45791.96,45791.96,SBL-SOV-017052,SEC.BOND.10Y,1206,2016-12-26,2026-11-04,2026-11-04,0.3187,FIXED,45791.96,BR-001,37,GHGGB2674275
SECURITY.POSITION/3004575,SECURITY_HOLDING,GHS,68621.35,68621.35,SBL-SOV-017052,SEC.BOND.10Y,1206,2019-08-15,2029-06-23,2029-06-23,0.316,FIXED,68621.35,BR-001,37,GHGGB9992975
SECURITY.POSITION/3004576,SECURITY_HOLDING,GHS,51903.16,51903.16,SBL-SOV-017052,SEC.BOND.10Y,1206,2019-02-05,2028-12-14,2028-12-14,0.3126,FIXED,51903.16,BR-001,37,GHGGB4123578
SECURITY.POSITION/3004577,SECURITY_HOLDING,GHS,127224.06,127224.06,SBL-SOV-017052,SEC.BOND.10Y,1206,2017-11-16,2027-09-25,2027-09-25,0.318,FIXED,127224.06,BR-001,37,GHGGB1621083
SECURITY.POSITION/3004578,SECURITY_HOLDING,GHS,348618.74,348618.74,SBL-SOV-017052,SEC.BOND.10Y,1206,2019-04-04,2029-02-10,2029-02-10,0.3238,FIXED,348618.74,BR-001,37,GHGGB6955219
SECURITY.POSITION/3004579,SECURITY_HOLDING,GHS,93918.53,93918.53,SBL-SOV-017052,SEC.BOND.10Y,1206,2020-06-05,2030-04-14,2030-04-14,0.3141,FIXED,93918.53,BR-001,37,GHGGB7640518
SECURITY.POSITION/3004580,SECURITY_HOLDING,GHS,46093.80,46093.80,SBL-SOV-017052,SEC.BOND.10Y,1206,2020-10-29,2030-09-07,2030-09-07,0.3215,FIXED,46093.80,BR-001,37,GHGGB5190995
SECURITY.POSITION/3004581,SECURITY_HOLDING,GHS,167357.35,167357.35,SBL-SOV-017052,SEC.BOND.10Y,1206,2021-09-11,2031-07-21,2031-07-21,0.3213,FIXED,167357.35,BR-001,37,GHGGB2413613
SECURITY.POSITION/3004626,SECURITY_HOLDING,GHS,291286.69,291286.69,SBL-SOV-017052,SEC.BOND.5Y,1205,2022-10-07,2027-09-11,2027-09-11,0.317,FIXED,291286.69,BR-001,36,GHGGB7847081
SECURITY.POSITION/3004627,SECURITY_HOLDING,GHS,185388.28,185388.28,SBL-SOV-017052,SEC.BOND.5Y,1205,2022-10-29,2027-10-03,2027-10-03,0.3194,FIXED,185388.28,BR-001,36,GHGGB1832882
SECURITY.POSITION/3004632,SECURITY_HOLDING,GHS,70041.12,70041.12,SBL-SOV-017052,SEC.BOND.10Y,1206,2017-02-07,2026-12-17,2026-12-17,0.324,FIXED,70041.12,BR-001,36,GHGGB8431064
SECURITY.POSITION/3004634,SECURITY_HOLDING,GHS,54561.02,54561.02,SBL-SOV-017052,SEC.BOND.10Y,1206,2019-02-18,2028-12-27,2028-12-27,0.3229,FIXED,54561.02,BR-001,36,GHGGB5781303
SECURITY.POSITION/3004636,SECURITY_HOLDING,GHS,143492.84,143492.84,SBL-SOV-017052,SEC.BOND.10Y,1206,2016-09-14,2026-07-24,2026-07-24,0.3191,FIXED,143492.84,BR-001,36,GHGGB8783697
SECURITY.POSITION/3004640,SECURITY_HOLDING,GHS,52732.12,52732.12,SBL-SOV-017052,SEC.BOND.10Y,1206,2019-08-12,2029-06-20,2029-06-20,0.3188,FIXED,52732.12,BR-001,36,GHGGB6980378
SECURITY.POSITION/3004642,SECURITY_HOLDING,GHS,73886.67,73886.67,SBL-SOV-017052,SEC.BOND.10Y,1206,2018-03-08,2028-01-15,2028-01-15,0.3196,FIXED,73886.67,BR-001,36,GHGGB3964078
SECURITY.POSITION/3004692,SECURITY_HOLDING,GHS,124635.28,124635.28,SBL-SOV-017052,SEC.BOND.5Y,1205,2022-11-04,2027-10-09,2027-10-09,0.3268,FIXED,124635.28,BR-001,35,GHGGB7610017
SECURITY.POSITION/3004694,SECURITY_HOLDING,GHS,326011.69,326011.69,SBL-SOV-017052,SEC.BOND.5Y,1205,2022-11-16,2027-10-21,2027-10-21,0.3196,FIXED,326011.69,BR-001,35,GHGGB6025800
SECURITY.POSITION/3004695,SECURITY_HOLDING,GHS,306333.33,306333.33,SBL-SOV-017052,SEC.BOND.5Y,1205,2022-03-13,2027-02-15,2027-02-15,0.3195,FIXED,306333.33,BR-001,35,GHGGB6291242
SECURITY.POSITION/3004702,SECURITY_HOLDING,GHS,229735.23,229735.23,SBL-SOV-017052,SEC.BOND.10Y,1206,2020-04-27,2030-03-06,2030-03-06,0.3151,FIXED,229735.23,BR-001,35,GHGGB2815764
SECURITY.POSITION/3004703,SECURITY_HOLDING,GHS,448235.99,448235.99,SBL-SOV-017052,SEC.BOND.10Y,1206,2018-12-07,2028-10-15,2028-10-15,0.3131,FIXED,448235.99,BR-001,35,GHGGB4791506
SECURITY.POSITION/3004704,SECURITY_HOLDING,GHS,261404.07,261404.07,SBL-SOV-017052,SEC.BOND.10Y,1206,2021-03-30,2031-02-06,2031-02-06,0.3111,FIXED,261404.07,BR-001,35,GHGGB7090363
SECURITY.POSITION/3004705,SECURITY_HOLDING,GHS,106183.19,106183.19,SBL-SOV-017052,SEC.BOND.10Y,1206,2016-09-15,2026-07-25,2026-07-25,0.3128,FIXED,106183.19,BR-001,35,GHGGB2223191
SECURITY.POSITION/3004707,SECURITY_HOLDING,GHS,225114.57,225114.57,SBL-SOV-017052,SEC.BOND.10Y,1206,2021-03-16,2031-01-23,2031-01-23,0.3179,FIXED,225114.57,BR-001,35,GHGGB6556569
SECURITY.POSITION/3004749,SECURITY_HOLDING,GHS,126012.47,126012.47,SBL-SOV-017052,SEC.BOND.5Y,1205,2023-05-02,2028-04-05,2028-04-05,0.3255,FIXED,126012.47,BR-001,34,GHGGB1194532
SECURITY.POSITION/3004750,SECURITY_HOLDING,GHS,272601.88,272601.88,SBL-SOV-017052,SEC.BOND.5Y,1205,2023-03-08,2028-02-10,2028-02-10,0.3269,FIXED,272601.88,BR-001,34,GHGGB2866912
SECURITY.POSITION/3004751,SECURITY_HOLDING,GHS,438541.48,438541.48,SBL-SOV-017052,SEC.BOND.5Y,1205,2023-06-25,2028-05-29,2028-05-29,0.3234,FIXED,438541.48,BR-001,34,GHGGB1151891
SECURITY.POSITION/3004752,SECURITY_HOLDING,GHS,338256.52,338256.52,SBL-SOV-017052,SEC.BOND.5Y,1205,2022-07-19,2027-06-23,2027-06-23,0.3292,FIXED,338256.52,BR-001,34,GHGGB9436385
SECURITY.POSITION/3004756,SECURITY_HOLDING,GHS,239397.74,239397.74,SBL-SOV-017052,SEC.BOND.5Y,1205,2023-03-01,2028-02-03,2028-02-03,0.3226,FIXED,239397.74,BR-001,34,GHGGB5630153
SECURITY.POSITION/3004760,SECURITY_HOLDING,GHS,24562.29,24562.29,SBL-SOV-017052,SEC.BOND.10Y,1206,2016-11-27,2026-10-06,2026-10-06,0.3206,FIXED,24562.29,BR-001,34,GHGGB3570041
SECURITY.POSITION/3004761,SECURITY_HOLDING,GHS,33325.51,33325.51,SBL-SOV-017052,SEC.BOND.10Y,1206,2020-04-01,2030-02-08,2030-02-08,0.3225,FIXED,33325.51,BR-001,34,GHGGB9082613
SECURITY.POSITION/3004762,SECURITY_HOLDING,GHS,48709.41,48709.41,SBL-SOV-017052,SEC.BOND.10Y,1206,2017-08-23,2027-07-02,2027-07-02,0.3199,FIXED,48709.41,BR-001,34,GHGGB8947844
SECURITY.POSITION/3004763,SECURITY_HOLDING,GHS,28847.04,28847.04,SBL-SOV-017052,SEC.BOND.10Y,1206,2021-09-13,2031-07-23,2031-07-23,0.3215,FIXED,28847.04,BR-001,34,GHGGB3166540
SECURITY.POSITION/3004765,SECURITY_HOLDING,GHS,113455.30,113455.30,SBL-SOV-017052,SEC.BOND.10Y,1206,2017-11-19,2027-09-28,2027-09-28,0.3172,FIXED,113455.30,BR-001,34,GHGGB2945055
SECURITY.POSITION/3004766,SECURITY_HOLDING,GHS,75782.24,75782.24,SBL-SOV-017052,SEC.BOND.10Y,1206,2019-09-21,2029-07-30,2029-07-30,0.3186,FIXED,75782.24,BR-001,34,GHGGB5896281
SECURITY.POSITION/3004767,SECURITY_HOLDING,GHS,14621.47,14621.47,SBL-SOV-017052,SEC.BOND.10Y,1206,2021-03-06,2031-01-13,2031-01-13,0.3211,FIXED,14621.47,BR-001,34,GHGGB2008186
SECURITY.POSITION/3004768,SECURITY_HOLDING,GHS,69561.89,69561.89,SBL-SOV-017052,SEC.BOND.10Y,1206,2020-06-14,2030-04-23,2030-04-23,0.3215,FIXED,69561.89,BR-001,34,GHGGB6370574
SECURITY.POSITION/3004769,SECURITY_HOLDING,GHS,60516.71,60516.71,SBL-SOV-017052,SEC.BOND.10Y,1206,2020-07-30,2030-06-08,2030-06-08,0.3218,FIXED,60516.71,BR-001,34,GHGGB1334769
SECURITY.POSITION/3004812,SECURITY_HOLDING,GHS,249985.40,249985.40,SBL-SOV-017052,SEC.BOND.5Y,1205,2022-04-15,2027-03-20,2027-03-20,0.2588,FIXED,249985.40,BR-001,33,GHGGB9925671
SECURITY.POSITION/3004816,SECURITY_HOLDING,GHS,500567.42,500567.42,SBL-SOV-017052,SEC.BOND.5Y,1205,2022-06-16,2027-05-21,2027-05-21,0.2579,FIXED,500567.42,BR-001,33,GHGGB2107221
SECURITY.POSITION/3004817,SECURITY_HOLDING,GHS,224088.58,224088.58,SBL-SOV-017052,SEC.BOND.5Y,1205,2023-05-24,2028-04-27,2028-04-27,0.2583,FIXED,224088.58,BR-001,33,GHGGB2049964
SECURITY.POSITION/3004819,SECURITY_HOLDING,GHS,649846.39,649846.39,SBL-SOV-017052,SEC.BOND.5Y,1205,2021-11-13,2026-10-18,2026-10-18,0.2557,FIXED,649846.39,BR-001,33,GHGGB2562134
SECURITY.POSITION/3004820,SECURITY_HOLDING,GHS,298713.41,298713.41,SBL-SOV-017052,SEC.BOND.5Y,1205,2022-08-24,2027-07-29,2027-07-29,0.2633,FIXED,298713.41,BR-001,33,GHGGB4347447
SECURITY.POSITION/3004824,SECURITY_HOLDING,GHS,52411.02,52411.02,SBL-SOV-017052,SEC.BOND.10Y,1206,2017-01-03,2026-11-12,2026-11-12,0.2678,FIXED,52411.02,BR-001,33,GHGGB3952162
SECURITY.POSITION/3004825,SECURITY_HOLDING,GHS,342503.35,342503.35,SBL-SOV-017052,SEC.BOND.10Y,1206,2019-07-27,2029-06-04,2029-06-04,0.2699,FIXED,342503.35,BR-001,33,GHGGB3182131
SECURITY.POSITION/3004826,SECURITY_HOLDING,GHS,41855.46,41855.46,SBL-SOV-017052,SEC.BOND.10Y,1206,2019-10-17,2029-08-25,2029-08-25,0.271,FIXED,41855.46,BR-001,33,GHGGB2241651
SECURITY.POSITION/3004827,SECURITY_HOLDING,GHS,41973.12,41973.12,SBL-SOV-017052,SEC.BOND.10Y,1206,2017-07-03,2027-05-12,2027-05-12,0.2683,FIXED,41973.12,BR-001,33,GHGGB6765895
SECURITY.POSITION/3004828,SECURITY_HOLDING,GHS,146525.46,146525.46,SBL-SOV-017052,SEC.BOND.10Y,1206,2017-12-17,2027-10-26,2027-10-26,0.267,FIXED,146525.46,BR-001,33,GHGGB7388167
SECURITY.POSITION/3004829,SECURITY_HOLDING,GHS,544038.82,544038.82,SBL-SOV-017052,SEC.BOND.10Y,1206,2021-11-24,2031-10-03,2031-10-03,0.2666,FIXED,544038.82,BR-001,33,GHGGB1337257
SECURITY.POSITION/3004830,SECURITY_HOLDING,GHS,192979.71,192979.71,SBL-SOV-017052,SEC.BOND.10Y,1206,2020-06-17,2030-04-26,2030-04-26,0.2696,FIXED,192979.71,BR-001,33,GHGGB8480860
SECURITY.POSITION/3004866,SECURITY_HOLDING,GHS,411177.92,411177.92,SBL-SOV-017052,SEC.BOND.5Y,1205,2022-08-08,2027-07-13,2027-07-13,0.2573,FIXED,411177.92,BR-001,32,GHGGB3985466
SECURITY.POSITION/3004870,SECURITY_HOLDING,GHS,772217.76,772217.76,SBL-SOV-017052,SEC.BOND.5Y,1205,2022-10-17,2027-09-21,2027-09-21,0.2589,FIXED,772217.76,BR-001,32,GHGGB6041285
SECURITY.POSITION/3004871,SECURITY_HOLDING,GHS,1575308.14,1575308.14,SBL-SOV-017052,SEC.BOND.5Y,1205,2023-04-04,2028-03-08,2028-03-08,0.2571,FIXED,1575308.14,BR-001,32,GHGGB6698894
SECURITY.POSITION/3004873,SECURITY_HOLDING,GHS,362147.01,362147.01,SBL-SOV-017052,SEC.BOND.5Y,1205,2023-06-26,2028-05-30,2028-05-30,0.252,FIXED,362147.01,BR-001,32,GHGGB1481522
SECURITY.POSITION/3004874,SECURITY_HOLDING,GHS,379178.47,379178.47,SBL-SOV-017052,SEC.BOND.5Y,1205,2022-04-28,2027-04-02,2027-04-02,0.2522,FIXED,379178.47,BR-001,32,GHGGB4516126
SECURITY.POSITION/3004876,SECURITY_HOLDING,GHS,367672.88,367672.88,SBL-SOV-017052,SEC.BOND.10Y,1206,2017-03-26,2027-02-02,2027-02-02,0.267,FIXED,367672.88,BR-001,32,GHGGB6854526
SECURITY.POSITION/3004877,SECURITY_HOLDING,GHS,177914.16,177914.16,SBL-SOV-017052,SEC.BOND.10Y,1206,2020-06-17,2030-04-26,2030-04-26,0.2714,FIXED,177914.16,BR-001,32,GHGGB6175697
SECURITY.POSITION/3004878,SECURITY_HOLDING,GHS,907138.80,907138.80,SBL-SOV-017052,SEC.BOND.10Y,1206,2017-12-04,2027-10-13,2027-10-13,0.2657,FIXED,907138.80,BR-001,32,GHGGB9087926
SECURITY.POSITION/3004879,SECURITY_HOLDING,GHS,171785.28,171785.28,SBL-SOV-017052,SEC.BOND.10Y,1206,2016-10-16,2026-08-25,2026-08-25,0.2698,FIXED,171785.28,BR-001,32,GHGGB3526827
SECURITY.POSITION/3004880,SECURITY_HOLDING,GHS,393170.44,393170.44,SBL-SOV-017052,SEC.BOND.10Y,1206,2016-12-02,2026-10-11,2026-10-11,0.2673,FIXED,393170.44,BR-001,32,GHGGB5568149
SECURITY.POSITION/3004881,SECURITY_HOLDING,GHS,237425.87,237425.87,SBL-SOV-017052,SEC.BOND.10Y,1206,2020-10-30,2030-09-08,2030-09-08,0.2694,FIXED,237425.87,BR-001,32,GHGGB7685463
SECURITY.POSITION/3004882,SECURITY_HOLDING,GHS,285650.14,285650.14,SBL-SOV-017052,SEC.BOND.10Y,1206,2021-11-13,2031-09-22,2031-09-22,0.2702,FIXED,285650.14,BR-001,32,GHGGB1287273
SECURITY.POSITION/3004884,SECURITY_HOLDING,GHS,541787.31,541787.31,SBL-SOV-017052,SEC.BOND.10Y,1206,2019-09-15,2029-07-24,2029-07-24,0.2622,FIXED,541787.31,BR-001,32,GHGGB8867092
SECURITY.POSITION/3004918,SECURITY_HOLDING,GHS,216548.31,216548.31,SBL-SOV-017052,SEC.BOND.5Y,1205,2022-03-05,2027-02-07,2027-02-07,0.2582,FIXED,216548.31,BR-001,31,GHGGB5684250
SECURITY.POSITION/3004921,SECURITY_HOLDING,GHS,238908.76,238908.76,SBL-SOV-017052,SEC.BOND.5Y,1205,2023-07-28,2028-07-01,2028-07-01,0.2526,FIXED,238908.76,BR-001,31,GHGGB9355779
SECURITY.POSITION/3004923,SECURITY_HOLDING,GHS,373836.90,373836.90,SBL-SOV-017052,SEC.BOND.5Y,1205,2022-05-14,2027-04-18,2027-04-18,0.2576,FIXED,373836.90,BR-001,31,GHGGB3464969
SECURITY.POSITION/3004925,SECURITY_HOLDING,GHS,292852.73,292852.73,SBL-SOV-017052,SEC.BOND.5Y,1205,2022-02-06,2027-01-11,2027-01-11,0.2517,FIXED,292852.73,BR-001,31,GHGGB9281779
SECURITY.POSITION/3004926,SECURITY_HOLDING,GHS,289858.15,289858.15,SBL-SOV-017052,SEC.BOND.5Y,1205,2023-02-10,2028-01-15,2028-01-15,0.2466,FIXED,289858.15,BR-001,31,GHGGB4531023
SECURITY.POSITION/3004928,SECURITY_HOLDING,GHS,458801.45,458801.45,SBL-SOV-017052,SEC.BOND.5Y,1205,2021-12-18,2026-11-22,2026-11-22,0.2469,FIXED,458801.45,BR-001,31,GHGGB1191811
SECURITY.POSITION/3004934,SECURITY_HOLDING,GHS,90920.38,90920.38,SBL-SOV-017052,SEC.BOND.10Y,1206,2023-07-22,2033-05-30,2033-05-30,0.2676,FIXED,90920.38,BR-001,31,GHGGB4318423
SECURITY.POSITION/3004935,SECURITY_HOLDING,GHS,84965.63,84965.63,SBL-SOV-017052,SEC.BOND.10Y,1206,2022-08-19,2032-06-27,2032-06-27,0.2654,FIXED,84965.63,BR-001,31,GHGGB8056802
SECURITY.POSITION/3004936,SECURITY_HOLDING,GHS,37052.70,37052.70,SBL-SOV-017052,SEC.BOND.10Y,1206,2023-07-07,2033-05-15,2033-05-15,0.2649,FIXED,37052.70,BR-001,31,GHGGB2204883
SECURITY.POSITION/3004937,SECURITY_HOLDING,GHS,26702.53,26702.53,SBL-SOV-017052,SEC.BOND.10Y,1206,2017-09-22,2027-08-01,2027-08-01,0.273,FIXED,26702.53,BR-001,31,GHGGB5750618
SECURITY.POSITION/3004985,SECURITY_HOLDING,GHS,54085.78,54085.78,SBL-SOV-017052,SEC.BOND.5Y,1205,2022-09-29,2027-09-03,2027-09-03,0.2645,FIXED,54085.78,BR-001,30,GHGGB9851305
SECURITY.POSITION/3004986,SECURITY_HOLDING,GHS,303331.49,303331.49,SBL-SOV-017052,SEC.BOND.5Y,1205,2021-08-22,2026-07-27,2026-07-27,0.259,FIXED,303331.49,BR-001,30,GHGGB3791410
SECURITY.POSITION/3004987,SECURITY_HOLDING,GHS,207585.65,207585.65,SBL-SOV-017052,SEC.BOND.5Y,1205,2023-03-25,2028-02-27,2028-02-27,0.2664,FIXED,207585.65,BR-001,30,GHGGB4855794
SECURITY.POSITION/3004988,SECURITY_HOLDING,GHS,446136.53,446136.53,SBL-SOV-017052,SEC.BOND.5Y,1205,2021-08-24,2026-07-29,2026-07-29,0.2614,FIXED,446136.53,BR-001,30,GHGGB3432168
SECURITY.POSITION/3004990,SECURITY_HOLDING,GHS,173860.27,173860.27,SBL-SOV-017052,SEC.BOND.5Y,1205,2023-05-23,2028-04-26,2028-04-26,0.2597,FIXED,173860.27,BR-001,30,GHGGB7458286
SECURITY.POSITION/3004993,SECURITY_HOLDING,GHS,164142.24,164142.24,SBL-SOV-017052,SEC.BOND.5Y,1205,2023-04-05,2028-03-09,2028-03-09,0.2593,FIXED,164142.24,BR-001,30,GHGGB1851507
SECURITY.POSITION/3004994,SECURITY_HOLDING,GHS,173220.65,173220.65,SBL-SOV-017052,SEC.BOND.5Y,1205,2022-03-14,2027-02-16,2027-02-16,0.2656,FIXED,173220.65,BR-001,30,GHGGB5910583
SECURITY.POSITION/3004995,SECURITY_HOLDING,GHS,385993.62,385993.62,SBL-SOV-017052,SEC.BOND.5Y,1205,2023-10-10,2028-09-13,2028-09-13,0.2621,FIXED,385993.62,BR-001,30,GHGGB8102223
SECURITY.POSITION/3004998,SECURITY_HOLDING,GHS,53645.88,53645.88,SBL-SOV-017052,SEC.BOND.10Y,1206,2023-01-15,2032-11-23,2032-11-23,0.2648,FIXED,53645.88,BR-001,30,GHGGB6879202
SECURITY.POSITION/3004999,SECURITY_HOLDING,GHS,47014.45,47014.45,SBL-SOV-017052,SEC.BOND.10Y,1206,2018-01-28,2027-12-07,2027-12-07,0.2718,FIXED,47014.45,BR-001,30,GHGGB8633102
SECURITY.POSITION/3005000,SECURITY_HOLDING,GHS,40368.58,40368.58,SBL-SOV-017052,SEC.BOND.10Y,1206,2018-04-22,2028-02-29,2028-02-29,0.2686,FIXED,40368.58,BR-001,30,GHGGB3460682
SECURITY.POSITION/3005001,SECURITY_HOLDING,GHS,69736.94,69736.94,SBL-SOV-017052,SEC.BOND.10Y,1206,2023-07-05,2033-05-13,2033-05-13,0.267,FIXED,69736.94,BR-001,30,GHGGB4193175
SECURITY.POSITION/3005003,SECURITY_HOLDING,GHS,62317.64,62317.64,SBL-SOV-017052,SEC.BOND.10Y,1206,2020-12-02,2030-10-11,2030-10-11,0.269,FIXED,62317.64,BR-001,30,GHGGB9293256
SECURITY.POSITION/3005005,SECURITY_HOLDING,GHS,80208.02,80208.02,SBL-SOV-017052,SEC.BOND.10Y,1206,2021-07-08,2031-05-17,2031-05-17,0.2659,FIXED,80208.02,BR-001,30,GHGGB8347162
SECURITY.POSITION/3005045,SECURITY_HOLDING,GHS,934564.33,934564.33,SBL-SOV-017052,SEC.BOND.5Y,1205,2022-11-25,2027-10-30,2027-10-30,0.2581,FIXED,934564.33,BR-001,29,GHGGB7154019
SECURITY.POSITION/3005046,SECURITY_HOLDING,GHS,767862.43,767862.43,SBL-SOV-017052,SEC.BOND.5Y,1205,2022-09-02,2027-08-07,2027-08-07,0.2564,FIXED,767862.43,BR-001,29,GHGGB4930852
SECURITY.POSITION/3005047,SECURITY_HOLDING,GHS,335234.48,335234.48,SBL-SOV-017052,SEC.BOND.5Y,1205,2022-05-04,2027-04-08,2027-04-08,0.2566,FIXED,335234.48,BR-001,29,GHGGB2373851
SECURITY.POSITION/3005048,SECURITY_HOLDING,GHS,137495.75,137495.75,SBL-SOV-017052,SEC.BOND.5Y,1205,2022-06-12,2027-05-17,2027-05-17,0.2534,FIXED,137495.75,BR-001,29,GHGGB5444998
SECURITY.POSITION/3005052,SECURITY_HOLDING,GHS,301127.04,301127.04,SBL-SOV-017052,SEC.BOND.10Y,1206,2017-03-07,2027-01-14,2027-01-14,0.2665,FIXED,301127.04,BR-001,29,GHGGB4498062
SECURITY.POSITION/3005053,SECURITY_HOLDING,GHS,193408.69,193408.69,SBL-SOV-017052,SEC.BOND.10Y,1206,2016-11-03,2026-09-12,2026-09-12,0.2716,FIXED,193408.69,BR-001,29,GHGGB7481913
SECURITY.POSITION/3005054,SECURITY_HOLDING,GHS,549782.50,549782.50,SBL-SOV-017052,SEC.BOND.10Y,1206,2019-08-15,2029-06-23,2029-06-23,0.2723,FIXED,549782.50,BR-001,29,GHGGB2960052
SECURITY.POSITION/3005055,SECURITY_HOLDING,GHS,515594.29,515594.29,SBL-SOV-017052,SEC.BOND.10Y,1206,2023-04-17,2033-02-23,2033-02-23,0.2751,FIXED,515594.29,BR-001,29,GHGGB4340014
SECURITY.POSITION/3005056,SECURITY_HOLDING,GHS,728230.66,728230.66,SBL-SOV-017052,SEC.BOND.10Y,1206,2022-06-08,2032-04-16,2032-04-16,0.2707,FIXED,728230.66,BR-001,29,GHGGB7453866
SECURITY.POSITION/3005057,SECURITY_HOLDING,GHS,180666.48,180666.48,SBL-SOV-017052,SEC.BOND.10Y,1206,2023-06-29,2033-05-07,2033-05-07,0.2675,FIXED,180666.48,BR-001,29,GHGGB5320871
SECURITY.POSITION/3005058,SECURITY_HOLDING,GHS,269631.79,269631.79,SBL-SOV-017052,SEC.BOND.10Y,1206,2018-11-29,2028-10-07,2028-10-07,0.2713,FIXED,269631.79,BR-001,29,GHGGB4281032
SECURITY.POSITION/3005060,SECURITY_HOLDING,GHS,149908.99,149908.99,SBL-SOV-017052,SEC.BOND.10Y,1206,2023-07-19,2033-05-27,2033-05-27,0.2767,FIXED,149908.99,BR-001,29,GHGGB8680117
SECURITY.POSITION/3005103,SECURITY_HOLDING,GHS,347923.85,347923.85,SBL-SOV-017052,SEC.BOND.5Y,1205,2022-09-18,2027-08-23,2027-08-23,0.2585,FIXED,347923.85,BR-001,28,GHGGB5954265
SECURITY.POSITION/3005105,SECURITY_HOLDING,GHS,1059852.21,1059852.21,SBL-SOV-017052,SEC.BOND.5Y,1205,2022-06-22,2027-05-27,2027-05-27,0.2558,FIXED,1059852.21,BR-001,28,GHGGB4278645
SECURITY.POSITION/3005107,SECURITY_HOLDING,GHS,109780.95,109780.95,SBL-SOV-017052,SEC.BOND.5Y,1205,2023-12-04,2028-11-07,2028-11-07,0.2608,FIXED,109780.95,BR-001,28,GHGGB5724839
SECURITY.POSITION/3005110,SECURITY_HOLDING,GHS,191963.03,191963.03,SBL-SOV-017052,SEC.BOND.5Y,1205,2023-07-25,2028-06-28,2028-06-28,0.2567,FIXED,191963.03,BR-001,28,GHGGB1807229
SECURITY.POSITION/3005113,SECURITY_HOLDING,GHS,71404.10,71404.10,SBL-SOV-017052,SEC.BOND.10Y,1206,2021-07-15,2031-05-24,2031-05-24,0.2629,FIXED,71404.10,BR-001,28,GHGGB9268467
SECURITY.POSITION/3005116,SECURITY_HOLDING,GHS,1012432.01,1012432.01,SBL-SOV-017052,SEC.BOND.10Y,1206,2019-07-15,2029-05-23,2029-05-23,0.2681,FIXED,1012432.01,BR-001,28,GHGGB7797232
SECURITY.POSITION/3005117,SECURITY_HOLDING,GHS,195217.07,195217.07,SBL-SOV-017052,SEC.BOND.10Y,1206,2022-05-03,2032-03-11,2032-03-11,0.2641,FIXED,195217.07,BR-001,28,GHGGB6467491
SECURITY.POSITION/3005118,SECURITY_HOLDING,GHS,852896.61,852896.61,SBL-SOV-017052,SEC.BOND.10Y,1206,2020-12-24,2030-11-02,2030-11-02,0.2631,FIXED,852896.61,BR-001,28,GHGGB9781237
SECURITY.POSITION/3005119,SECURITY_HOLDING,GHS,248538.30,248538.30,SBL-SOV-017052,SEC.BOND.10Y,1206,2019-06-19,2029-04-27,2029-04-27,0.2639,FIXED,248538.30,BR-001,28,GHGGB3691820
SECURITY.POSITION/3005120,SECURITY_HOLDING,GHS,565274.46,565274.46,SBL-SOV-017052,SEC.BOND.10Y,1206,2019-05-14,2029-03-22,2029-03-22,0.2667,FIXED,565274.46,BR-001,28,GHGGB2007041
SECURITY.POSITION/3005121,SECURITY_HOLDING,GHS,3489350.15,3489350.15,SBL-SOV-017052,SEC.BOND.10Y,1206,2021-11-16,2031-09-25,2031-09-25,0.2684,FIXED,3489350.15,BR-001,28,GHGGB5933995
SECURITY.POSITION/3005122,SECURITY_HOLDING,GHS,424787.00,424787.00,SBL-SOV-017052,SEC.BOND.10Y,1206,2021-10-06,2031-08-15,2031-08-15,0.2698,FIXED,424787.00,BR-001,28,GHGGB9824351
SECURITY.POSITION/3005123,SECURITY_HOLDING,GHS,531775.24,531775.24,SBL-SOV-017052,SEC.BOND.10Y,1206,2021-05-24,2031-04-02,2031-04-02,0.2684,FIXED,531775.24,BR-001,28,GHGGB2654219
SECURITY.POSITION/3005124,SECURITY_HOLDING,GHS,857266.75,857266.75,SBL-SOV-017052,SEC.BOND.10Y,1206,2024-01-21,2033-11-29,2033-11-29,0.2671,FIXED,857266.75,BR-001,28,GHGGB8563487
SECURITY.POSITION/3005154,SECURITY_HOLDING,GHS,139543.11,139543.11,SBL-SOV-017052,SEC.BOND.5Y,1205,2023-01-12,2027-12-17,2027-12-17,0.2563,FIXED,139543.11,BR-001,27,GHGGB1342592
SECURITY.POSITION/3005155,SECURITY_HOLDING,GHS,31036.42,31036.42,SBL-SOV-017052,SEC.BOND.5Y,1205,2021-11-29,2026-11-03,2026-11-03,0.2475,FIXED,31036.42,BR-001,27,GHGGB6696414
SECURITY.POSITION/3005156,SECURITY_HOLDING,GHS,10885.65,10885.65,SBL-SOV-017052,SEC.BOND.5Y,1205,2022-10-07,2027-09-11,2027-09-11,0.2513,FIXED,10885.65,BR-001,27,GHGGB6821557
SECURITY.POSITION/3005159,SECURITY_HOLDING,GHS,168663.82,168663.82,SBL-SOV-017052,SEC.BOND.5Y,1205,2023-04-03,2028-03-07,2028-03-07,0.2549,FIXED,168663.82,BR-001,27,GHGGB2814275
SECURITY.POSITION/3005162,SECURITY_HOLDING,GHS,134638.39,134638.39,SBL-SOV-017052,SEC.BOND.5Y,1205,2022-03-05,2027-02-07,2027-02-07,0.2452,FIXED,134638.39,BR-001,27,GHGGB4493812
SECURITY.POSITION/3005163,SECURITY_HOLDING,GHS,158127.78,158127.78,SBL-SOV-017052,SEC.BOND.5Y,1205,2023-03-22,2028-02-24,2028-02-24,0.2481,FIXED,158127.78,BR-001,27,GHGGB7128307
SECURITY.POSITION/3005166,SECURITY_HOLDING,GHS,354698.64,354698.64,SBL-SOV-017052,SEC.BOND.10Y,1206,2023-09-02,2033-07-11,2033-07-11,0.2665,FIXED,354698.64,BR-001,27,GHGGB4413442
SECURITY.POSITION/3005167,SECURITY_HOLDING,GHS,108113.89,108113.89,SBL-SOV-017052,SEC.BOND.10Y,1206,2018-11-16,2028-09-24,2028-09-24,0.2694,FIXED,108113.89,BR-001,27,GHGGB9607070
SECURITY.POSITION/3005169,SECURITY_HOLDING,GHS,64784.80,64784.80,SBL-SOV-017052,SEC.BOND.10Y,1206,2017-10-02,2027-08-11,2027-08-11,0.265,FIXED,64784.80,BR-001,27,GHGGB5509025
SECURITY.POSITION/3005170,SECURITY_HOLDING,GHS,431146.11,431146.11,SBL-SOV-017052,SEC.BOND.10Y,1206,2021-03-31,2031-02-07,2031-02-07,0.2702,FIXED,431146.11,BR-001,27,GHGGB3409322
SECURITY.POSITION/3005171,SECURITY_HOLDING,GHS,309033.39,309033.39,SBL-SOV-017052,SEC.BOND.10Y,1206,2023-01-23,2032-12-01,2032-12-01,0.2703,FIXED,309033.39,BR-001,27,GHGGB8484060
SECURITY.POSITION/3005174,SECURITY_HOLDING,GHS,687591.86,687591.86,SBL-SOV-017052,SEC.BOND.10Y,1206,2017-05-23,2027-04-01,2027-04-01,0.2633,FIXED,687591.86,BR-001,27,GHGGB9252198
SECURITY.POSITION/3005175,SECURITY_HOLDING,GHS,504991.85,504991.85,SBL-SOV-017052,SEC.BOND.10Y,1206,2019-09-28,2029-08-06,2029-08-06,0.2646,FIXED,504991.85,BR-001,27,GHGGB8570540
SECURITY.POSITION/3005177,SECURITY_HOLDING,GHS,267461.06,267461.06,SBL-SOV-017052,SEC.BOND.10Y,1206,2020-06-30,2030-05-09,2030-05-09,0.2598,FIXED,267461.06,BR-001,27,GHGGB1765322
SECURITY.POSITION/3005215,SECURITY_HOLDING,GHS,931978.56,931978.56,SBL-SOV-017052,SEC.BOND.5Y,1205,2022-07-17,2027-06-21,2027-06-21,0.2591,FIXED,931978.56,BR-001,26,GHGGB6763248
SECURITY.POSITION/3005216,SECURITY_HOLDING,GHS,1030535.22,1030535.22,SBL-SOV-017052,SEC.BOND.5Y,1205,2023-05-16,2028-04-19,2028-04-19,0.2553,FIXED,1030535.22,BR-001,26,GHGGB6062952
SECURITY.POSITION/3005217,SECURITY_HOLDING,GHS,61938.06,61938.06,SBL-SOV-017052,SEC.BOND.5Y,1205,2022-04-05,2027-03-10,2027-03-10,0.257,FIXED,61938.06,BR-001,26,GHGGB9134123
SECURITY.POSITION/3005221,SECURITY_HOLDING,GHS,709175.70,709175.70,SBL-SOV-017052,SEC.BOND.10Y,1206,2024-01-14,2033-11-22,2033-11-22,0.2691,FIXED,709175.70,BR-001,26,GHGGB8971701
SECURITY.POSITION/3005222,SECURITY_HOLDING,GHS,1238975.93,1238975.93,SBL-SOV-017052,SEC.BOND.10Y,1206,2020-02-28,2030-01-06,2030-01-06,0.2659,FIXED,1238975.93,BR-001,26,GHGGB3043611
SECURITY.POSITION/3005223,SECURITY_HOLDING,GHS,789706.11,789706.11,SBL-SOV-017052,SEC.BOND.10Y,1206,2024-01-21,2033-11-29,2033-11-29,0.2644,FIXED,789706.11,BR-001,26,GHGGB4638778
SECURITY.POSITION/3005224,SECURITY_HOLDING,GHS,466448.35,466448.35,SBL-SOV-017052,SEC.BOND.10Y,1206,2023-08-03,2033-06-11,2033-06-11,0.2696,FIXED,466448.35,BR-001,26,GHGGB5425119
SECURITY.POSITION/3005225,SECURITY_HOLDING,GHS,2238547.64,2238547.64,SBL-SOV-017052,SEC.BOND.10Y,1206,2016-12-15,2026-10-24,2026-10-24,0.267,FIXED,2238547.64,BR-001,26,GHGGB6374333
SECURITY.POSITION/3005267,SECURITY_HOLDING,GHS,383164.49,383164.49,SBL-SOV-017052,SEC.BOND.5Y,1205,2022-12-22,2027-11-26,2027-11-26,0.2643,FIXED,383164.49,BR-001,25,GHGGB5458714
SECURITY.POSITION/3005269,SECURITY_HOLDING,GHS,193899.50,193899.50,SBL-SOV-017052,SEC.BOND.5Y,1205,2023-08-31,2028-08-04,2028-08-04,0.264,FIXED,193899.50,BR-001,25,GHGGB5288404
SECURITY.POSITION/3005270,SECURITY_HOLDING,GHS,477220.31,477220.31,SBL-SOV-017052,SEC.BOND.5Y,1205,2022-03-20,2027-02-22,2027-02-22,0.2627,FIXED,477220.31,BR-001,25,GHGGB8077313
SECURITY.POSITION/3005272,SECURITY_HOLDING,GHS,53311.90,53311.90,SBL-SOV-017052,SEC.BOND.5Y,1205,2022-03-24,2027-02-26,2027-02-26,0.2578,FIXED,53311.90,BR-001,25,GHGGB1966293
SECURITY.POSITION/3005273,SECURITY_HOLDING,GHS,353881.87,353881.87,SBL-SOV-017052,SEC.BOND.5Y,1205,2022-02-07,2027-01-12,2027-01-12,0.2637,FIXED,353881.87,BR-001,25,GHGGB4500105
SECURITY.POSITION/3005274,SECURITY_HOLDING,GHS,439201.79,439201.79,SBL-SOV-017052,SEC.BOND.5Y,1205,2022-08-30,2027-08-04,2027-08-04,0.2652,FIXED,439201.79,BR-001,25,GHGGB3470970
SECURITY.POSITION/3005276,SECURITY_HOLDING,GHS,198176.22,198176.22,SBL-SOV-017052,SEC.BOND.5Y,1205,2021-08-30,2026-08-04,2026-08-04,0.2683,FIXED,198176.22,BR-001,25,GHGGB8057556
SECURITY.POSITION/3005277,SECURITY_HOLDING,GHS,400529.57,400529.57,SBL-SOV-017052,SEC.BOND.10Y,1206,2022-11-18,2032-09-26,2032-09-26,0.2704,FIXED,400529.57,BR-001,25,GHGGB5605140
SECURITY.POSITION/3005278,SECURITY_HOLDING,GHS,149067.80,149067.80,SBL-SOV-017052,SEC.BOND.10Y,1206,2024-04-05,2034-02-12,2034-02-12,0.2725,FIXED,149067.80,BR-001,25,GHGGB6010812
SECURITY.POSITION/3005280,SECURITY_HOLDING,GHS,89009.58,89009.58,SBL-SOV-017052,SEC.BOND.10Y,1206,2023-01-17,2032-11-25,2032-11-25,0.2707,FIXED,89009.58,BR-001,25,GHGGB8695419
SECURITY.POSITION/3005281,SECURITY_HOLDING,GHS,176920.16,176920.16,SBL-SOV-017052,SEC.BOND.10Y,1206,2019-04-16,2029-02-22,2029-02-22,0.2628,FIXED,176920.16,BR-001,25,GHGGB7822275
SECURITY.POSITION/3005282,SECURITY_HOLDING,GHS,196569.01,196569.01,SBL-SOV-017052,SEC.BOND.10Y,1206,2019-08-11,2029-06-19,2029-06-19,0.2688,FIXED,196569.01,BR-001,25,GHGGB6021407
SECURITY.POSITION/3005283,SECURITY_HOLDING,GHS,309577.42,309577.42,SBL-SOV-017052,SEC.BOND.10Y,1206,2019-01-09,2028-11-17,2028-11-17,0.2719,FIXED,309577.42,BR-001,25,GHGGB1479857
SECURITY.POSITION/3005284,SECURITY_HOLDING,GHS,169982.33,169982.33,SBL-SOV-017052,SEC.BOND.10Y,1206,2022-03-26,2032-02-02,2032-02-02,0.2642,FIXED,169982.33,BR-001,25,GHGGB6849094
SECURITY.POSITION/3005285,SECURITY_HOLDING,GHS,388055.83,388055.83,SBL-SOV-017052,SEC.BOND.10Y,1206,2022-07-04,2032-05-12,2032-05-12,0.2704,FIXED,388055.83,BR-001,25,GHGGB1429130
SECURITY.POSITION/3005286,SECURITY_HOLDING,GHS,250490.90,250490.90,SBL-SOV-017052,SEC.BOND.10Y,1206,2019-12-01,2029-10-09,2029-10-09,0.2674,FIXED,250490.90,BR-001,25,GHGGB5620486
SECURITY.POSITION/3005322,SECURITY_HOLDING,GHS,218219.25,218219.25,SBL-SOV-017052,SEC.BOND.5Y,1205,2022-02-27,2027-02-01,2027-02-01,0.2588,FIXED,218219.25,BR-001,24,GHGGB7674398
SECURITY.POSITION/3005325,SECURITY_HOLDING,GHS,444376.18,444376.18,SBL-SOV-017052,SEC.BOND.5Y,1205,2024-04-18,2029-03-23,2029-03-23,0.2538,FIXED,444376.18,BR-001,24,GHGGB7317157
SECURITY.POSITION/3005328,SECURITY_HOLDING,GHS,295900.91,295900.91,SBL-SOV-017052,SEC.BOND.5Y,1205,2022-01-19,2026-12-24,2026-12-24,0.2564,FIXED,295900.91,BR-001,24,GHGGB4082001
SECURITY.POSITION/3005329,SECURITY_HOLDING,GHS,482594.17,482594.17,SBL-SOV-017052,SEC.BOND.5Y,1205,2021-09-08,2026-08-13,2026-08-13,0.2634,FIXED,482594.17,BR-001,24,GHGGB6480089
SECURITY.POSITION/3005331,SECURITY_HOLDING,GHS,203043.49,203043.49,SBL-SOV-017052,SEC.BOND.5Y,1205,2022-06-21,2027-05-26,2027-05-26,0.261,FIXED,203043.49,BR-001,24,GHGGB9294530
SECURITY.POSITION/3005332,SECURITY_HOLDING,GHS,278468.68,278468.68,SBL-SOV-017052,SEC.BOND.10Y,1206,2017-12-27,2027-11-05,2027-11-05,0.2779,FIXED,278468.68,BR-001,24,GHGGB4237546
SECURITY.POSITION/3005334,SECURITY_HOLDING,GHS,122141.35,122141.35,SBL-SOV-017052,SEC.BOND.10Y,1206,2020-08-11,2030-06-20,2030-06-20,0.2647,FIXED,122141.35,BR-001,24,GHGGB2273109
SECURITY.POSITION/3005336,SECURITY_HOLDING,GHS,37868.44,37868.44,SBL-SOV-017052,SEC.BOND.10Y,1206,2022-02-12,2031-12-22,2031-12-22,0.2652,FIXED,37868.44,BR-001,24,GHGGB6625161
SECURITY.POSITION/3005337,SECURITY_HOLDING,GHS,11437.08,11437.08,SBL-SOV-017052,SEC.BOND.10Y,1206,2023-11-21,2033-09-29,2033-09-29,0.2739,FIXED,11437.08,BR-001,24,GHGGB2614432
SECURITY.POSITION/3005338,SECURITY_HOLDING,GHS,94862.48,94862.48,SBL-SOV-017052,SEC.BOND.10Y,1206,2024-05-20,2034-03-29,2034-03-29,0.2716,FIXED,94862.48,BR-001,24,GHGGB4609808
SECURITY.POSITION/3005339,SECURITY_HOLDING,GHS,109157.89,109157.89,SBL-SOV-017052,SEC.BOND.10Y,1206,2017-01-21,2026-11-30,2026-11-30,0.264,FIXED,109157.89,BR-001,24,GHGGB3849593
SECURITY.POSITION/3005340,SECURITY_HOLDING,GHS,76707.16,76707.16,SBL-SOV-017052,SEC.BOND.10Y,1206,2021-05-18,2031-03-27,2031-03-27,0.2728,FIXED,76707.16,BR-001,24,GHGGB4245070
SECURITY.POSITION/3005371,SECURITY_HOLDING,GHS,299399.14,299399.14,SBL-SOV-017052,SEC.BOND.2Y,1204,2024-07-13,2026-07-03,2026-07-03,0.2259,FIXED,299399.14,BR-001,23,GHGGB6901501
SECURITY.POSITION/3005375,SECURITY_HOLDING,GHS,671628.33,671628.33,SBL-SOV-017052,SEC.BOND.2Y,1204,2024-07-20,2026-07-10,2026-07-10,0.2272,FIXED,671628.33,BR-001,23,GHGGB4744771
SECURITY.POSITION/3005376,SECURITY_HOLDING,GHS,364390.99,364390.99,SBL-SOV-017052,SEC.BOND.5Y,1205,2021-12-14,2026-11-18,2026-11-18,0.2586,FIXED,364390.99,BR-001,23,GHGGB2020840
SECURITY.POSITION/3005379,SECURITY_HOLDING,GHS,343417.92,343417.92,SBL-SOV-017052,SEC.BOND.5Y,1205,2023-09-15,2028-08-19,2028-08-19,0.2577,FIXED,343417.92,BR-001,23,GHGGB5744249
SECURITY.POSITION/3005380,SECURITY_HOLDING,GHS,1273313.38,1273313.38,SBL-SOV-017052,SEC.BOND.5Y,1205,2022-08-26,2027-07-31,2027-07-31,0.2587,FIXED,1273313.38,BR-001,23,GHGGB5842479
SECURITY.POSITION/3005381,SECURITY_HOLDING,GHS,818967.46,818967.46,SBL-SOV-017052,SEC.BOND.5Y,1205,2023-08-03,2028-07-07,2028-07-07,0.2588,FIXED,818967.46,BR-001,23,GHGGB1643138
SECURITY.POSITION/3005383,SECURITY_HOLDING,GHS,203642.82,203642.82,SBL-SOV-017052,SEC.BOND.10Y,1206,2020-09-10,2030-07-20,2030-07-20,0.2747,FIXED,203642.82,BR-001,23,GHGGB2431112
SECURITY.POSITION/3005384,SECURITY_HOLDING,GHS,309925.78,309925.78,SBL-SOV-017052,SEC.BOND.10Y,1206,2017-03-19,2027-01-26,2027-01-26,0.2766,FIXED,309925.78,BR-001,23,GHGGB6045912
SECURITY.POSITION/3005385,SECURITY_HOLDING,GHS,41090.28,41090.28,SBL-SOV-017052,SEC.BOND.10Y,1206,2024-04-09,2034-02-16,2034-02-16,0.2653,FIXED,41090.28,BR-001,23,GHGGB6941203
SECURITY.POSITION/3005387,SECURITY_HOLDING,GHS,85496.33,85496.33,SBL-SOV-017052,SEC.BOND.10Y,1206,2022-04-05,2032-02-12,2032-02-12,0.2724,FIXED,85496.33,BR-001,23,GHGGB3175920
SECURITY.POSITION/3005388,SECURITY_HOLDING,GHS,255850.14,255850.14,SBL-SOV-017052,SEC.BOND.10Y,1206,2021-06-09,2031-04-18,2031-04-18,0.2754,FIXED,255850.14,BR-001,23,GHGGB7442064
SECURITY.POSITION/3005390,SECURITY_HOLDING,GHS,42641.47,42641.47,SBL-SOV-017052,SEC.BOND.10Y,1206,2018-02-21,2027-12-31,2027-12-31,0.2688,FIXED,42641.47,BR-001,23,GHGGB3175706
SECURITY.POSITION/3005391,SECURITY_HOLDING,GHS,42170.53,42170.53,SBL-SOV-017052,SEC.BOND.10Y,1206,2024-03-09,2034-01-16,2034-01-16,0.2727,FIXED,42170.53,BR-001,23,GHGGB3434072
SECURITY.POSITION/3005392,SECURITY_HOLDING,GHS,422098.87,422098.87,SBL-SOV-017052,SEC.BOND.10Y,1206,2024-02-03,2033-12-12,2033-12-12,0.2783,FIXED,422098.87,BR-001,23,GHGGB7110495
SECURITY.POSITION/3005393,SECURITY_HOLDING,GHS,275577.11,275577.11,SBL-SOV-017052,SEC.BOND.10Y,1206,2017-04-21,2027-02-28,2027-02-28,0.2706,FIXED,275577.11,BR-001,23,GHGGB4842960
SECURITY.POSITION/3005394,SECURITY_HOLDING,GHS,327670.09,327670.09,SBL-SOV-017052,SEC.BOND.10Y,1206,2022-03-05,2032-01-12,2032-01-12,0.2719,FIXED,327670.09,BR-001,23,GHGGB8438711
SECURITY.POSITION/3005425,SECURITY_HOLDING,GHS,891903.80,891903.80,SBL-SOV-017052,SEC.BOND.2Y,1204,2024-08-14,2026-08-04,2026-08-04,0.2255,FIXED,891903.80,BR-001,22,GHGGB1314100
SECURITY.POSITION/3005427,SECURITY_HOLDING,GHS,527899.55,527899.55,SBL-SOV-017052,SEC.BOND.2Y,1204,2024-08-27,2026-08-17,2026-08-17,0.226,FIXED,527899.55,BR-001,22,GHGGB5861659
SECURITY.POSITION/3005434,SECURITY_HOLDING,GHS,2102424.43,2102424.43,SBL-SOV-017052,SEC.BOND.5Y,1205,2022-05-04,2027-04-08,2027-04-08,0.2571,FIXED,2102424.43,BR-001,22,GHGGB1941443
SECURITY.POSITION/3005436,SECURITY_HOLDING,GHS,1760160.09,1760160.09,SBL-SOV-017052,SEC.BOND.5Y,1205,2023-06-20,2028-05-24,2028-05-24,0.2584,FIXED,1760160.09,BR-001,22,GHGGB7763501
SECURITY.POSITION/3005438,SECURITY_HOLDING,GHS,194929.97,194929.97,SBL-SOV-017052,SEC.BOND.10Y,1206,2020-10-24,2030-09-02,2030-09-02,0.2683,FIXED,194929.97,BR-001,22,GHGGB4301607
SECURITY.POSITION/3005439,SECURITY_HOLDING,GHS,277767.06,277767.06,SBL-SOV-017052,SEC.BOND.10Y,1206,2022-12-30,2032-11-07,2032-11-07,0.2681,FIXED,277767.06,BR-001,22,GHGGB3826062
SECURITY.POSITION/3005441,SECURITY_HOLDING,GHS,113862.22,113862.22,SBL-SOV-017052,SEC.BOND.10Y,1206,2021-09-06,2031-07-16,2031-07-16,0.266,FIXED,113862.22,BR-001,22,GHGGB8969766
SECURITY.POSITION/3005443,SECURITY_HOLDING,GHS,403814.69,403814.69,SBL-SOV-017052,SEC.BOND.10Y,1206,2020-05-11,2030-03-20,2030-03-20,0.2643,FIXED,403814.69,BR-001,22,GHGGB5488296
SECURITY.POSITION/3005444,SECURITY_HOLDING,GHS,243265.72,243265.72,SBL-SOV-017052,SEC.BOND.10Y,1206,2023-01-15,2032-11-23,2032-11-23,0.2635,FIXED,243265.72,BR-001,22,GHGGB2115252
SECURITY.POSITION/3005445,SECURITY_HOLDING,GHS,339452.74,339452.74,SBL-SOV-017052,SEC.BOND.10Y,1206,2023-02-28,2033-01-06,2033-01-06,0.2704,FIXED,339452.74,BR-001,22,GHGGB7556680
SECURITY.POSITION/3005448,SECURITY_HOLDING,GHS,436361.14,436361.14,SBL-SOV-017052,SEC.BOND.10Y,1206,2021-07-31,2031-06-09,2031-06-09,0.2682,FIXED,436361.14,BR-001,22,GHGGB7827225
SECURITY.POSITION/3005449,SECURITY_HOLDING,GHS,192223.22,192223.22,SBL-SOV-017052,SEC.BOND.10Y,1206,2019-03-17,2029-01-23,2029-01-23,0.2695,FIXED,192223.22,BR-001,22,GHGGB3455098
SECURITY.POSITION/3005450,SECURITY_HOLDING,GHS,860338.01,860338.01,SBL-SOV-017052,SEC.BOND.10Y,1206,2018-03-14,2028-01-21,2028-01-21,0.2619,FIXED,860338.01,BR-001,22,GHGGB4476932
SECURITY.POSITION/3005489,SECURITY_HOLDING,GHS,87555.89,87555.89,SBL-SOV-017052,SEC.BOND.5Y,1205,2024-03-14,2029-02-16,2029-02-16,0.255,FIXED,87555.89,BR-001,21,GHGGB4690632
SECURITY.POSITION/3005490,SECURITY_HOLDING,GHS,378541.02,378541.02,SBL-SOV-017052,SEC.BOND.5Y,1205,2021-09-04,2026-08-09,2026-08-09,0.2569,FIXED,378541.02,BR-001,21,GHGGB4598589
SECURITY.POSITION/3005491,SECURITY_HOLDING,GHS,458910.35,458910.35,SBL-SOV-017052,SEC.BOND.5Y,1205,2022-05-28,2027-05-02,2027-05-02,0.2518,FIXED,458910.35,BR-001,21,GHGGB1110949
SECURITY.POSITION/3005492,SECURITY_HOLDING,GHS,1007139.84,1007139.84,SBL-SOV-017052,SEC.BOND.5Y,1205,2024-01-18,2028-12-22,2028-12-22,0.256,FIXED,1007139.84,BR-001,21,GHGGB8493034
SECURITY.POSITION/3005493,SECURITY_HOLDING,GHS,864775.48,864775.48,SBL-SOV-017052,SEC.BOND.5Y,1205,2022-11-15,2027-10-20,2027-10-20,0.2563,FIXED,864775.48,BR-001,21,GHGGB4059564
SECURITY.POSITION/3005494,SECURITY_HOLDING,GHS,1455210.05,1455210.05,SBL-SOV-017052,SEC.BOND.5Y,1205,2024-01-28,2029-01-01,2029-01-01,0.2487,FIXED,1455210.05,BR-001,21,GHGGB4553441
SECURITY.POSITION/3005495,SECURITY_HOLDING,GHS,179395.62,179395.62,SBL-SOV-017052,SEC.BOND.5Y,1205,2022-06-10,2027-05-15,2027-05-15,0.2498,FIXED,179395.62,BR-001,21,GHGGB5197837
SECURITY.POSITION/3005496,SECURITY_HOLDING,GHS,205866.25,205866.25,SBL-SOV-017052,SEC.BOND.5Y,1205,2021-08-24,2026-07-29,2026-07-29,0.2578,FIXED,205866.25,BR-001,21,GHGGB6356383
SECURITY.POSITION/3005497,SECURITY_HOLDING,GHS,91684.74,91684.74,SBL-SOV-017052,SEC.BOND.10Y,1206,2021-05-14,2031-03-23,2031-03-23,0.2693,FIXED,91684.74,BR-001,21,GHGGB4734217
SECURITY.POSITION/3005498,SECURITY_HOLDING,GHS,30789.98,30789.98,SBL-SOV-017052,SEC.BOND.10Y,1206,2019-03-27,2029-02-02,2029-02-02,0.2708,FIXED,30789.98,BR-001,21,GHGGB8249511
SECURITY.POSITION/3005499,SECURITY_HOLDING,GHS,65154.80,65154.80,SBL-SOV-017052,SEC.BOND.10Y,1206,2017-11-22,2027-10-01,2027-10-01,0.2712,FIXED,65154.80,BR-001,21,GHGGB2128769
SECURITY.POSITION/3005502,SECURITY_HOLDING,GHS,65609.72,65609.72,SBL-SOV-017052,SEC.BOND.10Y,1206,2019-01-15,2028-11-23,2028-11-23,0.2679,FIXED,65609.72,BR-001,21,GHGGB1030556
SECURITY.POSITION/3005503,SECURITY_HOLDING,GHS,172399.70,172399.70,SBL-SOV-017052,SEC.BOND.10Y,1206,2017-07-18,2027-05-27,2027-05-27,0.2705,FIXED,172399.70,BR-001,21,GHGGB5602786
SECURITY.POSITION/3005505,SECURITY_HOLDING,GHS,226513.84,226513.84,SBL-SOV-017052,SEC.BOND.10Y,1206,2022-07-26,2032-06-03,2032-06-03,0.2695,FIXED,226513.84,BR-001,21,GHGGB8202937
SECURITY.POSITION/3005506,SECURITY_HOLDING,GHS,68057.63,68057.63,SBL-SOV-017052,SEC.BOND.10Y,1206,2019-11-14,2029-09-22,2029-09-22,0.2647,FIXED,68057.63,BR-001,21,GHGGB3255078
SECURITY.POSITION/3005507,SECURITY_HOLDING,GHS,27579.74,27579.74,SBL-SOV-017052,SEC.BOND.10Y,1206,2018-06-02,2028-04-10,2028-04-10,0.2719,FIXED,27579.74,BR-001,21,GHGGB7281069
SECURITY.POSITION/3005539,SECURITY_HOLDING,GHS,365070.12,365070.12,SBL-SOV-017052,SEC.BOND.2Y,1204,2024-09-18,2026-09-08,2026-09-08,0.2193,FIXED,365070.12,BR-001,20,GHGGB9473453
SECURITY.POSITION/3005543,SECURITY_HOLDING,GHS,294379.95,294379.95,SBL-SOV-017052,SEC.BOND.2Y,1204,2024-10-27,2026-10-17,2026-10-17,0.2207,FIXED,294379.95,BR-001,20,GHGGB6496880
SECURITY.POSITION/3005546,SECURITY_HOLDING,GHS,1622729.03,1622729.03,SBL-SOV-017052,SEC.BOND.2Y,1204,2024-08-10,2026-07-31,2026-07-31,0.2287,FIXED,1622729.03,BR-001,20,GHGGB9207126
SECURITY.POSITION/3005550,SECURITY_HOLDING,GHS,697535.86,697535.86,SBL-SOV-017052,SEC.BOND.5Y,1205,2023-03-21,2028-02-23,2028-02-23,0.2586,FIXED,697535.86,BR-001,20,GHGGB2484626
SECURITY.POSITION/3005551,SECURITY_HOLDING,GHS,475512.35,475512.35,SBL-SOV-017052,SEC.BOND.5Y,1205,2024-04-30,2029-04-04,2029-04-04,0.2517,FIXED,475512.35,BR-001,20,GHGGB2393581
SECURITY.POSITION/3005552,SECURITY_HOLDING,GHS,766104.29,766104.29,SBL-SOV-017052,SEC.BOND.5Y,1205,2022-08-23,2027-07-28,2027-07-28,0.2457,FIXED,766104.29,BR-001,20,GHGGB8536470
SECURITY.POSITION/3005553,SECURITY_HOLDING,GHS,908235.45,908235.45,SBL-SOV-017052,SEC.BOND.5Y,1205,2023-05-05,2028-04-08,2028-04-08,0.2513,FIXED,908235.45,BR-001,20,GHGGB5669465
SECURITY.POSITION/3005554,SECURITY_HOLDING,GHS,1332643.81,1332643.81,SBL-SOV-017052,SEC.BOND.5Y,1205,2022-02-16,2027-01-21,2027-01-21,0.2508,FIXED,1332643.81,BR-001,20,GHGGB3294421
SECURITY.POSITION/3005555,SECURITY_HOLDING,GHS,942859.95,942859.95,SBL-SOV-017052,SEC.BOND.5Y,1205,2024-10-12,2029-09-16,2029-09-16,0.2596,FIXED,942859.95,BR-001,20,GHGGB2315161
SECURITY.POSITION/3005556,SECURITY_HOLDING,GHS,244402.74,244402.74,SBL-SOV-017052,SEC.BOND.5Y,1205,2022-11-28,2027-11-02,2027-11-02,0.2618,FIXED,244402.74,BR-001,20,GHGGB6198379
SECURITY.POSITION/3005557,SECURITY_HOLDING,GHS,488182.12,488182.12,SBL-SOV-017052,SEC.BOND.10Y,1206,2016-10-25,2026-09-03,2026-09-03,0.27,FIXED,488182.12,BR-001,20,GHGGB4658133
SECURITY.POSITION/3005558,SECURITY_HOLDING,GHS,25512.81,25512.81,SBL-SOV-017052,SEC.BOND.10Y,1206,2018-12-12,2028-10-20,2028-10-20,0.2687,FIXED,25512.81,BR-001,20,GHGGB1776317
SECURITY.POSITION/3005562,SECURITY_HOLDING,GHS,160864.45,160864.45,SBL-SOV-017052,SEC.BOND.10Y,1206,2022-05-15,2032-03-23,2032-03-23,0.2729,FIXED,160864.45,BR-001,20,GHGGB2306762
SECURITY.POSITION/3005563,SECURITY_HOLDING,GHS,99605.35,99605.35,SBL-SOV-017052,SEC.BOND.10Y,1206,2021-12-18,2031-10-27,2031-10-27,0.2666,FIXED,99605.35,BR-001,20,GHGGB7397965
SECURITY.POSITION/3005564,SECURITY_HOLDING,GHS,409592.37,409592.37,SBL-SOV-017052,SEC.BOND.10Y,1206,2024-04-30,2034-03-09,2034-03-09,0.2682,FIXED,409592.37,BR-001,20,GHGGB3285052
SECURITY.POSITION/3005565,SECURITY_HOLDING,GHS,140509.83,140509.83,SBL-SOV-017052,SEC.BOND.10Y,1206,2021-09-05,2031-07-15,2031-07-15,0.2695,FIXED,140509.83,BR-001,20,GHGGB1989831
SECURITY.POSITION/3005566,SECURITY_HOLDING,GHS,134217.64,134217.64,SBL-SOV-017052,SEC.BOND.10Y,1206,2018-03-07,2028-01-14,2028-01-14,0.265,FIXED,134217.64,BR-001,20,GHGGB2105757
SECURITY.POSITION/3005589,SECURITY_HOLDING,GHS,98323.40,98323.40,SBL-SOV-017052,SEC.BOND.2Y,1204,2024-08-10,2026-07-31,2026-07-31,0.2265,FIXED,98323.40,BR-001,19,GHGGB7963253
SECURITY.POSITION/3005590,SECURITY_HOLDING,GHS,201670.54,201670.54,SBL-SOV-017052,SEC.BOND.2Y,1204,2024-10-17,2026-10-07,2026-10-07,0.227,FIXED,201670.54,BR-001,19,GHGGB3906464
SECURITY.POSITION/3005594,SECURITY_HOLDING,GHS,392856.46,392856.46,SBL-SOV-017052,SEC.BOND.2Y,1204,2024-11-23,2026-11-13,2026-11-13,0.2276,FIXED,392856.46,BR-001,19,GHGGB7369655
SECURITY.POSITION/3005599,SECURITY_HOLDING,GHS,74842.22,74842.22,SBL-SOV-017052,SEC.BOND.2Y,1204,2024-10-11,2026-10-01,2026-10-01,0.2282,FIXED,74842.22,BR-001,19,GHGGB2004461
SECURITY.POSITION/3005600,SECURITY_HOLDING,GHS,464255.02,464255.02,SBL-SOV-017052,SEC.BOND.2Y,1204,2024-08-27,2026-08-17,2026-08-17,0.2275,FIXED,464255.02,BR-001,19,GHGGB8075373
SECURITY.POSITION/3005601,SECURITY_HOLDING,GHS,29556.24,29556.24,SBL-SOV-017052,SEC.BOND.5Y,1205,2021-08-04,2026-07-09,2026-07-09,0.2653,FIXED,29556.24,BR-001,19,GHGGB2644808
SECURITY.POSITION/3005602,SECURITY_HOLDING,GHS,64291.36,64291.36,SBL-SOV-017052,SEC.BOND.5Y,1205,2024-06-15,2029-05-20,2029-05-20,0.2637,FIXED,64291.36,BR-001,19,GHGGB4800080
SECURITY.POSITION/3005603,SECURITY_HOLDING,GHS,16391.52,16391.52,SBL-SOV-017052,SEC.BOND.5Y,1205,2021-08-20,2026-07-25,2026-07-25,0.2631,FIXED,16391.52,BR-001,19,GHGGB9004782
SECURITY.POSITION/3005604,SECURITY_HOLDING,GHS,25421.69,25421.69,SBL-SOV-017052,SEC.BOND.5Y,1205,2024-03-27,2029-03-01,2029-03-01,0.2625,FIXED,25421.69,BR-001,19,GHGGB6219534
SECURITY.POSITION/3005605,SECURITY_HOLDING,GHS,27501.90,27501.90,SBL-SOV-017052,SEC.BOND.5Y,1205,2022-10-02,2027-09-06,2027-09-06,0.2588,FIXED,27501.90,BR-001,19,GHGGB2073812
SECURITY.POSITION/3005607,SECURITY_HOLDING,GHS,23953.46,23953.46,SBL-SOV-017052,SEC.BOND.5Y,1205,2021-09-15,2026-08-20,2026-08-20,0.2585,FIXED,23953.46,BR-001,19,GHGGB3151366
SECURITY.POSITION/3005608,SECURITY_HOLDING,GHS,48250.36,48250.36,SBL-SOV-017052,SEC.BOND.5Y,1205,2024-07-03,2029-06-07,2029-06-07,0.2597,FIXED,48250.36,BR-001,19,GHGGB2964657
SECURITY.POSITION/3005609,SECURITY_HOLDING,GHS,47824.24,47824.24,SBL-SOV-017052,SEC.BOND.5Y,1205,2021-09-06,2026-08-11,2026-08-11,0.2631,FIXED,47824.24,BR-001,19,GHGGB5019391
SECURITY.POSITION/3005610,SECURITY_HOLDING,GHS,42238.75,42238.75,SBL-SOV-017052,SEC.BOND.5Y,1205,2024-08-06,2029-07-11,2029-07-11,0.2585,FIXED,42238.75,BR-001,19,GHGGB7600863
SECURITY.POSITION/3005611,SECURITY_HOLDING,GHS,31391.66,31391.66,SBL-SOV-017052,SEC.BOND.5Y,1205,2022-05-16,2027-04-20,2027-04-20,0.2587,FIXED,31391.66,BR-001,19,GHGGB6842558
SECURITY.POSITION/3005612,SECURITY_HOLDING,GHS,41167.50,41167.50,SBL-SOV-017052,SEC.BOND.5Y,1205,2023-09-26,2028-08-30,2028-08-30,0.2588,FIXED,41167.50,BR-001,19,GHGGB6474469
SECURITY.POSITION/3005646,SECURITY_HOLDING,GHS,546530.15,546530.15,SBL-SOV-017052,SEC.BOND.2Y,1204,2024-11-13,2026-11-03,2026-11-03,0.2333,FIXED,546530.15,BR-001,18,GHGGB5601669
SECURITY.POSITION/3005647,SECURITY_HOLDING,GHS,2881379.54,2881379.54,SBL-SOV-017052,SEC.BOND.2Y,1204,2024-09-10,2026-08-31,2026-08-31,0.2273,FIXED,2881379.54,BR-001,18,GHGGB5416540
SECURITY.POSITION/3005648,SECURITY_HOLDING,GHS,783744.72,783744.72,SBL-SOV-017052,SEC.BOND.2Y,1204,2024-07-24,2026-07-14,2026-07-14,0.2301,FIXED,783744.72,BR-001,18,GHGGB3597288
SECURITY.POSITION/3005651,SECURITY_HOLDING,GHS,1479331.43,1479331.43,SBL-SOV-017052,SEC.BOND.2Y,1204,2024-10-12,2026-10-02,2026-10-02,0.2253,FIXED,1479331.43,BR-001,18,GHGGB4732956
SECURITY.POSITION/3005653,SECURITY_HOLDING,GHS,379707.69,379707.69,SBL-SOV-017052,SEC.BOND.5Y,1205,2023-05-23,2028-04-26,2028-04-26,0.2624,FIXED,379707.69,BR-001,18,GHGGB2719106
SECURITY.POSITION/3005654,SECURITY_HOLDING,GHS,381169.62,381169.62,SBL-SOV-017052,SEC.BOND.5Y,1205,2021-12-13,2026-11-17,2026-11-17,0.2563,FIXED,381169.62,BR-001,18,GHGGB7534365
SECURITY.POSITION/3005656,SECURITY_HOLDING,GHS,325034.78,325034.78,SBL-SOV-017052,SEC.BOND.5Y,1205,2022-12-23,2027-11-27,2027-11-27,0.2545,FIXED,325034.78,BR-001,18,GHGGB7394113
SECURITY.POSITION/3005657,SECURITY_HOLDING,GHS,84554.81,84554.81,SBL-SOV-017052,SEC.BOND.5Y,1205,2023-02-26,2028-01-31,2028-01-31,0.2545,FIXED,84554.81,BR-001,18,GHGGB6523340
SECURITY.POSITION/3005659,SECURITY_HOLDING,GHS,351607.09,351607.09,SBL-SOV-017052,SEC.BOND.5Y,1205,2023-12-31,2028-12-04,2028-12-04,0.2574,FIXED,351607.09,BR-001,18,GHGGB7093957
SECURITY.POSITION/3005661,SECURITY_HOLDING,GHS,412670.27,412670.27,SBL-SOV-017052,SEC.BOND.5Y,1205,2024-07-19,2029-06-23,2029-06-23,0.2553,FIXED,412670.27,BR-001,18,GHGGB8053382
SECURITY.POSITION/3005662,SECURITY_HOLDING,GHS,691616.05,691616.05,SBL-SOV-017052,SEC.BOND.5Y,1205,2023-10-03,2028-09-06,2028-09-06,0.2609,FIXED,691616.05,BR-001,18,GHGGB4547857
SECURITY.POSITION/3005663,SECURITY_HOLDING,GHS,328027.21,328027.21,SBL-SOV-017052,SEC.BOND.5Y,1205,2021-09-03,2026-08-08,2026-08-08,0.254,FIXED,328027.21,BR-001,18,GHGGB6394658
SECURITY.POSITION/3005665,SECURITY_HOLDING,GHS,4726.65,4726.65,SBL-SOV-017052,SEC.BOND.10Y,1206,2016-09-03,2026-07-13,2026-07-13,0.2757,FIXED,4726.65,BR-001,18,GHGGB5434327
SECURITY.POSITION/3005666,SECURITY_HOLDING,GHS,36182.95,36182.95,SBL-SOV-017052,SEC.BOND.10Y,1206,2020-05-25,2030-04-03,2030-04-03,0.2645,FIXED,36182.95,BR-001,18,GHGGB2228935
SECURITY.POSITION/3005667,SECURITY_HOLDING,GHS,7948.71,7948.71,SBL-SOV-017052,SEC.BOND.10Y,1206,2017-08-15,2027-06-24,2027-06-24,0.2704,FIXED,7948.71,BR-001,18,GHGGB1882299
SECURITY.POSITION/3005669,SECURITY_HOLDING,GHS,26642.09,26642.09,SBL-SOV-017052,SEC.BOND.10Y,1206,2024-06-01,2034-04-10,2034-04-10,0.2667,FIXED,26642.09,BR-001,18,GHGGB1866552
SECURITY.POSITION/3005670,SECURITY_HOLDING,GHS,62320.30,62320.30,SBL-SOV-017052,SEC.BOND.10Y,1206,2019-09-25,2029-08-03,2029-08-03,0.2717,FIXED,62320.30,BR-001,18,GHGGB6430130
SECURITY.POSITION/3005671,SECURITY_HOLDING,GHS,48955.49,48955.49,SBL-SOV-017052,SEC.BOND.10Y,1206,2016-10-26,2026-09-04,2026-09-04,0.2668,FIXED,48955.49,BR-001,18,GHGGB3779123
SECURITY.POSITION/3005672,SECURITY_HOLDING,GHS,28316.98,28316.98,SBL-SOV-017052,SEC.BOND.10Y,1206,2021-11-11,2031-09-20,2031-09-20,0.2698,FIXED,28316.98,BR-001,18,GHGGB9771963
SECURITY.POSITION/3005673,SECURITY_HOLDING,GHS,42403.98,42403.98,SBL-SOV-017052,SEC.BOND.10Y,1206,2019-03-25,2029-01-31,2029-01-31,0.272,FIXED,42403.98,BR-001,18,GHGGB7298977
SECURITY.POSITION/3005674,SECURITY_HOLDING,GHS,88404.89,88404.89,SBL-SOV-017052,SEC.BOND.10Y,1206,2022-09-24,2032-08-02,2032-08-02,0.2684,FIXED,88404.89,BR-001,18,GHGGB6795508
SECURITY.POSITION/3005703,SECURITY_HOLDING,GHS,792735.48,792735.48,SBL-SOV-017052,SEC.BOND.2Y,1204,2024-08-19,2026-08-09,2026-08-09,0.187,FIXED,792735.48,BR-001,17,GHGGB9745731
SECURITY.POSITION/3005708,SECURITY_HOLDING,GHS,253639.57,253639.57,SBL-SOV-017052,SEC.BOND.2Y,1204,2024-10-01,2026-09-21,2026-09-21,0.1921,FIXED,253639.57,BR-001,17,GHGGB8769136
SECURITY.POSITION/3005711,SECURITY_HOLDING,GHS,300126.58,300126.58,SBL-SOV-017052,SEC.BOND.2Y,1204,2024-10-07,2026-09-27,2026-09-27,0.1889,FIXED,300126.58,BR-001,17,GHGGB9302403
SECURITY.POSITION/3005712,SECURITY_HOLDING,GHS,120116.41,120116.41,SBL-SOV-017052,SEC.BOND.5Y,1205,2022-11-09,2027-10-14,2027-10-14,0.2201,FIXED,120116.41,BR-001,17,GHGGB1243794
SECURITY.POSITION/3005715,SECURITY_HOLDING,GHS,388859.10,388859.10,SBL-SOV-017052,SEC.BOND.5Y,1205,2024-11-25,2029-10-30,2029-10-30,0.223,FIXED,388859.10,BR-001,17,GHGGB6200485
SECURITY.POSITION/3005716,SECURITY_HOLDING,GHS,291753.04,291753.04,SBL-SOV-017052,SEC.BOND.5Y,1205,2023-11-30,2028-11-03,2028-11-03,0.2202,FIXED,291753.04,BR-001,17,GHGGB4140594
SECURITY.POSITION/3005717,SECURITY_HOLDING,GHS,530988.68,530988.68,SBL-SOV-017052,SEC.BOND.5Y,1205,2024-12-29,2029-12-03,2029-12-03,0.2207,FIXED,530988.68,BR-001,17,GHGGB1688407
SECURITY.POSITION/3005719,SECURITY_HOLDING,GHS,156467.91,156467.91,SBL-SOV-017052,SEC.BOND.5Y,1205,2021-08-22,2026-07-27,2026-07-27,0.2229,FIXED,156467.91,BR-001,17,GHGGB2499948
SECURITY.POSITION/3005720,SECURITY_HOLDING,GHS,414917.52,414917.52,SBL-SOV-017052,SEC.BOND.5Y,1205,2023-10-05,2028-09-08,2028-09-08,0.2235,FIXED,414917.52,BR-001,17,GHGGB1087042
SECURITY.POSITION/3005722,SECURITY_HOLDING,GHS,347064.02,347064.02,SBL-SOV-017052,SEC.BOND.5Y,1205,2022-12-14,2027-11-18,2027-11-18,0.2272,FIXED,347064.02,BR-001,17,GHGGB5136181
SECURITY.POSITION/3005723,SECURITY_HOLDING,GHS,65256.74,65256.74,SBL-SOV-017052,SEC.BOND.10Y,1206,2018-03-31,2028-02-07,2028-02-07,0.2463,FIXED,65256.74,BR-001,17,GHGGB8407836
SECURITY.POSITION/3005724,SECURITY_HOLDING,GHS,269396.37,269396.37,SBL-SOV-017052,SEC.BOND.10Y,1206,2018-08-21,2028-06-29,2028-06-29,0.2447,FIXED,269396.37,BR-001,17,GHGGB2007805
SECURITY.POSITION/3005726,SECURITY_HOLDING,GHS,590035.07,590035.07,SBL-SOV-017052,SEC.BOND.10Y,1206,2017-12-16,2027-10-25,2027-10-25,0.2442,FIXED,590035.07,BR-001,17,GHGGB3188713
SECURITY.POSITION/3005727,SECURITY_HOLDING,GHS,107749.06,107749.06,SBL-SOV-017052,SEC.BOND.10Y,1206,2020-10-13,2030-08-22,2030-08-22,0.2474,FIXED,107749.06,BR-001,17,GHGGB1920543
SECURITY.POSITION/3005728,SECURITY_HOLDING,GHS,704707.61,704707.61,SBL-SOV-017052,SEC.BOND.10Y,1206,2018-01-04,2027-11-13,2027-11-13,0.2406,FIXED,704707.61,BR-001,17,GHGGB4713716
SECURITY.POSITION/3005763,SECURITY_HOLDING,GHS,421976.55,421976.55,SBL-SOV-017052,SEC.BOND.2Y,1204,2024-10-27,2026-10-17,2026-10-17,0.1935,FIXED,421976.55,BR-001,16,GHGGB1237813
SECURITY.POSITION/3005764,SECURITY_HOLDING,GHS,631359.60,631359.60,SBL-SOV-017052,SEC.BOND.2Y,1204,2024-07-30,2026-07-20,2026-07-20,0.1963,FIXED,631359.60,BR-001,16,GHGGB5134692
SECURITY.POSITION/3005765,SECURITY_HOLDING,GHS,707763.17,707763.17,SBL-SOV-017052,SEC.BOND.2Y,1204,2024-07-30,2026-07-20,2026-07-20,0.1925,FIXED,707763.17,BR-001,16,GHGGB8082367
SECURITY.POSITION/3005768,SECURITY_HOLDING,GHS,523400.45,523400.45,SBL-SOV-017052,SEC.BOND.2Y,1204,2024-11-27,2026-11-17,2026-11-17,0.1982,FIXED,523400.45,BR-001,16,GHGGB1776868
SECURITY.POSITION/3005771,SECURITY_HOLDING,GHS,499272.66,499272.66,SBL-SOV-017052,SEC.BOND.2Y,1204,2024-07-15,2026-07-05,2026-07-05,0.1948,FIXED,499272.66,BR-001,16,GHGGB2795001
SECURITY.POSITION/3005772,SECURITY_HOLDING,GHS,809251.79,809251.79,SBL-SOV-017052,SEC.BOND.2Y,1204,2025-01-12,2027-01-02,2027-01-02,0.1941,FIXED,809251.79,BR-001,16,GHGGB7925714
SECURITY.POSITION/3005773,SECURITY_HOLDING,GHS,1225670.07,1225670.07,SBL-SOV-017052,SEC.BOND.5Y,1205,2023-08-24,2028-07-28,2028-07-28,0.2122,FIXED,1225670.07,BR-001,16,GHGGB1438958
SECURITY.POSITION/3005775,SECURITY_HOLDING,GHS,301543.07,301543.07,SBL-SOV-017052,SEC.BOND.5Y,1205,2025-02-10,2030-01-15,2030-01-15,0.2132,FIXED,301543.07,BR-001,16,GHGGB2341507
SECURITY.POSITION/3005776,SECURITY_HOLDING,GHS,426397.25,426397.25,SBL-SOV-017052,SEC.BOND.5Y,1205,2024-02-19,2029-01-23,2029-01-23,0.2216,FIXED,426397.25,BR-001,16,GHGGB6160241
SECURITY.POSITION/3005777,SECURITY_HOLDING,GHS,1070501.93,1070501.93,SBL-SOV-017052,SEC.BOND.5Y,1205,2024-06-21,2029-05-26,2029-05-26,0.2185,FIXED,1070501.93,BR-001,16,GHGGB4190559
SECURITY.POSITION/3005779,SECURITY_HOLDING,GHS,157638.78,157638.78,SBL-SOV-017052,SEC.BOND.10Y,1206,2017-05-23,2027-04-01,2027-04-01,0.2371,FIXED,157638.78,BR-001,16,GHGGB9037330
SECURITY.POSITION/3005780,SECURITY_HOLDING,GHS,303333.00,303333.00,SBL-SOV-017052,SEC.BOND.10Y,1206,2020-02-25,2030-01-03,2030-01-03,0.2443,FIXED,303333.00,BR-001,16,GHGGB4821849
SECURITY.POSITION/3005781,SECURITY_HOLDING,GHS,469680.11,469680.11,SBL-SOV-017052,SEC.BOND.10Y,1206,2017-01-21,2026-11-30,2026-11-30,0.2404,FIXED,469680.11,BR-001,16,GHGGB1862563
SECURITY.POSITION/3005782,SECURITY_HOLDING,GHS,243353.65,243353.65,SBL-SOV-017052,SEC.BOND.10Y,1206,2019-11-23,2029-10-01,2029-10-01,0.2389,FIXED,243353.65,BR-001,16,GHGGB6967609
SECURITY.POSITION/3005783,SECURITY_HOLDING,GHS,504765.03,504765.03,SBL-SOV-017052,SEC.BOND.10Y,1206,2020-02-11,2029-12-20,2029-12-20,0.2372,FIXED,504765.03,BR-001,16,GHGGB2991062
SECURITY.POSITION/3005787,SECURITY_HOLDING,GHS,32436.12,32436.12,SBL-SOV-017052,SEC.BOND.10Y,1206,2022-01-26,2031-12-05,2031-12-05,0.2411,FIXED,32436.12,BR-001,16,GHGGB7918687
SECURITY.POSITION/3005788,SECURITY_HOLDING,GHS,144535.81,144535.81,SBL-SOV-017052,SEC.BOND.10Y,1206,2019-08-02,2029-06-10,2029-06-10,0.2441,FIXED,144535.81,BR-001,16,GHGGB5371202
SECURITY.POSITION/3005827,SECURITY_HOLDING,GHS,786029.40,786029.40,SBL-SOV-017052,SEC.BOND.2Y,1204,2024-08-15,2026-08-05,2026-08-05,0.1929,FIXED,786029.40,BR-001,15,GHGGB8684698
SECURITY.POSITION/3005831,SECURITY_HOLDING,GHS,2723252.04,2723252.04,SBL-SOV-017052,SEC.BOND.2Y,1204,2025-01-10,2026-12-31,2026-12-31,0.1963,FIXED,2723252.04,BR-001,15,GHGGB8671342
SECURITY.POSITION/3005832,SECURITY_HOLDING,GHS,1791280.03,1791280.03,SBL-SOV-017052,SEC.BOND.2Y,1204,2024-12-13,2026-12-03,2026-12-03,0.1965,FIXED,1791280.03,BR-001,15,GHGGB9248270
SECURITY.POSITION/3005833,SECURITY_HOLDING,GHS,758591.87,758591.87,SBL-SOV-017052,SEC.BOND.2Y,1204,2025-03-25,2027-03-15,2027-03-15,0.1893,FIXED,758591.87,BR-001,15,GHGGB2682600
SECURITY.POSITION/3005835,SECURITY_HOLDING,GHS,751813.91,751813.91,SBL-SOV-017052,SEC.BOND.5Y,1205,2023-07-28,2028-07-01,2028-07-01,0.2197,FIXED,751813.91,BR-001,15,GHGGB6486782
SECURITY.POSITION/3005836,SECURITY_HOLDING,GHS,238812.40,238812.40,SBL-SOV-017052,SEC.BOND.5Y,1205,2024-12-25,2029-11-29,2029-11-29,0.2157,FIXED,238812.40,BR-001,15,GHGGB5482248
SECURITY.POSITION/3005837,SECURITY_HOLDING,GHS,121365.08,121365.08,SBL-SOV-017052,SEC.BOND.5Y,1205,2024-04-04,2029-03-09,2029-03-09,0.223,FIXED,121365.08,BR-001,15,GHGGB1506403
SECURITY.POSITION/3005838,SECURITY_HOLDING,GHS,134494.34,134494.34,SBL-SOV-017052,SEC.BOND.5Y,1205,2022-05-08,2027-04-12,2027-04-12,0.2239,FIXED,134494.34,BR-001,15,GHGGB9845083
SECURITY.POSITION/3005839,SECURITY_HOLDING,GHS,235040.75,235040.75,SBL-SOV-017052,SEC.BOND.5Y,1205,2023-08-12,2028-07-16,2028-07-16,0.2141,FIXED,235040.75,BR-001,15,GHGGB8304256
SECURITY.POSITION/3005840,SECURITY_HOLDING,GHS,239404.78,239404.78,SBL-SOV-017052,SEC.BOND.5Y,1205,2021-10-11,2026-09-15,2026-09-15,0.2209,FIXED,239404.78,BR-001,15,GHGGB1536525
SECURITY.POSITION/3005841,SECURITY_HOLDING,GHS,141245.61,141245.61,SBL-SOV-017052,SEC.BOND.5Y,1205,2025-03-09,2030-02-11,2030-02-11,0.2197,FIXED,141245.61,BR-001,15,GHGGB8947476
SECURITY.POSITION/3005842,SECURITY_HOLDING,GHS,227540.98,227540.98,SBL-SOV-017052,SEC.BOND.5Y,1205,2021-10-18,2026-09-22,2026-09-22,0.2177,FIXED,227540.98,BR-001,15,GHGGB8449755
SECURITY.POSITION/3005844,SECURITY_HOLDING,GHS,105858.96,105858.96,SBL-SOV-017052,SEC.BOND.5Y,1205,2021-11-11,2026-10-16,2026-10-16,0.2106,FIXED,105858.96,BR-001,15,GHGGB5917712
SECURITY.POSITION/3005845,SECURITY_HOLDING,GHS,328253.57,328253.57,SBL-SOV-017052,SEC.BOND.5Y,1205,2022-11-28,2027-11-02,2027-11-02,0.2231,FIXED,328253.57,BR-001,15,GHGGB3271492
SECURITY.POSITION/3005846,SECURITY_HOLDING,GHS,46095.25,46095.25,SBL-SOV-017052,SEC.BOND.10Y,1206,2022-02-06,2031-12-16,2031-12-16,0.2367,FIXED,46095.25,BR-001,15,GHGGB8147607
SECURITY.POSITION/3005847,SECURITY_HOLDING,GHS,141766.13,141766.13,SBL-SOV-017052,SEC.BOND.10Y,1206,2017-01-30,2026-12-09,2026-12-09,0.2359,FIXED,141766.13,BR-001,15,GHGGB9221315
SECURITY.POSITION/3005848,SECURITY_HOLDING,GHS,49098.22,49098.22,SBL-SOV-017052,SEC.BOND.10Y,1206,2023-02-22,2032-12-31,2032-12-31,0.2366,FIXED,49098.22,BR-001,15,GHGGB2852479
SECURITY.POSITION/3005849,SECURITY_HOLDING,GHS,22638.69,22638.69,SBL-SOV-017052,SEC.BOND.10Y,1206,2020-09-27,2030-08-06,2030-08-06,0.24,FIXED,22638.69,BR-001,15,GHGGB2736244
SECURITY.POSITION/3005850,SECURITY_HOLDING,GHS,56244.20,56244.20,SBL-SOV-017052,SEC.BOND.10Y,1206,2020-10-21,2030-08-30,2030-08-30,0.235,FIXED,56244.20,BR-001,15,GHGGB7538230
SECURITY.POSITION/3005852,SECURITY_HOLDING,GHS,12734.08,12734.08,SBL-SOV-017052,SEC.BOND.10Y,1206,2023-07-21,2033-05-29,2033-05-29,0.2378,FIXED,12734.08,BR-001,15,GHGGB3566889
SECURITY.POSITION/3005891,SECURITY_HOLDING,GHS,1133215.88,1133215.88,SBL-SOV-017052,SEC.BOND.2Y,1204,2025-01-13,2027-01-03,2027-01-03,0.1878,FIXED,1133215.88,BR-001,14,GHGGB2199879
SECURITY.POSITION/3005892,SECURITY_HOLDING,GHS,865548.61,865548.61,SBL-SOV-017052,SEC.BOND.2Y,1204,2025-02-10,2027-01-31,2027-01-31,0.1947,FIXED,865548.61,BR-001,14,GHGGB1014808
SECURITY.POSITION/3005894,SECURITY_HOLDING,GHS,189179.14,189179.14,SBL-SOV-017052,SEC.BOND.2Y,1204,2025-03-17,2027-03-07,2027-03-07,0.199,FIXED,189179.14,BR-001,14,GHGGB4832684
SECURITY.POSITION/3005895,SECURITY_HOLDING,GHS,515805.19,515805.19,SBL-SOV-017052,SEC.BOND.2Y,1204,2024-07-28,2026-07-18,2026-07-18,0.1947,FIXED,515805.19,BR-001,14,GHGGB7832598
SECURITY.POSITION/3005897,SECURITY_HOLDING,GHS,279713.82,279713.82,SBL-SOV-017052,SEC.BOND.2Y,1204,2025-01-05,2026-12-26,2026-12-26,0.196,FIXED,279713.82,BR-001,14,GHGGB9034841
SECURITY.POSITION/3005898,SECURITY_HOLDING,GHS,596000.43,596000.43,SBL-SOV-017052,SEC.BOND.2Y,1204,2025-01-14,2027-01-04,2027-01-04,0.197,FIXED,596000.43,BR-001,14,GHGGB2928743
SECURITY.POSITION/3005900,SECURITY_HOLDING,GHS,125818.32,125818.32,SBL-SOV-017052,SEC.BOND.5Y,1205,2025-02-05,2030-01-10,2030-01-10,0.2252,FIXED,125818.32,BR-001,14,GHGGB9572966
SECURITY.POSITION/3005901,SECURITY_HOLDING,GHS,73638.61,73638.61,SBL-SOV-017052,SEC.BOND.5Y,1205,2024-06-07,2029-05-12,2029-05-12,0.2214,FIXED,73638.61,BR-001,14,GHGGB4156256
SECURITY.POSITION/3005902,SECURITY_HOLDING,GHS,410553.72,410553.72,SBL-SOV-017052,SEC.BOND.5Y,1205,2022-06-01,2027-05-06,2027-05-06,0.222,FIXED,410553.72,BR-001,14,GHGGB3907808
SECURITY.POSITION/3005903,SECURITY_HOLDING,GHS,356934.94,356934.94,SBL-SOV-017052,SEC.BOND.5Y,1205,2021-11-22,2026-10-27,2026-10-27,0.2176,FIXED,356934.94,BR-001,14,GHGGB7661883
SECURITY.POSITION/3005908,SECURITY_HOLDING,GHS,323847.17,323847.17,SBL-SOV-017052,SEC.BOND.5Y,1205,2022-09-13,2027-08-18,2027-08-18,0.2183,FIXED,323847.17,BR-001,14,GHGGB3808239
SECURITY.POSITION/3005909,SECURITY_HOLDING,GHS,1821.87,1821.87,SBL-SOV-017052,SEC.BOND.5Y,1205,2022-09-11,2027-08-16,2027-08-16,0.2252,FIXED,1821.87,BR-001,14,GHGGB9212468
SECURITY.POSITION/3005910,SECURITY_HOLDING,GHS,320599.78,320599.78,SBL-SOV-017052,SEC.BOND.5Y,1205,2021-10-19,2026-09-23,2026-09-23,0.2152,FIXED,320599.78,BR-001,14,GHGGB6193737
SECURITY.POSITION/3005912,SECURITY_HOLDING,GHS,47418.33,47418.33,SBL-SOV-017052,SEC.BOND.10Y,1206,2023-06-14,2033-04-22,2033-04-22,0.2319,FIXED,47418.33,BR-001,14,GHGGB6687762
SECURITY.POSITION/3005913,SECURITY_HOLDING,GHS,156817.64,156817.64,SBL-SOV-017052,SEC.BOND.10Y,1206,2023-04-15,2033-02-21,2033-02-21,0.2351,FIXED,156817.64,BR-001,14,GHGGB7267910
SECURITY.POSITION/3005914,SECURITY_HOLDING,GHS,62788.10,62788.10,SBL-SOV-017052,SEC.BOND.10Y,1206,2023-09-21,2033-07-30,2033-07-30,0.2393,FIXED,62788.10,BR-001,14,GHGGB6565512
SECURITY.POSITION/3005916,SECURITY_HOLDING,GHS,52497.21,52497.21,SBL-SOV-017052,SEC.BOND.10Y,1206,2024-07-20,2034-05-29,2034-05-29,0.2352,FIXED,52497.21,BR-001,14,GHGGB3607702
SECURITY.POSITION/3005917,SECURITY_HOLDING,GHS,47630.51,47630.51,SBL-SOV-017052,SEC.BOND.10Y,1206,2020-02-23,2030-01-01,2030-01-01,0.2386,FIXED,47630.51,BR-001,14,GHGGB7176990
SECURITY.POSITION/3005918,SECURITY_HOLDING,GHS,45686.67,45686.67,SBL-SOV-017052,SEC.BOND.10Y,1206,2017-03-05,2027-01-12,2027-01-12,0.2406,FIXED,45686.67,BR-001,14,GHGGB8806214
SECURITY.POSITION/3005943,SECURITY_HOLDING,GHS,160465.90,160465.90,SBL-SOV-017052,SEC.BOND.2Y,1204,2025-01-16,2027-01-06,2027-01-06,0.1906,FIXED,160465.90,BR-001,13,GHGGB6409079
SECURITY.POSITION/3005945,SECURITY_HOLDING,GHS,2070929.47,2070929.47,SBL-SOV-017052,SEC.BOND.2Y,1204,2024-09-11,2026-09-01,2026-09-01,0.1992,FIXED,2070929.47,BR-001,13,GHGGB3664435
SECURITY.POSITION/3005947,SECURITY_HOLDING,GHS,776398.62,776398.62,SBL-SOV-017052,SEC.BOND.2Y,1204,2025-03-26,2027-03-16,2027-03-16,0.1951,FIXED,776398.62,BR-001,13,GHGGB4157753
SECURITY.POSITION/3005948,SECURITY_HOLDING,GHS,637587.13,637587.13,SBL-SOV-017052,SEC.BOND.2Y,1204,2024-08-05,2026-07-26,2026-07-26,0.1954,FIXED,637587.13,BR-001,13,GHGGB1722461
SECURITY.POSITION/3005950,SECURITY_HOLDING,GHS,617474.54,617474.54,SBL-SOV-017052,SEC.BOND.2Y,1204,2024-09-06,2026-08-27,2026-08-27,0.197,FIXED,617474.54,BR-001,13,GHGGB9901869
SECURITY.POSITION/3005952,SECURITY_HOLDING,GHS,1500740.98,1500740.98,SBL-SOV-017052,SEC.BOND.5Y,1205,2023-02-19,2028-01-24,2028-01-24,0.2169,FIXED,1500740.98,BR-001,13,GHGGB1075639
SECURITY.POSITION/3005953,SECURITY_HOLDING,GHS,298283.42,298283.42,SBL-SOV-017052,SEC.BOND.5Y,1205,2025-02-09,2030-01-14,2030-01-14,0.2183,FIXED,298283.42,BR-001,13,GHGGB3107198
SECURITY.POSITION/3005954,SECURITY_HOLDING,GHS,548909.61,548909.61,SBL-SOV-017052,SEC.BOND.5Y,1205,2024-06-28,2029-06-02,2029-06-02,0.2164,FIXED,548909.61,BR-001,13,GHGGB9477547
SECURITY.POSITION/3005956,SECURITY_HOLDING,GHS,1099890.01,1099890.01,SBL-SOV-017052,SEC.BOND.5Y,1205,2023-08-28,2028-08-01,2028-08-01,0.2157,FIXED,1099890.01,BR-001,13,GHGGB3844449
SECURITY.POSITION/3005957,SECURITY_HOLDING,GHS,1188306.39,1188306.39,SBL-SOV-017052,SEC.BOND.5Y,1205,2022-04-13,2027-03-18,2027-03-18,0.2168,FIXED,1188306.39,BR-001,13,GHGGB4269100
SECURITY.POSITION/3005958,SECURITY_HOLDING,GHS,522104.41,522104.41,SBL-SOV-017052,SEC.BOND.5Y,1205,2024-10-28,2029-10-02,2029-10-02,0.2145,FIXED,522104.41,BR-001,13,GHGGB4024232
SECURITY.POSITION/3005959,SECURITY_HOLDING,GHS,1235772.62,1235772.62,SBL-SOV-017052,SEC.BOND.5Y,1205,2022-06-02,2027-05-07,2027-05-07,0.2199,FIXED,1235772.62,BR-001,13,GHGGB3919803
SECURITY.POSITION/3005960,SECURITY_HOLDING,GHS,70374.44,70374.44,SBL-SOV-017052,SEC.BOND.10Y,1206,2018-12-09,2028-10-17,2028-10-17,0.2375,FIXED,70374.44,BR-001,13,GHGGB8956796
SECURITY.POSITION/3005961,SECURITY_HOLDING,GHS,260222.28,260222.28,SBL-SOV-017052,SEC.BOND.10Y,1206,2024-06-15,2034-04-24,2034-04-24,0.2431,FIXED,260222.28,BR-001,13,GHGGB9539274
SECURITY.POSITION/3005962,SECURITY_HOLDING,GHS,428353.17,428353.17,SBL-SOV-017052,SEC.BOND.10Y,1206,2025-05-18,2035-03-27,2035-03-27,0.2398,FIXED,428353.17,BR-001,13,GHGGB7256186
SECURITY.POSITION/3005963,SECURITY_HOLDING,GHS,94675.72,94675.72,SBL-SOV-017052,SEC.BOND.10Y,1206,2020-09-03,2030-07-13,2030-07-13,0.2397,FIXED,94675.72,BR-001,13,GHGGB3042150
SECURITY.POSITION/3005964,SECURITY_HOLDING,GHS,119808.11,119808.11,SBL-SOV-017052,SEC.BOND.10Y,1206,2020-10-03,2030-08-12,2030-08-12,0.241,FIXED,119808.11,BR-001,13,GHGGB6432187
SECURITY.POSITION/3005965,SECURITY_HOLDING,GHS,170209.07,170209.07,SBL-SOV-017052,SEC.BOND.10Y,1206,2019-07-20,2029-05-28,2029-05-28,0.2442,FIXED,170209.07,BR-001,13,GHGGB4887425
SECURITY.POSITION/3005966,SECURITY_HOLDING,GHS,315383.24,315383.24,SBL-SOV-017052,SEC.BOND.10Y,1206,2018-06-04,2028-04-12,2028-04-12,0.238,FIXED,315383.24,BR-001,13,GHGGB9916670
SECURITY.POSITION/3005968,SECURITY_HOLDING,GHS,144373.91,144373.91,SBL-SOV-017052,SEC.BOND.10Y,1206,2023-10-15,2033-08-23,2033-08-23,0.2398,FIXED,144373.91,BR-001,13,GHGGB7329627
SECURITY.POSITION/3005969,SECURITY_HOLDING,GHS,42341.93,42341.93,SBL-SOV-017052,SEC.BOND.10Y,1206,2022-07-10,2032-05-18,2032-05-18,0.2436,FIXED,42341.93,BR-001,13,GHGGB3799595
SECURITY.POSITION/3005970,SECURITY_HOLDING,GHS,498450.61,498450.61,SBL-SOV-017052,SEC.BOND.10Y,1206,2025-05-27,2035-04-05,2035-04-05,0.2364,FIXED,498450.61,BR-001,13,GHGGB9505078
SECURITY.POSITION/3005971,SECURITY_HOLDING,GHS,724963.73,724963.73,SBL-SOV-017052,SEC.BOND.10Y,1206,2020-01-25,2029-12-03,2029-12-03,0.2406,FIXED,724963.73,BR-001,13,GHGGB9059730
SECURITY.POSITION/3006002,SECURITY_HOLDING,GHS,684996.36,684996.36,SBL-SOV-017052,SEC.BOND.2Y,1204,2024-07-27,2026-07-17,2026-07-17,0.1986,FIXED,684996.36,BR-001,12,GHGGB5972559
SECURITY.POSITION/3006003,SECURITY_HOLDING,GHS,265205.54,265205.54,SBL-SOV-017052,SEC.BOND.2Y,1204,2025-03-30,2027-03-20,2027-03-20,0.1881,FIXED,265205.54,BR-001,12,GHGGB1180571
SECURITY.POSITION/3006009,SECURITY_HOLDING,GHS,275084.62,275084.62,SBL-SOV-017052,SEC.BOND.5Y,1205,2024-03-19,2029-02-21,2029-02-21,0.2193,FIXED,275084.62,BR-001,12,GHGGB7943215
SECURITY.POSITION/3006010,SECURITY_HOLDING,GHS,112069.45,112069.45,SBL-SOV-017052,SEC.BOND.5Y,1205,2025-03-06,2030-02-08,2030-02-08,0.2193,FIXED,112069.45,BR-001,12,GHGGB6012972
SECURITY.POSITION/3006011,SECURITY_HOLDING,GHS,585634.67,585634.67,SBL-SOV-017052,SEC.BOND.5Y,1205,2022-01-30,2027-01-04,2027-01-04,0.2205,FIXED,585634.67,BR-001,12,GHGGB1274784
SECURITY.POSITION/3006012,SECURITY_HOLDING,GHS,132437.07,132437.07,SBL-SOV-017052,SEC.BOND.5Y,1205,2023-04-15,2028-03-19,2028-03-19,0.2209,FIXED,132437.07,BR-001,12,GHGGB6399352
SECURITY.POSITION/3006013,SECURITY_HOLDING,GHS,171187.73,171187.73,SBL-SOV-017052,SEC.BOND.5Y,1205,2022-08-28,2027-08-02,2027-08-02,0.2147,FIXED,171187.73,BR-001,12,GHGGB5991370
SECURITY.POSITION/3006015,SECURITY_HOLDING,GHS,329718.33,329718.33,SBL-SOV-017052,SEC.BOND.5Y,1205,2023-08-26,2028-07-30,2028-07-30,0.2156,FIXED,329718.33,BR-001,12,GHGGB1703485
SECURITY.POSITION/3006016,SECURITY_HOLDING,GHS,431996.13,431996.13,SBL-SOV-017052,SEC.BOND.5Y,1205,2025-03-10,2030-02-12,2030-02-12,0.216,FIXED,431996.13,BR-001,12,GHGGB8625903
SECURITY.POSITION/3006017,SECURITY_HOLDING,GHS,238429.65,238429.65,SBL-SOV-017052,SEC.BOND.5Y,1205,2024-11-06,2029-10-11,2029-10-11,0.2204,FIXED,238429.65,BR-001,12,GHGGB9145584
SECURITY.POSITION/3006019,SECURITY_HOLDING,GHS,384971.89,384971.89,SBL-SOV-017052,SEC.BOND.10Y,1206,2018-10-15,2028-08-23,2028-08-23,0.2358,FIXED,384971.89,BR-001,12,GHGGB2060704
SECURITY.POSITION/3006020,SECURITY_HOLDING,GHS,1069236.53,1069236.53,SBL-SOV-017052,SEC.BOND.10Y,1206,2021-05-01,2031-03-10,2031-03-10,0.2387,FIXED,1069236.53,BR-001,12,GHGGB8985840
SECURITY.POSITION/3006021,SECURITY_HOLDING,GHS,183558.01,183558.01,SBL-SOV-017052,SEC.BOND.10Y,1206,2018-05-09,2028-03-17,2028-03-17,0.2382,FIXED,183558.01,BR-001,12,GHGGB8295788
SECURITY.POSITION/3006022,SECURITY_HOLDING,GHS,494728.87,494728.87,SBL-SOV-017052,SEC.BOND.10Y,1206,2020-11-22,2030-10-01,2030-10-01,0.2363,FIXED,494728.87,BR-001,12,GHGGB5412007
SECURITY.POSITION/3006023,SECURITY_HOLDING,GHS,164091.28,164091.28,SBL-SOV-017052,SEC.BOND.10Y,1206,2017-12-17,2027-10-26,2027-10-26,0.2324,FIXED,164091.28,BR-001,12,GHGGB6144770
SECURITY.POSITION/3006053,SECURITY_HOLDING,GHS,1114966.99,1114966.99,SBL-SOV-017052,SEC.BOND.2Y,1204,2024-09-15,2026-09-05,2026-09-05,0.1943,FIXED,1114966.99,BR-001,11,GHGGB4703763
SECURITY.POSITION/3006055,SECURITY_HOLDING,GHS,959782.11,959782.11,SBL-SOV-017052,SEC.BOND.2Y,1204,2024-12-21,2026-12-11,2026-12-11,0.1952,FIXED,959782.11,BR-001,11,GHGGB7564960
SECURITY.POSITION/3006056,SECURITY_HOLDING,GHS,2578689.01,2578689.01,SBL-SOV-017052,SEC.BOND.2Y,1204,2025-07-26,2027-07-16,2027-07-16,0.1881,FIXED,2578689.01,BR-001,11,GHGGB8017777
SECURITY.POSITION/3006058,SECURITY_HOLDING,GHS,896186.28,896186.28,SBL-SOV-017052,SEC.BOND.2Y,1204,2025-05-04,2027-04-24,2027-04-24,0.1911,FIXED,896186.28,BR-001,11,GHGGB9920496
SECURITY.POSITION/3006059,SECURITY_HOLDING,GHS,2423422.53,2423422.53,SBL-SOV-017052,SEC.BOND.2Y,1204,2025-06-14,2027-06-04,2027-06-04,0.1916,FIXED,2423422.53,BR-001,11,GHGGB9229551
SECURITY.POSITION/3006061,SECURITY_HOLDING,GHS,322062.58,322062.58,SBL-SOV-017052,SEC.BOND.5Y,1205,2024-11-28,2029-11-02,2029-11-02,0.2204,FIXED,322062.58,BR-001,11,GHGGB9599177
SECURITY.POSITION/3006062,SECURITY_HOLDING,GHS,271128.64,271128.64,SBL-SOV-017052,SEC.BOND.5Y,1205,2022-02-22,2027-01-27,2027-01-27,0.2249,FIXED,271128.64,BR-001,11,GHGGB7607339
SECURITY.POSITION/3006063,SECURITY_HOLDING,GHS,161493.79,161493.79,SBL-SOV-017052,SEC.BOND.5Y,1205,2025-04-29,2030-04-03,2030-04-03,0.2183,FIXED,161493.79,BR-001,11,GHGGB6569627
SECURITY.POSITION/3006064,SECURITY_HOLDING,GHS,461151.33,461151.33,SBL-SOV-017052,SEC.BOND.5Y,1205,2024-11-05,2029-10-10,2029-10-10,0.2224,FIXED,461151.33,BR-001,11,GHGGB1289681
SECURITY.POSITION/3006065,SECURITY_HOLDING,GHS,504423.77,504423.77,SBL-SOV-017052,SEC.BOND.5Y,1205,2023-05-05,2028-04-08,2028-04-08,0.2177,FIXED,504423.77,BR-001,11,GHGGB7844452
SECURITY.POSITION/3006067,SECURITY_HOLDING,GHS,423023.43,423023.43,SBL-SOV-017052,SEC.BOND.5Y,1205,2021-11-23,2026-10-28,2026-10-28,0.2192,FIXED,423023.43,BR-001,11,GHGGB1137949
SECURITY.POSITION/3006068,SECURITY_HOLDING,GHS,1002583.24,1002583.24,SBL-SOV-017052,SEC.BOND.5Y,1205,2024-06-12,2029-05-17,2029-05-17,0.2221,FIXED,1002583.24,BR-001,11,GHGGB3815578
SECURITY.POSITION/3006069,SECURITY_HOLDING,GHS,275710.24,275710.24,SBL-SOV-017052,SEC.BOND.5Y,1205,2023-08-14,2028-07-18,2028-07-18,0.2238,FIXED,275710.24,BR-001,11,GHGGB1594381
SECURITY.POSITION/3006070,SECURITY_HOLDING,GHS,303751.80,303751.80,SBL-SOV-017052,SEC.BOND.10Y,1206,2016-11-08,2026-09-17,2026-09-17,0.2406,FIXED,303751.80,BR-001,11,GHGGB2843579
SECURITY.POSITION/3006071,SECURITY_HOLDING,GHS,553533.06,553533.06,SBL-SOV-017052,SEC.BOND.10Y,1206,2024-01-20,2033-11-28,2033-11-28,0.2363,FIXED,553533.06,BR-001,11,GHGGB3088076
SECURITY.POSITION/3006072,SECURITY_HOLDING,GHS,314877.27,314877.27,SBL-SOV-017052,SEC.BOND.10Y,1206,2020-04-07,2030-02-14,2030-02-14,0.2348,FIXED,314877.27,BR-001,11,GHGGB6905494
SECURITY.POSITION/3006073,SECURITY_HOLDING,GHS,274093.13,274093.13,SBL-SOV-017052,SEC.BOND.10Y,1206,2020-04-27,2030-03-06,2030-03-06,0.2388,FIXED,274093.13,BR-001,11,GHGGB2588076
SECURITY.POSITION/3006074,SECURITY_HOLDING,GHS,238520.39,238520.39,SBL-SOV-017052,SEC.BOND.10Y,1206,2020-01-27,2029-12-05,2029-12-05,0.2392,FIXED,238520.39,BR-001,11,GHGGB6701978
SECURITY.POSITION/3006075,SECURITY_HOLDING,GHS,385216.64,385216.64,SBL-SOV-017052,SEC.BOND.10Y,1206,2021-03-03,2031-01-10,2031-01-10,0.24,FIXED,385216.64,BR-001,11,GHGGB2245804
SECURITY.POSITION/3006089,SECURITY_HOLDING,GHS,1835655.00,1835655.00,SBL-SOV-017052,SEC.TBILL.364,1203,2025-07-08,2026-07-03,2026-07-03,0.1905,FIXED,1835655.00,BR-001,10,GHGGB7582002
SECURITY.POSITION/3006094,SECURITY_HOLDING,GHS,3487396.27,3487396.27,SBL-SOV-017052,SEC.TBILL.364,1203,2025-07-11,2026-07-06,2026-07-06,0.1843,FIXED,3487396.27,BR-001,10,GHGGB8333770
SECURITY.POSITION/3006096,SECURITY_HOLDING,GHS,532902.11,532902.11,SBL-SOV-017052,SEC.BOND.2Y,1204,2025-05-14,2027-05-04,2027-05-04,0.1898,FIXED,532902.11,BR-001,10,GHGGB5287466
SECURITY.POSITION/3006098,SECURITY_HOLDING,GHS,167937.23,167937.23,SBL-SOV-017052,SEC.BOND.2Y,1204,2024-10-10,2026-09-30,2026-09-30,0.194,FIXED,167937.23,BR-001,10,GHGGB9851179
SECURITY.POSITION/3006100,SECURITY_HOLDING,GHS,1316520.90,1316520.90,SBL-SOV-017052,SEC.BOND.2Y,1204,2024-12-22,2026-12-12,2026-12-12,0.1932,FIXED,1316520.90,BR-001,10,GHGGB9637108
SECURITY.POSITION/3006101,SECURITY_HOLDING,GHS,3154067.38,3154067.38,SBL-SOV-017052,SEC.BOND.2Y,1204,2024-08-10,2026-07-31,2026-07-31,0.1963,FIXED,3154067.38,BR-001,10,GHGGB5922233
SECURITY.POSITION/3006103,SECURITY_HOLDING,GHS,1487598.50,1487598.50,SBL-SOV-017052,SEC.BOND.5Y,1205,2023-03-12,2028-02-14,2028-02-14,0.2208,FIXED,1487598.50,BR-001,10,GHGGB5473562
SECURITY.POSITION/3006104,SECURITY_HOLDING,GHS,1211568.28,1211568.28,SBL-SOV-017052,SEC.BOND.5Y,1205,2025-03-05,2030-02-07,2030-02-07,0.216,FIXED,1211568.28,BR-001,10,GHGGB5404358
SECURITY.POSITION/3006105,SECURITY_HOLDING,GHS,2700196.26,2700196.26,SBL-SOV-017052,SEC.BOND.5Y,1205,2025-05-10,2030-04-14,2030-04-14,0.2148,FIXED,2700196.26,BR-001,10,GHGGB3360270
SECURITY.POSITION/3006106,SECURITY_HOLDING,GHS,1103439.58,1103439.58,SBL-SOV-017052,SEC.BOND.5Y,1205,2024-08-24,2029-07-29,2029-07-29,0.216,FIXED,1103439.58,BR-001,10,GHGGB8449677
SECURITY.POSITION/3006107,SECURITY_HOLDING,GHS,204965.13,204965.13,SBL-SOV-017052,SEC.BOND.5Y,1205,2024-03-20,2029-02-22,2029-02-22,0.2185,FIXED,204965.13,BR-001,10,GHGGB5904532
SECURITY.POSITION/3006109,SECURITY_HOLDING,GHS,243210.85,243210.85,SBL-SOV-017052,SEC.BOND.10Y,1206,2021-01-21,2030-11-30,2030-11-30,0.2445,FIXED,243210.85,BR-001,10,GHGGB9797281
SECURITY.POSITION/3006110,SECURITY_HOLDING,GHS,677918.74,677918.74,SBL-SOV-017052,SEC.BOND.10Y,1206,2018-12-22,2028-10-30,2028-10-30,0.2388,FIXED,677918.74,BR-001,10,GHGGB2704276
SECURITY.POSITION/3006111,SECURITY_HOLDING,GHS,783904.21,783904.21,SBL-SOV-017052,SEC.BOND.10Y,1206,2024-06-13,2034-04-22,2034-04-22,0.2451,FIXED,783904.21,BR-001,10,GHGGB5210412
SECURITY.POSITION/3006113,SECURITY_HOLDING,GHS,96941.99,96941.99,SBL-SOV-017052,SEC.BOND.10Y,1206,2025-05-22,2035-03-31,2035-03-31,0.2429,FIXED,96941.99,BR-001,10,GHGGB1903435
SECURITY.POSITION/3006114,SECURITY_HOLDING,GHS,203454.16,203454.16,SBL-SOV-017052,SEC.BOND.10Y,1206,2025-05-02,2035-03-11,2035-03-11,0.2433,FIXED,203454.16,BR-001,10,GHGGB9277806
SECURITY.POSITION/3006115,SECURITY_HOLDING,GHS,446026.12,446026.12,SBL-SOV-017052,SEC.BOND.10Y,1206,2025-06-01,2035-04-10,2035-04-10,0.2449,FIXED,446026.12,BR-001,10,GHGGB8467170
SECURITY.POSITION/3006116,SECURITY_HOLDING,GHS,160722.30,160722.30,SBL-SOV-017052,SEC.BOND.10Y,1206,2024-04-04,2034-02-11,2034-02-11,0.2476,FIXED,160722.30,BR-001,10,GHGGB1332763
SECURITY.POSITION/3006144,SECURITY_HOLDING,GHS,309925.97,309925.97,SBL-SOV-017052,SEC.TBILL.364,1203,2025-07-11,2026-07-06,2026-07-06,0.1887,FIXED,309925.97,BR-001,9,GHGGB7592049
SECURITY.POSITION/3006148,SECURITY_HOLDING,GHS,4066657.80,4066657.80,SBL-SOV-017052,SEC.TBILL.364,1203,2025-07-27,2026-07-22,2026-07-22,0.1861,FIXED,4066657.80,BR-001,9,GHGGB6080856
SECURITY.POSITION/3006154,SECURITY_HOLDING,GHS,803478.21,803478.21,SBL-SOV-017052,SEC.BOND.2Y,1204,2025-05-29,2027-05-19,2027-05-19,0.1934,FIXED,803478.21,BR-001,9,GHGGB3606395
SECURITY.POSITION/3006155,SECURITY_HOLDING,GHS,686476.12,686476.12,SBL-SOV-017052,SEC.BOND.2Y,1204,2025-06-13,2027-06-03,2027-06-03,0.1916,FIXED,686476.12,BR-001,9,GHGGB7470829
SECURITY.POSITION/3006156,SECURITY_HOLDING,GHS,2424625.40,2424625.40,SBL-SOV-017052,SEC.BOND.2Y,1204,2025-04-16,2027-04-06,2027-04-06,0.197,FIXED,2424625.40,BR-001,9,GHGGB3181526
SECURITY.POSITION/3006157,SECURITY_HOLDING,GHS,917668.90,917668.90,SBL-SOV-017052,SEC.BOND.2Y,1204,2024-07-30,2026-07-20,2026-07-20,0.1926,FIXED,917668.90,BR-001,9,GHGGB5457641
SECURITY.POSITION/3006158,SECURITY_HOLDING,GHS,746512.62,746512.62,SBL-SOV-017052,SEC.BOND.2Y,1204,2025-06-17,2027-06-07,2027-06-07,0.1897,FIXED,746512.62,BR-001,9,GHGGB4090126
SECURITY.POSITION/3006160,SECURITY_HOLDING,GHS,702767.09,702767.09,SBL-SOV-017052,SEC.BOND.5Y,1205,2023-07-20,2028-06-23,2028-06-23,0.2193,FIXED,702767.09,BR-001,9,GHGGB1321457
SECURITY.POSITION/3006161,SECURITY_HOLDING,GHS,622504.64,622504.64,SBL-SOV-017052,SEC.BOND.5Y,1205,2023-07-30,2028-07-03,2028-07-03,0.2212,FIXED,622504.64,BR-001,9,GHGGB7410219
SECURITY.POSITION/3006162,SECURITY_HOLDING,GHS,294559.68,294559.68,SBL-SOV-017052,SEC.BOND.5Y,1205,2024-05-24,2029-04-28,2029-04-28,0.2161,FIXED,294559.68,BR-001,9,GHGGB2631119
SECURITY.POSITION/3006163,SECURITY_HOLDING,GHS,866150.40,866150.40,SBL-SOV-017052,SEC.BOND.5Y,1205,2022-04-08,2027-03-13,2027-03-13,0.2171,FIXED,866150.40,BR-001,9,GHGGB5057649
SECURITY.POSITION/3006164,SECURITY_HOLDING,GHS,496765.82,496765.82,SBL-SOV-017052,SEC.BOND.5Y,1205,2024-12-09,2029-11-13,2029-11-13,0.2252,FIXED,496765.82,BR-001,9,GHGGB1418057
SECURITY.POSITION/3006165,SECURITY_HOLDING,GHS,343451.27,343451.27,SBL-SOV-017052,SEC.BOND.5Y,1205,2025-03-28,2030-03-02,2030-03-02,0.2206,FIXED,343451.27,BR-001,9,GHGGB8692220
SECURITY.POSITION/3006166,SECURITY_HOLDING,GHS,376320.21,376320.21,SBL-SOV-017052,SEC.BOND.5Y,1205,2023-10-11,2028-09-14,2028-09-14,0.2242,FIXED,376320.21,BR-001,9,GHGGB1391298
SECURITY.POSITION/3006167,SECURITY_HOLDING,GHS,311797.15,311797.15,SBL-SOV-017052,SEC.BOND.5Y,1205,2022-05-15,2027-04-19,2027-04-19,0.2216,FIXED,311797.15,BR-001,9,GHGGB1715021
SECURITY.POSITION/3006168,SECURITY_HOLDING,GHS,234520.44,234520.44,SBL-SOV-017052,SEC.BOND.5Y,1205,2025-03-02,2030-02-04,2030-02-04,0.2205,FIXED,234520.44,BR-001,9,GHGGB7256822
SECURITY.POSITION/3006169,SECURITY_HOLDING,GHS,319870.96,319870.96,SBL-SOV-017052,SEC.BOND.5Y,1205,2025-07-21,2030-06-25,2030-06-25,0.2227,FIXED,319870.96,BR-001,9,GHGGB3164964
SECURITY.POSITION/3006170,SECURITY_HOLDING,GHS,192393.55,192393.55,SBL-SOV-017052,SEC.BOND.5Y,1205,2025-06-11,2030-05-16,2030-05-16,0.216,FIXED,192393.55,BR-001,9,GHGGB2665488
SECURITY.POSITION/3006171,SECURITY_HOLDING,GHS,312137.22,312137.22,SBL-SOV-017052,SEC.BOND.5Y,1205,2021-08-18,2026-07-23,2026-07-23,0.2252,FIXED,312137.22,BR-001,9,GHGGB9285308
SECURITY.POSITION/3006172,SECURITY_HOLDING,GHS,644930.22,644930.22,SBL-SOV-017052,SEC.BOND.10Y,1206,2023-04-22,2033-02-28,2033-02-28,0.244,FIXED,644930.22,BR-001,9,GHGGB1832021
SECURITY.POSITION/3006173,SECURITY_HOLDING,GHS,403091.13,403091.13,SBL-SOV-017052,SEC.BOND.10Y,1206,2020-11-02,2030-09-11,2030-09-11,0.2402,FIXED,403091.13,BR-001,9,GHGGB1015300
SECURITY.POSITION/3006174,SECURITY_HOLDING,GHS,285971.16,285971.16,SBL-SOV-017052,SEC.BOND.10Y,1206,2017-02-11,2026-12-21,2026-12-21,0.2397,FIXED,285971.16,BR-001,9,GHGGB2032790
SECURITY.POSITION/3006175,SECURITY_HOLDING,GHS,118667.18,118667.18,SBL-SOV-017052,SEC.BOND.10Y,1206,2024-02-02,2033-12-11,2033-12-11,0.242,FIXED,118667.18,BR-001,9,GHGGB7195524
SECURITY.POSITION/3006176,SECURITY_HOLDING,GHS,37948.90,37948.90,SBL-SOV-017052,SEC.BOND.10Y,1206,2021-04-16,2031-02-23,2031-02-23,0.2356,FIXED,37948.90,BR-001,9,GHGGB6025691
SECURITY.POSITION/3006177,SECURITY_HOLDING,GHS,188582.72,188582.72,SBL-SOV-017052,SEC.BOND.10Y,1206,2018-01-20,2027-11-29,2027-11-29,0.2426,FIXED,188582.72,BR-001,9,GHGGB3745108
SECURITY.POSITION/3006178,SECURITY_HOLDING,GHS,213050.84,213050.84,SBL-SOV-017052,SEC.BOND.10Y,1206,2020-07-10,2030-05-19,2030-05-19,0.2427,FIXED,213050.84,BR-001,9,GHGGB8484009
SECURITY.POSITION/3006179,SECURITY_HOLDING,GHS,593002.67,593002.67,SBL-SOV-017052,SEC.BOND.10Y,1206,2018-02-08,2027-12-18,2027-12-18,0.2385,FIXED,593002.67,BR-001,9,GHGGB2812450
SECURITY.POSITION/3006180,SECURITY_HOLDING,GHS,634615.37,634615.37,SBL-SOV-017052,SEC.BOND.10Y,1206,2024-06-10,2034-04-19,2034-04-19,0.2398,FIXED,634615.37,BR-001,9,GHGGB7816045
SECURITY.POSITION/3006206,SECURITY_HOLDING,GHS,765032.89,765032.89,SBL-SOV-017052,SEC.BOND.2Y,1204,2024-12-16,2026-12-06,2026-12-06,0.1954,FIXED,765032.89,BR-001,8,GHGGB3290095
SECURITY.POSITION/3006208,SECURITY_HOLDING,GHS,1223971.10,1223971.10,SBL-SOV-017052,SEC.BOND.2Y,1204,2025-06-20,2027-06-10,2027-06-10,0.1942,FIXED,1223971.10,BR-001,8,GHGGB5290632
SECURITY.POSITION/3006209,SECURITY_HOLDING,GHS,987438.27,987438.27,SBL-SOV-017052,SEC.BOND.2Y,1204,2025-05-16,2027-05-06,2027-05-06,0.1951,FIXED,987438.27,BR-001,8,GHGGB8532776
SECURITY.POSITION/3006211,SECURITY_HOLDING,GHS,786325.12,786325.12,SBL-SOV-017052,SEC.BOND.2Y,1204,2024-10-29,2026-10-19,2026-10-19,0.1928,FIXED,786325.12,BR-001,8,GHGGB6058571
SECURITY.POSITION/3006212,SECURITY_HOLDING,GHS,596287.25,596287.25,SBL-SOV-017052,SEC.BOND.2Y,1204,2025-07-29,2027-07-19,2027-07-19,0.1986,FIXED,596287.25,BR-001,8,GHGGB3890699
SECURITY.POSITION/3006214,SECURITY_HOLDING,GHS,209685.26,209685.26,SBL-SOV-017052,SEC.BOND.5Y,1205,2023-11-19,2028-10-23,2028-10-23,0.2225,FIXED,209685.26,BR-001,8,GHGGB9884524
SECURITY.POSITION/3006215,SECURITY_HOLDING,GHS,668067.62,668067.62,SBL-SOV-017052,SEC.BOND.5Y,1205,2023-06-24,2028-05-28,2028-05-28,0.2197,FIXED,668067.62,BR-001,8,GHGGB3737908
SECURITY.POSITION/3006216,SECURITY_HOLDING,GHS,240398.06,240398.06,SBL-SOV-017052,SEC.BOND.5Y,1205,2025-01-23,2029-12-28,2029-12-28,0.223,FIXED,240398.06,BR-001,8,GHGGB3897653
SECURITY.POSITION/3006217,SECURITY_HOLDING,GHS,534509.27,534509.27,SBL-SOV-017052,SEC.BOND.5Y,1205,2024-08-10,2029-07-15,2029-07-15,0.2194,FIXED,534509.27,BR-001,8,GHGGB2038584
SECURITY.POSITION/3006218,SECURITY_HOLDING,GHS,448891.71,448891.71,SBL-SOV-017052,SEC.BOND.5Y,1205,2022-08-15,2027-07-20,2027-07-20,0.2275,FIXED,448891.71,BR-001,8,GHGGB4135957
SECURITY.POSITION/3006219,SECURITY_HOLDING,GHS,453734.94,453734.94,SBL-SOV-017052,SEC.BOND.5Y,1205,2024-05-05,2029-04-09,2029-04-09,0.2203,FIXED,453734.94,BR-001,8,GHGGB2894173
SECURITY.POSITION/3006220,SECURITY_HOLDING,GHS,50092.44,50092.44,SBL-SOV-017052,SEC.BOND.5Y,1205,2025-07-08,2030-06-12,2030-06-12,0.2248,FIXED,50092.44,BR-001,8,GHGGB6517165
SECURITY.POSITION/3006221,SECURITY_HOLDING,GHS,300172.06,300172.06,SBL-SOV-017052,SEC.BOND.5Y,1205,2024-10-10,2029-09-14,2029-09-14,0.2196,FIXED,300172.06,BR-001,8,GHGGB5002237
SECURITY.POSITION/3006222,SECURITY_HOLDING,GHS,92955.17,92955.17,SBL-SOV-017052,SEC.BOND.5Y,1205,2024-02-21,2029-01-25,2029-01-25,0.2192,FIXED,92955.17,BR-001,8,GHGGB9635024
SECURITY.POSITION/3006223,SECURITY_HOLDING,GHS,37755.77,37755.77,SBL-SOV-017052,SEC.BOND.5Y,1205,2024-11-13,2029-10-18,2029-10-18,0.2217,FIXED,37755.77,BR-001,8,GHGGB3065642
SECURITY.POSITION/3006224,SECURITY_HOLDING,GHS,557309.91,557309.91,SBL-SOV-017052,SEC.BOND.5Y,1205,2023-04-29,2028-04-02,2028-04-02,0.2249,FIXED,557309.91,BR-001,8,GHGGB2880743
SECURITY.POSITION/3006225,SECURITY_HOLDING,GHS,497148.05,497148.05,SBL-SOV-017052,SEC.BOND.5Y,1205,2023-05-28,2028-05-01,2028-05-01,0.2196,FIXED,497148.05,BR-001,8,GHGGB2932926
SECURITY.POSITION/3006226,SECURITY_HOLDING,GHS,42498.14,42498.14,SBL-SOV-017052,SEC.BOND.10Y,1206,2023-03-01,2033-01-07,2033-01-07,0.2397,FIXED,42498.14,BR-001,8,GHGGB2518500
SECURITY.POSITION/3006227,SECURITY_HOLDING,GHS,81827.97,81827.97,SBL-SOV-017052,SEC.BOND.10Y,1206,2024-05-17,2034-03-26,2034-03-26,0.2371,FIXED,81827.97,BR-001,8,GHGGB7379211
SECURITY.POSITION/3006228,SECURITY_HOLDING,GHS,172361.65,172361.65,SBL-SOV-017052,SEC.BOND.10Y,1206,2024-05-17,2034-03-26,2034-03-26,0.2384,FIXED,172361.65,BR-001,8,GHGGB3923943
SECURITY.POSITION/3006229,SECURITY_HOLDING,GHS,59102.77,59102.77,SBL-SOV-017052,SEC.BOND.10Y,1206,2016-11-28,2026-10-07,2026-10-07,0.2371,FIXED,59102.77,BR-001,8,GHGGB4193184
SECURITY.POSITION/3006230,SECURITY_HOLDING,GHS,110233.86,110233.86,SBL-SOV-017052,SEC.BOND.10Y,1206,2023-08-29,2033-07-07,2033-07-07,0.236,FIXED,110233.86,BR-001,8,GHGGB2219825
SECURITY.POSITION/3006231,SECURITY_HOLDING,GHS,90950.39,90950.39,SBL-SOV-017052,SEC.BOND.10Y,1206,2024-01-31,2033-12-09,2033-12-09,0.2359,FIXED,90950.39,BR-001,8,GHGGB1592961
SECURITY.POSITION/3006232,SECURITY_HOLDING,GHS,56548.25,56548.25,SBL-SOV-017052,SEC.BOND.10Y,1206,2025-10-27,2035-09-05,2035-09-05,0.2396,FIXED,56548.25,BR-001,8,GHGGB1607456
SECURITY.POSITION/3006233,SECURITY_HOLDING,GHS,109424.76,109424.76,SBL-SOV-017052,SEC.BOND.10Y,1206,2019-03-31,2029-02-06,2029-02-06,0.2358,FIXED,109424.76,BR-001,8,GHGGB5176904
SECURITY.POSITION/3006235,SECURITY_HOLDING,GHS,75679.85,75679.85,SBL-SOV-017052,SEC.BOND.10Y,1206,2019-03-02,2029-01-08,2029-01-08,0.2398,FIXED,75679.85,BR-001,8,GHGGB1864885
SECURITY.POSITION/3006260,SECURITY_HOLDING,GHS,2305924.18,2305924.18,SBL-SOV-017052,SEC.TBILL.364,1203,2025-10-10,2026-10-05,2026-10-05,0.1817,FIXED,2305924.18,BR-001,7,GHGGB4545785
SECURITY.POSITION/3006261,SECURITY_HOLDING,GHS,1002918.17,1002918.17,SBL-SOV-017052,SEC.TBILL.364,1203,2025-07-22,2026-07-17,2026-07-17,0.1797,FIXED,1002918.17,BR-001,7,GHGGB7338520
SECURITY.POSITION/3006263,SECURITY_HOLDING,GHS,5749121.61,5749121.61,SBL-SOV-017052,SEC.TBILL.364,1203,2025-07-15,2026-07-10,2026-07-10,0.1814,FIXED,5749121.61,BR-001,7,GHGGB2917488
SECURITY.POSITION/3006267,SECURITY_HOLDING,GHS,2489443.34,2489443.34,SBL-SOV-017052,SEC.TBILL.364,1203,2025-11-13,2026-11-08,2026-11-08,0.183,FIXED,2489443.34,BR-001,7,GHGGB5121560
SECURITY.POSITION/3006269,SECURITY_HOLDING,GHS,981860.09,981860.09,SBL-SOV-017052,SEC.BOND.2Y,1204,2024-08-01,2026-07-22,2026-07-22,0.191,FIXED,981860.09,BR-001,7,GHGGB9728014
SECURITY.POSITION/3006272,SECURITY_HOLDING,GHS,383883.19,383883.19,SBL-SOV-017052,SEC.BOND.2Y,1204,2024-12-30,2026-12-20,2026-12-20,0.1947,FIXED,383883.19,BR-001,7,GHGGB1033370
SECURITY.POSITION/3006274,SECURITY_HOLDING,GHS,811989.91,811989.91,SBL-SOV-017052,SEC.BOND.2Y,1204,2025-09-06,2027-08-27,2027-08-27,0.1937,FIXED,811989.91,BR-001,7,GHGGB9337413
SECURITY.POSITION/3006275,SECURITY_HOLDING,GHS,529447.66,529447.66,SBL-SOV-017052,SEC.BOND.2Y,1204,2025-04-14,2027-04-04,2027-04-04,0.1991,FIXED,529447.66,BR-001,7,GHGGB8621893
SECURITY.POSITION/3006276,SECURITY_HOLDING,GHS,275662.06,275662.06,SBL-SOV-017052,SEC.BOND.2Y,1204,2025-03-01,2027-02-19,2027-02-19,0.1903,FIXED,275662.06,BR-001,7,GHGGB6213931
SECURITY.POSITION/3006277,SECURITY_HOLDING,GHS,869662.81,869662.81,SBL-SOV-017052,SEC.BOND.2Y,1204,2024-11-09,2026-10-30,2026-10-30,0.1924,FIXED,869662.81,BR-001,7,GHGGB6918366
SECURITY.POSITION/3006278,SECURITY_HOLDING,GHS,865717.37,865717.37,SBL-SOV-017052,SEC.BOND.2Y,1204,2025-01-08,2026-12-29,2026-12-29,0.1894,FIXED,865717.37,BR-001,7,GHGGB5351628
SECURITY.POSITION/3006279,SECURITY_HOLDING,GHS,1428322.78,1428322.78,SBL-SOV-017052,SEC.BOND.2Y,1204,2025-05-28,2027-05-18,2027-05-18,0.198,FIXED,1428322.78,BR-001,7,GHGGB4226340
SECURITY.POSITION/3006280,SECURITY_HOLDING,GHS,455497.65,455497.65,SBL-SOV-017052,SEC.BOND.2Y,1204,2025-10-17,2027-10-07,2027-10-07,0.1918,FIXED,455497.65,BR-001,7,GHGGB7279526
SECURITY.POSITION/3006281,SECURITY_HOLDING,GHS,195175.43,195175.43,SBL-SOV-017052,SEC.BOND.5Y,1205,2024-05-06,2029-04-10,2029-04-10,0.2142,FIXED,195175.43,BR-001,7,GHGGB8223275
SECURITY.POSITION/3006282,SECURITY_HOLDING,GHS,222778.13,222778.13,SBL-SOV-017052,SEC.BOND.5Y,1205,2022-07-02,2027-06-06,2027-06-06,0.2208,FIXED,222778.13,BR-001,7,GHGGB5017972
SECURITY.POSITION/3006283,SECURITY_HOLDING,GHS,431026.89,431026.89,SBL-SOV-017052,SEC.BOND.5Y,1205,2022-04-01,2027-03-06,2027-03-06,0.218,FIXED,431026.89,BR-001,7,GHGGB5914653
SECURITY.POSITION/3006284,SECURITY_HOLDING,GHS,319552.04,319552.04,SBL-SOV-017052,SEC.BOND.5Y,1205,2023-03-22,2028-02-24,2028-02-24,0.2229,FIXED,319552.04,BR-001,7,GHGGB8815629
SECURITY.POSITION/3006285,SECURITY_HOLDING,GHS,95459.67,95459.67,SBL-SOV-017052,SEC.BOND.5Y,1205,2024-01-21,2028-12-25,2028-12-25,0.2138,FIXED,95459.67,BR-001,7,GHGGB7614367
SECURITY.POSITION/3006286,SECURITY_HOLDING,GHS,303903.92,303903.92,SBL-SOV-017052,SEC.BOND.5Y,1205,2024-01-07,2028-12-11,2028-12-11,0.222,FIXED,303903.92,BR-001,7,GHGGB6661506
SECURITY.POSITION/3006288,SECURITY_HOLDING,GHS,426930.93,426930.93,SBL-SOV-017052,SEC.BOND.5Y,1205,2022-12-04,2027-11-08,2027-11-08,0.2214,FIXED,426930.93,BR-001,7,GHGGB7540165
SECURITY.POSITION/3006289,SECURITY_HOLDING,GHS,480353.38,480353.38,SBL-SOV-017052,SEC.BOND.5Y,1205,2023-11-10,2028-10-14,2028-10-14,0.2163,FIXED,480353.38,BR-001,7,GHGGB6884981
SECURITY.POSITION/3006290,SECURITY_HOLDING,GHS,67041.42,67041.42,SBL-SOV-017052,SEC.BOND.5Y,1205,2021-10-23,2026-09-27,2026-09-27,0.2148,FIXED,67041.42,BR-001,7,GHGGB6452679
SECURITY.POSITION/3006291,SECURITY_HOLDING,GHS,222307.20,222307.20,SBL-SOV-017052,SEC.BOND.5Y,1205,2023-09-10,2028-08-14,2028-08-14,0.2142,FIXED,222307.20,BR-001,7,GHGGB6327862
SECURITY.POSITION/3006292,SECURITY_HOLDING,GHS,63193.90,63193.90,SBL-SOV-017052,SEC.BOND.5Y,1205,2025-05-03,2030-04-07,2030-04-07,0.2149,FIXED,63193.90,BR-001,7,GHGGB4665452
SECURITY.POSITION/3006316,SECURITY_HOLDING,GHS,914310.59,914310.59,SBL-SOV-017052,SEC.TBILL.364,1203,2025-08-04,2026-07-30,2026-07-30,0.1879,FIXED,914310.59,BR-001,6,GHGGB6412222
SECURITY.POSITION/3006317,SECURITY_HOLDING,GHS,2292579.70,2292579.70,SBL-SOV-017052,SEC.TBILL.364,1203,2025-10-08,2026-10-03,2026-10-03,0.1822,FIXED,2292579.70,BR-001,6,GHGGB5545972
SECURITY.POSITION/3006318,SECURITY_HOLDING,GHS,2799081.75,2799081.75,SBL-SOV-017052,SEC.TBILL.364,1203,2025-10-14,2026-10-09,2026-10-09,0.1871,FIXED,2799081.75,BR-001,6,GHGGB7887696
SECURITY.POSITION/3006320,SECURITY_HOLDING,GHS,2281787.31,2281787.31,SBL-SOV-017052,SEC.TBILL.364,1203,2025-08-28,2026-08-23,2026-08-23,0.1925,FIXED,2281787.31,BR-001,6,GHGGB6485400
SECURITY.POSITION/3006321,SECURITY_HOLDING,GHS,285503.48,285503.48,SBL-SOV-017052,SEC.TBILL.364,1203,2025-12-13,2026-12-08,2026-12-08,0.1899,FIXED,285503.48,BR-001,6,GHGGB6698088
SECURITY.POSITION/3006322,SECURITY_HOLDING,GHS,658554.06,658554.06,SBL-SOV-017052,SEC.TBILL.364,1203,2025-12-12,2026-12-07,2026-12-07,0.1851,FIXED,658554.06,BR-001,6,GHGGB7257068
SECURITY.POSITION/3006323,SECURITY_HOLDING,GHS,3407808.94,3407808.94,SBL-SOV-017052,SEC.TBILL.364,1203,2025-08-21,2026-08-16,2026-08-16,0.1869,FIXED,3407808.94,BR-001,6,GHGGB9576018
SECURITY.POSITION/3006324,SECURITY_HOLDING,GHS,2025160.44,2025160.44,SBL-SOV-017052,SEC.TBILL.364,1203,2025-09-12,2026-09-07,2026-09-07,0.1819,FIXED,2025160.44,BR-001,6,GHGGB6634252
SECURITY.POSITION/3006325,SECURITY_HOLDING,GHS,2751243.58,2751243.58,SBL-SOV-017052,SEC.TBILL.364,1203,2025-12-18,2026-12-13,2026-12-13,0.1848,FIXED,2751243.58,BR-001,6,GHGGB5156691
SECURITY.POSITION/3006327,SECURITY_HOLDING,GHS,772481.30,772481.30,SBL-SOV-017052,SEC.BOND.2Y,1204,2024-07-25,2026-07-15,2026-07-15,0.1911,FIXED,772481.30,BR-001,6,GHGGB3194199
SECURITY.POSITION/3006328,SECURITY_HOLDING,GHS,2227853.01,2227853.01,SBL-SOV-017052,SEC.BOND.2Y,1204,2025-05-09,2027-04-29,2027-04-29,0.1956,FIXED,2227853.01,BR-001,6,GHGGB3861076
SECURITY.POSITION/3006329,SECURITY_HOLDING,GHS,439584.52,439584.52,SBL-SOV-017052,SEC.BOND.2Y,1204,2025-12-07,2027-11-27,2027-11-27,0.1975,FIXED,439584.52,BR-001,6,GHGGB4693809
SECURITY.POSITION/3006331,SECURITY_HOLDING,GHS,497422.33,497422.33,SBL-SOV-017052,SEC.BOND.2Y,1204,2025-09-27,2027-09-17,2027-09-17,0.1921,FIXED,497422.33,BR-001,6,GHGGB6452050
SECURITY.POSITION/3006332,SECURITY_HOLDING,GHS,1768461.65,1768461.65,SBL-SOV-017052,SEC.BOND.2Y,1204,2025-03-14,2027-03-04,2027-03-04,0.1923,FIXED,1768461.65,BR-001,6,GHGGB5407477
SECURITY.POSITION/3006334,SECURITY_HOLDING,GHS,1310277.55,1310277.55,SBL-SOV-017052,SEC.BOND.5Y,1205,2024-09-02,2029-08-07,2029-08-07,0.2175,FIXED,1310277.55,BR-001,6,GHGGB3856517
SECURITY.POSITION/3006335,SECURITY_HOLDING,GHS,1978171.00,1978171.00,SBL-SOV-017052,SEC.BOND.5Y,1205,2022-11-20,2027-10-25,2027-10-25,0.2159,FIXED,1978171.00,BR-001,6,GHGGB3603072
SECURITY.POSITION/3006336,SECURITY_HOLDING,GHS,1127038.72,1127038.72,SBL-SOV-017052,SEC.BOND.5Y,1205,2024-08-23,2029-07-28,2029-07-28,0.2232,FIXED,1127038.72,BR-001,6,GHGGB8341977
SECURITY.POSITION/3006337,SECURITY_HOLDING,GHS,1666067.66,1666067.66,SBL-SOV-017052,SEC.BOND.5Y,1205,2022-09-22,2027-08-27,2027-08-27,0.2185,FIXED,1666067.66,BR-001,6,GHGGB4176335
SECURITY.POSITION/3006338,SECURITY_HOLDING,GHS,1159478.55,1159478.55,SBL-SOV-017052,SEC.BOND.5Y,1205,2025-03-22,2030-02-24,2030-02-24,0.2175,FIXED,1159478.55,BR-001,6,GHGGB1108408
SECURITY.POSITION/3006339,SECURITY_HOLDING,GHS,1176220.18,1176220.18,SBL-SOV-017052,SEC.BOND.5Y,1205,2022-11-07,2027-10-12,2027-10-12,0.2172,FIXED,1176220.18,BR-001,6,GHGGB7119977
SECURITY.POSITION/3006340,SECURITY_HOLDING,GHS,475122.41,475122.41,SBL-SOV-017052,SEC.BOND.10Y,1206,2020-07-15,2030-05-24,2030-05-24,0.2377,FIXED,475122.41,BR-001,6,GHGGB4541625
SECURITY.POSITION/3006341,SECURITY_HOLDING,GHS,1193175.82,1193175.82,SBL-SOV-017052,SEC.BOND.10Y,1206,2023-02-09,2032-12-18,2032-12-18,0.2369,FIXED,1193175.82,BR-001,6,GHGGB2021497
SECURITY.POSITION/3006342,SECURITY_HOLDING,GHS,261042.64,261042.64,SBL-SOV-017052,SEC.BOND.10Y,1206,2019-02-09,2028-12-18,2028-12-18,0.2423,FIXED,261042.64,BR-001,6,GHGGB3368609
SECURITY.POSITION/3006343,SECURITY_HOLDING,GHS,1117548.20,1117548.20,SBL-SOV-017052,SEC.BOND.10Y,1206,2021-04-14,2031-02-21,2031-02-21,0.2427,FIXED,1117548.20,BR-001,6,GHGGB3507166
SECURITY.POSITION/3006344,SECURITY_HOLDING,GHS,606328.56,606328.56,SBL-SOV-017052,SEC.BOND.10Y,1206,2018-06-15,2028-04-23,2028-04-23,0.2414,FIXED,606328.56,BR-001,6,GHGGB2835362
SECURITY.POSITION/3006345,SECURITY_HOLDING,GHS,909555.97,909555.97,SBL-SOV-017052,SEC.BOND.10Y,1206,2022-07-27,2032-06-04,2032-06-04,0.2452,FIXED,909555.97,BR-001,6,GHGGB3974792
SECURITY.POSITION/3006346,SECURITY_HOLDING,GHS,806716.79,806716.79,SBL-SOV-017052,SEC.BOND.10Y,1206,2018-11-16,2028-09-24,2028-09-24,0.2383,FIXED,806716.79,BR-001,6,GHGGB4159985
SECURITY.POSITION/3006359,SECURITY_HOLDING,GHS,4428304.05,4428304.05,SBL-SOV-017052,SEC.TBILL.182,1202,2026-01-10,2026-07-09,2026-07-09,0.1732,FIXED,4428304.05,BR-001,5,GHGGB9468579
SECURITY.POSITION/3006369,SECURITY_HOLDING,GHS,37634.80,37634.80,SBL-SOV-017052,SEC.TBILL.364,1203,2025-10-26,2026-10-21,2026-10-21,0.18,FIXED,37634.80,BR-001,5,GHGGB1240572
SECURITY.POSITION/3006370,SECURITY_HOLDING,GHS,504194.64,504194.64,SBL-SOV-017052,SEC.TBILL.364,1203,2025-08-20,2026-08-15,2026-08-15,0.185,FIXED,504194.64,BR-001,5,GHGGB4893727
SECURITY.POSITION/3006371,SECURITY_HOLDING,GHS,293735.33,293735.33,SBL-SOV-017052,SEC.TBILL.364,1203,2025-11-22,2026-11-17,2026-11-17,0.1848,FIXED,293735.33,BR-001,5,GHGGB4153107
SECURITY.POSITION/3006373,SECURITY_HOLDING,GHS,120406.24,120406.24,SBL-SOV-017052,SEC.TBILL.364,1203,2025-09-08,2026-09-03,2026-09-03,0.1871,FIXED,120406.24,BR-001,5,GHGGB7670847
SECURITY.POSITION/3006375,SECURITY_HOLDING,GHS,311906.30,311906.30,SBL-SOV-017052,SEC.TBILL.364,1203,2025-11-15,2026-11-10,2026-11-10,0.19,FIXED,311906.30,BR-001,5,GHGGB8193233
SECURITY.POSITION/3006376,SECURITY_HOLDING,GHS,165699.87,165699.87,SBL-SOV-017052,SEC.TBILL.364,1203,2025-11-16,2026-11-11,2026-11-11,0.1871,FIXED,165699.87,BR-001,5,GHGGB3938183
SECURITY.POSITION/3006377,SECURITY_HOLDING,GHS,338041.59,338041.59,SBL-SOV-017052,SEC.TBILL.364,1203,2025-09-03,2026-08-29,2026-08-29,0.1798,FIXED,338041.59,BR-001,5,GHGGB3516656
SECURITY.POSITION/3006379,SECURITY_HOLDING,GHS,221225.01,221225.01,SBL-SOV-017052,SEC.TBILL.364,1203,2025-08-21,2026-08-16,2026-08-16,0.1846,FIXED,221225.01,BR-001,5,GHGGB1268454
SECURITY.POSITION/3006380,SECURITY_HOLDING,GHS,711599.70,711599.70,SBL-SOV-017052,SEC.BOND.2Y,1204,2025-09-23,2027-09-13,2027-09-13,0.1878,FIXED,711599.70,BR-001,5,GHGGB7988800
SECURITY.POSITION/3006382,SECURITY_HOLDING,GHS,1101861.60,1101861.60,SBL-SOV-017052,SEC.BOND.2Y,1204,2025-08-10,2027-07-31,2027-07-31,0.1926,FIXED,1101861.60,BR-001,5,GHGGB8642002
SECURITY.POSITION/3006383,SECURITY_HOLDING,GHS,940458.66,940458.66,SBL-SOV-017052,SEC.BOND.2Y,1204,2024-10-05,2026-09-25,2026-09-25,0.1942,FIXED,940458.66,BR-001,5,GHGGB2577303
SECURITY.POSITION/3006384,SECURITY_HOLDING,GHS,1075399.61,1075399.61,SBL-SOV-017052,SEC.BOND.2Y,1204,2024-08-16,2026-08-06,2026-08-06,0.1903,FIXED,1075399.61,BR-001,5,GHGGB2251669
SECURITY.POSITION/3006386,SECURITY_HOLDING,GHS,601465.91,601465.91,SBL-SOV-017052,SEC.BOND.2Y,1204,2025-09-17,2027-09-07,2027-09-07,0.1863,FIXED,601465.91,BR-001,5,GHGGB2883491
SECURITY.POSITION/3006387,SECURITY_HOLDING,GHS,880107.97,880107.97,SBL-SOV-017052,SEC.BOND.2Y,1204,2025-05-03,2027-04-23,2027-04-23,0.1914,FIXED,880107.97,BR-001,5,GHGGB1643371
SECURITY.POSITION/3006388,SECURITY_HOLDING,GHS,803881.53,803881.53,SBL-SOV-017052,SEC.BOND.2Y,1204,2025-12-16,2027-12-06,2027-12-06,0.1875,FIXED,803881.53,BR-001,5,GHGGB4114675
SECURITY.POSITION/3006389,SECURITY_HOLDING,GHS,95397.13,95397.13,SBL-SOV-017052,SEC.BOND.5Y,1205,2025-01-15,2029-12-20,2029-12-20,0.2171,FIXED,95397.13,BR-001,5,GHGGB9199880
SECURITY.POSITION/3006391,SECURITY_HOLDING,GHS,11721.41,11721.41,SBL-SOV-017052,SEC.BOND.5Y,1205,2023-08-05,2028-07-09,2028-07-09,0.221,FIXED,11721.41,BR-001,5,GHGGB3503017
SECURITY.POSITION/3006392,SECURITY_HOLDING,GHS,244519.77,244519.77,SBL-SOV-017052,SEC.BOND.5Y,1205,2024-01-31,2029-01-04,2029-01-04,0.2238,FIXED,244519.77,BR-001,5,GHGGB6779009
SECURITY.POSITION/3006393,SECURITY_HOLDING,GHS,151456.56,151456.56,SBL-SOV-017052,SEC.BOND.5Y,1205,2024-05-09,2029-04-13,2029-04-13,0.2206,FIXED,151456.56,BR-001,5,GHGGB5491548
SECURITY.POSITION/3006394,SECURITY_HOLDING,GHS,112696.75,112696.75,SBL-SOV-017052,SEC.BOND.5Y,1205,2022-11-28,2027-11-02,2027-11-02,0.2238,FIXED,112696.75,BR-001,5,GHGGB3842551
SECURITY.POSITION/3006395,SECURITY_HOLDING,GHS,97498.32,97498.32,SBL-SOV-017052,SEC.BOND.5Y,1205,2022-02-20,2027-01-25,2027-01-25,0.2282,FIXED,97498.32,BR-001,5,GHGGB3285973
SECURITY.POSITION/3006396,SECURITY_HOLDING,GHS,27105.01,27105.01,SBL-SOV-017052,SEC.BOND.5Y,1205,2024-03-31,2029-03-05,2029-03-05,0.2209,FIXED,27105.01,BR-001,5,GHGGB4455990
SECURITY.POSITION/3006397,SECURITY_HOLDING,GHS,29592.19,29592.19,SBL-SOV-017052,SEC.BOND.5Y,1205,2024-09-30,2029-09-04,2029-09-04,0.2273,FIXED,29592.19,BR-001,5,GHGGB9751714
SECURITY.POSITION/3006398,SECURITY_HOLDING,GHS,162554.56,162554.56,SBL-SOV-017052,SEC.BOND.10Y,1206,2017-09-17,2027-07-27,2027-07-27,0.2399,FIXED,162554.56,BR-001,5,GHGGB7368792
SECURITY.POSITION/3006399,SECURITY_HOLDING,GHS,297135.47,297135.47,SBL-SOV-017052,SEC.BOND.10Y,1206,2023-07-05,2033-05-13,2033-05-13,0.2449,FIXED,297135.47,BR-001,5,GHGGB7505879
SECURITY.POSITION/3006400,SECURITY_HOLDING,GHS,67340.81,67340.81,SBL-SOV-017052,SEC.BOND.10Y,1206,2017-04-22,2027-03-01,2027-03-01,0.2389,FIXED,67340.81,BR-001,5,GHGGB9135147
SECURITY.POSITION/3006401,SECURITY_HOLDING,GHS,284465.18,284465.18,SBL-SOV-017052,SEC.BOND.10Y,1206,2018-08-17,2028-06-25,2028-06-25,0.238,FIXED,284465.18,BR-001,5,GHGGB9505257
SECURITY.POSITION/3006402,SECURITY_HOLDING,GHS,326983.01,326983.01,SBL-SOV-017052,SEC.BOND.10Y,1206,2018-11-19,2028-09-27,2028-09-27,0.2317,FIXED,326983.01,BR-001,5,GHGGB5489954
SECURITY.POSITION/3006403,SECURITY_HOLDING,GHS,300726.66,300726.66,SBL-SOV-017052,SEC.BOND.10Y,1206,2020-04-28,2030-03-07,2030-03-07,0.2406,FIXED,300726.66,BR-001,5,GHGGB9597023
SECURITY.POSITION/3006404,SECURITY_HOLDING,GHS,257201.26,257201.26,SBL-SOV-017052,SEC.BOND.10Y,1206,2018-10-18,2028-08-26,2028-08-26,0.2387,FIXED,257201.26,BR-001,5,GHGGB2746172
SECURITY.POSITION/3006421,SECURITY_HOLDING,GHS,1082305.28,1082305.28,SBL-SOV-017052,SEC.TBILL.364,1203,2025-09-02,2026-08-28,2026-08-28,0.1793,FIXED,1082305.28,BR-001,4,GHGGB8840166
SECURITY.POSITION/3006422,SECURITY_HOLDING,GHS,2612979.38,2612979.38,SBL-SOV-017052,SEC.TBILL.364,1203,2026-01-23,2027-01-18,2027-01-18,0.173,FIXED,2612979.38,BR-001,4,GHGGB8308593
SECURITY.POSITION/3006423,SECURITY_HOLDING,GHS,951081.81,951081.81,SBL-SOV-017052,SEC.TBILL.364,1203,2025-11-11,2026-11-06,2026-11-06,0.1763,FIXED,951081.81,BR-001,4,GHGGB4941980
SECURITY.POSITION/3006424,SECURITY_HOLDING,GHS,970035.90,970035.90,SBL-SOV-017052,SEC.TBILL.364,1203,2025-08-30,2026-08-25,2026-08-25,0.1803,FIXED,970035.90,BR-001,4,GHGGB8046919
SECURITY.POSITION/3006425,SECURITY_HOLDING,GHS,1813317.52,1813317.52,SBL-SOV-017052,SEC.TBILL.364,1203,2025-07-22,2026-07-17,2026-07-17,0.1799,FIXED,1813317.52,BR-001,4,GHGGB9945574
SECURITY.POSITION/3006427,SECURITY_HOLDING,GHS,1344481.58,1344481.58,SBL-SOV-017052,SEC.TBILL.364,1203,2025-11-01,2026-10-27,2026-10-27,0.1744,FIXED,1344481.58,BR-001,4,GHGGB4606168
SECURITY.POSITION/3006428,SECURITY_HOLDING,GHS,456858.63,456858.63,SBL-SOV-017052,SEC.BOND.2Y,1204,2025-04-06,2027-03-27,2027-03-27,0.1944,FIXED,456858.63,BR-001,4,GHGGB4562605
SECURITY.POSITION/3006429,SECURITY_HOLDING,GHS,370093.15,370093.15,SBL-SOV-017052,SEC.BOND.2Y,1204,2024-11-20,2026-11-10,2026-11-10,0.1929,FIXED,370093.15,BR-001,4,GHGGB7974503
SECURITY.POSITION/3006430,SECURITY_HOLDING,GHS,430714.26,430714.26,SBL-SOV-017052,SEC.BOND.2Y,1204,2025-07-26,2027-07-16,2027-07-16,0.1936,FIXED,430714.26,BR-001,4,GHGGB2752763
SECURITY.POSITION/3006431,SECURITY_HOLDING,GHS,759310.88,759310.88,SBL-SOV-017052,SEC.BOND.2Y,1204,2025-12-03,2027-11-23,2027-11-23,0.1952,FIXED,759310.88,BR-001,4,GHGGB4304843
SECURITY.POSITION/3006432,SECURITY_HOLDING,GHS,341567.44,341567.44,SBL-SOV-017052,SEC.BOND.2Y,1204,2025-09-28,2027-09-18,2027-09-18,0.1943,FIXED,341567.44,BR-001,4,GHGGB9102053
SECURITY.POSITION/3006433,SECURITY_HOLDING,GHS,1325452.88,1325452.88,SBL-SOV-017052,SEC.BOND.2Y,1204,2025-07-15,2027-07-05,2027-07-05,0.193,FIXED,1325452.88,BR-001,4,GHGGB6335158
SECURITY.POSITION/3006436,SECURITY_HOLDING,GHS,296014.29,296014.29,SBL-SOV-017052,SEC.BOND.2Y,1204,2024-12-10,2026-11-30,2026-11-30,0.1933,FIXED,296014.29,BR-001,4,GHGGB4846921
SECURITY.POSITION/3006437,SECURITY_HOLDING,GHS,594226.30,594226.30,SBL-SOV-017052,SEC.BOND.2Y,1204,2025-05-17,2027-05-07,2027-05-07,0.1981,FIXED,594226.30,BR-001,4,GHGGB6091177
SECURITY.POSITION/3006438,SECURITY_HOLDING,GHS,258495.15,258495.15,SBL-SOV-017052,SEC.BOND.2Y,1204,2026-01-17,2028-01-07,2028-01-07,0.1885,FIXED,258495.15,BR-001,4,GHGGB5888937
SECURITY.POSITION/3006440,SECURITY_HOLDING,GHS,311626.76,311626.76,SBL-SOV-017052,SEC.BOND.2Y,1204,2025-10-31,2027-10-21,2027-10-21,0.198,FIXED,311626.76,BR-001,4,GHGGB8961509
SECURITY.POSITION/3006441,SECURITY_HOLDING,GHS,628635.66,628635.66,SBL-SOV-017052,SEC.BOND.5Y,1205,2023-07-19,2028-06-22,2028-06-22,0.225,FIXED,628635.66,BR-001,4,GHGGB3704611
SECURITY.POSITION/3006442,SECURITY_HOLDING,GHS,199343.84,199343.84,SBL-SOV-017052,SEC.BOND.5Y,1205,2023-11-07,2028-10-11,2028-10-11,0.2174,FIXED,199343.84,BR-001,4,GHGGB5074212
SECURITY.POSITION/3006443,SECURITY_HOLDING,GHS,314195.85,314195.85,SBL-SOV-017052,SEC.BOND.5Y,1205,2021-12-06,2026-11-10,2026-11-10,0.2211,FIXED,314195.85,BR-001,4,GHGGB2505880
SECURITY.POSITION/3006444,SECURITY_HOLDING,GHS,1051983.09,1051983.09,SBL-SOV-017052,SEC.BOND.5Y,1205,2022-11-24,2027-10-29,2027-10-29,0.2158,FIXED,1051983.09,BR-001,4,GHGGB4997022
SECURITY.POSITION/3006445,SECURITY_HOLDING,GHS,352439.43,352439.43,SBL-SOV-017052,SEC.BOND.5Y,1205,2024-07-12,2029-06-16,2029-06-16,0.2179,FIXED,352439.43,BR-001,4,GHGGB6878261
SECURITY.POSITION/3006446,SECURITY_HOLDING,GHS,745943.08,745943.08,SBL-SOV-017052,SEC.BOND.5Y,1205,2023-12-11,2028-11-14,2028-11-14,0.215,FIXED,745943.08,BR-001,4,GHGGB6562825
SECURITY.POSITION/3006447,SECURITY_HOLDING,GHS,1949118.99,1949118.99,SBL-SOV-017052,SEC.BOND.5Y,1205,2022-09-01,2027-08-06,2027-08-06,0.2191,FIXED,1949118.99,BR-001,4,GHGGB4188211
SECURITY.POSITION/3006448,SECURITY_HOLDING,GHS,1997135.03,1997135.03,SBL-SOV-017052,SEC.BOND.5Y,1205,2023-02-16,2028-01-21,2028-01-21,0.2206,FIXED,1997135.03,BR-001,4,GHGGB9552737
SECURITY.POSITION/3006449,SECURITY_HOLDING,GHS,439514.04,439514.04,SBL-SOV-017052,SEC.BOND.10Y,1206,2019-09-14,2029-07-23,2029-07-23,0.2442,FIXED,439514.04,BR-001,4,GHGGB1898179
SECURITY.POSITION/3006450,SECURITY_HOLDING,GHS,1412588.21,1412588.21,SBL-SOV-017052,SEC.BOND.10Y,1206,2017-09-05,2027-07-15,2027-07-15,0.2375,FIXED,1412588.21,BR-001,4,GHGGB8703774
SECURITY.POSITION/3006451,SECURITY_HOLDING,GHS,1083736.69,1083736.69,SBL-SOV-017052,SEC.BOND.10Y,1206,2022-12-17,2032-10-25,2032-10-25,0.2413,FIXED,1083736.69,BR-001,4,GHGGB3032722
SECURITY.POSITION/3006452,SECURITY_HOLDING,GHS,734811.35,734811.35,SBL-SOV-017052,SEC.BOND.10Y,1206,2020-06-03,2030-04-12,2030-04-12,0.2338,FIXED,734811.35,BR-001,4,GHGGB9590148
SECURITY.POSITION/3006453,SECURITY_HOLDING,GHS,984995.70,984995.70,SBL-SOV-017052,SEC.BOND.10Y,1206,2019-02-01,2028-12-10,2028-12-10,0.2421,FIXED,984995.70,BR-001,4,GHGGB3535816
SECURITY.POSITION/3006454,SECURITY_HOLDING,GHS,1282747.77,1282747.77,SBL-SOV-017052,SEC.BOND.10Y,1206,2024-12-01,2034-10-10,2034-10-10,0.2409,FIXED,1282747.77,BR-001,4,GHGGB4535413
SECURITY.POSITION/3006468,SECURITY_HOLDING,GHS,2279658.33,2279658.33,SBL-SOV-017052,SEC.TBILL.182,1202,2026-01-06,2026-07-05,2026-07-05,0.1753,FIXED,2279658.33,BR-001,3,GHGGB6917937
SECURITY.POSITION/3006470,SECURITY_HOLDING,GHS,338167.93,338167.93,SBL-SOV-017052,SEC.TBILL.182,1202,2026-02-16,2026-08-15,2026-08-15,0.1754,FIXED,338167.93,BR-001,3,GHGGB8019687
SECURITY.POSITION/3006473,SECURITY_HOLDING,GHS,2184138.92,2184138.92,SBL-SOV-017052,SEC.TBILL.182,1202,2026-03-03,2026-08-30,2026-08-30,0.1693,FIXED,2184138.92,BR-001,3,GHGGB5964145
SECURITY.POSITION/3006476,SECURITY_HOLDING,GHS,785509.15,785509.15,SBL-SOV-017052,SEC.TBILL.182,1202,2026-03-09,2026-09-05,2026-09-05,0.1765,FIXED,785509.15,BR-001,3,GHGGB7380934
SECURITY.POSITION/3006478,SECURITY_HOLDING,GHS,2785063.66,2785063.66,SBL-SOV-017052,SEC.TBILL.182,1202,2026-03-25,2026-09-21,2026-09-21,0.1737,FIXED,2785063.66,BR-001,3,GHGGB2899853
SECURITY.POSITION/3006480,SECURITY_HOLDING,GHS,5391902.30,5391902.30,SBL-SOV-017052,SEC.TBILL.364,1203,2026-02-27,2027-02-22,2027-02-22,0.1881,FIXED,5391902.30,BR-001,3,GHGGB1359294
SECURITY.POSITION/3006482,SECURITY_HOLDING,GHS,5426794.63,5426794.63,SBL-SOV-017052,SEC.TBILL.364,1203,2025-09-12,2026-09-07,2026-09-07,0.1875,FIXED,5426794.63,BR-001,3,GHGGB6326787
SECURITY.POSITION/3006483,SECURITY_HOLDING,GHS,4539889.09,4539889.09,SBL-SOV-017052,SEC.TBILL.364,1203,2025-09-06,2026-09-01,2026-09-01,0.1854,FIXED,4539889.09,BR-001,3,GHGGB1574430
SECURITY.POSITION/3006484,SECURITY_HOLDING,GHS,427991.38,427991.38,SBL-SOV-017052,SEC.TBILL.364,1203,2025-07-16,2026-07-11,2026-07-11,0.1879,FIXED,427991.38,BR-001,3,GHGGB9801952
SECURITY.POSITION/3006486,SECURITY_HOLDING,GHS,1006825.23,1006825.23,SBL-SOV-017052,SEC.TBILL.364,1203,2025-09-12,2026-09-07,2026-09-07,0.1805,FIXED,1006825.23,BR-001,3,GHGGB6063292
SECURITY.POSITION/3006487,SECURITY_HOLDING,GHS,1195319.67,1195319.67,SBL-SOV-017052,SEC.TBILL.364,1203,2025-11-14,2026-11-09,2026-11-09,0.1863,FIXED,1195319.67,BR-001,3,GHGGB7518759
SECURITY.POSITION/3006488,SECURITY_HOLDING,GHS,2754345.71,2754345.71,SBL-SOV-017052,SEC.TBILL.364,1203,2026-01-16,2027-01-11,2027-01-11,0.1881,FIXED,2754345.71,BR-001,3,GHGGB2510772
SECURITY.POSITION/3006489,SECURITY_HOLDING,GHS,649280.27,649280.27,SBL-SOV-017052,SEC.BOND.2Y,1204,2025-07-09,2027-06-29,2027-06-29,0.1953,FIXED,649280.27,BR-001,3,GHGGB6281657
SECURITY.POSITION/3006490,SECURITY_HOLDING,GHS,1397985.30,1397985.30,SBL-SOV-017052,SEC.BOND.2Y,1204,2024-11-05,2026-10-26,2026-10-26,0.1925,FIXED,1397985.30,BR-001,3,GHGGB5951256
SECURITY.POSITION/3006491,SECURITY_HOLDING,GHS,794309.77,794309.77,SBL-SOV-017052,SEC.BOND.2Y,1204,2025-04-30,2027-04-20,2027-04-20,0.1948,FIXED,794309.77,BR-001,3,GHGGB8457038
SECURITY.POSITION/3006492,SECURITY_HOLDING,GHS,1027408.42,1027408.42,SBL-SOV-017052,SEC.BOND.2Y,1204,2025-08-02,2027-07-23,2027-07-23,0.1888,FIXED,1027408.42,BR-001,3,GHGGB3892988
SECURITY.POSITION/3006493,SECURITY_HOLDING,GHS,496712.46,496712.46,SBL-SOV-017052,SEC.BOND.2Y,1204,2025-07-20,2027-07-10,2027-07-10,0.1959,FIXED,496712.46,BR-001,3,GHGGB1867124
SECURITY.POSITION/3006494,SECURITY_HOLDING,GHS,837057.16,837057.16,SBL-SOV-017052,SEC.BOND.2Y,1204,2024-10-01,2026-09-21,2026-09-21,0.1915,FIXED,837057.16,BR-001,3,GHGGB5302644
SECURITY.POSITION/3006495,SECURITY_HOLDING,GHS,28735.00,28735.00,SBL-SOV-017052,SEC.BOND.2Y,1204,2026-03-30,2028-03-19,2028-03-19,0.1946,FIXED,28735.00,BR-001,3,GHGGB2970414
SECURITY.POSITION/3006496,SECURITY_HOLDING,GHS,366158.73,366158.73,SBL-SOV-017052,SEC.BOND.2Y,1204,2024-12-27,2026-12-17,2026-12-17,0.1979,FIXED,366158.73,BR-001,3,GHGGB8359700
SECURITY.POSITION/3006497,SECURITY_HOLDING,GHS,674821.47,674821.47,SBL-SOV-017052,SEC.BOND.5Y,1205,2022-01-07,2026-12-12,2026-12-12,0.2229,FIXED,674821.47,BR-001,3,GHGGB1323658
SECURITY.POSITION/3006498,SECURITY_HOLDING,GHS,1696219.44,1696219.44,SBL-SOV-017052,SEC.BOND.5Y,1205,2024-02-15,2029-01-19,2029-01-19,0.2187,FIXED,1696219.44,BR-001,3,GHGGB8216733
SECURITY.POSITION/3006500,SECURITY_HOLDING,GHS,1203360.86,1203360.86,SBL-SOV-017052,SEC.BOND.5Y,1205,2023-08-13,2028-07-17,2028-07-17,0.2187,FIXED,1203360.86,BR-001,3,GHGGB1038218
SECURITY.POSITION/3006501,SECURITY_HOLDING,GHS,690661.12,690661.12,SBL-SOV-017052,SEC.BOND.5Y,1205,2025-02-05,2030-01-10,2030-01-10,0.2232,FIXED,690661.12,BR-001,3,GHGGB5562215
SECURITY.POSITION/3006502,SECURITY_HOLDING,GHS,529528.14,529528.14,SBL-SOV-017052,SEC.BOND.5Y,1205,2021-09-25,2026-08-30,2026-08-30,0.2241,FIXED,529528.14,BR-001,3,GHGGB1191676
SECURITY.POSITION/3006503,SECURITY_HOLDING,GHS,312175.82,312175.82,SBL-SOV-017052,SEC.BOND.5Y,1205,2023-04-11,2028-03-15,2028-03-15,0.2218,FIXED,312175.82,BR-001,3,GHGGB2058830
SECURITY.POSITION/3006504,SECURITY_HOLDING,GHS,155235.14,155235.14,SBL-SOV-017052,SEC.BOND.10Y,1206,2025-04-17,2035-02-24,2035-02-24,0.2352,FIXED,155235.14,BR-001,3,GHGGB8791363
SECURITY.POSITION/3006505,SECURITY_HOLDING,GHS,224035.63,224035.63,SBL-SOV-017052,SEC.BOND.10Y,1206,2024-08-13,2034-06-22,2034-06-22,0.2342,FIXED,224035.63,BR-001,3,GHGGB1208849
SECURITY.POSITION/3006506,SECURITY_HOLDING,GHS,75538.52,75538.52,SBL-SOV-017052,SEC.BOND.10Y,1206,2019-07-09,2029-05-17,2029-05-17,0.234,FIXED,75538.52,BR-001,3,GHGGB4317005
SECURITY.POSITION/3006507,SECURITY_HOLDING,GHS,246316.52,246316.52,SBL-SOV-017052,SEC.BOND.10Y,1206,2017-09-15,2027-07-25,2027-07-25,0.2325,FIXED,246316.52,BR-001,3,GHGGB8540333
SECURITY.POSITION/3006509,SECURITY_HOLDING,GHS,125632.30,125632.30,SBL-SOV-017052,SEC.BOND.10Y,1206,2019-08-25,2029-07-03,2029-07-03,0.2305,FIXED,125632.30,BR-001,3,GHGGB3007265
SECURITY.POSITION/3006510,SECURITY_HOLDING,GHS,332558.86,332558.86,SBL-SOV-017052,SEC.BOND.10Y,1206,2020-09-06,2030-07-16,2030-07-16,0.2366,FIXED,332558.86,BR-001,3,GHGGB4829549
SECURITY.POSITION/3006511,SECURITY_HOLDING,GHS,37562.35,37562.35,SBL-SOV-017052,SEC.BOND.10Y,1206,2023-11-27,2033-10-05,2033-10-05,0.2399,FIXED,37562.35,BR-001,3,GHGGB4872477
SECURITY.POSITION/3006512,SECURITY_HOLDING,GHS,175556.86,175556.86,SBL-SOV-017052,SEC.BOND.10Y,1206,2021-01-11,2030-11-20,2030-11-20,0.2351,FIXED,175556.86,BR-001,3,GHGGB8962299
SECURITY.POSITION/3006513,SECURITY_HOLDING,GHS,87062.85,87062.85,SBL-SOV-017052,SEC.BOND.10Y,1206,2025-08-28,2035-07-07,2035-07-07,0.2346,FIXED,87062.85,BR-001,3,GHGGB2876655
SECURITY.POSITION/3006514,SECURITY_HOLDING,GHS,32689.42,32689.42,SBL-SOV-017052,SEC.BOND.10Y,1206,2018-08-04,2028-06-12,2028-06-12,0.241,FIXED,32689.42,BR-001,3,GHGGB5153731
SECURITY.POSITION/3006515,SECURITY_HOLDING,GHS,54476.94,54476.94,SBL-SOV-017052,SEC.BOND.10Y,1206,2019-07-20,2029-05-28,2029-05-28,0.2338,FIXED,54476.94,BR-001,3,GHGGB1718122
SECURITY.POSITION/3006516,SECURITY_HOLDING,GHS,113317.09,113317.09,SBL-SOV-017052,SEC.BOND.10Y,1206,2017-04-01,2027-02-08,2027-02-08,0.2386,FIXED,113317.09,BR-001,3,GHGGB8315720
SECURITY.POSITION/3006520,SECURITY_HOLDING,GHS,2901546.27,2901546.27,SBL-SOV-017052,SEC.TBILL.91,1201,2026-04-12,2026-07-11,2026-07-11,0.1575,FIXED,2901546.27,BR-001,2,GHGGB4289522
SECURITY.POSITION/3006521,SECURITY_HOLDING,GHS,4527293.28,4527293.28,SBL-SOV-017052,SEC.TBILL.91,1201,2026-04-20,2026-07-19,2026-07-19,0.1558,FIXED,4527293.28,BR-001,2,GHGGB2159709
SECURITY.POSITION/3006524,SECURITY_HOLDING,GHS,1608471.67,1608471.67,SBL-SOV-017052,SEC.TBILL.91,1201,2026-04-03,2026-07-02,2026-07-02,0.1588,FIXED,1608471.67,BR-001,2,GHGGB9543914
SECURITY.POSITION/3006530,SECURITY_HOLDING,GHS,2303605.17,2303605.17,SBL-SOV-017052,SEC.TBILL.182,1202,2026-01-27,2026-07-26,2026-07-26,0.1694,FIXED,2303605.17,BR-001,2,GHGGB4238772
SECURITY.POSITION/3006531,SECURITY_HOLDING,GHS,364913.43,364913.43,SBL-SOV-017052,SEC.TBILL.182,1202,2026-03-27,2026-09-23,2026-09-23,0.1722,FIXED,364913.43,BR-001,2,GHGGB4051010
SECURITY.POSITION/3006532,SECURITY_HOLDING,GHS,705556.46,705556.46,SBL-SOV-017052,SEC.TBILL.182,1202,2026-03-22,2026-09-18,2026-09-18,0.168,FIXED,705556.46,BR-001,2,GHGGB5428277
SECURITY.POSITION/3006533,SECURITY_HOLDING,GHS,2274432.20,2274432.20,SBL-SOV-017052,SEC.TBILL.182,1202,2026-03-12,2026-09-08,2026-09-08,0.1681,FIXED,2274432.20,BR-001,2,GHGGB7493241
SECURITY.POSITION/3006534,SECURITY_HOLDING,GHS,2988943.55,2988943.55,SBL-SOV-017052,SEC.TBILL.182,1202,2026-02-20,2026-08-19,2026-08-19,0.1714,FIXED,2988943.55,BR-001,2,GHGGB7810206
SECURITY.POSITION/3006535,SECURITY_HOLDING,GHS,755756.97,755756.97,SBL-SOV-017052,SEC.TBILL.182,1202,2026-03-31,2026-09-27,2026-09-27,0.1712,FIXED,755756.97,BR-001,2,GHGGB3976201
SECURITY.POSITION/3006536,SECURITY_HOLDING,GHS,2349868.56,2349868.56,SBL-SOV-017052,SEC.TBILL.182,1202,2026-01-18,2026-07-17,2026-07-17,0.1709,FIXED,2349868.56,BR-001,2,GHGGB6156868
SECURITY.POSITION/3006537,SECURITY_HOLDING,GHS,3369435.31,3369435.31,SBL-SOV-017052,SEC.TBILL.182,1202,2026-02-16,2026-08-15,2026-08-15,0.1757,FIXED,3369435.31,BR-001,2,GHGGB7452004
SECURITY.POSITION/3006538,SECURITY_HOLDING,GHS,2777257.27,2777257.27,SBL-SOV-017052,SEC.TBILL.182,1202,2026-01-09,2026-07-08,2026-07-08,0.1748,FIXED,2777257.27,BR-001,2,GHGGB7859417
SECURITY.POSITION/3006539,SECURITY_HOLDING,GHS,2688718.70,2688718.70,SBL-SOV-017052,SEC.TBILL.182,1202,2026-04-08,2026-10-05,2026-10-05,0.1756,FIXED,2688718.70,BR-001,2,GHGGB5751913
SECURITY.POSITION/3006540,SECURITY_HOLDING,GHS,5858140.84,5858140.84,SBL-SOV-017052,SEC.TBILL.182,1202,2026-02-27,2026-08-26,2026-08-26,0.1737,FIXED,5858140.84,BR-001,2,GHGGB1163785
SECURITY.POSITION/3006541,SECURITY_HOLDING,GHS,1655020.89,1655020.89,SBL-SOV-017052,SEC.TBILL.182,1202,2026-02-23,2026-08-22,2026-08-22,0.1757,FIXED,1655020.89,BR-001,2,GHGGB7840687
SECURITY.POSITION/3006542,SECURITY_HOLDING,GHS,1613705.03,1613705.03,SBL-SOV-017052,SEC.TBILL.364,1203,2025-07-18,2026-07-13,2026-07-13,0.1813,FIXED,1613705.03,BR-001,2,GHGGB2495644
SECURITY.POSITION/3006543,SECURITY_HOLDING,GHS,483873.26,483873.26,SBL-SOV-017052,SEC.TBILL.364,1203,2026-03-15,2027-03-10,2027-03-10,0.1893,FIXED,483873.26,BR-001,2,GHGGB4317237
SECURITY.POSITION/3006544,SECURITY_HOLDING,GHS,3803014.57,3803014.57,SBL-SOV-017052,SEC.TBILL.364,1203,2025-10-31,2026-10-26,2026-10-26,0.1825,FIXED,3803014.57,BR-001,2,GHGGB5125682
SECURITY.POSITION/3006545,SECURITY_HOLDING,GHS,3805658.46,3805658.46,SBL-SOV-017052,SEC.TBILL.364,1203,2026-04-29,2027-04-24,2027-04-24,0.1833,FIXED,3805658.46,BR-001,2,GHGGB2154784
SECURITY.POSITION/3006546,SECURITY_HOLDING,GHS,2481539.25,2481539.25,SBL-SOV-017052,SEC.TBILL.364,1203,2025-09-08,2026-09-03,2026-09-03,0.1859,FIXED,2481539.25,BR-001,2,GHGGB2846920
SECURITY.POSITION/3006547,SECURITY_HOLDING,GHS,708684.84,708684.84,SBL-SOV-017052,SEC.TBILL.364,1203,2026-01-21,2027-01-16,2027-01-16,0.19,FIXED,708684.84,BR-001,2,GHGGB6301776
SECURITY.POSITION/3006548,SECURITY_HOLDING,GHS,4217146.20,4217146.20,SBL-SOV-017052,SEC.TBILL.364,1203,2025-11-19,2026-11-14,2026-11-14,0.1863,FIXED,4217146.20,BR-001,2,GHGGB5162449
SECURITY.POSITION/3006549,SECURITY_HOLDING,GHS,287390.27,287390.27,SBL-SOV-017052,SEC.BOND.2Y,1204,2025-04-25,2027-04-15,2027-04-15,0.1954,FIXED,287390.27,BR-001,2,GHGGB3332284
SECURITY.POSITION/3006550,SECURITY_HOLDING,GHS,403023.21,403023.21,SBL-SOV-017052,SEC.BOND.2Y,1204,2024-08-16,2026-08-06,2026-08-06,0.1944,FIXED,403023.21,BR-001,2,GHGGB7726212
SECURITY.POSITION/3006551,SECURITY_HOLDING,GHS,460157.68,460157.68,SBL-SOV-017052,SEC.BOND.2Y,1204,2024-11-27,2026-11-17,2026-11-17,0.191,FIXED,460157.68,BR-001,2,GHGGB2760306
SECURITY.POSITION/3006552,SECURITY_HOLDING,GHS,186070.91,186070.91,SBL-SOV-017052,SEC.BOND.2Y,1204,2026-02-16,2028-02-06,2028-02-06,0.1943,FIXED,186070.91,BR-001,2,GHGGB3918287
SECURITY.POSITION/3006553,SECURITY_HOLDING,GHS,1117368.16,1117368.16,SBL-SOV-017052,SEC.BOND.2Y,1204,2025-04-15,2027-04-05,2027-04-05,0.1902,FIXED,1117368.16,BR-001,2,GHGGB6052074
SECURITY.POSITION/3006554,SECURITY_HOLDING,GHS,206712.26,206712.26,SBL-SOV-017052,SEC.BOND.2Y,1204,2025-08-05,2027-07-26,2027-07-26,0.1917,FIXED,206712.26,BR-001,2,GHGGB1953834
SECURITY.POSITION/3006555,SECURITY_HOLDING,GHS,254351.17,254351.17,SBL-SOV-017052,SEC.BOND.2Y,1204,2025-09-30,2027-09-20,2027-09-20,0.1991,FIXED,254351.17,BR-001,2,GHGGB6518963
SECURITY.POSITION/3006556,SECURITY_HOLDING,GHS,454939.81,454939.81,SBL-SOV-017052,SEC.BOND.2Y,1204,2025-06-06,2027-05-27,2027-05-27,0.1945,FIXED,454939.81,BR-001,2,GHGGB2828345
SECURITY.POSITION/3006557,SECURITY_HOLDING,GHS,288710.89,288710.89,SBL-SOV-017052,SEC.BOND.2Y,1204,2026-01-03,2027-12-24,2027-12-24,0.1966,FIXED,288710.89,BR-001,2,GHGGB6283766
SECURITY.POSITION/3006558,SECURITY_HOLDING,GHS,265805.92,265805.92,SBL-SOV-017052,SEC.BOND.2Y,1204,2024-08-12,2026-08-02,2026-08-02,0.1989,FIXED,265805.92,BR-001,2,GHGGB8099975
SECURITY.POSITION/3006559,SECURITY_HOLDING,GHS,316506.90,316506.90,SBL-SOV-017052,SEC.BOND.2Y,1204,2025-11-03,2027-10-24,2027-10-24,0.1991,FIXED,316506.90,BR-001,2,GHGGB5115183
SECURITY.POSITION/3006560,SECURITY_HOLDING,GHS,663205.83,663205.83,SBL-SOV-017052,SEC.BOND.5Y,1205,2022-04-09,2027-03-14,2027-03-14,0.2208,FIXED,663205.83,BR-001,2,GHGGB8550237
SECURITY.POSITION/3006561,SECURITY_HOLDING,GHS,573262.86,573262.86,SBL-SOV-017052,SEC.BOND.5Y,1205,2025-03-17,2030-02-19,2030-02-19,0.2208,FIXED,573262.86,BR-001,2,GHGGB1233549
SECURITY.POSITION/3006562,SECURITY_HOLDING,GHS,681069.07,681069.07,SBL-SOV-017052,SEC.BOND.5Y,1205,2022-10-29,2027-10-03,2027-10-03,0.2218,FIXED,681069.07,BR-001,2,GHGGB9727430
SECURITY.POSITION/3006563,SECURITY_HOLDING,GHS,214860.39,214860.39,SBL-SOV-017052,SEC.BOND.5Y,1205,2026-02-21,2031-01-26,2031-01-26,0.2223,FIXED,214860.39,BR-001,2,GHGGB3402163
SECURITY.POSITION/3006564,SECURITY_HOLDING,GHS,452259.36,452259.36,SBL-SOV-017052,SEC.BOND.5Y,1205,2022-06-09,2027-05-14,2027-05-14,0.2185,FIXED,452259.36,BR-001,2,GHGGB2083024
SECURITY.POSITION/3006565,SECURITY_HOLDING,GHS,95577.91,95577.91,SBL-SOV-017052,SEC.BOND.5Y,1205,2025-04-05,2030-03-10,2030-03-10,0.2188,FIXED,95577.91,BR-001,2,GHGGB4946921
SECURITY.POSITION/3006566,SECURITY_HOLDING,GHS,123654.81,123654.81,SBL-SOV-017052,SEC.BOND.5Y,1205,2021-08-02,2026-07-07,2026-07-07,0.2209,FIXED,123654.81,BR-001,2,GHGGB7996273
SECURITY.POSITION/3006567,SECURITY_HOLDING,GHS,302803.33,302803.33,SBL-SOV-017052,SEC.BOND.5Y,1205,2024-07-09,2029-06-13,2029-06-13,0.2202,FIXED,302803.33,BR-001,2,GHGGB3645937
SECURITY.POSITION/3006568,SECURITY_HOLDING,GHS,775913.67,775913.67,SBL-SOV-017052,SEC.BOND.5Y,1205,2022-03-15,2027-02-17,2027-02-17,0.2215,FIXED,775913.67,BR-001,2,GHGGB3081644
SECURITY.POSITION/3006569,SECURITY_HOLDING,GHS,237871.78,237871.78,SBL-SOV-017052,SEC.BOND.5Y,1205,2023-01-30,2028-01-04,2028-01-04,0.2154,FIXED,237871.78,BR-001,2,GHGGB7627799
SECURITY.POSITION/3006570,SECURITY_HOLDING,GHS,323692.84,323692.84,SBL-SOV-017052,SEC.BOND.5Y,1205,2024-10-11,2029-09-15,2029-09-15,0.2178,FIXED,323692.84,BR-001,2,GHGGB9342210
SECURITY.POSITION/3006571,SECURITY_HOLDING,GHS,263679.35,263679.35,SBL-SOV-017052,SEC.BOND.5Y,1205,2023-11-20,2028-10-24,2028-10-24,0.222,FIXED,263679.35,BR-001,2,GHGGB3296638
SECURITY.POSITION/3006572,SECURITY_HOLDING,GHS,401757.25,401757.25,SBL-SOV-017052,SEC.BOND.5Y,1205,2023-05-11,2028-04-14,2028-04-14,0.2173,FIXED,401757.25,BR-001,2,GHGGB1018955
SECURITY.POSITION/3006573,SECURITY_HOLDING,GHS,129210.70,129210.70,SBL-SOV-017052,SEC.BOND.10Y,1206,2023-07-17,2033-05-25,2033-05-25,0.2412,FIXED,129210.70,BR-001,2,GHGGB2726237
SECURITY.POSITION/3006574,SECURITY_HOLDING,GHS,67904.46,67904.46,SBL-SOV-017052,SEC.BOND.10Y,1206,2023-12-25,2033-11-02,2033-11-02,0.2419,FIXED,67904.46,BR-001,2,GHGGB6306372
SECURITY.POSITION/3006575,SECURITY_HOLDING,GHS,148303.03,148303.03,SBL-SOV-017052,SEC.BOND.10Y,1206,2021-11-20,2031-09-29,2031-09-29,0.2358,FIXED,148303.03,BR-001,2,GHGGB9793756
SECURITY.POSITION/3006576,SECURITY_HOLDING,GHS,179832.07,179832.07,SBL-SOV-017052,SEC.BOND.10Y,1206,2017-07-19,2027-05-28,2027-05-28,0.2407,FIXED,179832.07,BR-001,2,GHGGB2909869
SECURITY.POSITION/3006577,SECURITY_HOLDING,GHS,42902.60,42902.60,SBL-SOV-017052,SEC.BOND.10Y,1206,2021-03-12,2031-01-19,2031-01-19,0.2389,FIXED,42902.60,BR-001,2,GHGGB3938680
SECURITY.POSITION/3006578,SECURITY_HOLDING,GHS,247616.12,247616.12,SBL-SOV-017052,SEC.BOND.10Y,1206,2022-11-18,2032-09-26,2032-09-26,0.2378,FIXED,247616.12,BR-001,2,GHGGB2604228
SECURITY.POSITION/3006579,SECURITY_HOLDING,GHS,134935.13,134935.13,SBL-SOV-017052,SEC.BOND.10Y,1206,2019-03-22,2029-01-28,2029-01-28,0.2443,FIXED,134935.13,BR-001,2,GHGGB5888555
SECURITY.POSITION/3006581,SECURITY_HOLDING,GHS,138670.97,138670.97,SBL-SOV-017052,SEC.BOND.10Y,1206,2023-04-08,2033-02-14,2033-02-14,0.2348,FIXED,138670.97,BR-001,2,GHGGB2892870
SECURITY.POSITION/3006582,SECURITY_HOLDING,GHS,159198.96,159198.96,SBL-SOV-017052,SEC.BOND.10Y,1206,2017-04-21,2027-02-28,2027-02-28,0.2396,FIXED,159198.96,BR-001,2,GHGGB1919926
SECURITY.POSITION/3006583,SECURITY_HOLDING,GHS,163945.09,163945.09,SBL-SOV-017052,SEC.BOND.10Y,1206,2017-11-12,2027-09-21,2027-09-21,0.2369,FIXED,163945.09,BR-001,2,GHGGB3227150
SECURITY.POSITION/3006584,SECURITY_HOLDING,GHS,79154.49,79154.49,SBL-SOV-017052,SEC.BOND.10Y,1206,2019-10-19,2029-08-27,2029-08-27,0.2402,FIXED,79154.49,BR-001,2,GHGGB1362995
SECURITY.POSITION/3006585,SECURITY_HOLDING,GHS,9685150.35,9685150.35,SBL-SOV-017052,SEC.TBILL.91,1201,2026-04-16,2026-07-15,2026-07-15,0.1573,FIXED,9685150.35,BR-001,1,GHGGB2402797
SECURITY.POSITION/3006586,SECURITY_HOLDING,GHS,5665375.76,5665375.76,SBL-SOV-017052,SEC.TBILL.91,1201,2026-04-15,2026-07-14,2026-07-14,0.1622,FIXED,5665375.76,BR-001,1,GHGGB2460676
SECURITY.POSITION/3006587,SECURITY_HOLDING,GHS,6409911.39,6409911.39,SBL-SOV-017052,SEC.TBILL.91,1201,2026-04-22,2026-07-21,2026-07-21,0.158,FIXED,6409911.39,BR-001,1,GHGGB5868845
SECURITY.POSITION/3006588,SECURITY_HOLDING,GHS,6722911.18,6722911.18,SBL-SOV-017052,SEC.TBILL.91,1201,2026-05-20,2026-08-18,2026-08-18,0.163,FIXED,6722911.18,BR-001,1,GHGGB3571585
SECURITY.POSITION/3006589,SECURITY_HOLDING,GHS,17910181.27,17910181.27,SBL-SOV-017052,SEC.TBILL.91,1201,2026-04-17,2026-07-16,2026-07-16,0.1604,FIXED,17910181.27,BR-001,1,GHGGB6643817
SECURITY.POSITION/3006590,SECURITY_HOLDING,GHS,5739679.23,5739679.23,SBL-SOV-017052,SEC.TBILL.91,1201,2026-04-11,2026-07-10,2026-07-10,0.161,FIXED,5739679.23,BR-001,1,GHGGB6908225
SECURITY.POSITION/3006591,SECURITY_HOLDING,GHS,12424098.01,12424098.01,SBL-SOV-017052,SEC.TBILL.91,1201,2026-04-02,2026-07-01,2026-07-01,0.1569,FIXED,12424098.01,BR-001,1,GHGGB6745306
SECURITY.POSITION/3006592,SECURITY_HOLDING,GHS,8138530.76,8138530.76,SBL-SOV-017052,SEC.TBILL.91,1201,2026-04-28,2026-07-27,2026-07-27,0.1593,FIXED,8138530.76,BR-001,1,GHGGB3330689
SECURITY.POSITION/3006593,SECURITY_HOLDING,GHS,6727349.04,6727349.04,SBL-SOV-017052,SEC.TBILL.91,1201,2026-05-13,2026-08-11,2026-08-11,0.1595,FIXED,6727349.04,BR-001,1,GHGGB3420947
SECURITY.POSITION/3006594,SECURITY_HOLDING,GHS,15858131.05,15858131.05,SBL-SOV-017052,SEC.TBILL.91,1201,2026-04-12,2026-07-11,2026-07-11,0.1585,FIXED,15858131.05,BR-001,1,GHGGB9059617
SECURITY.POSITION/3006595,SECURITY_HOLDING,GHS,4796338.55,4796338.55,SBL-SOV-017052,SEC.TBILL.91,1201,2026-05-24,2026-08-22,2026-08-22,0.1599,FIXED,4796338.55,BR-001,1,GHGGB5513016
SECURITY.POSITION/3006596,SECURITY_HOLDING,GHS,12332070.87,12332070.87,SBL-SOV-017052,SEC.TBILL.91,1201,2026-04-02,2026-07-01,2026-07-01,0.1573,FIXED,12332070.87,BR-001,1,GHGGB6856156
SECURITY.POSITION/3006597,SECURITY_HOLDING,GHS,3405748.81,3405748.81,SBL-SOV-017052,SEC.TBILL.182,1202,2026-02-28,2026-08-27,2026-08-27,0.1762,FIXED,3405748.81,BR-001,1,GHGGB7418619
SECURITY.POSITION/3006598,SECURITY_HOLDING,GHS,4197133.84,4197133.84,SBL-SOV-017052,SEC.TBILL.182,1202,2026-05-06,2026-11-02,2026-11-02,0.1752,FIXED,4197133.84,BR-001,1,GHGGB2313676
SECURITY.POSITION/3006599,SECURITY_HOLDING,GHS,13761378.19,13761378.19,SBL-SOV-017052,SEC.TBILL.182,1202,2026-02-06,2026-08-05,2026-08-05,0.1738,FIXED,13761378.19,BR-001,1,GHGGB5959910
SECURITY.POSITION/3006600,SECURITY_HOLDING,GHS,3426804.96,3426804.96,SBL-SOV-017052,SEC.TBILL.182,1202,2026-03-07,2026-09-03,2026-09-03,0.1717,FIXED,3426804.96,BR-001,1,GHGGB4559116
SECURITY.POSITION/3006601,SECURITY_HOLDING,GHS,2165124.59,2165124.59,SBL-SOV-017052,SEC.TBILL.182,1202,2026-05-13,2026-11-09,2026-11-09,0.1745,FIXED,2165124.59,BR-001,1,GHGGB2140942
SECURITY.POSITION/3006602,SECURITY_HOLDING,GHS,4931559.75,4931559.75,SBL-SOV-017052,SEC.TBILL.182,1202,2026-05-12,2026-11-08,2026-11-08,0.1735,FIXED,4931559.75,BR-001,1,GHGGB9811803
SECURITY.POSITION/3006603,SECURITY_HOLDING,GHS,1255013.04,1255013.04,SBL-SOV-017052,SEC.TBILL.182,1202,2026-03-04,2026-08-31,2026-08-31,0.1796,FIXED,1255013.04,BR-001,1,GHGGB3004915
SECURITY.POSITION/3006604,SECURITY_HOLDING,GHS,2089038.65,2089038.65,SBL-SOV-017052,SEC.TBILL.182,1202,2026-04-28,2026-10-25,2026-10-25,0.1782,FIXED,2089038.65,BR-001,1,GHGGB9662452
SECURITY.POSITION/3006605,SECURITY_HOLDING,GHS,2459755.03,2459755.03,SBL-SOV-017052,SEC.TBILL.182,1202,2026-04-05,2026-10-02,2026-10-02,0.1791,FIXED,2459755.03,BR-001,1,GHGGB7095345
SECURITY.POSITION/3006606,SECURITY_HOLDING,GHS,6557145.16,6557145.16,SBL-SOV-017052,SEC.TBILL.182,1202,2026-03-21,2026-09-17,2026-09-17,0.1762,FIXED,6557145.16,BR-001,1,GHGGB1867687
SECURITY.POSITION/3006607,SECURITY_HOLDING,GHS,2587051.68,2587051.68,SBL-SOV-017052,SEC.TBILL.182,1202,2026-03-06,2026-09-02,2026-09-02,0.1767,FIXED,2587051.68,BR-001,1,GHGGB2600711
SECURITY.POSITION/3006608,SECURITY_HOLDING,GHS,5057106.20,5057106.20,SBL-SOV-017052,SEC.TBILL.182,1202,2026-02-06,2026-08-05,2026-08-05,0.179,FIXED,5057106.20,BR-001,1,GHGGB1626582
SECURITY.POSITION/3006609,SECURITY_HOLDING,GHS,6162871.02,6162871.02,SBL-SOV-017052,SEC.TBILL.364,1203,2025-10-26,2026-10-21,2026-10-21,0.1859,FIXED,6162871.02,BR-001,1,GHGGB6241403
SECURITY.POSITION/3006610,SECURITY_HOLDING,GHS,15257033.06,15257033.06,SBL-SOV-017052,SEC.TBILL.364,1203,2026-04-01,2027-03-27,2027-03-27,0.1894,FIXED,15257033.06,BR-001,1,GHGGB4186517
SECURITY.POSITION/3006611,SECURITY_HOLDING,GHS,3190777.34,3190777.34,SBL-SOV-017052,SEC.TBILL.364,1203,2025-12-05,2026-11-30,2026-11-30,0.1842,FIXED,3190777.34,BR-001,1,GHGGB3501534
SECURITY.POSITION/3006612,SECURITY_HOLDING,GHS,8992336.26,8992336.26,SBL-SOV-017052,SEC.TBILL.364,1203,2025-10-24,2026-10-19,2026-10-19,0.1838,FIXED,8992336.26,BR-001,1,GHGGB2859812
SECURITY.POSITION/3006613,SECURITY_HOLDING,GHS,6557978.27,6557978.27,SBL-SOV-017052,SEC.TBILL.364,1203,2025-08-06,2026-08-01,2026-08-01,0.1806,FIXED,6557978.27,BR-001,1,GHGGB8739763
SECURITY.POSITION/3006614,SECURITY_HOLDING,GHS,2897672.42,2897672.42,SBL-SOV-017052,SEC.TBILL.364,1203,2026-04-09,2027-04-04,2027-04-04,0.1874,FIXED,2897672.42,BR-001,1,GHGGB4798347
SECURITY.POSITION/3006616,SECURITY_HOLDING,GHS,1430495.29,1430495.29,SBL-SOV-017052,SEC.TBILL.364,1203,2025-09-13,2026-09-08,2026-09-08,0.1834,FIXED,1430495.29,BR-001,1,GHGGB9933364
SECURITY.POSITION/3006617,SECURITY_HOLDING,GHS,680983.68,680983.68,SBL-SOV-017052,SEC.BOND.2Y,1204,2024-11-11,2026-11-01,2026-11-01,0.2005,FIXED,680983.68,BR-001,1,GHGGB8785459
SECURITY.POSITION/3006618,SECURITY_HOLDING,GHS,604619.82,604619.82,SBL-SOV-017052,SEC.BOND.2Y,1204,2025-11-24,2027-11-14,2027-11-14,0.1969,FIXED,604619.82,BR-001,1,GHGGB5597128
SECURITY.POSITION/3006619,SECURITY_HOLDING,GHS,306361.34,306361.34,SBL-SOV-017052,SEC.BOND.2Y,1204,2025-09-30,2027-09-20,2027-09-20,0.1944,FIXED,306361.34,BR-001,1,GHGGB4908666
SECURITY.POSITION/3006620,SECURITY_HOLDING,GHS,851808.93,851808.93,SBL-SOV-017052,SEC.BOND.2Y,1204,2024-11-30,2026-11-20,2026-11-20,0.1931,FIXED,851808.93,BR-001,1,GHGGB2869926
SECURITY.POSITION/3006621,SECURITY_HOLDING,GHS,181693.09,181693.09,SBL-SOV-017052,SEC.BOND.2Y,1204,2024-08-02,2026-07-23,2026-07-23,0.1933,FIXED,181693.09,BR-001,1,GHGGB7602261
SECURITY.POSITION/3006622,SECURITY_HOLDING,GHS,220408.38,220408.38,SBL-SOV-017052,SEC.BOND.2Y,1204,2024-11-30,2026-11-20,2026-11-20,0.1969,FIXED,220408.38,BR-001,1,GHGGB2133190
SECURITY.POSITION/3006623,SECURITY_HOLDING,GHS,1095846.74,1095846.74,SBL-SOV-017052,SEC.BOND.2Y,1204,2025-08-30,2027-08-20,2027-08-20,0.1978,FIXED,1095846.74,BR-001,1,GHGGB8014629
SECURITY.POSITION/3006624,SECURITY_HOLDING,GHS,1939780.17,1939780.17,SBL-SOV-017052,SEC.BOND.2Y,1204,2026-04-15,2028-04-04,2028-04-04,0.1963,FIXED,1939780.17,BR-001,1,GHGGB5346342
SECURITY.POSITION/3006625,SECURITY_HOLDING,GHS,592654.89,592654.89,SBL-SOV-017052,SEC.BOND.2Y,1204,2026-04-27,2028-04-16,2028-04-16,0.1968,FIXED,592654.89,BR-001,1,GHGGB5542540
SECURITY.POSITION/3006626,SECURITY_HOLDING,GHS,372558.97,372558.97,SBL-SOV-017052,SEC.BOND.2Y,1204,2025-09-23,2027-09-13,2027-09-13,0.1926,FIXED,372558.97,BR-001,1,GHGGB2867477
SECURITY.POSITION/3006627,SECURITY_HOLDING,GHS,572223.40,572223.40,SBL-SOV-017052,SEC.BOND.2Y,1204,2024-09-24,2026-09-14,2026-09-14,0.1948,FIXED,572223.40,BR-001,1,GHGGB4753290
SECURITY.POSITION/3006628,SECURITY_HOLDING,GHS,774259.32,774259.32,SBL-SOV-017052,SEC.BOND.2Y,1204,2025-01-04,2026-12-25,2026-12-25,0.1979,FIXED,774259.32,BR-001,1,GHGGB6513017
SECURITY.POSITION/3006629,SECURITY_HOLDING,GHS,762716.95,762716.95,SBL-SOV-017052,SEC.BOND.5Y,1205,2022-01-05,2026-12-10,2026-12-10,0.2178,FIXED,762716.95,BR-001,1,GHGGB6692458
SECURITY.POSITION/3006630,SECURITY_HOLDING,GHS,96342.01,96342.01,SBL-SOV-017052,SEC.BOND.5Y,1205,2025-12-25,2030-11-29,2030-11-29,0.2273,FIXED,96342.01,BR-001,1,GHGGB9944539
SECURITY.POSITION/3006631,SECURITY_HOLDING,GHS,27970.56,27970.56,SBL-SOV-017052,SEC.BOND.5Y,1205,2022-09-25,2027-08-30,2027-08-30,0.2196,FIXED,27970.56,BR-001,1,GHGGB4124349
SECURITY.POSITION/3006632,SECURITY_HOLDING,GHS,1219130.50,1219130.50,SBL-SOV-017052,SEC.BOND.5Y,1205,2021-08-24,2026-07-29,2026-07-29,0.2231,FIXED,1219130.50,BR-001,1,GHGGB1603106
SECURITY.POSITION/3006633,SECURITY_HOLDING,GHS,417763.71,417763.71,SBL-SOV-017052,SEC.BOND.5Y,1205,2025-12-10,2030-11-14,2030-11-14,0.2262,FIXED,417763.71,BR-001,1,GHGGB7972543
SECURITY.POSITION/3006634,SECURITY_HOLDING,GHS,1864803.24,1864803.24,SBL-SOV-017052,SEC.BOND.5Y,1205,2023-11-21,2028-10-25,2028-10-25,0.2202,FIXED,1864803.24,BR-001,1,GHGGB3787009
SECURITY.POSITION/3006635,SECURITY_HOLDING,GHS,182348.41,182348.41,SBL-SOV-017052,SEC.BOND.5Y,1205,2024-04-07,2029-03-12,2029-03-12,0.2218,FIXED,182348.41,BR-001,1,GHGGB3078363
SECURITY.POSITION/3006636,SECURITY_HOLDING,GHS,147499.77,147499.77,SBL-SOV-017052,SEC.BOND.5Y,1205,2023-05-04,2028-04-07,2028-04-07,0.2164,FIXED,147499.77,BR-001,1,GHGGB9383268
SECURITY.POSITION/3006637,SECURITY_HOLDING,GHS,148553.92,148553.92,SBL-SOV-017052,SEC.BOND.5Y,1205,2022-08-02,2027-07-07,2027-07-07,0.2205,FIXED,148553.92,BR-001,1,GHGGB3878072
SECURITY.POSITION/3006638,SECURITY_HOLDING,GHS,191105.02,191105.02,SBL-SOV-017052,SEC.BOND.5Y,1205,2026-04-08,2031-03-13,2031-03-13,0.2192,FIXED,191105.02,BR-001,1,GHGGB9797924
SECURITY.POSITION/3006639,SECURITY_HOLDING,GHS,506558.17,506558.17,SBL-SOV-017052,SEC.BOND.5Y,1205,2026-05-28,2031-05-02,2031-05-02,0.2221,FIXED,506558.17,BR-001,1,GHGGB1011238
SECURITY.POSITION/3006640,SECURITY_HOLDING,GHS,541255.10,541255.10,SBL-SOV-017052,SEC.BOND.5Y,1205,2023-02-21,2028-01-26,2028-01-26,0.2218,FIXED,541255.10,BR-001,1,GHGGB8126822
SECURITY.POSITION/3006641,SECURITY_HOLDING,GHS,444685.80,444685.80,SBL-SOV-017052,SEC.BOND.5Y,1205,2021-10-21,2026-09-25,2026-09-25,0.2203,FIXED,444685.80,BR-001,1,GHGGB2492383
SECURITY.POSITION/3006642,SECURITY_HOLDING,GHS,357108.94,357108.94,SBL-SOV-017052,SEC.BOND.10Y,1206,2023-07-03,2033-05-11,2033-05-11,0.2489,FIXED,357108.94,BR-001,1,GHGGB7125579
SECURITY.POSITION/3006643,SECURITY_HOLDING,GHS,128244.66,128244.66,SBL-SOV-017052,SEC.BOND.10Y,1206,2022-05-09,2032-03-17,2032-03-17,0.2466,FIXED,128244.66,BR-001,1,GHGGB4252705
SECURITY.POSITION/3006644,SECURITY_HOLDING,GHS,129263.99,129263.99,SBL-SOV-017052,SEC.BOND.10Y,1206,2019-11-02,2029-09-10,2029-09-10,0.2451,FIXED,129263.99,BR-001,1,GHGGB1008257
SECURITY.POSITION/3006645,SECURITY_HOLDING,GHS,252739.84,252739.84,SBL-SOV-017052,SEC.BOND.10Y,1206,2019-03-31,2029-02-06,2029-02-06,0.2459,FIXED,252739.84,BR-001,1,GHGGB3282487
SECURITY.POSITION/3006646,SECURITY_HOLDING,GHS,414395.82,414395.82,SBL-SOV-017052,SEC.BOND.10Y,1206,2019-05-05,2029-03-13,2029-03-13,0.2452,FIXED,414395.82,BR-001,1,GHGGB4592027
SECURITY.POSITION/3006647,SECURITY_HOLDING,GHS,94175.85,94175.85,SBL-SOV-017052,SEC.BOND.10Y,1206,2016-11-23,2026-10-02,2026-10-02,0.2479,FIXED,94175.85,BR-001,1,GHGGB2301379
SECURITY.POSITION/3006648,SECURITY_HOLDING,GHS,84636.79,84636.79,SBL-SOV-017052,SEC.BOND.10Y,1206,2020-07-10,2030-05-19,2030-05-19,0.2422,FIXED,84636.79,BR-001,1,GHGGB4965075
SECURITY.POSITION/3006649,SECURITY_HOLDING,GHS,687615.72,687615.72,SBL-SOV-017052,SEC.BOND.10Y,1206,2025-09-27,2035-08-06,2035-08-06,0.2443,FIXED,687615.72,BR-001,1,GHGGB7050719
SECURITY.POSITION/3006650,SECURITY_HOLDING,GHS,141692.44,141692.44,SBL-SOV-017052,SEC.BOND.10Y,1206,2017-07-07,2027-05-16,2027-05-16,0.2435,FIXED,141692.44,BR-001,1,GHGGB1876266
SECURITY.POSITION/3006651,SECURITY_HOLDING,GHS,58890.38,58890.38,SBL-SOV-017052,SEC.BOND.10Y,1206,2016-10-18,2026-08-27,2026-08-27,0.2479,FIXED,58890.38,BR-001,1,GHGGB7113531
SECURITY.POSITION/3006652,SECURITY_HOLDING,GHS,3754265.44,3754265.44,SBL-SOV-017052,SEC.TBILL.91,1201,2026-05-27,2026-08-25,2026-08-25,0.1552,FIXED,3754265.44,BR-001,0,GHGGB2552638
SECURITY.POSITION/3006653,SECURITY_HOLDING,GHS,9021967.26,9021967.26,SBL-SOV-017052,SEC.TBILL.91,1201,2026-05-04,2026-08-02,2026-08-02,0.1564,FIXED,9021967.26,BR-001,0,GHGGB7242652
SECURITY.POSITION/3006654,SECURITY_HOLDING,GHS,9904942.37,9904942.37,SBL-SOV-017052,SEC.TBILL.91,1201,2026-06-25,2026-09-23,2026-09-23,0.1498,FIXED,9904942.37,BR-001,0,GHGGB5886147
SECURITY.POSITION/3006655,SECURITY_HOLDING,GHS,4418199.64,4418199.64,SBL-SOV-017052,SEC.TBILL.91,1201,2026-05-17,2026-08-15,2026-08-15,0.1547,FIXED,4418199.64,BR-001,0,GHGGB1019119
SECURITY.POSITION/3006656,SECURITY_HOLDING,GHS,2119899.56,2119899.56,SBL-SOV-017052,SEC.TBILL.91,1201,2026-04-30,2026-07-29,2026-07-29,0.1531,FIXED,2119899.56,BR-001,0,GHGGB4039975
SECURITY.POSITION/3006657,SECURITY_HOLDING,GHS,10109033.67,10109033.67,SBL-SOV-017052,SEC.TBILL.91,1201,2026-04-23,2026-07-22,2026-07-22,0.1593,FIXED,10109033.67,BR-001,0,GHGGB9941667
SECURITY.POSITION/3006658,SECURITY_HOLDING,GHS,3971300.97,3971300.97,SBL-SOV-017052,SEC.TBILL.91,1201,2026-05-22,2026-08-20,2026-08-20,0.1507,FIXED,3971300.97,BR-001,0,GHGGB7052913
SECURITY.POSITION/3006659,SECURITY_HOLDING,GHS,7622205.13,7622205.13,SBL-SOV-017052,SEC.TBILL.91,1201,2026-05-20,2026-08-18,2026-08-18,0.1532,FIXED,7622205.13,BR-001,0,GHGGB4537875
SECURITY.POSITION/3006660,SECURITY_HOLDING,GHS,4711224.61,4711224.61,SBL-SOV-017052,SEC.TBILL.182,1202,2026-04-02,2026-09-29,2026-09-29,0.1744,FIXED,4711224.61,BR-001,0,GHGGB5493709
SECURITY.POSITION/3006661,SECURITY_HOLDING,GHS,4756531.93,4756531.93,SBL-SOV-017052,SEC.TBILL.182,1202,2026-05-13,2026-11-09,2026-11-09,0.1755,FIXED,4756531.93,BR-001,0,GHGGB1696320
SECURITY.POSITION/3006662,SECURITY_HOLDING,GHS,3166843.96,3166843.96,SBL-SOV-017052,SEC.TBILL.182,1202,2026-04-20,2026-10-17,2026-10-17,0.1648,FIXED,3166843.96,BR-001,0,GHGGB1652950
SECURITY.POSITION/3006663,SECURITY_HOLDING,GHS,4905251.45,4905251.45,SBL-SOV-017052,SEC.TBILL.182,1202,2026-04-16,2026-10-13,2026-10-13,0.1734,FIXED,4905251.45,BR-001,0,GHGGB2951873
SECURITY.POSITION/3006664,SECURITY_HOLDING,GHS,2743263.20,2743263.20,SBL-SOV-017052,SEC.TBILL.182,1202,2026-02-27,2026-08-26,2026-08-26,0.1746,FIXED,2743263.20,BR-001,0,GHGGB5825617
SECURITY.POSITION/3006665,SECURITY_HOLDING,GHS,4569003.83,4569003.83,SBL-SOV-017052,SEC.TBILL.182,1202,2026-02-06,2026-08-05,2026-08-05,0.1704,FIXED,4569003.83,BR-001,0,GHGGB1799907
SECURITY.POSITION/3006666,SECURITY_HOLDING,GHS,2423997.30,2423997.30,SBL-SOV-017052,SEC.TBILL.182,1202,2026-05-09,2026-11-05,2026-11-05,0.1703,FIXED,2423997.30,BR-001,0,GHGGB8715297
SECURITY.POSITION/3006667,SECURITY_HOLDING,GHS,3059141.53,3059141.53,SBL-SOV-017052,SEC.TBILL.182,1202,2026-04-15,2026-10-12,2026-10-12,0.1725,FIXED,3059141.53,BR-001,0,GHGGB1425711
SECURITY.POSITION/3006668,SECURITY_HOLDING,GHS,2301902.43,2301902.43,SBL-SOV-017052,SEC.TBILL.364,1203,2026-03-25,2027-03-20,2027-03-20,0.1849,FIXED,2301902.43,BR-001,0,GHGGB6436873
SECURITY.POSITION/3006669,SECURITY_HOLDING,GHS,1745784.26,1745784.26,SBL-SOV-017052,SEC.TBILL.364,1203,2025-09-20,2026-09-15,2026-09-15,0.1865,FIXED,1745784.26,BR-001,0,GHGGB4572944
SECURITY.POSITION/3006670,SECURITY_HOLDING,GHS,1103815.36,1103815.36,SBL-SOV-017052,SEC.TBILL.364,1203,2026-05-15,2027-05-10,2027-05-10,0.1838,FIXED,1103815.36,BR-001,0,GHGGB7322724
SECURITY.POSITION/3006671,SECURITY_HOLDING,GHS,1301135.67,1301135.67,SBL-SOV-017052,SEC.TBILL.364,1203,2026-06-28,2027-06-23,2027-06-23,0.1826,FIXED,1301135.67,BR-001,0,GHGGB9167396
SECURITY.POSITION/3006672,SECURITY_HOLDING,GHS,2300279.68,2300279.68,SBL-SOV-017052,SEC.TBILL.364,1203,2025-12-15,2026-12-10,2026-12-10,0.1834,FIXED,2300279.68,BR-001,0,GHGGB3679821
SECURITY.POSITION/3006673,SECURITY_HOLDING,GHS,3466736.19,3466736.19,SBL-SOV-017052,SEC.TBILL.364,1203,2025-10-16,2026-10-11,2026-10-11,0.1822,FIXED,3466736.19,BR-001,0,GHGGB5866343
SECURITY.POSITION/3006674,SECURITY_HOLDING,GHS,844762.53,844762.53,SBL-SOV-017052,SEC.TBILL.364,1203,2025-11-19,2026-11-14,2026-11-14,0.1818,FIXED,844762.53,BR-001,0,GHGGB2591220
SECURITY.POSITION/3006675,SECURITY_HOLDING,GHS,464023.86,464023.86,SBL-SOV-017052,SEC.TBILL.364,1203,2026-04-26,2027-04-21,2027-04-21,0.1821,FIXED,464023.86,BR-001,0,GHGGB3431517
SECURITY.POSITION/3006676,SECURITY_HOLDING,GHS,2440320.21,2440320.21,SBL-SOV-017052,SEC.TBILL.364,1203,2025-09-12,2026-09-07,2026-09-07,0.1824,FIXED,2440320.21,BR-001,0,GHGGB6585905
SECURITY.POSITION/3006677,SECURITY_HOLDING,GHS,2623619.97,2623619.97,SBL-SOV-017052,SEC.BOND.2Y,1204,2024-09-30,2026-09-20,2026-09-20,0.1934,FIXED,2623619.97,BR-001,0,GHGGB6049471
SECURITY.POSITION/3006678,SECURITY_HOLDING,GHS,1468531.07,1468531.07,SBL-SOV-017052,SEC.BOND.2Y,1204,2026-02-07,2028-01-28,2028-01-28,0.1906,FIXED,1468531.07,BR-001,0,GHGGB5674135
SECURITY.POSITION/3006679,SECURITY_HOLDING,GHS,3307838.59,3307838.59,SBL-SOV-017052,SEC.BOND.2Y,1204,2024-11-09,2026-10-30,2026-10-30,0.1914,FIXED,3307838.59,BR-001,0,GHGGB9351576
SECURITY.POSITION/3006680,SECURITY_HOLDING,GHS,4748381.83,4748381.83,SBL-SOV-017052,SEC.BOND.2Y,1204,2025-10-29,2027-10-19,2027-10-19,0.1932,FIXED,4748381.83,BR-001,0,GHGGB5322112
SECURITY.POSITION/3006681,SECURITY_HOLDING,GHS,196019.78,196019.78,SBL-SOV-017052,SEC.BOND.2Y,1204,2025-07-07,2027-06-27,2027-06-27,0.1928,FIXED,196019.78,BR-001,0,GHGGB7136698
SECURITY.POSITION/3006682,SECURITY_HOLDING,GHS,2395859.23,2395859.23,SBL-SOV-017052,SEC.BOND.2Y,1204,2025-12-16,2027-12-06,2027-12-06,0.1911,FIXED,2395859.23,BR-001,0,GHGGB6832467
SECURITY.POSITION/3006683,SECURITY_HOLDING,GHS,253128.49,253128.49,SBL-SOV-017052,SEC.BOND.5Y,1205,2026-01-22,2030-12-27,2030-12-27,0.2169,FIXED,253128.49,BR-001,0,GHGGB8441468
SECURITY.POSITION/3006684,SECURITY_HOLDING,GHS,318688.13,318688.13,SBL-SOV-017052,SEC.BOND.5Y,1205,2022-04-21,2027-03-26,2027-03-26,0.2206,FIXED,318688.13,BR-001,0,GHGGB5750710
SECURITY.POSITION/3006685,SECURITY_HOLDING,GHS,186950.26,186950.26,SBL-SOV-017052,SEC.BOND.5Y,1205,2024-02-18,2029-01-22,2029-01-22,0.2195,FIXED,186950.26,BR-001,0,GHGGB3245457
SECURITY.POSITION/3006686,SECURITY_HOLDING,GHS,234620.61,234620.61,SBL-SOV-017052,SEC.BOND.5Y,1205,2022-01-21,2026-12-26,2026-12-26,0.219,FIXED,234620.61,BR-001,0,GHGGB9265327
SECURITY.POSITION/3006687,SECURITY_HOLDING,GHS,690065.68,690065.68,SBL-SOV-017052,SEC.BOND.5Y,1205,2023-07-14,2028-06-17,2028-06-17,0.2188,FIXED,690065.68,BR-001,0,GHGGB2871345
SECURITY.POSITION/3006688,SECURITY_HOLDING,GHS,44647.27,44647.27,SBL-SOV-017052,SEC.BOND.5Y,1205,2023-10-29,2028-10-02,2028-10-02,0.2196,FIXED,44647.27,BR-001,0,GHGGB4069215
SECURITY.POSITION/3006689,SECURITY_HOLDING,GHS,173486.57,173486.57,SBL-SOV-017052,SEC.BOND.5Y,1205,2021-11-25,2026-10-30,2026-10-30,0.223,FIXED,173486.57,BR-001,0,GHGGB1391587
SECURITY.POSITION/3006690,SECURITY_HOLDING,GHS,781672.63,781672.63,SBL-SOV-017052,SEC.BOND.5Y,1205,2023-10-17,2028-09-20,2028-09-20,0.2187,FIXED,781672.63,BR-001,0,GHGGB6044066
SECURITY.POSITION/3006691,SECURITY_HOLDING,GHS,468616.88,468616.88,SBL-SOV-017052,SEC.BOND.5Y,1205,2022-09-01,2027-08-06,2027-08-06,0.2199,FIXED,468616.88,BR-001,0,GHGGB6374785
SECURITY.POSITION/3006692,SECURITY_HOLDING,GHS,151092.27,151092.27,SBL-SOV-017052,SEC.BOND.5Y,1205,2025-11-13,2030-10-18,2030-10-18,0.2164,FIXED,151092.27,BR-001,0,GHGGB6836974
SECURITY.POSITION/3006693,SECURITY_HOLDING,GHS,150727.20,150727.20,SBL-SOV-017052,SEC.BOND.5Y,1205,2023-08-17,2028-07-21,2028-07-21,0.2198,FIXED,150727.20,BR-001,0,GHGGB8527931
SECURITY.POSITION/3006694,SECURITY_HOLDING,GHS,57494.44,57494.44,SBL-SOV-017052,SEC.BOND.10Y,1206,2022-07-24,2032-06-01,2032-06-01,0.2316,FIXED,57494.44,BR-001,0,GHGGB4109610
SECURITY.POSITION/3006695,SECURITY_HOLDING,GHS,246600.08,246600.08,SBL-SOV-017052,SEC.BOND.10Y,1206,2022-11-15,2032-09-23,2032-09-23,0.2342,FIXED,246600.08,BR-001,0,GHGGB8691775
SECURITY.POSITION/3006696,SECURITY_HOLDING,GHS,328867.79,328867.79,SBL-SOV-017052,SEC.BOND.10Y,1206,2025-01-03,2034-11-12,2034-11-12,0.2383,FIXED,328867.79,BR-001,0,GHGGB2085141
SECURITY.POSITION/3006697,SECURITY_HOLDING,GHS,200593.91,200593.91,SBL-SOV-017052,SEC.BOND.10Y,1206,2022-06-02,2032-04-10,2032-04-10,0.2369,FIXED,200593.91,BR-001,0,GHGGB3405782
SECURITY.POSITION/3006698,SECURITY_HOLDING,GHS,565442.64,565442.64,SBL-SOV-017052,SEC.BOND.10Y,1206,2018-03-15,2028-01-22,2028-01-22,0.2375,FIXED,565442.64,BR-001,0,GHGGB3065139
SECURITY.POSITION/3006699,SECURITY_HOLDING,GHS,281097.60,281097.60,SBL-SOV-017052,SEC.BOND.10Y,1206,2022-08-11,2032-06-19,2032-06-19,0.2328,FIXED,281097.60,BR-001,0,GHGGB1512553
SECURITY.POSITION/3006700,SECURITY_HOLDING,GHS,688388.49,688388.49,SBL-SOV-017052,SEC.BOND.10Y,1206,2022-10-06,2032-08-14,2032-08-14,0.2388,FIXED,688388.49,BR-001,0,GHGGB5486823
SECURITY.POSITION/3006701,SECURITY_HOLDING,GHS,43914.68,43914.68,SBL-SOV-017052,SEC.BOND.10Y,1206,2025-01-25,2034-12-04,2034-12-04,0.233,FIXED,43914.68,BR-001,0,GHGGB4443618
SECURITY.POSITION/3006702,SECURITY_HOLDING,GHS,137050.13,137050.13,SBL-SOV-017052,SEC.BOND.10Y,1206,2019-06-24,2029-05-02,2029-05-02,0.2398,FIXED,137050.13,BR-001,0,GHGGB6627675
