as_of_date,capital_component,amount_ghs,tier
2016-08-31,paid_up_capital,22000000.00,CET1
2016-08-31,statutory_reserves,8000000.00,CET1
2016-08-31,retained_earnings,6500000.00,CET1
2016-08-31,credit_risk_reserve,157887.95,CET1
2016-08-31,intangible_assets,-1200000.00,CET1_DEDUCTION
2016-09-30,paid_up_capital,22000000.00,CET1
2016-09-30,statutory_reserves,8177398.16,CET1
2016-09-30,retained_earnings,6706964.52,CET1
2016-09-30,credit_risk_reserve,160533.99,CET1
2016-09-30,intangible_assets,-1200000.00,CET1_DEDUCTION
2016-10-31,paid_up_capital,22000000.00,CET1
2016-10-31,statutory_reserves,8360709.59,CET1
2016-10-31,retained_earnings,6920827.86,CET1
2016-10-31,credit_risk_reserve,214729.54,CET1
2016-10-31,intangible_assets,-1200000.00,CET1_DEDUCTION
2016-11-30,paid_up_capital,22000000.00,CET1
2016-11-30,statutory_reserves,8538107.75,CET1
2016-11-30,retained_earnings,7127792.38,CET1
2016-11-30,credit_risk_reserve,208755.77,CET1
2016-11-30,intangible_assets,-1200000.00,CET1_DEDUCTION
2016-12-31,paid_up_capital,22000000.00,CET1
2016-12-31,statutory_reserves,8721419.19,CET1
2016-12-31,retained_earnings,7341655.72,CET1
2016-12-31,credit_risk_reserve,218295.30,CET1
2016-12-31,intangible_assets,-1200000.00,CET1_DEDUCTION
2017-01-31,paid_up_capital,22000000.00,CET1
2017-01-31,statutory_reserves,8904730.62,CET1
2017-01-31,retained_earnings,7555519.05,CET1
2017-01-31,credit_risk_reserve,279763.17,CET1
2017-01-31,intangible_assets,-1200000.00,CET1_DEDUCTION
2017-02-28,paid_up_capital,22000000.00,CET1
2017-02-28,statutory_reserves,9070302.23,CET1
2017-02-28,retained_earnings,7748685.94,CET1
2017-02-28,credit_risk_reserve,447387.65,CET1
2017-02-28,intangible_assets,-1200000.00,CET1_DEDUCTION
2017-03-31,paid_up_capital,22000000.00,CET1
2017-03-31,statutory_reserves,9253613.67,CET1
2017-03-31,retained_earnings,7962549.28,CET1
2017-03-31,credit_risk_reserve,484055.15,CET1
2017-03-31,intangible_assets,-1200000.00,CET1_DEDUCTION
2017-04-30,paid_up_capital,22000000.00,CET1
2017-04-30,statutory_reserves,9431011.83,CET1
2017-04-30,retained_earnings,8169513.80,CET1
2017-04-30,credit_risk_reserve,473295.53,CET1
2017-04-30,intangible_assets,-1200000.00,CET1_DEDUCTION
2017-05-31,paid_up_capital,22000000.00,CET1
2017-05-31,statutory_reserves,9614323.26,CET1
2017-05-31,retained_earnings,8383377.14,CET1
2017-05-31,credit_risk_reserve,531486.97,CET1
2017-05-31,intangible_assets,-1200000.00,CET1_DEDUCTION
2017-06-30,paid_up_capital,22000000.00,CET1
2017-06-30,statutory_reserves,9791721.42,CET1
2017-06-30,retained_earnings,8590341.66,CET1
2017-06-30,credit_risk_reserve,560685.63,CET1
2017-06-30,intangible_assets,-1200000.00,CET1_DEDUCTION
2017-07-31,paid_up_capital,22000000.00,CET1
2017-07-31,statutory_reserves,9975032.85,CET1
2017-07-31,retained_earnings,8804204.99,CET1
2017-07-31,credit_risk_reserve,561869.79,CET1
2017-07-31,intangible_assets,-1200000.00,CET1_DEDUCTION
2017-08-31,paid_up_capital,22000000.00,CET1
2017-08-31,statutory_reserves,10158344.28,CET1
2017-08-31,retained_earnings,9018068.33,CET1
2017-08-31,credit_risk_reserve,775676.85,CET1
2017-08-31,intangible_assets,-1200000.00,CET1_DEDUCTION
2017-09-30,paid_up_capital,22000000.00,CET1
2017-09-30,statutory_reserves,10335742.44,CET1
2017-09-30,retained_earnings,9225032.85,CET1
2017-09-30,credit_risk_reserve,782390.13,CET1
2017-09-30,intangible_assets,-1200000.00,CET1_DEDUCTION
2017-10-31,paid_up_capital,22000000.00,CET1
2017-10-31,statutory_reserves,10519053.88,CET1
2017-10-31,retained_earnings,9438896.19,CET1
2017-10-31,credit_risk_reserve,781041.74,CET1
2017-10-31,intangible_assets,-1200000.00,CET1_DEDUCTION
2017-11-30,paid_up_capital,22000000.00,CET1
2017-11-30,statutory_reserves,10696452.04,CET1
2017-11-30,retained_earnings,9645860.71,CET1
2017-11-30,credit_risk_reserve,781795.10,CET1
2017-11-30,intangible_assets,-1200000.00,CET1_DEDUCTION
2017-12-31,paid_up_capital,22000000.00,CET1
2017-12-31,statutory_reserves,10879763.47,CET1
2017-12-31,retained_earnings,9859724.05,CET1
2017-12-31,credit_risk_reserve,837033.47,CET1
2017-12-31,intangible_assets,-1200000.00,CET1_DEDUCTION
2018-01-31,paid_up_capital,22000000.00,CET1
2018-01-31,statutory_reserves,11063074.90,CET1
2018-01-31,retained_earnings,10073587.39,CET1
2018-01-31,credit_risk_reserve,856350.66,CET1
2018-01-31,intangible_assets,-1200000.00,CET1_DEDUCTION
2018-02-28,paid_up_capital,22000000.00,CET1
2018-02-28,statutory_reserves,11228646.52,CET1
2018-02-28,retained_earnings,10266754.27,CET1
2018-02-28,credit_risk_reserve,980265.71,CET1
2018-02-28,intangible_assets,-1200000.00,CET1_DEDUCTION
2018-03-31,paid_up_capital,22000000.00,CET1
2018-03-31,statutory_reserves,11411957.95,CET1
2018-03-31,retained_earnings,10480617.61,CET1
2018-03-31,credit_risk_reserve,1043171.31,CET1
2018-03-31,intangible_assets,-1200000.00,CET1_DEDUCTION
2018-04-30,paid_up_capital,22000000.00,CET1
2018-04-30,statutory_reserves,11589356.11,CET1
2018-04-30,retained_earnings,10687582.13,CET1
2018-04-30,credit_risk_reserve,1049772.33,CET1
2018-04-30,intangible_assets,-1200000.00,CET1_DEDUCTION
2018-05-31,paid_up_capital,22000000.00,CET1
2018-05-31,statutory_reserves,11772667.54,CET1
2018-05-31,retained_earnings,10901445.47,CET1
2018-05-31,credit_risk_reserve,1071318.99,CET1
2018-05-31,intangible_assets,-1200000.00,CET1_DEDUCTION
2018-06-30,paid_up_capital,22000000.00,CET1
2018-06-30,statutory_reserves,11950065.70,CET1
2018-06-30,retained_earnings,11108409.99,CET1
2018-06-30,credit_risk_reserve,1086826.95,CET1
2018-06-30,intangible_assets,-1200000.00,CET1_DEDUCTION
2018-07-31,paid_up_capital,22000000.00,CET1
2018-07-31,statutory_reserves,12133377.14,CET1
2018-07-31,retained_earnings,11322273.32,CET1
2018-07-31,credit_risk_reserve,1094261.71,CET1
2018-07-31,intangible_assets,-1200000.00,CET1_DEDUCTION
2018-08-31,paid_up_capital,22000000.00,CET1
2018-08-31,statutory_reserves,12316688.57,CET1
2018-08-31,retained_earnings,11536136.66,CET1
2018-08-31,credit_risk_reserve,1101173.57,CET1
2018-08-31,intangible_assets,-1200000.00,CET1_DEDUCTION
2018-09-30,paid_up_capital,22000000.00,CET1
2018-09-30,statutory_reserves,12494086.73,CET1
2018-09-30,retained_earnings,11743101.18,CET1
2018-09-30,credit_risk_reserve,1141680.07,CET1
2018-09-30,intangible_assets,-1200000.00,CET1_DEDUCTION
2018-10-31,paid_up_capital,22000000.00,CET1
2018-10-31,statutory_reserves,12677398.16,CET1
2018-10-31,retained_earnings,11956964.52,CET1
2018-10-31,credit_risk_reserve,1141366.05,CET1
2018-10-31,intangible_assets,-1200000.00,CET1_DEDUCTION
2018-11-30,paid_up_capital,22000000.00,CET1
2018-11-30,statutory_reserves,12854796.32,CET1
2018-11-30,retained_earnings,12163929.04,CET1
2018-11-30,credit_risk_reserve,1273945.65,CET1
2018-11-30,intangible_assets,-1200000.00,CET1_DEDUCTION
2018-12-31,paid_up_capital,22000000.00,CET1
2018-12-31,statutory_reserves,13038107.75,CET1
2018-12-31,retained_earnings,12377792.38,CET1
2018-12-31,credit_risk_reserve,1331182.93,CET1
2018-12-31,intangible_assets,-1200000.00,CET1_DEDUCTION
2019-01-31,paid_up_capital,22000000.00,CET1
2019-01-31,statutory_reserves,13221419.19,CET1
2019-01-31,retained_earnings,12591655.72,CET1
2019-01-31,credit_risk_reserve,1357912.02,CET1
2019-01-31,intangible_assets,-1200000.00,CET1_DEDUCTION
2019-02-28,paid_up_capital,22000000.00,CET1
2019-02-28,statutory_reserves,13386990.80,CET1
2019-02-28,retained_earnings,12784822.60,CET1
2019-02-28,credit_risk_reserve,1530983.38,CET1
2019-02-28,intangible_assets,-1200000.00,CET1_DEDUCTION
2019-03-31,paid_up_capital,22000000.00,CET1
2019-03-31,statutory_reserves,13570302.23,CET1
2019-03-31,retained_earnings,12998685.94,CET1
2019-03-31,credit_risk_reserve,1555181.10,CET1
2019-03-31,intangible_assets,-1200000.00,CET1_DEDUCTION
2019-04-30,paid_up_capital,22000000.00,CET1
2019-04-30,statutory_reserves,13747700.39,CET1
2019-04-30,retained_earnings,13205650.46,CET1
2019-04-30,credit_risk_reserve,1606497.74,CET1
2019-04-30,intangible_assets,-1200000.00,CET1_DEDUCTION
2019-05-31,paid_up_capital,22000000.00,CET1
2019-05-31,statutory_reserves,13931011.83,CET1
2019-05-31,retained_earnings,13419513.80,CET1
2019-05-31,credit_risk_reserve,1667555.25,CET1
2019-05-31,intangible_assets,-1200000.00,CET1_DEDUCTION
2019-06-30,paid_up_capital,22000000.00,CET1
2019-06-30,statutory_reserves,14108409.99,CET1
2019-06-30,retained_earnings,13626478.32,CET1
2019-06-30,credit_risk_reserve,1666617.08,CET1
2019-06-30,intangible_assets,-1200000.00,CET1_DEDUCTION
2019-07-31,paid_up_capital,22000000.00,CET1
2019-07-31,statutory_reserves,14291721.42,CET1
2019-07-31,retained_earnings,13840341.66,CET1
2019-07-31,credit_risk_reserve,1727469.33,CET1
2019-07-31,intangible_assets,-1200000.00,CET1_DEDUCTION
2019-08-31,paid_up_capital,22000000.00,CET1
2019-08-31,statutory_reserves,14475032.85,CET1
2019-08-31,retained_earnings,14054204.99,CET1
2019-08-31,credit_risk_reserve,2172020.37,CET1
2019-08-31,intangible_assets,-1200000.00,CET1_DEDUCTION
2019-09-30,paid_up_capital,22000000.00,CET1
2019-09-30,statutory_reserves,14652431.01,CET1
2019-09-30,retained_earnings,14261169.51,CET1
2019-09-30,credit_risk_reserve,2185110.16,CET1
2019-09-30,intangible_assets,-1200000.00,CET1_DEDUCTION
2019-10-31,paid_up_capital,22000000.00,CET1
2019-10-31,statutory_reserves,14835742.44,CET1
2019-10-31,retained_earnings,14475032.85,CET1
2019-10-31,credit_risk_reserve,2276969.19,CET1
2019-10-31,intangible_assets,-1200000.00,CET1_DEDUCTION
2019-11-30,paid_up_capital,22000000.00,CET1
2019-11-30,statutory_reserves,15013140.60,CET1
2019-11-30,retained_earnings,14681997.37,CET1
2019-11-30,credit_risk_reserve,2253217.01,CET1
2019-11-30,intangible_assets,-1200000.00,CET1_DEDUCTION
2019-12-31,paid_up_capital,22000000.00,CET1
2019-12-31,statutory_reserves,15196452.04,CET1
2019-12-31,retained_earnings,14895860.71,CET1
2019-12-31,credit_risk_reserve,2263305.27,CET1
2019-12-31,intangible_assets,-1200000.00,CET1_DEDUCTION
2020-01-31,paid_up_capital,22000000.00,CET1
2020-01-31,statutory_reserves,15379763.47,CET1
2020-01-31,retained_earnings,15109724.05,CET1
2020-01-31,credit_risk_reserve,2353934.54,CET1
2020-01-31,intangible_assets,-1200000.00,CET1_DEDUCTION
2020-02-29,paid_up_capital,22000000.00,CET1
2020-02-29,statutory_reserves,15551248.36,CET1
2020-02-29,retained_earnings,15309789.75,CET1
2020-02-29,credit_risk_reserve,2472581.34,CET1
2020-02-29,intangible_assets,-1200000.00,CET1_DEDUCTION
2020-03-31,paid_up_capital,22000000.00,CET1
2020-03-31,statutory_reserves,15734559.79,CET1
2020-03-31,retained_earnings,15523653.09,CET1
2020-03-31,credit_risk_reserve,2561903.09,CET1
2020-03-31,intangible_assets,-1200000.00,CET1_DEDUCTION
2020-04-30,paid_up_capital,22000000.00,CET1
2020-04-30,statutory_reserves,15911957.95,CET1
2020-04-30,retained_earnings,15730617.61,CET1
2020-04-30,credit_risk_reserve,2575711.00,CET1
2020-04-30,intangible_assets,-1200000.00,CET1_DEDUCTION
2020-05-31,paid_up_capital,22000000.00,CET1
2020-05-31,statutory_reserves,16095269.38,CET1
2020-05-31,retained_earnings,15944480.95,CET1
2020-05-31,credit_risk_reserve,2670133.46,CET1
2020-05-31,intangible_assets,-1200000.00,CET1_DEDUCTION
2020-06-30,paid_up_capital,22000000.00,CET1
2020-06-30,statutory_reserves,16272667.54,CET1
2020-06-30,retained_earnings,16151445.47,CET1
2020-06-30,credit_risk_reserve,2682337.16,CET1
2020-06-30,intangible_assets,-1200000.00,CET1_DEDUCTION
2020-07-31,paid_up_capital,22000000.00,CET1
2020-07-31,statutory_reserves,16455978.98,CET1
2020-07-31,retained_earnings,16365308.80,CET1
2020-07-31,credit_risk_reserve,2820731.68,CET1
2020-07-31,intangible_assets,-1200000.00,CET1_DEDUCTION
2020-08-31,paid_up_capital,22000000.00,CET1
2020-08-31,statutory_reserves,16639290.41,CET1
2020-08-31,retained_earnings,16579172.14,CET1
2020-08-31,credit_risk_reserve,2903320.64,CET1
2020-08-31,intangible_assets,-1200000.00,CET1_DEDUCTION
2020-09-30,paid_up_capital,22000000.00,CET1
2020-09-30,statutory_reserves,16816688.57,CET1
2020-09-30,retained_earnings,16786136.66,CET1
2020-09-30,credit_risk_reserve,2947143.51,CET1
2020-09-30,intangible_assets,-1200000.00,CET1_DEDUCTION
2020-10-31,paid_up_capital,22000000.00,CET1
2020-10-31,statutory_reserves,17000000.00,CET1
2020-10-31,retained_earnings,17000000.00,CET1
2020-10-31,credit_risk_reserve,2942446.67,CET1
2020-10-31,intangible_assets,-1200000.00,CET1_DEDUCTION
2020-11-30,paid_up_capital,22000000.00,CET1
2020-11-30,statutory_reserves,17177398.16,CET1
2020-11-30,retained_earnings,17206964.52,CET1
2020-11-30,credit_risk_reserve,3221746.30,CET1
2020-11-30,intangible_assets,-1200000.00,CET1_DEDUCTION
2020-12-31,paid_up_capital,22000000.00,CET1
2020-12-31,statutory_reserves,17360709.59,CET1
2020-12-31,retained_earnings,17420827.86,CET1
2020-12-31,credit_risk_reserve,3349995.56,CET1
2020-12-31,intangible_assets,-1200000.00,CET1_DEDUCTION
2021-01-31,paid_up_capital,22000000.00,CET1
2021-01-31,statutory_reserves,17544021.02,CET1
2021-01-31,retained_earnings,17634691.20,CET1
2021-01-31,credit_risk_reserve,3351485.22,CET1
2021-01-31,intangible_assets,-1200000.00,CET1_DEDUCTION
2021-02-28,paid_up_capital,22000000.00,CET1
2021-02-28,statutory_reserves,17709592.64,CET1
2021-02-28,retained_earnings,17827858.08,CET1
2021-02-28,credit_risk_reserve,3365228.18,CET1
2021-02-28,intangible_assets,-1200000.00,CET1_DEDUCTION
2021-03-31,paid_up_capital,22000000.00,CET1
2021-03-31,statutory_reserves,17892904.07,CET1
2021-03-31,retained_earnings,18041721.42,CET1
2021-03-31,credit_risk_reserve,3485597.29,CET1
2021-03-31,intangible_assets,-1200000.00,CET1_DEDUCTION
2021-04-30,paid_up_capital,22000000.00,CET1
2021-04-30,statutory_reserves,18070302.23,CET1
2021-04-30,retained_earnings,18248685.94,CET1
2021-04-30,credit_risk_reserve,3494357.47,CET1
2021-04-30,intangible_assets,-1200000.00,CET1_DEDUCTION
2021-05-31,paid_up_capital,22000000.00,CET1
2021-05-31,statutory_reserves,18253613.67,CET1
2021-05-31,retained_earnings,18462549.28,CET1
2021-05-31,credit_risk_reserve,3958549.27,CET1
2021-05-31,intangible_assets,-1200000.00,CET1_DEDUCTION
2021-06-30,paid_up_capital,22000000.00,CET1
2021-06-30,statutory_reserves,18431011.83,CET1
2021-06-30,retained_earnings,18669513.80,CET1
2021-06-30,credit_risk_reserve,3997376.58,CET1
2021-06-30,intangible_assets,-1200000.00,CET1_DEDUCTION
2021-07-31,paid_up_capital,22000000.00,CET1
2021-07-31,statutory_reserves,18614323.26,CET1
2021-07-31,retained_earnings,18883377.14,CET1
2021-07-31,credit_risk_reserve,4002382.53,CET1
2021-07-31,intangible_assets,-1200000.00,CET1_DEDUCTION
2021-08-31,paid_up_capital,22000000.00,CET1
2021-08-31,statutory_reserves,18797634.69,CET1
2021-08-31,retained_earnings,19097240.47,CET1
2021-08-31,credit_risk_reserve,4041414.62,CET1
2021-08-31,intangible_assets,-1200000.00,CET1_DEDUCTION
2021-09-03,paid_up_capital,22000000.00,CET1
2021-09-03,statutory_reserves,18815374.51,CET1
2021-09-03,retained_earnings,19117936.93,CET1
2021-09-03,credit_risk_reserve,4006220.47,CET1
2021-09-03,intangible_assets,-1200000.00,CET1_DEDUCTION
2021-09-10,paid_up_capital,22000000.00,CET1
2021-09-10,statutory_reserves,18856767.41,CET1
2021-09-10,retained_earnings,19166228.65,CET1
2021-09-10,credit_risk_reserve,4037435.24,CET1
2021-09-10,intangible_assets,-1200000.00,CET1_DEDUCTION
2021-09-17,paid_up_capital,22000000.00,CET1
2021-09-17,statutory_reserves,18898160.32,CET1
2021-09-17,retained_earnings,19214520.37,CET1
2021-09-17,credit_risk_reserve,4058414.53,CET1
2021-09-17,intangible_assets,-1200000.00,CET1_DEDUCTION
2021-09-24,paid_up_capital,22000000.00,CET1
2021-09-24,statutory_reserves,18939553.22,CET1
2021-09-24,retained_earnings,19262812.09,CET1
2021-09-24,credit_risk_reserve,4142638.20,CET1
2021-09-24,intangible_assets,-1200000.00,CET1_DEDUCTION
2021-09-30,paid_up_capital,22000000.00,CET1
2021-09-30,statutory_reserves,18975032.85,CET1
2021-09-30,retained_earnings,19304204.99,CET1
2021-09-30,credit_risk_reserve,4137440.17,CET1
2021-09-30,intangible_assets,-1200000.00,CET1_DEDUCTION
2021-10-01,paid_up_capital,22000000.00,CET1
2021-10-01,statutory_reserves,18980946.12,CET1
2021-10-01,retained_earnings,19311103.81,CET1
2021-10-01,credit_risk_reserve,4153955.47,CET1
2021-10-01,intangible_assets,-1200000.00,CET1_DEDUCTION
2021-10-08,paid_up_capital,22000000.00,CET1
2021-10-08,statutory_reserves,19022339.03,CET1
2021-10-08,retained_earnings,19359395.53,CET1
2021-10-08,credit_risk_reserve,4198705.22,CET1
2021-10-08,intangible_assets,-1200000.00,CET1_DEDUCTION
2021-10-15,paid_up_capital,22000000.00,CET1
2021-10-15,statutory_reserves,19063731.93,CET1
2021-10-15,retained_earnings,19407687.25,CET1
2021-10-15,credit_risk_reserve,4207574.18,CET1
2021-10-15,intangible_assets,-1200000.00,CET1_DEDUCTION
2021-10-22,paid_up_capital,22000000.00,CET1
2021-10-22,statutory_reserves,19105124.84,CET1
2021-10-22,retained_earnings,19455978.98,CET1
2021-10-22,credit_risk_reserve,4229772.13,CET1
2021-10-22,intangible_assets,-1200000.00,CET1_DEDUCTION
2021-10-29,paid_up_capital,22000000.00,CET1
2021-10-29,statutory_reserves,19146517.74,CET1
2021-10-29,retained_earnings,19504270.70,CET1
2021-10-29,credit_risk_reserve,4252118.49,CET1
2021-10-29,intangible_assets,-1200000.00,CET1_DEDUCTION
2021-10-31,paid_up_capital,22000000.00,CET1
2021-10-31,statutory_reserves,19158344.28,CET1
2021-10-31,retained_earnings,19518068.33,CET1
2021-10-31,credit_risk_reserve,4194756.11,CET1
2021-10-31,intangible_assets,-1200000.00,CET1_DEDUCTION
2021-11-05,paid_up_capital,22000000.00,CET1
2021-11-05,statutory_reserves,19187910.64,CET1
2021-11-05,retained_earnings,19552562.42,CET1
2021-11-05,credit_risk_reserve,4242297.13,CET1
2021-11-05,intangible_assets,-1200000.00,CET1_DEDUCTION
2021-11-12,paid_up_capital,22000000.00,CET1
2021-11-12,statutory_reserves,19229303.55,CET1
2021-11-12,retained_earnings,19600854.14,CET1
2021-11-12,credit_risk_reserve,4225928.47,CET1
2021-11-12,intangible_assets,-1200000.00,CET1_DEDUCTION
2021-11-19,paid_up_capital,22000000.00,CET1
2021-11-19,statutory_reserves,19270696.45,CET1
2021-11-19,retained_earnings,19649145.86,CET1
2021-11-19,credit_risk_reserve,4232405.31,CET1
2021-11-19,intangible_assets,-1200000.00,CET1_DEDUCTION
2021-11-26,paid_up_capital,22000000.00,CET1
2021-11-26,statutory_reserves,19312089.36,CET1
2021-11-26,retained_earnings,19697437.58,CET1
2021-11-26,credit_risk_reserve,4267747.47,CET1
2021-11-26,intangible_assets,-1200000.00,CET1_DEDUCTION
2021-11-30,paid_up_capital,22000000.00,CET1
2021-11-30,statutory_reserves,19335742.44,CET1
2021-11-30,retained_earnings,19725032.85,CET1
2021-11-30,credit_risk_reserve,4269589.72,CET1
2021-11-30,intangible_assets,-1200000.00,CET1_DEDUCTION
2021-12-03,paid_up_capital,22000000.00,CET1
2021-12-03,statutory_reserves,19353482.26,CET1
2021-12-03,retained_earnings,19745729.30,CET1
2021-12-03,credit_risk_reserve,4259916.71,CET1
2021-12-03,intangible_assets,-1200000.00,CET1_DEDUCTION
2021-12-10,paid_up_capital,22000000.00,CET1
2021-12-10,statutory_reserves,19394875.16,CET1
2021-12-10,retained_earnings,19794021.02,CET1
2021-12-10,credit_risk_reserve,4284397.36,CET1
2021-12-10,intangible_assets,-1200000.00,CET1_DEDUCTION
2021-12-17,paid_up_capital,22000000.00,CET1
2021-12-17,statutory_reserves,19436268.07,CET1
2021-12-17,retained_earnings,19842312.75,CET1
2021-12-17,credit_risk_reserve,4268843.20,CET1
2021-12-17,intangible_assets,-1200000.00,CET1_DEDUCTION
2021-12-24,paid_up_capital,22000000.00,CET1
2021-12-24,statutory_reserves,19477660.97,CET1
2021-12-24,retained_earnings,19890604.47,CET1
2021-12-24,credit_risk_reserve,4274894.69,CET1
2021-12-24,intangible_assets,-1200000.00,CET1_DEDUCTION
2021-12-31,paid_up_capital,22000000.00,CET1
2021-12-31,statutory_reserves,19519053.88,CET1
2021-12-31,retained_earnings,19938896.19,CET1
2021-12-31,credit_risk_reserve,4285381.60,CET1
2021-12-31,intangible_assets,-1200000.00,CET1_DEDUCTION
2022-01-07,paid_up_capital,22000000.00,CET1
2022-01-07,statutory_reserves,19560446.78,CET1
2022-01-07,retained_earnings,19987187.91,CET1
2022-01-07,credit_risk_reserve,4283304.95,CET1
2022-01-07,intangible_assets,-1200000.00,CET1_DEDUCTION
2022-01-14,paid_up_capital,22000000.00,CET1
2022-01-14,statutory_reserves,19601839.68,CET1
2022-01-14,retained_earnings,20035479.63,CET1
2022-01-14,credit_risk_reserve,4309353.04,CET1
2022-01-14,intangible_assets,-1200000.00,CET1_DEDUCTION
2022-01-21,paid_up_capital,22000000.00,CET1
2022-01-21,statutory_reserves,19643232.59,CET1
2022-01-21,retained_earnings,20083771.35,CET1
2022-01-21,credit_risk_reserve,4288892.61,CET1
2022-01-21,intangible_assets,-1200000.00,CET1_DEDUCTION
2022-01-28,paid_up_capital,22000000.00,CET1
2022-01-28,statutory_reserves,19684625.49,CET1
2022-01-28,retained_earnings,20132063.07,CET1
2022-01-28,credit_risk_reserve,4278069.60,CET1
2022-01-28,intangible_assets,-1200000.00,CET1_DEDUCTION
2022-01-31,paid_up_capital,22000000.00,CET1
2022-01-31,statutory_reserves,19702365.31,CET1
2022-01-31,retained_earnings,20152759.53,CET1
2022-01-31,credit_risk_reserve,4317487.37,CET1
2022-01-31,intangible_assets,-1200000.00,CET1_DEDUCTION
2022-02-04,paid_up_capital,22000000.00,CET1
2022-02-04,statutory_reserves,19726018.40,CET1
2022-02-04,retained_earnings,20180354.80,CET1
2022-02-04,credit_risk_reserve,4263007.34,CET1
2022-02-04,intangible_assets,-1200000.00,CET1_DEDUCTION
2022-02-11,paid_up_capital,22000000.00,CET1
2022-02-11,statutory_reserves,19767411.30,CET1
2022-02-11,retained_earnings,20228646.52,CET1
2022-02-11,credit_risk_reserve,4294534.00,CET1
2022-02-11,intangible_assets,-1200000.00,CET1_DEDUCTION
2022-02-18,paid_up_capital,22000000.00,CET1
2022-02-18,statutory_reserves,19808804.20,CET1
2022-02-18,retained_earnings,20276938.24,CET1
2022-02-18,credit_risk_reserve,4314686.36,CET1
2022-02-18,intangible_assets,-1200000.00,CET1_DEDUCTION
2022-02-25,paid_up_capital,22000000.00,CET1
2022-02-25,statutory_reserves,19850197.11,CET1
2022-02-25,retained_earnings,20325229.96,CET1
2022-02-25,credit_risk_reserve,4317887.63,CET1
2022-02-25,intangible_assets,-1200000.00,CET1_DEDUCTION
2022-02-28,paid_up_capital,22000000.00,CET1
2022-02-28,statutory_reserves,19867936.93,CET1
2022-02-28,retained_earnings,20345926.41,CET1
2022-02-28,credit_risk_reserve,4323845.49,CET1
2022-02-28,intangible_assets,-1200000.00,CET1_DEDUCTION
2022-03-04,paid_up_capital,22000000.00,CET1
2022-03-04,statutory_reserves,19891590.01,CET1
2022-03-04,retained_earnings,20373521.68,CET1
2022-03-04,credit_risk_reserve,4321945.66,CET1
2022-03-04,intangible_assets,-1200000.00,CET1_DEDUCTION
2022-03-11,paid_up_capital,22000000.00,CET1
2022-03-11,statutory_reserves,19932982.92,CET1
2022-03-11,retained_earnings,20421813.40,CET1
2022-03-11,credit_risk_reserve,4310084.99,CET1
2022-03-11,intangible_assets,-1200000.00,CET1_DEDUCTION
2022-03-18,paid_up_capital,22000000.00,CET1
2022-03-18,statutory_reserves,19974375.82,CET1
2022-03-18,retained_earnings,20470105.12,CET1
2022-03-18,credit_risk_reserve,4293434.14,CET1
2022-03-18,intangible_assets,-1200000.00,CET1_DEDUCTION
2022-03-25,paid_up_capital,22000000.00,CET1
2022-03-25,statutory_reserves,20015768.73,CET1
2022-03-25,retained_earnings,20518396.85,CET1
2022-03-25,credit_risk_reserve,4317189.60,CET1
2022-03-25,intangible_assets,-1200000.00,CET1_DEDUCTION
2022-03-31,paid_up_capital,22000000.00,CET1
2022-03-31,statutory_reserves,20051248.36,CET1
2022-03-31,retained_earnings,20559789.75,CET1
2022-03-31,credit_risk_reserve,4340661.94,CET1
2022-03-31,intangible_assets,-1200000.00,CET1_DEDUCTION
2022-04-01,paid_up_capital,22000000.00,CET1
2022-04-01,statutory_reserves,20057161.63,CET1
2022-04-01,retained_earnings,20566688.57,CET1
2022-04-01,credit_risk_reserve,4329683.43,CET1
2022-04-01,intangible_assets,-1200000.00,CET1_DEDUCTION
2022-04-08,paid_up_capital,22000000.00,CET1
2022-04-08,statutory_reserves,20098554.53,CET1
2022-04-08,retained_earnings,20614980.29,CET1
2022-04-08,credit_risk_reserve,4327291.79,CET1
2022-04-08,intangible_assets,-1200000.00,CET1_DEDUCTION
2022-04-15,paid_up_capital,22000000.00,CET1
2022-04-15,statutory_reserves,20139947.44,CET1
2022-04-15,retained_earnings,20663272.01,CET1
2022-04-15,credit_risk_reserve,4335516.45,CET1
2022-04-15,intangible_assets,-1200000.00,CET1_DEDUCTION
2022-04-22,paid_up_capital,22000000.00,CET1
2022-04-22,statutory_reserves,20181340.34,CET1
2022-04-22,retained_earnings,20711563.73,CET1
2022-04-22,credit_risk_reserve,4329752.76,CET1
2022-04-22,intangible_assets,-1200000.00,CET1_DEDUCTION
2022-04-29,paid_up_capital,22000000.00,CET1
2022-04-29,statutory_reserves,20222733.25,CET1
2022-04-29,retained_earnings,20759855.45,CET1
2022-04-29,credit_risk_reserve,4354999.72,CET1
2022-04-29,intangible_assets,-1200000.00,CET1_DEDUCTION
2022-04-30,paid_up_capital,22000000.00,CET1
2022-04-30,statutory_reserves,20228646.52,CET1
2022-04-30,retained_earnings,20766754.27,CET1
2022-04-30,credit_risk_reserve,4387043.53,CET1
2022-04-30,intangible_assets,-1200000.00,CET1_DEDUCTION
2022-05-06,paid_up_capital,22000000.00,CET1
2022-05-06,statutory_reserves,20264126.15,CET1
2022-05-06,retained_earnings,20808147.17,CET1
2022-05-06,credit_risk_reserve,4371995.42,CET1
2022-05-06,intangible_assets,-1200000.00,CET1_DEDUCTION
2022-05-13,paid_up_capital,22000000.00,CET1
2022-05-13,statutory_reserves,20305519.05,CET1
2022-05-13,retained_earnings,20856438.90,CET1
2022-05-13,credit_risk_reserve,4338210.60,CET1
2022-05-13,intangible_assets,-1200000.00,CET1_DEDUCTION
2022-05-20,paid_up_capital,22000000.00,CET1
2022-05-20,statutory_reserves,20346911.96,CET1
2022-05-20,retained_earnings,20904730.62,CET1
2022-05-20,credit_risk_reserve,4380855.62,CET1
2022-05-20,intangible_assets,-1200000.00,CET1_DEDUCTION
2022-05-27,paid_up_capital,22000000.00,CET1
2022-05-27,statutory_reserves,20388304.86,CET1
2022-05-27,retained_earnings,20953022.34,CET1
2022-05-27,credit_risk_reserve,4367990.33,CET1
2022-05-27,intangible_assets,-1200000.00,CET1_DEDUCTION
2022-05-31,paid_up_capital,22000000.00,CET1
2022-05-31,statutory_reserves,20411957.95,CET1
2022-05-31,retained_earnings,20980617.61,CET1
2022-05-31,credit_risk_reserve,4372027.41,CET1
2022-05-31,intangible_assets,-1200000.00,CET1_DEDUCTION
2022-06-03,paid_up_capital,22000000.00,CET1
2022-06-03,statutory_reserves,20429697.77,CET1
2022-06-03,retained_earnings,21001314.06,CET1
2022-06-03,credit_risk_reserve,4391158.75,CET1
2022-06-03,intangible_assets,-1200000.00,CET1_DEDUCTION
2022-06-10,paid_up_capital,22000000.00,CET1
2022-06-10,statutory_reserves,20471090.67,CET1
2022-06-10,retained_earnings,21049605.78,CET1
2022-06-10,credit_risk_reserve,4371385.98,CET1
2022-06-10,intangible_assets,-1200000.00,CET1_DEDUCTION
2022-06-17,paid_up_capital,22000000.00,CET1
2022-06-17,statutory_reserves,20512483.57,CET1
2022-06-17,retained_earnings,21097897.50,CET1
2022-06-17,credit_risk_reserve,4424587.96,CET1
2022-06-17,intangible_assets,-1200000.00,CET1_DEDUCTION
2022-06-24,paid_up_capital,22000000.00,CET1
2022-06-24,statutory_reserves,20553876.48,CET1
2022-06-24,retained_earnings,21146189.22,CET1
2022-06-24,credit_risk_reserve,4450525.53,CET1
2022-06-24,intangible_assets,-1200000.00,CET1_DEDUCTION
2022-06-30,paid_up_capital,22000000.00,CET1
2022-06-30,statutory_reserves,20589356.11,CET1
2022-06-30,retained_earnings,21187582.13,CET1
2022-06-30,credit_risk_reserve,4393013.24,CET1
2022-06-30,intangible_assets,-1200000.00,CET1_DEDUCTION
2022-07-01,paid_up_capital,22000000.00,CET1
2022-07-01,statutory_reserves,20595269.38,CET1
2022-07-01,retained_earnings,21194480.95,CET1
2022-07-01,credit_risk_reserve,4425057.38,CET1
2022-07-01,intangible_assets,-1200000.00,CET1_DEDUCTION
2022-07-08,paid_up_capital,22000000.00,CET1
2022-07-08,statutory_reserves,20636662.29,CET1
2022-07-08,retained_earnings,21242772.67,CET1
2022-07-08,credit_risk_reserve,4442120.29,CET1
2022-07-08,intangible_assets,-1200000.00,CET1_DEDUCTION
2022-07-15,paid_up_capital,22000000.00,CET1
2022-07-15,statutory_reserves,20678055.19,CET1
2022-07-15,retained_earnings,21291064.39,CET1
2022-07-15,credit_risk_reserve,4459212.81,CET1
2022-07-15,intangible_assets,-1200000.00,CET1_DEDUCTION
2022-07-22,paid_up_capital,22000000.00,CET1
2022-07-22,statutory_reserves,20719448.09,CET1
2022-07-22,retained_earnings,21339356.11,CET1
2022-07-22,credit_risk_reserve,4448857.92,CET1
2022-07-22,intangible_assets,-1200000.00,CET1_DEDUCTION
2022-07-29,paid_up_capital,22000000.00,CET1
2022-07-29,statutory_reserves,20760841.00,CET1
2022-07-29,retained_earnings,21387647.83,CET1
2022-07-29,credit_risk_reserve,4477337.55,CET1
2022-07-29,intangible_assets,-1200000.00,CET1_DEDUCTION
2022-07-31,paid_up_capital,22000000.00,CET1
2022-07-31,statutory_reserves,20772667.54,CET1
2022-07-31,retained_earnings,21401445.47,CET1
2022-07-31,credit_risk_reserve,4428553.08,CET1
2022-07-31,intangible_assets,-1200000.00,CET1_DEDUCTION
2022-08-05,paid_up_capital,22000000.00,CET1
2022-08-05,statutory_reserves,20802233.90,CET1
2022-08-05,retained_earnings,21435939.55,CET1
2022-08-05,credit_risk_reserve,4463210.89,CET1
2022-08-05,intangible_assets,-1200000.00,CET1_DEDUCTION
2022-08-12,paid_up_capital,22000000.00,CET1
2022-08-12,statutory_reserves,20843626.81,CET1
2022-08-12,retained_earnings,21484231.27,CET1
2022-08-12,credit_risk_reserve,4484289.49,CET1
2022-08-12,intangible_assets,-1200000.00,CET1_DEDUCTION
2022-08-19,paid_up_capital,22000000.00,CET1
2022-08-19,statutory_reserves,20885019.71,CET1
2022-08-19,retained_earnings,21532523.00,CET1
2022-08-19,credit_risk_reserve,4493653.24,CET1
2022-08-19,intangible_assets,-1200000.00,CET1_DEDUCTION
2022-08-26,paid_up_capital,22000000.00,CET1
2022-08-26,statutory_reserves,20926412.61,CET1
2022-08-26,retained_earnings,21580814.72,CET1
2022-08-26,credit_risk_reserve,4468621.08,CET1
2022-08-26,intangible_assets,-1200000.00,CET1_DEDUCTION
2022-08-31,paid_up_capital,22000000.00,CET1
2022-08-31,statutory_reserves,20955978.98,CET1
2022-08-31,retained_earnings,21615308.80,CET1
2022-08-31,credit_risk_reserve,4446525.92,CET1
2022-08-31,intangible_assets,-1200000.00,CET1_DEDUCTION
2022-09-02,paid_up_capital,22000000.00,CET1
2022-09-02,statutory_reserves,20967805.52,CET1
2022-09-02,retained_earnings,21629106.44,CET1
2022-09-02,credit_risk_reserve,4488075.13,CET1
2022-09-02,intangible_assets,-1200000.00,CET1_DEDUCTION
2022-09-09,paid_up_capital,22000000.00,CET1
2022-09-09,statutory_reserves,21009198.42,CET1
2022-09-09,retained_earnings,21677398.16,CET1
2022-09-09,credit_risk_reserve,4476296.76,CET1
2022-09-09,intangible_assets,-1200000.00,CET1_DEDUCTION
2022-09-16,paid_up_capital,22000000.00,CET1
2022-09-16,statutory_reserves,21050591.33,CET1
2022-09-16,retained_earnings,21725689.88,CET1
2022-09-16,credit_risk_reserve,4531032.52,CET1
2022-09-16,intangible_assets,-1200000.00,CET1_DEDUCTION
2022-09-23,paid_up_capital,22000000.00,CET1
2022-09-23,statutory_reserves,21091984.23,CET1
2022-09-23,retained_earnings,21773981.60,CET1
2022-09-23,credit_risk_reserve,4513919.60,CET1
2022-09-23,intangible_assets,-1200000.00,CET1_DEDUCTION
2022-09-30,paid_up_capital,22000000.00,CET1
2022-09-30,statutory_reserves,21133377.14,CET1
2022-09-30,retained_earnings,21822273.32,CET1
2022-09-30,credit_risk_reserve,4556642.30,CET1
2022-09-30,intangible_assets,-1200000.00,CET1_DEDUCTION
2022-10-07,paid_up_capital,22000000.00,CET1
2022-10-07,statutory_reserves,21174770.04,CET1
2022-10-07,retained_earnings,21870565.05,CET1
2022-10-07,credit_risk_reserve,4525054.57,CET1
2022-10-07,intangible_assets,-1200000.00,CET1_DEDUCTION
2022-10-14,paid_up_capital,22000000.00,CET1
2022-10-14,statutory_reserves,21216162.94,CET1
2022-10-14,retained_earnings,21918856.77,CET1
2022-10-14,credit_risk_reserve,4531378.18,CET1
2022-10-14,intangible_assets,-1200000.00,CET1_DEDUCTION
2022-10-21,paid_up_capital,22000000.00,CET1
2022-10-21,statutory_reserves,21257555.85,CET1
2022-10-21,retained_earnings,21967148.49,CET1
2022-10-21,credit_risk_reserve,4557060.96,CET1
2022-10-21,intangible_assets,-1200000.00,CET1_DEDUCTION
2022-10-28,paid_up_capital,22000000.00,CET1
2022-10-28,statutory_reserves,21298948.75,CET1
2022-10-28,retained_earnings,22015440.21,CET1
2022-10-28,credit_risk_reserve,4534399.70,CET1
2022-10-28,intangible_assets,-1200000.00,CET1_DEDUCTION
2022-10-31,paid_up_capital,22000000.00,CET1
2022-10-31,statutory_reserves,21316688.57,CET1
2022-10-31,retained_earnings,22036136.66,CET1
2022-10-31,credit_risk_reserve,4562126.15,CET1
2022-10-31,intangible_assets,-1200000.00,CET1_DEDUCTION
2022-11-04,paid_up_capital,22000000.00,CET1
2022-11-04,statutory_reserves,21340341.66,CET1
2022-11-04,retained_earnings,22063731.93,CET1
2022-11-04,credit_risk_reserve,4527547.58,CET1
2022-11-04,intangible_assets,-1200000.00,CET1_DEDUCTION
2022-11-11,paid_up_capital,22000000.00,CET1
2022-11-11,statutory_reserves,21381734.56,CET1
2022-11-11,retained_earnings,22112023.65,CET1
2022-11-11,credit_risk_reserve,4555911.10,CET1
2022-11-11,intangible_assets,-1200000.00,CET1_DEDUCTION
2022-11-18,paid_up_capital,22000000.00,CET1
2022-11-18,statutory_reserves,21423127.46,CET1
2022-11-18,retained_earnings,22160315.37,CET1
2022-11-18,credit_risk_reserve,4527701.09,CET1
2022-11-18,intangible_assets,-1200000.00,CET1_DEDUCTION
2022-11-25,paid_up_capital,22000000.00,CET1
2022-11-25,statutory_reserves,21464520.37,CET1
2022-11-25,retained_earnings,22208607.10,CET1
2022-11-25,credit_risk_reserve,4542932.42,CET1
2022-11-25,intangible_assets,-1200000.00,CET1_DEDUCTION
2022-11-30,paid_up_capital,22000000.00,CET1
2022-11-30,statutory_reserves,21494086.73,CET1
2022-11-30,retained_earnings,22243101.18,CET1
2022-11-30,credit_risk_reserve,4573478.88,CET1
2022-11-30,intangible_assets,-1200000.00,CET1_DEDUCTION
2022-12-02,paid_up_capital,22000000.00,CET1
2022-12-02,statutory_reserves,21505913.27,CET1
2022-12-02,retained_earnings,22256898.82,CET1
2022-12-02,credit_risk_reserve,4579163.90,CET1
2022-12-02,intangible_assets,-1200000.00,CET1_DEDUCTION
2022-12-09,paid_up_capital,22000000.00,CET1
2022-12-09,statutory_reserves,21547306.18,CET1
2022-12-09,retained_earnings,22305190.54,CET1
2022-12-09,credit_risk_reserve,4550331.43,CET1
2022-12-09,intangible_assets,-1200000.00,CET1_DEDUCTION
2022-12-16,paid_up_capital,22000000.00,CET1
2022-12-16,statutory_reserves,21588699.08,CET1
2022-12-16,retained_earnings,22353482.26,CET1
2022-12-16,credit_risk_reserve,4591062.01,CET1
2022-12-16,intangible_assets,-1200000.00,CET1_DEDUCTION
2022-12-23,paid_up_capital,22000000.00,CET1
2022-12-23,statutory_reserves,21630091.98,CET1
2022-12-23,retained_earnings,22401773.98,CET1
2022-12-23,credit_risk_reserve,4574377.72,CET1
2022-12-23,intangible_assets,-1200000.00,CET1_DEDUCTION
2022-12-30,paid_up_capital,22000000.00,CET1
2022-12-30,statutory_reserves,21671484.89,CET1
2022-12-30,retained_earnings,22450065.70,CET1
2022-12-30,credit_risk_reserve,4605428.47,CET1
2022-12-30,intangible_assets,-1200000.00,CET1_DEDUCTION
2022-12-31,paid_up_capital,22000000.00,CET1
2022-12-31,statutory_reserves,21677398.16,CET1
2022-12-31,retained_earnings,22456964.52,CET1
2022-12-31,credit_risk_reserve,4623361.64,CET1
2022-12-31,intangible_assets,-1200000.00,CET1_DEDUCTION
2023-01-06,paid_up_capital,22000000.00,CET1
2023-01-06,statutory_reserves,21712877.79,CET1
2023-01-06,retained_earnings,22498357.42,CET1
2023-01-06,credit_risk_reserve,4573550.36,CET1
2023-01-06,intangible_assets,-1200000.00,CET1_DEDUCTION
2023-01-13,paid_up_capital,22000000.00,CET1
2023-01-13,statutory_reserves,21754270.70,CET1
2023-01-13,retained_earnings,22546649.15,CET1
2023-01-13,credit_risk_reserve,4624709.08,CET1
2023-01-13,intangible_assets,-1200000.00,CET1_DEDUCTION
2023-01-20,paid_up_capital,22000000.00,CET1
2023-01-20,statutory_reserves,21795663.60,CET1
2023-01-20,retained_earnings,22594940.87,CET1
2023-01-20,credit_risk_reserve,4635532.85,CET1
2023-01-20,intangible_assets,-1200000.00,CET1_DEDUCTION
2023-01-27,paid_up_capital,22000000.00,CET1
2023-01-27,statutory_reserves,21837056.50,CET1
2023-01-27,retained_earnings,22643232.59,CET1
2023-01-27,credit_risk_reserve,4619009.74,CET1
2023-01-27,intangible_assets,-1200000.00,CET1_DEDUCTION
2023-01-31,paid_up_capital,22000000.00,CET1
2023-01-31,statutory_reserves,21860709.59,CET1
2023-01-31,retained_earnings,22670827.86,CET1
2023-01-31,credit_risk_reserve,4654052.08,CET1
2023-01-31,intangible_assets,-1200000.00,CET1_DEDUCTION
2023-02-03,paid_up_capital,22000000.00,CET1
2023-02-03,statutory_reserves,21878449.41,CET1
2023-02-03,retained_earnings,22691524.31,CET1
2023-02-03,credit_risk_reserve,4646917.86,CET1
2023-02-03,intangible_assets,-1200000.00,CET1_DEDUCTION
2023-02-10,paid_up_capital,22000000.00,CET1
2023-02-10,statutory_reserves,21919842.31,CET1
2023-02-10,retained_earnings,22739816.03,CET1
2023-02-10,credit_risk_reserve,4671453.58,CET1
2023-02-10,intangible_assets,-1200000.00,CET1_DEDUCTION
2023-02-17,paid_up_capital,22000000.00,CET1
2023-02-17,statutory_reserves,21961235.22,CET1
2023-02-17,retained_earnings,22788107.75,CET1
2023-02-17,credit_risk_reserve,4642150.01,CET1
2023-02-17,intangible_assets,-1200000.00,CET1_DEDUCTION
2023-02-24,paid_up_capital,22000000.00,CET1
2023-02-24,statutory_reserves,22002628.12,CET1
2023-02-24,retained_earnings,22836399.47,CET1
2023-02-24,credit_risk_reserve,4685884.67,CET1
2023-02-24,intangible_assets,-1200000.00,CET1_DEDUCTION
2023-02-28,paid_up_capital,22000000.00,CET1
2023-02-28,statutory_reserves,22026281.21,CET1
2023-02-28,retained_earnings,22863994.74,CET1
2023-02-28,credit_risk_reserve,4683533.43,CET1
2023-02-28,intangible_assets,-1200000.00,CET1_DEDUCTION
2023-03-03,paid_up_capital,22000000.00,CET1
2023-03-03,statutory_reserves,22044021.02,CET1
2023-03-03,retained_earnings,22884691.20,CET1
2023-03-03,credit_risk_reserve,4689473.40,CET1
2023-03-03,intangible_assets,-1200000.00,CET1_DEDUCTION
2023-03-10,paid_up_capital,22000000.00,CET1
2023-03-10,statutory_reserves,22085413.93,CET1
2023-03-10,retained_earnings,22932982.92,CET1
2023-03-10,credit_risk_reserve,4667116.08,CET1
2023-03-10,intangible_assets,-1200000.00,CET1_DEDUCTION
2023-03-17,paid_up_capital,22000000.00,CET1
2023-03-17,statutory_reserves,22126806.83,CET1
2023-03-17,retained_earnings,22981274.64,CET1
2023-03-17,credit_risk_reserve,4758425.21,CET1
2023-03-17,intangible_assets,-1200000.00,CET1_DEDUCTION
2023-03-24,paid_up_capital,22000000.00,CET1
2023-03-24,statutory_reserves,22168199.74,CET1
2023-03-24,retained_earnings,23029566.36,CET1
2023-03-24,credit_risk_reserve,4721425.89,CET1
2023-03-24,intangible_assets,-1200000.00,CET1_DEDUCTION
2023-03-31,paid_up_capital,22000000.00,CET1
2023-03-31,statutory_reserves,22209592.64,CET1
2023-03-31,retained_earnings,23077858.08,CET1
2023-03-31,credit_risk_reserve,4752325.54,CET1
2023-03-31,intangible_assets,-1200000.00,CET1_DEDUCTION
2023-04-07,paid_up_capital,22000000.00,CET1
2023-04-07,statutory_reserves,22250985.55,CET1
2023-04-07,retained_earnings,23126149.80,CET1
2023-04-07,credit_risk_reserve,4731258.79,CET1
2023-04-07,intangible_assets,-1200000.00,CET1_DEDUCTION
2023-04-14,paid_up_capital,22000000.00,CET1
2023-04-14,statutory_reserves,22292378.45,CET1
2023-04-14,retained_earnings,23174441.52,CET1
2023-04-14,credit_risk_reserve,4775069.38,CET1
2023-04-14,intangible_assets,-1200000.00,CET1_DEDUCTION
2023-04-21,paid_up_capital,22000000.00,CET1
2023-04-21,statutory_reserves,22333771.35,CET1
2023-04-21,retained_earnings,23222733.25,CET1
2023-04-21,credit_risk_reserve,4823146.53,CET1
2023-04-21,intangible_assets,-1200000.00,CET1_DEDUCTION
2023-04-28,paid_up_capital,22000000.00,CET1
2023-04-28,statutory_reserves,22375164.26,CET1
2023-04-28,retained_earnings,23271024.97,CET1
2023-04-28,credit_risk_reserve,4863565.73,CET1
2023-04-28,intangible_assets,-1200000.00,CET1_DEDUCTION
2023-04-30,paid_up_capital,22000000.00,CET1
2023-04-30,statutory_reserves,22386990.80,CET1
2023-04-30,retained_earnings,23284822.60,CET1
2023-04-30,credit_risk_reserve,4846513.13,CET1
2023-04-30,intangible_assets,-1200000.00,CET1_DEDUCTION
2023-05-05,paid_up_capital,22000000.00,CET1
2023-05-05,statutory_reserves,22416557.16,CET1
2023-05-05,retained_earnings,23319316.69,CET1
2023-05-05,credit_risk_reserve,4848169.95,CET1
2023-05-05,intangible_assets,-1200000.00,CET1_DEDUCTION
2023-05-12,paid_up_capital,22000000.00,CET1
2023-05-12,statutory_reserves,22457950.07,CET1
2023-05-12,retained_earnings,23367608.41,CET1
2023-05-12,credit_risk_reserve,4822399.22,CET1
2023-05-12,intangible_assets,-1200000.00,CET1_DEDUCTION
2023-05-19,paid_up_capital,22000000.00,CET1
2023-05-19,statutory_reserves,22499342.97,CET1
2023-05-19,retained_earnings,23415900.13,CET1
2023-05-19,credit_risk_reserve,4864079.61,CET1
2023-05-19,intangible_assets,-1200000.00,CET1_DEDUCTION
2023-05-26,paid_up_capital,22000000.00,CET1
2023-05-26,statutory_reserves,22540735.87,CET1
2023-05-26,retained_earnings,23464191.85,CET1
2023-05-26,credit_risk_reserve,4858858.68,CET1
2023-05-26,intangible_assets,-1200000.00,CET1_DEDUCTION
2023-05-31,paid_up_capital,22000000.00,CET1
2023-05-31,statutory_reserves,22570302.23,CET1
2023-05-31,retained_earnings,23498685.94,CET1
2023-05-31,credit_risk_reserve,4891020.88,CET1
2023-05-31,intangible_assets,-1200000.00,CET1_DEDUCTION
2023-06-02,paid_up_capital,22000000.00,CET1
2023-06-02,statutory_reserves,22582128.78,CET1
2023-06-02,retained_earnings,23512483.57,CET1
2023-06-02,credit_risk_reserve,4821604.64,CET1
2023-06-02,intangible_assets,-1200000.00,CET1_DEDUCTION
2023-06-09,paid_up_capital,22000000.00,CET1
2023-06-09,statutory_reserves,22623521.68,CET1
2023-06-09,retained_earnings,23560775.30,CET1
2023-06-09,credit_risk_reserve,4845095.14,CET1
2023-06-09,intangible_assets,-1200000.00,CET1_DEDUCTION
2023-06-16,paid_up_capital,22000000.00,CET1
2023-06-16,statutory_reserves,22664914.59,CET1
2023-06-16,retained_earnings,23609067.02,CET1
2023-06-16,credit_risk_reserve,4872622.00,CET1
2023-06-16,intangible_assets,-1200000.00,CET1_DEDUCTION
2023-06-23,paid_up_capital,22000000.00,CET1
2023-06-23,statutory_reserves,22706307.49,CET1
2023-06-23,retained_earnings,23657358.74,CET1
2023-06-23,credit_risk_reserve,4847559.33,CET1
2023-06-23,intangible_assets,-1200000.00,CET1_DEDUCTION
2023-06-30,paid_up_capital,22000000.00,CET1
2023-06-30,statutory_reserves,22747700.39,CET1
2023-06-30,retained_earnings,23705650.46,CET1
2023-06-30,credit_risk_reserve,4901325.11,CET1
2023-06-30,intangible_assets,-1200000.00,CET1_DEDUCTION
2023-07-07,paid_up_capital,22000000.00,CET1
2023-07-07,statutory_reserves,22789093.30,CET1
2023-07-07,retained_earnings,23753942.18,CET1
2023-07-07,credit_risk_reserve,4938502.09,CET1
2023-07-07,intangible_assets,-1200000.00,CET1_DEDUCTION
2023-07-14,paid_up_capital,22000000.00,CET1
2023-07-14,statutory_reserves,22830486.20,CET1
2023-07-14,retained_earnings,23802233.90,CET1
2023-07-14,credit_risk_reserve,4941965.28,CET1
2023-07-14,intangible_assets,-1200000.00,CET1_DEDUCTION
2023-07-21,paid_up_capital,22000000.00,CET1
2023-07-21,statutory_reserves,22871879.11,CET1
2023-07-21,retained_earnings,23850525.62,CET1
2023-07-21,credit_risk_reserve,4896492.31,CET1
2023-07-21,intangible_assets,-1200000.00,CET1_DEDUCTION
2023-07-28,paid_up_capital,22000000.00,CET1
2023-07-28,statutory_reserves,22913272.01,CET1
2023-07-28,retained_earnings,23898817.35,CET1
2023-07-28,credit_risk_reserve,4935192.19,CET1
2023-07-28,intangible_assets,-1200000.00,CET1_DEDUCTION
2023-07-31,paid_up_capital,22000000.00,CET1
2023-07-31,statutory_reserves,22931011.83,CET1
2023-07-31,retained_earnings,23919513.80,CET1
2023-07-31,credit_risk_reserve,5010807.53,CET1
2023-07-31,intangible_assets,-1200000.00,CET1_DEDUCTION
2023-08-04,paid_up_capital,22000000.00,CET1
2023-08-04,statutory_reserves,22954664.91,CET1
2023-08-04,retained_earnings,23947109.07,CET1
2023-08-04,credit_risk_reserve,5013785.80,CET1
2023-08-04,intangible_assets,-1200000.00,CET1_DEDUCTION
2023-08-11,paid_up_capital,22000000.00,CET1
2023-08-11,statutory_reserves,22996057.82,CET1
2023-08-11,retained_earnings,23995400.79,CET1
2023-08-11,credit_risk_reserve,5041297.10,CET1
2023-08-11,intangible_assets,-1200000.00,CET1_DEDUCTION
2023-08-18,paid_up_capital,22000000.00,CET1
2023-08-18,statutory_reserves,23037450.72,CET1
2023-08-18,retained_earnings,24043692.51,CET1
2023-08-18,credit_risk_reserve,5087937.00,CET1
2023-08-18,intangible_assets,-1200000.00,CET1_DEDUCTION
2023-08-25,paid_up_capital,22000000.00,CET1
2023-08-25,statutory_reserves,23078843.63,CET1
2023-08-25,retained_earnings,24091984.23,CET1
2023-08-25,credit_risk_reserve,5055708.72,CET1
2023-08-25,intangible_assets,-1200000.00,CET1_DEDUCTION
2023-08-31,paid_up_capital,22000000.00,CET1
2023-08-31,statutory_reserves,23114323.26,CET1
2023-08-31,retained_earnings,24133377.14,CET1
2023-08-31,credit_risk_reserve,5048355.17,CET1
2023-08-31,intangible_assets,-1200000.00,CET1_DEDUCTION
2023-09-01,paid_up_capital,22000000.00,CET1
2023-09-01,statutory_reserves,23120236.53,CET1
2023-09-01,retained_earnings,24140275.95,CET1
2023-09-01,credit_risk_reserve,5072988.59,CET1
2023-09-01,intangible_assets,-1200000.00,CET1_DEDUCTION
2023-09-08,paid_up_capital,22000000.00,CET1
2023-09-08,statutory_reserves,23161629.43,CET1
2023-09-08,retained_earnings,24188567.67,CET1
2023-09-08,credit_risk_reserve,5134406.01,CET1
2023-09-08,intangible_assets,-1200000.00,CET1_DEDUCTION
2023-09-15,paid_up_capital,22000000.00,CET1
2023-09-15,statutory_reserves,23203022.34,CET1
2023-09-15,retained_earnings,24236859.40,CET1
2023-09-15,credit_risk_reserve,5104503.14,CET1
2023-09-15,intangible_assets,-1200000.00,CET1_DEDUCTION
2023-09-22,paid_up_capital,22000000.00,CET1
2023-09-22,statutory_reserves,23244415.24,CET1
2023-09-22,retained_earnings,24285151.12,CET1
2023-09-22,credit_risk_reserve,5120568.63,CET1
2023-09-22,intangible_assets,-1200000.00,CET1_DEDUCTION
2023-09-29,paid_up_capital,22000000.00,CET1
2023-09-29,statutory_reserves,23285808.15,CET1
2023-09-29,retained_earnings,24333442.84,CET1
2023-09-29,credit_risk_reserve,5196661.68,CET1
2023-09-29,intangible_assets,-1200000.00,CET1_DEDUCTION
2023-09-30,paid_up_capital,22000000.00,CET1
2023-09-30,statutory_reserves,23291721.42,CET1
2023-09-30,retained_earnings,24340341.66,CET1
2023-09-30,credit_risk_reserve,5164328.88,CET1
2023-09-30,intangible_assets,-1200000.00,CET1_DEDUCTION
2023-10-06,paid_up_capital,22000000.00,CET1
2023-10-06,statutory_reserves,23327201.05,CET1
2023-10-06,retained_earnings,24381734.56,CET1
2023-10-06,credit_risk_reserve,5172901.64,CET1
2023-10-06,intangible_assets,-1200000.00,CET1_DEDUCTION
2023-10-13,paid_up_capital,22000000.00,CET1
2023-10-13,statutory_reserves,23368593.96,CET1
2023-10-13,retained_earnings,24430026.28,CET1
2023-10-13,credit_risk_reserve,5158813.60,CET1
2023-10-13,intangible_assets,-1200000.00,CET1_DEDUCTION
2023-10-20,paid_up_capital,22000000.00,CET1
2023-10-20,statutory_reserves,23409986.86,CET1
2023-10-20,retained_earnings,24478318.00,CET1
2023-10-20,credit_risk_reserve,5168761.02,CET1
2023-10-20,intangible_assets,-1200000.00,CET1_DEDUCTION
2023-10-27,paid_up_capital,22000000.00,CET1
2023-10-27,statutory_reserves,23451379.76,CET1
2023-10-27,retained_earnings,24526609.72,CET1
2023-10-27,credit_risk_reserve,5224539.24,CET1
2023-10-27,intangible_assets,-1200000.00,CET1_DEDUCTION
2023-10-31,paid_up_capital,22000000.00,CET1
2023-10-31,statutory_reserves,23475032.85,CET1
2023-10-31,retained_earnings,24554204.99,CET1
2023-10-31,credit_risk_reserve,5229141.71,CET1
2023-10-31,intangible_assets,-1200000.00,CET1_DEDUCTION
2023-11-03,paid_up_capital,22000000.00,CET1
2023-11-03,statutory_reserves,23492772.67,CET1
2023-11-03,retained_earnings,24574901.45,CET1
2023-11-03,credit_risk_reserve,5196891.88,CET1
2023-11-03,intangible_assets,-1200000.00,CET1_DEDUCTION
2023-11-10,paid_up_capital,22000000.00,CET1
2023-11-10,statutory_reserves,23534165.57,CET1
2023-11-10,retained_earnings,24623193.17,CET1
2023-11-10,credit_risk_reserve,5244248.71,CET1
2023-11-10,intangible_assets,-1200000.00,CET1_DEDUCTION
2023-11-17,paid_up_capital,22000000.00,CET1
2023-11-17,statutory_reserves,23575558.48,CET1
2023-11-17,retained_earnings,24671484.89,CET1
2023-11-17,credit_risk_reserve,5236585.74,CET1
2023-11-17,intangible_assets,-1200000.00,CET1_DEDUCTION
2023-11-24,paid_up_capital,22000000.00,CET1
2023-11-24,statutory_reserves,23616951.38,CET1
2023-11-24,retained_earnings,24719776.61,CET1
2023-11-24,credit_risk_reserve,5245175.15,CET1
2023-11-24,intangible_assets,-1200000.00,CET1_DEDUCTION
2023-11-30,paid_up_capital,22000000.00,CET1
2023-11-30,statutory_reserves,23652431.01,CET1
2023-11-30,retained_earnings,24761169.51,CET1
2023-11-30,credit_risk_reserve,5244774.60,CET1
2023-11-30,intangible_assets,-1200000.00,CET1_DEDUCTION
2023-12-01,paid_up_capital,22000000.00,CET1
2023-12-01,statutory_reserves,23658344.28,CET1
2023-12-01,retained_earnings,24768068.33,CET1
2023-12-01,credit_risk_reserve,5250394.04,CET1
2023-12-01,intangible_assets,-1200000.00,CET1_DEDUCTION
2023-12-08,paid_up_capital,22000000.00,CET1
2023-12-08,statutory_reserves,23699737.19,CET1
2023-12-08,retained_earnings,24816360.05,CET1
2023-12-08,credit_risk_reserve,5233969.93,CET1
2023-12-08,intangible_assets,-1200000.00,CET1_DEDUCTION
2023-12-15,paid_up_capital,22000000.00,CET1
2023-12-15,statutory_reserves,23741130.09,CET1
2023-12-15,retained_earnings,24864651.77,CET1
2023-12-15,credit_risk_reserve,5282518.46,CET1
2023-12-15,intangible_assets,-1200000.00,CET1_DEDUCTION
2023-12-22,paid_up_capital,22000000.00,CET1
2023-12-22,statutory_reserves,23782523.00,CET1
2023-12-22,retained_earnings,24912943.50,CET1
2023-12-22,credit_risk_reserve,5259211.53,CET1
2023-12-22,intangible_assets,-1200000.00,CET1_DEDUCTION
2023-12-29,paid_up_capital,22000000.00,CET1
2023-12-29,statutory_reserves,23823915.90,CET1
2023-12-29,retained_earnings,24961235.22,CET1
2023-12-29,credit_risk_reserve,5254431.45,CET1
2023-12-29,intangible_assets,-1200000.00,CET1_DEDUCTION
2023-12-31,paid_up_capital,22000000.00,CET1
2023-12-31,statutory_reserves,23835742.44,CET1
2023-12-31,retained_earnings,24975032.85,CET1
2023-12-31,credit_risk_reserve,5253531.06,CET1
2023-12-31,intangible_assets,-1200000.00,CET1_DEDUCTION
2024-01-05,paid_up_capital,22000000.00,CET1
2024-01-05,statutory_reserves,23865308.80,CET1
2024-01-05,retained_earnings,25009526.94,CET1
2024-01-05,credit_risk_reserve,5224041.24,CET1
2024-01-05,intangible_assets,-1200000.00,CET1_DEDUCTION
2024-01-12,paid_up_capital,22000000.00,CET1
2024-01-12,statutory_reserves,23906701.71,CET1
2024-01-12,retained_earnings,25057818.66,CET1
2024-01-12,credit_risk_reserve,5271145.86,CET1
2024-01-12,intangible_assets,-1200000.00,CET1_DEDUCTION
2024-01-19,paid_up_capital,22000000.00,CET1
2024-01-19,statutory_reserves,23948094.61,CET1
2024-01-19,retained_earnings,25106110.38,CET1
2024-01-19,credit_risk_reserve,5301076.11,CET1
2024-01-19,intangible_assets,-1200000.00,CET1_DEDUCTION
2024-01-26,paid_up_capital,22000000.00,CET1
2024-01-26,statutory_reserves,23989487.52,CET1
2024-01-26,retained_earnings,25154402.10,CET1
2024-01-26,credit_risk_reserve,5309088.11,CET1
2024-01-26,intangible_assets,-1200000.00,CET1_DEDUCTION
2024-01-31,paid_up_capital,22000000.00,CET1
2024-01-31,statutory_reserves,24019053.88,CET1
2024-01-31,retained_earnings,25188896.19,CET1
2024-01-31,credit_risk_reserve,5275277.07,CET1
2024-01-31,intangible_assets,-1200000.00,CET1_DEDUCTION
2024-02-02,paid_up_capital,22000000.00,CET1
2024-02-02,statutory_reserves,24030880.42,CET1
2024-02-02,retained_earnings,25202693.82,CET1
2024-02-02,credit_risk_reserve,5316067.16,CET1
2024-02-02,intangible_assets,-1200000.00,CET1_DEDUCTION
2024-02-09,paid_up_capital,22000000.00,CET1
2024-02-09,statutory_reserves,24072273.32,CET1
2024-02-09,retained_earnings,25250985.55,CET1
2024-02-09,credit_risk_reserve,5308004.23,CET1
2024-02-09,intangible_assets,-1200000.00,CET1_DEDUCTION
2024-02-16,paid_up_capital,22000000.00,CET1
2024-02-16,statutory_reserves,24113666.23,CET1
2024-02-16,retained_earnings,25299277.27,CET1
2024-02-16,credit_risk_reserve,5463359.83,CET1
2024-02-16,intangible_assets,-1200000.00,CET1_DEDUCTION
2024-02-23,paid_up_capital,22000000.00,CET1
2024-02-23,statutory_reserves,24155059.13,CET1
2024-02-23,retained_earnings,25347568.99,CET1
2024-02-23,credit_risk_reserve,5516576.39,CET1
2024-02-23,intangible_assets,-1200000.00,CET1_DEDUCTION
2024-02-29,paid_up_capital,22000000.00,CET1
2024-02-29,statutory_reserves,24190538.76,CET1
2024-02-29,retained_earnings,25388961.89,CET1
2024-02-29,credit_risk_reserve,5563875.45,CET1
2024-02-29,intangible_assets,-1200000.00,CET1_DEDUCTION
2024-03-01,paid_up_capital,22000000.00,CET1
2024-03-01,statutory_reserves,24196452.04,CET1
2024-03-01,retained_earnings,25395860.71,CET1
2024-03-01,credit_risk_reserve,5520514.13,CET1
2024-03-01,intangible_assets,-1200000.00,CET1_DEDUCTION
2024-03-08,paid_up_capital,22000000.00,CET1
2024-03-08,statutory_reserves,24237844.94,CET1
2024-03-08,retained_earnings,25444152.43,CET1
2024-03-08,credit_risk_reserve,5540679.01,CET1
2024-03-08,intangible_assets,-1200000.00,CET1_DEDUCTION
2024-03-15,paid_up_capital,22000000.00,CET1
2024-03-15,statutory_reserves,24279237.84,CET1
2024-03-15,retained_earnings,25492444.15,CET1
2024-03-15,credit_risk_reserve,5565352.30,CET1
2024-03-15,intangible_assets,-1200000.00,CET1_DEDUCTION
2024-03-22,paid_up_capital,22000000.00,CET1
2024-03-22,statutory_reserves,24320630.75,CET1
2024-03-22,retained_earnings,25540735.87,CET1
2024-03-22,credit_risk_reserve,5578890.10,CET1
2024-03-22,intangible_assets,-1200000.00,CET1_DEDUCTION
2024-03-29,paid_up_capital,22000000.00,CET1
2024-03-29,statutory_reserves,24362023.65,CET1
2024-03-29,retained_earnings,25589027.60,CET1
2024-03-29,credit_risk_reserve,5630085.14,CET1
2024-03-29,intangible_assets,-1200000.00,CET1_DEDUCTION
2024-03-31,paid_up_capital,22000000.00,CET1
2024-03-31,statutory_reserves,24373850.20,CET1
2024-03-31,retained_earnings,25602825.23,CET1
2024-03-31,credit_risk_reserve,5633104.36,CET1
2024-03-31,intangible_assets,-1200000.00,CET1_DEDUCTION
2024-04-05,paid_up_capital,22000000.00,CET1
2024-04-05,statutory_reserves,24403416.56,CET1
2024-04-05,retained_earnings,25637319.32,CET1
2024-04-05,credit_risk_reserve,5626427.37,CET1
2024-04-05,intangible_assets,-1200000.00,CET1_DEDUCTION
2024-04-12,paid_up_capital,22000000.00,CET1
2024-04-12,statutory_reserves,24444809.46,CET1
2024-04-12,retained_earnings,25685611.04,CET1
2024-04-12,credit_risk_reserve,5605545.20,CET1
2024-04-12,intangible_assets,-1200000.00,CET1_DEDUCTION
2024-04-19,paid_up_capital,22000000.00,CET1
2024-04-19,statutory_reserves,24486202.37,CET1
2024-04-19,retained_earnings,25733902.76,CET1
2024-04-19,credit_risk_reserve,5648632.46,CET1
2024-04-19,intangible_assets,-1200000.00,CET1_DEDUCTION
2024-04-26,paid_up_capital,22000000.00,CET1
2024-04-26,statutory_reserves,24527595.27,CET1
2024-04-26,retained_earnings,25782194.48,CET1
2024-04-26,credit_risk_reserve,5648883.34,CET1
2024-04-26,intangible_assets,-1200000.00,CET1_DEDUCTION
2024-04-30,paid_up_capital,22000000.00,CET1
2024-04-30,statutory_reserves,24551248.36,CET1
2024-04-30,retained_earnings,25809789.75,CET1
2024-04-30,credit_risk_reserve,5654603.68,CET1
2024-04-30,intangible_assets,-1200000.00,CET1_DEDUCTION
2024-05-03,paid_up_capital,22000000.00,CET1
2024-05-03,statutory_reserves,24568988.17,CET1
2024-05-03,retained_earnings,25830486.20,CET1
2024-05-03,credit_risk_reserve,5620188.55,CET1
2024-05-03,intangible_assets,-1200000.00,CET1_DEDUCTION
2024-05-10,paid_up_capital,22000000.00,CET1
2024-05-10,statutory_reserves,24610381.08,CET1
2024-05-10,retained_earnings,25878777.92,CET1
2024-05-10,credit_risk_reserve,5676811.93,CET1
2024-05-10,intangible_assets,-1200000.00,CET1_DEDUCTION
2024-05-17,paid_up_capital,22000000.00,CET1
2024-05-17,statutory_reserves,24651773.98,CET1
2024-05-17,retained_earnings,25927069.65,CET1
2024-05-17,credit_risk_reserve,5700983.09,CET1
2024-05-17,intangible_assets,-1200000.00,CET1_DEDUCTION
2024-05-24,paid_up_capital,22000000.00,CET1
2024-05-24,statutory_reserves,24693166.89,CET1
2024-05-24,retained_earnings,25975361.37,CET1
2024-05-24,credit_risk_reserve,5663070.59,CET1
2024-05-24,intangible_assets,-1200000.00,CET1_DEDUCTION
2024-05-31,paid_up_capital,22000000.00,CET1
2024-05-31,statutory_reserves,24734559.79,CET1
2024-05-31,retained_earnings,26023653.09,CET1
2024-05-31,credit_risk_reserve,5729529.45,CET1
2024-05-31,intangible_assets,-1200000.00,CET1_DEDUCTION
2024-06-07,paid_up_capital,22000000.00,CET1
2024-06-07,statutory_reserves,24775952.69,CET1
2024-06-07,retained_earnings,26071944.81,CET1
2024-06-07,credit_risk_reserve,5669575.64,CET1
2024-06-07,intangible_assets,-1200000.00,CET1_DEDUCTION
2024-06-14,paid_up_capital,22000000.00,CET1
2024-06-14,statutory_reserves,24817345.60,CET1
2024-06-14,retained_earnings,26120236.53,CET1
2024-06-14,credit_risk_reserve,5711410.11,CET1
2024-06-14,intangible_assets,-1200000.00,CET1_DEDUCTION
2024-06-21,paid_up_capital,22000000.00,CET1
2024-06-21,statutory_reserves,24858738.50,CET1
2024-06-21,retained_earnings,26168528.25,CET1
2024-06-21,credit_risk_reserve,5690240.90,CET1
2024-06-21,intangible_assets,-1200000.00,CET1_DEDUCTION
2024-06-28,paid_up_capital,22000000.00,CET1
2024-06-28,statutory_reserves,24900131.41,CET1
2024-06-28,retained_earnings,26216819.97,CET1
2024-06-28,credit_risk_reserve,5703406.98,CET1
2024-06-28,intangible_assets,-1200000.00,CET1_DEDUCTION
2024-06-30,paid_up_capital,22000000.00,CET1
2024-06-30,statutory_reserves,24911957.95,CET1
2024-06-30,retained_earnings,26230617.61,CET1
2024-06-30,credit_risk_reserve,5756666.51,CET1
2024-06-30,intangible_assets,-1200000.00,CET1_DEDUCTION
2024-07-05,paid_up_capital,22000000.00,CET1
2024-07-05,statutory_reserves,24941524.31,CET1
2024-07-05,retained_earnings,26265111.70,CET1
2024-07-05,credit_risk_reserve,5756914.22,CET1
2024-07-05,intangible_assets,-1200000.00,CET1_DEDUCTION
2024-07-12,paid_up_capital,22000000.00,CET1
2024-07-12,statutory_reserves,24982917.21,CET1
2024-07-12,retained_earnings,26313403.42,CET1
2024-07-12,credit_risk_reserve,5723983.27,CET1
2024-07-12,intangible_assets,-1200000.00,CET1_DEDUCTION
2024-07-19,paid_up_capital,22000000.00,CET1
2024-07-19,statutory_reserves,25024310.12,CET1
2024-07-19,retained_earnings,26361695.14,CET1
2024-07-19,credit_risk_reserve,5725465.84,CET1
2024-07-19,intangible_assets,-1200000.00,CET1_DEDUCTION
2024-07-26,paid_up_capital,22000000.00,CET1
2024-07-26,statutory_reserves,25065703.02,CET1
2024-07-26,retained_earnings,26409986.86,CET1
2024-07-26,credit_risk_reserve,5735239.32,CET1
2024-07-26,intangible_assets,-1200000.00,CET1_DEDUCTION
2024-07-31,paid_up_capital,22000000.00,CET1
2024-07-31,statutory_reserves,25095269.38,CET1
2024-07-31,retained_earnings,26444480.95,CET1
2024-07-31,credit_risk_reserve,5790781.08,CET1
2024-07-31,intangible_assets,-1200000.00,CET1_DEDUCTION
2024-08-02,paid_up_capital,22000000.00,CET1
2024-08-02,statutory_reserves,25107095.93,CET1
2024-08-02,retained_earnings,26458278.58,CET1
2024-08-02,credit_risk_reserve,5762723.30,CET1
2024-08-02,intangible_assets,-1200000.00,CET1_DEDUCTION
2024-08-09,paid_up_capital,22000000.00,CET1
2024-08-09,statutory_reserves,25148488.83,CET1
2024-08-09,retained_earnings,26506570.30,CET1
2024-08-09,credit_risk_reserve,5818798.97,CET1
2024-08-09,intangible_assets,-1200000.00,CET1_DEDUCTION
2024-08-16,paid_up_capital,22000000.00,CET1
2024-08-16,statutory_reserves,25189881.73,CET1
2024-08-16,retained_earnings,26554862.02,CET1
2024-08-16,credit_risk_reserve,5780082.79,CET1
2024-08-16,intangible_assets,-1200000.00,CET1_DEDUCTION
2024-08-23,paid_up_capital,22000000.00,CET1
2024-08-23,statutory_reserves,25231274.64,CET1
2024-08-23,retained_earnings,26603153.75,CET1
2024-08-23,credit_risk_reserve,5779328.76,CET1
2024-08-23,intangible_assets,-1200000.00,CET1_DEDUCTION
2024-08-30,paid_up_capital,22000000.00,CET1
2024-08-30,statutory_reserves,25272667.54,CET1
2024-08-30,retained_earnings,26651445.47,CET1
2024-08-30,credit_risk_reserve,5788076.36,CET1
2024-08-30,intangible_assets,-1200000.00,CET1_DEDUCTION
2024-08-31,paid_up_capital,22000000.00,CET1
2024-08-31,statutory_reserves,25278580.81,CET1
2024-08-31,retained_earnings,26658344.28,CET1
2024-08-31,credit_risk_reserve,5791828.60,CET1
2024-08-31,intangible_assets,-1200000.00,CET1_DEDUCTION
2024-09-02,paid_up_capital,22000000.00,CET1
2024-09-02,statutory_reserves,25290407.36,CET1
2024-09-02,retained_earnings,26672141.92,CET1
2024-09-02,credit_risk_reserve,5799182.94,CET1
2024-09-02,intangible_assets,-1200000.00,CET1_DEDUCTION
2024-09-03,paid_up_capital,22000000.00,CET1
2024-09-03,statutory_reserves,25296320.63,CET1
2024-09-03,retained_earnings,26679040.74,CET1
2024-09-03,credit_risk_reserve,5843787.80,CET1
2024-09-03,intangible_assets,-1200000.00,CET1_DEDUCTION
2024-09-04,paid_up_capital,22000000.00,CET1
2024-09-04,statutory_reserves,25302233.90,CET1
2024-09-04,retained_earnings,26685939.55,CET1
2024-09-04,credit_risk_reserve,5844900.36,CET1
2024-09-04,intangible_assets,-1200000.00,CET1_DEDUCTION
2024-09-05,paid_up_capital,22000000.00,CET1
2024-09-05,statutory_reserves,25308147.17,CET1
2024-09-05,retained_earnings,26692838.37,CET1
2024-09-05,credit_risk_reserve,5786506.38,CET1
2024-09-05,intangible_assets,-1200000.00,CET1_DEDUCTION
2024-09-06,paid_up_capital,22000000.00,CET1
2024-09-06,statutory_reserves,25314060.45,CET1
2024-09-06,retained_earnings,26699737.19,CET1
2024-09-06,credit_risk_reserve,5805206.85,CET1
2024-09-06,intangible_assets,-1200000.00,CET1_DEDUCTION
2024-09-09,paid_up_capital,22000000.00,CET1
2024-09-09,statutory_reserves,25331800.26,CET1
2024-09-09,retained_earnings,26720433.64,CET1
2024-09-09,credit_risk_reserve,5813344.99,CET1
2024-09-09,intangible_assets,-1200000.00,CET1_DEDUCTION
2024-09-10,paid_up_capital,22000000.00,CET1
2024-09-10,statutory_reserves,25337713.53,CET1
2024-09-10,retained_earnings,26727332.46,CET1
2024-09-10,credit_risk_reserve,5830269.21,CET1
2024-09-10,intangible_assets,-1200000.00,CET1_DEDUCTION
2024-09-11,paid_up_capital,22000000.00,CET1
2024-09-11,statutory_reserves,25343626.81,CET1
2024-09-11,retained_earnings,26734231.27,CET1
2024-09-11,credit_risk_reserve,5798288.22,CET1
2024-09-11,intangible_assets,-1200000.00,CET1_DEDUCTION
2024-09-12,paid_up_capital,22000000.00,CET1
2024-09-12,statutory_reserves,25349540.08,CET1
2024-09-12,retained_earnings,26741130.09,CET1
2024-09-12,credit_risk_reserve,5849596.55,CET1
2024-09-12,intangible_assets,-1200000.00,CET1_DEDUCTION
2024-09-13,paid_up_capital,22000000.00,CET1
2024-09-13,statutory_reserves,25355453.35,CET1
2024-09-13,retained_earnings,26748028.91,CET1
2024-09-13,credit_risk_reserve,5881350.64,CET1
2024-09-13,intangible_assets,-1200000.00,CET1_DEDUCTION
2024-09-16,paid_up_capital,22000000.00,CET1
2024-09-16,statutory_reserves,25373193.17,CET1
2024-09-16,retained_earnings,26768725.36,CET1
2024-09-16,credit_risk_reserve,5851045.15,CET1
2024-09-16,intangible_assets,-1200000.00,CET1_DEDUCTION
2024-09-17,paid_up_capital,22000000.00,CET1
2024-09-17,statutory_reserves,25379106.44,CET1
2024-09-17,retained_earnings,26775624.18,CET1
2024-09-17,credit_risk_reserve,5883774.32,CET1
2024-09-17,intangible_assets,-1200000.00,CET1_DEDUCTION
2024-09-18,paid_up_capital,22000000.00,CET1
2024-09-18,statutory_reserves,25385019.71,CET1
2024-09-18,retained_earnings,26782523.00,CET1
2024-09-18,credit_risk_reserve,5854104.42,CET1
2024-09-18,intangible_assets,-1200000.00,CET1_DEDUCTION
2024-09-19,paid_up_capital,22000000.00,CET1
2024-09-19,statutory_reserves,25390932.98,CET1
2024-09-19,retained_earnings,26789421.81,CET1
2024-09-19,credit_risk_reserve,5802337.31,CET1
2024-09-19,intangible_assets,-1200000.00,CET1_DEDUCTION
2024-09-20,paid_up_capital,22000000.00,CET1
2024-09-20,statutory_reserves,25396846.25,CET1
2024-09-20,retained_earnings,26796320.63,CET1
2024-09-20,credit_risk_reserve,5849952.44,CET1
2024-09-20,intangible_assets,-1200000.00,CET1_DEDUCTION
2024-09-23,paid_up_capital,22000000.00,CET1
2024-09-23,statutory_reserves,25414586.07,CET1
2024-09-23,retained_earnings,26817017.08,CET1
2024-09-23,credit_risk_reserve,5910088.72,CET1
2024-09-23,intangible_assets,-1200000.00,CET1_DEDUCTION
2024-09-24,paid_up_capital,22000000.00,CET1
2024-09-24,statutory_reserves,25420499.34,CET1
2024-09-24,retained_earnings,26823915.90,CET1
2024-09-24,credit_risk_reserve,5861485.25,CET1
2024-09-24,intangible_assets,-1200000.00,CET1_DEDUCTION
2024-09-25,paid_up_capital,22000000.00,CET1
2024-09-25,statutory_reserves,25426412.61,CET1
2024-09-25,retained_earnings,26830814.72,CET1
2024-09-25,credit_risk_reserve,5821746.74,CET1
2024-09-25,intangible_assets,-1200000.00,CET1_DEDUCTION
2024-09-26,paid_up_capital,22000000.00,CET1
2024-09-26,statutory_reserves,25432325.89,CET1
2024-09-26,retained_earnings,26837713.53,CET1
2024-09-26,credit_risk_reserve,5854543.84,CET1
2024-09-26,intangible_assets,-1200000.00,CET1_DEDUCTION
2024-09-27,paid_up_capital,22000000.00,CET1
2024-09-27,statutory_reserves,25438239.16,CET1
2024-09-27,retained_earnings,26844612.35,CET1
2024-09-27,credit_risk_reserve,5911678.69,CET1
2024-09-27,intangible_assets,-1200000.00,CET1_DEDUCTION
2024-09-30,paid_up_capital,22000000.00,CET1
2024-09-30,statutory_reserves,25455978.98,CET1
2024-09-30,retained_earnings,26865308.80,CET1
2024-09-30,credit_risk_reserve,5863025.70,CET1
2024-09-30,intangible_assets,-1200000.00,CET1_DEDUCTION
2024-10-01,paid_up_capital,22000000.00,CET1
2024-10-01,statutory_reserves,25461892.25,CET1
2024-10-01,retained_earnings,26872207.62,CET1
2024-10-01,credit_risk_reserve,5854515.54,CET1
2024-10-01,intangible_assets,-1200000.00,CET1_DEDUCTION
2024-10-02,paid_up_capital,22000000.00,CET1
2024-10-02,statutory_reserves,25467805.52,CET1
2024-10-02,retained_earnings,26879106.44,CET1
2024-10-02,credit_risk_reserve,5843610.84,CET1
2024-10-02,intangible_assets,-1200000.00,CET1_DEDUCTION
2024-10-03,paid_up_capital,22000000.00,CET1
2024-10-03,statutory_reserves,25473718.79,CET1
2024-10-03,retained_earnings,26886005.26,CET1
2024-10-03,credit_risk_reserve,5890225.67,CET1
2024-10-03,intangible_assets,-1200000.00,CET1_DEDUCTION
2024-10-04,paid_up_capital,22000000.00,CET1
2024-10-04,statutory_reserves,25479632.06,CET1
2024-10-04,retained_earnings,26892904.07,CET1
2024-10-04,credit_risk_reserve,5889977.48,CET1
2024-10-04,intangible_assets,-1200000.00,CET1_DEDUCTION
2024-10-07,paid_up_capital,22000000.00,CET1
2024-10-07,statutory_reserves,25497371.88,CET1
2024-10-07,retained_earnings,26913600.53,CET1
2024-10-07,credit_risk_reserve,5891964.78,CET1
2024-10-07,intangible_assets,-1200000.00,CET1_DEDUCTION
2024-10-08,paid_up_capital,22000000.00,CET1
2024-10-08,statutory_reserves,25503285.15,CET1
2024-10-08,retained_earnings,26920499.34,CET1
2024-10-08,credit_risk_reserve,5895835.96,CET1
2024-10-08,intangible_assets,-1200000.00,CET1_DEDUCTION
2024-10-09,paid_up_capital,22000000.00,CET1
2024-10-09,statutory_reserves,25509198.42,CET1
2024-10-09,retained_earnings,26927398.16,CET1
2024-10-09,credit_risk_reserve,5859404.57,CET1
2024-10-09,intangible_assets,-1200000.00,CET1_DEDUCTION
2024-10-10,paid_up_capital,22000000.00,CET1
2024-10-10,statutory_reserves,25515111.70,CET1
2024-10-10,retained_earnings,26934296.98,CET1
2024-10-10,credit_risk_reserve,5842999.76,CET1
2024-10-10,intangible_assets,-1200000.00,CET1_DEDUCTION
2024-10-11,paid_up_capital,22000000.00,CET1
2024-10-11,statutory_reserves,25521024.97,CET1
2024-10-11,retained_earnings,26941195.80,CET1
2024-10-11,credit_risk_reserve,5851919.35,CET1
2024-10-11,intangible_assets,-1200000.00,CET1_DEDUCTION
2024-10-14,paid_up_capital,22000000.00,CET1
2024-10-14,statutory_reserves,25538764.78,CET1
2024-10-14,retained_earnings,26961892.25,CET1
2024-10-14,credit_risk_reserve,5912073.49,CET1
2024-10-14,intangible_assets,-1200000.00,CET1_DEDUCTION
2024-10-15,paid_up_capital,22000000.00,CET1
2024-10-15,statutory_reserves,25544678.06,CET1
2024-10-15,retained_earnings,26968791.06,CET1
2024-10-15,credit_risk_reserve,5857923.74,CET1
2024-10-15,intangible_assets,-1200000.00,CET1_DEDUCTION
2024-10-16,paid_up_capital,22000000.00,CET1
2024-10-16,statutory_reserves,25550591.33,CET1
2024-10-16,retained_earnings,26975689.88,CET1
2024-10-16,credit_risk_reserve,5856403.28,CET1
2024-10-16,intangible_assets,-1200000.00,CET1_DEDUCTION
2024-10-17,paid_up_capital,22000000.00,CET1
2024-10-17,statutory_reserves,25556504.60,CET1
2024-10-17,retained_earnings,26982588.70,CET1
2024-10-17,credit_risk_reserve,5898677.61,CET1
2024-10-17,intangible_assets,-1200000.00,CET1_DEDUCTION
2024-10-18,paid_up_capital,22000000.00,CET1
2024-10-18,statutory_reserves,25562417.87,CET1
2024-10-18,retained_earnings,26989487.52,CET1
2024-10-18,credit_risk_reserve,5918883.36,CET1
2024-10-18,intangible_assets,-1200000.00,CET1_DEDUCTION
2024-10-21,paid_up_capital,22000000.00,CET1
2024-10-21,statutory_reserves,25580157.69,CET1
2024-10-21,retained_earnings,27010183.97,CET1
2024-10-21,credit_risk_reserve,5908236.83,CET1
2024-10-21,intangible_assets,-1200000.00,CET1_DEDUCTION
2024-10-22,paid_up_capital,22000000.00,CET1
2024-10-22,statutory_reserves,25586070.96,CET1
2024-10-22,retained_earnings,27017082.79,CET1
2024-10-22,credit_risk_reserve,5906286.73,CET1
2024-10-22,intangible_assets,-1200000.00,CET1_DEDUCTION
2024-10-23,paid_up_capital,22000000.00,CET1
2024-10-23,statutory_reserves,25591984.23,CET1
2024-10-23,retained_earnings,27023981.60,CET1
2024-10-23,credit_risk_reserve,5860454.77,CET1
2024-10-23,intangible_assets,-1200000.00,CET1_DEDUCTION
2024-10-24,paid_up_capital,22000000.00,CET1
2024-10-24,statutory_reserves,25597897.50,CET1
2024-10-24,retained_earnings,27030880.42,CET1
2024-10-24,credit_risk_reserve,5879526.24,CET1
2024-10-24,intangible_assets,-1200000.00,CET1_DEDUCTION
2024-10-25,paid_up_capital,22000000.00,CET1
2024-10-25,statutory_reserves,25603810.78,CET1
2024-10-25,retained_earnings,27037779.24,CET1
2024-10-25,credit_risk_reserve,5910011.77,CET1
2024-10-25,intangible_assets,-1200000.00,CET1_DEDUCTION
2024-10-28,paid_up_capital,22000000.00,CET1
2024-10-28,statutory_reserves,25621550.59,CET1
2024-10-28,retained_earnings,27058475.69,CET1
2024-10-28,credit_risk_reserve,5880218.84,CET1
2024-10-28,intangible_assets,-1200000.00,CET1_DEDUCTION
2024-10-29,paid_up_capital,22000000.00,CET1
2024-10-29,statutory_reserves,25627463.86,CET1
2024-10-29,retained_earnings,27065374.51,CET1
2024-10-29,credit_risk_reserve,5918705.54,CET1
2024-10-29,intangible_assets,-1200000.00,CET1_DEDUCTION
2024-10-30,paid_up_capital,22000000.00,CET1
2024-10-30,statutory_reserves,25633377.14,CET1
2024-10-30,retained_earnings,27072273.32,CET1
2024-10-30,credit_risk_reserve,5921951.87,CET1
2024-10-30,intangible_assets,-1200000.00,CET1_DEDUCTION
2024-10-31,paid_up_capital,22000000.00,CET1
2024-10-31,statutory_reserves,25639290.41,CET1
2024-10-31,retained_earnings,27079172.14,CET1
2024-10-31,credit_risk_reserve,5931328.31,CET1
2024-10-31,intangible_assets,-1200000.00,CET1_DEDUCTION
2024-11-01,paid_up_capital,22000000.00,CET1
2024-11-01,statutory_reserves,25645203.68,CET1
2024-11-01,retained_earnings,27086070.96,CET1
2024-11-01,credit_risk_reserve,5913020.34,CET1
2024-11-01,intangible_assets,-1200000.00,CET1_DEDUCTION
2024-11-04,paid_up_capital,22000000.00,CET1
2024-11-04,statutory_reserves,25662943.50,CET1
2024-11-04,retained_earnings,27106767.41,CET1
2024-11-04,credit_risk_reserve,5932190.70,CET1
2024-11-04,intangible_assets,-1200000.00,CET1_DEDUCTION
2024-11-05,paid_up_capital,22000000.00,CET1
2024-11-05,statutory_reserves,25668856.77,CET1
2024-11-05,retained_earnings,27113666.23,CET1
2024-11-05,credit_risk_reserve,5919807.07,CET1
2024-11-05,intangible_assets,-1200000.00,CET1_DEDUCTION
2024-11-06,paid_up_capital,22000000.00,CET1
2024-11-06,statutory_reserves,25674770.04,CET1
2024-11-06,retained_earnings,27120565.05,CET1
2024-11-06,credit_risk_reserve,5878637.82,CET1
2024-11-06,intangible_assets,-1200000.00,CET1_DEDUCTION
2024-11-07,paid_up_capital,22000000.00,CET1
2024-11-07,statutory_reserves,25680683.31,CET1
2024-11-07,retained_earnings,27127463.86,CET1
2024-11-07,credit_risk_reserve,5877610.26,CET1
2024-11-07,intangible_assets,-1200000.00,CET1_DEDUCTION
2024-11-08,paid_up_capital,22000000.00,CET1
2024-11-08,statutory_reserves,25686596.58,CET1
2024-11-08,retained_earnings,27134362.68,CET1
2024-11-08,credit_risk_reserve,5931592.71,CET1
2024-11-08,intangible_assets,-1200000.00,CET1_DEDUCTION
2024-11-11,paid_up_capital,22000000.00,CET1
2024-11-11,statutory_reserves,25704336.40,CET1
2024-11-11,retained_earnings,27155059.13,CET1
2024-11-11,credit_risk_reserve,5870648.62,CET1
2024-11-11,intangible_assets,-1200000.00,CET1_DEDUCTION
2024-11-12,paid_up_capital,22000000.00,CET1
2024-11-12,statutory_reserves,25710249.67,CET1
2024-11-12,retained_earnings,27161957.95,CET1
2024-11-12,credit_risk_reserve,5903494.12,CET1
2024-11-12,intangible_assets,-1200000.00,CET1_DEDUCTION
2024-11-13,paid_up_capital,22000000.00,CET1
2024-11-13,statutory_reserves,25716162.94,CET1
2024-11-13,retained_earnings,27168856.77,CET1
2024-11-13,credit_risk_reserve,5954256.03,CET1
2024-11-13,intangible_assets,-1200000.00,CET1_DEDUCTION
2024-11-14,paid_up_capital,22000000.00,CET1
2024-11-14,statutory_reserves,25722076.22,CET1
2024-11-14,retained_earnings,27175755.58,CET1
2024-11-14,credit_risk_reserve,5907052.09,CET1
2024-11-14,intangible_assets,-1200000.00,CET1_DEDUCTION
2024-11-15,paid_up_capital,22000000.00,CET1
2024-11-15,statutory_reserves,25727989.49,CET1
2024-11-15,retained_earnings,27182654.40,CET1
2024-11-15,credit_risk_reserve,5875729.70,CET1
2024-11-15,intangible_assets,-1200000.00,CET1_DEDUCTION
2024-11-18,paid_up_capital,22000000.00,CET1
2024-11-18,statutory_reserves,25745729.30,CET1
2024-11-18,retained_earnings,27203350.85,CET1
2024-11-18,credit_risk_reserve,5904969.52,CET1
2024-11-18,intangible_assets,-1200000.00,CET1_DEDUCTION
2024-11-19,paid_up_capital,22000000.00,CET1
2024-11-19,statutory_reserves,25751642.58,CET1
2024-11-19,retained_earnings,27210249.67,CET1
2024-11-19,credit_risk_reserve,5874676.94,CET1
2024-11-19,intangible_assets,-1200000.00,CET1_DEDUCTION
2024-11-20,paid_up_capital,22000000.00,CET1
2024-11-20,statutory_reserves,25757555.85,CET1
2024-11-20,retained_earnings,27217148.49,CET1
2024-11-20,credit_risk_reserve,5916873.22,CET1
2024-11-20,intangible_assets,-1200000.00,CET1_DEDUCTION
2024-11-21,paid_up_capital,22000000.00,CET1
2024-11-21,statutory_reserves,25763469.12,CET1
2024-11-21,retained_earnings,27224047.31,CET1
2024-11-21,credit_risk_reserve,5867156.43,CET1
2024-11-21,intangible_assets,-1200000.00,CET1_DEDUCTION
2024-11-22,paid_up_capital,22000000.00,CET1
2024-11-22,statutory_reserves,25769382.39,CET1
2024-11-22,retained_earnings,27230946.12,CET1
2024-11-22,credit_risk_reserve,5926766.07,CET1
2024-11-22,intangible_assets,-1200000.00,CET1_DEDUCTION
2024-11-25,paid_up_capital,22000000.00,CET1
2024-11-25,statutory_reserves,25787122.21,CET1
2024-11-25,retained_earnings,27251642.58,CET1
2024-11-25,credit_risk_reserve,5879525.68,CET1
2024-11-25,intangible_assets,-1200000.00,CET1_DEDUCTION
2024-11-26,paid_up_capital,22000000.00,CET1
2024-11-26,statutory_reserves,25793035.48,CET1
2024-11-26,retained_earnings,27258541.39,CET1
2024-11-26,credit_risk_reserve,5938564.16,CET1
2024-11-26,intangible_assets,-1200000.00,CET1_DEDUCTION
2024-11-27,paid_up_capital,22000000.00,CET1
2024-11-27,statutory_reserves,25798948.75,CET1
2024-11-27,retained_earnings,27265440.21,CET1
2024-11-27,credit_risk_reserve,5970654.54,CET1
2024-11-27,intangible_assets,-1200000.00,CET1_DEDUCTION
2024-11-28,paid_up_capital,22000000.00,CET1
2024-11-28,statutory_reserves,25804862.02,CET1
2024-11-28,retained_earnings,27272339.03,CET1
2024-11-28,credit_risk_reserve,5934340.27,CET1
2024-11-28,intangible_assets,-1200000.00,CET1_DEDUCTION
2024-11-29,paid_up_capital,22000000.00,CET1
2024-11-29,statutory_reserves,25810775.30,CET1
2024-11-29,retained_earnings,27279237.84,CET1
2024-11-29,credit_risk_reserve,5887807.24,CET1
2024-11-29,intangible_assets,-1200000.00,CET1_DEDUCTION
2024-11-30,paid_up_capital,22000000.00,CET1
2024-11-30,statutory_reserves,25816688.57,CET1
2024-11-30,retained_earnings,27286136.66,CET1
2024-11-30,credit_risk_reserve,5914102.42,CET1
2024-11-30,intangible_assets,-1200000.00,CET1_DEDUCTION
2024-12-02,paid_up_capital,22000000.00,CET1
2024-12-02,statutory_reserves,25828515.11,CET1
2024-12-02,retained_earnings,27299934.30,CET1
2024-12-02,credit_risk_reserve,5961367.43,CET1
2024-12-02,intangible_assets,-1200000.00,CET1_DEDUCTION
2024-12-03,paid_up_capital,22000000.00,CET1
2024-12-03,statutory_reserves,25834428.38,CET1
2024-12-03,retained_earnings,27306833.11,CET1
2024-12-03,credit_risk_reserve,5949001.09,CET1
2024-12-03,intangible_assets,-1200000.00,CET1_DEDUCTION
2024-12-04,paid_up_capital,22000000.00,CET1
2024-12-04,statutory_reserves,25840341.66,CET1
2024-12-04,retained_earnings,27313731.93,CET1
2024-12-04,credit_risk_reserve,5923081.49,CET1
2024-12-04,intangible_assets,-1200000.00,CET1_DEDUCTION
2024-12-05,paid_up_capital,22000000.00,CET1
2024-12-05,statutory_reserves,25846254.93,CET1
2024-12-05,retained_earnings,27320630.75,CET1
2024-12-05,credit_risk_reserve,5925943.96,CET1
2024-12-05,intangible_assets,-1200000.00,CET1_DEDUCTION
2024-12-06,paid_up_capital,22000000.00,CET1
2024-12-06,statutory_reserves,25852168.20,CET1
2024-12-06,retained_earnings,27327529.57,CET1
2024-12-06,credit_risk_reserve,5975979.64,CET1
2024-12-06,intangible_assets,-1200000.00,CET1_DEDUCTION
2024-12-09,paid_up_capital,22000000.00,CET1
2024-12-09,statutory_reserves,25869908.02,CET1
2024-12-09,retained_earnings,27348226.02,CET1
2024-12-09,credit_risk_reserve,5938493.38,CET1
2024-12-09,intangible_assets,-1200000.00,CET1_DEDUCTION
2024-12-10,paid_up_capital,22000000.00,CET1
2024-12-10,statutory_reserves,25875821.29,CET1
2024-12-10,retained_earnings,27355124.84,CET1
2024-12-10,credit_risk_reserve,5932232.27,CET1
2024-12-10,intangible_assets,-1200000.00,CET1_DEDUCTION
2024-12-11,paid_up_capital,22000000.00,CET1
2024-12-11,statutory_reserves,25881734.56,CET1
2024-12-11,retained_earnings,27362023.65,CET1
2024-12-11,credit_risk_reserve,5945218.66,CET1
2024-12-11,intangible_assets,-1200000.00,CET1_DEDUCTION
2024-12-12,paid_up_capital,22000000.00,CET1
2024-12-12,statutory_reserves,25887647.83,CET1
2024-12-12,retained_earnings,27368922.47,CET1
2024-12-12,credit_risk_reserve,5991070.51,CET1
2024-12-12,intangible_assets,-1200000.00,CET1_DEDUCTION
2024-12-13,paid_up_capital,22000000.00,CET1
2024-12-13,statutory_reserves,25893561.10,CET1
2024-12-13,retained_earnings,27375821.29,CET1
2024-12-13,credit_risk_reserve,5993608.26,CET1
2024-12-13,intangible_assets,-1200000.00,CET1_DEDUCTION
2024-12-16,paid_up_capital,22000000.00,CET1
2024-12-16,statutory_reserves,25911300.92,CET1
2024-12-16,retained_earnings,27396517.74,CET1
2024-12-16,credit_risk_reserve,5996890.72,CET1
2024-12-16,intangible_assets,-1200000.00,CET1_DEDUCTION
2024-12-17,paid_up_capital,22000000.00,CET1
2024-12-17,statutory_reserves,25917214.19,CET1
2024-12-17,retained_earnings,27403416.56,CET1
2024-12-17,credit_risk_reserve,5995306.79,CET1
2024-12-17,intangible_assets,-1200000.00,CET1_DEDUCTION
2024-12-18,paid_up_capital,22000000.00,CET1
2024-12-18,statutory_reserves,25923127.46,CET1
2024-12-18,retained_earnings,27410315.37,CET1
2024-12-18,credit_risk_reserve,5942475.46,CET1
2024-12-18,intangible_assets,-1200000.00,CET1_DEDUCTION
2024-12-19,paid_up_capital,22000000.00,CET1
2024-12-19,statutory_reserves,25929040.74,CET1
2024-12-19,retained_earnings,27417214.19,CET1
2024-12-19,credit_risk_reserve,5960660.47,CET1
2024-12-19,intangible_assets,-1200000.00,CET1_DEDUCTION
2024-12-20,paid_up_capital,22000000.00,CET1
2024-12-20,statutory_reserves,25934954.01,CET1
2024-12-20,retained_earnings,27424113.01,CET1
2024-12-20,credit_risk_reserve,5927340.88,CET1
2024-12-20,intangible_assets,-1200000.00,CET1_DEDUCTION
2024-12-23,paid_up_capital,22000000.00,CET1
2024-12-23,statutory_reserves,25952693.82,CET1
2024-12-23,retained_earnings,27444809.46,CET1
2024-12-23,credit_risk_reserve,5980373.31,CET1
2024-12-23,intangible_assets,-1200000.00,CET1_DEDUCTION
2024-12-24,paid_up_capital,22000000.00,CET1
2024-12-24,statutory_reserves,25958607.10,CET1
2024-12-24,retained_earnings,27451708.28,CET1
2024-12-24,credit_risk_reserve,5934348.64,CET1
2024-12-24,intangible_assets,-1200000.00,CET1_DEDUCTION
2024-12-25,paid_up_capital,22000000.00,CET1
2024-12-25,statutory_reserves,25964520.37,CET1
2024-12-25,retained_earnings,27458607.10,CET1
2024-12-25,credit_risk_reserve,5980995.58,CET1
2024-12-25,intangible_assets,-1200000.00,CET1_DEDUCTION
2024-12-26,paid_up_capital,22000000.00,CET1
2024-12-26,statutory_reserves,25970433.64,CET1
2024-12-26,retained_earnings,27465505.91,CET1
2024-12-26,credit_risk_reserve,6015380.97,CET1
2024-12-26,intangible_assets,-1200000.00,CET1_DEDUCTION
2024-12-27,paid_up_capital,22000000.00,CET1
2024-12-27,statutory_reserves,25976346.91,CET1
2024-12-27,retained_earnings,27472404.73,CET1
2024-12-27,credit_risk_reserve,5986341.21,CET1
2024-12-27,intangible_assets,-1200000.00,CET1_DEDUCTION
2024-12-30,paid_up_capital,22000000.00,CET1
2024-12-30,statutory_reserves,25994086.73,CET1
2024-12-30,retained_earnings,27493101.18,CET1
2024-12-30,credit_risk_reserve,5949278.36,CET1
2024-12-30,intangible_assets,-1200000.00,CET1_DEDUCTION
2024-12-31,paid_up_capital,22000000.00,CET1
2024-12-31,statutory_reserves,26000000.00,CET1
2024-12-31,retained_earnings,27500000.00,CET1
2024-12-31,credit_risk_reserve,5985840.35,CET1
2024-12-31,intangible_assets,-1200000.00,CET1_DEDUCTION
2025-01-01,paid_up_capital,22000000.00,CET1
2025-01-01,statutory_reserves,26005913.27,CET1
2025-01-01,retained_earnings,27506898.82,CET1
2025-01-01,credit_risk_reserve,6045786.31,CET1
2025-01-01,intangible_assets,-1200000.00,CET1_DEDUCTION
2025-01-02,paid_up_capital,22000000.00,CET1
2025-01-02,statutory_reserves,26011826.54,CET1
2025-01-02,retained_earnings,27513797.63,CET1
2025-01-02,credit_risk_reserve,5995810.34,CET1
2025-01-02,intangible_assets,-1200000.00,CET1_DEDUCTION
2025-01-03,paid_up_capital,22000000.00,CET1
2025-01-03,statutory_reserves,26017739.82,CET1
2025-01-03,retained_earnings,27520696.45,CET1
2025-01-03,credit_risk_reserve,5955398.71,CET1
2025-01-03,intangible_assets,-1200000.00,CET1_DEDUCTION
2025-01-06,paid_up_capital,22000000.00,CET1
2025-01-06,statutory_reserves,26035479.63,CET1
2025-01-06,retained_earnings,27541392.90,CET1
2025-01-06,credit_risk_reserve,6002718.25,CET1
2025-01-06,intangible_assets,-1200000.00,CET1_DEDUCTION
2025-01-07,paid_up_capital,22000000.00,CET1
2025-01-07,statutory_reserves,26041392.90,CET1
2025-01-07,retained_earnings,27548291.72,CET1
2025-01-07,credit_risk_reserve,5964771.39,CET1
2025-01-07,intangible_assets,-1200000.00,CET1_DEDUCTION
2025-01-08,paid_up_capital,22000000.00,CET1
2025-01-08,statutory_reserves,26047306.18,CET1
2025-01-08,retained_earnings,27555190.54,CET1
2025-01-08,credit_risk_reserve,5996252.52,CET1
2025-01-08,intangible_assets,-1200000.00,CET1_DEDUCTION
2025-01-09,paid_up_capital,22000000.00,CET1
2025-01-09,statutory_reserves,26053219.45,CET1
2025-01-09,retained_earnings,27562089.36,CET1
2025-01-09,credit_risk_reserve,5988623.87,CET1
2025-01-09,intangible_assets,-1200000.00,CET1_DEDUCTION
2025-01-10,paid_up_capital,22000000.00,CET1
2025-01-10,statutory_reserves,26059132.72,CET1
2025-01-10,retained_earnings,27568988.17,CET1
2025-01-10,credit_risk_reserve,5976342.57,CET1
2025-01-10,intangible_assets,-1200000.00,CET1_DEDUCTION
2025-01-13,paid_up_capital,22000000.00,CET1
2025-01-13,statutory_reserves,26076872.54,CET1
2025-01-13,retained_earnings,27589684.63,CET1
2025-01-13,credit_risk_reserve,5994882.17,CET1
2025-01-13,intangible_assets,-1200000.00,CET1_DEDUCTION
2025-01-14,paid_up_capital,22000000.00,CET1
2025-01-14,statutory_reserves,26082785.81,CET1
2025-01-14,retained_earnings,27596583.44,CET1
2025-01-14,credit_risk_reserve,5978203.30,CET1
2025-01-14,intangible_assets,-1200000.00,CET1_DEDUCTION
2025-01-15,paid_up_capital,22000000.00,CET1
2025-01-15,statutory_reserves,26088699.08,CET1
2025-01-15,retained_earnings,27603482.26,CET1
2025-01-15,credit_risk_reserve,6027666.84,CET1
2025-01-15,intangible_assets,-1200000.00,CET1_DEDUCTION
2025-01-16,paid_up_capital,22000000.00,CET1
2025-01-16,statutory_reserves,26094612.35,CET1
2025-01-16,retained_earnings,27610381.08,CET1
2025-01-16,credit_risk_reserve,6030830.62,CET1
2025-01-16,intangible_assets,-1200000.00,CET1_DEDUCTION
2025-01-17,paid_up_capital,22000000.00,CET1
2025-01-17,statutory_reserves,26100525.62,CET1
2025-01-17,retained_earnings,27617279.89,CET1
2025-01-17,credit_risk_reserve,5992796.18,CET1
2025-01-17,intangible_assets,-1200000.00,CET1_DEDUCTION
2025-01-20,paid_up_capital,22000000.00,CET1
2025-01-20,statutory_reserves,26118265.44,CET1
2025-01-20,retained_earnings,27637976.35,CET1
2025-01-20,credit_risk_reserve,5987842.61,CET1
2025-01-20,intangible_assets,-1200000.00,CET1_DEDUCTION
2025-01-21,paid_up_capital,22000000.00,CET1
2025-01-21,statutory_reserves,26124178.71,CET1
2025-01-21,retained_earnings,27644875.16,CET1
2025-01-21,credit_risk_reserve,6032579.40,CET1
2025-01-21,intangible_assets,-1200000.00,CET1_DEDUCTION
2025-01-22,paid_up_capital,22000000.00,CET1
2025-01-22,statutory_reserves,26130091.98,CET1
2025-01-22,retained_earnings,27651773.98,CET1
2025-01-22,credit_risk_reserve,6048238.13,CET1
2025-01-22,intangible_assets,-1200000.00,CET1_DEDUCTION
2025-01-23,paid_up_capital,22000000.00,CET1
2025-01-23,statutory_reserves,26136005.26,CET1
2025-01-23,retained_earnings,27658672.80,CET1
2025-01-23,credit_risk_reserve,5991264.98,CET1
2025-01-23,intangible_assets,-1200000.00,CET1_DEDUCTION
2025-01-24,paid_up_capital,22000000.00,CET1
2025-01-24,statutory_reserves,26141918.53,CET1
2025-01-24,retained_earnings,27665571.62,CET1
2025-01-24,credit_risk_reserve,5990526.57,CET1
2025-01-24,intangible_assets,-1200000.00,CET1_DEDUCTION
2025-01-27,paid_up_capital,22000000.00,CET1
2025-01-27,statutory_reserves,26159658.34,CET1
2025-01-27,retained_earnings,27686268.07,CET1
2025-01-27,credit_risk_reserve,6000688.15,CET1
2025-01-27,intangible_assets,-1200000.00,CET1_DEDUCTION
2025-01-28,paid_up_capital,22000000.00,CET1
2025-01-28,statutory_reserves,26165571.62,CET1
2025-01-28,retained_earnings,27693166.89,CET1
2025-01-28,credit_risk_reserve,5999257.12,CET1
2025-01-28,intangible_assets,-1200000.00,CET1_DEDUCTION
2025-01-29,paid_up_capital,22000000.00,CET1
2025-01-29,statutory_reserves,26171484.89,CET1
2025-01-29,retained_earnings,27700065.70,CET1
2025-01-29,credit_risk_reserve,6043319.16,CET1
2025-01-29,intangible_assets,-1200000.00,CET1_DEDUCTION
2025-01-30,paid_up_capital,22000000.00,CET1
2025-01-30,statutory_reserves,26177398.16,CET1
2025-01-30,retained_earnings,27706964.52,CET1
2025-01-30,credit_risk_reserve,6042117.71,CET1
2025-01-30,intangible_assets,-1200000.00,CET1_DEDUCTION
2025-01-31,paid_up_capital,22000000.00,CET1
2025-01-31,statutory_reserves,26183311.43,CET1
2025-01-31,retained_earnings,27713863.34,CET1
2025-01-31,credit_risk_reserve,5994522.23,CET1
2025-01-31,intangible_assets,-1200000.00,CET1_DEDUCTION
2025-02-03,paid_up_capital,22000000.00,CET1
2025-02-03,statutory_reserves,26201051.25,CET1
2025-02-03,retained_earnings,27734559.79,CET1
2025-02-03,credit_risk_reserve,6047493.96,CET1
2025-02-03,intangible_assets,-1200000.00,CET1_DEDUCTION
2025-02-04,paid_up_capital,22000000.00,CET1
2025-02-04,statutory_reserves,26206964.52,CET1
2025-02-04,retained_earnings,27741458.61,CET1
2025-02-04,credit_risk_reserve,6000797.49,CET1
2025-02-04,intangible_assets,-1200000.00,CET1_DEDUCTION
2025-02-05,paid_up_capital,22000000.00,CET1
2025-02-05,statutory_reserves,26212877.79,CET1
2025-02-05,retained_earnings,27748357.42,CET1
2025-02-05,credit_risk_reserve,6015111.26,CET1
2025-02-05,intangible_assets,-1200000.00,CET1_DEDUCTION
2025-02-06,paid_up_capital,22000000.00,CET1
2025-02-06,statutory_reserves,26218791.06,CET1
2025-02-06,retained_earnings,27755256.24,CET1
2025-02-06,credit_risk_reserve,6055208.63,CET1
2025-02-06,intangible_assets,-1200000.00,CET1_DEDUCTION
2025-02-07,paid_up_capital,22000000.00,CET1
2025-02-07,statutory_reserves,26224704.34,CET1
2025-02-07,retained_earnings,27762155.06,CET1
2025-02-07,credit_risk_reserve,6057493.49,CET1
2025-02-07,intangible_assets,-1200000.00,CET1_DEDUCTION
2025-02-10,paid_up_capital,22000000.00,CET1
2025-02-10,statutory_reserves,26242444.15,CET1
2025-02-10,retained_earnings,27782851.51,CET1
2025-02-10,credit_risk_reserve,6006875.50,CET1
2025-02-10,intangible_assets,-1200000.00,CET1_DEDUCTION
2025-02-11,paid_up_capital,22000000.00,CET1
2025-02-11,statutory_reserves,26248357.42,CET1
2025-02-11,retained_earnings,27789750.33,CET1
2025-02-11,credit_risk_reserve,6009589.20,CET1
2025-02-11,intangible_assets,-1200000.00,CET1_DEDUCTION
2025-02-12,paid_up_capital,22000000.00,CET1
2025-02-12,statutory_reserves,26254270.70,CET1
2025-02-12,retained_earnings,27796649.15,CET1
2025-02-12,credit_risk_reserve,6069014.51,CET1
2025-02-12,intangible_assets,-1200000.00,CET1_DEDUCTION
2025-02-13,paid_up_capital,22000000.00,CET1
2025-02-13,statutory_reserves,26260183.97,CET1
2025-02-13,retained_earnings,27803547.96,CET1
2025-02-13,credit_risk_reserve,6055281.41,CET1
2025-02-13,intangible_assets,-1200000.00,CET1_DEDUCTION
2025-02-14,paid_up_capital,22000000.00,CET1
2025-02-14,statutory_reserves,26266097.24,CET1
2025-02-14,retained_earnings,27810446.78,CET1
2025-02-14,credit_risk_reserve,6012352.73,CET1
2025-02-14,intangible_assets,-1200000.00,CET1_DEDUCTION
2025-02-17,paid_up_capital,22000000.00,CET1
2025-02-17,statutory_reserves,26283837.06,CET1
2025-02-17,retained_earnings,27831143.23,CET1
2025-02-17,credit_risk_reserve,6053562.00,CET1
2025-02-17,intangible_assets,-1200000.00,CET1_DEDUCTION
2025-02-18,paid_up_capital,22000000.00,CET1
2025-02-18,statutory_reserves,26289750.33,CET1
2025-02-18,retained_earnings,27838042.05,CET1
2025-02-18,credit_risk_reserve,6039230.69,CET1
2025-02-18,intangible_assets,-1200000.00,CET1_DEDUCTION
2025-02-19,paid_up_capital,22000000.00,CET1
2025-02-19,statutory_reserves,26295663.60,CET1
2025-02-19,retained_earnings,27844940.87,CET1
2025-02-19,credit_risk_reserve,6004206.95,CET1
2025-02-19,intangible_assets,-1200000.00,CET1_DEDUCTION
2025-02-20,paid_up_capital,22000000.00,CET1
2025-02-20,statutory_reserves,26301576.87,CET1
2025-02-20,retained_earnings,27851839.68,CET1
2025-02-20,credit_risk_reserve,6039398.64,CET1
2025-02-20,intangible_assets,-1200000.00,CET1_DEDUCTION
2025-02-21,paid_up_capital,22000000.00,CET1
2025-02-21,statutory_reserves,26307490.14,CET1
2025-02-21,retained_earnings,27858738.50,CET1
2025-02-21,credit_risk_reserve,6089840.24,CET1
2025-02-21,intangible_assets,-1200000.00,CET1_DEDUCTION
2025-02-24,paid_up_capital,22000000.00,CET1
2025-02-24,statutory_reserves,26325229.96,CET1
2025-02-24,retained_earnings,27879434.95,CET1
2025-02-24,credit_risk_reserve,6044696.17,CET1
2025-02-24,intangible_assets,-1200000.00,CET1_DEDUCTION
2025-02-25,paid_up_capital,22000000.00,CET1
2025-02-25,statutory_reserves,26331143.23,CET1
2025-02-25,retained_earnings,27886333.77,CET1
2025-02-25,credit_risk_reserve,6092726.97,CET1
2025-02-25,intangible_assets,-1200000.00,CET1_DEDUCTION
2025-02-26,paid_up_capital,22000000.00,CET1
2025-02-26,statutory_reserves,26337056.50,CET1
2025-02-26,retained_earnings,27893232.59,CET1
2025-02-26,credit_risk_reserve,6040187.20,CET1
2025-02-26,intangible_assets,-1200000.00,CET1_DEDUCTION
2025-02-27,paid_up_capital,22000000.00,CET1
2025-02-27,statutory_reserves,26342969.78,CET1
2025-02-27,retained_earnings,27900131.41,CET1
2025-02-27,credit_risk_reserve,6008848.90,CET1
2025-02-27,intangible_assets,-1200000.00,CET1_DEDUCTION
2025-02-28,paid_up_capital,22000000.00,CET1
2025-02-28,statutory_reserves,26348883.05,CET1
2025-02-28,retained_earnings,27907030.22,CET1
2025-02-28,credit_risk_reserve,6050856.32,CET1
2025-02-28,intangible_assets,-1200000.00,CET1_DEDUCTION
2025-03-03,paid_up_capital,22000000.00,CET1
2025-03-03,statutory_reserves,26366622.86,CET1
2025-03-03,retained_earnings,27927726.68,CET1
2025-03-03,credit_risk_reserve,6097883.93,CET1
2025-03-03,intangible_assets,-1200000.00,CET1_DEDUCTION
2025-03-04,paid_up_capital,22000000.00,CET1
2025-03-04,statutory_reserves,26372536.14,CET1
2025-03-04,retained_earnings,27934625.49,CET1
2025-03-04,credit_risk_reserve,6053577.21,CET1
2025-03-04,intangible_assets,-1200000.00,CET1_DEDUCTION
2025-03-05,paid_up_capital,22000000.00,CET1
2025-03-05,statutory_reserves,26378449.41,CET1
2025-03-05,retained_earnings,27941524.31,CET1
2025-03-05,credit_risk_reserve,6006846.07,CET1
2025-03-05,intangible_assets,-1200000.00,CET1_DEDUCTION
2025-03-06,paid_up_capital,22000000.00,CET1
2025-03-06,statutory_reserves,26384362.68,CET1
2025-03-06,retained_earnings,27948423.13,CET1
2025-03-06,credit_risk_reserve,6068513.04,CET1
2025-03-06,intangible_assets,-1200000.00,CET1_DEDUCTION
2025-03-07,paid_up_capital,22000000.00,CET1
2025-03-07,statutory_reserves,26390275.95,CET1
2025-03-07,retained_earnings,27955321.94,CET1
2025-03-07,credit_risk_reserve,6099864.68,CET1
2025-03-07,intangible_assets,-1200000.00,CET1_DEDUCTION
2025-03-10,paid_up_capital,22000000.00,CET1
2025-03-10,statutory_reserves,26408015.77,CET1
2025-03-10,retained_earnings,27976018.40,CET1
2025-03-10,credit_risk_reserve,6062725.03,CET1
2025-03-10,intangible_assets,-1200000.00,CET1_DEDUCTION
2025-03-11,paid_up_capital,22000000.00,CET1
2025-03-11,statutory_reserves,26413929.04,CET1
2025-03-11,retained_earnings,27982917.21,CET1
2025-03-11,credit_risk_reserve,6061318.99,CET1
2025-03-11,intangible_assets,-1200000.00,CET1_DEDUCTION
2025-03-12,paid_up_capital,22000000.00,CET1
2025-03-12,statutory_reserves,26419842.31,CET1
2025-03-12,retained_earnings,27989816.03,CET1
2025-03-12,credit_risk_reserve,6113343.56,CET1
2025-03-12,intangible_assets,-1200000.00,CET1_DEDUCTION
2025-03-13,paid_up_capital,22000000.00,CET1
2025-03-13,statutory_reserves,26425755.58,CET1
2025-03-13,retained_earnings,27996714.85,CET1
2025-03-13,credit_risk_reserve,6099186.76,CET1
2025-03-13,intangible_assets,-1200000.00,CET1_DEDUCTION
2025-03-14,paid_up_capital,22000000.00,CET1
2025-03-14,statutory_reserves,26431668.86,CET1
2025-03-14,retained_earnings,28003613.67,CET1
2025-03-14,credit_risk_reserve,6063667.75,CET1
2025-03-14,intangible_assets,-1200000.00,CET1_DEDUCTION
2025-03-17,paid_up_capital,22000000.00,CET1
2025-03-17,statutory_reserves,26449408.67,CET1
2025-03-17,retained_earnings,28024310.12,CET1
2025-03-17,credit_risk_reserve,6101190.85,CET1
2025-03-17,intangible_assets,-1200000.00,CET1_DEDUCTION
2025-03-18,paid_up_capital,22000000.00,CET1
2025-03-18,statutory_reserves,26455321.94,CET1
2025-03-18,retained_earnings,28031208.94,CET1
2025-03-18,credit_risk_reserve,6062718.31,CET1
2025-03-18,intangible_assets,-1200000.00,CET1_DEDUCTION
2025-03-19,paid_up_capital,22000000.00,CET1
2025-03-19,statutory_reserves,26461235.22,CET1
2025-03-19,retained_earnings,28038107.75,CET1
2025-03-19,credit_risk_reserve,6066735.37,CET1
2025-03-19,intangible_assets,-1200000.00,CET1_DEDUCTION
2025-03-20,paid_up_capital,22000000.00,CET1
2025-03-20,statutory_reserves,26467148.49,CET1
2025-03-20,retained_earnings,28045006.57,CET1
2025-03-20,credit_risk_reserve,6066620.48,CET1
2025-03-20,intangible_assets,-1200000.00,CET1_DEDUCTION
2025-03-21,paid_up_capital,22000000.00,CET1
2025-03-21,statutory_reserves,26473061.76,CET1
2025-03-21,retained_earnings,28051905.39,CET1
2025-03-21,credit_risk_reserve,6080998.58,CET1
2025-03-21,intangible_assets,-1200000.00,CET1_DEDUCTION
2025-03-24,paid_up_capital,22000000.00,CET1
2025-03-24,statutory_reserves,26490801.58,CET1
2025-03-24,retained_earnings,28072601.84,CET1
2025-03-24,credit_risk_reserve,6068449.45,CET1
2025-03-24,intangible_assets,-1200000.00,CET1_DEDUCTION
2025-03-25,paid_up_capital,22000000.00,CET1
2025-03-25,statutory_reserves,26496714.85,CET1
2025-03-25,retained_earnings,28079500.66,CET1
2025-03-25,credit_risk_reserve,6087246.40,CET1
2025-03-25,intangible_assets,-1200000.00,CET1_DEDUCTION
2025-03-26,paid_up_capital,22000000.00,CET1
2025-03-26,statutory_reserves,26502628.12,CET1
2025-03-26,retained_earnings,28086399.47,CET1
2025-03-26,credit_risk_reserve,6134199.05,CET1
2025-03-26,intangible_assets,-1200000.00,CET1_DEDUCTION
2025-03-27,paid_up_capital,22000000.00,CET1
2025-03-27,statutory_reserves,26508541.39,CET1
2025-03-27,retained_earnings,28093298.29,CET1
2025-03-27,credit_risk_reserve,6131281.65,CET1
2025-03-27,intangible_assets,-1200000.00,CET1_DEDUCTION
2025-03-28,paid_up_capital,22000000.00,CET1
2025-03-28,statutory_reserves,26514454.66,CET1
2025-03-28,retained_earnings,28100197.11,CET1
2025-03-28,credit_risk_reserve,6077907.42,CET1
2025-03-28,intangible_assets,-1200000.00,CET1_DEDUCTION
2025-03-31,paid_up_capital,22000000.00,CET1
2025-03-31,statutory_reserves,26532194.48,CET1
2025-03-31,retained_earnings,28120893.56,CET1
2025-03-31,credit_risk_reserve,6115311.25,CET1
2025-03-31,intangible_assets,-1200000.00,CET1_DEDUCTION
2025-04-01,paid_up_capital,22000000.00,CET1
2025-04-01,statutory_reserves,26538107.75,CET1
2025-04-01,retained_earnings,28127792.38,CET1
2025-04-01,credit_risk_reserve,6150368.84,CET1
2025-04-01,intangible_assets,-1200000.00,CET1_DEDUCTION
2025-04-02,paid_up_capital,22000000.00,CET1
2025-04-02,statutory_reserves,26544021.02,CET1
2025-04-02,retained_earnings,28134691.20,CET1
2025-04-02,credit_risk_reserve,6116643.00,CET1
2025-04-02,intangible_assets,-1200000.00,CET1_DEDUCTION
2025-04-03,paid_up_capital,22000000.00,CET1
2025-04-03,statutory_reserves,26549934.30,CET1
2025-04-03,retained_earnings,28141590.01,CET1
2025-04-03,credit_risk_reserve,6069607.07,CET1
2025-04-03,intangible_assets,-1200000.00,CET1_DEDUCTION
2025-04-04,paid_up_capital,22000000.00,CET1
2025-04-04,statutory_reserves,26555847.57,CET1
2025-04-04,retained_earnings,28148488.83,CET1
2025-04-04,credit_risk_reserve,6116949.53,CET1
2025-04-04,intangible_assets,-1200000.00,CET1_DEDUCTION
2025-04-07,paid_up_capital,22000000.00,CET1
2025-04-07,statutory_reserves,26573587.39,CET1
2025-04-07,retained_earnings,28169185.28,CET1
2025-04-07,credit_risk_reserve,6068893.27,CET1
2025-04-07,intangible_assets,-1200000.00,CET1_DEDUCTION
2025-04-08,paid_up_capital,22000000.00,CET1
2025-04-08,statutory_reserves,26579500.66,CET1
2025-04-08,retained_earnings,28176084.10,CET1
2025-04-08,credit_risk_reserve,6115231.84,CET1
2025-04-08,intangible_assets,-1200000.00,CET1_DEDUCTION
2025-04-09,paid_up_capital,22000000.00,CET1
2025-04-09,statutory_reserves,26585413.93,CET1
2025-04-09,retained_earnings,28182982.92,CET1
2025-04-09,credit_risk_reserve,6075363.73,CET1
2025-04-09,intangible_assets,-1200000.00,CET1_DEDUCTION
2025-04-10,paid_up_capital,22000000.00,CET1
2025-04-10,statutory_reserves,26591327.20,CET1
2025-04-10,retained_earnings,28189881.73,CET1
2025-04-10,credit_risk_reserve,6112754.11,CET1
2025-04-10,intangible_assets,-1200000.00,CET1_DEDUCTION
2025-04-11,paid_up_capital,22000000.00,CET1
2025-04-11,statutory_reserves,26597240.47,CET1
2025-04-11,retained_earnings,28196780.55,CET1
2025-04-11,credit_risk_reserve,6173480.83,CET1
2025-04-11,intangible_assets,-1200000.00,CET1_DEDUCTION
2025-04-14,paid_up_capital,22000000.00,CET1
2025-04-14,statutory_reserves,26614980.29,CET1
2025-04-14,retained_earnings,28217477.00,CET1
2025-04-14,credit_risk_reserve,6113514.67,CET1
2025-04-14,intangible_assets,-1200000.00,CET1_DEDUCTION
2025-04-15,paid_up_capital,22000000.00,CET1
2025-04-15,statutory_reserves,26620893.56,CET1
2025-04-15,retained_earnings,28224375.82,CET1
2025-04-15,credit_risk_reserve,6175320.15,CET1
2025-04-15,intangible_assets,-1200000.00,CET1_DEDUCTION
2025-04-16,paid_up_capital,22000000.00,CET1
2025-04-16,statutory_reserves,26626806.83,CET1
2025-04-16,retained_earnings,28231274.64,CET1
2025-04-16,credit_risk_reserve,6130503.83,CET1
2025-04-16,intangible_assets,-1200000.00,CET1_DEDUCTION
2025-04-17,paid_up_capital,22000000.00,CET1
2025-04-17,statutory_reserves,26632720.11,CET1
2025-04-17,retained_earnings,28238173.46,CET1
2025-04-17,credit_risk_reserve,6091412.19,CET1
2025-04-17,intangible_assets,-1200000.00,CET1_DEDUCTION
2025-04-18,paid_up_capital,22000000.00,CET1
2025-04-18,statutory_reserves,26638633.38,CET1
2025-04-18,retained_earnings,28245072.27,CET1
2025-04-18,credit_risk_reserve,6123772.18,CET1
2025-04-18,intangible_assets,-1200000.00,CET1_DEDUCTION
2025-04-21,paid_up_capital,22000000.00,CET1
2025-04-21,statutory_reserves,26656373.19,CET1
2025-04-21,retained_earnings,28265768.73,CET1
2025-04-21,credit_risk_reserve,6153412.83,CET1
2025-04-21,intangible_assets,-1200000.00,CET1_DEDUCTION
2025-04-22,paid_up_capital,22000000.00,CET1
2025-04-22,statutory_reserves,26662286.47,CET1
2025-04-22,retained_earnings,28272667.54,CET1
2025-04-22,credit_risk_reserve,6153513.42,CET1
2025-04-22,intangible_assets,-1200000.00,CET1_DEDUCTION
2025-04-23,paid_up_capital,22000000.00,CET1
2025-04-23,statutory_reserves,26668199.74,CET1
2025-04-23,retained_earnings,28279566.36,CET1
2025-04-23,credit_risk_reserve,6121261.05,CET1
2025-04-23,intangible_assets,-1200000.00,CET1_DEDUCTION
2025-04-24,paid_up_capital,22000000.00,CET1
2025-04-24,statutory_reserves,26674113.01,CET1
2025-04-24,retained_earnings,28286465.18,CET1
2025-04-24,credit_risk_reserve,6105389.28,CET1
2025-04-24,intangible_assets,-1200000.00,CET1_DEDUCTION
2025-04-25,paid_up_capital,22000000.00,CET1
2025-04-25,statutory_reserves,26680026.28,CET1
2025-04-25,retained_earnings,28293363.99,CET1
2025-04-25,credit_risk_reserve,6155258.40,CET1
2025-04-25,intangible_assets,-1200000.00,CET1_DEDUCTION
2025-04-28,paid_up_capital,22000000.00,CET1
2025-04-28,statutory_reserves,26697766.10,CET1
2025-04-28,retained_earnings,28314060.45,CET1
2025-04-28,credit_risk_reserve,6103467.71,CET1
2025-04-28,intangible_assets,-1200000.00,CET1_DEDUCTION
2025-04-29,paid_up_capital,22000000.00,CET1
2025-04-29,statutory_reserves,26703679.37,CET1
2025-04-29,retained_earnings,28320959.26,CET1
2025-04-29,credit_risk_reserve,6112471.53,CET1
2025-04-29,intangible_assets,-1200000.00,CET1_DEDUCTION
2025-04-30,paid_up_capital,22000000.00,CET1
2025-04-30,statutory_reserves,26709592.64,CET1
2025-04-30,retained_earnings,28327858.08,CET1
2025-04-30,credit_risk_reserve,6115104.32,CET1
2025-04-30,intangible_assets,-1200000.00,CET1_DEDUCTION
2025-05-01,paid_up_capital,22000000.00,CET1
2025-05-01,statutory_reserves,26715505.91,CET1
2025-05-01,retained_earnings,28334756.90,CET1
2025-05-01,credit_risk_reserve,6160757.31,CET1
2025-05-01,intangible_assets,-1200000.00,CET1_DEDUCTION
2025-05-02,paid_up_capital,22000000.00,CET1
2025-05-02,statutory_reserves,26721419.19,CET1
2025-05-02,retained_earnings,28341655.72,CET1
2025-05-02,credit_risk_reserve,6177392.67,CET1
2025-05-02,intangible_assets,-1200000.00,CET1_DEDUCTION
2025-05-05,paid_up_capital,22000000.00,CET1
2025-05-05,statutory_reserves,26739159.00,CET1
2025-05-05,retained_earnings,28362352.17,CET1
2025-05-05,credit_risk_reserve,6163514.99,CET1
2025-05-05,intangible_assets,-1200000.00,CET1_DEDUCTION
2025-05-06,paid_up_capital,22000000.00,CET1
2025-05-06,statutory_reserves,26745072.27,CET1
2025-05-06,retained_earnings,28369250.99,CET1
2025-05-06,credit_risk_reserve,6182613.50,CET1
2025-05-06,intangible_assets,-1200000.00,CET1_DEDUCTION
2025-05-07,paid_up_capital,22000000.00,CET1
2025-05-07,statutory_reserves,26750985.55,CET1
2025-05-07,retained_earnings,28376149.80,CET1
2025-05-07,credit_risk_reserve,6127851.13,CET1
2025-05-07,intangible_assets,-1200000.00,CET1_DEDUCTION
2025-05-08,paid_up_capital,22000000.00,CET1
2025-05-08,statutory_reserves,26756898.82,CET1
2025-05-08,retained_earnings,28383048.62,CET1
2025-05-08,credit_risk_reserve,6127099.72,CET1
2025-05-08,intangible_assets,-1200000.00,CET1_DEDUCTION
2025-05-09,paid_up_capital,22000000.00,CET1
2025-05-09,statutory_reserves,26762812.09,CET1
2025-05-09,retained_earnings,28389947.44,CET1
2025-05-09,credit_risk_reserve,6172945.03,CET1
2025-05-09,intangible_assets,-1200000.00,CET1_DEDUCTION
2025-05-12,paid_up_capital,22000000.00,CET1
2025-05-12,statutory_reserves,26780551.91,CET1
2025-05-12,retained_earnings,28410643.89,CET1
2025-05-12,credit_risk_reserve,6140598.75,CET1
2025-05-12,intangible_assets,-1200000.00,CET1_DEDUCTION
2025-05-13,paid_up_capital,22000000.00,CET1
2025-05-13,statutory_reserves,26786465.18,CET1
2025-05-13,retained_earnings,28417542.71,CET1
2025-05-13,credit_risk_reserve,6174895.77,CET1
2025-05-13,intangible_assets,-1200000.00,CET1_DEDUCTION
2025-05-14,paid_up_capital,22000000.00,CET1
2025-05-14,statutory_reserves,26792378.45,CET1
2025-05-14,retained_earnings,28424441.52,CET1
2025-05-14,credit_risk_reserve,6176826.71,CET1
2025-05-14,intangible_assets,-1200000.00,CET1_DEDUCTION
2025-05-15,paid_up_capital,22000000.00,CET1
2025-05-15,statutory_reserves,26798291.72,CET1
2025-05-15,retained_earnings,28431340.34,CET1
2025-05-15,credit_risk_reserve,6128011.02,CET1
2025-05-15,intangible_assets,-1200000.00,CET1_DEDUCTION
2025-05-16,paid_up_capital,22000000.00,CET1
2025-05-16,statutory_reserves,26804204.99,CET1
2025-05-16,retained_earnings,28438239.16,CET1
2025-05-16,credit_risk_reserve,6143238.63,CET1
2025-05-16,intangible_assets,-1200000.00,CET1_DEDUCTION
2025-05-19,paid_up_capital,22000000.00,CET1
2025-05-19,statutory_reserves,26821944.81,CET1
2025-05-19,retained_earnings,28458935.61,CET1
2025-05-19,credit_risk_reserve,6196061.62,CET1
2025-05-19,intangible_assets,-1200000.00,CET1_DEDUCTION
2025-05-20,paid_up_capital,22000000.00,CET1
2025-05-20,statutory_reserves,26827858.08,CET1
2025-05-20,retained_earnings,28465834.43,CET1
2025-05-20,credit_risk_reserve,6178954.27,CET1
2025-05-20,intangible_assets,-1200000.00,CET1_DEDUCTION
2025-05-21,paid_up_capital,22000000.00,CET1
2025-05-21,statutory_reserves,26833771.35,CET1
2025-05-21,retained_earnings,28472733.25,CET1
2025-05-21,credit_risk_reserve,6134138.46,CET1
2025-05-21,intangible_assets,-1200000.00,CET1_DEDUCTION
2025-05-22,paid_up_capital,22000000.00,CET1
2025-05-22,statutory_reserves,26839684.63,CET1
2025-05-22,retained_earnings,28479632.06,CET1
2025-05-22,credit_risk_reserve,6137914.94,CET1
2025-05-22,intangible_assets,-1200000.00,CET1_DEDUCTION
2025-05-23,paid_up_capital,22000000.00,CET1
2025-05-23,statutory_reserves,26845597.90,CET1
2025-05-23,retained_earnings,28486530.88,CET1
2025-05-23,credit_risk_reserve,6198869.08,CET1
2025-05-23,intangible_assets,-1200000.00,CET1_DEDUCTION
2025-05-26,paid_up_capital,22000000.00,CET1
2025-05-26,statutory_reserves,26863337.71,CET1
2025-05-26,retained_earnings,28507227.33,CET1
2025-05-26,credit_risk_reserve,6150565.33,CET1
2025-05-26,intangible_assets,-1200000.00,CET1_DEDUCTION
2025-05-27,paid_up_capital,22000000.00,CET1
2025-05-27,statutory_reserves,26869250.99,CET1
2025-05-27,retained_earnings,28514126.15,CET1
2025-05-27,credit_risk_reserve,6208279.61,CET1
2025-05-27,intangible_assets,-1200000.00,CET1_DEDUCTION
2025-05-28,paid_up_capital,22000000.00,CET1
2025-05-28,statutory_reserves,26875164.26,CET1
2025-05-28,retained_earnings,28521024.97,CET1
2025-05-28,credit_risk_reserve,6194677.90,CET1
2025-05-28,intangible_assets,-1200000.00,CET1_DEDUCTION
2025-05-29,paid_up_capital,22000000.00,CET1
2025-05-29,statutory_reserves,26881077.53,CET1
2025-05-29,retained_earnings,28527923.78,CET1
2025-05-29,credit_risk_reserve,6175635.05,CET1
2025-05-29,intangible_assets,-1200000.00,CET1_DEDUCTION
2025-05-30,paid_up_capital,22000000.00,CET1
2025-05-30,statutory_reserves,26886990.80,CET1
2025-05-30,retained_earnings,28534822.60,CET1
2025-05-30,credit_risk_reserve,6145821.39,CET1
2025-05-30,intangible_assets,-1200000.00,CET1_DEDUCTION
2025-05-31,paid_up_capital,22000000.00,CET1
2025-05-31,statutory_reserves,26892904.07,CET1
2025-05-31,retained_earnings,28541721.42,CET1
2025-05-31,credit_risk_reserve,6294678.49,CET1
2025-05-31,intangible_assets,-1200000.00,CET1_DEDUCTION
2025-06-02,paid_up_capital,22000000.00,CET1
2025-06-02,statutory_reserves,26904730.62,CET1
2025-06-02,retained_earnings,28555519.05,CET1
2025-06-02,credit_risk_reserve,6297300.03,CET1
2025-06-02,intangible_assets,-1200000.00,CET1_DEDUCTION
2025-06-03,paid_up_capital,22000000.00,CET1
2025-06-03,statutory_reserves,26910643.89,CET1
2025-06-03,retained_earnings,28562417.87,CET1
2025-06-03,credit_risk_reserve,6265619.40,CET1
2025-06-03,intangible_assets,-1200000.00,CET1_DEDUCTION
2025-06-04,paid_up_capital,22000000.00,CET1
2025-06-04,statutory_reserves,26916557.16,CET1
2025-06-04,retained_earnings,28569316.69,CET1
2025-06-04,credit_risk_reserve,6296945.62,CET1
2025-06-04,intangible_assets,-1200000.00,CET1_DEDUCTION
2025-06-05,paid_up_capital,22000000.00,CET1
2025-06-05,statutory_reserves,26922470.43,CET1
2025-06-05,retained_earnings,28576215.51,CET1
2025-06-05,credit_risk_reserve,6342776.12,CET1
2025-06-05,intangible_assets,-1200000.00,CET1_DEDUCTION
2025-06-06,paid_up_capital,22000000.00,CET1
2025-06-06,statutory_reserves,26928383.71,CET1
2025-06-06,retained_earnings,28583114.32,CET1
2025-06-06,credit_risk_reserve,6295208.30,CET1
2025-06-06,intangible_assets,-1200000.00,CET1_DEDUCTION
2025-06-09,paid_up_capital,22000000.00,CET1
2025-06-09,statutory_reserves,26946123.52,CET1
2025-06-09,retained_earnings,28603810.78,CET1
2025-06-09,credit_risk_reserve,6261317.68,CET1
2025-06-09,intangible_assets,-1200000.00,CET1_DEDUCTION
2025-06-10,paid_up_capital,22000000.00,CET1
2025-06-10,statutory_reserves,26952036.79,CET1
2025-06-10,retained_earnings,28610709.59,CET1
2025-06-10,credit_risk_reserve,6318694.99,CET1
2025-06-10,intangible_assets,-1200000.00,CET1_DEDUCTION
2025-06-11,paid_up_capital,22000000.00,CET1
2025-06-11,statutory_reserves,26957950.07,CET1
2025-06-11,retained_earnings,28617608.41,CET1
2025-06-11,credit_risk_reserve,6345793.94,CET1
2025-06-11,intangible_assets,-1200000.00,CET1_DEDUCTION
2025-06-12,paid_up_capital,22000000.00,CET1
2025-06-12,statutory_reserves,26963863.34,CET1
2025-06-12,retained_earnings,28624507.23,CET1
2025-06-12,credit_risk_reserve,6308017.73,CET1
2025-06-12,intangible_assets,-1200000.00,CET1_DEDUCTION
2025-06-13,paid_up_capital,22000000.00,CET1
2025-06-13,statutory_reserves,26969776.61,CET1
2025-06-13,retained_earnings,28631406.04,CET1
2025-06-13,credit_risk_reserve,6263386.93,CET1
2025-06-13,intangible_assets,-1200000.00,CET1_DEDUCTION
2025-06-16,paid_up_capital,22000000.00,CET1
2025-06-16,statutory_reserves,26987516.43,CET1
2025-06-16,retained_earnings,28652102.50,CET1
2025-06-16,credit_risk_reserve,6318783.38,CET1
2025-06-16,intangible_assets,-1200000.00,CET1_DEDUCTION
2025-06-17,paid_up_capital,22000000.00,CET1
2025-06-17,statutory_reserves,26993429.70,CET1
2025-06-17,retained_earnings,28659001.31,CET1
2025-06-17,credit_risk_reserve,6273189.48,CET1
2025-06-17,intangible_assets,-1200000.00,CET1_DEDUCTION
2025-06-18,paid_up_capital,22000000.00,CET1
2025-06-18,statutory_reserves,26999342.97,CET1
2025-06-18,retained_earnings,28665900.13,CET1
2025-06-18,credit_risk_reserve,6295235.49,CET1
2025-06-18,intangible_assets,-1200000.00,CET1_DEDUCTION
2025-06-19,paid_up_capital,22000000.00,CET1
2025-06-19,statutory_reserves,27005256.24,CET1
2025-06-19,retained_earnings,28672798.95,CET1
2025-06-19,credit_risk_reserve,6300529.41,CET1
2025-06-19,intangible_assets,-1200000.00,CET1_DEDUCTION
2025-06-20,paid_up_capital,22000000.00,CET1
2025-06-20,statutory_reserves,27011169.51,CET1
2025-06-20,retained_earnings,28679697.77,CET1
2025-06-20,credit_risk_reserve,6345350.01,CET1
2025-06-20,intangible_assets,-1200000.00,CET1_DEDUCTION
2025-06-23,paid_up_capital,22000000.00,CET1
2025-06-23,statutory_reserves,27028909.33,CET1
2025-06-23,retained_earnings,28700394.22,CET1
2025-06-23,credit_risk_reserve,6302517.47,CET1
2025-06-23,intangible_assets,-1200000.00,CET1_DEDUCTION
2025-06-24,paid_up_capital,22000000.00,CET1
2025-06-24,statutory_reserves,27034822.60,CET1
2025-06-24,retained_earnings,28707293.04,CET1
2025-06-24,credit_risk_reserve,6348190.41,CET1
2025-06-24,intangible_assets,-1200000.00,CET1_DEDUCTION
2025-06-25,paid_up_capital,22000000.00,CET1
2025-06-25,statutory_reserves,27040735.87,CET1
2025-06-25,retained_earnings,28714191.85,CET1
2025-06-25,credit_risk_reserve,6332861.30,CET1
2025-06-25,intangible_assets,-1200000.00,CET1_DEDUCTION
2025-06-26,paid_up_capital,22000000.00,CET1
2025-06-26,statutory_reserves,27046649.15,CET1
2025-06-26,retained_earnings,28721090.67,CET1
2025-06-26,credit_risk_reserve,6299177.66,CET1
2025-06-26,intangible_assets,-1200000.00,CET1_DEDUCTION
2025-06-27,paid_up_capital,22000000.00,CET1
2025-06-27,statutory_reserves,27052562.42,CET1
2025-06-27,retained_earnings,28727989.49,CET1
2025-06-27,credit_risk_reserve,6301308.37,CET1
2025-06-27,intangible_assets,-1200000.00,CET1_DEDUCTION
2025-06-30,paid_up_capital,22000000.00,CET1
2025-06-30,statutory_reserves,27070302.23,CET1
2025-06-30,retained_earnings,28748685.94,CET1
2025-06-30,credit_risk_reserve,6354691.20,CET1
2025-06-30,intangible_assets,-1200000.00,CET1_DEDUCTION
2025-07-01,paid_up_capital,22000000.00,CET1
2025-07-01,statutory_reserves,27076215.51,CET1
2025-07-01,retained_earnings,28755584.76,CET1
2025-07-01,credit_risk_reserve,6351014.15,CET1
2025-07-01,intangible_assets,-1200000.00,CET1_DEDUCTION
2025-07-02,paid_up_capital,22000000.00,CET1
2025-07-02,statutory_reserves,27082128.78,CET1
2025-07-02,retained_earnings,28762483.57,CET1
2025-07-02,credit_risk_reserve,6298175.14,CET1
2025-07-02,intangible_assets,-1200000.00,CET1_DEDUCTION
2025-07-03,paid_up_capital,22000000.00,CET1
2025-07-03,statutory_reserves,27088042.05,CET1
2025-07-03,retained_earnings,28769382.39,CET1
2025-07-03,credit_risk_reserve,6314165.54,CET1
2025-07-03,intangible_assets,-1200000.00,CET1_DEDUCTION
2025-07-04,paid_up_capital,22000000.00,CET1
2025-07-04,statutory_reserves,27093955.32,CET1
2025-07-04,retained_earnings,28776281.21,CET1
2025-07-04,credit_risk_reserve,6356800.05,CET1
2025-07-04,intangible_assets,-1200000.00,CET1_DEDUCTION
2025-07-07,paid_up_capital,22000000.00,CET1
2025-07-07,statutory_reserves,27111695.14,CET1
2025-07-07,retained_earnings,28796977.66,CET1
2025-07-07,credit_risk_reserve,6324221.96,CET1
2025-07-07,intangible_assets,-1200000.00,CET1_DEDUCTION
2025-07-08,paid_up_capital,22000000.00,CET1
2025-07-08,statutory_reserves,27117608.41,CET1
2025-07-08,retained_earnings,28803876.48,CET1
2025-07-08,credit_risk_reserve,6296611.67,CET1
2025-07-08,intangible_assets,-1200000.00,CET1_DEDUCTION
2025-07-09,paid_up_capital,22000000.00,CET1
2025-07-09,statutory_reserves,27123521.68,CET1
2025-07-09,retained_earnings,28810775.30,CET1
2025-07-09,credit_risk_reserve,6340395.98,CET1
2025-07-09,intangible_assets,-1200000.00,CET1_DEDUCTION
2025-07-10,paid_up_capital,22000000.00,CET1
2025-07-10,statutory_reserves,27129434.95,CET1
2025-07-10,retained_earnings,28817674.11,CET1
2025-07-10,credit_risk_reserve,6370093.06,CET1
2025-07-10,intangible_assets,-1200000.00,CET1_DEDUCTION
2025-07-11,paid_up_capital,22000000.00,CET1
2025-07-11,statutory_reserves,27135348.23,CET1
2025-07-11,retained_earnings,28824572.93,CET1
2025-07-11,credit_risk_reserve,6344470.52,CET1
2025-07-11,intangible_assets,-1200000.00,CET1_DEDUCTION
2025-07-14,paid_up_capital,22000000.00,CET1
2025-07-14,statutory_reserves,27153088.04,CET1
2025-07-14,retained_earnings,28845269.38,CET1
2025-07-14,credit_risk_reserve,6391184.21,CET1
2025-07-14,intangible_assets,-1200000.00,CET1_DEDUCTION
2025-07-15,paid_up_capital,22000000.00,CET1
2025-07-15,statutory_reserves,27159001.31,CET1
2025-07-15,retained_earnings,28852168.20,CET1
2025-07-15,credit_risk_reserve,6362018.01,CET1
2025-07-15,intangible_assets,-1200000.00,CET1_DEDUCTION
2025-07-16,paid_up_capital,22000000.00,CET1
2025-07-16,statutory_reserves,27164914.59,CET1
2025-07-16,retained_earnings,28859067.02,CET1
2025-07-16,credit_risk_reserve,6313617.77,CET1
2025-07-16,intangible_assets,-1200000.00,CET1_DEDUCTION
2025-07-17,paid_up_capital,22000000.00,CET1
2025-07-17,statutory_reserves,27170827.86,CET1
2025-07-17,retained_earnings,28865965.83,CET1
2025-07-17,credit_risk_reserve,6360480.09,CET1
2025-07-17,intangible_assets,-1200000.00,CET1_DEDUCTION
2025-07-18,paid_up_capital,22000000.00,CET1
2025-07-18,statutory_reserves,27176741.13,CET1
2025-07-18,retained_earnings,28872864.65,CET1
2025-07-18,credit_risk_reserve,6324412.49,CET1
2025-07-18,intangible_assets,-1200000.00,CET1_DEDUCTION
2025-07-21,paid_up_capital,22000000.00,CET1
2025-07-21,statutory_reserves,27194480.95,CET1
2025-07-21,retained_earnings,28893561.10,CET1
2025-07-21,credit_risk_reserve,6374801.40,CET1
2025-07-21,intangible_assets,-1200000.00,CET1_DEDUCTION
2025-07-22,paid_up_capital,22000000.00,CET1
2025-07-22,statutory_reserves,27200394.22,CET1
2025-07-22,retained_earnings,28900459.92,CET1
2025-07-22,credit_risk_reserve,6332940.96,CET1
2025-07-22,intangible_assets,-1200000.00,CET1_DEDUCTION
2025-07-23,paid_up_capital,22000000.00,CET1
2025-07-23,statutory_reserves,27206307.49,CET1
2025-07-23,retained_earnings,28907358.74,CET1
2025-07-23,credit_risk_reserve,6365434.25,CET1
2025-07-23,intangible_assets,-1200000.00,CET1_DEDUCTION
2025-07-24,paid_up_capital,22000000.00,CET1
2025-07-24,statutory_reserves,27212220.76,CET1
2025-07-24,retained_earnings,28914257.56,CET1
2025-07-24,credit_risk_reserve,6421235.22,CET1
2025-07-24,intangible_assets,-1200000.00,CET1_DEDUCTION
2025-07-25,paid_up_capital,22000000.00,CET1
2025-07-25,statutory_reserves,27218134.03,CET1
2025-07-25,retained_earnings,28921156.37,CET1
2025-07-25,credit_risk_reserve,6377928.44,CET1
2025-07-25,intangible_assets,-1200000.00,CET1_DEDUCTION
2025-07-28,paid_up_capital,22000000.00,CET1
2025-07-28,statutory_reserves,27235873.85,CET1
2025-07-28,retained_earnings,28941852.83,CET1
2025-07-28,credit_risk_reserve,6370272.63,CET1
2025-07-28,intangible_assets,-1200000.00,CET1_DEDUCTION
2025-07-29,paid_up_capital,22000000.00,CET1
2025-07-29,statutory_reserves,27241787.12,CET1
2025-07-29,retained_earnings,28948751.64,CET1
2025-07-29,credit_risk_reserve,6352273.24,CET1
2025-07-29,intangible_assets,-1200000.00,CET1_DEDUCTION
2025-07-30,paid_up_capital,22000000.00,CET1
2025-07-30,statutory_reserves,27247700.39,CET1
2025-07-30,retained_earnings,28955650.46,CET1
2025-07-30,credit_risk_reserve,6395915.53,CET1
2025-07-30,intangible_assets,-1200000.00,CET1_DEDUCTION
2025-07-31,paid_up_capital,22000000.00,CET1
2025-07-31,statutory_reserves,27253613.67,CET1
2025-07-31,retained_earnings,28962549.28,CET1
2025-07-31,credit_risk_reserve,6403068.35,CET1
2025-07-31,intangible_assets,-1200000.00,CET1_DEDUCTION
2025-08-01,paid_up_capital,22000000.00,CET1
2025-08-01,statutory_reserves,27259526.94,CET1
2025-08-01,retained_earnings,28969448.09,CET1
2025-08-01,credit_risk_reserve,6372593.90,CET1
2025-08-01,intangible_assets,-1200000.00,CET1_DEDUCTION
2025-08-04,paid_up_capital,22000000.00,CET1
2025-08-04,statutory_reserves,27277266.75,CET1
2025-08-04,retained_earnings,28990144.55,CET1
2025-08-04,credit_risk_reserve,6404869.54,CET1
2025-08-04,intangible_assets,-1200000.00,CET1_DEDUCTION
2025-08-05,paid_up_capital,22000000.00,CET1
2025-08-05,statutory_reserves,27283180.03,CET1
2025-08-05,retained_earnings,28997043.36,CET1
2025-08-05,credit_risk_reserve,6370495.42,CET1
2025-08-05,intangible_assets,-1200000.00,CET1_DEDUCTION
2025-08-06,paid_up_capital,22000000.00,CET1
2025-08-06,statutory_reserves,27289093.30,CET1
2025-08-06,retained_earnings,29003942.18,CET1
2025-08-06,credit_risk_reserve,6357057.74,CET1
2025-08-06,intangible_assets,-1200000.00,CET1_DEDUCTION
2025-08-07,paid_up_capital,22000000.00,CET1
2025-08-07,statutory_reserves,27295006.57,CET1
2025-08-07,retained_earnings,29010841.00,CET1
2025-08-07,credit_risk_reserve,6367795.34,CET1
2025-08-07,intangible_assets,-1200000.00,CET1_DEDUCTION
2025-08-08,paid_up_capital,22000000.00,CET1
2025-08-08,statutory_reserves,27300919.84,CET1
2025-08-08,retained_earnings,29017739.82,CET1
2025-08-08,credit_risk_reserve,6363125.48,CET1
2025-08-08,intangible_assets,-1200000.00,CET1_DEDUCTION
2025-08-11,paid_up_capital,22000000.00,CET1
2025-08-11,statutory_reserves,27318659.66,CET1
2025-08-11,retained_earnings,29038436.27,CET1
2025-08-11,credit_risk_reserve,6369424.41,CET1
2025-08-11,intangible_assets,-1200000.00,CET1_DEDUCTION
2025-08-12,paid_up_capital,22000000.00,CET1
2025-08-12,statutory_reserves,27324572.93,CET1
2025-08-12,retained_earnings,29045335.09,CET1
2025-08-12,credit_risk_reserve,6370224.10,CET1
2025-08-12,intangible_assets,-1200000.00,CET1_DEDUCTION
2025-08-13,paid_up_capital,22000000.00,CET1
2025-08-13,statutory_reserves,27330486.20,CET1
2025-08-13,retained_earnings,29052233.90,CET1
2025-08-13,credit_risk_reserve,6411707.57,CET1
2025-08-13,intangible_assets,-1200000.00,CET1_DEDUCTION
2025-08-14,paid_up_capital,22000000.00,CET1
2025-08-14,statutory_reserves,27336399.47,CET1
2025-08-14,retained_earnings,29059132.72,CET1
2025-08-14,credit_risk_reserve,6429298.00,CET1
2025-08-14,intangible_assets,-1200000.00,CET1_DEDUCTION
2025-08-15,paid_up_capital,22000000.00,CET1
2025-08-15,statutory_reserves,27342312.75,CET1
2025-08-15,retained_earnings,29066031.54,CET1
2025-08-15,credit_risk_reserve,6380283.50,CET1
2025-08-15,intangible_assets,-1200000.00,CET1_DEDUCTION
2025-08-18,paid_up_capital,22000000.00,CET1
2025-08-18,statutory_reserves,27360052.56,CET1
2025-08-18,retained_earnings,29086727.99,CET1
2025-08-18,credit_risk_reserve,6418745.84,CET1
2025-08-18,intangible_assets,-1200000.00,CET1_DEDUCTION
2025-08-19,paid_up_capital,22000000.00,CET1
2025-08-19,statutory_reserves,27365965.83,CET1
2025-08-19,retained_earnings,29093626.81,CET1
2025-08-19,credit_risk_reserve,6376404.72,CET1
2025-08-19,intangible_assets,-1200000.00,CET1_DEDUCTION
2025-08-20,paid_up_capital,22000000.00,CET1
2025-08-20,statutory_reserves,27371879.11,CET1
2025-08-20,retained_earnings,29100525.62,CET1
2025-08-20,credit_risk_reserve,6392552.68,CET1
2025-08-20,intangible_assets,-1200000.00,CET1_DEDUCTION
2025-08-21,paid_up_capital,22000000.00,CET1
2025-08-21,statutory_reserves,27377792.38,CET1
2025-08-21,retained_earnings,29107424.44,CET1
2025-08-21,credit_risk_reserve,6425563.18,CET1
2025-08-21,intangible_assets,-1200000.00,CET1_DEDUCTION
2025-08-22,paid_up_capital,22000000.00,CET1
2025-08-22,statutory_reserves,27383705.65,CET1
2025-08-22,retained_earnings,29114323.26,CET1
2025-08-22,credit_risk_reserve,6420486.32,CET1
2025-08-22,intangible_assets,-1200000.00,CET1_DEDUCTION
2025-08-25,paid_up_capital,22000000.00,CET1
2025-08-25,statutory_reserves,27401445.47,CET1
2025-08-25,retained_earnings,29135019.71,CET1
2025-08-25,credit_risk_reserve,6435126.06,CET1
2025-08-25,intangible_assets,-1200000.00,CET1_DEDUCTION
2025-08-26,paid_up_capital,22000000.00,CET1
2025-08-26,statutory_reserves,27407358.74,CET1
2025-08-26,retained_earnings,29141918.53,CET1
2025-08-26,credit_risk_reserve,6430973.80,CET1
2025-08-26,intangible_assets,-1200000.00,CET1_DEDUCTION
2025-08-27,paid_up_capital,22000000.00,CET1
2025-08-27,statutory_reserves,27413272.01,CET1
2025-08-27,retained_earnings,29148817.35,CET1
2025-08-27,credit_risk_reserve,6443096.13,CET1
2025-08-27,intangible_assets,-1200000.00,CET1_DEDUCTION
2025-08-28,paid_up_capital,22000000.00,CET1
2025-08-28,statutory_reserves,27419185.28,CET1
2025-08-28,retained_earnings,29155716.16,CET1
2025-08-28,credit_risk_reserve,6427565.83,CET1
2025-08-28,intangible_assets,-1200000.00,CET1_DEDUCTION
2025-08-29,paid_up_capital,22000000.00,CET1
2025-08-29,statutory_reserves,27425098.55,CET1
2025-08-29,retained_earnings,29162614.98,CET1
2025-08-29,credit_risk_reserve,6388080.01,CET1
2025-08-29,intangible_assets,-1200000.00,CET1_DEDUCTION
2025-08-31,paid_up_capital,22000000.00,CET1
2025-08-31,statutory_reserves,27436925.10,CET1
2025-08-31,retained_earnings,29176412.61,CET1
2025-08-31,credit_risk_reserve,6449333.95,CET1
2025-08-31,intangible_assets,-1200000.00,CET1_DEDUCTION
2025-09-01,paid_up_capital,22000000.00,CET1
2025-09-01,statutory_reserves,27442838.37,CET1
2025-09-01,retained_earnings,29183311.43,CET1
2025-09-01,credit_risk_reserve,6430129.68,CET1
2025-09-01,intangible_assets,-1200000.00,CET1_DEDUCTION
2025-09-02,paid_up_capital,22000000.00,CET1
2025-09-02,statutory_reserves,27448751.64,CET1
2025-09-02,retained_earnings,29190210.25,CET1
2025-09-02,credit_risk_reserve,6389649.82,CET1
2025-09-02,intangible_assets,-1200000.00,CET1_DEDUCTION
2025-09-03,paid_up_capital,22000000.00,CET1
2025-09-03,statutory_reserves,27454664.91,CET1
2025-09-03,retained_earnings,29197109.07,CET1
2025-09-03,credit_risk_reserve,6396433.89,CET1
2025-09-03,intangible_assets,-1200000.00,CET1_DEDUCTION
2025-09-04,paid_up_capital,22000000.00,CET1
2025-09-04,statutory_reserves,27460578.19,CET1
2025-09-04,retained_earnings,29204007.88,CET1
2025-09-04,credit_risk_reserve,6447603.77,CET1
2025-09-04,intangible_assets,-1200000.00,CET1_DEDUCTION
2025-09-05,paid_up_capital,22000000.00,CET1
2025-09-05,statutory_reserves,27466491.46,CET1
2025-09-05,retained_earnings,29210906.70,CET1
2025-09-05,credit_risk_reserve,6464630.95,CET1
2025-09-05,intangible_assets,-1200000.00,CET1_DEDUCTION
2025-09-08,paid_up_capital,22000000.00,CET1
2025-09-08,statutory_reserves,27484231.27,CET1
2025-09-08,retained_earnings,29231603.15,CET1
2025-09-08,credit_risk_reserve,6630807.75,CET1
2025-09-08,intangible_assets,-1200000.00,CET1_DEDUCTION
2025-09-09,paid_up_capital,22000000.00,CET1
2025-09-09,statutory_reserves,27490144.55,CET1
2025-09-09,retained_earnings,29238501.97,CET1
2025-09-09,credit_risk_reserve,6663382.20,CET1
2025-09-09,intangible_assets,-1200000.00,CET1_DEDUCTION
2025-09-10,paid_up_capital,22000000.00,CET1
2025-09-10,statutory_reserves,27496057.82,CET1
2025-09-10,retained_earnings,29245400.79,CET1
2025-09-10,credit_risk_reserve,6632822.61,CET1
2025-09-10,intangible_assets,-1200000.00,CET1_DEDUCTION
2025-09-11,paid_up_capital,22000000.00,CET1
2025-09-11,statutory_reserves,27501971.09,CET1
2025-09-11,retained_earnings,29252299.61,CET1
2025-09-11,credit_risk_reserve,6609666.76,CET1
2025-09-11,intangible_assets,-1200000.00,CET1_DEDUCTION
2025-09-12,paid_up_capital,22000000.00,CET1
2025-09-12,statutory_reserves,27507884.36,CET1
2025-09-12,retained_earnings,29259198.42,CET1
2025-09-12,credit_risk_reserve,6633356.06,CET1
2025-09-12,intangible_assets,-1200000.00,CET1_DEDUCTION
2025-09-15,paid_up_capital,22000000.00,CET1
2025-09-15,statutory_reserves,27525624.18,CET1
2025-09-15,retained_earnings,29279894.88,CET1
2025-09-15,credit_risk_reserve,6606629.91,CET1
2025-09-15,intangible_assets,-1200000.00,CET1_DEDUCTION
2025-09-16,paid_up_capital,22000000.00,CET1
2025-09-16,statutory_reserves,27531537.45,CET1
2025-09-16,retained_earnings,29286793.69,CET1
2025-09-16,credit_risk_reserve,6636016.56,CET1
2025-09-16,intangible_assets,-1200000.00,CET1_DEDUCTION
2025-09-17,paid_up_capital,22000000.00,CET1
2025-09-17,statutory_reserves,27537450.72,CET1
2025-09-17,retained_earnings,29293692.51,CET1
2025-09-17,credit_risk_reserve,6605223.59,CET1
2025-09-17,intangible_assets,-1200000.00,CET1_DEDUCTION
2025-09-18,paid_up_capital,22000000.00,CET1
2025-09-18,statutory_reserves,27543363.99,CET1
2025-09-18,retained_earnings,29300591.33,CET1
2025-09-18,credit_risk_reserve,6654406.40,CET1
2025-09-18,intangible_assets,-1200000.00,CET1_DEDUCTION
2025-09-19,paid_up_capital,22000000.00,CET1
2025-09-19,statutory_reserves,27549277.27,CET1
2025-09-19,retained_earnings,29307490.14,CET1
2025-09-19,credit_risk_reserve,6675533.48,CET1
2025-09-19,intangible_assets,-1200000.00,CET1_DEDUCTION
2025-09-22,paid_up_capital,22000000.00,CET1
2025-09-22,statutory_reserves,27567017.08,CET1
2025-09-22,retained_earnings,29328186.60,CET1
2025-09-22,credit_risk_reserve,6657623.21,CET1
2025-09-22,intangible_assets,-1200000.00,CET1_DEDUCTION
2025-09-23,paid_up_capital,22000000.00,CET1
2025-09-23,statutory_reserves,27572930.35,CET1
2025-09-23,retained_earnings,29335085.41,CET1
2025-09-23,credit_risk_reserve,6681558.02,CET1
2025-09-23,intangible_assets,-1200000.00,CET1_DEDUCTION
2025-09-24,paid_up_capital,22000000.00,CET1
2025-09-24,statutory_reserves,27578843.63,CET1
2025-09-24,retained_earnings,29341984.23,CET1
2025-09-24,credit_risk_reserve,6653399.20,CET1
2025-09-24,intangible_assets,-1200000.00,CET1_DEDUCTION
2025-09-25,paid_up_capital,22000000.00,CET1
2025-09-25,statutory_reserves,27584756.90,CET1
2025-09-25,retained_earnings,29348883.05,CET1
2025-09-25,credit_risk_reserve,6618696.97,CET1
2025-09-25,intangible_assets,-1200000.00,CET1_DEDUCTION
2025-09-26,paid_up_capital,22000000.00,CET1
2025-09-26,statutory_reserves,27590670.17,CET1
2025-09-26,retained_earnings,29355781.87,CET1
2025-09-26,credit_risk_reserve,6633559.26,CET1
2025-09-26,intangible_assets,-1200000.00,CET1_DEDUCTION
2025-09-29,paid_up_capital,22000000.00,CET1
2025-09-29,statutory_reserves,27608409.99,CET1
2025-09-29,retained_earnings,29376478.32,CET1
2025-09-29,credit_risk_reserve,6658574.58,CET1
2025-09-29,intangible_assets,-1200000.00,CET1_DEDUCTION
2025-09-30,paid_up_capital,22000000.00,CET1
2025-09-30,statutory_reserves,27614323.26,CET1
2025-09-30,retained_earnings,29383377.14,CET1
2025-09-30,credit_risk_reserve,6639260.89,CET1
2025-09-30,intangible_assets,-1200000.00,CET1_DEDUCTION
2025-10-01,paid_up_capital,22000000.00,CET1
2025-10-01,statutory_reserves,27620236.53,CET1
2025-10-01,retained_earnings,29390275.95,CET1
2025-10-01,credit_risk_reserve,6646310.38,CET1
2025-10-01,intangible_assets,-1200000.00,CET1_DEDUCTION
2025-10-02,paid_up_capital,22000000.00,CET1
2025-10-02,statutory_reserves,27626149.80,CET1
2025-10-02,retained_earnings,29397174.77,CET1
2025-10-02,credit_risk_reserve,6764988.67,CET1
2025-10-02,intangible_assets,-1200000.00,CET1_DEDUCTION
2025-10-03,paid_up_capital,22000000.00,CET1
2025-10-03,statutory_reserves,27632063.07,CET1
2025-10-03,retained_earnings,29404073.59,CET1
2025-10-03,credit_risk_reserve,6747214.96,CET1
2025-10-03,intangible_assets,-1200000.00,CET1_DEDUCTION
2025-10-06,paid_up_capital,22000000.00,CET1
2025-10-06,statutory_reserves,27649802.89,CET1
2025-10-06,retained_earnings,29424770.04,CET1
2025-10-06,credit_risk_reserve,6718466.65,CET1
2025-10-06,intangible_assets,-1200000.00,CET1_DEDUCTION
2025-10-07,paid_up_capital,22000000.00,CET1
2025-10-07,statutory_reserves,27655716.16,CET1
2025-10-07,retained_earnings,29431668.86,CET1
2025-10-07,credit_risk_reserve,6740875.20,CET1
2025-10-07,intangible_assets,-1200000.00,CET1_DEDUCTION
2025-10-08,paid_up_capital,22000000.00,CET1
2025-10-08,statutory_reserves,27661629.43,CET1
2025-10-08,retained_earnings,29438567.67,CET1
2025-10-08,credit_risk_reserve,6774441.88,CET1
2025-10-08,intangible_assets,-1200000.00,CET1_DEDUCTION
2025-10-09,paid_up_capital,22000000.00,CET1
2025-10-09,statutory_reserves,27667542.71,CET1
2025-10-09,retained_earnings,29445466.49,CET1
2025-10-09,credit_risk_reserve,6765076.82,CET1
2025-10-09,intangible_assets,-1200000.00,CET1_DEDUCTION
2025-10-10,paid_up_capital,22000000.00,CET1
2025-10-10,statutory_reserves,27673455.98,CET1
2025-10-10,retained_earnings,29452365.31,CET1
2025-10-10,credit_risk_reserve,6724852.37,CET1
2025-10-10,intangible_assets,-1200000.00,CET1_DEDUCTION
2025-10-13,paid_up_capital,22000000.00,CET1
2025-10-13,statutory_reserves,27691195.80,CET1
2025-10-13,retained_earnings,29473061.76,CET1
2025-10-13,credit_risk_reserve,6770765.46,CET1
2025-10-13,intangible_assets,-1200000.00,CET1_DEDUCTION
2025-10-14,paid_up_capital,22000000.00,CET1
2025-10-14,statutory_reserves,27697109.07,CET1
2025-10-14,retained_earnings,29479960.58,CET1
2025-10-14,credit_risk_reserve,6736065.20,CET1
2025-10-14,intangible_assets,-1200000.00,CET1_DEDUCTION
2025-10-15,paid_up_capital,22000000.00,CET1
2025-10-15,statutory_reserves,27703022.34,CET1
2025-10-15,retained_earnings,29486859.40,CET1
2025-10-15,credit_risk_reserve,6755212.36,CET1
2025-10-15,intangible_assets,-1200000.00,CET1_DEDUCTION
2025-10-16,paid_up_capital,22000000.00,CET1
2025-10-16,statutory_reserves,27708935.61,CET1
2025-10-16,retained_earnings,29493758.21,CET1
2025-10-16,credit_risk_reserve,6733434.80,CET1
2025-10-16,intangible_assets,-1200000.00,CET1_DEDUCTION
2025-10-17,paid_up_capital,22000000.00,CET1
2025-10-17,statutory_reserves,27714848.88,CET1
2025-10-17,retained_earnings,29500657.03,CET1
2025-10-17,credit_risk_reserve,6762878.26,CET1
2025-10-17,intangible_assets,-1200000.00,CET1_DEDUCTION
2025-10-20,paid_up_capital,22000000.00,CET1
2025-10-20,statutory_reserves,27732588.70,CET1
2025-10-20,retained_earnings,29521353.48,CET1
2025-10-20,credit_risk_reserve,6745302.40,CET1
2025-10-20,intangible_assets,-1200000.00,CET1_DEDUCTION
2025-10-21,paid_up_capital,22000000.00,CET1
2025-10-21,statutory_reserves,27738501.97,CET1
2025-10-21,retained_earnings,29528252.30,CET1
2025-10-21,credit_risk_reserve,6778233.33,CET1
2025-10-21,intangible_assets,-1200000.00,CET1_DEDUCTION
2025-10-22,paid_up_capital,22000000.00,CET1
2025-10-22,statutory_reserves,27744415.24,CET1
2025-10-22,retained_earnings,29535151.12,CET1
2025-10-22,credit_risk_reserve,6797156.15,CET1
2025-10-22,intangible_assets,-1200000.00,CET1_DEDUCTION
2025-10-23,paid_up_capital,22000000.00,CET1
2025-10-23,statutory_reserves,27750328.52,CET1
2025-10-23,retained_earnings,29542049.93,CET1
2025-10-23,credit_risk_reserve,6779079.69,CET1
2025-10-23,intangible_assets,-1200000.00,CET1_DEDUCTION
2025-10-24,paid_up_capital,22000000.00,CET1
2025-10-24,statutory_reserves,27756241.79,CET1
2025-10-24,retained_earnings,29548948.75,CET1
2025-10-24,credit_risk_reserve,6742671.73,CET1
2025-10-24,intangible_assets,-1200000.00,CET1_DEDUCTION
2025-10-27,paid_up_capital,22000000.00,CET1
2025-10-27,statutory_reserves,27773981.60,CET1
2025-10-27,retained_earnings,29569645.20,CET1
2025-10-27,credit_risk_reserve,6770917.03,CET1
2025-10-27,intangible_assets,-1200000.00,CET1_DEDUCTION
2025-10-28,paid_up_capital,22000000.00,CET1
2025-10-28,statutory_reserves,27779894.88,CET1
2025-10-28,retained_earnings,29576544.02,CET1
2025-10-28,credit_risk_reserve,6815473.48,CET1
2025-10-28,intangible_assets,-1200000.00,CET1_DEDUCTION
2025-10-29,paid_up_capital,22000000.00,CET1
2025-10-29,statutory_reserves,27785808.15,CET1
2025-10-29,retained_earnings,29583442.84,CET1
2025-10-29,credit_risk_reserve,6788821.70,CET1
2025-10-29,intangible_assets,-1200000.00,CET1_DEDUCTION
2025-10-30,paid_up_capital,22000000.00,CET1
2025-10-30,statutory_reserves,27791721.42,CET1
2025-10-30,retained_earnings,29590341.66,CET1
2025-10-30,credit_risk_reserve,6754867.46,CET1
2025-10-30,intangible_assets,-1200000.00,CET1_DEDUCTION
2025-10-31,paid_up_capital,22000000.00,CET1
2025-10-31,statutory_reserves,27797634.69,CET1
2025-10-31,retained_earnings,29597240.47,CET1
2025-10-31,credit_risk_reserve,6776543.76,CET1
2025-10-31,intangible_assets,-1200000.00,CET1_DEDUCTION
2025-11-03,paid_up_capital,22000000.00,CET1
2025-11-03,statutory_reserves,27815374.51,CET1
2025-11-03,retained_earnings,29617936.93,CET1
2025-11-03,credit_risk_reserve,6765900.80,CET1
2025-11-03,intangible_assets,-1200000.00,CET1_DEDUCTION
2025-11-04,paid_up_capital,22000000.00,CET1
2025-11-04,statutory_reserves,27821287.78,CET1
2025-11-04,retained_earnings,29624835.74,CET1
2025-11-04,credit_risk_reserve,6788400.45,CET1
2025-11-04,intangible_assets,-1200000.00,CET1_DEDUCTION
2025-11-05,paid_up_capital,22000000.00,CET1
2025-11-05,statutory_reserves,27827201.05,CET1
2025-11-05,retained_earnings,29631734.56,CET1
2025-11-05,credit_risk_reserve,6789996.27,CET1
2025-11-05,intangible_assets,-1200000.00,CET1_DEDUCTION
2025-11-06,paid_up_capital,22000000.00,CET1
2025-11-06,statutory_reserves,27833114.32,CET1
2025-11-06,retained_earnings,29638633.38,CET1
2025-11-06,credit_risk_reserve,6769142.17,CET1
2025-11-06,intangible_assets,-1200000.00,CET1_DEDUCTION
2025-11-07,paid_up_capital,22000000.00,CET1
2025-11-07,statutory_reserves,27839027.60,CET1
2025-11-07,retained_earnings,29645532.19,CET1
2025-11-07,credit_risk_reserve,6799690.29,CET1
2025-11-07,intangible_assets,-1200000.00,CET1_DEDUCTION
2025-11-10,paid_up_capital,22000000.00,CET1
2025-11-10,statutory_reserves,27856767.41,CET1
2025-11-10,retained_earnings,29666228.65,CET1
2025-11-10,credit_risk_reserve,6775880.92,CET1
2025-11-10,intangible_assets,-1200000.00,CET1_DEDUCTION
2025-11-11,paid_up_capital,22000000.00,CET1
2025-11-11,statutory_reserves,27862680.68,CET1
2025-11-11,retained_earnings,29673127.46,CET1
2025-11-11,credit_risk_reserve,6805686.05,CET1
2025-11-11,intangible_assets,-1200000.00,CET1_DEDUCTION
2025-11-12,paid_up_capital,22000000.00,CET1
2025-11-12,statutory_reserves,27868593.96,CET1
2025-11-12,retained_earnings,29680026.28,CET1
2025-11-12,credit_risk_reserve,6814830.79,CET1
2025-11-12,intangible_assets,-1200000.00,CET1_DEDUCTION
2025-11-13,paid_up_capital,22000000.00,CET1
2025-11-13,statutory_reserves,27874507.23,CET1
2025-11-13,retained_earnings,29686925.10,CET1
2025-11-13,credit_risk_reserve,6789145.52,CET1
2025-11-13,intangible_assets,-1200000.00,CET1_DEDUCTION
2025-11-14,paid_up_capital,22000000.00,CET1
2025-11-14,statutory_reserves,27880420.50,CET1
2025-11-14,retained_earnings,29693823.92,CET1
2025-11-14,credit_risk_reserve,6772304.55,CET1
2025-11-14,intangible_assets,-1200000.00,CET1_DEDUCTION
2025-11-17,paid_up_capital,22000000.00,CET1
2025-11-17,statutory_reserves,27898160.32,CET1
2025-11-17,retained_earnings,29714520.37,CET1
2025-11-17,credit_risk_reserve,6812178.45,CET1
2025-11-17,intangible_assets,-1200000.00,CET1_DEDUCTION
2025-11-18,paid_up_capital,22000000.00,CET1
2025-11-18,statutory_reserves,27904073.59,CET1
2025-11-18,retained_earnings,29721419.19,CET1
2025-11-18,credit_risk_reserve,6836440.63,CET1
2025-11-18,intangible_assets,-1200000.00,CET1_DEDUCTION
2025-11-19,paid_up_capital,22000000.00,CET1
2025-11-19,statutory_reserves,27909986.86,CET1
2025-11-19,retained_earnings,29728318.00,CET1
2025-11-19,credit_risk_reserve,6790841.04,CET1
2025-11-19,intangible_assets,-1200000.00,CET1_DEDUCTION
2025-11-20,paid_up_capital,22000000.00,CET1
2025-11-20,statutory_reserves,27915900.13,CET1
2025-11-20,retained_earnings,29735216.82,CET1
2025-11-20,credit_risk_reserve,6784514.64,CET1
2025-11-20,intangible_assets,-1200000.00,CET1_DEDUCTION
2025-11-21,paid_up_capital,22000000.00,CET1
2025-11-21,statutory_reserves,27921813.40,CET1
2025-11-21,retained_earnings,29742115.64,CET1
2025-11-21,credit_risk_reserve,6818815.73,CET1
2025-11-21,intangible_assets,-1200000.00,CET1_DEDUCTION
2025-11-24,paid_up_capital,22000000.00,CET1
2025-11-24,statutory_reserves,27939553.22,CET1
2025-11-24,retained_earnings,29762812.09,CET1
2025-11-24,credit_risk_reserve,6836165.81,CET1
2025-11-24,intangible_assets,-1200000.00,CET1_DEDUCTION
2025-11-25,paid_up_capital,22000000.00,CET1
2025-11-25,statutory_reserves,27945466.49,CET1
2025-11-25,retained_earnings,29769710.91,CET1
2025-11-25,credit_risk_reserve,6872363.34,CET1
2025-11-25,intangible_assets,-1200000.00,CET1_DEDUCTION
2025-11-26,paid_up_capital,22000000.00,CET1
2025-11-26,statutory_reserves,27951379.76,CET1
2025-11-26,retained_earnings,29776609.72,CET1
2025-11-26,credit_risk_reserve,6864110.39,CET1
2025-11-26,intangible_assets,-1200000.00,CET1_DEDUCTION
2025-11-27,paid_up_capital,22000000.00,CET1
2025-11-27,statutory_reserves,27957293.04,CET1
2025-11-27,retained_earnings,29783508.54,CET1
2025-11-27,credit_risk_reserve,6834114.72,CET1
2025-11-27,intangible_assets,-1200000.00,CET1_DEDUCTION
2025-11-28,paid_up_capital,22000000.00,CET1
2025-11-28,statutory_reserves,27963206.31,CET1
2025-11-28,retained_earnings,29790407.36,CET1
2025-11-28,credit_risk_reserve,6854276.55,CET1
2025-11-28,intangible_assets,-1200000.00,CET1_DEDUCTION
2025-11-30,paid_up_capital,22000000.00,CET1
2025-11-30,statutory_reserves,27975032.85,CET1
2025-11-30,retained_earnings,29804204.99,CET1
2025-11-30,credit_risk_reserve,6866784.63,CET1
2025-11-30,intangible_assets,-1200000.00,CET1_DEDUCTION
2025-12-01,paid_up_capital,22000000.00,CET1
2025-12-01,statutory_reserves,27980946.12,CET1
2025-12-01,retained_earnings,29811103.81,CET1
2025-12-01,credit_risk_reserve,6835980.89,CET1
2025-12-01,intangible_assets,-1200000.00,CET1_DEDUCTION
2025-12-02,paid_up_capital,22000000.00,CET1
2025-12-02,statutory_reserves,27986859.40,CET1
2025-12-02,retained_earnings,29818002.63,CET1
2025-12-02,credit_risk_reserve,6861222.88,CET1
2025-12-02,intangible_assets,-1200000.00,CET1_DEDUCTION
2025-12-03,paid_up_capital,22000000.00,CET1
2025-12-03,statutory_reserves,27992772.67,CET1
2025-12-03,retained_earnings,29824901.45,CET1
2025-12-03,credit_risk_reserve,6890873.99,CET1
2025-12-03,intangible_assets,-1200000.00,CET1_DEDUCTION
2025-12-04,paid_up_capital,22000000.00,CET1
2025-12-04,statutory_reserves,27998685.94,CET1
2025-12-04,retained_earnings,29831800.26,CET1
2025-12-04,credit_risk_reserve,6878643.70,CET1
2025-12-04,intangible_assets,-1200000.00,CET1_DEDUCTION
2025-12-05,paid_up_capital,22000000.00,CET1
2025-12-05,statutory_reserves,28004599.21,CET1
2025-12-05,retained_earnings,29838699.08,CET1
2025-12-05,credit_risk_reserve,6896612.01,CET1
2025-12-05,intangible_assets,-1200000.00,CET1_DEDUCTION
2025-12-08,paid_up_capital,22000000.00,CET1
2025-12-08,statutory_reserves,28022339.03,CET1
2025-12-08,retained_earnings,29859395.53,CET1
2025-12-08,credit_risk_reserve,6852847.78,CET1
2025-12-08,intangible_assets,-1200000.00,CET1_DEDUCTION
2025-12-09,paid_up_capital,22000000.00,CET1
2025-12-09,statutory_reserves,28028252.30,CET1
2025-12-09,retained_earnings,29866294.35,CET1
2025-12-09,credit_risk_reserve,6903458.97,CET1
2025-12-09,intangible_assets,-1200000.00,CET1_DEDUCTION
2025-12-10,paid_up_capital,22000000.00,CET1
2025-12-10,statutory_reserves,28034165.57,CET1
2025-12-10,retained_earnings,29873193.17,CET1
2025-12-10,credit_risk_reserve,6879235.37,CET1
2025-12-10,intangible_assets,-1200000.00,CET1_DEDUCTION
2025-12-11,paid_up_capital,22000000.00,CET1
2025-12-11,statutory_reserves,28040078.84,CET1
2025-12-11,retained_earnings,29880091.98,CET1
2025-12-11,credit_risk_reserve,6845447.11,CET1
2025-12-11,intangible_assets,-1200000.00,CET1_DEDUCTION
2025-12-12,paid_up_capital,22000000.00,CET1
2025-12-12,statutory_reserves,28045992.12,CET1
2025-12-12,retained_earnings,29886990.80,CET1
2025-12-12,credit_risk_reserve,6859090.21,CET1
2025-12-12,intangible_assets,-1200000.00,CET1_DEDUCTION
2025-12-15,paid_up_capital,22000000.00,CET1
2025-12-15,statutory_reserves,28063731.93,CET1
2025-12-15,retained_earnings,29907687.25,CET1
2025-12-15,credit_risk_reserve,6872945.27,CET1
2025-12-15,intangible_assets,-1200000.00,CET1_DEDUCTION
2025-12-16,paid_up_capital,22000000.00,CET1
2025-12-16,statutory_reserves,28069645.20,CET1
2025-12-16,retained_earnings,29914586.07,CET1
2025-12-16,credit_risk_reserve,6856589.16,CET1
2025-12-16,intangible_assets,-1200000.00,CET1_DEDUCTION
2025-12-17,paid_up_capital,22000000.00,CET1
2025-12-17,statutory_reserves,28075558.48,CET1
2025-12-17,retained_earnings,29921484.89,CET1
2025-12-17,credit_risk_reserve,6879070.25,CET1
2025-12-17,intangible_assets,-1200000.00,CET1_DEDUCTION
2025-12-18,paid_up_capital,22000000.00,CET1
2025-12-18,statutory_reserves,28081471.75,CET1
2025-12-18,retained_earnings,29928383.71,CET1
2025-12-18,credit_risk_reserve,6907696.18,CET1
2025-12-18,intangible_assets,-1200000.00,CET1_DEDUCTION
2025-12-19,paid_up_capital,22000000.00,CET1
2025-12-19,statutory_reserves,28087385.02,CET1
2025-12-19,retained_earnings,29935282.52,CET1
2025-12-19,credit_risk_reserve,6878731.58,CET1
2025-12-19,intangible_assets,-1200000.00,CET1_DEDUCTION
2025-12-22,paid_up_capital,22000000.00,CET1
2025-12-22,statutory_reserves,28105124.84,CET1
2025-12-22,retained_earnings,29955978.98,CET1
2025-12-22,credit_risk_reserve,6914037.95,CET1
2025-12-22,intangible_assets,-1200000.00,CET1_DEDUCTION
2025-12-23,paid_up_capital,22000000.00,CET1
2025-12-23,statutory_reserves,28111038.11,CET1
2025-12-23,retained_earnings,29962877.79,CET1
2025-12-23,credit_risk_reserve,6875750.06,CET1
2025-12-23,intangible_assets,-1200000.00,CET1_DEDUCTION
2025-12-24,paid_up_capital,22000000.00,CET1
2025-12-24,statutory_reserves,28116951.38,CET1
2025-12-24,retained_earnings,29969776.61,CET1
2025-12-24,credit_risk_reserve,6856271.78,CET1
2025-12-24,intangible_assets,-1200000.00,CET1_DEDUCTION
2025-12-25,paid_up_capital,22000000.00,CET1
2025-12-25,statutory_reserves,28122864.65,CET1
2025-12-25,retained_earnings,29976675.43,CET1
2025-12-25,credit_risk_reserve,6881897.64,CET1
2025-12-25,intangible_assets,-1200000.00,CET1_DEDUCTION
2025-12-26,paid_up_capital,22000000.00,CET1
2025-12-26,statutory_reserves,28128777.92,CET1
2025-12-26,retained_earnings,29983574.24,CET1
2025-12-26,credit_risk_reserve,6855198.55,CET1
2025-12-26,intangible_assets,-1200000.00,CET1_DEDUCTION
2025-12-29,paid_up_capital,22000000.00,CET1
2025-12-29,statutory_reserves,28146517.74,CET1
2025-12-29,retained_earnings,30004270.70,CET1
2025-12-29,credit_risk_reserve,6888318.45,CET1
2025-12-29,intangible_assets,-1200000.00,CET1_DEDUCTION
2025-12-30,paid_up_capital,22000000.00,CET1
2025-12-30,statutory_reserves,28152431.01,CET1
2025-12-30,retained_earnings,30011169.51,CET1
2025-12-30,credit_risk_reserve,6857644.20,CET1
2025-12-30,intangible_assets,-1200000.00,CET1_DEDUCTION
2025-12-31,paid_up_capital,22000000.00,CET1
2025-12-31,statutory_reserves,28158344.28,CET1
2025-12-31,retained_earnings,30018068.33,CET1
2025-12-31,credit_risk_reserve,6906815.50,CET1
2025-12-31,intangible_assets,-1200000.00,CET1_DEDUCTION
2026-01-01,paid_up_capital,22000000.00,CET1
2026-01-01,statutory_reserves,28164257.56,CET1
2026-01-01,retained_earnings,30024967.15,CET1
2026-01-01,credit_risk_reserve,6926684.64,CET1
2026-01-01,intangible_assets,-1200000.00,CET1_DEDUCTION
2026-01-02,paid_up_capital,22000000.00,CET1
2026-01-02,statutory_reserves,28170170.83,CET1
2026-01-02,retained_earnings,30031865.97,CET1
2026-01-02,credit_risk_reserve,6899728.68,CET1
2026-01-02,intangible_assets,-1200000.00,CET1_DEDUCTION
2026-01-05,paid_up_capital,22000000.00,CET1
2026-01-05,statutory_reserves,28187910.64,CET1
2026-01-05,retained_earnings,30052562.42,CET1
2026-01-05,credit_risk_reserve,7028969.64,CET1
2026-01-05,intangible_assets,-1200000.00,CET1_DEDUCTION
2026-01-06,paid_up_capital,22000000.00,CET1
2026-01-06,statutory_reserves,28193823.92,CET1
2026-01-06,retained_earnings,30059461.24,CET1
2026-01-06,credit_risk_reserve,7054912.45,CET1
2026-01-06,intangible_assets,-1200000.00,CET1_DEDUCTION
2026-01-07,paid_up_capital,22000000.00,CET1
2026-01-07,statutory_reserves,28199737.19,CET1
2026-01-07,retained_earnings,30066360.05,CET1
2026-01-07,credit_risk_reserve,7029185.03,CET1
2026-01-07,intangible_assets,-1200000.00,CET1_DEDUCTION
2026-01-08,paid_up_capital,22000000.00,CET1
2026-01-08,statutory_reserves,28205650.46,CET1
2026-01-08,retained_earnings,30073258.87,CET1
2026-01-08,credit_risk_reserve,7019082.73,CET1
2026-01-08,intangible_assets,-1200000.00,CET1_DEDUCTION
2026-01-09,paid_up_capital,22000000.00,CET1
2026-01-09,statutory_reserves,28211563.73,CET1
2026-01-09,retained_earnings,30080157.69,CET1
2026-01-09,credit_risk_reserve,7031308.25,CET1
2026-01-09,intangible_assets,-1200000.00,CET1_DEDUCTION
2026-01-12,paid_up_capital,22000000.00,CET1
2026-01-12,statutory_reserves,28229303.55,CET1
2026-01-12,retained_earnings,30100854.14,CET1
2026-01-12,credit_risk_reserve,7015801.28,CET1
2026-01-12,intangible_assets,-1200000.00,CET1_DEDUCTION
2026-01-13,paid_up_capital,22000000.00,CET1
2026-01-13,statutory_reserves,28235216.82,CET1
2026-01-13,retained_earnings,30107752.96,CET1
2026-01-13,credit_risk_reserve,7027390.37,CET1
2026-01-13,intangible_assets,-1200000.00,CET1_DEDUCTION
2026-01-14,paid_up_capital,22000000.00,CET1
2026-01-14,statutory_reserves,28241130.09,CET1
2026-01-14,retained_earnings,30114651.77,CET1
2026-01-14,credit_risk_reserve,7025031.70,CET1
2026-01-14,intangible_assets,-1200000.00,CET1_DEDUCTION
2026-01-15,paid_up_capital,22000000.00,CET1
2026-01-15,statutory_reserves,28247043.36,CET1
2026-01-15,retained_earnings,30121550.59,CET1
2026-01-15,credit_risk_reserve,7052418.32,CET1
2026-01-15,intangible_assets,-1200000.00,CET1_DEDUCTION
2026-01-16,paid_up_capital,22000000.00,CET1
2026-01-16,statutory_reserves,28252956.64,CET1
2026-01-16,retained_earnings,30128449.41,CET1
2026-01-16,credit_risk_reserve,7082746.09,CET1
2026-01-16,intangible_assets,-1200000.00,CET1_DEDUCTION
2026-01-19,paid_up_capital,22000000.00,CET1
2026-01-19,statutory_reserves,28270696.45,CET1
2026-01-19,retained_earnings,30149145.86,CET1
2026-01-19,credit_risk_reserve,7053917.65,CET1
2026-01-19,intangible_assets,-1200000.00,CET1_DEDUCTION
2026-01-20,paid_up_capital,22000000.00,CET1
2026-01-20,statutory_reserves,28276609.72,CET1
2026-01-20,retained_earnings,30156044.68,CET1
2026-01-20,credit_risk_reserve,7085264.73,CET1
2026-01-20,intangible_assets,-1200000.00,CET1_DEDUCTION
2026-01-21,paid_up_capital,22000000.00,CET1
2026-01-21,statutory_reserves,28282523.00,CET1
2026-01-21,retained_earnings,30162943.50,CET1
2026-01-21,credit_risk_reserve,7074109.15,CET1
2026-01-21,intangible_assets,-1200000.00,CET1_DEDUCTION
2026-01-22,paid_up_capital,22000000.00,CET1
2026-01-22,statutory_reserves,28288436.27,CET1
2026-01-22,retained_earnings,30169842.31,CET1
2026-01-22,credit_risk_reserve,7044572.09,CET1
2026-01-22,intangible_assets,-1200000.00,CET1_DEDUCTION
2026-01-23,paid_up_capital,22000000.00,CET1
2026-01-23,statutory_reserves,28294349.54,CET1
2026-01-23,retained_earnings,30176741.13,CET1
2026-01-23,credit_risk_reserve,7066697.27,CET1
2026-01-23,intangible_assets,-1200000.00,CET1_DEDUCTION
2026-01-26,paid_up_capital,22000000.00,CET1
2026-01-26,statutory_reserves,28312089.36,CET1
2026-01-26,retained_earnings,30197437.58,CET1
2026-01-26,credit_risk_reserve,7083766.54,CET1
2026-01-26,intangible_assets,-1200000.00,CET1_DEDUCTION
2026-01-27,paid_up_capital,22000000.00,CET1
2026-01-27,statutory_reserves,28318002.63,CET1
2026-01-27,retained_earnings,30204336.40,CET1
2026-01-27,credit_risk_reserve,7073913.72,CET1
2026-01-27,intangible_assets,-1200000.00,CET1_DEDUCTION
2026-01-28,paid_up_capital,22000000.00,CET1
2026-01-28,statutory_reserves,28323915.90,CET1
2026-01-28,retained_earnings,30211235.22,CET1
2026-01-28,credit_risk_reserve,7049168.11,CET1
2026-01-28,intangible_assets,-1200000.00,CET1_DEDUCTION
2026-01-29,paid_up_capital,22000000.00,CET1
2026-01-29,statutory_reserves,28329829.17,CET1
2026-01-29,retained_earnings,30218134.03,CET1
2026-01-29,credit_risk_reserve,7076844.03,CET1
2026-01-29,intangible_assets,-1200000.00,CET1_DEDUCTION
2026-01-30,paid_up_capital,22000000.00,CET1
2026-01-30,statutory_reserves,28335742.44,CET1
2026-01-30,retained_earnings,30225032.85,CET1
2026-01-30,credit_risk_reserve,7090580.63,CET1
2026-01-30,intangible_assets,-1200000.00,CET1_DEDUCTION
2026-01-31,paid_up_capital,22000000.00,CET1
2026-01-31,statutory_reserves,28341655.72,CET1
2026-01-31,retained_earnings,30231931.67,CET1
2026-01-31,credit_risk_reserve,7076708.37,CET1
2026-01-31,intangible_assets,-1200000.00,CET1_DEDUCTION
2026-02-02,paid_up_capital,22000000.00,CET1
2026-02-02,statutory_reserves,28353482.26,CET1
2026-02-02,retained_earnings,30245729.30,CET1
2026-02-02,credit_risk_reserve,7072817.26,CET1
2026-02-02,intangible_assets,-1200000.00,CET1_DEDUCTION
2026-02-03,paid_up_capital,22000000.00,CET1
2026-02-03,statutory_reserves,28359395.53,CET1
2026-02-03,retained_earnings,30252628.12,CET1
2026-02-03,credit_risk_reserve,7055301.17,CET1
2026-02-03,intangible_assets,-1200000.00,CET1_DEDUCTION
2026-02-04,paid_up_capital,22000000.00,CET1
2026-02-04,statutory_reserves,28365308.80,CET1
2026-02-04,retained_earnings,30259526.94,CET1
2026-02-04,credit_risk_reserve,7068451.70,CET1
2026-02-04,intangible_assets,-1200000.00,CET1_DEDUCTION
2026-02-05,paid_up_capital,22000000.00,CET1
2026-02-05,statutory_reserves,28371222.08,CET1
2026-02-05,retained_earnings,30266425.76,CET1
2026-02-05,credit_risk_reserve,7108157.83,CET1
2026-02-05,intangible_assets,-1200000.00,CET1_DEDUCTION
2026-02-06,paid_up_capital,22000000.00,CET1
2026-02-06,statutory_reserves,28377135.35,CET1
2026-02-06,retained_earnings,30273324.57,CET1
2026-02-06,credit_risk_reserve,7088783.76,CET1
2026-02-06,intangible_assets,-1200000.00,CET1_DEDUCTION
2026-02-09,paid_up_capital,22000000.00,CET1
2026-02-09,statutory_reserves,28394875.16,CET1
2026-02-09,retained_earnings,30294021.02,CET1
2026-02-09,credit_risk_reserve,7115751.37,CET1
2026-02-09,intangible_assets,-1200000.00,CET1_DEDUCTION
2026-02-10,paid_up_capital,22000000.00,CET1
2026-02-10,statutory_reserves,28400788.44,CET1
2026-02-10,retained_earnings,30300919.84,CET1
2026-02-10,credit_risk_reserve,7090706.93,CET1
2026-02-10,intangible_assets,-1200000.00,CET1_DEDUCTION
2026-02-11,paid_up_capital,22000000.00,CET1
2026-02-11,statutory_reserves,28406701.71,CET1
2026-02-11,retained_earnings,30307818.66,CET1
2026-02-11,credit_risk_reserve,7069846.26,CET1
2026-02-11,intangible_assets,-1200000.00,CET1_DEDUCTION
2026-02-12,paid_up_capital,22000000.00,CET1
2026-02-12,statutory_reserves,28412614.98,CET1
2026-02-12,retained_earnings,30314717.48,CET1
2026-02-12,credit_risk_reserve,7088330.79,CET1
2026-02-12,intangible_assets,-1200000.00,CET1_DEDUCTION
2026-02-13,paid_up_capital,22000000.00,CET1
2026-02-13,statutory_reserves,28418528.25,CET1
2026-02-13,retained_earnings,30321616.29,CET1
2026-02-13,credit_risk_reserve,7093472.80,CET1
2026-02-13,intangible_assets,-1200000.00,CET1_DEDUCTION
2026-02-16,paid_up_capital,22000000.00,CET1
2026-02-16,statutory_reserves,28436268.07,CET1
2026-02-16,retained_earnings,30342312.75,CET1
2026-02-16,credit_risk_reserve,7110367.66,CET1
2026-02-16,intangible_assets,-1200000.00,CET1_DEDUCTION
2026-02-17,paid_up_capital,22000000.00,CET1
2026-02-17,statutory_reserves,28442181.34,CET1
2026-02-17,retained_earnings,30349211.56,CET1
2026-02-17,credit_risk_reserve,7096070.79,CET1
2026-02-17,intangible_assets,-1200000.00,CET1_DEDUCTION
2026-02-18,paid_up_capital,22000000.00,CET1
2026-02-18,statutory_reserves,28448094.61,CET1
2026-02-18,retained_earnings,30356110.38,CET1
2026-02-18,credit_risk_reserve,7076173.72,CET1
2026-02-18,intangible_assets,-1200000.00,CET1_DEDUCTION
2026-02-19,paid_up_capital,22000000.00,CET1
2026-02-19,statutory_reserves,28454007.88,CET1
2026-02-19,retained_earnings,30363009.20,CET1
2026-02-19,credit_risk_reserve,7099542.72,CET1
2026-02-19,intangible_assets,-1200000.00,CET1_DEDUCTION
2026-02-20,paid_up_capital,22000000.00,CET1
2026-02-20,statutory_reserves,28459921.16,CET1
2026-02-20,retained_earnings,30369908.02,CET1
2026-02-20,credit_risk_reserve,7113962.96,CET1
2026-02-20,intangible_assets,-1200000.00,CET1_DEDUCTION
2026-02-23,paid_up_capital,22000000.00,CET1
2026-02-23,statutory_reserves,28477660.97,CET1
2026-02-23,retained_earnings,30390604.47,CET1
2026-02-23,credit_risk_reserve,7091998.81,CET1
2026-02-23,intangible_assets,-1200000.00,CET1_DEDUCTION
2026-02-24,paid_up_capital,22000000.00,CET1
2026-02-24,statutory_reserves,28483574.24,CET1
2026-02-24,retained_earnings,30397503.29,CET1
2026-02-24,credit_risk_reserve,7077594.07,CET1
2026-02-24,intangible_assets,-1200000.00,CET1_DEDUCTION
2026-02-25,paid_up_capital,22000000.00,CET1
2026-02-25,statutory_reserves,28489487.52,CET1
2026-02-25,retained_earnings,30404402.10,CET1
2026-02-25,credit_risk_reserve,7107654.18,CET1
2026-02-25,intangible_assets,-1200000.00,CET1_DEDUCTION
2026-02-26,paid_up_capital,22000000.00,CET1
2026-02-26,statutory_reserves,28495400.79,CET1
2026-02-26,retained_earnings,30411300.92,CET1
2026-02-26,credit_risk_reserve,7135517.45,CET1
2026-02-26,intangible_assets,-1200000.00,CET1_DEDUCTION
2026-02-27,paid_up_capital,22000000.00,CET1
2026-02-27,statutory_reserves,28501314.06,CET1
2026-02-27,retained_earnings,30418199.74,CET1
2026-02-27,credit_risk_reserve,7095435.15,CET1
2026-02-27,intangible_assets,-1200000.00,CET1_DEDUCTION
2026-02-28,paid_up_capital,22000000.00,CET1
2026-02-28,statutory_reserves,28507227.33,CET1
2026-02-28,retained_earnings,30425098.55,CET1
2026-02-28,credit_risk_reserve,7083841.46,CET1
2026-02-28,intangible_assets,-1200000.00,CET1_DEDUCTION
2026-03-02,paid_up_capital,22000000.00,CET1
2026-03-02,statutory_reserves,28519053.88,CET1
2026-03-02,retained_earnings,30438896.19,CET1
2026-03-02,credit_risk_reserve,7138249.73,CET1
2026-03-02,intangible_assets,-1200000.00,CET1_DEDUCTION
2026-03-03,paid_up_capital,22000000.00,CET1
2026-03-03,statutory_reserves,28524967.15,CET1
2026-03-03,retained_earnings,30445795.01,CET1
2026-03-03,credit_risk_reserve,7107470.81,CET1
2026-03-03,intangible_assets,-1200000.00,CET1_DEDUCTION
2026-03-04,paid_up_capital,22000000.00,CET1
2026-03-04,statutory_reserves,28530880.42,CET1
2026-03-04,retained_earnings,30452693.82,CET1
2026-03-04,credit_risk_reserve,7096797.15,CET1
2026-03-04,intangible_assets,-1200000.00,CET1_DEDUCTION
2026-03-05,paid_up_capital,22000000.00,CET1
2026-03-05,statutory_reserves,28536793.69,CET1
2026-03-05,retained_earnings,30459592.64,CET1
2026-03-05,credit_risk_reserve,7128725.29,CET1
2026-03-05,intangible_assets,-1200000.00,CET1_DEDUCTION
2026-03-06,paid_up_capital,22000000.00,CET1
2026-03-06,statutory_reserves,28542706.96,CET1
2026-03-06,retained_earnings,30466491.46,CET1
2026-03-06,credit_risk_reserve,7116612.46,CET1
2026-03-06,intangible_assets,-1200000.00,CET1_DEDUCTION
2026-03-09,paid_up_capital,22000000.00,CET1
2026-03-09,statutory_reserves,28560446.78,CET1
2026-03-09,retained_earnings,30487187.91,CET1
2026-03-09,credit_risk_reserve,7200749.81,CET1
2026-03-09,intangible_assets,-1200000.00,CET1_DEDUCTION
2026-03-10,paid_up_capital,22000000.00,CET1
2026-03-10,statutory_reserves,28566360.05,CET1
2026-03-10,retained_earnings,30494086.73,CET1
2026-03-10,credit_risk_reserve,7183863.21,CET1
2026-03-10,intangible_assets,-1200000.00,CET1_DEDUCTION
2026-03-11,paid_up_capital,22000000.00,CET1
2026-03-11,statutory_reserves,28572273.32,CET1
2026-03-11,retained_earnings,30500985.55,CET1
2026-03-11,credit_risk_reserve,7158258.12,CET1
2026-03-11,intangible_assets,-1200000.00,CET1_DEDUCTION
2026-03-12,paid_up_capital,22000000.00,CET1
2026-03-12,statutory_reserves,28578186.60,CET1
2026-03-12,retained_earnings,30507884.36,CET1
2026-03-12,credit_risk_reserve,7188024.06,CET1
2026-03-12,intangible_assets,-1200000.00,CET1_DEDUCTION
2026-03-13,paid_up_capital,22000000.00,CET1
2026-03-13,statutory_reserves,28584099.87,CET1
2026-03-13,retained_earnings,30514783.18,CET1
2026-03-13,credit_risk_reserve,7214300.61,CET1
2026-03-13,intangible_assets,-1200000.00,CET1_DEDUCTION
2026-03-16,paid_up_capital,22000000.00,CET1
2026-03-16,statutory_reserves,28601839.68,CET1
2026-03-16,retained_earnings,30535479.63,CET1
2026-03-16,credit_risk_reserve,7195334.95,CET1
2026-03-16,intangible_assets,-1200000.00,CET1_DEDUCTION
2026-03-17,paid_up_capital,22000000.00,CET1
2026-03-17,statutory_reserves,28607752.96,CET1
2026-03-17,retained_earnings,30542378.45,CET1
2026-03-17,credit_risk_reserve,7163677.37,CET1
2026-03-17,intangible_assets,-1200000.00,CET1_DEDUCTION
2026-03-18,paid_up_capital,22000000.00,CET1
2026-03-18,statutory_reserves,28613666.23,CET1
2026-03-18,retained_earnings,30549277.27,CET1
2026-03-18,credit_risk_reserve,7179731.49,CET1
2026-03-18,intangible_assets,-1200000.00,CET1_DEDUCTION
2026-03-19,paid_up_capital,22000000.00,CET1
2026-03-19,statutory_reserves,28619579.50,CET1
2026-03-19,retained_earnings,30556176.08,CET1
2026-03-19,credit_risk_reserve,7226774.41,CET1
2026-03-19,intangible_assets,-1200000.00,CET1_DEDUCTION
2026-03-20,paid_up_capital,22000000.00,CET1
2026-03-20,statutory_reserves,28625492.77,CET1
2026-03-20,retained_earnings,30563074.90,CET1
2026-03-20,credit_risk_reserve,7198030.57,CET1
2026-03-20,intangible_assets,-1200000.00,CET1_DEDUCTION
2026-03-23,paid_up_capital,22000000.00,CET1
2026-03-23,statutory_reserves,28643232.59,CET1
2026-03-23,retained_earnings,30583771.35,CET1
2026-03-23,credit_risk_reserve,7223135.23,CET1
2026-03-23,intangible_assets,-1200000.00,CET1_DEDUCTION
2026-03-24,paid_up_capital,22000000.00,CET1
2026-03-24,statutory_reserves,28649145.86,CET1
2026-03-24,retained_earnings,30590670.17,CET1
2026-03-24,credit_risk_reserve,7195099.78,CET1
2026-03-24,intangible_assets,-1200000.00,CET1_DEDUCTION
2026-03-25,paid_up_capital,22000000.00,CET1
2026-03-25,statutory_reserves,28655059.13,CET1
2026-03-25,retained_earnings,30597568.99,CET1
2026-03-25,credit_risk_reserve,7194413.61,CET1
2026-03-25,intangible_assets,-1200000.00,CET1_DEDUCTION
2026-03-26,paid_up_capital,22000000.00,CET1
2026-03-26,statutory_reserves,28660972.40,CET1
2026-03-26,retained_earnings,30604467.81,CET1
2026-03-26,credit_risk_reserve,7184694.10,CET1
2026-03-26,intangible_assets,-1200000.00,CET1_DEDUCTION
2026-03-27,paid_up_capital,22000000.00,CET1
2026-03-27,statutory_reserves,28666885.68,CET1
2026-03-27,retained_earnings,30611366.62,CET1
2026-03-27,credit_risk_reserve,7498164.38,CET1
2026-03-27,intangible_assets,-1200000.00,CET1_DEDUCTION
2026-03-30,paid_up_capital,22000000.00,CET1
2026-03-30,statutory_reserves,28684625.49,CET1
2026-03-30,retained_earnings,30632063.07,CET1
2026-03-30,credit_risk_reserve,7499165.49,CET1
2026-03-30,intangible_assets,-1200000.00,CET1_DEDUCTION
2026-03-31,paid_up_capital,22000000.00,CET1
2026-03-31,statutory_reserves,28690538.76,CET1
2026-03-31,retained_earnings,30638961.89,CET1
2026-03-31,credit_risk_reserve,7502086.26,CET1
2026-03-31,intangible_assets,-1200000.00,CET1_DEDUCTION
2026-04-01,paid_up_capital,22000000.00,CET1
2026-04-01,statutory_reserves,28696452.04,CET1
2026-04-01,retained_earnings,30645860.71,CET1
2026-04-01,credit_risk_reserve,7513520.88,CET1
2026-04-01,intangible_assets,-1200000.00,CET1_DEDUCTION
2026-04-02,paid_up_capital,22000000.00,CET1
2026-04-02,statutory_reserves,28702365.31,CET1
2026-04-02,retained_earnings,30652759.53,CET1
2026-04-02,credit_risk_reserve,7498316.81,CET1
2026-04-02,intangible_assets,-1200000.00,CET1_DEDUCTION
2026-04-03,paid_up_capital,22000000.00,CET1
2026-04-03,statutory_reserves,28708278.58,CET1
2026-04-03,retained_earnings,30659658.34,CET1
2026-04-03,credit_risk_reserve,7495445.93,CET1
2026-04-03,intangible_assets,-1200000.00,CET1_DEDUCTION
2026-04-06,paid_up_capital,22000000.00,CET1
2026-04-06,statutory_reserves,28726018.40,CET1
2026-04-06,retained_earnings,30680354.80,CET1
2026-04-06,credit_risk_reserve,7523608.09,CET1
2026-04-06,intangible_assets,-1200000.00,CET1_DEDUCTION
2026-04-07,paid_up_capital,22000000.00,CET1
2026-04-07,statutory_reserves,28731931.67,CET1
2026-04-07,retained_earnings,30687253.61,CET1
2026-04-07,credit_risk_reserve,7525034.70,CET1
2026-04-07,intangible_assets,-1200000.00,CET1_DEDUCTION
2026-04-08,paid_up_capital,22000000.00,CET1
2026-04-08,statutory_reserves,28737844.94,CET1
2026-04-08,retained_earnings,30694152.43,CET1
2026-04-08,credit_risk_reserve,7508363.97,CET1
2026-04-08,intangible_assets,-1200000.00,CET1_DEDUCTION
2026-04-09,paid_up_capital,22000000.00,CET1
2026-04-09,statutory_reserves,28743758.21,CET1
2026-04-09,retained_earnings,30701051.25,CET1
2026-04-09,credit_risk_reserve,7499389.14,CET1
2026-04-09,intangible_assets,-1200000.00,CET1_DEDUCTION
2026-04-10,paid_up_capital,22000000.00,CET1
2026-04-10,statutory_reserves,28749671.48,CET1
2026-04-10,retained_earnings,30707950.07,CET1
2026-04-10,credit_risk_reserve,7526984.86,CET1
2026-04-10,intangible_assets,-1200000.00,CET1_DEDUCTION
2026-04-13,paid_up_capital,22000000.00,CET1
2026-04-13,statutory_reserves,28767411.30,CET1
2026-04-13,retained_earnings,30728646.52,CET1
2026-04-13,credit_risk_reserve,7513603.87,CET1
2026-04-13,intangible_assets,-1200000.00,CET1_DEDUCTION
2026-04-14,paid_up_capital,22000000.00,CET1
2026-04-14,statutory_reserves,28773324.57,CET1
2026-04-14,retained_earnings,30735545.34,CET1
2026-04-14,credit_risk_reserve,7523192.20,CET1
2026-04-14,intangible_assets,-1200000.00,CET1_DEDUCTION
2026-04-15,paid_up_capital,22000000.00,CET1
2026-04-15,statutory_reserves,28779237.84,CET1
2026-04-15,retained_earnings,30742444.15,CET1
2026-04-15,credit_risk_reserve,7549263.13,CET1
2026-04-15,intangible_assets,-1200000.00,CET1_DEDUCTION
2026-04-16,paid_up_capital,22000000.00,CET1
2026-04-16,statutory_reserves,28785151.12,CET1
2026-04-16,retained_earnings,30749342.97,CET1
2026-04-16,credit_risk_reserve,7559386.86,CET1
2026-04-16,intangible_assets,-1200000.00,CET1_DEDUCTION
2026-04-17,paid_up_capital,22000000.00,CET1
2026-04-17,statutory_reserves,28791064.39,CET1
2026-04-17,retained_earnings,30756241.79,CET1
2026-04-17,credit_risk_reserve,7528695.53,CET1
2026-04-17,intangible_assets,-1200000.00,CET1_DEDUCTION
2026-04-20,paid_up_capital,22000000.00,CET1
2026-04-20,statutory_reserves,28808804.20,CET1
2026-04-20,retained_earnings,30776938.24,CET1
2026-04-20,credit_risk_reserve,7562903.42,CET1
2026-04-20,intangible_assets,-1200000.00,CET1_DEDUCTION
2026-04-21,paid_up_capital,22000000.00,CET1
2026-04-21,statutory_reserves,28814717.48,CET1
2026-04-21,retained_earnings,30783837.06,CET1
2026-04-21,credit_risk_reserve,7535330.72,CET1
2026-04-21,intangible_assets,-1200000.00,CET1_DEDUCTION
2026-04-22,paid_up_capital,22000000.00,CET1
2026-04-22,statutory_reserves,28820630.75,CET1
2026-04-22,retained_earnings,30790735.87,CET1
2026-04-22,credit_risk_reserve,7526055.94,CET1
2026-04-22,intangible_assets,-1200000.00,CET1_DEDUCTION
2026-04-23,paid_up_capital,22000000.00,CET1
2026-04-23,statutory_reserves,28826544.02,CET1
2026-04-23,retained_earnings,30797634.69,CET1
2026-04-23,credit_risk_reserve,7570809.41,CET1
2026-04-23,intangible_assets,-1200000.00,CET1_DEDUCTION
2026-04-24,paid_up_capital,22000000.00,CET1
2026-04-24,statutory_reserves,28832457.29,CET1
2026-04-24,retained_earnings,30804533.51,CET1
2026-04-24,credit_risk_reserve,7544823.86,CET1
2026-04-24,intangible_assets,-1200000.00,CET1_DEDUCTION
2026-04-27,paid_up_capital,22000000.00,CET1
2026-04-27,statutory_reserves,28850197.11,CET1
2026-04-27,retained_earnings,30825229.96,CET1
2026-04-27,credit_risk_reserve,7574245.87,CET1
2026-04-27,intangible_assets,-1200000.00,CET1_DEDUCTION
2026-04-28,paid_up_capital,22000000.00,CET1
2026-04-28,statutory_reserves,28856110.38,CET1
2026-04-28,retained_earnings,30832128.78,CET1
2026-04-28,credit_risk_reserve,7551665.13,CET1
2026-04-28,intangible_assets,-1200000.00,CET1_DEDUCTION
2026-04-29,paid_up_capital,22000000.00,CET1
2026-04-29,statutory_reserves,28862023.65,CET1
2026-04-29,retained_earnings,30839027.60,CET1
2026-04-29,credit_risk_reserve,7580943.65,CET1
2026-04-29,intangible_assets,-1200000.00,CET1_DEDUCTION
2026-04-30,paid_up_capital,22000000.00,CET1
2026-04-30,statutory_reserves,28867936.93,CET1
2026-04-30,retained_earnings,30845926.41,CET1
2026-04-30,credit_risk_reserve,7602074.27,CET1
2026-04-30,intangible_assets,-1200000.00,CET1_DEDUCTION
2026-05-01,paid_up_capital,22000000.00,CET1
2026-05-01,statutory_reserves,28873850.20,CET1
2026-05-01,retained_earnings,30852825.23,CET1
2026-05-01,credit_risk_reserve,7581592.33,CET1
2026-05-01,intangible_assets,-1200000.00,CET1_DEDUCTION
2026-05-04,paid_up_capital,22000000.00,CET1
2026-05-04,statutory_reserves,28891590.01,CET1
2026-05-04,retained_earnings,30873521.68,CET1
2026-05-04,credit_risk_reserve,7579681.67,CET1
2026-05-04,intangible_assets,-1200000.00,CET1_DEDUCTION
2026-05-05,paid_up_capital,22000000.00,CET1
2026-05-05,statutory_reserves,28897503.29,CET1
2026-05-05,retained_earnings,30880420.50,CET1
2026-05-05,credit_risk_reserve,7587198.90,CET1
2026-05-05,intangible_assets,-1200000.00,CET1_DEDUCTION
2026-05-06,paid_up_capital,22000000.00,CET1
2026-05-06,statutory_reserves,28903416.56,CET1
2026-05-06,retained_earnings,30887319.32,CET1
2026-05-06,credit_risk_reserve,7588747.96,CET1
2026-05-06,intangible_assets,-1200000.00,CET1_DEDUCTION
2026-05-07,paid_up_capital,22000000.00,CET1
2026-05-07,statutory_reserves,28909329.83,CET1
2026-05-07,retained_earnings,30894218.13,CET1
2026-05-07,credit_risk_reserve,7591239.98,CET1
2026-05-07,intangible_assets,-1200000.00,CET1_DEDUCTION
2026-05-08,paid_up_capital,22000000.00,CET1
2026-05-08,statutory_reserves,28915243.10,CET1
2026-05-08,retained_earnings,30901116.95,CET1
2026-05-08,credit_risk_reserve,7582724.56,CET1
2026-05-08,intangible_assets,-1200000.00,CET1_DEDUCTION
2026-05-11,paid_up_capital,22000000.00,CET1
2026-05-11,statutory_reserves,28932982.92,CET1
2026-05-11,retained_earnings,30921813.40,CET1
2026-05-11,credit_risk_reserve,7593915.55,CET1
2026-05-11,intangible_assets,-1200000.00,CET1_DEDUCTION
2026-05-12,paid_up_capital,22000000.00,CET1
2026-05-12,statutory_reserves,28938896.19,CET1
2026-05-12,retained_earnings,30928712.22,CET1
2026-05-12,credit_risk_reserve,7578303.60,CET1
2026-05-12,intangible_assets,-1200000.00,CET1_DEDUCTION
2026-05-13,paid_up_capital,22000000.00,CET1
2026-05-13,statutory_reserves,28944809.46,CET1
2026-05-13,retained_earnings,30935611.04,CET1
2026-05-13,credit_risk_reserve,7589777.51,CET1
2026-05-13,intangible_assets,-1200000.00,CET1_DEDUCTION
2026-05-14,paid_up_capital,22000000.00,CET1
2026-05-14,statutory_reserves,28950722.73,CET1
2026-05-14,retained_earnings,30942509.86,CET1
2026-05-14,credit_risk_reserve,7585962.61,CET1
2026-05-14,intangible_assets,-1200000.00,CET1_DEDUCTION
2026-05-15,paid_up_capital,22000000.00,CET1
2026-05-15,statutory_reserves,28956636.01,CET1
2026-05-15,retained_earnings,30949408.67,CET1
2026-05-15,credit_risk_reserve,7586776.88,CET1
2026-05-15,intangible_assets,-1200000.00,CET1_DEDUCTION
2026-05-18,paid_up_capital,22000000.00,CET1
2026-05-18,statutory_reserves,28974375.82,CET1
2026-05-18,retained_earnings,30970105.12,CET1
2026-05-18,credit_risk_reserve,7588524.34,CET1
2026-05-18,intangible_assets,-1200000.00,CET1_DEDUCTION
2026-05-19,paid_up_capital,22000000.00,CET1
2026-05-19,statutory_reserves,28980289.09,CET1
2026-05-19,retained_earnings,30977003.94,CET1
2026-05-19,credit_risk_reserve,7593960.58,CET1
2026-05-19,intangible_assets,-1200000.00,CET1_DEDUCTION
2026-05-20,paid_up_capital,22000000.00,CET1
2026-05-20,statutory_reserves,28986202.37,CET1
2026-05-20,retained_earnings,30983902.76,CET1
2026-05-20,credit_risk_reserve,7621059.80,CET1
2026-05-20,intangible_assets,-1200000.00,CET1_DEDUCTION
2026-05-21,paid_up_capital,22000000.00,CET1
2026-05-21,statutory_reserves,28992115.64,CET1
2026-05-21,retained_earnings,30990801.58,CET1
2026-05-21,credit_risk_reserve,7612496.12,CET1
2026-05-21,intangible_assets,-1200000.00,CET1_DEDUCTION
2026-05-22,paid_up_capital,22000000.00,CET1
2026-05-22,statutory_reserves,28998028.91,CET1
2026-05-22,retained_earnings,30997700.39,CET1
2026-05-22,credit_risk_reserve,7603554.19,CET1
2026-05-22,intangible_assets,-1200000.00,CET1_DEDUCTION
2026-05-25,paid_up_capital,22000000.00,CET1
2026-05-25,statutory_reserves,29015768.73,CET1
2026-05-25,retained_earnings,31018396.85,CET1
2026-05-25,credit_risk_reserve,7593210.48,CET1
2026-05-25,intangible_assets,-1200000.00,CET1_DEDUCTION
2026-05-26,paid_up_capital,22000000.00,CET1
2026-05-26,statutory_reserves,29021682.00,CET1
2026-05-26,retained_earnings,31025295.66,CET1
2026-05-26,credit_risk_reserve,7606223.05,CET1
2026-05-26,intangible_assets,-1200000.00,CET1_DEDUCTION
2026-05-27,paid_up_capital,22000000.00,CET1
2026-05-27,statutory_reserves,29027595.27,CET1
2026-05-27,retained_earnings,31032194.48,CET1
2026-05-27,credit_risk_reserve,7633769.27,CET1
2026-05-27,intangible_assets,-1200000.00,CET1_DEDUCTION
2026-05-28,paid_up_capital,22000000.00,CET1
2026-05-28,statutory_reserves,29033508.54,CET1
2026-05-28,retained_earnings,31039093.30,CET1
2026-05-28,credit_risk_reserve,7631681.29,CET1
2026-05-28,intangible_assets,-1200000.00,CET1_DEDUCTION
2026-05-29,paid_up_capital,22000000.00,CET1
2026-05-29,statutory_reserves,29039421.81,CET1
2026-05-29,retained_earnings,31045992.12,CET1
2026-05-29,credit_risk_reserve,7604420.98,CET1
2026-05-29,intangible_assets,-1200000.00,CET1_DEDUCTION
2026-05-31,paid_up_capital,22000000.00,CET1
2026-05-31,statutory_reserves,29051248.36,CET1
2026-05-31,retained_earnings,31059789.75,CET1
2026-05-31,credit_risk_reserve,7636770.61,CET1
2026-05-31,intangible_assets,-1200000.00,CET1_DEDUCTION
2026-06-01,paid_up_capital,22000000.00,CET1
2026-06-01,statutory_reserves,29057161.63,CET1
2026-06-01,retained_earnings,31066688.57,CET1
2026-06-01,credit_risk_reserve,7627168.61,CET1
2026-06-01,intangible_assets,-1200000.00,CET1_DEDUCTION
2026-06-02,paid_up_capital,22000000.00,CET1
2026-06-02,statutory_reserves,29063074.90,CET1
2026-06-02,retained_earnings,31073587.39,CET1
2026-06-02,credit_risk_reserve,7600301.15,CET1
2026-06-02,intangible_assets,-1200000.00,CET1_DEDUCTION
2026-06-03,paid_up_capital,22000000.00,CET1
2026-06-03,statutory_reserves,29068988.17,CET1
2026-06-03,retained_earnings,31080486.20,CET1
2026-06-03,credit_risk_reserve,7628485.14,CET1
2026-06-03,intangible_assets,-1200000.00,CET1_DEDUCTION
2026-06-04,paid_up_capital,22000000.00,CET1
2026-06-04,statutory_reserves,29074901.45,CET1
2026-06-04,retained_earnings,31087385.02,CET1
2026-06-04,credit_risk_reserve,7603576.39,CET1
2026-06-04,intangible_assets,-1200000.00,CET1_DEDUCTION
2026-06-05,paid_up_capital,22000000.00,CET1
2026-06-05,statutory_reserves,29080814.72,CET1
2026-06-05,retained_earnings,31094283.84,CET1
2026-06-05,credit_risk_reserve,7625087.23,CET1
2026-06-05,intangible_assets,-1200000.00,CET1_DEDUCTION
2026-06-08,paid_up_capital,22000000.00,CET1
2026-06-08,statutory_reserves,29098554.53,CET1
2026-06-08,retained_earnings,31114980.29,CET1
2026-06-08,credit_risk_reserve,7610472.45,CET1
2026-06-08,intangible_assets,-1200000.00,CET1_DEDUCTION
2026-06-09,paid_up_capital,22000000.00,CET1
2026-06-09,statutory_reserves,29104467.81,CET1
2026-06-09,retained_earnings,31121879.11,CET1
2026-06-09,credit_risk_reserve,7631259.24,CET1
2026-06-09,intangible_assets,-1200000.00,CET1_DEDUCTION
2026-06-10,paid_up_capital,22000000.00,CET1
2026-06-10,statutory_reserves,29110381.08,CET1
2026-06-10,retained_earnings,31128777.92,CET1
2026-06-10,credit_risk_reserve,7662565.15,CET1
2026-06-10,intangible_assets,-1200000.00,CET1_DEDUCTION
2026-06-11,paid_up_capital,22000000.00,CET1
2026-06-11,statutory_reserves,29116294.35,CET1
2026-06-11,retained_earnings,31135676.74,CET1
2026-06-11,credit_risk_reserve,7646529.86,CET1
2026-06-11,intangible_assets,-1200000.00,CET1_DEDUCTION
2026-06-12,paid_up_capital,22000000.00,CET1
2026-06-12,statutory_reserves,29122207.62,CET1
2026-06-12,retained_earnings,31142575.56,CET1
2026-06-12,credit_risk_reserve,7625192.14,CET1
2026-06-12,intangible_assets,-1200000.00,CET1_DEDUCTION
2026-06-15,paid_up_capital,22000000.00,CET1
2026-06-15,statutory_reserves,29139947.44,CET1
2026-06-15,retained_earnings,31163272.01,CET1
2026-06-15,credit_risk_reserve,7626109.63,CET1
2026-06-15,intangible_assets,-1200000.00,CET1_DEDUCTION
2026-06-16,paid_up_capital,22000000.00,CET1
2026-06-16,statutory_reserves,29145860.71,CET1
2026-06-16,retained_earnings,31170170.83,CET1
2026-06-16,credit_risk_reserve,7655953.51,CET1
2026-06-16,intangible_assets,-1200000.00,CET1_DEDUCTION
2026-06-17,paid_up_capital,22000000.00,CET1
2026-06-17,statutory_reserves,29151773.98,CET1
2026-06-17,retained_earnings,31177069.65,CET1
2026-06-17,credit_risk_reserve,7660253.26,CET1
2026-06-17,intangible_assets,-1200000.00,CET1_DEDUCTION
2026-06-18,paid_up_capital,22000000.00,CET1
2026-06-18,statutory_reserves,29157687.25,CET1
2026-06-18,retained_earnings,31183968.46,CET1
2026-06-18,credit_risk_reserve,7635101.27,CET1
2026-06-18,intangible_assets,-1200000.00,CET1_DEDUCTION
2026-06-19,paid_up_capital,22000000.00,CET1
2026-06-19,statutory_reserves,29163600.53,CET1
2026-06-19,retained_earnings,31190867.28,CET1
2026-06-19,credit_risk_reserve,7629480.00,CET1
2026-06-19,intangible_assets,-1200000.00,CET1_DEDUCTION
2026-06-22,paid_up_capital,22000000.00,CET1
2026-06-22,statutory_reserves,29181340.34,CET1
2026-06-22,retained_earnings,31211563.73,CET1
2026-06-22,credit_risk_reserve,7649672.45,CET1
2026-06-22,intangible_assets,-1200000.00,CET1_DEDUCTION
2026-06-23,paid_up_capital,22000000.00,CET1
2026-06-23,statutory_reserves,29187253.61,CET1
2026-06-23,retained_earnings,31218462.55,CET1
2026-06-23,credit_risk_reserve,7679390.44,CET1
2026-06-23,intangible_assets,-1200000.00,CET1_DEDUCTION
2026-06-24,paid_up_capital,22000000.00,CET1
2026-06-24,statutory_reserves,29193166.89,CET1
2026-06-24,retained_earnings,31225361.37,CET1
2026-06-24,credit_risk_reserve,7650520.14,CET1
2026-06-24,intangible_assets,-1200000.00,CET1_DEDUCTION
2026-06-25,paid_up_capital,22000000.00,CET1
2026-06-25,statutory_reserves,29199080.16,CET1
2026-06-25,retained_earnings,31232260.18,CET1
2026-06-25,credit_risk_reserve,7632185.22,CET1
2026-06-25,intangible_assets,-1200000.00,CET1_DEDUCTION
2026-06-26,paid_up_capital,22000000.00,CET1
2026-06-26,statutory_reserves,29204993.43,CET1
2026-06-26,retained_earnings,31239159.00,CET1
2026-06-26,credit_risk_reserve,7655648.60,CET1
2026-06-26,intangible_assets,-1200000.00,CET1_DEDUCTION
2026-06-29,paid_up_capital,22000000.00,CET1
2026-06-29,statutory_reserves,29222733.25,CET1
2026-06-29,retained_earnings,31259855.45,CET1
2026-06-29,credit_risk_reserve,7634930.84,CET1
2026-06-29,intangible_assets,-1200000.00,CET1_DEDUCTION
2026-06-30,paid_up_capital,22000000.00,CET1
2026-06-30,statutory_reserves,29228646.52,CET1
2026-06-30,retained_earnings,31266754.27,CET1
2026-06-30,credit_risk_reserve,7662470.42,CET1
2026-06-30,intangible_assets,-1200000.00,CET1_DEDUCTION
2026-07-01,paid_up_capital,22000000.00,CET1
2026-07-01,statutory_reserves,29234559.79,CET1
2026-07-01,retained_earnings,31273653.09,CET1
2026-07-01,credit_risk_reserve,7681118.22,CET1
2026-07-01,intangible_assets,-1200000.00,CET1_DEDUCTION
2026-07-02,paid_up_capital,22000000.00,CET1
2026-07-02,statutory_reserves,29240473.06,CET1
2026-07-02,retained_earnings,31280551.91,CET1
2026-07-02,credit_risk_reserve,7648805.68,CET1
2026-07-02,intangible_assets,-1200000.00,CET1_DEDUCTION
2026-07-03,paid_up_capital,22000000.00,CET1
2026-07-03,statutory_reserves,29246386.33,CET1
2026-07-03,retained_earnings,31287450.72,CET1
2026-07-03,credit_risk_reserve,7653245.13,CET1
2026-07-03,intangible_assets,-1200000.00,CET1_DEDUCTION
2026-07-06,paid_up_capital,22000000.00,CET1
2026-07-06,statutory_reserves,29264126.15,CET1
2026-07-06,retained_earnings,31308147.17,CET1
2026-07-06,credit_risk_reserve,7683464.55,CET1
2026-07-06,intangible_assets,-1200000.00,CET1_DEDUCTION
2026-07-07,paid_up_capital,22000000.00,CET1
2026-07-07,statutory_reserves,29270039.42,CET1
2026-07-07,retained_earnings,31315045.99,CET1
2026-07-07,credit_risk_reserve,7659900.73,CET1
2026-07-07,intangible_assets,-1200000.00,CET1_DEDUCTION
2026-07-08,paid_up_capital,22000000.00,CET1
2026-07-08,statutory_reserves,29275952.69,CET1
2026-07-08,retained_earnings,31321944.81,CET1
2026-07-08,credit_risk_reserve,7657520.21,CET1
2026-07-08,intangible_assets,-1200000.00,CET1_DEDUCTION
2026-07-09,paid_up_capital,22000000.00,CET1
2026-07-09,statutory_reserves,29281865.97,CET1
2026-07-09,retained_earnings,31328843.63,CET1
2026-07-09,credit_risk_reserve,7679006.84,CET1
2026-07-09,intangible_assets,-1200000.00,CET1_DEDUCTION
2026-07-10,paid_up_capital,22000000.00,CET1
2026-07-10,statutory_reserves,29287779.24,CET1
2026-07-10,retained_earnings,31335742.44,CET1
2026-07-10,credit_risk_reserve,7690646.83,CET1
2026-07-10,intangible_assets,-1200000.00,CET1_DEDUCTION
2026-07-13,paid_up_capital,22000000.00,CET1
2026-07-13,statutory_reserves,29305519.05,CET1
2026-07-13,retained_earnings,31356438.90,CET1
2026-07-13,credit_risk_reserve,7902042.45,CET1
2026-07-13,intangible_assets,-1200000.00,CET1_DEDUCTION
2026-07-14,paid_up_capital,22000000.00,CET1
2026-07-14,statutory_reserves,29311432.33,CET1
2026-07-14,retained_earnings,31363337.71,CET1
2026-07-14,credit_risk_reserve,7909091.45,CET1
2026-07-14,intangible_assets,-1200000.00,CET1_DEDUCTION
2026-07-15,paid_up_capital,22000000.00,CET1
2026-07-15,statutory_reserves,29317345.60,CET1
2026-07-15,retained_earnings,31370236.53,CET1
2026-07-15,credit_risk_reserve,7903355.25,CET1
2026-07-15,intangible_assets,-1200000.00,CET1_DEDUCTION
2026-07-16,paid_up_capital,22000000.00,CET1
2026-07-16,statutory_reserves,29323258.87,CET1
2026-07-16,retained_earnings,31377135.35,CET1
2026-07-16,credit_risk_reserve,7896005.41,CET1
2026-07-16,intangible_assets,-1200000.00,CET1_DEDUCTION
2026-07-17,paid_up_capital,22000000.00,CET1
2026-07-17,statutory_reserves,29329172.14,CET1
2026-07-17,retained_earnings,31384034.17,CET1
2026-07-17,credit_risk_reserve,7910169.71,CET1
2026-07-17,intangible_assets,-1200000.00,CET1_DEDUCTION
2026-07-20,paid_up_capital,22000000.00,CET1
2026-07-20,statutory_reserves,29346911.96,CET1
2026-07-20,retained_earnings,31404730.62,CET1
2026-07-20,credit_risk_reserve,7903136.79,CET1
2026-07-20,intangible_assets,-1200000.00,CET1_DEDUCTION
2026-07-21,paid_up_capital,22000000.00,CET1
2026-07-21,statutory_reserves,29352825.23,CET1
2026-07-21,retained_earnings,31411629.43,CET1
2026-07-21,credit_risk_reserve,7904792.37,CET1
2026-07-21,intangible_assets,-1200000.00,CET1_DEDUCTION
2026-07-22,paid_up_capital,22000000.00,CET1
2026-07-22,statutory_reserves,29358738.50,CET1
2026-07-22,retained_earnings,31418528.25,CET1
2026-07-22,credit_risk_reserve,7906672.24,CET1
2026-07-22,intangible_assets,-1200000.00,CET1_DEDUCTION
2026-07-23,paid_up_capital,22000000.00,CET1
2026-07-23,statutory_reserves,29364651.77,CET1
2026-07-23,retained_earnings,31425427.07,CET1
2026-07-23,credit_risk_reserve,7892006.73,CET1
2026-07-23,intangible_assets,-1200000.00,CET1_DEDUCTION
2026-07-24,paid_up_capital,22000000.00,CET1
2026-07-24,statutory_reserves,29370565.05,CET1
2026-07-24,retained_earnings,31432325.89,CET1
2026-07-24,credit_risk_reserve,7923838.94,CET1
2026-07-24,intangible_assets,-1200000.00,CET1_DEDUCTION
2026-07-27,paid_up_capital,22000000.00,CET1
2026-07-27,statutory_reserves,29388304.86,CET1
2026-07-27,retained_earnings,31453022.34,CET1
2026-07-27,credit_risk_reserve,7898607.43,CET1
2026-07-27,intangible_assets,-1200000.00,CET1_DEDUCTION
2026-07-28,paid_up_capital,22000000.00,CET1
2026-07-28,statutory_reserves,29394218.13,CET1
2026-07-28,retained_earnings,31459921.16,CET1
2026-07-28,credit_risk_reserve,7927319.61,CET1
2026-07-28,intangible_assets,-1200000.00,CET1_DEDUCTION
2026-07-29,paid_up_capital,22000000.00,CET1
2026-07-29,statutory_reserves,29400131.41,CET1
2026-07-29,retained_earnings,31466819.97,CET1
2026-07-29,credit_risk_reserve,7942693.16,CET1
2026-07-29,intangible_assets,-1200000.00,CET1_DEDUCTION
2026-07-30,paid_up_capital,22000000.00,CET1
2026-07-30,statutory_reserves,29406044.68,CET1
2026-07-30,retained_earnings,31473718.79,CET1
2026-07-30,credit_risk_reserve,7913075.22,CET1
2026-07-30,intangible_assets,-1200000.00,CET1_DEDUCTION
2026-07-31,paid_up_capital,22000000.00,CET1
2026-07-31,statutory_reserves,29411957.95,CET1
2026-07-31,retained_earnings,31480617.61,CET1
2026-07-31,credit_risk_reserve,7914965.11,CET1
2026-07-31,intangible_assets,-1200000.00,CET1_DEDUCTION
2026-08-03,paid_up_capital,22000000.00,CET1
2026-08-03,statutory_reserves,29429697.77,CET1
2026-08-03,retained_earnings,31501314.06,CET1
2026-08-03,credit_risk_reserve,7949093.50,CET1
2026-08-03,intangible_assets,-1200000.00,CET1_DEDUCTION
2026-08-04,paid_up_capital,22000000.00,CET1
2026-08-04,statutory_reserves,29435611.04,CET1
2026-08-04,retained_earnings,31508212.88,CET1
2026-08-04,credit_risk_reserve,7940069.19,CET1
2026-08-04,intangible_assets,-1200000.00,CET1_DEDUCTION
2026-08-05,paid_up_capital,22000000.00,CET1
2026-08-05,statutory_reserves,29441524.31,CET1
2026-08-05,retained_earnings,31515111.70,CET1
2026-08-05,credit_risk_reserve,7910765.38,CET1
2026-08-05,intangible_assets,-1200000.00,CET1_DEDUCTION
2026-08-06,paid_up_capital,22000000.00,CET1
2026-08-06,statutory_reserves,29447437.58,CET1
2026-08-06,retained_earnings,31522010.51,CET1
2026-08-06,credit_risk_reserve,7921065.04,CET1
2026-08-06,intangible_assets,-1200000.00,CET1_DEDUCTION
2026-08-07,paid_up_capital,22000000.00,CET1
2026-08-07,statutory_reserves,29453350.85,CET1
2026-08-07,retained_earnings,31528909.33,CET1
2026-08-07,credit_risk_reserve,7951896.67,CET1
2026-08-07,intangible_assets,-1200000.00,CET1_DEDUCTION
2026-08-10,paid_up_capital,22000000.00,CET1
2026-08-10,statutory_reserves,29471090.67,CET1
2026-08-10,retained_earnings,31549605.78,CET1
2026-08-10,credit_risk_reserve,7915582.88,CET1
2026-08-10,intangible_assets,-1200000.00,CET1_DEDUCTION
2026-08-11,paid_up_capital,22000000.00,CET1
2026-08-11,statutory_reserves,29477003.94,CET1
2026-08-11,retained_earnings,31556504.60,CET1
2026-08-11,credit_risk_reserve,7947330.64,CET1
2026-08-11,intangible_assets,-1200000.00,CET1_DEDUCTION
2026-08-12,paid_up_capital,22000000.00,CET1
2026-08-12,statutory_reserves,29482917.21,CET1
2026-08-12,retained_earnings,31563403.42,CET1
2026-08-12,credit_risk_reserve,7935873.21,CET1
2026-08-12,intangible_assets,-1200000.00,CET1_DEDUCTION
2026-08-13,paid_up_capital,22000000.00,CET1
2026-08-13,statutory_reserves,29488830.49,CET1
2026-08-13,retained_earnings,31570302.23,CET1
2026-08-13,credit_risk_reserve,7931975.25,CET1
2026-08-13,intangible_assets,-1200000.00,CET1_DEDUCTION
2026-08-14,paid_up_capital,22000000.00,CET1
2026-08-14,statutory_reserves,29494743.76,CET1
2026-08-14,retained_earnings,31577201.05,CET1
2026-08-14,credit_risk_reserve,7944286.56,CET1
2026-08-14,intangible_assets,-1200000.00,CET1_DEDUCTION
2026-08-17,paid_up_capital,22000000.00,CET1
2026-08-17,statutory_reserves,29512483.57,CET1
2026-08-17,retained_earnings,31597897.50,CET1
2026-08-17,credit_risk_reserve,7939741.47,CET1
2026-08-17,intangible_assets,-1200000.00,CET1_DEDUCTION
2026-08-18,paid_up_capital,22000000.00,CET1
2026-08-18,statutory_reserves,29518396.85,CET1
2026-08-18,retained_earnings,31604796.32,CET1
2026-08-18,credit_risk_reserve,7951097.34,CET1
2026-08-18,intangible_assets,-1200000.00,CET1_DEDUCTION
2026-08-19,paid_up_capital,22000000.00,CET1
2026-08-19,statutory_reserves,29524310.12,CET1
2026-08-19,retained_earnings,31611695.14,CET1
2026-08-19,credit_risk_reserve,7957430.82,CET1
2026-08-19,intangible_assets,-1200000.00,CET1_DEDUCTION
2026-08-20,paid_up_capital,22000000.00,CET1
2026-08-20,statutory_reserves,29530223.39,CET1
2026-08-20,retained_earnings,31618593.96,CET1
2026-08-20,credit_risk_reserve,7955222.30,CET1
2026-08-20,intangible_assets,-1200000.00,CET1_DEDUCTION
2026-08-21,paid_up_capital,22000000.00,CET1
2026-08-21,statutory_reserves,29536136.66,CET1
2026-08-21,retained_earnings,31625492.77,CET1
2026-08-21,credit_risk_reserve,7955357.97,CET1
2026-08-21,intangible_assets,-1200000.00,CET1_DEDUCTION
2026-08-24,paid_up_capital,22000000.00,CET1
2026-08-24,statutory_reserves,29553876.48,CET1
2026-08-24,retained_earnings,31646189.22,CET1
2026-08-24,credit_risk_reserve,7948437.78,CET1
2026-08-24,intangible_assets,-1200000.00,CET1_DEDUCTION
2026-08-25,paid_up_capital,22000000.00,CET1
2026-08-25,statutory_reserves,29559789.75,CET1
2026-08-25,retained_earnings,31653088.04,CET1
2026-08-25,credit_risk_reserve,7954415.06,CET1
2026-08-25,intangible_assets,-1200000.00,CET1_DEDUCTION
2026-08-26,paid_up_capital,22000000.00,CET1
2026-08-26,statutory_reserves,29565703.02,CET1
2026-08-26,retained_earnings,31659986.86,CET1
2026-08-26,credit_risk_reserve,7964253.29,CET1
2026-08-26,intangible_assets,-1200000.00,CET1_DEDUCTION
2026-08-27,paid_up_capital,22000000.00,CET1
2026-08-27,statutory_reserves,29571616.29,CET1
2026-08-27,retained_earnings,31666885.68,CET1
2026-08-27,credit_risk_reserve,7961413.62,CET1
2026-08-27,intangible_assets,-1200000.00,CET1_DEDUCTION
2026-08-28,paid_up_capital,22000000.00,CET1
2026-08-28,statutory_reserves,29577529.57,CET1
2026-08-28,retained_earnings,31673784.49,CET1
2026-08-28,credit_risk_reserve,7956116.85,CET1
2026-08-28,intangible_assets,-1200000.00,CET1_DEDUCTION
2026-08-31,paid_up_capital,22000000.00,CET1
2026-08-31,statutory_reserves,29595269.38,CET1
2026-08-31,retained_earnings,31694480.95,CET1
2026-08-31,credit_risk_reserve,7956723.80,CET1
2026-08-31,intangible_assets,-1200000.00,CET1_DEDUCTION
