date,deposit_inflow_ghs,deposit_outflow_ghs,net_cashflow_ghs
2016-06-30,7289852.34,7519031.80,-229179.47
2016-07-01,10579106.39,9294417.48,1284688.91
2016-07-02,9779560.84,8558132.73,1221428.11
2016-07-04,8078179.95,6999784.59,1078395.36
2016-07-05,7372745.60,7603655.62,-230910.02
2016-07-06,10677205.83,9384909.02,1292296.81
2016-07-07,8292417.88,8571983.51,-279565.62
2016-07-08,8902726.02,7753461.97,1149264.06
2016-07-09,8164961.34,7078958.08,1086003.26
2016-07-11,9102742.85,7802838.14,1299904.72
2016-07-12,5959613.61,6159718.89,-200105.28
2016-07-13,8993395.54,7836523.58,1156871.96
2016-07-14,8252160.13,7158548.96,1093611.17
2016-07-15,9949286.28,10342700.83,-393414.55
2016-07-16,6682618.56,5732040.15,950578.41
2016-07-18,9084482.45,7920002.59,1164479.87
2016-07-19,8339776.31,8590267.75,-250491.44
2016-07-20,7441841.96,6420394.85,1021447.11
2016-07-21,6762387.42,5804201.11,958186.31
2016-07-22,9953023.24,8717674.67,1235348.57
2016-07-23,9175986.77,8003899.00,1172087.77
2016-07-25,7525498.95,6496443.94,1029055.02
2016-07-26,6842573.68,7062260.38,-219686.70
2016-07-27,10048415.68,8805459.21,1242956.47
2016-07-28,7749637.93,9606483.36,-1856845.43
2016-07-29,8324828.94,7224905.23,1099923.72
2016-07-30,7609573.34,6572910.42,1036662.92
2016-08-01,8534746.81,10503139.85,-1968393.04
2016-08-02,5477627.77,5666509.73,-188881.96
2016-08-03,8412791.46,7305259.84,1107531.62
2016-08-04,7694065.13,6649794.31,1044270.82
2016-08-05,9356074.16,8034641.08,1321433.08
2016-08-06,6175416.63,7593968.75,-1418552.12
2016-08-08,8501171.37,7386031.85,1115139.52
2016-08-09,9132744.22,6727095.59,2405648.63
2016-08-10,6909423.95,5937317.18,972106.77
2016-08-11,6252478.50,7683005.48,-1430526.99
2016-08-12,6662320.88,5816735.70,845585.18
2016-08-13,8589968.69,7467221.26,1122747.43
2016-08-15,6990373.95,6010659.27,979714.67
2016-08-16,6329957.76,5413503.88,916453.88
2016-08-17,9437181.52,8243565.39,1193616.13
2016-08-18,7224413.96,9003597.51,-1779183.55
2016-08-19,12441996.18,9100460.94,3341535.24
2016-08-20,7071741.33,6084418.76,987322.58
2016-08-22,7984306.76,9875037.92,-1890731.15
2016-08-23,5013197.92,6242540.55,-1229342.63
2016-08-24,7849743.37,6791552.09,1058191.28
2016-08-25,7153526.12,6158595.64,994930.48
2016-08-26,7685229.12,5499032.32,2186196.80
2016-08-27,5685770.70,7026660.93,-1340890.23
2016-08-29,7935416.28,6869617.10,1065799.18
2016-08-30,8525997.10,7523458.71,1002538.39
2016-08-31,8982453.60,7686241.80,1296211.80
2016-09-01,5760125.56,7112990.66,-1352865.10
2016-09-02,5154548.79,5335668.53,-181119.74
2016-09-03,9402983.54,6948099.51,2454884.03
2016-09-05,6472804.93,5542430.59,930374.33
2016-09-06,5834897.82,7199737.79,-1364839.97
2016-09-07,6212553.35,5408700.61,803852.74
2016-09-08,9499282.64,8418267.65,1081014.99
2016-09-09,11766333.95,8540577.61,3225756.34
2016-09-10,6551465.32,5613483.08,937982.24
2016-09-12,7451422.70,9264491.97,-1813069.27
2016-09-13,6449693.48,5718004.80,731688.68
2016-09-14,11869371.10,8625762.55,3243608.56
2016-09-15,6630543.10,5684952.96,945590.14
2016-09-16,7121254.07,7321955.23,-200701.16
2016-09-17,5213680.75,6476909.10,-1263228.35
2016-09-19,7387217.18,6370758.34,1016458.84
2016-09-20,7936805.97,6983607.93,953198.04
2016-09-21,10097666.77,10381289.37,-283622.61
2016-09-22,5285328.61,6560531.83,-1275203.22
2016-09-23,4702260.93,5877891.41,-1175630.48
2016-09-24,8788576.33,6446533.75,2342042.57
2016-09-26,8504489.32,10479044.56,-1974555.24
2016-09-27,5357393.88,6644571.96,-1287178.09
2016-09-28,5741914.34,4942482.43,799431.90
2016-09-29,11955181.58,10566572.72,1388608.86
2016-09-30,11108227.71,9782879.64,1325348.06
2016-10-01,6048745.29,7447470.98,-1398725.69
2016-10-03,5820717.66,5994075.18,-173357.52
2016-10-04,12058982.47,10662765.71,1396216.76
2016-10-05,11208557.86,8080728.21,3127829.65
2016-10-06,6125116.08,7535816.63,-1410700.56
2016-10-07,6574835.01,5741846.01,832989.00
2016-10-08,4759146.79,5944713.26,-1185566.46
2016-10-10,11309305.42,8163623.54,3145681.88
2016-10-11,7365170.83,6461313.13,903857.70
2016-10-12,9485039.60,8287508.48,1197531.12
2016-10-13,4828087.66,6025628.99,-1197541.33
2016-10-14,12267836.44,10856403.86,1411432.57
2016-10-15,11330207.66,9982035.88,1348171.77
2016-10-17,9578357.23,9852487.07,-274129.84
2016-10-18,4897445.92,6106962.12,-1209516.20
2016-10-19,10546581.75,10953849.04,-407267.29
2016-10-20,11292122.25,9952853.73,1339268.52
2016-10-21,10467677.45,9191669.73,1276007.72
2016-10-22,9672092.26,9947952.65,-275860.39
2016-10-24,7979665.76,8222990.86,-243325.10
2016-10-25,11393216.13,10046339.71,1346876.42
2016-10-26,10565300.61,9281684.99,1283615.62
2016-10-27,5637245.04,6970283.71,-1333038.67
2016-10-28,6045971.95,5262323.29,783648.66
2016-10-29,8065970.86,8311026.51,-245055.65
2016-10-31,10663341.17,7633438.20,3029902.97
2016-11-01,6811091.68,5956574.32,854517.36
2016-11-02,8889968.42,7741777.64,1148190.77
2016-11-03,12460372.68,11035019.66,1425353.03
2016-11-04,11596656.10,10234563.87,1362092.23
2016-11-05,9090200.62,9385642.43,-295441.81
2016-11-07,8980579.05,7824780.37,1155798.68
2016-11-08,6306000.78,5586908.27,719092.51
2016-11-09,9936195.53,8566495.40,1369700.13
2016-11-10,7836885.35,6887380.22,949505.13
2016-11-11,9844683.19,8618015.81,1226667.38
2016-11-12,9071607.08,9336244.15,-264637.07
2016-11-14,7430073.65,6409699.82,1020373.83
2016-11-15,10745005.79,9447469.71,1297536.08
2016-11-16,9939599.35,8705324.06,1234275.28
2016-11-17,9163052.51,9429420.13,-266367.62
2016-11-18,5534664.87,4800356.55,734308.32
2016-11-19,7513671.76,7747504.08,-233832.33
2016-11-21,10034932.90,8793049.72,1241883.19
2016-11-22,6274568.52,5469391.50,805177.02
2016-11-23,8312453.23,7213602.80,1098850.43
2016-11-24,7597687.26,7833250.14,-235562.88
2016-11-25,10943031.75,9630279.87,1312751.89
2016-11-26,8522586.47,10489290.15,-1966703.68
2016-11-28,8400356.86,7293898.52,1106458.34
2016-11-29,8962611.13,7919413.59,1043197.54
2016-11-30,9343365.30,8023005.51,1320359.79
2016-12-01,6164578.73,6369336.87,-204758.14
2016-12-02,9239244.91,8061917.88,1177327.04
2016-12-03,8488677.89,7374611.65,1114066.24
2016-12-05,6898037.53,5927004.05,971033.49
2016-12-06,6241581.71,6448070.40,-206488.69
2016-12-07,9331454.07,8146519.13,1184934.94
2016-12-08,7133819.58,8832560.62,-1698741.03
2016-12-09,7667714.79,6625812.60,1041902.19
2016-12-10,6978928.64,6000287.25,978641.39
2016-12-12,9424080.63,8231537.79,1192542.84
2016-12-13,7213184.03,7470058.87,-256874.85
2016-12-14,7752494.03,6702983.93,1049510.09
2016-12-15,7060237.14,7284576.70,-224339.56
2016-12-16,10306963.40,9043551.85,1263411.55
2016-12-17,7972528.31,9861570.11,-1889041.80
2016-12-19,7837690.66,6780572.66,1057117.99
2016-12-20,7141963.05,7368033.16,-226070.11
2016-12-21,8768091.06,7497071.61,1271019.45
2016-12-22,5675314.68,7014515.56,-1339200.88
2016-12-23,8651362.63,7523375.94,1127986.69
2016-12-24,7923304.69,6858578.79,1064725.90
2016-12-26,6383557.40,5461864.26,921693.14
2016-12-27,5749610.66,5944876.03,-195265.37
2016-12-28,8740864.79,7605270.19,1135594.60
2016-12-29,9389431.74,6937002.32,2452429.42
2016-12-30,7128018.58,6135456.73,992561.84
2016-12-31,6461741.51,5532440.46,929301.05
2017-01-02,8830784.35,7687581.84,1143202.50
2017-01-03,6350539.01,4653975.62,1696563.38
2017-01-04,7210090.81,6209921.06,1000169.75
2017-01-05,6540343.01,5603434.06,936908.95
2017-01-06,9688451.03,8474379.83,1214071.20
2017-01-07,7440026.14,9251406.06,-1811379.91
2017-01-09,7292580.45,6284802.79,1007777.65
2017-01-10,6619361.92,5674845.06,944516.86
2017-01-11,8210372.80,10133300.32,-1922927.52
2017-01-12,5203606.62,6465145.62,-1261538.99
2017-01-13,5530644.33,4792421.03,738223.30
2017-01-14,7375487.48,6360101.92,1015385.56
2017-01-16,5886633.26,7259719.86,-1373086.60
2017-01-17,5275195.60,6548709.47,-1273513.86
2017-01-18,8167831.49,7081577.24,1086254.26
2017-01-19,8775406.42,7752412.96,1022993.46
2017-01-20,10994253.35,7904646.65,3089606.70
2017-01-21,5962110.37,7347171.83,-1385061.47
2017-01-23,6847241.39,7161181.89,-313940.50
2017-01-24,11940571.47,10553035.90,1387535.57
2017-01-25,6685243.59,5734414.18,950829.41
2017-01-26,6038004.87,7435041.21,-1397036.33
2017-01-27,5419625.76,5607128.91,-187503.15
2017-01-28,6925079.96,8658797.99,-1733718.03
2017-01-30,6765026.22,5806588.91,958437.31
2017-01-31,6114316.78,7523327.98,-1409011.20
2017-02-01,7670210.54,9515476.17,-1845265.63
2017-02-02,4749454.56,5933331.67,-1183877.11
2017-02-03,12148472.87,8856865.74,3291607.13
2017-02-04,6845226.26,5879181.04,966045.21
2017-02-06,5407265.11,6702689.82,-1295424.71
2017-02-07,4818336.54,6014188.52,-1195851.98
2017-02-08,10353949.60,8943590.31,1410359.29
2017-02-09,8178937.08,7205283.96,973653.12
2017-02-10,10356791.99,10645067.46,-288275.47
2017-02-11,5480035.22,6787434.80,-1307399.58
2017-02-13,9041161.30,6652337.93,2388823.37
2017-02-14,11277894.02,9939698.79,1338195.23
2017-02-15,10453938.86,10743944.88,-290006.02
2017-02-16,5553222.72,6872597.17,-1319374.45
2017-02-17,5954737.29,5133632.53,821104.76
2017-02-18,12235214.51,10826150.58,1409063.93
2017-02-20,6255027.99,7685950.04,-1430922.05
2017-02-21,5626827.63,6958176.95,-1331349.32
2017-02-22,6034662.85,6212673.23,-178010.38
2017-02-23,12340137.64,10923465.81,1416671.84
2017-02-24,11480381.42,10126970.38,1353411.04
2017-02-25,6332521.02,5415816.15,916704.87
2017-02-27,7332583.70,9138150.95,-1805567.25
2017-02-28,12445478.17,11021198.43,1424279.74
2017-03-01,11582251.22,8388570.77,3193680.45
2017-03-02,7600023.74,6675710.96,924312.78
2017-03-03,9736886.61,8518900.42,1217986.19
2017-03-04,5015516.06,6245253.75,-1229737.70
2017-03-06,9923113.09,10234431.08,-311317.99
2017-03-07,10632772.57,9343917.67,1288854.89
2017-03-08,9831326.49,10110109.19,-278782.70
2017-03-09,5085996.56,6327709.13,-1241712.57
2017-03-10,5446519.10,5654775.45,-208256.35
2017-03-11,11564876.97,10205153.38,1359723.59
2017-03-13,9926183.76,10206697.01,-280513.25
2017-03-14,5156894.47,6410581.91,-1253687.44
2017-03-15,8212658.47,8460636.43,-247977.96
2017-03-16,11667093.10,10299761.61,1367331.50
2017-03-17,10829845.97,9525775.27,1304070.70
2017-03-18,5837371.78,7202606.82,-1365235.04
2017-03-20,8300085.82,8549794.33,-249708.51
2017-03-21,11769726.63,10394787.23,1374939.40
2017-03-22,10929008.77,9617330.17,1311678.60
2017-03-23,7038666.38,6163693.95,874972.43
2017-03-24,9134537.23,7965891.38,1168645.85
2017-03-25,9744754.68,8639369.63,1105385.05
2017-03-27,9330664.75,9630759.42,-300094.67
2017-03-28,10005207.10,8765692.55,1239514.55
2017-03-29,9226270.10,8050016.35,1176253.75
2017-03-30,4636326.39,5800377.08,-1164050.68
2017-03-31,10187113.51,8796958.31,1390155.21
2017-04-01,6886659.41,7107293.74,-220634.32
2017-04-03,9318420.38,9587710.31,-269289.93
2017-04-04,5666107.82,5880542.85,-214435.03
2017-04-05,7655788.16,6614959.26,1040828.90
2017-04-06,11011604.55,9693613.40,1317991.15
2017-04-07,10196866.50,8942136.14,1254730.36
2017-04-08,9410988.05,9682008.53,-271020.48
2017-04-10,7740508.51,6692071.70,1048436.81
2017-04-11,11111531.08,9785932.02,1325599.06
2017-04-12,10293322.30,9030984.04,1262338.26
2017-04-13,9432586.66,8233509.20,1199077.46
2017-04-14,8549743.83,7430438.33,1119305.51
2017-04-15,7825646.25,8065862.00,-240215.74
2017-04-17,8755772.39,7485826.23,1269946.16
2017-04-18,9395197.62,8205023.41,1190174.21
2017-04-19,8638769.71,7511856.30,1126913.41
2017-04-20,7911201.40,8153147.69,-241946.29
2017-04-21,9587005.08,8246190.21,1340814.87
2017-04-22,6372561.17,6581972.18,-209411.00
2017-04-24,8728212.98,7593691.67,1134521.31
2017-04-25,10454456.22,9042772.65,1411683.57
2017-04-26,7116473.83,6124985.27,991488.56
2017-04-27,6450686.40,6661827.95,-211141.55
2017-04-28,9581443.02,8376053.01,1205390.01
2017-04-29,7348151.20,9077870.82,-1729719.62
2017-05-01,7198487.18,6199390.72,999096.46
2017-05-02,10470891.52,9194632.81,1276258.72
2017-05-03,9675191.82,8462193.91,1212997.92
2017-05-04,7428637.89,7690165.60,-261527.71
2017-05-05,7982506.43,6912541.26,1069965.16
2017-05-06,7280917.93,6274213.57,1006704.37
2017-05-08,8198436.03,10119674.19,-1921238.16
2017-05-09,6176018.99,5375608.17,800410.82
2017-05-10,8068825.30,6991252.24,1077573.07
2017-05-11,7363766.08,7594489.05,-230722.97
2017-05-12,9004452.63,7712978.11,1291474.52
2017-05-13,5876018.92,7247416.16,-1371397.24
2017-05-15,8155561.58,7070380.61,1085180.97
2017-05-16,8762244.82,6364271.96,2397972.86
2017-05-17,6594715.50,5652567.28,942148.22
2017-05-18,5951437.15,6151355.38,-199918.23
2017-05-19,8983575.54,7827525.86,1156049.67
2017-05-20,6836293.91,7149926.38,-313632.47
2017-05-22,6674021.85,5724265.73,949756.12
2017-05-23,6027272.77,6228921.55,-201648.78
2017-05-24,9074617.34,7910959.76,1163657.58
2017-05-25,4671364.93,5841577.82,-1170212.89
2017-05-26,7432825.01,6412200.19,1020624.82
2017-05-27,6753745.60,5796381.57,957364.03
2017-05-29,7658655.66,9502231.94,-1843576.28
2017-05-30,4739770.63,4910614.67,-170844.05
2017-05-31,7516436.89,6488204.16,1028232.73
2017-06-01,6833886.75,5868914.82,964971.93
2017-06-02,8439456.17,10394580.05,-1955123.88
2017-06-03,5397032.66,6690768.02,-1293735.36
2017-06-05,7600466.16,6564625.53,1035840.63
2017-06-06,8166157.37,5883963.42,2282193.95
2017-06-07,6090513.16,7495796.12,-1405282.96
2017-06-08,5469743.89,6775454.11,-1305710.23
2017-06-09,8403264.04,7296554.71,1106709.33
2017-06-10,9027833.07,7984384.53,1043448.53
2017-06-12,6167112.51,7584370.34,-1417257.83
2017-06-13,5542872.51,5733297.97,-190425.47
2017-06-14,7057470.46,7377281.60,-319811.15
2017-06-15,12220446.08,10812455.43,1407990.65
2017-06-16,6900699.58,5929415.10,971284.48
2017-06-17,6244129.26,7673361.95,-1429232.70
2017-06-19,7136431.27,8902345.67,-1765914.39
2017-06-20,12325310.32,10909711.77,1415598.55
2017-06-21,6981604.46,6002712.08,978892.38
2017-06-22,6321563.40,5405931.82,915631.59
2017-06-23,5639636.49,6981271.33,-1341634.84
2017-06-24,4935602.39,6151675.86,-1216073.47
2017-06-26,7062926.74,6076426.45,986500.29
2017-06-27,7587625.92,6664386.42,923239.49
2017-06-28,5603866.80,6931487.88,-1327621.08
2017-06-29,5005606.62,6233654.96,-1228048.34
2017-06-30,6281627.58,4599287.86,1682339.72
2017-07-01,8424085.53,7429977.34,994108.19
2017-07-03,5677759.15,7017355.10,-1339595.95
2017-07-04,5076028.24,6316051.45,-1240023.21
2017-07-05,9296763.60,8231786.70,1064976.89
2017-07-06,11550490.43,10191840.12,1358650.31
2017-07-07,10717203.66,7677525.06,3039678.60
2017-07-08,5752068.90,7103639.72,-1351570.81
2017-07-10,6266935.59,5551285.00,715650.59
2017-07-11,11652647.67,10286389.46,1366258.21
2017-07-12,9061356.77,7758359.35,1302997.41
2017-07-13,5826796.05,7190341.74,-1363545.68
2017-07-14,6251625.38,6434288.63,-182663.25
2017-07-15,6353398.19,5630139.70,723258.49
2017-07-17,6542943.30,5605783.35,937159.95
2017-07-18,7026650.45,6152751.30,873899.15
2017-07-19,9121629.61,9387214.30,-265584.69
2017-07-20,6440278.19,5709411.79,730866.40
2017-07-21,11858214.36,8616535.33,3241679.03
2017-07-22,7837893.98,6893126.13,944767.85
2017-07-24,5205961.79,6467895.85,-1261934.06
2017-07-25,4626739.96,5789101.29,-1162361.33
2017-07-26,10173872.75,10489843.60,-315970.85
2017-07-27,10898090.77,9588780.80,1309309.96
2017-07-28,10087313.08,10370748.64,-283435.56
2017-07-29,5277564.54,6551473.47,-1273908.93
2017-07-31,11840649.03,10460470.37,1380178.67
2017-08-01,10997541.01,9680623.15,1316917.87
2017-08-02,10183292.60,10468458.71,-285166.11
2017-08-03,5349584.69,6635468.49,-1285883.80
2017-08-04,8448668.51,7338044.20,1110624.32
2017-08-05,11943987.41,10556200.84,1387786.57
2017-08-07,8581350.35,10566586.17,-1985235.82
2017-08-08,6483230.97,5658672.17,824558.81
2017-08-09,8537218.11,8791579.48,-254361.37
2017-08-10,12047743.18,10652348.71,1395394.47
2017-08-11,11197693.70,9865560.03,1332133.68
2017-08-12,7269258.42,6373830.91,895427.51
2017-08-14,8626185.10,8882277.02,-256091.92
2017-08-15,12151916.35,10748913.97,1403002.38
2017-08-16,9574146.21,9878893.74,-304747.53
2017-08-17,10263247.10,9003277.47,1259969.62
2017-08-18,9474978.49,8278269.67,1196708.83
2017-08-19,4820616.16,6016863.21,-1196247.05
2017-08-21,7104937.40,7330224.58,-225287.18
2017-08-22,10359990.34,9092412.82,1267577.53
2017-08-23,9568251.01,8363934.28,1204316.73
2017-08-24,5877845.55,6098151.23,-220305.68
2017-08-25,7884520.00,6823236.02,1061283.98
2017-08-26,8411932.78,7413909.60,998023.18
2017-08-28,9661940.92,9937614.27,-275673.34
2017-08-29,5957367.49,5182149.02,775218.47
2017-08-30,7970362.59,6901470.71,1068891.88
2017-08-31,11382269.42,10036215.29,1346054.13
2017-09-01,10554729.03,9271935.70,1282793.33
2017-09-02,8186507.57,8463911.46,-277403.89
2017-09-04,8056622.58,8301491.19,-244868.60
2017-09-05,11483735.60,10130073.56,1353662.04
2017-09-06,8991975.65,7701574.41,1290401.24
2017-09-07,9645959.41,8435330.13,1210629.28
2017-09-08,8880199.89,7732831.41,1147368.48
2017-09-09,8143299.97,8389899.13,-246599.15
2017-09-11,6583560.95,6797624.82,-214063.87
2017-09-12,9739995.66,8521758.48,1218237.19
2017-09-13,8970765.41,7815789.02,1154976.39
2017-09-14,5372245.05,4653974.83,718270.22
2017-09-15,7337927.47,6325983.84,1011943.63
2017-09-16,6662808.42,6878602.84,-215794.42
2017-09-18,7565500.15,7899164.03,-333663.88
2017-09-19,8128512.44,7045700.11,1082812.33
2017-09-20,7421063.06,6401511.53,1019551.54
2017-09-21,7916288.99,6959998.25,956290.74
2017-09-22,9929320.35,8695867.36,1233452.99
2017-09-23,7647109.08,7913289.66,-266180.57
2017-09-25,7504616.05,6477456.61,1027159.44
2017-09-26,10833110.83,9528789.14,1304321.69
2017-09-27,8427361.08,10380795.61,-1953434.53
2017-09-28,5386808.52,5573528.75,-186720.23
2017-09-29,8302977.28,7204949.14,1098028.14
2017-09-30,7588586.45,7823962.28,-235375.84
2017-10-02,6079740.50,7483334.10,-1403593.60
2017-10-03,9137556.97,7968660.13,1168896.84
2017-10-04,8390835.80,7285199.76,1105636.05
2017-10-05,9014513.14,6568541.71,2445971.43
2017-10-06,6808890.93,5846287.64,962603.29
2017-10-07,6156280.97,7571849.44,-1415568.47
2017-10-09,7046364.66,7365867.77,-319503.11
2017-10-10,10311220.56,8904303.19,1406917.36
2017-10-11,6889319.53,5919108.33,970211.20
2017-10-12,6233238.83,6439540.48,-206301.65
2017-10-13,9321467.66,8137355.01,1184112.65
2017-10-14,4856232.20,6058641.45,-1202409.25
2017-10-16,6970165.52,5992346.42,977819.10
2017-10-17,6310614.09,6518646.29,-208032.20
2017-10-18,7880302.50,9756075.15,-1875772.64
2017-10-19,4925760.14,5101257.05,-175496.91
2017-10-20,7743310.66,6694622.86,1048687.80
2017-10-21,7051428.91,6066001.91,985427.00
2017-10-23,5593476.03,6919407.76,-1325931.72
2017-10-24,4995705.48,5172932.94,-177227.46
2017-10-25,7828462.18,6772166.48,1056295.70
2017-10-26,8411147.50,6080954.97,2330192.53
2017-10-27,6297410.38,5384147.43,913262.95
2017-10-28,5667309.50,7005216.09,-1337906.59
2017-10-30,9283277.05,8219373.44,1063903.61
2017-10-31,11536112.19,8350508.34,3185603.85
2017-11-01,6375131.98,5454261.12,920870.85
2017-11-02,5741560.37,7091441.83,-1349881.46
2017-11-03,7270716.86,7596398.65,-325681.79
2017-11-04,6254771.48,5540194.17,714577.30
2017-11-06,6453270.97,5524792.21,928478.76
2017-11-07,5816228.63,6013037.51,-196808.88
2017-11-08,5054058.49,6290353.46,-1236294.97
2017-11-09,6341175.19,5618989.98,722185.21
2017-11-10,7201200.03,6201852.57,999347.46
2017-11-11,6531827.36,5595740.70,936086.66
2017-11-13,5124767.56,6373037.40,-1248269.84
2017-11-14,6427996.30,4715510.23,1712486.08
2017-11-15,7283644.55,6276689.19,1006955.36
2017-11-16,7825337.84,6881643.27,943694.57
2017-11-17,5803485.83,7163303.26,-1359817.44
2017-11-18,5195894.03,6456138.73,-1260244.71
2017-11-20,8672251.31,7657688.04,1014563.27
2017-11-21,10884094.42,9575857.74,1308236.68
2017-11-22,5878500.42,7250292.73,-1371792.31
2017-11-23,5267437.89,6539657.47,-1272219.58
2017-11-24,6558537.00,5813528.09,745008.92
2017-11-25,11826104.17,10446998.79,1379105.38
2017-11-27,5953932.41,7337699.59,-1383767.18
2017-11-28,6389435.19,6623593.60,-234158.41
2017-11-29,4605613.00,5764246.09,-1158633.08
2017-11-30,11929383.66,10542670.37,1386713.28
2017-12-01,11083294.54,7977765.15,3105529.39
2017-12-02,6029781.81,7425523.85,-1395742.05
2017-12-04,4673615.07,5844223.03,-1170607.95
2017-12-05,12033080.55,10638759.36,1394321.19
2017-12-06,6756382.91,5798767.89,957615.02
2017-12-07,7257084.17,6362729.94,894354.22
2017-12-08,9369057.43,9639294.99,-270237.55
2017-12-09,4742034.54,5924617.36,-1182582.82
2017-12-11,8078781.55,7113558.63,965222.93
2017-12-12,10249632.64,8990736.30,1258896.34
2017-12-13,5399424.85,6693555.28,-1294130.43
2017-12-14,4810871.41,6005429.10,-1194557.69
2017-12-15,10427649.75,10748273.46,-320623.71
2017-12-16,11166426.30,9836661.27,1329765.04
2017-12-18,5472149.85,6778255.14,-1306105.29
2017-12-19,5866660.59,6086658.23,-219997.64
2017-12-20,9173817.41,8113606.72,1060210.69
2017-12-21,11266998.79,9929625.85,1337372.94
2017-12-22,10443418.76,10733237.74,-289818.97
2017-12-23,5545292.24,6863372.40,-1318080.16
2017-12-25,12223899.04,10815657.40,1408241.64
2017-12-26,11367988.68,10023007.83,1344980.85
2017-12-27,10540937.92,10832487.44,-291549.52
2017-12-28,6706386.49,5861372.60,845013.88
2017-12-29,8777367.72,9036381.96,-259014.24
2017-12-30,12328777.06,10912927.51,1415849.55
2018-01-01,7502867.79,6586985.21,915882.58
2018-01-02,9632726.85,8423170.85,1209556.00
2018-01-03,8867456.96,9128201.74,-260744.79
2018-01-04,12434072.47,11010615.02,1423457.45
2018-01-05,9820645.00,8460448.34,1360196.65
2018-01-06,10524304.43,9243879.73,1280424.70
2018-01-08,7404191.10,9220438.93,-1816247.83
2018-01-09,5361441.98,4644245.05,717196.94
2018-01-10,7326232.71,7556172.76,-229940.05
2018-01-11,10622169.92,9334137.32,1288032.60
2018-01-12,9821098.97,8596327.17,1224771.80
2018-01-13,6092600.62,6318776.94,-226176.32
2018-01-15,7409309.42,7640980.02,-231670.60
2018-01-16,10720452.81,9424812.30,1295640.50
2018-01-17,9915911.13,10196237.33,-280326.20
2018-01-18,8942524.08,7789916.33,1152607.75
2018-01-19,8203234.00,7113887.05,1089346.95
2018-01-20,11656025.10,10289515.89,1366509.21
2018-01-22,8415274.30,8697331.05,-282056.76
2018-01-23,9033377.04,7873161.39,1160215.65
2018-01-24,8290616.24,8540137.71,-249521.47
2018-01-25,11758613.51,10384496.40,1374117.11
2018-01-26,9231196.24,7920339.92,1310856.31
2018-01-27,9899738.54,8668654.19,1231084.36
2018-01-29,8378415.87,8629667.89,-251252.02
2018-01-30,10083336.63,8701611.62,1381725.01
2018-01-31,6797578.06,5836048.06,961530.01
2018-02-01,9994897.03,8756204.77,1238692.26
2018-02-02,9216335.17,8040903.71,1175431.46
2018-02-03,8400420.40,7288249.73,1112170.67
2018-02-05,6877947.77,7098395.05,-220447.28
2018-02-06,10090472.92,8844172.76,1246300.16
2018-02-07,7785866.44,8125400.96,-339534.53
2018-02-08,8363437.27,7260169.86,1103267.41
2018-02-09,7646656.27,6606649.66,1040006.61
2018-02-10,6958734.88,7180912.71,-222177.83
2018-02-12,7868597.61,8139431.04,-270833.44
2018-02-13,8451583.23,7340707.92,1110875.31
2018-02-14,7731331.51,6683716.99,1047614.52
2018-02-15,11100710.55,9775933.78,1324776.77
2018-02-16,8659303.46,10644934.35,-1985630.89
2018-02-17,5583093.57,5774466.66,-191373.09
2018-02-19,7816424.14,6761201.72,1055222.42
2018-02-20,9486227.78,8153843.11,1332384.67
2018-02-21,6286479.41,5374289.74,912189.67
2018-02-22,6698900.66,5849971.80,848928.87
2018-02-23,8629127.36,7503036.24,1126091.12
2018-02-24,9269798.80,6775828.80,2493970.01
2018-02-26,6364142.12,5444344.55,919797.57
2018-02-27,9478049.03,8281089.20,1196959.82
2018-02-28,7259452.74,7584826.49,-325373.76
2018-03-01,12488419.58,9139038.24,3349381.34
2018-03-02,7107634.53,6116968.26,990666.27
2018-03-03,6442222.22,6653176.73,-210954.51
2018-03-05,5044116.80,6278722.42,-1234605.61
2018-03-06,7887345.41,6825810.44,1061534.97
2018-03-07,7189602.77,6191328.60,998274.17
2018-03-08,6520719.73,6733404.79,-212685.06
2018-03-09,8104966.68,10012935.69,-1907969.01
2018-03-10,5114766.99,5294916.76,-180149.77
2018-03-12,7271988.40,6266106.33,1005882.08
2018-03-13,8906674.91,7623630.58,1283044.33
2018-03-14,5792936.74,7151064.82,-1358128.09
2018-03-15,5185834.57,5367714.89,-181880.32
2018-03-16,8059475.53,6982724.75,1076750.78
2018-03-17,8659154.95,7645664.97,1013489.98
2018-03-19,5867892.45,7237995.40,-1370102.95
2018-03-20,6248126.85,5440930.42,807196.43
2018-03-21,9541738.36,8457379.68,1084358.68
2018-03-22,11811567.61,8577965.18,3233602.43
2018-03-23,6586168.78,5644842.85,941325.93
2018-03-24,5943265.56,7325343.38,-1382077.82
2018-03-26,4596053.21,5752996.94,-1156943.73
2018-03-27,11914788.22,8663333.56,3251454.65
2018-03-28,6665430.02,5716496.19,948933.83
2018-03-29,6019056.06,6220517.80,-201461.74
2018-03-30,5245118.75,6513610.08,-1268491.33
2018-03-31,4663996.39,5832914.99,-1168918.60
2018-04-02,6745108.65,5788566.92,956541.74
2018-04-03,7244918.22,7448110.51,-203192.29
2018-04-04,5316950.06,6597416.26,-1280466.20
2018-04-05,4732356.98,5913250.44,-1180893.47
2018-04-06,7507379.70,6479969.26,1027410.44
2018-04-07,8066067.09,7101917.45,964149.64
2018-04-09,5389198.77,6681639.84,-1292441.07
2018-04-10,4801134.96,4973522.51,-172387.55
2018-04-11,8923434.41,7888416.07,1035018.34
2018-04-12,11152271.64,9823579.88,1328691.75
2018-04-13,6082259.02,7486247.69,-1403988.67
2018-04-14,5461864.88,6766280.82,-1304415.94
2018-04-16,12104735.24,10705174.79,1399560.45
2018-04-17,11252785.24,8117109.49,3135675.75
2018-04-18,6158813.26,7574776.80,-1415963.54
2018-04-19,6611310.14,6851339.20,-240029.06
2018-04-20,4789395.06,5980224.50,-1190829.45
2018-04-21,12209136.97,10801968.61,1407168.36
2018-04-23,6235784.89,7663723.30,-1427938.41
2018-04-24,6694602.43,6886571.40,-191968.97
2018-04-25,4858519.37,6061323.69,-1202804.32
2018-04-26,12313956.10,10899179.84,1414776.26
2018-04-27,6972839.85,5994769.76,978070.10
2018-04-28,7490535.22,6575725.92,914809.30
2018-04-30,4928061.08,6142840.27,-1214779.19
2018-05-01,12419192.63,10996808.47,1422384.17
2018-05-02,8322686.46,7337008.46,985678.00
2018-05-03,10510531.65,9231180.24,1279351.41
2018-05-04,8075910.82,9990042.03,-1914131.21
2018-05-05,4998020.19,6224774.25,-1226754.06
2018-05-07,11437779.17,10087559.06,1350220.11
2018-05-08,10608338.26,9321378.94,1286959.32
2018-05-09,5669752.48,7008054.14,-1338301.66
2018-05-10,6081257.34,6307125.62,-225868.29
2018-05-11,8104034.20,8349850.43,-245816.23
2018-05-12,11539473.90,10181645.89,1357828.02
2018-05-14,6848085.91,7094293.65,-246207.74
2018-05-15,8929740.60,7778206.13,1151534.47
2018-05-16,6257615.40,5542787.10,714828.30
2018-05-17,11641586.04,10276150.12,1365435.92
2018-05-18,10805203.66,7749602.38,3055601.29
2018-05-19,6932559.33,6067090.38,865468.96
2018-05-21,6344032.88,5621596.68,722436.20
2018-05-22,11744115.57,10371071.74,1373043.82
2018-05-23,10826285.20,9516502.18,1309783.03
2018-05-24,9886347.66,8656336.59,1230011.07
2018-05-25,9111746.15,9377143.80,-265397.65
2018-05-26,6430867.77,5700823.66,730044.11
2018-05-28,10788379.09,9487499.32,1300879.77
2018-05-29,9981447.26,8743828.29,1237618.97
2018-05-30,9203375.03,9470503.23,-267128.20
2018-05-31,5568760.53,4831108.52,737652.01
2018-06-01,7550545.36,7785138.27,-234592.91
2018-06-02,10887366.83,9578879.15,1308487.68
2018-06-04,6310373.02,6542419.98,-232046.97
2018-06-05,8351035.67,7248841.55,1102194.12
2018-06-06,7634744.31,7871067.77,-236323.46
2018-06-07,10986771.96,9670676.38,1316095.58
2018-06-08,10172898.67,10457877.74,-284979.07
2018-06-09,9187744.44,8014681.62,1173062.82
2018-06-11,11932798.11,10545833.83,1386964.28
2018-06-12,11086594.49,9762891.00,1323703.48
2018-06-13,8647058.36,8933767.98,-286709.62
2018-06-14,9279719.65,8099048.92,1180670.73
2018-06-15,8527627.23,7410217.30,1117409.93
2018-06-16,12036508.77,10641936.58,1394572.18
2018-06-18,7393922.39,6482806.01,911116.38
2018-06-19,9372112.25,8183833.62,1188278.63
2018-06-20,8616549.11,8872453.99,-255904.88
2018-06-21,10336028.41,8933848.32,1402180.09
2018-06-22,7014612.51,6032627.43,981985.08
2018-06-23,10252815.74,8993668.40,1259147.33
2018-06-25,7248196.92,7505832.35,-257635.43
2018-06-26,7789886.74,6737032.95,1052853.78
2018-06-27,7096104.46,7321204.60,-225100.14
2018-06-28,10349513.87,9082758.63,1266755.24
2018-06-29,8009250.05,8354655.22,-345405.17
2018-06-30,8601379.42,7477656.94,1123722.48
2018-07-02,7178013.81,7404844.50,-226830.69
2018-07-03,10446629.40,9172266.26,1274363.14
2018-07-04,8093103.47,9999383.12,-1906279.65
2018-07-05,8690647.63,7559317.24,1131330.39
2018-07-06,7961064.30,6892994.71,1068069.59
2018-07-07,8493710.60,7488901.80,1004808.79
2018-07-09,5782395.96,5978421.91,-196025.95
2018-07-10,8780333.24,7641394.95,1138938.29
2018-07-11,8047279.17,6971601.68,1075677.49
2018-07-12,9731641.35,8378801.60,1352839.75
2018-07-13,6496235.65,5563590.91,932644.74
2018-07-14,5857292.78,6055049.29,-197756.50
2018-07-16,9528101.80,6986133.21,2541968.58
2018-07-17,7246293.79,6242780.35,1003513.44
2018-07-18,6575020.60,5634767.96,940252.64
2018-07-19,9729811.77,8512396.87,1217414.90
2018-07-20,7475558.15,7806802.55,-331244.40
2018-07-21,6475715.19,4753453.48,1722261.70
2018-07-23,6654222.95,6869830.32,-215607.37
2018-07-24,8247613.65,8599197.50,-351583.85
2018-07-25,5235018.74,6501820.72,-1266801.98
2018-07-26,8119131.60,7037141.56,1081990.05
2018-07-27,7412057.35,6393328.10,1018729.25
2018-07-28,6733842.70,6951180.62,-217337.92
2018-07-30,5306791.17,6585568.01,-1278776.85
2018-07-31,8206110.21,7116512.26,1089597.95
2018-08-01,7495565.23,6469228.08,1026337.15
2018-08-02,6756543.60,5793467.24,963076.36
2018-08-03,5995414.77,7385739.22,-1390324.45
2018-08-04,5378980.99,5565514.18,-186533.18
2018-08-06,8910179.74,7876234.69,1033945.06
2018-08-07,6720256.84,5766083.74,954173.10
2018-08-08,6071492.73,7473792.05,-1402299.32
2018-08-09,5451588.22,5639851.95,-188263.73
2018-08-10,6959422.23,8698403.25,-1738981.01
2018-08-11,12090040.36,8808439.36,3281601.01
2018-08-13,6147988.08,7562262.27,-1414274.19
2018-08-14,7706261.65,8043684.73,-337423.08
2018-08-15,4779676.94,5968817.03,-1189140.09
2018-08-16,12194383.21,8894929.98,3299453.23
2018-08-17,6880606.40,5911217.49,969388.91
2018-08-18,6224900.83,7651149.89,-1426249.06
2018-08-20,4848742.37,6049857.33,-1201114.96
2018-08-21,10395540.98,8981838.01,1413702.98
2018-08-22,6961407.28,5984410.47,976996.81
2018-08-23,7478210.95,7686056.10,-207845.15
2018-08-24,5512149.89,6824812.45,-1312662.57
2018-08-25,4918225.19,6131315.03,-1213089.83
2018-08-27,8309813.67,7325208.96,984604.71
2018-08-28,10496767.18,10787533.78,-290766.60
2018-08-29,5585520.84,6910158.28,-1324637.43
2018-08-30,4988125.42,5165165.83,-177040.41
2018-08-31,9177634.86,8122161.44,1055473.42
2018-09-01,11423466.18,10074319.36,1349146.83
2018-09-03,5659309.20,6995921.50,-1336612.30
2018-09-04,6069922.36,6248693.33,-178770.96
2018-09-05,12386383.65,10966368.12,1420015.53
2018-09-06,11525102.03,8341427.71,3183674.32
2018-09-07,6366711.43,5446662.87,920048.56
2018-09-08,6836202.42,7082102.12,-245899.70
2018-09-10,12491907.62,11064284.19,1427623.43
2018-09-11,11627155.28,8425628.73,3201526.55
2018-09-12,6444805.31,5517148.84,927656.47
2018-09-13,6920616.96,6056221.28,864395.67
2018-09-14,5046441.00,6281441.68,-1235000.68
2018-09-15,6331816.25,5610453.33,721362.92
2018-09-17,7727003.60,6791739.22,935264.37
2018-09-18,9872965.08,10152508.35,-279543.28
2018-09-19,5117104.95,6364080.50,-1246975.55
2018-09-20,6418592.25,5689621.43,728970.82
2018-09-21,8569608.70,7563475.62,1006133.07
2018-09-22,10774448.00,9474641.51,1299806.49
2018-09-24,5188186.30,6447136.72,-1258950.42
2018-09-25,5557807.44,5725355.09,-167547.65
2018-09-26,11712149.37,10341474.19,1370675.19
2018-09-27,10873376.84,9565962.45,1307414.39
2018-09-28,5870372.46,7240870.48,-1370498.02
2018-09-29,6298871.41,6530610.35,-231738.93
2018-10-01,11814966.35,10436683.26,1378283.09
2018-10-02,10972723.09,9657700.80,1315022.29
2018-10-03,7076153.84,7328232.23,-252078.38
2018-10-04,9174802.64,8002813.10,1171989.54
2018-10-05,6933727.00,8678870.22,-1745143.22
2018-10-06,11918200.72,10532309.73,1385890.99
2018-10-08,7161749.51,6275825.48,885924.03
2018-10-09,9266718.96,8087121.51,1179597.44
2018-10-10,4666245.05,5835558.71,-1169313.67
2018-10-11,12021852.50,10628353.60,1393498.90
2018-10-12,9460648.84,9763234.64,-302585.80
2018-10-13,10142985.80,8892519.65,1250466.14
2018-10-15,4734619.40,5915907.94,-1181288.54
2018-10-16,10322694.57,8921587.77,1401106.80
2018-10-17,11055471.09,9734136.24,1321334.85
2018-10-18,10239207.64,8981133.60,1258074.05
2018-10-19,9451803.80,9723584.86,-271781.06
2018-10-20,5779096.40,5020989.31,758107.08
2018-10-22,11155581.07,9826638.32,1328942.75
2018-10-23,10335846.89,9070164.94,1265681.95
2018-10-24,6531162.75,6769080.36,-237917.61
2018-10-25,8588819.51,7466170.31,1122649.20
2018-10-26,7863196.53,8104172.86,-240976.32
2018-10-27,11256108.44,9919557.79,1336550.65
2018-10-29,9435982.13,8242464.23,1193517.90
2018-10-30,8678028.83,7547771.73,1130257.10
2018-10-31,9258638.31,8191642.00,1066996.30
2018-11-01,11357053.21,10012894.66,1344158.56
2018-11-02,8881859.75,9173222.23,-291362.48
2018-11-03,9529079.58,8327953.78,1201125.80
2018-11-05,12317421.35,10902394.09,1415027.26
2018-11-06,9718689.41,8366922.94,1351766.46
2018-11-07,6485154.65,6697056.79,-211902.13
2018-11-08,9622594.43,8413860.73,1208733.71
2018-11-09,8857699.67,9118257.41,-260557.74
2018-11-10,10591737.52,9169102.35,1422635.16
2018-11-12,10513751.77,9234149.36,1279602.41
2018-11-13,9716526.68,8500185.07,1216341.61
2018-11-14,7464144.01,7726432.31,-262288.29
2018-11-15,8020392.37,6947083.51,1073308.86
2018-11-16,7317278.48,6307230.42,1010048.06
2018-11-17,10611572.15,9324361.84,1287210.31
2018-11-19,6211509.49,5407754.99,803754.51
2018-11-20,8106894.69,7025977.93,1080916.76
2018-11-21,7400310.07,7631793.63,-231483.55
2018-11-22,10709809.92,9414991.71,1294818.22
2018-11-23,8320626.66,10259102.67,-1938476.02
2018-11-24,8932729.36,7780943.90,1151785.46
2018-11-26,7483759.07,7716973.17,-233214.10
2018-11-27,9132240.23,7829814.11,1302426.12
2018-11-28,5984715.67,6185394.49,-200678.82
2018-11-29,9023537.21,7864143.85,1159393.36
2018-11-30,8281151.54,7185018.97,1096132.57
2018-12-01,9980072.25,8606777.43,1373294.82
2018-12-03,6060734.74,6263144.11,-202409.37
2018-12-04,9114762.46,7947761.19,1167001.27
2018-12-05,6948389.99,8685681.65,-1737291.66
2018-12-06,7469521.22,6445552.71,1023968.51
2018-12-07,6788916.41,5828208.70,960707.72
2018-12-08,9984591.84,8746721.87,1237869.97
2018-12-10,4769967.13,4941571.76,-171604.63
2018-12-11,7553316.54,6521740.13,1031576.42
2018-12-12,6869241.01,5900925.39,968315.62
2018-12-13,8477190.25,8834644.75,-357454.50
2018-12-14,5428938.01,6727936.35,-1298998.34
2018-12-15,5774330.92,5012308.85,762022.07
2018-12-17,6949983.00,7171973.79,-221990.78
2018-12-18,8563347.04,10535708.77,-1972361.73
2018-12-19,5501832.68,6812805.89,-1310973.21
2018-12-20,8442035.98,7331982.96,1110053.02
2018-12-21,7722159.39,6675367.16,1046792.23
2018-12-22,8296949.20,5989056.93,2307892.27
2018-12-24,5575144.75,5766330.79,-191186.05
2018-12-25,8530554.23,7412893.30,1117660.93
2018-12-26,9164221.86,8109821.73,1054400.13
2018-12-27,6936206.06,5961577.89,974628.17
2018-12-28,6278110.34,5366742.96,911367.38
2018-12-29,5648874.22,5841790.81,-192916.60
2018-12-31,12371530.45,10952588.20,1418942.24
2019-01-01,7017294.38,6035058.31,982236.08
2019-01-02,6355727.93,5436752.65,918975.28
2019-01-03,5672076.56,5917668.23,-245591.67
2019-01-04,4966318.00,6187654.46,-1221336.46
2019-01-05,12476995.54,9129543.73,3347451.80
2019-01-07,6433762.93,5507179.75,926583.18
2019-01-08,5636291.25,6969175.31,-1332884.06
2019-01-09,5036505.67,6269817.00,-1233311.33
2019-01-10,6319607.92,4629422.10,1690185.82
2019-01-11,7180723.23,6183271.35,997451.88
2019-01-12,7714521.01,5522407.65,2192113.36
2019-01-14,5107110.75,6352396.94,-1245286.20
2019-01-15,7963901.99,6895581.40,1068320.59
2019-01-16,8556577.59,7551517.80,1005059.79
2019-01-17,10760525.20,7713000.51,3047524.69
2019-01-18,5784860.25,7141694.05,-1356833.80
2019-01-19,5178133.21,6435394.28,-1257261.07
2019-01-21,11697678.06,10328076.16,1369601.90
2019-01-22,6498828.22,5565932.48,932895.73
2019-01-23,5859770.85,7228579.52,-1368808.67
2019-01-24,6287378.12,6470801.95,-183423.83
2019-01-25,6391530.75,5664928.56,726602.18
2019-01-26,11800436.16,10423226.35,1377209.81
2019-01-28,7064112.03,7315882.38,-251770.35
2019-01-29,7585187.81,9428214.41,-1843026.60
2019-01-30,6478594.19,5744384.10,734210.09
2019-01-31,11903611.65,8654086.52,3249525.12
2019-02-01,6656843.06,5708731.52,948111.54
2019-02-02,7149648.81,6264798.07,884850.75
2019-02-04,4656632.73,5824257.04,-1167624.31
2019-02-05,12007204.53,8739827.19,3267377.34
2019-02-06,7966489.31,7010769.86,955719.45
2019-02-07,10129444.89,10413641.04,-284196.14
2019-02-08,5309166.15,6588338.07,-1279171.91
2019-02-09,4724948.20,5904547.38,-1179599.18
2019-02-11,11041381.67,9721120.11,1320261.56
2019-02-12,10225607.86,10511534.55,-285926.69
2019-02-13,5381369.75,6672516.54,-1291146.78
2019-02-14,5767984.99,5010951.19,757033.80
2019-02-15,11989536.90,10598406.64,1391130.26
2019-02-16,11141432.76,9813563.30,1327869.46
2019-02-18,6519502.82,5691600.32,827902.50
2019-02-19,8576267.90,8831389.85,-255121.95
2019-02-20,12093476.12,10694737.96,1398738.17
2019-02-21,11241901.25,9906423.88,1335477.37
2019-02-22,7307239.11,7565188.14,-257949.03
2019-02-23,9422882.01,8230437.39,1192444.61
2019-02-25,12197832.74,10791486.67,1406346.07
2019-02-26,11342787.14,8191188.70,3151598.44
2019-02-27,7393957.02,6487577.91,906379.10
2019-02-28,9515920.57,8315868.06,1200052.52
2019-03-01,4851028.05,6052538.08,-1201510.03
2019-03-02,12302606.76,10888652.79,1413953.97
2019-03-04,10402641.27,9131720.05,1270921.22
2019-03-05,9609376.54,8401716.12,1207660.42
2019-03-06,4920524.64,6134009.54,-1213484.90
2019-03-07,10578245.36,9156683.48,1421561.88
2019-03-08,11325580.42,9983790.50,1341789.92
2019-03-09,10499985.36,9221456.24,1278529.12
2019-03-11,5992449.60,5213887.45,778562.16
2019-03-12,8008222.65,6935987.08,1072235.57
2019-03-13,11426812.64,10077414.81,1349397.82
2019-03-14,10597746.85,9311609.82,1286137.03
2019-03-15,9724737.36,10075705.14,-350967.78
2019-03-16,8829620.68,7686516.40,1143104.27
2019-03-18,11528462.26,10171456.53,1357005.73
2019-03-19,10695925.74,9402180.81,1293744.93
2019-03-20,9687237.16,8473264.19,1213972.97
2019-03-21,8919952.24,7769240.07,1150712.18
2019-03-22,8181526.93,8428886.66,-247359.74
2019-03-23,11630529.27,10265915.64,1364613.63
2019-03-25,9781456.85,8559875.98,1221580.88
2019-03-26,9010701.21,7852381.13,1158320.08
2019-03-27,6334672.46,5613058.54,721613.91
2019-03-28,9966961.99,8594740.45,1372221.54
2019-03-29,6697769.91,6914324.90,-216555.00
2019-03-30,9876093.95,8646905.16,1229188.78
2019-04-01,5482952.37,4753730.56,729221.82
2019-04-02,7457733.39,6434838.16,1022895.23
2019-04-03,7955538.20,6995903.77,959634.43
2019-04-04,9971148.44,8734351.75,1236796.68
2019-04-05,7683108.44,7950049.59,-266941.15
2019-04-06,8253915.33,7160151.40,1093763.93
2019-04-08,10876647.76,9568982.37,1307665.39
2019-04-09,8465069.28,8822215.74,-357146.46
2019-04-10,5418687.99,5606168.80,-187480.81
2019-04-11,8341539.90,7240168.07,1101371.83
2019-04-12,7625623.67,7861760.09,-236136.42
2019-04-13,10976007.78,9660734.49,1315273.29
2019-04-15,9177828.43,8005587.89,1172240.54
2019-04-16,8429581.87,7320602.13,1108979.74
2019-04-17,7710194.91,7948061.87,-237866.97
2019-04-18,9373234.61,8050353.41,1322881.19
2019-04-19,6190052.72,7610884.18,-1420831.46
2019-04-20,9269758.52,8089910.08,1179848.44
2019-04-22,10231520.49,8837770.59,1393749.89
2019-04-23,6924800.12,5951245.23,973554.89
2019-04-24,6267194.03,6474256.26,-207062.23
2019-04-25,9362106.01,8174649.67,1187456.34
2019-04-26,7160076.21,8929564.23,-1769488.02
2019-04-27,7695765.98,6651342.39,1044423.59
2019-04-29,7471447.52,6553545.52,917901.99
2019-04-30,7916820.97,9797856.59,-1881035.63
2019-05-01,4956449.87,5132707.36,-176257.49
2019-05-02,7780683.55,6728652.06,1052031.49
2019-05-03,7087276.40,6098505.70,988770.70
2019-05-04,8709784.18,9073109.32,-363325.14
2019-05-06,5026578.66,5204566.70,-177988.04
2019-05-07,7866018.51,6806379.12,1059639.40
2019-05-08,7169140.64,7395784.28,-226643.65
2019-05-09,8797063.21,7523522.36,1273540.85
2019-05-10,5699891.52,7043061.10,-1343169.57
2019-05-11,8680979.09,7550470.99,1130508.10
2019-05-13,8543554.79,6187663.95,2355890.84
2019-05-14,6409422.84,5485208.29,924214.55
2019-05-15,5774325.84,7129470.28,-1355144.44
2019-05-16,8770619.58,7632503.58,1138116.00
2019-05-17,9421281.32,8346426.11,1074855.20
2019-05-18,9840441.51,8471912.89,1368528.62
2019-05-20,5849177.55,6046747.01,-197569.46
2019-05-21,7386128.65,9189502.39,-1803373.74
2019-05-22,6379281.87,5653752.97,725528.90
2019-05-23,7237383.18,6234692.03,1002691.15
2019-05-24,6566485.12,5627054.77,939430.35
2019-05-25,7052078.53,6123746.67,928331.86
2019-05-27,6466286.43,4745954.26,1720332.17
2019-05-28,7320011.15,6309712.10,1010299.05
2019-05-29,6645642.36,5698604.10,947038.26
2019-05-30,5836403.51,7201483.93,-1365080.42
2019-05-31,5227286.31,6492794.00,-1265507.69
2019-06-01,4647028.72,4815523.99,-168495.27
2019-06-03,7953848.40,6999202.24,954646.16
2019-06-04,5911601.55,7288656.84,-1377055.29
2019-06-05,5299013.63,6576496.19,-1277482.56
2019-06-06,8196689.13,7107913.47,1088775.66
2019-06-07,8806358.84,7780843.98,1025514.86
2019-06-08,11027300.56,7931777.29,3095523.27
2019-06-10,5371158.34,6660615.77,-1289457.43
2019-06-11,6872992.31,8598704.17,-1725711.86
2019-06-12,11974907.28,10584850.30,1390056.98
2019-06-13,9340713.46,8013917.28,1326796.18
2019-06-14,6063249.83,7464254.86,-1401005.03
2019-06-15,6507851.21,6695927.90,-188076.69
2019-06-17,12078787.61,10681122.73,1397664.88
2019-06-18,6791559.78,5830601.07,960958.71
2019-06-19,7295038.98,7552679.97,-257640.99
2019-06-20,9409790.19,9680788.32,-270998.14
2019-06-21,4772237.10,5960082.90,-1187845.81
2019-06-22,12183085.34,8885561.65,3297523.70
2019-06-24,10292074.24,9029834.21,1262240.03
2019-06-25,5431336.25,6730729.66,-1299393.41
2019-06-26,4841257.41,6041078.09,-1199820.68
2019-06-27,12287800.48,8972424.56,3315375.92
2019-06-28,8208992.36,7232817.84,976174.52
2019-06-29,10388942.05,9119094.11,1269847.93
2019-07-01,4910695.12,6122490.67,-1211795.55
2019-07-02,12308364.95,10887876.36,1420488.59
2019-07-03,11311332.68,9970616.04,1340716.63
2019-07-04,10486227.25,10776806.81,-290579.55
2019-07-05,5577570.53,6900913.68,-1323343.15
2019-07-06,5981179.88,5203691.01,777488.87
2019-07-08,11412506.01,10064181.48,1348324.54
2019-07-09,10583929.86,7568481.05,3015448.81
2019-07-10,6743151.57,5894793.99,848357.57
2019-07-11,8816910.75,9076685.56,-259774.82
2019-07-12,12375003.23,10955809.99,1419193.24
2019-07-13,11514096.75,10158164.31,1355932.44
2019-07-15,9673978.71,8461079.02,1212899.69
2019-07-16,8907183.43,9168688.80,-261505.37
2019-07-17,12480482.09,11053680.95,1426801.14
2019-07-18,11616104.88,10252564.53,1363540.35
2019-07-19,7629181.86,6702347.68,926834.18
2019-07-20,9768139.52,8547631.93,1220507.59
2019-07-22,6322462.18,5601921.56,720540.63
2019-07-23,9953860.03,10265751.56,-311891.52
2019-07-24,10665314.07,9373937.78,1291376.29
2019-07-25,9862717.73,8634602.23,1228115.50
2019-07-26,5109447.22,6355128.48,-1245681.26
2019-07-27,5472064.54,4743916.01,728148.53
2019-07-29,10763780.41,9464796.21,1298984.20
2019-07-30,9957713.34,10238800.12,-281086.79
2019-07-31,6208820.14,5409802.91,799017.23
2019-08-01,8241587.29,7148896.65,1092690.65
2019-08-02,11701061.54,10331208.64,1369852.90
2019-08-03,10862664.14,9556072.04,1306592.10
2019-08-05,9073439.18,7909879.83,1163559.35
2019-08-06,8329152.98,8579435.02,-250282.05
2019-08-07,11803833.40,10426372.60,1377460.80
2019-08-08,10961965.27,9647765.27,1314200.00
2019-08-09,9941509.51,8707081.47,1234428.05
2019-08-10,9164892.99,7993725.74,1171167.25
2019-08-12,11907022.66,10521953.96,1385068.71
2019-08-13,9360514.54,8038706.63,1321807.91
2019-08-14,10036851.45,8794815.50,1242035.95
2019-08-15,9256764.19,8077989.04,1178775.15
2019-08-16,7003455.89,8759279.69,-1755823.80
2019-08-17,10218251.90,8825575.29,1392676.61
2019-08-19,10132610.79,8882966.93,1249643.86
2019-08-20,9349052.80,8162669.74,1186383.06
2019-08-21,5692044.71,4942367.82,749676.89
2019-08-22,7683819.83,6640469.53,1043350.30
2019-08-23,6994373.04,7217311.45,-222938.41
2019-08-24,10228787.52,8971535.76,1257251.76
2019-08-26,8490455.63,7376236.62,1114219.00
2019-08-27,7768678.51,6717720.31,1050958.21
2019-08-28,11144740.70,9816620.24,1328120.46
2019-08-29,8697504.89,9060521.99,-363017.11
2019-08-30,5615466.27,5807599.94,-192133.67
2019-08-31,8579202.44,7457375.53,1121826.91
2019-09-02,11245222.96,9909494.60,1335728.36
2019-09-03,6320560.94,5405027.58,915533.36
2019-09-04,9425944.82,8233249.21,1192695.61
2019-09-05,8668366.65,7538931.84,1129434.81
2019-09-06,7939648.08,8182167.90,-242519.83
2019-09-07,9617246.32,8273910.05,1343336.27
2019-09-09,9518997.16,8318693.65,1200303.51
2019-09-10,8757948.26,7620905.54,1137042.72
2019-09-11,7961831.90,6888049.98,1073781.92
2019-09-12,7143608.36,6149598.40,994009.96
2019-09-13,6476670.66,6688385.75,-211715.09
2019-09-14,9612466.90,8404555.48,1207911.42
2019-09-16,7925028.07,6860149.41,1064878.66
2019-09-17,7225760.04,6224142.17,1001617.87
2019-09-18,6555351.61,6768797.25,-213445.64
2019-09-19,8141978.37,10055210.36,-1913231.99
2019-09-20,5145949.95,5326860.30,-180910.35
2019-09-21,8011067.88,6938581.32,1072486.57
2019-09-23,8945395.45,9314591.23,-369195.78
2019-09-24,5825828.54,7189219.61,-1363391.07
2019-09-25,5217200.98,5399841.88,-182640.90
2019-09-26,8097525.09,7017430.62,1080094.47
2019-09-27,7391315.60,6374481.93,1016833.67
2019-09-28,9033796.72,7739800.79,1293995.93
2019-09-30,6283780.98,5473240.86,810540.12
2019-10-01,8184399.70,7096697.33,1087702.37
2019-10-02,8793177.72,6389288.30,2403889.42
2019-10-03,6620952.87,5676283.25,944669.62
2019-10-04,5976524.25,7363865.06,-1387340.81
2019-10-05,9013702.26,7855131.18,1158571.08
2019-10-07,11960285.95,8700985.21,3259300.75
2019-10-08,6700397.56,5748120.03,952277.52
2019-10-09,6052498.21,6254720.53,-202222.32
2019-10-10,7604007.85,9439577.96,-1835570.11
2019-10-11,4693989.62,5868171.20,-1174181.58
2019-10-12,7460489.32,6437343.09,1023146.22
2019-10-14,7282847.15,6332842.44,950004.72
2019-10-15,5348652.13,6634381.31,-1285729.18
2019-10-16,4762533.65,5948690.10,-1186156.45
2019-10-17,7544239.53,6513485.40,1030754.13
2019-10-18,6860539.12,5893045.79,967493.33
2019-10-19,8580235.32,10565316.52,-1985081.21
2019-10-21,4831495.08,5004643.21,-173148.13
2019-10-22,7628407.14,6590045.10,1038362.03
2019-10-23,8196193.13,7221091.89,975101.24
2019-10-24,6115853.38,7525105.03,-1409251.66
2019-10-25,5493933.84,6803612.77,-1309678.92
2019-10-26,5844560.28,5075752.59,768807.68
2019-10-28,11297093.25,8153571.41,3143521.84
2019-10-29,6192591.06,7613817.59,-1421226.53
2019-10-30,5567200.80,6888854.59,-1321653.79
2019-10-31,7083593.31,8841501.54,-1757908.22
2019-11-01,12255153.82,10844641.77,1410512.05
2019-11-02,11398207.70,8236833.63,3161374.06
2019-11-04,6731341.63,6924071.18,-192729.55
2019-11-05,4889031.70,6097099.01,-1208067.30
2019-11-06,12360156.40,10942036.44,1418119.95
2019-11-07,7008509.95,6027096.16,981413.79
2019-11-08,7528983.26,5429165.64,2099817.62
2019-11-09,9660728.57,9936379.57,-275651.00
2019-11-11,12465576.37,11039848.52,1425727.86
2019-11-12,7089970.56,6100948.87,989021.69
2019-11-13,10553466.48,9270771.37,1282695.10
2019-11-14,8112817.85,10032212.04,-1919394.19
2019-11-15,5028899.42,6260916.46,-1232017.04
2019-11-16,6310260.22,4622003.94,1688256.29
2019-11-18,10651456.53,9361153.52,1290303.01
2019-11-19,5702340.56,7045905.20,-1343564.64
2019-11-20,5099459.38,6343451.29,-1243991.91
2019-11-21,5461185.01,5626570.93,-165385.91
2019-11-22,11584301.02,10223129.31,1361171.71
2019-11-23,10749863.98,7704268.82,3045595.16
2019-11-25,6197392.10,5399448.15,797943.95
2019-11-26,6295544.68,5577372.69,718171.99
2019-11-27,11686596.60,10317816.98,1368779.61
2019-11-28,10848688.83,7785241.45,3063447.38
2019-11-29,6969817.64,6101004.99,868812.65
2019-11-30,9060570.93,7898084.86,1162486.06
2019-12-02,11789309.57,10412922.06,1376387.52
2019-12-03,10869754.76,7866631.47,3003123.28
2019-12-04,9928092.75,8694737.99,1233354.76
2019-12-05,9151965.85,9418124.08,-266158.23
2019-12-06,6469163.94,5735776.15,733387.80
2019-12-07,11892439.95,10508444.53,1383995.42
2019-12-09,10023375.80,8782413.13,1240962.67
2019-12-10,7657959.78,9511666.96,-1853707.18
2019-12-11,4649273.95,5815603.97,-1166330.03
2019-12-12,10204991.63,10521536.01,-316544.39
2019-12-13,10931004.21,9619172.84,1311831.37
2019-12-14,10119076.25,8870505.68,1248570.57
2019-12-16,5680998.55,4932394.95,748603.61
2019-12-17,7671881.99,7908966.03,-237084.04
2019-12-18,11030592.79,9711153.52,1319439.27
2019-12-19,10215194.10,10500933.75,-285739.65
2019-12-20,6428208.01,5608735.70,819472.31
2019-12-21,8477969.27,7364823.55,1113145.72
2019-12-23,11130598.76,9803551.59,1327047.17
2019-12-24,8685233.90,10599199.55,-1913965.65
2019-12-25,9320275.01,8136260.59,1184014.42
2019-12-26,8566657.20,7445903.57,1120753.62
2019-12-27,12082221.88,10684306.01,1397915.88
2019-12-28,9513318.54,9896367.06,-383048.52
2019-12-30,9412851.06,8221228.74,1191622.32
2019-12-31,8655762.52,8912427.98,-256665.46
2020-01-01,12186533.39,10781009.61,1405523.78
2020-01-02,9604367.93,8262104.95,1342262.98
2020-01-03,10295263.38,9032772.36,1262491.03
2020-01-04,9505844.51,8306614.29,1199230.23
2020-01-06,10472559.15,9059427.47,1413131.68
2020-01-07,7132052.40,7357913.13,-225860.72
2020-01-08,10392144.96,9122046.04,1270098.93
2020-01-09,9599255.36,8392417.23,1206838.13
2020-01-10,5904154.37,5134022.41,770131.96
2020-01-11,7912923.60,6849118.22,1063805.38
2020-01-13,10489443.94,9211737.11,1277706.83
2020-01-14,8130089.28,10041631.91,-1911542.64
2020-01-15,8730013.26,7595339.18,1134674.08
2020-01-16,7998904.53,6927491.25,1071413.28
2020-01-17,8534129.71,7525977.22,1008152.48
2020-01-18,8932957.83,9301845.58,-368887.75
2020-01-20,8819882.31,7677600.33,1142281.98
2020-01-21,8085302.85,7006281.67,1079021.19
2020-01-22,11517455.48,10161272.05,1356183.44
2020-01-23,6530810.41,5594821.98,935988.43
2020-01-24,5890342.15,6088859.24,-198517.08
2020-01-25,8910168.76,7760278.88,1149889.89
2020-01-27,9864275.36,8500484.02,1363791.34
2020-01-28,6609778.81,5666182.48,943596.34
2020-01-29,9771253.13,8550494.54,1220758.59
2020-01-30,9000872.62,7843374.83,1157497.79
2020-01-31,6851066.63,7099969.87,-248903.24
2020-02-01,7365433.93,6350968.89,1014465.04
2020-02-03,9865845.11,8637478.62,1228366.49
2020-02-04,7592500.64,9426381.39,-1833880.75
2020-02-05,8157307.50,7071973.76,1085333.74
2020-02-06,7448707.85,6426634.91,1022072.94
2020-02-07,6768967.81,6987066.31,-218098.50
2020-02-08,8370153.11,10315581.47,-1945428.35
2020-02-10,8244469.55,7151527.91,1092941.64
2020-02-11,7532399.18,6502718.33,1029680.84
2020-02-12,6791653.08,7069017.46,-277364.37
2020-02-13,6028799.80,7424387.24,-1395587.43
2020-02-14,5410840.63,5598134.40,-187293.76
2020-02-15,8332049.01,7231499.46,1100549.54
2020-02-17,9273547.56,7959096.56,1314451.00
2020-02-18,6105061.21,7512623.51,-1407562.30
2020-02-19,5483631.30,5672655.62,-189024.31
2020-02-20,8420045.86,7311888.41,1108157.45
2020-02-21,9045817.98,6593929.99,2451888.00
2020-02-22,6835500.24,5870375.54,965124.69
2020-02-24,9259802.27,8080776.12,1179026.15
2020-02-25,7072468.00,8828686.87,-1756218.87
2020-02-26,12240374.18,8933074.85,3307299.32
2020-02-27,6916067.16,5943334.57,972732.60
2020-02-28,6258836.20,7690348.25,-1431512.04
2020-02-29,7824904.39,9692670.86,-1867766.47
2020-03-02,10437212.99,9020166.32,1417046.67
2020-03-03,6997051.49,6016710.99,980340.50
2020-03-04,7516633.11,6544955.54,971677.57
2020-03-05,5544345.19,6862270.74,-1317925.55
2020-03-06,4948895.10,6167247.91,-1218352.82
2020-03-07,7771485.23,6720276.03,1051209.20
2020-03-09,10539676.13,10831203.31,-291527.18
2020-03-10,5617899.59,6947800.01,-1329900.42
2020-03-11,5018978.77,5196779.77,-177801.00
2020-03-12,7856775.09,6797957.98,1058817.11
2020-03-13,8441555.19,7445998.88,995556.31
2020-03-14,6323122.54,5407338.19,915784.35
2020-03-16,5089479.84,5269011.39,-179531.55
2020-03-17,9314973.34,8248548.32,1066425.01
2020-03-18,11569903.27,8378382.85,3191520.42
2020-03-19,6400982.47,5477590.21,923392.26
2020-03-20,5766260.59,7120110.75,-1353850.16
2020-03-21,7297211.65,9087316.23,-1790104.59
2020-03-23,11672139.96,8462767.32,3209372.64
2020-03-24,6479259.79,5548259.63,931000.16
2020-03-25,6957849.38,6090110.02,867739.36
2020-03-26,5077446.56,6317710.23,-1240263.66
2020-03-27,6369903.10,5645196.49,724706.61
2020-03-28,9922883.42,8547569.19,1375314.23
2020-03-30,9914684.29,10194988.15,-280303.86
2020-03-31,5148293.96,6400532.50,-1252238.53
2020-04-01,6456862.54,5724548.03,732314.51
2020-04-02,7311060.31,6301583.54,1009476.77
2020-04-03,10817876.05,9514725.87,1303150.18
2020-04-04,10009908.46,10291942.87,-282034.41
2020-04-06,4639676.30,4807984.53,-168308.23
2020-04-07,8703050.44,7685965.77,1017084.67
2020-04-08,10916988.34,9606230.26,1310758.08
2020-04-09,5903453.76,7279214.76,-1375761.01
2020-04-10,5291240.96,6567429.24,-1276188.27
2020-04-11,5669960.70,5839999.48,-170038.78
2020-04-13,11016518.04,9698152.05,1318365.99
2020-04-14,5979024.09,7366759.96,-1387735.88
2020-04-15,6416621.65,5598222.62,818399.02
2020-04-16,6968045.24,8718451.44,-1750406.20
2020-04-17,11963704.51,10574469.83,1389234.69
2020-04-18,11116465.13,8005019.18,3111445.96
2020-04-20,9307248.44,8124307.30,1182941.14
2020-04-21,4696244.33,5870820.98,-1174576.65
2020-04-22,12067539.73,10670697.14,1396842.59
2020-04-23,9500507.34,8087531.44,1412975.90
2020-04-24,10185224.12,8931414.28,1253809.84
2020-04-25,9399765.61,9670576.70,-270811.09
2020-04-27,12171792.35,10767341.86,1404450.49
2020-04-28,8108683.54,7140939.21,967744.33
2020-04-29,10281629.41,9020211.67,1261417.74
2020-04-30,9492700.17,9765241.82,-272541.64
2020-05-01,4833777.33,6032303.72,-1198526.39
2020-05-02,10459140.55,10780337.80,-321197.25
2020-05-04,10378452.11,9109426.46,1269025.64
2020-05-05,5496344.37,6806418.36,-1310073.99
2020-05-06,5892949.90,5123891.22,769058.68
2020-05-07,7900827.44,8142564.34,-241736.90
2020-05-08,11300422.50,9960528.15,1339894.35
2020-05-09,10475692.20,9199058.65,1276633.55
2020-05-11,8717368.58,7583767.78,1133600.79
2020-05-12,9300556.93,8230216.94,1070340.00
2020-05-13,11401550.72,10054048.47,1347502.25
2020-05-14,8920528.53,7559830.42,1360698.11
2020-05-15,9570128.17,8365658.68,1204469.49
2020-05-16,8807178.75,7665970.05,1141208.70
2020-05-18,9759067.02,10147986.19,-388919.17
2020-05-19,6519703.54,6732366.25,-212662.72
2020-05-20,9663826.47,8451749.07,1212077.40
2020-05-21,8897406.32,9158724.64,-261318.32
2020-05-22,12469061.44,11043082.59,1425978.85
2020-05-23,9851238.65,8488520.60,1362718.06
2020-05-25,9757942.17,8538256.86,1219685.30
2020-05-26,8988051.28,9251100.16,-263048.87
2020-05-27,5386834.14,4667115.80,719718.34
2020-05-28,7353719.65,6340327.90,1013391.75
2020-05-29,10654696.47,9364142.47,1290554.00
2020-05-30,9852475.26,8625182.05,1227293.21
2020-06-01,8145044.71,7060784.25,1084260.45
2020-06-02,7436934.69,7669178.83,-232244.13
2020-06-03,10753117.69,9454955.79,1298161.91
2020-06-04,8358105.70,10301844.70,-1943739.00
2020-06-05,8972588.22,7817459.07,1155129.15
2020-06-06,8232147.88,7140279.52,1091868.36
2020-06-08,9171428.11,9546186.50,-374758.39
2020-06-09,6018074.82,6219514.22,-201439.40
2020-06-10,9063579.52,7900842.46,1162737.06
2020-06-11,8319668.45,7220192.19,1099476.26
2020-06-12,11792705.33,10416066.82,1376638.51
2020-06-13,6744077.21,5787633.70,956443.51
2020-06-15,9154988.21,7984643.25,1170344.96
2020-06-16,8407606.41,8659431.97,-251825.55
2020-06-17,10114321.74,8730075.32,1384246.42
2020-06-18,6824167.85,5860116.44,964051.41
2020-06-19,10026526.44,8785312.77,1241213.66
2020-06-20,9246814.31,8068861.44,1177952.86
2020-06-22,7590276.83,6555356.72,1034920.11
2020-06-23,6904675.90,5933016.58,971659.31
2020-06-24,10122240.66,8873419.09,1248821.57
2020-06-25,7813238.86,9679315.97,-1866077.12
2020-06-26,5808895.77,5043530.01,765365.76
2020-06-27,7674673.00,6632144.98,1042528.01
2020-06-29,8601345.19,10578969.90,-1977624.72
2020-06-30,5534002.10,6850238.29,-1316236.19
2020-07-01,8480888.55,7367491.84,1113396.72
2020-07-02,7759486.57,6709350.65,1050135.92
2020-07-03,8337054.32,7291426.10,1045628.22
2020-07-04,6234788.40,7662572.20,-1427783.80
2020-07-06,8569590.25,7448585.63,1121004.62
2020-07-07,7844717.53,6786973.71,1057743.82
2020-07-08,9516315.73,8181409.66,1334906.07
2020-07-09,6312172.05,5397460.98,914711.07
2020-07-10,5681410.53,5875087.71,-193677.18
2020-07-11,8658709.34,7530096.82,1128612.52
2020-07-13,7053064.93,6067485.16,985579.77
2020-07-14,6389973.09,5467654.12,922318.97
2020-07-15,6810206.75,5951148.57,859058.17
2020-07-16,7285928.01,9074343.24,-1788415.23
2020-07-17,6271185.73,4591006.04,1680179.69
2020-07-18,7134754.10,6141566.43,993187.67
2020-07-20,8048818.25,9948781.09,-1899962.83
2020-07-21,5067485.36,6306059.67,-1238574.31
2020-07-22,6357668.89,4659636.98,1698031.91
2020-07-23,7216860.67,6216065.10,1000795.58
2020-07-24,7753436.40,5553476.94,2199959.46
2020-07-25,5743055.58,7093177.49,-1350121.91
2020-07-27,8001748.27,6930084.00,1071664.28
2020-07-28,8597201.82,6290981.16,2306220.66
2020-07-29,10803927.38,7748556.59,3055370.78
2020-07-30,5817732.23,7179829.01,-1362096.78
2020-07-31,5209479.80,5391933.65,-182453.86
2020-08-01,8088160.37,7008888.19,1079272.18
2020-08-03,6533409.03,5597169.60,936239.43
2020-08-04,5892826.27,7266897.92,-1374071.65
2020-08-05,5281103.11,5465287.52,-184184.41
2020-08-06,9573806.58,8486926.50,1086880.09
2020-08-07,11845730.62,10465177.12,1380553.50
2020-08-08,6612391.20,5668543.87,943847.33
2020-08-10,5304484.76,6590958.55,-1286473.79
2020-08-11,4618524.61,5779437.04,-1160912.43
2020-08-12,11949089.56,8691718.34,3257371.22
2020-08-13,6691790.77,5740335.54,951455.23
2020-08-14,7187374.47,6299180.03,888194.44
2020-08-15,5268878.75,6541338.78,-1272460.03
2020-08-17,12052865.89,8777642.45,3275223.44
2020-08-18,8005923.81,5812544.60,2193379.20
2020-08-19,10171657.34,10456614.06,-284956.72
2020-08-20,5340848.40,6625283.29,-1284434.90
2020-08-21,4755105.05,5939967.21,-1184862.17
2020-08-22,7535167.39,6505235.55,1029931.84
2020-08-24,10268003.75,10554691.02,-286687.27
2020-08-25,5413235.44,6709645.21,-1296409.77
2020-08-26,4824021.36,6020858.40,-1196837.03
2020-08-27,8954605.49,7917065.74,1037539.74
2020-08-28,11185537.49,9854324.34,1331213.16
2020-08-29,8657423.59,10653185.38,-1995761.79
2020-08-31,5881753.73,6056445.37,-174691.64
2020-09-01,12139289.70,10737207.84,1402081.86
2020-09-02,11286189.43,9947368.37,1338821.06
2020-09-03,6184276.86,7604209.10,-1419932.24
2020-09-04,6638868.53,5800014.43,838854.10
2020-09-05,8704732.20,8962345.29,-257613.09
2020-09-07,11387258.77,8227814.24,3159444.53
2020-09-08,7432201.78,6522478.99,909722.80
2020-09-09,9556943.28,8353547.07,1203396.21
2020-09-10,4881520.56,6088293.57,-1206773.01
2020-09-11,12348787.23,10931489.56,1417297.67
2020-09-12,9746097.50,8311448.75,1434648.76
2020-09-14,9650582.69,9926046.65,-275463.95
2020-09-15,4951200.60,6169948.48,-1218747.88
2020-09-16,12454162.09,11029256.52,1424905.57
2020-09-17,8352960.38,7364760.98,988199.40
2020-09-18,10542900.36,9261027.54,1281872.81
2020-09-19,9744639.51,10021834.01,-277194.50
2020-09-21,5376019.86,4657374.81,718645.05
2020-09-22,11471436.48,10118694.96,1352741.52
2020-09-23,10640845.30,9351364.58,1289480.72
2020-09-24,8187963.99,10118038.77,-1930074.77
2020-09-25,6107918.58,5318404.82,789513.75
2020-09-26,8132790.22,8379179.99,-246389.77
2020-09-28,10739207.63,9442119.01,1297088.62
2020-09-29,6876035.75,6015653.29,860382.46
2020-09-30,8959785.22,7805729.35,1154055.87
2020-10-01,8219834.51,8467954.83,-248120.32
2020-10-02,11675520.01,10307562.68,1367957.32
2020-10-03,9158840.48,9455616.41,-296775.92
2020-10-05,9050717.63,7889053.86,1161663.77
2020-10-06,6372765.35,5647807.75,724957.60
2020-10-07,10007832.83,10402622.64,-394789.81
2020-10-08,6732812.02,6950127.60,-217315.58
2020-10-09,9917819.21,8685286.74,1232532.47
2020-10-10,9142067.44,7972795.77,1169271.68
2020-10-12,10101126.71,8717953.58,1383173.13
2020-10-13,7994868.03,7031889.91,962978.12
2020-10-14,10013057.15,8772916.77,1240140.38
2020-10-15,9233834.65,9501536.39,-267701.74
2020-10-16,5594524.61,4854351.20,740173.41
2020-10-17,7578404.23,6544557.41,1033846.83
2020-10-19,10108712.49,8860964.21,1247748.28
2020-10-20,7801581.64,8071013.93,-269432.29
2020-10-21,8380183.14,7275467.62,1104715.53
2020-10-22,7662741.52,7899638.52,-236897.00
2020-10-23,11019808.78,9701191.80,1318616.98
2020-10-24,8589139.45,10565074.81,-1975935.36
2020-10-26,8468408.56,7356085.13,1112323.43
2020-10-27,7747496.20,7986123.75,-238627.55
2020-10-28,9412915.72,9793544.76,-380629.04
2020-10-29,6223905.10,6429997.36,-206092.26
2020-10-30,9310294.05,8127101.92,1183192.13
2020-10-31,8557051.37,7437120.03,1119931.33
2020-11-02,6960361.34,5983462.76,976898.58
2020-11-03,6301229.86,6509052.67,-207822.81
2020-11-04,9402824.99,8212024.96,1190800.03
2020-11-05,8646111.58,7518572.34,1127539.24
2020-11-06,10367385.44,8962683.95,1404701.49
2020-11-07,7041574.23,6057067.75,984506.48
2020-11-09,9495773.33,8297365.39,1198407.94
2020-11-10,7274652.68,7532861.65,-258208.97
2020-11-11,7818137.06,6762761.87,1055375.18
2020-11-12,7123204.52,6131090.13,992114.39
2020-11-13,10381653.54,9112376.90,1269276.64
2020-11-14,8036994.41,9935267.89,-1898273.48
2020-11-16,7903655.47,6840672.38,1062983.09
2020-11-17,7205252.20,7432656.43,-227404.23
2020-11-18,8835554.59,7558670.05,1276884.54
2020-11-19,5732554.17,7080986.73,-1348432.56
2020-11-20,8720324.88,7586473.10,1133851.79
2020-11-21,7989591.28,6919000.29,1070590.99
2020-11-23,6443794.33,5516236.09,927558.24
2020-11-24,5807171.93,7167579.36,-1360407.43
2020-11-25,8810148.82,7668689.13,1141459.69
2020-11-26,8075944.50,6997745.60,1078198.90
2020-11-27,7310175.95,6295237.85,1014938.10
2020-11-28,6522300.22,5587134.08,935166.14
2020-11-30,8900390.16,7751322.57,1149067.60
2020-12-01,9560150.50,8474343.70,1085806.80
2020-12-02,7273646.96,6267612.12,1006034.84
2020-12-03,6601223.50,5658449.46,942774.05
2020-12-04,5957659.65,6157720.24,-200060.59
2020-12-05,7502405.35,9323016.95,-1820611.60
2020-12-07,7356458.38,6342815.63,1013642.75
2020-12-08,6680564.19,5730182.24,950381.95
2020-12-09,8275749.45,10207908.65,-1932159.20
2020-12-10,5258759.23,6529529.90,-1270770.67
2020-12-11,4676976.24,4846232.09,-169255.85
2020-12-12,7439687.19,6418436.54,1021250.65
2020-12-14,5944783.31,7327101.58,-1382318.28
2020-12-15,5330669.99,6613415.53,-1282745.54
2020-12-16,8235028.65,7142909.30,1092119.35
2020-12-17,8847476.30,6494474.85,2353001.45
2020-12-18,11071195.96,7967826.60,3103369.36
2020-12-19,6020582.19,7414875.34,-1394293.15
2020-12-21,8322562.99,7222835.73,1099727.26
2020-12-22,8941331.30,7904864.84,1036466.46
2020-12-23,9380289.90,8050150.03,1330139.87
2020-12-24,6096798.48,7503066.50,-1406268.02
2020-12-25,5475743.71,5664580.98,-188837.27
2020-12-26,6985372.29,8728322.00,-1742949.71
2020-12-28,6826817.27,5862514.87,964302.40
2020-12-29,6173432.17,7591675.05,-1418242.88
2020-12-30,6627132.15,6817699.97,-190567.82
2020-12-31,4802520.28,5995629.07,-1193108.79
2021-01-01,12229056.48,8923686.69,3305369.79
2021-01-02,6907339.08,5935428.78,971910.31
2021-01-04,5463328.27,6767984.66,-1304656.39
2021-01-05,4871724.04,6076807.70,-1205083.66
2021-01-06,12333955.06,9010733.05,3323222.01
2021-01-07,8248920.08,6008760.08,2240160.00
2021-01-08,10431647.72,9158456.09,1273191.63
2021-01-09,5536420.16,6853051.42,-1316631.26
2021-01-11,10522029.09,9098196.80,1423832.28
2021-01-12,11355747.19,10011686.86,1344060.33
2021-01-13,10529116.37,10820456.51,-291340.14
2021-01-14,5609929.45,6938535.58,-1328606.13
2021-01-15,5011383.76,6240417.16,-1229033.40
2021-01-16,9209177.86,8151183.04,1057994.82
2021-01-18,10627002.42,7603707.52,3023294.90
2021-01-19,5683856.14,7024437.14,-1340581.00
2021-01-20,6096564.09,6275908.59,-179344.50
2021-01-21,12421310.03,10998773.10,1422536.93
2021-01-22,11558878.15,10199602.02,1359276.13
2021-01-23,6392546.97,5469977.00,922569.97
2021-01-25,8946990.52,9209256.47,-262265.95
2021-01-26,6274032.27,5557755.85,716276.42
2021-01-27,11661069.73,8453626.63,3207443.11
2021-01-28,7667919.85,6737741.98,930177.87
2021-01-29,9809655.46,8585804.17,1223851.28
2021-01-30,5069814.12,6308783.49,-1238969.38
2021-02-01,9994705.00,8538383.38,1456321.61
2021-02-02,10708538.85,9413818.86,1294719.98
2021-02-03,9904417.11,8672957.93,1231459.19
2021-02-04,5140616.40,6391560.65,-1250944.25
2021-02-05,6447443.54,5715951.31,731492.22
2021-02-06,8741036.34,7715870.70,1025165.64
2021-02-08,9999596.17,10281443.54,-281847.37
2021-02-09,5211836.09,6474755.21,-1262919.12
2021-02-10,5583552.01,4844451.89,739100.13
2021-02-11,11746178.61,10372982.02,1373196.59
2021-02-12,10906255.81,9596320.02,1309935.79
2021-02-13,10095192.62,10378770.54,-283577.92
2021-02-15,8367770.34,8618812.97,-251042.63
2021-02-16,11849133.92,10468329.42,1380804.49
2021-02-17,11005740.40,9688196.70,1317543.70
2021-02-18,7104475.61,6223638.08,880837.53
2021-02-19,9205219.19,8030708.25,1174510.94
2021-02-20,8455936.87,8708710.05,-252773.18
2021-02-22,9400169.77,8075018.17,1325151.60
2021-02-23,10078886.50,8833506.85,1245379.64
2021-02-24,9297273.85,8115155.00,1182118.85
2021-02-25,7037937.74,8799024.52,-1761086.78
2021-02-26,10259615.98,10660276.43,-400660.46
2021-02-27,6948937.83,7170906.27,-221968.44
2021-03-01,9389745.90,8200019.15,1189726.75
2021-03-02,4757372.04,5942629.27,-1185257.23
2021-03-03,10354032.10,8950403.89,1403628.21
2021-03-04,7030091.83,7253790.82,-223698.99
2021-03-05,10271189.46,9010594.01,1260595.45
2021-03-06,9482635.36,9754989.95,-272354.60
2021-03-08,7806106.14,6751804.24,1054301.90
2021-03-09,11188851.48,9857387.33,1331464.15
2021-03-10,10367967.05,9099763.69,1268203.35
2021-03-11,8025178.87,8299264.01,-274085.15
2021-03-12,8618338.91,7493168.31,1125170.60
2021-03-13,7891565.67,8133115.53,-241549.86
2021-03-15,8823190.53,7547379.27,1275811.26
2021-03-16,9466790.14,8270750.83,1196039.30
2021-03-17,8707686.57,7574908.06,1132778.50
2021-03-18,7977442.60,8220723.01,-243280.41
2021-03-19,9657420.66,10043920.34,-386499.68
2021-03-20,6432752.71,5506267.75,926484.95
2021-03-22,8797451.62,7657065.22,1140386.41
2021-03-23,9385873.50,8308747.89,1077125.61
2021-03-24,7179662.81,6182309.15,997353.65
2021-03-25,6511199.71,6723675.38,-212475.67
2021-03-26,9653679.10,8442423.99,1211255.11
2021-03-27,8887634.08,7739639.77,1147994.31
2021-03-29,7261997.94,6257036.38,1004961.56
2021-03-30,6590064.11,6804270.33,-214206.22
2021-03-31,9747749.69,8528886.67,1218863.01
2021-04-01,7490971.70,7753833.53,-262861.83
2021-04-02,8049014.62,6973184.36,1075830.26
2021-04-03,7344750.47,6332181.01,1012569.46
2021-04-05,8263767.29,10194237.13,-1930469.84
2021-04-06,5248648.01,5432049.50,-183401.48
2021-04-07,8135655.28,7052217.12,1083438.16
2021-04-08,7427920.40,6407743.03,1020177.37
2021-04-09,9072781.33,7775441.71,1297339.62
2021-04-10,5934123.57,7314752.50,-1380628.92
2021-04-12,8222713.34,7131667.27,1091046.07
2021-04-13,8834269.30,7745295.36,1088973.94
2021-04-14,6655817.59,5707804.28,948013.31
2021-04-15,6009863.58,7402467.37,-1392603.79
2021-04-16,9053724.73,7891809.97,1161914.77
2021-04-17,8310188.79,7211534.82,1098653.97
2021-04-19,6735445.72,5779824.51,955621.22
2021-04-20,6086020.98,6289003.88,-202982.90
2021-04-21,9145088.31,7975565.64,1169522.67
2021-04-22,6974320.53,8715580.89,-1741260.36
2021-04-23,7497246.32,6470756.41,1026489.92
2021-04-24,6815491.25,5852262.13,963229.12
2021-04-26,7721900.03,9574707.99,-1852807.96
2021-04-27,4792790.95,4964969.12,-172178.16
2021-04-28,7581179.98,6547082.16,1034097.82
2021-04-29,6895954.18,5925117.16,970837.02
2021-04-30,8505697.99,10470053.55,-1964355.56
2021-05-01,5453050.43,6756017.47,-1302967.04
2021-05-03,7665531.04,6623825.31,1041705.72
2021-05-04,8236094.97,7257650.05,978444.93
2021-05-05,6149528.36,7564043.00,-1414514.64
2021-05-06,5526083.43,6841025.34,-1314941.91
2021-05-07,5879288.75,5107137.37,772151.38
2021-05-08,9100768.11,6700985.86,2399782.24
2021-05-10,6226449.49,7652939.00,-1426489.51
2021-05-11,5599533.84,6926450.61,-1326916.78
2021-05-12,8559982.93,7439800.60,1120182.33
2021-05-13,9195745.35,8138823.82,1056921.53
2021-05-14,11442779.78,8273559.62,3169220.16
2021-05-15,6303788.03,5389899.25,913888.78
2021-05-17,7197588.76,8972734.84,-1775146.08
2021-05-18,12406437.32,10984973.67,1421463.65
2021-05-19,7044260.67,6059503.19,984757.48
2021-05-20,6381543.96,5460047.27,921496.68
2021-05-21,6852238.04,7047458.72,-195220.68
2021-05-22,4989533.27,6214838.43,-1225305.15
2021-05-24,7125904.73,6133539.35,992365.38
2021-05-25,7655476.64,6726372.05,929104.59
2021-05-26,8149805.51,10074462.68,-1924657.18
2021-05-27,5059859.28,6297139.30,-1237280.02
2021-05-28,6348301.36,4652198.98,1696102.38
2021-05-29,8494933.69,6207992.90,2286940.79
2021-05-31,5735009.26,7083836.88,-1348827.63
2021-06-01,5130602.68,6379857.58,-1249254.89
2021-06-02,5495106.26,4721202.21,773904.05
2021-06-03,11629208.76,10264693.36,1364515.40
2021-06-04,10793246.33,7739805.07,3053441.25
2021-06-05,5809640.79,7170443.28,-1360802.50
2021-06-07,9466767.57,8388317.67,1078449.89
2021-06-08,11731687.78,10359564.48,1372123.30
2021-06-09,10892254.62,7820961.15,3071293.48
2021-06-10,5884689.72,7257467.08,-1372777.36
2021-06-11,6314391.78,6498389.14,-183997.36
2021-06-12,6420338.96,5691215.38,729123.59
2021-06-14,6603834.41,5660809.37,943025.04
2021-06-15,7092414.29,6212650.04,879764.24
2021-06-16,9192266.18,9459184.99,-266918.81
2021-06-17,4611191.11,5770809.25,-1159618.14
2021-06-18,11937898.03,10550558.92,1387339.11
2021-06-19,7906655.26,6956022.31,950632.95
2021-06-21,7693941.15,9552911.31,-1858970.16
2021-06-22,4679227.52,5850820.53,-1171593.01
2021-06-23,10246329.82,8768335.35,1477994.47
2021-06-24,10974722.21,9659547.15,1315175.06
2021-06-25,10161268.87,8909354.60,1251914.26
2021-06-26,5333049.54,6616190.15,-1283140.61
2021-06-28,7709100.29,7946944.91,-237844.62
2021-06-29,11074494.24,9751711.28,1322782.96
2021-06-30,10257570.16,10544070.39,-286500.23
2021-07-01,5405391.47,6700506.95,-1295115.48
2021-07-02,5794101.50,5034546.30,759555.20
2021-07-03,12023938.07,10630286.41,1393651.66
2021-07-05,10354288.86,10642519.64,-288230.78
2021-07-06,6546907.93,5716484.02,830423.90
2021-07-07,8605767.79,7481670.47,1124097.32
2021-07-08,12128015.63,10726756.06,1401259.57
2021-07-09,11275290.49,9937291.72,1337998.77
2021-07-10,10375534.09,9100796.11,1274737.97
2021-07-12,8695056.56,8952482.60,-257426.04
2021-07-13,12232510.58,10823643.11,1408867.47
2021-07-14,9644516.39,8298909.71,1345606.67
2021-07-15,10337791.66,9071956.94,1265834.72
2021-07-16,9546847.39,8344273.47,1202573.92
2021-07-17,8784762.73,9043919.32,-259156.59
2021-07-19,7168080.97,7394702.28,-226621.30
2021-07-20,10434856.69,9161414.07,1273442.62
2021-07-21,9640441.69,8430259.87,1210181.82
2021-07-22,4943649.21,6161102.81,-1217453.60
2021-07-23,10609954.82,9185871.54,1424083.28
2021-07-24,7250357.22,7478709.07,-228351.85
2021-07-26,9734453.39,10011460.85,-277007.46
2021-07-27,6018957.56,5237874.00,781083.56
2021-07-28,8036825.39,6962068.41,1074756.97
2021-07-29,11460454.99,10108535.76,1351919.23
2021-07-30,10630238.94,9341580.51,1288658.43
2021-07-31,8251793.43,8530531.44,-278738.01
2021-08-02,8123407.16,7041042.28,1082364.88
2021-08-03,11562242.94,10202715.81,1359527.13
2021-08-04,9060258.95,7763992.62,1296266.33
2021-08-05,6998821.14,6122749.81,876071.33
2021-08-06,8949981.91,7796748.33,1153233.58
2021-08-07,8210406.33,8458339.60,-247933.27
2021-08-09,6644617.65,5697677.62,946940.03
2021-08-10,9812775.12,8588672.84,1224102.28
2021-08-11,9040869.21,7880027.73,1160841.48
2021-08-12,6885234.49,8547486.73,-1662252.23
2021-08-13,7401981.60,6384172.88,1017808.73
2021-08-14,6724186.89,6941315.43,-217128.53
2021-08-16,9132173.91,7963724.52,1168449.39
2021-08-17,5508563.18,4776819.96,731743.22
2021-08-18,7485438.98,6460022.35,1025416.63
2021-08-19,6804173.54,7023032.62,-218859.08
2021-08-20,10002743.37,8763425.29,1239318.09
2021-08-21,7710308.06,9561426.66,-1851118.60
2021-08-23,7569313.75,6536289.22,1033024.54
2021-08-24,8074930.96,7105167.22,969763.74
2021-08-25,8493557.50,10456223.70,-1962666.21
2021-08-26,5442780.89,5630835.24,-188054.35
2021-08-27,8370672.42,7266779.18,1103893.24
2021-08-28,7653605.92,6612973.48,1040632.44
2021-08-30,6138710.31,7551535.60,-1412825.29
2021-08-31,5515755.01,5705539.91,-189784.90
2021-09-01,8458852.72,7347351.58,1111501.14
2021-09-02,9087402.79,7976756.00,1110646.79
2021-09-03,6870858.18,5902389.80,968468.39
2021-09-04,6215572.56,7640372.71,-1424800.15
2021-09-06,8547450.42,7428341.37,1119109.04
2021-09-07,12286445.77,8971300.35,3315145.42
2021-09-08,6951608.56,5975532.27,976076.29
2021-09-09,6292852.20,6500487.97,-207635.76
2021-09-10,9392803.80,8202826.05,1189977.75
2021-09-11,7186378.68,8959835.40,-1773456.72
2021-09-13,7032776.33,6049092.14,983684.19
2021-09-14,6370549.25,6579915.56,-209366.31
2021-09-15,7944412.04,9829416.36,-1885004.32
2021-09-16,4979645.63,6203261.43,-1223615.80
2021-09-17,7808918.92,6754366.02,1054552.90
2021-09-18,7114361.50,6123069.41,991292.10
2021-09-20,5650358.96,6985522.36,-1335163.40
2021-09-21,5049912.75,5228474.33,-178561.58
2021-09-22,7894392.22,6832231.42,1062160.80
2021-09-23,8481950.26,7483050.26,998900.00
2021-09-24,6357290.75,5438162.71,919128.04
2021-09-25,5724514.21,7071652.48,-1347138.27
2021-09-27,9357077.25,6910514.21,2446563.04
2021-09-28,11614785.13,8415418.61,3199366.51
2021-09-29,6435334.13,5508598.18,926735.95
2021-09-30,5799086.86,7158200.00,-1359113.14
2021-10-01,8800420.21,7659782.81,1140637.40
2021-10-02,9453176.74,8375800.13,1077376.61
2021-10-04,6513794.90,5579451.05,934343.85
2021-10-05,5874076.90,7245164.91,-1371088.01
2021-10-06,7412822.56,9220165.00,-1807342.44
2021-10-07,6408070.57,5680020.27,728050.30
2021-10-08,9963629.77,8584971.85,1378657.92
2021-10-09,6592673.07,5650721.32,941951.76
2021-10-11,5179563.60,6437065.12,-1257501.52
2021-10-12,4601626.47,5759555.26,-1157928.79
2021-10-13,7347487.70,6334667.25,1012820.46
2021-10-14,7894053.72,6944494.06,949559.66
2021-10-15,10051891.74,10334686.73,-282794.99
2021-10-16,5251011.85,6520488.24,-1269476.39
2021-10-18,8743964.63,6410243.04,2333721.58
2021-10-19,10960680.47,9646578.70,1314101.77
2021-10-20,5936615.69,7317639.68,-1381023.99
2021-10-21,5322877.50,6604328.76,-1281451.26
2021-10-22,5704375.18,4908798.27,795576.91
2021-10-23,11905687.66,10520717.18,1384970.47
2021-10-25,6012369.46,7405368.32,-1392998.86
2021-10-26,5395160.55,6688586.67,-1293426.13
2021-10-27,6898789.08,8628469.64,-1729680.56
2021-10-28,12009288.93,10616710.55,1392578.38
2021-10-29,11160524.16,8041232.10,3119292.05
2021-10-30,6088540.63,7493514.36,-1404973.73
2021-11-01,4726324.23,5906163.87,-1179839.63
2021-11-02,12113307.60,10713121.31,1400186.28
2021-11-03,9460853.31,8123927.82,1336925.49
2021-11-04,7323713.16,6423493.85,900219.32
2021-11-05,9440559.16,9712130.83,-271571.67
2021-11-06,4795065.48,5986879.99,-1191814.50
2021-11-08,8148407.99,7177319.97,971088.02
2021-11-09,10324131.81,9059370.37,1264761.43
2021-11-10,9533677.18,9806979.40,-273302.22
2021-11-11,4864224.13,6068013.50,-1203789.37
2021-11-12,10500971.97,9001304.65,1499667.33
2021-11-13,11243922.91,9908292.78,1335630.13
2021-11-15,5528500.01,6843836.98,-1315336.98
2021-11-16,4933800.18,6149564.42,-1215764.24
2021-11-17,7938538.97,8181036.46,-242497.48
2021-11-18,11344817.18,10001579.14,1343238.04
2021-11-19,10518561.49,9238584.25,1279977.24
2021-11-20,5601964.18,6929276.03,-1327311.84
2021-11-22,9342556.18,8268872.50,1073683.69
2021-11-23,11446128.85,10095282.91,1350845.94
2021-11-24,10616402.43,7595037.06,3021365.37
2021-11-25,6770928.60,5920049.62,850878.98
2021-11-26,8846782.57,7702230.18,1144552.39
2021-11-27,12409914.67,10988200.02,1421714.64
2021-11-29,9047744.88,9342359.07,-294614.19
2021-11-30,9705139.13,8489718.04,1215421.09
2021-12-01,8937193.58,9199272.49,-262078.90
2021-12-02,6264708.37,5549254.24,715454.13
2021-12-03,9891880.34,8525818.59,1366061.75
2021-12-04,10599714.15,9313424.36,1286289.79
2021-12-06,9028022.00,9291831.45,-263809.45
2021-12-07,5420577.99,5628098.16,-207520.16
2021-12-08,7390241.45,7621515.62,-231274.17
2021-12-09,10697901.42,9404003.73,1293897.70
2021-12-10,9894154.82,8663517.92,1230636.90
2021-12-11,5132943.72,6382593.68,-1249649.96
2021-12-13,7473639.94,7706644.66,-233004.72
2021-12-14,10796506.09,9495000.49,1301505.60
2021-12-15,9989288.76,8751043.96,1238244.80
2021-12-16,6235700.03,5434161.39,801538.64
2021-12-17,8270561.96,7175349.92,1095212.05
2021-12-18,8824142.35,7792191.10,1031951.25
2021-12-20,8481425.32,8764816.19,-283390.87
2021-12-21,9103702.44,7937621.70,1166080.75
2021-12-22,8358265.98,7255446.03,1102819.95
2021-12-23,11837986.02,10458003.82,1379982.20
2021-12-24,9300344.70,7983623.29,1316721.41
2021-12-25,6127900.56,6331831.09,-203930.53
2021-12-27,8446387.40,8698973.53,-252586.13
2021-12-28,10155482.53,10553723.51,-398240.97
2021-12-29,6859499.92,5892104.82,967395.10
2021-12-30,10068541.65,8823984.30,1244557.35
2021-12-31,9287304.13,8106007.57,1181296.56
2022-01-01,7096012.08,8789242.89,-1693230.81
2022-01-03,6940191.41,5965188.41,975003.01
2022-01-04,10164439.32,8912274.07,1252165.26
2022-01-05,9379731.07,8190826.61,1188904.46
2022-01-06,8556867.81,7431224.14,1125643.66
2022-01-07,7711897.35,6666025.64,1045871.71
2022-01-08,7021300.30,7244812.25,-223511.95
2022-01-10,7932661.75,9815976.71,-1883314.97
2022-01-11,8519821.75,7403081.34,1116740.41
2022-01-12,7796894.37,6743414.76,1053479.61
2022-01-13,7102826.59,7328069.08,-225242.50
2022-01-14,8726365.04,7458983.98,1267381.07
2022-01-15,5639931.11,5832638.31,-192707.21
2022-01-17,7882308.78,6821221.27,1061087.51
2022-01-18,9556286.80,8218037.03,1338249.77
2022-01-19,6346314.38,5428259.62,918054.76
2022-01-20,5714027.47,5908465.23,-194437.76
2022-01-21,8698009.44,7566053.22,1131956.21
2022-01-22,9343553.61,8211233.96,1132319.65
2022-01-24,6424298.87,5498636.21,925662.66
2022-01-25,9549928.55,8347103.63,1202824.92
2022-01-26,8787729.38,7648165.26,1139564.12
2022-01-27,6309143.87,4621118.09,1688025.78
2022-01-28,7170788.73,6174257.36,996531.36
2022-01-29,6502700.76,5569430.19,933270.57
2022-01-31,7401454.16,9207107.25,-1805653.08
2022-02-01,5416909.49,4689932.48,726977.02
2022-02-02,7253078.74,6248939.48,1004139.27
2022-02-03,6581520.05,6795539.23,-214019.18
2022-02-04,8169941.38,10087142.06,-1917200.69
2022-02-05,5169517.64,6425329.80,-1255812.16
2022-02-07,7335786.16,6324038.99,1011747.17
2022-02-08,7881460.49,5655802.71,2225657.77
2022-02-09,5850684.83,7218044.59,-1367359.77
2022-02-10,5240907.00,5424121.44,-183214.44
2022-02-11,8126270.73,7043654.86,1082615.87
2022-02-12,8730822.88,7711467.80,1019355.08
2022-02-14,5925962.32,7305296.95,-1379334.64
2022-02-15,5312713.76,5497658.75,-184944.99
2022-02-16,9616403.73,7123059.89,2493343.83
2022-02-17,11891105.71,10507208.52,1383897.19
2022-02-18,6647236.09,5700045.07,947191.02
2022-02-19,6001657.21,7392966.71,-1391309.50
2022-02-21,6887802.57,8615793.77,-1727991.20
2022-02-22,11994648.09,8729430.78,3265217.31
2022-02-23,6726819.11,5772020.18,954798.93
2022-02-24,6077769.50,7481053.87,-1403284.37
2022-02-25,7631073.70,9470612.50,-1839538.80
2022-02-26,4716660.16,5894810.44,-1178150.28
2022-02-28,6806819.53,5844412.70,962406.83
2022-03-01,7311501.82,7516028.23,-204526.41
2022-03-02,5372611.26,6662309.15,-1289697.88
2022-03-03,4785342.52,5975467.67,-1190125.15
2022-03-04,7572088.01,6538812.48,1033275.53
2022-03-05,8135648.13,7165633.40,970014.73
2022-03-07,5445181.76,6746854.51,-1301672.75
2022-03-08,4854442.29,5028163.96,-173721.67
2022-03-09,8996012.90,7955129.46,1040883.44
2022-03-10,11229722.85,9895166.00,1334556.85
2022-03-11,6141239.45,7554459.80,-1413220.35
2022-03-12,5518169.65,6831817.27,-1313647.62
2022-03-14,12185183.89,10779758.34,1405425.55
2022-03-15,11330558.23,9988393.48,1342164.75
2022-03-16,6218115.46,7643310.69,-1425195.22
2022-03-17,5591574.94,6917197.43,-1325622.49
2022-03-18,4947520.40,6173570.15,-1226049.76
2022-03-19,12289907.41,10876873.95,1413033.45
2022-03-21,6295408.88,5382342.39,913066.49
2022-03-22,6759099.15,5909293.46,849805.69
2022-03-23,4912093.69,6124129.69,-1212036.00
2022-03-24,12395048.32,10974406.96,1420641.36
2022-03-25,11533481.20,8348338.35,3185142.85
2022-03-26,7558029.37,6637354.98,920674.39
2022-03-28,4981957.18,6205968.05,-1224010.87
2022-03-29,6252545.77,5538164.93,714380.84
2022-03-30,8393178.06,7401634.96,991543.09
2022-03-31,10585895.98,9300679.47,1285216.51
2022-04-01,9786109.73,10064064.82,-277955.09
2022-04-02,5052238.07,6288223.81,-1235985.74
2022-04-04,11516140.94,10160055.73,1356085.21
2022-04-05,10684024.37,9391199.96,1292824.41
2022-04-06,8225115.27,10160453.03,-1935337.76
2022-04-07,5122936.36,6370896.97,-1247960.61
2022-04-08,8170994.98,8418145.33,-247150.35
2022-04-09,11618157.45,10254464.34,1363693.11
2022-04-11,5801554.23,7161062.44,-1359508.21
2022-04-12,6224252.47,5423787.12,800465.35
2022-04-13,8258222.72,8507103.61,-248880.90
2022-04-14,11720591.37,10349290.35,1371301.02
2022-04-15,10881533.33,7812169.39,3069363.94
2022-04-16,6997966.61,6126632.56,871334.05
2022-04-18,6410938.88,5682637.58,728301.30
2022-04-19,11823442.68,10444533.76,1378908.92
2022-04-20,9287672.31,9586939.36,-299267.05
2022-04-21,9959625.10,8723748.94,1235876.16
2022-04-22,9182347.94,8009732.57,1172615.37
2022-04-23,4603862.49,5762186.35,-1158323.85
2022-04-25,10864653.98,9557909.11,1306744.87
2022-04-26,10055046.49,8811562.42,1243484.07
2022-04-27,9274298.60,9542760.91,-268462.32
2022-04-28,5628761.70,5842152.51,-213390.81
2022-04-29,7615419.26,6578228.74,1037190.52
2022-04-30,10963963.49,9649610.72,1314352.77
2022-05-02,7767208.78,9636859.52,-1869650.74
2022-05-03,5706961.77,4955836.76,751125.01
2022-05-04,7699939.99,7937597.57,-237657.58
2022-05-05,11063690.40,9741729.73,1321960.67
2022-05-06,10247141.46,8988441.58,1258699.88
2022-05-07,6455459.83,5633466.12,821993.71
2022-05-09,7784878.13,8024266.25,-239388.13
2022-05-10,11163834.72,9834266.14,1329568.58
2022-05-11,8714074.54,9002118.28,-288043.74
2022-05-12,9350910.21,8164374.39,1186535.82
2022-05-13,8596142.13,7472867.11,1123275.03
2022-05-14,12116746.43,10716309.16,1400437.28
2022-05-16,6335346.31,6543929.70,-208583.39
2022-05-17,9443624.60,8249480.87,1194143.73
2022-05-18,8685385.79,7554502.86,1130882.93
2022-05-19,10409039.47,9000994.29,1408045.18
2022-05-20,7077399.52,6089549.35,987850.18
2022-05-21,7548175.24,6623585.86,924589.38
2022-05-23,7309807.00,9034016.40,-1724209.39
2022-05-24,7855671.19,6796952.32,1058718.88
2022-05-25,7159213.26,6163755.18,995458.08
2022-05-26,10424345.43,9151725.10,1272620.33
2022-05-27,9630305.57,8420946.03,1209359.53
2022-05-28,7390094.07,7650794.17,-260700.10
2022-05-30,7241444.39,7469609.20,-228164.81
2022-05-31,10521782.74,9241554.51,1280228.24
2022-06-01,8158032.77,10073544.10,-1915511.33
2022-06-02,8759751.31,7622555.83,1137195.48
2022-06-03,8027492.32,6953557.63,1073934.68
2022-06-04,7324092.92,7553988.28,-229895.36
2022-06-06,5840098.65,7205769.06,-1365670.41
2022-06-07,8849758.70,7704955.31,1144803.39
2022-06-08,8114028.97,7032486.39,1081542.59
2022-06-09,9802565.53,8443860.69,1358704.84
2022-06-10,6556935.78,5618425.95,938509.83
2022-06-11,5915317.26,6114407.88,-199090.62
2022-06-13,9602721.77,7111832.54,2490889.23
2022-06-14,7309991.36,6300612.83,1009378.53
2022-06-15,6636042.51,5689924.78,946117.74
2022-06-16,7074631.38,6191774.43,882856.94
2022-06-17,9031025.67,7871006.48,1160019.19
2022-06-18,4638798.31,4807084.19,-168285.88
2022-06-20,6715566.65,5761841.01,953725.64
2022-06-21,9897286.76,8666398.87,1230887.89
2022-06-22,7619546.98,9457396.43,-1837849.45
2022-06-23,4707004.39,4877020.82,-170016.43
2022-06-24,7476398.49,6451804.15,1024594.34
2022-06-25,6795508.18,7014180.22,-218672.04
2022-06-27,5362406.98,6650415.50,-1288008.53
2022-06-28,8273448.79,7177985.74,1095463.04
2022-06-29,7560228.15,6528025.90,1032202.25
2022-06-30,8122896.58,5849240.23,2273656.35
2022-07-01,6054028.02,7453584.15,-1399556.13
2022-07-02,5434918.59,6734901.98,-1299983.40
2022-07-04,8982712.83,7942902.68,1039810.15
2022-07-05,9419946.98,8086463.41,1333483.56
2022-07-06,6130427.76,7541958.76,-1411531.00
2022-07-07,5507847.59,5697445.44,-189597.85
2022-07-08,7019855.99,7338622.91,-318766.92
2022-07-09,12170443.62,10766091.35,1404352.26
2022-07-11,6207244.89,7630750.76,-1423505.87
2022-07-12,5581194.00,5772522.40,-191328.40
2022-07-13,4832884.08,6031255.86,-1198371.77
2022-07-14,12275108.25,8961892.36,3313215.89
2022-07-15,6942860.65,5967606.65,975254.00
2022-07-16,6284479.42,5372486.22,911993.20
2022-07-18,4902271.29,6112617.94,-1210346.64
2022-07-19,12380190.28,9049122.17,3331068.11
2022-07-20,7023983.31,6041121.41,982861.90
2022-07-21,7545659.71,6626058.61,919601.11
2022-07-22,5568676.26,6890570.50,-1321894.25
2022-07-23,4972075.90,6194397.42,-1222321.51
2022-07-25,8380259.88,7389790.07,990469.81
2022-07-26,10572086.11,7558797.34,3013288.77
2022-07-27,5642368.99,6976238.11,-1333869.12
2022-07-28,5042297.91,6276594.29,-1234296.38
2022-07-29,9251078.50,8189739.99,1061338.51
2022-07-30,11501782.56,10146770.63,1355011.92
2022-08-01,5716479.13,7062323.11,-1345843.98
2022-08-02,6131965.02,5293042.40,838922.62
2022-08-03,12467697.46,11041816.83,1425880.62
2022-08-04,11603740.19,10241120.36,1362619.83
2022-08-05,6426878.80,5500965.14,925913.66
2022-08-06,5791006.66,7148825.51,-1357818.85
2022-08-08,6311996.47,5592376.36,719620.11
2022-08-09,11706115.21,8490826.01,3215289.20
2022-08-10,6505294.46,5571772.90,933521.56
2022-08-11,6985978.84,6115718.07,870260.77
2022-08-12,5100880.48,6345112.84,-1244232.36
2022-08-13,6398676.85,5671448.84,727228.01
2022-08-15,7795362.92,6854233.45,941129.47
2022-08-16,9946197.12,8711394.24,1234802.88
2022-08-17,5171866.22,6428073.45,-1256207.23
2022-08-18,4594304.22,5750938.72,-1156634.50
2022-08-19,11829635.80,10444192.26,1385443.54
2022-08-20,10850677.48,9545005.90,1305671.58
2022-08-22,5243269.35,6511451.45,-1268182.10
2022-08-23,5617763.22,5830845.99,-213082.77
2022-08-24,11791376.30,10414836.02,1376540.28
2022-08-25,10949928.11,9636648.63,1313279.48
2022-08-26,10137339.53,10421678.03,-284338.50
2022-08-27,5315089.88,6595246.85,-1280156.97
2022-08-29,11894515.06,10510366.87,1384148.19
2022-08-30,11049596.14,9728708.75,1320887.39
2022-08-31,6004161.60,7395866.18,-1391704.57
2022-09-01,6443853.95,5622933.52,820920.42
2022-09-02,8494818.30,8748352.06,-253533.76
2022-09-03,11998071.21,10606315.13,1391756.09
2022-09-05,7228021.95,6336232.82,891789.13
2022-09-06,9337864.12,8152401.59,1185462.54
2022-09-07,4718919.43,5897464.78,-1178545.35
2022-09-08,12102044.77,10702680.78,1399363.99
2022-09-09,9530617.07,9834536.98,-303919.92
2022-09-10,10217128.40,8960797.16,1256331.24
2022-09-12,4787615.56,5978135.78,-1190520.22
2022-09-13,10395660.24,8988688.34,1406971.90
2022-09-14,8277127.71,7290350.82,986776.89
2022-09-15,10313672.03,9049732.89,1263939.14
2022-09-16,9523592.53,9796707.71,-273115.18
2022-09-17,5839962.73,6059224.18,-219261.45
2022-09-19,11233042.89,9898235.05,1334807.84
2022-09-20,10410633.06,9139086.01,1271547.05
2022-09-21,9617082.83,9891928.56,-274845.73
2022-09-22,8657556.01,7529041.72,1128514.29
2022-09-23,7929257.38,8171567.82,-242310.44
2022-09-24,11333892.05,9991476.30,1342415.75
2022-09-26,6678236.96,5835788.18,842448.78
2022-09-27,8747087.11,7610964.92,1136122.20
2022-09-28,8015317.75,8259358.74,-244040.99
2022-09-29,11435158.60,10085134.95,1350023.65
2022-09-30,8949741.10,7662978.24,1286762.85
2022-10-01,9601135.31,8394144.41,1206990.90
2022-10-03,9428036.37,8347567.07,1080469.30
2022-10-04,9789568.19,8431936.63,1357631.56
2022-10-05,6545809.39,6759045.64,-213236.25
2022-10-06,9694971.94,8480373.14,1214598.80
2022-10-07,8927401.52,7776063.51,1151338.00
2022-10-08,5335656.82,4621024.98,714631.84
2022-10-10,6624857.24,6839824.05,-214966.80
2022-10-11,9789225.97,8567019.26,1222206.70
2022-10-12,7526619.25,9281807.23,-1755187.98
2022-10-13,8087041.99,7007868.04,1079173.95
2022-10-14,7381252.44,6365339.29,1015913.15
2022-10-15,10687268.87,9394193.47,1293075.41
2022-10-17,7608028.57,7873381.53,-265352.96
2022-10-18,8173866.09,7087084.24,1086781.85
2022-10-19,7464605.82,6441084.76,1023521.06
2022-10-20,10785828.43,9485145.12,1300683.31
2022-10-21,8386421.12,10334128.81,-1947707.70
2022-10-22,9002698.20,7845047.65,1157650.56
2022-10-24,7548376.59,7782924.81,-234548.22
2022-10-25,9201032.13,7892740.91,1308291.21
2022-10-26,6043283.53,7441150.30,-1397866.77
2022-10-27,9093827.83,7928569.37,1165258.46
2022-10-28,8348766.50,7246768.84,1101997.66
2022-10-29,7570724.10,6531987.23,1038736.87
2022-10-31,6119624.38,6323367.86,-203743.48
2022-11-01,9185374.86,8012508.50,1172866.36
2022-11-02,7008778.35,7327237.23,-318458.89
2022-11-03,7534083.95,6504250.35,1029833.61
2022-11-04,6850803.49,5884230.68,966572.81
2022-11-05,6196382.63,6401856.66,-205474.03
2022-11-07,4823128.88,4996067.63,-172938.74
2022-11-08,7618201.06,6580759.55,1037441.51
2022-11-09,6931449.87,5957269.15,974180.72
2022-11-10,10154054.24,8902711.27,1251342.97
2022-11-11,7840657.13,9710702.94,-1870045.81
2022-11-12,4892457.21,5067126.50,-174669.29
2022-11-14,7012513.64,6030725.02,981788.62
2022-11-15,8630052.05,10611645.47,-1981593.41
2022-11-16,5558313.65,6878518.54,-1320204.89
2022-11-17,5914097.84,5138602.77,775495.07
2022-11-18,7787687.47,6735030.15,1052657.32
2022-11-19,8367350.01,6045695.08,2321654.93
2022-11-21,5631947.50,6964127.26,-1332179.76
2022-11-22,8599079.75,7475553.73,1123526.02
2022-11-23,9237620.11,8177354.89,1060265.22
2022-11-24,11487432.48,8310366.23,3177066.25
2022-11-25,6337910.53,5420678.06,917232.47
2022-11-26,5705998.75,5900249.47,-194250.71
2022-11-28,12452798.86,11027991.53,1424807.34
2022-11-29,7080092.02,6091990.85,988101.17
2022-11-30,6415849.91,5491009.53,924840.37
2022-12-01,5780467.40,5976448.66,-195981.26
2022-12-02,5020390.31,6250958.45,-1230568.14
2022-12-03,6299801.63,5581254.81,718546.82
2022-12-05,6494206.68,5561758.41,932448.28
2022-12-06,8076627.97,9980559.50,-1903931.53
2022-12-07,5090899.76,6333442.77,-1242543.01
2022-12-08,6386423.13,4682474.65,1703948.48
2022-12-09,7244164.43,6240847.45,1003316.98
2022-12-10,7782834.94,6842778.75,940056.18
2022-12-12,5161826.61,6416344.49,-1254517.88
2022-12-13,5485423.96,4751661.32,733762.63
2022-12-14,8627888.96,7616964.07,1010924.88
2022-12-15,10836709.30,7775421.95,3061287.35
2022-12-16,5842573.56,7208639.04,-1366065.48
2022-12-17,5233170.87,6499663.61,-1266492.75
2022-12-19,11776859.60,10401392.60,1375467.00
2022-12-20,10935901.04,7856761.47,3079139.57
2022-12-21,5917805.94,7295846.29,-1378040.35
2022-12-22,6350285.94,5489690.46,860595.48
2022-12-23,6458612.94,5726145.67,732467.28
2022-12-24,11879939.47,10496864.57,1383074.90
2022-12-26,5993455.72,7383470.93,-1390015.22
2022-12-27,6432256.37,6618744.87,-186488.50
2022-12-28,4641041.87,5805922.99,-1164881.12
2022-12-29,11983436.74,10592753.94,1390682.80
2022-12-30,6718197.37,5764220.74,953976.64
2022-12-31,7215875.85,6325160.01,890715.84
2023-01-02,4709261.72,5886117.71,-1176855.99
2023-01-03,12087351.41,8806211.41,3281140.00
2023-01-04,8035713.79,7074129.25,961584.54
2023-01-05,10203542.10,8948284.15,1255257.95
2023-01-06,5364792.58,6653196.18,-1288403.60
2023-01-07,4777898.97,5966729.83,-1188830.86
2023-01-09,11118476.32,9792349.67,1326126.65
2023-01-10,10300026.85,10587287.66,-287260.81
2023-01-11,5437317.96,6737696.42,-1300378.46
2023-01-12,5828805.93,6047759.35,-218953.42
2023-01-13,12069628.99,10672633.64,1396995.36
2023-01-14,11218849.19,9885114.64,1333734.56
2023-01-16,6583321.20,6822614.07,-239292.87
2023-01-17,8644959.00,7517518.00,1127441.01
2023-01-18,12173890.00,10769286.74,1404603.26
2023-01-19,11319639.47,9978297.00,1341342.46
2023-01-20,8773265.09,10784970.45,-2011705.36
2023-01-21,6666472.76,5825097.26,841375.50
2023-01-23,12278568.39,10866357.23,1412211.16
2023-01-24,11420847.14,10071896.77,1348950.37
2023-01-25,7461094.62,6548850.42,912244.20
2023-01-26,9587930.90,8382013.29,1205917.61
2023-01-27,7285691.88,9084238.02,-1798546.13
2023-01-28,12383664.19,10963845.13,1419819.07
2023-01-30,10477649.03,9200862.72,1276786.31
2023-01-31,9681708.65,8468183.13,1213525.52
2023-02-01,4974385.97,6197102.55,-1222716.58
2023-02-02,10652076.19,9224649.22,1427426.97
2023-02-03,7286649.86,7515762.30,-229112.43
2023-02-04,10575314.91,9290920.69,1284394.22
2023-02-06,6054181.10,6279313.20,-225132.10
2023-02-07,8074826.87,6996726.21,1078100.67
2023-02-08,11505139.63,10149876.71,1355262.92
2023-02-09,10673398.18,9381396.06,1292002.12
2023-02-10,9870516.34,10150014.93,-279498.59
2023-02-11,8899222.34,7750252.97,1148969.37
2023-02-13,11607111.03,10244240.20,1362870.82
2023-02-14,10771898.85,9472288.83,1299610.02
2023-02-15,9891940.86,8655591.63,1236349.23
2023-02-16,8989875.69,7833298.42,1156577.27
2023-02-17,8248774.71,8497468.57,-248693.85
2023-02-18,11709499.82,10339021.10,1370478.73
2023-02-20,9854377.74,8626931.76,1227445.97
2023-02-21,9080946.43,7916761.26,1164185.17
2023-02-22,8336374.73,8586799.13,-250424.40
2023-02-23,10038705.93,8660619.30,1378086.63
2023-02-24,6759289.81,6977178.92,-217889.11
2023-02-25,9949336.61,8714282.74,1235053.88
2023-02-27,5542596.98,4807510.07,735086.91
2023-02-28,7522250.73,6493490.41,1028760.32
2023-03-01,6839459.90,7059079.56,-219619.66
2023-03-02,10044712.88,8802051.10,1242661.78
2023-03-03,7746448.84,8084939.14,-338490.30
2023-03-04,8321430.11,7221801.09,1099629.02
2023-03-06,8114505.04,7141397.61,973107.43
2023-03-07,10140506.55,8890236.87,1250269.68
2023-03-08,7828980.39,8098986.22,-270005.82
2023-03-09,8409376.46,7302139.53,1107236.93
2023-03-10,7690784.57,6646808.44,1043976.13
2023-03-11,11052891.44,9731753.06,1321138.38
2023-03-13,6576187.41,5738504.83,837682.58
2023-03-14,8497740.21,7382895.38,1114844.83
2023-03-15,7775677.59,8014878.67,-239201.08
2023-03-16,9442891.67,8114145.38,1328746.29
2023-03-17,6249485.74,7679548.87,-1430063.14
2023-03-18,9340914.30,8155200.77,1185713.53
2023-03-20,9224170.03,6738737.62,2485432.41
2023-03-21,6987230.58,6007810.59,979419.98
2023-03-22,6326948.83,6535345.18,-208396.35
2023-03-23,9433583.58,8240262.14,1193321.44
2023-03-24,7221329.73,7545659.26,-324329.53
2023-03-25,7761193.88,6710905.19,1050288.68
2023-03-27,6404829.32,6614956.22,-210126.90
2023-03-28,7981071.92,8325740.91,-344668.98
2023-03-29,5010476.79,6239355.57,-1228878.78
2023-03-30,7846433.22,6788536.64,1057896.59
2023-03-31,7150350.42,6155714.63,994635.79
2023-04-01,7626359.65,6694984.66,931374.99
2023-04-03,5080927.35,5260249.51,-179322.16
2023-04-04,7932089.97,6866585.48,1065504.49
2023-04-05,7232536.44,6230292.74,1002243.69
2023-04-06,8864633.39,7585227.44,1279405.95
2023-04-07,5757237.65,7109638.91,-1352401.25
2023-04-08,5151795.32,5332848.03,-181052.71
2023-04-10,8614820.76,6245167.26,2369653.50
2023-04-11,6469766.41,5539686.77,930079.64
2023-04-12,5831993.75,7196369.87,-1364376.12
2023-04-13,8840010.26,7696029.16,1143981.10
2023-04-14,9495544.72,8414824.43,1080720.30
2023-04-15,11762351.20,8537286.37,3225064.83
2023-04-17,5907167.24,7283518.24,-1376350.99
2023-04-18,7448292.72,7778800.93,-330508.21
2023-04-19,6446318.67,5714924.68,731393.99
2023-04-20,10004456.75,8622455.14,1382001.62
2023-04-21,6627472.26,5682176.81,945295.45
2023-04-22,5982758.14,6183392.26,-200634.13
2023-04-24,4631451.35,5794643.11,-1163191.77
2023-04-25,7383995.73,6367831.58,1016164.15
2023-04-26,6706951.28,5754047.92,952903.35
2023-04-27,6005802.01,7406102.75,-1400300.73
2023-04-28,5282545.56,6557284.94,-1274739.37
2023-04-29,4699612.31,4869441.70,-169829.39
2023-05-01,8023027.49,7062516.23,960511.26
2023-05-02,5969858.24,7356145.21,-1386286.97
2023-05-03,5354594.66,6641308.90,-1286714.24
2023-05-04,4768190.68,4939750.62,-171559.94
2023-05-05,8878535.37,7847155.41,1031379.96
2023-05-06,11104349.81,7995063.89,3109285.92
2023-05-08,5427061.15,6725750.26,-1298689.11
2023-05-09,6933069.50,8668013.04,-1734943.54
2023-05-10,12054953.97,10659031.90,1395922.07
2023-05-11,11204663.80,8077525.66,3127138.15
2023-05-12,6122150.08,7532386.80,-1410236.71
2023-05-13,6571624.19,6810609.03,-238984.84
2023-05-15,12159156.09,10755626.11,1403529.97
2023-05-16,9500674.00,8160404.82,1340269.18
2023-05-17,6198922.10,7621133.68,-1422211.58
2023-05-18,6654716.87,6845858.23,-191141.36
2023-05-19,4825409.46,6022486.95,-1197077.49
2023-05-20,12263775.60,10852637.72,1411137.88
2023-05-22,7448790.20,6537619.29,911170.91
2023-05-23,9574734.80,9848797.60,-274062.80
2023-05-24,4894751.56,6103803.91,-1209052.36
2023-05-25,12368812.52,9039673.94,3329138.58
2023-05-26,8279082.00,7297042.38,982039.62
2023-05-27,10463904.42,9188191.39,1275713.03
2023-05-29,4964511.05,6185538.28,-1221027.23
2023-05-30,10638546.95,10962995.91,-324448.96
2023-05-31,11389292.49,10042710.76,1346581.73
2023-06-01,10561511.41,9278190.47,1283320.93
2023-06-02,5634383.90,6966958.73,-1332574.83
2023-06-03,6042865.98,6267690.04,-224824.06
2023-06-05,11490787.61,10136597.97,1354189.63
2023-06-06,10659535.79,7630324.33,3029211.46
2023-06-07,6807835.10,7052998.62,-245163.51
2023-06-08,8886467.01,7738570.93,1147896.08
2023-06-09,12456282.26,11031223.93,1425058.33
2023-06-10,11592700.12,10230902.59,1361797.54
2023-06-12,6892108.91,6030278.34,861830.57
2023-06-13,8977061.48,9239900.96,-262839.48
2023-06-14,6302652.74,5583854.92,718797.82
2023-06-15,11695030.04,10325624.60,1369405.44
2023-06-16,7697184.62,6764485.35,932699.27
2023-06-17,9841015.01,8614642.32,1226372.69
2023-06-19,6389288.01,5662882.28,726405.72
2023-06-20,10025558.58,10338784.22,-313225.64
2023-06-21,10741187.00,9443945.61,1297241.39
2023-06-22,9935915.00,8701934.41,1233980.59
2023-06-23,5164173.70,6419086.65,-1254912.94
2023-06-24,5531663.75,4797650.13,734013.63
2023-06-26,10839975.12,9535125.83,1304849.29
2023-06-27,10031232.39,8789643.89,1241588.49
2023-06-28,6271416.80,6502419.54,-231002.74
2023-06-29,8309056.68,7210500.94,1098555.74
2023-06-30,8865215.94,7829921.00,1035294.94
2023-07-01,10939180.63,9626723.44,1312457.20
2023-07-03,9143906.00,7974481.56,1169424.44
2023-07-04,8396944.14,7290780.50,1106163.64
2023-07-05,11883347.33,10500021.44,1383325.90
2023-07-06,11038803.55,9718738.45,1320065.10
2023-07-07,8605609.86,8891491.86,-285882.00
2023-07-08,9235681.59,8058649.25,1177032.34
2023-07-10,11986858.38,10595924.58,1390933.80
2023-07-11,9430126.21,8102453.20,1327673.00
2023-07-12,10110637.50,8862736.45,1247901.05
2023-07-13,9327874.58,8143234.33,1184640.25
2023-07-14,8573971.27,8829048.53,-255077.27
2023-07-15,10290861.01,8892319.31,1398541.70
2023-07-17,10206718.62,8951209.67,1255508.95
2023-07-18,9420484.97,8228236.82,1192248.15
2023-07-19,8595897.24,7466909.89,1128987.36
2023-07-20,7749202.33,6699986.93,1049215.40
2023-07-21,7057079.89,7281352.41,-224272.53
2023-07-22,10303217.13,9040100.28,1263116.85
2023-07-24,8558835.57,7438751.47,1120084.10
2023-07-25,7834382.80,6777559.49,1056823.30
2023-07-26,7138789.62,7364792.70,-226003.08
2023-07-27,10400133.05,9129408.29,1270724.76
2023-07-28,8052949.55,8327608.24,-274658.68
2023-07-29,8647904.16,7520212.16,1127692.00
2023-07-31,11322971.79,9981378.33,1341593.46
2023-08-01,8852249.82,7573917.16,1278332.66
2023-08-02,5746725.04,5941923.37,-195198.34
2023-08-03,8737390.15,7602090.25,1135299.91
2023-08-04,8005995.92,8249849.87,-243853.95
2023-08-05,9687768.54,8338567.18,1349201.36
2023-08-07,9591018.10,8384849.50,1206168.61
2023-08-08,8827293.54,7684385.73,1142907.81
2023-08-09,9481936.32,6948505.34,2533430.98
2023-08-10,7206903.97,6207028.92,999875.06
2023-08-11,6537290.61,5600676.35,936614.26
2023-08-12,9684809.62,8471033.11,1213776.51
2023-08-14,5450629.31,4720308.60,730320.71
2023-08-15,7289377.44,6281894.48,1007482.96
2023-08-16,6616293.35,6831073.11,-214779.76
2023-08-17,8207094.49,8557634.12,-350539.63
2023-08-18,5200842.02,6461917.17,-1261075.15
2023-08-19,8077682.72,6999331.06,1078351.66
2023-08-21,6695713.49,6912223.79,-216510.31
2023-08-22,8291929.42,10226367.96,-1934438.54
2023-08-23,5272414.83,5456389.85,-183975.02
2023-08-24,8164461.71,7078502.15,1085959.57
2023-08-25,7455576.57,6432877.80,1022698.77
2023-08-26,9102232.06,7802371.04,1299861.02
2023-08-28,5344405.04,5530110.61,-185705.57
2023-08-29,8251658.10,7158090.63,1093567.47
2023-08-30,8865308.85,7835002.18,1030306.67
2023-08-31,6682161.61,5731626.89,950534.71
2023-09-01,6035057.33,7431629.82,-1396572.49
2023-09-02,6428261.89,5604248.77,824013.12
2023-09-04,12040287.25,8767223.85,3273063.40
2023-09-05,6761928.07,5803785.45,958142.62
2023-09-06,6111353.07,7519900.42,-1408547.36
2023-09-07,7667037.08,8003415.94,-336378.86
2023-09-08,4746794.81,5930208.07,-1183413.26
2023-09-09,12144430.49,8853514.86,3290915.63
2023-09-11,6188066.20,6393353.19,-205286.99
2023-09-12,5404454.76,6699415.62,-1294960.87
2023-09-13,4815660.62,6011048.76,-1195388.13
2023-09-14,7609089.26,6572470.04,1036619.22
2023-09-15,6922713.20,5949354.77,973358.43
2023-09-16,7436494.10,7643511.64,-207017.54
2023-09-18,4884943.83,5059426.08,-174482.25
2023-09-19,7693578.65,6649351.53,1044227.13
2023-09-20,8266237.38,7285271.05,980966.33
2023-09-21,6174975.23,7593458.57,-1418483.34
2023-09-22,5550380.04,6869290.64,-1318910.60
2023-09-23,4954644.44,5130857.24,-176212.80
2023-09-25,11375007.66,10029499.22,1345508.44
2023-09-26,6252034.69,7682492.90,-1430458.21
2023-09-27,5623968.77,6954854.25,-1330885.47
2023-09-28,4978189.77,6209502.51,-1231312.74
2023-09-29,12336065.68,10919688.53,1416377.14
2023-09-30,11476443.90,8301307.17,3175136.72
2023-10-02,6795979.77,7040835.25,-244855.48
2023-10-03,4942747.45,6160046.43,-1217298.98
2023-10-04,12441390.04,11017404.99,1423985.05
2023-10-05,11578297.53,8385308.58,3192988.95
2023-10-06,6407405.82,5483387.74,924018.08
2023-10-07,6880194.69,7075988.91,-195794.22
2023-10-09,6290464.26,5572739.73,717724.53
2023-10-10,7153055.19,6158168.41,994886.79
2023-10-11,7684721.89,6753095.90,931625.99
2023-10-12,9827660.59,10106376.26,-278715.67
2023-10-13,5083258.73,6324507.45,-1241248.72
2023-10-14,6377040.65,5651708.21,725332.44
2023-10-16,10727284.06,9431115.96,1296168.10
2023-10-17,8262347.17,10202947.91,-1940600.74
2023-10-18,5154140.47,6407364.06,-1253223.59
2023-10-19,5520738.83,5687458.86,-166720.03
2023-10-20,11663125.99,10296089.19,1367036.80
2023-10-21,10826013.29,9522237.29,1303776.01
2023-10-23,6259943.36,5456134.31,803809.04
2023-10-24,8296691.55,8546333.03,-249641.48
2023-10-25,11765743.35,10391098.64,1374644.71
2023-10-26,10925159.93,7847949.89,3077210.04
2023-10-27,7035366.34,7286400.50,-251034.16
2023-10-28,9130992.35,7962641.20,1168351.16
2023-10-30,11868778.11,10486525.50,1382252.61
2023-10-31,11024723.96,7929661.69,3095062.26
2023-11-01,7120762.39,6238476.74,882285.65
2023-11-02,9222709.06,9490201.41,-267492.35
2023-11-03,4633693.41,5797280.25,-1163586.84
2023-11-04,11972230.27,10582369.75,1389860.51
2023-11-06,10097116.45,8850288.69,1246827.76
2023-11-07,9314843.17,9584066.06,-269222.90
2023-11-08,4701868.15,5877429.86,-1175561.71
2023-11-09,10277555.34,8880086.92,1397468.42
2023-11-10,11007742.30,9690045.84,1317696.46
2023-11-11,10193138.68,8938703.02,1254435.66
2023-11-13,5741462.93,4986994.23,754468.70
2023-11-14,7737219.09,7975637.25,-238418.16
2023-11-15,11107652.66,9782348.29,1325304.37
2023-11-16,10289578.32,9027534.75,1262043.57
2023-11-17,6491669.83,6728543.22,-236873.39
2023-11-18,8546303.81,7427293.00,1119010.81
2023-11-20,11207980.42,9875068.15,1332912.27
2023-11-21,10386435.35,10675239.66,-288804.32
2023-11-22,9391606.99,8201727.48,1189879.51
2023-11-23,8635313.52,7508694.80,1126618.72
2023-11-24,12162600.98,10758820.00,1403780.97
2023-11-25,11308725.57,9968205.40,1340520.17
2023-11-27,9484504.83,8287017.41,1197487.42
2023-11-28,8724740.63,7590514.01,1134226.62
2023-11-29,12267234.26,10855845.39,1411388.87
2023-11-30,9674844.76,8326716.68,1348128.08
2023-12-01,7586660.04,6658726.97,927933.07
2023-12-02,9577820.06,8372724.74,1205095.32
2023-12-04,10546033.42,9127036.64,1418996.78
2023-12-05,7195302.63,6196500.86,998801.77
2023-12-06,10467117.95,9191153.93,1275964.02
2023-12-07,9671552.69,8458849.47,1212703.23
2023-12-08,7425512.47,7686973.14,-261460.68
2023-12-09,7979171.26,6909500.79,1069670.47
2023-12-11,10564738.71,9281166.78,1283571.93
2023-12-12,8195160.00,8545391.59,-350231.59
2023-12-13,8799258.36,7658719.19,1140539.17
2023-12-14,8065473.97,6988195.60,1077278.38
2023-12-15,7360549.19,7591205.13,-230655.94
2023-12-16,10662776.87,9371597.04,1291179.83
2023-12-18,8889449.19,7741302.12,1148147.08
2023-12-19,8152194.08,7067307.80,1084886.28
2023-12-20,11596069.47,10234020.94,1362048.53
2023-12-21,9089690.17,7790902.43,1298787.74
2023-12-22,5948508.05,6148359.25,-199851.20
2023-12-23,8980057.43,7824302.45,1155754.98
2023-12-25,9935662.75,8566006.31,1369656.44
2023-12-26,6670942.15,5721480.72,949461.43
2023-12-27,7112109.89,6225909.26,886200.63
2023-12-28,9071083.06,7907720.18,1163362.88
2023-12-29,6911053.03,7161290.39,-250237.36
2023-12-30,7429594.70,6409264.57,1020330.13
2024-01-01,9939053.00,8704821.41,1234231.59
2024-01-02,7655484.48,9498596.92,-1843112.43
2024-01-03,4737113.16,4907890.17,-170777.01
2024-01-04,7513190.41,6485252.38,1027938.03
2024-01-05,6830774.71,7050207.33,-219432.62
2024-01-06,8436134.39,8792544.67,-356410.27
2024-01-08,8311949.55,7213142.82,1098806.74
2024-01-09,7597203.52,6561657.58,1035545.94
2024-01-10,6911317.09,7132480.26,-221163.17
2024-01-11,8522091.57,10488726.47,-1966634.90
2024-01-12,5466919.65,6772166.03,-1305246.38
2024-01-13,8399850.79,7293436.15,1106414.64
2024-01-15,6933939.44,5954046.39,979893.05
2024-01-16,6164137.66,7580931.64,-1416793.98
2024-01-17,5540032.10,5730390.53,-190358.43
2024-01-18,8488169.42,7374146.88,1114022.54
2024-01-19,9118814.28,8068052.53,1050761.75
2024-01-20,6897574.13,5926584.34,970989.79
2024-01-22,5613561.95,5805650.94,-192088.98
2024-01-23,7133364.95,8898815.50,-1765450.55
2024-01-24,12321240.64,9000178.66,3321061.98
2024-01-25,6978462.84,5999865.15,978597.69
2024-01-26,6318556.22,5403219.33,915336.90
2024-01-27,7888798.78,8231048.28,-342249.50
2024-01-29,12426506.11,9087591.91,3338914.20
2024-01-30,7059768.95,6073563.35,986205.60
2024-01-31,6396391.60,6606331.45,-209939.85
2024-02-01,5601012.98,6928170.21,-1327157.23
2024-02-02,5002887.23,6230471.73,-1227584.50
2024-02-03,7837200.13,6780125.84,1057074.30
2024-02-05,7672267.46,5488691.70,2183575.76
2024-02-06,5674889.16,7014021.26,-1339132.10
2024-02-07,5073292.69,6312852.05,-1239559.37
2024-02-08,7922811.77,6858129.57,1064682.20
2024-02-09,8512464.59,7511043.19,1001421.40
2024-02-10,8969497.16,7674402.34,1295094.82
2024-02-12,5144115.54,5324981.20,-180865.66
2024-02-13,9388880.18,8316590.08,1072290.11
2024-02-14,11648682.84,10282719.33,1365963.52
2024-02-15,6461291.26,5532033.91,929257.35
2024-02-16,5823893.72,7186975.56,-1363081.84
2024-02-17,6248478.22,6431074.44,-182596.21
2024-02-19,11751241.32,8528106.02,3223135.30
2024-02-20,6539890.37,5603025.11,936865.25
2024-02-21,7023352.69,7274078.81,-250726.12
2024-02-22,5132027.47,6381522.81,-1249495.35
2024-02-23,6436905.12,5706333.42,730571.70
2024-02-24,11854217.19,8613229.67,3240987.52
2024-02-26,9988057.76,8749911.19,1238146.57
2024-02-27,5203196.65,6464666.87,-1261470.22
2024-02-28,4624109.26,5786006.74,-1161897.48
2024-02-29,10087557.95,8698770.72,1388787.23
2024-03-01,7923670.90,6971589.84,952081.06
2024-03-02,10083603.71,10366972.24,-283368.53
2024-03-04,4692225.11,5866097.47,-1173872.35
2024-03-05,8774870.41,7751920.64,1022949.76
2024-03-06,10993681.04,9677057.86,1316623.18
2024-03-07,10179567.06,10464666.14,-285099.08
2024-03-08,5346787.22,6632207.17,-1285419.95
2024-03-09,5730379.68,5901752.58,-171372.89
2024-03-11,11093532.52,9769301.43,1324231.08
2024-03-12,6037567.78,7434535.33,-1396967.56
2024-03-13,6480038.07,5655773.95,824264.12
2024-03-14,8533780.37,8788074.71,-254294.34
2024-03-15,12043716.43,10648616.65,1395099.78
2024-03-16,11193801.39,8068592.78,3125208.61
2024-03-18,9378535.03,8189728.80,1188806.23
2024-03-19,4749060.13,5932868.46,-1183808.33
2024-03-20,12147873.43,10745165.75,1402707.69
2024-03-21,11294487.66,8151426.83,3143060.84
2024-03-22,7352433.20,6449692.48,902740.72
2024-03-23,9471373.98,8274959.84,1196414.13
2024-03-25,12252447.83,10842132.24,1410315.59
2024-03-26,11315395.12,9968340.33,1347054.79
2024-03-27,10356235.22,9088952.39,1267282.83
2024-03-28,9564630.33,9838506.09,-273875.76
2024-03-29,4887236.70,6094994.77,-1207758.07
2024-03-30,10532569.43,9114645.93,1417923.49
2024-04-01,10453379.70,9178488.96,1274890.74
2024-04-02,9658304.07,9933910.38,-275606.31
2024-04-03,5954279.44,5179355.66,774923.77
2024-04-04,7967029.71,8210100.73,-243071.02
2024-04-05,11378347.53,10032588.09,1345759.44
2024-04-06,10550941.58,9268442.93,1282498.64
2024-04-08,8786568.28,7647102.40,1139465.89
2024-04-09,8053273.53,8298075.10,-244801.57
2024-04-10,11479797.53,10126430.19,1353367.34
2024-04-11,10648920.85,9358814.30,1290106.55
2024-04-12,9642325.32,8431990.73,1210334.59
2024-04-13,8876700.23,7729626.44,1147073.79
2024-04-15,11581664.93,10220689.69,1360975.25
2024-04-16,9077156.58,9372344.31,-295187.73
2024-04-17,9736345.40,8518402.90,1217942.49
2024-04-18,8967249.58,7812567.89,1154681.70
2024-04-19,6293313.88,5575338.35,717975.53
2024-04-20,9922580.64,8553997.49,1368583.15
2024-04-22,9830782.87,8605232.48,1225550.40
2024-04-23,9058216.33,9322599.32,-264382.99
2024-04-24,5446076.79,4720493.36,725583.43
2024-04-25,7417835.04,6398578.19,1019256.85
2024-04-26,10730534.62,9434115.52,1296419.10
2024-04-27,9925637.75,8692479.45,1233158.30
2024-04-29,8212157.53,7122031.98,1090125.55
2024-04-30,7501371.86,7734950.11,-233578.25
2024-05-01,10829277.62,9525250.62,1304027.00
2024-05-02,8424041.58,8780143.82,-356102.24
2024-05-03,9042698.48,7881704.23,1160994.25
2024-05-04,8299582.48,7201849.03,1097733.45
2024-05-06,10928438.03,9616803.12,1311634.91
2024-05-07,6076784.10,7479913.86,-1403129.76
2024-05-08,9134011.56,7965409.41,1168602.15
2024-05-09,8387424.83,7282083.48,1105341.35
2024-05-10,8948817.61,7906737.06,1042080.56
2024-05-11,9330147.85,8010905.04,1319242.81
2024-05-13,9225742.04,8049531.98,1176210.06
2024-05-14,8475684.58,7362735.32,1112949.26
2024-05-15,10186574.28,8796462.77,1390111.51
2024-05-16,6886196.35,5916279.85,969916.50
2024-05-17,6230250.10,6436484.71,-206234.61
2024-05-18,9317889.91,8134071.96,1183817.96
2024-05-20,7655302.76,6614517.56,1040785.20
2024-05-21,6967026.18,5989501.77,977524.41
2024-05-22,10196313.71,8941627.05,1254686.66
2024-05-23,7877087.86,9752396.66,-1875308.80
2024-05-24,4923059.21,5098489.08,-175429.88
2024-05-25,7740020.72,6691627.61,1048393.11
2024-05-27,8668191.63,9030472.54,-362280.92
2024-05-28,5590624.49,6916092.37,-1325467.87
2024-05-29,5948987.56,5170148.80,778838.76
2024-05-30,7825156.07,6769155.06,1056001.01
2024-05-31,7129938.02,7355754.06,-225816.03
2024-06-01,8755271.04,7485368.57,1269902.47
2024-06-03,8638257.19,7511387.48,1126869.71
2024-06-04,7910708.82,6847099.90,1063608.92
2024-06-05,8499469.96,6152116.71,2347353.24
2024-06-06,6372113.66,5451537.50,920576.16
2024-06-07,5738676.49,5933687.78,-195011.29
2024-06-08,8727698.07,7593220.45,1134477.62
2024-06-10,7116003.99,6124559.13,991444.86
2024-06-11,6450236.49,5522052.42,928184.07
2024-06-12,5813328.59,6010070.43,-196741.85
2024-06-13,7347690.13,9145337.04,-1797646.91
2024-06-14,6337820.57,4643878.23,1693942.35
2024-06-15,7198014.94,6198962.18,999052.77
2024-06-17,8113577.81,8461697.96,-348120.15
2024-06-18,5122020.87,6369826.86,-1247805.99
2024-06-19,6424625.52,4712830.95,1711794.57
2024-06-20,7280443.29,6273782.62,1006660.67
2024-06-21,6607734.33,5664334.46,943399.87
2024-06-22,5800588.53,7159942.13,-1359353.59
2024-06-24,5519307.39,4782201.07,737106.32
2024-06-25,7363289.04,6349020.47,1014268.57
2024-06-26,7911058.16,5679483.82,2231574.34
2024-06-27,5875586.96,7246915.42,-1371328.46
2024-06-28,5264658.87,6536414.60,-1271755.73
2024-06-29,8155062.21,7069924.94,1085137.28
2024-07-01,10979628.09,7892642.42,3086985.67
2024-07-02,5951002.78,7334306.12,-1383303.33
2024-07-03,5336603.97,5522122.49,-185518.53
2024-07-04,6835848.38,8555833.41,-1719985.03
2024-07-05,11925375.36,10538956.76,1386418.59
2024-07-06,6673565.16,5723852.73,949712.43
2024-07-08,6468414.61,6655663.69,-187249.08
2024-07-09,4670973.24,5841117.35,-1170144.11
2024-07-10,12029056.08,10635029.58,1394026.50
2024-07-11,6753286.51,5795966.18,957320.33
2024-07-12,7253742.93,7510339.70,-256596.77
2024-07-13,7766145.76,9635641.89,-1869496.13
2024-07-15,12133154.19,8844168.10,3288986.10
2024-07-16,6833425.26,5868497.03,964928.23
2024-07-17,10245895.97,8987294.32,1258601.65
2024-07-18,5396616.25,6690282.82,-1293666.58
2024-07-19,4808197.24,6002291.09,-1194093.85
2024-07-20,12237669.71,8930831.39,3306838.32
2024-07-22,10342564.16,10630585.55,-288021.39
2024-07-23,5469325.07,6774966.52,-1305641.45
2024-07-24,4877435.34,6083504.05,-1206068.72
2024-07-25,9027290.61,7983885.77,1043404.84
2024-07-26,11263095.35,9926017.10,1337078.25
2024-07-27,10439649.75,10729401.70,-289751.94
2024-07-29,5943037.87,6119063.63,-176025.76
2024-07-30,12219844.99,10811898.04,1407946.95
2024-07-31,11364069.07,10019382.91,1344686.15
2024-08-01,6243685.71,7672849.63,-1429163.92
2024-08-02,6703150.11,5858430.92,844719.19
2024-08-03,8773886.52,9032833.72,-258947.20
2024-08-05,11465460.19,10113166.13,1352294.06
2024-08-06,7499480.80,5405529.57,2093951.23
2024-08-07,9629095.03,8419833.73,1209261.30
2024-08-08,7320828.22,9124637.33,-1803809.11
2024-08-09,12429986.08,11006823.32,1423162.76
2024-08-10,11567268.70,8376209.29,3191059.41
2024-08-12,9723056.23,8506187.02,1216869.21
2024-08-13,5005203.35,6233182.91,-1227979.56
2024-08-14,6281131.77,5564229.53,716902.24
2024-08-15,9909506.85,10220570.76,-311063.91
2024-08-16,10618371.33,9330633.42,1287737.91
2024-08-17,9817434.82,10095963.44,-278528.62
2024-08-19,5435217.12,4710706.97,724510.15
2024-08-20,11549904.89,10191298.28,1358606.61
2024-08-21,10716638.05,9421292.24,1295345.81
2024-08-22,9912230.81,10192489.98,-280259.17
2024-08-23,6170113.27,5374734.43,795378.85
2024-08-24,8199857.65,7110805.39,1089052.26
2024-08-26,10815322.17,9512368.45,1302953.72
2024-08-27,9933639.72,10289433.92,-355794.20
2024-08-28,9029850.09,7869929.12,1159920.96
2024-08-29,8287223.72,8536678.15,-249454.43
2024-08-30,11754631.98,10380809.56,1373822.42
2024-08-31,9227728.41,9603862.06,-376133.65
2024-09-02,9121104.28,7953575.41,1167528.87
2024-09-03,8375007.18,8626192.17,-251184.98
2024-09-04,11857621.63,10476191.31,1381430.32
2024-09-05,9317455.94,9617296.53,-299840.59
2024-09-06,9991203.30,8752805.73,1238397.57
2024-09-07,9212775.87,8037639.10,1175136.77
2024-09-09,10173333.86,8784295.63,1389038.23
2024-09-10,6874826.88,7095207.13,-220380.25
2024-09-11,10086763.02,8840757.55,1246005.47
2024-09-12,9304864.86,9573900.72,-269035.85
2024-09-13,5654632.43,4908593.92,746038.51
2024-09-14,7643384.78,6603672.86,1039711.92
2024-09-16,10182740.14,8929126.76,1253613.37
2024-09-17,7865385.25,8136151.65,-270766.40
2024-09-18,8448161.13,7337580.51,1110580.62
2024-09-19,7728043.84,6680724.02,1047319.82
2024-09-20,11096833.87,9772351.79,1324482.08
2024-09-21,8655940.50,9017913.38,-361972.88
2024-09-23,8536708.32,7418519.80,1118188.52
2024-09-24,7813120.31,8053081.97,-239961.66
2024-09-25,11197116.52,9865026.54,1332089.98
2024-09-26,6283479.54,5371584.57,911894.97
2024-09-27,9381591.26,8192534.03,1189057.23
2024-09-28,8625672.92,7499876.49,1125796.43
2024-09-30,9573622.86,8233924.98,1339697.88
2024-10-01,6361126.08,6570283.01,-209156.93
2024-10-02,9474443.98,8277778.85,1196665.13
2024-10-03,8715054.91,7581650.58,1133404.33
2024-10-04,10440503.15,9029936.57,1410566.58
2024-10-05,7104467.89,6114096.31,990371.58
2024-10-07,9567714.10,8363441.07,1204273.03
2024-10-08,7336369.40,9132326.96,-1795957.56
2024-10-09,7884028.16,6822787.88,1061240.28
2024-10-10,7186419.96,6188440.48,997979.48
2024-10-11,7665008.07,6730289.39,934718.68
2024-10-12,8101708.57,10009213.73,-1907505.16
2024-10-14,7969868.35,6901020.17,1068848.18
2024-10-15,7268789.43,6263202.04,1005587.39
2024-10-16,8903266.19,9271417.75,-368151.56
2024-10-17,5790041.73,7147705.96,-1357664.24
2024-10-18,5183074.00,5364887.29,-181813.29
2024-10-19,8056125.95,6979669.86,1076456.09
2024-10-21,8991467.85,7701110.31,1290357.54
2024-10-22,5864981.27,7234620.38,-1369639.11
2024-10-23,8879680.93,7732356.14,1147324.79
2024-10-24,8142800.94,7058736.95,1084063.99
2024-10-25,8748556.19,6353204.37,2395351.82
2024-10-26,6583107.00,5642075.76,941031.24
2024-10-28,8970244.05,7815311.36,1154932.69
2024-10-29,6824909.55,8543205.22,-1718295.67
2024-10-30,7337451.18,6325551.24,1011899.94
2024-10-31,6662352.06,5713712.92,948639.14
2024-11-01,6016112.55,6217507.26,-201394.71
2024-11-02,7565032.63,9394875.91,-1829843.28
2024-11-04,7420584.38,6401076.53,1019507.84
2024-11-05,6742014.53,5785767.49,956247.04
2024-11-06,6039140.81,6295429.54,-256288.73
2024-11-07,5314159.90,6594162.26,-1280002.35
2024-11-08,4729701.26,4900291.23,-170589.97
2024-11-09,7504134.97,6477019.23,1027115.74
2024-11-11,6003181.42,7394731.38,-1391549.96
2024-11-12,5386392.44,6678369.67,-1291977.22
2024-11-13,4798463.07,4970783.59,-172320.52
2024-11-14,7588102.96,6553379.31,1034723.65
2024-11-15,8152866.18,5873293.27,2279572.91
2024-11-16,6079302.09,7482826.92,-1403524.83
2024-11-18,8390329.99,7284737.64,1105592.35
2024-11-19,9013971.03,7971639.47,1042331.55
2024-11-20,11248884.08,8113899.84,3134984.24
2024-11-21,6155840.16,7571339.85,-1415499.70
2024-11-22,5532109.73,6848036.69,-1315926.96
2024-11-23,7045912.68,8798094.08,-1752181.39
2024-11-25,9540575.32,8196962.45,1343612.87
2024-11-26,6232795.63,7660270.19,-1427474.57
2024-11-27,6691368.33,6883270.27,-191901.94
2024-11-28,4855834.07,6058174.54,-1202340.47
2024-11-29,12309888.16,10895406.59,1414481.57
2024-11-30,6969699.98,5991924.58,977775.40
2024-12-02,9615873.05,9890696.44,-274823.38
2024-12-03,4925359.61,6139674.95,-1214315.34
2024-12-04,12415108.53,9078123.85,3336984.67
2024-12-05,7050960.98,6065577.67,985383.31
2024-12-06,10506751.51,9227694.79,1279056.72
2024-12-07,5593053.17,6918916.11,-1325862.94
2024-12-09,6268957.97,4589239.29,1679718.69
2024-12-10,8410620.93,7417629.72,992991.21
2024-12-11,10604541.95,7585336.61,3019205.33
2024-12-12,5666884.24,7004722.05,-1337837.81
2024-12-13,5065662.89,6303927.97,-1238265.08
2024-12-14,9282728.15,8218868.23,1063859.91
2024-12-16,10702749.78,7665692.23,3037057.56
2024-12-17,5741132.71,7090945.39,-1349812.68
2024-12-18,6158713.39,5364407.83,794305.56
2024-12-19,6254276.42,5539742.81,714533.61
2024-12-20,11637622.95,10272481.72,1365141.23
2024-12-21,9048345.67,7746465.24,1301880.43
2024-12-23,9017010.00,9280610.06,-263600.07
2024-12-24,6340677.73,5618536.22,722141.51
2024-12-25,11740136.31,10367387.18,1372749.13
2024-12-26,7736064.04,5595332.01,2140732.02
2024-12-27,9882672.37,8652955.99,1229716.38
2024-12-28,9108205.31,9373535.92,-265330.62
2024-12-30,11843067.07,8604009.09,3239057.99
2024-12-31,7824826.82,6881175.95,943650.87
2025-01-01,9977755.81,8740431.53,1237324.28
2025-01-02,5195484.31,6455660.24,-1260175.93
2025-01-03,4616772.05,5777375.25,-1160603.20
2025-01-04,10160101.74,10475818.51,-315716.77
2025-01-06,10073256.64,8828324.46,1244932.19
2025-01-07,5267025.78,6539176.58,-1272150.80
2025-01-08,5643614.43,4898649.21,744965.22
2025-01-09,8906370.16,7867731.52,1038638.63
2025-01-10,10982913.73,9667112.84,1315800.89
2025-01-11,10169174.88,10454086.91,-284912.03
2025-01-13,8435702.93,7326195.59,1109507.34
2025-01-14,11928789.27,10542119.68,1386669.59
2025-01-15,11082720.09,9759311.30,1323408.79
2025-01-16,8643697.67,10552153.10,-1908455.43
2025-01-17,9276149.22,8095773.18,1180376.04
2025-01-18,8524191.24,8778298.53,-254107.30
2025-01-20,9469922.86,9851927.16,-382004.30
2025-01-21,10152813.97,8901569.23,1251244.74
2025-01-22,9368525.66,8180541.72,1187983.94
2025-01-23,8613096.95,8868934.79,-255837.85
2025-01-24,12136595.65,10734710.26,1401885.40
2025-01-25,9560772.63,9865266.09,-304493.45
2025-01-27,9461319.49,8265727.65,1195591.84
2025-01-28,4810474.85,6004963.76,-1194488.91
2025-01-29,10427104.41,9017611.11,1409493.30
2025-01-30,7092940.10,7317973.21,-225033.11
2025-01-31,10345760.50,9079299.95,1266460.55
2025-02-01,9554530.73,8351330.98,1203199.75
2025-02-03,7871951.85,6811784.86,1060166.99
2025-02-04,8398503.14,7401596.94,996906.20
2025-02-05,10442859.86,9168791.41,1274068.45
2025-02-06,8089847.63,8365266.90,-275419.27
2025-02-07,8687182.06,7556146.36,1131035.69
2025-02-08,7957733.16,6889958.26,1067774.90
2025-02-10,8890856.74,9258700.27,-367843.53
2025-02-11,5779503.23,5975462.15,-195958.92
2025-02-12,8776851.50,7638207.90,1138643.60
2025-02-13,8043931.87,8288546.40,-244614.53
2025-02-14,11468812.34,10116267.28,1352545.05
2025-02-15,6493192.31,5560842.26,932350.05
2025-02-17,8866938.33,7720686.83,1146251.50
2025-02-18,8130547.98,8376893.06,-246345.08
2025-02-19,9820115.20,8459962.25,1360152.96
2025-02-20,6571961.09,5632003.14,939957.95
2025-02-21,9726163.25,8509043.05,1217120.20
2025-02-22,8957442.57,7803583.16,1153859.41
2025-02-24,7325756.76,6314930.11,1010826.65
2025-02-25,6651147.28,6866687.62,-215540.34
2025-02-26,9820555.62,8595827.51,1224728.11
2025-02-27,7553553.59,9381707.51,-1828153.92
2025-02-28,8115770.88,7034075.53,1081695.35
2025-03-01,7408831.07,6390396.52,1018434.56
2025-03-03,8329346.61,10269048.13,-1939701.52
2025-03-04,5304003.29,5488738.89,-184735.60
2025-03-05,8202733.32,7113430.07,1089303.26
2025-03-06,7492322.78,6466280.32,1026042.46
2025-03-07,9141358.09,9515380.30,-374022.21
2025-03-08,5992476.29,7382336.89,-1389860.60
2025-03-10,8290113.16,7193202.00,1096911.16
2025-03-11,7576231.89,7811353.65,-235121.76
2025-03-12,9230681.99,7919869.38,1310812.62
2025-03-13,6068538.08,7470373.55,-1401835.47
2025-03-14,9124122.00,7956342.14,1167779.86
2025-03-15,8377910.40,7273391.33,1104519.06
2025-03-17,6797117.66,5835631.35,961486.31
2025-03-18,6145017.26,7558827.60,-1413810.34
2025-03-19,9215807.36,8040419.60,1175387.77
2025-03-20,7034815.53,8785307.57,-1750492.04
2025-03-21,10297372.38,8891572.00,1405800.38
2025-03-22,6877484.97,5908390.76,969094.21
2025-03-24,7785392.47,9647432.11,-1862039.64
2025-03-25,4846059.35,6046710.46,-1200651.12
2025-03-26,7646171.14,6606208.23,1039962.92
2025-03-27,6958269.68,5981567.57,976702.12
2025-03-28,7474828.53,7682606.65,-207778.12
2025-03-29,5509316.26,6821514.98,-1312198.72
2025-03-31,7730843.98,6683273.16,1047570.82
2025-04-01,8306280.64,6055161.77,2251118.87
2025-04-02,6208791.64,7632537.96,-1423746.32
2025-04-03,5582671.05,6906844.64,-1324173.59
2025-04-04,4985410.06,5162383.45,-176973.38
2025-04-05,7815934.22,6760755.49,1055178.72
2025-04-07,6286034.55,5373888.58,912145.97
2025-04-08,5656443.23,6992591.69,-1336148.46
2025-04-09,6020039.83,5234415.45,785624.37
2025-04-10,9269250.24,8206463.61,1062786.63
2025-04-11,11521157.40,8338174.58,3182982.82
2025-04-12,6363694.86,5443940.99,919753.87
2025-04-14,7258994.32,9043372.07,-1784377.76
2025-04-15,12487812.38,11060483.64,1427328.74
2025-04-16,11623194.48,8422359.44,3200835.04
2025-04-17,6441772.57,5514410.80,927361.78
2025-04-18,6917339.39,7113894.19,-196554.80
2025-04-19,5043712.23,6278249.06,-1234536.83
2025-04-21,7189130.79,6190900.31,998230.48
2025-04-22,7723575.42,5585298.00,2138277.42
2025-04-23,9869292.07,10148768.32,-279476.25
2025-04-24,5114360.01,6360871.72,-1246511.70
2025-04-25,6415223.21,4705358.17,1709865.04
2025-04-26,7271514.02,6265675.64,1005838.38
2025-04-28,5792507.43,7150566.74,-1358059.31
2025-04-29,5185425.20,6443911.77,-1258486.57
2025-04-30,4607202.57,4774683.18,-167480.61
2025-05-01,8658621.94,7645175.65,1013446.29
2025-05-02,10869537.06,9562417.37,1307119.70
2025-05-03,5867460.74,7237494.92,-1370034.18
2025-05-05,6545707.85,5801815.91,743891.94
2025-05-06,11810975.96,10432987.56,1377988.40
2025-05-07,10968867.14,7883811.01,3085056.13
2025-05-08,5942831.45,7324840.50,-1382009.05
2025-05-09,6377406.24,5562645.60,814760.64
2025-05-10,4595664.18,5752539.13,-1156874.95
2025-05-12,11068614.62,7965706.26,3102908.36
2025-05-13,7158426.19,6272796.85,885629.34
2025-05-14,9263150.81,9531403.74,-268252.93
2025-05-15,4663604.96,5832454.78,-1168849.82
2025-05-16,12017829.77,10624625.57,1393204.21
2025-05-17,7975664.60,5788151.78,2187512.82
2025-05-19,9355468.36,9625451.84,-269983.48
2025-05-20,4731963.15,5912787.84,-1180824.69
2025-05-21,12121882.78,10721070.67,1400812.11
2025-05-22,8065549.62,7101443.68,964105.94
2025-05-23,10235472.72,8977693.36,1257779.36
2025-05-24,7839740.63,9719917.34,-1880176.71
2025-05-26,10413713.97,10734083.61,-320369.64
2025-05-27,11151695.54,9823047.48,1328648.06
2025-05-28,10332095.80,9066708.54,1265387.26
2025-05-29,5461446.32,6765793.49,-1304347.16
2025-05-30,5855029.08,5089608.78,765420.30
2025-05-31,7859883.85,8100793.14,-240909.29
2025-06-02,10429136.28,10718701.18,-289564.90
2025-06-03,6610832.95,5774543.95,836289.00
2025-06-04,8674565.54,7544603.13,1129962.41
2025-06-05,12208536.14,10801411.48,1407124.66
2025-06-06,11353135.35,10009271.48,1343863.87
2025-06-07,8878455.59,9169751.04,-291295.45
2025-06-09,8764176.09,9022936.25,-258760.16
2025-06-10,12313352.88,10898620.31,1414732.57
2025-06-11,9715134.64,10103009.58,-387874.94
2025-06-12,10412584.29,9140884.48,1271699.81
2025-06-13,9618964.37,8410525.35,1208439.01
2025-06-14,8854204.04,9114694.75,-260490.71
2025-06-16,9807106.66,8448026.98,1359079.67
2025-06-17,10509971.10,9230663.38,1279307.72
2025-06-18,9712880.45,8496833.53,1216046.92
2025-06-19,7392380.96,9206870.65,-1814489.70
2025-06-20,5350207.91,4634127.96,716079.95
2025-06-21,7314070.65,7543756.62,-229685.97
2025-06-23,9807213.92,8583559.10,1223654.82
2025-06-24,6080795.69,5293847.04,786948.66
2025-06-25,8103536.25,7022914.19,1080622.07
2025-06-26,7397086.08,7628502.60,-231416.52
2025-06-27,10705996.91,9411473.39,1294523.52
2025-06-28,8317327.35,8597399.48,-280072.13
2025-06-30,8190439.81,7102209.84,1088229.97
2025-07-01,11640998.36,10275606.13,1365392.22
2025-07-02,9128790.32,9502504.49,-373714.17
2025-07-03,5981779.47,6182391.25,-200611.78
2025-07-04,9020012.00,7860913.33,1159098.67
2025-07-05,8277760.76,7181922.89,1095837.88
2025-07-07,6705922.41,5753117.29,952805.12
2025-07-08,7149669.03,6260124.70,889544.32
2025-07-09,9111221.08,7944514.50,1166706.58
2025-07-10,8365499.11,8616497.05,-250997.94
2025-07-11,10069624.88,8689016.85,1380608.03
2025-07-12,6785813.44,5825400.41,960413.03
2025-07-14,9202847.56,8028533.08,1174314.48
2025-07-15,7023726.68,7276455.17,-252728.49
2025-07-16,7550062.96,6518781.24,1031281.73
2025-07-17,6866121.87,7086315.07,-220193.20
2025-07-18,10076414.46,8831231.28,1245183.18
2025-07-19,7773755.10,9634105.39,-1860350.29
2025-07-21,7634259.52,6595369.89,1038889.63
2025-07-22,6946847.69,7168771.44,-221923.75
2025-07-23,8560001.98,10531899.87,-1971897.89
2025-07-24,5499001.33,6809510.70,-1310509.36
2025-07-25,8438615.62,7328857.29,1109758.33
2025-07-26,7718873.47,6672375.94,1046497.53
2025-07-28,6197928.19,7619985.15,-1422056.97
2025-07-29,5572297.24,5763416.25,-191119.01
2025-07-30,8527117.71,7409751.47,1117366.24
2025-07-31,7803904.82,6749799.38,1054105.44
2025-08-01,9472913.46,8141645.77,1331267.69
2025-08-02,6275112.22,5364039.53,911072.68
2025-08-04,8616037.19,7491063.05,1124974.14
2025-08-05,9255780.64,6764431.67,2491348.97
2025-08-06,7014145.66,6032204.27,981941.38
2025-08-07,6352713.65,5434033.06,918680.59
2025-08-08,9464388.01,8268545.17,1195842.84
2025-08-09,7247738.84,9030427.24,-1782688.40
2025-08-11,7095635.21,6106085.93,989549.29
2025-08-12,6430732.47,6641432.91,-210700.43
2025-08-13,8008769.64,9903005.64,-1894236.00
2025-08-14,5033779.18,6266626.67,-1232847.48
2025-08-15,7874775.24,6814357.25,1060417.99
2025-08-16,7177542.17,6180384.98,997157.19
2025-08-18,5707489.96,7051885.04,-1344395.08
2025-08-19,5104368.09,6349190.44,-1244822.35
2025-08-20,7960570.32,6892544.43,1068025.89
2025-08-21,8553001.09,6255101.42,2297899.67
2025-08-22,9008309.20,7709870.69,1298438.51
2025-08-23,5781966.99,7138336.94,-1356369.95
2025-08-25,8046782.80,6971149.00,1075633.80
2025-08-26,8645534.23,7633161.23,1012373.00
2025-08-27,6495784.34,5563183.30,932601.04
2025-08-28,5856861.42,7225206.24,-1368344.82
2025-08-29,5246798.09,5430154.88,-183356.79
2025-08-30,9527546.79,8444305.09,1083241.70
2025-09-01,6574566.90,5634357.95,940208.95
2025-09-02,5932173.24,7312492.93,-1380319.69
2025-09-03,7475093.28,9291667.40,-1816574.12
2025-09-04,6475214.02,5741298.62,733915.40
2025-09-05,11899607.37,8650773.76,3248833.62
2025-09-06,6653766.85,5705950.00,947816.85
2025-09-08,5234607.72,6501340.91,-1266733.20
2025-09-09,4653994.93,5821155.39,-1167160.47
2025-09-10,7411578.92,6392893.37,1018685.55
2025-09-11,7963017.67,5777959.45,2185058.21
2025-09-12,10125728.42,10409857.53,-284129.11
2025-09-13,5306377.75,6585085.81,-1278708.07
2025-09-15,7495084.40,6468790.95,1026293.46
2025-09-16,11037514.59,9717547.72,1319966.87
2025-09-17,8529674.79,10507734.88,-1978060.09
2025-09-18,5378565.17,6669248.11,-1290682.94
2025-09-19,4791010.93,4963144.41,-172133.48
2025-09-20,8909640.28,7875738.92,1033901.36
2025-09-22,6071054.58,7473285.12,-1402230.54
2025-09-23,5451170.00,6753827.81,-1302657.81
2025-09-24,5843861.07,6017725.10,-173864.03
2025-09-25,12089442.27,10690998.79,1398443.47
2025-09-26,11238001.84,8104947.13,3133054.71
2025-09-27,6147547.53,7561752.94,-1414205.41
2025-09-29,4779281.46,5968352.78,-1189071.31
2025-09-30,12193782.72,10787731.34,1406051.38
2025-10-01,11338871.56,8187964.63,3150906.93
2025-10-02,7390590.23,6484505.82,906084.41
2025-10-03,9512308.95,8312551.13,1199757.83
2025-10-04,4848344.49,6049390.68,-1201046.18
2025-10-06,11359763.40,8271399.52,3088363.88
2025-10-07,10398879.04,9128252.51,1270626.53
2025-10-08,9605748.75,9880385.09,-274636.34
2025-10-09,4917824.92,6130845.98,-1213021.05
2025-10-10,12403715.81,10982448.63,1421267.18
2025-10-11,11321667.59,9980172.36,1341495.23
2025-10-13,9699605.95,9975972.84,-276366.89
2025-10-14,4987722.75,6212718.67,-1224995.92
2025-10-15,5339421.79,5502062.50,-162640.71
2025-10-16,11422883.64,10073780.51,1349103.13
2025-10-17,10593952.29,9308109.95,1285842.33
2025-10-18,5658884.20,6995427.72,-1336543.53
2025-10-20,8091309.93,8336872.08,-245562.15
2025-10-21,11524517.09,10167806.05,1356711.04
2025-10-22,10692115.01,9398664.77,1293450.24
2025-10-23,6835718.78,5978974.71,856744.07
2025-10-24,8916445.48,7766027.99,1150417.48
2025-10-25,12491300.34,11063720.61,1427579.74
2025-10-27,9116230.85,9412179.16,-295948.31
2025-10-28,9777799.48,8556513.30,1221286.18
2025-10-29,9007178.28,7849152.89,1158025.39
2025-10-30,6331319.05,5609999.83,721319.22
2025-10-31,9963363.75,10357109.34,-393745.59
2025-11-01,7862905.18,6911173.34,951731.84
2025-11-03,9098328.47,9363472.04,-265143.57
2025-11-04,6418092.65,5689165.53,728927.12
2025-11-05,10056458.01,8676923.27,1379534.75
2025-11-06,10773881.00,9474118.21,1299762.79
2025-11-07,9967458.73,8730956.74,1236501.99
2025-11-08,9189896.07,9456770.19,-266874.12
2025-11-10,7538218.53,7772557.36,-234338.83
2025-11-11,10872807.45,9565436.75,1307370.69
2025-11-12,10062914.45,8818804.56,1244109.90
2025-11-13,6298403.33,5490999.60,807403.73
2025-11-14,8338137.99,7237060.85,1101077.14
2025-11-15,7622356.20,7858425.58,-236069.38
2025-11-17,8547824.41,10518032.94,-1970208.53
2025-11-18,9174275.91,8002330.07,1171945.84
2025-11-19,8426163.79,7317478.74,1108685.05
2025-11-20,8990135.45,7944711.20,1045424.25
2025-11-21,9369741.23,9749326.04,-379584.82
2025-11-22,6187073.05,6392337.69,-205264.64
2025-11-24,8514606.99,7398314.04,1116292.95
2025-11-25,12021255.97,10627800.77,1393455.20
2025-11-26,6921669.84,5948409.65,973260.20
2025-11-27,6264198.19,6471193.39,-206995.19
2025-11-28,9358521.16,8171359.51,1187161.65
2025-11-29,8603467.58,8859118.38,-255650.80
2025-12-01,7002683.12,6021815.02,980868.10
2025-12-02,10238653.79,8980623.44,1258030.35
2025-12-03,9451269.89,8256500.33,1194769.55
2025-12-04,7236491.67,7493873.03,-257381.35
2025-12-05,7777386.50,6725649.70,1051736.80
2025-12-06,7084113.79,6095637.78,988476.00
2025-12-08,7996973.95,9889520.60,-1892546.65
2025-12-09,8588308.33,7465702.83,1122605.50
2025-12-10,7862705.29,6803360.59,1059344.70
2025-12-11,7165961.86,7392538.47,-226576.61
2025-12-12,8793674.69,7520428.53,1273246.16
2025-12-13,5697016.71,7039722.43,-1342705.73
2025-12-15,7948441.49,6881488.88,1066952.61
2025-12-16,7188473.05,7476534.49,-288061.44
2025-12-17,6406397.42,5482477.56,923919.85
2025-12-18,5771434.85,5967206.73,-195771.88
2025-12-19,8767139.58,7629318.27,1137821.31
2025-12-20,8034595.09,6960034.57,1074560.51
2025-12-22,6484703.69,5553175.93,931527.76
2025-12-23,5846270.40,6043772.82,-197502.43
2025-12-24,8857181.31,7711752.09,1145429.21
2025-12-25,9513918.87,6974571.32,2539347.55
2025-12-26,7234190.99,6231794.53,1002396.46
2025-12-27,6563427.36,5624291.70,939135.66
2025-12-29,7463679.49,9278564.25,-1814884.77
2025-12-30,6462908.54,4743267.87,1719640.66
2025-12-31,7316802.79,6306798.42,1010004.36
2026-01-01,6642568.43,5695824.87,946743.57
2026-01-02,8235164.14,10161596.51,-1926432.37
2026-01-03,5224516.35,6489560.20,-1265043.84
2026-01-05,7399831.98,6382219.72,1017612.27
2026-01-06,7950379.04,5710958.61,2239420.43
2026-01-07,5908680.98,7285272.43,-1376591.45
2026-01-08,5296227.50,6573246.21,-1277018.71
2026-01-09,8193313.99,7104833.03,1088480.97
2026-01-10,8802738.87,6458058.41,2344680.46
2026-01-12,5984280.26,7372846.57,-1388566.32
2026-01-13,5368356.04,5554635.15,-186279.11
2026-01-14,8280648.72,7184559.85,1096088.87
2026-01-15,8896394.25,7863566.18,1032828.07
2026-01-16,6708551.47,5755495.35,953056.12
2026-01-17,6060296.93,7460838.11,-1400541.19
2026-01-19,6947941.01,8685163.89,-1737222.88
2026-01-20,12074756.04,10677385.85,1397370.19
2026-01-21,6788456.27,5827792.25,960664.02
2026-01-22,6136731.00,7549247.05,-1412516.05
2026-01-23,7694209.58,9542980.06,-1848770.48
2026-01-24,4769571.99,5956953.95,-1187381.96
2026-01-26,6868778.47,5900506.54,968271.92
2026-01-27,7378333.49,6473322.37,905011.13
2026-01-28,5428520.54,6727450.10,-1298929.56
2026-01-29,4838576.14,6037932.97,-1199356.83
2026-01-30,10381638.15,8969052.15,1412586.00
2026-01-31,8205477.24,5973638.24,2231839.01
2026-02-02,5501412.81,6812317.24,-1310904.43
2026-02-03,4907997.68,6119329.38,-1211331.70
2026-02-04,7721672.12,6674923.59,1046748.53
2026-02-05,11307422.13,9967000.18,1340421.94
2026-02-06,10482451.14,10772963.66,-290512.52
2026-02-07,5574722.48,6897601.78,-1322879.30
2026-02-09,9163675.96,8109319.52,1054356.43
2026-02-10,11408579.29,10060549.45,1348029.85
2026-02-11,6277665.74,5366342.06,911323.68
2026-02-12,5648449.55,6983303.73,-1334854.17
2026-02-13,6058134.73,6236651.62,-178516.89
2026-02-14,12370925.91,10952027.36,1418898.55
2026-02-16,6355280.94,5436349.36,918931.58
2026-02-17,6823843.94,5968173.15,855670.79
2026-02-18,7356045.18,9165117.28,-1809072.10
2026-02-19,12476388.60,11049882.15,1426506.45
2026-02-20,11612145.83,8413240.32,3198905.51
2026-02-21,7625771.60,6699232.11,926539.49
2026-02-23,5036101.35,6269343.90,-1233242.55
2026-02-24,6319111.06,5598865.13,720245.94
2026-02-25,9950264.08,8497797.46,1452466.62
2026-02-26,10661508.37,9370426.77,1291081.60
2026-02-27,9859046.47,10138335.68,-279289.20
2026-02-28,5106704.03,6351921.45,-1245217.42
2026-03-02,11594750.78,10232800.47,1361950.30
2026-03-03,10759958.54,9461269.04,1298689.50
2026-03-04,9954025.91,10235045.66,-281019.75
2026-03-05,5177724.10,6434916.39,-1257192.29
2026-03-06,5546417.25,4810955.50,735461.74
2026-03-07,11697089.07,10327530.87,1369558.21
2026-03-09,5859339.40,7228079.29,-1368739.89
2026-03-10,6286910.37,5480579.93,806330.44
2026-03-11,8325753.35,8575968.36,-250215.01
2026-03-12,11799844.76,10422678.66,1377166.11
2026-03-13,10958111.07,9644205.76,1313905.31
2026-03-14,7063621.95,6186422.81,877199.15
2026-03-16,9773277.59,8665665.83,1107611.76
2026-03-17,11903017.86,10518243.84,1384774.01
2026-03-18,9357023.44,9657624.61,-300601.17
2026-03-19,10033150.61,8791409.35,1241741.26
2026-03-20,9253197.79,8074717.33,1178480.46
2026-03-21,4656241.56,5823797.10,-1167555.53
2026-03-23,6910274.49,7131415.32,-221140.83
2026-03-24,10128893.78,8879544.62,1249349.16
2026-03-25,9345470.23,9615266.67,-269796.43
2026-03-26,4724554.63,5904085.04,-1179530.40
2026-03-27,10308826.70,8908836.88,1399989.82
2026-03-28,11040808.23,9720590.36,1320217.86
2026-03-30,9438160.07,9709687.05,-271526.98
2026-03-31,5767532.79,5010542.69,756990.10
2026-04-01,7765383.74,6714720.23,1050663.52
2026-04-02,11140856.92,9813031.15,1327825.77
2026-04-03,10321632.31,9057067.34,1264564.97
2026-04-04,9459748.28,8258444.11,1201304.17
2026-04-06,7850643.66,8091365.90,-240722.25
2026-04-07,11241323.01,9905889.34,1335433.67
2026-04-08,8781338.79,7509165.92,1272172.87
2026-04-09,9422348.84,8229947.92,1192400.92
2026-04-10,8664905.10,7535764.98,1129140.12
2026-04-11,7936320.97,8178773.76,-242452.80
2026-04-13,6395383.96,6605301.46,-209917.51
2026-04-14,9515385.01,8315376.19,1200008.82
2026-04-15,8754470.54,7617722.52,1136748.02
2026-04-16,10482298.60,10888093.51,-405794.91
2026-04-17,7140434.61,6146719.34,993715.27
2026-04-18,6473631.35,6685279.40,-211648.06
2026-04-20,8844453.38,7700097.45,1144355.93
2026-04-21,10577696.23,9156178.05,1421518.18
2026-04-22,7222570.12,6221246.95,1001323.17
2026-04-23,7703737.12,6765674.74,938062.38
2026-04-24,9702709.54,8487484.91,1215224.63
2026-04-25,7452274.00,7714308.21,-262034.21
2026-04-27,7305123.04,6296191.96,1008931.08
2026-04-28,10597184.16,9311090.83,1286093.33
2026-04-29,8223210.13,10147953.15,-1924743.01
2026-04-30,6199644.70,5397007.17,802637.53
2026-05-01,8094168.40,7014368.62,1079799.78
2026-05-02,7388093.35,7619322.83,-231229.48
2026-05-04,5898049.41,7272951.50,-1374902.09
2026-05-05,8919432.22,7768763.74,1150668.48
2026-05-06,8181026.84,7093619.16,1087407.68
2026-05-07,8789560.03,7704441.09,1085118.94
2026-05-08,6617883.98,5673509.05,944374.93
2026-05-09,5973589.80,6174014.54,-200424.74
2026-05-11,8268302.68,7173287.10,1095015.59
2026-05-12,7373937.01,6358693.38,1015243.63
2026-05-13,6697312.50,5745329.66,951982.83
2026-05-14,6049547.59,6251702.88,-202155.29
2026-05-15,9101342.76,7935458.47,1165884.29
2026-05-16,6936917.41,8672450.94,-1735533.53
2026-05-18,6777158.41,5817567.68,959590.74
2026-05-19,7226138.55,6329808.61,896329.94
2026-05-20,7682637.46,9529718.59,-1847081.13
2026-05-21,4759870.83,4931221.38,-171350.55
2026-05-22,7540987.69,6510528.26,1030459.44
2026-05-23,6857421.73,5890223.09,967198.64
2026-05-25,5418270.86,6715511.06,-1297240.21
2026-05-26,4828816.09,5001897.19,-173081.10
2026-05-27,7625139.13,6587071.79,1038067.34
2026-05-28,8192680.30,5905261.29,2287419.01
2026-05-29,6112889.34,7521677.15,-1408787.81
2026-05-30,5491104.25,6800319.32,-1309215.08
2026-06-01,9055493.98,6664032.73,2391461.25
2026-06-02,11293184.98,8150354.64,3142830.34
2026-06-03,6189610.86,7610373.54,-1420762.68
2026-06-04,5564355.03,6885544.98,-1321189.95
2026-06-05,8517531.97,7400988.02,1116543.95
2026-06-06,9150271.61,8096988.46,1053283.15
2026-06-08,6266749.77,5356499.38,910250.39
2026-06-09,5638023.22,5830685.74,-192662.52
2026-06-10,7159620.78,8929040.03,-1769419.25
2026-06-11,12356081.35,10938256.09,1417825.26
2026-06-12,7005362.97,6024243.88,981119.10
2026-06-13,6344306.09,5426447.79,917858.30
2026-06-15,4956048.29,6175626.61,-1219578.32
2026-06-16,12461485.16,9116654.40,3344830.77
2026-06-17,7086807.41,6098080.41,988727.00
2026-06-18,7613356.55,6687890.34,925466.20
2026-06-19,5625450.69,6956576.62,-1331125.93
2026-06-20,5026174.68,6257727.87,-1231553.19
2026-06-22,8450954.15,6172334.35,2278619.80
2026-06-23,10647653.11,7620601.68,3027051.43
2026-06-24,5699465.21,7042566.00,-1343100.80
2026-06-25,5096718.47,6340246.53,-1243528.06
2026-06-26,9324770.21,6884073.56,2440696.65
2026-06-27,11580347.00,10219469.98,1360877.02
2026-06-29,5773897.12,7128972.79,-1355075.67
2026-06-30,5167679.65,6423182.59,-1255502.93
