as_of_date,source_reference,account_code,name,account_class,currency,balance
2016-06-30,GL-1010,GL-1010,Cash on hand (vault),ASSET,GHS,8308739.41
2016-06-30,GL-1020,GL-1020,Balances with Bank of Ghana,ASSET,GHS,18392704.09
2016-06-30,GL-1200,GL-1200,Investments — GoG securities,ASSET,GHS,39501223.58
2016-06-30,GL-1300,GL-1300,Loans & advances (gross),ASSET,GHS,174424206.91
2016-06-30,GL-1390,GL-1390,Less: impairment allowance,ASSET,GHS,-458257.16
2016-06-30,GL-1900,GL-1900,Other assets,ASSET,GHS,11868281.45
2016-06-30,GL-2100,GL-2100,Customer deposits,LIABILITY,GHS,209259124.54
2016-06-30,GL-2400,GL-2400,Borrowings,LIABILITY,GHS,6277773.74
2016-06-30,GL-3100,GL-3100,Stated / paid-up capital,EQUITY,GHS,22000000.00
2016-06-30,GL-3200,GL-3200,Statutory reserve fund,EQUITY,GHS,8000000.00
2016-06-30,GL-3300,GL-3300,Retained earnings,EQUITY,GHS,6500000.00
2016-07-31,GL-1010,GL-1010,Cash on hand (vault),ASSET,GHS,8486923.33
2016-07-31,GL-1020,GL-1020,Balances with Bank of Ghana,ASSET,GHS,18233586.89
2016-07-31,GL-1200,GL-1200,Investments — GoG securities,ASSET,GHS,40347398.26
2016-07-31,GL-1300,GL-1300,Loans & advances (gross),ASSET,GHS,176108963.07
2016-07-31,GL-1390,GL-1390,Less: impairment allowance,ASSET,GHS,-1145611.15
2016-07-31,GL-1900,GL-1900,Other assets,ASSET,GHS,9167551.36
2016-07-31,GL-2100,GL-2100,Customer deposits,LIABILITY,GHS,208059841.74
2016-07-31,GL-2400,GL-2400,Borrowings,LIABILITY,GHS,6241795.25
2016-07-31,GL-3100,GL-3100,Stated / paid-up capital,EQUITY,GHS,22000000.00
2016-07-31,GL-3200,GL-3200,Statutory reserve fund,EQUITY,GHS,8183311.43
2016-07-31,GL-3300,GL-3300,Retained earnings,EQUITY,GHS,6713863.34
2016-08-31,GL-1010,GL-1010,Cash on hand (vault),ASSET,GHS,8771695.42
2016-08-31,GL-1020,GL-1020,Balances with Bank of Ghana,ASSET,GHS,19425136.52
2016-08-31,GL-1200,GL-1200,Investments — GoG securities,ASSET,GHS,40415272.50
2016-08-31,GL-1300,GL-1300,Loans & advances (gross),ASSET,GHS,178069709.06
2016-08-31,GL-1390,GL-1390,Less: impairment allowance,ASSET,GHS,-1145564.26
2016-08-31,GL-1900,GL-1900,Other assets,ASSET,GHS,13875173.42
2016-08-31,GL-2100,GL-2100,Customer deposits,LIABILITY,GHS,215647643.80
2016-08-31,GL-2400,GL-2400,Borrowings,LIABILITY,GHS,6469429.31
2016-08-31,GL-3100,GL-3100,Stated / paid-up capital,EQUITY,GHS,22000000.00
2016-08-31,GL-3200,GL-3200,Statutory reserve fund,EQUITY,GHS,8366622.86
2016-08-31,GL-3300,GL-3300,Retained earnings,EQUITY,GHS,6927726.68
2016-09-30,GL-1010,GL-1010,Cash on hand (vault),ASSET,GHS,9021637.98
2016-09-30,GL-1020,GL-1020,Balances with Bank of Ghana,ASSET,GHS,19979409.36
2016-09-30,GL-1200,GL-1200,Investments — GoG securities,ASSET,GHS,42889482.36
2016-09-30,GL-1300,GL-1300,Loans & advances (gross),ASSET,GHS,178422574.69
2016-09-30,GL-1390,GL-1390,Less: impairment allowance,ASSET,GHS,-1394105.46
2016-09-30,GL-1900,GL-1900,Other assets,ASSET,GHS,16657020.78
2016-09-30,GL-2100,GL-2100,Customer deposits,LIABILITY,GHS,221259521.82
2016-09-30,GL-2400,GL-2400,Borrowings,LIABILITY,GHS,6637785.65
2016-09-30,GL-3100,GL-3100,Stated / paid-up capital,EQUITY,GHS,22000000.00
2016-09-30,GL-3200,GL-3200,Statutory reserve fund,EQUITY,GHS,8544021.02
2016-09-30,GL-3300,GL-3300,Retained earnings,EQUITY,GHS,7134691.20
2016-10-31,GL-1010,GL-1010,Cash on hand (vault),ASSET,GHS,8582270.02
2016-10-31,GL-1020,GL-1020,Balances with Bank of Ghana,ASSET,GHS,18996260.98
2016-10-31,GL-1200,GL-1200,Investments — GoG securities,ASSET,GHS,40801860.44
2016-10-31,GL-1300,GL-1300,Loans & advances (gross),ASSET,GHS,180477733.67
2016-10-31,GL-1390,GL-1390,Less: impairment allowance,ASSET,GHS,-1378068.16
2016-10-31,GL-1900,GL-1900,Other assets,ASSET,GHS,14617583.24
2016-10-31,GL-2100,GL-2100,Customer deposits,LIABILITY,GHS,217496847.78
2016-10-31,GL-2400,GL-2400,Borrowings,LIABILITY,GHS,6524905.43
2016-10-31,GL-3100,GL-3100,Stated / paid-up capital,EQUITY,GHS,22000000.00
2016-10-31,GL-3200,GL-3200,Statutory reserve fund,EQUITY,GHS,8727332.46
2016-10-31,GL-3300,GL-3300,Retained earnings,EQUITY,GHS,7348554.53
2016-11-30,GL-1010,GL-1010,Cash on hand (vault),ASSET,GHS,8708405.92
2016-11-30,GL-1020,GL-1020,Balances with Bank of Ghana,ASSET,GHS,19276242.65
2016-11-30,GL-1200,GL-1200,Investments — GoG securities,ASSET,GHS,41401445.53
2016-11-30,GL-1300,GL-1300,Loans & advances (gross),ASSET,GHS,181616775.52
2016-11-30,GL-1390,GL-1390,Less: impairment allowance,ASSET,GHS,-1391098.98
2016-11-30,GL-1900,GL-1900,Other assets,ASSET,GHS,15599843.94
2016-11-30,GL-2100,GL-2100,Customer deposits,LIABILITY,GHS,220146956.22
2016-11-30,GL-2400,GL-2400,Borrowings,LIABILITY,GHS,6604408.69
2016-11-30,GL-3100,GL-3100,Stated / paid-up capital,EQUITY,GHS,22000000.00
2016-11-30,GL-3200,GL-3200,Statutory reserve fund,EQUITY,GHS,8904730.62
2016-11-30,GL-3300,GL-3300,Retained earnings,EQUITY,GHS,7555519.05
2016-12-31,GL-1010,GL-1010,Cash on hand (vault),ASSET,GHS,8823414.57
2016-12-31,GL-1020,GL-1020,Balances with Bank of Ghana,ASSET,GHS,19529880.55
2016-12-31,GL-1200,GL-1200,Investments — GoG securities,ASSET,GHS,41948326.51
2016-12-31,GL-1300,GL-1300,Loans & advances (gross),ASSET,GHS,183362119.85
2016-12-31,GL-1390,GL-1390,Less: impairment allowance,ASSET,GHS,-1881166.15
2016-12-31,GL-1900,GL-1900,Other assets,ASSET,GHS,17489090.66
2016-12-31,GL-2100,GL-2100,Customer deposits,LIABILITY,GHS,223703147.13
2016-12-31,GL-2400,GL-2400,Borrowings,LIABILITY,GHS,6711094.41
2016-12-31,GL-3100,GL-3100,Stated / paid-up capital,EQUITY,GHS,22000000.00
2016-12-31,GL-3200,GL-3200,Statutory reserve fund,EQUITY,GHS,9088042.05
2016-12-31,GL-3300,GL-3300,Retained earnings,EQUITY,GHS,7769382.39
2017-01-31,GL-1010,GL-1010,Cash on hand (vault),ASSET,GHS,9174469.19
2017-01-31,GL-1020,GL-1020,Balances with Bank of Ghana,ASSET,GHS,20315898.31
2017-01-31,GL-1200,GL-1200,Investments — GoG securities,ASSET,GHS,43616279.13
2017-01-31,GL-1300,GL-1300,Loans & advances (gross),ASSET,GHS,183747873.56
2017-01-31,GL-1390,GL-1390,Less: impairment allowance,ASSET,GHS,-3087865.45
2017-01-31,GL-1900,GL-1900,Other assets,ASSET,GHS,18653965.84
2017-01-31,GL-2100,GL-2100,Customer deposits,LIABILITY,GHS,226374778.03
2017-01-31,GL-2400,GL-2400,Borrowings,LIABILITY,GHS,6791243.34
2017-01-31,GL-3100,GL-3100,Stated / paid-up capital,EQUITY,GHS,22000000.00
2017-01-31,GL-3200,GL-3200,Statutory reserve fund,EQUITY,GHS,9271353.48
2017-01-31,GL-3300,GL-3300,Retained earnings,EQUITY,GHS,7983245.73
2017-02-28,GL-1010,GL-1010,Cash on hand (vault),ASSET,GHS,9047417.28
2017-02-28,GL-1020,GL-1020,Balances with Bank of Ghana,ASSET,GHS,20641670.73
2017-02-28,GL-1200,GL-1200,Investments — GoG securities,ASSET,GHS,44305112.90
2017-02-28,GL-1300,GL-1300,Loans & advances (gross),ASSET,GHS,188882084.30
2017-02-28,GL-1390,GL-1390,Less: impairment allowance,ASSET,GHS,-3119998.33
2017-02-28,GL-1900,GL-1900,Other assets,ASSET,GHS,13373219.43
2017-02-28,GL-2100,GL-2100,Customer deposits,LIABILITY,GHS,226714726.80
2017-02-28,GL-2400,GL-2400,Borrowings,LIABILITY,GHS,6801441.80
2017-02-28,GL-3100,GL-3100,Stated / paid-up capital,EQUITY,GHS,22000000.00
2017-02-28,GL-3200,GL-3200,Statutory reserve fund,EQUITY,GHS,9436925.10
2017-02-28,GL-3300,GL-3300,Retained earnings,EQUITY,GHS,8176412.61
2017-03-31,GL-1010,GL-1010,Cash on hand (vault),ASSET,GHS,9377739.47
2017-03-31,GL-1020,GL-1020,Balances with Bank of Ghana,ASSET,GHS,20759844.04
2017-03-31,GL-1200,GL-1200,Investments — GoG securities,ASSET,GHS,44583354.77
2017-03-31,GL-1300,GL-1300,Loans & advances (gross),ASSET,GHS,190399540.65
2017-03-31,GL-1390,GL-1390,Less: impairment allowance,ASSET,GHS,-3125346.52
2017-03-31,GL-1900,GL-1900,Other assets,ASSET,GHS,20755089.18
2017-03-31,GL-2100,GL-2100,Customer deposits,LIABILITY,GHS,235669620.49
2017-03-31,GL-2400,GL-2400,Borrowings,LIABILITY,GHS,7070088.61
2017-03-31,GL-3100,GL-3100,Stated / paid-up capital,EQUITY,GHS,22000000.00
2017-03-31,GL-3200,GL-3200,Statutory reserve fund,EQUITY,GHS,9620236.53
2017-03-31,GL-3300,GL-3300,Retained earnings,EQUITY,GHS,8390275.95
2017-04-30,GL-1010,GL-1010,Cash on hand (vault),ASSET,GHS,9524694.79
2017-04-30,GL-1020,GL-1020,Balances with Bank of Ghana,ASSET,GHS,21096526.18
2017-04-30,GL-1200,GL-1200,Investments — GoG securities,ASSET,GHS,43900174.84
2017-04-30,GL-1300,GL-1300,Loans & advances (gross),ASSET,GHS,191706361.84
2017-04-30,GL-1390,GL-1390,Less: impairment allowance,ASSET,GHS,-3537340.99
2017-04-30,GL-1900,GL-1900,Other assets,ASSET,GHS,16138074.54
2017-04-30,GL-2100,GL-2100,Customer deposits,LIABILITY,GHS,231488947.61
2017-04-30,GL-2400,GL-2400,Borrowings,LIABILITY,GHS,6944668.43
2017-04-30,GL-3100,GL-3100,Stated / paid-up capital,EQUITY,GHS,22000000.00
2017-04-30,GL-3200,GL-3200,Statutory reserve fund,EQUITY,GHS,9797634.69
2017-04-30,GL-3300,GL-3300,Retained earnings,EQUITY,GHS,8597240.47
2017-05-31,GL-1010,GL-1010,Cash on hand (vault),ASSET,GHS,9259568.14
2017-05-31,GL-1020,GL-1020,Balances with Bank of Ghana,ASSET,GHS,20469535.11
2017-05-31,GL-1200,GL-1200,Investments — GoG securities,ASSET,GHS,43960213.99
2017-05-31,GL-1300,GL-1300,Loans & advances (gross),ASSET,GHS,192401019.64
2017-05-31,GL-1390,GL-1390,Less: impairment allowance,ASSET,GHS,-3879591.98
2017-05-31,GL-1900,GL-1900,Other assets,ASSET,GHS,18029072.79
2017-05-31,GL-2100,GL-2100,Customer deposits,LIABILITY,GHS,232473560.92
2017-05-31,GL-2400,GL-2400,Borrowings,LIABILITY,GHS,6974206.83
2017-05-31,GL-3100,GL-3100,Stated / paid-up capital,EQUITY,GHS,22000000.00
2017-05-31,GL-3200,GL-3200,Statutory reserve fund,EQUITY,GHS,9980946.12
2017-05-31,GL-3300,GL-3300,Retained earnings,EQUITY,GHS,8811103.81
2017-06-30,GL-1010,GL-1010,Cash on hand (vault),ASSET,GHS,9549992.19
2017-06-30,GL-1020,GL-1020,Balances with Bank of Ghana,ASSET,GHS,21788129.22
2017-06-30,GL-1200,GL-1200,Investments — GoG securities,ASSET,GHS,45402136.94
2017-06-30,GL-1300,GL-1300,Loans & advances (gross),ASSET,GHS,196550870.53
2017-06-30,GL-1390,GL-1390,Less: impairment allowance,ASSET,GHS,-3785535.92
2017-06-30,GL-1900,GL-1900,Other assets,ASSET,GHS,18022955.61
2017-06-30,GL-2100,GL-2100,Customer deposits,LIABILITY,GHS,239176831.02
2017-06-30,GL-2400,GL-2400,Borrowings,LIABILITY,GHS,7175304.93
2017-06-30,GL-3100,GL-3100,Stated / paid-up capital,EQUITY,GHS,22000000.00
2017-06-30,GL-3200,GL-3200,Statutory reserve fund,EQUITY,GHS,10158344.28
2017-06-30,GL-3300,GL-3300,Retained earnings,EQUITY,GHS,9018068.33
2017-07-31,GL-1010,GL-1010,Cash on hand (vault),ASSET,GHS,9413928.65
2017-07-31,GL-1020,GL-1020,Balances with Bank of Ghana,ASSET,GHS,20840145.72
2017-07-31,GL-1200,GL-1200,Investments — GoG securities,ASSET,GHS,46040794.34
2017-07-31,GL-1300,GL-1300,Loans & advances (gross),ASSET,GHS,197178175.91
2017-07-31,GL-1390,GL-1390,Less: impairment allowance,ASSET,GHS,-5301108.95
2017-07-31,GL-1900,GL-1900,Other assets,ASSET,GHS,16943645.98
2017-07-31,GL-2100,GL-2100,Customer deposits,LIABILITY,GHS,236448538.11
2017-07-31,GL-2400,GL-2400,Borrowings,LIABILITY,GHS,7093456.14
2017-07-31,GL-3100,GL-3100,Stated / paid-up capital,EQUITY,GHS,22000000.00
2017-07-31,GL-3200,GL-3200,Statutory reserve fund,EQUITY,GHS,10341655.72
2017-07-31,GL-3300,GL-3300,Retained earnings,EQUITY,GHS,9231931.67
2017-08-31,GL-1010,GL-1010,Cash on hand (vault),ASSET,GHS,9703788.38
2017-08-31,GL-1020,GL-1020,Balances with Bank of Ghana,ASSET,GHS,20850551.09
2017-08-31,GL-1200,GL-1200,Investments — GoG securities,ASSET,GHS,46069791.89
2017-08-31,GL-1300,GL-1300,Loans & advances (gross),ASSET,GHS,198197584.40
2017-08-31,GL-1390,GL-1390,Less: impairment allowance,ASSET,GHS,-5125950.41
2017-08-31,GL-1900,GL-1900,Other assets,ASSET,GHS,16654309.44
2017-08-31,GL-2100,GL-2100,Customer deposits,LIABILITY,GHS,237261468.57
2017-08-31,GL-2400,GL-2400,Borrowings,LIABILITY,GHS,7117844.06
2017-08-31,GL-3100,GL-3100,Stated / paid-up capital,EQUITY,GHS,22000000.00
2017-08-31,GL-3200,GL-3200,Statutory reserve fund,EQUITY,GHS,10524967.15
2017-08-31,GL-3300,GL-3300,Retained earnings,EQUITY,GHS,9445795.01
2017-09-30,GL-1010,GL-1010,Cash on hand (vault),ASSET,GHS,10060044.55
2017-09-30,GL-1020,GL-1020,Balances with Bank of Ghana,ASSET,GHS,21618474.35
2017-09-30,GL-1200,GL-1200,Investments — GoG securities,ASSET,GHS,47825915.34
2017-09-30,GL-1300,GL-1300,Loans & advances (gross),ASSET,GHS,198943428.48
2017-09-30,GL-1390,GL-1390,Less: impairment allowance,ASSET,GHS,-5396184.02
2017-09-30,GL-1900,GL-1900,Other assets,ASSET,GHS,22049344.72
2017-09-30,GL-2100,GL-2100,Customer deposits,LIABILITY,GHS,245384367.56
2017-09-30,GL-2400,GL-2400,Borrowings,LIABILITY,GHS,7361531.03
2017-09-30,GL-3100,GL-3100,Stated / paid-up capital,EQUITY,GHS,22000000.00
2017-09-30,GL-3200,GL-3200,Statutory reserve fund,EQUITY,GHS,10702365.31
2017-09-30,GL-3300,GL-3300,Retained earnings,EQUITY,GHS,9652759.53
2017-10-31,GL-1010,GL-1010,Cash on hand (vault),ASSET,GHS,9901992.74
2017-10-31,GL-1020,GL-1020,Balances with Bank of Ghana,ASSET,GHS,21929980.56
2017-10-31,GL-1200,GL-1200,Investments — GoG securities,ASSET,GHS,47074642.20
2017-10-31,GL-1300,GL-1300,Loans & advances (gross),ASSET,GHS,201071997.82
2017-10-31,GL-1390,GL-1390,Less: impairment allowance,ASSET,GHS,-5415243.79
2017-10-31,GL-1900,GL-1900,Other assets,ASSET,GHS,17662097.74
2017-10-31,GL-2100,GL-2100,Customer deposits,LIABILITY,GHS,242206958.90
2017-10-31,GL-2400,GL-2400,Borrowings,LIABILITY,GHS,7266208.77
2017-10-31,GL-3100,GL-3100,Stated / paid-up capital,EQUITY,GHS,22000000.00
2017-10-31,GL-3200,GL-3200,Statutory reserve fund,EQUITY,GHS,10885676.74
2017-10-31,GL-3300,GL-3300,Retained earnings,EQUITY,GHS,9866622.86
2017-11-30,GL-1010,GL-1010,Cash on hand (vault),ASSET,GHS,9960796.10
2017-11-30,GL-1020,GL-1020,Balances with Bank of Ghana,ASSET,GHS,22061052.96
2017-11-30,GL-1200,GL-1200,Investments — GoG securities,ASSET,GHS,47354100.14
2017-11-30,GL-1300,GL-1300,Loans & advances (gross),ASSET,GHS,204112673.57
2017-11-30,GL-1390,GL-1390,Less: impairment allowance,ASSET,GHS,-5642724.00
2017-11-30,GL-1900,GL-1900,Other assets,ASSET,GHS,15645581.18
2017-11-30,GL-2100,GL-2100,Customer deposits,LIABILITY,GHS,243062929.77
2017-11-30,GL-2400,GL-2400,Borrowings,LIABILITY,GHS,7291887.89
2017-11-30,GL-3100,GL-3100,Stated / paid-up capital,EQUITY,GHS,22000000.00
2017-11-30,GL-3200,GL-3200,Statutory reserve fund,EQUITY,GHS,11063074.90
2017-11-30,GL-3300,GL-3300,Retained earnings,EQUITY,GHS,10073587.39
2017-12-31,GL-1010,GL-1010,Cash on hand (vault),ASSET,GHS,9724731.79
2017-12-31,GL-1020,GL-1020,Balances with Bank of Ghana,ASSET,GHS,21526870.74
2017-12-31,GL-1200,GL-1200,Investments — GoG securities,ASSET,GHS,46233143.85
2017-12-31,GL-1300,GL-1300,Loans & advances (gross),ASSET,GHS,205953450.56
2017-12-31,GL-1390,GL-1390,Less: impairment allowance,ASSET,GHS,-5640199.83
2017-12-31,GL-1900,GL-1900,Other assets,ASSET,GHS,18258824.27
2017-12-31,GL-2100,GL-2100,Customer deposits,LIABILITY,GHS,245167945.94
2017-12-31,GL-2400,GL-2400,Borrowings,LIABILITY,GHS,7355038.38
2017-12-31,GL-3100,GL-3100,Stated / paid-up capital,EQUITY,GHS,22000000.00
2017-12-31,GL-3200,GL-3200,Statutory reserve fund,EQUITY,GHS,11246386.33
2017-12-31,GL-3300,GL-3300,Retained earnings,EQUITY,GHS,10287450.72
2018-01-31,GL-1010,GL-1010,Cash on hand (vault),ASSET,GHS,9833906.16
2018-01-31,GL-1020,GL-1020,Balances with Bank of Ghana,ASSET,GHS,21767503.69
2018-01-31,GL-1200,GL-1200,Investments — GoG securities,ASSET,GHS,46752297.92
2018-01-31,GL-1300,GL-1300,Loans & advances (gross),ASSET,GHS,206627673.33
2018-01-31,GL-1390,GL-1390,Less: impairment allowance,ASSET,GHS,-6396889.03
2018-01-31,GL-1900,GL-1900,Other assets,ASSET,GHS,21445163.02
2018-01-31,GL-2100,GL-2100,Customer deposits,LIABILITY,GHS,248639459.47
2018-01-31,GL-2400,GL-2400,Borrowings,LIABILITY,GHS,7459183.78
2018-01-31,GL-3100,GL-3100,Stated / paid-up capital,EQUITY,GHS,22000000.00
2018-01-31,GL-3200,GL-3200,Statutory reserve fund,EQUITY,GHS,11429697.77
2018-01-31,GL-3300,GL-3300,Retained earnings,EQUITY,GHS,10501314.06
2018-02-28,GL-1010,GL-1010,Cash on hand (vault),ASSET,GHS,9689203.42
2018-02-28,GL-1020,GL-1020,Balances with Bank of Ghana,ASSET,GHS,22785566.20
2018-02-28,GL-1200,GL-1200,Investments — GoG securities,ASSET,GHS,46065001.44
2018-02-28,GL-1300,GL-1300,Loans & advances (gross),ASSET,GHS,207330501.48
2018-02-28,GL-1390,GL-1390,Less: impairment allowance,ASSET,GHS,-6715586.60
2018-02-28,GL-1900,GL-1900,Other assets,ASSET,GHS,21491556.66
2018-02-28,GL-2100,GL-2100,Customer deposits,LIABILITY,GHS,248889798.31
2018-02-28,GL-2400,GL-2400,Borrowings,LIABILITY,GHS,7466693.95
2018-02-28,GL-3100,GL-3100,Stated / paid-up capital,EQUITY,GHS,22000000.00
2018-02-28,GL-3200,GL-3200,Statutory reserve fund,EQUITY,GHS,11595269.38
2018-02-28,GL-3300,GL-3300,Retained earnings,EQUITY,GHS,10694480.95
2018-03-31,GL-1010,GL-1010,Cash on hand (vault),ASSET,GHS,10058030.41
2018-03-31,GL-1020,GL-1020,Balances with Bank of Ghana,ASSET,GHS,23655938.09
2018-03-31,GL-1200,GL-1200,Investments — GoG securities,ASSET,GHS,47818627.89
2018-03-31,GL-1300,GL-1300,Loans & advances (gross),ASSET,GHS,209181414.27
2018-03-31,GL-1390,GL-1390,Less: impairment allowance,ASSET,GHS,-7017703.61
2018-03-31,GL-1900,GL-1900,Other assets,ASSET,GHS,27892073.95
2018-03-31,GL-2100,GL-2100,Customer deposits,LIABILITY,GHS,259127627.08
2018-03-31,GL-2400,GL-2400,Borrowings,LIABILITY,GHS,7773828.81
2018-03-31,GL-3100,GL-3100,Stated / paid-up capital,EQUITY,GHS,22000000.00
2018-03-31,GL-3200,GL-3200,Statutory reserve fund,EQUITY,GHS,11778580.81
2018-03-31,GL-3300,GL-3300,Retained earnings,EQUITY,GHS,10908344.28
2018-04-30,GL-1010,GL-1010,Cash on hand (vault),ASSET,GHS,9978080.25
2018-04-30,GL-1020,GL-1020,Balances with Bank of Ghana,ASSET,GHS,23431913.03
2018-04-30,GL-1200,GL-1200,Investments — GoG securities,ASSET,GHS,47370840.32
2018-04-30,GL-1300,GL-1300,Loans & advances (gross),ASSET,GHS,211181060.21
2018-04-30,GL-1390,GL-1390,Less: impairment allowance,ASSET,GHS,-7130695.11
2018-04-30,GL-1900,GL-1900,Other assets,ASSET,GHS,23977222.24
2018-04-30,GL-2100,GL-2100,Customer deposits,LIABILITY,GHS,256055469.09
2018-04-30,GL-2400,GL-2400,Borrowings,LIABILITY,GHS,7681664.07
2018-04-30,GL-3100,GL-3100,Stated / paid-up capital,EQUITY,GHS,22000000.00
2018-04-30,GL-3200,GL-3200,Statutory reserve fund,EQUITY,GHS,11955978.98
2018-04-30,GL-3300,GL-3300,Retained earnings,EQUITY,GHS,11115308.80
2018-05-31,GL-1010,GL-1010,Cash on hand (vault),ASSET,GHS,9977090.43
2018-05-31,GL-1020,GL-1020,Balances with Bank of Ghana,ASSET,GHS,22739163.28
2018-05-31,GL-1200,GL-1200,Investments — GoG securities,ASSET,GHS,48829747.79
2018-05-31,GL-1300,GL-1300,Loans & advances (gross),ASSET,GHS,213667557.19
2018-05-31,GL-1390,GL-1390,Less: impairment allowance,ASSET,GHS,-7185596.99
2018-05-31,GL-1900,GL-1900,Other assets,ASSET,GHS,21930145.17
2018-05-31,GL-2100,GL-2100,Customer deposits,LIABILITY,GHS,256786062.45
2018-05-31,GL-2400,GL-2400,Borrowings,LIABILITY,GHS,7703581.87
2018-05-31,GL-3100,GL-3100,Stated / paid-up capital,EQUITY,GHS,22000000.00
2018-05-31,GL-3200,GL-3200,Statutory reserve fund,EQUITY,GHS,12139290.41
2018-05-31,GL-3300,GL-3300,Retained earnings,EQUITY,GHS,11329172.14
2018-06-30,GL-1010,GL-1010,Cash on hand (vault),ASSET,GHS,10385861.83
2018-06-30,GL-1020,GL-1020,Balances with Bank of Ghana,ASSET,GHS,24423264.02
2018-06-30,GL-1200,GL-1200,Investments — GoG securities,ASSET,GHS,50826585.60
2018-06-30,GL-1300,GL-1300,Loans & advances (gross),ASSET,GHS,214976085.01
2018-06-30,GL-1390,GL-1390,Less: impairment allowance,ASSET,GHS,-7203207.56
2018-06-30,GL-1900,GL-1900,Other assets,ASSET,GHS,27077900.65
2018-06-30,GL-2100,GL-2100,Customer deposits,LIABILITY,GHS,266634625.54
2018-06-30,GL-2400,GL-2400,Borrowings,LIABILITY,GHS,7999038.77
2018-06-30,GL-3100,GL-3100,Stated / paid-up capital,EQUITY,GHS,22000000.00
2018-06-30,GL-3200,GL-3200,Statutory reserve fund,EQUITY,GHS,12316688.57
2018-06-30,GL-3300,GL-3300,Retained earnings,EQUITY,GHS,11536136.66
2018-07-31,GL-1010,GL-1010,Cash on hand (vault),ASSET,GHS,10600531.97
2018-07-31,GL-1020,GL-1020,Balances with Bank of Ghana,ASSET,GHS,24184013.00
2018-07-31,GL-1200,GL-1200,Investments — GoG securities,ASSET,GHS,50326633.88
2018-07-31,GL-1300,GL-1300,Loans & advances (gross),ASSET,GHS,215930954.43
2018-07-31,GL-1390,GL-1390,Less: impairment allowance,ASSET,GHS,-7518853.67
2018-07-31,GL-1900,GL-1900,Other assets,ASSET,GHS,25438592.38
2018-07-31,GL-2100,GL-2100,Customer deposits,LIABILITY,GHS,264768807.77
2018-07-31,GL-2400,GL-2400,Borrowings,LIABILITY,GHS,7943064.23
2018-07-31,GL-3100,GL-3100,Stated / paid-up capital,EQUITY,GHS,22000000.00
2018-07-31,GL-3200,GL-3200,Statutory reserve fund,EQUITY,GHS,12500000.00
2018-07-31,GL-3300,GL-3300,Retained earnings,EQUITY,GHS,11750000.00
2018-08-31,GL-1010,GL-1010,Cash on hand (vault),ASSET,GHS,10650540.35
2018-08-31,GL-1020,GL-1020,Balances with Bank of Ghana,ASSET,GHS,23578750.59
2018-08-31,GL-1200,GL-1200,Investments — GoG securities,ASSET,GHS,52084636.05
2018-08-31,GL-1300,GL-1300,Loans & advances (gross),ASSET,GHS,218295959.23
2018-08-31,GL-1390,GL-1390,Less: impairment allowance,ASSET,GHS,-7804765.04
2018-08-31,GL-1900,GL-1900,Other assets,ASSET,GHS,24627849.51
2018-08-31,GL-2100,GL-2100,Customer deposits,LIABILITY,GHS,266782326.15
2018-08-31,GL-2400,GL-2400,Borrowings,LIABILITY,GHS,8003469.78
2018-08-31,GL-3100,GL-3100,Stated / paid-up capital,EQUITY,GHS,22000000.00
2018-08-31,GL-3200,GL-3200,Statutory reserve fund,EQUITY,GHS,12683311.43
2018-08-31,GL-3300,GL-3300,Retained earnings,EQUITY,GHS,11963863.34
2018-09-30,GL-1010,GL-1010,Cash on hand (vault),ASSET,GHS,10917294.39
2018-09-30,GL-1020,GL-1020,Balances with Bank of Ghana,ASSET,GHS,24170271.18
2018-09-30,GL-1200,GL-1200,Investments — GoG securities,ASSET,GHS,51902398.88
2018-09-30,GL-1300,GL-1300,Loans & advances (gross),ASSET,GHS,219309283.17
2018-09-30,GL-1390,GL-1390,Less: impairment allowance,ASSET,GHS,-7719139.68
2018-09-30,GL-1900,GL-1900,Other assets,ASSET,GHS,29430103.21
2018-09-30,GL-2100,GL-2100,Customer deposits,LIABILITY,GHS,272794828.84
2018-09-30,GL-2400,GL-2400,Borrowings,LIABILITY,GHS,8183844.87
2018-09-30,GL-3100,GL-3100,Stated / paid-up capital,EQUITY,GHS,22000000.00
2018-09-30,GL-3200,GL-3200,Statutory reserve fund,EQUITY,GHS,12860709.59
2018-09-30,GL-3300,GL-3300,Retained earnings,EQUITY,GHS,12170827.86
2018-10-31,GL-1010,GL-1010,Cash on hand (vault),ASSET,GHS,11059369.54
2018-10-31,GL-1020,GL-1020,Balances with Bank of Ghana,ASSET,GHS,23768913.98
2018-10-31,GL-1200,GL-1200,Investments — GoG securities,ASSET,GHS,51043056.26
2018-10-31,GL-1300,GL-1300,Loans & advances (gross),ASSET,GHS,222191487.12
2018-10-31,GL-1390,GL-1390,Less: impairment allowance,ASSET,GHS,-8536539.45
2018-10-31,GL-1900,GL-1900,Other assets,ASSET,GHS,25022689.41
2018-10-31,GL-2100,GL-2100,Customer deposits,LIABILITY,GHS,269048800.61
2018-10-31,GL-2400,GL-2400,Borrowings,LIABILITY,GHS,8071464.02
2018-10-31,GL-3100,GL-3100,Stated / paid-up capital,EQUITY,GHS,22000000.00
2018-10-31,GL-3200,GL-3200,Statutory reserve fund,EQUITY,GHS,13044021.02
2018-10-31,GL-3300,GL-3300,Retained earnings,EQUITY,GHS,12384691.20
2018-11-30,GL-1010,GL-1010,Cash on hand (vault),ASSET,GHS,10555994.23
2018-11-30,GL-1020,GL-1020,Balances with Bank of Ghana,ASSET,GHS,24092940.37
2018-11-30,GL-1200,GL-1200,Investments — GoG securities,ASSET,GHS,50186097.53
2018-11-30,GL-1300,GL-1300,Loans & advances (gross),ASSET,GHS,226431882.80
2018-11-30,GL-1390,GL-1390,Less: impairment allowance,ASSET,GHS,-9006990.19
2018-11-30,GL-1900,GL-1900,Other assets,ASSET,GHS,25752184.82
2018-11-30,GL-2100,GL-2100,Customer deposits,LIABILITY,GHS,272037897.73
2018-11-30,GL-2400,GL-2400,Borrowings,LIABILITY,GHS,8161136.93
2018-11-30,GL-3100,GL-3100,Stated / paid-up capital,EQUITY,GHS,22000000.00
2018-11-30,GL-3200,GL-3200,Statutory reserve fund,EQUITY,GHS,13221419.19
2018-11-30,GL-3300,GL-3300,Retained earnings,EQUITY,GHS,12591655.72
2018-12-31,GL-1010,GL-1010,Cash on hand (vault),ASSET,GHS,11315940.33
2018-12-31,GL-1020,GL-1020,Balances with Bank of Ghana,ASSET,GHS,25063461.06
2018-12-31,GL-1200,GL-1200,Investments — GoG securities,ASSET,GHS,53796399.71
2018-12-31,GL-1300,GL-1300,Loans & advances (gross),ASSET,GHS,228530676.40
2018-12-31,GL-1390,GL-1390,Less: impairment allowance,ASSET,GHS,-9078228.21
2018-12-31,GL-1900,GL-1900,Other assets,ASSET,GHS,22247021.29
2018-12-31,GL-2100,GL-2100,Customer deposits,LIABILITY,GHS,275402932.92
2018-12-31,GL-2400,GL-2400,Borrowings,LIABILITY,GHS,8262087.99
2018-12-31,GL-3100,GL-3100,Stated / paid-up capital,EQUITY,GHS,22000000.00
2018-12-31,GL-3200,GL-3200,Statutory reserve fund,EQUITY,GHS,13404730.62
2018-12-31,GL-3300,GL-3300,Retained earnings,EQUITY,GHS,12805519.05
2019-01-31,GL-1010,GL-1010,Cash on hand (vault),ASSET,GHS,10968634.68
2019-01-31,GL-1020,GL-1020,Balances with Bank of Ghana,ASSET,GHS,25026078.16
2019-01-31,GL-1200,GL-1200,Investments — GoG securities,ASSET,GHS,53718673.40
2019-01-31,GL-1300,GL-1300,Loans & advances (gross),ASSET,GHS,229925895.42
2019-01-31,GL-1390,GL-1390,Less: impairment allowance,ASSET,GHS,-10104683.93
2019-01-31,GL-1900,GL-1900,Other assets,ASSET,GHS,23120429.83
2019-01-31,GL-2100,GL-2100,Customer deposits,LIABILITY,GHS,275774371.96
2019-01-31,GL-2400,GL-2400,Borrowings,LIABILITY,GHS,8273231.16
2019-01-31,GL-3100,GL-3100,Stated / paid-up capital,EQUITY,GHS,22000000.00
2019-01-31,GL-3200,GL-3200,Statutory reserve fund,EQUITY,GHS,13588042.05
2019-01-31,GL-3300,GL-3300,Retained earnings,EQUITY,GHS,13019382.39
2019-02-28,GL-1010,GL-1010,Cash on hand (vault),ASSET,GHS,11215815.01
2019-02-28,GL-1020,GL-1020,Balances with Bank of Ghana,ASSET,GHS,24834512.19
2019-02-28,GL-1200,GL-1200,Investments — GoG securities,ASSET,GHS,53321225.98
2019-02-28,GL-1300,GL-1300,Loans & advances (gross),ASSET,GHS,231293215.45
2019-02-28,GL-1390,GL-1390,Less: impairment allowance,ASSET,GHS,-10482429.10
2019-02-28,GL-1900,GL-1900,Other assets,ASSET,GHS,25066256.69
2019-02-28,GL-2100,GL-2100,Customer deposits,LIABILITY,GHS,277944109.97
2019-02-28,GL-2400,GL-2400,Borrowings,LIABILITY,GHS,8338323.30
2019-02-28,GL-3100,GL-3100,Stated / paid-up capital,EQUITY,GHS,22000000.00
2019-02-28,GL-3200,GL-3200,Statutory reserve fund,EQUITY,GHS,13753613.67
2019-02-28,GL-3300,GL-3300,Retained earnings,EQUITY,GHS,13212549.28
2019-03-31,GL-1010,GL-1010,Cash on hand (vault),ASSET,GHS,11125603.77
2019-03-31,GL-1020,GL-1020,Balances with Bank of Ghana,ASSET,GHS,25390847.57
2019-03-31,GL-1200,GL-1200,Investments — GoG securities,ASSET,GHS,52893891.95
2019-03-31,GL-1300,GL-1300,Loans & advances (gross),ASSET,GHS,233022726.06
2019-03-31,GL-1390,GL-1390,Less: impairment allowance,ASSET,GHS,-10521883.45
2019-03-31,GL-1900,GL-1900,Other assets,ASSET,GHS,30995840.48
2019-03-31,GL-2100,GL-2100,Customer deposits,LIABILITY,GHS,284993872.48
2019-03-31,GL-2400,GL-2400,Borrowings,LIABILITY,GHS,8549816.17
2019-03-31,GL-3100,GL-3100,Stated / paid-up capital,EQUITY,GHS,22000000.00
2019-03-31,GL-3200,GL-3200,Statutory reserve fund,EQUITY,GHS,13936925.10
2019-03-31,GL-3300,GL-3300,Retained earnings,EQUITY,GHS,13426412.61
2019-04-30,GL-1010,GL-1010,Cash on hand (vault),ASSET,GHS,11373721.00
2019-04-30,GL-1020,GL-1020,Balances with Bank of Ghana,ASSET,GHS,25909659.34
2019-04-30,GL-1200,GL-1200,Investments — GoG securities,ASSET,GHS,52392591.61
2019-04-30,GL-1300,GL-1300,Loans & advances (gross),ASSET,GHS,235249362.57
2019-04-30,GL-1390,GL-1390,Less: impairment allowance,ASSET,GHS,-10963051.76
2019-04-30,GL-1900,GL-1900,Other assets,ASSET,GHS,25819944.27
2019-04-30,GL-2100,GL-2100,Customer deposits,LIABILITY,GHS,281586919.06
2019-04-30,GL-2400,GL-2400,Borrowings,LIABILITY,GHS,8447607.57
2019-04-30,GL-3100,GL-3100,Stated / paid-up capital,EQUITY,GHS,22000000.00
2019-04-30,GL-3200,GL-3200,Statutory reserve fund,EQUITY,GHS,14114323.26
2019-04-30,GL-3300,GL-3300,Retained earnings,EQUITY,GHS,13633377.14
2019-05-31,GL-1010,GL-1010,Cash on hand (vault),ASSET,GHS,11060913.53
2019-05-31,GL-1020,GL-1020,Balances with Bank of Ghana,ASSET,GHS,26008702.65
2019-05-31,GL-1200,GL-1200,Investments — GoG securities,ASSET,GHS,52586358.63
2019-05-31,GL-1300,GL-1300,Loans & advances (gross),ASSET,GHS,237802871.64
2019-05-31,GL-1390,GL-1390,Less: impairment allowance,ASSET,GHS,-11295996.55
2019-05-31,GL-1900,GL-1900,Other assets,ASSET,GHS,25944317.47
2019-05-31,GL-2100,GL-2100,Customer deposits,LIABILITY,GHS,283458536.13
2019-05-31,GL-2400,GL-2400,Borrowings,LIABILITY,GHS,8503756.08
2019-05-31,GL-3100,GL-3100,Stated / paid-up capital,EQUITY,GHS,22000000.00
2019-05-31,GL-3200,GL-3200,Statutory reserve fund,EQUITY,GHS,14297634.69
2019-05-31,GL-3300,GL-3300,Retained earnings,EQUITY,GHS,13847240.47
2019-06-30,GL-1010,GL-1010,Cash on hand (vault),ASSET,GHS,11392974.03
2019-06-30,GL-1020,GL-1020,Balances with Bank of Ghana,ASSET,GHS,25999759.80
2019-06-30,GL-1200,GL-1200,Investments — GoG securities,ASSET,GHS,54088185.55
2019-06-30,GL-1300,GL-1300,Loans & advances (gross),ASSET,GHS,240445185.45
2019-06-30,GL-1390,GL-1390,Less: impairment allowance,ASSET,GHS,-11713891.71
2019-06-30,GL-1900,GL-1900,Other assets,ASSET,GHS,29866254.99
2019-06-30,GL-2100,GL-2100,Customer deposits,LIABILITY,GHS,290824495.41
2019-06-30,GL-2400,GL-2400,Borrowings,LIABILITY,GHS,8724734.86
2019-06-30,GL-3100,GL-3100,Stated / paid-up capital,EQUITY,GHS,22000000.00
2019-06-30,GL-3200,GL-3200,Statutory reserve fund,EQUITY,GHS,14475032.85
2019-06-30,GL-3300,GL-3300,Retained earnings,EQUITY,GHS,14054204.99
2019-07-31,GL-1010,GL-1010,Cash on hand (vault),ASSET,GHS,11188683.13
2019-07-31,GL-1020,GL-1020,Balances with Bank of Ghana,ASSET,GHS,26308015.63
2019-07-31,GL-1200,GL-1200,Investments — GoG securities,ASSET,GHS,54750988.25
2019-07-31,GL-1300,GL-1300,Loans & advances (gross),ASSET,GHS,244220384.96
2019-07-31,GL-1390,GL-1390,Less: impairment allowance,ASSET,GHS,-14607891.98
2019-07-31,GL-1900,GL-1900,Other assets,ASSET,GHS,24108201.32
2019-07-31,GL-2100,GL-2100,Customer deposits,LIABILITY,GHS,286448513.30
2019-07-31,GL-2400,GL-2400,Borrowings,LIABILITY,GHS,8593455.40
2019-07-31,GL-3100,GL-3100,Stated / paid-up capital,EQUITY,GHS,22000000.00
2019-07-31,GL-3200,GL-3200,Statutory reserve fund,EQUITY,GHS,14658344.28
2019-07-31,GL-3300,GL-3300,Retained earnings,EQUITY,GHS,14268068.33
2019-08-31,GL-1010,GL-1010,Cash on hand (vault),ASSET,GHS,11249427.77
2019-08-31,GL-1020,GL-1020,Balances with Bank of Ghana,ASSET,GHS,25638224.51
2019-08-31,GL-1200,GL-1200,Investments — GoG securities,ASSET,GHS,55052990.54
2019-08-31,GL-1300,GL-1300,Loans & advances (gross),ASSET,GHS,244774126.42
2019-08-31,GL-1390,GL-1390,Less: impairment allowance,ASSET,GHS,-14636910.99
2019-08-31,GL-1900,GL-1900,Other assets,ASSET,GHS,26763370.78
2019-08-31,GL-2100,GL-2100,Customer deposits,LIABILITY,GHS,288852079.27
2019-08-31,GL-2400,GL-2400,Borrowings,LIABILITY,GHS,8665562.38
2019-08-31,GL-3100,GL-3100,Stated / paid-up capital,EQUITY,GHS,22000000.00
2019-08-31,GL-3200,GL-3200,Statutory reserve fund,EQUITY,GHS,14841655.72
2019-08-31,GL-3300,GL-3300,Retained earnings,EQUITY,GHS,14481931.67
2019-09-30,GL-1010,GL-1010,Cash on hand (vault),ASSET,GHS,11897266.86
2019-09-30,GL-1020,GL-1020,Balances with Bank of Ghana,ASSET,GHS,27140464.11
2019-09-30,GL-1200,GL-1200,Investments — GoG securities,ASSET,GHS,54875943.43
2019-09-30,GL-1300,GL-1300,Loans & advances (gross),ASSET,GHS,248726764.38
2019-09-30,GL-1390,GL-1390,Less: impairment allowance,ASSET,GHS,-15222095.87
2019-09-30,GL-1900,GL-1900,Other assets,ASSET,GHS,28792514.12
2019-09-30,GL-2100,GL-2100,Customer deposits,LIABILITY,GHS,295633890.26
2019-09-30,GL-2400,GL-2400,Borrowings,LIABILITY,GHS,8869016.71
2019-09-30,GL-3100,GL-3100,Stated / paid-up capital,EQUITY,GHS,22000000.00
2019-09-30,GL-3200,GL-3200,Statutory reserve fund,EQUITY,GHS,15019053.88
2019-09-30,GL-3300,GL-3300,Retained earnings,EQUITY,GHS,14688896.19
2019-10-31,GL-1010,GL-1010,Cash on hand (vault),ASSET,GHS,11719046.48
2019-10-31,GL-1020,GL-1020,Balances with Bank of Ghana,ASSET,GHS,25946445.80
2019-10-31,GL-1200,GL-1200,Investments — GoG securities,ASSET,GHS,53972295.24
2019-10-31,GL-1300,GL-1300,Loans & advances (gross),ASSET,GHS,249891469.04
2019-10-31,GL-1390,GL-1390,Less: impairment allowance,ASSET,GHS,-14848403.85
2019-10-31,GL-1900,GL-1900,Other assets,ASSET,GHS,26223260.57
2019-10-31,GL-2100,GL-2100,Customer deposits,LIABILITY,GHS,292037852.85
2019-10-31,GL-2400,GL-2400,Borrowings,LIABILITY,GHS,8761135.59
2019-10-31,GL-3100,GL-3100,Stated / paid-up capital,EQUITY,GHS,22000000.00
2019-10-31,GL-3200,GL-3200,Statutory reserve fund,EQUITY,GHS,15202365.31
2019-10-31,GL-3300,GL-3300,Retained earnings,EQUITY,GHS,14902759.53
2019-11-30,GL-1010,GL-1010,Cash on hand (vault),ASSET,GHS,11860350.75
2019-11-30,GL-1020,GL-1020,Balances with Bank of Ghana,ASSET,GHS,26260337.75
2019-11-30,GL-1200,GL-1200,Investments — GoG securities,ASSET,GHS,56385573.27
2019-11-30,GL-1300,GL-1300,Loans & advances (gross),ASSET,GHS,251791180.77
2019-11-30,GL-1390,GL-1390,Less: impairment allowance,ASSET,GHS,-15547027.93
2019-11-30,GL-1900,GL-1900,Other assets,ASSET,GHS,25423688.74
2019-11-30,GL-2100,GL-2100,Customer deposits,LIABILITY,GHS,294839432.85
2019-11-30,GL-2400,GL-2400,Borrowings,LIABILITY,GHS,8845182.99
2019-11-30,GL-3100,GL-3100,Stated / paid-up capital,EQUITY,GHS,22000000.00
2019-11-30,GL-3200,GL-3200,Statutory reserve fund,EQUITY,GHS,15379763.47
2019-11-30,GL-3300,GL-3300,Retained earnings,EQUITY,GHS,15109724.05
2019-12-31,GL-1010,GL-1010,Cash on hand (vault),ASSET,GHS,11594552.77
2019-12-31,GL-1020,GL-1020,Balances with Bank of Ghana,ASSET,GHS,26462294.52
2019-12-31,GL-1200,GL-1200,Investments — GoG securities,ASSET,GHS,56821984.02
2019-12-31,GL-1300,GL-1300,Loans & advances (gross),ASSET,GHS,253283258.02
2019-12-31,GL-1390,GL-1390,Less: impairment allowance,ASSET,GHS,-15476381.56
2019-12-31,GL-1900,GL-1900,Other assets,ASSET,GHS,27110559.70
2019-12-31,GL-2100,GL-2100,Customer deposits,LIABILITY,GHS,297970490.46
2019-12-31,GL-2400,GL-2400,Borrowings,LIABILITY,GHS,8939114.71
2019-12-31,GL-3100,GL-3100,Stated / paid-up capital,EQUITY,GHS,22000000.00
2019-12-31,GL-3200,GL-3200,Statutory reserve fund,EQUITY,GHS,15563074.90
2019-12-31,GL-3300,GL-3300,Retained earnings,EQUITY,GHS,15323587.39
2020-01-31,GL-1010,GL-1010,Cash on hand (vault),ASSET,GHS,12238714.87
2020-01-31,GL-1020,GL-1020,Balances with Bank of Ghana,ASSET,GHS,27108427.28
2020-01-31,GL-1200,GL-1200,Investments — GoG securities,ASSET,GHS,54796488.87
2020-01-31,GL-1300,GL-1300,Loans & advances (gross),ASSET,GHS,258639310.81
2020-01-31,GL-1390,GL-1390,Less: impairment allowance,ASSET,GHS,-16595565.49
2020-01-31,GL-1900,GL-1900,Other assets,ASSET,GHS,23086442.55
2020-01-31,GL-2100,GL-2100,Customer deposits,LIABILITY,GHS,297077652.25
2020-01-31,GL-2400,GL-2400,Borrowings,LIABILITY,GHS,8912329.57
2020-01-31,GL-3100,GL-3100,Stated / paid-up capital,EQUITY,GHS,22000000.00
2020-01-31,GL-3200,GL-3200,Statutory reserve fund,EQUITY,GHS,15746386.33
2020-01-31,GL-3300,GL-3300,Retained earnings,EQUITY,GHS,15537450.72
2020-02-29,GL-1010,GL-1010,Cash on hand (vault),ASSET,GHS,12152952.02
2020-02-29,GL-1020,GL-1020,Balances with Bank of Ghana,ASSET,GHS,26909670.87
2020-02-29,GL-1200,GL-1200,Investments — GoG securities,ASSET,GHS,55980863.26
2020-02-29,GL-1300,GL-1300,Loans & advances (gross),ASSET,GHS,263085963.58
2020-02-29,GL-1390,GL-1390,Less: impairment allowance,ASSET,GHS,-16892465.60
2020-02-29,GL-1900,GL-1900,Other assets,ASSET,GHS,22541246.69
2020-02-29,GL-2100,GL-2100,Customer deposits,LIABILITY,GHS,301090138.99
2020-02-29,GL-2400,GL-2400,Borrowings,LIABILITY,GHS,9032704.17
2020-02-29,GL-3100,GL-3100,Stated / paid-up capital,EQUITY,GHS,22000000.00
2020-02-29,GL-3200,GL-3200,Statutory reserve fund,EQUITY,GHS,15917871.22
2020-02-29,GL-3300,GL-3300,Retained earnings,EQUITY,GHS,15737516.43
2020-03-31,GL-1010,GL-1010,Cash on hand (vault),ASSET,GHS,12463073.22
2020-03-31,GL-1020,GL-1020,Balances with Bank of Ghana,ASSET,GHS,27595086.64
2020-03-31,GL-1200,GL-1200,Investments — GoG securities,ASSET,GHS,57404290.11
2020-03-31,GL-1300,GL-1300,Loans & advances (gross),ASSET,GHS,265303447.77
2020-03-31,GL-1390,GL-1390,Less: impairment allowance,ASSET,GHS,-17023401.84
2020-03-31,GL-1900,GL-1900,Other assets,ASSET,GHS,27253221.79
2020-03-31,GL-2100,GL-2100,Customer deposits,LIABILITY,GHS,309653548.82
2020-03-31,GL-2400,GL-2400,Borrowings,LIABILITY,GHS,9289606.46
2020-03-31,GL-3100,GL-3100,Stated / paid-up capital,EQUITY,GHS,22000000.00
2020-03-31,GL-3200,GL-3200,Statutory reserve fund,EQUITY,GHS,16101182.65
2020-03-31,GL-3300,GL-3300,Retained earnings,EQUITY,GHS,15951379.76
2020-04-30,GL-1010,GL-1010,Cash on hand (vault),ASSET,GHS,11905624.38
2020-04-30,GL-1020,GL-1020,Balances with Bank of Ghana,ASSET,GHS,27169949.17
2020-04-30,GL-1200,GL-1200,Investments — GoG securities,ASSET,GHS,58335709.66
2020-04-30,GL-1300,GL-1300,Loans & advances (gross),ASSET,GHS,266741015.47
2020-04-30,GL-1390,GL-1390,Less: impairment allowance,ASSET,GHS,-17272200.08
2020-04-30,GL-1900,GL-1900,Other assets,ASSET,GHS,20811524.28
2020-04-30,GL-2100,GL-2100,Customer deposits,LIABILITY,GHS,304130774.55
2020-04-30,GL-2400,GL-2400,Borrowings,LIABILITY,GHS,9123923.24
2020-04-30,GL-3100,GL-3100,Stated / paid-up capital,EQUITY,GHS,22000000.00
2020-04-30,GL-3200,GL-3200,Statutory reserve fund,EQUITY,GHS,16278580.81
2020-04-30,GL-3300,GL-3300,Retained earnings,EQUITY,GHS,16158344.28
2020-05-31,GL-1010,GL-1010,Cash on hand (vault),ASSET,GHS,11919978.83
2020-05-31,GL-1020,GL-1020,Balances with Bank of Ghana,ASSET,GHS,28028392.30
2020-05-31,GL-1200,GL-1200,Investments — GoG securities,ASSET,GHS,56670557.17
2020-05-31,GL-1300,GL-1300,Loans & advances (gross),ASSET,GHS,268367678.69
2020-05-31,GL-1390,GL-1390,Less: impairment allowance,ASSET,GHS,-17848132.36
2020-05-31,GL-1900,GL-1900,Other assets,ASSET,GHS,22249866.91
2020-05-31,GL-2100,GL-2100,Customer deposits,LIABILITY,GHS,305392467.64
2020-05-31,GL-2400,GL-2400,Borrowings,LIABILITY,GHS,9161774.03
2020-05-31,GL-3100,GL-3100,Stated / paid-up capital,EQUITY,GHS,22000000.00
2020-05-31,GL-3200,GL-3200,Statutory reserve fund,EQUITY,GHS,16461892.25
2020-05-31,GL-3300,GL-3300,Retained earnings,EQUITY,GHS,16372207.62
2020-06-30,GL-1010,GL-1010,Cash on hand (vault),ASSET,GHS,12296635.29
2020-06-30,GL-1020,GL-1020,Balances with Bank of Ghana,ASSET,GHS,28910933.79
2020-06-30,GL-1200,GL-1200,Investments — GoG securities,ASSET,GHS,58461145.26
2020-06-30,GL-1300,GL-1300,Loans & advances (gross),ASSET,GHS,269409111.21
2020-06-30,GL-1390,GL-1390,Less: impairment allowance,ASSET,GHS,-18378719.26
2020-06-30,GL-1900,GL-1900,Other assets,ASSET,GHS,28200798.79
2020-06-30,GL-2100,GL-2100,Customer deposits,LIABILITY,GHS,314253827.70
2020-06-30,GL-2400,GL-2400,Borrowings,LIABILITY,GHS,9427614.83
2020-06-30,GL-3100,GL-3100,Stated / paid-up capital,EQUITY,GHS,22000000.00
2020-06-30,GL-3200,GL-3200,Statutory reserve fund,EQUITY,GHS,16639290.41
2020-06-30,GL-3300,GL-3300,Retained earnings,EQUITY,GHS,16579172.14
2020-07-31,GL-1010,GL-1010,Cash on hand (vault),ASSET,GHS,12508789.71
2020-07-31,GL-1020,GL-1020,Balances with Bank of Ghana,ASSET,GHS,28535766.92
2020-07-31,GL-1200,GL-1200,Investments — GoG securities,ASSET,GHS,57695369.95
2020-07-31,GL-1300,GL-1300,Loans & advances (gross),ASSET,GHS,270865425.17
2020-07-31,GL-1390,GL-1390,Less: impairment allowance,ASSET,GHS,-19526096.00
2020-07-31,GL-1900,GL-1900,Other assets,ASSET,GHS,25916456.37
2020-07-31,GL-2100,GL-2100,Customer deposits,LIABILITY,GHS,311048616.31
2020-07-31,GL-2400,GL-2400,Borrowings,LIABILITY,GHS,9331458.49
2020-07-31,GL-3100,GL-3100,Stated / paid-up capital,EQUITY,GHS,22000000.00
2020-07-31,GL-3200,GL-3200,Statutory reserve fund,EQUITY,GHS,16822601.84
2020-07-31,GL-3300,GL-3300,Retained earnings,EQUITY,GHS,16793035.48
2020-08-31,GL-1010,GL-1010,Cash on hand (vault),ASSET,GHS,12519450.86
2020-08-31,GL-1020,GL-1020,Balances with Bank of Ghana,ASSET,GHS,27718255.48
2020-08-31,GL-1200,GL-1200,Investments — GoG securities,ASSET,GHS,59519179.24
2020-08-31,GL-1300,GL-1300,Loans & advances (gross),ASSET,GHS,273256847.69
2020-08-31,GL-1390,GL-1390,Less: impairment allowance,ASSET,GHS,-19572279.58
2020-08-31,GL-1900,GL-1900,Other assets,ASSET,GHS,24141870.20
2020-08-31,GL-2100,GL-2100,Customer deposits,LIABILITY,GHS,312204380.39
2020-08-31,GL-2400,GL-2400,Borrowings,LIABILITY,GHS,9366131.41
2020-08-31,GL-3100,GL-3100,Stated / paid-up capital,EQUITY,GHS,22000000.00
2020-08-31,GL-3200,GL-3200,Statutory reserve fund,EQUITY,GHS,17005913.27
2020-08-31,GL-3300,GL-3300,Retained earnings,EQUITY,GHS,17006898.82
2020-09-30,GL-1010,GL-1010,Cash on hand (vault),ASSET,GHS,12891881.45
2020-09-30,GL-1020,GL-1020,Balances with Bank of Ghana,ASSET,GHS,28543952.97
2020-09-30,GL-1200,GL-1200,Investments — GoG securities,ASSET,GHS,61289635.20
2020-09-30,GL-1300,GL-1300,Loans & advances (gross),ASSET,GHS,274224634.87
2020-09-30,GL-1390,GL-1390,Less: impairment allowance,ASSET,GHS,-19926326.53
2020-09-30,GL-1900,GL-1900,Other assets,ASSET,GHS,29703122.87
2020-09-30,GL-2100,GL-2100,Customer deposits,LIABILITY,GHS,320708471.90
2020-09-30,GL-2400,GL-2400,Borrowings,LIABILITY,GHS,9621254.16
2020-09-30,GL-3100,GL-3100,Stated / paid-up capital,EQUITY,GHS,22000000.00
2020-09-30,GL-3200,GL-3200,Statutory reserve fund,EQUITY,GHS,17183311.43
2020-09-30,GL-3300,GL-3300,Retained earnings,EQUITY,GHS,17213863.34
2020-10-31,GL-1010,GL-1010,Cash on hand (vault),ASSET,GHS,12298468.58
2020-10-31,GL-1020,GL-1020,Balances with Bank of Ghana,ASSET,GHS,28069133.99
2020-10-31,GL-1200,GL-1200,Investments — GoG securities,ASSET,GHS,60273049.55
2020-10-31,GL-1300,GL-1300,Loans & advances (gross),ASSET,GHS,275088737.23
2020-10-31,GL-1390,GL-1390,Less: impairment allowance,ASSET,GHS,-21275719.63
2020-10-31,GL-1900,GL-1900,Other assets,ASSET,GHS,28120332.34
2020-10-31,GL-2100,GL-2100,Customer deposits,LIABILITY,GHS,316290924.77
2020-10-31,GL-2400,GL-2400,Borrowings,LIABILITY,GHS,9488727.74
2020-10-31,GL-3100,GL-3100,Stated / paid-up capital,EQUITY,GHS,22000000.00
2020-10-31,GL-3200,GL-3200,Statutory reserve fund,EQUITY,GHS,17366622.86
2020-10-31,GL-3300,GL-3300,Retained earnings,EQUITY,GHS,17427726.68
2020-11-30,GL-1010,GL-1010,Cash on hand (vault),ASSET,GHS,12744383.36
2020-11-30,GL-1020,GL-1020,Balances with Bank of Ghana,ASSET,GHS,29033439.92
2020-11-30,GL-1200,GL-1200,Investments — GoG securities,ASSET,GHS,58699462.52
2020-11-30,GL-1300,GL-1300,Loans & advances (gross),ASSET,GHS,277293125.73
2020-11-30,GL-1390,GL-1390,Less: impairment allowance,ASSET,GHS,-21890110.65
2020-11-30,GL-1900,GL-1900,Other assets,ASSET,GHS,27534383.33
2020-11-30,GL-2100,GL-2100,Customer deposits,LIABILITY,GHS,316733953.39
2020-11-30,GL-2400,GL-2400,Borrowings,LIABILITY,GHS,9502018.60
2020-11-30,GL-3100,GL-3100,Stated / paid-up capital,EQUITY,GHS,22000000.00
2020-11-30,GL-3200,GL-3200,Statutory reserve fund,EQUITY,GHS,17544021.02
2020-11-30,GL-3300,GL-3300,Retained earnings,EQUITY,GHS,17634691.20
2020-12-31,GL-1010,GL-1010,Cash on hand (vault),ASSET,GHS,12857914.19
2020-12-31,GL-1020,GL-1020,Balances with Bank of Ghana,ASSET,GHS,29293113.06
2020-12-31,GL-1200,GL-1200,Investments — GoG securities,ASSET,GHS,59217077.47
2020-12-31,GL-1300,GL-1300,Loans & advances (gross),ASSET,GHS,280483034.41
2020-12-31,GL-1390,GL-1390,Less: impairment allowance,ASSET,GHS,-22169536.89
2020-12-31,GL-1900,GL-1900,Other assets,ASSET,GHS,27977616.47
2020-12-31,GL-2100,GL-2100,Customer deposits,LIABILITY,GHS,320469254.10
2020-12-31,GL-2400,GL-2400,Borrowings,LIABILITY,GHS,9614077.62
2020-12-31,GL-3100,GL-3100,Stated / paid-up capital,EQUITY,GHS,22000000.00
2020-12-31,GL-3200,GL-3200,Statutory reserve fund,EQUITY,GHS,17727332.46
2020-12-31,GL-3300,GL-3300,Retained earnings,EQUITY,GHS,17848554.53
2021-01-31,GL-1010,GL-1010,Cash on hand (vault),ASSET,GHS,12848049.12
2021-01-31,GL-1020,GL-1020,Balances with Bank of Ghana,ASSET,GHS,29312348.49
2021-01-31,GL-1200,GL-1200,Investments — GoG securities,ASSET,GHS,62914628.26
2021-01-31,GL-1300,GL-1300,Loans & advances (gross),ASSET,GHS,282510378.87
2021-01-31,GL-1390,GL-1390,Less: impairment allowance,ASSET,GHS,-22775051.42
2021-01-31,GL-1900,GL-1900,Other assets,ASSET,GHS,24398196.33
2021-01-31,GL-2100,GL-2100,Customer deposits,LIABILITY,GHS,321587852.32
2021-01-31,GL-2400,GL-2400,Borrowings,LIABILITY,GHS,9647635.57
2021-01-31,GL-3100,GL-3100,Stated / paid-up capital,EQUITY,GHS,22000000.00
2021-01-31,GL-3200,GL-3200,Statutory reserve fund,EQUITY,GHS,17910643.89
2021-01-31,GL-3300,GL-3300,Retained earnings,EQUITY,GHS,18062417.87
2021-02-28,GL-1010,GL-1010,Cash on hand (vault),ASSET,GHS,12796073.52
2021-02-28,GL-1020,GL-1020,Balances with Bank of Ghana,ASSET,GHS,29158972.74
2021-02-28,GL-1200,GL-1200,Investments — GoG securities,ASSET,GHS,62601432.04
2021-02-28,GL-1300,GL-1300,Loans & advances (gross),ASSET,GHS,282855658.12
2021-02-28,GL-1390,GL-1390,Less: impairment allowance,ASSET,GHS,-22944789.24
2021-02-28,GL-1900,GL-1900,Other assets,ASSET,GHS,28497906.95
2021-02-28,GL-2100,GL-2100,Customer deposits,LIABILITY,GHS,324886848.41
2021-02-28,GL-2400,GL-2400,Borrowings,LIABILITY,GHS,9746605.45
2021-02-28,GL-3100,GL-3100,Stated / paid-up capital,EQUITY,GHS,22000000.00
2021-02-28,GL-3200,GL-3200,Statutory reserve fund,EQUITY,GHS,18076215.51
2021-02-28,GL-3300,GL-3300,Retained earnings,EQUITY,GHS,18255584.76
2021-03-31,GL-1010,GL-1010,Cash on hand (vault),ASSET,GHS,13629927.11
2021-03-31,GL-1020,GL-1020,Balances with Bank of Ghana,ASSET,GHS,31048605.66
2021-03-31,GL-1200,GL-1200,Investments — GoG securities,ASSET,GHS,62789582.75
2021-03-31,GL-1300,GL-1300,Loans & advances (gross),ASSET,GHS,286882968.72
2021-03-31,GL-1390,GL-1390,Less: impairment allowance,ASSET,GHS,-23220437.50
2021-03-31,GL-1900,GL-1900,Other assets,ASSET,GHS,34479901.75
2021-03-31,GL-2100,GL-2100,Customer deposits,LIABILITY,GHS,336778226.65
2021-03-31,GL-2400,GL-2400,Borrowings,LIABILITY,GHS,10103346.80
2021-03-31,GL-3100,GL-3100,Stated / paid-up capital,EQUITY,GHS,22000000.00
2021-03-31,GL-3200,GL-3200,Statutory reserve fund,EQUITY,GHS,18259526.94
2021-03-31,GL-3300,GL-3300,Retained earnings,EQUITY,GHS,18469448.09
2021-04-30,GL-1010,GL-1010,Cash on hand (vault),ASSET,GHS,13510597.89
2021-04-30,GL-1020,GL-1020,Balances with Bank of Ghana,ASSET,GHS,29918294.13
2021-04-30,GL-1200,GL-1200,Investments — GoG securities,ASSET,GHS,62244536.81
2021-04-30,GL-1300,GL-1300,Loans & advances (gross),ASSET,GHS,290777400.12
2021-04-30,GL-1390,GL-1390,Less: impairment allowance,ASSET,GHS,-26238638.11
2021-04-30,GL-1900,GL-1900,Other assets,ASSET,GHS,31915578.76
2021-04-30,GL-2100,GL-2100,Customer deposits,LIABILITY,GHS,333023720.27
2021-04-30,GL-2400,GL-2400,Borrowings,LIABILITY,GHS,9990711.61
2021-04-30,GL-3100,GL-3100,Stated / paid-up capital,EQUITY,GHS,22000000.00
2021-04-30,GL-3200,GL-3200,Statutory reserve fund,EQUITY,GHS,18436925.10
2021-04-30,GL-3300,GL-3300,Retained earnings,EQUITY,GHS,18676412.61
2021-05-31,GL-1010,GL-1010,Cash on hand (vault),ASSET,GHS,13483693.23
2021-05-31,GL-1020,GL-1020,Balances with Bank of Ghana,ASSET,GHS,29857355.53
2021-05-31,GL-1200,GL-1200,Investments — GoG securities,ASSET,GHS,62115119.98
2021-05-31,GL-1300,GL-1300,Loans & advances (gross),ASSET,GHS,293212432.28
2021-05-31,GL-1390,GL-1390,Less: impairment allowance,ASSET,GHS,-26634484.23
2021-05-31,GL-1900,GL-1900,Other assets,ASSET,GHS,30778573.53
2021-05-31,GL-2100,GL-2100,Customer deposits,LIABILITY,GHS,333303085.28
2021-05-31,GL-2400,GL-2400,Borrowings,LIABILITY,GHS,9999092.56
2021-05-31,GL-3100,GL-3100,Stated / paid-up capital,EQUITY,GHS,22000000.00
2021-05-31,GL-3200,GL-3200,Statutory reserve fund,EQUITY,GHS,18620236.53
2021-05-31,GL-3300,GL-3300,Retained earnings,EQUITY,GHS,18890275.95
2021-06-30,GL-1010,GL-1010,Cash on hand (vault),ASSET,GHS,13466222.78
2021-06-30,GL-1020,GL-1020,Balances with Bank of Ghana,ASSET,GHS,30729140.10
2021-06-30,GL-1200,GL-1200,Investments — GoG securities,ASSET,GHS,65971820.77
2021-06-30,GL-1300,GL-1300,Loans & advances (gross),ASSET,GHS,294131834.98
2021-06-30,GL-1390,GL-1390,Less: impairment allowance,ASSET,GHS,-26279059.66
2021-06-30,GL-1900,GL-1900,Other assets,ASSET,GHS,34333767.15
2021-06-30,GL-2100,GL-2100,Customer deposits,LIABILITY,GHS,342193059.19
2021-06-30,GL-2400,GL-2400,Borrowings,LIABILITY,GHS,10265791.78
2021-06-30,GL-3100,GL-3100,Stated / paid-up capital,EQUITY,GHS,22000000.00
2021-06-30,GL-3200,GL-3200,Statutory reserve fund,EQUITY,GHS,18797634.69
2021-06-30,GL-3300,GL-3300,Retained earnings,EQUITY,GHS,19097240.47
2021-07-02,GL-1010,GL-1010,Cash on hand (vault),ASSET,GHS,13422222.57
2021-07-02,GL-1020,GL-1020,Balances with Bank of Ghana,ASSET,GHS,29716664.23
2021-07-02,GL-1200,GL-1200,Investments — GoG securities,ASSET,GHS,63811118.52
2021-07-02,GL-1300,GL-1300,Loans & advances (gross),ASSET,GHS,294266337.25
2021-07-02,GL-1390,GL-1390,Less: impairment allowance,ASSET,GHS,-27372636.75
2021-07-02,GL-1900,GL-1900,Other assets,ASSET,GHS,31079444.66
2021-07-02,GL-2100,GL-2100,Customer deposits,LIABILITY,GHS,334954030.22
2021-07-02,GL-2400,GL-2400,Borrowings,LIABILITY,GHS,10048620.91
2021-07-02,GL-3100,GL-3100,Stated / paid-up capital,EQUITY,GHS,22000000.00
2021-07-02,GL-3200,GL-3200,Statutory reserve fund,EQUITY,GHS,18809461.24
2021-07-02,GL-3300,GL-3300,Retained earnings,EQUITY,GHS,19111038.11
2021-07-09,GL-1010,GL-1010,Cash on hand (vault),ASSET,GHS,13286057.62
2021-07-09,GL-1020,GL-1020,Balances with Bank of Ghana,ASSET,GHS,30315187.36
2021-07-09,GL-1200,GL-1200,Investments — GoG securities,ASSET,GHS,63164403.42
2021-07-09,GL-1300,GL-1300,Loans & advances (gross),ASSET,GHS,294790320.19
2021-07-09,GL-1390,GL-1390,Less: impairment allowance,ASSET,GHS,-26911155.37
2021-07-09,GL-1900,GL-1900,Other assets,ASSET,GHS,30792782.91
2021-07-09,GL-2100,GL-2100,Customer deposits,LIABILITY,GHS,335366419.58
2021-07-09,GL-2400,GL-2400,Borrowings,LIABILITY,GHS,10060992.59
2021-07-09,GL-3100,GL-3100,Stated / paid-up capital,EQUITY,GHS,22000000.00
2021-07-09,GL-3200,GL-3200,Statutory reserve fund,EQUITY,GHS,18850854.14
2021-07-09,GL-3300,GL-3300,Retained earnings,EQUITY,GHS,19159329.83
2021-07-16,GL-1010,GL-1010,Cash on hand (vault),ASSET,GHS,13229794.55
2021-07-16,GL-1020,GL-1020,Balances with Bank of Ghana,ASSET,GHS,30191690.59
2021-07-16,GL-1200,GL-1200,Investments — GoG securities,ASSET,GHS,64823186.03
2021-07-16,GL-1300,GL-1300,Loans & advances (gross),ASSET,GHS,295141804.79
2021-07-16,GL-1390,GL-1390,Less: impairment allowance,ASSET,GHS,-26820125.04
2021-07-16,GL-1900,GL-1900,Other assets,ASSET,GHS,31497107.67
2021-07-16,GL-2100,GL-2100,Customer deposits,LIABILITY,GHS,337828728.15
2021-07-16,GL-2400,GL-2400,Borrowings,LIABILITY,GHS,10134861.84
2021-07-16,GL-3100,GL-3100,Stated / paid-up capital,EQUITY,GHS,22000000.00
2021-07-16,GL-3200,GL-3200,Statutory reserve fund,EQUITY,GHS,18892247.04
2021-07-16,GL-3300,GL-3300,Retained earnings,EQUITY,GHS,19207621.55
2021-07-23,GL-1010,GL-1010,Cash on hand (vault),ASSET,GHS,13508084.19
2021-07-23,GL-1020,GL-1020,Balances with Bank of Ghana,ASSET,GHS,29904739.02
2021-07-23,GL-1200,GL-1200,Investments — GoG securities,ASSET,GHS,64219549.11
2021-07-23,GL-1300,GL-1300,Loans & advances (gross),ASSET,GHS,296425171.37
2021-07-23,GL-1390,GL-1390,Less: impairment allowance,ASSET,GHS,-27260115.78
2021-07-23,GL-1900,GL-1900,Other assets,ASSET,GHS,32045025.53
2021-07-23,GL-2100,GL-2100,Customer deposits,LIABILITY,GHS,338497961.38
2021-07-23,GL-2400,GL-2400,Borrowings,LIABILITY,GHS,10154938.84
2021-07-23,GL-3100,GL-3100,Stated / paid-up capital,EQUITY,GHS,22000000.00
2021-07-23,GL-3200,GL-3200,Statutory reserve fund,EQUITY,GHS,18933639.95
2021-07-23,GL-3300,GL-3300,Retained earnings,EQUITY,GHS,19255913.27
2021-07-30,GL-1010,GL-1010,Cash on hand (vault),ASSET,GHS,13411244.52
2021-07-30,GL-1020,GL-1020,Balances with Bank of Ghana,ASSET,GHS,30602619.23
2021-07-30,GL-1200,GL-1200,Investments — GoG securities,ASSET,GHS,63759801.49
2021-07-30,GL-1300,GL-1300,Loans & advances (gross),ASSET,GHS,296932965.59
2021-07-30,GL-1390,GL-1390,Less: impairment allowance,ASSET,GHS,-26867798.65
2021-07-30,GL-1900,GL-1900,Other assets,ASSET,GHS,32588706.20
2021-07-30,GL-2100,GL-2100,Customer deposits,LIABILITY,GHS,339949806.34
2021-07-30,GL-2400,GL-2400,Borrowings,LIABILITY,GHS,10198494.19
2021-07-30,GL-3100,GL-3100,Stated / paid-up capital,EQUITY,GHS,22000000.00
2021-07-30,GL-3200,GL-3200,Statutory reserve fund,EQUITY,GHS,18975032.85
2021-07-30,GL-3300,GL-3300,Retained earnings,EQUITY,GHS,19304204.99
2021-07-31,GL-1010,GL-1010,Cash on hand (vault),ASSET,GHS,13338224.01
2021-07-31,GL-1020,GL-1020,Balances with Bank of Ghana,ASSET,GHS,31356114.96
2021-07-31,GL-1200,GL-1200,Investments — GoG securities,ASSET,GHS,63412951.00
2021-07-31,GL-1300,GL-1300,Loans & advances (gross),ASSET,GHS,296793157.76
2021-07-31,GL-1390,GL-1390,Less: impairment allowance,ASSET,GHS,-26881419.00
2021-07-31,GL-1900,GL-1900,Other assets,ASSET,GHS,32402426.66
2021-07-31,GL-2100,GL-2100,Customer deposits,LIABILITY,GHS,339931461.60
2021-07-31,GL-2400,GL-2400,Borrowings,LIABILITY,GHS,10197943.85
2021-07-31,GL-3100,GL-3100,Stated / paid-up capital,EQUITY,GHS,22000000.00
2021-07-31,GL-3200,GL-3200,Statutory reserve fund,EQUITY,GHS,18980946.12
2021-07-31,GL-3300,GL-3300,Retained earnings,EQUITY,GHS,19311103.81
2021-08-06,GL-1010,GL-1010,Cash on hand (vault),ASSET,GHS,13678848.10
2021-08-06,GL-1020,GL-1020,Balances with Bank of Ghana,ASSET,GHS,30244576.54
2021-08-06,GL-1200,GL-1200,Investments — GoG securities,ASSET,GHS,64941293.97
2021-08-06,GL-1300,GL-1300,Loans & advances (gross),ASSET,GHS,295902173.13
2021-08-06,GL-1390,GL-1390,Less: impairment allowance,ASSET,GHS,-26976796.77
2021-08-06,GL-1900,GL-1900,Other assets,ASSET,GHS,32613770.57
2021-08-06,GL-2100,GL-2100,Customer deposits,LIABILITY,GHS,339839750.55
2021-08-06,GL-2400,GL-2400,Borrowings,LIABILITY,GHS,10195192.52
2021-08-06,GL-3100,GL-3100,Stated / paid-up capital,EQUITY,GHS,22000000.00
2021-08-06,GL-3200,GL-3200,Statutory reserve fund,EQUITY,GHS,19016425.76
2021-08-06,GL-3300,GL-3300,Retained earnings,EQUITY,GHS,19352496.71
2021-08-13,GL-1010,GL-1010,Cash on hand (vault),ASSET,GHS,13908526.89
2021-08-13,GL-1020,GL-1020,Balances with Bank of Ghana,ASSET,GHS,29846222.78
2021-08-13,GL-1200,GL-1200,Investments — GoG securities,ASSET,GHS,64098491.25
2021-08-13,GL-1300,GL-1300,Loans & advances (gross),ASSET,GHS,297052686.15
2021-08-13,GL-1390,GL-1390,Less: impairment allowance,ASSET,GHS,-27423784.49
2021-08-13,GL-1900,GL-1900,Other assets,ASSET,GHS,32423438.02
2021-08-13,GL-2100,GL-2100,Customer deposits,LIABILITY,GHS,339268906.31
2021-08-13,GL-2400,GL-2400,Borrowings,LIABILITY,GHS,10178067.19
2021-08-13,GL-3100,GL-3100,Stated / paid-up capital,EQUITY,GHS,22000000.00
2021-08-13,GL-3200,GL-3200,Statutory reserve fund,EQUITY,GHS,19057818.66
2021-08-13,GL-3300,GL-3300,Retained earnings,EQUITY,GHS,19400788.44
2021-08-20,GL-1010,GL-1010,Cash on hand (vault),ASSET,GHS,13751144.90
2021-08-20,GL-1020,GL-1020,Balances with Bank of Ghana,ASSET,GHS,31324084.00
2021-08-20,GL-1200,GL-1200,Investments — GoG securities,ASSET,GHS,63351343.71
2021-08-20,GL-1300,GL-1300,Loans & advances (gross),ASSET,GHS,297390359.78
2021-08-20,GL-1390,GL-1390,Less: impairment allowance,ASSET,GHS,-26973625.02
2021-08-20,GL-1900,GL-1900,Other assets,ASSET,GHS,31077895.38
2021-08-20,GL-2100,GL-2100,Customer deposits,LIABILITY,GHS,339197001.01
2021-08-20,GL-2400,GL-2400,Borrowings,LIABILITY,GHS,10175910.03
2021-08-20,GL-3100,GL-3100,Stated / paid-up capital,EQUITY,GHS,22000000.00
2021-08-20,GL-3200,GL-3200,Statutory reserve fund,EQUITY,GHS,19099211.56
2021-08-20,GL-3300,GL-3300,Retained earnings,EQUITY,GHS,19449080.16
2021-08-27,GL-1010,GL-1010,Cash on hand (vault),ASSET,GHS,13613700.50
2021-08-27,GL-1020,GL-1020,Balances with Bank of Ghana,ASSET,GHS,31057731.68
2021-08-27,GL-1200,GL-1200,Investments — GoG securities,ASSET,GHS,64631864.27
2021-08-27,GL-1300,GL-1300,Loans & advances (gross),ASSET,GHS,297280278.78
2021-08-27,GL-1390,GL-1390,Less: impairment allowance,ASSET,GHS,-28238881.28
2021-08-27,GL-1900,GL-1900,Other assets,ASSET,GHS,32102752.75
2021-08-27,GL-2100,GL-2100,Customer deposits,LIABILITY,GHS,339620845.01
2021-08-27,GL-2400,GL-2400,Borrowings,LIABILITY,GHS,10188625.35
2021-08-27,GL-3100,GL-3100,Stated / paid-up capital,EQUITY,GHS,22000000.00
2021-08-27,GL-3200,GL-3200,Statutory reserve fund,EQUITY,GHS,19140604.47
2021-08-27,GL-3300,GL-3300,Retained earnings,EQUITY,GHS,19497371.88
2021-08-31,GL-1010,GL-1010,Cash on hand (vault),ASSET,GHS,13756651.41
2021-08-31,GL-1020,GL-1020,Balances with Bank of Ghana,ASSET,GHS,31381305.00
2021-08-31,GL-1200,GL-1200,Investments — GoG securities,ASSET,GHS,63456077.08
2021-08-31,GL-1300,GL-1300,Loans & advances (gross),ASSET,GHS,297820901.57
2021-08-31,GL-1390,GL-1390,Less: impairment allowance,ASSET,GHS,-27986733.18
2021-08-31,GL-1900,GL-1900,Other assets,ASSET,GHS,33655050.68
2021-08-31,GL-2100,GL-2100,Customer deposits,LIABILITY,GHS,341159250.34
2021-08-31,GL-2400,GL-2400,Borrowings,LIABILITY,GHS,10234777.51
2021-08-31,GL-3100,GL-3100,Stated / paid-up capital,EQUITY,GHS,22000000.00
2021-08-31,GL-3200,GL-3200,Statutory reserve fund,EQUITY,GHS,19164257.56
2021-08-31,GL-3300,GL-3300,Retained earnings,EQUITY,GHS,19524967.15
2021-09-03,GL-1010,GL-1010,Cash on hand (vault),ASSET,GHS,14220390.67
2021-09-03,GL-1020,GL-1020,Balances with Bank of Ghana,ASSET,GHS,31493305.33
2021-09-03,GL-1200,GL-1200,Investments — GoG securities,ASSET,GHS,65527568.27
2021-09-03,GL-1300,GL-1300,Loans & advances (gross),ASSET,GHS,298605090.48
2021-09-03,GL-1390,GL-1390,Less: impairment allowance,ASSET,GHS,-27755628.16
2021-09-03,GL-1900,GL-1900,Other assets,ASSET,GHS,37370924.10
2021-09-03,GL-2100,GL-2100,Customer deposits,LIABILITY,GHS,348285426.91
2021-09-03,GL-2400,GL-2400,Borrowings,LIABILITY,GHS,10448562.81
2021-09-03,GL-3100,GL-3100,Stated / paid-up capital,EQUITY,GHS,22000000.00
2021-09-03,GL-3200,GL-3200,Statutory reserve fund,EQUITY,GHS,19181997.37
2021-09-03,GL-3300,GL-3300,Retained earnings,EQUITY,GHS,19545663.60
2021-09-10,GL-1010,GL-1010,Cash on hand (vault),ASSET,GHS,14098482.95
2021-09-10,GL-1020,GL-1020,Balances with Bank of Ghana,ASSET,GHS,31217702.57
2021-09-10,GL-1200,GL-1200,Investments — GoG securities,ASSET,GHS,64943241.57
2021-09-10,GL-1300,GL-1300,Loans & advances (gross),ASSET,GHS,298017071.19
2021-09-10,GL-1390,GL-1390,Less: impairment allowance,ASSET,GHS,-27742504.96
2021-09-10,GL-1900,GL-1900,Other assets,ASSET,GHS,39952694.34
2021-09-10,GL-2100,GL-2100,Customer deposits,LIABILITY,GHS,349193535.98
2021-09-10,GL-2400,GL-2400,Borrowings,LIABILITY,GHS,10475806.08
2021-09-10,GL-3100,GL-3100,Stated / paid-up capital,EQUITY,GHS,22000000.00
2021-09-10,GL-3200,GL-3200,Statutory reserve fund,EQUITY,GHS,19223390.28
2021-09-10,GL-3300,GL-3300,Retained earnings,EQUITY,GHS,19593955.32
2021-09-17,GL-1010,GL-1010,Cash on hand (vault),ASSET,GHS,13948233.40
2021-09-17,GL-1020,GL-1020,Balances with Bank of Ghana,ASSET,GHS,31822738.73
2021-09-17,GL-1200,GL-1200,Investments — GoG securities,ASSET,GHS,66219937.99
2021-09-17,GL-1300,GL-1300,Loans & advances (gross),ASSET,GHS,299414535.36
2021-09-17,GL-1390,GL-1390,Less: impairment allowance,ASSET,GHS,-28616032.68
2021-09-17,GL-1900,GL-1900,Other assets,ASSET,GHS,38012367.21
2021-09-17,GL-2100,GL-2100,Customer deposits,LIABILITY,GHS,349412378.44
2021-09-17,GL-2400,GL-2400,Borrowings,LIABILITY,GHS,10482371.35
2021-09-17,GL-3100,GL-3100,Stated / paid-up capital,EQUITY,GHS,22000000.00
2021-09-17,GL-3200,GL-3200,Statutory reserve fund,EQUITY,GHS,19264783.18
2021-09-17,GL-3300,GL-3300,Retained earnings,EQUITY,GHS,19642247.04
2021-09-24,GL-1010,GL-1010,Cash on hand (vault),ASSET,GHS,14203636.62
2021-09-24,GL-1020,GL-1020,Balances with Bank of Ghana,ASSET,GHS,31454153.11
2021-09-24,GL-1200,GL-1200,Investments — GoG securities,ASSET,GHS,65442138.01
2021-09-24,GL-1300,GL-1300,Loans & advances (gross),ASSET,GHS,300007447.05
2021-09-24,GL-1390,GL-1390,Less: impairment allowance,ASSET,GHS,-27876505.27
2021-09-24,GL-1900,GL-1900,Other assets,ASSET,GHS,37538849.28
2021-09-24,GL-2100,GL-2100,Customer deposits,LIABILITY,GHS,349294178.60
2021-09-24,GL-2400,GL-2400,Borrowings,LIABILITY,GHS,10478825.36
2021-09-24,GL-3100,GL-3100,Stated / paid-up capital,EQUITY,GHS,22000000.00
2021-09-24,GL-3200,GL-3200,Statutory reserve fund,EQUITY,GHS,19306176.08
2021-09-24,GL-3300,GL-3300,Retained earnings,EQUITY,GHS,19690538.76
2021-09-30,GL-1010,GL-1010,Cash on hand (vault),ASSET,GHS,14106700.48
2021-09-30,GL-1020,GL-1020,Balances with Bank of Ghana,ASSET,GHS,32178761.91
2021-09-30,GL-1200,GL-1200,Investments — GoG securities,ASSET,GHS,65075459.84
2021-09-30,GL-1300,GL-1300,Loans & advances (gross),ASSET,GHS,300224965.91
2021-09-30,GL-1390,GL-1390,Less: impairment allowance,ASSET,GHS,-28293399.16
2021-09-30,GL-1900,GL-1900,Other assets,ASSET,GHS,37243408.28
2021-09-30,GL-2100,GL-2100,Customer deposits,LIABILITY,GHS,348992533.86
2021-09-30,GL-2400,GL-2400,Borrowings,LIABILITY,GHS,10469776.02
2021-09-30,GL-3100,GL-3100,Stated / paid-up capital,EQUITY,GHS,22000000.00
2021-09-30,GL-3200,GL-3200,Statutory reserve fund,EQUITY,GHS,19341655.72
2021-09-30,GL-3300,GL-3300,Retained earnings,EQUITY,GHS,19731931.67
2021-10-01,GL-1010,GL-1010,Cash on hand (vault),ASSET,GHS,13757789.69
2021-10-01,GL-1020,GL-1020,Balances with Bank of Ghana,ASSET,GHS,30461290.68
2021-10-01,GL-1200,GL-1200,Investments — GoG securities,ASSET,GHS,63365721.93
2021-10-01,GL-1300,GL-1300,Loans & advances (gross),ASSET,GHS,299153801.47
2021-10-01,GL-1390,GL-1390,Less: impairment allowance,ASSET,GHS,-27670069.60
2021-10-01,GL-1900,GL-1900,Other assets,ASSET,GHS,34443671.10
2021-10-01,GL-2100,GL-2100,Customer deposits,LIABILITY,GHS,342160976.50
2021-10-01,GL-2400,GL-2400,Borrowings,LIABILITY,GHS,10264829.30
2021-10-01,GL-3100,GL-3100,Stated / paid-up capital,EQUITY,GHS,22000000.00
2021-10-01,GL-3200,GL-3200,Statutory reserve fund,EQUITY,GHS,19347568.99
2021-10-01,GL-3300,GL-3300,Retained earnings,EQUITY,GHS,19738830.49
2021-10-08,GL-1010,GL-1010,Cash on hand (vault),ASSET,GHS,13616179.42
2021-10-08,GL-1020,GL-1020,Balances with Bank of Ghana,ASSET,GHS,31066950.37
2021-10-08,GL-1200,GL-1200,Investments — GoG securities,ASSET,GHS,66686017.98
2021-10-08,GL-1300,GL-1300,Loans & advances (gross),ASSET,GHS,300589510.05
2021-10-08,GL-1390,GL-1390,Less: impairment allowance,ASSET,GHS,-28486444.52
2021-10-08,GL-1900,GL-1900,Other assets,ASSET,GHS,30496906.90
2021-10-08,GL-2100,GL-2100,Customer deposits,LIABILITY,GHS,342517510.78
2021-10-08,GL-2400,GL-2400,Borrowings,LIABILITY,GHS,10275525.32
2021-10-08,GL-3100,GL-3100,Stated / paid-up capital,EQUITY,GHS,22000000.00
2021-10-08,GL-3200,GL-3200,Statutory reserve fund,EQUITY,GHS,19388961.89
2021-10-08,GL-3300,GL-3300,Retained earnings,EQUITY,GHS,19787122.21
2021-10-15,GL-1010,GL-1010,Cash on hand (vault),ASSET,GHS,13910877.45
2021-10-15,GL-1020,GL-1020,Balances with Bank of Ghana,ASSET,GHS,30803811.84
2021-10-15,GL-1200,GL-1200,Investments — GoG securities,ASSET,GHS,66133646.12
2021-10-15,GL-1300,GL-1300,Loans & advances (gross),ASSET,GHS,301253352.54
2021-10-15,GL-1390,GL-1390,Less: impairment allowance,ASSET,GHS,-28015481.00
2021-10-15,GL-1900,GL-1900,Other assets,ASSET,GHS,30980345.38
2021-10-15,GL-2100,GL-2100,Customer deposits,LIABILITY,GHS,343495906.42
2021-10-15,GL-2400,GL-2400,Borrowings,LIABILITY,GHS,10304877.19
2021-10-15,GL-3100,GL-3100,Stated / paid-up capital,EQUITY,GHS,22000000.00
2021-10-15,GL-3200,GL-3200,Statutory reserve fund,EQUITY,GHS,19430354.80
2021-10-15,GL-3300,GL-3300,Retained earnings,EQUITY,GHS,19835413.93
2021-10-22,GL-1010,GL-1010,Cash on hand (vault),ASSET,GHS,13795520.56
2021-10-22,GL-1020,GL-1020,Balances with Bank of Ghana,ASSET,GHS,30542780.10
2021-10-22,GL-1200,GL-1200,Investments — GoG securities,ASSET,GHS,65585870.87
2021-10-22,GL-1300,GL-1300,Loans & advances (gross),ASSET,GHS,301229802.91
2021-10-22,GL-1390,GL-1390,Less: impairment allowance,ASSET,GHS,-28453901.83
2021-10-22,GL-1900,GL-1900,Other assets,ASSET,GHS,33511678.78
2021-10-22,GL-2100,GL-2100,Customer deposits,LIABILITY,GHS,344520677.70
2021-10-22,GL-2400,GL-2400,Borrowings,LIABILITY,GHS,10335620.33
2021-10-22,GL-3100,GL-3100,Stated / paid-up capital,EQUITY,GHS,22000000.00
2021-10-22,GL-3200,GL-3200,Statutory reserve fund,EQUITY,GHS,19471747.70
2021-10-22,GL-3300,GL-3300,Retained earnings,EQUITY,GHS,19883705.65
2021-10-29,GL-1010,GL-1010,Cash on hand (vault),ASSET,GHS,13664218.74
2021-10-29,GL-1020,GL-1020,Balances with Bank of Ghana,ASSET,GHS,31178368.32
2021-10-29,GL-1200,GL-1200,Investments — GoG securities,ASSET,GHS,66929741.90
2021-10-29,GL-1300,GL-1300,Loans & advances (gross),ASSET,GHS,301909589.46
2021-10-29,GL-1390,GL-1390,Less: impairment allowance,ASSET,GHS,-28395859.94
2021-10-29,GL-1900,GL-1900,Other assets,ASSET,GHS,31680309.26
2021-10-29,GL-2100,GL-2100,Customer deposits,LIABILITY,GHS,345166242.50
2021-10-29,GL-2400,GL-2400,Borrowings,LIABILITY,GHS,10354987.27
2021-10-29,GL-3100,GL-3100,Stated / paid-up capital,EQUITY,GHS,22000000.00
2021-10-29,GL-3200,GL-3200,Statutory reserve fund,EQUITY,GHS,19513140.60
2021-10-29,GL-3300,GL-3300,Retained earnings,EQUITY,GHS,19931997.37
2021-10-31,GL-1010,GL-1010,Cash on hand (vault),ASSET,GHS,13893252.99
2021-10-31,GL-1020,GL-1020,Balances with Bank of Ghana,ASSET,GHS,30762433.34
2021-10-31,GL-1200,GL-1200,Investments — GoG securities,ASSET,GHS,66050128.03
2021-10-31,GL-1300,GL-1300,Loans & advances (gross),ASSET,GHS,301481732.26
2021-10-31,GL-1390,GL-1390,Less: impairment allowance,ASSET,GHS,-28486618.55
2021-10-31,GL-1900,GL-1900,Other assets,ASSET,GHS,32800811.25
2021-10-31,GL-2100,GL-2100,Customer deposits,LIABILITY,GHS,344690269.09
2021-10-31,GL-2400,GL-2400,Borrowings,LIABILITY,GHS,10340708.07
2021-10-31,GL-3100,GL-3100,Stated / paid-up capital,EQUITY,GHS,22000000.00
2021-10-31,GL-3200,GL-3200,Statutory reserve fund,EQUITY,GHS,19524967.15
2021-10-31,GL-3300,GL-3300,Retained earnings,EQUITY,GHS,19945795.01
2021-11-05,GL-1010,GL-1010,Cash on hand (vault),ASSET,GHS,13890948.24
2021-11-05,GL-1020,GL-1020,Balances with Bank of Ghana,ASSET,GHS,30757645.54
2021-11-05,GL-1200,GL-1200,Investments — GoG securities,ASSET,GHS,66039134.73
2021-11-05,GL-1300,GL-1300,Loans & advances (gross),ASSET,GHS,301977554.25
2021-11-05,GL-1390,GL-1390,Less: impairment allowance,ASSET,GHS,-28171202.27
2021-11-05,GL-1900,GL-1900,Other assets,ASSET,GHS,31787709.57
2021-11-05,GL-2100,GL-2100,Customer deposits,LIABILITY,GHS,344414531.50
2021-11-05,GL-2400,GL-2400,Borrowings,LIABILITY,GHS,10332435.95
2021-11-05,GL-3100,GL-3100,Stated / paid-up capital,EQUITY,GHS,22000000.00
2021-11-05,GL-3200,GL-3200,Statutory reserve fund,EQUITY,GHS,19554533.51
2021-11-05,GL-3300,GL-3300,Retained earnings,EQUITY,GHS,19980289.09
2021-11-12,GL-1010,GL-1010,Cash on hand (vault),ASSET,GHS,13734895.67
2021-11-12,GL-1020,GL-1020,Balances with Bank of Ghana,ASSET,GHS,30406499.87
2021-11-12,GL-1200,GL-1200,Investments — GoG securities,ASSET,GHS,65297888.19
2021-11-12,GL-1300,GL-1300,Loans & advances (gross),ASSET,GHS,303033879.56
2021-11-12,GL-1390,GL-1390,Less: impairment allowance,ASSET,GHS,-28755349.96
2021-11-12,GL-1900,GL-1900,Other assets,ASSET,GHS,32673217.64
2021-11-12,GL-2100,GL-2100,Customer deposits,LIABILITY,GHS,344433518.20
2021-11-12,GL-2400,GL-2400,Borrowings,LIABILITY,GHS,10333005.55
2021-11-12,GL-3100,GL-3100,Stated / paid-up capital,EQUITY,GHS,22000000.00
2021-11-12,GL-3200,GL-3200,Statutory reserve fund,EQUITY,GHS,19595926.41
2021-11-12,GL-3300,GL-3300,Retained earnings,EQUITY,GHS,20028580.81
2021-11-19,GL-1010,GL-1010,Cash on hand (vault),ASSET,GHS,13593328.35
2021-11-19,GL-1020,GL-1020,Balances with Bank of Ghana,ASSET,GHS,31018430.20
2021-11-19,GL-1200,GL-1200,Investments — GoG securities,ASSET,GHS,66590983.82
2021-11-19,GL-1300,GL-1300,Loans & advances (gross),ASSET,GHS,303283119.67
2021-11-19,GL-1390,GL-1390,Less: impairment allowance,ASSET,GHS,-27937838.90
2021-11-19,GL-1900,GL-1900,Other assets,ASSET,GHS,30331169.39
2021-11-19,GL-2100,GL-2100,Customer deposits,LIABILITY,GHS,344820389.02
2021-11-19,GL-2400,GL-2400,Borrowings,LIABILITY,GHS,10344611.67
2021-11-19,GL-3100,GL-3100,Stated / paid-up capital,EQUITY,GHS,22000000.00
2021-11-19,GL-3200,GL-3200,Statutory reserve fund,EQUITY,GHS,19637319.32
2021-11-19,GL-3300,GL-3300,Retained earnings,EQUITY,GHS,20076872.54
2021-11-26,GL-1010,GL-1010,Cash on hand (vault),ASSET,GHS,13970976.52
2021-11-26,GL-1020,GL-1020,Balances with Bank of Ghana,ASSET,GHS,30932781.63
2021-11-26,GL-1200,GL-1200,Investments — GoG securities,ASSET,GHS,66419835.51
2021-11-26,GL-1300,GL-1300,Loans & advances (gross),ASSET,GHS,302715657.32
2021-11-26,GL-1390,GL-1390,Less: impairment allowance,ASSET,GHS,-28299623.83
2021-11-26,GL-1900,GL-1900,Other assets,ASSET,GHS,34328472.21
2021-11-26,GL-2100,GL-2100,Customer deposits,LIABILITY,GHS,347829342.60
2021-11-26,GL-2400,GL-2400,Borrowings,LIABILITY,GHS,10434880.28
2021-11-26,GL-3100,GL-3100,Stated / paid-up capital,EQUITY,GHS,22000000.00
2021-11-26,GL-3200,GL-3200,Statutory reserve fund,EQUITY,GHS,19678712.22
2021-11-26,GL-3300,GL-3300,Retained earnings,EQUITY,GHS,20125164.26
2021-11-30,GL-1010,GL-1010,Cash on hand (vault),ASSET,GHS,13697703.63
2021-11-30,GL-1020,GL-1020,Balances with Bank of Ghana,ASSET,GHS,31214823.33
2021-11-30,GL-1200,GL-1200,Investments — GoG securities,ASSET,GHS,67018688.46
2021-11-30,GL-1300,GL-1300,Loans & advances (gross),ASSET,GHS,303402104.09
2021-11-30,GL-1390,GL-1390,Less: impairment allowance,ASSET,GHS,-28529618.18
2021-11-30,GL-1900,GL-1900,Other assets,ASSET,GHS,34415990.36
2021-11-30,GL-2100,GL-2100,Customer deposits,LIABILITY,GHS,348897637.72
2021-11-30,GL-2400,GL-2400,Borrowings,LIABILITY,GHS,10466929.13
2021-11-30,GL-3100,GL-3100,Stated / paid-up capital,EQUITY,GHS,22000000.00
2021-11-30,GL-3200,GL-3200,Statutory reserve fund,EQUITY,GHS,19702365.31
2021-11-30,GL-3300,GL-3300,Retained earnings,EQUITY,GHS,20152759.53
2021-12-03,GL-1010,GL-1010,Cash on hand (vault),ASSET,GHS,13923660.04
2021-12-03,GL-1020,GL-1020,Balances with Bank of Ghana,ASSET,GHS,30822284.34
2021-12-03,GL-1200,GL-1200,Investments — GoG securities,ASSET,GHS,66195546.08
2021-12-03,GL-1300,GL-1300,Loans & advances (gross),ASSET,GHS,303876063.99
2021-12-03,GL-1390,GL-1390,Less: impairment allowance,ASSET,GHS,-28811529.05
2021-12-03,GL-1900,GL-1900,Other assets,ASSET,GHS,37032061.59
2021-12-03,GL-2100,GL-2100,Customer deposits,LIABILITY,GHS,350625753.28
2021-12-03,GL-2400,GL-2400,Borrowings,LIABILITY,GHS,10518772.60
2021-12-03,GL-3100,GL-3100,Stated / paid-up capital,EQUITY,GHS,22000000.00
2021-12-03,GL-3200,GL-3200,Statutory reserve fund,EQUITY,GHS,19720105.12
2021-12-03,GL-3300,GL-3300,Retained earnings,EQUITY,GHS,20173455.98
2021-12-10,GL-1010,GL-1010,Cash on hand (vault),ASSET,GHS,13797665.33
2021-12-10,GL-1020,GL-1020,Balances with Bank of Ghana,ASSET,GHS,31486563.07
2021-12-10,GL-1200,GL-1200,Investments — GoG securities,ASSET,GHS,67600665.22
2021-12-10,GL-1300,GL-1300,Loans & advances (gross),ASSET,GHS,304575487.77
2021-12-10,GL-1390,GL-1390,Less: impairment allowance,ASSET,GHS,-28151527.07
2021-12-10,GL-1900,GL-1900,Other assets,ASSET,GHS,34701650.20
2021-12-10,GL-2100,GL-2100,Customer deposits,LIABILITY,GHS,351482775.52
2021-12-10,GL-2400,GL-2400,Borrowings,LIABILITY,GHS,10544483.27
2021-12-10,GL-3100,GL-3100,Stated / paid-up capital,EQUITY,GHS,22000000.00
2021-12-10,GL-3200,GL-3200,Statutory reserve fund,EQUITY,GHS,19761498.03
2021-12-10,GL-3300,GL-3300,Retained earnings,EQUITY,GHS,20221747.70
2021-12-17,GL-1010,GL-1010,Cash on hand (vault),ASSET,GHS,14046678.09
2021-12-17,GL-1020,GL-1020,Balances with Bank of Ghana,ASSET,GHS,31098297.84
2021-12-17,GL-1200,GL-1200,Investments — GoG securities,ASSET,GHS,66779971.20
2021-12-17,GL-1300,GL-1300,Loans & advances (gross),ASSET,GHS,305084042.00
2021-12-17,GL-1390,GL-1390,Less: impairment allowance,ASSET,GHS,-29116495.42
2021-12-17,GL-1900,GL-1900,Other assets,ASSET,GHS,35879675.12
2021-12-17,GL-2100,GL-2100,Customer deposits,LIABILITY,GHS,351164309.19
2021-12-17,GL-2400,GL-2400,Borrowings,LIABILITY,GHS,10534929.28
2021-12-17,GL-3100,GL-3100,Stated / paid-up capital,EQUITY,GHS,22000000.00
2021-12-17,GL-3200,GL-3200,Statutory reserve fund,EQUITY,GHS,19802890.93
2021-12-17,GL-3300,GL-3300,Retained earnings,EQUITY,GHS,20270039.42
2021-12-24,GL-1010,GL-1010,Cash on hand (vault),ASSET,GHS,13901774.92
2021-12-24,GL-1020,GL-1020,Balances with Bank of Ghana,ASSET,GHS,30771719.10
2021-12-24,GL-1200,GL-1200,Investments — GoG securities,ASSET,GHS,66091743.97
2021-12-24,GL-1300,GL-1300,Loans & advances (gross),ASSET,GHS,305974927.50
2021-12-24,GL-1390,GL-1390,Less: impairment allowance,ASSET,GHS,-28778005.09
2021-12-24,GL-1900,GL-1900,Other assets,ASSET,GHS,36289857.13
2021-12-24,GL-2100,GL-2100,Customer deposits,LIABILITY,GHS,351543109.27
2021-12-24,GL-2400,GL-2400,Borrowings,LIABILITY,GHS,10546293.28
2021-12-24,GL-3100,GL-3100,Stated / paid-up capital,EQUITY,GHS,22000000.00
2021-12-24,GL-3200,GL-3200,Statutory reserve fund,EQUITY,GHS,19844283.84
2021-12-24,GL-3300,GL-3300,Retained earnings,EQUITY,GHS,20318331.14
2021-12-31,GL-1010,GL-1010,Cash on hand (vault),ASSET,GHS,13727692.13
2021-12-31,GL-1020,GL-1020,Balances with Bank of Ghana,ASSET,GHS,31328748.12
2021-12-31,GL-1200,GL-1200,Investments — GoG securities,ASSET,GHS,67266541.41
2021-12-31,GL-1300,GL-1300,Loans & advances (gross),ASSET,GHS,305334507.34
2021-12-31,GL-1390,GL-1390,Less: impairment allowance,ASSET,GHS,-28231263.76
2021-12-31,GL-1900,GL-1900,Other assets,ASSET,GHS,34545857.06
2021-12-31,GL-2100,GL-2100,Customer deposits,LIABILITY,GHS,351184255.03
2021-12-31,GL-2400,GL-2400,Borrowings,LIABILITY,GHS,10535527.65
2021-12-31,GL-3100,GL-3100,Stated / paid-up capital,EQUITY,GHS,22000000.00
2021-12-31,GL-3200,GL-3200,Statutory reserve fund,EQUITY,GHS,19885676.74
2021-12-31,GL-3300,GL-3300,Retained earnings,EQUITY,GHS,20366622.86
2022-01-07,GL-1010,GL-1010,Cash on hand (vault),ASSET,GHS,14023001.32
2022-01-07,GL-1020,GL-1020,Balances with Bank of Ghana,ASSET,GHS,31043772.65
2022-01-07,GL-1200,GL-1200,Investments — GoG securities,ASSET,GHS,66667650.51
2022-01-07,GL-1300,GL-1300,Loans & advances (gross),ASSET,GHS,306605775.47
2022-01-07,GL-1390,GL-1390,Less: impairment allowance,ASSET,GHS,-29077307.87
2022-01-07,GL-1900,GL-1900,Other assets,ASSET,GHS,35672325.33
2022-01-07,GL-2100,GL-2100,Customer deposits,LIABILITY,GHS,352032265.23
2022-01-07,GL-2400,GL-2400,Borrowings,LIABILITY,GHS,10560967.96
2022-01-07,GL-3100,GL-3100,Stated / paid-up capital,EQUITY,GHS,22000000.00
2022-01-07,GL-3200,GL-3200,Statutory reserve fund,EQUITY,GHS,19927069.65
2022-01-07,GL-3300,GL-3300,Retained earnings,EQUITY,GHS,20414914.59
2022-01-14,GL-1010,GL-1010,Cash on hand (vault),ASSET,GHS,14360578.96
2022-01-14,GL-1020,GL-1020,Balances with Bank of Ghana,ASSET,GHS,32711398.29
2022-01-14,GL-1200,GL-1200,Investments — GoG securities,ASSET,GHS,66163766.88
2022-01-14,GL-1300,GL-1300,Loans & advances (gross),ASSET,GHS,307319034.52
2022-01-14,GL-1390,GL-1390,Less: impairment allowance,ASSET,GHS,-28658586.18
2022-01-14,GL-1900,GL-1900,Other assets,ASSET,GHS,34545035.77
2022-01-14,GL-2100,GL-2100,Customer deposits,LIABILITY,GHS,353407339.20
2022-01-14,GL-2400,GL-2400,Borrowings,LIABILITY,GHS,10602220.18
2022-01-14,GL-3100,GL-3100,Stated / paid-up capital,EQUITY,GHS,22000000.00
2022-01-14,GL-3200,GL-3200,Statutory reserve fund,EQUITY,GHS,19968462.55
2022-01-14,GL-3300,GL-3300,Retained earnings,EQUITY,GHS,20463206.31
2022-01-21,GL-1010,GL-1010,Cash on hand (vault),ASSET,GHS,14213273.54
2022-01-21,GL-1020,GL-1020,Balances with Bank of Ghana,ASSET,GHS,31425230.63
2022-01-21,GL-1200,GL-1200,Investments — GoG securities,ASSET,GHS,67478454.87
2022-01-21,GL-1300,GL-1300,Loans & advances (gross),ASSET,GHS,305866367.96
2022-01-21,GL-1390,GL-1390,Less: impairment allowance,ASSET,GHS,-28241330.28
2022-01-21,GL-1900,GL-1900,Other assets,ASSET,GHS,36137518.13
2022-01-21,GL-2100,GL-2100,Customer deposits,LIABILITY,GHS,353745787.74
2022-01-21,GL-2400,GL-2400,Borrowings,LIABILITY,GHS,10612373.63
2022-01-21,GL-3100,GL-3100,Stated / paid-up capital,EQUITY,GHS,22000000.00
2022-01-21,GL-3200,GL-3200,Statutory reserve fund,EQUITY,GHS,20009855.45
2022-01-21,GL-3300,GL-3300,Retained earnings,EQUITY,GHS,20511498.03
2022-01-28,GL-1010,GL-1010,Cash on hand (vault),ASSET,GHS,14513424.52
2022-01-28,GL-1020,GL-1020,Balances with Bank of Ghana,ASSET,GHS,31141627.85
2022-01-28,GL-1200,GL-1200,Investments — GoG securities,ASSET,GHS,66882619.63
2022-01-28,GL-1300,GL-1300,Loans & advances (gross),ASSET,GHS,307771654.32
2022-01-28,GL-1390,GL-1390,Less: impairment allowance,ASSET,GHS,-28906795.30
2022-01-28,GL-1900,GL-1900,Other assets,ASSET,GHS,36490712.06
2022-01-28,GL-2100,GL-2100,Customer deposits,LIABILITY,GHS,354642917.45
2022-01-28,GL-2400,GL-2400,Borrowings,LIABILITY,GHS,10639287.52
2022-01-28,GL-3100,GL-3100,Stated / paid-up capital,EQUITY,GHS,22000000.00
2022-01-28,GL-3200,GL-3200,Statutory reserve fund,EQUITY,GHS,20051248.36
2022-01-28,GL-3300,GL-3300,Retained earnings,EQUITY,GHS,20559789.75
2022-01-31,GL-1010,GL-1010,Cash on hand (vault),ASSET,GHS,13824412.38
2022-01-31,GL-1020,GL-1020,Balances with Bank of Ghana,ASSET,GHS,32508476.37
2022-01-31,GL-1200,GL-1200,Investments — GoG securities,ASSET,GHS,65724795.48
2022-01-31,GL-1300,GL-1300,Loans & advances (gross),ASSET,GHS,307237776.61
2022-01-31,GL-1390,GL-1390,Less: impairment allowance,ASSET,GHS,-28265246.43
2022-01-31,GL-1900,GL-1900,Other assets,ASSET,GHS,36959834.72
2022-01-31,GL-2100,GL-2100,Customer deposits,LIABILITY,GHS,354699587.15
2022-01-31,GL-2400,GL-2400,Borrowings,LIABILITY,GHS,10640987.61
2022-01-31,GL-3100,GL-3100,Stated / paid-up capital,EQUITY,GHS,22000000.00
2022-01-31,GL-3200,GL-3200,Statutory reserve fund,EQUITY,GHS,20068988.17
2022-01-31,GL-3300,GL-3300,Retained earnings,EQUITY,GHS,20580486.20
2022-02-04,GL-1010,GL-1010,Cash on hand (vault),ASSET,GHS,14349699.19
2022-02-04,GL-1020,GL-1020,Balances with Bank of Ghana,ASSET,GHS,31775156.23
2022-02-04,GL-1200,GL-1200,Investments — GoG securities,ASSET,GHS,66105247.91
2022-02-04,GL-1300,GL-1300,Loans & advances (gross),ASSET,GHS,307974582.11
2022-02-04,GL-1390,GL-1390,Less: impairment allowance,ASSET,GHS,-28335628.84
2022-02-04,GL-1900,GL-1900,Other assets,ASSET,GHS,36056382.78
2022-02-04,GL-2100,GL-2100,Customer deposits,LIABILITY,GHS,354587103.54
2022-02-04,GL-2400,GL-2400,Borrowings,LIABILITY,GHS,10637613.11
2022-02-04,GL-3100,GL-3100,Stated / paid-up capital,EQUITY,GHS,22000000.00
2022-02-04,GL-3200,GL-3200,Statutory reserve fund,EQUITY,GHS,20092641.26
2022-02-04,GL-3300,GL-3300,Retained earnings,EQUITY,GHS,20608081.47
2022-02-11,GL-1010,GL-1010,Cash on hand (vault),ASSET,GHS,14178565.46
2022-02-11,GL-1020,GL-1020,Balances with Bank of Ghana,ASSET,GHS,32347186.04
2022-02-11,GL-1200,GL-1200,Investments — GoG securities,ASSET,GHS,67313532.90
2022-02-11,GL-1300,GL-1300,Loans & advances (gross),ASSET,GHS,310056509.59
2022-02-11,GL-1390,GL-1390,Less: impairment allowance,ASSET,GHS,-28997834.98
2022-02-11,GL-1900,GL-1900,Other assets,ASSET,GHS,32867666.41
2022-02-11,GL-2100,GL-2100,Customer deposits,LIABILITY,GHS,354344871.91
2022-02-11,GL-2400,GL-2400,Borrowings,LIABILITY,GHS,10630346.16
2022-02-11,GL-3100,GL-3100,Stated / paid-up capital,EQUITY,GHS,22000000.00
2022-02-11,GL-3200,GL-3200,Statutory reserve fund,EQUITY,GHS,20134034.17
2022-02-11,GL-3300,GL-3300,Retained earnings,EQUITY,GHS,20656373.19
2022-02-18,GL-1010,GL-1010,Cash on hand (vault),ASSET,GHS,14464371.45
2022-02-18,GL-1020,GL-1020,Balances with Bank of Ghana,ASSET,GHS,32032742.20
2022-02-18,GL-1200,GL-1200,Investments — GoG securities,ASSET,GHS,66648227.04
2022-02-18,GL-1300,GL-1300,Loans & advances (gross),ASSET,GHS,311756481.45
2022-02-18,GL-1390,GL-1390,Less: impairment allowance,ASSET,GHS,-29175156.77
2022-02-18,GL-1900,GL-1900,Other assets,ASSET,GHS,32682662.30
2022-02-18,GL-2100,GL-2100,Customer deposits,LIABILITY,GHS,354882753.09
2022-02-18,GL-2400,GL-2400,Borrowings,LIABILITY,GHS,10646482.59
2022-02-18,GL-3100,GL-3100,Stated / paid-up capital,EQUITY,GHS,22000000.00
2022-02-18,GL-3200,GL-3200,Statutory reserve fund,EQUITY,GHS,20175427.07
2022-02-18,GL-3300,GL-3300,Retained earnings,EQUITY,GHS,20704664.91
2022-02-25,GL-1010,GL-1010,Cash on hand (vault),ASSET,GHS,14339100.26
2022-02-25,GL-1020,GL-1020,Balances with Bank of Ghana,ASSET,GHS,31749582.18
2022-02-25,GL-1200,GL-1200,Investments — GoG securities,ASSET,GHS,66047966.26
2022-02-25,GL-1300,GL-1300,Loans & advances (gross),ASSET,GHS,311174539.09
2022-02-25,GL-1390,GL-1390,Less: impairment allowance,ASSET,GHS,-28277140.89
2022-02-25,GL-1900,GL-1900,Other assets,ASSET,GHS,34392783.87
2022-02-25,GL-2100,GL-2100,Customer deposits,LIABILITY,GHS,355783547.73
2022-02-25,GL-2400,GL-2400,Borrowings,LIABILITY,GHS,10673506.43
2022-02-25,GL-3100,GL-3100,Stated / paid-up capital,EQUITY,GHS,22000000.00
2022-02-25,GL-3200,GL-3200,Statutory reserve fund,EQUITY,GHS,20216819.97
2022-02-25,GL-3300,GL-3300,Retained earnings,EQUITY,GHS,20752956.64
2022-02-28,GL-1010,GL-1010,Cash on hand (vault),ASSET,GHS,14121802.87
2022-02-28,GL-1020,GL-1020,Balances with Bank of Ghana,ASSET,GHS,31215060.61
2022-02-28,GL-1200,GL-1200,Investments — GoG securities,ASSET,GHS,69075902.38
2022-02-28,GL-1300,GL-1300,Loans & advances (gross),ASSET,GHS,311622811.87
2022-02-28,GL-1390,GL-1390,Less: impairment allowance,ASSET,GHS,-28861763.21
2022-02-28,GL-1900,GL-1900,Other assets,ASSET,GHS,33057447.23
2022-02-28,GL-2100,GL-2100,Customer deposits,LIABILITY,GHS,356527231.92
2022-02-28,GL-2400,GL-2400,Borrowings,LIABILITY,GHS,10695816.96
2022-02-28,GL-3100,GL-3100,Stated / paid-up capital,EQUITY,GHS,22000000.00
2022-02-28,GL-3200,GL-3200,Statutory reserve fund,EQUITY,GHS,20234559.79
2022-02-28,GL-3300,GL-3300,Retained earnings,EQUITY,GHS,20773653.09
2022-03-04,GL-1010,GL-1010,Cash on hand (vault),ASSET,GHS,14509301.54
2022-03-04,GL-1020,GL-1020,Balances with Bank of Ghana,ASSET,GHS,33103629.61
2022-03-04,GL-1200,GL-1200,Investments — GoG securities,ASSET,GHS,70959057.30
2022-03-04,GL-1300,GL-1300,Loans & advances (gross),ASSET,GHS,311282088.71
2022-03-04,GL-1390,GL-1390,Less: impairment allowance,ASSET,GHS,-29008356.48
2022-03-04,GL-1900,GL-1900,Other assets,ASSET,GHS,37257334.00
2022-03-04,GL-2100,GL-2100,Customer deposits,LIABILITY,GHS,364119993.64
2022-03-04,GL-2400,GL-2400,Borrowings,LIABILITY,GHS,10923599.81
2022-03-04,GL-3100,GL-3100,Stated / paid-up capital,EQUITY,GHS,22000000.00
2022-03-04,GL-3200,GL-3200,Statutory reserve fund,EQUITY,GHS,20258212.88
2022-03-04,GL-3300,GL-3300,Retained earnings,EQUITY,GHS,20801248.36
2022-03-11,GL-1010,GL-1010,Cash on hand (vault),ASSET,GHS,14783576.99
2022-03-11,GL-1020,GL-1020,Balances with Bank of Ghana,ASSET,GHS,32737514.71
2022-03-11,GL-1200,GL-1200,Investments — GoG securities,ASSET,GHS,68110453.09
2022-03-11,GL-1300,GL-1300,Loans & advances (gross),ASSET,GHS,313029598.59
2022-03-11,GL-1390,GL-1390,Less: impairment allowance,ASSET,GHS,-29044940.41
2022-03-11,GL-1900,GL-1900,Other assets,ASSET,GHS,38655524.17
2022-03-11,GL-2100,GL-2100,Customer deposits,LIABILITY,GHS,364196680.85
2022-03-11,GL-2400,GL-2400,Borrowings,LIABILITY,GHS,10925900.43
2022-03-11,GL-3100,GL-3100,Stated / paid-up capital,EQUITY,GHS,22000000.00
2022-03-11,GL-3200,GL-3200,Statutory reserve fund,EQUITY,GHS,20299605.78
2022-03-11,GL-3300,GL-3300,Retained earnings,EQUITY,GHS,20849540.08
2022-03-18,GL-1010,GL-1010,Cash on hand (vault),ASSET,GHS,14604276.81
2022-03-18,GL-1020,GL-1020,Balances with Bank of Ghana,ASSET,GHS,32334574.08
2022-03-18,GL-1200,GL-1200,Investments — GoG securities,ASSET,GHS,69430671.14
2022-03-18,GL-1300,GL-1300,Loans & advances (gross),ASSET,GHS,312603296.20
2022-03-18,GL-1390,GL-1390,Less: impairment allowance,ASSET,GHS,-28772875.40
2022-03-18,GL-1900,GL-1900,Other assets,ASSET,GHS,37815446.17
2022-03-18,GL-2100,GL-2100,Customer deposits,LIABILITY,GHS,363860736.41
2022-03-18,GL-2400,GL-2400,Borrowings,LIABILITY,GHS,10915822.09
2022-03-18,GL-3100,GL-3100,Stated / paid-up capital,EQUITY,GHS,22000000.00
2022-03-18,GL-3200,GL-3200,Statutory reserve fund,EQUITY,GHS,20340998.69
2022-03-18,GL-3300,GL-3300,Retained earnings,EQUITY,GHS,20897831.80
2022-03-25,GL-1010,GL-1010,Cash on hand (vault),ASSET,GHS,14430738.56
2022-03-25,GL-1020,GL-1020,Balances with Bank of Ghana,ASSET,GHS,32926287.56
2022-03-25,GL-1200,GL-1200,Investments — GoG securities,ASSET,GHS,68606331.55
2022-03-25,GL-1300,GL-1300,Loans & advances (gross),ASSET,GHS,313328301.09
2022-03-25,GL-1390,GL-1390,Less: impairment allowance,ASSET,GHS,-28854275.79
2022-03-25,GL-1900,GL-1900,Other assets,ASSET,GHS,37463287.42
2022-03-25,GL-2100,GL-2100,Customer deposits,LIABILITY,GHS,363662286.68
2022-03-25,GL-2400,GL-2400,Borrowings,LIABILITY,GHS,10909868.60
2022-03-25,GL-3100,GL-3100,Stated / paid-up capital,EQUITY,GHS,22000000.00
2022-03-25,GL-3200,GL-3200,Statutory reserve fund,EQUITY,GHS,20382391.59
2022-03-25,GL-3300,GL-3300,Retained earnings,EQUITY,GHS,20946123.52
2022-03-31,GL-1010,GL-1010,Cash on hand (vault),ASSET,GHS,14832009.58
2022-03-31,GL-1020,GL-1020,Balances with Bank of Ghana,ASSET,GHS,32845373.54
2022-03-31,GL-1200,GL-1200,Investments — GoG securities,ASSET,GHS,70512585.66
2022-03-31,GL-1300,GL-1300,Loans & advances (gross),ASSET,GHS,313474913.98
2022-03-31,GL-1390,GL-1390,Less: impairment allowance,ASSET,GHS,-28777575.17
2022-03-31,GL-1900,GL-1900,Other assets,ASSET,GHS,36436196.19
2022-03-31,GL-2100,GL-2100,Customer deposits,LIABILITY,GHS,364969044.79
2022-03-31,GL-2400,GL-2400,Borrowings,LIABILITY,GHS,10949071.34
2022-03-31,GL-3100,GL-3100,Stated / paid-up capital,EQUITY,GHS,22000000.00
2022-03-31,GL-3200,GL-3200,Statutory reserve fund,EQUITY,GHS,20417871.22
2022-03-31,GL-3300,GL-3300,Retained earnings,EQUITY,GHS,20987516.43
2022-04-01,GL-1010,GL-1010,Cash on hand (vault),ASSET,GHS,14036848.73
2022-04-01,GL-1020,GL-1020,Balances with Bank of Ghana,ASSET,GHS,32032719.06
2022-04-01,GL-1200,GL-1200,Investments — GoG securities,ASSET,GHS,68774087.64
2022-04-01,GL-1300,GL-1300,Loans & advances (gross),ASSET,GHS,314198936.44
2022-04-01,GL-1390,GL-1390,Less: impairment allowance,ASSET,GHS,-28908607.45
2022-04-01,GL-1900,GL-1900,Other assets,ASSET,GHS,31861270.12
2022-04-01,GL-2100,GL-2100,Customer deposits,LIABILITY,GHS,357841800.78
2022-04-01,GL-2400,GL-2400,Borrowings,LIABILITY,GHS,10735254.02
2022-04-01,GL-3100,GL-3100,Stated / paid-up capital,EQUITY,GHS,22000000.00
2022-04-01,GL-3200,GL-3200,Statutory reserve fund,EQUITY,GHS,20423784.49
2022-04-01,GL-3300,GL-3300,Retained earnings,EQUITY,GHS,20994415.24
2022-04-08,GL-1010,GL-1010,Cash on hand (vault),ASSET,GHS,14336581.66
2022-04-08,GL-1020,GL-1020,Balances with Bank of Ghana,ASSET,GHS,31739745.08
2022-04-08,GL-1200,GL-1200,Investments — GoG securities,ASSET,GHS,68158258.74
2022-04-08,GL-1300,GL-1300,Loans & advances (gross),ASSET,GHS,314563120.86
2022-04-08,GL-1390,GL-1390,Less: impairment allowance,ASSET,GHS,-29363124.02
2022-04-08,GL-1900,GL-1900,Other assets,ASSET,GHS,33507055.00
2022-04-08,GL-2100,GL-2100,Customer deposits,LIABILITY,GHS,358673546.55
2022-04-08,GL-2400,GL-2400,Borrowings,LIABILITY,GHS,10760206.40
2022-04-08,GL-3100,GL-3100,Stated / paid-up capital,EQUITY,GHS,22000000.00
2022-04-08,GL-3200,GL-3200,Statutory reserve fund,EQUITY,GHS,20465177.40
2022-04-08,GL-3300,GL-3300,Retained earnings,EQUITY,GHS,21042706.96
2022-04-15,GL-1010,GL-1010,Cash on hand (vault),ASSET,GHS,14221447.97
2022-04-15,GL-1020,GL-1020,Balances with Bank of Ghana,ASSET,GHS,31478935.33
2022-04-15,GL-1200,GL-1200,Investments — GoG securities,ASSET,GHS,67611575.92
2022-04-15,GL-1300,GL-1300,Loans & advances (gross),ASSET,GHS,315168048.00
2022-04-15,GL-1390,GL-1390,Less: impairment allowance,ASSET,GHS,-28789419.74
2022-04-15,GL-1900,GL-1900,Other assets,ASSET,GHS,34596258.95
2022-04-15,GL-2100,GL-2100,Customer deposits,LIABILITY,GHS,359892502.37
2022-04-15,GL-2400,GL-2400,Borrowings,LIABILITY,GHS,10796775.07
2022-04-15,GL-3100,GL-3100,Stated / paid-up capital,EQUITY,GHS,22000000.00
2022-04-15,GL-3200,GL-3200,Statutory reserve fund,EQUITY,GHS,20506570.30
2022-04-15,GL-3300,GL-3300,Retained earnings,EQUITY,GHS,21090998.69
2022-04-22,GL-1010,GL-1010,Cash on hand (vault),ASSET,GHS,14062528.17
2022-04-22,GL-1020,GL-1020,Balances with Bank of Ghana,ASSET,GHS,32093234.40
2022-04-22,GL-1200,GL-1200,Investments — GoG securities,ASSET,GHS,68908835.50
2022-04-22,GL-1300,GL-1300,Loans & advances (gross),ASSET,GHS,315157278.04
2022-04-22,GL-1390,GL-1390,Less: impairment allowance,ASSET,GHS,-29156872.68
2022-04-22,GL-1900,GL-1900,Other assets,ASSET,GHS,33441710.54
2022-04-22,GL-2100,GL-2100,Customer deposits,LIABILITY,GHS,360018893.55
2022-04-22,GL-2400,GL-2400,Borrowings,LIABILITY,GHS,10800566.81
2022-04-22,GL-3100,GL-3100,Stated / paid-up capital,EQUITY,GHS,22000000.00
2022-04-22,GL-3200,GL-3200,Statutory reserve fund,EQUITY,GHS,20547963.21
2022-04-22,GL-3300,GL-3300,Retained earnings,EQUITY,GHS,21139290.41
2022-04-29,GL-1010,GL-1010,Cash on hand (vault),ASSET,GHS,14336865.38
2022-04-29,GL-1020,GL-1020,Balances with Bank of Ghana,ASSET,GHS,31738216.32
2022-04-29,GL-1200,GL-1200,Investments — GoG securities,ASSET,GHS,68159855.53
2022-04-29,GL-1300,GL-1300,Loans & advances (gross),ASSET,GHS,316021689.66
2022-04-29,GL-1390,GL-1390,Less: impairment allowance,ASSET,GHS,-29613326.02
2022-04-29,GL-1900,GL-1900,Other assets,ASSET,GHS,34114274.08
2022-04-29,GL-2100,GL-2100,Customer deposits,LIABILITY,GHS,360175375.43
2022-04-29,GL-2400,GL-2400,Borrowings,LIABILITY,GHS,10805261.26
2022-04-29,GL-3100,GL-3100,Stated / paid-up capital,EQUITY,GHS,22000000.00
2022-04-29,GL-3200,GL-3200,Statutory reserve fund,EQUITY,GHS,20589356.11
2022-04-29,GL-3300,GL-3300,Retained earnings,EQUITY,GHS,21187582.13
2022-04-30,GL-1010,GL-1010,Cash on hand (vault),ASSET,GHS,14251839.79
2022-04-30,GL-1020,GL-1020,Balances with Bank of Ghana,ASSET,GHS,31547215.74
2022-04-30,GL-1200,GL-1200,Investments — GoG securities,ASSET,GHS,69712823.55
2022-04-30,GL-1300,GL-1300,Loans & advances (gross),ASSET,GHS,315541701.82
2022-04-30,GL-1390,GL-1390,Less: impairment allowance,ASSET,GHS,-28974748.93
2022-04-30,GL-1900,GL-1900,Other assets,ASSET,GHS,32472423.06
2022-04-30,GL-2100,GL-2100,Customer deposits,LIABILITY,GHS,359962625.93
2022-04-30,GL-2400,GL-2400,Borrowings,LIABILITY,GHS,10798878.78
2022-04-30,GL-3100,GL-3100,Stated / paid-up capital,EQUITY,GHS,22000000.00
2022-04-30,GL-3200,GL-3200,Statutory reserve fund,EQUITY,GHS,20595269.38
2022-04-30,GL-3300,GL-3300,Retained earnings,EQUITY,GHS,21194480.95
2022-05-06,GL-1010,GL-1010,Cash on hand (vault),ASSET,GHS,14161909.15
2022-05-06,GL-1020,GL-1020,Balances with Bank of Ghana,ASSET,GHS,33288408.61
2022-05-06,GL-1200,GL-1200,Investments — GoG securities,ASSET,GHS,67328767.17
2022-05-06,GL-1300,GL-1300,Loans & advances (gross),ASSET,GHS,316802643.93
2022-05-06,GL-1390,GL-1390,Less: impairment allowance,ASSET,GHS,-29062650.68
2022-05-06,GL-1900,GL-1900,Other assets,ASSET,GHS,32041018.25
2022-05-06,GL-2100,GL-2100,Customer deposits,LIABILITY,GHS,359896576.27
2022-05-06,GL-2400,GL-2400,Borrowings,LIABILITY,GHS,10796897.29
2022-05-06,GL-3100,GL-3100,Stated / paid-up capital,EQUITY,GHS,22000000.00
2022-05-06,GL-3200,GL-3200,Statutory reserve fund,EQUITY,GHS,20630749.01
2022-05-06,GL-3300,GL-3300,Retained earnings,EQUITY,GHS,21235873.85
2022-05-13,GL-1010,GL-1010,Cash on hand (vault),ASSET,GHS,13987565.00
2022-05-13,GL-1020,GL-1020,Balances with Bank of Ghana,ASSET,GHS,31924074.64
2022-05-13,GL-1200,GL-1200,Investments — GoG securities,ASSET,GHS,68550461.57
2022-05-13,GL-1300,GL-1300,Loans & advances (gross),ASSET,GHS,315561423.68
2022-05-13,GL-1390,GL-1390,Less: impairment allowance,ASSET,GHS,-29036282.77
2022-05-13,GL-1900,GL-1900,Other assets,ASSET,GHS,33384861.89
2022-05-13,GL-2100,GL-2100,Customer deposits,LIABILITY,GHS,359626986.91
2022-05-13,GL-2400,GL-2400,Borrowings,LIABILITY,GHS,10788809.61
2022-05-13,GL-3100,GL-3100,Stated / paid-up capital,EQUITY,GHS,22000000.00
2022-05-13,GL-3200,GL-3200,Statutory reserve fund,EQUITY,GHS,20672141.92
2022-05-13,GL-3300,GL-3300,Retained earnings,EQUITY,GHS,21284165.57
2022-05-20,GL-1010,GL-1010,Cash on hand (vault),ASSET,GHS,14274813.94
2022-05-20,GL-1020,GL-1020,Balances with Bank of Ghana,ASSET,GHS,31598684.51
2022-05-20,GL-1200,GL-1200,Investments — GoG securities,ASSET,GHS,67865101.57
2022-05-20,GL-1300,GL-1300,Loans & advances (gross),ASSET,GHS,317122567.51
2022-05-20,GL-1390,GL-1390,Less: impairment allowance,ASSET,GHS,-29665869.28
2022-05-20,GL-1900,GL-1900,Other assets,ASSET,GHS,33771426.99
2022-05-20,GL-2100,GL-2100,Customer deposits,LIABILITY,GHS,360117216.63
2022-05-20,GL-2400,GL-2400,Borrowings,LIABILITY,GHS,10803516.50
2022-05-20,GL-3100,GL-3100,Stated / paid-up capital,EQUITY,GHS,22000000.00
2022-05-20,GL-3200,GL-3200,Statutory reserve fund,EQUITY,GHS,20713534.82
2022-05-20,GL-3300,GL-3300,Retained earnings,EQUITY,GHS,21332457.29
2022-05-27,GL-1010,GL-1010,Cash on hand (vault),ASSET,GHS,14168203.68
2022-05-27,GL-1020,GL-1020,Balances with Bank of Ghana,ASSET,GHS,33309235.75
2022-05-27,GL-1200,GL-1200,Investments — GoG securities,ASSET,GHS,67358945.56
2022-05-27,GL-1300,GL-1300,Loans & advances (gross),ASSET,GHS,317808767.89
2022-05-27,GL-1390,GL-1390,Less: impairment allowance,ASSET,GHS,-29328249.12
2022-05-27,GL-1900,GL-1900,Other assets,ASSET,GHS,33246986.82
2022-05-27,GL-2100,GL-2100,Customer deposits,LIABILITY,GHS,361580790.14
2022-05-27,GL-2400,GL-2400,Borrowings,LIABILITY,GHS,10847423.70
2022-05-27,GL-3100,GL-3100,Stated / paid-up capital,EQUITY,GHS,22000000.00
2022-05-27,GL-3200,GL-3200,Statutory reserve fund,EQUITY,GHS,20754927.73
2022-05-27,GL-3300,GL-3300,Retained earnings,EQUITY,GHS,21380749.01
2022-05-31,GL-1010,GL-1010,Cash on hand (vault),ASSET,GHS,14715685.35
2022-05-31,GL-1020,GL-1020,Balances with Bank of Ghana,ASSET,GHS,32588272.02
2022-05-31,GL-1200,GL-1200,Investments — GoG securities,ASSET,GHS,67802084.64
2022-05-31,GL-1300,GL-1300,Loans & advances (gross),ASSET,GHS,317619379.55
2022-05-31,GL-1390,GL-1390,Less: impairment allowance,ASSET,GHS,-29374380.24
2022-05-31,GL-1900,GL-1900,Other assets,ASSET,GHS,33450557.67
2022-05-31,GL-2100,GL-2100,Customer deposits,LIABILITY,GHS,361761819.31
2022-05-31,GL-2400,GL-2400,Borrowings,LIABILITY,GHS,10852854.58
2022-05-31,GL-3100,GL-3100,Stated / paid-up capital,EQUITY,GHS,22000000.00
2022-05-31,GL-3200,GL-3200,Statutory reserve fund,EQUITY,GHS,20778580.81
2022-05-31,GL-3300,GL-3300,Retained earnings,EQUITY,GHS,21408344.28
2022-06-03,GL-1010,GL-1010,Cash on hand (vault),ASSET,GHS,15177538.03
2022-06-03,GL-1020,GL-1020,Balances with Bank of Ghana,ASSET,GHS,32620592.87
2022-06-03,GL-1200,GL-1200,Investments — GoG securities,ASSET,GHS,70051076.80
2022-06-03,GL-1300,GL-1300,Loans & advances (gross),ASSET,GHS,318214271.14
2022-06-03,GL-1390,GL-1390,Less: impairment allowance,ASSET,GHS,-29903160.51
2022-06-03,GL-1900,GL-1900,Other assets,ASSET,GHS,38160659.39
2022-06-03,GL-2100,GL-2100,Customer deposits,LIABILITY,GHS,369024870.26
2022-06-03,GL-2400,GL-2400,Borrowings,LIABILITY,GHS,11070746.11
2022-06-03,GL-3100,GL-3100,Stated / paid-up capital,EQUITY,GHS,22000000.00
2022-06-03,GL-3200,GL-3200,Statutory reserve fund,EQUITY,GHS,20796320.63
2022-06-03,GL-3300,GL-3300,Retained earnings,EQUITY,GHS,21429040.74
2022-06-10,GL-1010,GL-1010,Cash on hand (vault),ASSET,GHS,14579766.69
2022-06-10,GL-1020,GL-1020,Balances with Bank of Ghana,ASSET,GHS,32271496.60
2022-06-10,GL-1200,GL-1200,Investments — GoG securities,ASSET,GHS,69315159.62
2022-06-10,GL-1300,GL-1300,Loans & advances (gross),ASSET,GHS,318466906.69
2022-06-10,GL-1390,GL-1390,Less: impairment allowance,ASSET,GHS,-29744108.22
2022-06-10,GL-1900,GL-1900,Other assets,ASSET,GHS,39862564.11
2022-06-10,GL-2100,GL-2100,Customer deposits,LIABILITY,GHS,369356057.76
2022-06-10,GL-2400,GL-2400,Borrowings,LIABILITY,GHS,11080681.73
2022-06-10,GL-3100,GL-3100,Stated / paid-up capital,EQUITY,GHS,22000000.00
2022-06-10,GL-3200,GL-3200,Statutory reserve fund,EQUITY,GHS,20837713.53
2022-06-10,GL-3300,GL-3300,Retained earnings,EQUITY,GHS,21477332.46
2022-06-17,GL-1010,GL-1010,Cash on hand (vault),ASSET,GHS,14863415.73
2022-06-17,GL-1020,GL-1020,Balances with Bank of Ghana,ASSET,GHS,33860501.76
2022-06-17,GL-1200,GL-1200,Investments — GoG securities,ASSET,GHS,68461489.52
2022-06-17,GL-1300,GL-1300,Loans & advances (gross),ASSET,GHS,318095258.36
2022-06-17,GL-1390,GL-1390,Less: impairment allowance,ASSET,GHS,-29285549.90
2022-06-17,GL-1900,GL-1900,Other assets,ASSET,GHS,38541609.26
2022-06-17,GL-2100,GL-2100,Customer deposits,LIABILITY,GHS,369060188.46
2022-06-17,GL-2400,GL-2400,Borrowings,LIABILITY,GHS,11071805.65
2022-06-17,GL-3100,GL-3100,Stated / paid-up capital,EQUITY,GHS,22000000.00
2022-06-17,GL-3200,GL-3200,Statutory reserve fund,EQUITY,GHS,20879106.44
2022-06-17,GL-3300,GL-3300,Retained earnings,EQUITY,GHS,21525624.18
2022-06-24,GL-1010,GL-1010,Cash on hand (vault),ASSET,GHS,14679697.87
2022-06-24,GL-1020,GL-1020,Balances with Bank of Ghana,ASSET,GHS,32451291.76
2022-06-24,GL-1200,GL-1200,Investments — GoG securities,ASSET,GHS,69692511.29
2022-06-24,GL-1300,GL-1300,Loans & advances (gross),ASSET,GHS,318821262.29
2022-06-24,GL-1390,GL-1390,Less: impairment allowance,ASSET,GHS,-29923370.28
2022-06-24,GL-1900,GL-1900,Other assets,ASSET,GHS,38499229.75
2022-06-24,GL-2100,GL-2100,Customer deposits,LIABILITY,GHS,368666220.81
2022-06-24,GL-2400,GL-2400,Borrowings,LIABILITY,GHS,11059986.62
2022-06-24,GL-3100,GL-3100,Stated / paid-up capital,EQUITY,GHS,22000000.00
2022-06-24,GL-3200,GL-3200,Statutory reserve fund,EQUITY,GHS,20920499.34
2022-06-24,GL-3300,GL-3300,Retained earnings,EQUITY,GHS,21573915.90
2022-06-30,GL-1010,GL-1010,Cash on hand (vault),ASSET,GHS,15046557.03
2022-06-30,GL-1020,GL-1020,Balances with Bank of Ghana,ASSET,GHS,33322278.30
2022-06-30,GL-1200,GL-1200,Investments — GoG securities,ASSET,GHS,71532355.88
2022-06-30,GL-1300,GL-1300,Loans & advances (gross),ASSET,GHS,319156149.43
2022-06-30,GL-1390,GL-1390,Less: impairment allowance,ASSET,GHS,-29988690.12
2022-06-30,GL-1900,GL-1900,Other assets,ASSET,GHS,35580033.14
2022-06-30,GL-2100,GL-2100,Customer deposits,LIABILITY,GHS,369007180.47
2022-06-30,GL-2400,GL-2400,Borrowings,LIABILITY,GHS,11070215.41
2022-06-30,GL-3100,GL-3100,Stated / paid-up capital,EQUITY,GHS,22000000.00
2022-06-30,GL-3200,GL-3200,Statutory reserve fund,EQUITY,GHS,20955978.98
2022-06-30,GL-3300,GL-3300,Retained earnings,EQUITY,GHS,21615308.80
2022-07-01,GL-1010,GL-1010,Cash on hand (vault),ASSET,GHS,14682939.71
2022-07-01,GL-1020,GL-1020,Balances with Bank of Ghana,ASSET,GHS,33446412.59
2022-07-01,GL-1200,GL-1200,Investments — GoG securities,ASSET,GHS,67645291.13
2022-07-01,GL-1300,GL-1300,Loans & advances (gross),ASSET,GHS,320059463.17
2022-07-01,GL-1390,GL-1390,Less: impairment allowance,ASSET,GHS,-29677714.94
2022-07-01,GL-1900,GL-1900,Other assets,ASSET,GHS,31264761.21
2022-07-01,GL-2100,GL-2100,Customer deposits,LIABILITY,GHS,361977721.36
2022-07-01,GL-2400,GL-2400,Borrowings,LIABILITY,GHS,10859331.64
2022-07-01,GL-3100,GL-3100,Stated / paid-up capital,EQUITY,GHS,22000000.00
2022-07-01,GL-3200,GL-3200,Statutory reserve fund,EQUITY,GHS,20961892.25
2022-07-01,GL-3300,GL-3300,Retained earnings,EQUITY,GHS,21622207.62
2022-07-08,GL-1010,GL-1010,Cash on hand (vault),ASSET,GHS,14594952.26
2022-07-08,GL-1020,GL-1020,Balances with Bank of Ghana,ASSET,GHS,32313547.26
2022-07-08,GL-1200,GL-1200,Investments — GoG securities,ASSET,GHS,67216246.20
2022-07-08,GL-1300,GL-1300,Loans & advances (gross),ASSET,GHS,319564998.37
2022-07-08,GL-1390,GL-1390,Less: impairment allowance,ASSET,GHS,-29973492.72
2022-07-08,GL-1900,GL-1900,Other assets,ASSET,GHS,35767349.24
2022-07-08,GL-2100,GL-2100,Customer deposits,LIABILITY,GHS,363893025.35
2022-07-08,GL-2400,GL-2400,Borrowings,LIABILITY,GHS,10916790.76
2022-07-08,GL-3100,GL-3100,Stated / paid-up capital,EQUITY,GHS,22000000.00
2022-07-08,GL-3200,GL-3200,Statutory reserve fund,EQUITY,GHS,21003285.15
2022-07-08,GL-3300,GL-3300,Retained earnings,EQUITY,GHS,21670499.34
2022-07-15,GL-1010,GL-1010,Cash on hand (vault),ASSET,GHS,14456571.73
2022-07-15,GL-1020,GL-1020,Balances with Bank of Ghana,ASSET,GHS,32985567.58
2022-07-15,GL-1200,GL-1200,Investments — GoG securities,ASSET,GHS,68633061.59
2022-07-15,GL-1300,GL-1300,Loans & advances (gross),ASSET,GHS,320706828.05
2022-07-15,GL-1390,GL-1390,Less: impairment allowance,ASSET,GHS,-30314432.96
2022-07-15,GL-1900,GL-1900,Other assets,ASSET,GHS,33814762.01
2022-07-15,GL-2100,GL-2100,Customer deposits,LIABILITY,GHS,364581445.52
2022-07-15,GL-2400,GL-2400,Borrowings,LIABILITY,GHS,10937443.37
2022-07-15,GL-3100,GL-3100,Stated / paid-up capital,EQUITY,GHS,22000000.00
2022-07-15,GL-3200,GL-3200,Statutory reserve fund,EQUITY,GHS,21044678.06
2022-07-15,GL-3300,GL-3300,Retained earnings,EQUITY,GHS,21718791.06
2022-07-22,GL-1010,GL-1010,Cash on hand (vault),ASSET,GHS,14727224.92
2022-07-22,GL-1020,GL-1020,Balances with Bank of Ghana,ASSET,GHS,32610197.83
2022-07-22,GL-1200,GL-1200,Investments — GoG securities,ASSET,GHS,67840672.43
2022-07-22,GL-1300,GL-1300,Loans & advances (gross),ASSET,GHS,320777722.76
2022-07-22,GL-1390,GL-1390,Less: impairment allowance,ASSET,GHS,-29548946.55
2022-07-22,GL-1900,GL-1900,Other assets,ASSET,GHS,33943422.79
2022-07-22,GL-2100,GL-2100,Customer deposits,LIABILITY,GHS,364560330.52
2022-07-22,GL-2400,GL-2400,Borrowings,LIABILITY,GHS,10936809.92
2022-07-22,GL-3100,GL-3100,Stated / paid-up capital,EQUITY,GHS,22000000.00
2022-07-22,GL-3200,GL-3200,Statutory reserve fund,EQUITY,GHS,21086070.96
2022-07-22,GL-3300,GL-3300,Retained earnings,EQUITY,GHS,21767082.79
2022-07-29,GL-1010,GL-1010,Cash on hand (vault),ASSET,GHS,14564407.81
2022-07-29,GL-1020,GL-1020,Balances with Bank of Ghana,ASSET,GHS,32243745.00
2022-07-29,GL-1200,GL-1200,Investments — GoG securities,ASSET,GHS,71223722.83
2022-07-29,GL-1300,GL-1300,Loans & advances (gross),ASSET,GHS,320801234.67
2022-07-29,GL-1390,GL-1390,Less: impairment allowance,ASSET,GHS,-29903263.68
2022-07-29,GL-1900,GL-1900,Other assets,ASSET,GHS,31591745.18
2022-07-29,GL-2100,GL-2100,Customer deposits,LIABILITY,GHS,364639566.45
2022-07-29,GL-2400,GL-2400,Borrowings,LIABILITY,GHS,10939186.99
2022-07-29,GL-3100,GL-3100,Stated / paid-up capital,EQUITY,GHS,22000000.00
2022-07-29,GL-3200,GL-3200,Statutory reserve fund,EQUITY,GHS,21127463.86
2022-07-29,GL-3300,GL-3300,Retained earnings,EQUITY,GHS,21815374.51
2022-07-31,GL-1010,GL-1010,Cash on hand (vault),ASSET,GHS,14386244.15
2022-07-31,GL-1020,GL-1020,Balances with Bank of Ghana,ASSET,GHS,32827313.78
2022-07-31,GL-1200,GL-1200,Investments — GoG securities,ASSET,GHS,70473171.66
2022-07-31,GL-1300,GL-1300,Loans & advances (gross),ASSET,GHS,321351894.06
2022-07-31,GL-1390,GL-1390,Less: impairment allowance,ASSET,GHS,-29775795.28
2022-07-31,GL-1900,GL-1900,Other assets,ASSET,GHS,31210804.93
2022-07-31,GL-2100,GL-2100,Customer deposits,LIABILITY,GHS,364568126.93
2022-07-31,GL-2400,GL-2400,Borrowings,LIABILITY,GHS,10937043.81
2022-07-31,GL-3100,GL-3100,Stated / paid-up capital,EQUITY,GHS,22000000.00
2022-07-31,GL-3200,GL-3200,Statutory reserve fund,EQUITY,GHS,21139290.41
2022-07-31,GL-3300,GL-3300,Retained earnings,EQUITY,GHS,21829172.14
2022-08-05,GL-1010,GL-1010,Cash on hand (vault),ASSET,GHS,14394539.06
2022-08-05,GL-1020,GL-1020,Balances with Bank of Ghana,ASSET,GHS,32845944.54
2022-08-05,GL-1200,GL-1200,Investments — GoG securities,ASSET,GHS,68338410.25
2022-08-05,GL-1300,GL-1300,Loans & advances (gross),ASSET,GHS,322324938.62
2022-08-05,GL-1390,GL-1390,Less: impairment allowance,ASSET,GHS,-30161049.95
2022-08-05,GL-1900,GL-1900,Other assets,ASSET,GHS,32768048.35
2022-08-05,GL-2100,GL-2100,Customer deposits,LIABILITY,GHS,364542046.49
2022-08-05,GL-2400,GL-2400,Borrowings,LIABILITY,GHS,10936261.39
2022-08-05,GL-3100,GL-3100,Stated / paid-up capital,EQUITY,GHS,22000000.00
2022-08-05,GL-3200,GL-3200,Statutory reserve fund,EQUITY,GHS,21168856.77
2022-08-05,GL-3300,GL-3300,Retained earnings,EQUITY,GHS,21863666.23
2022-08-12,GL-1010,GL-1010,Cash on hand (vault),ASSET,GHS,14665552.79
2022-08-12,GL-1020,GL-1020,Balances with Bank of Ghana,ASSET,GHS,32471478.53
2022-08-12,GL-1200,GL-1200,Investments — GoG securities,ASSET,GHS,67547902.56
2022-08-12,GL-1300,GL-1300,Loans & advances (gross),ASSET,GHS,320861964.25
2022-08-12,GL-1390,GL-1390,Less: impairment allowance,ASSET,GHS,-29565068.82
2022-08-12,GL-1900,GL-1900,Other assets,ASSET,GHS,34606829.87
2022-08-12,GL-2100,GL-2100,Customer deposits,LIABILITY,GHS,364530535.50
2022-08-12,GL-2400,GL-2400,Borrowings,LIABILITY,GHS,10935916.07
2022-08-12,GL-3100,GL-3100,Stated / paid-up capital,EQUITY,GHS,22000000.00
2022-08-12,GL-3200,GL-3200,Statutory reserve fund,EQUITY,GHS,21210249.67
2022-08-12,GL-3300,GL-3300,Retained earnings,EQUITY,GHS,21911957.95
2022-08-19,GL-1010,GL-1010,Cash on hand (vault),ASSET,GHS,14553132.59
2022-08-19,GL-1020,GL-1020,Balances with Bank of Ghana,ASSET,GHS,32216590.46
2022-08-19,GL-1200,GL-1200,Investments — GoG securities,ASSET,GHS,69188070.52
2022-08-19,GL-1300,GL-1300,Loans & advances (gross),ASSET,GHS,322159705.16
2022-08-19,GL-1390,GL-1390,Less: impairment allowance,ASSET,GHS,-30265002.67
2022-08-19,GL-1900,GL-1900,Other assets,ASSET,GHS,34212476.69
2022-08-19,GL-2100,GL-2100,Customer deposits,LIABILITY,GHS,365876777.19
2022-08-19,GL-2400,GL-2400,Borrowings,LIABILITY,GHS,10976303.32
2022-08-19,GL-3100,GL-3100,Stated / paid-up capital,EQUITY,GHS,22000000.00
2022-08-19,GL-3200,GL-3200,Statutory reserve fund,EQUITY,GHS,21251642.58
2022-08-19,GL-3300,GL-3300,Retained earnings,EQUITY,GHS,21960249.67
2022-08-26,GL-1010,GL-1010,Cash on hand (vault),ASSET,GHS,14461709.57
2022-08-26,GL-1020,GL-1020,Balances with Bank of Ghana,ASSET,GHS,33001158.63
2022-08-26,GL-1200,GL-1200,Investments — GoG securities,ASSET,GHS,70850520.95
2022-08-26,GL-1300,GL-1300,Loans & advances (gross),ASSET,GHS,322347174.29
2022-08-26,GL-1390,GL-1390,Less: impairment allowance,ASSET,GHS,-29692449.13
2022-08-26,GL-1900,GL-1900,Other assets,ASSET,GHS,33155300.92
2022-08-26,GL-2100,GL-2100,Customer deposits,LIABILITY,GHS,367788192.59
2022-08-26,GL-2400,GL-2400,Borrowings,LIABILITY,GHS,11033645.78
2022-08-26,GL-3100,GL-3100,Stated / paid-up capital,EQUITY,GHS,22000000.00
2022-08-26,GL-3200,GL-3200,Statutory reserve fund,EQUITY,GHS,21293035.48
2022-08-26,GL-3300,GL-3300,Retained earnings,EQUITY,GHS,22008541.39
2022-08-31,GL-1010,GL-1010,Cash on hand (vault),ASSET,GHS,14529862.88
2022-08-31,GL-1020,GL-1020,Balances with Bank of Ghana,ASSET,GHS,34153439.71
2022-08-31,GL-1200,GL-1200,Investments — GoG securities,ASSET,GHS,71085638.03
2022-08-31,GL-1300,GL-1300,Loans & advances (gross),ASSET,GHS,322560659.45
2022-08-31,GL-1390,GL-1390,Less: impairment allowance,ASSET,GHS,-30025574.22
2022-08-31,GL-1900,GL-1900,Other assets,ASSET,GHS,33421295.47
2022-08-31,GL-2100,GL-2100,Customer deposits,LIABILITY,GHS,369281246.60
2022-08-31,GL-2400,GL-2400,Borrowings,LIABILITY,GHS,11078437.40
2022-08-31,GL-3100,GL-3100,Stated / paid-up capital,EQUITY,GHS,22000000.00
2022-08-31,GL-3200,GL-3200,Statutory reserve fund,EQUITY,GHS,21322601.84
2022-08-31,GL-3300,GL-3300,Retained earnings,EQUITY,GHS,22043035.48
2022-09-02,GL-1010,GL-1010,Cash on hand (vault),ASSET,GHS,15072966.80
2022-09-02,GL-1020,GL-1020,Balances with Bank of Ghana,ASSET,GHS,33371308.83
2022-09-02,GL-1200,GL-1200,Investments — GoG securities,ASSET,GHS,71658996.79
2022-09-02,GL-1300,GL-1300,Loans & advances (gross),ASSET,GHS,322344104.85
2022-09-02,GL-1390,GL-1390,Less: impairment allowance,ASSET,GHS,-30266168.36
2022-09-02,GL-1900,GL-1900,Other assets,ASSET,GHS,40704793.51
2022-09-02,GL-2100,GL-2100,Customer deposits,LIABILITY,GHS,376208486.33
2022-09-02,GL-2400,GL-2400,Borrowings,LIABILITY,GHS,11286254.59
2022-09-02,GL-3100,GL-3100,Stated / paid-up capital,EQUITY,GHS,22000000.00
2022-09-02,GL-3200,GL-3200,Statutory reserve fund,EQUITY,GHS,21334428.38
2022-09-02,GL-3300,GL-3300,Retained earnings,EQUITY,GHS,22056833.11
2022-09-09,GL-1010,GL-1010,Cash on hand (vault),ASSET,GHS,14900936.08
2022-09-09,GL-1020,GL-1020,Balances with Bank of Ghana,ASSET,GHS,32984266.87
2022-09-09,GL-1200,GL-1200,Investments — GoG securities,ASSET,GHS,70841847.76
2022-09-09,GL-1300,GL-1300,Loans & advances (gross),ASSET,GHS,323252372.81
2022-09-09,GL-1390,GL-1390,Less: impairment allowance,ASSET,GHS,-30101441.11
2022-09-09,GL-1900,GL-1900,Other assets,ASSET,GHS,41078320.52
2022-09-09,GL-2100,GL-2100,Customer deposits,LIABILITY,GHS,376189666.81
2022-09-09,GL-2400,GL-2400,Borrowings,LIABILITY,GHS,11285690.00
2022-09-09,GL-3100,GL-3100,Stated / paid-up capital,EQUITY,GHS,22000000.00
2022-09-09,GL-3200,GL-3200,Statutory reserve fund,EQUITY,GHS,21375821.29
2022-09-09,GL-3300,GL-3300,Retained earnings,EQUITY,GHS,22105124.84
2022-09-16,GL-1010,GL-1010,Cash on hand (vault),ASSET,GHS,14711710.30
2022-09-16,GL-1020,GL-1020,Balances with Bank of Ghana,ASSET,GHS,33573644.75
2022-09-16,GL-1200,GL-1200,Investments — GoG securities,ASSET,GHS,72084617.45
2022-09-16,GL-1300,GL-1300,Loans & advances (gross),ASSET,GHS,323788759.87
2022-09-16,GL-1390,GL-1390,Less: impairment allowance,ASSET,GHS,-30078399.76
2022-09-16,GL-1900,GL-1900,Other assets,ASSET,GHS,38493490.45
2022-09-16,GL-2100,GL-2100,Customer deposits,LIABILITY,GHS,375731254.68
2022-09-16,GL-2400,GL-2400,Borrowings,LIABILITY,GHS,11271937.64
2022-09-16,GL-3100,GL-3100,Stated / paid-up capital,EQUITY,GHS,22000000.00
2022-09-16,GL-3200,GL-3200,Statutory reserve fund,EQUITY,GHS,21417214.19
2022-09-16,GL-3300,GL-3300,Retained earnings,EQUITY,GHS,22153416.56
2022-09-23,GL-1010,GL-1010,Cash on hand (vault),ASSET,GHS,14987900.18
2022-09-23,GL-1020,GL-1020,Balances with Bank of Ghana,ASSET,GHS,33180728.50
2022-09-23,GL-1200,GL-1200,Investments — GoG securities,ASSET,GHS,71254836.18
2022-09-23,GL-1300,GL-1300,Loans & advances (gross),ASSET,GHS,324246099.70
2022-09-23,GL-1390,GL-1390,Less: impairment allowance,ASSET,GHS,-30790876.91
2022-09-23,GL-1900,GL-1900,Other assets,ASSET,GHS,39691379.93
2022-09-23,GL-2100,GL-2100,Customer deposits,LIABILITY,GHS,375640536.12
2022-09-23,GL-2400,GL-2400,Borrowings,LIABILITY,GHS,11269216.08
2022-09-23,GL-3100,GL-3100,Stated / paid-up capital,EQUITY,GHS,22000000.00
2022-09-23,GL-3200,GL-3200,Statutory reserve fund,EQUITY,GHS,21458607.10
2022-09-23,GL-3300,GL-3300,Retained earnings,EQUITY,GHS,22201708.28
2022-09-30,GL-1010,GL-1010,Cash on hand (vault),ASSET,GHS,14933644.36
2022-09-30,GL-1020,GL-1020,Balances with Bank of Ghana,ASSET,GHS,33054381.05
2022-09-30,GL-1200,GL-1200,Investments — GoG securities,ASSET,GHS,70997612.06
2022-09-30,GL-1300,GL-1300,Loans & advances (gross),ASSET,GHS,325484342.68
2022-09-30,GL-1390,GL-1390,Less: impairment allowance,ASSET,GHS,-30317338.14
2022-09-30,GL-1900,GL-1900,Other assets,ASSET,GHS,41556321.99
2022-09-30,GL-2100,GL-2100,Customer deposits,LIABILITY,GHS,378600935.92
2022-09-30,GL-2400,GL-2400,Borrowings,LIABILITY,GHS,11358028.08
2022-09-30,GL-3100,GL-3100,Stated / paid-up capital,EQUITY,GHS,22000000.00
2022-09-30,GL-3200,GL-3200,Statutory reserve fund,EQUITY,GHS,21500000.00
2022-09-30,GL-3300,GL-3300,Retained earnings,EQUITY,GHS,22250000.00
2022-10-07,GL-1010,GL-1010,Cash on hand (vault),ASSET,GHS,14492009.65
2022-10-07,GL-1020,GL-1020,Balances with Bank of Ghana,ASSET,GHS,33074244.53
2022-10-07,GL-1200,GL-1200,Investments — GoG securities,ASSET,GHS,71017362.45
2022-10-07,GL-1300,GL-1300,Loans & advances (gross),ASSET,GHS,324969678.95
2022-10-07,GL-1390,GL-1390,Less: impairment allowance,ASSET,GHS,-29866506.77
2022-10-07,GL-1900,GL-1900,Other assets,ASSET,GHS,34998622.39
2022-10-07,GL-2100,GL-2100,Customer deposits,LIABILITY,GHS,371694880.17
2022-10-07,GL-2400,GL-2400,Borrowings,LIABILITY,GHS,11150846.41
2022-10-07,GL-3100,GL-3100,Stated / paid-up capital,EQUITY,GHS,22000000.00
2022-10-07,GL-3200,GL-3200,Statutory reserve fund,EQUITY,GHS,21541392.90
2022-10-07,GL-3300,GL-3300,Retained earnings,EQUITY,GHS,22298291.72
2022-10-14,GL-1010,GL-1010,Cash on hand (vault),ASSET,GHS,14795501.96
2022-10-14,GL-1020,GL-1020,Balances with Bank of Ghana,ASSET,GHS,32752556.80
2022-10-14,GL-1200,GL-1200,Investments — GoG securities,ASSET,GHS,70340401.52
2022-10-14,GL-1300,GL-1300,Loans & advances (gross),ASSET,GHS,326015765.85
2022-10-14,GL-1390,GL-1390,Less: impairment allowance,ASSET,GHS,-30874758.36
2022-10-14,GL-1900,GL-1900,Other assets,ASSET,GHS,36437468.26
2022-10-14,GL-2100,GL-2100,Customer deposits,LIABILITY,GHS,372366569.69
2022-10-14,GL-2400,GL-2400,Borrowings,LIABILITY,GHS,11170997.09
2022-10-14,GL-3100,GL-3100,Stated / paid-up capital,EQUITY,GHS,22000000.00
2022-10-14,GL-3200,GL-3200,Statutory reserve fund,EQUITY,GHS,21582785.81
2022-10-14,GL-3300,GL-3300,Retained earnings,EQUITY,GHS,22346583.44
2022-10-21,GL-1010,GL-1010,Cash on hand (vault),ASSET,GHS,14636285.07
2022-10-21,GL-1020,GL-1020,Balances with Bank of Ghana,ASSET,GHS,34406137.86
2022-10-21,GL-1200,GL-1200,Investments — GoG securities,ASSET,GHS,69584164.88
2022-10-21,GL-1300,GL-1300,Loans & advances (gross),ASSET,GHS,327132025.43
2022-10-21,GL-1390,GL-1390,Less: impairment allowance,ASSET,GHS,-30316257.63
2022-10-21,GL-1900,GL-1900,Other assets,ASSET,GHS,34384865.66
2022-10-21,GL-2100,GL-2100,Customer deposits,LIABILITY,GHS,372629288.74
2022-10-21,GL-2400,GL-2400,Borrowings,LIABILITY,GHS,11178878.66
2022-10-21,GL-3100,GL-3100,Stated / paid-up capital,EQUITY,GHS,22000000.00
2022-10-21,GL-3200,GL-3200,Statutory reserve fund,EQUITY,GHS,21624178.71
2022-10-21,GL-3300,GL-3300,Retained earnings,EQUITY,GHS,22394875.16
2022-10-28,GL-1010,GL-1010,Cash on hand (vault),ASSET,GHS,14446760.76
2022-10-28,GL-1020,GL-1020,Balances with Bank of Ghana,ASSET,GHS,32972965.79
2022-10-28,GL-1200,GL-1200,Investments — GoG securities,ASSET,GHS,68683839.54
2022-10-28,GL-1300,GL-1300,Loans & advances (gross),ASSET,GHS,326252847.72
2022-10-28,GL-1390,GL-1390,Less: impairment allowance,ASSET,GHS,-30517380.66
2022-10-28,GL-1900,GL-1900,Other assets,ASSET,GHS,37550746.65
2022-10-28,GL-2100,GL-2100,Customer deposits,LIABILITY,GHS,372117515.84
2022-10-28,GL-2400,GL-2400,Borrowings,LIABILITY,GHS,11163525.48
2022-10-28,GL-3100,GL-3100,Stated / paid-up capital,EQUITY,GHS,22000000.00
2022-10-28,GL-3200,GL-3200,Statutory reserve fund,EQUITY,GHS,21665571.62
2022-10-28,GL-3300,GL-3300,Retained earnings,EQUITY,GHS,22443166.89
2022-10-31,GL-1010,GL-1010,Cash on hand (vault),ASSET,GHS,15094282.17
2022-10-31,GL-1020,GL-1020,Balances with Bank of Ghana,ASSET,GHS,34430277.33
2022-10-31,GL-1200,GL-1200,Investments — GoG securities,ASSET,GHS,69636786.56
2022-10-31,GL-1300,GL-1300,Loans & advances (gross),ASSET,GHS,326819116.36
2022-10-31,GL-1390,GL-1390,Less: impairment allowance,ASSET,GHS,-30265459.25
2022-10-31,GL-1900,GL-1900,Other assets,ASSET,GHS,34031442.32
2022-10-31,GL-2100,GL-2100,Customer deposits,LIABILITY,GHS,372426476.42
2022-10-31,GL-2400,GL-2400,Borrowings,LIABILITY,GHS,11172794.29
2022-10-31,GL-3100,GL-3100,Stated / paid-up capital,EQUITY,GHS,22000000.00
2022-10-31,GL-3200,GL-3200,Statutory reserve fund,EQUITY,GHS,21683311.43
2022-10-31,GL-3300,GL-3300,Retained earnings,EQUITY,GHS,22463863.34
2022-11-04,GL-1010,GL-1010,Cash on hand (vault),ASSET,GHS,14755187.63
2022-11-04,GL-1020,GL-1020,Balances with Bank of Ghana,ASSET,GHS,32661067.17
2022-11-04,GL-1200,GL-1200,Investments — GoG securities,ASSET,GHS,70148998.42
2022-11-04,GL-1300,GL-1300,Loans & advances (gross),ASSET,GHS,327323421.77
2022-11-04,GL-1390,GL-1390,Less: impairment allowance,ASSET,GHS,-30725077.16
2022-11-04,GL-1900,GL-1900,Other assets,ASSET,GHS,36130866.93
2022-11-04,GL-2100,GL-2100,Customer deposits,LIABILITY,GHS,372908778.28
2022-11-04,GL-2400,GL-2400,Borrowings,LIABILITY,GHS,11187263.35
2022-11-04,GL-3100,GL-3100,Stated / paid-up capital,EQUITY,GHS,22000000.00
2022-11-04,GL-3200,GL-3200,Statutory reserve fund,EQUITY,GHS,21706964.52
2022-11-04,GL-3300,GL-3300,Retained earnings,EQUITY,GHS,22491458.61
2022-11-11,GL-1010,GL-1010,Cash on hand (vault),ASSET,GHS,14662395.22
2022-11-11,GL-1020,GL-1020,Balances with Bank of Ghana,ASSET,GHS,34473780.75
2022-11-11,GL-1200,GL-1200,Investments — GoG securities,ASSET,GHS,69708560.97
2022-11-11,GL-1300,GL-1300,Loans & advances (gross),ASSET,GHS,327572971.30
2022-11-11,GL-1390,GL-1390,Less: impairment allowance,ASSET,GHS,-30346176.08
2022-11-11,GL-1900,GL-1900,Other assets,ASSET,GHS,36340106.76
2022-11-11,GL-2100,GL-2100,Customer deposits,LIABILITY,GHS,374877214.72
2022-11-11,GL-2400,GL-2400,Borrowings,LIABILITY,GHS,11246316.44
2022-11-11,GL-3100,GL-3100,Stated / paid-up capital,EQUITY,GHS,22000000.00
2022-11-11,GL-3200,GL-3200,Statutory reserve fund,EQUITY,GHS,21748357.42
2022-11-11,GL-3300,GL-3300,Retained earnings,EQUITY,GHS,22539750.33
2022-11-18,GL-1010,GL-1010,Cash on hand (vault),ASSET,GHS,14999265.57
2022-11-18,GL-1020,GL-1020,Balances with Bank of Ghana,ASSET,GHS,33159131.86
2022-11-18,GL-1200,GL-1200,Investments — GoG securities,ASSET,GHS,73351828.13
2022-11-18,GL-1300,GL-1300,Loans & advances (gross),ASSET,GHS,327869830.72
2022-11-18,GL-1390,GL-1390,Less: impairment allowance,ASSET,GHS,-30571324.24
2022-11-18,GL-1900,GL-1900,Other assets,ASSET,GHS,34644519.54
2022-11-18,GL-2100,GL-2100,Customer deposits,LIABILITY,GHS,375801416.69
2022-11-18,GL-2400,GL-2400,Borrowings,LIABILITY,GHS,11274042.50
2022-11-18,GL-3100,GL-3100,Stated / paid-up capital,EQUITY,GHS,22000000.00
2022-11-18,GL-3200,GL-3200,Statutory reserve fund,EQUITY,GHS,21789750.33
2022-11-18,GL-3300,GL-3300,Retained earnings,EQUITY,GHS,22588042.05
2022-11-25,GL-1010,GL-1010,Cash on hand (vault),ASSET,GHS,14966622.76
2022-11-25,GL-1020,GL-1020,Balances with Bank of Ghana,ASSET,GHS,35128460.15
2022-11-25,GL-1200,GL-1200,Investments — GoG securities,ASSET,GHS,71054363.54
2022-11-25,GL-1300,GL-1300,Loans & advances (gross),ASSET,GHS,328885529.66
2022-11-25,GL-1390,GL-1390,Less: impairment allowance,ASSET,GHS,-30767747.69
2022-11-25,GL-1900,GL-1900,Other assets,ASSET,GHS,37890002.17
2022-11-25,GL-2100,GL-2100,Customer deposits,LIABILITY,GHS,379310440.36
2022-11-25,GL-2400,GL-2400,Borrowings,LIABILITY,GHS,11379313.21
2022-11-25,GL-3100,GL-3100,Stated / paid-up capital,EQUITY,GHS,22000000.00
2022-11-25,GL-3200,GL-3200,Statutory reserve fund,EQUITY,GHS,21831143.23
2022-11-25,GL-3300,GL-3300,Retained earnings,EQUITY,GHS,22636333.77
2022-11-30,GL-1010,GL-1010,Cash on hand (vault),ASSET,GHS,15416582.02
2022-11-30,GL-1020,GL-1020,Balances with Bank of Ghana,ASSET,GHS,35164295.15
2022-11-30,GL-1200,GL-1200,Investments — GoG securities,ASSET,GHS,71128777.70
2022-11-30,GL-1300,GL-1300,Loans & advances (gross),ASSET,GHS,328025357.94
2022-11-30,GL-1390,GL-1390,Less: impairment allowance,ASSET,GHS,-30561649.89
2022-11-30,GL-1900,GL-1900,Other assets,ASSET,GHS,38203601.63
2022-11-30,GL-2100,GL-2100,Customer deposits,LIABILITY,GHS,379461579.70
2022-11-30,GL-2400,GL-2400,Borrowings,LIABILITY,GHS,11383847.39
2022-11-30,GL-3100,GL-3100,Stated / paid-up capital,EQUITY,GHS,22000000.00
2022-11-30,GL-3200,GL-3200,Statutory reserve fund,EQUITY,GHS,21860709.59
2022-11-30,GL-3300,GL-3300,Retained earnings,EQUITY,GHS,22670827.86
2022-12-02,GL-1010,GL-1010,Cash on hand (vault),ASSET,GHS,15323399.99
2022-12-02,GL-1020,GL-1020,Balances with Bank of Ghana,ASSET,GHS,34909163.12
2022-12-02,GL-1200,GL-1200,Investments — GoG securities,ASSET,GHS,70576270.32
2022-12-02,GL-1300,GL-1300,Loans & advances (gross),ASSET,GHS,330256554.19
2022-12-02,GL-1390,GL-1390,Less: impairment allowance,ASSET,GHS,-30193552.14
2022-12-02,GL-1900,GL-1900,Other assets,ASSET,GHS,38278742.47
2022-12-02,GL-2100,GL-2100,Customer deposits,LIABILITY,GHS,381158656.63
2022-12-02,GL-2400,GL-2400,Borrowings,LIABILITY,GHS,11434759.70
2022-12-02,GL-3100,GL-3100,Stated / paid-up capital,EQUITY,GHS,22000000.00
2022-12-02,GL-3200,GL-3200,Statutory reserve fund,EQUITY,GHS,21872536.14
2022-12-02,GL-3300,GL-3300,Retained earnings,EQUITY,GHS,22684625.49
2022-12-09,GL-1010,GL-1010,Cash on hand (vault),ASSET,GHS,15140746.52
2022-12-09,GL-1020,GL-1020,Balances with Bank of Ghana,ASSET,GHS,34497933.20
2022-12-09,GL-1200,GL-1200,Investments — GoG securities,ASSET,GHS,74052590.35
2022-12-09,GL-1300,GL-1300,Loans & advances (gross),ASSET,GHS,330862566.92
2022-12-09,GL-1390,GL-1390,Less: impairment allowance,ASSET,GHS,-30699471.95
2022-12-09,GL-1900,GL-1900,Other assets,ASSET,GHS,35149706.52
2022-12-09,GL-2100,GL-2100,Customer deposits,LIABILITY,GHS,380929344.95
2022-12-09,GL-2400,GL-2400,Borrowings,LIABILITY,GHS,11427880.35
2022-12-09,GL-3100,GL-3100,Stated / paid-up capital,EQUITY,GHS,22000000.00
2022-12-09,GL-3200,GL-3200,Statutory reserve fund,EQUITY,GHS,21913929.04
2022-12-09,GL-3300,GL-3300,Retained earnings,EQUITY,GHS,22732917.21
2022-12-16,GL-1010,GL-1010,Cash on hand (vault),ASSET,GHS,14961945.48
2022-12-16,GL-1020,GL-1020,Balances with Bank of Ghana,ASSET,GHS,34143036.24
2022-12-16,GL-1200,GL-1200,Investments — GoG securities,ASSET,GHS,71032001.50
2022-12-16,GL-1300,GL-1300,Loans & advances (gross),ASSET,GHS,332482965.43
2022-12-16,GL-1390,GL-1390,Less: impairment allowance,ASSET,GHS,-30912455.78
2022-12-16,GL-1900,GL-1900,Other assets,ASSET,GHS,37245587.24
2022-12-16,GL-2100,GL-2100,Customer deposits,LIABILITY,GHS,380792766.24
2022-12-16,GL-2400,GL-2400,Borrowings,LIABILITY,GHS,11423782.99
2022-12-16,GL-3100,GL-3100,Stated / paid-up capital,EQUITY,GHS,22000000.00
2022-12-16,GL-3200,GL-3200,Statutory reserve fund,EQUITY,GHS,21955321.94
2022-12-16,GL-3300,GL-3300,Retained earnings,EQUITY,GHS,22781208.94
2022-12-23,GL-1010,GL-1010,Cash on hand (vault),ASSET,GHS,15272260.38
2022-12-23,GL-1020,GL-1020,Balances with Bank of Ghana,ASSET,GHS,33812140.67
2022-12-23,GL-1200,GL-1200,Investments — GoG securities,ASSET,GHS,70331606.77
2022-12-23,GL-1300,GL-1300,Loans & advances (gross),ASSET,GHS,331613696.56
2022-12-23,GL-1390,GL-1390,Less: impairment allowance,ASSET,GHS,-31136175.14
2022-12-23,GL-1900,GL-1900,Other assets,ASSET,GHS,39837064.92
2022-12-23,GL-2100,GL-2100,Customer deposits,LIABILITY,GHS,381460561.79
2022-12-23,GL-2400,GL-2400,Borrowings,LIABILITY,GHS,11443816.85
2022-12-23,GL-3100,GL-3100,Stated / paid-up capital,EQUITY,GHS,22000000.00
2022-12-23,GL-3200,GL-3200,Statutory reserve fund,EQUITY,GHS,21996714.85
2022-12-23,GL-3300,GL-3300,Retained earnings,EQUITY,GHS,22829500.66
2022-12-30,GL-1010,GL-1010,Cash on hand (vault),ASSET,GHS,15160514.27
2022-12-30,GL-1020,GL-1020,Balances with Bank of Ghana,ASSET,GHS,33558454.14
2022-12-30,GL-1200,GL-1200,Investments — GoG securities,ASSET,GHS,74158228.64
2022-12-30,GL-1300,GL-1300,Loans & advances (gross),ASSET,GHS,332161194.50
2022-12-30,GL-1390,GL-1390,Less: impairment allowance,ASSET,GHS,-30976883.41
2022-12-30,GL-1900,GL-1900,Other assets,ASSET,GHS,37370360.51
2022-12-30,GL-2100,GL-2100,Customer deposits,LIABILITY,GHS,383025212.16
2022-12-30,GL-2400,GL-2400,Borrowings,LIABILITY,GHS,11490756.36
2022-12-30,GL-3100,GL-3100,Stated / paid-up capital,EQUITY,GHS,22000000.00
2022-12-30,GL-3200,GL-3200,Statutory reserve fund,EQUITY,GHS,22038107.75
2022-12-30,GL-3300,GL-3300,Retained earnings,EQUITY,GHS,22877792.38
2022-12-31,GL-1010,GL-1010,Cash on hand (vault),ASSET,GHS,15522089.63
2022-12-31,GL-1020,GL-1020,Balances with Bank of Ghana,ASSET,GHS,34371832.41
2022-12-31,GL-1200,GL-1200,Investments — GoG securities,ASSET,GHS,73793480.09
2022-12-31,GL-1300,GL-1300,Loans & advances (gross),ASSET,GHS,331982420.88
2022-12-31,GL-1390,GL-1390,Less: impairment allowance,ASSET,GHS,-30661546.90
2022-12-31,GL-1900,GL-1900,Other assets,ASSET,GHS,36555104.83
2022-12-31,GL-2100,GL-2100,Customer deposits,LIABILITY,GHS,383140455.06
2022-12-31,GL-2400,GL-2400,Borrowings,LIABILITY,GHS,11494213.65
2022-12-31,GL-3100,GL-3100,Stated / paid-up capital,EQUITY,GHS,22000000.00
2022-12-31,GL-3200,GL-3200,Statutory reserve fund,EQUITY,GHS,22044021.02
2022-12-31,GL-3300,GL-3300,Retained earnings,EQUITY,GHS,22884691.20
2023-01-06,GL-1010,GL-1010,Cash on hand (vault),ASSET,GHS,14927191.40
2023-01-06,GL-1020,GL-1020,Balances with Bank of Ghana,ASSET,GHS,34065752.36
2023-01-06,GL-1200,GL-1200,Investments — GoG securities,ASSET,GHS,70866848.60
2023-01-06,GL-1300,GL-1300,Loans & advances (gross),ASSET,GHS,333041037.40
2023-01-06,GL-1390,GL-1390,Less: impairment allowance,ASSET,GHS,-30989985.70
2023-01-06,GL-1900,GL-1900,Other assets,ASSET,GHS,38059247.57
2023-01-06,GL-2100,GL-2100,Customer deposits,LIABILITY,GHS,381518938.71
2023-01-06,GL-2400,GL-2400,Borrowings,LIABILITY,GHS,11445568.16
2023-01-06,GL-3100,GL-3100,Stated / paid-up capital,EQUITY,GHS,22000000.00
2023-01-06,GL-3200,GL-3200,Statutory reserve fund,EQUITY,GHS,22079500.66
2023-01-06,GL-3300,GL-3300,Retained earnings,EQUITY,GHS,22926084.10
2023-01-13,GL-1010,GL-1010,Cash on hand (vault),ASSET,GHS,15239190.50
2023-01-13,GL-1020,GL-1020,Balances with Bank of Ghana,ASSET,GHS,33736640.19
2023-01-13,GL-1200,GL-1200,Investments — GoG securities,ASSET,GHS,74527419.64
2023-01-13,GL-1300,GL-1300,Loans & advances (gross),ASSET,GHS,333071729.95
2023-01-13,GL-1390,GL-1390,Less: impairment allowance,ASSET,GHS,-31274291.13
2023-01-13,GL-1900,GL-1900,Other assets,ASSET,GHS,35479316.88
2023-01-13,GL-2100,GL-2100,Customer deposits,LIABILITY,GHS,382218190.92
2023-01-13,GL-2400,GL-2400,Borrowings,LIABILITY,GHS,11466545.73
2023-01-13,GL-3100,GL-3100,Stated / paid-up capital,EQUITY,GHS,22000000.00
2023-01-13,GL-3200,GL-3200,Statutory reserve fund,EQUITY,GHS,22120893.56
2023-01-13,GL-3300,GL-3300,Retained earnings,EQUITY,GHS,22974375.82
2023-01-20,GL-1010,GL-1010,Cash on hand (vault),ASSET,GHS,15072342.38
2023-01-20,GL-1020,GL-1020,Balances with Bank of Ghana,ASSET,GHS,35425930.32
2023-01-20,GL-1200,GL-1200,Investments — GoG securities,ASSET,GHS,73735910.67
2023-01-20,GL-1300,GL-1300,Loans & advances (gross),ASSET,GHS,333388077.76
2023-01-20,GL-1390,GL-1390,Less: impairment allowance,ASSET,GHS,-30590449.19
2023-01-20,GL-1900,GL-1900,Other assets,ASSET,GHS,34025333.23
2023-01-20,GL-2100,GL-2100,Customer deposits,LIABILITY,GHS,382400185.60
2023-01-20,GL-2400,GL-2400,Borrowings,LIABILITY,GHS,11472005.57
2023-01-20,GL-3100,GL-3100,Stated / paid-up capital,EQUITY,GHS,22000000.00
2023-01-20,GL-3200,GL-3200,Statutory reserve fund,EQUITY,GHS,22162286.47
2023-01-20,GL-3300,GL-3300,Retained earnings,EQUITY,GHS,23022667.54
2023-01-27,GL-1010,GL-1010,Cash on hand (vault),ASSET,GHS,14863461.56
2023-01-27,GL-1020,GL-1020,Balances with Bank of Ghana,ASSET,GHS,33922345.92
2023-01-27,GL-1200,GL-1200,Investments — GoG securities,ASSET,GHS,72839319.00
2023-01-27,GL-1300,GL-1300,Loans & advances (gross),ASSET,GHS,333880145.12
2023-01-27,GL-1390,GL-1390,Less: impairment allowance,ASSET,GHS,-30565952.97
2023-01-27,GL-1900,GL-1900,Other assets,ASSET,GHS,35288107.08
2023-01-27,GL-2100,GL-2100,Customer deposits,LIABILITY,GHS,381507560.27
2023-01-27,GL-2400,GL-2400,Borrowings,LIABILITY,GHS,11445226.81
2023-01-27,GL-3100,GL-3100,Stated / paid-up capital,EQUITY,GHS,22000000.00
2023-01-27,GL-3200,GL-3200,Statutory reserve fund,EQUITY,GHS,22203679.37
2023-01-27,GL-3300,GL-3300,Retained earnings,EQUITY,GHS,23070959.26
2023-01-31,GL-1010,GL-1010,Cash on hand (vault),ASSET,GHS,14973948.21
2023-01-31,GL-1020,GL-1020,Balances with Bank of Ghana,ASSET,GHS,34171569.09
2023-01-31,GL-1200,GL-1200,Investments — GoG securities,ASSET,GHS,73367062.10
2023-01-31,GL-1300,GL-1300,Loans & advances (gross),ASSET,GHS,334730982.22
2023-01-31,GL-1390,GL-1390,Less: impairment allowance,ASSET,GHS,-31063433.07
2023-01-31,GL-1900,GL-1900,Other assets,ASSET,GHS,34613292.76
2023-01-31,GL-2100,GL-2100,Customer deposits,LIABILITY,GHS,382007314.87
2023-01-31,GL-2400,GL-2400,Borrowings,LIABILITY,GHS,11460219.45
2023-01-31,GL-3100,GL-3100,Stated / paid-up capital,EQUITY,GHS,22000000.00
2023-01-31,GL-3200,GL-3200,Statutory reserve fund,EQUITY,GHS,22227332.46
2023-01-31,GL-3300,GL-3300,Retained earnings,EQUITY,GHS,23098554.53
2023-02-03,GL-1010,GL-1010,Cash on hand (vault),ASSET,GHS,15168042.47
2023-02-03,GL-1020,GL-1020,Balances with Bank of Ghana,ASSET,GHS,33576838.64
2023-02-03,GL-1200,GL-1200,Investments — GoG securities,ASSET,GHS,72111570.78
2023-02-03,GL-1300,GL-1300,Loans & advances (gross),ASSET,GHS,333978399.00
2023-02-03,GL-1390,GL-1390,Less: impairment allowance,ASSET,GHS,-31056387.69
2023-02-03,GL-1900,GL-1900,Other assets,ASSET,GHS,37069665.92
2023-02-03,GL-2100,GL-2100,Customer deposits,LIABILITY,GHS,382023112.50
2023-02-03,GL-2400,GL-2400,Borrowings,LIABILITY,GHS,11460693.37
2023-02-03,GL-3100,GL-3100,Stated / paid-up capital,EQUITY,GHS,22000000.00
2023-02-03,GL-3200,GL-3200,Statutory reserve fund,EQUITY,GHS,22245072.27
2023-02-03,GL-3300,GL-3300,Retained earnings,EQUITY,GHS,23119250.99
2023-02-10,GL-1010,GL-1010,Cash on hand (vault),ASSET,GHS,15035027.74
2023-02-10,GL-1020,GL-1020,Balances with Bank of Ghana,ASSET,GHS,35344605.53
2023-02-10,GL-1200,GL-1200,Investments — GoG securities,ASSET,GHS,71479923.73
2023-02-10,GL-1300,GL-1300,Loans & advances (gross),ASSET,GHS,335632855.82
2023-02-10,GL-1390,GL-1390,Less: impairment allowance,ASSET,GHS,-31145609.22
2023-02-10,GL-1900,GL-1900,Other assets,ASSET,GHS,35664800.58
2023-02-10,GL-2100,GL-2100,Customer deposits,LIABILITY,GHS,383065627.47
2023-02-10,GL-2400,GL-2400,Borrowings,LIABILITY,GHS,11491968.82
2023-02-10,GL-3100,GL-3100,Stated / paid-up capital,EQUITY,GHS,22000000.00
2023-02-10,GL-3200,GL-3200,Statutory reserve fund,EQUITY,GHS,22286465.18
2023-02-10,GL-3300,GL-3300,Retained earnings,EQUITY,GHS,23167542.71
2023-02-17,GL-1010,GL-1010,Cash on hand (vault),ASSET,GHS,15813862.56
2023-02-17,GL-1020,GL-1020,Balances with Bank of Ghana,ASSET,GHS,33990744.43
2023-02-17,GL-1200,GL-1200,Investments — GoG securities,ASSET,GHS,72991362.89
2023-02-17,GL-1300,GL-1300,Loans & advances (gross),ASSET,GHS,335177269.25
2023-02-17,GL-1390,GL-1390,Less: impairment allowance,ASSET,GHS,-31534804.75
2023-02-17,GL-1900,GL-1900,Other assets,ASSET,GHS,36510094.31
2023-02-17,GL-2100,GL-2100,Customer deposits,LIABILITY,GHS,383888190.46
2023-02-17,GL-2400,GL-2400,Borrowings,LIABILITY,GHS,11516645.71
2023-02-17,GL-3100,GL-3100,Stated / paid-up capital,EQUITY,GHS,22000000.00
2023-02-17,GL-3200,GL-3200,Statutory reserve fund,EQUITY,GHS,22327858.08
2023-02-17,GL-3300,GL-3300,Retained earnings,EQUITY,GHS,23215834.43
2023-02-24,GL-1010,GL-1010,Cash on hand (vault),ASSET,GHS,15248410.15
2023-02-24,GL-1020,GL-1020,Balances with Bank of Ghana,ASSET,GHS,33752420.09
2023-02-24,GL-1200,GL-1200,Investments — GoG securities,ASSET,GHS,72493920.28
2023-02-24,GL-1300,GL-1300,Loans & advances (gross),ASSET,GHS,335648562.87
2023-02-24,GL-1390,GL-1390,Less: impairment allowance,ASSET,GHS,-31772107.39
2023-02-24,GL-1900,GL-1900,Other assets,ASSET,GHS,39490415.44
2023-02-24,GL-2100,GL-2100,Customer deposits,LIABILITY,GHS,385658489.61
2023-02-24,GL-2400,GL-2400,Borrowings,LIABILITY,GHS,11569754.69
2023-02-24,GL-3100,GL-3100,Stated / paid-up capital,EQUITY,GHS,22000000.00
2023-02-24,GL-3200,GL-3200,Statutory reserve fund,EQUITY,GHS,22369250.99
2023-02-24,GL-3300,GL-3300,Retained earnings,EQUITY,GHS,23264126.15
2023-02-28,GL-1010,GL-1010,Cash on hand (vault),ASSET,GHS,15326855.10
2023-02-28,GL-1020,GL-1020,Balances with Bank of Ghana,ASSET,GHS,33929408.83
2023-02-28,GL-1200,GL-1200,Investments — GoG securities,ASSET,GHS,72866477.73
2023-02-28,GL-1300,GL-1300,Loans & advances (gross),ASSET,GHS,335826197.02
2023-02-28,GL-1390,GL-1390,Less: impairment allowance,ASSET,GHS,-31843377.70
2023-02-28,GL-1900,GL-1900,Other assets,ASSET,GHS,38459254.40
2023-02-28,GL-2100,GL-2100,Customer deposits,LIABILITY,GHS,385320572.70
2023-02-28,GL-2400,GL-2400,Borrowings,LIABILITY,GHS,11559617.18
2023-02-28,GL-3100,GL-3100,Stated / paid-up capital,EQUITY,GHS,22000000.00
2023-02-28,GL-3200,GL-3200,Statutory reserve fund,EQUITY,GHS,22392904.07
2023-02-28,GL-3300,GL-3300,Retained earnings,EQUITY,GHS,23291721.42
2023-03-03,GL-1010,GL-1010,Cash on hand (vault),ASSET,GHS,15363751.38
2023-03-03,GL-1020,GL-1020,Balances with Bank of Ghana,ASSET,GHS,36123948.89
2023-03-03,GL-1200,GL-1200,Investments — GoG securities,ASSET,GHS,73043025.85
2023-03-03,GL-1300,GL-1300,Loans & advances (gross),ASSET,GHS,335515719.74
2023-03-03,GL-1390,GL-1390,Less: impairment allowance,ASSET,GHS,-31240227.68
2023-03-03,GL-1900,GL-1900,Other assets,ASSET,GHS,43812213.61
2023-03-03,GL-2100,GL-2100,Customer deposits,LIABILITY,GHS,393102300.99
2023-03-03,GL-2400,GL-2400,Borrowings,LIABILITY,GHS,11793069.03
2023-03-03,GL-3100,GL-3100,Stated / paid-up capital,EQUITY,GHS,22000000.00
2023-03-03,GL-3200,GL-3200,Statutory reserve fund,EQUITY,GHS,22410643.89
2023-03-03,GL-3300,GL-3300,Retained earnings,EQUITY,GHS,23312417.87
2023-03-10,GL-1010,GL-1010,Cash on hand (vault),ASSET,GHS,16101240.11
2023-03-10,GL-1020,GL-1020,Balances with Bank of Ghana,ASSET,GHS,34601894.33
2023-03-10,GL-1200,GL-1200,Investments — GoG securities,ASSET,GHS,74309053.45
2023-03-10,GL-1300,GL-1300,Loans & advances (gross),ASSET,GHS,336056916.89
2023-03-10,GL-1390,GL-1390,Less: impairment allowance,ASSET,GHS,-31883413.89
2023-03-10,GL-1900,GL-1900,Other assets,ASSET,GHS,42845101.95
2023-03-10,GL-2100,GL-2100,Customer deposits,LIABILITY,GHS,392444705.29
2023-03-10,GL-2400,GL-2400,Borrowings,LIABILITY,GHS,11773341.16
2023-03-10,GL-3100,GL-3100,Stated / paid-up capital,EQUITY,GHS,22000000.00
2023-03-10,GL-3200,GL-3200,Statutory reserve fund,EQUITY,GHS,22452036.79
2023-03-10,GL-3300,GL-3300,Retained earnings,EQUITY,GHS,23360709.59
2023-03-17,GL-1010,GL-1010,Cash on hand (vault),ASSET,GHS,15461678.29
2023-03-17,GL-1020,GL-1020,Balances with Bank of Ghana,ASSET,GHS,36342692.32
2023-03-17,GL-1200,GL-1200,Investments — GoG securities,ASSET,GHS,73508111.97
2023-03-17,GL-1300,GL-1300,Loans & advances (gross),ASSET,GHS,337602217.91
2023-03-17,GL-1390,GL-1390,Less: impairment allowance,ASSET,GHS,-31970780.01
2023-03-17,GL-1900,GL-1900,Other assets,ASSET,GHS,41439450.09
2023-03-17,GL-2100,GL-2100,Customer deposits,LIABILITY,GHS,392699941.32
2023-03-17,GL-2400,GL-2400,Borrowings,LIABILITY,GHS,11780998.24
2023-03-17,GL-3100,GL-3100,Stated / paid-up capital,EQUITY,GHS,22000000.00
2023-03-17,GL-3200,GL-3200,Statutory reserve fund,EQUITY,GHS,22493429.70
2023-03-17,GL-3300,GL-3300,Retained earnings,EQUITY,GHS,23409001.31
2023-03-24,GL-1010,GL-1010,Cash on hand (vault),ASSET,GHS,15327910.26
2023-03-24,GL-1020,GL-1020,Balances with Bank of Ghana,ASSET,GHS,36046292.32
2023-03-24,GL-1200,GL-1200,Investments — GoG securities,ASSET,GHS,72872905.73
2023-03-24,GL-1300,GL-1300,Loans & advances (gross),ASSET,GHS,336631535.15
2023-03-24,GL-1390,GL-1390,Less: impairment allowance,ASSET,GHS,-31576403.59
2023-03-24,GL-1900,GL-1900,Other assets,ASSET,GHS,44362477.44
2023-03-24,GL-2100,GL-2100,Customer deposits,LIABILITY,GHS,393856894.84
2023-03-24,GL-2400,GL-2400,Borrowings,LIABILITY,GHS,11815706.85
2023-03-24,GL-3100,GL-3100,Stated / paid-up capital,EQUITY,GHS,22000000.00
2023-03-24,GL-3200,GL-3200,Statutory reserve fund,EQUITY,GHS,22534822.60
2023-03-24,GL-3300,GL-3300,Retained earnings,EQUITY,GHS,23457293.04
2023-03-31,GL-1010,GL-1010,Cash on hand (vault),ASSET,GHS,16125462.60
2023-03-31,GL-1020,GL-1020,Balances with Bank of Ghana,ASSET,GHS,34647338.67
2023-03-31,GL-1200,GL-1200,Investments — GoG securities,ASSET,GHS,74412013.11
2023-03-31,GL-1300,GL-1300,Loans & advances (gross),ASSET,GHS,338085334.41
2023-03-31,GL-1390,GL-1390,Less: impairment allowance,ASSET,GHS,-32547970.51
2023-03-31,GL-1900,GL-1900,Other assets,ASSET,GHS,43829165.10
2023-03-31,GL-2100,GL-2100,Customer deposits,LIABILITY,GHS,394630624.37
2023-03-31,GL-2400,GL-2400,Borrowings,LIABILITY,GHS,11838918.73
2023-03-31,GL-3100,GL-3100,Stated / paid-up capital,EQUITY,GHS,22000000.00
2023-03-31,GL-3200,GL-3200,Statutory reserve fund,EQUITY,GHS,22576215.51
2023-03-31,GL-3300,GL-3300,Retained earnings,EQUITY,GHS,23505584.76
2023-04-07,GL-1010,GL-1010,Cash on hand (vault),ASSET,GHS,15210878.86
2023-04-07,GL-1020,GL-1020,Balances with Bank of Ghana,ASSET,GHS,35759655.80
2023-04-07,GL-1200,GL-1200,Investments — GoG securities,ASSET,GHS,72316029.19
2023-04-07,GL-1300,GL-1300,Loans & advances (gross),ASSET,GHS,339321313.08
2023-04-07,GL-1390,GL-1390,Less: impairment allowance,ASSET,GHS,-32408156.70
2023-04-07,GL-1900,GL-1900,Other assets,ASSET,GHS,37575295.96
2023-04-07,GL-2100,GL-2100,Customer deposits,LIABILITY,GHS,387964593.50
2023-04-07,GL-2400,GL-2400,Borrowings,LIABILITY,GHS,11638937.81
2023-04-07,GL-3100,GL-3100,Stated / paid-up capital,EQUITY,GHS,22000000.00
2023-04-07,GL-3200,GL-3200,Statutory reserve fund,EQUITY,GHS,22617608.41
2023-04-07,GL-3300,GL-3300,Retained earnings,EQUITY,GHS,23553876.48
2023-04-14,GL-1010,GL-1010,Cash on hand (vault),ASSET,GHS,15984073.76
2023-04-14,GL-1020,GL-1020,Balances with Bank of Ghana,ASSET,GHS,35403679.17
2023-04-14,GL-1200,GL-1200,Investments — GoG securities,ASSET,GHS,75988780.40
2023-04-14,GL-1300,GL-1300,Loans & advances (gross),ASSET,GHS,338477847.97
2023-04-14,GL-1390,GL-1390,Less: impairment allowance,ASSET,GHS,-32254990.47
2023-04-14,GL-1900,GL-1900,Other assets,ASSET,GHS,34733801.19
2023-04-14,GL-2100,GL-2100,Customer deposits,LIABILITY,GHS,388419439.34
2023-04-14,GL-2400,GL-2400,Borrowings,LIABILITY,GHS,11652583.18
2023-04-14,GL-3100,GL-3100,Stated / paid-up capital,EQUITY,GHS,22000000.00
2023-04-14,GL-3200,GL-3200,Statutory reserve fund,EQUITY,GHS,22659001.31
2023-04-14,GL-3300,GL-3300,Retained earnings,EQUITY,GHS,23602168.20
2023-04-21,GL-1010,GL-1010,Cash on hand (vault),ASSET,GHS,15789715.40
2023-04-21,GL-1020,GL-1020,Balances with Bank of Ghana,ASSET,GHS,33919423.29
2023-04-21,GL-1200,GL-1200,Investments — GoG securities,ASSET,GHS,72853968.96
2023-04-21,GL-1300,GL-1300,Loans & advances (gross),ASSET,GHS,338831909.84
2023-04-21,GL-1390,GL-1390,Less: impairment allowance,ASSET,GHS,-32341344.79
2023-04-21,GL-1900,GL-1900,Other assets,ASSET,GHS,38925946.58
2023-04-21,GL-2100,GL-2100,Customer deposits,LIABILITY,GHS,387989092.38
2023-04-21,GL-2400,GL-2400,Borrowings,LIABILITY,GHS,11639672.77
2023-04-21,GL-3100,GL-3100,Stated / paid-up capital,EQUITY,GHS,22000000.00
2023-04-21,GL-3200,GL-3200,Statutory reserve fund,EQUITY,GHS,22700394.22
2023-04-21,GL-3300,GL-3300,Retained earnings,EQUITY,GHS,23650459.92
2023-04-28,GL-1010,GL-1010,Cash on hand (vault),ASSET,GHS,15633375.17
2023-04-28,GL-1020,GL-1020,Balances with Bank of Ghana,ASSET,GHS,35614305.56
2023-04-28,GL-1200,GL-1200,Investments — GoG securities,ASSET,GHS,72009227.72
2023-04-28,GL-1300,GL-1300,Loans & advances (gross),ASSET,GHS,339914874.69
2023-04-28,GL-1390,GL-1390,Less: impairment allowance,ASSET,GHS,-32307899.13
2023-04-28,GL-1900,GL-1900,Other assets,ASSET,GHS,37174017.05
2023-04-28,GL-2100,GL-2100,Customer deposits,LIABILITY,GHS,387958604.17
2023-04-28,GL-2400,GL-2400,Borrowings,LIABILITY,GHS,11638758.12
2023-04-28,GL-3100,GL-3100,Stated / paid-up capital,EQUITY,GHS,22000000.00
2023-04-28,GL-3200,GL-3200,Statutory reserve fund,EQUITY,GHS,22741787.12
2023-04-28,GL-3300,GL-3300,Retained earnings,EQUITY,GHS,23698751.64
2023-04-30,GL-1010,GL-1010,Cash on hand (vault),ASSET,GHS,15452869.13
2023-04-30,GL-1020,GL-1020,Balances with Bank of Ghana,ASSET,GHS,34208914.40
2023-04-30,GL-1200,GL-1200,Investments — GoG securities,ASSET,GHS,75575403.66
2023-04-30,GL-1300,GL-1300,Loans & advances (gross),ASSET,GHS,339261901.09
2023-04-30,GL-1390,GL-1390,Less: impairment allowance,ASSET,GHS,-32401456.43
2023-04-30,GL-1900,GL-1900,Other assets,ASSET,GHS,36122453.92
2023-04-30,GL-2100,GL-2100,Customer deposits,LIABILITY,GHS,388110604.68
2023-04-30,GL-2400,GL-2400,Borrowings,LIABILITY,GHS,11643318.14
2023-04-30,GL-3100,GL-3100,Stated / paid-up capital,EQUITY,GHS,22000000.00
2023-04-30,GL-3200,GL-3200,Statutory reserve fund,EQUITY,GHS,22753613.67
2023-04-30,GL-3300,GL-3300,Retained earnings,EQUITY,GHS,23712549.28
2023-05-05,GL-1010,GL-1010,Cash on hand (vault),ASSET,GHS,15493925.93
2023-05-05,GL-1020,GL-1020,Balances with Bank of Ghana,ASSET,GHS,35301601.41
2023-05-05,GL-1200,GL-1200,Investments — GoG securities,ASSET,GHS,75774800.72
2023-05-05,GL-1300,GL-1300,Loans & advances (gross),ASSET,GHS,339517509.78
2023-05-05,GL-1390,GL-1390,Less: impairment allowance,ASSET,GHS,-32295611.37
2023-05-05,GL-1900,GL-1900,Other assets,ASSET,GHS,35296709.41
2023-05-05,GL-2100,GL-2100,Customer deposits,LIABILITY,GHS,388891953.87
2023-05-05,GL-2400,GL-2400,Borrowings,LIABILITY,GHS,11666758.62
2023-05-05,GL-3100,GL-3100,Stated / paid-up capital,EQUITY,GHS,22000000.00
2023-05-05,GL-3200,GL-3200,Statutory reserve fund,EQUITY,GHS,22783180.03
2023-05-05,GL-3300,GL-3300,Retained earnings,EQUITY,GHS,23747043.36
2023-05-12,GL-1010,GL-1010,Cash on hand (vault),ASSET,GHS,15361907.30
2023-05-12,GL-1020,GL-1020,Balances with Bank of Ghana,ASSET,GHS,36058950.14
2023-05-12,GL-1200,GL-1200,Investments — GoG securities,ASSET,GHS,72930916.27
2023-05-12,GL-1300,GL-1300,Loans & advances (gross),ASSET,GHS,340812474.12
2023-05-12,GL-1390,GL-1390,Less: impairment allowance,ASSET,GHS,-32234016.94
2023-05-12,GL-1900,GL-1900,Other assets,ASSET,GHS,37426287.52
2023-05-12,GL-2100,GL-2100,Customer deposits,LIABILITY,GHS,390035544.07
2023-05-12,GL-2400,GL-2400,Borrowings,LIABILITY,GHS,11701066.32
2023-05-12,GL-3100,GL-3100,Stated / paid-up capital,EQUITY,GHS,22000000.00
2023-05-12,GL-3200,GL-3200,Statutory reserve fund,EQUITY,GHS,22824572.93
2023-05-12,GL-3300,GL-3300,Retained earnings,EQUITY,GHS,23795335.09
2023-05-19,GL-1010,GL-1010,Cash on hand (vault),ASSET,GHS,15682175.08
2023-05-19,GL-1020,GL-1020,Balances with Bank of Ghana,ASSET,GHS,34721003.38
2023-05-19,GL-1200,GL-1200,Investments — GoG securities,ASSET,GHS,72224679.51
2023-05-19,GL-1300,GL-1300,Loans & advances (gross),ASSET,GHS,340075768.41
2023-05-19,GL-1390,GL-1390,Less: impairment allowance,ASSET,GHS,-32008101.57
2023-05-19,GL-1900,GL-1900,Other assets,ASSET,GHS,40515678.70
2023-05-19,GL-2100,GL-2100,Customer deposits,LIABILITY,GHS,390778262.98
2023-05-19,GL-2400,GL-2400,Borrowings,LIABILITY,GHS,11723347.89
2023-05-19,GL-3100,GL-3100,Stated / paid-up capital,EQUITY,GHS,22000000.00
2023-05-19,GL-3200,GL-3200,Statutory reserve fund,EQUITY,GHS,22865965.83
2023-05-19,GL-3300,GL-3300,Retained earnings,EQUITY,GHS,23843626.81
2023-05-26,GL-1010,GL-1010,Cash on hand (vault),ASSET,GHS,15514004.62
2023-05-26,GL-1020,GL-1020,Balances with Bank of Ghana,ASSET,GHS,34342265.30
2023-05-26,GL-1200,GL-1200,Investments — GoG securities,ASSET,GHS,75882118.49
2023-05-26,GL-1300,GL-1300,Loans & advances (gross),ASSET,GHS,341609561.62
2023-05-26,GL-1390,GL-1390,Less: impairment allowance,ASSET,GHS,-32880085.47
2023-05-26,GL-1900,GL-1900,Other assets,ASSET,GHS,37086097.39
2023-05-26,GL-2100,GL-2100,Customer deposits,LIABILITY,GHS,391023965.72
2023-05-26,GL-2400,GL-2400,Borrowings,LIABILITY,GHS,11730718.97
2023-05-26,GL-3100,GL-3100,Stated / paid-up capital,EQUITY,GHS,22000000.00
2023-05-26,GL-3200,GL-3200,Statutory reserve fund,EQUITY,GHS,22907358.74
2023-05-26,GL-3300,GL-3300,Retained earnings,EQUITY,GHS,23891918.53
2023-05-31,GL-1010,GL-1010,Cash on hand (vault),ASSET,GHS,15525029.23
2023-05-31,GL-1020,GL-1020,Balances with Bank of Ghana,ASSET,GHS,35374026.69
2023-05-31,GL-1200,GL-1200,Investments — GoG securities,ASSET,GHS,75934629.75
2023-05-31,GL-1300,GL-1300,Loans & advances (gross),ASSET,GHS,341131323.99
2023-05-31,GL-1390,GL-1390,Less: impairment allowance,ASSET,GHS,-32569207.00
2023-05-31,GL-1900,GL-1900,Other assets,ASSET,GHS,36248765.37
2023-05-31,GL-2100,GL-2100,Customer deposits,LIABILITY,GHS,391049738.16
2023-05-31,GL-2400,GL-2400,Borrowings,LIABILITY,GHS,11731492.14
2023-05-31,GL-3100,GL-3100,Stated / paid-up capital,EQUITY,GHS,22000000.00
2023-05-31,GL-3200,GL-3200,Statutory reserve fund,EQUITY,GHS,22936925.10
2023-05-31,GL-3300,GL-3300,Retained earnings,EQUITY,GHS,23926412.61
2023-06-02,GL-1010,GL-1010,Cash on hand (vault),ASSET,GHS,15637385.87
2023-06-02,GL-1020,GL-1020,Balances with Bank of Ghana,ASSET,GHS,35685298.10
2023-06-02,GL-1200,GL-1200,Investments — GoG securities,ASSET,GHS,74238591.25
2023-06-02,GL-1300,GL-1300,Loans & advances (gross),ASSET,GHS,343017171.31
2023-06-02,GL-1390,GL-1390,Less: impairment allowance,ASSET,GHS,-32985013.52
2023-06-02,GL-1900,GL-1900,Other assets,ASSET,GHS,43965919.50
2023-06-02,GL-2100,GL-2100,Customer deposits,LIABILITY,GHS,398709117.11
2023-06-02,GL-2400,GL-2400,Borrowings,LIABILITY,GHS,11961273.51
2023-06-02,GL-3100,GL-3100,Stated / paid-up capital,EQUITY,GHS,22000000.00
2023-06-02,GL-3200,GL-3200,Statutory reserve fund,EQUITY,GHS,22948751.64
2023-06-02,GL-3300,GL-3300,Retained earnings,EQUITY,GHS,23940210.25
2023-06-09,GL-1010,GL-1010,Cash on hand (vault),ASSET,GHS,15920052.73
2023-06-09,GL-1020,GL-1020,Balances with Bank of Ghana,ASSET,GHS,35245298.58
2023-06-09,GL-1200,GL-1200,Investments — GoG securities,ASSET,GHS,77851902.61
2023-06-09,GL-1300,GL-1300,Loans & advances (gross),ASSET,GHS,342241054.64
2023-06-09,GL-1390,GL-1390,Less: impairment allowance,ASSET,GHS,-33018150.87
2023-06-09,GL-1900,GL-1900,Other assets,ASSET,GHS,41041504.25
2023-06-09,GL-2100,GL-2100,Customer deposits,LIABILITY,GHS,398352442.16
2023-06-09,GL-2400,GL-2400,Borrowings,LIABILITY,GHS,11950573.26
2023-06-09,GL-3100,GL-3100,Stated / paid-up capital,EQUITY,GHS,22000000.00
2023-06-09,GL-3200,GL-3200,Statutory reserve fund,EQUITY,GHS,22990144.55
2023-06-09,GL-3300,GL-3300,Retained earnings,EQUITY,GHS,23988501.97
2023-06-16,GL-1010,GL-1010,Cash on hand (vault),ASSET,GHS,15760580.58
2023-06-16,GL-1020,GL-1020,Balances with Bank of Ghana,ASSET,GHS,34885686.59
2023-06-16,GL-1200,GL-1200,Investments — GoG securities,ASSET,GHS,77097514.54
2023-06-16,GL-1300,GL-1300,Loans & advances (gross),ASSET,GHS,342931003.03
2023-06-16,GL-1390,GL-1390,Less: impairment allowance,ASSET,GHS,-32962224.08
2023-06-16,GL-1900,GL-1900,Other assets,ASSET,GHS,42229585.65
2023-06-16,GL-2100,GL-2100,Customer deposits,LIABILITY,GHS,398906616.67
2023-06-16,GL-2400,GL-2400,Borrowings,LIABILITY,GHS,11967198.50
2023-06-16,GL-3100,GL-3100,Stated / paid-up capital,EQUITY,GHS,22000000.00
2023-06-16,GL-3200,GL-3200,Statutory reserve fund,EQUITY,GHS,23031537.45
2023-06-16,GL-3300,GL-3300,Retained earnings,EQUITY,GHS,24036793.69
2023-06-23,GL-1010,GL-1010,Cash on hand (vault),ASSET,GHS,15626771.63
2023-06-23,GL-1020,GL-1020,Balances with Bank of Ghana,ASSET,GHS,35663203.16
2023-06-23,GL-1200,GL-1200,Investments — GoG securities,ASSET,GHS,76468780.31
2023-06-23,GL-1300,GL-1300,Loans & advances (gross),ASSET,GHS,343287198.18
2023-06-23,GL-1390,GL-1390,Less: impairment allowance,ASSET,GHS,-32934637.97
2023-06-23,GL-1900,GL-1900,Other assets,ASSET,GHS,43181455.74
2023-06-23,GL-2100,GL-2100,Customer deposits,LIABILITY,GHS,400130830.37
2023-06-23,GL-2400,GL-2400,Borrowings,LIABILITY,GHS,12003924.91
2023-06-23,GL-3100,GL-3100,Stated / paid-up capital,EQUITY,GHS,22000000.00
2023-06-23,GL-3200,GL-3200,Statutory reserve fund,EQUITY,GHS,23072930.35
2023-06-23,GL-3300,GL-3300,Retained earnings,EQUITY,GHS,24085085.41
2023-06-30,GL-1010,GL-1010,Cash on hand (vault),ASSET,GHS,15976027.38
2023-06-30,GL-1020,GL-1020,Balances with Bank of Ghana,ASSET,GHS,35366816.23
2023-06-30,GL-1200,GL-1200,Investments — GoG securities,ASSET,GHS,75952716.44
2023-06-30,GL-1300,GL-1300,Loans & advances (gross),ASSET,GHS,343142142.96
2023-06-30,GL-1390,GL-1390,Less: impairment allowance,ASSET,GHS,-33630813.15
2023-06-30,GL-1900,GL-1900,Other assets,ASSET,GHS,45902588.23
2023-06-30,GL-2100,GL-2100,Customer deposits,LIABILITY,GHS,401419201.64
2023-06-30,GL-2400,GL-2400,Borrowings,LIABILITY,GHS,12042576.05
2023-06-30,GL-3100,GL-3100,Stated / paid-up capital,EQUITY,GHS,22000000.00
2023-06-30,GL-3200,GL-3200,Statutory reserve fund,EQUITY,GHS,23114323.26
2023-06-30,GL-3300,GL-3300,Retained earnings,EQUITY,GHS,24133377.14
2023-07-07,GL-1010,GL-1010,Cash on hand (vault),ASSET,GHS,15617552.86
2023-07-07,GL-1020,GL-1020,Balances with Bank of Ghana,ASSET,GHS,36710240.01
2023-07-07,GL-1200,GL-1200,Investments — GoG securities,ASSET,GHS,74249221.68
2023-07-07,GL-1300,GL-1300,Loans & advances (gross),ASSET,GHS,343274698.09
2023-07-07,GL-1390,GL-1390,Less: impairment allowance,ASSET,GHS,-33329048.92
2023-07-07,GL-1900,GL-1900,Other assets,ASSET,GHS,41676451.17
2023-07-07,GL-2100,GL-2100,Customer deposits,LIABILITY,GHS,396953135.79
2023-07-07,GL-2400,GL-2400,Borrowings,LIABILITY,GHS,11908594.07
2023-07-07,GL-3100,GL-3100,Stated / paid-up capital,EQUITY,GHS,22000000.00
2023-07-07,GL-3200,GL-3200,Statutory reserve fund,EQUITY,GHS,23155716.16
2023-07-07,GL-3300,GL-3300,Retained earnings,EQUITY,GHS,24181668.86
2023-07-14,GL-1010,GL-1010,Cash on hand (vault),ASSET,GHS,15449081.58
2023-07-14,GL-1020,GL-1020,Balances with Bank of Ghana,ASSET,GHS,35259802.42
2023-07-14,GL-1200,GL-1200,Investments — GoG securities,ASSET,GHS,73449035.38
2023-07-14,GL-1300,GL-1300,Loans & advances (gross),ASSET,GHS,343523811.04
2023-07-14,GL-1390,GL-1390,Less: impairment allowance,ASSET,GHS,-33279175.30
2023-07-14,GL-1900,GL-1900,Other assets,ASSET,GHS,44210935.13
2023-07-14,GL-2100,GL-2100,Customer deposits,LIABILITY,GHS,397268369.52
2023-07-14,GL-2400,GL-2400,Borrowings,LIABILITY,GHS,11918051.09
2023-07-14,GL-3100,GL-3100,Stated / paid-up capital,EQUITY,GHS,22000000.00
2023-07-14,GL-3200,GL-3200,Statutory reserve fund,EQUITY,GHS,23197109.07
2023-07-14,GL-3300,GL-3300,Retained earnings,EQUITY,GHS,24229960.58
2023-07-21,GL-1010,GL-1010,Cash on hand (vault),ASSET,GHS,16216048.91
2023-07-21,GL-1020,GL-1020,Balances with Bank of Ghana,ASSET,GHS,34840798.21
2023-07-21,GL-1200,GL-1200,Investments — GoG securities,ASSET,GHS,74828459.89
2023-07-21,GL-1300,GL-1300,Loans & advances (gross),ASSET,GHS,344415102.45
2023-07-21,GL-1390,GL-1390,Less: impairment allowance,ASSET,GHS,-33752334.89
2023-07-21,GL-1900,GL-1900,Other assets,ASSET,GHS,42013764.90
2023-07-21,GL-2100,GL-2100,Customer deposits,LIABILITY,GHS,397131150.69
2023-07-21,GL-2400,GL-2400,Borrowings,LIABILITY,GHS,11913934.52
2023-07-21,GL-3100,GL-3100,Stated / paid-up capital,EQUITY,GHS,22000000.00
2023-07-21,GL-3200,GL-3200,Statutory reserve fund,EQUITY,GHS,23238501.97
2023-07-21,GL-3300,GL-3300,Retained earnings,EQUITY,GHS,24278252.30
2023-07-28,GL-1010,GL-1010,Cash on hand (vault),ASSET,GHS,15570383.01
2023-07-28,GL-1020,GL-1020,Balances with Bank of Ghana,ASSET,GHS,36605994.25
2023-07-28,GL-1200,GL-1200,Investments — GoG securities,ASSET,GHS,74025243.97
2023-07-28,GL-1300,GL-1300,Loans & advances (gross),ASSET,GHS,345137213.98
2023-07-28,GL-1390,GL-1390,Less: impairment allowance,ASSET,GHS,-33700240.57
2023-07-28,GL-1900,GL-1900,Other assets,ASSET,GHS,41320599.15
2023-07-28,GL-2100,GL-2100,Customer deposits,LIABILITY,GHS,397429859.12
2023-07-28,GL-2400,GL-2400,Borrowings,LIABILITY,GHS,11922895.77
2023-07-28,GL-3100,GL-3100,Stated / paid-up capital,EQUITY,GHS,22000000.00
2023-07-28,GL-3200,GL-3200,Statutory reserve fund,EQUITY,GHS,23279894.88
2023-07-28,GL-3300,GL-3300,Retained earnings,EQUITY,GHS,24326544.02
2023-07-31,GL-1010,GL-1010,Cash on hand (vault),ASSET,GHS,16248203.70
2023-07-31,GL-1020,GL-1020,Balances with Bank of Ghana,ASSET,GHS,35984982.72
2023-07-31,GL-1200,GL-1200,Investments — GoG securities,ASSET,GHS,74874803.73
2023-07-31,GL-1300,GL-1300,Loans & advances (gross),ASSET,GHS,345769604.14
2023-07-31,GL-1390,GL-1390,Less: impairment allowance,ASSET,GHS,-34010441.02
2023-07-31,GL-1900,GL-1900,Other assets,ASSET,GHS,40121082.44
2023-07-31,GL-2100,GL-2100,Customer deposits,LIABILITY,GHS,397420738.39
2023-07-31,GL-2400,GL-2400,Borrowings,LIABILITY,GHS,11922622.15
2023-07-31,GL-3100,GL-3100,Stated / paid-up capital,EQUITY,GHS,22000000.00
2023-07-31,GL-3200,GL-3200,Statutory reserve fund,EQUITY,GHS,23297634.69
2023-07-31,GL-3300,GL-3300,Retained earnings,EQUITY,GHS,24347240.47
2023-08-04,GL-1010,GL-1010,Cash on hand (vault),ASSET,GHS,16359275.57
2023-08-04,GL-1020,GL-1020,Balances with Bank of Ghana,ASSET,GHS,35160207.86
2023-08-04,GL-1200,GL-1200,Investments — GoG securities,ASSET,GHS,77772548.19
2023-08-04,GL-1300,GL-1300,Loans & advances (gross),ASSET,GHS,345570171.52
2023-08-04,GL-1390,GL-1390,Less: impairment allowance,ASSET,GHS,-33995133.77
2023-08-04,GL-1900,GL-1900,Other assets,ASSET,GHS,38582767.34
2023-08-04,GL-2100,GL-2100,Customer deposits,LIABILITY,GHS,397819139.02
2023-08-04,GL-2400,GL-2400,Borrowings,LIABILITY,GHS,11934574.17
2023-08-04,GL-3100,GL-3100,Stated / paid-up capital,EQUITY,GHS,22000000.00
2023-08-04,GL-3200,GL-3200,Statutory reserve fund,EQUITY,GHS,23321287.78
2023-08-04,GL-3300,GL-3300,Retained earnings,EQUITY,GHS,24374835.74
2023-08-11,GL-1010,GL-1010,Cash on hand (vault),ASSET,GHS,16234371.55
2023-08-11,GL-1020,GL-1020,Balances with Bank of Ghana,ASSET,GHS,34873446.31
2023-08-11,GL-1200,GL-1200,Investments — GoG securities,ASSET,GHS,74904034.31
2023-08-11,GL-1300,GL-1300,Loans & advances (gross),ASSET,GHS,346823028.93
2023-08-11,GL-1390,GL-1390,Less: impairment allowance,ASSET,GHS,-34253555.33
2023-08-11,GL-1900,GL-1900,Other assets,ASSET,GHS,42382124.29
2023-08-11,GL-2100,GL-2100,Customer deposits,LIABILITY,GHS,399201594.08
2023-08-11,GL-2400,GL-2400,Borrowings,LIABILITY,GHS,11976047.82
2023-08-11,GL-3100,GL-3100,Stated / paid-up capital,EQUITY,GHS,22000000.00
2023-08-11,GL-3200,GL-3200,Statutory reserve fund,EQUITY,GHS,23362680.68
2023-08-11,GL-3300,GL-3300,Retained earnings,EQUITY,GHS,24423127.46
2023-08-18,GL-1010,GL-1010,Cash on hand (vault),ASSET,GHS,15615136.23
2023-08-18,GL-1020,GL-1020,Balances with Bank of Ghana,ASSET,GHS,36717915.28
2023-08-18,GL-1200,GL-1200,Investments — GoG securities,ASSET,GHS,74238292.38
2023-08-18,GL-1300,GL-1300,Loans & advances (gross),ASSET,GHS,346748484.18
2023-08-18,GL-1390,GL-1390,Less: impairment allowance,ASSET,GHS,-33645961.50
2023-08-18,GL-1900,GL-1900,Other assets,ASSET,GHS,42476558.95
2023-08-18,GL-2100,GL-2100,Customer deposits,LIABILITY,GHS,400266925.01
2023-08-18,GL-2400,GL-2400,Borrowings,LIABILITY,GHS,12008007.75
2023-08-18,GL-3100,GL-3100,Stated / paid-up capital,EQUITY,GHS,22000000.00
2023-08-18,GL-3200,GL-3200,Statutory reserve fund,EQUITY,GHS,23404073.59
2023-08-18,GL-3300,GL-3300,Retained earnings,EQUITY,GHS,24471419.19
2023-08-25,GL-1010,GL-1010,Cash on hand (vault),ASSET,GHS,16383732.55
2023-08-25,GL-1020,GL-1020,Balances with Bank of Ghana,ASSET,GHS,36286161.07
2023-08-25,GL-1200,GL-1200,Investments — GoG securities,ASSET,GHS,77889085.18
2023-08-25,GL-1300,GL-1300,Loans & advances (gross),ASSET,GHS,347261323.72
2023-08-25,GL-1390,GL-1390,Less: impairment allowance,ASSET,GHS,-34420694.44
2023-08-25,GL-1900,GL-1900,Other assets,ASSET,GHS,38593910.29
2023-08-25,GL-2100,GL-2100,Customer deposits,LIABILITY,GHS,400027515.52
2023-08-25,GL-2400,GL-2400,Borrowings,LIABILITY,GHS,12000825.47
2023-08-25,GL-3100,GL-3100,Stated / paid-up capital,EQUITY,GHS,22000000.00
2023-08-25,GL-3200,GL-3200,Statutory reserve fund,EQUITY,GHS,23445466.49
2023-08-25,GL-3300,GL-3300,Retained earnings,EQUITY,GHS,24519710.91
2023-08-31,GL-1010,GL-1010,Cash on hand (vault),ASSET,GHS,16384152.60
2023-08-31,GL-1020,GL-1020,Balances with Bank of Ghana,ASSET,GHS,36284442.19
2023-08-31,GL-1200,GL-1200,Investments — GoG securities,ASSET,GHS,75494743.83
2023-08-31,GL-1300,GL-1300,Loans & advances (gross),ASSET,GHS,349542566.23
2023-08-31,GL-1390,GL-1390,Less: impairment allowance,ASSET,GHS,-34560095.08
2023-08-31,GL-1900,GL-1900,Other assets,ASSET,GHS,40826114.52
2023-08-31,GL-2100,GL-2100,Customer deposits,LIABILITY,GHS,401873664.42
2023-08-31,GL-2400,GL-2400,Borrowings,LIABILITY,GHS,12056209.93
2023-08-31,GL-3100,GL-3100,Stated / paid-up capital,EQUITY,GHS,22000000.00
2023-08-31,GL-3200,GL-3200,Statutory reserve fund,EQUITY,GHS,23480946.12
2023-08-31,GL-3300,GL-3300,Retained earnings,EQUITY,GHS,24561103.81
2023-09-01,GL-1010,GL-1010,Cash on hand (vault),ASSET,GHS,16593890.51
2023-09-01,GL-1020,GL-1020,Balances with Bank of Ghana,ASSET,GHS,37851265.91
2023-09-01,GL-1200,GL-1200,Investments — GoG securities,ASSET,GHS,76553576.07
2023-09-01,GL-1300,GL-1300,Loans & advances (gross),ASSET,GHS,349847784.34
2023-09-01,GL-1390,GL-1390,Less: impairment allowance,ASSET,GHS,-34685279.20
2023-09-01,GL-1900,GL-1900,Other assets,ASSET,GHS,45898368.79
2023-09-01,GL-2100,GL-2100,Customer deposits,LIABILITY,GHS,409713344.07
2023-09-01,GL-2400,GL-2400,Borrowings,LIABILITY,GHS,12291400.32
2023-09-01,GL-3100,GL-3100,Stated / paid-up capital,EQUITY,GHS,22000000.00
2023-09-01,GL-3200,GL-3200,Statutory reserve fund,EQUITY,GHS,23486859.40
2023-09-01,GL-3300,GL-3300,Retained earnings,EQUITY,GHS,24568002.63
2023-09-08,GL-1010,GL-1010,Cash on hand (vault),ASSET,GHS,15921691.67
2023-09-08,GL-1020,GL-1020,Balances with Bank of Ghana,ASSET,GHS,37445655.44
2023-09-08,GL-1200,GL-1200,Investments — GoG securities,ASSET,GHS,75696023.26
2023-09-08,GL-1300,GL-1300,Loans & advances (gross),ASSET,GHS,349415659.30
2023-09-08,GL-1390,GL-1390,Less: impairment allowance,ASSET,GHS,-34448267.24
2023-09-08,GL-1900,GL-1900,Other assets,ASSET,GHS,48277538.88
2023-09-08,GL-2100,GL-2100,Customer deposits,LIABILITY,GHS,409867722.97
2023-09-08,GL-2400,GL-2400,Borrowings,LIABILITY,GHS,12296031.69
2023-09-08,GL-3100,GL-3100,Stated / paid-up capital,EQUITY,GHS,22000000.00
2023-09-08,GL-3200,GL-3200,Statutory reserve fund,EQUITY,GHS,23528252.30
2023-09-08,GL-3300,GL-3300,Retained earnings,EQUITY,GHS,24616294.35
2023-09-15,GL-1010,GL-1010,Cash on hand (vault),ASSET,GHS,16750306.43
2023-09-15,GL-1020,GL-1020,Balances with Bank of Ghana,ASSET,GHS,37095637.11
2023-09-15,GL-1200,GL-1200,Investments — GoG securities,ASSET,GHS,79632071.63
2023-09-15,GL-1300,GL-1300,Loans & advances (gross),ASSET,GHS,349719347.54
2023-09-15,GL-1390,GL-1390,Less: impairment allowance,ASSET,GHS,-34631114.55
2023-09-15,GL-1900,GL-1900,Other assets,ASSET,GHS,44628209.79
2023-09-15,GL-2100,GL-2100,Customer deposits,LIABILITY,GHS,410640996.77
2023-09-15,GL-2400,GL-2400,Borrowings,LIABILITY,GHS,12319229.90
2023-09-15,GL-3100,GL-3100,Stated / paid-up capital,EQUITY,GHS,22000000.00
2023-09-15,GL-3200,GL-3200,Statutory reserve fund,EQUITY,GHS,23569645.20
2023-09-15,GL-3300,GL-3300,Retained earnings,EQUITY,GHS,24664586.07
2023-09-22,GL-1010,GL-1010,Cash on hand (vault),ASSET,GHS,16598065.77
2023-09-22,GL-1020,GL-1020,Balances with Bank of Ghana,ASSET,GHS,37862908.38
2023-09-22,GL-1200,GL-1200,Investments — GoG securities,ASSET,GHS,76563510.94
2023-09-22,GL-1300,GL-1300,Loans & advances (gross),ASSET,GHS,350645480.58
2023-09-22,GL-1390,GL-1390,Less: impairment allowance,ASSET,GHS,-34477697.96
2023-09-22,GL-1900,GL-1900,Other assets,ASSET,GHS,46978520.66
2023-09-22,GL-2100,GL-2100,Customer deposits,LIABILITY,GHS,411501817.94
2023-09-22,GL-2400,GL-2400,Borrowings,LIABILITY,GHS,12345054.54
2023-09-22,GL-3100,GL-3100,Stated / paid-up capital,EQUITY,GHS,22000000.00
2023-09-22,GL-3200,GL-3200,Statutory reserve fund,EQUITY,GHS,23611038.11
2023-09-22,GL-3300,GL-3300,Retained earnings,EQUITY,GHS,24712877.79
2023-09-29,GL-1010,GL-1010,Cash on hand (vault),ASSET,GHS,16496261.62
2023-09-29,GL-1020,GL-1020,Balances with Bank of Ghana,ASSET,GHS,37584231.20
2023-09-29,GL-1200,GL-1200,Investments — GoG securities,ASSET,GHS,80671357.02
2023-09-29,GL-1300,GL-1300,Loans & advances (gross),ASSET,GHS,350390976.03
2023-09-29,GL-1390,GL-1390,Less: impairment allowance,ASSET,GHS,-34450035.62
2023-09-29,GL-1900,GL-1900,Other assets,ASSET,GHS,45185006.61
2023-09-29,GL-2100,GL-2100,Customer deposits,LIABILITY,GHS,413072035.27
2023-09-29,GL-2400,GL-2400,Borrowings,LIABILITY,GHS,12392161.06
2023-09-29,GL-3100,GL-3100,Stated / paid-up capital,EQUITY,GHS,22000000.00
2023-09-29,GL-3200,GL-3200,Statutory reserve fund,EQUITY,GHS,23652431.01
2023-09-29,GL-3300,GL-3300,Retained earnings,EQUITY,GHS,24761169.51
2023-09-30,GL-1010,GL-1010,Cash on hand (vault),ASSET,GHS,16379299.75
2023-09-30,GL-1020,GL-1020,Balances with Bank of Ghana,ASSET,GHS,37372462.78
2023-09-30,GL-1200,GL-1200,Investments — GoG securities,ASSET,GHS,80223789.91
2023-09-30,GL-1300,GL-1300,Loans & advances (gross),ASSET,GHS,351286995.83
2023-09-30,GL-1390,GL-1390,Less: impairment allowance,ASSET,GHS,-35084554.56
2023-09-30,GL-1900,GL-1900,Other assets,ASSET,GHS,45552148.78
2023-09-30,GL-2100,GL-2100,Customer deposits,LIABILITY,GHS,412916242.59
2023-09-30,GL-2400,GL-2400,Borrowings,LIABILITY,GHS,12387487.28
2023-09-30,GL-3100,GL-3100,Stated / paid-up capital,EQUITY,GHS,22000000.00
2023-09-30,GL-3200,GL-3200,Statutory reserve fund,EQUITY,GHS,23658344.28
2023-09-30,GL-3300,GL-3300,Retained earnings,EQUITY,GHS,24768068.33
2023-10-06,GL-1010,GL-1010,Cash on hand (vault),ASSET,GHS,16015574.09
2023-10-06,GL-1020,GL-1020,Balances with Bank of Ghana,ASSET,GHS,36494293.34
2023-10-06,GL-1200,GL-1200,Investments — GoG securities,ASSET,GHS,78346569.02
2023-10-06,GL-1300,GL-1300,Loans & advances (gross),ASSET,GHS,352163324.69
2023-10-06,GL-1390,GL-1390,Less: impairment allowance,ASSET,GHS,-34530738.88
2023-10-06,GL-1900,GL-1900,Other assets,ASSET,GHS,39844338.95
2023-10-06,GL-2100,GL-2100,Customer deposits,LIABILITY,GHS,405660268.00
2023-10-06,GL-2400,GL-2400,Borrowings,LIABILITY,GHS,12169808.04
2023-10-06,GL-3100,GL-3100,Stated / paid-up capital,EQUITY,GHS,22000000.00
2023-10-06,GL-3200,GL-3200,Statutory reserve fund,EQUITY,GHS,23693823.92
2023-10-06,GL-3300,GL-3300,Retained earnings,EQUITY,GHS,24809461.24
2023-10-13,GL-1010,GL-1010,Cash on hand (vault),ASSET,GHS,15813841.00
2023-10-13,GL-1020,GL-1020,Balances with Bank of Ghana,ASSET,GHS,37134003.48
2023-10-13,GL-1200,GL-1200,Investments — GoG securities,ASSET,GHS,75076116.02
2023-10-13,GL-1300,GL-1300,Loans & advances (gross),ASSET,GHS,352763791.78
2023-10-13,GL-1390,GL-1390,Less: impairment allowance,ASSET,GHS,-34531415.13
2023-10-13,GL-1900,GL-1900,Other assets,ASSET,GHS,41717002.50
2023-10-13,GL-2100,GL-2100,Customer deposits,LIABILITY,GHS,405223660.06
2023-10-13,GL-2400,GL-2400,Borrowings,LIABILITY,GHS,12156709.80
2023-10-13,GL-3100,GL-3100,Stated / paid-up capital,EQUITY,GHS,22000000.00
2023-10-13,GL-3200,GL-3200,Statutory reserve fund,EQUITY,GHS,23735216.82
2023-10-13,GL-3300,GL-3300,Retained earnings,EQUITY,GHS,24857752.96
2023-10-20,GL-1010,GL-1010,Cash on hand (vault),ASSET,GHS,16125648.69
2023-10-20,GL-1020,GL-1020,Balances with Bank of Ghana,ASSET,GHS,36741752.57
2023-10-20,GL-1200,GL-1200,Investments — GoG securities,ASSET,GHS,78868391.01
2023-10-20,GL-1300,GL-1300,Loans & advances (gross),ASSET,GHS,352741982.62
2023-10-20,GL-1390,GL-1390,Less: impairment allowance,ASSET,GHS,-34997034.29
2023-10-20,GL-1900,GL-1900,Other assets,ASSET,GHS,38842181.25
2023-10-20,GL-2100,GL-2100,Customer deposits,LIABILITY,GHS,405475987.81
2023-10-20,GL-2400,GL-2400,Borrowings,LIABILITY,GHS,12164279.63
2023-10-20,GL-3100,GL-3100,Stated / paid-up capital,EQUITY,GHS,22000000.00
2023-10-20,GL-3200,GL-3200,Statutory reserve fund,EQUITY,GHS,23776609.72
2023-10-20,GL-3300,GL-3300,Retained earnings,EQUITY,GHS,24906044.68
2023-10-27,GL-1010,GL-1010,Cash on hand (vault),ASSET,GHS,15962718.80
2023-10-27,GL-1020,GL-1020,Balances with Bank of Ghana,ASSET,GHS,37522770.52
2023-10-27,GL-1200,GL-1200,Investments — GoG securities,ASSET,GHS,78097563.48
2023-10-27,GL-1300,GL-1300,Loans & advances (gross),ASSET,GHS,353532068.04
2023-10-27,GL-1390,GL-1390,Less: impairment allowance,ASSET,GHS,-34726948.09
2023-10-27,GL-1900,GL-1900,Other assets,ASSET,GHS,38592447.39
2023-10-27,GL-2100,GL-2100,Customer deposits,LIABILITY,GHS,406027457.41
2023-10-27,GL-2400,GL-2400,Borrowings,LIABILITY,GHS,12180823.72
2023-10-27,GL-3100,GL-3100,Stated / paid-up capital,EQUITY,GHS,22000000.00
2023-10-27,GL-3200,GL-3200,Statutory reserve fund,EQUITY,GHS,23818002.63
2023-10-27,GL-3300,GL-3300,Retained earnings,EQUITY,GHS,24954336.40
2023-10-31,GL-1010,GL-1010,Cash on hand (vault),ASSET,GHS,16146708.16
2023-10-31,GL-1020,GL-1020,Balances with Bank of Ghana,ASSET,GHS,35741015.17
2023-10-31,GL-1200,GL-1200,Investments — GoG securities,ASSET,GHS,76764580.47
2023-10-31,GL-1300,GL-1300,Loans & advances (gross),ASSET,GHS,353789660.93
2023-10-31,GL-1390,GL-1390,Less: impairment allowance,ASSET,GHS,-34572061.36
2023-10-31,GL-1900,GL-1900,Other assets,ASSET,GHS,43434065.19
2023-10-31,GL-2100,GL-2100,Customer deposits,LIABILITY,GHS,408233379.79
2023-10-31,GL-2400,GL-2400,Borrowings,LIABILITY,GHS,12247001.39
2023-10-31,GL-3100,GL-3100,Stated / paid-up capital,EQUITY,GHS,22000000.00
2023-10-31,GL-3200,GL-3200,Statutory reserve fund,EQUITY,GHS,23841655.72
2023-10-31,GL-3300,GL-3300,Retained earnings,EQUITY,GHS,24981931.67
2023-11-03,GL-1010,GL-1010,Cash on hand (vault),ASSET,GHS,15866024.71
2023-11-03,GL-1020,GL-1020,Balances with Bank of Ghana,ASSET,GHS,36211786.70
2023-11-03,GL-1200,GL-1200,Investments — GoG securities,ASSET,GHS,75323688.13
2023-11-03,GL-1300,GL-1300,Loans & advances (gross),ASSET,GHS,354183767.29
2023-11-03,GL-1390,GL-1390,Less: impairment allowance,ASSET,GHS,-34826644.30
2023-11-03,GL-1900,GL-1900,Other assets,ASSET,GHS,44648653.83
2023-11-03,GL-2100,GL-2100,Customer deposits,LIABILITY,GHS,408296361.85
2023-11-03,GL-2400,GL-2400,Borrowings,LIABILITY,GHS,12248890.86
2023-11-03,GL-3100,GL-3100,Stated / paid-up capital,EQUITY,GHS,22000000.00
2023-11-03,GL-3200,GL-3200,Statutory reserve fund,EQUITY,GHS,23859395.53
2023-11-03,GL-3300,GL-3300,Retained earnings,EQUITY,GHS,25002628.12
2023-11-10,GL-1010,GL-1010,Cash on hand (vault),ASSET,GHS,16216942.61
2023-11-10,GL-1020,GL-1020,Balances with Bank of Ghana,ASSET,GHS,35897244.53
2023-11-10,GL-1200,GL-1200,Investments — GoG securities,ASSET,GHS,79324465.64
2023-11-10,GL-1300,GL-1300,Loans & advances (gross),ASSET,GHS,353890316.55
2023-11-10,GL-1390,GL-1390,Less: impairment allowance,ASSET,GHS,-34771748.17
2023-11-10,GL-1900,GL-1900,Other assets,ASSET,GHS,42158376.81
2023-11-10,GL-2100,GL-2100,Customer deposits,LIABILITY,GHS,409479504.55
2023-11-10,GL-2400,GL-2400,Borrowings,LIABILITY,GHS,12284385.14
2023-11-10,GL-3100,GL-3100,Stated / paid-up capital,EQUITY,GHS,22000000.00
2023-11-10,GL-3200,GL-3200,Statutory reserve fund,EQUITY,GHS,23900788.44
2023-11-10,GL-3300,GL-3300,Retained earnings,EQUITY,GHS,25050919.84
2023-11-17,GL-1010,GL-1010,Cash on hand (vault),ASSET,GHS,16048514.34
2023-11-17,GL-1020,GL-1020,Balances with Bank of Ghana,ASSET,GHS,37731290.15
2023-11-17,GL-1200,GL-1200,Investments — GoG securities,ASSET,GHS,78527007.90
2023-11-17,GL-1300,GL-1300,Loans & advances (gross),ASSET,GHS,355261892.97
2023-11-17,GL-1390,GL-1390,Less: impairment allowance,ASSET,GHS,-35203336.43
2023-11-17,GL-1900,GL-1900,Other assets,ASSET,GHS,40913628.67
2023-11-17,GL-2100,GL-2100,Customer deposits,LIABILITY,GHS,409939422.03
2023-11-17,GL-2400,GL-2400,Borrowings,LIABILITY,GHS,12298182.66
2023-11-17,GL-3100,GL-3100,Stated / paid-up capital,EQUITY,GHS,22000000.00
2023-11-17,GL-3200,GL-3200,Statutory reserve fund,EQUITY,GHS,23942181.34
2023-11-17,GL-3300,GL-3300,Retained earnings,EQUITY,GHS,25099211.56
2023-11-24,GL-1010,GL-1010,Cash on hand (vault),ASSET,GHS,16831254.82
2023-11-24,GL-1020,GL-1020,Balances with Bank of Ghana,ASSET,GHS,36173405.92
2023-11-24,GL-1200,GL-1200,Investments — GoG securities,ASSET,GHS,79908404.95
2023-11-24,GL-1300,GL-1300,Loans & advances (gross),ASSET,GHS,355147136.19
2023-11-24,GL-1390,GL-1390,Less: impairment allowance,ASSET,GHS,-34740509.25
2023-11-24,GL-1900,GL-1900,Other assets,ASSET,GHS,39686264.96
2023-11-24,GL-2100,GL-2100,Customer deposits,LIABILITY,GHS,409587262.19
2023-11-24,GL-2400,GL-2400,Borrowings,LIABILITY,GHS,12287617.87
2023-11-24,GL-3100,GL-3100,Stated / paid-up capital,EQUITY,GHS,22000000.00
2023-11-24,GL-3200,GL-3200,Statutory reserve fund,EQUITY,GHS,23983574.24
2023-11-24,GL-3300,GL-3300,Retained earnings,EQUITY,GHS,25147503.29
2023-11-30,GL-1010,GL-1010,Cash on hand (vault),ASSET,GHS,16222754.73
2023-11-30,GL-1020,GL-1020,Balances with Bank of Ghana,ASSET,GHS,35910807.71
2023-11-30,GL-1200,GL-1200,Investments — GoG securities,ASSET,GHS,77125952.54
2023-11-30,GL-1300,GL-1300,Loans & advances (gross),ASSET,GHS,356347748.86
2023-11-30,GL-1390,GL-1390,Less: impairment allowance,ASSET,GHS,-35328896.28
2023-11-30,GL-1900,GL-1900,Other assets,ASSET,GHS,42346640.26
2023-11-30,GL-2100,GL-2100,Customer deposits,LIABILITY,GHS,409142774.52
2023-11-30,GL-2400,GL-2400,Borrowings,LIABILITY,GHS,12274283.24
2023-11-30,GL-3100,GL-3100,Stated / paid-up capital,EQUITY,GHS,22000000.00
2023-11-30,GL-3200,GL-3200,Statutory reserve fund,EQUITY,GHS,24019053.88
2023-11-30,GL-3300,GL-3300,Retained earnings,EQUITY,GHS,25188896.19
2023-12-01,GL-1010,GL-1010,Cash on hand (vault),ASSET,GHS,16242278.99
2023-12-01,GL-1020,GL-1020,Balances with Bank of Ghana,ASSET,GHS,38174798.07
2023-12-01,GL-1200,GL-1200,Investments — GoG securities,ASSET,GHS,77219140.88
2023-12-01,GL-1300,GL-1300,Loans & advances (gross),ASSET,GHS,355355453.17
2023-12-01,GL-1390,GL-1390,Less: impairment allowance,ASSET,GHS,-35157096.70
2023-12-01,GL-1900,GL-1900,Other assets,ASSET,GHS,43585775.67
2023-12-01,GL-2100,GL-2100,Customer deposits,LIABILITY,GHS,411844260.11
2023-12-01,GL-2400,GL-2400,Borrowings,LIABILITY,GHS,12355327.80
2023-12-01,GL-3100,GL-3100,Stated / paid-up capital,EQUITY,GHS,22000000.00
2023-12-01,GL-3200,GL-3200,Statutory reserve fund,EQUITY,GHS,24024967.15
2023-12-01,GL-3300,GL-3300,Retained earnings,EQUITY,GHS,25195795.01
2023-12-08,GL-1010,GL-1010,Cash on hand (vault),ASSET,GHS,16071458.59
2023-12-08,GL-1020,GL-1020,Balances with Bank of Ghana,ASSET,GHS,37792146.28
2023-12-08,GL-1200,GL-1200,Investments — GoG securities,ASSET,GHS,76407815.00
2023-12-08,GL-1300,GL-1300,Loans & advances (gross),ASSET,GHS,355871760.02
2023-12-08,GL-1390,GL-1390,Less: impairment allowance,ASSET,GHS,-34889048.34
2023-12-08,GL-1900,GL-1900,Other assets,ASSET,GHS,44696876.53
2023-12-08,GL-2100,GL-2100,Customer deposits,LIABILITY,GHS,412272389.61
2023-12-08,GL-2400,GL-2400,Borrowings,LIABILITY,GHS,12368171.69
2023-12-08,GL-3100,GL-3100,Stated / paid-up capital,EQUITY,GHS,22000000.00
2023-12-08,GL-3200,GL-3200,Statutory reserve fund,EQUITY,GHS,24066360.05
2023-12-08,GL-3300,GL-3300,Retained earnings,EQUITY,GHS,25244086.73
2023-12-15,GL-1010,GL-1010,Cash on hand (vault),ASSET,GHS,16916479.70
2023-12-15,GL-1020,GL-1020,Balances with Bank of Ghana,ASSET,GHS,36349657.06
2023-12-15,GL-1200,GL-1200,Investments — GoG securities,ASSET,GHS,78065861.46
2023-12-15,GL-1300,GL-1300,Loans & advances (gross),ASSET,GHS,356949996.05
2023-12-15,GL-1390,GL-1390,Less: impairment allowance,ASSET,GHS,-35318245.38
2023-12-15,GL-1900,GL-1900,Other assets,ASSET,GHS,44165958.96
2023-12-15,GL-2100,GL-2100,Customer deposits,LIABILITY,GHS,413329685.87
2023-12-15,GL-2400,GL-2400,Borrowings,LIABILITY,GHS,12399890.58
2023-12-15,GL-3100,GL-3100,Stated / paid-up capital,EQUITY,GHS,22000000.00
2023-12-15,GL-3200,GL-3200,Statutory reserve fund,EQUITY,GHS,24107752.96
2023-12-15,GL-3300,GL-3300,Retained earnings,EQUITY,GHS,25292378.45
2023-12-22,GL-1010,GL-1010,Cash on hand (vault),ASSET,GHS,16290121.91
2023-12-22,GL-1020,GL-1020,Balances with Bank of Ghana,ASSET,GHS,38294148.78
2023-12-22,GL-1200,GL-1200,Investments — GoG securities,ASSET,GHS,77446885.39
2023-12-22,GL-1300,GL-1300,Loans & advances (gross),ASSET,GHS,357345049.12
2023-12-22,GL-1390,GL-1390,Less: impairment allowance,ASSET,GHS,-34991094.19
2023-12-22,GL-1900,GL-1900,Other assets,ASSET,GHS,44350853.45
2023-12-22,GL-2100,GL-2100,Customer deposits,LIABILITY,GHS,414802085.84
2023-12-22,GL-2400,GL-2400,Borrowings,LIABILITY,GHS,12444062.58
2023-12-22,GL-3100,GL-3100,Stated / paid-up capital,EQUITY,GHS,22000000.00
2023-12-22,GL-3200,GL-3200,Statutory reserve fund,EQUITY,GHS,24149145.86
2023-12-22,GL-3300,GL-3300,Retained earnings,EQUITY,GHS,25340670.17
2023-12-29,GL-1010,GL-1010,Cash on hand (vault),ASSET,GHS,16177303.90
2023-12-29,GL-1020,GL-1020,Balances with Bank of Ghana,ASSET,GHS,38048059.70
2023-12-29,GL-1200,GL-1200,Investments — GoG securities,ASSET,GHS,76911324.79
2023-12-29,GL-1300,GL-1300,Loans & advances (gross),ASSET,GHS,358184823.81
2023-12-29,GL-1390,GL-1390,Less: impairment allowance,ASSET,GHS,-35577481.75
2023-12-29,GL-1900,GL-1900,Other assets,ASSET,GHS,47099300.63
2023-12-29,GL-2100,GL-2100,Customer deposits,LIABILITY,GHS,416761000.40
2023-12-29,GL-2400,GL-2400,Borrowings,LIABILITY,GHS,12502830.01
2023-12-29,GL-3100,GL-3100,Stated / paid-up capital,EQUITY,GHS,22000000.00
2023-12-29,GL-3200,GL-3200,Statutory reserve fund,EQUITY,GHS,24190538.76
2023-12-29,GL-3300,GL-3300,Retained earnings,EQUITY,GHS,25388961.89
2023-12-31,GL-1010,GL-1010,Cash on hand (vault),ASSET,GHS,16971318.55
2023-12-31,GL-1020,GL-1020,Balances with Bank of Ghana,ASSET,GHS,36459418.78
2023-12-31,GL-1200,GL-1200,Investments — GoG securities,ASSET,GHS,78308145.08
2023-12-31,GL-1300,GL-1300,Loans & advances (gross),ASSET,GHS,357946698.20
2023-12-31,GL-1390,GL-1390,Less: impairment allowance,ASSET,GHS,-35648847.58
2023-12-31,GL-1900,GL-1900,Other assets,ASSET,GHS,46685482.12
2023-12-31,GL-2100,GL-2100,Customer deposits,LIABILITY,GHS,416618534.28
2023-12-31,GL-2400,GL-2400,Borrowings,LIABILITY,GHS,12498556.03
2023-12-31,GL-3100,GL-3100,Stated / paid-up capital,EQUITY,GHS,22000000.00
2023-12-31,GL-3200,GL-3200,Statutory reserve fund,EQUITY,GHS,24202365.31
2023-12-31,GL-3300,GL-3300,Retained earnings,EQUITY,GHS,25402759.53
2024-01-05,GL-1010,GL-1010,Cash on hand (vault),ASSET,GHS,16899142.76
2024-01-05,GL-1020,GL-1020,Balances with Bank of Ghana,ASSET,GHS,36305442.29
2024-01-05,GL-1200,GL-1200,Investments — GoG securities,ASSET,GHS,77976556.06
2024-01-05,GL-1300,GL-1300,Loans & advances (gross),ASSET,GHS,358292024.48
2024-01-05,GL-1390,GL-1390,Less: impairment allowance,ASSET,GHS,-35427623.23
2024-01-05,GL-1900,GL-1900,Other assets,ASSET,GHS,44647657.39
2024-01-05,GL-2100,GL-2100,Customer deposits,LIABILITY,GHS,414586421.82
2024-01-05,GL-2400,GL-2400,Borrowings,LIABILITY,GHS,12437592.65
2024-01-05,GL-3100,GL-3100,Stated / paid-up capital,EQUITY,GHS,22000000.00
2024-01-05,GL-3200,GL-3200,Statutory reserve fund,EQUITY,GHS,24231931.67
2024-01-05,GL-3300,GL-3300,Retained earnings,EQUITY,GHS,25437253.61
2024-01-12,GL-1010,GL-1010,Cash on hand (vault),ASSET,GHS,16204801.34
2024-01-12,GL-1020,GL-1020,Balances with Bank of Ghana,ASSET,GHS,38100506.60
2024-01-12,GL-1200,GL-1200,Investments — GoG securities,ASSET,GHS,77041542.63
2024-01-12,GL-1300,GL-1300,Loans & advances (gross),ASSET,GHS,358405158.91
2024-01-12,GL-1390,GL-1390,Less: impairment allowance,ASSET,GHS,-36533045.51
2024-01-12,GL-1900,GL-1900,Other assets,ASSET,GHS,45351125.35
2024-01-12,GL-2100,GL-2100,Customer deposits,LIABILITY,GHS,414379824.67
2024-01-12,GL-2400,GL-2400,Borrowings,LIABILITY,GHS,12431394.74
2024-01-12,GL-3100,GL-3100,Stated / paid-up capital,EQUITY,GHS,22000000.00
2024-01-12,GL-3200,GL-3200,Statutory reserve fund,EQUITY,GHS,24273324.57
2024-01-12,GL-3300,GL-3300,Retained earnings,EQUITY,GHS,25485545.34
2024-01-19,GL-1010,GL-1010,Cash on hand (vault),ASSET,GHS,17035166.94
2024-01-19,GL-1020,GL-1020,Balances with Bank of Ghana,ASSET,GHS,37730316.30
2024-01-19,GL-1200,GL-1200,Investments — GoG securities,ASSET,GHS,80985878.33
2024-01-19,GL-1300,GL-1300,Loans & advances (gross),ASSET,GHS,358915977.51
2024-01-19,GL-1390,GL-1390,Less: impairment allowance,ASSET,GHS,-36411479.87
2024-01-19,GL-1900,GL-1900,Other assets,ASSET,GHS,41019103.14
2024-01-19,GL-2100,GL-2100,Customer deposits,LIABILITY,GHS,414977094.97
2024-01-19,GL-2400,GL-2400,Borrowings,LIABILITY,GHS,12449312.85
2024-01-19,GL-3100,GL-3100,Stated / paid-up capital,EQUITY,GHS,22000000.00
2024-01-19,GL-3200,GL-3200,Statutory reserve fund,EQUITY,GHS,24314717.48
2024-01-19,GL-3300,GL-3300,Retained earnings,EQUITY,GHS,25533837.06
2024-01-26,GL-1010,GL-1010,Cash on hand (vault),ASSET,GHS,16892888.48
2024-01-26,GL-1020,GL-1020,Balances with Bank of Ghana,ASSET,GHS,38532072.64
2024-01-26,GL-1200,GL-1200,Investments — GoG securities,ASSET,GHS,77938325.64
2024-01-26,GL-1300,GL-1300,Loans & advances (gross),ASSET,GHS,359301366.38
2024-01-26,GL-1390,GL-1390,Less: impairment allowance,ASSET,GHS,-36958696.79
2024-01-26,GL-1900,GL-1900,Other assets,ASSET,GHS,44842505.70
2024-01-26,GL-2100,GL-2100,Customer deposits,LIABILITY,GHS,416126429.99
2024-01-26,GL-2400,GL-2400,Borrowings,LIABILITY,GHS,12483792.90
2024-01-26,GL-3100,GL-3100,Stated / paid-up capital,EQUITY,GHS,22000000.00
2024-01-26,GL-3200,GL-3200,Statutory reserve fund,EQUITY,GHS,24356110.38
2024-01-26,GL-3300,GL-3300,Retained earnings,EQUITY,GHS,25582128.78
2024-01-31,GL-1010,GL-1010,Cash on hand (vault),ASSET,GHS,16934210.49
2024-01-31,GL-1020,GL-1020,Balances with Bank of Ghana,ASSET,GHS,37500415.99
2024-01-31,GL-1200,GL-1200,Investments — GoG securities,ASSET,GHS,80506651.08
2024-01-31,GL-1300,GL-1300,Loans & advances (gross),ASSET,GHS,359545955.67
2024-01-31,GL-1390,GL-1390,Less: impairment allowance,ASSET,GHS,-37035922.25
2024-01-31,GL-1900,GL-1900,Other assets,ASSET,GHS,43939104.07
2024-01-31,GL-2100,GL-2100,Customer deposits,LIABILITY,GHS,416881665.48
2024-01-31,GL-2400,GL-2400,Borrowings,LIABILITY,GHS,12506449.96
2024-01-31,GL-3100,GL-3100,Stated / paid-up capital,EQUITY,GHS,22000000.00
2024-01-31,GL-3200,GL-3200,Statutory reserve fund,EQUITY,GHS,24385676.74
2024-01-31,GL-3300,GL-3300,Retained earnings,EQUITY,GHS,25616622.86
2024-02-02,GL-1010,GL-1010,Cash on hand (vault),ASSET,GHS,16244746.34
2024-02-02,GL-1020,GL-1020,Balances with Bank of Ghana,ASSET,GHS,38201426.89
2024-02-02,GL-1200,GL-1200,Investments — GoG securities,ASSET,GHS,77231744.36
2024-02-02,GL-1300,GL-1300,Loans & advances (gross),ASSET,GHS,360464731.80
2024-02-02,GL-1390,GL-1390,Less: impairment allowance,ASSET,GHS,-36666345.95
2024-02-02,GL-1900,GL-1900,Other assets,ASSET,GHS,46237575.41
2024-02-02,GL-2100,GL-2100,Customer deposits,LIABILITY,GHS,417170830.17
2024-02-02,GL-2400,GL-2400,Borrowings,LIABILITY,GHS,12515124.91
2024-02-02,GL-3100,GL-3100,Stated / paid-up capital,EQUITY,GHS,22000000.00
2024-02-02,GL-3200,GL-3200,Statutory reserve fund,EQUITY,GHS,24397503.29
2024-02-02,GL-3300,GL-3300,Retained earnings,EQUITY,GHS,25630420.50
2024-02-09,GL-1010,GL-1010,Cash on hand (vault),ASSET,GHS,17082610.13
2024-02-09,GL-1020,GL-1020,Balances with Bank of Ghana,ASSET,GHS,37832959.49
2024-02-09,GL-1200,GL-1200,Investments — GoG securities,ASSET,GHS,81211705.21
2024-02-09,GL-1300,GL-1300,Loans & advances (gross),ASSET,GHS,360336877.65
2024-02-09,GL-1390,GL-1390,Less: impairment allowance,ASSET,GHS,-36892502.70
2024-02-09,GL-1900,GL-1900,Other assets,ASSET,GHS,42901759.25
2024-02-09,GL-2100,GL-2100,Customer deposits,LIABILITY,GHS,417821165.64
2024-02-09,GL-2400,GL-2400,Borrowings,LIABILITY,GHS,12534634.97
2024-02-09,GL-3100,GL-3100,Stated / paid-up capital,EQUITY,GHS,22000000.00
2024-02-09,GL-3200,GL-3200,Statutory reserve fund,EQUITY,GHS,24438896.19
2024-02-09,GL-3300,GL-3300,Retained earnings,EQUITY,GHS,25678712.22
2024-02-16,GL-1010,GL-1010,Cash on hand (vault),ASSET,GHS,16901443.77
2024-02-16,GL-1020,GL-1020,Balances with Bank of Ghana,ASSET,GHS,38553734.18
2024-02-16,GL-1200,GL-1200,Investments — GoG securities,ASSET,GHS,77968343.57
2024-02-16,GL-1300,GL-1300,Loans & advances (gross),ASSET,GHS,360955108.81
2024-02-16,GL-1390,GL-1390,Less: impairment allowance,ASSET,GHS,-37104141.90
2024-02-16,GL-1900,GL-1900,Other assets,ASSET,GHS,45519545.68
2024-02-16,GL-2100,GL-2100,Customer deposits,LIABILITY,GHS,418045379.69
2024-02-16,GL-2400,GL-2400,Borrowings,LIABILITY,GHS,12541361.39
2024-02-16,GL-3100,GL-3100,Stated / paid-up capital,EQUITY,GHS,22000000.00
2024-02-16,GL-3200,GL-3200,Statutory reserve fund,EQUITY,GHS,24480289.09
2024-02-16,GL-3300,GL-3300,Retained earnings,EQUITY,GHS,25727003.94
2024-02-23,GL-1010,GL-1010,Cash on hand (vault),ASSET,GHS,17190426.27
2024-02-23,GL-1020,GL-1020,Balances with Bank of Ghana,ASSET,GHS,38076005.15
2024-02-23,GL-1200,GL-1200,Investments — GoG securities,ASSET,GHS,76964246.69
2024-02-23,GL-1300,GL-1300,Loans & advances (gross),ASSET,GHS,361258055.54
2024-02-23,GL-1390,GL-1390,Less: impairment allowance,ASSET,GHS,-37480533.65
2024-02-23,GL-1900,GL-1900,Other assets,ASSET,GHS,46316705.90
2024-02-23,GL-2100,GL-2100,Customer deposits,LIABILITY,GHS,417502842.96
2024-02-23,GL-2400,GL-2400,Borrowings,LIABILITY,GHS,12525085.29
2024-02-23,GL-3100,GL-3100,Stated / paid-up capital,EQUITY,GHS,22000000.00
2024-02-23,GL-3200,GL-3200,Statutory reserve fund,EQUITY,GHS,24521682.00
2024-02-23,GL-3300,GL-3300,Retained earnings,EQUITY,GHS,25775295.66
2024-02-29,GL-1010,GL-1010,Cash on hand (vault),ASSET,GHS,16612467.17
2024-02-29,GL-1020,GL-1020,Balances with Bank of Ghana,ASSET,GHS,36775555.10
2024-02-29,GL-1200,GL-1200,Investments — GoG securities,ASSET,GHS,78978478.23
2024-02-29,GL-1300,GL-1300,Loans & advances (gross),ASSET,GHS,361904349.89
2024-02-29,GL-1390,GL-1390,Less: impairment allowance,ASSET,GHS,-37599312.05
2024-02-29,GL-1900,GL-1900,Other assets,ASSET,GHS,45760279.12
2024-02-29,GL-2100,GL-2100,Customer deposits,LIABILITY,GHS,417532007.05
2024-02-29,GL-2400,GL-2400,Borrowings,LIABILITY,GHS,12525960.21
2024-02-29,GL-3100,GL-3100,Stated / paid-up capital,EQUITY,GHS,22000000.00
2024-02-29,GL-3200,GL-3200,Statutory reserve fund,EQUITY,GHS,24557161.63
2024-02-29,GL-3300,GL-3300,Retained earnings,EQUITY,GHS,25816688.57
2024-03-01,GL-1010,GL-1010,Cash on hand (vault),ASSET,GHS,17325437.88
2024-03-01,GL-1020,GL-1020,Balances with Bank of Ghana,ASSET,GHS,38368260.52
2024-03-01,GL-1200,GL-1200,Investments — GoG securities,ASSET,GHS,82366408.58
2024-03-01,GL-1300,GL-1300,Loans & advances (gross),ASSET,GHS,361470543.57
2024-03-01,GL-1390,GL-1390,Less: impairment allowance,ASSET,GHS,-37349701.81
2024-03-01,GL-1900,GL-1900,Other assets,ASSET,GHS,48457076.70
2024-03-01,GL-2100,GL-2100,Customer deposits,LIABILITY,GHS,425486760.35
2024-03-01,GL-2400,GL-2400,Borrowings,LIABILITY,GHS,12764602.81
2024-03-01,GL-3100,GL-3100,Stated / paid-up capital,EQUITY,GHS,22000000.00
2024-03-01,GL-3200,GL-3200,Statutory reserve fund,EQUITY,GHS,24563074.90
2024-03-01,GL-3300,GL-3300,Retained earnings,EQUITY,GHS,25823587.39
2024-03-08,GL-1010,GL-1010,Cash on hand (vault),ASSET,GHS,16709275.66
2024-03-08,GL-1020,GL-1020,Balances with Bank of Ghana,ASSET,GHS,39232702.67
2024-03-08,GL-1200,GL-1200,Investments — GoG securities,ASSET,GHS,81761964.02
2024-03-08,GL-1300,GL-1300,Loans & advances (gross),ASSET,GHS,363395438.15
2024-03-08,GL-1390,GL-1390,Less: impairment allowance,ASSET,GHS,-37700387.36
2024-03-08,GL-1900,GL-1900,Other assets,ASSET,GHS,49027628.12
2024-03-08,GL-2100,GL-2100,Customer deposits,LIABILITY,GHS,427136188.69
2024-03-08,GL-2400,GL-2400,Borrowings,LIABILITY,GHS,12814085.66
2024-03-08,GL-3100,GL-3100,Stated / paid-up capital,EQUITY,GHS,22000000.00
2024-03-08,GL-3200,GL-3200,Statutory reserve fund,EQUITY,GHS,24604467.81
2024-03-08,GL-3300,GL-3300,Retained earnings,EQUITY,GHS,25871879.11
2024-03-15,GL-1010,GL-1010,Cash on hand (vault),ASSET,GHS,17595612.41
2024-03-15,GL-1020,GL-1020,Balances with Bank of Ghana,ASSET,GHS,38918298.90
2024-03-15,GL-1200,GL-1200,Investments — GoG securities,ASSET,GHS,83537254.68
2024-03-15,GL-1300,GL-1300,Loans & advances (gross),ASSET,GHS,363567061.31
2024-03-15,GL-1390,GL-1390,Less: impairment allowance,ASSET,GHS,-37448642.80
2024-03-15,GL-1900,GL-1900,Other assets,ASSET,GHS,47743386.45
2024-03-15,GL-2100,GL-2100,Customer deposits,LIABILITY,GHS,428492174.18
2024-03-15,GL-2400,GL-2400,Borrowings,LIABILITY,GHS,12854765.23
2024-03-15,GL-3100,GL-3100,Stated / paid-up capital,EQUITY,GHS,22000000.00
2024-03-15,GL-3200,GL-3200,Statutory reserve fund,EQUITY,GHS,24645860.71
2024-03-15,GL-3300,GL-3300,Retained earnings,EQUITY,GHS,25920170.83
2024-03-22,GL-1010,GL-1010,Cash on hand (vault),ASSET,GHS,16942696.36
2024-03-22,GL-1020,GL-1020,Balances with Bank of Ghana,ASSET,GHS,38607785.85
2024-03-22,GL-1200,GL-1200,Investments — GoG securities,ASSET,GHS,82886321.39
2024-03-22,GL-1300,GL-1300,Loans & advances (gross),ASSET,GHS,364234211.03
2024-03-22,GL-1390,GL-1390,Less: impairment allowance,ASSET,GHS,-37648035.06
2024-03-22,GL-1900,GL-1900,Other assets,ASSET,GHS,50452831.44
2024-03-22,GL-2100,GL-2100,Customer deposits,LIABILITY,GHS,429922422.19
2024-03-22,GL-2400,GL-2400,Borrowings,LIABILITY,GHS,12897672.67
2024-03-22,GL-3100,GL-3100,Stated / paid-up capital,EQUITY,GHS,22000000.00
2024-03-22,GL-3200,GL-3200,Statutory reserve fund,EQUITY,GHS,24687253.61
2024-03-22,GL-3300,GL-3300,Retained earnings,EQUITY,GHS,25968462.55
2024-03-29,GL-1010,GL-1010,Cash on hand (vault),ASSET,GHS,16746761.95
2024-03-29,GL-1020,GL-1020,Balances with Bank of Ghana,ASSET,GHS,38220623.35
2024-03-29,GL-1200,GL-1200,Investments — GoG securities,ASSET,GHS,81955605.10
2024-03-29,GL-1300,GL-1300,Loans & advances (gross),ASSET,GHS,364957220.20
2024-03-29,GL-1390,GL-1390,Less: impairment allowance,ASSET,GHS,-37780946.02
2024-03-29,GL-1900,GL-1900,Other assets,ASSET,GHS,51461113.68
2024-03-29,GL-2100,GL-2100,Customer deposits,LIABILITY,GHS,429917453.86
2024-03-29,GL-2400,GL-2400,Borrowings,LIABILITY,GHS,12897523.62
2024-03-29,GL-3100,GL-3100,Stated / paid-up capital,EQUITY,GHS,22000000.00
2024-03-29,GL-3200,GL-3200,Statutory reserve fund,EQUITY,GHS,24728646.52
2024-03-29,GL-3300,GL-3300,Retained earnings,EQUITY,GHS,26016754.27
2024-03-31,GL-1010,GL-1010,Cash on hand (vault),ASSET,GHS,17055532.67
2024-03-31,GL-1020,GL-1020,Balances with Bank of Ghana,ASSET,GHS,37754594.73
2024-03-31,GL-1200,GL-1200,Investments — GoG securities,ASSET,GHS,83422210.20
2024-03-31,GL-1300,GL-1300,Loans & advances (gross),ASSET,GHS,365140254.92
2024-03-31,GL-1390,GL-1390,Less: impairment allowance,ASSET,GHS,-37669218.60
2024-03-31,GL-1900,GL-1900,Other assets,ASSET,GHS,49872363.13
2024-03-31,GL-2100,GL-2100,Customer deposits,LIABILITY,GHS,429907487.46
2024-03-31,GL-2400,GL-2400,Borrowings,LIABILITY,GHS,12897224.62
2024-03-31,GL-3100,GL-3100,Stated / paid-up capital,EQUITY,GHS,22000000.00
2024-03-31,GL-3200,GL-3200,Statutory reserve fund,EQUITY,GHS,24740473.06
2024-03-31,GL-3300,GL-3300,Retained earnings,EQUITY,GHS,26030551.91
2024-04-05,GL-1010,GL-1010,Cash on hand (vault),ASSET,GHS,17214616.85
2024-04-05,GL-1020,GL-1020,Balances with Bank of Ghana,ASSET,GHS,36989042.23
2024-04-05,GL-1200,GL-1200,Investments — GoG securities,ASSET,GHS,81728266.83
2024-04-05,GL-1300,GL-1300,Loans & advances (gross),ASSET,GHS,364741638.00
2024-04-05,GL-1390,GL-1390,Less: impairment allowance,ASSET,GHS,-37531613.43
2024-04-05,GL-1900,GL-1900,Other assets,ASSET,GHS,43234961.96
2024-04-05,GL-2100,GL-2100,Customer deposits,LIABILITY,GHS,420914395.17
2024-04-05,GL-2400,GL-2400,Borrowings,LIABILITY,GHS,12627431.85
2024-04-05,GL-3100,GL-3100,Stated / paid-up capital,EQUITY,GHS,22000000.00
2024-04-05,GL-3200,GL-3200,Statutory reserve fund,EQUITY,GHS,24770039.42
2024-04-05,GL-3300,GL-3300,Retained earnings,EQUITY,GHS,26065045.99
2024-04-12,GL-1010,GL-1010,Cash on hand (vault),ASSET,GHS,16526599.32
2024-04-12,GL-1020,GL-1020,Balances with Bank of Ghana,ASSET,GHS,38851288.60
2024-04-12,GL-1200,GL-1200,Investments — GoG securities,ASSET,GHS,80860640.37
2024-04-12,GL-1300,GL-1300,Loans & advances (gross),ASSET,GHS,366192476.74
2024-04-12,GL-1390,GL-1390,Less: impairment allowance,ASSET,GHS,-38308726.31
2024-04-12,GL-1900,GL-1900,Other assets,ASSET,GHS,42573172.99
2024-04-12,GL-2100,GL-2100,Customer deposits,LIABILITY,GHS,421136584.14
2024-04-12,GL-2400,GL-2400,Borrowings,LIABILITY,GHS,12634097.52
2024-04-12,GL-3100,GL-3100,Stated / paid-up capital,EQUITY,GHS,22000000.00
2024-04-12,GL-3200,GL-3200,Statutory reserve fund,EQUITY,GHS,24811432.33
2024-04-12,GL-3300,GL-3300,Retained earnings,EQUITY,GHS,26113337.71
2024-04-19,GL-1010,GL-1010,Cash on hand (vault),ASSET,GHS,17344401.03
2024-04-19,GL-1020,GL-1020,Balances with Bank of Ghana,ASSET,GHS,38417246.43
2024-04-19,GL-1200,GL-1200,Investments — GoG securities,ASSET,GHS,79944408.30
2024-04-19,GL-1300,GL-1300,Loans & advances (gross),ASSET,GHS,366172101.76
2024-04-19,GL-1390,GL-1390,Less: impairment allowance,ASSET,GHS,-38245595.39
2024-04-19,GL-1900,GL-1900,Other assets,ASSET,GHS,43122931.60
2024-04-19,GL-2100,GL-2100,Customer deposits,LIABILITY,GHS,421107804.92
2024-04-19,GL-2400,GL-2400,Borrowings,LIABILITY,GHS,12633234.15
2024-04-19,GL-3100,GL-3100,Stated / paid-up capital,EQUITY,GHS,22000000.00
2024-04-19,GL-3200,GL-3200,Statutory reserve fund,EQUITY,GHS,24852825.23
2024-04-19,GL-3300,GL-3300,Retained earnings,EQUITY,GHS,26161629.43
2024-04-26,GL-1010,GL-1010,Cash on hand (vault),ASSET,GHS,17219283.26
2024-04-26,GL-1020,GL-1020,Balances with Bank of Ghana,ASSET,GHS,36991965.30
2024-04-26,GL-1200,GL-1200,Investments — GoG securities,ASSET,GHS,81750253.47
2024-04-26,GL-1300,GL-1300,Loans & advances (gross),ASSET,GHS,367682747.65
2024-04-26,GL-1390,GL-1390,Less: impairment allowance,ASSET,GHS,-37630769.44
2024-04-26,GL-1900,GL-1900,Other assets,ASSET,GHS,42516067.36
2024-04-26,GL-2100,GL-2100,Customer deposits,LIABILITY,GHS,422743114.88
2024-04-26,GL-2400,GL-2400,Borrowings,LIABILITY,GHS,12682293.45
2024-04-26,GL-3100,GL-3100,Stated / paid-up capital,EQUITY,GHS,22000000.00
2024-04-26,GL-3200,GL-3200,Statutory reserve fund,EQUITY,GHS,24894218.13
2024-04-26,GL-3300,GL-3300,Retained earnings,EQUITY,GHS,26209921.16
2024-04-30,GL-1010,GL-1010,Cash on hand (vault),ASSET,GHS,17336460.01
2024-04-30,GL-1020,GL-1020,Balances with Bank of Ghana,ASSET,GHS,37253949.04
2024-04-30,GL-1200,GL-1200,Investments — GoG securities,ASSET,GHS,80006450.20
2024-04-30,GL-1300,GL-1300,Loans & advances (gross),ASSET,GHS,368235546.77
2024-04-30,GL-1390,GL-1390,Less: impairment allowance,ASSET,GHS,-38307001.79
2024-04-30,GL-1900,GL-1900,Other assets,ASSET,GHS,44469065.96
2024-04-30,GL-2100,GL-2100,Customer deposits,LIABILITY,GHS,423144740.34
2024-04-30,GL-2400,GL-2400,Borrowings,LIABILITY,GHS,12694342.21
2024-04-30,GL-3100,GL-3100,Stated / paid-up capital,EQUITY,GHS,22000000.00
2024-04-30,GL-3200,GL-3200,Statutory reserve fund,EQUITY,GHS,24917871.22
2024-04-30,GL-3300,GL-3300,Retained earnings,EQUITY,GHS,26237516.43
2024-05-03,GL-1010,GL-1010,Cash on hand (vault),ASSET,GHS,16555595.91
2024-05-03,GL-1020,GL-1020,Balances with Bank of Ghana,ASSET,GHS,38926541.17
2024-05-03,GL-1200,GL-1200,Investments — GoG securities,ASSET,GHS,81012546.36
2024-05-03,GL-1300,GL-1300,Loans & advances (gross),ASSET,GHS,368456212.02
2024-05-03,GL-1390,GL-1390,Less: impairment allowance,ASSET,GHS,-38449464.05
2024-05-03,GL-1900,GL-1900,Other assets,ASSET,GHS,43068715.67
2024-05-03,GL-2100,GL-2100,Customer deposits,LIABILITY,GHS,423666333.16
2024-05-03,GL-2400,GL-2400,Borrowings,LIABILITY,GHS,12709989.99
2024-05-03,GL-3100,GL-3100,Stated / paid-up capital,EQUITY,GHS,22000000.00
2024-05-03,GL-3200,GL-3200,Statutory reserve fund,EQUITY,GHS,24935611.04
2024-05-03,GL-3300,GL-3300,Retained earnings,EQUITY,GHS,26258212.88
2024-05-10,GL-1010,GL-1010,Cash on hand (vault),ASSET,GHS,17394883.11
2024-05-10,GL-1020,GL-1020,Balances with Bank of Ghana,ASSET,GHS,38526598.13
2024-05-10,GL-1200,GL-1200,Investments — GoG securities,ASSET,GHS,82696033.66
2024-05-10,GL-1300,GL-1300,Loans & advances (gross),ASSET,GHS,368615509.11
2024-05-10,GL-1390,GL-1390,Less: impairment allowance,ASSET,GHS,-38112467.16
2024-05-10,GL-1900,GL-1900,Other assets,ASSET,GHS,40925459.34
2024-05-10,GL-2100,GL-2100,Customer deposits,LIABILITY,GHS,424041269.55
2024-05-10,GL-2400,GL-2400,Borrowings,LIABILITY,GHS,12721238.09
2024-05-10,GL-3100,GL-3100,Stated / paid-up capital,EQUITY,GHS,22000000.00
2024-05-10,GL-3200,GL-3200,Statutory reserve fund,EQUITY,GHS,24977003.94
2024-05-10,GL-3300,GL-3300,Retained earnings,EQUITY,GHS,26306504.60
2024-05-17,GL-1010,GL-1010,Cash on hand (vault),ASSET,GHS,17205679.42
2024-05-17,GL-1020,GL-1020,Balances with Bank of Ghana,ASSET,GHS,39245920.84
2024-05-17,GL-1200,GL-1200,Investments — GoG securities,ASSET,GHS,79379754.36
2024-05-17,GL-1300,GL-1300,Loans & advances (gross),ASSET,GHS,368901937.39
2024-05-17,GL-1390,GL-1390,Less: impairment allowance,ASSET,GHS,-37884469.02
2024-05-17,GL-1900,GL-1900,Other assets,ASSET,GHS,43384873.30
2024-05-17,GL-2100,GL-2100,Customer deposits,LIABILITY,GHS,424136410.81
2024-05-17,GL-2400,GL-2400,Borrowings,LIABILITY,GHS,12724092.32
2024-05-17,GL-3100,GL-3100,Stated / paid-up capital,EQUITY,GHS,22000000.00
2024-05-17,GL-3200,GL-3200,Statutory reserve fund,EQUITY,GHS,25018396.85
2024-05-17,GL-3300,GL-3300,Retained earnings,EQUITY,GHS,26354796.32
2024-05-24,GL-1010,GL-1010,Cash on hand (vault),ASSET,GHS,16472427.15
2024-05-24,GL-1020,GL-1020,Balances with Bank of Ghana,ASSET,GHS,38738100.55
2024-05-24,GL-1200,GL-1200,Investments — GoG securities,ASSET,GHS,78314250.72
2024-05-24,GL-1300,GL-1300,Loans & advances (gross),ASSET,GHS,368974284.63
2024-05-24,GL-1390,GL-1390,Less: impairment allowance,ASSET,GHS,-37852699.74
2024-05-24,GL-1900,GL-1900,Other assets,ASSET,GHS,44851610.53
2024-05-24,GL-2100,GL-2100,Customer deposits,LIABILITY,GHS,423335044.70
2024-05-24,GL-2400,GL-2400,Borrowings,LIABILITY,GHS,12700051.34
2024-05-24,GL-3100,GL-3100,Stated / paid-up capital,EQUITY,GHS,22000000.00
2024-05-24,GL-3200,GL-3200,Statutory reserve fund,EQUITY,GHS,25059789.75
2024-05-24,GL-3300,GL-3300,Retained earnings,EQUITY,GHS,26403088.04
2024-05-31,GL-1010,GL-1010,Cash on hand (vault),ASSET,GHS,17308199.22
2024-05-31,GL-1020,GL-1020,Balances with Bank of Ghana,ASSET,GHS,38332136.63
2024-05-31,GL-1200,GL-1200,Investments — GoG securities,ASSET,GHS,82284218.84
2024-05-31,GL-1300,GL-1300,Loans & advances (gross),ASSET,GHS,370735418.79
2024-05-31,GL-1390,GL-1390,Less: impairment allowance,ASSET,GHS,-38715891.53
2024-05-31,GL-1900,GL-1900,Other assets,ASSET,GHS,39958952.57
2024-05-31,GL-2100,GL-2100,Customer deposits,LIABILITY,GHS,423641235.04
2024-05-31,GL-2400,GL-2400,Borrowings,LIABILITY,GHS,12709237.05
2024-05-31,GL-3100,GL-3100,Stated / paid-up capital,EQUITY,GHS,22000000.00
2024-05-31,GL-3200,GL-3200,Statutory reserve fund,EQUITY,GHS,25101182.65
2024-05-31,GL-3300,GL-3300,Retained earnings,EQUITY,GHS,26451379.76
2024-06-07,GL-1010,GL-1010,Cash on hand (vault),ASSET,GHS,17507214.64
2024-06-07,GL-1020,GL-1020,Balances with Bank of Ghana,ASSET,GHS,39935945.99
2024-06-07,GL-1200,GL-1200,Investments — GoG securities,ASSET,GHS,80761104.46
2024-06-07,GL-1300,GL-1300,Loans & advances (gross),ASSET,GHS,371064716.16
2024-06-07,GL-1390,GL-1390,Less: impairment allowance,ASSET,GHS,-38405326.66
2024-06-07,GL-1900,GL-1900,Other assets,ASSET,GHS,49120361.74
2024-06-07,GL-2100,GL-2100,Customer deposits,LIABILITY,GHS,433341523.58
2024-06-07,GL-2400,GL-2400,Borrowings,LIABILITY,GHS,13000245.71
2024-06-07,GL-3100,GL-3100,Stated / paid-up capital,EQUITY,GHS,22000000.00
2024-06-07,GL-3200,GL-3200,Statutory reserve fund,EQUITY,GHS,25142575.56
2024-06-07,GL-3300,GL-3300,Retained earnings,EQUITY,GHS,26499671.48
2024-06-14,GL-1010,GL-1010,Cash on hand (vault),ASSET,GHS,17881314.49
2024-06-14,GL-1020,GL-1020,Balances with Bank of Ghana,ASSET,GHS,39605846.32
2024-06-14,GL-1200,GL-1200,Investments — GoG securities,ASSET,GHS,85008332.59
2024-06-14,GL-1300,GL-1300,Loans & advances (gross),ASSET,GHS,374636764.88
2024-06-14,GL-1390,GL-1390,Less: impairment allowance,ASSET,GHS,-38281118.28
2024-06-14,GL-1900,GL-1900,Other assets,ASSET,GHS,42508961.53
2024-06-14,GL-2100,GL-2100,Customer deposits,LIABILITY,GHS,434590456.17
2024-06-14,GL-2400,GL-2400,Borrowings,LIABILITY,GHS,13037713.69
2024-06-14,GL-3100,GL-3100,Stated / paid-up capital,EQUITY,GHS,22000000.00
2024-06-14,GL-3200,GL-3200,Statutory reserve fund,EQUITY,GHS,25183968.46
2024-06-14,GL-3300,GL-3300,Retained earnings,EQUITY,GHS,26547963.21
2024-06-21,GL-1010,GL-1010,Cash on hand (vault),ASSET,GHS,17693040.57
2024-06-21,GL-1020,GL-1020,Balances with Bank of Ghana,ASSET,GHS,39181889.84
2024-06-21,GL-1200,GL-1200,Investments — GoG securities,ASSET,GHS,84114070.59
2024-06-21,GL-1300,GL-1300,Loans & advances (gross),ASSET,GHS,374408310.76
2024-06-21,GL-1390,GL-1390,Less: impairment allowance,ASSET,GHS,-38434141.49
2024-06-21,GL-1900,GL-1900,Other assets,ASSET,GHS,44729429.26
2024-06-21,GL-2100,GL-2100,Customer deposits,LIABILITY,GHS,434826197.32
2024-06-21,GL-2400,GL-2400,Borrowings,LIABILITY,GHS,13044785.92
2024-06-21,GL-3100,GL-3100,Stated / paid-up capital,EQUITY,GHS,22000000.00
2024-06-21,GL-3200,GL-3200,Statutory reserve fund,EQUITY,GHS,25225361.37
2024-06-21,GL-3300,GL-3300,Retained earnings,EQUITY,GHS,26596254.93
2024-06-28,GL-1010,GL-1010,Cash on hand (vault),ASSET,GHS,17500473.29
2024-06-28,GL-1020,GL-1020,Balances with Bank of Ghana,ASSET,GHS,39922813.09
2024-06-28,GL-1200,GL-1200,Investments — GoG securities,ASSET,GHS,80720123.06
2024-06-28,GL-1300,GL-1300,Loans & advances (gross),ASSET,GHS,374620247.35
2024-06-28,GL-1390,GL-1390,Less: impairment allowance,ASSET,GHS,-38282159.93
2024-06-28,GL-1900,GL-1900,Other assets,ASSET,GHS,47439186.55
2024-06-28,GL-2100,GL-2100,Customer deposits,LIABILITY,GHS,434960565.53
2024-06-28,GL-2400,GL-2400,Borrowings,LIABILITY,GHS,13048816.97
2024-06-28,GL-3100,GL-3100,Stated / paid-up capital,EQUITY,GHS,22000000.00
2024-06-28,GL-3200,GL-3200,Statutory reserve fund,EQUITY,GHS,25266754.27
2024-06-28,GL-3300,GL-3300,Retained earnings,EQUITY,GHS,26644546.65
2024-06-30,GL-1010,GL-1010,Cash on hand (vault),ASSET,GHS,17811392.59
2024-06-30,GL-1020,GL-1020,Balances with Bank of Ghana,ASSET,GHS,39448054.01
2024-06-30,GL-1200,GL-1200,Investments — GoG securities,ASSET,GHS,84676257.39
2024-06-30,GL-1300,GL-1300,Loans & advances (gross),ASSET,GHS,374784031.92
2024-06-30,GL-1390,GL-1390,Less: impairment allowance,ASSET,GHS,-38197334.33
2024-06-30,GL-1900,GL-1900,Other assets,ASSET,GHS,43376787.91
2024-06-30,GL-2100,GL-2100,Customer deposits,LIABILITY,GHS,434914819.80
2024-06-30,GL-2400,GL-2400,Borrowings,LIABILITY,GHS,13047444.59
2024-06-30,GL-3100,GL-3100,Stated / paid-up capital,EQUITY,GHS,22000000.00
2024-06-30,GL-3200,GL-3200,Statutory reserve fund,EQUITY,GHS,25278580.81
2024-06-30,GL-3300,GL-3300,Retained earnings,EQUITY,GHS,26658344.28
2024-07-05,GL-1010,GL-1010,Cash on hand (vault),ASSET,GHS,17471054.64
2024-07-05,GL-1020,GL-1020,Balances with Bank of Ghana,ASSET,GHS,38694669.55
2024-07-05,GL-1200,GL-1200,Investments — GoG securities,ASSET,GHS,83058229.47
2024-07-05,GL-1300,GL-1300,Loans & advances (gross),ASSET,GHS,376016765.94
2024-07-05,GL-1390,GL-1390,Less: impairment allowance,ASSET,GHS,-38432221.95
2024-07-05,GL-1900,GL-1900,Other assets,ASSET,GHS,36320887.28
2024-07-05,GL-2100,GL-2100,Customer deposits,LIABILITY,GHS,426338251.83
2024-07-05,GL-2400,GL-2400,Borrowings,LIABILITY,GHS,12790147.56
2024-07-05,GL-3100,GL-3100,Stated / paid-up capital,EQUITY,GHS,22000000.00
2024-07-05,GL-3200,GL-3200,Statutory reserve fund,EQUITY,GHS,25308147.17
2024-07-05,GL-3300,GL-3300,Retained earnings,EQUITY,GHS,26692838.37
2024-07-12,GL-1010,GL-1010,Cash on hand (vault),ASSET,GHS,17275720.66
2024-07-12,GL-1020,GL-1020,Balances with Bank of Ghana,ASSET,GHS,38255211.71
2024-07-12,GL-1200,GL-1200,Investments — GoG securities,ASSET,GHS,82130388.03
2024-07-12,GL-1300,GL-1300,Loans & advances (gross),ASSET,GHS,376591851.51
2024-07-12,GL-1390,GL-1390,Less: impairment allowance,ASSET,GHS,-38379646.05
2024-07-12,GL-1900,GL-1900,Other assets,ASSET,GHS,37314408.99
2024-07-12,GL-2100,GL-2100,Customer deposits,LIABILITY,GHS,426308023.96
2024-07-12,GL-2400,GL-2400,Borrowings,LIABILITY,GHS,12789240.72
2024-07-12,GL-3100,GL-3100,Stated / paid-up capital,EQUITY,GHS,22000000.00
2024-07-12,GL-3200,GL-3200,Statutory reserve fund,EQUITY,GHS,25349540.08
2024-07-12,GL-3300,GL-3300,Retained earnings,EQUITY,GHS,26741130.09
2024-07-19,GL-1010,GL-1010,Cash on hand (vault),ASSET,GHS,17223517.66
2024-07-19,GL-1020,GL-1020,Balances with Bank of Ghana,ASSET,GHS,39293237.95
2024-07-19,GL-1200,GL-1200,Investments — GoG securities,ASSET,GHS,79432870.47
2024-07-19,GL-1300,GL-1300,Loans & advances (gross),ASSET,GHS,377759917.84
2024-07-19,GL-1390,GL-1390,Less: impairment allowance,ASSET,GHS,-38859947.39
2024-07-19,GL-1900,GL-1900,Other assets,ASSET,GHS,42075480.52
2024-07-19,GL-2100,GL-2100,Customer deposits,LIABILITY,GHS,429849244.91
2024-07-19,GL-2400,GL-2400,Borrowings,LIABILITY,GHS,12895477.35
2024-07-19,GL-3100,GL-3100,Stated / paid-up capital,EQUITY,GHS,22000000.00
2024-07-19,GL-3200,GL-3200,Statutory reserve fund,EQUITY,GHS,25390932.98
2024-07-19,GL-3300,GL-3300,Retained earnings,EQUITY,GHS,26789421.81
2024-07-26,GL-1010,GL-1010,Cash on hand (vault),ASSET,GHS,17601887.14
2024-07-26,GL-1020,GL-1020,Balances with Bank of Ghana,ASSET,GHS,38981916.57
2024-07-26,GL-1200,GL-1200,Investments — GoG securities,ASSET,GHS,83680502.99
2024-07-26,GL-1300,GL-1300,Loans & advances (gross),ASSET,GHS,378840240.34
2024-07-26,GL-1390,GL-1390,Less: impairment allowance,ASSET,GHS,-38282216.69
2024-07-26,GL-1900,GL-1900,Other assets,ASSET,GHS,37662674.44
2024-07-26,GL-2100,GL-2100,Customer deposits,LIABILITY,GHS,431276665.40
2024-07-26,GL-2400,GL-2400,Borrowings,LIABILITY,GHS,12938299.96
2024-07-26,GL-3100,GL-3100,Stated / paid-up capital,EQUITY,GHS,22000000.00
2024-07-26,GL-3200,GL-3200,Statutory reserve fund,EQUITY,GHS,25432325.89
2024-07-26,GL-3300,GL-3300,Retained earnings,EQUITY,GHS,26837713.53
2024-07-31,GL-1010,GL-1010,Cash on hand (vault),ASSET,GHS,17125405.16
2024-07-31,GL-1020,GL-1020,Balances with Bank of Ghana,ASSET,GHS,39075231.05
2024-07-31,GL-1200,GL-1200,Investments — GoG securities,ASSET,GHS,83879932.86
2024-07-31,GL-1300,GL-1300,Loans & advances (gross),ASSET,GHS,379390646.79
2024-07-31,GL-1390,GL-1390,Less: impairment allowance,ASSET,GHS,-38604691.79
2024-07-31,GL-1900,GL-1900,Other assets,ASSET,GHS,38462570.71
2024-07-31,GL-2100,GL-2100,Customer deposits,LIABILITY,GHS,432033975.63
2024-07-31,GL-2400,GL-2400,Borrowings,LIABILITY,GHS,12961019.27
2024-07-31,GL-3100,GL-3100,Stated / paid-up capital,EQUITY,GHS,22000000.00
2024-07-31,GL-3200,GL-3200,Statutory reserve fund,EQUITY,GHS,25461892.25
2024-07-31,GL-3300,GL-3300,Retained earnings,EQUITY,GHS,26872207.62
2024-08-02,GL-1010,GL-1010,Cash on hand (vault),ASSET,GHS,17426823.38
2024-08-02,GL-1020,GL-1020,Balances with Bank of Ghana,ASSET,GHS,38587261.75
2024-08-02,GL-1200,GL-1200,Investments — GoG securities,ASSET,GHS,82849037.65
2024-08-02,GL-1300,GL-1300,Loans & advances (gross),ASSET,GHS,379040179.87
2024-08-02,GL-1390,GL-1390,Less: impairment allowance,ASSET,GHS,-38848088.81
2024-08-02,GL-1900,GL-1900,Other assets,ASSET,GHS,40062922.31
2024-08-02,GL-2100,GL-2100,Customer deposits,LIABILITY,GHS,431804283.59
2024-08-02,GL-2400,GL-2400,Borrowings,LIABILITY,GHS,12954128.51
2024-08-02,GL-3100,GL-3100,Stated / paid-up capital,EQUITY,GHS,22000000.00
2024-08-02,GL-3200,GL-3200,Statutory reserve fund,EQUITY,GHS,25473718.79
2024-08-02,GL-3300,GL-3300,Retained earnings,EQUITY,GHS,26886005.26
2024-08-09,GL-1010,GL-1010,Cash on hand (vault),ASSET,GHS,17786767.75
2024-08-09,GL-1020,GL-1020,Balances with Bank of Ghana,ASSET,GHS,39342656.54
2024-08-09,GL-1200,GL-1200,Investments — GoG securities,ASSET,GHS,84444884.41
2024-08-09,GL-1300,GL-1300,Loans & advances (gross),ASSET,GHS,379911212.73
2024-08-09,GL-1390,GL-1390,Less: impairment allowance,ASSET,GHS,-38836077.19
2024-08-09,GL-1900,GL-1900,Other assets,ASSET,GHS,36918927.94
2024-08-09,GL-2100,GL-2100,Customer deposits,LIABILITY,GHS,432154333.51
2024-08-09,GL-2400,GL-2400,Borrowings,LIABILITY,GHS,12964630.01
2024-08-09,GL-3100,GL-3100,Stated / paid-up capital,EQUITY,GHS,22000000.00
2024-08-09,GL-3200,GL-3200,Statutory reserve fund,EQUITY,GHS,25515111.70
2024-08-09,GL-3300,GL-3300,Retained earnings,EQUITY,GHS,26934296.98
2024-08-16,GL-1010,GL-1010,Cash on hand (vault),ASSET,GHS,17058709.31
2024-08-16,GL-1020,GL-1020,Balances with Bank of Ghana,ASSET,GHS,38870977.33
2024-08-16,GL-1200,GL-1200,Investments — GoG securities,ASSET,GHS,83448083.17
2024-08-16,GL-1300,GL-1300,Loans & advances (gross),ASSET,GHS,379397371.45
2024-08-16,GL-1390,GL-1390,Less: impairment allowance,ASSET,GHS,-38278230.93
2024-08-16,GL-1900,GL-1900,Other assets,ASSET,GHS,38829585.73
2024-08-16,GL-2100,GL-2100,Customer deposits,LIABILITY,GHS,431832429.87
2024-08-16,GL-2400,GL-2400,Borrowings,LIABILITY,GHS,12954972.90
2024-08-16,GL-3100,GL-3100,Stated / paid-up capital,EQUITY,GHS,22000000.00
2024-08-16,GL-3200,GL-3200,Statutory reserve fund,EQUITY,GHS,25556504.60
2024-08-16,GL-3300,GL-3300,Retained earnings,EQUITY,GHS,26982588.70
2024-08-23,GL-1010,GL-1010,Cash on hand (vault),ASSET,GHS,16903830.11
2024-08-23,GL-1020,GL-1020,Balances with Bank of Ghana,ASSET,GHS,38523709.03
2024-08-23,GL-1200,GL-1200,Investments — GoG securities,ASSET,GHS,82718394.14
2024-08-23,GL-1300,GL-1300,Loans & advances (gross),ASSET,GHS,380649639.14
2024-08-23,GL-1390,GL-1390,Less: impairment allowance,ASSET,GHS,-39184826.43
2024-08-23,GL-1900,GL-1900,Other assets,ASSET,GHS,40906219.99
2024-08-23,GL-2100,GL-2100,Customer deposits,LIABILITY,GHS,432901153.44
2024-08-23,GL-2400,GL-2400,Borrowings,LIABILITY,GHS,12987034.60
2024-08-23,GL-3100,GL-3100,Stated / paid-up capital,EQUITY,GHS,22000000.00
2024-08-23,GL-3200,GL-3200,Statutory reserve fund,EQUITY,GHS,25597897.50
2024-08-23,GL-3300,GL-3300,Retained earnings,EQUITY,GHS,27030880.42
2024-08-30,GL-1010,GL-1010,Cash on hand (vault),ASSET,GHS,17788802.72
2024-08-30,GL-1020,GL-1020,Balances with Bank of Ghana,ASSET,GHS,38226942.69
2024-08-30,GL-1200,GL-1200,Investments — GoG securities,ASSET,GHS,84454374.64
2024-08-30,GL-1300,GL-1300,Loans & advances (gross),ASSET,GHS,381447993.36
2024-08-30,GL-1390,GL-1390,Less: impairment allowance,ASSET,GHS,-39187984.67
2024-08-30,GL-1900,GL-1900,Other assets,ASSET,GHS,38959650.21
2024-08-30,GL-2100,GL-2100,Customer deposits,LIABILITY,GHS,433952734.37
2024-08-30,GL-2400,GL-2400,Borrowings,LIABILITY,GHS,13018582.03
2024-08-30,GL-3100,GL-3100,Stated / paid-up capital,EQUITY,GHS,22000000.00
2024-08-30,GL-3200,GL-3200,Statutory reserve fund,EQUITY,GHS,25639290.41
2024-08-30,GL-3300,GL-3300,Retained earnings,EQUITY,GHS,27079172.14
2024-08-31,GL-1010,GL-1010,Cash on hand (vault),ASSET,GHS,17172199.66
2024-08-31,GL-1020,GL-1020,Balances with Bank of Ghana,ASSET,GHS,38010508.94
2024-08-31,GL-1200,GL-1200,Investments — GoG securities,ASSET,GHS,81640017.48
2024-08-31,GL-1300,GL-1300,Loans & advances (gross),ASSET,GHS,381898148.72
2024-08-31,GL-1390,GL-1390,Less: impairment allowance,ASSET,GHS,-39070597.16
2024-08-31,GL-1900,GL-1900,Other assets,ASSET,GHS,42587120.32
2024-08-31,GL-2100,GL-2100,Customer deposits,LIABILITY,GHS,434471964.39
2024-08-31,GL-2400,GL-2400,Borrowings,LIABILITY,GHS,13034158.93
2024-08-31,GL-3100,GL-3100,Stated / paid-up capital,EQUITY,GHS,22000000.00
2024-08-31,GL-3200,GL-3200,Statutory reserve fund,EQUITY,GHS,25645203.68
2024-08-31,GL-3300,GL-3300,Retained earnings,EQUITY,GHS,27086070.96
2024-09-06,GL-1010,GL-1010,Cash on hand (vault),ASSET,GHS,17472299.93
2024-09-06,GL-1020,GL-1020,Balances with Bank of Ghana,ASSET,GHS,41070248.06
2024-09-06,GL-1200,GL-1200,Investments — GoG securities,ASSET,GHS,85481741.63
2024-09-06,GL-1300,GL-1300,Loans & advances (gross),ASSET,GHS,381774297.82
2024-09-06,GL-1390,GL-1390,Less: impairment allowance,ASSET,GHS,-38723893.73
2024-09-06,GL-1900,GL-1900,Other assets,ASSET,GHS,45225876.61
2024-09-06,GL-2100,GL-2100,Customer deposits,LIABILITY,GHS,444167401.11
2024-09-06,GL-2400,GL-2400,Borrowings,LIABILITY,GHS,13325022.03
2024-09-06,GL-3100,GL-3100,Stated / paid-up capital,EQUITY,GHS,22000000.00
2024-09-06,GL-3200,GL-3200,Statutory reserve fund,EQUITY,GHS,25680683.31
2024-09-06,GL-3300,GL-3300,Retained earnings,EQUITY,GHS,27127463.86
2024-09-13,GL-1010,GL-1010,Cash on hand (vault),ASSET,GHS,17293797.79
2024-09-13,GL-1020,GL-1020,Balances with Bank of Ghana,ASSET,GHS,40671032.67
2024-09-13,GL-1200,GL-1200,Investments — GoG securities,ASSET,GHS,84637274.73
2024-09-13,GL-1300,GL-1300,Loans & advances (gross),ASSET,GHS,382921997.19
2024-09-13,GL-1390,GL-1390,Less: impairment allowance,ASSET,GHS,-39553994.94
2024-09-13,GL-1900,GL-1900,Other assets,ASSET,GHS,47048617.65
2024-09-13,GL-2100,GL-2100,Customer deposits,LIABILITY,GHS,444777566.30
2024-09-13,GL-2400,GL-2400,Borrowings,LIABILITY,GHS,13343326.99
2024-09-13,GL-3100,GL-3100,Stated / paid-up capital,EQUITY,GHS,22000000.00
2024-09-13,GL-3200,GL-3200,Statutory reserve fund,EQUITY,GHS,25722076.22
2024-09-13,GL-3300,GL-3300,Retained earnings,EQUITY,GHS,27175755.58
2024-09-20,GL-1010,GL-1010,Cash on hand (vault),ASSET,GHS,18165214.38
2024-09-20,GL-1020,GL-1020,Balances with Bank of Ghana,ASSET,GHS,39028366.69
2024-09-20,GL-1200,GL-1200,Investments — GoG securities,ASSET,GHS,86241255.95
2024-09-20,GL-1300,GL-1300,Loans & advances (gross),ASSET,GHS,383122709.59
2024-09-20,GL-1390,GL-1390,Less: impairment allowance,ASSET,GHS,-39194626.48
2024-09-20,GL-1900,GL-1900,Other assets,ASSET,GHS,45908334.44
2024-09-20,GL-2100,GL-2100,Customer deposits,LIABILITY,GHS,444935668.11
2024-09-20,GL-2400,GL-2400,Borrowings,LIABILITY,GHS,13348070.04
2024-09-20,GL-3100,GL-3100,Stated / paid-up capital,EQUITY,GHS,22000000.00
2024-09-20,GL-3200,GL-3200,Statutory reserve fund,EQUITY,GHS,25763469.12
2024-09-20,GL-3300,GL-3300,Retained earnings,EQUITY,GHS,27224047.31
2024-09-27,GL-1010,GL-1010,Cash on hand (vault),ASSET,GHS,17423226.16
2024-09-27,GL-1020,GL-1020,Balances with Bank of Ghana,ASSET,GHS,40962317.61
2024-09-27,GL-1200,GL-1200,Investments — GoG securities,ASSET,GHS,85252160.16
2024-09-27,GL-1300,GL-1300,Loans & advances (gross),ASSET,GHS,383048082.30
2024-09-27,GL-1390,GL-1390,Less: impairment allowance,ASSET,GHS,-39228120.24
2024-09-27,GL-1900,GL-1900,Other assets,ASSET,GHS,45758938.47
2024-09-27,GL-2100,GL-2100,Customer deposits,LIABILITY,GHS,444795537.28
2024-09-27,GL-2400,GL-2400,Borrowings,LIABILITY,GHS,13343866.12
2024-09-27,GL-3100,GL-3100,Stated / paid-up capital,EQUITY,GHS,22000000.00
2024-09-27,GL-3200,GL-3200,Statutory reserve fund,EQUITY,GHS,25804862.02
2024-09-27,GL-3300,GL-3300,Retained earnings,EQUITY,GHS,27272339.03
2024-09-30,GL-1010,GL-1010,Cash on hand (vault),ASSET,GHS,18156929.05
2024-09-30,GL-1020,GL-1020,Balances with Bank of Ghana,ASSET,GHS,38957394.82
2024-09-30,GL-1200,GL-1200,Investments — GoG securities,ASSET,GHS,83670170.66
2024-09-30,GL-1300,GL-1300,Loans & advances (gross),ASSET,GHS,384092389.16
2024-09-30,GL-1390,GL-1390,Less: impairment allowance,ASSET,GHS,-39681580.77
2024-09-30,GL-1900,GL-1900,Other assets,ASSET,GHS,47421803.92
2024-09-30,GL-2100,GL-2100,Customer deposits,LIABILITY,GHS,444176183.99
2024-09-30,GL-2400,GL-2400,Borrowings,LIABILITY,GHS,13325285.52
2024-09-30,GL-3100,GL-3100,Stated / paid-up capital,EQUITY,GHS,22000000.00
2024-09-30,GL-3200,GL-3200,Statutory reserve fund,EQUITY,GHS,25822601.84
2024-09-30,GL-3300,GL-3300,Retained earnings,EQUITY,GHS,27293035.48
2024-10-04,GL-1010,GL-1010,Cash on hand (vault),ASSET,GHS,17899594.90
2024-10-04,GL-1020,GL-1020,Balances with Bank of Ghana,ASSET,GHS,39645890.54
2024-10-04,GL-1200,GL-1200,Investments — GoG securities,ASSET,GHS,82499043.24
2024-10-04,GL-1300,GL-1300,Loans & advances (gross),ASSET,GHS,384048563.14
2024-10-04,GL-1390,GL-1390,Less: impairment allowance,ASSET,GHS,-39452129.83
2024-10-04,GL-1900,GL-1900,Other assets,ASSET,GHS,38929782.19
2024-10-04,GL-2100,GL-2100,Customer deposits,LIABILITY,GHS,435343551.95
2024-10-04,GL-2400,GL-2400,Borrowings,LIABILITY,GHS,13060306.56
2024-10-04,GL-3100,GL-3100,Stated / paid-up capital,EQUITY,GHS,22000000.00
2024-10-04,GL-3200,GL-3200,Statutory reserve fund,EQUITY,GHS,25846254.93
2024-10-04,GL-3300,GL-3300,Retained earnings,EQUITY,GHS,27320630.75
2024-10-11,GL-1010,GL-1010,Cash on hand (vault),ASSET,GHS,17721720.76
2024-10-11,GL-1020,GL-1020,Balances with Bank of Ghana,ASSET,GHS,38068174.17
2024-10-11,GL-1200,GL-1200,Investments — GoG securities,ASSET,GHS,81766161.36
2024-10-11,GL-1300,GL-1300,Loans & advances (gross),ASSET,GHS,384165873.95
2024-10-11,GL-1390,GL-1390,Less: impairment allowance,ASSET,GHS,-39506126.83
2024-10-11,GL-1900,GL-1900,Other assets,ASSET,GHS,41959741.35
2024-10-11,GL-2100,GL-2100,Customer deposits,LIABILITY,GHS,435843664.52
2024-10-11,GL-2400,GL-2400,Borrowings,LIABILITY,GHS,13075309.94
2024-10-11,GL-3100,GL-3100,Stated / paid-up capital,EQUITY,GHS,22000000.00
2024-10-11,GL-3200,GL-3200,Statutory reserve fund,EQUITY,GHS,25887647.83
2024-10-11,GL-3300,GL-3300,Retained earnings,EQUITY,GHS,27368922.47
2024-10-18,GL-1010,GL-1010,Cash on hand (vault),ASSET,GHS,17049179.82
2024-10-18,GL-1020,GL-1020,Balances with Bank of Ghana,ASSET,GHS,40090252.36
2024-10-18,GL-1200,GL-1200,Investments — GoG securities,ASSET,GHS,81056108.79
2024-10-18,GL-1300,GL-1300,Loans & advances (gross),ASSET,GHS,384401649.93
2024-10-18,GL-1390,GL-1390,Less: impairment allowance,ASSET,GHS,-39964539.81
2024-10-18,GL-1900,GL-1900,Other assets,ASSET,GHS,42924077.53
2024-10-18,GL-2100,GL-2100,Customer deposits,LIABILITY,GHS,437097547.28
2024-10-18,GL-2400,GL-2400,Borrowings,LIABILITY,GHS,13112926.42
2024-10-18,GL-3100,GL-3100,Stated / paid-up capital,EQUITY,GHS,22000000.00
2024-10-18,GL-3200,GL-3200,Statutory reserve fund,EQUITY,GHS,25929040.74
2024-10-18,GL-3300,GL-3300,Retained earnings,EQUITY,GHS,27417214.19
2024-10-25,GL-1010,GL-1010,Cash on hand (vault),ASSET,GHS,17923113.66
2024-10-25,GL-1020,GL-1020,Balances with Bank of Ghana,ASSET,GHS,39695434.31
2024-10-25,GL-1200,GL-1200,Investments — GoG securities,ASSET,GHS,85207391.38
2024-10-25,GL-1300,GL-1300,Loans & advances (gross),ASSET,GHS,384732326.85
2024-10-25,GL-1390,GL-1390,Less: impairment allowance,ASSET,GHS,-39739544.45
2024-10-25,GL-1900,GL-1900,Other assets,ASSET,GHS,38429023.13
2024-10-25,GL-2100,GL-2100,Customer deposits,LIABILITY,GHS,437681364.39
2024-10-25,GL-2400,GL-2400,Borrowings,LIABILITY,GHS,13130440.93
2024-10-25,GL-3100,GL-3100,Stated / paid-up capital,EQUITY,GHS,22000000.00
2024-10-25,GL-3200,GL-3200,Statutory reserve fund,EQUITY,GHS,25970433.64
2024-10-25,GL-3300,GL-3300,Retained earnings,EQUITY,GHS,27465505.91
2024-10-31,GL-1010,GL-1010,Cash on hand (vault),ASSET,GHS,17846447.39
2024-10-31,GL-1020,GL-1020,Balances with Bank of Ghana,ASSET,GHS,38338191.03
2024-10-31,GL-1200,GL-1200,Investments — GoG securities,ASSET,GHS,82344429.49
2024-10-31,GL-1300,GL-1300,Loans & advances (gross),ASSET,GHS,385741498.70
2024-10-31,GL-1390,GL-1390,Less: impairment allowance,ASSET,GHS,-39967157.65
2024-10-31,GL-1900,GL-1900,Other assets,ASSET,GHS,42768159.39
2024-10-31,GL-2100,GL-2100,Customer deposits,LIABILITY,GHS,438406559.47
2024-10-31,GL-2400,GL-2400,Borrowings,LIABILITY,GHS,13152196.78
2024-10-31,GL-3100,GL-3100,Stated / paid-up capital,EQUITY,GHS,22000000.00
2024-10-31,GL-3200,GL-3200,Statutory reserve fund,EQUITY,GHS,26005913.27
2024-10-31,GL-3300,GL-3300,Retained earnings,EQUITY,GHS,27506898.82
2024-11-01,GL-1010,GL-1010,Cash on hand (vault),ASSET,GHS,17763745.34
2024-11-01,GL-1020,GL-1020,Balances with Bank of Ghana,ASSET,GHS,40519833.96
2024-11-01,GL-1200,GL-1200,Investments — GoG securities,ASSET,GHS,84450555.29
2024-11-01,GL-1300,GL-1300,Loans & advances (gross),ASSET,GHS,385487706.64
2024-11-01,GL-1390,GL-1390,Less: impairment allowance,ASSET,GHS,-39709818.83
2024-11-01,GL-1900,GL-1900,Other assets,ASSET,GHS,38840407.89
2024-11-01,GL-2100,GL-2100,Customer deposits,LIABILITY,GHS,438666802.05
2024-11-01,GL-2400,GL-2400,Borrowings,LIABILITY,GHS,13160004.06
2024-11-01,GL-3100,GL-3100,Stated / paid-up capital,EQUITY,GHS,22000000.00
2024-11-01,GL-3200,GL-3200,Statutory reserve fund,EQUITY,GHS,26011826.54
2024-11-01,GL-3300,GL-3300,Retained earnings,EQUITY,GHS,27513797.63
2024-11-08,GL-1010,GL-1010,Cash on hand (vault),ASSET,GHS,17033219.99
2024-11-08,GL-1020,GL-1020,Balances with Bank of Ghana,ASSET,GHS,40060103.70
2024-11-08,GL-1200,GL-1200,Investments — GoG securities,ASSET,GHS,80980541.08
2024-11-08,GL-1300,GL-1300,Loans & advances (gross),ASSET,GHS,386589883.74
2024-11-08,GL-1390,GL-1390,Less: impairment allowance,ASSET,GHS,-40560484.92
2024-11-08,GL-1900,GL-1900,Other assets,ASSET,GHS,43222085.31
2024-11-08,GL-2100,GL-2100,Customer deposits,LIABILITY,GHS,438553436.99
2024-11-08,GL-2400,GL-2400,Borrowings,LIABILITY,GHS,13156603.11
2024-11-08,GL-3100,GL-3100,Stated / paid-up capital,EQUITY,GHS,22000000.00
2024-11-08,GL-3200,GL-3200,Statutory reserve fund,EQUITY,GHS,26053219.45
2024-11-08,GL-3300,GL-3300,Retained earnings,EQUITY,GHS,27562089.36
2024-11-15,GL-1010,GL-1010,Cash on hand (vault),ASSET,GHS,17851499.16
2024-11-15,GL-1020,GL-1020,Balances with Bank of Ghana,ASSET,GHS,39534266.71
2024-11-15,GL-1200,GL-1200,Investments — GoG securities,ASSET,GHS,84867226.51
2024-11-15,GL-1300,GL-1300,Loans & advances (gross),ASSET,GHS,387007954.87
2024-11-15,GL-1390,GL-1390,Less: impairment allowance,ASSET,GHS,-40060174.32
2024-11-15,GL-1900,GL-1900,Other assets,ASSET,GHS,37340984.76
2024-11-15,GL-2100,GL-2100,Customer deposits,LIABILITY,GHS,437705596.37
2024-11-15,GL-2400,GL-2400,Borrowings,LIABILITY,GHS,13131167.89
2024-11-15,GL-3100,GL-3100,Stated / paid-up capital,EQUITY,GHS,22000000.00
2024-11-15,GL-3200,GL-3200,Statutory reserve fund,EQUITY,GHS,26094612.35
2024-11-15,GL-3300,GL-3300,Retained earnings,EQUITY,GHS,27610381.08
2024-11-22,GL-1010,GL-1010,Cash on hand (vault),ASSET,GHS,17666925.95
2024-11-22,GL-1020,GL-1020,Balances with Bank of Ghana,ASSET,GHS,40301240.64
2024-11-22,GL-1200,GL-1200,Investments — GoG securities,ASSET,GHS,83990564.28
2024-11-22,GL-1300,GL-1300,Loans & advances (gross),ASSET,GHS,388667365.05
2024-11-22,GL-1390,GL-1390,Less: impairment allowance,ASSET,GHS,-39981888.11
2024-11-22,GL-1900,GL-1900,Other assets,ASSET,GHS,36362960.42
2024-11-22,GL-2100,GL-2100,Customer deposits,LIABILITY,GHS,438070378.80
2024-11-22,GL-2400,GL-2400,Borrowings,LIABILITY,GHS,13142111.36
2024-11-22,GL-3100,GL-3100,Stated / paid-up capital,EQUITY,GHS,22000000.00
2024-11-22,GL-3200,GL-3200,Statutory reserve fund,EQUITY,GHS,26136005.26
2024-11-22,GL-3300,GL-3300,Retained earnings,EQUITY,GHS,27658672.80
2024-11-29,GL-1010,GL-1010,Cash on hand (vault),ASSET,GHS,17520679.24
2024-11-29,GL-1020,GL-1020,Balances with Bank of Ghana,ASSET,GHS,39973862.77
2024-11-29,GL-1200,GL-1200,Investments — GoG securities,ASSET,GHS,85800720.47
2024-11-29,GL-1300,GL-1300,Loans & advances (gross),ASSET,GHS,389927091.29
2024-11-29,GL-1390,GL-1390,Less: impairment allowance,ASSET,GHS,-39989641.51
2024-11-29,GL-1900,GL-1900,Other assets,ASSET,GHS,35238480.85
2024-11-29,GL-2100,GL-2100,Customer deposits,LIABILITY,GHS,439404689.74
2024-11-29,GL-2400,GL-2400,Borrowings,LIABILITY,GHS,13182140.69
2024-11-29,GL-3100,GL-3100,Stated / paid-up capital,EQUITY,GHS,22000000.00
2024-11-29,GL-3200,GL-3200,Statutory reserve fund,EQUITY,GHS,26177398.16
2024-11-29,GL-3300,GL-3300,Retained earnings,EQUITY,GHS,27706964.52
2024-11-30,GL-1010,GL-1010,Cash on hand (vault),ASSET,GHS,17426690.05
2024-11-30,GL-1020,GL-1020,Balances with Bank of Ghana,ASSET,GHS,39762370.10
2024-11-30,GL-1200,GL-1200,Investments — GoG securities,ASSET,GHS,82733807.63
2024-11-30,GL-1300,GL-1300,Loans & advances (gross),ASSET,GHS,390074838.15
2024-11-30,GL-1390,GL-1390,Less: impairment allowance,ASSET,GHS,-40367056.48
2024-11-30,GL-1900,GL-1900,Other assets,ASSET,GHS,38839426.25
2024-11-30,GL-2100,GL-2100,Customer deposits,LIABILITY,GHS,439391165.95
2024-11-30,GL-2400,GL-2400,Borrowings,LIABILITY,GHS,13181734.98
2024-11-30,GL-3100,GL-3100,Stated / paid-up capital,EQUITY,GHS,22000000.00
2024-11-30,GL-3200,GL-3200,Statutory reserve fund,EQUITY,GHS,26183311.43
2024-11-30,GL-3300,GL-3300,Retained earnings,EQUITY,GHS,27713863.34
2024-12-06,GL-1010,GL-1010,Cash on hand (vault),ASSET,GHS,18000900.70
2024-12-06,GL-1020,GL-1020,Balances with Bank of Ghana,ASSET,GHS,39862533.18
2024-12-06,GL-1200,GL-1200,Investments — GoG securities,ASSET,GHS,85577790.44
2024-12-06,GL-1300,GL-1300,Loans & advances (gross),ASSET,GHS,389945511.14
2024-12-06,GL-1390,GL-1390,Less: impairment allowance,ASSET,GHS,-39711432.29
2024-12-06,GL-1900,GL-1900,Other assets,ASSET,GHS,38765191.05
2024-12-06,GL-2100,GL-2100,Customer deposits,LIABILITY,GHS,443171307.67
2024-12-06,GL-2400,GL-2400,Borrowings,LIABILITY,GHS,13295139.23
2024-12-06,GL-3100,GL-3100,Stated / paid-up capital,EQUITY,GHS,22000000.00
2024-12-06,GL-3200,GL-3200,Statutory reserve fund,EQUITY,GHS,26218791.06
2024-12-06,GL-3300,GL-3300,Retained earnings,EQUITY,GHS,27755256.24
2024-12-13,GL-1010,GL-1010,Cash on hand (vault),ASSET,GHS,17813576.73
2024-12-13,GL-1020,GL-1020,Balances with Bank of Ghana,ASSET,GHS,39440535.12
2024-12-13,GL-1200,GL-1200,Investments — GoG securities,ASSET,GHS,84688061.28
2024-12-13,GL-1300,GL-1300,Loans & advances (gross),ASSET,GHS,390271490.14
2024-12-13,GL-1390,GL-1390,Less: impairment allowance,ASSET,GHS,-40179187.82
2024-12-13,GL-1900,GL-1900,Other assets,ASSET,GHS,40866255.43
2024-12-13,GL-2100,GL-2100,Customer deposits,LIABILITY,GHS,443531066.94
2024-12-13,GL-2400,GL-2400,Borrowings,LIABILITY,GHS,13305932.01
2024-12-13,GL-3100,GL-3100,Stated / paid-up capital,EQUITY,GHS,22000000.00
2024-12-13,GL-3200,GL-3200,Statutory reserve fund,EQUITY,GHS,26260183.97
2024-12-13,GL-3300,GL-3300,Retained earnings,EQUITY,GHS,27803547.96
2024-12-20,GL-1010,GL-1010,Cash on hand (vault),ASSET,GHS,17619170.73
2024-12-20,GL-1020,GL-1020,Balances with Bank of Ghana,ASSET,GHS,40200893.91
2024-12-20,GL-1200,GL-1200,Investments — GoG securities,ASSET,GHS,86293872.37
2024-12-20,GL-1300,GL-1300,Loans & advances (gross),ASSET,GHS,391084820.61
2024-12-20,GL-1390,GL-1390,Less: impairment allowance,ASSET,GHS,-39962827.19
2024-12-20,GL-1900,GL-1900,Other assets,ASSET,GHS,37949830.43
2024-12-20,GL-2100,GL-2100,Customer deposits,LIABILITY,GHS,443720722.63
2024-12-20,GL-2400,GL-2400,Borrowings,LIABILITY,GHS,13311621.68
2024-12-20,GL-3100,GL-3100,Stated / paid-up capital,EQUITY,GHS,22000000.00
2024-12-20,GL-3200,GL-3200,Statutory reserve fund,EQUITY,GHS,26301576.87
2024-12-20,GL-3300,GL-3300,Retained earnings,EQUITY,GHS,27851839.68
2024-12-27,GL-1010,GL-1010,Cash on hand (vault),ASSET,GHS,17931857.43
2024-12-27,GL-1020,GL-1020,Balances with Bank of Ghana,ASSET,GHS,39707026.38
2024-12-27,GL-1200,GL-1200,Investments — GoG securities,ASSET,GHS,85249853.27
2024-12-27,GL-1300,GL-1300,Loans & advances (gross),ASSET,GHS,391015393.56
2024-12-27,GL-1390,GL-1390,Less: impairment allowance,ASSET,GHS,-39557720.74
2024-12-27,GL-1900,GL-1900,Other assets,ASSET,GHS,38476958.12
2024-12-27,GL-2100,GL-2100,Customer deposits,LIABILITY,GHS,443281812.47
2024-12-27,GL-2400,GL-2400,Borrowings,LIABILITY,GHS,13298454.37
2024-12-27,GL-3100,GL-3100,Stated / paid-up capital,EQUITY,GHS,22000000.00
2024-12-27,GL-3200,GL-3200,Statutory reserve fund,EQUITY,GHS,26342969.78
2024-12-27,GL-3300,GL-3300,Retained earnings,EQUITY,GHS,27900131.41
2024-12-31,GL-1010,GL-1010,Cash on hand (vault),ASSET,GHS,17527300.06
2024-12-31,GL-1020,GL-1020,Balances with Bank of Ghana,ASSET,GHS,38796875.95
2024-12-31,GL-1200,GL-1200,Investments — GoG securities,ASSET,GHS,85737628.51
2024-12-31,GL-1300,GL-1300,Loans & advances (gross),ASSET,GHS,391871882.38
2024-12-31,GL-1390,GL-1390,Less: impairment allowance,ASSET,GHS,-40267035.25
2024-12-31,GL-1900,GL-1900,Other assets,ASSET,GHS,39133964.63
2024-12-31,GL-2100,GL-2100,Customer deposits,LIABILITY,GHS,443209967.72
2024-12-31,GL-2400,GL-2400,Borrowings,LIABILITY,GHS,13296299.03
2024-12-31,GL-3100,GL-3100,Stated / paid-up capital,EQUITY,GHS,22000000.00
2024-12-31,GL-3200,GL-3200,Statutory reserve fund,EQUITY,GHS,26366622.86
2024-12-31,GL-3300,GL-3300,Retained earnings,EQUITY,GHS,27927726.68
2025-01-03,GL-1010,GL-1010,Cash on hand (vault),ASSET,GHS,17640696.89
2025-01-03,GL-1020,GL-1020,Balances with Bank of Ghana,ASSET,GHS,39055138.19
2025-01-03,GL-1200,GL-1200,Investments — GoG securities,ASSET,GHS,83866470.17
2025-01-03,GL-1300,GL-1300,Loans & advances (gross),ASSET,GHS,391944607.28
2025-01-03,GL-1390,GL-1390,Less: impairment allowance,ASSET,GHS,-40476914.88
2025-01-03,GL-1900,GL-1900,Other assets,ASSET,GHS,38582460.76
2025-01-03,GL-2100,GL-2100,Customer deposits,LIABILITY,GHS,441048225.82
2025-01-03,GL-2400,GL-2400,Borrowings,LIABILITY,GHS,13231446.77
2025-01-03,GL-3100,GL-3100,Stated / paid-up capital,EQUITY,GHS,22000000.00
2025-01-03,GL-3200,GL-3200,Statutory reserve fund,EQUITY,GHS,26384362.68
2025-01-03,GL-3300,GL-3300,Retained earnings,EQUITY,GHS,27948423.13
2025-01-10,GL-1010,GL-1010,Cash on hand (vault),ASSET,GHS,17489011.50
2025-01-10,GL-1020,GL-1020,Balances with Bank of Ghana,ASSET,GHS,39906237.82
2025-01-10,GL-1200,GL-1200,Investments — GoG securities,ASSET,GHS,85667226.39
2025-01-10,GL-1300,GL-1300,Loans & advances (gross),ASSET,GHS,392431499.83
2025-01-10,GL-1390,GL-1390,Less: impairment allowance,ASSET,GHS,-39925715.76
2025-01-10,GL-1900,GL-1900,Other assets,ASSET,GHS,36413402.36
2025-01-10,GL-2100,GL-2100,Customer deposits,LIABILITY,GHS,442290477.39
2025-01-10,GL-2400,GL-2400,Borrowings,LIABILITY,GHS,13268714.32
2025-01-10,GL-3100,GL-3100,Stated / paid-up capital,EQUITY,GHS,22000000.00
2025-01-10,GL-3200,GL-3200,Statutory reserve fund,EQUITY,GHS,26425755.58
2025-01-10,GL-3300,GL-3300,Retained earnings,EQUITY,GHS,27996714.85
2025-01-17,GL-1010,GL-1010,Cash on hand (vault),ASSET,GHS,17353714.03
2025-01-17,GL-1020,GL-1020,Balances with Bank of Ghana,ASSET,GHS,39547778.56
2025-01-17,GL-1200,GL-1200,Investments — GoG securities,ASSET,GHS,84913886.65
2025-01-17,GL-1300,GL-1300,Loans & advances (gross),ASSET,GHS,392379814.91
2025-01-17,GL-1390,GL-1390,Less: impairment allowance,ASSET,GHS,-40256401.66
2025-01-17,GL-1900,GL-1900,Other assets,ASSET,GHS,39225204.91
2025-01-17,GL-2100,GL-2100,Customer deposits,LIABILITY,GHS,443351303.24
2025-01-17,GL-2400,GL-2400,Borrowings,LIABILITY,GHS,13300539.10
2025-01-17,GL-3100,GL-3100,Stated / paid-up capital,EQUITY,GHS,22000000.00
2025-01-17,GL-3200,GL-3200,Statutory reserve fund,EQUITY,GHS,26467148.49
2025-01-17,GL-3300,GL-3300,Retained earnings,EQUITY,GHS,28045006.57
2025-01-24,GL-1010,GL-1010,Cash on hand (vault),ASSET,GHS,18239167.67
2025-01-24,GL-1020,GL-1020,Balances with Bank of Ghana,ASSET,GHS,39143535.51
2025-01-24,GL-1200,GL-1200,Investments — GoG securities,ASSET,GHS,84062303.57
2025-01-24,GL-1300,GL-1300,Loans & advances (gross),ASSET,GHS,393789842.31
2025-01-24,GL-1390,GL-1390,Less: impairment allowance,ASSET,GHS,-40600568.68
2025-01-24,GL-1900,GL-1900,Other assets,ASSET,GHS,39202640.44
2025-01-24,GL-2100,GL-2100,Customer deposits,LIABILITY,GHS,443917554.51
2025-01-24,GL-2400,GL-2400,Borrowings,LIABILITY,GHS,13317526.64
2025-01-24,GL-3100,GL-3100,Stated / paid-up capital,EQUITY,GHS,22000000.00
2025-01-24,GL-3200,GL-3200,Statutory reserve fund,EQUITY,GHS,26508541.39
2025-01-24,GL-3300,GL-3300,Retained earnings,EQUITY,GHS,28093298.29
2025-01-31,GL-1010,GL-1010,Cash on hand (vault),ASSET,GHS,18068929.89
2025-01-31,GL-1020,GL-1020,Balances with Bank of Ghana,ASSET,GHS,39957847.91
2025-01-31,GL-1200,GL-1200,Investments — GoG securities,ASSET,GHS,85783927.47
2025-01-31,GL-1300,GL-1300,Loans & advances (gross),ASSET,GHS,393323020.11
2025-01-31,GL-1390,GL-1390,Less: impairment allowance,ASSET,GHS,-39618359.35
2025-01-31,GL-1900,GL-1900,Other assets,ASSET,GHS,37219262.94
2025-01-31,GL-2100,GL-2100,Customer deposits,LIABILITY,GHS,444702043.36
2025-01-31,GL-2400,GL-2400,Borrowings,LIABILITY,GHS,13341061.30
2025-01-31,GL-3100,GL-3100,Stated / paid-up capital,EQUITY,GHS,22000000.00
2025-01-31,GL-3200,GL-3200,Statutory reserve fund,EQUITY,GHS,26549934.30
2025-01-31,GL-3300,GL-3300,Retained earnings,EQUITY,GHS,28141590.01
2025-02-07,GL-1010,GL-1010,Cash on hand (vault),ASSET,GHS,17296036.26
2025-02-07,GL-1020,GL-1020,Balances with Bank of Ghana,ASSET,GHS,40672036.24
2025-02-07,GL-1200,GL-1200,Investments — GoG securities,ASSET,GHS,84642197.70
2025-02-07,GL-1300,GL-1300,Loans & advances (gross),ASSET,GHS,394753152.54
2025-02-07,GL-1390,GL-1390,Less: impairment allowance,ASSET,GHS,-41118362.51
2025-02-07,GL-1900,GL-1900,Other assets,ASSET,GHS,37607259.76
2025-02-07,GL-2100,GL-2100,Customer deposits,LIABILITY,GHS,443758360.25
2025-02-07,GL-2400,GL-2400,Borrowings,LIABILITY,GHS,13312750.81
2025-02-07,GL-3100,GL-3100,Stated / paid-up capital,EQUITY,GHS,22000000.00
2025-02-07,GL-3200,GL-3200,Statutory reserve fund,EQUITY,GHS,26591327.20
2025-02-07,GL-3300,GL-3300,Retained earnings,EQUITY,GHS,28189881.73
2025-02-14,GL-1010,GL-1010,Cash on hand (vault),ASSET,GHS,18226863.66
2025-02-14,GL-1020,GL-1020,Balances with Bank of Ghana,ASSET,GHS,40367710.22
2025-02-14,GL-1200,GL-1200,Investments — GoG securities,ASSET,GHS,83995169.66
2025-02-14,GL-1300,GL-1300,Loans & advances (gross),ASSET,GHS,394998821.44
2025-02-14,GL-1390,GL-1390,Less: impairment allowance,ASSET,GHS,-40736728.71
2025-02-14,GL-1900,GL-1900,Other assets,ASSET,GHS,38797925.32
2025-02-14,GL-2100,GL-2100,Customer deposits,LIABILITY,GHS,445416376.71
2025-02-14,GL-2400,GL-2400,Borrowings,LIABILITY,GHS,13362491.30
2025-02-14,GL-3100,GL-3100,Stated / paid-up capital,EQUITY,GHS,22000000.00
2025-02-14,GL-3200,GL-3200,Statutory reserve fund,EQUITY,GHS,26632720.11
2025-02-14,GL-3300,GL-3300,Retained earnings,EQUITY,GHS,28238173.46
2025-02-21,GL-1010,GL-1010,Cash on hand (vault),ASSET,GHS,18079680.14
2025-02-21,GL-1020,GL-1020,Balances with Bank of Ghana,ASSET,GHS,41240899.01
2025-02-21,GL-1200,GL-1200,Investments — GoG securities,ASSET,GHS,85834786.90
2025-02-21,GL-1300,GL-1300,Loans & advances (gross),ASSET,GHS,394029316.47
2025-02-21,GL-1390,GL-1390,Less: impairment allowance,ASSET,GHS,-39938420.66
2025-02-21,GL-1900,GL-1900,Other assets,ASSET,GHS,37908705.65
2025-02-21,GL-2100,GL-2100,Customer deposits,LIABILITY,GHS,446790669.25
2025-02-21,GL-2400,GL-2400,Borrowings,LIABILITY,GHS,13403720.08
2025-02-21,GL-3100,GL-3100,Stated / paid-up capital,EQUITY,GHS,22000000.00
2025-02-21,GL-3200,GL-3200,Statutory reserve fund,EQUITY,GHS,26674113.01
2025-02-21,GL-3300,GL-3300,Retained earnings,EQUITY,GHS,28286465.18
2025-02-28,GL-1010,GL-1010,Cash on hand (vault),ASSET,GHS,17469366.94
2025-02-28,GL-1020,GL-1020,Balances with Bank of Ghana,ASSET,GHS,41087207.79
2025-02-28,GL-1200,GL-1200,Investments — GoG securities,ASSET,GHS,85501163.96
2025-02-28,GL-1300,GL-1300,Loans & advances (gross),ASSET,GHS,395693224.77
2025-02-28,GL-1390,GL-1390,Less: impairment allowance,ASSET,GHS,-41003267.30
2025-02-28,GL-1900,GL-1900,Other assets,ASSET,GHS,41927332.62
2025-02-28,GL-2100,GL-2100,Customer deposits,LIABILITY,GHS,450121132.01
2025-02-28,GL-2400,GL-2400,Borrowings,LIABILITY,GHS,13503633.96
2025-02-28,GL-3100,GL-3100,Stated / paid-up capital,EQUITY,GHS,22000000.00
2025-02-28,GL-3200,GL-3200,Statutory reserve fund,EQUITY,GHS,26715505.91
2025-02-28,GL-3300,GL-3300,Retained earnings,EQUITY,GHS,28334756.90
2025-03-07,GL-1010,GL-1010,Cash on hand (vault),ASSET,GHS,18769317.17
2025-03-07,GL-1020,GL-1020,Balances with Bank of Ghana,ASSET,GHS,41566408.22
2025-03-07,GL-1200,GL-1200,Investments — GoG securities,ASSET,GHS,86484143.77
2025-03-07,GL-1300,GL-1300,Loans & advances (gross),ASSET,GHS,396740671.19
2025-03-07,GL-1390,GL-1390,Less: impairment allowance,ASSET,GHS,-40776044.24
2025-03-07,GL-1900,GL-1900,Other assets,ASSET,GHS,48711019.29
2025-03-07,GL-2100,GL-2100,Customer deposits,LIABILITY,GHS,460539386.37
2025-03-07,GL-2400,GL-2400,Borrowings,LIABILITY,GHS,13816181.59
2025-03-07,GL-3100,GL-3100,Stated / paid-up capital,EQUITY,GHS,22000000.00
2025-03-07,GL-3200,GL-3200,Statutory reserve fund,EQUITY,GHS,26756898.82
2025-03-07,GL-3300,GL-3300,Retained earnings,EQUITY,GHS,28383048.62
2025-03-14,GL-1010,GL-1010,Cash on hand (vault),ASSET,GHS,18584478.53
2025-03-14,GL-1020,GL-1020,Balances with Bank of Ghana,ASSET,GHS,42394752.48
2025-03-14,GL-1200,GL-1200,Investments — GoG securities,ASSET,GHS,88231174.44
2025-03-14,GL-1300,GL-1300,Loans & advances (gross),ASSET,GHS,396165142.79
2025-03-14,GL-1390,GL-1390,Less: impairment allowance,ASSET,GHS,-40991777.87
2025-03-14,GL-1900,GL-1900,Other assets,ASSET,GHS,47836351.22
2025-03-14,GL-2100,GL-2100,Customer deposits,LIABILITY,GHS,461155815.07
2025-03-14,GL-2400,GL-2400,Borrowings,LIABILITY,GHS,13834674.45
2025-03-14,GL-3100,GL-3100,Stated / paid-up capital,EQUITY,GHS,22000000.00
2025-03-14,GL-3200,GL-3200,Statutory reserve fund,EQUITY,GHS,26798291.72
2025-03-14,GL-3300,GL-3300,Retained earnings,EQUITY,GHS,28431340.34
2025-03-21,GL-1010,GL-1010,Cash on hand (vault),ASSET,GHS,18904845.79
2025-03-21,GL-1020,GL-1020,Balances with Bank of Ghana,ASSET,GHS,41871268.78
2025-03-21,GL-1200,GL-1200,Investments — GoG securities,ASSET,GHS,89874419.69
2025-03-21,GL-1300,GL-1300,Loans & advances (gross),ASSET,GHS,399093726.65
2025-03-21,GL-1390,GL-1390,Less: impairment allowance,ASSET,GHS,-40868041.28
2025-03-21,GL-1900,GL-1900,Other assets,ASSET,GHS,42854940.46
2025-03-21,GL-2100,GL-2100,Customer deposits,LIABILITY,GHS,460594022.72
2025-03-21,GL-2400,GL-2400,Borrowings,LIABILITY,GHS,13817820.68
2025-03-21,GL-3100,GL-3100,Stated / paid-up capital,EQUITY,GHS,22000000.00
2025-03-21,GL-3200,GL-3200,Statutory reserve fund,EQUITY,GHS,26839684.63
2025-03-21,GL-3300,GL-3300,Retained earnings,EQUITY,GHS,28479632.06
2025-03-28,GL-1010,GL-1010,Cash on hand (vault),ASSET,GHS,18690204.18
2025-03-28,GL-1020,GL-1020,Balances with Bank of Ghana,ASSET,GHS,41388500.64
2025-03-28,GL-1200,GL-1200,Investments — GoG securities,ASSET,GHS,88854851.87
2025-03-28,GL-1300,GL-1300,Loans & advances (gross),ASSET,GHS,399081228.52
2025-03-28,GL-1390,GL-1390,Less: impairment allowance,ASSET,GHS,-41148722.85
2025-03-28,GL-1900,GL-1900,Other assets,ASSET,GHS,44829521.53
2025-03-28,GL-2100,GL-2100,Customer deposits,LIABILITY,GHS,460472410.27
2025-03-28,GL-2400,GL-2400,Borrowings,LIABILITY,GHS,13814172.31
2025-03-28,GL-3100,GL-3100,Stated / paid-up capital,EQUITY,GHS,22000000.00
2025-03-28,GL-3200,GL-3200,Statutory reserve fund,EQUITY,GHS,26881077.53
2025-03-28,GL-3300,GL-3300,Retained earnings,EQUITY,GHS,28527923.78
2025-03-31,GL-1010,GL-1010,Cash on hand (vault),ASSET,GHS,18358038.91
2025-03-31,GL-1020,GL-1020,Balances with Bank of Ghana,ASSET,GHS,41884000.86
2025-03-31,GL-1200,GL-1200,Investments — GoG securities,ASSET,GHS,87155684.44
2025-03-31,GL-1300,GL-1300,Loans & advances (gross),ASSET,GHS,399922649.46
2025-03-31,GL-1390,GL-1390,Less: impairment allowance,ASSET,GHS,-41298605.39
2025-03-31,GL-1900,GL-1900,Other assets,ASSET,GHS,45381688.04
2025-03-31,GL-2100,GL-2100,Customer deposits,LIABILITY,GHS,460151474.50
2025-03-31,GL-2400,GL-2400,Borrowings,LIABILITY,GHS,13804544.23
2025-03-31,GL-3100,GL-3100,Stated / paid-up capital,EQUITY,GHS,22000000.00
2025-03-31,GL-3200,GL-3200,Statutory reserve fund,EQUITY,GHS,26898817.35
2025-03-31,GL-3300,GL-3300,Retained earnings,EQUITY,GHS,28548620.24
2025-04-04,GL-1010,GL-1010,Cash on hand (vault),ASSET,GHS,18122566.53
2025-04-04,GL-1020,GL-1020,Balances with Bank of Ghana,ASSET,GHS,41343379.14
2025-04-04,GL-1200,GL-1200,Investments — GoG securities,ASSET,GHS,83583243.70
2025-04-04,GL-1300,GL-1300,Loans & advances (gross),ASSET,GHS,399184738.22
2025-04-04,GL-1390,GL-1390,Less: impairment allowance,ASSET,GHS,-41166582.88
2025-04-04,GL-1900,GL-1900,Other assets,ASSET,GHS,41530499.05
2025-04-04,GL-2100,GL-2100,Customer deposits,LIABILITY,GHS,451552580.41
2025-04-04,GL-2400,GL-2400,Borrowings,LIABILITY,GHS,13546577.41
2025-04-04,GL-3100,GL-3100,Stated / paid-up capital,EQUITY,GHS,22000000.00
2025-04-04,GL-3200,GL-3200,Statutory reserve fund,EQUITY,GHS,26922470.43
2025-04-04,GL-3300,GL-3300,Retained earnings,EQUITY,GHS,28576215.51
2025-04-11,GL-1010,GL-1010,Cash on hand (vault),ASSET,GHS,18494658.76
2025-04-11,GL-1020,GL-1020,Balances with Bank of Ghana,ASSET,GHS,40960130.33
2025-04-11,GL-1200,GL-1200,Investments — GoG securities,ASSET,GHS,87924676.83
2025-04-11,GL-1300,GL-1300,Loans & advances (gross),ASSET,GHS,400842942.07
2025-04-11,GL-1390,GL-1390,Less: impairment allowance,ASSET,GHS,-41273141.38
2025-04-11,GL-1900,GL-1900,Other assets,ASSET,GHS,36640753.94
2025-04-11,GL-2100,GL-2100,Customer deposits,LIABILITY,GHS,452428786.39
2025-04-11,GL-2400,GL-2400,Borrowings,LIABILITY,GHS,13572863.59
2025-04-11,GL-3100,GL-3100,Stated / paid-up capital,EQUITY,GHS,22000000.00
2025-04-11,GL-3200,GL-3200,Statutory reserve fund,EQUITY,GHS,26963863.34
2025-04-11,GL-3300,GL-3300,Retained earnings,EQUITY,GHS,28624507.23
2025-04-18,GL-1010,GL-1010,Cash on hand (vault),ASSET,GHS,18342944.98
2025-04-18,GL-1020,GL-1020,Balances with Bank of Ghana,ASSET,GHS,40616836.90
2025-04-18,GL-1200,GL-1200,Investments — GoG securities,ASSET,GHS,87204259.11
2025-04-18,GL-1300,GL-1300,Loans & advances (gross),ASSET,GHS,400601482.58
2025-04-18,GL-1390,GL-1390,Less: impairment allowance,ASSET,GHS,-40956714.20
2025-04-18,GL-1900,GL-1900,Other assets,ASSET,GHS,39253818.68
2025-04-18,GL-2100,GL-2100,Customer deposits,LIABILITY,GHS,453771429.95
2025-04-18,GL-2400,GL-2400,Borrowings,LIABILITY,GHS,13613142.90
2025-04-18,GL-3100,GL-3100,Stated / paid-up capital,EQUITY,GHS,22000000.00
2025-04-18,GL-3200,GL-3200,Statutory reserve fund,EQUITY,GHS,27005256.24
2025-04-18,GL-3300,GL-3300,Retained earnings,EQUITY,GHS,28672798.95
2025-04-25,GL-1010,GL-1010,Cash on hand (vault),ASSET,GHS,18206541.72
2025-04-25,GL-1020,GL-1020,Balances with Bank of Ghana,ASSET,GHS,41537320.11
2025-04-25,GL-1200,GL-1200,Investments — GoG securities,ASSET,GHS,83960126.88
2025-04-25,GL-1300,GL-1300,Loans & advances (gross),ASSET,GHS,401818992.06
2025-04-25,GL-1390,GL-1390,Less: impairment allowance,ASSET,GHS,-41721137.12
2025-04-25,GL-1900,GL-1900,Other assets,ASSET,GHS,43159460.12
2025-04-25,GL-2100,GL-2100,Customer deposits,LIABILITY,GHS,455527731.98
2025-04-25,GL-2400,GL-2400,Borrowings,LIABILITY,GHS,13665831.96
2025-04-25,GL-3100,GL-3100,Stated / paid-up capital,EQUITY,GHS,22000000.00
2025-04-25,GL-3200,GL-3200,Statutory reserve fund,EQUITY,GHS,27046649.15
2025-04-25,GL-3300,GL-3300,Retained earnings,EQUITY,GHS,28721090.67
2025-04-30,GL-1010,GL-1010,Cash on hand (vault),ASSET,GHS,18220283.28
2025-04-30,GL-1020,GL-1020,Balances with Bank of Ghana,ASSET,GHS,40338238.32
2025-04-30,GL-1200,GL-1200,Investments — GoG securities,ASSET,GHS,86621916.03
2025-04-30,GL-1300,GL-1300,Loans & advances (gross),ASSET,GHS,402082932.63
2025-04-30,GL-1390,GL-1390,Less: impairment allowance,ASSET,GHS,-42283216.10
2025-04-30,GL-1900,GL-1900,Other assets,ASSET,GHS,42099043.87
2025-04-30,GL-2100,GL-2100,Customer deposits,LIABILITY,GHS,455579997.84
2025-04-30,GL-2400,GL-2400,Borrowings,LIABILITY,GHS,13667399.94
2025-04-30,GL-3100,GL-3100,Stated / paid-up capital,EQUITY,GHS,22000000.00
2025-04-30,GL-3200,GL-3200,Statutory reserve fund,EQUITY,GHS,27076215.51
2025-04-30,GL-3300,GL-3300,Retained earnings,EQUITY,GHS,28755584.76
2025-05-02,GL-1010,GL-1010,Cash on hand (vault),ASSET,GHS,18526536.73
2025-05-02,GL-1020,GL-1020,Balances with Bank of Ghana,ASSET,GHS,41028065.93
2025-05-02,GL-1200,GL-1200,Investments — GoG securities,ASSET,GHS,88076532.88
2025-05-02,GL-1300,GL-1300,Loans & advances (gross),ASSET,GHS,402069757.98
2025-05-02,GL-1390,GL-1390,Less: impairment allowance,ASSET,GHS,-41490650.12
2025-05-02,GL-1900,GL-1900,Other assets,ASSET,GHS,38354001.91
2025-05-02,GL-2100,GL-2100,Customer deposits,LIABILITY,GHS,455055165.90
2025-05-02,GL-2400,GL-2400,Borrowings,LIABILITY,GHS,13651654.98
2025-05-02,GL-3100,GL-3100,Stated / paid-up capital,EQUITY,GHS,22000000.00
2025-05-02,GL-3200,GL-3200,Statutory reserve fund,EQUITY,GHS,27088042.05
2025-05-02,GL-3300,GL-3300,Retained earnings,EQUITY,GHS,28769382.39
2025-05-09,GL-1010,GL-1010,Cash on hand (vault),ASSET,GHS,18330628.25
2025-05-09,GL-1020,GL-1020,Balances with Bank of Ghana,ASSET,GHS,40586867.70
2025-05-09,GL-1200,GL-1200,Investments — GoG securities,ASSET,GHS,87146014.07
2025-05-09,GL-1300,GL-1300,Loans & advances (gross),ASSET,GHS,401654380.41
2025-05-09,GL-1390,GL-1390,Less: impairment allowance,ASSET,GHS,-42117766.61
2025-05-09,GL-1900,GL-1900,Other assets,ASSET,GHS,41342285.23
2025-05-09,GL-2100,GL-2100,Customer deposits,LIABILITY,GHS,455335242.71
2025-05-09,GL-2400,GL-2400,Borrowings,LIABILITY,GHS,13660057.28
2025-05-09,GL-3100,GL-3100,Stated / paid-up capital,EQUITY,GHS,22000000.00
2025-05-09,GL-3200,GL-3200,Statutory reserve fund,EQUITY,GHS,27129434.95
2025-05-09,GL-3300,GL-3300,Retained earnings,EQUITY,GHS,28817674.11
2025-05-16,GL-1010,GL-1010,Cash on hand (vault),ASSET,GHS,18159285.88
2025-05-16,GL-1020,GL-1020,Balances with Bank of Ghana,ASSET,GHS,41431888.47
2025-05-16,GL-1200,GL-1200,Investments — GoG securities,ASSET,GHS,88932849.62
2025-05-16,GL-1300,GL-1300,Loans & advances (gross),ASSET,GHS,403747610.18
2025-05-16,GL-1390,GL-1390,Less: impairment allowance,ASSET,GHS,-42382914.46
2025-05-16,GL-1900,GL-1900,Other assets,ASSET,GHS,38074174.76
2025-05-16,GL-2100,GL-2100,Customer deposits,LIABILITY,GHS,456238932.77
2025-05-16,GL-2400,GL-2400,Borrowings,LIABILITY,GHS,13687167.98
2025-05-16,GL-3100,GL-3100,Stated / paid-up capital,EQUITY,GHS,22000000.00
2025-05-16,GL-3200,GL-3200,Statutory reserve fund,EQUITY,GHS,27170827.86
2025-05-16,GL-3300,GL-3300,Retained earnings,EQUITY,GHS,28865965.83
2025-05-23,GL-1010,GL-1010,Cash on hand (vault),ASSET,GHS,18545865.95
2025-05-23,GL-1020,GL-1020,Balances with Bank of Ghana,ASSET,GHS,41068182.40
2025-05-23,GL-1200,GL-1200,Investments — GoG securities,ASSET,GHS,88168734.55
2025-05-23,GL-1300,GL-1300,Loans & advances (gross),ASSET,GHS,402092691.44
2025-05-23,GL-1390,GL-1390,Less: impairment allowance,ASSET,GHS,-41405390.70
2025-05-23,GL-1900,GL-1900,Other assets,ASSET,GHS,40771747.99
2025-05-23,GL-2100,GL-2100,Customer deposits,LIABILITY,GHS,457393546.91
2025-05-23,GL-2400,GL-2400,Borrowings,LIABILITY,GHS,13721806.41
2025-05-23,GL-3100,GL-3100,Stated / paid-up capital,EQUITY,GHS,22000000.00
2025-05-23,GL-3200,GL-3200,Statutory reserve fund,EQUITY,GHS,27212220.76
2025-05-23,GL-3300,GL-3300,Retained earnings,EQUITY,GHS,28914257.56
2025-05-30,GL-1010,GL-1010,Cash on hand (vault),ASSET,GHS,18354959.18
2025-05-30,GL-1020,GL-1020,Balances with Bank of Ghana,ASSET,GHS,40638018.00
2025-05-30,GL-1200,GL-1200,Investments — GoG securities,ASSET,GHS,87261999.14
2025-05-30,GL-1300,GL-1300,Loans & advances (gross),ASSET,GHS,403512755.22
2025-05-30,GL-1390,GL-1390,Less: impairment allowance,ASSET,GHS,-42718551.49
2025-05-30,GL-1900,GL-1900,Other assets,ASSET,GHS,42727860.95
2025-05-30,GL-2100,GL-2100,Customer deposits,LIABILITY,GHS,457826095.21
2025-05-30,GL-2400,GL-2400,Borrowings,LIABILITY,GHS,13734782.86
2025-05-30,GL-3100,GL-3100,Stated / paid-up capital,EQUITY,GHS,22000000.00
2025-05-30,GL-3200,GL-3200,Statutory reserve fund,EQUITY,GHS,27253613.67
2025-05-30,GL-3300,GL-3300,Retained earnings,EQUITY,GHS,28962549.28
2025-05-31,GL-1010,GL-1010,Cash on hand (vault),ASSET,GHS,18277483.26
2025-05-31,GL-1020,GL-1020,Balances with Bank of Ghana,ASSET,GHS,40462977.29
2025-05-31,GL-1200,GL-1200,Investments — GoG securities,ASSET,GHS,86894071.26
2025-05-31,GL-1300,GL-1300,Loans & advances (gross),ASSET,GHS,404291123.51
2025-05-31,GL-1390,GL-1390,Less: impairment allowance,ASSET,GHS,-42567056.19
2025-05-31,GL-1900,GL-1900,Other assets,ASSET,GHS,42945100.39
2025-05-31,GL-2100,GL-2100,Customer deposits,LIABILITY,GHS,458324975.23
2025-05-31,GL-2400,GL-2400,Borrowings,LIABILITY,GHS,13749749.26
2025-05-31,GL-3100,GL-3100,Stated / paid-up capital,EQUITY,GHS,22000000.00
2025-05-31,GL-3200,GL-3200,Statutory reserve fund,EQUITY,GHS,27259526.94
2025-05-31,GL-3300,GL-3300,Retained earnings,EQUITY,GHS,28969448.09
2025-06-06,GL-1010,GL-1010,Cash on hand (vault),ASSET,GHS,18554096.75
2025-06-06,GL-1020,GL-1020,Balances with Bank of Ghana,ASSET,GHS,42335133.89
2025-06-06,GL-1200,GL-1200,Investments — GoG securities,ASSET,GHS,90877830.63
2025-06-06,GL-1300,GL-1300,Loans & advances (gross),ASSET,GHS,405015156.41
2025-06-06,GL-1390,GL-1390,Less: impairment allowance,ASSET,GHS,-42429700.77
2025-06-06,GL-1900,GL-1900,Other assets,ASSET,GHS,46105780.63
2025-06-06,GL-2100,GL-2100,Customer deposits,LIABILITY,GHS,468109174.73
2025-06-06,GL-2400,GL-2400,Borrowings,LIABILITY,GHS,14043275.24
2025-06-06,GL-3100,GL-3100,Stated / paid-up capital,EQUITY,GHS,22000000.00
2025-06-06,GL-3200,GL-3200,Statutory reserve fund,EQUITY,GHS,27295006.57
2025-06-06,GL-3300,GL-3300,Retained earnings,EQUITY,GHS,29010841.00
2025-06-13,GL-1010,GL-1010,Cash on hand (vault),ASSET,GHS,19012783.65
2025-06-13,GL-1020,GL-1020,Balances with Bank of Ghana,ASSET,GHS,42099350.88
2025-06-13,GL-1200,GL-1200,Investments — GoG securities,ASSET,GHS,90388823.31
2025-06-13,GL-1300,GL-1300,Loans & advances (gross),ASSET,GHS,404518971.32
2025-06-13,GL-1390,GL-1390,Less: impairment allowance,ASSET,GHS,-42057410.09
2025-06-13,GL-1900,GL-1900,Other assets,ASSET,GHS,49393356.23
2025-06-13,GL-2100,GL-2100,Customer deposits,LIABILITY,GHS,470835284.57
2025-06-13,GL-2400,GL-2400,Borrowings,LIABILITY,GHS,14125058.54
2025-06-13,GL-3100,GL-3100,Stated / paid-up capital,EQUITY,GHS,22000000.00
2025-06-13,GL-3200,GL-3200,Statutory reserve fund,EQUITY,GHS,27336399.47
2025-06-13,GL-3300,GL-3300,Retained earnings,EQUITY,GHS,29059132.72
2025-06-20,GL-1010,GL-1010,Cash on hand (vault),ASSET,GHS,19345630.57
2025-06-20,GL-1020,GL-1020,Balances with Bank of Ghana,ASSET,GHS,41522747.17
2025-06-20,GL-1200,GL-1200,Investments — GoG securities,ASSET,GHS,89168122.73
2025-06-20,GL-1300,GL-1300,Loans & advances (gross),ASSET,GHS,406328481.22
2025-06-20,GL-1390,GL-1390,Less: impairment allowance,ASSET,GHS,-43139422.38
2025-06-20,GL-1900,GL-1900,Other assets,ASSET,GHS,49121418.39
2025-06-20,GL-2100,GL-2100,Customer deposits,LIABILITY,GHS,469768699.89
2025-06-20,GL-2400,GL-2400,Borrowings,LIABILITY,GHS,14093061.00
2025-06-20,GL-3100,GL-3100,Stated / paid-up capital,EQUITY,GHS,22000000.00
2025-06-20,GL-3200,GL-3200,Statutory reserve fund,EQUITY,GHS,27377792.38
2025-06-20,GL-3300,GL-3300,Retained earnings,EQUITY,GHS,29107424.44
2025-06-27,GL-1010,GL-1010,Cash on hand (vault),ASSET,GHS,19141166.94
2025-06-27,GL-1020,GL-1020,Balances with Bank of Ghana,ASSET,GHS,42330716.87
2025-06-27,GL-1200,GL-1200,Investments — GoG securities,ASSET,GHS,88195579.58
2025-06-27,GL-1300,GL-1300,Loans & advances (gross),ASSET,GHS,407284761.35
2025-06-27,GL-1390,GL-1390,Less: impairment allowance,ASSET,GHS,-42491590.28
2025-06-27,GL-1900,GL-1900,Other assets,ASSET,GHS,48214244.08
2025-06-27,GL-2100,GL-2100,Customer deposits,LIABILITY,GHS,469999977.75
2025-06-27,GL-2400,GL-2400,Borrowings,LIABILITY,GHS,14099999.33
2025-06-27,GL-3100,GL-3100,Stated / paid-up capital,EQUITY,GHS,22000000.00
2025-06-27,GL-3200,GL-3200,Statutory reserve fund,EQUITY,GHS,27419185.28
2025-06-27,GL-3300,GL-3300,Retained earnings,EQUITY,GHS,29155716.16
2025-06-30,GL-1010,GL-1010,Cash on hand (vault),ASSET,GHS,19387272.22
2025-06-30,GL-1020,GL-1020,Balances with Bank of Ghana,ASSET,GHS,41670718.14
2025-06-30,GL-1200,GL-1200,Investments — GoG securities,ASSET,GHS,89483913.93
2025-06-30,GL-1300,GL-1300,Loans & advances (gross),ASSET,GHS,407751998.18
2025-06-30,GL-1390,GL-1390,Less: impairment allowance,ASSET,GHS,-43100973.92
2025-06-30,GL-1900,GL-1900,Other assets,ASSET,GHS,48374971.07
2025-06-30,GL-2100,GL-2100,Customer deposits,LIABILITY,GHS,470829671.74
2025-06-30,GL-2400,GL-2400,Borrowings,LIABILITY,GHS,14124890.15
2025-06-30,GL-3100,GL-3100,Stated / paid-up capital,EQUITY,GHS,22000000.00
2025-06-30,GL-3200,GL-3200,Statutory reserve fund,EQUITY,GHS,27436925.10
2025-06-30,GL-3300,GL-3300,Retained earnings,EQUITY,GHS,29176412.61
2025-07-04,GL-1010,GL-1010,Cash on hand (vault),ASSET,GHS,18066511.45
2025-07-04,GL-1020,GL-1020,Balances with Bank of Ghana,ASSET,GHS,41173145.72
2025-07-04,GL-1200,GL-1200,Investments — GoG securities,ASSET,GHS,88406427.54
2025-07-04,GL-1300,GL-1300,Loans & advances (gross),ASSET,GHS,406983377.20
2025-07-04,GL-1390,GL-1390,Less: impairment allowance,ASSET,GHS,-42928897.49
2025-07-04,GL-1900,GL-1900,Other assets,ASSET,GHS,43243088.58
2025-07-04,GL-2100,GL-2100,Customer deposits,LIABILITY,GHS,462406861.10
2025-07-04,GL-2400,GL-2400,Borrowings,LIABILITY,GHS,13872205.83
2025-07-04,GL-3100,GL-3100,Stated / paid-up capital,EQUITY,GHS,22000000.00
2025-07-04,GL-3200,GL-3200,Statutory reserve fund,EQUITY,GHS,27460578.19
2025-07-04,GL-3300,GL-3300,Retained earnings,EQUITY,GHS,29204007.88
2025-07-11,GL-1010,GL-1010,Cash on hand (vault),ASSET,GHS,19022232.96
2025-07-11,GL-1020,GL-1020,Balances with Bank of Ghana,ASSET,GHS,42130787.06
2025-07-11,GL-1200,GL-1200,Investments — GoG securities,ASSET,GHS,87666683.25
2025-07-11,GL-1300,GL-1300,Loans & advances (gross),ASSET,GHS,408111310.60
2025-07-11,GL-1390,GL-1390,Less: impairment allowance,ASSET,GHS,-42711796.06
2025-07-11,GL-1900,GL-1900,Other assets,ASSET,GHS,42232374.68
2025-07-11,GL-2100,GL-2100,Customer deposits,LIABILITY,GHS,463783807.56
2025-07-11,GL-2400,GL-2400,Borrowings,LIABILITY,GHS,13913514.23
2025-07-11,GL-3100,GL-3100,Stated / paid-up capital,EQUITY,GHS,22000000.00
2025-07-11,GL-3200,GL-3200,Statutory reserve fund,EQUITY,GHS,27501971.09
2025-07-11,GL-3300,GL-3300,Retained earnings,EQUITY,GHS,29252299.61
2025-07-18,GL-1010,GL-1010,Cash on hand (vault),ASSET,GHS,18859088.12
2025-07-18,GL-1020,GL-1020,Balances with Bank of Ghana,ASSET,GHS,43017415.44
2025-07-18,GL-1200,GL-1200,Investments — GoG securities,ASSET,GHS,86884882.14
2025-07-18,GL-1300,GL-1300,Loans & advances (gross),ASSET,GHS,407627813.19
2025-07-18,GL-1390,GL-1390,Less: impairment allowance,ASSET,GHS,-42294175.68
2025-07-18,GL-1900,GL-1900,Other assets,ASSET,GHS,43665516.44
2025-07-18,GL-2100,GL-2100,Customer deposits,LIABILITY,GHS,464967557.61
2025-07-18,GL-2400,GL-2400,Borrowings,LIABILITY,GHS,13949026.73
2025-07-18,GL-3100,GL-3100,Stated / paid-up capital,EQUITY,GHS,22000000.00
2025-07-18,GL-3200,GL-3200,Statutory reserve fund,EQUITY,GHS,27543363.99
2025-07-18,GL-3300,GL-3300,Retained earnings,EQUITY,GHS,29300591.33
2025-07-25,GL-1010,GL-1010,Cash on hand (vault),ASSET,GHS,18664396.28
2025-07-25,GL-1020,GL-1020,Balances with Bank of Ghana,ASSET,GHS,42579891.78
2025-07-25,GL-1200,GL-1200,Investments — GoG securities,ASSET,GHS,88610369.51
2025-07-25,GL-1300,GL-1300,Loans & advances (gross),ASSET,GHS,409382243.06
2025-07-25,GL-1390,GL-1390,Less: impairment allowance,ASSET,GHS,-43507392.46
2025-07-25,GL-1900,GL-1900,Other assets,ASSET,GHS,42557447.92
2025-07-25,GL-2100,GL-2100,Customer deposits,LIABILITY,GHS,465391569.07
2025-07-25,GL-2400,GL-2400,Borrowings,LIABILITY,GHS,13961747.07
2025-07-25,GL-3100,GL-3100,Stated / paid-up capital,EQUITY,GHS,22000000.00
2025-07-25,GL-3200,GL-3200,Statutory reserve fund,EQUITY,GHS,27584756.90
2025-07-25,GL-3300,GL-3300,Retained earnings,EQUITY,GHS,29348883.05
2025-07-31,GL-1010,GL-1010,Cash on hand (vault),ASSET,GHS,19085249.01
2025-07-31,GL-1020,GL-1020,Balances with Bank of Ghana,ASSET,GHS,42271121.44
2025-07-31,GL-1200,GL-1200,Investments — GoG securities,ASSET,GHS,90732030.97
2025-07-31,GL-1300,GL-1300,Loans & advances (gross),ASSET,GHS,408736369.46
2025-07-31,GL-1390,GL-1390,Less: impairment allowance,ASSET,GHS,-42720916.59
2025-07-31,GL-1900,GL-1900,Other assets,ASSET,GHS,39640221.80
2025-07-31,GL-2100,GL-2100,Customer deposits,LIABILITY,GHS,464789867.58
2025-07-31,GL-2400,GL-2400,Borrowings,LIABILITY,GHS,13943696.03
2025-07-31,GL-3100,GL-3100,Stated / paid-up capital,EQUITY,GHS,22000000.00
2025-07-31,GL-3200,GL-3200,Statutory reserve fund,EQUITY,GHS,27620236.53
2025-07-31,GL-3300,GL-3300,Retained earnings,EQUITY,GHS,29390275.95
2025-08-01,GL-1010,GL-1010,Cash on hand (vault),ASSET,GHS,18979479.02
2025-08-01,GL-1020,GL-1020,Balances with Bank of Ghana,ASSET,GHS,42033383.34
2025-08-01,GL-1200,GL-1200,Investments — GoG securities,ASSET,GHS,87458751.01
2025-08-01,GL-1300,GL-1300,Loans & advances (gross),ASSET,GHS,410083428.26
2025-08-01,GL-1390,GL-1390,Less: impairment allowance,ASSET,GHS,-42753257.77
2025-08-01,GL-1900,GL-1900,Other assets,ASSET,GHS,41780663.97
2025-08-01,GL-2100,GL-2100,Customer deposits,LIABILITY,GHS,464620508.01
2025-08-01,GL-2400,GL-2400,Borrowings,LIABILITY,GHS,13938615.24
2025-08-01,GL-3100,GL-3100,Stated / paid-up capital,EQUITY,GHS,22000000.00
2025-08-01,GL-3200,GL-3200,Statutory reserve fund,EQUITY,GHS,27626149.80
2025-08-01,GL-3300,GL-3300,Retained earnings,EQUITY,GHS,29397174.77
2025-08-08,GL-1010,GL-1010,Cash on hand (vault),ASSET,GHS,18760218.11
2025-08-08,GL-1020,GL-1020,Balances with Bank of Ghana,ASSET,GHS,41540322.15
2025-08-08,GL-1200,GL-1200,Investments — GoG securities,ASSET,GHS,86418370.07
2025-08-08,GL-1300,GL-1300,Loans & advances (gross),ASSET,GHS,409451581.25
2025-08-08,GL-1390,GL-1390,Less: impairment allowance,ASSET,GHS,-43641787.09
2025-08-08,GL-1900,GL-1900,Other assets,ASSET,GHS,44946521.01
2025-08-08,GL-2100,GL-2100,Customer deposits,LIABILITY,GHS,464429336.21
2025-08-08,GL-2400,GL-2400,Borrowings,LIABILITY,GHS,13932880.09
2025-08-08,GL-3100,GL-3100,Stated / paid-up capital,EQUITY,GHS,22000000.00
2025-08-08,GL-3200,GL-3200,Statutory reserve fund,EQUITY,GHS,27667542.71
2025-08-08,GL-3300,GL-3300,Retained earnings,EQUITY,GHS,29445466.49
2025-08-15,GL-1010,GL-1010,Cash on hand (vault),ASSET,GHS,18557404.86
2025-08-15,GL-1020,GL-1020,Balances with Bank of Ghana,ASSET,GHS,42338223.42
2025-08-15,GL-1200,GL-1200,Investments — GoG securities,ASSET,GHS,88102233.18
2025-08-15,GL-1300,GL-1300,Loans & advances (gross),ASSET,GHS,411559852.00
2025-08-15,GL-1390,GL-1390,Less: impairment allowance,ASSET,GHS,-44879099.33
2025-08-15,GL-1900,GL-1900,Other assets,ASSET,GHS,42109075.44
2025-08-15,GL-2100,GL-2100,Customer deposits,LIABILITY,GHS,464645626.94
2025-08-15,GL-2400,GL-2400,Borrowings,LIABILITY,GHS,13939368.81
2025-08-15,GL-3100,GL-3100,Stated / paid-up capital,EQUITY,GHS,22000000.00
2025-08-15,GL-3200,GL-3200,Statutory reserve fund,EQUITY,GHS,27708935.61
2025-08-15,GL-3300,GL-3300,Retained earnings,EQUITY,GHS,29493758.21
2025-08-22,GL-1010,GL-1010,Cash on hand (vault),ASSET,GHS,18974715.64
2025-08-22,GL-1020,GL-1020,Balances with Bank of Ghana,ASSET,GHS,42020101.06
2025-08-22,GL-1200,GL-1200,Investments — GoG securities,ASSET,GHS,90207264.18
2025-08-22,GL-1300,GL-1300,Loans & advances (gross),ASSET,GHS,412181099.73
2025-08-22,GL-1390,GL-1390,Less: impairment allowance,ASSET,GHS,-44467277.99
2025-08-22,GL-1900,GL-1900,Other assets,ASSET,GHS,40766249.19
2025-08-22,GL-2100,GL-2100,Customer deposits,LIABILITY,GHS,466397838.22
2025-08-22,GL-2400,GL-2400,Borrowings,LIABILITY,GHS,13991935.15
2025-08-22,GL-3100,GL-3100,Stated / paid-up capital,EQUITY,GHS,22000000.00
2025-08-22,GL-3200,GL-3200,Statutory reserve fund,EQUITY,GHS,27750328.52
2025-08-22,GL-3300,GL-3300,Retained earnings,EQUITY,GHS,29542049.93
2025-08-29,GL-1010,GL-1010,Cash on hand (vault),ASSET,GHS,18863673.64
2025-08-29,GL-1020,GL-1020,Balances with Bank of Ghana,ASSET,GHS,41766622.71
2025-08-29,GL-1200,GL-1200,Investments — GoG securities,ASSET,GHS,89680232.43
2025-08-29,GL-1300,GL-1300,Loans & advances (gross),ASSET,GHS,411192617.23
2025-08-29,GL-1390,GL-1390,Less: impairment allowance,ASSET,GHS,-44357453.88
2025-08-29,GL-1900,GL-1900,Other assets,ASSET,GHS,45219970.42
2025-08-29,GL-2100,GL-2100,Customer deposits,LIABILITY,GHS,468916115.99
2025-08-29,GL-2400,GL-2400,Borrowings,LIABILITY,GHS,14067483.48
2025-08-29,GL-3100,GL-3100,Stated / paid-up capital,EQUITY,GHS,22000000.00
2025-08-29,GL-3200,GL-3200,Statutory reserve fund,EQUITY,GHS,27791721.42
2025-08-29,GL-3300,GL-3300,Retained earnings,EQUITY,GHS,29590341.66
2025-08-31,GL-1010,GL-1010,Cash on hand (vault),ASSET,GHS,19220956.44
2025-08-31,GL-1020,GL-1020,Balances with Bank of Ghana,ASSET,GHS,42569801.67
2025-08-31,GL-1200,GL-1200,Investments — GoG securities,ASSET,GHS,91377407.01
2025-08-31,GL-1300,GL-1300,Loans & advances (gross),ASSET,GHS,412008220.13
2025-08-31,GL-1390,GL-1390,Less: impairment allowance,ASSET,GHS,-45152523.49
2025-08-31,GL-1900,GL-1900,Other assets,ASSET,GHS,42872310.98
2025-08-31,GL-2100,GL-2100,Customer deposits,LIABILITY,GHS,469406296.59
2025-08-31,GL-2400,GL-2400,Borrowings,LIABILITY,GHS,14082188.90
2025-08-31,GL-3100,GL-3100,Stated / paid-up capital,EQUITY,GHS,22000000.00
2025-08-31,GL-3200,GL-3200,Statutory reserve fund,EQUITY,GHS,27803547.96
2025-08-31,GL-3300,GL-3300,Retained earnings,EQUITY,GHS,29604139.29
2025-09-05,GL-1010,GL-1010,Cash on hand (vault),ASSET,GHS,19052365.77
2025-09-05,GL-1020,GL-1020,Balances with Bank of Ghana,ASSET,GHS,43469964.44
2025-09-05,GL-1200,GL-1200,Investments — GoG securities,ASSET,GHS,93308658.02
2025-09-05,GL-1300,GL-1300,Loans & advances (gross),ASSET,GHS,412625401.76
2025-09-05,GL-1390,GL-1390,Less: impairment allowance,ASSET,GHS,-45325207.85
2025-09-05,GL-1900,GL-1900,Other assets,ASSET,GHS,49739588.97
2025-09-05,GL-2100,GL-2100,Customer deposits,LIABILITY,GHS,479028178.07
2025-09-05,GL-2400,GL-2400,Borrowings,LIABILITY,GHS,14370845.34
2025-09-05,GL-3100,GL-3100,Stated / paid-up capital,EQUITY,GHS,22000000.00
2025-09-05,GL-3200,GL-3200,Statutory reserve fund,EQUITY,GHS,27833114.32
2025-09-05,GL-3300,GL-3300,Retained earnings,EQUITY,GHS,29638633.38
2025-09-12,GL-1010,GL-1010,Cash on hand (vault),ASSET,GHS,19416457.73
2025-09-12,GL-1020,GL-1020,Balances with Bank of Ghana,ASSET,GHS,42995533.27
2025-09-12,GL-1200,GL-1200,Investments — GoG securities,ASSET,GHS,92307664.31
2025-09-12,GL-1300,GL-1300,Loans & advances (gross),ASSET,GHS,413608201.52
2025-09-12,GL-1390,GL-1390,Less: impairment allowance,ASSET,GHS,-45257090.85
2025-09-12,GL-1900,GL-1900,Other assets,ASSET,GHS,50076700.73
2025-09-12,GL-2100,GL-2100,Customer deposits,LIABILITY,GHS,479209742.12
2025-09-12,GL-2400,GL-2400,Borrowings,LIABILITY,GHS,14376292.26
2025-09-12,GL-3100,GL-3100,Stated / paid-up capital,EQUITY,GHS,22000000.00
2025-09-12,GL-3200,GL-3200,Statutory reserve fund,EQUITY,GHS,27874507.23
2025-09-12,GL-3300,GL-3300,Retained earnings,EQUITY,GHS,29686925.10
2025-09-19,GL-1010,GL-1010,Cash on hand (vault),ASSET,GHS,19176308.40
2025-09-19,GL-1020,GL-1020,Balances with Bank of Ghana,ASSET,GHS,42455988.55
2025-09-19,GL-1200,GL-1200,Investments — GoG securities,ASSET,GHS,91166864.05
2025-09-19,GL-1300,GL-1300,Loans & advances (gross),ASSET,GHS,413043121.11
2025-09-19,GL-1390,GL-1390,Less: impairment allowance,ASSET,GHS,-45547116.87
2025-09-19,GL-1900,GL-1900,Other assets,ASSET,GHS,52377184.22
2025-09-19,GL-2100,GL-2100,Customer deposits,LIABILITY,GHS,478661390.78
2025-09-19,GL-2400,GL-2400,Borrowings,LIABILITY,GHS,14359841.72
2025-09-19,GL-3100,GL-3100,Stated / paid-up capital,EQUITY,GHS,22000000.00
2025-09-19,GL-3200,GL-3200,Statutory reserve fund,EQUITY,GHS,27915900.13
2025-09-19,GL-3300,GL-3300,Retained earnings,EQUITY,GHS,29735216.82
2025-09-26,GL-1010,GL-1010,Cash on hand (vault),ASSET,GHS,18983848.54
2025-09-26,GL-1020,GL-1020,Balances with Bank of Ghana,ASSET,GHS,43316148.01
2025-09-26,GL-1200,GL-1200,Investments — GoG securities,ASSET,GHS,92984822.04
2025-09-26,GL-1300,GL-1300,Loans & advances (gross),ASSET,GHS,417887380.37
2025-09-26,GL-1390,GL-1390,Less: impairment allowance,ASSET,GHS,-45015301.00
2025-09-26,GL-1900,GL-1900,Other assets,ASSET,GHS,45267535.55
2025-09-26,GL-2100,GL-2100,Customer deposits,LIABILITY,GHS,479304497.02
2025-09-26,GL-2400,GL-2400,Borrowings,LIABILITY,GHS,14379134.91
2025-09-26,GL-3100,GL-3100,Stated / paid-up capital,EQUITY,GHS,22000000.00
2025-09-26,GL-3200,GL-3200,Statutory reserve fund,EQUITY,GHS,27957293.04
2025-09-26,GL-3300,GL-3300,Retained earnings,EQUITY,GHS,29783508.54
2025-09-30,GL-1010,GL-1010,Cash on hand (vault),ASSET,GHS,19127331.72
2025-09-30,GL-1020,GL-1020,Balances with Bank of Ghana,ASSET,GHS,43639909.03
2025-09-30,GL-1200,GL-1200,Investments — GoG securities,ASSET,GHS,93670678.37
2025-09-30,GL-1300,GL-1300,Loans & advances (gross),ASSET,GHS,417273784.01
2025-09-30,GL-1390,GL-1390,Less: impairment allowance,ASSET,GHS,-45094559.06
2025-09-30,GL-1900,GL-1900,Other assets,ASSET,GHS,45615554.60
2025-09-30,GL-2100,GL-2100,Customer deposits,LIABILITY,GHS,480039464.80
2025-09-30,GL-2400,GL-2400,Borrowings,LIABILITY,GHS,14401183.94
2025-09-30,GL-3100,GL-3100,Stated / paid-up capital,EQUITY,GHS,22000000.00
2025-09-30,GL-3200,GL-3200,Statutory reserve fund,EQUITY,GHS,27980946.12
2025-09-30,GL-3300,GL-3300,Retained earnings,EQUITY,GHS,29811103.81
2025-10-03,GL-1010,GL-1010,Cash on hand (vault),ASSET,GHS,18994240.39
2025-10-03,GL-1020,GL-1020,Balances with Bank of Ghana,ASSET,GHS,42057800.26
2025-10-03,GL-1200,GL-1200,Investments — GoG securities,ASSET,GHS,90300723.10
2025-10-03,GL-1300,GL-1300,Loans & advances (gross),ASSET,GHS,417570545.39
2025-10-03,GL-1390,GL-1390,Less: impairment allowance,ASSET,GHS,-45292827.03
2025-10-03,GL-1900,GL-1900,Other assets,ASSET,GHS,41037785.63
2025-10-03,GL-2100,GL-2100,Customer deposits,LIABILITY,GHS,470716292.76
2025-10-03,GL-2400,GL-2400,Borrowings,LIABILITY,GHS,14121488.78
2025-10-03,GL-3100,GL-3100,Stated / paid-up capital,EQUITY,GHS,22000000.00
2025-10-03,GL-3200,GL-3200,Statutory reserve fund,EQUITY,GHS,27998685.94
2025-10-03,GL-3300,GL-3300,Retained earnings,EQUITY,GHS,29831800.26
2025-10-10,GL-1010,GL-1010,Cash on hand (vault),ASSET,GHS,18842777.93
2025-10-10,GL-1020,GL-1020,Balances with Bank of Ghana,ASSET,GHS,41714736.46
2025-10-10,GL-1200,GL-1200,Investments — GoG securities,ASSET,GHS,89581537.69
2025-10-10,GL-1300,GL-1300,Loans & advances (gross),ASSET,GHS,419187178.06
2025-10-10,GL-1390,GL-1390,Less: impairment allowance,ASSET,GHS,-45778625.03
2025-10-10,GL-1900,GL-1900,Other assets,ASSET,GHS,42832974.85
2025-10-10,GL-2100,GL-2100,Customer deposits,LIABILITY,GHS,472291659.35
2025-10-10,GL-2400,GL-2400,Borrowings,LIABILITY,GHS,14168749.78
2025-10-10,GL-3100,GL-3100,Stated / paid-up capital,EQUITY,GHS,22000000.00
2025-10-10,GL-3200,GL-3200,Statutory reserve fund,EQUITY,GHS,28040078.84
2025-10-10,GL-3300,GL-3300,Retained earnings,EQUITY,GHS,29880091.98
2025-10-17,GL-1010,GL-1010,Cash on hand (vault),ASSET,GHS,18680979.73
2025-10-17,GL-1020,GL-1020,Balances with Bank of Ghana,ASSET,GHS,42627574.57
2025-10-17,GL-1200,GL-1200,Investments — GoG securities,ASSET,GHS,91512975.81
2025-10-17,GL-1300,GL-1300,Loans & advances (gross),ASSET,GHS,418829902.56
2025-10-17,GL-1390,GL-1390,Less: impairment allowance,ASSET,GHS,-44705694.73
2025-10-17,GL-1900,GL-1900,Other assets,ASSET,GHS,40914700.54
2025-10-17,GL-2100,GL-2100,Customer deposits,LIABILITY,GHS,473641342.75
2025-10-17,GL-2400,GL-2400,Borrowings,LIABILITY,GHS,14209240.28
2025-10-17,GL-3100,GL-3100,Stated / paid-up capital,EQUITY,GHS,22000000.00
2025-10-17,GL-3200,GL-3200,Statutory reserve fund,EQUITY,GHS,28081471.75
2025-10-17,GL-3300,GL-3300,Retained earnings,EQUITY,GHS,29928383.71
2025-10-24,GL-1010,GL-1010,Cash on hand (vault),ASSET,GHS,19012695.73
2025-10-24,GL-1020,GL-1020,Balances with Bank of Ghana,ASSET,GHS,42095858.29
2025-10-24,GL-1200,GL-1200,Investments — GoG securities,ASSET,GHS,90388784.44
2025-10-24,GL-1300,GL-1300,Loans & advances (gross),ASSET,GHS,418247714.06
2025-10-24,GL-1390,GL-1390,Less: impairment allowance,ASSET,GHS,-45983828.21
2025-10-24,GL-1900,GL-1900,Other assets,ASSET,GHS,43650450.54
2025-10-24,GL-2100,GL-2100,Customer deposits,LIABILITY,GHS,473118577.43
2025-10-24,GL-2400,GL-2400,Borrowings,LIABILITY,GHS,14193557.32
2025-10-24,GL-3100,GL-3100,Stated / paid-up capital,EQUITY,GHS,22000000.00
2025-10-24,GL-3200,GL-3200,Statutory reserve fund,EQUITY,GHS,28122864.65
2025-10-24,GL-3300,GL-3300,Retained earnings,EQUITY,GHS,29976675.43
2025-10-31,GL-1010,GL-1010,Cash on hand (vault),ASSET,GHS,18812618.09
2025-10-31,GL-1020,GL-1020,Balances with Bank of Ghana,ASSET,GHS,41645126.80
2025-10-31,GL-1200,GL-1200,Investments — GoG securities,ASSET,GHS,89438479.63
2025-10-31,GL-1300,GL-1300,Loans & advances (gross),ASSET,GHS,419853409.65
2025-10-31,GL-1390,GL-1390,Less: impairment allowance,ASSET,GHS,-45886239.93
2025-10-31,GL-1900,GL-1900,Other assets,ASSET,GHS,44035393.52
2025-10-31,GL-2100,GL-2100,Customer deposits,LIABILITY,GHS,473504430.15
2025-10-31,GL-2400,GL-2400,Borrowings,LIABILITY,GHS,14205132.90
2025-10-31,GL-3100,GL-3100,Stated / paid-up capital,EQUITY,GHS,22000000.00
2025-10-31,GL-3200,GL-3200,Statutory reserve fund,EQUITY,GHS,28164257.56
2025-10-31,GL-3300,GL-3300,Retained earnings,EQUITY,GHS,30024967.15
2025-11-07,GL-1010,GL-1010,Cash on hand (vault),ASSET,GHS,18612810.97
2025-11-07,GL-1020,GL-1020,Balances with Bank of Ghana,ASSET,GHS,42474527.68
2025-11-07,GL-1200,GL-1200,Investments — GoG securities,ASSET,GHS,91190727.33
2025-11-07,GL-1300,GL-1300,Loans & advances (gross),ASSET,GHS,420341129.49
2025-11-07,GL-1390,GL-1390,Less: impairment allowance,ASSET,GHS,-45215131.53
2025-11-07,GL-1900,GL-1900,Other assets,ASSET,GHS,40998145.63
2025-11-07,GL-2100,GL-2100,Customer deposits,LIABILITY,GHS,473906116.73
2025-11-07,GL-2400,GL-2400,Borrowings,LIABILITY,GHS,14217183.50
2025-11-07,GL-3100,GL-3100,Stated / paid-up capital,EQUITY,GHS,22000000.00
2025-11-07,GL-3200,GL-3200,Statutory reserve fund,EQUITY,GHS,28205650.46
2025-11-07,GL-3300,GL-3300,Retained earnings,EQUITY,GHS,30073258.87
2025-11-14,GL-1010,GL-1010,Cash on hand (vault),ASSET,GHS,18977882.91
2025-11-14,GL-1020,GL-1020,Balances with Bank of Ghana,ASSET,GHS,42015954.90
2025-11-14,GL-1200,GL-1200,Investments — GoG securities,ASSET,GHS,90223604.54
2025-11-14,GL-1300,GL-1300,Loans & advances (gross),ASSET,GHS,420370696.45
2025-11-14,GL-1390,GL-1390,Less: impairment allowance,ASSET,GHS,-46695024.09
2025-11-14,GL-1900,GL-1900,Other assets,ASSET,GHS,43911510.36
2025-11-14,GL-2100,GL-2100,Customer deposits,LIABILITY,GHS,474209738.95
2025-11-14,GL-2400,GL-2400,Borrowings,LIABILITY,GHS,14226292.17
2025-11-14,GL-3100,GL-3100,Stated / paid-up capital,EQUITY,GHS,22000000.00
2025-11-14,GL-3200,GL-3200,Statutory reserve fund,EQUITY,GHS,28247043.36
2025-11-14,GL-3300,GL-3300,Retained earnings,EQUITY,GHS,30121550.59
2025-11-21,GL-1010,GL-1010,Cash on hand (vault),ASSET,GHS,19428277.66
2025-11-21,GL-1020,GL-1020,Balances with Bank of Ghana,ASSET,GHS,41682333.88
2025-11-21,GL-1200,GL-1200,Investments — GoG securities,ASSET,GHS,89524874.62
2025-11-21,GL-1300,GL-1300,Loans & advances (gross),ASSET,GHS,422324956.58
2025-11-21,GL-1390,GL-1390,Less: impairment allowance,ASSET,GHS,-45998553.07
2025-11-21,GL-1900,GL-1900,Other assets,ASSET,GHS,43722023.77
2025-11-21,GL-2100,GL-2100,Customer deposits,LIABILITY,GHS,475947218.30
2025-11-21,GL-2400,GL-2400,Borrowings,LIABILITY,GHS,14278416.55
2025-11-21,GL-3100,GL-3100,Stated / paid-up capital,EQUITY,GHS,22000000.00
2025-11-21,GL-3200,GL-3200,Statutory reserve fund,EQUITY,GHS,28288436.27
2025-11-21,GL-3300,GL-3300,Retained earnings,EQUITY,GHS,30169842.31
2025-11-28,GL-1010,GL-1010,Cash on hand (vault),ASSET,GHS,19246948.39
2025-11-28,GL-1020,GL-1020,Balances with Bank of Ghana,ASSET,GHS,42558026.79
2025-11-28,GL-1200,GL-1200,Investments — GoG securities,ASSET,GHS,91376374.08
2025-11-28,GL-1300,GL-1300,Loans & advances (gross),ASSET,GHS,421869392.93
2025-11-28,GL-1390,GL-1390,Less: impairment allowance,ASSET,GHS,-45833164.17
2025-11-28,GL-1900,GL-1900,Other assets,ASSET,GHS,42458471.39
2025-11-28,GL-2100,GL-2100,Customer deposits,LIABILITY,GHS,476823384.67
2025-11-28,GL-2400,GL-2400,Borrowings,LIABILITY,GHS,14304701.54
2025-11-28,GL-3100,GL-3100,Stated / paid-up capital,EQUITY,GHS,22000000.00
2025-11-28,GL-3200,GL-3200,Statutory reserve fund,EQUITY,GHS,28329829.17
2025-11-28,GL-3300,GL-3300,Retained earnings,EQUITY,GHS,30218134.03
2025-11-30,GL-1010,GL-1010,Cash on hand (vault),ASSET,GHS,19608025.85
2025-11-30,GL-1020,GL-1020,Balances with Bank of Ghana,ASSET,GHS,43429366.51
2025-11-30,GL-1200,GL-1200,Investments — GoG securities,ASSET,GHS,90371033.15
2025-11-30,GL-1300,GL-1300,Loans & advances (gross),ASSET,GHS,425395835.48
2025-11-30,GL-1390,GL-1390,Less: impairment allowance,ASSET,GHS,-46251239.14
2025-11-30,GL-1900,GL-1900,Other assets,ASSET,GHS,39604432.38
2025-11-30,GL-2100,GL-2100,Customer deposits,LIABILITY,GHS,477265890.14
2025-11-30,GL-2400,GL-2400,Borrowings,LIABILITY,GHS,14317976.70
2025-11-30,GL-3100,GL-3100,Stated / paid-up capital,EQUITY,GHS,22000000.00
2025-11-30,GL-3200,GL-3200,Statutory reserve fund,EQUITY,GHS,28341655.72
2025-11-30,GL-3300,GL-3300,Retained earnings,EQUITY,GHS,30231931.67
2025-12-05,GL-1010,GL-1010,Cash on hand (vault),ASSET,GHS,19700892.97
2025-12-05,GL-1020,GL-1020,Balances with Bank of Ghana,ASSET,GHS,42281716.49
2025-12-05,GL-1200,GL-1200,Investments — GoG securities,ASSET,GHS,90800776.30
2025-12-05,GL-1300,GL-1300,Loans & advances (gross),ASSET,GHS,425554074.45
2025-12-05,GL-1390,GL-1390,Less: impairment allowance,ASSET,GHS,-47497866.45
2025-12-05,GL-1900,GL-1900,Other assets,ASSET,GHS,43402849.02
2025-12-05,GL-2100,GL-2100,Customer deposits,LIABILITY,GHS,479227956.26
2025-12-05,GL-2400,GL-2400,Borrowings,LIABILITY,GHS,14376838.69
2025-12-05,GL-3100,GL-3100,Stated / paid-up capital,EQUITY,GHS,22000000.00
2025-12-05,GL-3200,GL-3200,Statutory reserve fund,EQUITY,GHS,28371222.08
2025-12-05,GL-3300,GL-3300,Retained earnings,EQUITY,GHS,30266425.76
2025-12-12,GL-1010,GL-1010,Cash on hand (vault),ASSET,GHS,19478290.33
2025-12-12,GL-1020,GL-1020,Balances with Bank of Ghana,ASSET,GHS,44368568.62
2025-12-12,GL-1200,GL-1200,Investments — GoG securities,ASSET,GHS,89744043.14
2025-12-12,GL-1300,GL-1300,Loans & advances (gross),ASSET,GHS,425886421.16
2025-12-12,GL-1390,GL-1390,Less: impairment allowance,ASSET,GHS,-46590743.13
2025-12-12,GL-1900,GL-1900,Other assets,ASSET,GHS,41333734.62
2025-12-12,GL-2100,GL-2100,Customer deposits,LIABILITY,GHS,479119400.28
2025-12-12,GL-2400,GL-2400,Borrowings,LIABILITY,GHS,14373582.01
2025-12-12,GL-3100,GL-3100,Stated / paid-up capital,EQUITY,GHS,22000000.00
2025-12-12,GL-3200,GL-3200,Statutory reserve fund,EQUITY,GHS,28412614.98
2025-12-12,GL-3300,GL-3300,Retained earnings,EQUITY,GHS,30314717.48
2025-12-19,GL-1010,GL-1010,Cash on hand (vault),ASSET,GHS,19230458.72
2025-12-19,GL-1020,GL-1020,Balances with Bank of Ghana,ASSET,GHS,43869859.80
2025-12-19,GL-1200,GL-1200,Investments — GoG securities,ASSET,GHS,91297895.82
2025-12-19,GL-1300,GL-1300,Loans & advances (gross),ASSET,GHS,424675512.81
2025-12-19,GL-1390,GL-1390,Less: impairment allowance,ASSET,GHS,-46481259.01
2025-12-19,GL-1900,GL-1900,Other assets,ASSET,GHS,40956756.86
2025-12-19,GL-2100,GL-2100,Customer deposits,LIABILITY,GHS,478380784.39
2025-12-19,GL-2400,GL-2400,Borrowings,LIABILITY,GHS,14351423.53
2025-12-19,GL-3100,GL-3100,Stated / paid-up capital,EQUITY,GHS,22000000.00
2025-12-19,GL-3200,GL-3200,Statutory reserve fund,EQUITY,GHS,28454007.88
2025-12-19,GL-3300,GL-3300,Retained earnings,EQUITY,GHS,30363009.20
2025-12-26,GL-1010,GL-1010,Cash on hand (vault),ASSET,GHS,19618651.37
2025-12-26,GL-1020,GL-1020,Balances with Bank of Ghana,ASSET,GHS,43450539.50
2025-12-26,GL-1200,GL-1200,Investments — GoG securities,ASSET,GHS,90410517.71
2025-12-26,GL-1300,GL-1300,Loans & advances (gross),ASSET,GHS,426623430.15
2025-12-26,GL-1390,GL-1390,Less: impairment allowance,ASSET,GHS,-47351653.78
2025-12-26,GL-1900,GL-1900,Other assets,ASSET,GHS,41690905.84
2025-12-26,GL-2100,GL-2100,Customer deposits,LIABILITY,GHS,479160863.19
2025-12-26,GL-2400,GL-2400,Borrowings,LIABILITY,GHS,14374825.90
2025-12-26,GL-3100,GL-3100,Stated / paid-up capital,EQUITY,GHS,22000000.00
2025-12-26,GL-3200,GL-3200,Statutory reserve fund,EQUITY,GHS,28495400.79
2025-12-26,GL-3300,GL-3300,Retained earnings,EQUITY,GHS,30411300.92
2025-12-31,GL-1010,GL-1010,Cash on hand (vault),ASSET,GHS,19090135.47
2025-12-31,GL-1020,GL-1020,Balances with Bank of Ghana,ASSET,GHS,42200183.64
2025-12-31,GL-1200,GL-1200,Investments — GoG securities,ASSET,GHS,90631199.95
2025-12-31,GL-1300,GL-1300,Loans & advances (gross),ASSET,GHS,427198045.30
2025-12-31,GL-1390,GL-1390,Less: impairment allowance,ASSET,GHS,-47306940.40
2025-12-31,GL-1900,GL-1900,Other assets,ASSET,GHS,43580139.08
2025-12-31,GL-2100,GL-2100,Customer deposits,LIABILITY,GHS,480021360.08
2025-12-31,GL-2400,GL-2400,Borrowings,LIABILITY,GHS,14400640.80
2025-12-31,GL-3100,GL-3100,Stated / paid-up capital,EQUITY,GHS,22000000.00
2025-12-31,GL-3200,GL-3200,Statutory reserve fund,EQUITY,GHS,28524967.15
2025-12-31,GL-3300,GL-3300,Retained earnings,EQUITY,GHS,30445795.01
2026-01-02,GL-1010,GL-1010,Cash on hand (vault),ASSET,GHS,19363777.48
2026-01-02,GL-1020,GL-1020,Balances with Bank of Ghana,ASSET,GHS,42878381.75
2026-01-02,GL-1200,GL-1200,Investments — GoG securities,ASSET,GHS,89205124.19
2026-01-02,GL-1300,GL-1300,Loans & advances (gross),ASSET,GHS,427095617.08
2026-01-02,GL-1390,GL-1390,Less: impairment allowance,ASSET,GHS,-46689080.98
2026-01-02,GL-1900,GL-1900,Other assets,ASSET,GHS,41744248.78
2026-01-02,GL-2100,GL-2100,Customer deposits,LIABILITY,GHS,478254060.17
2026-01-02,GL-2400,GL-2400,Borrowings,LIABILITY,GHS,14347621.81
2026-01-02,GL-3100,GL-3100,Stated / paid-up capital,EQUITY,GHS,22000000.00
2026-01-02,GL-3200,GL-3200,Statutory reserve fund,EQUITY,GHS,28536793.69
2026-01-02,GL-3300,GL-3300,Retained earnings,EQUITY,GHS,30459592.64
2026-01-09,GL-1010,GL-1010,Cash on hand (vault),ASSET,GHS,19193568.66
2026-01-09,GL-1020,GL-1020,Balances with Bank of Ghana,ASSET,GHS,43788190.49
2026-01-09,GL-1200,GL-1200,Investments — GoG securities,ASSET,GHS,91122564.31
2026-01-09,GL-1300,GL-1300,Loans & advances (gross),ASSET,GHS,427282720.06
2026-01-09,GL-1390,GL-1390,Less: impairment allowance,ASSET,GHS,-47702312.98
2026-01-09,GL-1900,GL-1900,Other assets,ASSET,GHS,41226089.11
2026-01-09,GL-2100,GL-2100,Customer deposits,LIABILITY,GHS,479441503.58
2026-01-09,GL-2400,GL-2400,Borrowings,LIABILITY,GHS,14383245.11
2026-01-09,GL-3100,GL-3100,Stated / paid-up capital,EQUITY,GHS,22000000.00
2026-01-09,GL-3200,GL-3200,Statutory reserve fund,EQUITY,GHS,28578186.60
2026-01-09,GL-3300,GL-3300,Retained earnings,EQUITY,GHS,30507884.36
2026-01-16,GL-1010,GL-1010,Cash on hand (vault),ASSET,GHS,19578682.84
2026-01-16,GL-1020,GL-1020,Balances with Bank of Ghana,ASSET,GHS,43359212.01
2026-01-16,GL-1200,GL-1200,Investments — GoG securities,ASSET,GHS,90215048.97
2026-01-16,GL-1300,GL-1300,Loans & advances (gross),ASSET,GHS,429399943.54
2026-01-16,GL-1390,GL-1390,Less: impairment allowance,ASSET,GHS,-47511270.02
2026-01-16,GL-1900,GL-1900,Other assets,ASSET,GHS,40667925.62
2026-01-16,GL-2100,GL-2100,Customer deposits,LIABILITY,GHS,480129890.66
2026-01-16,GL-2400,GL-2400,Borrowings,LIABILITY,GHS,14403896.72
2026-01-16,GL-3100,GL-3100,Stated / paid-up capital,EQUITY,GHS,22000000.00
2026-01-16,GL-3200,GL-3200,Statutory reserve fund,EQUITY,GHS,28619579.50
2026-01-16,GL-3300,GL-3300,Retained earnings,EQUITY,GHS,30556176.08
2026-01-23,GL-1010,GL-1010,Cash on hand (vault),ASSET,GHS,19381207.28
2026-01-23,GL-1020,GL-1020,Balances with Bank of Ghana,ASSET,GHS,42914136.02
2026-01-23,GL-1200,GL-1200,Investments — GoG securities,ASSET,GHS,89274002.64
2026-01-23,GL-1300,GL-1300,Loans & advances (gross),ASSET,GHS,429062847.75
2026-01-23,GL-1390,GL-1390,Less: impairment allowance,ASSET,GHS,-47190364.78
2026-01-23,GL-1900,GL-1900,Other assets,ASSET,GHS,42897001.31
2026-01-23,GL-2100,GL-2100,Customer deposits,LIABILITY,GHS,480653776.70
2026-01-23,GL-2400,GL-2400,Borrowings,LIABILITY,GHS,14419613.30
2026-01-23,GL-3100,GL-3100,Stated / paid-up capital,EQUITY,GHS,22000000.00
2026-01-23,GL-3200,GL-3200,Statutory reserve fund,EQUITY,GHS,28660972.40
2026-01-23,GL-3300,GL-3300,Retained earnings,EQUITY,GHS,30604467.81
2026-01-30,GL-1010,GL-1010,Cash on hand (vault),ASSET,GHS,19152094.75
2026-01-30,GL-1020,GL-1020,Balances with Bank of Ghana,ASSET,GHS,43696074.09
2026-01-30,GL-1200,GL-1200,Investments — GoG securities,ASSET,GHS,93790394.56
2026-01-30,GL-1300,GL-1300,Loans & advances (gross),ASSET,GHS,430806565.93
2026-01-30,GL-1390,GL-1390,Less: impairment allowance,ASSET,GHS,-47702689.36
2026-01-30,GL-1900,GL-1900,Other assets,ASSET,GHS,36420638.99
2026-01-30,GL-2100,GL-2100,Customer deposits,LIABILITY,GHS,480396071.97
2026-01-30,GL-2400,GL-2400,Borrowings,LIABILITY,GHS,14411882.16
2026-01-30,GL-3100,GL-3100,Stated / paid-up capital,EQUITY,GHS,22000000.00
2026-01-30,GL-3200,GL-3200,Statutory reserve fund,EQUITY,GHS,28702365.31
2026-01-30,GL-3300,GL-3300,Retained earnings,EQUITY,GHS,30652759.53
2026-01-31,GL-1010,GL-1010,Cash on hand (vault),ASSET,GHS,19050574.37
2026-01-31,GL-1020,GL-1020,Balances with Bank of Ghana,ASSET,GHS,43407671.63
2026-01-31,GL-1200,GL-1200,Investments — GoG securities,ASSET,GHS,93181597.60
2026-01-31,GL-1300,GL-1300,Loans & advances (gross),ASSET,GHS,431101474.13
2026-01-31,GL-1390,GL-1390,Less: impairment allowance,ASSET,GHS,-47543021.30
2026-01-31,GL-1900,GL-1900,Other assets,ASSET,GHS,36994491.24
2026-01-31,GL-2100,GL-2100,Customer deposits,LIABILITY,GHS,480412476.46
2026-01-31,GL-2400,GL-2400,Borrowings,LIABILITY,GHS,14412374.29
2026-01-31,GL-3100,GL-3100,Stated / paid-up capital,EQUITY,GHS,22000000.00
2026-01-31,GL-3200,GL-3200,Statutory reserve fund,EQUITY,GHS,28708278.58
2026-01-31,GL-3300,GL-3300,Retained earnings,EQUITY,GHS,30659658.34
2026-02-06,GL-1010,GL-1010,Cash on hand (vault),ASSET,GHS,19565448.22
2026-02-06,GL-1020,GL-1020,Balances with Bank of Ghana,ASSET,GHS,43327074.48
2026-02-06,GL-1200,GL-1200,Investments — GoG securities,ASSET,GHS,93015793.00
2026-02-06,GL-1300,GL-1300,Loans & advances (gross),ASSET,GHS,432075354.95
2026-02-06,GL-1390,GL-1390,Less: impairment allowance,ASSET,GHS,-47647667.88
2026-02-06,GL-1900,GL-1900,Other assets,ASSET,GHS,37326869.96
2026-02-06,GL-2100,GL-2100,Customer deposits,LIABILITY,GHS,481765109.97
2026-02-06,GL-2400,GL-2400,Borrowings,LIABILITY,GHS,14452953.30
2026-02-06,GL-3100,GL-3100,Stated / paid-up capital,EQUITY,GHS,22000000.00
2026-02-06,GL-3200,GL-3200,Statutory reserve fund,EQUITY,GHS,28743758.21
2026-02-06,GL-3300,GL-3300,Retained earnings,EQUITY,GHS,30701051.25
2026-02-13,GL-1010,GL-1010,Cash on hand (vault),ASSET,GHS,19385708.76
2026-02-13,GL-1020,GL-1020,Balances with Bank of Ghana,ASSET,GHS,42921237.53
2026-02-13,GL-1200,GL-1200,Investments — GoG securities,ASSET,GHS,92162194.17
2026-02-13,GL-1300,GL-1300,Loans & advances (gross),ASSET,GHS,431086321.60
2026-02-13,GL-1390,GL-1390,Less: impairment allowance,ASSET,GHS,-47812913.81
2026-02-13,GL-1900,GL-1900,Other assets,ASSET,GHS,41025859.41
2026-02-13,GL-2100,GL-2100,Customer deposits,LIABILITY,GHS,482751372.40
2026-02-13,GL-2400,GL-2400,Borrowings,LIABILITY,GHS,14482541.17
2026-02-13,GL-3100,GL-3100,Stated / paid-up capital,EQUITY,GHS,22000000.00
2026-02-13,GL-3200,GL-3200,Statutory reserve fund,EQUITY,GHS,28785151.12
2026-02-13,GL-3300,GL-3300,Retained earnings,EQUITY,GHS,30749342.97
2026-02-20,GL-1010,GL-1010,Cash on hand (vault),ASSET,GHS,19238015.14
2026-02-20,GL-1020,GL-1020,Balances with Bank of Ghana,ASSET,GHS,43894638.38
2026-02-20,GL-1200,GL-1200,Investments — GoG securities,ASSET,GHS,94222985.05
2026-02-20,GL-1300,GL-1300,Loans & advances (gross),ASSET,GHS,432746758.71
2026-02-20,GL-1390,GL-1390,Less: impairment allowance,ASSET,GHS,-47899508.61
2026-02-20,GL-1900,GL-1900,Other assets,ASSET,GHS,38525739.52
2026-02-20,GL-2100,GL-2100,Customer deposits,LIABILITY,GHS,484567426.67
2026-02-20,GL-2400,GL-2400,Borrowings,LIABILITY,GHS,14537022.80
2026-02-20,GL-3100,GL-3100,Stated / paid-up capital,EQUITY,GHS,22000000.00
2026-02-20,GL-3200,GL-3200,Statutory reserve fund,EQUITY,GHS,28826544.02
2026-02-20,GL-3300,GL-3300,Retained earnings,EQUITY,GHS,30797634.69
2026-02-27,GL-1010,GL-1010,Cash on hand (vault),ASSET,GHS,19626610.69
2026-02-27,GL-1020,GL-1020,Balances with Bank of Ghana,ASSET,GHS,43459656.82
2026-02-27,GL-1200,GL-1200,Investments — GoG securities,ASSET,GHS,93306893.33
2026-02-27,GL-1300,GL-1300,Loans & advances (gross),ASSET,GHS,433636870.44
2026-02-27,GL-1390,GL-1390,Less: impairment allowance,ASSET,GHS,-49740214.07
2026-02-27,GL-1900,GL-1900,Other assets,ASSET,GHS,41234795.18
2026-02-27,GL-2100,GL-2100,Customer deposits,LIABILITY,GHS,485253154.41
2026-02-27,GL-2400,GL-2400,Borrowings,LIABILITY,GHS,14557594.63
2026-02-27,GL-3100,GL-3100,Stated / paid-up capital,EQUITY,GHS,22000000.00
2026-02-27,GL-3200,GL-3200,Statutory reserve fund,EQUITY,GHS,28867936.93
2026-02-27,GL-3300,GL-3300,Retained earnings,EQUITY,GHS,30845926.41
2026-02-28,GL-1010,GL-1010,Cash on hand (vault),ASSET,GHS,18936340.76
2026-02-28,GL-1020,GL-1020,Balances with Bank of Ghana,ASSET,GHS,43216579.64
2026-02-28,GL-1200,GL-1200,Investments — GoG securities,ASSET,GHS,89900175.35
2026-02-28,GL-1300,GL-1300,Loans & advances (gross),ASSET,GHS,434243913.45
2026-02-28,GL-1390,GL-1390,Less: impairment allowance,ASSET,GHS,-50531591.13
2026-02-28,GL-1900,GL-1900,Other assets,ASSET,GHS,45646342.04
2026-02-28,GL-2100,GL-2100,Customer deposits,LIABILITY,GHS,485131150.17
2026-02-28,GL-2400,GL-2400,Borrowings,LIABILITY,GHS,14553934.51
2026-02-28,GL-3100,GL-3100,Stated / paid-up capital,EQUITY,GHS,22000000.00
2026-02-28,GL-3200,GL-3200,Statutory reserve fund,EQUITY,GHS,28873850.20
2026-02-28,GL-3300,GL-3300,Retained earnings,EQUITY,GHS,30852825.23
2026-03-06,GL-1010,GL-1010,Cash on hand (vault),ASSET,GHS,19793748.92
2026-03-06,GL-1020,GL-1020,Balances with Bank of Ghana,ASSET,GHS,43821715.03
2026-03-06,GL-1200,GL-1200,Investments — GoG securities,ASSET,GHS,94102409.59
2026-03-06,GL-1300,GL-1300,Loans & advances (gross),ASSET,GHS,434549637.72
2026-03-06,GL-1390,GL-1390,Less: impairment allowance,ASSET,GHS,-50865141.18
2026-03-06,GL-1900,GL-1900,Other assets,ASSET,GHS,50207041.30
2026-03-06,GL-2100,GL-2100,Customer deposits,LIABILITY,GHS,494957148.95
2026-03-06,GL-2400,GL-2400,Borrowings,LIABILITY,GHS,14848714.47
2026-03-06,GL-3100,GL-3100,Stated / paid-up capital,EQUITY,GHS,22000000.00
2026-03-06,GL-3200,GL-3200,Statutory reserve fund,EQUITY,GHS,28909329.83
2026-03-06,GL-3300,GL-3300,Retained earnings,EQUITY,GHS,30894218.13
2026-03-13,GL-1010,GL-1010,Cash on hand (vault),ASSET,GHS,19559503.22
2026-03-13,GL-1020,GL-1020,Balances with Bank of Ghana,ASSET,GHS,44630763.72
2026-03-13,GL-1200,GL-1200,Investments — GoG securities,ASSET,GHS,92989705.23
2026-03-13,GL-1300,GL-1300,Loans & advances (gross),ASSET,GHS,435093601.01
2026-03-13,GL-1390,GL-1390,Less: impairment allowance,ASSET,GHS,-50077559.65
2026-03-13,GL-1900,GL-1900,Other assets,ASSET,GHS,49271347.31
2026-03-13,GL-2100,GL-2100,Customer deposits,LIABILITY,GHS,494732163.37
2026-03-13,GL-2400,GL-2400,Borrowings,LIABILITY,GHS,14841964.90
2026-03-13,GL-3100,GL-3100,Stated / paid-up capital,EQUITY,GHS,22000000.00
2026-03-13,GL-3200,GL-3200,Statutory reserve fund,EQUITY,GHS,28950722.73
2026-03-13,GL-3300,GL-3300,Retained earnings,EQUITY,GHS,30942509.86
2026-03-20,GL-1010,GL-1010,Cash on hand (vault),ASSET,GHS,19320158.59
2026-03-20,GL-1020,GL-1020,Balances with Bank of Ghana,ASSET,GHS,44091784.88
2026-03-20,GL-1200,GL-1200,Investments — GoG securities,ASSET,GHS,94670675.71
2026-03-20,GL-1300,GL-1300,Loans & advances (gross),ASSET,GHS,434878393.85
2026-03-20,GL-1390,GL-1390,Less: impairment allowance,ASSET,GHS,-50405917.85
2026-03-20,GL-1900,GL-1900,Other assets,ASSET,GHS,48630427.72
2026-03-20,GL-2100,GL-2100,Customer deposits,LIABILITY,GHS,494371461.83
2026-03-20,GL-2400,GL-2400,Borrowings,LIABILITY,GHS,14831143.85
2026-03-20,GL-3100,GL-3100,Stated / paid-up capital,EQUITY,GHS,22000000.00
2026-03-20,GL-3200,GL-3200,Statutory reserve fund,EQUITY,GHS,28992115.64
2026-03-20,GL-3300,GL-3300,Retained earnings,EQUITY,GHS,30990801.58
2026-03-27,GL-1010,GL-1010,Cash on hand (vault),ASSET,GHS,19740374.95
2026-03-27,GL-1020,GL-1020,Balances with Bank of Ghana,ASSET,GHS,43700582.63
2026-03-27,GL-1200,GL-1200,Investments — GoG securities,ASSET,GHS,93849002.91
2026-03-27,GL-1300,GL-1300,Loans & advances (gross),ASSET,GHS,435289015.17
2026-03-27,GL-1390,GL-1390,Less: impairment allowance,ASSET,GHS,-51054960.26
2026-03-27,GL-1900,GL-1900,Other assets,ASSET,GHS,51097492.61
2026-03-27,GL-2100,GL-2100,Customer deposits,LIABILITY,GHS,495678549.68
2026-03-27,GL-2400,GL-2400,Borrowings,LIABILITY,GHS,14870356.49
2026-03-27,GL-3100,GL-3100,Stated / paid-up capital,EQUITY,GHS,22000000.00
2026-03-27,GL-3200,GL-3200,Statutory reserve fund,EQUITY,GHS,29033508.54
2026-03-27,GL-3300,GL-3300,Retained earnings,EQUITY,GHS,31039093.30
2026-03-31,GL-1010,GL-1010,Cash on hand (vault),ASSET,GHS,19312241.64
2026-03-31,GL-1020,GL-1020,Balances with Bank of Ghana,ASSET,GHS,44014318.65
2026-03-31,GL-1200,GL-1200,Investments — GoG securities,ASSET,GHS,94513073.25
2026-03-31,GL-1300,GL-1300,Loans & advances (gross),ASSET,GHS,435353614.57
2026-03-31,GL-1390,GL-1390,Less: impairment allowance,ASSET,GHS,-51421357.18
2026-03-31,GL-1900,GL-1900,Other assets,ASSET,GHS,51458398.52
2026-03-31,GL-2100,GL-2100,Customer deposits,LIABILITY,GHS,496219843.94
2026-03-31,GL-2400,GL-2400,Borrowings,LIABILITY,GHS,14886595.32
2026-03-31,GL-3100,GL-3100,Stated / paid-up capital,EQUITY,GHS,22000000.00
2026-03-31,GL-3200,GL-3200,Statutory reserve fund,EQUITY,GHS,29057161.63
2026-03-31,GL-3300,GL-3300,Retained earnings,EQUITY,GHS,31066688.57
2026-04-03,GL-1010,GL-1010,Cash on hand (vault),ASSET,GHS,19187740.42
2026-04-03,GL-1020,GL-1020,Balances with Bank of Ghana,ASSET,GHS,43785047.90
2026-04-03,GL-1200,GL-1200,Investments — GoG securities,ASSET,GHS,91222611.33
2026-04-03,GL-1300,GL-1300,Loans & advances (gross),ASSET,GHS,436840200.18
2026-04-03,GL-1390,GL-1390,Less: impairment allowance,ASSET,GHS,-50098208.34
2026-04-03,GL-1900,GL-1900,Other assets,ASSET,GHS,43219905.19
2026-04-03,GL-2100,GL-2100,Customer deposits,LIABILITY,GHS,487373796.33
2026-04-03,GL-2400,GL-2400,Borrowings,LIABILITY,GHS,14621213.89
2026-04-03,GL-3100,GL-3100,Stated / paid-up capital,EQUITY,GHS,22000000.00
2026-04-03,GL-3200,GL-3200,Statutory reserve fund,EQUITY,GHS,29074901.45
2026-04-03,GL-3300,GL-3300,Retained earnings,EQUITY,GHS,31087385.02
2026-04-10,GL-1010,GL-1010,Cash on hand (vault),ASSET,GHS,18980710.12
2026-04-10,GL-1020,GL-1020,Balances with Bank of Ghana,ASSET,GHS,43319709.99
2026-04-10,GL-1200,GL-1200,Investments — GoG securities,ASSET,GHS,93019489.21
2026-04-10,GL-1300,GL-1300,Loans & advances (gross),ASSET,GHS,435502661.98
2026-04-10,GL-1390,GL-1390,Less: impairment allowance,ASSET,GHS,-50831668.21
2026-04-10,GL-1900,GL-1900,Other assets,ASSET,GHS,44649605.16
2026-04-10,GL-2100,GL-2100,Customer deposits,LIABILITY,GHS,487755861.32
2026-04-10,GL-2400,GL-2400,Borrowings,LIABILITY,GHS,14632675.84
2026-04-10,GL-3100,GL-3100,Stated / paid-up capital,EQUITY,GHS,22000000.00
2026-04-10,GL-3200,GL-3200,Statutory reserve fund,EQUITY,GHS,29116294.35
2026-04-10,GL-3300,GL-3300,Retained earnings,EQUITY,GHS,31135676.74
2026-04-17,GL-1010,GL-1010,Cash on hand (vault),ASSET,GHS,19356341.15
2026-04-17,GL-1020,GL-1020,Balances with Bank of Ghana,ASSET,GHS,42847487.94
2026-04-17,GL-1200,GL-1200,Investments — GoG securities,ASSET,GHS,92023580.01
2026-04-17,GL-1300,GL-1300,Loans & advances (gross),ASSET,GHS,437091018.88
2026-04-17,GL-1390,GL-1390,Less: impairment allowance,ASSET,GHS,-50999965.61
2026-04-17,GL-1900,GL-1900,Other assets,ASSET,GHS,44733672.98
2026-04-17,GL-2100,GL-2100,Customer deposits,LIABILITY,GHS,488068426.82
2026-04-17,GL-2400,GL-2400,Borrowings,LIABILITY,GHS,14642052.80
2026-04-17,GL-3100,GL-3100,Stated / paid-up capital,EQUITY,GHS,22000000.00
2026-04-17,GL-3200,GL-3200,Statutory reserve fund,EQUITY,GHS,29157687.25
2026-04-17,GL-3300,GL-3300,Retained earnings,EQUITY,GHS,31183968.46
2026-04-24,GL-1010,GL-1010,Cash on hand (vault),ASSET,GHS,19126056.60
2026-04-24,GL-1020,GL-1020,Balances with Bank of Ghana,ASSET,GHS,44964102.65
2026-04-24,GL-1200,GL-1200,Investments — GoG securities,ASSET,GHS,90929694.25
2026-04-24,GL-1300,GL-1300,Loans & advances (gross),ASSET,GHS,437351610.17
2026-04-24,GL-1390,GL-1390,Less: impairment allowance,ASSET,GHS,-50684946.03
2026-04-24,GL-1900,GL-1900,Other assets,ASSET,GHS,43243274.80
2026-04-24,GL-2100,GL-2100,Customer deposits,LIABILITY,GHS,487862574.85
2026-04-24,GL-2400,GL-2400,Borrowings,LIABILITY,GHS,14635877.25
2026-04-24,GL-3100,GL-3100,Stated / paid-up capital,EQUITY,GHS,22000000.00
2026-04-24,GL-3200,GL-3200,Statutory reserve fund,EQUITY,GHS,29199080.16
2026-04-24,GL-3300,GL-3300,Retained earnings,EQUITY,GHS,31232260.18
2026-04-30,GL-1010,GL-1010,Cash on hand (vault),ASSET,GHS,19024151.78
2026-04-30,GL-1020,GL-1020,Balances with Bank of Ghana,ASSET,GHS,44733739.30
2026-04-30,GL-1200,GL-1200,Investments — GoG securities,ASSET,GHS,90445601.18
2026-04-30,GL-1300,GL-1300,Loans & advances (gross),ASSET,GHS,437545105.12
2026-04-30,GL-1390,GL-1390,Less: impairment allowance,ASSET,GHS,-51053336.87
2026-04-30,GL-1900,GL-1900,Other assets,ASSET,GHS,44030935.05
2026-04-30,GL-2100,GL-2100,Customer deposits,LIABILITY,GHS,487590274.44
2026-04-30,GL-2400,GL-2400,Borrowings,LIABILITY,GHS,14627708.23
2026-04-30,GL-3100,GL-3100,Stated / paid-up capital,EQUITY,GHS,22000000.00
2026-04-30,GL-3200,GL-3200,Statutory reserve fund,EQUITY,GHS,29234559.79
2026-04-30,GL-3300,GL-3300,Retained earnings,EQUITY,GHS,31273653.09
2026-05-01,GL-1010,GL-1010,Cash on hand (vault),ASSET,GHS,19493702.95
2026-05-01,GL-1020,GL-1020,Balances with Bank of Ghana,ASSET,GHS,43096807.91
2026-05-01,GL-1200,GL-1200,Investments — GoG securities,ASSET,GHS,92547434.25
2026-05-01,GL-1300,GL-1300,Loans & advances (gross),ASSET,GHS,438878894.26
2026-05-01,GL-1390,GL-1390,Less: impairment allowance,ASSET,GHS,-51671829.14
2026-05-01,GL-1900,GL-1900,Other assets,ASSET,GHS,42088730.75
2026-05-01,GL-2100,GL-2100,Customer deposits,LIABILITY,GHS,487293899.05
2026-05-01,GL-2400,GL-2400,Borrowings,LIABILITY,GHS,14618816.97
2026-05-01,GL-3100,GL-3100,Stated / paid-up capital,EQUITY,GHS,22000000.00
2026-05-01,GL-3200,GL-3200,Statutory reserve fund,EQUITY,GHS,29240473.06
2026-05-01,GL-3300,GL-3300,Retained earnings,EQUITY,GHS,31280551.91
2026-05-08,GL-1010,GL-1010,Cash on hand (vault),ASSET,GHS,19902403.21
2026-05-08,GL-1020,GL-1020,Balances with Bank of Ghana,ASSET,GHS,42695892.04
2026-05-08,GL-1200,GL-1200,Investments — GoG securities,ASSET,GHS,91704667.42
2026-05-08,GL-1300,GL-1300,Loans & advances (gross),ASSET,GHS,439397530.72
2026-05-08,GL-1390,GL-1390,Less: impairment allowance,ASSET,GHS,-51147119.77
2026-05-08,GL-1900,GL-1900,Other assets,ASSET,GHS,43127968.54
2026-05-08,GL-2100,GL-2100,Customer deposits,LIABILITY,GHS,488418089.86
2026-05-08,GL-2400,GL-2400,Borrowings,LIABILITY,GHS,14652542.70
2026-05-08,GL-3100,GL-3100,Stated / paid-up capital,EQUITY,GHS,22000000.00
2026-05-08,GL-3200,GL-3200,Statutory reserve fund,EQUITY,GHS,29281865.97
2026-05-08,GL-3300,GL-3300,Retained earnings,EQUITY,GHS,31328843.63
2026-05-15,GL-1010,GL-1010,Cash on hand (vault),ASSET,GHS,19730843.03
2026-05-15,GL-1020,GL-1020,Balances with Bank of Ghana,ASSET,GHS,44948767.02
2026-05-15,GL-1200,GL-1200,Investments — GoG securities,ASSET,GHS,90882445.08
2026-05-15,GL-1300,GL-1300,Loans & advances (gross),ASSET,GHS,438594128.65
2026-05-15,GL-1390,GL-1390,Less: impairment allowance,ASSET,GHS,-50729208.04
2026-05-15,GL-1900,GL-1900,Other assets,ASSET,GHS,43642968.25
2026-05-15,GL-2100,GL-2100,Customer deposits,LIABILITY,GHS,489679174.53
2026-05-15,GL-2400,GL-2400,Borrowings,LIABILITY,GHS,14690375.24
2026-05-15,GL-3100,GL-3100,Stated / paid-up capital,EQUITY,GHS,22000000.00
2026-05-15,GL-3200,GL-3200,Statutory reserve fund,EQUITY,GHS,29323258.87
2026-05-15,GL-3300,GL-3300,Retained earnings,EQUITY,GHS,31377135.35
2026-05-22,GL-1010,GL-1010,Cash on hand (vault),ASSET,GHS,19555283.93
2026-05-22,GL-1020,GL-1020,Balances with Bank of Ghana,ASSET,GHS,44616413.92
2026-05-22,GL-1200,GL-1200,Investments — GoG securities,ASSET,GHS,92839594.33
2026-05-22,GL-1300,GL-1300,Loans & advances (gross),ASSET,GHS,439574196.06
2026-05-22,GL-1390,GL-1390,Less: impairment allowance,ASSET,GHS,-51514803.55
2026-05-22,GL-1900,GL-1900,Other assets,ASSET,GHS,43314160.04
2026-05-22,GL-2100,GL-2100,Customer deposits,LIABILITY,GHS,490868704.74
2026-05-22,GL-2400,GL-2400,Borrowings,LIABILITY,GHS,14726061.14
2026-05-22,GL-3100,GL-3100,Stated / paid-up capital,EQUITY,GHS,22000000.00
2026-05-22,GL-3200,GL-3200,Statutory reserve fund,EQUITY,GHS,29364651.77
2026-05-22,GL-3300,GL-3300,Retained earnings,EQUITY,GHS,31425427.07
2026-05-29,GL-1010,GL-1010,Cash on hand (vault),ASSET,GHS,19919814.69
2026-05-29,GL-1020,GL-1020,Balances with Bank of Ghana,ASSET,GHS,44111298.97
2026-05-29,GL-1200,GL-1200,Investments — GoG securities,ASSET,GHS,91773309.86
2026-05-29,GL-1300,GL-1300,Loans & advances (gross),ASSET,GHS,440306163.06
2026-05-29,GL-1390,GL-1390,Less: impairment allowance,ASSET,GHS,-50585451.18
2026-05-29,GL-1900,GL-1900,Other assets,ASSET,GHS,42923446.08
2026-05-29,GL-2100,GL-2100,Customer deposits,LIABILITY,GHS,490843512.63
2026-05-29,GL-2400,GL-2400,Borrowings,LIABILITY,GHS,14725305.38
2026-05-29,GL-3100,GL-3100,Stated / paid-up capital,EQUITY,GHS,22000000.00
2026-05-29,GL-3200,GL-3200,Statutory reserve fund,EQUITY,GHS,29406044.68
2026-05-29,GL-3300,GL-3300,Retained earnings,EQUITY,GHS,31473718.79
2026-05-31,GL-1010,GL-1010,Cash on hand (vault),ASSET,GHS,19689811.86
2026-05-31,GL-1020,GL-1020,Balances with Bank of Ghana,ASSET,GHS,44919259.10
2026-05-31,GL-1200,GL-1200,Investments — GoG securities,ASSET,GHS,93478589.76
2026-05-31,GL-1300,GL-1300,Loans & advances (gross),ASSET,GHS,438829037.58
2026-05-31,GL-1390,GL-1390,Less: impairment allowance,ASSET,GHS,-51600687.89
2026-05-31,GL-1900,GL-1900,Other assets,ASSET,GHS,43313062.18
2026-05-31,GL-2100,GL-2100,Customer deposits,LIABILITY,GHS,490993868.88
2026-05-31,GL-2400,GL-2400,Borrowings,LIABILITY,GHS,14729816.07
2026-05-31,GL-3100,GL-3100,Stated / paid-up capital,EQUITY,GHS,22000000.00
2026-05-31,GL-3200,GL-3200,Statutory reserve fund,EQUITY,GHS,29417871.22
2026-05-31,GL-3300,GL-3300,Retained earnings,EQUITY,GHS,31487516.43
2026-06-05,GL-1010,GL-1010,Cash on hand (vault),ASSET,GHS,20081496.61
2026-06-05,GL-1020,GL-1020,Balances with Bank of Ghana,ASSET,GHS,44461232.88
2026-06-05,GL-1200,GL-1200,Investments — GoG securities,ASSET,GHS,92485649.48
2026-06-05,GL-1300,GL-1300,Loans & advances (gross),ASSET,GHS,438245351.88
2026-06-05,GL-1390,GL-1390,Less: impairment allowance,ASSET,GHS,-50324681.07
2026-06-05,GL-1900,GL-1900,Other assets,ASSET,GHS,53475560.91
2026-06-05,GL-2100,GL-2100,Customer deposits,LIABILITY,GHS,500441905.44
2026-06-05,GL-2400,GL-2400,Borrowings,LIABILITY,GHS,15013257.16
2026-06-05,GL-3100,GL-3100,Stated / paid-up capital,EQUITY,GHS,22000000.00
2026-06-05,GL-3200,GL-3200,Statutory reserve fund,EQUITY,GHS,29447437.58
2026-06-05,GL-3300,GL-3300,Retained earnings,EQUITY,GHS,31522010.51
2026-06-12,GL-1010,GL-1010,Cash on hand (vault),ASSET,GHS,19830329.03
2026-06-12,GL-1020,GL-1020,Balances with Bank of Ghana,ASSET,GHS,45246560.07
2026-06-12,GL-1200,GL-1200,Investments — GoG securities,ASSET,GHS,94145179.79
2026-06-12,GL-1300,GL-1300,Loans & advances (gross),ASSET,GHS,441488119.26
2026-06-12,GL-1390,GL-1390,Less: impairment allowance,ASSET,GHS,-53210867.42
2026-06-12,GL-1900,GL-1900,Other assets,ASSET,GHS,50409532.61
2026-06-12,GL-2100,GL-2100,Customer deposits,LIABILITY,GHS,499854097.69
2026-06-12,GL-2400,GL-2400,Borrowings,LIABILITY,GHS,14995622.93
2026-06-12,GL-3100,GL-3100,Stated / paid-up capital,EQUITY,GHS,22000000.00
2026-06-12,GL-3200,GL-3200,Statutory reserve fund,EQUITY,GHS,29488830.49
2026-06-12,GL-3300,GL-3300,Retained earnings,EQUITY,GHS,31570302.23
2026-06-19,GL-1010,GL-1010,Cash on hand (vault),ASSET,GHS,20233459.49
2026-06-19,GL-1020,GL-1020,Balances with Bank of Ghana,ASSET,GHS,44802894.84
2026-06-19,GL-1200,GL-1200,Investments — GoG securities,ASSET,GHS,93206450.55
2026-06-19,GL-1300,GL-1300,Loans & advances (gross),ASSET,GHS,442294654.77
2026-06-19,GL-1390,GL-1390,Less: impairment allowance,ASSET,GHS,-52625708.83
2026-06-19,GL-1900,GL-1900,Other assets,ASSET,GHS,50873893.54
2026-06-19,GL-2100,GL-2100,Customer deposits,LIABILITY,GHS,500618278.65
2026-06-19,GL-2400,GL-2400,Borrowings,LIABILITY,GHS,15018548.36
2026-06-19,GL-3100,GL-3100,Stated / paid-up capital,EQUITY,GHS,22000000.00
2026-06-19,GL-3200,GL-3200,Statutory reserve fund,EQUITY,GHS,29530223.39
2026-06-19,GL-3300,GL-3300,Retained earnings,EQUITY,GHS,31618593.96
2026-06-26,GL-1010,GL-1010,Cash on hand (vault),ASSET,GHS,20060404.12
2026-06-26,GL-1020,GL-1020,Balances with Bank of Ghana,ASSET,GHS,44411538.83
2026-06-26,GL-1200,GL-1200,Investments — GoG securities,ASSET,GHS,98099178.53
2026-06-26,GL-1300,GL-1300,Loans & advances (gross),ASSET,GHS,442220612.01
2026-06-26,GL-1390,GL-1390,Less: impairment allowance,ASSET,GHS,-53037105.14
2026-06-26,GL-1900,GL-1900,Other assets,ASSET,GHS,48535033.17
2026-06-26,GL-2100,GL-2100,Customer deposits,LIABILITY,GHS,501991417.03
2026-06-26,GL-2400,GL-2400,Borrowings,LIABILITY,GHS,15059742.51
2026-06-26,GL-3100,GL-3100,Stated / paid-up capital,EQUITY,GHS,22000000.00
2026-06-26,GL-3200,GL-3200,Statutory reserve fund,EQUITY,GHS,29571616.29
2026-06-26,GL-3300,GL-3300,Retained earnings,EQUITY,GHS,31666885.68
2026-06-30,GL-1010,GL-1010,Cash on hand (vault),ASSET,GHS,20187020.89
2026-06-30,GL-1020,GL-1020,Balances with Bank of Ghana,ASSET,GHS,44696174.83
2026-06-30,GL-1200,GL-1200,Investments — GoG securities,ASSET,GHS,95971647.25
2026-06-30,GL-1300,GL-1300,Loans & advances (gross),ASSET,GHS,441348491.02
2026-06-30,GL-1390,GL-1390,Less: impairment allowance,ASSET,GHS,-53167743.96
2026-06-30,GL-1900,GL-1900,Other assets,ASSET,GHS,51485014.07
2026-06-30,GL-2100,GL-2100,Customer deposits,LIABILITY,GHS,502165877.45
2026-06-30,GL-2400,GL-2400,Borrowings,LIABILITY,GHS,15064976.32
2026-06-30,GL-3100,GL-3100,Stated / paid-up capital,EQUITY,GHS,22000000.00
2026-06-30,GL-3200,GL-3200,Statutory reserve fund,EQUITY,GHS,29595269.38
2026-06-30,GL-3300,GL-3300,Retained earnings,EQUITY,GHS,31694480.95
