as_of_date,source_reference,position_type,currency,balance,counterparty_reference,product_code,gl_account_code,attributes.balance_ghs,attributes.branch_id
2016-08-31,CASH-VAULT,CASH,GHS,8551282.58,,CASH-VAULT,GL-1010,8551282.58,ACC-HQ
2016-08-31,CASH-BOG,CASH,GHS,18444124.40,CP-BOG,CASH-BOG,GL-1020,18444124.40,ACC-HQ
2016-09-30,CASH-VAULT,CASH,GHS,8966423.00,,CASH-VAULT,GL-1010,8966423.00,ACC-HQ
2016-09-30,CASH-BOG,CASH,GHS,19261246.63,CP-BOG,CASH-BOG,GL-1020,19261246.63,ACC-HQ
2016-10-31,CASH-VAULT,CASH,GHS,8457950.60,,CASH-VAULT,GL-1010,8457950.60,ACC-HQ
2016-10-31,CASH-BOG,CASH,GHS,19926512.35,CP-BOG,CASH-BOG,GL-1020,19926512.35,ACC-HQ
2016-11-30,CASH-VAULT,CASH,GHS,8767976.81,,CASH-VAULT,GL-1010,8767976.81,ACC-HQ
2016-11-30,CASH-BOG,CASH,GHS,19487952.23,CP-BOG,CASH-BOG,GL-1020,19487952.23,ACC-HQ
2016-12-31,CASH-VAULT,CASH,GHS,8715061.93,,CASH-VAULT,GL-1010,8715061.93,ACC-HQ
2016-12-31,CASH-BOG,CASH,GHS,20521974.06,CP-BOG,CASH-BOG,GL-1020,20521974.06,ACC-HQ
2017-01-31,CASH-VAULT,CASH,GHS,8706781.42,,CASH-VAULT,GL-1010,8706781.42,ACC-HQ
2017-01-31,CASH-BOG,CASH,GHS,20473997.42,CP-BOG,CASH-BOG,GL-1020,20473997.42,ACC-HQ
2017-02-28,CASH-VAULT,CASH,GHS,9031717.91,,CASH-VAULT,GL-1010,9031717.91,ACC-HQ
2017-02-28,CASH-BOG,CASH,GHS,20004690.86,CP-BOG,CASH-BOG,GL-1020,20004690.86,ACC-HQ
2017-03-31,CASH-VAULT,CASH,GHS,9042138.18,,CASH-VAULT,GL-1010,9042138.18,ACC-HQ
2017-03-31,CASH-BOG,CASH,GHS,21261215.01,CP-BOG,CASH-BOG,GL-1020,21261215.01,ACC-HQ
2017-04-30,CASH-VAULT,CASH,GHS,9168071.48,,CASH-VAULT,GL-1010,9168071.48,ACC-HQ
2017-04-30,CASH-BOG,CASH,GHS,20956067.76,CP-BOG,CASH-BOG,GL-1020,20956067.76,ACC-HQ
2017-05-31,CASH-VAULT,CASH,GHS,9356342.48,,CASH-VAULT,GL-1010,9356342.48,ACC-HQ
2017-05-31,CASH-BOG,CASH,GHS,20796702.29,CP-BOG,CASH-BOG,GL-1020,20796702.29,ACC-HQ
2017-06-30,CASH-VAULT,CASH,GHS,9432701.71,,CASH-VAULT,GL-1010,9432701.71,ACC-HQ
2017-06-30,CASH-BOG,CASH,GHS,21602998.01,CP-BOG,CASH-BOG,GL-1020,21602998.01,ACC-HQ
2017-07-31,CASH-VAULT,CASH,GHS,9331547.96,,CASH-VAULT,GL-1010,9331547.96,ACC-HQ
2017-07-31,CASH-BOG,CASH,GHS,21289440.89,CP-BOG,CASH-BOG,GL-1020,21289440.89,ACC-HQ
2017-08-31,CASH-VAULT,CASH,GHS,9618636.32,,CASH-VAULT,GL-1010,9618636.32,ACC-HQ
2017-08-31,CASH-BOG,CASH,GHS,20665996.08,CP-BOG,CASH-BOG,GL-1020,20665996.08,ACC-HQ
2017-09-30,CASH-VAULT,CASH,GHS,9747326.06,,CASH-VAULT,GL-1010,9747326.06,ACC-HQ
2017-09-30,CASH-BOG,CASH,GHS,21622588.04,CP-BOG,CASH-BOG,GL-1020,21622588.04,ACC-HQ
2017-10-31,CASH-VAULT,CASH,GHS,9813728.94,,CASH-VAULT,GL-1010,9813728.94,ACC-HQ
2017-10-31,CASH-BOG,CASH,GHS,21080197.86,CP-BOG,CASH-BOG,GL-1020,21080197.86,ACC-HQ
2017-11-30,CASH-VAULT,CASH,GHS,9787319.75,,CASH-VAULT,GL-1010,9787319.75,ACC-HQ
2017-11-30,CASH-BOG,CASH,GHS,21713793.11,CP-BOG,CASH-BOG,GL-1020,21713793.11,ACC-HQ
2017-12-31,CASH-VAULT,CASH,GHS,9873186.89,,CASH-VAULT,GL-1010,9873186.89,ACC-HQ
2017-12-31,CASH-BOG,CASH,GHS,21824900.29,CP-BOG,CASH-BOG,GL-1020,21824900.29,ACC-HQ
2018-01-31,CASH-VAULT,CASH,GHS,9623257.23,,CASH-VAULT,GL-1010,9623257.23,ACC-HQ
2018-01-31,CASH-BOG,CASH,GHS,22626434.74,CP-BOG,CASH-BOG,GL-1020,22626434.74,ACC-HQ
2018-02-28,CASH-VAULT,CASH,GHS,9975823.84,,CASH-VAULT,GL-1010,9975823.84,ACC-HQ
2018-02-28,CASH-BOG,CASH,GHS,22051092.90,CP-BOG,CASH-BOG,GL-1020,22051092.90,ACC-HQ
2018-03-31,CASH-VAULT,CASH,GHS,10280804.57,,CASH-VAULT,GL-1010,10280804.57,ACC-HQ
2018-03-31,CASH-BOG,CASH,GHS,22807395.52,CP-BOG,CASH-BOG,GL-1020,22807395.52,ACC-HQ
2018-04-30,CASH-VAULT,CASH,GHS,10007520.41,,CASH-VAULT,GL-1010,10007520.41,ACC-HQ
2018-04-30,CASH-BOG,CASH,GHS,22794279.03,CP-BOG,CASH-BOG,GL-1020,22794279.03,ACC-HQ
2018-05-31,CASH-VAULT,CASH,GHS,10150620.62,,CASH-VAULT,GL-1010,10150620.62,ACC-HQ
2018-05-31,CASH-BOG,CASH,GHS,23209075.49,CP-BOG,CASH-BOG,GL-1020,23209075.49,ACC-HQ
2018-06-30,CASH-VAULT,CASH,GHS,10341730.06,,CASH-VAULT,GL-1010,10341730.06,ACC-HQ
2018-06-30,CASH-BOG,CASH,GHS,23558039.74,CP-BOG,CASH-BOG,GL-1020,23558039.74,ACC-HQ
2018-07-31,CASH-VAULT,CASH,GHS,10554999.85,,CASH-VAULT,GL-1010,10554999.85,ACC-HQ
2018-07-31,CASH-BOG,CASH,GHS,23369580.83,CP-BOG,CASH-BOG,GL-1020,23369580.83,ACC-HQ
2018-08-31,CASH-VAULT,CASH,GHS,10769386.84,,CASH-VAULT,GL-1010,10769386.84,ACC-HQ
2018-08-31,CASH-BOG,CASH,GHS,23178675.63,CP-BOG,CASH-BOG,GL-1020,23178675.63,ACC-HQ
2018-09-30,CASH-VAULT,CASH,GHS,11003803.07,,CASH-VAULT,GL-1010,11003803.07,ACC-HQ
2018-09-30,CASH-BOG,CASH,GHS,24365057.33,CP-BOG,CASH-BOG,GL-1020,24365057.33,ACC-HQ
2018-10-31,CASH-VAULT,CASH,GHS,10841311.64,,CASH-VAULT,GL-1010,10841311.64,ACC-HQ
2018-10-31,CASH-BOG,CASH,GHS,23960582.01,CP-BOG,CASH-BOG,GL-1020,23960582.01,ACC-HQ
2018-11-30,CASH-VAULT,CASH,GHS,11088968.62,,CASH-VAULT,GL-1010,11088968.62,ACC-HQ
2018-11-30,CASH-BOG,CASH,GHS,23840266.78,CP-BOG,CASH-BOG,GL-1020,23840266.78,ACC-HQ
2018-12-31,CASH-VAULT,CASH,GHS,11081967.73,,CASH-VAULT,GL-1010,11081967.73,ACC-HQ
2018-12-31,CASH-BOG,CASH,GHS,23902994.16,CP-BOG,CASH-BOG,GL-1020,23902994.16,ACC-HQ
2019-01-31,CASH-VAULT,CASH,GHS,10698802.38,,CASH-VAULT,GL-1010,10698802.38,ACC-HQ
2019-01-31,CASH-BOG,CASH,GHS,25208575.41,CP-BOG,CASH-BOG,GL-1020,25208575.41,ACC-HQ
2019-02-28,CASH-VAULT,CASH,GHS,11258982.97,,CASH-VAULT,GL-1010,11258982.97,ACC-HQ
2019-02-28,CASH-BOG,CASH,GHS,24280641.54,CP-BOG,CASH-BOG,GL-1020,24280641.54,ACC-HQ
2019-03-31,CASH-VAULT,CASH,GHS,11549188.91,,CASH-VAULT,GL-1010,11549188.91,ACC-HQ
2019-03-31,CASH-BOG,CASH,GHS,24814221.21,CP-BOG,CASH-BOG,GL-1020,24814221.21,ACC-HQ
2019-04-30,CASH-VAULT,CASH,GHS,11482064.24,,CASH-VAULT,GL-1010,11482064.24,ACC-HQ
2019-04-30,CASH-BOG,CASH,GHS,24768953.37,CP-BOG,CASH-BOG,GL-1020,24768953.37,ACC-HQ
2019-05-31,CASH-VAULT,CASH,GHS,11535321.45,,CASH-VAULT,GL-1010,11535321.45,ACC-HQ
2019-05-31,CASH-BOG,CASH,GHS,24742200.37,CP-BOG,CASH-BOG,GL-1020,24742200.37,ACC-HQ
2019-06-30,CASH-VAULT,CASH,GHS,11629078.02,,CASH-VAULT,GL-1010,11629078.02,ACC-HQ
2019-06-30,CASH-BOG,CASH,GHS,25853253.11,CP-BOG,CASH-BOG,GL-1020,25853253.11,ACC-HQ
2019-07-31,CASH-VAULT,CASH,GHS,11738654.99,,CASH-VAULT,GL-1010,11738654.99,ACC-HQ
2019-07-31,CASH-BOG,CASH,GHS,25187284.85,CP-BOG,CASH-BOG,GL-1020,25187284.85,ACC-HQ
2019-08-31,CASH-VAULT,CASH,GHS,11259377.72,,CASH-VAULT,GL-1010,11259377.72,ACC-HQ
2019-08-31,CASH-BOG,CASH,GHS,26469140.04,CP-BOG,CASH-BOG,GL-1020,26469140.04,ACC-HQ
2019-09-30,CASH-VAULT,CASH,GHS,11417008.61,,CASH-VAULT,GL-1010,11417008.61,ACC-HQ
2019-09-30,CASH-BOG,CASH,GHS,26952191.79,CP-BOG,CASH-BOG,GL-1020,26952191.79,ACC-HQ
2019-10-31,CASH-VAULT,CASH,GHS,11240922.98,,CASH-VAULT,GL-1010,11240922.98,ACC-HQ
2019-10-31,CASH-BOG,CASH,GHS,26433583.04,CP-BOG,CASH-BOG,GL-1020,26433583.04,ACC-HQ
2019-11-30,CASH-VAULT,CASH,GHS,11743159.21,,CASH-VAULT,GL-1010,11743159.21,ACC-HQ
2019-11-30,CASH-BOG,CASH,GHS,25955860.44,CP-BOG,CASH-BOG,GL-1020,25955860.44,ACC-HQ
2019-12-31,CASH-VAULT,CASH,GHS,12196563.45,,CASH-VAULT,GL-1010,12196563.45,ACC-HQ
2019-12-31,CASH-BOG,CASH,GHS,26261032.31,CP-BOG,CASH-BOG,GL-1020,26261032.31,ACC-HQ
2020-01-31,CASH-VAULT,CASH,GHS,12046748.66,,CASH-VAULT,GL-1010,12046748.66,ACC-HQ
2020-01-31,CASH-BOG,CASH,GHS,25827971.43,CP-BOG,CASH-BOG,GL-1020,25827971.43,ACC-HQ
2020-02-29,CASH-VAULT,CASH,GHS,11586946.22,,CASH-VAULT,GL-1010,11586946.22,ACC-HQ
2020-02-29,CASH-BOG,CASH,GHS,27204071.67,CP-BOG,CASH-BOG,GL-1020,27204071.67,ACC-HQ
2020-03-31,CASH-VAULT,CASH,GHS,12431441.78,,CASH-VAULT,GL-1010,12431441.78,ACC-HQ
2020-03-31,CASH-BOG,CASH,GHS,27532958.78,CP-BOG,CASH-BOG,GL-1020,27532958.78,ACC-HQ
2020-04-30,CASH-VAULT,CASH,GHS,12350679.71,,CASH-VAULT,GL-1010,12350679.71,ACC-HQ
2020-04-30,CASH-BOG,CASH,GHS,26591556.38,CP-BOG,CASH-BOG,GL-1020,26591556.38,ACC-HQ
2020-05-31,CASH-VAULT,CASH,GHS,12096850.97,,CASH-VAULT,GL-1010,12096850.97,ACC-HQ
2020-05-31,CASH-BOG,CASH,GHS,27658897.77,CP-BOG,CASH-BOG,GL-1020,27658897.77,ACC-HQ
2020-06-30,CASH-VAULT,CASH,GHS,12240996.21,,CASH-VAULT,GL-1010,12240996.21,ACC-HQ
2020-06-30,CASH-BOG,CASH,GHS,28785493.54,CP-BOG,CASH-BOG,GL-1020,28785493.54,ACC-HQ
2020-07-31,CASH-VAULT,CASH,GHS,12268535.84,,CASH-VAULT,GL-1010,12268535.84,ACC-HQ
2020-07-31,CASH-BOG,CASH,GHS,28047762.90,CP-BOG,CASH-BOG,GL-1020,28047762.90,ACC-HQ
2020-08-31,CASH-VAULT,CASH,GHS,12502146.68,,CASH-VAULT,GL-1010,12502146.68,ACC-HQ
2020-08-31,CASH-BOG,CASH,GHS,27680922.90,CP-BOG,CASH-BOG,GL-1020,27680922.90,ACC-HQ
2020-09-30,CASH-VAULT,CASH,GHS,12471506.00,,CASH-VAULT,GL-1010,12471506.00,ACC-HQ
2020-09-30,CASH-BOG,CASH,GHS,29274849.91,CP-BOG,CASH-BOG,GL-1020,29274849.91,ACC-HQ
2020-10-31,CASH-VAULT,CASH,GHS,12596592.83,,CASH-VAULT,GL-1010,12596592.83,ACC-HQ
2020-10-31,CASH-BOG,CASH,GHS,27895995.18,CP-BOG,CASH-BOG,GL-1020,27895995.18,ACC-HQ
2020-11-30,CASH-VAULT,CASH,GHS,12834540.03,,CASH-VAULT,GL-1010,12834540.03,ACC-HQ
2020-11-30,CASH-BOG,CASH,GHS,27630195.34,CP-BOG,CASH-BOG,GL-1020,27630195.34,ACC-HQ
2020-12-31,CASH-VAULT,CASH,GHS,12431581.66,,CASH-VAULT,GL-1010,12431581.66,ACC-HQ
2020-12-31,CASH-BOG,CASH,GHS,29346528.44,CP-BOG,CASH-BOG,GL-1020,29346528.44,ACC-HQ
2021-01-31,CASH-VAULT,CASH,GHS,12808737.61,,CASH-VAULT,GL-1010,12808737.61,ACC-HQ
2021-01-31,CASH-BOG,CASH,GHS,28305496.75,CP-BOG,CASH-BOG,GL-1020,28305496.75,ACC-HQ
2021-02-28,CASH-VAULT,CASH,GHS,13057955.36,,CASH-VAULT,GL-1010,13057955.36,ACC-HQ
2021-02-28,CASH-BOG,CASH,GHS,28115356.08,CP-BOG,CASH-BOG,GL-1020,28115356.08,ACC-HQ
2021-03-31,CASH-VAULT,CASH,GHS,12860718.95,,CASH-VAULT,GL-1010,12860718.95,ACC-HQ
2021-03-31,CASH-BOG,CASH,GHS,30365803.30,CP-BOG,CASH-BOG,GL-1020,30365803.30,ACC-HQ
2021-04-30,CASH-VAULT,CASH,GHS,13480859.11,,CASH-VAULT,GL-1010,13480859.11,ACC-HQ
2021-04-30,CASH-BOG,CASH,GHS,29079420.41,CP-BOG,CASH-BOG,GL-1020,29079420.41,ACC-HQ
2021-05-31,CASH-VAULT,CASH,GHS,13560634.10,,CASH-VAULT,GL-1010,13560634.10,ACC-HQ
2021-05-31,CASH-BOG,CASH,GHS,29143316.23,CP-BOG,CASH-BOG,GL-1020,29143316.23,ACC-HQ
2021-06-30,CASH-VAULT,CASH,GHS,13976944.73,,CASH-VAULT,GL-1010,13976944.73,ACC-HQ
2021-06-30,CASH-BOG,CASH,GHS,30157526.68,CP-BOG,CASH-BOG,GL-1020,30157526.68,ACC-HQ
2021-07-31,CASH-VAULT,CASH,GHS,13399903.33,,CASH-VAULT,GL-1010,13399903.33,ACC-HQ
2021-07-31,CASH-BOG,CASH,GHS,30686692.64,CP-BOG,CASH-BOG,GL-1020,30686692.64,ACC-HQ
2021-08-31,CASH-VAULT,CASH,GHS,13294319.32,,CASH-VAULT,GL-1010,13294319.32,ACC-HQ
2021-08-31,CASH-BOG,CASH,GHS,31194742.88,CP-BOG,CASH-BOG,GL-1020,31194742.88,ACC-HQ
2021-09-03,CASH-VAULT,CASH,GHS,13728553.89,,CASH-VAULT,GL-1010,13728553.89,ACC-HQ
2021-09-03,CASH-BOG,CASH,GHS,31266737.75,CP-BOG,CASH-BOG,GL-1020,31266737.75,ACC-HQ
2021-09-10,CASH-VAULT,CASH,GHS,13786969.73,,CASH-VAULT,GL-1010,13786969.73,ACC-HQ
2021-09-10,CASH-BOG,CASH,GHS,31572648.38,CP-BOG,CASH-BOG,GL-1020,31572648.38,ACC-HQ
2021-09-17,CASH-VAULT,CASH,GHS,14218750.00,,CASH-VAULT,GL-1010,14218750.00,ACC-HQ
2021-09-17,CASH-BOG,CASH,GHS,30667836.45,CP-BOG,CASH-BOG,GL-1020,30667836.45,ACC-HQ
2021-09-24,CASH-VAULT,CASH,GHS,13860567.84,,CASH-VAULT,GL-1010,13860567.84,ACC-HQ
2021-09-24,CASH-BOG,CASH,GHS,31563210.90,CP-BOG,CASH-BOG,GL-1020,31563210.90,ACC-HQ
2021-09-30,CASH-VAULT,CASH,GHS,13732398.04,,CASH-VAULT,GL-1010,13732398.04,ACC-HQ
2021-09-30,CASH-BOG,CASH,GHS,31450961.10,CP-BOG,CASH-BOG,GL-1020,31450961.10,ACC-HQ
2021-10-01,CASH-VAULT,CASH,GHS,13872126.43,,CASH-VAULT,GL-1010,13872126.43,ACC-HQ
2021-10-01,CASH-BOG,CASH,GHS,29741805.14,CP-BOG,CASH-BOG,GL-1020,29741805.14,ACC-HQ
2021-10-08,CASH-VAULT,CASH,GHS,13766884.48,,CASH-VAULT,GL-1010,13766884.48,ACC-HQ
2021-10-08,CASH-BOG,CASH,GHS,30541470.44,CP-BOG,CASH-BOG,GL-1020,30541470.44,ACC-HQ
2021-10-15,CASH-VAULT,CASH,GHS,13970794.07,,CASH-VAULT,GL-1010,13970794.07,ACC-HQ
2021-10-15,CASH-BOG,CASH,GHS,29968059.98,CP-BOG,CASH-BOG,GL-1020,29968059.98,ACC-HQ
2021-10-22,CASH-VAULT,CASH,GHS,13430977.52,,CASH-VAULT,GL-1010,13430977.52,ACC-HQ
2021-10-22,CASH-BOG,CASH,GHS,31639427.69,CP-BOG,CASH-BOG,GL-1020,31639427.69,ACC-HQ
2021-10-29,CASH-VAULT,CASH,GHS,13843758.38,,CASH-VAULT,GL-1010,13843758.38,ACC-HQ
2021-10-29,CASH-BOG,CASH,GHS,30776928.82,CP-BOG,CASH-BOG,GL-1020,30776928.82,ACC-HQ
2021-10-31,CASH-VAULT,CASH,GHS,13548285.70,,CASH-VAULT,GL-1010,13548285.70,ACC-HQ
2021-10-31,CASH-BOG,CASH,GHS,30921274.25,CP-BOG,CASH-BOG,GL-1020,30921274.25,ACC-HQ
2021-11-05,CASH-VAULT,CASH,GHS,13490762.04,,CASH-VAULT,GL-1010,13490762.04,ACC-HQ
2021-11-05,CASH-BOG,CASH,GHS,31769764.05,CP-BOG,CASH-BOG,GL-1020,31769764.05,ACC-HQ
2021-11-12,CASH-VAULT,CASH,GHS,13681429.27,,CASH-VAULT,GL-1010,13681429.27,ACC-HQ
2021-11-12,CASH-BOG,CASH,GHS,31277755.45,CP-BOG,CASH-BOG,GL-1020,31277755.45,ACC-HQ
2021-11-19,CASH-VAULT,CASH,GHS,13392240.90,,CASH-VAULT,GL-1010,13392240.90,ACC-HQ
2021-11-19,CASH-BOG,CASH,GHS,31437394.45,CP-BOG,CASH-BOG,GL-1020,31437394.45,ACC-HQ
2021-11-26,CASH-VAULT,CASH,GHS,13901003.75,,CASH-VAULT,GL-1010,13901003.75,ACC-HQ
2021-11-26,CASH-BOG,CASH,GHS,30727941.47,CP-BOG,CASH-BOG,GL-1020,30727941.47,ACC-HQ
2021-11-30,CASH-VAULT,CASH,GHS,13920859.98,,CASH-VAULT,GL-1010,13920859.98,ACC-HQ
2021-11-30,CASH-BOG,CASH,GHS,30832022.78,CP-BOG,CASH-BOG,GL-1020,30832022.78,ACC-HQ
2021-12-03,CASH-VAULT,CASH,GHS,13602365.26,,CASH-VAULT,GL-1010,13602365.26,ACC-HQ
2021-12-03,CASH-BOG,CASH,GHS,32099758.50,CP-BOG,CASH-BOG,GL-1020,32099758.50,ACC-HQ
2021-12-10,CASH-VAULT,CASH,GHS,14051054.21,,CASH-VAULT,GL-1010,14051054.21,ACC-HQ
2021-12-10,CASH-BOG,CASH,GHS,31238876.25,CP-BOG,CASH-BOG,GL-1020,31238876.25,ACC-HQ
2021-12-17,CASH-VAULT,CASH,GHS,13921402.64,,CASH-VAULT,GL-1010,13921402.64,ACC-HQ
2021-12-17,CASH-BOG,CASH,GHS,30770320.70,CP-BOG,CASH-BOG,GL-1020,30770320.70,ACC-HQ
2021-12-24,CASH-VAULT,CASH,GHS,14249780.45,,CASH-VAULT,GL-1010,14249780.45,ACC-HQ
2021-12-24,CASH-BOG,CASH,GHS,30681681.67,CP-BOG,CASH-BOG,GL-1020,30681681.67,ACC-HQ
2021-12-31,CASH-VAULT,CASH,GHS,14034227.17,,CASH-VAULT,GL-1010,14034227.17,ACC-HQ
2021-12-31,CASH-BOG,CASH,GHS,31198253.79,CP-BOG,CASH-BOG,GL-1020,31198253.79,ACC-HQ
2022-01-07,CASH-VAULT,CASH,GHS,13638604.62,,CASH-VAULT,GL-1010,13638604.62,ACC-HQ
2022-01-07,CASH-BOG,CASH,GHS,32130795.84,CP-BOG,CASH-BOG,GL-1020,32130795.84,ACC-HQ
2022-01-14,CASH-VAULT,CASH,GHS,14142924.98,,CASH-VAULT,GL-1010,14142924.98,ACC-HQ
2022-01-14,CASH-BOG,CASH,GHS,31435733.60,CP-BOG,CASH-BOG,GL-1020,31435733.60,ACC-HQ
2022-01-21,CASH-VAULT,CASH,GHS,13780392.65,,CASH-VAULT,GL-1010,13780392.65,ACC-HQ
2022-01-21,CASH-BOG,CASH,GHS,32398436.29,CP-BOG,CASH-BOG,GL-1020,32398436.29,ACC-HQ
2022-01-28,CASH-VAULT,CASH,GHS,14285001.77,,CASH-VAULT,GL-1010,14285001.77,ACC-HQ
2022-01-28,CASH-BOG,CASH,GHS,30629203.99,CP-BOG,CASH-BOG,GL-1020,30629203.99,ACC-HQ
2022-01-31,CASH-VAULT,CASH,GHS,14233554.67,,CASH-VAULT,GL-1010,14233554.67,ACC-HQ
2022-01-31,CASH-BOG,CASH,GHS,31458647.56,CP-BOG,CASH-BOG,GL-1020,31458647.56,ACC-HQ
2022-02-04,CASH-VAULT,CASH,GHS,13842748.21,,CASH-VAULT,GL-1010,13842748.21,ACC-HQ
2022-02-04,CASH-BOG,CASH,GHS,31527638.80,CP-BOG,CASH-BOG,GL-1020,31527638.80,ACC-HQ
2022-02-11,CASH-VAULT,CASH,GHS,14355850.66,,CASH-VAULT,GL-1010,14355850.66,ACC-HQ
2022-02-11,CASH-BOG,CASH,GHS,30959275.69,CP-BOG,CASH-BOG,GL-1020,30959275.69,ACC-HQ
2022-02-18,CASH-VAULT,CASH,GHS,14193009.53,,CASH-VAULT,GL-1010,14193009.53,ACC-HQ
2022-02-18,CASH-BOG,CASH,GHS,31432016.09,CP-BOG,CASH-BOG,GL-1020,31432016.09,ACC-HQ
2022-02-25,CASH-VAULT,CASH,GHS,14525398.43,,CASH-VAULT,GL-1010,14525398.43,ACC-HQ
2022-02-25,CASH-BOG,CASH,GHS,31343736.88,CP-BOG,CASH-BOG,GL-1020,31343736.88,ACC-HQ
2022-02-28,CASH-VAULT,CASH,GHS,14165408.45,,CASH-VAULT,GL-1010,14165408.45,ACC-HQ
2022-02-28,CASH-BOG,CASH,GHS,31486072.30,CP-BOG,CASH-BOG,GL-1020,31486072.30,ACC-HQ
2022-03-04,CASH-VAULT,CASH,GHS,14532539.67,,CASH-VAULT,GL-1010,14532539.67,ACC-HQ
2022-03-04,CASH-BOG,CASH,GHS,32175931.91,CP-BOG,CASH-BOG,GL-1020,32175931.91,ACC-HQ
2022-03-11,CASH-VAULT,CASH,GHS,14823350.30,,CASH-VAULT,GL-1010,14823350.30,ACC-HQ
2022-03-11,CASH-BOG,CASH,GHS,31796933.54,CP-BOG,CASH-BOG,GL-1020,31796933.54,ACC-HQ
2022-03-18,CASH-VAULT,CASH,GHS,14353947.14,,CASH-VAULT,GL-1010,14353947.14,ACC-HQ
2022-03-18,CASH-BOG,CASH,GHS,32757797.46,CP-BOG,CASH-BOG,GL-1020,32757797.46,ACC-HQ
2022-03-25,CASH-VAULT,CASH,GHS,14749548.82,,CASH-VAULT,GL-1010,14749548.82,ACC-HQ
2022-03-25,CASH-BOG,CASH,GHS,31623072.83,CP-BOG,CASH-BOG,GL-1020,31623072.83,ACC-HQ
2022-03-31,CASH-VAULT,CASH,GHS,14522438.32,,CASH-VAULT,GL-1010,14522438.32,ACC-HQ
2022-03-31,CASH-BOG,CASH,GHS,32160752.14,CP-BOG,CASH-BOG,GL-1020,32160752.14,ACC-HQ
2022-04-01,CASH-VAULT,CASH,GHS,13838384.09,,CASH-VAULT,GL-1010,13838384.09,ACC-HQ
2022-04-01,CASH-BOG,CASH,GHS,32670181.17,CP-BOG,CASH-BOG,GL-1020,32670181.17,ACC-HQ
2022-04-08,CASH-VAULT,CASH,GHS,14222252.62,,CASH-VAULT,GL-1010,14222252.62,ACC-HQ
2022-04-08,CASH-BOG,CASH,GHS,32453488.93,CP-BOG,CASH-BOG,GL-1020,32453488.93,ACC-HQ
2022-04-15,CASH-VAULT,CASH,GHS,14534604.32,,CASH-VAULT,GL-1010,14534604.32,ACC-HQ
2022-04-15,CASH-BOG,CASH,GHS,31230808.78,CP-BOG,CASH-BOG,GL-1020,31230808.78,ACC-HQ
2022-04-22,CASH-VAULT,CASH,GHS,14154154.26,,CASH-VAULT,GL-1010,14154154.26,ACC-HQ
2022-04-22,CASH-BOG,CASH,GHS,32362298.23,CP-BOG,CASH-BOG,GL-1020,32362298.23,ACC-HQ
2022-04-29,CASH-VAULT,CASH,GHS,14614318.99,,CASH-VAULT,GL-1010,14614318.99,ACC-HQ
2022-04-29,CASH-BOG,CASH,GHS,31464923.88,CP-BOG,CASH-BOG,GL-1020,31464923.88,ACC-HQ
2022-04-30,CASH-VAULT,CASH,GHS,14455084.13,,CASH-VAULT,GL-1010,14455084.13,ACC-HQ
2022-04-30,CASH-BOG,CASH,GHS,32134301.93,CP-BOG,CASH-BOG,GL-1020,32134301.93,ACC-HQ
2022-05-06,CASH-VAULT,CASH,GHS,14013010.91,,CASH-VAULT,GL-1010,14013010.91,ACC-HQ
2022-05-06,CASH-BOG,CASH,GHS,33067022.35,CP-BOG,CASH-BOG,GL-1020,33067022.35,ACC-HQ
2022-05-13,CASH-VAULT,CASH,GHS,14189565.65,,CASH-VAULT,GL-1010,14189565.65,ACC-HQ
2022-05-13,CASH-BOG,CASH,GHS,32384511.07,CP-BOG,CASH-BOG,GL-1020,32384511.07,ACC-HQ
2022-05-20,CASH-VAULT,CASH,GHS,14129115.71,,CASH-VAULT,GL-1010,14129115.71,ACC-HQ
2022-05-20,CASH-BOG,CASH,GHS,33148862.79,CP-BOG,CASH-BOG,GL-1020,33148862.79,ACC-HQ
2022-05-27,CASH-VAULT,CASH,GHS,14353235.56,,CASH-VAULT,GL-1010,14353235.56,ACC-HQ
2022-05-27,CASH-BOG,CASH,GHS,32869590.37,CP-BOG,CASH-BOG,GL-1020,32869590.37,ACC-HQ
2022-05-31,CASH-VAULT,CASH,GHS,14377202.98,,CASH-VAULT,GL-1010,14377202.98,ACC-HQ
2022-05-31,CASH-BOG,CASH,GHS,32861086.73,CP-BOG,CASH-BOG,GL-1020,32861086.73,ACC-HQ
2022-06-03,CASH-VAULT,CASH,GHS,15064360.69,,CASH-VAULT,GL-1010,15064360.69,ACC-HQ
2022-06-03,CASH-BOG,CASH,GHS,32440176.96,CP-BOG,CASH-BOG,GL-1020,32440176.96,ACC-HQ
2022-06-10,CASH-VAULT,CASH,GHS,14649206.35,,CASH-VAULT,GL-1010,14649206.35,ACC-HQ
2022-06-10,CASH-BOG,CASH,GHS,33359081.46,CP-BOG,CASH-BOG,GL-1020,33359081.46,ACC-HQ
2022-06-17,CASH-VAULT,CASH,GHS,14447607.29,,CASH-VAULT,GL-1010,14447607.29,ACC-HQ
2022-06-17,CASH-BOG,CASH,GHS,34021299.37,CP-BOG,CASH-BOG,GL-1020,34021299.37,ACC-HQ
2022-06-24,CASH-VAULT,CASH,GHS,14889834.09,,CASH-VAULT,GL-1010,14889834.09,ACC-HQ
2022-06-24,CASH-BOG,CASH,GHS,33032844.04,CP-BOG,CASH-BOG,GL-1020,33032844.04,ACC-HQ
2022-06-30,CASH-VAULT,CASH,GHS,14592884.43,,CASH-VAULT,GL-1010,14592884.43,ACC-HQ
2022-06-30,CASH-BOG,CASH,GHS,33235081.04,CP-BOG,CASH-BOG,GL-1020,33235081.04,ACC-HQ
2022-07-01,CASH-VAULT,CASH,GHS,14132322.51,,CASH-VAULT,GL-1010,14132322.51,ACC-HQ
2022-07-01,CASH-BOG,CASH,GHS,33225978.36,CP-BOG,CASH-BOG,GL-1020,33225978.36,ACC-HQ
2022-07-08,CASH-VAULT,CASH,GHS,14903444.32,,CASH-VAULT,GL-1010,14903444.32,ACC-HQ
2022-07-08,CASH-BOG,CASH,GHS,31973082.33,CP-BOG,CASH-BOG,GL-1020,31973082.33,ACC-HQ
2022-07-15,CASH-VAULT,CASH,GHS,14580614.86,,CASH-VAULT,GL-1010,14580614.86,ACC-HQ
2022-07-15,CASH-BOG,CASH,GHS,32342139.90,CP-BOG,CASH-BOG,GL-1020,32342139.90,ACC-HQ
2022-07-22,CASH-VAULT,CASH,GHS,14889427.42,,CASH-VAULT,GL-1010,14889427.42,ACC-HQ
2022-07-22,CASH-BOG,CASH,GHS,31943453.62,CP-BOG,CASH-BOG,GL-1020,31943453.62,ACC-HQ
2022-07-29,CASH-VAULT,CASH,GHS,14703947.31,,CASH-VAULT,GL-1010,14703947.31,ACC-HQ
2022-07-29,CASH-BOG,CASH,GHS,32558458.05,CP-BOG,CASH-BOG,GL-1020,32558458.05,ACC-HQ
2022-07-31,CASH-VAULT,CASH,GHS,14341378.09,,CASH-VAULT,GL-1010,14341378.09,ACC-HQ
2022-07-31,CASH-BOG,CASH,GHS,32782501.77,CP-BOG,CASH-BOG,GL-1020,32782501.77,ACC-HQ
2022-08-05,CASH-VAULT,CASH,GHS,14275481.75,,CASH-VAULT,GL-1010,14275481.75,ACC-HQ
2022-08-05,CASH-BOG,CASH,GHS,33494494.39,CP-BOG,CASH-BOG,GL-1020,33494494.39,ACC-HQ
2022-08-12,CASH-VAULT,CASH,GHS,14683063.76,,CASH-VAULT,GL-1010,14683063.76,ACC-HQ
2022-08-12,CASH-BOG,CASH,GHS,32520177.07,CP-BOG,CASH-BOG,GL-1020,32520177.07,ACC-HQ
2022-08-19,CASH-VAULT,CASH,GHS,14777854.79,,CASH-VAULT,GL-1010,14777854.79,ACC-HQ
2022-08-19,CASH-BOG,CASH,GHS,32668845.35,CP-BOG,CASH-BOG,GL-1020,32668845.35,ACC-HQ
2022-08-26,CASH-VAULT,CASH,GHS,14893764.30,,CASH-VAULT,GL-1010,14893764.30,ACC-HQ
2022-08-26,CASH-BOG,CASH,GHS,32068755.39,CP-BOG,CASH-BOG,GL-1020,32068755.39,ACC-HQ
2022-08-31,CASH-VAULT,CASH,GHS,14401324.28,,CASH-VAULT,GL-1010,14401324.28,ACC-HQ
2022-08-31,CASH-BOG,CASH,GHS,32985381.52,CP-BOG,CASH-BOG,GL-1020,32985381.52,ACC-HQ
2022-09-02,CASH-VAULT,CASH,GHS,14994487.01,,CASH-VAULT,GL-1010,14994487.01,ACC-HQ
2022-09-02,CASH-BOG,CASH,GHS,33200722.48,CP-BOG,CASH-BOG,GL-1020,33200722.48,ACC-HQ
2022-09-09,CASH-VAULT,CASH,GHS,14472112.62,,CASH-VAULT,GL-1010,14472112.62,ACC-HQ
2022-09-09,CASH-BOG,CASH,GHS,34097570.38,CP-BOG,CASH-BOG,GL-1020,34097570.38,ACC-HQ
2022-09-16,CASH-VAULT,CASH,GHS,14912106.81,,CASH-VAULT,GL-1010,14912106.81,ACC-HQ
2022-09-16,CASH-BOG,CASH,GHS,33076007.82,CP-BOG,CASH-BOG,GL-1020,33076007.82,ACC-HQ
2022-09-23,CASH-VAULT,CASH,GHS,15220546.57,,CASH-VAULT,GL-1010,15220546.57,ACC-HQ
2022-09-23,CASH-BOG,CASH,GHS,32638900.15,CP-BOG,CASH-BOG,GL-1020,32638900.15,ACC-HQ
2022-09-30,CASH-VAULT,CASH,GHS,15104184.30,,CASH-VAULT,GL-1010,15104184.30,ACC-HQ
2022-09-30,CASH-BOG,CASH,GHS,33513798.89,CP-BOG,CASH-BOG,GL-1020,33513798.89,ACC-HQ
2022-10-07,CASH-VAULT,CASH,GHS,14989544.41,,CASH-VAULT,GL-1010,14989544.41,ACC-HQ
2022-10-07,CASH-BOG,CASH,GHS,32323719.54,CP-BOG,CASH-BOG,GL-1020,32323719.54,ACC-HQ
2022-10-14,CASH-VAULT,CASH,GHS,14391954.56,,CASH-VAULT,GL-1010,14391954.56,ACC-HQ
2022-10-14,CASH-BOG,CASH,GHS,33966612.61,CP-BOG,CASH-BOG,GL-1020,33966612.61,ACC-HQ
2022-10-21,CASH-VAULT,CASH,GHS,14791114.36,,CASH-VAULT,GL-1010,14791114.36,ACC-HQ
2022-10-21,CASH-BOG,CASH,GHS,32815233.37,CP-BOG,CASH-BOG,GL-1020,32815233.37,ACC-HQ
2022-10-28,CASH-VAULT,CASH,GHS,14350554.80,,CASH-VAULT,GL-1010,14350554.80,ACC-HQ
2022-10-28,CASH-BOG,CASH,GHS,33685621.55,CP-BOG,CASH-BOG,GL-1020,33685621.55,ACC-HQ
2022-10-31,CASH-VAULT,CASH,GHS,14908232.38,,CASH-VAULT,GL-1010,14908232.38,ACC-HQ
2022-10-31,CASH-BOG,CASH,GHS,32953156.83,CP-BOG,CASH-BOG,GL-1020,32953156.83,ACC-HQ
2022-11-04,CASH-VAULT,CASH,GHS,14673601.07,,CASH-VAULT,GL-1010,14673601.07,ACC-HQ
2022-11-04,CASH-BOG,CASH,GHS,33543657.17,CP-BOG,CASH-BOG,GL-1020,33543657.17,ACC-HQ
2022-11-11,CASH-VAULT,CASH,GHS,15159086.21,,CASH-VAULT,GL-1010,15159086.21,ACC-HQ
2022-11-11,CASH-BOG,CASH,GHS,32633170.83,CP-BOG,CASH-BOG,GL-1020,32633170.83,ACC-HQ
2022-11-18,CASH-VAULT,CASH,GHS,14696689.35,,CASH-VAULT,GL-1010,14696689.35,ACC-HQ
2022-11-18,CASH-BOG,CASH,GHS,33534414.33,CP-BOG,CASH-BOG,GL-1020,33534414.33,ACC-HQ
2022-11-25,CASH-VAULT,CASH,GHS,14783308.30,,CASH-VAULT,GL-1010,14783308.30,ACC-HQ
2022-11-25,CASH-BOG,CASH,GHS,33800361.51,CP-BOG,CASH-BOG,GL-1020,33800361.51,ACC-HQ
2022-11-30,CASH-VAULT,CASH,GHS,14634565.05,,CASH-VAULT,GL-1010,14634565.05,ACC-HQ
2022-11-30,CASH-BOG,CASH,GHS,34406476.85,CP-BOG,CASH-BOG,GL-1020,34406476.85,ACC-HQ
2022-12-02,CASH-VAULT,CASH,GHS,14774061.04,,CASH-VAULT,GL-1010,14774061.04,ACC-HQ
2022-12-02,CASH-BOG,CASH,GHS,34671670.67,CP-BOG,CASH-BOG,GL-1020,34671670.67,ACC-HQ
2022-12-09,CASH-VAULT,CASH,GHS,14856690.95,,CASH-VAULT,GL-1010,14856690.95,ACC-HQ
2022-12-09,CASH-BOG,CASH,GHS,33963746.47,CP-BOG,CASH-BOG,GL-1020,33963746.47,ACC-HQ
2022-12-16,CASH-VAULT,CASH,GHS,15433864.62,,CASH-VAULT,GL-1010,15433864.62,ACC-HQ
2022-12-16,CASH-BOG,CASH,GHS,33172522.91,CP-BOG,CASH-BOG,GL-1020,33172522.91,ACC-HQ
2022-12-23,CASH-VAULT,CASH,GHS,15119671.35,,CASH-VAULT,GL-1010,15119671.35,ACC-HQ
2022-12-23,CASH-BOG,CASH,GHS,34440372.69,CP-BOG,CASH-BOG,GL-1020,34440372.69,ACC-HQ
2022-12-30,CASH-VAULT,CASH,GHS,15663413.74,,CASH-VAULT,GL-1010,15663413.74,ACC-HQ
2022-12-30,CASH-BOG,CASH,GHS,33666330.30,CP-BOG,CASH-BOG,GL-1020,33666330.30,ACC-HQ
2022-12-31,CASH-VAULT,CASH,GHS,15391493.35,,CASH-VAULT,GL-1010,15391493.35,ACC-HQ
2022-12-31,CASH-BOG,CASH,GHS,34087217.05,CP-BOG,CASH-BOG,GL-1020,34087217.05,ACC-HQ
2023-01-06,CASH-VAULT,CASH,GHS,14964064.26,,CASH-VAULT,GL-1010,14964064.26,ACC-HQ
2023-01-06,CASH-BOG,CASH,GHS,34282482.89,CP-BOG,CASH-BOG,GL-1020,34282482.89,ACC-HQ
2023-01-13,CASH-VAULT,CASH,GHS,14904233.76,,CASH-VAULT,GL-1010,14904233.76,ACC-HQ
2023-01-13,CASH-BOG,CASH,GHS,35045763.90,CP-BOG,CASH-BOG,GL-1020,35045763.90,ACC-HQ
2023-01-20,CASH-VAULT,CASH,GHS,15660258.90,,CASH-VAULT,GL-1010,15660258.90,ACC-HQ
2023-01-20,CASH-BOG,CASH,GHS,33602119.75,CP-BOG,CASH-BOG,GL-1020,33602119.75,ACC-HQ
2023-01-27,CASH-VAULT,CASH,GHS,15093504.89,,CASH-VAULT,GL-1010,15093504.89,ACC-HQ
2023-01-27,CASH-BOG,CASH,GHS,34574623.93,CP-BOG,CASH-BOG,GL-1020,34574623.93,ACC-HQ
2023-01-31,CASH-VAULT,CASH,GHS,15268240.67,,CASH-VAULT,GL-1010,15268240.67,ACC-HQ
2023-01-31,CASH-BOG,CASH,GHS,33939447.60,CP-BOG,CASH-BOG,GL-1020,33939447.60,ACC-HQ
2023-02-03,CASH-VAULT,CASH,GHS,15570730.72,,CASH-VAULT,GL-1010,15570730.72,ACC-HQ
2023-02-03,CASH-BOG,CASH,GHS,33594014.71,CP-BOG,CASH-BOG,GL-1020,33594014.71,ACC-HQ
2023-02-10,CASH-VAULT,CASH,GHS,15452074.29,,CASH-VAULT,GL-1010,15452074.29,ACC-HQ
2023-02-10,CASH-BOG,CASH,GHS,34224572.72,CP-BOG,CASH-BOG,GL-1020,34224572.72,ACC-HQ
2023-02-17,CASH-VAULT,CASH,GHS,15524453.55,,CASH-VAULT,GL-1010,15524453.55,ACC-HQ
2023-02-17,CASH-BOG,CASH,GHS,33476547.53,CP-BOG,CASH-BOG,GL-1020,33476547.53,ACC-HQ
2023-02-24,CASH-VAULT,CASH,GHS,15457760.87,,CASH-VAULT,GL-1010,15457760.87,ACC-HQ
2023-02-24,CASH-BOG,CASH,GHS,34298536.49,CP-BOG,CASH-BOG,GL-1020,34298536.49,ACC-HQ
2023-02-28,CASH-VAULT,CASH,GHS,15489001.55,,CASH-VAULT,GL-1010,15489001.55,ACC-HQ
2023-02-28,CASH-BOG,CASH,GHS,34232622.36,CP-BOG,CASH-BOG,GL-1020,34232622.36,ACC-HQ
2023-03-03,CASH-VAULT,CASH,GHS,15849361.30,,CASH-VAULT,GL-1010,15849361.30,ACC-HQ
2023-03-03,CASH-BOG,CASH,GHS,35031853.47,CP-BOG,CASH-BOG,GL-1020,35031853.47,ACC-HQ
2023-03-10,CASH-VAULT,CASH,GHS,15274797.87,,CASH-VAULT,GL-1010,15274797.87,ACC-HQ
2023-03-10,CASH-BOG,CASH,GHS,35920391.22,CP-BOG,CASH-BOG,GL-1020,35920391.22,ACC-HQ
2023-03-17,CASH-VAULT,CASH,GHS,15733699.64,,CASH-VAULT,GL-1010,15733699.64,ACC-HQ
2023-03-17,CASH-BOG,CASH,GHS,34968445.69,CP-BOG,CASH-BOG,GL-1020,34968445.69,ACC-HQ
2023-03-24,CASH-VAULT,CASH,GHS,15193146.78,,CASH-VAULT,GL-1010,15193146.78,ACC-HQ
2023-03-24,CASH-BOG,CASH,GHS,35874187.16,CP-BOG,CASH-BOG,GL-1020,35874187.16,ACC-HQ
2023-03-31,CASH-VAULT,CASH,GHS,15722127.21,,CASH-VAULT,GL-1010,15722127.21,ACC-HQ
2023-03-31,CASH-BOG,CASH,GHS,34948310.84,CP-BOG,CASH-BOG,GL-1020,34948310.84,ACC-HQ
2023-04-07,CASH-VAULT,CASH,GHS,15070121.22,,CASH-VAULT,GL-1010,15070121.22,ACC-HQ
2023-04-07,CASH-BOG,CASH,GHS,35374750.67,CP-BOG,CASH-BOG,GL-1020,35374750.67,ACC-HQ
2023-04-14,CASH-VAULT,CASH,GHS,15611908.29,,CASH-VAULT,GL-1010,15611908.29,ACC-HQ
2023-04-14,CASH-BOG,CASH,GHS,34512192.89,CP-BOG,CASH-BOG,GL-1020,34512192.89,ACC-HQ
2023-04-21,CASH-VAULT,CASH,GHS,15679560.61,,CASH-VAULT,GL-1010,15679560.61,ACC-HQ
2023-04-21,CASH-BOG,CASH,GHS,33753305.17,CP-BOG,CASH-BOG,GL-1020,33753305.17,ACC-HQ
2023-04-28,CASH-VAULT,CASH,GHS,15671883.29,,CASH-VAULT,GL-1010,15671883.29,ACC-HQ
2023-04-28,CASH-BOG,CASH,GHS,34637383.40,CP-BOG,CASH-BOG,GL-1020,34637383.40,ACC-HQ
2023-04-30,CASH-VAULT,CASH,GHS,15909766.53,,CASH-VAULT,GL-1010,15909766.53,ACC-HQ
2023-04-30,CASH-BOG,CASH,GHS,34138332.65,CP-BOG,CASH-BOG,GL-1020,34138332.65,ACC-HQ
2023-05-05,CASH-VAULT,CASH,GHS,15516088.10,,CASH-VAULT,GL-1010,15516088.10,ACC-HQ
2023-05-05,CASH-BOG,CASH,GHS,34297357.55,CP-BOG,CASH-BOG,GL-1020,34297357.55,ACC-HQ
2023-05-12,CASH-VAULT,CASH,GHS,15065968.07,,CASH-VAULT,GL-1010,15065968.07,ACC-HQ
2023-05-12,CASH-BOG,CASH,GHS,35437458.77,CP-BOG,CASH-BOG,GL-1020,35437458.77,ACC-HQ
2023-05-19,CASH-VAULT,CASH,GHS,15665924.15,,CASH-VAULT,GL-1010,15665924.15,ACC-HQ
2023-05-19,CASH-BOG,CASH,GHS,34620253.47,CP-BOG,CASH-BOG,GL-1020,34620253.47,ACC-HQ
2023-05-26,CASH-VAULT,CASH,GHS,15234870.03,,CASH-VAULT,GL-1010,15234870.03,ACC-HQ
2023-05-26,CASH-BOG,CASH,GHS,35890087.07,CP-BOG,CASH-BOG,GL-1020,35890087.07,ACC-HQ
2023-05-31,CASH-VAULT,CASH,GHS,15695757.45,,CASH-VAULT,GL-1010,15695757.45,ACC-HQ
2023-05-31,CASH-BOG,CASH,GHS,34894453.51,CP-BOG,CASH-BOG,GL-1020,34894453.51,ACC-HQ
2023-06-02,CASH-VAULT,CASH,GHS,15670415.45,,CASH-VAULT,GL-1010,15670415.45,ACC-HQ
2023-06-02,CASH-BOG,CASH,GHS,35698763.21,CP-BOG,CASH-BOG,GL-1020,35698763.21,ACC-HQ
2023-06-09,CASH-VAULT,CASH,GHS,15686346.31,,CASH-VAULT,GL-1010,15686346.31,ACC-HQ
2023-06-09,CASH-BOG,CASH,GHS,35925654.89,CP-BOG,CASH-BOG,GL-1020,35925654.89,ACC-HQ
2023-06-16,CASH-VAULT,CASH,GHS,16162426.99,,CASH-VAULT,GL-1010,16162426.99,ACC-HQ
2023-06-16,CASH-BOG,CASH,GHS,34651864.18,CP-BOG,CASH-BOG,GL-1020,34651864.18,ACC-HQ
2023-06-23,CASH-VAULT,CASH,GHS,15725627.91,,CASH-VAULT,GL-1010,15725627.91,ACC-HQ
2023-06-23,CASH-BOG,CASH,GHS,35814076.40,CP-BOG,CASH-BOG,GL-1020,35814076.40,ACC-HQ
2023-06-30,CASH-VAULT,CASH,GHS,16379731.89,,CASH-VAULT,GL-1010,16379731.89,ACC-HQ
2023-06-30,CASH-BOG,CASH,GHS,35134139.73,CP-BOG,CASH-BOG,GL-1020,35134139.73,ACC-HQ
2023-07-07,CASH-VAULT,CASH,GHS,15742701.61,,CASH-VAULT,GL-1010,15742701.61,ACC-HQ
2023-07-07,CASH-BOG,CASH,GHS,34929722.52,CP-BOG,CASH-BOG,GL-1020,34929722.52,ACC-HQ
2023-07-14,CASH-VAULT,CASH,GHS,16090844.21,,CASH-VAULT,GL-1010,16090844.21,ACC-HQ
2023-07-14,CASH-BOG,CASH,GHS,34711975.97,CP-BOG,CASH-BOG,GL-1020,34711975.97,ACC-HQ
2023-07-21,CASH-VAULT,CASH,GHS,15429887.32,,CASH-VAULT,GL-1010,15429887.32,ACC-HQ
2023-07-21,CASH-BOG,CASH,GHS,35272079.16,CP-BOG,CASH-BOG,GL-1020,35272079.16,ACC-HQ
2023-07-28,CASH-VAULT,CASH,GHS,15968899.62,,CASH-VAULT,GL-1010,15968899.62,ACC-HQ
2023-07-28,CASH-BOG,CASH,GHS,34445859.06,CP-BOG,CASH-BOG,GL-1020,34445859.06,ACC-HQ
2023-07-31,CASH-VAULT,CASH,GHS,15557644.27,,CASH-VAULT,GL-1010,15557644.27,ACC-HQ
2023-07-31,CASH-BOG,CASH,GHS,35430185.18,CP-BOG,CASH-BOG,GL-1020,35430185.18,ACC-HQ
2023-08-04,CASH-VAULT,CASH,GHS,15552967.30,,CASH-VAULT,GL-1010,15552967.30,ACC-HQ
2023-08-04,CASH-BOG,CASH,GHS,35488004.40,CP-BOG,CASH-BOG,GL-1020,35488004.40,ACC-HQ
2023-08-11,CASH-VAULT,CASH,GHS,15776685.21,,CASH-VAULT,GL-1010,15776685.21,ACC-HQ
2023-08-11,CASH-BOG,CASH,GHS,36062109.96,CP-BOG,CASH-BOG,GL-1020,36062109.96,ACC-HQ
2023-08-18,CASH-VAULT,CASH,GHS,16326358.66,,CASH-VAULT,GL-1010,16326358.66,ACC-HQ
2023-08-18,CASH-BOG,CASH,GHS,35148626.98,CP-BOG,CASH-BOG,GL-1020,35148626.98,ACC-HQ
2023-08-25,CASH-VAULT,CASH,GHS,15902091.45,,CASH-VAULT,GL-1010,15902091.45,ACC-HQ
2023-08-25,CASH-BOG,CASH,GHS,36280217.68,CP-BOG,CASH-BOG,GL-1020,36280217.68,ACC-HQ
2023-08-31,CASH-VAULT,CASH,GHS,15747745.99,,CASH-VAULT,GL-1010,15747745.99,ACC-HQ
2023-08-31,CASH-BOG,CASH,GHS,35999435.28,CP-BOG,CASH-BOG,GL-1020,35999435.28,ACC-HQ
2023-09-01,CASH-VAULT,CASH,GHS,16518972.91,,CASH-VAULT,GL-1010,16518972.91,ACC-HQ
2023-09-01,CASH-BOG,CASH,GHS,35484582.16,CP-BOG,CASH-BOG,GL-1020,35484582.16,ACC-HQ
2023-09-08,CASH-VAULT,CASH,GHS,16369704.56,,CASH-VAULT,GL-1010,16369704.56,ACC-HQ
2023-09-08,CASH-BOG,CASH,GHS,36384100.79,CP-BOG,CASH-BOG,GL-1020,36384100.79,ACC-HQ
2023-09-15,CASH-VAULT,CASH,GHS,16608365.75,,CASH-VAULT,GL-1010,16608365.75,ACC-HQ
2023-09-15,CASH-BOG,CASH,GHS,35692693.10,CP-BOG,CASH-BOG,GL-1020,35692693.10,ACC-HQ
2023-09-22,CASH-VAULT,CASH,GHS,15967058.61,,CASH-VAULT,GL-1010,15967058.61,ACC-HQ
2023-09-22,CASH-BOG,CASH,GHS,37685092.60,CP-BOG,CASH-BOG,GL-1020,37685092.60,ACC-HQ
2023-09-29,CASH-VAULT,CASH,GHS,16556787.87,,CASH-VAULT,GL-1010,16556787.87,ACC-HQ
2023-09-29,CASH-BOG,CASH,GHS,36739068.33,CP-BOG,CASH-BOG,GL-1020,36739068.33,ACC-HQ
2023-09-30,CASH-VAULT,CASH,GHS,16761052.63,,CASH-VAULT,GL-1010,16761052.63,ACC-HQ
2023-09-30,CASH-BOG,CASH,GHS,36157131.59,CP-BOG,CASH-BOG,GL-1020,36157131.59,ACC-HQ
2023-10-06,CASH-VAULT,CASH,GHS,15828601.74,,CASH-VAULT,GL-1010,15828601.74,ACC-HQ
2023-10-06,CASH-BOG,CASH,GHS,37344498.76,CP-BOG,CASH-BOG,GL-1020,37344498.76,ACC-HQ
2023-10-13,CASH-VAULT,CASH,GHS,16076707.16,,CASH-VAULT,GL-1010,16076707.16,ACC-HQ
2023-10-13,CASH-BOG,CASH,GHS,36676047.99,CP-BOG,CASH-BOG,GL-1020,36676047.99,ACC-HQ
2023-10-20,CASH-VAULT,CASH,GHS,15673524.47,,CASH-VAULT,GL-1010,15673524.47,ACC-HQ
2023-10-20,CASH-BOG,CASH,GHS,36993416.47,CP-BOG,CASH-BOG,GL-1020,36993416.47,ACC-HQ
2023-10-27,CASH-VAULT,CASH,GHS,16266752.47,,CASH-VAULT,GL-1010,16266752.47,ACC-HQ
2023-10-27,CASH-BOG,CASH,GHS,36152736.28,CP-BOG,CASH-BOG,GL-1020,36152736.28,ACC-HQ
2023-10-31,CASH-VAULT,CASH,GHS,16305362.81,,CASH-VAULT,GL-1010,16305362.81,ACC-HQ
2023-10-31,CASH-BOG,CASH,GHS,36173206.09,CP-BOG,CASH-BOG,GL-1020,36173206.09,ACC-HQ
2023-11-03,CASH-VAULT,CASH,GHS,15924847.97,,CASH-VAULT,GL-1010,15924847.97,ACC-HQ
2023-11-03,CASH-BOG,CASH,GHS,37363375.83,CP-BOG,CASH-BOG,GL-1020,37363375.83,ACC-HQ
2023-11-10,CASH-VAULT,CASH,GHS,16468796.73,,CASH-VAULT,GL-1010,16468796.73,ACC-HQ
2023-11-10,CASH-BOG,CASH,GHS,36400146.51,CP-BOG,CASH-BOG,GL-1020,36400146.51,ACC-HQ
2023-11-17,CASH-VAULT,CASH,GHS,16270463.11,,CASH-VAULT,GL-1010,16270463.11,ACC-HQ
2023-11-17,CASH-BOG,CASH,GHS,36157079.30,CP-BOG,CASH-BOG,GL-1020,36157079.30,ACC-HQ
2023-11-24,CASH-VAULT,CASH,GHS,16720681.58,,CASH-VAULT,GL-1010,16720681.58,ACC-HQ
2023-11-24,CASH-BOG,CASH,GHS,35945295.86,CP-BOG,CASH-BOG,GL-1020,35945295.86,ACC-HQ
2023-11-30,CASH-VAULT,CASH,GHS,16649717.19,,CASH-VAULT,GL-1010,16649717.19,ACC-HQ
2023-11-30,CASH-BOG,CASH,GHS,35780818.26,CP-BOG,CASH-BOG,GL-1020,35780818.26,ACC-HQ
2023-12-01,CASH-VAULT,CASH,GHS,16479293.63,,CASH-VAULT,GL-1010,16479293.63,ACC-HQ
2023-12-01,CASH-BOG,CASH,GHS,36419953.97,CP-BOG,CASH-BOG,GL-1020,36419953.97,ACC-HQ
2023-12-08,CASH-VAULT,CASH,GHS,16051053.33,,CASH-VAULT,GL-1010,16051053.33,ACC-HQ
2023-12-08,CASH-BOG,CASH,GHS,37735979.08,CP-BOG,CASH-BOG,GL-1020,37735979.08,ACC-HQ
2023-12-15,CASH-VAULT,CASH,GHS,16682140.08,,CASH-VAULT,GL-1010,16682140.08,ACC-HQ
2023-12-15,CASH-BOG,CASH,GHS,36880398.80,CP-BOG,CASH-BOG,GL-1020,36880398.80,ACC-HQ
2023-12-22,CASH-VAULT,CASH,GHS,16201295.65,,CASH-VAULT,GL-1010,16201295.65,ACC-HQ
2023-12-22,CASH-BOG,CASH,GHS,38150052.37,CP-BOG,CASH-BOG,GL-1020,38150052.37,ACC-HQ
2023-12-29,CASH-VAULT,CASH,GHS,16752505.43,,CASH-VAULT,GL-1010,16752505.43,ACC-HQ
2023-12-29,CASH-BOG,CASH,GHS,36132232.32,CP-BOG,CASH-BOG,GL-1020,36132232.32,ACC-HQ
2023-12-31,CASH-VAULT,CASH,GHS,16167994.16,,CASH-VAULT,GL-1010,16167994.16,ACC-HQ
2023-12-31,CASH-BOG,CASH,GHS,38017753.43,CP-BOG,CASH-BOG,GL-1020,38017753.43,ACC-HQ
2024-01-05,CASH-VAULT,CASH,GHS,16167292.36,,CASH-VAULT,GL-1010,16167292.36,ACC-HQ
2024-01-05,CASH-BOG,CASH,GHS,37038745.35,CP-BOG,CASH-BOG,GL-1020,37038745.35,ACC-HQ
2024-01-12,CASH-VAULT,CASH,GHS,16790730.29,,CASH-VAULT,GL-1010,16790730.29,ACC-HQ
2024-01-12,CASH-BOG,CASH,GHS,36014274.89,CP-BOG,CASH-BOG,GL-1020,36014274.89,ACC-HQ
2024-01-19,CASH-VAULT,CASH,GHS,16522125.07,,CASH-VAULT,GL-1010,16522125.07,ACC-HQ
2024-01-19,CASH-BOG,CASH,GHS,36657861.78,CP-BOG,CASH-BOG,GL-1020,36657861.78,ACC-HQ
2024-01-26,CASH-VAULT,CASH,GHS,17045881.30,,CASH-VAULT,GL-1010,17045881.30,ACC-HQ
2024-01-26,CASH-BOG,CASH,GHS,36578413.26,CP-BOG,CASH-BOG,GL-1020,36578413.26,ACC-HQ
2024-01-31,CASH-VAULT,CASH,GHS,16456831.46,,CASH-VAULT,GL-1010,16456831.46,ACC-HQ
2024-01-31,CASH-BOG,CASH,GHS,37696446.40,CP-BOG,CASH-BOG,GL-1020,37696446.40,ACC-HQ
2024-02-02,CASH-VAULT,CASH,GHS,16624633.32,,CASH-VAULT,GL-1010,16624633.32,ACC-HQ
2024-02-02,CASH-BOG,CASH,GHS,36876199.44,CP-BOG,CASH-BOG,GL-1020,36876199.44,ACC-HQ
2024-02-09,CASH-VAULT,CASH,GHS,16952157.75,,CASH-VAULT,GL-1010,16952157.75,ACC-HQ
2024-02-09,CASH-BOG,CASH,GHS,36569834.34,CP-BOG,CASH-BOG,GL-1020,36569834.34,ACC-HQ
2024-02-16,CASH-VAULT,CASH,GHS,16470665.70,,CASH-VAULT,GL-1010,16470665.70,ACC-HQ
2024-02-16,CASH-BOG,CASH,GHS,37658062.13,CP-BOG,CASH-BOG,GL-1020,37658062.13,ACC-HQ
2024-02-23,CASH-VAULT,CASH,GHS,16889315.91,,CASH-VAULT,GL-1010,16889315.91,ACC-HQ
2024-02-23,CASH-BOG,CASH,GHS,36417294.91,CP-BOG,CASH-BOG,GL-1020,36417294.91,ACC-HQ
2024-02-29,CASH-VAULT,CASH,GHS,16641490.02,,CASH-VAULT,GL-1010,16641490.02,ACC-HQ
2024-02-29,CASH-BOG,CASH,GHS,36921956.84,CP-BOG,CASH-BOG,GL-1020,36921956.84,ACC-HQ
2024-03-01,CASH-VAULT,CASH,GHS,16555321.84,,CASH-VAULT,GL-1010,16555321.84,ACC-HQ
2024-03-01,CASH-BOG,CASH,GHS,38863487.16,CP-BOG,CASH-BOG,GL-1020,38863487.16,ACC-HQ
2024-03-08,CASH-VAULT,CASH,GHS,16939061.80,,CASH-VAULT,GL-1010,16939061.80,ACC-HQ
2024-03-08,CASH-BOG,CASH,GHS,38726161.21,CP-BOG,CASH-BOG,GL-1020,38726161.21,ACC-HQ
2024-03-15,CASH-VAULT,CASH,GHS,17316708.72,,CASH-VAULT,GL-1010,17316708.72,ACC-HQ
2024-03-15,CASH-BOG,CASH,GHS,37279939.02,CP-BOG,CASH-BOG,GL-1020,37279939.02,ACC-HQ
2024-03-22,CASH-VAULT,CASH,GHS,16902634.74,,CASH-VAULT,GL-1010,16902634.74,ACC-HQ
2024-03-22,CASH-BOG,CASH,GHS,38574919.13,CP-BOG,CASH-BOG,GL-1020,38574919.13,ACC-HQ
2024-03-29,CASH-VAULT,CASH,GHS,17429924.42,,CASH-VAULT,GL-1010,17429924.42,ACC-HQ
2024-03-29,CASH-BOG,CASH,GHS,37455442.24,CP-BOG,CASH-BOG,GL-1020,37455442.24,ACC-HQ
2024-03-31,CASH-VAULT,CASH,GHS,16775174.08,,CASH-VAULT,GL-1010,16775174.08,ACC-HQ
2024-03-31,CASH-BOG,CASH,GHS,39510898.67,CP-BOG,CASH-BOG,GL-1020,39510898.67,ACC-HQ
2024-04-05,CASH-VAULT,CASH,GHS,16407436.02,,CASH-VAULT,GL-1010,16407436.02,ACC-HQ
2024-04-05,CASH-BOG,CASH,GHS,38501567.84,CP-BOG,CASH-BOG,GL-1020,38501567.84,ACC-HQ
2024-04-12,CASH-VAULT,CASH,GHS,16575676.81,,CASH-VAULT,GL-1010,16575676.81,ACC-HQ
2024-04-12,CASH-BOG,CASH,GHS,37900173.46,CP-BOG,CASH-BOG,GL-1020,37900173.46,ACC-HQ
2024-04-19,CASH-VAULT,CASH,GHS,16459036.42,,CASH-VAULT,GL-1010,16459036.42,ACC-HQ
2024-04-19,CASH-BOG,CASH,GHS,38830636.13,CP-BOG,CASH-BOG,GL-1020,38830636.13,ACC-HQ
2024-04-26,CASH-VAULT,CASH,GHS,17103216.13,,CASH-VAULT,GL-1010,17103216.13,ACC-HQ
2024-04-26,CASH-BOG,CASH,GHS,36746804.32,CP-BOG,CASH-BOG,GL-1020,36746804.32,ACC-HQ
2024-04-30,CASH-VAULT,CASH,GHS,17167935.55,,CASH-VAULT,GL-1010,17167935.55,ACC-HQ
2024-04-30,CASH-BOG,CASH,GHS,36819511.24,CP-BOG,CASH-BOG,GL-1020,36819511.24,ACC-HQ
2024-05-03,CASH-VAULT,CASH,GHS,16731748.88,,CASH-VAULT,GL-1010,16731748.88,ACC-HQ
2024-05-03,CASH-BOG,CASH,GHS,38103602.50,CP-BOG,CASH-BOG,GL-1020,38103602.50,ACC-HQ
2024-05-10,CASH-VAULT,CASH,GHS,17232894.52,,CASH-VAULT,GL-1010,17232894.52,ACC-HQ
2024-05-10,CASH-BOG,CASH,GHS,37105678.01,CP-BOG,CASH-BOG,GL-1020,37105678.01,ACC-HQ
2024-05-17,CASH-VAULT,CASH,GHS,16919632.84,,CASH-VAULT,GL-1010,16919632.84,ACC-HQ
2024-05-17,CASH-BOG,CASH,GHS,37398790.80,CP-BOG,CASH-BOG,GL-1020,37398790.80,ACC-HQ
2024-05-24,CASH-VAULT,CASH,GHS,16389582.37,,CASH-VAULT,GL-1010,16389582.37,ACC-HQ
2024-05-24,CASH-BOG,CASH,GHS,38480409.68,CP-BOG,CASH-BOG,GL-1020,38480409.68,ACC-HQ
2024-05-31,CASH-VAULT,CASH,GHS,16946752.38,,CASH-VAULT,GL-1010,16946752.38,ACC-HQ
2024-05-31,CASH-BOG,CASH,GHS,37669943.65,CP-BOG,CASH-BOG,GL-1020,37669943.65,ACC-HQ
2024-06-07,CASH-VAULT,CASH,GHS,17012062.30,,CASH-VAULT,GL-1010,17012062.30,ACC-HQ
2024-06-07,CASH-BOG,CASH,GHS,38898951.29,CP-BOG,CASH-BOG,GL-1020,38898951.29,ACC-HQ
2024-06-14,CASH-VAULT,CASH,GHS,16970689.08,,CASH-VAULT,GL-1010,16970689.08,ACC-HQ
2024-06-14,CASH-BOG,CASH,GHS,39833376.67,CP-BOG,CASH-BOG,GL-1020,39833376.67,ACC-HQ
2024-06-21,CASH-VAULT,CASH,GHS,17147461.70,,CASH-VAULT,GL-1010,17147461.70,ACC-HQ
2024-06-21,CASH-BOG,CASH,GHS,39198752.02,CP-BOG,CASH-BOG,GL-1020,39198752.02,ACC-HQ
2024-06-28,CASH-VAULT,CASH,GHS,16799966.93,,CASH-VAULT,GL-1010,16799966.93,ACC-HQ
2024-06-28,CASH-BOG,CASH,GHS,39669265.47,CP-BOG,CASH-BOG,GL-1020,39669265.47,ACC-HQ
2024-06-30,CASH-VAULT,CASH,GHS,17788670.23,,CASH-VAULT,GL-1010,17788670.23,ACC-HQ
2024-06-30,CASH-BOG,CASH,GHS,38165423.05,CP-BOG,CASH-BOG,GL-1020,38165423.05,ACC-HQ
2024-07-05,CASH-VAULT,CASH,GHS,17003160.39,,CASH-VAULT,GL-1010,17003160.39,ACC-HQ
2024-07-05,CASH-BOG,CASH,GHS,37722413.53,CP-BOG,CASH-BOG,GL-1020,37722413.53,ACC-HQ
2024-07-12,CASH-VAULT,CASH,GHS,16530177.61,,CASH-VAULT,GL-1010,16530177.61,ACC-HQ
2024-07-12,CASH-BOG,CASH,GHS,39013052.26,CP-BOG,CASH-BOG,GL-1020,39013052.26,ACC-HQ
2024-07-19,CASH-VAULT,CASH,GHS,16523562.14,,CASH-VAULT,GL-1010,16523562.14,ACC-HQ
2024-07-19,CASH-BOG,CASH,GHS,38932874.88,CP-BOG,CASH-BOG,GL-1020,38932874.88,ACC-HQ
2024-07-26,CASH-VAULT,CASH,GHS,16999662.66,,CASH-VAULT,GL-1010,16999662.66,ACC-HQ
2024-07-26,CASH-BOG,CASH,GHS,38710644.75,CP-BOG,CASH-BOG,GL-1020,38710644.75,ACC-HQ
2024-07-31,CASH-VAULT,CASH,GHS,17580885.89,,CASH-VAULT,GL-1010,17580885.89,ACC-HQ
2024-07-31,CASH-BOG,CASH,GHS,37793263.63,CP-BOG,CASH-BOG,GL-1020,37793263.63,ACC-HQ
2024-08-02,CASH-VAULT,CASH,GHS,16738134.33,,CASH-VAULT,GL-1010,16738134.33,ACC-HQ
2024-08-02,CASH-BOG,CASH,GHS,39421825.83,CP-BOG,CASH-BOG,GL-1020,39421825.83,ACC-HQ
2024-08-09,CASH-VAULT,CASH,GHS,17330500.88,,CASH-VAULT,GL-1010,17330500.88,ACC-HQ
2024-08-09,CASH-BOG,CASH,GHS,38376663.29,CP-BOG,CASH-BOG,GL-1020,38376663.29,ACC-HQ
2024-08-16,CASH-VAULT,CASH,GHS,16889919.67,,CASH-VAULT,GL-1010,16889919.67,ACC-HQ
2024-08-16,CASH-BOG,CASH,GHS,39702833.59,CP-BOG,CASH-BOG,GL-1020,39702833.59,ACC-HQ
2024-08-23,CASH-VAULT,CASH,GHS,17074658.72,,CASH-VAULT,GL-1010,17074658.72,ACC-HQ
2024-08-23,CASH-BOG,CASH,GHS,39104284.95,CP-BOG,CASH-BOG,GL-1020,39104284.95,ACC-HQ
2024-08-30,CASH-VAULT,CASH,GHS,16793980.67,,CASH-VAULT,GL-1010,16793980.67,ACC-HQ
2024-08-30,CASH-BOG,CASH,GHS,39496946.75,CP-BOG,CASH-BOG,GL-1020,39496946.75,ACC-HQ
2024-08-31,CASH-VAULT,CASH,GHS,17144666.22,,CASH-VAULT,GL-1010,17144666.22,ACC-HQ
2024-08-31,CASH-BOG,CASH,GHS,39052598.96,CP-BOG,CASH-BOG,GL-1020,39052598.96,ACC-HQ
2024-09-02,CASH-VAULT,CASH,GHS,17557387.27,,CASH-VAULT,GL-1010,17557387.27,ACC-HQ
2024-09-02,CASH-BOG,CASH,GHS,40056015.76,CP-BOG,CASH-BOG,GL-1020,40056015.76,ACC-HQ
2024-09-03,CASH-VAULT,CASH,GHS,18008734.40,,CASH-VAULT,GL-1010,18008734.40,ACC-HQ
2024-09-03,CASH-BOG,CASH,GHS,38845499.52,CP-BOG,CASH-BOG,GL-1020,38845499.52,ACC-HQ
2024-09-04,CASH-VAULT,CASH,GHS,17679622.27,,CASH-VAULT,GL-1010,17679622.27,ACC-HQ
2024-09-04,CASH-BOG,CASH,GHS,39218727.86,CP-BOG,CASH-BOG,GL-1020,39218727.86,ACC-HQ
2024-09-05,CASH-VAULT,CASH,GHS,17107565.89,,CASH-VAULT,GL-1010,17107565.89,ACC-HQ
2024-09-05,CASH-BOG,CASH,GHS,40229959.92,CP-BOG,CASH-BOG,GL-1020,40229959.92,ACC-HQ
2024-09-06,CASH-VAULT,CASH,GHS,17597518.43,,CASH-VAULT,GL-1010,17597518.43,ACC-HQ
2024-09-06,CASH-BOG,CASH,GHS,40071093.34,CP-BOG,CASH-BOG,GL-1020,40071093.34,ACC-HQ
2024-09-09,CASH-VAULT,CASH,GHS,17102628.68,,CASH-VAULT,GL-1010,17102628.68,ACC-HQ
2024-09-09,CASH-BOG,CASH,GHS,40383036.89,CP-BOG,CASH-BOG,GL-1020,40383036.89,ACC-HQ
2024-09-10,CASH-VAULT,CASH,GHS,17583704.20,,CASH-VAULT,GL-1010,17583704.20,ACC-HQ
2024-09-10,CASH-BOG,CASH,GHS,40202302.92,CP-BOG,CASH-BOG,GL-1020,40202302.92,ACC-HQ
2024-09-11,CASH-VAULT,CASH,GHS,17377890.15,,CASH-VAULT,GL-1010,17377890.15,ACC-HQ
2024-09-11,CASH-BOG,CASH,GHS,39802579.51,CP-BOG,CASH-BOG,GL-1020,39802579.51,ACC-HQ
2024-09-12,CASH-VAULT,CASH,GHS,17333348.93,,CASH-VAULT,GL-1010,17333348.93,ACC-HQ
2024-09-12,CASH-BOG,CASH,GHS,40819002.05,CP-BOG,CASH-BOG,GL-1020,40819002.05,ACC-HQ
2024-09-13,CASH-VAULT,CASH,GHS,17838893.01,,CASH-VAULT,GL-1010,17838893.01,ACC-HQ
2024-09-13,CASH-BOG,CASH,GHS,39426195.93,CP-BOG,CASH-BOG,GL-1020,39426195.93,ACC-HQ
2024-09-16,CASH-VAULT,CASH,GHS,17333561.55,,CASH-VAULT,GL-1010,17333561.55,ACC-HQ
2024-09-16,CASH-BOG,CASH,GHS,40893445.09,CP-BOG,CASH-BOG,GL-1020,40893445.09,ACC-HQ
2024-09-17,CASH-VAULT,CASH,GHS,17845059.89,,CASH-VAULT,GL-1010,17845059.89,ACC-HQ
2024-09-17,CASH-BOG,CASH,GHS,39511275.57,CP-BOG,CASH-BOG,GL-1020,39511275.57,ACC-HQ
2024-09-18,CASH-VAULT,CASH,GHS,18111707.86,,CASH-VAULT,GL-1010,18111707.86,ACC-HQ
2024-09-18,CASH-BOG,CASH,GHS,38837809.16,CP-BOG,CASH-BOG,GL-1020,38837809.16,ACC-HQ
2024-09-19,CASH-VAULT,CASH,GHS,17502025.12,,CASH-VAULT,GL-1010,17502025.12,ACC-HQ
2024-09-19,CASH-BOG,CASH,GHS,39872072.83,CP-BOG,CASH-BOG,GL-1020,39872072.83,ACC-HQ
2024-09-20,CASH-VAULT,CASH,GHS,17436164.90,,CASH-VAULT,GL-1010,17436164.90,ACC-HQ
2024-09-20,CASH-BOG,CASH,GHS,40995068.85,CP-BOG,CASH-BOG,GL-1020,40995068.85,ACC-HQ
2024-09-23,CASH-VAULT,CASH,GHS,17948722.88,,CASH-VAULT,GL-1010,17948722.88,ACC-HQ
2024-09-23,CASH-BOG,CASH,GHS,39820502.40,CP-BOG,CASH-BOG,GL-1020,39820502.40,ACC-HQ
2024-09-24,CASH-VAULT,CASH,GHS,17995222.86,,CASH-VAULT,GL-1010,17995222.86,ACC-HQ
2024-09-24,CASH-BOG,CASH,GHS,38804152.52,CP-BOG,CASH-BOG,GL-1020,38804152.52,ACC-HQ
2024-09-25,CASH-VAULT,CASH,GHS,17560042.64,,CASH-VAULT,GL-1010,17560042.64,ACC-HQ
2024-09-25,CASH-BOG,CASH,GHS,39990102.82,CP-BOG,CASH-BOG,GL-1020,39990102.82,ACC-HQ
2024-09-26,CASH-VAULT,CASH,GHS,17360799.09,,CASH-VAULT,GL-1010,17360799.09,ACC-HQ
2024-09-26,CASH-BOG,CASH,GHS,40811965.14,CP-BOG,CASH-BOG,GL-1020,40811965.14,ACC-HQ
2024-09-27,CASH-VAULT,CASH,GHS,17927350.72,,CASH-VAULT,GL-1010,17927350.72,ACC-HQ
2024-09-27,CASH-BOG,CASH,GHS,39845816.35,CP-BOG,CASH-BOG,GL-1020,39845816.35,ACC-HQ
2024-09-30,CASH-VAULT,CASH,GHS,17312512.80,,CASH-VAULT,GL-1010,17312512.80,ACC-HQ
2024-09-30,CASH-BOG,CASH,GHS,40862321.18,CP-BOG,CASH-BOG,GL-1020,40862321.18,ACC-HQ
2024-10-01,CASH-VAULT,CASH,GHS,17290667.52,,CASH-VAULT,GL-1010,17290667.52,ACC-HQ
2024-10-01,CASH-BOG,CASH,GHS,39594068.42,CP-BOG,CASH-BOG,GL-1020,39594068.42,ACC-HQ
2024-10-02,CASH-VAULT,CASH,GHS,16854481.07,,CASH-VAULT,GL-1010,16854481.07,ACC-HQ
2024-10-02,CASH-BOG,CASH,GHS,39709733.52,CP-BOG,CASH-BOG,GL-1020,39709733.52,ACC-HQ
2024-10-03,CASH-VAULT,CASH,GHS,17474441.21,,CASH-VAULT,GL-1010,17474441.21,ACC-HQ
2024-10-03,CASH-BOG,CASH,GHS,38617324.06,CP-BOG,CASH-BOG,GL-1020,38617324.06,ACC-HQ
2024-10-04,CASH-VAULT,CASH,GHS,17789215.59,,CASH-VAULT,GL-1010,17789215.59,ACC-HQ
2024-10-04,CASH-BOG,CASH,GHS,38226592.02,CP-BOG,CASH-BOG,GL-1020,38226592.02,ACC-HQ
2024-10-07,CASH-VAULT,CASH,GHS,17458196.68,,CASH-VAULT,GL-1010,17458196.68,ACC-HQ
2024-10-07,CASH-BOG,CASH,GHS,38655473.77,CP-BOG,CASH-BOG,GL-1020,38655473.77,ACC-HQ
2024-10-08,CASH-VAULT,CASH,GHS,17816400.83,,CASH-VAULT,GL-1010,17816400.83,ACC-HQ
2024-10-08,CASH-BOG,CASH,GHS,38215633.33,CP-BOG,CASH-BOG,GL-1020,38215633.33,ACC-HQ
2024-10-09,CASH-VAULT,CASH,GHS,17353121.18,,CASH-VAULT,GL-1010,17353121.18,ACC-HQ
2024-10-09,CASH-BOG,CASH,GHS,39523648.58,CP-BOG,CASH-BOG,GL-1020,39523648.58,ACC-HQ
2024-10-10,CASH-VAULT,CASH,GHS,16875412.66,,CASH-VAULT,GL-1010,16875412.66,ACC-HQ
2024-10-10,CASH-BOG,CASH,GHS,39693711.53,CP-BOG,CASH-BOG,GL-1020,39693711.53,ACC-HQ
2024-10-11,CASH-VAULT,CASH,GHS,17280592.30,,CASH-VAULT,GL-1010,17280592.30,ACC-HQ
2024-10-11,CASH-BOG,CASH,GHS,39424917.22,CP-BOG,CASH-BOG,GL-1020,39424917.22,ACC-HQ
2024-10-14,CASH-VAULT,CASH,GHS,17856776.36,,CASH-VAULT,GL-1010,17856776.36,ACC-HQ
2024-10-14,CASH-BOG,CASH,GHS,38519833.20,CP-BOG,CASH-BOG,GL-1020,38519833.20,ACC-HQ
2024-10-15,CASH-VAULT,CASH,GHS,17324512.33,,CASH-VAULT,GL-1010,17324512.33,ACC-HQ
2024-10-15,CASH-BOG,CASH,GHS,39452887.26,CP-BOG,CASH-BOG,GL-1020,39452887.26,ACC-HQ
2024-10-16,CASH-VAULT,CASH,GHS,16975020.89,,CASH-VAULT,GL-1010,16975020.89,ACC-HQ
2024-10-16,CASH-BOG,CASH,GHS,39913656.66,CP-BOG,CASH-BOG,GL-1020,39913656.66,ACC-HQ
2024-10-17,CASH-VAULT,CASH,GHS,17412172.83,,CASH-VAULT,GL-1010,17412172.83,ACC-HQ
2024-10-17,CASH-BOG,CASH,GHS,38696306.69,CP-BOG,CASH-BOG,GL-1020,38696306.69,ACC-HQ
2024-10-18,CASH-VAULT,CASH,GHS,17913581.60,,CASH-VAULT,GL-1010,17913581.60,ACC-HQ
2024-10-18,CASH-BOG,CASH,GHS,38574328.95,CP-BOG,CASH-BOG,GL-1020,38574328.95,ACC-HQ
2024-10-21,CASH-VAULT,CASH,GHS,17895132.19,,CASH-VAULT,GL-1010,17895132.19,ACC-HQ
2024-10-21,CASH-BOG,CASH,GHS,38391077.29,CP-BOG,CASH-BOG,GL-1020,38391077.29,ACC-HQ
2024-10-22,CASH-VAULT,CASH,GHS,17544199.15,,CASH-VAULT,GL-1010,17544199.15,ACC-HQ
2024-10-22,CASH-BOG,CASH,GHS,38852777.36,CP-BOG,CASH-BOG,GL-1020,38852777.36,ACC-HQ
2024-10-23,CASH-VAULT,CASH,GHS,16917183.77,,CASH-VAULT,GL-1010,16917183.77,ACC-HQ
2024-10-23,CASH-BOG,CASH,GHS,39944090.71,CP-BOG,CASH-BOG,GL-1020,39944090.71,ACC-HQ
2024-10-24,CASH-VAULT,CASH,GHS,17417554.86,,CASH-VAULT,GL-1010,17417554.86,ACC-HQ
2024-10-24,CASH-BOG,CASH,GHS,39819740.57,CP-BOG,CASH-BOG,GL-1020,39819740.57,ACC-HQ
2024-10-25,CASH-VAULT,CASH,GHS,17898641.58,,CASH-VAULT,GL-1010,17898641.58,ACC-HQ
2024-10-25,CASH-BOG,CASH,GHS,38473154.68,CP-BOG,CASH-BOG,GL-1020,38473154.68,ACC-HQ
2024-10-28,CASH-VAULT,CASH,GHS,17406005.15,,CASH-VAULT,GL-1010,17406005.15,ACC-HQ
2024-10-28,CASH-BOG,CASH,GHS,39869691.98,CP-BOG,CASH-BOG,GL-1020,39869691.98,ACC-HQ
2024-10-29,CASH-VAULT,CASH,GHS,17879885.59,,CASH-VAULT,GL-1010,17879885.59,ACC-HQ
2024-10-29,CASH-BOG,CASH,GHS,38564234.20,CP-BOG,CASH-BOG,GL-1020,38564234.20,ACC-HQ
2024-10-30,CASH-VAULT,CASH,GHS,17573015.07,,CASH-VAULT,GL-1010,17573015.07,ACC-HQ
2024-10-30,CASH-BOG,CASH,GHS,38980275.70,CP-BOG,CASH-BOG,GL-1020,38980275.70,ACC-HQ
2024-10-31,CASH-VAULT,CASH,GHS,17973419.68,,CASH-VAULT,GL-1010,17973419.68,ACC-HQ
2024-10-31,CASH-BOG,CASH,GHS,38709928.11,CP-BOG,CASH-BOG,GL-1020,38709928.11,ACC-HQ
2024-11-01,CASH-VAULT,CASH,GHS,17478007.91,,CASH-VAULT,GL-1010,17478007.91,ACC-HQ
2024-11-01,CASH-BOG,CASH,GHS,38849381.68,CP-BOG,CASH-BOG,GL-1020,38849381.68,ACC-HQ
2024-11-04,CASH-VAULT,CASH,GHS,17943522.91,,CASH-VAULT,GL-1010,17943522.91,ACC-HQ
2024-11-04,CASH-BOG,CASH,GHS,38718264.83,CP-BOG,CASH-BOG,GL-1020,38718264.83,ACC-HQ
2024-11-05,CASH-VAULT,CASH,GHS,17503552.34,,CASH-VAULT,GL-1010,17503552.34,ACC-HQ
2024-11-05,CASH-BOG,CASH,GHS,38835062.00,CP-BOG,CASH-BOG,GL-1020,38835062.00,ACC-HQ
2024-11-06,CASH-VAULT,CASH,GHS,17061214.20,,CASH-VAULT,GL-1010,17061214.20,ACC-HQ
2024-11-06,CASH-BOG,CASH,GHS,40050574.66,CP-BOG,CASH-BOG,GL-1020,40050574.66,ACC-HQ
2024-11-07,CASH-VAULT,CASH,GHS,17375238.15,,CASH-VAULT,GL-1010,17375238.15,ACC-HQ
2024-11-07,CASH-BOG,CASH,GHS,39652481.77,CP-BOG,CASH-BOG,GL-1020,39652481.77,ACC-HQ
2024-11-08,CASH-VAULT,CASH,GHS,17972976.93,,CASH-VAULT,GL-1010,17972976.93,ACC-HQ
2024-11-08,CASH-BOG,CASH,GHS,38627622.82,CP-BOG,CASH-BOG,GL-1020,38627622.82,ACC-HQ
2024-11-11,CASH-VAULT,CASH,GHS,17269730.09,,CASH-VAULT,GL-1010,17269730.09,ACC-HQ
2024-11-11,CASH-BOG,CASH,GHS,39550203.01,CP-BOG,CASH-BOG,GL-1020,39550203.01,ACC-HQ
2024-11-12,CASH-VAULT,CASH,GHS,17762784.28,,CASH-VAULT,GL-1010,17762784.28,ACC-HQ
2024-11-12,CASH-BOG,CASH,GHS,38155353.72,CP-BOG,CASH-BOG,GL-1020,38155353.72,ACC-HQ
2024-11-13,CASH-VAULT,CASH,GHS,17712273.72,,CASH-VAULT,GL-1010,17712273.72,ACC-HQ
2024-11-13,CASH-BOG,CASH,GHS,39146217.24,CP-BOG,CASH-BOG,GL-1020,39146217.24,ACC-HQ
2024-11-14,CASH-VAULT,CASH,GHS,17074395.51,,CASH-VAULT,GL-1010,17074395.51,ACC-HQ
2024-11-14,CASH-BOG,CASH,GHS,40290423.42,CP-BOG,CASH-BOG,GL-1020,40290423.42,ACC-HQ
2024-11-15,CASH-VAULT,CASH,GHS,17266943.22,,CASH-VAULT,GL-1010,17266943.22,ACC-HQ
2024-11-15,CASH-BOG,CASH,GHS,39471860.07,CP-BOG,CASH-BOG,GL-1020,39471860.07,ACC-HQ
2024-11-18,CASH-VAULT,CASH,GHS,17098819.21,,CASH-VAULT,GL-1010,17098819.21,ACC-HQ
2024-11-18,CASH-BOG,CASH,GHS,40205923.94,CP-BOG,CASH-BOG,GL-1020,40205923.94,ACC-HQ
2024-11-19,CASH-VAULT,CASH,GHS,17302037.29,,CASH-VAULT,GL-1010,17302037.29,ACC-HQ
2024-11-19,CASH-BOG,CASH,GHS,39411675.76,CP-BOG,CASH-BOG,GL-1020,39411675.76,ACC-HQ
2024-11-20,CASH-VAULT,CASH,GHS,17179610.81,,CASH-VAULT,GL-1010,17179610.81,ACC-HQ
2024-11-20,CASH-BOG,CASH,GHS,40305084.79,CP-BOG,CASH-BOG,GL-1020,40305084.79,ACC-HQ
2024-11-21,CASH-VAULT,CASH,GHS,17230679.85,,CASH-VAULT,GL-1010,17230679.85,ACC-HQ
2024-11-21,CASH-BOG,CASH,GHS,39315684.86,CP-BOG,CASH-BOG,GL-1020,39315684.86,ACC-HQ
2024-11-22,CASH-VAULT,CASH,GHS,17803267.54,,CASH-VAULT,GL-1010,17803267.54,ACC-HQ
2024-11-22,CASH-BOG,CASH,GHS,38395004.41,CP-BOG,CASH-BOG,GL-1020,38395004.41,ACC-HQ
2024-11-25,CASH-VAULT,CASH,GHS,17259608.35,,CASH-VAULT,GL-1010,17259608.35,ACC-HQ
2024-11-25,CASH-BOG,CASH,GHS,39310434.44,CP-BOG,CASH-BOG,GL-1020,39310434.44,ACC-HQ
2024-11-26,CASH-VAULT,CASH,GHS,17827322.25,,CASH-VAULT,GL-1010,17827322.25,ACC-HQ
2024-11-26,CASH-BOG,CASH,GHS,38375354.60,CP-BOG,CASH-BOG,GL-1020,38375354.60,ACC-HQ
2024-11-27,CASH-VAULT,CASH,GHS,17639498.58,,CASH-VAULT,GL-1010,17639498.58,ACC-HQ
2024-11-27,CASH-BOG,CASH,GHS,39205975.41,CP-BOG,CASH-BOG,GL-1020,39205975.41,ACC-HQ
2024-11-28,CASH-VAULT,CASH,GHS,17175666.80,,CASH-VAULT,GL-1010,17175666.80,ACC-HQ
2024-11-28,CASH-BOG,CASH,GHS,40529932.51,CP-BOG,CASH-BOG,GL-1020,40529932.51,ACC-HQ
2024-11-29,CASH-VAULT,CASH,GHS,17246973.07,,CASH-VAULT,GL-1010,17246973.07,ACC-HQ
2024-11-29,CASH-BOG,CASH,GHS,39436034.52,CP-BOG,CASH-BOG,GL-1020,39436034.52,ACC-HQ
2024-11-30,CASH-VAULT,CASH,GHS,17063179.84,,CASH-VAULT,GL-1010,17063179.84,ACC-HQ
2024-11-30,CASH-BOG,CASH,GHS,40197949.97,CP-BOG,CASH-BOG,GL-1020,40197949.97,ACC-HQ
2024-12-02,CASH-VAULT,CASH,GHS,18106844.54,,CASH-VAULT,GL-1010,18106844.54,ACC-HQ
2024-12-02,CASH-BOG,CASH,GHS,38917143.90,CP-BOG,CASH-BOG,GL-1020,38917143.90,ACC-HQ
2024-12-03,CASH-VAULT,CASH,GHS,17672238.07,,CASH-VAULT,GL-1010,17672238.07,ACC-HQ
2024-12-03,CASH-BOG,CASH,GHS,39053600.41,CP-BOG,CASH-BOG,GL-1020,39053600.41,ACC-HQ
2024-12-04,CASH-VAULT,CASH,GHS,17151532.57,,CASH-VAULT,GL-1010,17151532.57,ACC-HQ
2024-12-04,CASH-BOG,CASH,GHS,40479387.88,CP-BOG,CASH-BOG,GL-1020,40479387.88,ACC-HQ
2024-12-05,CASH-VAULT,CASH,GHS,17518486.56,,CASH-VAULT,GL-1010,17518486.56,ACC-HQ
2024-12-05,CASH-BOG,CASH,GHS,40043018.26,CP-BOG,CASH-BOG,GL-1020,40043018.26,ACC-HQ
2024-12-06,CASH-VAULT,CASH,GHS,18170790.62,,CASH-VAULT,GL-1010,18170790.62,ACC-HQ
2024-12-06,CASH-BOG,CASH,GHS,38981422.14,CP-BOG,CASH-BOG,GL-1020,38981422.14,ACC-HQ
2024-12-09,CASH-VAULT,CASH,GHS,17579766.90,,CASH-VAULT,GL-1010,17579766.90,ACC-HQ
2024-12-09,CASH-BOG,CASH,GHS,40043421.67,CP-BOG,CASH-BOG,GL-1020,40043421.67,ACC-HQ
2024-12-10,CASH-VAULT,CASH,GHS,17178741.68,,CASH-VAULT,GL-1010,17178741.68,ACC-HQ
2024-12-10,CASH-BOG,CASH,GHS,40322529.83,CP-BOG,CASH-BOG,GL-1020,40322529.83,ACC-HQ
2024-12-11,CASH-VAULT,CASH,GHS,17624353.03,,CASH-VAULT,GL-1010,17624353.03,ACC-HQ
2024-12-11,CASH-BOG,CASH,GHS,40209092.15,CP-BOG,CASH-BOG,GL-1020,40209092.15,ACC-HQ
2024-12-12,CASH-VAULT,CASH,GHS,18072403.67,,CASH-VAULT,GL-1010,18072403.67,ACC-HQ
2024-12-12,CASH-BOG,CASH,GHS,38981964.25,CP-BOG,CASH-BOG,GL-1020,38981964.25,ACC-HQ
2024-12-13,CASH-VAULT,CASH,GHS,17753905.80,,CASH-VAULT,GL-1010,17753905.80,ACC-HQ
2024-12-13,CASH-BOG,CASH,GHS,39383746.93,CP-BOG,CASH-BOG,GL-1020,39383746.93,ACC-HQ
2024-12-16,CASH-VAULT,CASH,GHS,18098152.82,,CASH-VAULT,GL-1010,18098152.82,ACC-HQ
2024-12-16,CASH-BOG,CASH,GHS,38962217.74,CP-BOG,CASH-BOG,GL-1020,38962217.74,ACC-HQ
2024-12-17,CASH-VAULT,CASH,GHS,17735470.99,,CASH-VAULT,GL-1010,17735470.99,ACC-HQ
2024-12-17,CASH-BOG,CASH,GHS,39413790.94,CP-BOG,CASH-BOG,GL-1020,39413790.94,ACC-HQ
2024-12-18,CASH-VAULT,CASH,GHS,17127245.40,,CASH-VAULT,GL-1010,17127245.40,ACC-HQ
2024-12-18,CASH-BOG,CASH,GHS,40441953.65,CP-BOG,CASH-BOG,GL-1020,40441953.65,ACC-HQ
2024-12-19,CASH-VAULT,CASH,GHS,17617810.46,,CASH-VAULT,GL-1010,17617810.46,ACC-HQ
2024-12-19,CASH-BOG,CASH,GHS,40279951.83,CP-BOG,CASH-BOG,GL-1020,40279951.83,ACC-HQ
2024-12-20,CASH-VAULT,CASH,GHS,17388156.99,,CASH-VAULT,GL-1010,17388156.99,ACC-HQ
2024-12-20,CASH-BOG,CASH,GHS,39826390.62,CP-BOG,CASH-BOG,GL-1020,39826390.62,ACC-HQ
2024-12-23,CASH-VAULT,CASH,GHS,18020654.32,,CASH-VAULT,GL-1010,18020654.32,ACC-HQ
2024-12-23,CASH-BOG,CASH,GHS,38718447.36,CP-BOG,CASH-BOG,GL-1020,38718447.36,ACC-HQ
2024-12-24,CASH-VAULT,CASH,GHS,17406485.27,,CASH-VAULT,GL-1010,17406485.27,ACC-HQ
2024-12-24,CASH-BOG,CASH,GHS,39790977.19,CP-BOG,CASH-BOG,GL-1020,39790977.19,ACC-HQ
2024-12-25,CASH-VAULT,CASH,GHS,17313911.01,,CASH-VAULT,GL-1010,17313911.01,ACC-HQ
2024-12-25,CASH-BOG,CASH,GHS,40848084.55,CP-BOG,CASH-BOG,GL-1020,40848084.55,ACC-HQ
2024-12-26,CASH-VAULT,CASH,GHS,17820705.90,,CASH-VAULT,GL-1010,17820705.90,ACC-HQ
2024-12-26,CASH-BOG,CASH,GHS,39457026.70,CP-BOG,CASH-BOG,GL-1020,39457026.70,ACC-HQ
2024-12-27,CASH-VAULT,CASH,GHS,18031110.63,,CASH-VAULT,GL-1010,18031110.63,ACC-HQ
2024-12-27,CASH-BOG,CASH,GHS,38665730.47,CP-BOG,CASH-BOG,GL-1020,38665730.47,ACC-HQ
2024-12-30,CASH-VAULT,CASH,GHS,17469306.32,,CASH-VAULT,GL-1010,17469306.32,ACC-HQ
2024-12-30,CASH-BOG,CASH,GHS,39861031.00,CP-BOG,CASH-BOG,GL-1020,39861031.00,ACC-HQ
2024-12-31,CASH-VAULT,CASH,GHS,17297800.28,,CASH-VAULT,GL-1010,17297800.28,ACC-HQ
2024-12-31,CASH-BOG,CASH,GHS,40591296.53,CP-BOG,CASH-BOG,GL-1020,40591296.53,ACC-HQ
2025-01-01,CASH-VAULT,CASH,GHS,17790185.02,,CASH-VAULT,GL-1010,17790185.02,ACC-HQ
2025-01-01,CASH-BOG,CASH,GHS,39469057.57,CP-BOG,CASH-BOG,GL-1020,39469057.57,ACC-HQ
2025-01-02,CASH-VAULT,CASH,GHS,17823441.79,,CASH-VAULT,GL-1010,17823441.79,ACC-HQ
2025-01-02,CASH-BOG,CASH,GHS,38433068.82,CP-BOG,CASH-BOG,GL-1020,38433068.82,ACC-HQ
2025-01-03,CASH-VAULT,CASH,GHS,17411282.15,,CASH-VAULT,GL-1010,17411282.15,ACC-HQ
2025-01-03,CASH-BOG,CASH,GHS,39651123.99,CP-BOG,CASH-BOG,GL-1020,39651123.99,ACC-HQ
2025-01-06,CASH-VAULT,CASH,GHS,17875128.93,,CASH-VAULT,GL-1010,17875128.93,ACC-HQ
2025-01-06,CASH-BOG,CASH,GHS,38471202.37,CP-BOG,CASH-BOG,GL-1020,38471202.37,ACC-HQ
2025-01-07,CASH-VAULT,CASH,GHS,17406449.90,,CASH-VAULT,GL-1010,17406449.90,ACC-HQ
2025-01-07,CASH-BOG,CASH,GHS,39799702.30,CP-BOG,CASH-BOG,GL-1020,39799702.30,ACC-HQ
2025-01-08,CASH-VAULT,CASH,GHS,17191067.25,,CASH-VAULT,GL-1010,17191067.25,ACC-HQ
2025-01-08,CASH-BOG,CASH,GHS,40576705.66,CP-BOG,CASH-BOG,GL-1020,40576705.66,ACC-HQ
2025-01-09,CASH-VAULT,CASH,GHS,17539280.00,,CASH-VAULT,GL-1010,17539280.00,ACC-HQ
2025-01-09,CASH-BOG,CASH,GHS,40163005.09,CP-BOG,CASH-BOG,GL-1020,40163005.09,ACC-HQ
2025-01-10,CASH-VAULT,CASH,GHS,17087353.02,,CASH-VAULT,GL-1010,17087353.02,ACC-HQ
2025-01-10,CASH-BOG,CASH,GHS,40259146.58,CP-BOG,CASH-BOG,GL-1020,40259146.58,ACC-HQ
2025-01-13,CASH-VAULT,CASH,GHS,17576130.73,,CASH-VAULT,GL-1010,17576130.73,ACC-HQ
2025-01-13,CASH-BOG,CASH,GHS,40175475.95,CP-BOG,CASH-BOG,GL-1020,40175475.95,ACC-HQ
2025-01-14,CASH-VAULT,CASH,GHS,17100014.56,,CASH-VAULT,GL-1010,17100014.56,ACC-HQ
2025-01-14,CASH-BOG,CASH,GHS,40367799.30,CP-BOG,CASH-BOG,GL-1020,40367799.30,ACC-HQ
2025-01-15,CASH-VAULT,CASH,GHS,17746853.33,,CASH-VAULT,GL-1010,17746853.33,ACC-HQ
2025-01-15,CASH-BOG,CASH,GHS,39294870.63,CP-BOG,CASH-BOG,GL-1020,39294870.63,ACC-HQ
2025-01-16,CASH-VAULT,CASH,GHS,18098576.76,,CASH-VAULT,GL-1010,18098576.76,ACC-HQ
2025-01-16,CASH-BOG,CASH,GHS,38819921.90,CP-BOG,CASH-BOG,GL-1020,38819921.90,ACC-HQ
2025-01-17,CASH-VAULT,CASH,GHS,17630476.30,,CASH-VAULT,GL-1010,17630476.30,ACC-HQ
2025-01-17,CASH-BOG,CASH,GHS,40155620.02,CP-BOG,CASH-BOG,GL-1020,40155620.02,ACC-HQ
2025-01-20,CASH-VAULT,CASH,GHS,17245460.51,,CASH-VAULT,GL-1010,17245460.51,ACC-HQ
2025-01-20,CASH-BOG,CASH,GHS,40472077.55,CP-BOG,CASH-BOG,GL-1020,40472077.55,ACC-HQ
2025-01-21,CASH-VAULT,CASH,GHS,17696185.23,,CASH-VAULT,GL-1010,17696185.23,ACC-HQ
2025-01-21,CASH-BOG,CASH,GHS,39250557.13,CP-BOG,CASH-BOG,GL-1020,39250557.13,ACC-HQ
2025-01-22,CASH-VAULT,CASH,GHS,18160899.46,,CASH-VAULT,GL-1010,18160899.46,ACC-HQ
2025-01-22,CASH-BOG,CASH,GHS,39176734.61,CP-BOG,CASH-BOG,GL-1020,39176734.61,ACC-HQ
2025-01-23,CASH-VAULT,CASH,GHS,17598067.55,,CASH-VAULT,GL-1010,17598067.55,ACC-HQ
2025-01-23,CASH-BOG,CASH,GHS,40076100.28,CP-BOG,CASH-BOG,GL-1020,40076100.28,ACC-HQ
2025-01-24,CASH-VAULT,CASH,GHS,17256379.02,,CASH-VAULT,GL-1010,17256379.02,ACC-HQ
2025-01-24,CASH-BOG,CASH,GHS,40574491.88,CP-BOG,CASH-BOG,GL-1020,40574491.88,ACC-HQ
2025-01-27,CASH-VAULT,CASH,GHS,17576674.97,,CASH-VAULT,GL-1010,17576674.97,ACC-HQ
2025-01-27,CASH-BOG,CASH,GHS,40185610.66,CP-BOG,CASH-BOG,GL-1020,40185610.66,ACC-HQ
2025-01-28,CASH-VAULT,CASH,GHS,17223918.82,,CASH-VAULT,GL-1010,17223918.82,ACC-HQ
2025-01-28,CASH-BOG,CASH,GHS,40659431.13,CP-BOG,CASH-BOG,GL-1020,40659431.13,ACC-HQ
2025-01-29,CASH-VAULT,CASH,GHS,18146106.50,,CASH-VAULT,GL-1010,18146106.50,ACC-HQ
2025-01-29,CASH-BOG,CASH,GHS,38928735.84,CP-BOG,CASH-BOG,GL-1020,38928735.84,ACC-HQ
2025-01-30,CASH-VAULT,CASH,GHS,17800011.00,,CASH-VAULT,GL-1010,17800011.00,ACC-HQ
2025-01-30,CASH-BOG,CASH,GHS,39419619.28,CP-BOG,CASH-BOG,GL-1020,39419619.28,ACC-HQ
2025-01-31,CASH-VAULT,CASH,GHS,17157120.90,,CASH-VAULT,GL-1010,17157120.90,ACC-HQ
2025-01-31,CASH-BOG,CASH,GHS,40509578.35,CP-BOG,CASH-BOG,GL-1020,40509578.35,ACC-HQ
2025-02-03,CASH-VAULT,CASH,GHS,17801349.97,,CASH-VAULT,GL-1010,17801349.97,ACC-HQ
2025-02-03,CASH-BOG,CASH,GHS,39350920.36,CP-BOG,CASH-BOG,GL-1020,39350920.36,ACC-HQ
2025-02-04,CASH-VAULT,CASH,GHS,17166003.34,,CASH-VAULT,GL-1010,17166003.34,ACC-HQ
2025-02-04,CASH-BOG,CASH,GHS,40456570.14,CP-BOG,CASH-BOG,GL-1020,40456570.14,ACC-HQ
2025-02-05,CASH-VAULT,CASH,GHS,17623458.65,,CASH-VAULT,GL-1010,17623458.65,ACC-HQ
2025-02-05,CASH-BOG,CASH,GHS,40367484.93,CP-BOG,CASH-BOG,GL-1020,40367484.93,ACC-HQ
2025-02-06,CASH-VAULT,CASH,GHS,18102469.38,,CASH-VAULT,GL-1010,18102469.38,ACC-HQ
2025-02-06,CASH-BOG,CASH,GHS,39044992.69,CP-BOG,CASH-BOG,GL-1020,39044992.69,ACC-HQ
2025-02-07,CASH-VAULT,CASH,GHS,17770691.41,,CASH-VAULT,GL-1010,17770691.41,ACC-HQ
2025-02-07,CASH-BOG,CASH,GHS,39418460.13,CP-BOG,CASH-BOG,GL-1020,39418460.13,ACC-HQ
2025-02-10,CASH-VAULT,CASH,GHS,17249212.50,,CASH-VAULT,GL-1010,17249212.50,ACC-HQ
2025-02-10,CASH-BOG,CASH,GHS,40564748.08,CP-BOG,CASH-BOG,GL-1020,40564748.08,ACC-HQ
2025-02-11,CASH-VAULT,CASH,GHS,17592860.14,,CASH-VAULT,GL-1010,17592860.14,ACC-HQ
2025-02-11,CASH-BOG,CASH,GHS,40071177.99,CP-BOG,CASH-BOG,GL-1020,40071177.99,ACC-HQ
2025-02-12,CASH-VAULT,CASH,GHS,18155289.92,,CASH-VAULT,GL-1010,18155289.92,ACC-HQ
2025-02-12,CASH-BOG,CASH,GHS,39175887.26,CP-BOG,CASH-BOG,GL-1020,39175887.26,ACC-HQ
2025-02-13,CASH-VAULT,CASH,GHS,17694791.46,,CASH-VAULT,GL-1010,17694791.46,ACC-HQ
2025-02-13,CASH-BOG,CASH,GHS,39259073.91,CP-BOG,CASH-BOG,GL-1020,39259073.91,ACC-HQ
2025-02-14,CASH-VAULT,CASH,GHS,17250173.21,,CASH-VAULT,GL-1010,17250173.21,ACC-HQ
2025-02-14,CASH-BOG,CASH,GHS,40495061.57,CP-BOG,CASH-BOG,GL-1020,40495061.57,ACC-HQ
2025-02-17,CASH-VAULT,CASH,GHS,17731885.90,,CASH-VAULT,GL-1010,17731885.90,ACC-HQ
2025-02-17,CASH-BOG,CASH,GHS,39182683.09,CP-BOG,CASH-BOG,GL-1020,39182683.09,ACC-HQ
2025-02-18,CASH-VAULT,CASH,GHS,17306903.40,,CASH-VAULT,GL-1010,17306903.40,ACC-HQ
2025-02-18,CASH-BOG,CASH,GHS,40771404.46,CP-BOG,CASH-BOG,GL-1020,40771404.46,ACC-HQ
2025-02-19,CASH-VAULT,CASH,GHS,17491255.82,,CASH-VAULT,GL-1010,17491255.82,ACC-HQ
2025-02-19,CASH-BOG,CASH,GHS,40067080.92,CP-BOG,CASH-BOG,GL-1020,40067080.92,ACC-HQ
2025-02-20,CASH-VAULT,CASH,GHS,18006444.10,,CASH-VAULT,GL-1010,18006444.10,ACC-HQ
2025-02-20,CASH-BOG,CASH,GHS,38688374.18,CP-BOG,CASH-BOG,GL-1020,38688374.18,ACC-HQ
2025-02-21,CASH-VAULT,CASH,GHS,17954378.89,,CASH-VAULT,GL-1010,17954378.89,ACC-HQ
2025-02-21,CASH-BOG,CASH,GHS,39690411.11,CP-BOG,CASH-BOG,GL-1020,39690411.11,ACC-HQ
2025-02-24,CASH-VAULT,CASH,GHS,18032773.27,,CASH-VAULT,GL-1010,18032773.27,ACC-HQ
2025-02-24,CASH-BOG,CASH,GHS,38673310.16,CP-BOG,CASH-BOG,GL-1020,38673310.16,ACC-HQ
2025-02-25,CASH-VAULT,CASH,GHS,17974640.18,,CASH-VAULT,GL-1010,17974640.18,ACC-HQ
2025-02-25,CASH-BOG,CASH,GHS,39812780.30,CP-BOG,CASH-BOG,GL-1020,39812780.30,ACC-HQ
2025-02-26,CASH-VAULT,CASH,GHS,17377225.18,,CASH-VAULT,GL-1010,17377225.18,ACC-HQ
2025-02-26,CASH-BOG,CASH,GHS,40850711.12,CP-BOG,CASH-BOG,GL-1020,40850711.12,ACC-HQ
2025-02-27,CASH-VAULT,CASH,GHS,17581212.89,,CASH-VAULT,GL-1010,17581212.89,ACC-HQ
2025-02-27,CASH-BOG,CASH,GHS,40038355.86,CP-BOG,CASH-BOG,GL-1020,40038355.86,ACC-HQ
2025-02-28,CASH-VAULT,CASH,GHS,17459791.04,,CASH-VAULT,GL-1010,17459791.04,ACC-HQ
2025-02-28,CASH-BOG,CASH,GHS,40972293.09,CP-BOG,CASH-BOG,GL-1020,40972293.09,ACC-HQ
2025-03-03,CASH-VAULT,CASH,GHS,18286221.43,,CASH-VAULT,GL-1010,18286221.43,ACC-HQ
2025-03-03,CASH-BOG,CASH,GHS,40574946.85,CP-BOG,CASH-BOG,GL-1020,40574946.85,ACC-HQ
2025-03-04,CASH-VAULT,CASH,GHS,17829742.22,,CASH-VAULT,GL-1010,17829742.22,ACC-HQ
2025-03-04,CASH-BOG,CASH,GHS,41920515.73,CP-BOG,CASH-BOG,GL-1020,41920515.73,ACC-HQ
2025-03-05,CASH-VAULT,CASH,GHS,17902116.18,,CASH-VAULT,GL-1010,17902116.18,ACC-HQ
2025-03-05,CASH-BOG,CASH,GHS,40783551.35,CP-BOG,CASH-BOG,GL-1020,40783551.35,ACC-HQ
2025-03-06,CASH-VAULT,CASH,GHS,18499351.47,,CASH-VAULT,GL-1010,18499351.47,ACC-HQ
2025-03-06,CASH-BOG,CASH,GHS,39831665.27,CP-BOG,CASH-BOG,GL-1020,39831665.27,ACC-HQ
2025-03-07,CASH-VAULT,CASH,GHS,18294236.34,,CASH-VAULT,GL-1010,18294236.34,ACC-HQ
2025-03-07,CASH-BOG,CASH,GHS,40670596.78,CP-BOG,CASH-BOG,GL-1020,40670596.78,ACC-HQ
2025-03-10,CASH-VAULT,CASH,GHS,17695903.73,,CASH-VAULT,GL-1010,17695903.73,ACC-HQ
2025-03-10,CASH-BOG,CASH,GHS,41697752.93,CP-BOG,CASH-BOG,GL-1020,41697752.93,ACC-HQ
2025-03-11,CASH-VAULT,CASH,GHS,18017837.16,,CASH-VAULT,GL-1010,18017837.16,ACC-HQ
2025-03-11,CASH-BOG,CASH,GHS,41274496.89,CP-BOG,CASH-BOG,GL-1020,41274496.89,ACC-HQ
2025-03-12,CASH-VAULT,CASH,GHS,18772695.95,,CASH-VAULT,GL-1010,18772695.95,ACC-HQ
2025-03-12,CASH-BOG,CASH,GHS,40358232.71,CP-BOG,CASH-BOG,GL-1020,40358232.71,ACC-HQ
2025-03-13,CASH-VAULT,CASH,GHS,18307727.10,,CASH-VAULT,GL-1010,18307727.10,ACC-HQ
2025-03-13,CASH-BOG,CASH,GHS,40467382.05,CP-BOG,CASH-BOG,GL-1020,40467382.05,ACC-HQ
2025-03-14,CASH-VAULT,CASH,GHS,17760176.89,,CASH-VAULT,GL-1010,17760176.89,ACC-HQ
2025-03-14,CASH-BOG,CASH,GHS,41926315.25,CP-BOG,CASH-BOG,GL-1020,41926315.25,ACC-HQ
2025-03-17,CASH-VAULT,CASH,GHS,18281549.74,,CASH-VAULT,GL-1010,18281549.74,ACC-HQ
2025-03-17,CASH-BOG,CASH,GHS,40483856.39,CP-BOG,CASH-BOG,GL-1020,40483856.39,ACC-HQ
2025-03-18,CASH-VAULT,CASH,GHS,17793991.06,,CASH-VAULT,GL-1010,17793991.06,ACC-HQ
2025-03-18,CASH-BOG,CASH,GHS,41839405.68,CP-BOG,CASH-BOG,GL-1020,41839405.68,ACC-HQ
2025-03-19,CASH-VAULT,CASH,GHS,18163678.25,,CASH-VAULT,GL-1010,18163678.25,ACC-HQ
2025-03-19,CASH-BOG,CASH,GHS,41363915.38,CP-BOG,CASH-BOG,GL-1020,41363915.38,ACC-HQ
2025-03-20,CASH-VAULT,CASH,GHS,17741487.04,,CASH-VAULT,GL-1010,17741487.04,ACC-HQ
2025-03-20,CASH-BOG,CASH,GHS,41653532.72,CP-BOG,CASH-BOG,GL-1020,41653532.72,ACC-HQ
2025-03-21,CASH-VAULT,CASH,GHS,18203446.45,,CASH-VAULT,GL-1010,18203446.45,ACC-HQ
2025-03-21,CASH-BOG,CASH,GHS,41539760.46,CP-BOG,CASH-BOG,GL-1020,41539760.46,ACC-HQ
2025-03-24,CASH-VAULT,CASH,GHS,17708581.47,,CASH-VAULT,GL-1010,17708581.47,ACC-HQ
2025-03-24,CASH-BOG,CASH,GHS,41653579.88,CP-BOG,CASH-BOG,GL-1020,41653579.88,ACC-HQ
2025-03-25,CASH-VAULT,CASH,GHS,18213836.74,,CASH-VAULT,GL-1010,18213836.74,ACC-HQ
2025-03-25,CASH-BOG,CASH,GHS,41484077.27,CP-BOG,CASH-BOG,GL-1020,41484077.27,ACC-HQ
2025-03-26,CASH-VAULT,CASH,GHS,18670259.19,,CASH-VAULT,GL-1010,18670259.19,ACC-HQ
2025-03-26,CASH-BOG,CASH,GHS,40203559.13,CP-BOG,CASH-BOG,GL-1020,40203559.13,ACC-HQ
2025-03-27,CASH-VAULT,CASH,GHS,18404585.59,,CASH-VAULT,GL-1010,18404585.59,ACC-HQ
2025-03-27,CASH-BOG,CASH,GHS,40910216.11,CP-BOG,CASH-BOG,GL-1020,40910216.11,ACC-HQ
2025-03-28,CASH-VAULT,CASH,GHS,17779987.22,,CASH-VAULT,GL-1010,17779987.22,ACC-HQ
2025-03-28,CASH-BOG,CASH,GHS,41973926.78,CP-BOG,CASH-BOG,GL-1020,41973926.78,ACC-HQ
2025-03-31,CASH-VAULT,CASH,GHS,18017415.72,,CASH-VAULT,GL-1010,18017415.72,ACC-HQ
2025-03-31,CASH-BOG,CASH,GHS,42439365.71,CP-BOG,CASH-BOG,GL-1020,42439365.71,ACC-HQ
2025-04-01,CASH-VAULT,CASH,GHS,18182185.52,,CASH-VAULT,GL-1010,18182185.52,ACC-HQ
2025-04-01,CASH-BOG,CASH,GHS,40194839.44,CP-BOG,CASH-BOG,GL-1020,40194839.44,ACC-HQ
2025-04-02,CASH-VAULT,CASH,GHS,18349554.15,,CASH-VAULT,GL-1010,18349554.15,ACC-HQ
2025-04-02,CASH-BOG,CASH,GHS,39433863.27,CP-BOG,CASH-BOG,GL-1020,39433863.27,ACC-HQ
2025-04-03,CASH-VAULT,CASH,GHS,17733511.79,,CASH-VAULT,GL-1010,17733511.79,ACC-HQ
2025-04-03,CASH-BOG,CASH,GHS,40548242.12,CP-BOG,CASH-BOG,GL-1020,40548242.12,ACC-HQ
2025-04-04,CASH-VAULT,CASH,GHS,17654607.10,,CASH-VAULT,GL-1010,17654607.10,ACC-HQ
2025-04-04,CASH-BOG,CASH,GHS,41661039.02,CP-BOG,CASH-BOG,GL-1020,41661039.02,ACC-HQ
2025-04-07,CASH-VAULT,CASH,GHS,17797945.11,,CASH-VAULT,GL-1010,17797945.11,ACC-HQ
2025-04-07,CASH-BOG,CASH,GHS,40536295.74,CP-BOG,CASH-BOG,GL-1020,40536295.74,ACC-HQ
2025-04-08,CASH-VAULT,CASH,GHS,17712769.95,,CASH-VAULT,GL-1010,17712769.95,ACC-HQ
2025-04-08,CASH-BOG,CASH,GHS,41636959.88,CP-BOG,CASH-BOG,GL-1020,41636959.88,ACC-HQ
2025-04-09,CASH-VAULT,CASH,GHS,17844360.03,,CASH-VAULT,GL-1010,17844360.03,ACC-HQ
2025-04-09,CASH-BOG,CASH,GHS,40726536.11,CP-BOG,CASH-BOG,GL-1020,40726536.11,ACC-HQ
2025-04-10,CASH-VAULT,CASH,GHS,17685430.84,,CASH-VAULT,GL-1010,17685430.84,ACC-HQ
2025-04-10,CASH-BOG,CASH,GHS,41510299.51,CP-BOG,CASH-BOG,GL-1020,41510299.51,ACC-HQ
2025-04-11,CASH-VAULT,CASH,GHS,18270451.51,,CASH-VAULT,GL-1010,18270451.51,ACC-HQ
2025-04-11,CASH-BOG,CASH,GHS,40543872.14,CP-BOG,CASH-BOG,GL-1020,40543872.14,ACC-HQ
2025-04-14,CASH-VAULT,CASH,GHS,17685921.64,,CASH-VAULT,GL-1010,17685921.64,ACC-HQ
2025-04-14,CASH-BOG,CASH,GHS,41587298.26,CP-BOG,CASH-BOG,GL-1020,41587298.26,ACC-HQ
2025-04-15,CASH-VAULT,CASH,GHS,18280186.18,,CASH-VAULT,GL-1010,18280186.18,ACC-HQ
2025-04-15,CASH-BOG,CASH,GHS,40639372.62,CP-BOG,CASH-BOG,GL-1020,40639372.62,ACC-HQ
2025-04-16,CASH-VAULT,CASH,GHS,18369751.13,,CASH-VAULT,GL-1010,18369751.13,ACC-HQ
2025-04-16,CASH-BOG,CASH,GHS,39544729.24,CP-BOG,CASH-BOG,GL-1020,39544729.24,ACC-HQ
2025-04-17,CASH-VAULT,CASH,GHS,17895974.92,,CASH-VAULT,GL-1010,17895974.92,ACC-HQ
2025-04-17,CASH-BOG,CASH,GHS,40909487.37,CP-BOG,CASH-BOG,GL-1020,40909487.37,ACC-HQ
2025-04-18,CASH-VAULT,CASH,GHS,17684931.51,,CASH-VAULT,GL-1010,17684931.51,ACC-HQ
2025-04-18,CASH-BOG,CASH,GHS,41732021.72,CP-BOG,CASH-BOG,GL-1020,41732021.72,ACC-HQ
2025-04-21,CASH-VAULT,CASH,GHS,18220733.05,,CASH-VAULT,GL-1010,18220733.05,ACC-HQ
2025-04-21,CASH-BOG,CASH,GHS,40275855.17,CP-BOG,CASH-BOG,GL-1020,40275855.17,ACC-HQ
2025-04-22,CASH-VAULT,CASH,GHS,18560315.97,,CASH-VAULT,GL-1010,18560315.97,ACC-HQ
2025-04-22,CASH-BOG,CASH,GHS,39893315.79,CP-BOG,CASH-BOG,GL-1020,39893315.79,ACC-HQ
2025-04-23,CASH-VAULT,CASH,GHS,18055670.16,,CASH-VAULT,GL-1010,18055670.16,ACC-HQ
2025-04-23,CASH-BOG,CASH,GHS,41281325.47,CP-BOG,CASH-BOG,GL-1020,41281325.47,ACC-HQ
2025-04-24,CASH-VAULT,CASH,GHS,17571628.36,,CASH-VAULT,GL-1010,17571628.36,ACC-HQ
2025-04-24,CASH-BOG,CASH,GHS,41490301.83,CP-BOG,CASH-BOG,GL-1020,41490301.83,ACC-HQ
2025-04-25,CASH-VAULT,CASH,GHS,18219563.49,,CASH-VAULT,GL-1010,18219563.49,ACC-HQ
2025-04-25,CASH-BOG,CASH,GHS,40350918.18,CP-BOG,CASH-BOG,GL-1020,40350918.18,ACC-HQ
2025-04-28,CASH-VAULT,CASH,GHS,17605738.35,,CASH-VAULT,GL-1010,17605738.35,ACC-HQ
2025-04-28,CASH-BOG,CASH,GHS,41401366.67,CP-BOG,CASH-BOG,GL-1020,41401366.67,ACC-HQ
2025-04-29,CASH-VAULT,CASH,GHS,18016796.78,,CASH-VAULT,GL-1010,18016796.78,ACC-HQ
2025-04-29,CASH-BOG,CASH,GHS,41114035.02,CP-BOG,CASH-BOG,GL-1020,41114035.02,ACC-HQ
2025-04-30,CASH-VAULT,CASH,GHS,17679713.01,,CASH-VAULT,GL-1010,17679713.01,ACC-HQ
2025-04-30,CASH-BOG,CASH,GHS,41500655.54,CP-BOG,CASH-BOG,GL-1020,41500655.54,ACC-HQ
2025-05-01,CASH-VAULT,CASH,GHS,18123234.29,,CASH-VAULT,GL-1010,18123234.29,ACC-HQ
2025-05-01,CASH-BOG,CASH,GHS,40207052.09,CP-BOG,CASH-BOG,GL-1020,40207052.09,ACC-HQ
2025-05-02,CASH-VAULT,CASH,GHS,18599560.27,,CASH-VAULT,GL-1010,18599560.27,ACC-HQ
2025-05-02,CASH-BOG,CASH,GHS,40132648.15,CP-BOG,CASH-BOG,GL-1020,40132648.15,ACC-HQ
2025-05-05,CASH-VAULT,CASH,GHS,18109125.81,,CASH-VAULT,GL-1010,18109125.81,ACC-HQ
2025-05-05,CASH-BOG,CASH,GHS,40255042.27,CP-BOG,CASH-BOG,GL-1020,40255042.27,ACC-HQ
2025-05-06,CASH-VAULT,CASH,GHS,18592862.46,,CASH-VAULT,GL-1010,18592862.46,ACC-HQ
2025-05-06,CASH-BOG,CASH,GHS,40045202.56,CP-BOG,CASH-BOG,GL-1020,40045202.56,ACC-HQ
2025-05-07,CASH-VAULT,CASH,GHS,17975932.89,,CASH-VAULT,GL-1010,17975932.89,ACC-HQ
2025-05-07,CASH-BOG,CASH,GHS,41088953.15,CP-BOG,CASH-BOG,GL-1020,41088953.15,ACC-HQ
2025-05-08,CASH-VAULT,CASH,GHS,17621966.14,,CASH-VAULT,GL-1010,17621966.14,ACC-HQ
2025-05-08,CASH-BOG,CASH,GHS,41588737.01,CP-BOG,CASH-BOG,GL-1020,41588737.01,ACC-HQ
2025-05-09,CASH-VAULT,CASH,GHS,18557477.74,,CASH-VAULT,GL-1010,18557477.74,ACC-HQ
2025-05-09,CASH-BOG,CASH,GHS,39802283.44,CP-BOG,CASH-BOG,GL-1020,39802283.44,ACC-HQ
2025-05-12,CASH-VAULT,CASH,GHS,18034495.90,,CASH-VAULT,GL-1010,18034495.90,ACC-HQ
2025-05-12,CASH-BOG,CASH,GHS,41221008.44,CP-BOG,CASH-BOG,GL-1020,41221008.44,ACC-HQ
2025-05-13,CASH-VAULT,CASH,GHS,18542545.25,,CASH-VAULT,GL-1010,18542545.25,ACC-HQ
2025-05-13,CASH-BOG,CASH,GHS,39848319.94,CP-BOG,CASH-BOG,GL-1020,39848319.94,ACC-HQ
2025-05-14,CASH-VAULT,CASH,GHS,18207521.22,,CASH-VAULT,GL-1010,18207521.22,ACC-HQ
2025-05-14,CASH-BOG,CASH,GHS,40239522.47,CP-BOG,CASH-BOG,GL-1020,40239522.47,ACC-HQ
2025-05-15,CASH-VAULT,CASH,GHS,17555599.57,,CASH-VAULT,GL-1010,17555599.57,ACC-HQ
2025-05-15,CASH-BOG,CASH,GHS,41365366.76,CP-BOG,CASH-BOG,GL-1020,41365366.76,ACC-HQ
2025-05-16,CASH-VAULT,CASH,GHS,18036070.02,,CASH-VAULT,GL-1010,18036070.02,ACC-HQ
2025-05-16,CASH-BOG,CASH,GHS,41302771.11,CP-BOG,CASH-BOG,GL-1020,41302771.11,ACC-HQ
2025-05-19,CASH-VAULT,CASH,GHS,18600546.43,,CASH-VAULT,GL-1010,18600546.43,ACC-HQ
2025-05-19,CASH-BOG,CASH,GHS,40050028.40,CP-BOG,CASH-BOG,GL-1020,40050028.40,ACC-HQ
2025-05-20,CASH-VAULT,CASH,GHS,18118919.98,,CASH-VAULT,GL-1010,18118919.98,ACC-HQ
2025-05-20,CASH-BOG,CASH,GHS,40264856.70,CP-BOG,CASH-BOG,GL-1020,40264856.70,ACC-HQ
2025-05-21,CASH-VAULT,CASH,GHS,17706361.92,,CASH-VAULT,GL-1010,17706361.92,ACC-HQ
2025-05-21,CASH-BOG,CASH,GHS,41630557.08,CP-BOG,CASH-BOG,GL-1020,41630557.08,ACC-HQ
2025-05-22,CASH-VAULT,CASH,GHS,18074292.35,,CASH-VAULT,GL-1010,18074292.35,ACC-HQ
2025-05-22,CASH-BOG,CASH,GHS,41157995.95,CP-BOG,CASH-BOG,GL-1020,41157995.95,ACC-HQ
2025-05-23,CASH-VAULT,CASH,GHS,18659699.48,,CASH-VAULT,GL-1010,18659699.48,ACC-HQ
2025-05-23,CASH-BOG,CASH,GHS,40255398.05,CP-BOG,CASH-BOG,GL-1020,40255398.05,ACC-HQ
2025-05-26,CASH-VAULT,CASH,GHS,18090034.95,,CASH-VAULT,GL-1010,18090034.95,ACC-HQ
2025-05-26,CASH-BOG,CASH,GHS,41273966.66,CP-BOG,CASH-BOG,GL-1020,41273966.66,ACC-HQ
2025-05-27,CASH-VAULT,CASH,GHS,18716449.81,,CASH-VAULT,GL-1010,18716449.81,ACC-HQ
2025-05-27,CASH-BOG,CASH,GHS,40235316.39,CP-BOG,CASH-BOG,GL-1020,40235316.39,ACC-HQ
2025-05-28,CASH-VAULT,CASH,GHS,18250985.21,,CASH-VAULT,GL-1010,18250985.21,ACC-HQ
2025-05-28,CASH-BOG,CASH,GHS,40339492.43,CP-BOG,CASH-BOG,GL-1020,40339492.43,ACC-HQ
2025-05-29,CASH-VAULT,CASH,GHS,17793269.23,,CASH-VAULT,GL-1010,17793269.23,ACC-HQ
2025-05-29,CASH-BOG,CASH,GHS,41995637.91,CP-BOG,CASH-BOG,GL-1020,41995637.91,ACC-HQ
2025-05-30,CASH-VAULT,CASH,GHS,18027112.99,,CASH-VAULT,GL-1010,18027112.99,ACC-HQ
2025-05-30,CASH-BOG,CASH,GHS,41216430.35,CP-BOG,CASH-BOG,GL-1020,41216430.35,ACC-HQ
2025-05-31,CASH-VAULT,CASH,GHS,18549068.35,,CASH-VAULT,GL-1010,18549068.35,ACC-HQ
2025-05-31,CASH-BOG,CASH,GHS,39779098.59,CP-BOG,CASH-BOG,GL-1020,39779098.59,ACC-HQ
2025-06-02,CASH-VAULT,CASH,GHS,18205010.29,,CASH-VAULT,GL-1010,18205010.29,ACC-HQ
2025-06-02,CASH-BOG,CASH,GHS,42888720.46,CP-BOG,CASH-BOG,GL-1020,42888720.46,ACC-HQ
2025-06-03,CASH-VAULT,CASH,GHS,18380886.99,,CASH-VAULT,GL-1010,18380886.99,ACC-HQ
2025-06-03,CASH-BOG,CASH,GHS,42107763.20,CP-BOG,CASH-BOG,GL-1020,42107763.20,ACC-HQ
2025-06-04,CASH-VAULT,CASH,GHS,18920604.94,,CASH-VAULT,GL-1010,18920604.94,ACC-HQ
2025-06-04,CASH-BOG,CASH,GHS,40654055.16,CP-BOG,CASH-BOG,GL-1020,40654055.16,ACC-HQ
2025-06-05,CASH-VAULT,CASH,GHS,18921691.01,,CASH-VAULT,GL-1010,18921691.01,ACC-HQ
2025-06-05,CASH-BOG,CASH,GHS,41831579.00,CP-BOG,CASH-BOG,GL-1020,41831579.00,ACC-HQ
2025-06-06,CASH-VAULT,CASH,GHS,18291313.49,,CASH-VAULT,GL-1010,18291313.49,ACC-HQ
2025-06-06,CASH-BOG,CASH,GHS,42920164.74,CP-BOG,CASH-BOG,GL-1020,42920164.74,ACC-HQ
2025-06-09,CASH-VAULT,CASH,GHS,18425400.10,,CASH-VAULT,GL-1010,18425400.10,ACC-HQ
2025-06-09,CASH-BOG,CASH,GHS,41972961.55,CP-BOG,CASH-BOG,GL-1020,41972961.55,ACC-HQ
2025-06-10,CASH-VAULT,CASH,GHS,19031516.42,,CASH-VAULT,GL-1010,19031516.42,ACC-HQ
2025-06-10,CASH-BOG,CASH,GHS,40975913.86,CP-BOG,CASH-BOG,GL-1020,40975913.86,ACC-HQ
2025-06-11,CASH-VAULT,CASH,GHS,18798602.93,,CASH-VAULT,GL-1010,18798602.93,ACC-HQ
2025-06-11,CASH-BOG,CASH,GHS,41789169.53,CP-BOG,CASH-BOG,GL-1020,41789169.53,ACC-HQ
2025-06-12,CASH-VAULT,CASH,GHS,18360761.56,,CASH-VAULT,GL-1010,18360761.56,ACC-HQ
2025-06-12,CASH-BOG,CASH,GHS,43088218.21,CP-BOG,CASH-BOG,GL-1020,43088218.21,ACC-HQ
2025-06-13,CASH-VAULT,CASH,GHS,18401023.52,,CASH-VAULT,GL-1010,18401023.52,ACC-HQ
2025-06-13,CASH-BOG,CASH,GHS,41998561.07,CP-BOG,CASH-BOG,GL-1020,41998561.07,ACC-HQ
2025-06-16,CASH-VAULT,CASH,GHS,18325126.84,,CASH-VAULT,GL-1010,18325126.84,ACC-HQ
2025-06-16,CASH-BOG,CASH,GHS,43151033.98,CP-BOG,CASH-BOG,GL-1020,43151033.98,ACC-HQ
2025-06-17,CASH-VAULT,CASH,GHS,18355344.89,,CASH-VAULT,GL-1010,18355344.89,ACC-HQ
2025-06-17,CASH-BOG,CASH,GHS,42039186.85,CP-BOG,CASH-BOG,GL-1020,42039186.85,ACC-HQ
2025-06-18,CASH-VAULT,CASH,GHS,18146018.65,,CASH-VAULT,GL-1010,18146018.65,ACC-HQ
2025-06-18,CASH-BOG,CASH,GHS,42838689.83,CP-BOG,CASH-BOG,GL-1020,42838689.83,ACC-HQ
2025-06-19,CASH-VAULT,CASH,GHS,18514915.61,,CASH-VAULT,GL-1010,18514915.61,ACC-HQ
2025-06-19,CASH-BOG,CASH,GHS,42333193.22,CP-BOG,CASH-BOG,GL-1020,42333193.22,ACC-HQ
2025-06-20,CASH-VAULT,CASH,GHS,19176719.60,,CASH-VAULT,GL-1010,19176719.60,ACC-HQ
2025-06-20,CASH-BOG,CASH,GHS,41149928.83,CP-BOG,CASH-BOG,GL-1020,41149928.83,ACC-HQ
2025-06-23,CASH-VAULT,CASH,GHS,18498056.24,,CASH-VAULT,GL-1010,18498056.24,ACC-HQ
2025-06-23,CASH-BOG,CASH,GHS,42371755.04,CP-BOG,CASH-BOG,GL-1020,42371755.04,ACC-HQ
2025-06-24,CASH-VAULT,CASH,GHS,19170381.15,,CASH-VAULT,GL-1010,19170381.15,ACC-HQ
2025-06-24,CASH-BOG,CASH,GHS,41211637.02,CP-BOG,CASH-BOG,GL-1020,41211637.02,ACC-HQ
2025-06-25,CASH-VAULT,CASH,GHS,18676882.90,,CASH-VAULT,GL-1010,18676882.90,ACC-HQ
2025-06-25,CASH-BOG,CASH,GHS,41280571.82,CP-BOG,CASH-BOG,GL-1020,41280571.82,ACC-HQ
2025-06-26,CASH-VAULT,CASH,GHS,18182343.09,,CASH-VAULT,GL-1010,18182343.09,ACC-HQ
2025-06-26,CASH-BOG,CASH,GHS,42673289.23,CP-BOG,CASH-BOG,GL-1020,42673289.23,ACC-HQ
2025-06-27,CASH-VAULT,CASH,GHS,18538188.16,,CASH-VAULT,GL-1010,18538188.16,ACC-HQ
2025-06-27,CASH-BOG,CASH,GHS,42296231.99,CP-BOG,CASH-BOG,GL-1020,42296231.99,ACC-HQ
2025-06-30,CASH-VAULT,CASH,GHS,19082679.05,,CASH-VAULT,GL-1010,19082679.05,ACC-HQ
2025-06-30,CASH-BOG,CASH,GHS,41093230.87,CP-BOG,CASH-BOG,GL-1020,41093230.87,ACC-HQ
2025-07-01,CASH-VAULT,CASH,GHS,18347279.72,,CASH-VAULT,GL-1010,18347279.72,ACC-HQ
2025-07-01,CASH-BOG,CASH,GHS,40785475.76,CP-BOG,CASH-BOG,GL-1020,40785475.76,ACC-HQ
2025-07-02,CASH-VAULT,CASH,GHS,17772583.24,,CASH-VAULT,GL-1010,17772583.24,ACC-HQ
2025-07-02,CASH-BOG,CASH,GHS,41724946.08,CP-BOG,CASH-BOG,GL-1020,41724946.08,ACC-HQ
2025-07-03,CASH-VAULT,CASH,GHS,18261273.92,,CASH-VAULT,GL-1010,18261273.92,ACC-HQ
2025-07-03,CASH-BOG,CASH,GHS,41669034.00,CP-BOG,CASH-BOG,GL-1020,41669034.00,ACC-HQ
2025-07-04,CASH-VAULT,CASH,GHS,18717164.25,,CASH-VAULT,GL-1010,18717164.25,ACC-HQ
2025-07-04,CASH-BOG,CASH,GHS,40380293.82,CP-BOG,CASH-BOG,GL-1020,40380293.82,ACC-HQ
2025-07-07,CASH-VAULT,CASH,GHS,18250479.92,,CASH-VAULT,GL-1010,18250479.92,ACC-HQ
2025-07-07,CASH-BOG,CASH,GHS,41794002.84,CP-BOG,CASH-BOG,GL-1020,41794002.84,ACC-HQ
2025-07-08,CASH-VAULT,CASH,GHS,18051054.11,,CASH-VAULT,GL-1010,18051054.11,ACC-HQ
2025-07-08,CASH-BOG,CASH,GHS,41277036.60,CP-BOG,CASH-BOG,GL-1020,41277036.60,ACC-HQ
2025-07-09,CASH-VAULT,CASH,GHS,17991678.47,,CASH-VAULT,GL-1010,17991678.47,ACC-HQ
2025-07-09,CASH-BOG,CASH,GHS,42457967.88,CP-BOG,CASH-BOG,GL-1020,42457967.88,ACC-HQ
2025-07-10,CASH-VAULT,CASH,GHS,18517713.37,,CASH-VAULT,GL-1010,18517713.37,ACC-HQ
2025-07-10,CASH-BOG,CASH,GHS,41012456.69,CP-BOG,CASH-BOG,GL-1020,41012456.69,ACC-HQ
2025-07-11,CASH-VAULT,CASH,GHS,18736265.84,,CASH-VAULT,GL-1010,18736265.84,ACC-HQ
2025-07-11,CASH-BOG,CASH,GHS,40189324.29,CP-BOG,CASH-BOG,GL-1020,40189324.29,ACC-HQ
2025-07-14,CASH-VAULT,CASH,GHS,18647119.93,,CASH-VAULT,GL-1010,18647119.93,ACC-HQ
2025-07-14,CASH-BOG,CASH,GHS,41219882.72,CP-BOG,CASH-BOG,GL-1020,41219882.72,ACC-HQ
2025-07-15,CASH-VAULT,CASH,GHS,18839976.33,,CASH-VAULT,GL-1010,18839976.33,ACC-HQ
2025-07-15,CASH-BOG,CASH,GHS,40486276.79,CP-BOG,CASH-BOG,GL-1020,40486276.79,ACC-HQ
2025-07-16,CASH-VAULT,CASH,GHS,18220724.70,,CASH-VAULT,GL-1010,18220724.70,ACC-HQ
2025-07-16,CASH-BOG,CASH,GHS,41577141.71,CP-BOG,CASH-BOG,GL-1020,41577141.71,ACC-HQ
2025-07-17,CASH-VAULT,CASH,GHS,18176020.80,,CASH-VAULT,GL-1010,18176020.80,ACC-HQ
2025-07-17,CASH-BOG,CASH,GHS,42645250.30,CP-BOG,CASH-BOG,GL-1020,42645250.30,ACC-HQ
2025-07-18,CASH-VAULT,CASH,GHS,18310469.55,,CASH-VAULT,GL-1010,18310469.55,ACC-HQ
2025-07-18,CASH-BOG,CASH,GHS,41711201.15,CP-BOG,CASH-BOG,GL-1020,41711201.15,ACC-HQ
2025-07-21,CASH-VAULT,CASH,GHS,18773894.99,,CASH-VAULT,GL-1010,18773894.99,ACC-HQ
2025-07-21,CASH-BOG,CASH,GHS,40416289.95,CP-BOG,CASH-BOG,GL-1020,40416289.95,ACC-HQ
2025-07-22,CASH-VAULT,CASH,GHS,18308434.72,,CASH-VAULT,GL-1010,18308434.72,ACC-HQ
2025-07-22,CASH-BOG,CASH,GHS,41782992.29,CP-BOG,CASH-BOG,GL-1020,41782992.29,ACC-HQ
2025-07-23,CASH-VAULT,CASH,GHS,18122634.39,,CASH-VAULT,GL-1010,18122634.39,ACC-HQ
2025-07-23,CASH-BOG,CASH,GHS,42534849.25,CP-BOG,CASH-BOG,GL-1020,42534849.25,ACC-HQ
2025-07-24,CASH-VAULT,CASH,GHS,18713742.13,,CASH-VAULT,GL-1010,18713742.13,ACC-HQ
2025-07-24,CASH-BOG,CASH,GHS,41524872.27,CP-BOG,CASH-BOG,GL-1020,41524872.27,ACC-HQ
2025-07-25,CASH-VAULT,CASH,GHS,18771843.32,,CASH-VAULT,GL-1010,18771843.32,ACC-HQ
2025-07-25,CASH-BOG,CASH,GHS,40486396.36,CP-BOG,CASH-BOG,GL-1020,40486396.36,ACC-HQ
2025-07-28,CASH-VAULT,CASH,GHS,18435283.96,,CASH-VAULT,GL-1010,18435283.96,ACC-HQ
2025-07-28,CASH-BOG,CASH,GHS,42146493.89,CP-BOG,CASH-BOG,GL-1020,42146493.89,ACC-HQ
2025-07-29,CASH-VAULT,CASH,GHS,17918867.46,,CASH-VAULT,GL-1010,17918867.46,ACC-HQ
2025-07-29,CASH-BOG,CASH,GHS,42308703.79,CP-BOG,CASH-BOG,GL-1020,42308703.79,ACC-HQ
2025-07-30,CASH-VAULT,CASH,GHS,18573951.37,,CASH-VAULT,GL-1010,18573951.37,ACC-HQ
2025-07-30,CASH-BOG,CASH,GHS,41133036.26,CP-BOG,CASH-BOG,GL-1020,41133036.26,ACC-HQ
2025-07-31,CASH-VAULT,CASH,GHS,19008767.90,,CASH-VAULT,GL-1010,19008767.90,ACC-HQ
2025-07-31,CASH-BOG,CASH,GHS,40780847.32,CP-BOG,CASH-BOG,GL-1020,40780847.32,ACC-HQ
2025-08-01,CASH-VAULT,CASH,GHS,18450359.28,,CASH-VAULT,GL-1010,18450359.28,ACC-HQ
2025-08-01,CASH-BOG,CASH,GHS,42261799.86,CP-BOG,CASH-BOG,GL-1020,42261799.86,ACC-HQ
2025-08-04,CASH-VAULT,CASH,GHS,18964192.06,,CASH-VAULT,GL-1010,18964192.06,ACC-HQ
2025-08-04,CASH-BOG,CASH,GHS,40762943.27,CP-BOG,CASH-BOG,GL-1020,40762943.27,ACC-HQ
2025-08-05,CASH-VAULT,CASH,GHS,18471755.64,,CASH-VAULT,GL-1010,18471755.64,ACC-HQ
2025-08-05,CASH-BOG,CASH,GHS,42139937.24,CP-BOG,CASH-BOG,GL-1020,42139937.24,ACC-HQ
2025-08-06,CASH-VAULT,CASH,GHS,18006923.86,,CASH-VAULT,GL-1010,18006923.86,ACC-HQ
2025-08-06,CASH-BOG,CASH,GHS,42263984.60,CP-BOG,CASH-BOG,GL-1020,42263984.60,ACC-HQ
2025-08-07,CASH-VAULT,CASH,GHS,18429255.07,,CASH-VAULT,GL-1010,18429255.07,ACC-HQ
2025-08-07,CASH-BOG,CASH,GHS,41975946.43,CP-BOG,CASH-BOG,GL-1020,41975946.43,ACC-HQ
2025-08-08,CASH-VAULT,CASH,GHS,18041728.18,,CASH-VAULT,GL-1010,18041728.18,ACC-HQ
2025-08-08,CASH-BOG,CASH,GHS,42429744.44,CP-BOG,CASH-BOG,GL-1020,42429744.44,ACC-HQ
2025-08-11,CASH-VAULT,CASH,GHS,18398101.02,,CASH-VAULT,GL-1010,18398101.02,ACC-HQ
2025-08-11,CASH-BOG,CASH,GHS,41986886.00,CP-BOG,CASH-BOG,GL-1020,41986886.00,ACC-HQ
2025-08-12,CASH-VAULT,CASH,GHS,18074223.59,,CASH-VAULT,GL-1010,18074223.59,ACC-HQ
2025-08-12,CASH-BOG,CASH,GHS,42428333.07,CP-BOG,CASH-BOG,GL-1020,42428333.07,ACC-HQ
2025-08-13,CASH-VAULT,CASH,GHS,18531931.27,,CASH-VAULT,GL-1010,18531931.27,ACC-HQ
2025-08-13,CASH-BOG,CASH,GHS,41116482.30,CP-BOG,CASH-BOG,GL-1020,41116482.30,ACC-HQ
2025-08-14,CASH-VAULT,CASH,GHS,19007892.03,,CASH-VAULT,GL-1010,19007892.03,ACC-HQ
2025-08-14,CASH-BOG,CASH,GHS,41015316.30,CP-BOG,CASH-BOG,GL-1020,41015316.30,ACC-HQ
2025-08-15,CASH-VAULT,CASH,GHS,18384158.19,,CASH-VAULT,GL-1010,18384158.19,ACC-HQ
2025-08-15,CASH-BOG,CASH,GHS,42101222.98,CP-BOG,CASH-BOG,GL-1020,42101222.98,ACC-HQ
2025-08-18,CASH-VAULT,CASH,GHS,18667834.77,,CASH-VAULT,GL-1010,18667834.77,ACC-HQ
2025-08-18,CASH-BOG,CASH,GHS,41254789.25,CP-BOG,CASH-BOG,GL-1020,41254789.25,ACC-HQ
2025-08-19,CASH-VAULT,CASH,GHS,18011302.24,,CASH-VAULT,GL-1010,18011302.24,ACC-HQ
2025-08-19,CASH-BOG,CASH,GHS,42435664.43,CP-BOG,CASH-BOG,GL-1020,42435664.43,ACC-HQ
2025-08-20,CASH-VAULT,CASH,GHS,18491374.61,,CASH-VAULT,GL-1010,18491374.61,ACC-HQ
2025-08-20,CASH-BOG,CASH,GHS,42343291.08,CP-BOG,CASH-BOG,GL-1020,42343291.08,ACC-HQ
2025-08-21,CASH-VAULT,CASH,GHS,19052444.15,,CASH-VAULT,GL-1010,19052444.15,ACC-HQ
2025-08-21,CASH-BOG,CASH,GHS,40867173.51,CP-BOG,CASH-BOG,GL-1020,40867173.51,ACC-HQ
2025-08-22,CASH-VAULT,CASH,GHS,18672010.57,,CASH-VAULT,GL-1010,18672010.57,ACC-HQ
2025-08-22,CASH-BOG,CASH,GHS,41342954.78,CP-BOG,CASH-BOG,GL-1020,41342954.78,ACC-HQ
2025-08-25,CASH-VAULT,CASH,GHS,19044788.37,,CASH-VAULT,GL-1010,19044788.37,ACC-HQ
2025-08-25,CASH-BOG,CASH,GHS,41009578.08,CP-BOG,CASH-BOG,GL-1020,41009578.08,ACC-HQ
2025-08-26,CASH-VAULT,CASH,GHS,18671971.03,,CASH-VAULT,GL-1010,18671971.03,ACC-HQ
2025-08-26,CASH-BOG,CASH,GHS,41504781.32,CP-BOG,CASH-BOG,GL-1020,41504781.32,ACC-HQ
2025-08-27,CASH-VAULT,CASH,GHS,19110000.79,,CASH-VAULT,GL-1010,19110000.79,ACC-HQ
2025-08-27,CASH-BOG,CASH,GHS,41223667.78,CP-BOG,CASH-BOG,GL-1020,41223667.78,ACC-HQ
2025-08-28,CASH-VAULT,CASH,GHS,18641996.31,,CASH-VAULT,GL-1010,18641996.31,ACC-HQ
2025-08-28,CASH-BOG,CASH,GHS,41348600.81,CP-BOG,CASH-BOG,GL-1020,41348600.81,ACC-HQ
2025-08-29,CASH-VAULT,CASH,GHS,18191018.80,,CASH-VAULT,GL-1010,18191018.80,ACC-HQ
2025-08-29,CASH-BOG,CASH,GHS,42689801.98,CP-BOG,CASH-BOG,GL-1020,42689801.98,ACC-HQ
2025-08-31,CASH-VAULT,CASH,GHS,19154462.67,,CASH-VAULT,GL-1010,19154462.67,ACC-HQ
2025-08-31,CASH-BOG,CASH,GHS,41245941.64,CP-BOG,CASH-BOG,GL-1020,41245941.64,ACC-HQ
2025-09-01,CASH-VAULT,CASH,GHS,19012640.76,,CASH-VAULT,GL-1010,19012640.76,ACC-HQ
2025-09-01,CASH-BOG,CASH,GHS,42253150.53,CP-BOG,CASH-BOG,GL-1020,42253150.53,ACC-HQ
2025-09-02,CASH-VAULT,CASH,GHS,18539902.38,,CASH-VAULT,GL-1010,18539902.38,ACC-HQ
2025-09-02,CASH-BOG,CASH,GHS,43593837.73,CP-BOG,CASH-BOG,GL-1020,43593837.73,ACC-HQ
2025-09-03,CASH-VAULT,CASH,GHS,18939580.25,,CASH-VAULT,GL-1010,18939580.25,ACC-HQ
2025-09-03,CASH-BOG,CASH,GHS,43130685.93,CP-BOG,CASH-BOG,GL-1020,43130685.93,ACC-HQ
2025-09-04,CASH-VAULT,CASH,GHS,19587068.69,,CASH-VAULT,GL-1010,19587068.69,ACC-HQ
2025-09-04,CASH-BOG,CASH,GHS,42029491.82,CP-BOG,CASH-BOG,GL-1020,42029491.82,ACC-HQ
2025-09-05,CASH-VAULT,CASH,GHS,19049696.93,,CASH-VAULT,GL-1010,19049696.93,ACC-HQ
2025-09-05,CASH-BOG,CASH,GHS,42184677.14,CP-BOG,CASH-BOG,GL-1020,42184677.14,ACC-HQ
2025-09-08,CASH-VAULT,CASH,GHS,19368740.19,,CASH-VAULT,GL-1010,19368740.19,ACC-HQ
2025-09-08,CASH-BOG,CASH,GHS,41527724.81,CP-BOG,CASH-BOG,GL-1020,41527724.81,ACC-HQ
2025-09-09,CASH-VAULT,CASH,GHS,19271174.10,,CASH-VAULT,GL-1010,19271174.10,ACC-HQ
2025-09-09,CASH-BOG,CASH,GHS,42671664.53,CP-BOG,CASH-BOG,GL-1020,42671664.53,ACC-HQ
2025-09-10,CASH-VAULT,CASH,GHS,18611738.90,,CASH-VAULT,GL-1010,18611738.90,ACC-HQ
2025-09-10,CASH-BOG,CASH,GHS,43837268.24,CP-BOG,CASH-BOG,GL-1020,43837268.24,ACC-HQ
2025-09-11,CASH-VAULT,CASH,GHS,18792342.23,,CASH-VAULT,GL-1010,18792342.23,ACC-HQ
2025-09-11,CASH-BOG,CASH,GHS,43040118.75,CP-BOG,CASH-BOG,GL-1020,43040118.75,ACC-HQ
2025-09-12,CASH-VAULT,CASH,GHS,19326093.98,,CASH-VAULT,GL-1010,19326093.98,ACC-HQ
2025-09-12,CASH-BOG,CASH,GHS,41514934.18,CP-BOG,CASH-BOG,GL-1020,41514934.18,ACC-HQ
2025-09-15,CASH-VAULT,CASH,GHS,18808242.70,,CASH-VAULT,GL-1010,18808242.70,ACC-HQ
2025-09-15,CASH-BOG,CASH,GHS,42923909.72,CP-BOG,CASH-BOG,GL-1020,42923909.72,ACC-HQ
2025-09-16,CASH-VAULT,CASH,GHS,18673541.05,,CASH-VAULT,GL-1010,18673541.05,ACC-HQ
2025-09-16,CASH-BOG,CASH,GHS,43892861.79,CP-BOG,CASH-BOG,GL-1020,43892861.79,ACC-HQ
2025-09-17,CASH-VAULT,CASH,GHS,18766658.42,,CASH-VAULT,GL-1010,18766658.42,ACC-HQ
2025-09-17,CASH-BOG,CASH,GHS,42740098.98,CP-BOG,CASH-BOG,GL-1020,42740098.98,ACC-HQ
2025-09-18,CASH-VAULT,CASH,GHS,19371165.26,,CASH-VAULT,GL-1010,19371165.26,ACC-HQ
2025-09-18,CASH-BOG,CASH,GHS,41697100.34,CP-BOG,CASH-BOG,GL-1020,41697100.34,ACC-HQ
2025-09-19,CASH-VAULT,CASH,GHS,19141830.99,,CASH-VAULT,GL-1010,19141830.99,ACC-HQ
2025-09-19,CASH-BOG,CASH,GHS,42542378.02,CP-BOG,CASH-BOG,GL-1020,42542378.02,ACC-HQ
2025-09-22,CASH-VAULT,CASH,GHS,19353405.51,,CASH-VAULT,GL-1010,19353405.51,ACC-HQ
2025-09-22,CASH-BOG,CASH,GHS,41739682.71,CP-BOG,CASH-BOG,GL-1020,41739682.71,ACC-HQ
2025-09-23,CASH-VAULT,CASH,GHS,19177475.75,,CASH-VAULT,GL-1010,19177475.75,ACC-HQ
2025-09-23,CASH-BOG,CASH,GHS,42545167.86,CP-BOG,CASH-BOG,GL-1020,42545167.86,ACC-HQ
2025-09-24,CASH-VAULT,CASH,GHS,18732746.72,,CASH-VAULT,GL-1010,18732746.72,ACC-HQ
2025-09-24,CASH-BOG,CASH,GHS,44121723.48,CP-BOG,CASH-BOG,GL-1020,44121723.48,ACC-HQ
2025-09-25,CASH-VAULT,CASH,GHS,18777869.03,,CASH-VAULT,GL-1010,18777869.03,ACC-HQ
2025-09-25,CASH-BOG,CASH,GHS,43016880.02,CP-BOG,CASH-BOG,GL-1020,43016880.02,ACC-HQ
2025-09-26,CASH-VAULT,CASH,GHS,18575948.26,,CASH-VAULT,GL-1010,18575948.26,ACC-HQ
2025-09-26,CASH-BOG,CASH,GHS,43842763.87,CP-BOG,CASH-BOG,GL-1020,43842763.87,ACC-HQ
2025-09-29,CASH-VAULT,CASH,GHS,19126727.01,,CASH-VAULT,GL-1010,19126727.01,ACC-HQ
2025-09-29,CASH-BOG,CASH,GHS,42348189.73,CP-BOG,CASH-BOG,GL-1020,42348189.73,ACC-HQ
2025-09-30,CASH-VAULT,CASH,GHS,18598066.36,,CASH-VAULT,GL-1010,18598066.36,ACC-HQ
2025-09-30,CASH-BOG,CASH,GHS,43812232.51,CP-BOG,CASH-BOG,GL-1020,43812232.51,ACC-HQ
2025-10-01,CASH-VAULT,CASH,GHS,18596094.21,,CASH-VAULT,GL-1010,18596094.21,ACC-HQ
2025-10-01,CASH-BOG,CASH,GHS,42586205.21,CP-BOG,CASH-BOG,GL-1020,42586205.21,ACC-HQ
2025-10-02,CASH-VAULT,CASH,GHS,19270181.71,,CASH-VAULT,GL-1010,19270181.71,ACC-HQ
2025-10-02,CASH-BOG,CASH,GHS,41415997.15,CP-BOG,CASH-BOG,GL-1020,41415997.15,ACC-HQ
2025-10-03,CASH-VAULT,CASH,GHS,18790378.45,,CASH-VAULT,GL-1010,18790378.45,ACC-HQ
2025-10-03,CASH-BOG,CASH,GHS,41521783.27,CP-BOG,CASH-BOG,GL-1020,41521783.27,ACC-HQ
2025-10-06,CASH-VAULT,CASH,GHS,18232664.50,,CASH-VAULT,GL-1010,18232664.50,ACC-HQ
2025-10-06,CASH-BOG,CASH,GHS,42878171.92,CP-BOG,CASH-BOG,GL-1020,42878171.92,ACC-HQ
2025-10-07,CASH-VAULT,CASH,GHS,18753692.41,,CASH-VAULT,GL-1010,18753692.41,ACC-HQ
2025-10-07,CASH-BOG,CASH,GHS,42706279.16,CP-BOG,CASH-BOG,GL-1020,42706279.16,ACC-HQ
2025-10-08,CASH-VAULT,CASH,GHS,19222470.94,,CASH-VAULT,GL-1010,19222470.94,ACC-HQ
2025-10-08,CASH-BOG,CASH,GHS,41384231.32,CP-BOG,CASH-BOG,GL-1020,41384231.32,ACC-HQ
2025-10-09,CASH-VAULT,CASH,GHS,18863812.78,,CASH-VAULT,GL-1010,18863812.78,ACC-HQ
2025-10-09,CASH-BOG,CASH,GHS,41924001.44,CP-BOG,CASH-BOG,GL-1020,41924001.44,ACC-HQ
2025-10-10,CASH-VAULT,CASH,GHS,18274333.26,,CASH-VAULT,GL-1010,18274333.26,ACC-HQ
2025-10-10,CASH-BOG,CASH,GHS,42892448.73,CP-BOG,CASH-BOG,GL-1020,42892448.73,ACC-HQ
2025-10-13,CASH-VAULT,CASH,GHS,18892705.67,,CASH-VAULT,GL-1010,18892705.67,ACC-HQ
2025-10-13,CASH-BOG,CASH,GHS,41907237.34,CP-BOG,CASH-BOG,GL-1020,41907237.34,ACC-HQ
2025-10-14,CASH-VAULT,CASH,GHS,18261741.51,,CASH-VAULT,GL-1010,18261741.51,ACC-HQ
2025-10-14,CASH-BOG,CASH,GHS,43039404.20,CP-BOG,CASH-BOG,GL-1020,43039404.20,ACC-HQ
2025-10-15,CASH-VAULT,CASH,GHS,18763486.76,,CASH-VAULT,GL-1010,18763486.76,ACC-HQ
2025-10-15,CASH-BOG,CASH,GHS,42978698.05,CP-BOG,CASH-BOG,GL-1020,42978698.05,ACC-HQ
2025-10-16,CASH-VAULT,CASH,GHS,18558999.60,,CASH-VAULT,GL-1010,18558999.60,ACC-HQ
2025-10-16,CASH-BOG,CASH,GHS,42428440.80,CP-BOG,CASH-BOG,GL-1020,42428440.80,ACC-HQ
2025-10-17,CASH-VAULT,CASH,GHS,18484059.36,,CASH-VAULT,GL-1010,18484059.36,ACC-HQ
2025-10-17,CASH-BOG,CASH,GHS,43610381.39,CP-BOG,CASH-BOG,GL-1020,43610381.39,ACC-HQ
2025-10-20,CASH-VAULT,CASH,GHS,18559461.30,,CASH-VAULT,GL-1010,18559461.30,ACC-HQ
2025-10-20,CASH-BOG,CASH,GHS,42506296.41,CP-BOG,CASH-BOG,GL-1020,42506296.41,ACC-HQ
2025-10-21,CASH-VAULT,CASH,GHS,18507413.12,,CASH-VAULT,GL-1010,18507413.12,ACC-HQ
2025-10-21,CASH-BOG,CASH,GHS,43581183.70,CP-BOG,CASH-BOG,GL-1020,43581183.70,ACC-HQ
2025-10-22,CASH-VAULT,CASH,GHS,19037616.67,,CASH-VAULT,GL-1010,19037616.67,ACC-HQ
2025-10-22,CASH-BOG,CASH,GHS,42073124.84,CP-BOG,CASH-BOG,GL-1020,42073124.84,ACC-HQ
2025-10-23,CASH-VAULT,CASH,GHS,19245303.07,,CASH-VAULT,GL-1010,19245303.07,ACC-HQ
2025-10-23,CASH-BOG,CASH,GHS,41348174.83,CP-BOG,CASH-BOG,GL-1020,41348174.83,ACC-HQ
2025-10-24,CASH-VAULT,CASH,GHS,18599476.10,,CASH-VAULT,GL-1010,18599476.10,ACC-HQ
2025-10-24,CASH-BOG,CASH,GHS,42451246.16,CP-BOG,CASH-BOG,GL-1020,42451246.16,ACC-HQ
2025-10-27,CASH-VAULT,CASH,GHS,18458368.34,,CASH-VAULT,GL-1010,18458368.34,ACC-HQ
2025-10-27,CASH-BOG,CASH,GHS,43394805.99,CP-BOG,CASH-BOG,GL-1020,43394805.99,ACC-HQ
2025-10-28,CASH-VAULT,CASH,GHS,19056689.92,,CASH-VAULT,GL-1010,19056689.92,ACC-HQ
2025-10-28,CASH-BOG,CASH,GHS,42358336.43,CP-BOG,CASH-BOG,GL-1020,42358336.43,ACC-HQ
2025-10-29,CASH-VAULT,CASH,GHS,19130966.14,,CASH-VAULT,GL-1010,19130966.14,ACC-HQ
2025-10-29,CASH-BOG,CASH,GHS,41175577.45,CP-BOG,CASH-BOG,GL-1020,41175577.45,ACC-HQ
2025-10-30,CASH-VAULT,CASH,GHS,18655150.78,,CASH-VAULT,GL-1010,18655150.78,ACC-HQ
2025-10-30,CASH-BOG,CASH,GHS,42564070.18,CP-BOG,CASH-BOG,GL-1020,42564070.18,ACC-HQ
2025-10-31,CASH-VAULT,CASH,GHS,18452635.81,,CASH-VAULT,GL-1010,18452635.81,ACC-HQ
2025-10-31,CASH-BOG,CASH,GHS,43299541.85,CP-BOG,CASH-BOG,GL-1020,43299541.85,ACC-HQ
2025-11-03,CASH-VAULT,CASH,GHS,18605725.22,,CASH-VAULT,GL-1010,18605725.22,ACC-HQ
2025-11-03,CASH-BOG,CASH,GHS,42622495.10,CP-BOG,CASH-BOG,GL-1020,42622495.10,ACC-HQ
2025-11-04,CASH-VAULT,CASH,GHS,18413977.21,,CASH-VAULT,GL-1010,18413977.21,ACC-HQ
2025-11-04,CASH-BOG,CASH,GHS,43381966.42,CP-BOG,CASH-BOG,GL-1020,43381966.42,ACC-HQ
2025-11-05,CASH-VAULT,CASH,GHS,18777312.13,,CASH-VAULT,GL-1010,18777312.13,ACC-HQ
2025-11-05,CASH-BOG,CASH,GHS,42918294.12,CP-BOG,CASH-BOG,GL-1020,42918294.12,ACC-HQ
2025-11-06,CASH-VAULT,CASH,GHS,18245010.55,,CASH-VAULT,GL-1010,18245010.55,ACC-HQ
2025-11-06,CASH-BOG,CASH,GHS,43069194.69,CP-BOG,CASH-BOG,GL-1020,43069194.69,ACC-HQ
2025-11-07,CASH-VAULT,CASH,GHS,18925214.63,,CASH-VAULT,GL-1010,18925214.63,ACC-HQ
2025-11-07,CASH-BOG,CASH,GHS,41901222.72,CP-BOG,CASH-BOG,GL-1020,41901222.72,ACC-HQ
2025-11-10,CASH-VAULT,CASH,GHS,18298394.02,,CASH-VAULT,GL-1010,18298394.02,ACC-HQ
2025-11-10,CASH-BOG,CASH,GHS,43114078.54,CP-BOG,CASH-BOG,GL-1020,43114078.54,ACC-HQ
2025-11-11,CASH-VAULT,CASH,GHS,18973394.06,,CASH-VAULT,GL-1010,18973394.06,ACC-HQ
2025-11-11,CASH-BOG,CASH,GHS,41932396.75,CP-BOG,CASH-BOG,GL-1020,41932396.75,ACC-HQ
2025-11-12,CASH-VAULT,CASH,GHS,19320009.82,,CASH-VAULT,GL-1010,19320009.82,ACC-HQ
2025-11-12,CASH-BOG,CASH,GHS,41518575.09,CP-BOG,CASH-BOG,GL-1020,41518575.09,ACC-HQ
2025-11-13,CASH-VAULT,CASH,GHS,18822960.60,,CASH-VAULT,GL-1010,18822960.60,ACC-HQ
2025-11-13,CASH-BOG,CASH,GHS,42950963.40,CP-BOG,CASH-BOG,GL-1020,42950963.40,ACC-HQ
2025-11-14,CASH-VAULT,CASH,GHS,18348169.20,,CASH-VAULT,GL-1010,18348169.20,ACC-HQ
2025-11-14,CASH-BOG,CASH,GHS,43075379.76,CP-BOG,CASH-BOG,GL-1020,43075379.76,ACC-HQ
2025-11-17,CASH-VAULT,CASH,GHS,18881228.32,,CASH-VAULT,GL-1010,18881228.32,ACC-HQ
2025-11-17,CASH-BOG,CASH,GHS,41958606.19,CP-BOG,CASH-BOG,GL-1020,41958606.19,ACC-HQ
2025-11-18,CASH-VAULT,CASH,GHS,19424454.39,,CASH-VAULT,GL-1010,19424454.39,ACC-HQ
2025-11-18,CASH-BOG,CASH,GHS,41825257.79,CP-BOG,CASH-BOG,GL-1020,41825257.79,ACC-HQ
2025-11-19,CASH-VAULT,CASH,GHS,18797727.06,,CASH-VAULT,GL-1010,18797727.06,ACC-HQ
2025-11-19,CASH-BOG,CASH,GHS,42888689.50,CP-BOG,CASH-BOG,GL-1020,42888689.50,ACC-HQ
2025-11-20,CASH-VAULT,CASH,GHS,18463469.08,,CASH-VAULT,GL-1010,18463469.08,ACC-HQ
2025-11-20,CASH-BOG,CASH,GHS,43332234.23,CP-BOG,CASH-BOG,GL-1020,43332234.23,ACC-HQ
2025-11-21,CASH-VAULT,CASH,GHS,18944167.70,,CASH-VAULT,GL-1010,18944167.70,ACC-HQ
2025-11-21,CASH-BOG,CASH,GHS,42021354.45,CP-BOG,CASH-BOG,GL-1020,42021354.45,ACC-HQ
2025-11-24,CASH-VAULT,CASH,GHS,18459306.21,,CASH-VAULT,GL-1010,18459306.21,ACC-HQ
2025-11-24,CASH-BOG,CASH,GHS,43494041.47,CP-BOG,CASH-BOG,GL-1020,43494041.47,ACC-HQ
2025-11-25,CASH-VAULT,CASH,GHS,19411529.59,,CASH-VAULT,GL-1010,19411529.59,ACC-HQ
2025-11-25,CASH-BOG,CASH,GHS,41722543.96,CP-BOG,CASH-BOG,GL-1020,41722543.96,ACC-HQ
2025-11-26,CASH-VAULT,CASH,GHS,19074020.69,,CASH-VAULT,GL-1010,19074020.69,ACC-HQ
2025-11-26,CASH-BOG,CASH,GHS,42162091.30,CP-BOG,CASH-BOG,GL-1020,42162091.30,ACC-HQ
2025-11-27,CASH-VAULT,CASH,GHS,18404095.64,,CASH-VAULT,GL-1010,18404095.64,ACC-HQ
2025-11-27,CASH-BOG,CASH,GHS,43371001.46,CP-BOG,CASH-BOG,GL-1020,43371001.46,ACC-HQ
2025-11-28,CASH-VAULT,CASH,GHS,18882433.75,,CASH-VAULT,GL-1010,18882433.75,ACC-HQ
2025-11-28,CASH-BOG,CASH,GHS,43249097.55,CP-BOG,CASH-BOG,GL-1020,43249097.55,ACC-HQ
2025-11-30,CASH-VAULT,CASH,GHS,19100189.93,,CASH-VAULT,GL-1010,19100189.93,ACC-HQ
2025-11-30,CASH-BOG,CASH,GHS,42301165.80,CP-BOG,CASH-BOG,GL-1020,42301165.80,ACC-HQ
2025-12-01,CASH-VAULT,CASH,GHS,18503299.16,,CASH-VAULT,GL-1010,18503299.16,ACC-HQ
2025-12-01,CASH-BOG,CASH,GHS,43691579.18,CP-BOG,CASH-BOG,GL-1020,43691579.18,ACC-HQ
2025-12-02,CASH-VAULT,CASH,GHS,19044088.69,,CASH-VAULT,GL-1010,19044088.69,ACC-HQ
2025-12-02,CASH-BOG,CASH,GHS,43540775.14,CP-BOG,CASH-BOG,GL-1020,43540775.14,ACC-HQ
2025-12-03,CASH-VAULT,CASH,GHS,19555399.12,,CASH-VAULT,GL-1010,19555399.12,ACC-HQ
2025-12-03,CASH-BOG,CASH,GHS,42099754.28,CP-BOG,CASH-BOG,GL-1020,42099754.28,ACC-HQ
2025-12-04,CASH-VAULT,CASH,GHS,19155857.77,,CASH-VAULT,GL-1010,19155857.77,ACC-HQ
2025-12-04,CASH-BOG,CASH,GHS,42570272.30,CP-BOG,CASH-BOG,GL-1020,42570272.30,ACC-HQ
2025-12-05,CASH-VAULT,CASH,GHS,19589658.61,,CASH-VAULT,GL-1010,19589658.61,ACC-HQ
2025-12-05,CASH-BOG,CASH,GHS,42267691.14,CP-BOG,CASH-BOG,GL-1020,42267691.14,ACC-HQ
2025-12-08,CASH-VAULT,CASH,GHS,18973823.70,,CASH-VAULT,GL-1010,18973823.70,ACC-HQ
2025-12-08,CASH-BOG,CASH,GHS,43298175.80,CP-BOG,CASH-BOG,GL-1020,43298175.80,ACC-HQ
2025-12-09,CASH-VAULT,CASH,GHS,19611974.64,,CASH-VAULT,GL-1010,19611974.64,ACC-HQ
2025-12-09,CASH-BOG,CASH,GHS,42241518.04,CP-BOG,CASH-BOG,GL-1020,42241518.04,ACC-HQ
2025-12-10,CASH-VAULT,CASH,GHS,19069040.47,,CASH-VAULT,GL-1010,19069040.47,ACC-HQ
2025-12-10,CASH-BOG,CASH,GHS,42388412.30,CP-BOG,CASH-BOG,GL-1020,42388412.30,ACC-HQ
2025-12-11,CASH-VAULT,CASH,GHS,18598885.84,,CASH-VAULT,GL-1010,18598885.84,ACC-HQ
2025-12-11,CASH-BOG,CASH,GHS,43742214.73,CP-BOG,CASH-BOG,GL-1020,43742214.73,ACC-HQ
2025-12-12,CASH-VAULT,CASH,GHS,18986266.56,,CASH-VAULT,GL-1010,18986266.56,ACC-HQ
2025-12-12,CASH-BOG,CASH,GHS,43247190.34,CP-BOG,CASH-BOG,GL-1020,43247190.34,ACC-HQ
2025-12-15,CASH-VAULT,CASH,GHS,18653838.70,,CASH-VAULT,GL-1010,18653838.70,ACC-HQ
2025-12-15,CASH-BOG,CASH,GHS,44014967.77,CP-BOG,CASH-BOG,GL-1020,44014967.77,ACC-HQ
2025-12-16,CASH-VAULT,CASH,GHS,18862839.63,,CASH-VAULT,GL-1010,18862839.63,ACC-HQ
2025-12-16,CASH-BOG,CASH,GHS,43117530.36,CP-BOG,CASH-BOG,GL-1020,43117530.36,ACC-HQ
2025-12-17,CASH-VAULT,CASH,GHS,19407716.64,,CASH-VAULT,GL-1010,19407716.64,ACC-HQ
2025-12-17,CASH-BOG,CASH,GHS,41610241.93,CP-BOG,CASH-BOG,GL-1020,41610241.93,ACC-HQ
2025-12-18,CASH-VAULT,CASH,GHS,19328673.94,,CASH-VAULT,GL-1010,19328673.94,ACC-HQ
2025-12-18,CASH-BOG,CASH,GHS,42799254.83,CP-BOG,CASH-BOG,GL-1020,42799254.83,ACC-HQ
2025-12-19,CASH-VAULT,CASH,GHS,18654908.50,,CASH-VAULT,GL-1010,18654908.50,ACC-HQ
2025-12-19,CASH-BOG,CASH,GHS,43939771.21,CP-BOG,CASH-BOG,GL-1020,43939771.21,ACC-HQ
2025-12-22,CASH-VAULT,CASH,GHS,19348046.34,,CASH-VAULT,GL-1010,19348046.34,ACC-HQ
2025-12-22,CASH-BOG,CASH,GHS,42763987.88,CP-BOG,CASH-BOG,GL-1020,42763987.88,ACC-HQ
2025-12-23,CASH-VAULT,CASH,GHS,18700506.73,,CASH-VAULT,GL-1010,18700506.73,ACC-HQ
2025-12-23,CASH-BOG,CASH,GHS,43891021.48,CP-BOG,CASH-BOG,GL-1020,43891021.48,ACC-HQ
2025-12-24,CASH-VAULT,CASH,GHS,18897870.32,,CASH-VAULT,GL-1010,18897870.32,ACC-HQ
2025-12-24,CASH-BOG,CASH,GHS,43128126.03,CP-BOG,CASH-BOG,GL-1020,43128126.03,ACC-HQ
2025-12-25,CASH-VAULT,CASH,GHS,18767340.83,,CASH-VAULT,GL-1010,18767340.83,ACC-HQ
2025-12-25,CASH-BOG,CASH,GHS,44112553.99,CP-BOG,CASH-BOG,GL-1020,44112553.99,ACC-HQ
2025-12-26,CASH-VAULT,CASH,GHS,18851208.97,,CASH-VAULT,GL-1010,18851208.97,ACC-HQ
2025-12-26,CASH-BOG,CASH,GHS,42932938.21,CP-BOG,CASH-BOG,GL-1020,42932938.21,ACC-HQ
2025-12-29,CASH-VAULT,CASH,GHS,18805441.81,,CASH-VAULT,GL-1010,18805441.81,ACC-HQ
2025-12-29,CASH-BOG,CASH,GHS,44121925.05,CP-BOG,CASH-BOG,GL-1020,44121925.05,ACC-HQ
2025-12-30,CASH-VAULT,CASH,GHS,18864931.76,,CASH-VAULT,GL-1010,18864931.76,ACC-HQ
2025-12-30,CASH-BOG,CASH,GHS,43047122.20,CP-BOG,CASH-BOG,GL-1020,43047122.20,ACC-HQ
2025-12-31,CASH-VAULT,CASH,GHS,19500670.41,,CASH-VAULT,GL-1010,19500670.41,ACC-HQ
2025-12-31,CASH-BOG,CASH,GHS,42058217.16,CP-BOG,CASH-BOG,GL-1020,42058217.16,ACC-HQ
2026-01-01,CASH-VAULT,CASH,GHS,19215370.34,,CASH-VAULT,GL-1010,19215370.34,ACC-HQ
2026-01-01,CASH-BOG,CASH,GHS,42628998.55,CP-BOG,CASH-BOG,GL-1020,42628998.55,ACC-HQ
2026-01-02,CASH-VAULT,CASH,GHS,18714696.53,,CASH-VAULT,GL-1010,18714696.53,ACC-HQ
2026-01-02,CASH-BOG,CASH,GHS,44080037.23,CP-BOG,CASH-BOG,GL-1020,44080037.23,ACC-HQ
2026-01-05,CASH-VAULT,CASH,GHS,18962958.45,,CASH-VAULT,GL-1010,18962958.45,ACC-HQ
2026-01-05,CASH-BOG,CASH,GHS,43347328.32,CP-BOG,CASH-BOG,GL-1020,43347328.32,ACC-HQ
2026-01-06,CASH-VAULT,CASH,GHS,19658911.02,,CASH-VAULT,GL-1010,19658911.02,ACC-HQ
2026-01-06,CASH-BOG,CASH,GHS,42176170.68,CP-BOG,CASH-BOG,GL-1020,42176170.68,ACC-HQ
2026-01-07,CASH-VAULT,CASH,GHS,19125168.68,,CASH-VAULT,GL-1010,19125168.68,ACC-HQ
2026-01-07,CASH-BOG,CASH,GHS,42344377.02,CP-BOG,CASH-BOG,GL-1020,42344377.02,ACC-HQ
2026-01-08,CASH-VAULT,CASH,GHS,18616573.20,,CASH-VAULT,GL-1010,18616573.20,ACC-HQ
2026-01-08,CASH-BOG,CASH,GHS,43854774.08,CP-BOG,CASH-BOG,GL-1020,43854774.08,ACC-HQ
2026-01-09,CASH-VAULT,CASH,GHS,18967194.45,,CASH-VAULT,GL-1010,18967194.45,ACC-HQ
2026-01-09,CASH-BOG,CASH,GHS,43436355.32,CP-BOG,CASH-BOG,GL-1020,43436355.32,ACC-HQ
2026-01-12,CASH-VAULT,CASH,GHS,18670902.65,,CASH-VAULT,GL-1010,18670902.65,ACC-HQ
2026-01-12,CASH-BOG,CASH,GHS,43828926.71,CP-BOG,CASH-BOG,GL-1020,43828926.71,ACC-HQ
2026-01-13,CASH-VAULT,CASH,GHS,19009834.76,,CASH-VAULT,GL-1010,19009834.76,ACC-HQ
2026-01-13,CASH-BOG,CASH,GHS,43382920.60,CP-BOG,CASH-BOG,GL-1020,43382920.60,ACC-HQ
2026-01-14,CASH-VAULT,CASH,GHS,18574057.12,,CASH-VAULT,GL-1010,18574057.12,ACC-HQ
2026-01-14,CASH-BOG,CASH,GHS,43682050.48,CP-BOG,CASH-BOG,GL-1020,43682050.48,ACC-HQ
2026-01-15,CASH-VAULT,CASH,GHS,19115905.86,,CASH-VAULT,GL-1010,19115905.86,ACC-HQ
2026-01-15,CASH-BOG,CASH,GHS,43530912.22,CP-BOG,CASH-BOG,GL-1020,43530912.22,ACC-HQ
2026-01-16,CASH-VAULT,CASH,GHS,19585671.79,,CASH-VAULT,GL-1010,19585671.79,ACC-HQ
2026-01-16,CASH-BOG,CASH,GHS,42166922.84,CP-BOG,CASH-BOG,GL-1020,42166922.84,ACC-HQ
2026-01-19,CASH-VAULT,CASH,GHS,19085651.18,,CASH-VAULT,GL-1010,19085651.18,ACC-HQ
2026-01-19,CASH-BOG,CASH,GHS,43540376.77,CP-BOG,CASH-BOG,GL-1020,43540376.77,ACC-HQ
2026-01-20,CASH-VAULT,CASH,GHS,19561543.62,,CASH-VAULT,GL-1010,19561543.62,ACC-HQ
2026-01-20,CASH-BOG,CASH,GHS,42191682.76,CP-BOG,CASH-BOG,GL-1020,42191682.76,ACC-HQ
2026-01-21,CASH-VAULT,CASH,GHS,19213017.56,,CASH-VAULT,GL-1010,19213017.56,ACC-HQ
2026-01-21,CASH-BOG,CASH,GHS,42618066.99,CP-BOG,CASH-BOG,GL-1020,42618066.99,ACC-HQ
2026-01-22,CASH-VAULT,CASH,GHS,18557819.67,,CASH-VAULT,GL-1010,18557819.67,ACC-HQ
2026-01-22,CASH-BOG,CASH,GHS,43736110.73,CP-BOG,CASH-BOG,GL-1020,43736110.73,ACC-HQ
2026-01-23,CASH-VAULT,CASH,GHS,19041602.84,,CASH-VAULT,GL-1010,19041602.84,ACC-HQ
2026-01-23,CASH-BOG,CASH,GHS,43616064.19,CP-BOG,CASH-BOG,GL-1020,43616064.19,ACC-HQ
2026-01-26,CASH-VAULT,CASH,GHS,19291000.71,,CASH-VAULT,GL-1010,19291000.71,ACC-HQ
2026-01-26,CASH-BOG,CASH,GHS,42714939.55,CP-BOG,CASH-BOG,GL-1020,42714939.55,ACC-HQ
2026-01-27,CASH-VAULT,CASH,GHS,19517425.58,,CASH-VAULT,GL-1010,19517425.58,ACC-HQ
2026-01-27,CASH-BOG,CASH,GHS,41855533.72,CP-BOG,CASH-BOG,GL-1020,41855533.72,ACC-HQ
2026-01-28,CASH-VAULT,CASH,GHS,18803559.32,,CASH-VAULT,GL-1010,18803559.32,ACC-HQ
2026-01-28,CASH-BOG,CASH,GHS,43065762.46,CP-BOG,CASH-BOG,GL-1020,43065762.46,ACC-HQ
2026-01-29,CASH-VAULT,CASH,GHS,18767846.36,,CASH-VAULT,GL-1010,18767846.36,ACC-HQ
2026-01-29,CASH-BOG,CASH,GHS,44193614.65,CP-BOG,CASH-BOG,GL-1020,44193614.65,ACC-HQ
2026-01-30,CASH-VAULT,CASH,GHS,19304734.74,,CASH-VAULT,GL-1010,19304734.74,ACC-HQ
2026-01-30,CASH-BOG,CASH,GHS,42663776.93,CP-BOG,CASH-BOG,GL-1020,42663776.93,ACC-HQ
2026-01-31,CASH-VAULT,CASH,GHS,19488209.51,,CASH-VAULT,GL-1010,19488209.51,ACC-HQ
2026-01-31,CASH-BOG,CASH,GHS,41869016.24,CP-BOG,CASH-BOG,GL-1020,41869016.24,ACC-HQ
2026-02-02,CASH-VAULT,CASH,GHS,18794079.54,,CASH-VAULT,GL-1010,18794079.54,ACC-HQ
2026-02-02,CASH-BOG,CASH,GHS,44105236.33,CP-BOG,CASH-BOG,GL-1020,44105236.33,ACC-HQ
2026-02-03,CASH-VAULT,CASH,GHS,18935183.03,,CASH-VAULT,GL-1010,18935183.03,ACC-HQ
2026-02-03,CASH-BOG,CASH,GHS,43124058.06,CP-BOG,CASH-BOG,GL-1020,43124058.06,ACC-HQ
2026-02-04,CASH-VAULT,CASH,GHS,18712534.09,,CASH-VAULT,GL-1010,18712534.09,ACC-HQ
2026-02-04,CASH-BOG,CASH,GHS,43993143.17,CP-BOG,CASH-BOG,GL-1020,43993143.17,ACC-HQ
2026-02-05,CASH-VAULT,CASH,GHS,19325465.38,,CASH-VAULT,GL-1010,19325465.38,ACC-HQ
2026-02-05,CASH-BOG,CASH,GHS,42955536.70,CP-BOG,CASH-BOG,GL-1020,42955536.70,ACC-HQ
2026-02-06,CASH-VAULT,CASH,GHS,19426432.49,,CASH-VAULT,GL-1010,19426432.49,ACC-HQ
2026-02-06,CASH-BOG,CASH,GHS,41812509.20,CP-BOG,CASH-BOG,GL-1020,41812509.20,ACC-HQ
2026-02-09,CASH-VAULT,CASH,GHS,19376619.18,,CASH-VAULT,GL-1010,19376619.18,ACC-HQ
2026-02-09,CASH-BOG,CASH,GHS,42986181.06,CP-BOG,CASH-BOG,GL-1020,42986181.06,ACC-HQ
2026-02-10,CASH-VAULT,CASH,GHS,19417251.37,,CASH-VAULT,GL-1010,19417251.37,ACC-HQ
2026-02-10,CASH-BOG,CASH,GHS,41867273.02,CP-BOG,CASH-BOG,GL-1020,41867273.02,ACC-HQ
2026-02-11,CASH-VAULT,CASH,GHS,18912586.21,,CASH-VAULT,GL-1010,18912586.21,ACC-HQ
2026-02-11,CASH-BOG,CASH,GHS,43325865.85,CP-BOG,CASH-BOG,GL-1020,43325865.85,ACC-HQ
2026-02-12,CASH-VAULT,CASH,GHS,18743783.63,,CASH-VAULT,GL-1010,18743783.63,ACC-HQ
2026-02-12,CASH-BOG,CASH,GHS,44158143.23,CP-BOG,CASH-BOG,GL-1020,44158143.23,ACC-HQ
2026-02-13,CASH-VAULT,CASH,GHS,19104977.41,,CASH-VAULT,GL-1010,19104977.41,ACC-HQ
2026-02-13,CASH-BOG,CASH,GHS,43667507.56,CP-BOG,CASH-BOG,GL-1020,43667507.56,ACC-HQ
2026-02-16,CASH-VAULT,CASH,GHS,19670350.80,,CASH-VAULT,GL-1010,19670350.80,ACC-HQ
2026-02-16,CASH-BOG,CASH,GHS,42188904.83,CP-BOG,CASH-BOG,GL-1020,42188904.83,ACC-HQ
2026-02-17,CASH-VAULT,CASH,GHS,19126278.14,,CASH-VAULT,GL-1010,19126278.14,ACC-HQ
2026-02-17,CASH-BOG,CASH,GHS,43799668.61,CP-BOG,CASH-BOG,GL-1020,43799668.61,ACC-HQ
2026-02-18,CASH-VAULT,CASH,GHS,18635175.34,,CASH-VAULT,GL-1010,18635175.34,ACC-HQ
2026-02-18,CASH-BOG,CASH,GHS,43908673.14,CP-BOG,CASH-BOG,GL-1020,43908673.14,ACC-HQ
2026-02-19,CASH-VAULT,CASH,GHS,19325693.43,,CASH-VAULT,GL-1010,19325693.43,ACC-HQ
2026-02-19,CASH-BOG,CASH,GHS,42710597.24,CP-BOG,CASH-BOG,GL-1020,42710597.24,ACC-HQ
2026-02-20,CASH-VAULT,CASH,GHS,19698550.95,,CASH-VAULT,GL-1010,19698550.95,ACC-HQ
2026-02-20,CASH-BOG,CASH,GHS,42332858.84,CP-BOG,CASH-BOG,GL-1020,42332858.84,ACC-HQ
2026-02-23,CASH-VAULT,CASH,GHS,19176801.69,,CASH-VAULT,GL-1010,19176801.69,ACC-HQ
2026-02-23,CASH-BOG,CASH,GHS,43668749.67,CP-BOG,CASH-BOG,GL-1020,43668749.67,ACC-HQ
2026-02-24,CASH-VAULT,CASH,GHS,18805840.85,,CASH-VAULT,GL-1010,18805840.85,ACC-HQ
2026-02-24,CASH-BOG,CASH,GHS,44214965.33,CP-BOG,CASH-BOG,GL-1020,44214965.33,ACC-HQ
2026-02-25,CASH-VAULT,CASH,GHS,19281419.71,,CASH-VAULT,GL-1010,19281419.71,ACC-HQ
2026-02-25,CASH-BOG,CASH,GHS,42848208.16,CP-BOG,CASH-BOG,GL-1020,42848208.16,ACC-HQ
2026-02-26,CASH-VAULT,CASH,GHS,19811254.84,,CASH-VAULT,GL-1010,19811254.84,ACC-HQ
2026-02-26,CASH-BOG,CASH,GHS,42657358.13,CP-BOG,CASH-BOG,GL-1020,42657358.13,ACC-HQ
2026-02-27,CASH-VAULT,CASH,GHS,19182837.65,,CASH-VAULT,GL-1010,19182837.65,ACC-HQ
2026-02-27,CASH-BOG,CASH,GHS,43767098.67,CP-BOG,CASH-BOG,GL-1020,43767098.67,ACC-HQ
2026-02-28,CASH-VAULT,CASH,GHS,18816929.66,,CASH-VAULT,GL-1010,18816929.66,ACC-HQ
2026-02-28,CASH-BOG,CASH,GHS,44162771.80,CP-BOG,CASH-BOG,GL-1020,44162771.80,ACC-HQ
2026-03-02,CASH-VAULT,CASH,GHS,20195342.58,,CASH-VAULT,GL-1010,20195342.58,ACC-HQ
2026-03-02,CASH-BOG,CASH,GHS,43567859.68,CP-BOG,CASH-BOG,GL-1020,43567859.68,ACC-HQ
2026-03-03,CASH-VAULT,CASH,GHS,19523880.12,,CASH-VAULT,GL-1010,19523880.12,ACC-HQ
2026-03-03,CASH-BOG,CASH,GHS,44721532.99,CP-BOG,CASH-BOG,GL-1020,44721532.99,ACC-HQ
2026-03-04,CASH-VAULT,CASH,GHS,19157325.16,,CASH-VAULT,GL-1010,19157325.16,ACC-HQ
2026-03-04,CASH-BOG,CASH,GHS,45139826.13,CP-BOG,CASH-BOG,GL-1020,45139826.13,ACC-HQ
2026-03-05,CASH-VAULT,CASH,GHS,20157396.54,,CASH-VAULT,GL-1010,20157396.54,ACC-HQ
2026-03-05,CASH-BOG,CASH,GHS,43326726.58,CP-BOG,CASH-BOG,GL-1020,43326726.58,ACC-HQ
2026-03-06,CASH-VAULT,CASH,GHS,19820982.49,,CASH-VAULT,GL-1010,19820982.49,ACC-HQ
2026-03-06,CASH-BOG,CASH,GHS,43812890.60,CP-BOG,CASH-BOG,GL-1020,43812890.60,ACC-HQ
2026-03-09,CASH-VAULT,CASH,GHS,20189781.16,,CASH-VAULT,GL-1010,20189781.16,ACC-HQ
2026-03-09,CASH-BOG,CASH,GHS,43315461.31,CP-BOG,CASH-BOG,GL-1020,43315461.31,ACC-HQ
2026-03-10,CASH-VAULT,CASH,GHS,19803140.52,,CASH-VAULT,GL-1010,19803140.52,ACC-HQ
2026-03-10,CASH-BOG,CASH,GHS,43858268.29,CP-BOG,CASH-BOG,GL-1020,43858268.29,ACC-HQ
2026-03-11,CASH-VAULT,CASH,GHS,19091599.90,,CASH-VAULT,GL-1010,19091599.90,ACC-HQ
2026-03-11,CASH-BOG,CASH,GHS,45079838.60,CP-BOG,CASH-BOG,GL-1020,45079838.60,ACC-HQ
2026-03-12,CASH-VAULT,CASH,GHS,19626930.68,,CASH-VAULT,GL-1010,19626930.68,ACC-HQ
2026-03-12,CASH-BOG,CASH,GHS,44873706.47,CP-BOG,CASH-BOG,GL-1020,44873706.47,ACC-HQ
2026-03-13,CASH-VAULT,CASH,GHS,20150605.08,,CASH-VAULT,GL-1010,20150605.08,ACC-HQ
2026-03-13,CASH-BOG,CASH,GHS,43380133.88,CP-BOG,CASH-BOG,GL-1020,43380133.88,ACC-HQ
2026-03-16,CASH-VAULT,CASH,GHS,19695988.65,,CASH-VAULT,GL-1010,19695988.65,ACC-HQ
2026-03-16,CASH-BOG,CASH,GHS,43696532.54,CP-BOG,CASH-BOG,GL-1020,43696532.54,ACC-HQ
2026-03-17,CASH-VAULT,CASH,GHS,19205301.79,,CASH-VAULT,GL-1010,19205301.79,ACC-HQ
2026-03-17,CASH-BOG,CASH,GHS,45082010.23,CP-BOG,CASH-BOG,GL-1020,45082010.23,ACC-HQ
2026-03-18,CASH-VAULT,CASH,GHS,19580605.23,,CASH-VAULT,GL-1010,19580605.23,ACC-HQ
2026-03-18,CASH-BOG,CASH,GHS,44682523.16,CP-BOG,CASH-BOG,GL-1020,44682523.16,ACC-HQ
2026-03-19,CASH-VAULT,CASH,GHS,20221490.16,,CASH-VAULT,GL-1010,20221490.16,ACC-HQ
2026-03-19,CASH-BOG,CASH,GHS,43553338.50,CP-BOG,CASH-BOG,GL-1020,43553338.50,ACC-HQ
2026-03-20,CASH-VAULT,CASH,GHS,19685533.35,,CASH-VAULT,GL-1010,19685533.35,ACC-HQ
2026-03-20,CASH-BOG,CASH,GHS,43759030.61,CP-BOG,CASH-BOG,GL-1020,43759030.61,ACC-HQ
2026-03-23,CASH-VAULT,CASH,GHS,20279894.47,,CASH-VAULT,GL-1010,20279894.47,ACC-HQ
2026-03-23,CASH-BOG,CASH,GHS,43504514.38,CP-BOG,CASH-BOG,GL-1020,43504514.38,ACC-HQ
2026-03-24,CASH-VAULT,CASH,GHS,19755745.07,,CASH-VAULT,GL-1010,19755745.07,ACC-HQ
2026-03-24,CASH-BOG,CASH,GHS,43738360.25,CP-BOG,CASH-BOG,GL-1020,43738360.25,ACC-HQ
2026-03-25,CASH-VAULT,CASH,GHS,19279612.90,,CASH-VAULT,GL-1010,19279612.90,ACC-HQ
2026-03-25,CASH-BOG,CASH,GHS,45502568.76,CP-BOG,CASH-BOG,GL-1020,45502568.76,ACC-HQ
2026-03-26,CASH-VAULT,CASH,GHS,19513589.38,,CASH-VAULT,GL-1010,19513589.38,ACC-HQ
2026-03-26,CASH-BOG,CASH,GHS,44615335.56,CP-BOG,CASH-BOG,GL-1020,44615335.56,ACC-HQ
2026-03-27,CASH-VAULT,CASH,GHS,20076065.48,,CASH-VAULT,GL-1010,20076065.48,ACC-HQ
2026-03-27,CASH-BOG,CASH,GHS,43052950.52,CP-BOG,CASH-BOG,GL-1020,43052950.52,ACC-HQ
2026-03-30,CASH-VAULT,CASH,GHS,19528892.65,,CASH-VAULT,GL-1010,19528892.65,ACC-HQ
2026-03-30,CASH-BOG,CASH,GHS,44737334.95,CP-BOG,CASH-BOG,GL-1020,44737334.95,ACC-HQ
2026-03-31,CASH-VAULT,CASH,GHS,20102861.65,,CASH-VAULT,GL-1010,20102861.65,ACC-HQ
2026-03-31,CASH-BOG,CASH,GHS,43195146.27,CP-BOG,CASH-BOG,GL-1020,43195146.27,ACC-HQ
2026-04-01,CASH-VAULT,CASH,GHS,19654262.64,,CASH-VAULT,GL-1010,19654262.64,ACC-HQ
2026-04-01,CASH-BOG,CASH,GHS,43450728.25,CP-BOG,CASH-BOG,GL-1020,43450728.25,ACC-HQ
2026-04-02,CASH-VAULT,CASH,GHS,19005735.35,,CASH-VAULT,GL-1010,19005735.35,ACC-HQ
2026-04-02,CASH-BOG,CASH,GHS,44597541.34,CP-BOG,CASH-BOG,GL-1020,44597541.34,ACC-HQ
2026-04-03,CASH-VAULT,CASH,GHS,19219155.82,,CASH-VAULT,GL-1010,19219155.82,ACC-HQ
2026-04-03,CASH-BOG,CASH,GHS,43850968.40,CP-BOG,CASH-BOG,GL-1020,43850968.40,ACC-HQ
2026-04-06,CASH-VAULT,CASH,GHS,19798381.93,,CASH-VAULT,GL-1010,19798381.93,ACC-HQ
2026-04-06,CASH-BOG,CASH,GHS,42626251.23,CP-BOG,CASH-BOG,GL-1020,42626251.23,ACC-HQ
2026-04-07,CASH-VAULT,CASH,GHS,19583338.51,,CASH-VAULT,GL-1010,19583338.51,ACC-HQ
2026-04-07,CASH-BOG,CASH,GHS,43533910.81,CP-BOG,CASH-BOG,GL-1020,43533910.81,ACC-HQ
2026-04-08,CASH-VAULT,CASH,GHS,19114718.48,,CASH-VAULT,GL-1010,19114718.48,ACC-HQ
2026-04-08,CASH-BOG,CASH,GHS,44858553.03,CP-BOG,CASH-BOG,GL-1020,44858553.03,ACC-HQ
2026-04-09,CASH-VAULT,CASH,GHS,19181359.85,,CASH-VAULT,GL-1010,19181359.85,ACC-HQ
2026-04-09,CASH-BOG,CASH,GHS,43779352.04,CP-BOG,CASH-BOG,GL-1020,43779352.04,ACC-HQ
2026-04-10,CASH-VAULT,CASH,GHS,19804092.39,,CASH-VAULT,GL-1010,19804092.39,ACC-HQ
2026-04-10,CASH-BOG,CASH,GHS,42722151.59,CP-BOG,CASH-BOG,GL-1020,42722151.59,ACC-HQ
2026-04-13,CASH-VAULT,CASH,GHS,19155410.32,,CASH-VAULT,GL-1010,19155410.32,ACC-HQ
2026-04-13,CASH-BOG,CASH,GHS,43871256.89,CP-BOG,CASH-BOG,GL-1020,43871256.89,ACC-HQ
2026-04-14,CASH-VAULT,CASH,GHS,18923899.80,,CASH-VAULT,GL-1010,18923899.80,ACC-HQ
2026-04-14,CASH-BOG,CASH,GHS,44675977.34,CP-BOG,CASH-BOG,GL-1020,44675977.34,ACC-HQ
2026-04-15,CASH-VAULT,CASH,GHS,19329575.38,,CASH-VAULT,GL-1010,19329575.38,ACC-HQ
2026-04-15,CASH-BOG,CASH,GHS,44195484.05,CP-BOG,CASH-BOG,GL-1020,44195484.05,ACC-HQ
2026-04-16,CASH-VAULT,CASH,GHS,20019688.61,,CASH-VAULT,GL-1010,20019688.61,ACC-HQ
2026-04-16,CASH-BOG,CASH,GHS,42959862.26,CP-BOG,CASH-BOG,GL-1020,42959862.26,ACC-HQ
2026-04-17,CASH-VAULT,CASH,GHS,19477086.01,,CASH-VAULT,GL-1010,19477086.01,ACC-HQ
2026-04-17,CASH-BOG,CASH,GHS,43133934.72,CP-BOG,CASH-BOG,GL-1020,43133934.72,ACC-HQ
2026-04-20,CASH-VAULT,CASH,GHS,19987260.71,,CASH-VAULT,GL-1010,19987260.71,ACC-HQ
2026-04-20,CASH-BOG,CASH,GHS,42966716.61,CP-BOG,CASH-BOG,GL-1020,42966716.61,ACC-HQ
2026-04-21,CASH-VAULT,CASH,GHS,19489105.27,,CASH-VAULT,GL-1010,19489105.27,ACC-HQ
2026-04-21,CASH-BOG,CASH,GHS,43076093.13,CP-BOG,CASH-BOG,GL-1020,43076093.13,ACC-HQ
2026-04-22,CASH-VAULT,CASH,GHS,18972495.43,,CASH-VAULT,GL-1010,18972495.43,ACC-HQ
2026-04-22,CASH-BOG,CASH,GHS,44526968.34,CP-BOG,CASH-BOG,GL-1020,44526968.34,ACC-HQ
2026-04-23,CASH-VAULT,CASH,GHS,19320649.58,,CASH-VAULT,GL-1010,19320649.58,ACC-HQ
2026-04-23,CASH-BOG,CASH,GHS,44081795.70,CP-BOG,CASH-BOG,GL-1020,44081795.70,ACC-HQ
2026-04-24,CASH-VAULT,CASH,GHS,18871239.40,,CASH-VAULT,GL-1010,18871239.40,ACC-HQ
2026-04-24,CASH-BOG,CASH,GHS,44390821.65,CP-BOG,CASH-BOG,GL-1020,44390821.65,ACC-HQ
2026-04-27,CASH-VAULT,CASH,GHS,19489800.97,,CASH-VAULT,GL-1010,19489800.97,ACC-HQ
2026-04-27,CASH-BOG,CASH,GHS,43325059.45,CP-BOG,CASH-BOG,GL-1020,43325059.45,ACC-HQ
2026-04-28,CASH-VAULT,CASH,GHS,18892387.61,,CASH-VAULT,GL-1010,18892387.61,ACC-HQ
2026-04-28,CASH-BOG,CASH,GHS,44353146.04,CP-BOG,CASH-BOG,GL-1020,44353146.04,ACC-HQ
2026-04-29,CASH-VAULT,CASH,GHS,19386478.21,,CASH-VAULT,GL-1010,19386478.21,ACC-HQ
2026-04-29,CASH-BOG,CASH,GHS,44236882.35,CP-BOG,CASH-BOG,GL-1020,44236882.35,ACC-HQ
2026-04-30,CASH-VAULT,CASH,GHS,19861912.06,,CASH-VAULT,GL-1010,19861912.06,ACC-HQ
2026-04-30,CASH-BOG,CASH,GHS,42849015.86,CP-BOG,CASH-BOG,GL-1020,42849015.86,ACC-HQ
2026-05-01,CASH-VAULT,CASH,GHS,19520402.29,,CASH-VAULT,GL-1010,19520402.29,ACC-HQ
2026-05-01,CASH-BOG,CASH,GHS,43310158.92,CP-BOG,CASH-BOG,GL-1020,43310158.92,ACC-HQ
2026-05-04,CASH-VAULT,CASH,GHS,19157851.66,,CASH-VAULT,GL-1010,19157851.66,ACC-HQ
2026-05-04,CASH-BOG,CASH,GHS,43807640.86,CP-BOG,CASH-BOG,GL-1020,43807640.86,ACC-HQ
2026-05-05,CASH-VAULT,CASH,GHS,19071654.87,,CASH-VAULT,GL-1010,19071654.87,ACC-HQ
2026-05-05,CASH-BOG,CASH,GHS,45007700.34,CP-BOG,CASH-BOG,GL-1020,45007700.34,ACC-HQ
2026-05-06,CASH-VAULT,CASH,GHS,19623758.88,,CASH-VAULT,GL-1010,19623758.88,ACC-HQ
2026-05-06,CASH-BOG,CASH,GHS,43461732.87,CP-BOG,CASH-BOG,GL-1020,43461732.87,ACC-HQ
2026-05-07,CASH-VAULT,CASH,GHS,19871948.38,,CASH-VAULT,GL-1010,19871948.38,ACC-HQ
2026-05-07,CASH-BOG,CASH,GHS,42626210.01,CP-BOG,CASH-BOG,GL-1020,42626210.01,ACC-HQ
2026-05-08,CASH-VAULT,CASH,GHS,19156419.50,,CASH-VAULT,GL-1010,19156419.50,ACC-HQ
2026-05-08,CASH-BOG,CASH,GHS,43884051.59,CP-BOG,CASH-BOG,GL-1020,43884051.59,ACC-HQ
2026-05-11,CASH-VAULT,CASH,GHS,19869068.76,,CASH-VAULT,GL-1010,19869068.76,ACC-HQ
2026-05-11,CASH-BOG,CASH,GHS,42696935.10,CP-BOG,CASH-BOG,GL-1020,42696935.10,ACC-HQ
2026-05-12,CASH-VAULT,CASH,GHS,19217221.23,,CASH-VAULT,GL-1010,19217221.23,ACC-HQ
2026-05-12,CASH-BOG,CASH,GHS,43851266.41,CP-BOG,CASH-BOG,GL-1020,43851266.41,ACC-HQ
2026-05-13,CASH-VAULT,CASH,GHS,19189704.07,,CASH-VAULT,GL-1010,19189704.07,ACC-HQ
2026-05-13,CASH-BOG,CASH,GHS,45022602.09,CP-BOG,CASH-BOG,GL-1020,45022602.09,ACC-HQ
2026-05-14,CASH-VAULT,CASH,GHS,19333394.82,,CASH-VAULT,GL-1010,19333394.82,ACC-HQ
2026-05-14,CASH-BOG,CASH,GHS,44041192.84,CP-BOG,CASH-BOG,GL-1020,44041192.84,ACC-HQ
2026-05-15,CASH-VAULT,CASH,GHS,19097653.51,,CASH-VAULT,GL-1010,19097653.51,ACC-HQ
2026-05-15,CASH-BOG,CASH,GHS,44909625.94,CP-BOG,CASH-BOG,GL-1020,44909625.94,ACC-HQ
2026-05-18,CASH-VAULT,CASH,GHS,19335739.15,,CASH-VAULT,GL-1010,19335739.15,ACC-HQ
2026-05-18,CASH-BOG,CASH,GHS,44127734.29,CP-BOG,CASH-BOG,GL-1020,44127734.29,ACC-HQ
2026-05-19,CASH-VAULT,CASH,GHS,19162792.16,,CASH-VAULT,GL-1010,19162792.16,ACC-HQ
2026-05-19,CASH-BOG,CASH,GHS,44975155.33,CP-BOG,CASH-BOG,GL-1020,44975155.33,ACC-HQ
2026-05-20,CASH-VAULT,CASH,GHS,19792123.12,,CASH-VAULT,GL-1010,19792123.12,ACC-HQ
2026-05-20,CASH-BOG,CASH,GHS,43918065.25,CP-BOG,CASH-BOG,GL-1020,43918065.25,ACC-HQ
2026-05-21,CASH-VAULT,CASH,GHS,19841817.63,,CASH-VAULT,GL-1010,19841817.63,ACC-HQ
2026-05-21,CASH-BOG,CASH,GHS,42793323.81,CP-BOG,CASH-BOG,GL-1020,42793323.81,ACC-HQ
2026-05-22,CASH-VAULT,CASH,GHS,19331956.10,,CASH-VAULT,GL-1010,19331956.10,ACC-HQ
2026-05-22,CASH-BOG,CASH,GHS,44275923.90,CP-BOG,CASH-BOG,GL-1020,44275923.90,ACC-HQ
2026-05-25,CASH-VAULT,CASH,GHS,18981485.83,,CASH-VAULT,GL-1010,18981485.83,ACC-HQ
2026-05-25,CASH-BOG,CASH,GHS,44816769.93,CP-BOG,CASH-BOG,GL-1020,44816769.93,ACC-HQ
2026-05-26,CASH-VAULT,CASH,GHS,19678678.54,,CASH-VAULT,GL-1010,19678678.54,ACC-HQ
2026-05-26,CASH-BOG,CASH,GHS,43579807.97,CP-BOG,CASH-BOG,GL-1020,43579807.97,ACC-HQ
2026-05-27,CASH-VAULT,CASH,GHS,20072866.94,,CASH-VAULT,GL-1010,20072866.94,ACC-HQ
2026-05-27,CASH-BOG,CASH,GHS,43062638.18,CP-BOG,CASH-BOG,GL-1020,43062638.18,ACC-HQ
2026-05-28,CASH-VAULT,CASH,GHS,19508982.57,,CASH-VAULT,GL-1010,19508982.57,ACC-HQ
2026-05-28,CASH-BOG,CASH,GHS,44686232.95,CP-BOG,CASH-BOG,GL-1020,44686232.95,ACC-HQ
2026-05-29,CASH-VAULT,CASH,GHS,18991678.18,,CASH-VAULT,GL-1010,18991678.18,ACC-HQ
2026-05-29,CASH-BOG,CASH,GHS,44759572.24,CP-BOG,CASH-BOG,GL-1020,44759572.24,ACC-HQ
2026-05-31,CASH-VAULT,CASH,GHS,20056813.07,,CASH-VAULT,GL-1010,20056813.07,ACC-HQ
2026-05-31,CASH-BOG,CASH,GHS,43112532.99,CP-BOG,CASH-BOG,GL-1020,43112532.99,ACC-HQ
2026-06-01,CASH-VAULT,CASH,GHS,19929028.30,,CASH-VAULT,GL-1010,19929028.30,ACC-HQ
2026-06-01,CASH-BOG,CASH,GHS,45464114.98,CP-BOG,CASH-BOG,GL-1020,45464114.98,ACC-HQ
2026-06-02,CASH-VAULT,CASH,GHS,19408920.58,,CASH-VAULT,GL-1010,19408920.58,ACC-HQ
2026-06-02,CASH-BOG,CASH,GHS,45555391.64,CP-BOG,CASH-BOG,GL-1020,45555391.64,ACC-HQ
2026-06-03,CASH-VAULT,CASH,GHS,19860321.02,,CASH-VAULT,GL-1010,19860321.02,ACC-HQ
2026-06-03,CASH-BOG,CASH,GHS,45235743.06,CP-BOG,CASH-BOG,GL-1020,45235743.06,ACC-HQ
2026-06-04,CASH-VAULT,CASH,GHS,19459702.69,,CASH-VAULT,GL-1010,19459702.69,ACC-HQ
2026-06-04,CASH-BOG,CASH,GHS,45763642.53,CP-BOG,CASH-BOG,GL-1020,45763642.53,ACC-HQ
2026-06-05,CASH-VAULT,CASH,GHS,19953807.32,,CASH-VAULT,GL-1010,19953807.32,ACC-HQ
2026-06-05,CASH-BOG,CASH,GHS,44352949.14,CP-BOG,CASH-BOG,GL-1020,44352949.14,ACC-HQ
2026-06-08,CASH-VAULT,CASH,GHS,19462598.39,,CASH-VAULT,GL-1010,19462598.39,ACC-HQ
2026-06-08,CASH-BOG,CASH,GHS,45688285.62,CP-BOG,CASH-BOG,GL-1020,45688285.62,ACC-HQ
2026-06-09,CASH-VAULT,CASH,GHS,19948162.80,,CASH-VAULT,GL-1010,19948162.80,ACC-HQ
2026-06-09,CASH-BOG,CASH,GHS,44258385.94,CP-BOG,CASH-BOG,GL-1020,44258385.94,ACC-HQ
2026-06-10,CASH-VAULT,CASH,GHS,20473569.94,,CASH-VAULT,GL-1010,20473569.94,ACC-HQ
2026-06-10,CASH-BOG,CASH,GHS,44178945.48,CP-BOG,CASH-BOG,GL-1020,44178945.48,ACC-HQ
2026-06-11,CASH-VAULT,CASH,GHS,19798396.62,,CASH-VAULT,GL-1010,19798396.62,ACC-HQ
2026-06-11,CASH-BOG,CASH,GHS,45339522.24,CP-BOG,CASH-BOG,GL-1020,45339522.24,ACC-HQ
2026-06-12,CASH-VAULT,CASH,GHS,19418515.99,,CASH-VAULT,GL-1010,19418515.99,ACC-HQ
2026-06-12,CASH-BOG,CASH,GHS,45744898.52,CP-BOG,CASH-BOG,GL-1020,45744898.52,ACC-HQ
2026-06-15,CASH-VAULT,CASH,GHS,19346528.76,,CASH-VAULT,GL-1010,19346528.76,ACC-HQ
2026-06-15,CASH-BOG,CASH,GHS,45582648.53,CP-BOG,CASH-BOG,GL-1020,45582648.53,ACC-HQ
2026-06-16,CASH-VAULT,CASH,GHS,19875792.93,,CASH-VAULT,GL-1010,19875792.93,ACC-HQ
2026-06-16,CASH-BOG,CASH,GHS,45513131.59,CP-BOG,CASH-BOG,GL-1020,45513131.59,ACC-HQ
2026-06-17,CASH-VAULT,CASH,GHS,20454956.45,,CASH-VAULT,GL-1010,20454956.45,ACC-HQ
2026-06-17,CASH-BOG,CASH,GHS,43874694.59,CP-BOG,CASH-BOG,GL-1020,43874694.59,ACC-HQ
2026-06-18,CASH-VAULT,CASH,GHS,20060765.98,,CASH-VAULT,GL-1010,20060765.98,ACC-HQ
2026-06-18,CASH-BOG,CASH,GHS,44418258.30,CP-BOG,CASH-BOG,GL-1020,44418258.30,ACC-HQ
2026-06-19,CASH-VAULT,CASH,GHS,19356713.52,,CASH-VAULT,GL-1010,19356713.52,ACC-HQ
2026-06-19,CASH-BOG,CASH,GHS,45694436.04,CP-BOG,CASH-BOG,GL-1020,45694436.04,ACC-HQ
2026-06-22,CASH-VAULT,CASH,GHS,20050947.58,,CASH-VAULT,GL-1010,20050947.58,ACC-HQ
2026-06-22,CASH-BOG,CASH,GHS,44570306.74,CP-BOG,CASH-BOG,GL-1020,44570306.74,ACC-HQ
2026-06-23,CASH-VAULT,CASH,GHS,20518172.47,,CASH-VAULT,GL-1010,20518172.47,ACC-HQ
2026-06-23,CASH-BOG,CASH,GHS,44262090.25,CP-BOG,CASH-BOG,GL-1020,44262090.25,ACC-HQ
2026-06-24,CASH-VAULT,CASH,GHS,19997635.67,,CASH-VAULT,GL-1010,19997635.67,ACC-HQ
2026-06-24,CASH-BOG,CASH,GHS,44355127.97,CP-BOG,CASH-BOG,GL-1020,44355127.97,ACC-HQ
2026-06-25,CASH-VAULT,CASH,GHS,19516007.87,,CASH-VAULT,GL-1010,19516007.87,ACC-HQ
2026-06-25,CASH-BOG,CASH,GHS,45800224.16,CP-BOG,CASH-BOG,GL-1020,45800224.16,ACC-HQ
2026-06-26,CASH-VAULT,CASH,GHS,19895064.02,,CASH-VAULT,GL-1010,19895064.02,ACC-HQ
2026-06-26,CASH-BOG,CASH,GHS,45389659.35,CP-BOG,CASH-BOG,GL-1020,45389659.35,ACC-HQ
2026-06-29,CASH-VAULT,CASH,GHS,19534266.05,,CASH-VAULT,GL-1010,19534266.05,ACC-HQ
2026-06-29,CASH-BOG,CASH,GHS,45930866.41,CP-BOG,CASH-BOG,GL-1020,45930866.41,ACC-HQ
2026-06-30,CASH-VAULT,CASH,GHS,19941195.30,,CASH-VAULT,GL-1010,19941195.30,ACC-HQ
2026-06-30,CASH-BOG,CASH,GHS,45411869.54,CP-BOG,CASH-BOG,GL-1020,45411869.54,ACC-HQ
2026-07-01,CASH-VAULT,CASH,GHS,20222277.76,,CASH-VAULT,GL-1010,20222277.76,ACC-HQ
2026-07-01,CASH-BOG,CASH,GHS,43391659.43,CP-BOG,CASH-BOG,GL-1020,43391659.43,ACC-HQ
2026-07-02,CASH-VAULT,CASH,GHS,19691834.04,,CASH-VAULT,GL-1010,19691834.04,ACC-HQ
2026-07-02,CASH-BOG,CASH,GHS,43607033.79,CP-BOG,CASH-BOG,GL-1020,43607033.79,ACC-HQ
2026-07-03,CASH-VAULT,CASH,GHS,19252588.80,,CASH-VAULT,GL-1010,19252588.80,ACC-HQ
2026-07-03,CASH-BOG,CASH,GHS,45271506.72,CP-BOG,CASH-BOG,GL-1020,45271506.72,ACC-HQ
2026-07-06,CASH-VAULT,CASH,GHS,19893996.32,,CASH-VAULT,GL-1010,19893996.32,ACC-HQ
2026-07-06,CASH-BOG,CASH,GHS,44226314.43,CP-BOG,CASH-BOG,GL-1020,44226314.43,ACC-HQ
2026-07-07,CASH-VAULT,CASH,GHS,19293670.03,,CASH-VAULT,GL-1010,19293670.03,ACC-HQ
2026-07-07,CASH-BOG,CASH,GHS,45284766.07,CP-BOG,CASH-BOG,GL-1020,45284766.07,ACC-HQ
2026-07-08,CASH-VAULT,CASH,GHS,19486257.51,,CASH-VAULT,GL-1010,19486257.51,ACC-HQ
2026-07-08,CASH-BOG,CASH,GHS,44473052.01,CP-BOG,CASH-BOG,GL-1020,44473052.01,ACC-HQ
2026-07-09,CASH-VAULT,CASH,GHS,19969685.46,,CASH-VAULT,GL-1010,19969685.46,ACC-HQ
2026-07-09,CASH-BOG,CASH,GHS,43071850.72,CP-BOG,CASH-BOG,GL-1020,43071850.72,ACC-HQ
2026-07-10,CASH-VAULT,CASH,GHS,19935285.23,,CASH-VAULT,GL-1010,19935285.23,ACC-HQ
2026-07-10,CASH-BOG,CASH,GHS,44239098.21,CP-BOG,CASH-BOG,GL-1020,44239098.21,ACC-HQ
2026-07-13,CASH-VAULT,CASH,GHS,19306128.64,,CASH-VAULT,GL-1010,19306128.64,ACC-HQ
2026-07-13,CASH-BOG,CASH,GHS,45558218.89,CP-BOG,CASH-BOG,GL-1020,45558218.89,ACC-HQ
2026-07-14,CASH-VAULT,CASH,GHS,19404701.52,,CASH-VAULT,GL-1010,19404701.52,ACC-HQ
2026-07-14,CASH-BOG,CASH,GHS,44368670.28,CP-BOG,CASH-BOG,GL-1020,44368670.28,ACC-HQ
2026-07-15,CASH-VAULT,CASH,GHS,20101423.25,,CASH-VAULT,GL-1010,20101423.25,ACC-HQ
2026-07-15,CASH-BOG,CASH,GHS,43116051.94,CP-BOG,CASH-BOG,GL-1020,43116051.94,ACC-HQ
2026-07-16,CASH-VAULT,CASH,GHS,19862921.69,,CASH-VAULT,GL-1010,19862921.69,ACC-HQ
2026-07-16,CASH-BOG,CASH,GHS,43989653.37,CP-BOG,CASH-BOG,GL-1020,43989653.37,ACC-HQ
2026-07-17,CASH-VAULT,CASH,GHS,19330032.76,,CASH-VAULT,GL-1010,19330032.76,ACC-HQ
2026-07-17,CASH-BOG,CASH,GHS,45531261.64,CP-BOG,CASH-BOG,GL-1020,45531261.64,ACC-HQ
2026-07-20,CASH-VAULT,CASH,GHS,19874775.10,,CASH-VAULT,GL-1010,19874775.10,ACC-HQ
2026-07-20,CASH-BOG,CASH,GHS,43935800.72,CP-BOG,CASH-BOG,GL-1020,43935800.72,ACC-HQ
2026-07-21,CASH-VAULT,CASH,GHS,19352729.07,,CASH-VAULT,GL-1010,19352729.07,ACC-HQ
2026-07-21,CASH-BOG,CASH,GHS,45403538.56,CP-BOG,CASH-BOG,GL-1020,45403538.56,ACC-HQ
2026-07-22,CASH-VAULT,CASH,GHS,19394847.46,,CASH-VAULT,GL-1010,19394847.46,ACC-HQ
2026-07-22,CASH-BOG,CASH,GHS,44254485.26,CP-BOG,CASH-BOG,GL-1020,44254485.26,ACC-HQ
2026-07-23,CASH-VAULT,CASH,GHS,19175330.52,,CASH-VAULT,GL-1010,19175330.52,ACC-HQ
2026-07-23,CASH-BOG,CASH,GHS,45097731.37,CP-BOG,CASH-BOG,GL-1020,45097731.37,ACC-HQ
2026-07-24,CASH-VAULT,CASH,GHS,19556477.17,,CASH-VAULT,GL-1010,19556477.17,ACC-HQ
2026-07-24,CASH-BOG,CASH,GHS,44547064.18,CP-BOG,CASH-BOG,GL-1020,44547064.18,ACC-HQ
2026-07-27,CASH-VAULT,CASH,GHS,19178455.74,,CASH-VAULT,GL-1010,19178455.74,ACC-HQ
2026-07-27,CASH-BOG,CASH,GHS,45018398.78,CP-BOG,CASH-BOG,GL-1020,45018398.78,ACC-HQ
2026-07-28,CASH-VAULT,CASH,GHS,19553498.06,,CASH-VAULT,GL-1010,19553498.06,ACC-HQ
2026-07-28,CASH-BOG,CASH,GHS,44619906.29,CP-BOG,CASH-BOG,GL-1020,44619906.29,ACC-HQ
2026-07-29,CASH-VAULT,CASH,GHS,20181261.05,,CASH-VAULT,GL-1010,20181261.05,ACC-HQ
2026-07-29,CASH-BOG,CASH,GHS,43545852.38,CP-BOG,CASH-BOG,GL-1020,43545852.38,ACC-HQ
2026-07-30,CASH-VAULT,CASH,GHS,19673315.46,,CASH-VAULT,GL-1010,19673315.46,ACC-HQ
2026-07-30,CASH-BOG,CASH,GHS,43646808.26,CP-BOG,CASH-BOG,GL-1020,43646808.26,ACC-HQ
2026-07-31,CASH-VAULT,CASH,GHS,19156428.89,,CASH-VAULT,GL-1010,19156428.89,ACC-HQ
2026-07-31,CASH-BOG,CASH,GHS,45128999.29,CP-BOG,CASH-BOG,GL-1020,45128999.29,ACC-HQ
2026-08-03,CASH-VAULT,CASH,GHS,19618440.16,,CASH-VAULT,GL-1010,19618440.16,ACC-HQ
2026-08-03,CASH-BOG,CASH,GHS,44853584.46,CP-BOG,CASH-BOG,GL-1020,44853584.46,ACC-HQ
2026-08-04,CASH-VAULT,CASH,GHS,20178633.85,,CASH-VAULT,GL-1010,20178633.85,ACC-HQ
2026-08-04,CASH-BOG,CASH,GHS,43292234.08,CP-BOG,CASH-BOG,GL-1020,43292234.08,ACC-HQ
2026-08-05,CASH-VAULT,CASH,GHS,19801608.42,,CASH-VAULT,GL-1010,19801608.42,ACC-HQ
2026-08-05,CASH-BOG,CASH,GHS,43855423.41,CP-BOG,CASH-BOG,GL-1020,43855423.41,ACC-HQ
2026-08-06,CASH-VAULT,CASH,GHS,19115099.92,,CASH-VAULT,GL-1010,19115099.92,ACC-HQ
2026-08-06,CASH-BOG,CASH,GHS,45047959.52,CP-BOG,CASH-BOG,GL-1020,45047959.52,ACC-HQ
2026-08-07,CASH-VAULT,CASH,GHS,19633595.54,,CASH-VAULT,GL-1010,19633595.54,ACC-HQ
2026-08-07,CASH-BOG,CASH,GHS,44969889.84,CP-BOG,CASH-BOG,GL-1020,44969889.84,ACC-HQ
2026-08-10,CASH-VAULT,CASH,GHS,19178931.10,,CASH-VAULT,GL-1010,19178931.10,ACC-HQ
2026-08-10,CASH-BOG,CASH,GHS,45019348.54,CP-BOG,CASH-BOG,GL-1020,45019348.54,ACC-HQ
2026-08-11,CASH-VAULT,CASH,GHS,19708127.35,,CASH-VAULT,GL-1010,19708127.35,ACC-HQ
2026-08-11,CASH-BOG,CASH,GHS,44963300.06,CP-BOG,CASH-BOG,GL-1020,44963300.06,ACC-HQ
2026-08-12,CASH-VAULT,CASH,GHS,19493449.49,,CASH-VAULT,GL-1010,19493449.49,ACC-HQ
2026-08-12,CASH-BOG,CASH,GHS,44408036.03,CP-BOG,CASH-BOG,GL-1020,44408036.03,ACC-HQ
2026-08-13,CASH-VAULT,CASH,GHS,19419097.57,,CASH-VAULT,GL-1010,19419097.57,ACC-HQ
2026-08-13,CASH-BOG,CASH,GHS,45657043.51,CP-BOG,CASH-BOG,GL-1020,45657043.51,ACC-HQ
2026-08-14,CASH-VAULT,CASH,GHS,19919317.71,,CASH-VAULT,GL-1010,19919317.71,ACC-HQ
2026-08-14,CASH-BOG,CASH,GHS,44284158.01,CP-BOG,CASH-BOG,GL-1020,44284158.01,ACC-HQ
2026-08-17,CASH-VAULT,CASH,GHS,19457011.86,,CASH-VAULT,GL-1010,19457011.86,ACC-HQ
2026-08-17,CASH-BOG,CASH,GHS,45659411.35,CP-BOG,CASH-BOG,GL-1020,45659411.35,ACC-HQ
2026-08-18,CASH-VAULT,CASH,GHS,19946406.49,,CASH-VAULT,GL-1010,19946406.49,ACC-HQ
2026-08-18,CASH-BOG,CASH,GHS,44257891.67,CP-BOG,CASH-BOG,GL-1020,44257891.67,ACC-HQ
2026-08-19,CASH-VAULT,CASH,GHS,20160434.70,,CASH-VAULT,GL-1010,20160434.70,ACC-HQ
2026-08-19,CASH-BOG,CASH,GHS,43488110.73,CP-BOG,CASH-BOG,GL-1020,43488110.73,ACC-HQ
2026-08-20,CASH-VAULT,CASH,GHS,19493983.59,,CASH-VAULT,GL-1010,19493983.59,ACC-HQ
2026-08-20,CASH-BOG,CASH,GHS,44649787.90,CP-BOG,CASH-BOG,GL-1020,44649787.90,ACC-HQ
2026-08-21,CASH-VAULT,CASH,GHS,19432686.16,,CASH-VAULT,GL-1010,19432686.16,ACC-HQ
2026-08-21,CASH-BOG,CASH,GHS,45763960.35,CP-BOG,CASH-BOG,GL-1020,45763960.35,ACC-HQ
2026-08-24,CASH-VAULT,CASH,GHS,20060619.71,,CASH-VAULT,GL-1010,20060619.71,ACC-HQ
2026-08-24,CASH-BOG,CASH,GHS,44432313.26,CP-BOG,CASH-BOG,GL-1020,44432313.26,ACC-HQ
2026-08-25,CASH-VAULT,CASH,GHS,20141697.58,,CASH-VAULT,GL-1010,20141697.58,ACC-HQ
2026-08-25,CASH-BOG,CASH,GHS,43196089.83,CP-BOG,CASH-BOG,GL-1020,43196089.83,ACC-HQ
2026-08-26,CASH-VAULT,CASH,GHS,19569384.09,,CASH-VAULT,GL-1010,19569384.09,ACC-HQ
2026-08-26,CASH-BOG,CASH,GHS,44826613.12,CP-BOG,CASH-BOG,GL-1020,44826613.12,ACC-HQ
2026-08-27,CASH-VAULT,CASH,GHS,19357720.69,,CASH-VAULT,GL-1010,19357720.69,ACC-HQ
2026-08-27,CASH-BOG,CASH,GHS,45602622.22,CP-BOG,CASH-BOG,GL-1020,45602622.22,ACC-HQ
2026-08-28,CASH-VAULT,CASH,GHS,20067871.27,,CASH-VAULT,GL-1010,20067871.27,ACC-HQ
2026-08-28,CASH-BOG,CASH,GHS,44363353.70,CP-BOG,CASH-BOG,GL-1020,44363353.70,ACC-HQ
2026-08-31,CASH-VAULT,CASH,GHS,19390014.45,,CASH-VAULT,GL-1010,19390014.45,ACC-HQ
2026-08-31,CASH-BOG,CASH,GHS,45500807.27,CP-BOG,CASH-BOG,GL-1020,45500807.27,ACC-HQ
