as_of_date,source_reference,position_type,currency,balance,counterparty_reference,product_code,gl_account_code,contractual_maturity,interest_rate,attributes.balance_ghs,attributes.redeemable_within_two_days
2016-06-30,SEC-TBILL-00,SECURITY_HOLDING,GHS,4141289.66,CP-GOG,SEC-TBILL,GL-1200,2017-06-29,0.2224,4141289.66,true
2016-06-30,SEC-TBILL-01,SECURITY_HOLDING,GHS,2549578.27,CP-GOG,SEC-TBILL,GL-1200,2016-12-29,0.2224,2549578.27,true
2016-06-30,SEC-TBILL-02,SECURITY_HOLDING,GHS,4057456.67,CP-GOG,SEC-TBILL,GL-1200,2016-12-29,0.2224,4057456.67,true
2016-06-30,SEC-TBILL-03,SECURITY_HOLDING,GHS,5487181.74,CP-GOG,SEC-TBILL,GL-1200,2016-12-29,0.2224,5487181.74,true
2016-06-30,SEC-TBILL-04,SECURITY_HOLDING,GHS,5017288.86,CP-GOG,SEC-TBILL,GL-1200,2017-06-29,0.2224,5017288.86,true
2016-06-30,SEC-TBILL-05,SECURITY_HOLDING,GHS,4763701.23,CP-GOG,SEC-TBILL,GL-1200,2016-12-29,0.2224,4763701.23,true
2016-06-30,SEC-BOND-06,SECURITY_HOLDING,GHS,3186928.19,CP-GOG,SEC-BOND,GL-1200,2021-06-29,0.2224,3186928.19,true
2016-06-30,SEC-BOND-07,SECURITY_HOLDING,GHS,2876185.77,CP-GOG,SEC-BOND,GL-1200,2019-06-30,0.2224,2876185.77,true
2016-06-30,SEC-BOND-08,SECURITY_HOLDING,GHS,4491678.80,CP-GOG,SEC-BOND,GL-1200,2021-06-29,0.2224,4491678.80,true
2016-06-30,SEC-BOND-09,SECURITY_HOLDING,GHS,2929934.40,CP-GOG,SEC-BOND,GL-1200,2019-06-30,0.2224,2929934.40,true
2016-07-31,SEC-TBILL-00,SECURITY_HOLDING,GHS,2467296.27,CP-GOG,SEC-TBILL,GL-1200,2017-01-29,0.2186,2467296.27,true
2016-07-31,SEC-TBILL-01,SECURITY_HOLDING,GHS,4328754.76,CP-GOG,SEC-TBILL,GL-1200,2016-10-30,0.2186,4328754.76,true
2016-07-31,SEC-TBILL-02,SECURITY_HOLDING,GHS,2377881.98,CP-GOG,SEC-TBILL,GL-1200,2017-07-30,0.2186,2377881.98,true
2016-07-31,SEC-TBILL-03,SECURITY_HOLDING,GHS,5682362.89,CP-GOG,SEC-TBILL,GL-1200,2017-01-29,0.2186,5682362.89,true
2016-07-31,SEC-TBILL-04,SECURITY_HOLDING,GHS,5098866.44,CP-GOG,SEC-TBILL,GL-1200,2017-01-29,0.2186,5098866.44,true
2016-07-31,SEC-TBILL-05,SECURITY_HOLDING,GHS,3131145.68,CP-GOG,SEC-TBILL,GL-1200,2017-01-29,0.2186,3131145.68,true
2016-07-31,SEC-BOND-06,SECURITY_HOLDING,GHS,5008537.07,CP-GOG,SEC-BOND,GL-1200,2018-07-31,0.2186,5008537.07,true
2016-07-31,SEC-BOND-07,SECURITY_HOLDING,GHS,4677106.57,CP-GOG,SEC-BOND,GL-1200,2019-07-31,0.2186,4677106.57,true
2016-07-31,SEC-BOND-08,SECURITY_HOLDING,GHS,2841013.01,CP-GOG,SEC-BOND,GL-1200,2019-07-31,0.2186,2841013.01,true
2016-07-31,SEC-BOND-09,SECURITY_HOLDING,GHS,4734433.59,CP-GOG,SEC-BOND,GL-1200,2021-07-30,0.2186,4734433.59,true
2016-08-31,SEC-TBILL-00,SECURITY_HOLDING,GHS,5391135.97,CP-GOG,SEC-TBILL,GL-1200,2016-11-30,0.2547,5391135.97,true
2016-08-31,SEC-TBILL-01,SECURITY_HOLDING,GHS,3828301.03,CP-GOG,SEC-TBILL,GL-1200,2017-03-01,0.2547,3828301.03,true
2016-08-31,SEC-TBILL-02,SECURITY_HOLDING,GHS,5308823.85,CP-GOG,SEC-TBILL,GL-1200,2017-03-01,0.2547,5308823.85,true
2016-08-31,SEC-TBILL-03,SECURITY_HOLDING,GHS,5074392.20,CP-GOG,SEC-TBILL,GL-1200,2017-03-01,0.2547,5074392.20,true
2016-08-31,SEC-TBILL-04,SECURITY_HOLDING,GHS,4537242.82,CP-GOG,SEC-TBILL,GL-1200,2016-11-30,0.2547,4537242.82,true
2016-08-31,SEC-TBILL-05,SECURITY_HOLDING,GHS,2725817.91,CP-GOG,SEC-TBILL,GL-1200,2017-03-01,0.2547,2725817.91,true
2016-08-31,SEC-BOND-06,SECURITY_HOLDING,GHS,4454088.30,CP-GOG,SEC-BOND,GL-1200,2018-08-31,0.2547,4454088.30,true
2016-08-31,SEC-BOND-07,SECURITY_HOLDING,GHS,2434983.12,CP-GOG,SEC-BOND,GL-1200,2019-08-31,0.2547,2434983.12,true
2016-08-31,SEC-BOND-08,SECURITY_HOLDING,GHS,2458730.46,CP-GOG,SEC-BOND,GL-1200,2019-08-31,0.2547,2458730.46,true
2016-08-31,SEC-BOND-09,SECURITY_HOLDING,GHS,4201756.83,CP-GOG,SEC-BOND,GL-1200,2021-08-30,0.2547,4201756.83,true
2016-09-30,SEC-TBILL-00,SECURITY_HOLDING,GHS,2390426.14,CP-GOG,SEC-TBILL,GL-1200,2017-09-29,0.2580,2390426.14,true
2016-09-30,SEC-TBILL-01,SECURITY_HOLDING,GHS,4212253.57,CP-GOG,SEC-TBILL,GL-1200,2017-03-31,0.2580,4212253.57,true
2016-09-30,SEC-TBILL-02,SECURITY_HOLDING,GHS,5786280.35,CP-GOG,SEC-TBILL,GL-1200,2017-03-31,0.2580,5786280.35,true
2016-09-30,SEC-TBILL-03,SECURITY_HOLDING,GHS,3795360.51,CP-GOG,SEC-TBILL,GL-1200,2016-12-30,0.2580,3795360.51,true
2016-09-30,SEC-TBILL-04,SECURITY_HOLDING,GHS,5046536.54,CP-GOG,SEC-TBILL,GL-1200,2016-12-30,0.2580,5046536.54,true
2016-09-30,SEC-TBILL-05,SECURITY_HOLDING,GHS,4862391.62,CP-GOG,SEC-TBILL,GL-1200,2016-12-30,0.2580,4862391.62,true
2016-09-30,SEC-BOND-06,SECURITY_HOLDING,GHS,4877563.08,CP-GOG,SEC-BOND,GL-1200,2018-09-30,0.2580,4877563.08,true
2016-09-30,SEC-BOND-07,SECURITY_HOLDING,GHS,4553188.85,CP-GOG,SEC-BOND,GL-1200,2018-09-30,0.2580,4553188.85,true
2016-09-30,SEC-BOND-08,SECURITY_HOLDING,GHS,2756186.33,CP-GOG,SEC-BOND,GL-1200,2019-09-30,0.2580,2756186.33,true
2016-09-30,SEC-BOND-09,SECURITY_HOLDING,GHS,4609295.36,CP-GOG,SEC-BOND,GL-1200,2021-09-29,0.2580,4609295.36,true
2016-10-31,SEC-TBILL-00,SECURITY_HOLDING,GHS,4287213.63,CP-GOG,SEC-TBILL,GL-1200,2017-10-30,0.2542,4287213.63,true
2016-10-31,SEC-TBILL-01,SECURITY_HOLDING,GHS,6256794.95,CP-GOG,SEC-TBILL,GL-1200,2017-05-01,0.2542,6256794.95,true
2016-10-31,SEC-TBILL-02,SECURITY_HOLDING,GHS,4192605.71,CP-GOG,SEC-TBILL,GL-1200,2017-10-30,0.2542,4192605.71,true
2016-10-31,SEC-TBILL-03,SECURITY_HOLDING,GHS,3923154.63,CP-GOG,SEC-TBILL,GL-1200,2017-10-30,0.2542,3923154.63,true
2016-10-31,SEC-TBILL-04,SECURITY_HOLDING,GHS,5275803.57,CP-GOG,SEC-TBILL,GL-1200,2017-01-30,0.2542,5275803.57,true
2016-10-31,SEC-TBILL-05,SECURITY_HOLDING,GHS,3193787.74,CP-GOG,SEC-TBILL,GL-1200,2017-10-30,0.2542,3193787.74,true
2016-10-31,SEC-BOND-06,SECURITY_HOLDING,GHS,3210189.64,CP-GOG,SEC-BOND,GL-1200,2018-10-31,0.2542,3210189.64,true
2016-10-31,SEC-BOND-07,SECURITY_HOLDING,GHS,2859508.00,CP-GOG,SEC-BOND,GL-1200,2021-10-30,0.2542,2859508.00,true
2016-10-31,SEC-BOND-08,SECURITY_HOLDING,GHS,4682637.71,CP-GOG,SEC-BOND,GL-1200,2018-10-31,0.2542,4682637.71,true
2016-10-31,SEC-BOND-09,SECURITY_HOLDING,GHS,2920164.86,CP-GOG,SEC-BOND,GL-1200,2021-10-30,0.2542,2920164.86,true
2016-11-30,SEC-TBILL-00,SECURITY_HOLDING,GHS,4975736.87,CP-GOG,SEC-TBILL,GL-1200,2017-05-31,0.2174,4975736.87,true
2016-11-30,SEC-TBILL-01,SECURITY_HOLDING,GHS,2963117.61,CP-GOG,SEC-TBILL,GL-1200,2017-05-31,0.2174,2963117.61,true
2016-11-30,SEC-TBILL-02,SECURITY_HOLDING,GHS,2857627.47,CP-GOG,SEC-TBILL,GL-1200,2017-11-29,0.2174,2857627.47,true
2016-11-30,SEC-TBILL-03,SECURITY_HOLDING,GHS,6775124.04,CP-GOG,SEC-TBILL,GL-1200,2017-03-01,0.2174,6775124.04,true
2016-11-30,SEC-TBILL-04,SECURITY_HOLDING,GHS,6083382.93,CP-GOG,SEC-TBILL,GL-1200,2017-11-29,0.2174,6083382.93,true
2016-11-30,SEC-TBILL-05,SECURITY_HOLDING,GHS,3750629.44,CP-GOG,SEC-TBILL,GL-1200,2017-11-29,0.2174,3750629.44,true
2016-11-30,SEC-BOND-06,SECURITY_HOLDING,GHS,3769006.62,CP-GOG,SEC-BOND,GL-1200,2018-11-30,0.2174,3769006.62,true
2016-11-30,SEC-BOND-07,SECURITY_HOLDING,GHS,3376092.32,CP-GOG,SEC-BOND,GL-1200,2018-11-30,0.2174,3376092.32,true
2016-11-30,SEC-BOND-08,SECURITY_HOLDING,GHS,3406674.14,CP-GOG,SEC-BOND,GL-1200,2021-11-29,0.2174,3406674.14,true
2016-11-30,SEC-BOND-09,SECURITY_HOLDING,GHS,3444054.09,CP-GOG,SEC-BOND,GL-1200,2021-11-29,0.2174,3444054.09,true
2016-12-31,SEC-TBILL-00,SECURITY_HOLDING,GHS,4592779.67,CP-GOG,SEC-TBILL,GL-1200,2017-04-01,0.2136,4592779.67,true
2016-12-31,SEC-TBILL-01,SECURITY_HOLDING,GHS,6715771.33,CP-GOG,SEC-TBILL,GL-1200,2017-12-30,0.2136,6715771.33,true
2016-12-31,SEC-TBILL-02,SECURITY_HOLDING,GHS,6614286.43,CP-GOG,SEC-TBILL,GL-1200,2017-04-01,0.2136,6614286.43,true
2016-12-31,SEC-TBILL-03,SECURITY_HOLDING,GHS,4294249.87,CP-GOG,SEC-TBILL,GL-1200,2017-12-30,0.2136,4294249.87,true
2016-12-31,SEC-TBILL-04,SECURITY_HOLDING,GHS,3628772.73,CP-GOG,SEC-TBILL,GL-1200,2017-12-30,0.2136,3628772.73,true
2016-12-31,SEC-TBILL-05,SECURITY_HOLDING,GHS,3414187.02,CP-GOG,SEC-TBILL,GL-1200,2017-07-01,0.2136,3414187.02,true
2016-12-31,SEC-BOND-06,SECURITY_HOLDING,GHS,3431866.47,CP-GOG,SEC-BOND,GL-1200,2021-12-30,0.2136,3431866.47,true
2016-12-31,SEC-BOND-07,SECURITY_HOLDING,GHS,3053870.30,CP-GOG,SEC-BOND,GL-1200,2021-12-30,0.2136,3053870.30,true
2016-12-31,SEC-BOND-08,SECURITY_HOLDING,GHS,3083290.99,CP-GOG,SEC-BOND,GL-1200,2021-12-30,0.2136,3083290.99,true
2016-12-31,SEC-BOND-09,SECURITY_HOLDING,GHS,3119251.70,CP-GOG,SEC-BOND,GL-1200,2019-12-31,0.2136,3119251.70,true
2017-01-31,SEC-TBILL-00,SECURITY_HOLDING,GHS,5392160.13,CP-GOG,SEC-TBILL,GL-1200,2017-08-01,0.2498,5392160.13,true
2017-01-31,SEC-TBILL-01,SECURITY_HOLDING,GHS,3768051.05,CP-GOG,SEC-TBILL,GL-1200,2017-05-02,0.2498,3768051.05,true
2017-01-31,SEC-TBILL-02,SECURITY_HOLDING,GHS,5306620.80,CP-GOG,SEC-TBILL,GL-1200,2018-01-30,0.2498,5306620.80,true
2017-01-31,SEC-TBILL-03,SECURITY_HOLDING,GHS,5062997.77,CP-GOG,SEC-TBILL,GL-1200,2017-08-01,0.2498,5062997.77,true
2017-01-31,SEC-TBILL-04,SECURITY_HOLDING,GHS,2881091.96,CP-GOG,SEC-TBILL,GL-1200,2017-08-01,0.2498,2881091.96,true
2017-01-31,SEC-TBILL-05,SECURITY_HOLDING,GHS,4403543.88,CP-GOG,SEC-TBILL,GL-1200,2017-05-02,0.2498,4403543.88,true
2017-01-31,SEC-BOND-06,SECURITY_HOLDING,GHS,4418373.58,CP-GOG,SEC-BOND,GL-1200,2022-01-30,0.2498,4418373.58,true
2017-01-31,SEC-BOND-07,SECURITY_HOLDING,GHS,4101306.31,CP-GOG,SEC-BOND,GL-1200,2020-01-31,0.2498,4101306.31,true
2017-01-31,SEC-BOND-08,SECURITY_HOLDING,GHS,4125984.71,CP-GOG,SEC-BOND,GL-1200,2022-01-30,0.2498,4125984.71,true
2017-01-31,SEC-BOND-09,SECURITY_HOLDING,GHS,4156148.94,CP-GOG,SEC-BOND,GL-1200,2022-01-30,0.2498,4156148.94,true
2017-02-28,SEC-TBILL-00,SECURITY_HOLDING,GHS,3105397.27,CP-GOG,SEC-TBILL,GL-1200,2017-08-29,0.2691,3105397.27,true
2017-02-28,SEC-TBILL-01,SECURITY_HOLDING,GHS,3192020.12,CP-GOG,SEC-TBILL,GL-1200,2018-02-27,0.2691,3192020.12,true
2017-02-28,SEC-TBILL-02,SECURITY_HOLDING,GHS,4980348.99,CP-GOG,SEC-TBILL,GL-1200,2017-08-29,0.2691,4980348.99,true
2017-02-28,SEC-TBILL-03,SECURITY_HOLDING,GHS,2828510.27,CP-GOG,SEC-TBILL,GL-1200,2017-08-29,0.2691,2828510.27,true
2017-02-28,SEC-TBILL-04,SECURITY_HOLDING,GHS,5976191.51,CP-GOG,SEC-TBILL,GL-1200,2017-05-30,0.2691,5976191.51,true
2017-02-28,SEC-TBILL-05,SECURITY_HOLDING,GHS,3894706.48,CP-GOG,SEC-TBILL,GL-1200,2017-05-30,0.2691,3894706.48,true
2017-02-28,SEC-BOND-06,SECURITY_HOLDING,GHS,5793560.54,CP-GOG,SEC-BOND,GL-1200,2020-02-28,0.2691,5793560.54,true
2017-02-28,SEC-BOND-07,SECURITY_HOLDING,GHS,3560511.97,CP-GOG,SEC-BOND,GL-1200,2022-02-27,0.2691,3560511.97,true
2017-02-28,SEC-BOND-08,SECURITY_HOLDING,GHS,5470256.06,CP-GOG,SEC-BOND,GL-1200,2019-02-28,0.2691,5470256.06,true
2017-02-28,SEC-BOND-09,SECURITY_HOLDING,GHS,5503609.69,CP-GOG,SEC-BOND,GL-1200,2022-02-27,0.2691,5503609.69,true
2017-03-31,SEC-TBILL-00,SECURITY_HOLDING,GHS,5815598.89,CP-GOG,SEC-TBILL,GL-1200,2017-09-29,0.2253,5815598.89,true
2017-03-31,SEC-TBILL-01,SECURITY_HOLDING,GHS,3643364.47,CP-GOG,SEC-TBILL,GL-1200,2017-09-29,0.2253,3643364.47,true
2017-03-31,SEC-TBILL-02,SECURITY_HOLDING,GHS,3529508.20,CP-GOG,SEC-TBILL,GL-1200,2017-06-30,0.2253,3529508.20,true
2017-03-31,SEC-TBILL-03,SECURITY_HOLDING,GHS,3203664.13,CP-GOG,SEC-TBILL,GL-1200,2017-06-30,0.2253,3203664.13,true
2017-03-31,SEC-TBILL-04,SECURITY_HOLDING,GHS,7011089.24,CP-GOG,SEC-TBILL,GL-1200,2017-09-29,0.2253,7011089.24,true
2017-03-31,SEC-TBILL-05,SECURITY_HOLDING,GHS,4493331.64,CP-GOG,SEC-TBILL,GL-1200,2017-09-29,0.2253,4493331.64,true
2017-03-31,SEC-BOND-06,SECURITY_HOLDING,GHS,4513166.27,CP-GOG,SEC-BOND,GL-1200,2019-03-31,0.2253,4513166.27,true
2017-03-31,SEC-BOND-07,SECURITY_HOLDING,GHS,4089091.03,CP-GOG,SEC-BOND,GL-1200,2022-03-30,0.2253,4089091.03,true
2017-03-31,SEC-BOND-08,SECURITY_HOLDING,GHS,4122098.22,CP-GOG,SEC-BOND,GL-1200,2020-03-30,0.2253,4122098.22,true
2017-03-31,SEC-BOND-09,SECURITY_HOLDING,GHS,4162442.67,CP-GOG,SEC-BOND,GL-1200,2019-03-31,0.2253,4162442.67,true
2017-04-30,SEC-TBILL-00,SECURITY_HOLDING,GHS,3797761.14,CP-GOG,SEC-TBILL,GL-1200,2017-10-29,0.2704,3797761.14,true
2017-04-30,SEC-TBILL-01,SECURITY_HOLDING,GHS,3797213.78,CP-GOG,SEC-TBILL,GL-1200,2017-07-30,0.2704,3797213.78,true
2017-04-30,SEC-TBILL-02,SECURITY_HOLDING,GHS,3684309.62,CP-GOG,SEC-TBILL,GL-1200,2018-04-29,0.2704,3684309.62,true
2017-04-30,SEC-TBILL-03,SECURITY_HOLDING,GHS,3361190.37,CP-GOG,SEC-TBILL,GL-1200,2018-04-29,0.2704,3361190.37,true
2017-04-30,SEC-TBILL-04,SECURITY_HOLDING,GHS,7136776.36,CP-GOG,SEC-TBILL,GL-1200,2017-07-30,0.2704,7136776.36,true
2017-04-30,SEC-TBILL-05,SECURITY_HOLDING,GHS,4640073.20,CP-GOG,SEC-TBILL,GL-1200,2017-10-29,0.2704,4640073.20,true
2017-04-30,SEC-BOND-06,SECURITY_HOLDING,GHS,4659741.96,CP-GOG,SEC-BOND,GL-1200,2022-04-29,0.2704,4659741.96,true
2017-04-30,SEC-BOND-07,SECURITY_HOLDING,GHS,4239213.00,CP-GOG,SEC-BOND,GL-1200,2022-04-29,0.2704,4239213.00,true
2017-04-30,SEC-BOND-08,SECURITY_HOLDING,GHS,4271944.17,CP-GOG,SEC-BOND,GL-1200,2022-04-29,0.2704,4271944.17,true
2017-04-30,SEC-BOND-09,SECURITY_HOLDING,GHS,4311951.24,CP-GOG,SEC-BOND,GL-1200,2020-04-29,0.2704,4311951.24,true
2017-05-31,SEC-TBILL-00,SECURITY_HOLDING,GHS,3101245.67,CP-GOG,SEC-TBILL,GL-1200,2017-11-29,0.2247,3101245.67,true
2017-05-31,SEC-TBILL-01,SECURITY_HOLDING,GHS,5055753.05,CP-GOG,SEC-TBILL,GL-1200,2018-05-30,0.2247,5055753.05,true
2017-05-31,SEC-TBILL-02,SECURITY_HOLDING,GHS,3003017.87,CP-GOG,SEC-TBILL,GL-1200,2018-05-30,0.2247,3003017.87,true
2017-05-31,SEC-TBILL-03,SECURITY_HOLDING,GHS,4678238.34,CP-GOG,SEC-TBILL,GL-1200,2017-08-30,0.2247,4678238.34,true
2017-05-31,SEC-TBILL-04,SECURITY_HOLDING,GHS,4037226.98,CP-GOG,SEC-TBILL,GL-1200,2018-05-30,0.2247,4037226.98,true
2017-05-31,SEC-TBILL-05,SECURITY_HOLDING,GHS,5785511.65,CP-GOG,SEC-TBILL,GL-1200,2018-05-30,0.2247,5785511.65,true
2017-05-31,SEC-BOND-06,SECURITY_HOLDING,GHS,3847559.83,CP-GOG,SEC-BOND,GL-1200,2019-05-31,0.2247,3847559.83,true
2017-05-31,SEC-BOND-07,SECURITY_HOLDING,GHS,5438441.71,CP-GOG,SEC-BOND,GL-1200,2019-05-31,0.2247,5438441.71,true
2017-05-31,SEC-BOND-08,SECURITY_HOLDING,GHS,5466780.77,CP-GOG,SEC-BOND,GL-1200,2020-05-30,0.2247,5466780.77,true
2017-05-31,SEC-BOND-09,SECURITY_HOLDING,GHS,3546438.11,CP-GOG,SEC-BOND,GL-1200,2020-05-30,0.2247,3546438.11,true
2017-06-30,SEC-TBILL-00,SECURITY_HOLDING,GHS,5386575.00,CP-GOG,SEC-TBILL,GL-1200,2017-12-29,0.2698,5386575.00,true
2017-06-30,SEC-TBILL-01,SECURITY_HOLDING,GHS,3460493.48,CP-GOG,SEC-TBILL,GL-1200,2017-12-29,0.2698,3460493.48,true
2017-06-30,SEC-TBILL-02,SECURITY_HOLDING,GHS,3266144.31,CP-GOG,SEC-TBILL,GL-1200,2017-12-29,0.2698,3266144.31,true
2017-06-30,SEC-TBILL-03,SECURITY_HOLDING,GHS,4996211.11,CP-GOG,SEC-TBILL,GL-1200,2017-12-29,0.2698,4996211.11,true
2017-06-30,SEC-TBILL-04,SECURITY_HOLDING,GHS,4334213.18,CP-GOG,SEC-TBILL,GL-1200,2018-06-29,0.2698,4334213.18,true
2017-06-30,SEC-TBILL-05,SECURITY_HOLDING,GHS,6139736.29,CP-GOG,SEC-TBILL,GL-1200,2017-09-29,0.2698,6139736.29,true
2017-06-30,SEC-BOND-06,SECURITY_HOLDING,GHS,4231731.22,CP-GOG,SEC-BOND,GL-1200,2019-06-30,0.2698,4231731.22,true
2017-06-30,SEC-BOND-07,SECURITY_HOLDING,GHS,3855711.27,CP-GOG,SEC-BOND,GL-1200,2022-06-29,0.2698,3855711.27,true
2017-06-30,SEC-BOND-08,SECURITY_HOLDING,GHS,5810570.23,CP-GOG,SEC-BOND,GL-1200,2020-06-29,0.2698,5810570.23,true
2017-06-30,SEC-BOND-09,SECURITY_HOLDING,GHS,3920750.86,CP-GOG,SEC-BOND,GL-1200,2019-06-30,0.2698,3920750.86,true
2017-07-31,SEC-TBILL-00,SECURITY_HOLDING,GHS,5042871.91,CP-GOG,SEC-TBILL,GL-1200,2017-10-30,0.2260,5042871.91,true
2017-07-31,SEC-TBILL-01,SECURITY_HOLDING,GHS,3172671.16,CP-GOG,SEC-TBILL,GL-1200,2018-07-30,0.2260,3172671.16,true
2017-07-31,SEC-TBILL-02,SECURITY_HOLDING,GHS,4944371.31,CP-GOG,SEC-TBILL,GL-1200,2018-07-30,0.2260,4944371.31,true
2017-07-31,SEC-TBILL-03,SECURITY_HOLDING,GHS,4663833.52,CP-GOG,SEC-TBILL,GL-1200,2018-07-30,0.2260,4663833.52,true
2017-07-31,SEC-TBILL-04,SECURITY_HOLDING,GHS,4021041.92,CP-GOG,SEC-TBILL,GL-1200,2018-01-29,0.2260,4021041.92,true
2017-07-31,SEC-TBILL-05,SECURITY_HOLDING,GHS,5774181.99,CP-GOG,SEC-TBILL,GL-1200,2018-07-30,0.2260,5774181.99,true
2017-07-31,SEC-BOND-06,SECURITY_HOLDING,GHS,3921533.23,CP-GOG,SEC-BOND,GL-1200,2022-07-30,0.2260,3921533.23,true
2017-07-31,SEC-BOND-07,SECURITY_HOLDING,GHS,5426148.15,CP-GOG,SEC-BOND,GL-1200,2019-07-31,0.2260,5426148.15,true
2017-07-31,SEC-BOND-08,SECURITY_HOLDING,GHS,5454565.92,CP-GOG,SEC-BOND,GL-1200,2020-07-30,0.2260,5454565.92,true
2017-07-31,SEC-BOND-09,SECURITY_HOLDING,GHS,3619575.24,CP-GOG,SEC-BOND,GL-1200,2022-07-30,0.2260,3619575.24,true
2017-08-31,SEC-TBILL-00,SECURITY_HOLDING,GHS,4878201.22,CP-GOG,SEC-TBILL,GL-1200,2017-11-30,0.2222,4878201.22,true
2017-08-31,SEC-TBILL-01,SECURITY_HOLDING,GHS,2908126.19,CP-GOG,SEC-TBILL,GL-1200,2018-08-30,0.2222,2908126.19,true
2017-08-31,SEC-TBILL-02,SECURITY_HOLDING,GHS,4779239.03,CP-GOG,SEC-TBILL,GL-1200,2017-11-30,0.2222,4779239.03,true
2017-08-31,SEC-TBILL-03,SECURITY_HOLDING,GHS,6466984.17,CP-GOG,SEC-TBILL,GL-1200,2018-08-30,0.2222,6466984.17,true
2017-08-31,SEC-TBILL-04,SECURITY_HOLDING,GHS,5821180.32,CP-GOG,SEC-TBILL,GL-1200,2018-03-01,0.2222,5821180.32,true
2017-08-31,SEC-TBILL-05,SECURITY_HOLDING,GHS,3643340.78,CP-GOG,SEC-TBILL,GL-1200,2018-03-01,0.2222,3643340.78,true
2017-08-31,SEC-BOND-06,SECURITY_HOLDING,GHS,5630095.14,CP-GOG,SEC-BOND,GL-1200,2020-08-30,0.2222,5630095.14,true
2017-08-31,SEC-BOND-07,SECURITY_HOLDING,GHS,3293675.99,CP-GOG,SEC-BOND,GL-1200,2022-08-30,0.2222,3293675.99,true
2017-08-31,SEC-BOND-08,SECURITY_HOLDING,GHS,3322226.93,CP-GOG,SEC-BOND,GL-1200,2022-08-30,0.2222,3322226.93,true
2017-08-31,SEC-BOND-09,SECURITY_HOLDING,GHS,5326722.12,CP-GOG,SEC-BOND,GL-1200,2019-08-31,0.2222,5326722.12,true
2017-09-30,SEC-TBILL-00,SECURITY_HOLDING,GHS,3314798.30,CP-GOG,SEC-TBILL,GL-1200,2018-03-31,0.2254,3314798.30,true
2017-09-30,SEC-TBILL-01,SECURITY_HOLDING,GHS,5539758.08,CP-GOG,SEC-TBILL,GL-1200,2018-03-31,0.2254,5539758.08,true
2017-09-30,SEC-TBILL-02,SECURITY_HOLDING,GHS,3207923.41,CP-GOG,SEC-TBILL,GL-1200,2018-09-29,0.2254,3207923.41,true
2017-09-30,SEC-TBILL-03,SECURITY_HOLDING,GHS,2903534.94,CP-GOG,SEC-TBILL,GL-1200,2018-03-31,0.2254,2903534.94,true
2017-09-30,SEC-TBILL-04,SECURITY_HOLDING,GHS,4431570.09,CP-GOG,SEC-TBILL,GL-1200,2018-03-31,0.2254,4431570.09,true
2017-09-30,SEC-TBILL-05,SECURITY_HOLDING,GHS,6333758.10,CP-GOG,SEC-TBILL,GL-1200,2017-12-30,0.2254,6333758.10,true
2017-09-30,SEC-BOND-06,SECURITY_HOLDING,GHS,6352286.69,CP-GOG,SEC-BOND,GL-1200,2022-09-29,0.2254,6352286.69,true
2017-09-30,SEC-BOND-07,SECURITY_HOLDING,GHS,5956135.22,CP-GOG,SEC-BOND,GL-1200,2020-09-29,0.2254,5956135.22,true
2017-09-30,SEC-BOND-08,SECURITY_HOLDING,GHS,3761493.59,CP-GOG,SEC-BOND,GL-1200,2019-09-30,0.2254,3761493.59,true
2017-09-30,SEC-BOND-09,SECURITY_HOLDING,GHS,6024656.92,CP-GOG,SEC-BOND,GL-1200,2022-09-29,0.2254,6024656.92,true
2017-10-31,SEC-TBILL-00,SECURITY_HOLDING,GHS,3062877.54,CP-GOG,SEC-TBILL,GL-1200,2018-10-30,0.2616,3062877.54,true
2017-10-31,SEC-TBILL-01,SECURITY_HOLDING,GHS,5253110.96,CP-GOG,SEC-TBILL,GL-1200,2018-10-30,0.2616,5253110.96,true
2017-10-31,SEC-TBILL-02,SECURITY_HOLDING,GHS,2957670.70,CP-GOG,SEC-TBILL,GL-1200,2018-10-30,0.2616,2957670.70,true
2017-10-31,SEC-TBILL-03,SECURITY_HOLDING,GHS,6845796.35,CP-GOG,SEC-TBILL,GL-1200,2018-05-01,0.2616,6845796.35,true
2017-10-31,SEC-TBILL-04,SECURITY_HOLDING,GHS,4162219.16,CP-GOG,SEC-TBILL,GL-1200,2018-10-30,0.2616,4162219.16,true
2017-10-31,SEC-TBILL-05,SECURITY_HOLDING,GHS,3843977.50,CP-GOG,SEC-TBILL,GL-1200,2018-10-30,0.2616,3843977.50,true
2017-10-31,SEC-BOND-06,SECURITY_HOLDING,GHS,6052957.92,CP-GOG,SEC-BOND,GL-1200,2019-10-31,0.2616,6052957.92,true
2017-10-31,SEC-BOND-07,SECURITY_HOLDING,GHS,5662989.44,CP-GOG,SEC-BOND,GL-1200,2022-10-30,0.2616,5662989.44,true
2017-10-31,SEC-BOND-08,SECURITY_HOLDING,GHS,3502600.96,CP-GOG,SEC-BOND,GL-1200,2019-10-31,0.2616,3502600.96,true
2017-10-31,SEC-BOND-09,SECURITY_HOLDING,GHS,5730441.67,CP-GOG,SEC-BOND,GL-1200,2020-10-30,0.2616,5730441.67,true
2017-11-30,SEC-TBILL-00,SECURITY_HOLDING,GHS,2869871.73,CP-GOG,SEC-TBILL,GL-1200,2018-05-31,0.2649,2869871.73,true
2017-11-30,SEC-TBILL-01,SECURITY_HOLDING,GHS,4813619.02,CP-GOG,SEC-TBILL,GL-1200,2018-03-01,0.2649,4813619.02,true
2017-11-30,SEC-TBILL-02,SECURITY_HOLDING,GHS,4720702.49,CP-GOG,SEC-TBILL,GL-1200,2018-11-29,0.2649,4720702.49,true
2017-11-30,SEC-TBILL-03,SECURITY_HOLDING,GHS,2596546.83,CP-GOG,SEC-TBILL,GL-1200,2018-03-01,0.2649,2596546.83,true
2017-11-30,SEC-TBILL-04,SECURITY_HOLDING,GHS,5703733.65,CP-GOG,SEC-TBILL,GL-1200,2018-03-01,0.2649,5703733.65,true
2017-11-30,SEC-TBILL-05,SECURITY_HOLDING,GHS,5507265.43,CP-GOG,SEC-TBILL,GL-1200,2018-03-01,0.2649,5507265.43,true
2017-11-30,SEC-BOND-06,SECURITY_HOLDING,GHS,5523452.20,CP-GOG,SEC-BOND,GL-1200,2019-11-30,0.2649,5523452.20,true
2017-11-30,SEC-BOND-07,SECURITY_HOLDING,GHS,5177370.28,CP-GOG,SEC-BOND,GL-1200,2020-11-29,0.2649,5177370.28,true
2017-11-30,SEC-BOND-08,SECURITY_HOLDING,GHS,5204306.98,CP-GOG,SEC-BOND,GL-1200,2020-11-29,0.2649,5204306.98,true
2017-11-30,SEC-BOND-09,SECURITY_HOLDING,GHS,5237231.53,CP-GOG,SEC-BOND,GL-1200,2020-11-29,0.2649,5237231.53,true
2017-12-31,SEC-TBILL-00,SECURITY_HOLDING,GHS,5540348.83,CP-GOG,SEC-TBILL,GL-1200,2018-07-01,0.2210,5540348.83,true
2017-12-31,SEC-TBILL-01,SECURITY_HOLDING,GHS,3381983.17,CP-GOG,SEC-TBILL,GL-1200,2018-07-01,0.2210,3381983.17,true
2017-12-31,SEC-TBILL-02,SECURITY_HOLDING,GHS,5426671.03,CP-GOG,SEC-TBILL,GL-1200,2018-07-01,0.2210,5426671.03,true
2017-12-31,SEC-TBILL-03,SECURITY_HOLDING,GHS,5102907.32,CP-GOG,SEC-TBILL,GL-1200,2018-07-01,0.2210,5102907.32,true
2017-12-31,SEC-TBILL-04,SECURITY_HOLDING,GHS,6728206.50,CP-GOG,SEC-TBILL,GL-1200,2018-07-01,0.2210,6728206.50,true
2017-12-31,SEC-TBILL-05,SECURITY_HOLDING,GHS,4226523.67,CP-GOG,SEC-TBILL,GL-1200,2018-04-01,0.2210,4226523.67,true
2017-12-31,SEC-BOND-06,SECURITY_HOLDING,GHS,4246231.67,CP-GOG,SEC-BOND,GL-1200,2019-12-31,0.2210,4246231.67,true
2017-12-31,SEC-BOND-07,SECURITY_HOLDING,GHS,3824863.96,CP-GOG,SEC-BOND,GL-1200,2020-12-30,0.2210,3824863.96,true
2017-12-31,SEC-BOND-08,SECURITY_HOLDING,GHS,3857660.41,CP-GOG,SEC-BOND,GL-1200,2022-12-30,0.2210,3857660.41,true
2017-12-31,SEC-BOND-09,SECURITY_HOLDING,GHS,3897747.28,CP-GOG,SEC-BOND,GL-1200,2020-12-30,0.2210,3897747.28,true
2018-01-31,SEC-TBILL-00,SECURITY_HOLDING,GHS,5384436.87,CP-GOG,SEC-TBILL,GL-1200,2019-01-30,0.2172,5384436.87,true
2018-01-31,SEC-TBILL-01,SECURITY_HOLDING,GHS,3201588.73,CP-GOG,SEC-TBILL,GL-1200,2019-01-30,0.2172,3201588.73,true
2018-01-31,SEC-TBILL-02,SECURITY_HOLDING,GHS,5269469.61,CP-GOG,SEC-TBILL,GL-1200,2018-08-01,0.2172,5269469.61,true
2018-01-31,SEC-TBILL-03,SECURITY_HOLDING,GHS,4942033.44,CP-GOG,SEC-TBILL,GL-1200,2018-08-01,0.2172,4942033.44,true
2018-01-31,SEC-TBILL-04,SECURITY_HOLDING,GHS,6585768.49,CP-GOG,SEC-TBILL,GL-1200,2018-05-02,0.2172,6585768.49,true
2018-01-31,SEC-TBILL-05,SECURITY_HOLDING,GHS,4055708.91,CP-GOG,SEC-TBILL,GL-1200,2019-01-30,0.2172,4055708.91,true
2018-01-31,SEC-BOND-06,SECURITY_HOLDING,GHS,4075640.46,CP-GOG,SEC-BOND,GL-1200,2021-01-30,0.2172,4075640.46,true
2018-01-31,SEC-BOND-07,SECURITY_HOLDING,GHS,3649493.15,CP-GOG,SEC-BOND,GL-1200,2021-01-30,0.2172,3649493.15,true
2018-01-31,SEC-BOND-08,SECURITY_HOLDING,GHS,5864955.07,CP-GOG,SEC-BOND,GL-1200,2023-01-30,0.2172,5864955.07,true
2018-01-31,SEC-BOND-09,SECURITY_HOLDING,GHS,3723203.19,CP-GOG,SEC-BOND,GL-1200,2020-01-31,0.2172,3723203.19,true
2018-02-28,SEC-TBILL-00,SECURITY_HOLDING,GHS,2977822.33,CP-GOG,SEC-TBILL,GL-1200,2018-05-30,0.2765,2977822.33,true
2018-02-28,SEC-TBILL-01,SECURITY_HOLDING,GHS,4674779.24,CP-GOG,SEC-TBILL,GL-1200,2018-05-30,0.2765,4674779.24,true
2018-02-28,SEC-TBILL-02,SECURITY_HOLDING,GHS,4593659.98,CP-GOG,SEC-TBILL,GL-1200,2018-08-29,0.2765,4593659.98,true
2018-02-28,SEC-TBILL-03,SECURITY_HOLDING,GHS,4361505.63,CP-GOG,SEC-TBILL,GL-1200,2019-02-27,0.2765,4361505.63,true
2018-02-28,SEC-TBILL-04,SECURITY_HOLDING,GHS,3829574.18,CP-GOG,SEC-TBILL,GL-1200,2019-02-27,0.2765,3829574.18,true
2018-02-28,SEC-TBILL-05,SECURITY_HOLDING,GHS,5280355.94,CP-GOG,SEC-TBILL,GL-1200,2019-02-27,0.2765,5280355.94,true
2018-02-28,SEC-BOND-06,SECURITY_HOLDING,GHS,5294487.54,CP-GOG,SEC-BOND,GL-1200,2020-02-28,0.2765,5294487.54,true
2018-02-28,SEC-BOND-07,SECURITY_HOLDING,GHS,4992346.35,CP-GOG,SEC-BOND,GL-1200,2021-02-27,0.2765,4992346.35,true
2018-02-28,SEC-BOND-08,SECURITY_HOLDING,GHS,5015863.01,CP-GOG,SEC-BOND,GL-1200,2021-02-27,0.2765,5015863.01,true
2018-02-28,SEC-BOND-09,SECURITY_HOLDING,GHS,5044607.24,CP-GOG,SEC-BOND,GL-1200,2020-02-28,0.2765,5044607.24,true
2018-03-31,SEC-TBILL-00,SECURITY_HOLDING,GHS,3042534.10,CP-GOG,SEC-TBILL,GL-1200,2018-09-29,0.2727,3042534.10,true
2018-03-31,SEC-TBILL-01,SECURITY_HOLDING,GHS,4871636.72,CP-GOG,SEC-TBILL,GL-1200,2019-03-30,0.2727,4871636.72,true
2018-03-31,SEC-TBILL-02,SECURITY_HOLDING,GHS,2954674.01,CP-GOG,SEC-TBILL,GL-1200,2018-06-30,0.2727,2954674.01,true
2018-03-31,SEC-TBILL-03,SECURITY_HOLDING,GHS,4453078.85,CP-GOG,SEC-TBILL,GL-1200,2019-03-30,0.2727,4453078.85,true
2018-03-31,SEC-TBILL-04,SECURITY_HOLDING,GHS,5709251.26,CP-GOG,SEC-TBILL,GL-1200,2018-09-29,0.2727,5709251.26,true
2018-03-31,SEC-TBILL-05,SECURITY_HOLDING,GHS,5524370.99,CP-GOG,SEC-TBILL,GL-1200,2019-03-30,0.2727,5524370.99,true
2018-03-31,SEC-BOND-06,SECURITY_HOLDING,GHS,5539603.04,CP-GOG,SEC-BOND,GL-1200,2021-03-30,0.2727,5539603.04,true
2018-03-31,SEC-BOND-07,SECURITY_HOLDING,GHS,5213933.47,CP-GOG,SEC-BOND,GL-1200,2023-03-30,0.2727,5213933.47,true
2018-03-31,SEC-BOND-08,SECURITY_HOLDING,GHS,5239281.41,CP-GOG,SEC-BOND,GL-1200,2021-03-30,0.2727,5239281.41,true
2018-03-31,SEC-BOND-09,SECURITY_HOLDING,GHS,5270264.03,CP-GOG,SEC-BOND,GL-1200,2023-03-30,0.2727,5270264.03,true
2018-04-30,SEC-TBILL-00,SECURITY_HOLDING,GHS,5590307.14,CP-GOG,SEC-TBILL,GL-1200,2018-10-29,0.2760,5590307.14,true
2018-04-30,SEC-TBILL-01,SECURITY_HOLDING,GHS,3640520.57,CP-GOG,SEC-TBILL,GL-1200,2018-07-30,0.2760,3640520.57,true
2018-04-30,SEC-TBILL-02,SECURITY_HOLDING,GHS,5492364.09,CP-GOG,SEC-TBILL,GL-1200,2018-07-30,0.2760,5492364.09,true
2018-04-30,SEC-TBILL-03,SECURITY_HOLDING,GHS,3264100.24,CP-GOG,SEC-TBILL,GL-1200,2018-07-30,0.2760,3264100.24,true
2018-04-30,SEC-TBILL-04,SECURITY_HOLDING,GHS,2624947.09,CP-GOG,SEC-TBILL,GL-1200,2019-04-29,0.2760,2624947.09,true
2018-04-30,SEC-TBILL-05,SECURITY_HOLDING,GHS,4368163.68,CP-GOG,SEC-TBILL,GL-1200,2019-04-29,0.2760,4368163.68,true
2018-04-30,SEC-BOND-06,SECURITY_HOLDING,GHS,6334457.82,CP-GOG,SEC-BOND,GL-1200,2021-04-29,0.2760,6334457.82,true
2018-04-30,SEC-BOND-07,SECURITY_HOLDING,GHS,4022099.86,CP-GOG,SEC-BOND,GL-1200,2023-04-29,0.2760,4022099.86,true
2018-04-30,SEC-BOND-08,SECURITY_HOLDING,GHS,5999670.80,CP-GOG,SEC-BOND,GL-1200,2020-04-29,0.2760,5999670.80,true
2018-04-30,SEC-BOND-09,SECURITY_HOLDING,GHS,6034209.02,CP-GOG,SEC-BOND,GL-1200,2023-04-29,0.2760,6034209.02,true
2018-05-31,SEC-TBILL-00,SECURITY_HOLDING,GHS,4253450.03,CP-GOG,SEC-TBILL,GL-1200,2018-11-29,0.2321,4253450.03,true
2018-05-31,SEC-TBILL-01,SECURITY_HOLDING,GHS,4252868.21,CP-GOG,SEC-TBILL,GL-1200,2018-08-30,0.2321,4252868.21,true
2018-05-31,SEC-TBILL-02,SECURITY_HOLDING,GHS,4132859.43,CP-GOG,SEC-TBILL,GL-1200,2019-05-30,0.2321,4132859.43,true
2018-05-31,SEC-TBILL-03,SECURITY_HOLDING,GHS,3789407.54,CP-GOG,SEC-TBILL,GL-1200,2018-08-30,0.2321,3789407.54,true
2018-05-31,SEC-TBILL-04,SECURITY_HOLDING,GHS,7802576.62,CP-GOG,SEC-TBILL,GL-1200,2018-08-30,0.2321,7802576.62,true
2018-05-31,SEC-TBILL-05,SECURITY_HOLDING,GHS,5148765.53,CP-GOG,SEC-TBILL,GL-1200,2018-08-30,0.2321,5148765.53,true
2018-05-31,SEC-BOND-06,SECURITY_HOLDING,GHS,5169671.98,CP-GOG,SEC-BOND,GL-1200,2023-05-30,0.2321,5169671.98,true
2018-05-31,SEC-BOND-07,SECURITY_HOLDING,GHS,4722680.75,CP-GOG,SEC-BOND,GL-1200,2020-05-30,0.2321,4722680.75,true
2018-05-31,SEC-BOND-08,SECURITY_HOLDING,GHS,4757471.56,CP-GOG,SEC-BOND,GL-1200,2020-05-30,0.2321,4757471.56,true
2018-05-31,SEC-BOND-09,SECURITY_HOLDING,GHS,4799996.13,CP-GOG,SEC-BOND,GL-1200,2023-05-30,0.2321,4799996.13,true
2018-06-30,SEC-TBILL-00,SECURITY_HOLDING,GHS,3877533.30,CP-GOG,SEC-TBILL,GL-1200,2018-12-29,0.2773,3877533.30,true
2018-06-30,SEC-TBILL-01,SECURITY_HOLDING,GHS,6065382.63,CP-GOG,SEC-TBILL,GL-1200,2019-06-29,0.2773,6065382.63,true
2018-06-30,SEC-TBILL-02,SECURITY_HOLDING,GHS,3772440.99,CP-GOG,SEC-TBILL,GL-1200,2019-06-29,0.2773,3772440.99,true
2018-06-30,SEC-TBILL-03,SECURITY_HOLDING,GHS,3473129.47,CP-GOG,SEC-TBILL,GL-1200,2018-12-29,0.2773,3473129.47,true
2018-06-30,SEC-TBILL-04,SECURITY_HOLDING,GHS,6970526.80,CP-GOG,SEC-TBILL,GL-1200,2018-12-29,0.2773,6970526.80,true
2018-06-30,SEC-TBILL-05,SECURITY_HOLDING,GHS,4657783.03,CP-GOG,SEC-TBILL,GL-1200,2018-09-29,0.2773,4657783.03,true
2018-06-30,SEC-BOND-06,SECURITY_HOLDING,GHS,6864358.94,CP-GOG,SEC-BOND,GL-1200,2023-06-29,0.2773,6864358.94,true
2018-06-30,SEC-BOND-07,SECURITY_HOLDING,GHS,4286458.58,CP-GOG,SEC-BOND,GL-1200,2021-06-29,0.2773,4286458.58,true
2018-06-30,SEC-BOND-08,SECURITY_HOLDING,GHS,4316778.09,CP-GOG,SEC-BOND,GL-1200,2020-06-29,0.2773,4316778.09,true
2018-06-30,SEC-BOND-09,SECURITY_HOLDING,GHS,6542193.76,CP-GOG,SEC-BOND,GL-1200,2021-06-29,0.2773,6542193.76,true
2018-07-31,SEC-TBILL-00,SECURITY_HOLDING,GHS,3655656.95,CP-GOG,SEC-TBILL,GL-1200,2019-01-29,0.2734,3655656.95,true
2018-07-31,SEC-TBILL-01,SECURITY_HOLDING,GHS,5734294.35,CP-GOG,SEC-TBILL,GL-1200,2019-01-29,0.2734,5734294.35,true
2018-07-31,SEC-TBILL-02,SECURITY_HOLDING,GHS,3551190.74,CP-GOG,SEC-TBILL,GL-1200,2019-07-30,0.2734,3551190.74,true
2018-07-31,SEC-TBILL-03,SECURITY_HOLDING,GHS,5332803.82,CP-GOG,SEC-TBILL,GL-1200,2018-10-30,0.2734,5332803.82,true
2018-07-31,SEC-TBILL-04,SECURITY_HOLDING,GHS,4651082.07,CP-GOG,SEC-TBILL,GL-1200,2018-10-30,0.2734,4651082.07,true
2018-07-31,SEC-TBILL-05,SECURITY_HOLDING,GHS,6510399.63,CP-GOG,SEC-TBILL,GL-1200,2018-10-30,0.2734,6510399.63,true
2018-07-31,SEC-BOND-06,SECURITY_HOLDING,GHS,4449369.23,CP-GOG,SEC-BOND,GL-1200,2023-07-30,0.2734,4449369.23,true
2018-07-31,SEC-BOND-07,SECURITY_HOLDING,GHS,6141287.41,CP-GOG,SEC-BOND,GL-1200,2020-07-30,0.2734,6141287.41,true
2018-07-31,SEC-BOND-08,SECURITY_HOLDING,GHS,6171426.28,CP-GOG,SEC-BOND,GL-1200,2020-07-30,0.2734,6171426.28,true
2018-07-31,SEC-BOND-09,SECURITY_HOLDING,GHS,4129123.40,CP-GOG,SEC-BOND,GL-1200,2021-07-30,0.2734,4129123.40,true
2018-08-31,SEC-TBILL-00,SECURITY_HOLDING,GHS,5089391.47,CP-GOG,SEC-TBILL,GL-1200,2019-08-30,0.2296,5089391.47,true
2018-08-31,SEC-TBILL-01,SECURITY_HOLDING,GHS,5088928.12,CP-GOG,SEC-TBILL,GL-1200,2019-03-01,0.2296,5088928.12,true
2018-08-31,SEC-TBILL-02,SECURITY_HOLDING,GHS,4993353.31,CP-GOG,SEC-TBILL,GL-1200,2019-08-30,0.2296,4993353.31,true
2018-08-31,SEC-TBILL-03,SECURITY_HOLDING,GHS,4719828.77,CP-GOG,SEC-TBILL,GL-1200,2019-08-30,0.2296,4719828.77,true
2018-08-31,SEC-TBILL-04,SECURITY_HOLDING,GHS,4093106.51,CP-GOG,SEC-TBILL,GL-1200,2019-08-30,0.2296,4093106.51,true
2018-08-31,SEC-TBILL-05,SECURITY_HOLDING,GHS,5802419.31,CP-GOG,SEC-TBILL,GL-1200,2018-11-30,0.2296,5802419.31,true
2018-08-31,SEC-BOND-06,SECURITY_HOLDING,GHS,5819069.17,CP-GOG,SEC-BOND,GL-1200,2023-08-30,0.2296,5819069.17,true
2018-08-31,SEC-BOND-07,SECURITY_HOLDING,GHS,5463086.07,CP-GOG,SEC-BOND,GL-1200,2021-08-30,0.2296,5463086.07,true
2018-08-31,SEC-BOND-08,SECURITY_HOLDING,GHS,5490793.42,CP-GOG,SEC-BOND,GL-1200,2023-08-30,0.2296,5490793.42,true
2018-08-31,SEC-BOND-09,SECURITY_HOLDING,GHS,5524659.91,CP-GOG,SEC-BOND,GL-1200,2023-08-30,0.2296,5524659.91,true
2018-09-30,SEC-TBILL-00,SECURITY_HOLDING,GHS,5630487.88,CP-GOG,SEC-TBILL,GL-1200,2019-09-29,0.2329,5630487.88,true
2018-09-30,SEC-TBILL-01,SECURITY_HOLDING,GHS,3673180.17,CP-GOG,SEC-TBILL,GL-1200,2019-03-31,0.2329,3673180.17,true
2018-09-30,SEC-TBILL-02,SECURITY_HOLDING,GHS,5527399.48,CP-GOG,SEC-TBILL,GL-1200,2019-09-29,0.2329,5527399.48,true
2018-09-30,SEC-TBILL-03,SECURITY_HOLDING,GHS,5233795.30,CP-GOG,SEC-TBILL,GL-1200,2019-03-31,0.2329,5233795.30,true
2018-09-30,SEC-TBILL-04,SECURITY_HOLDING,GHS,6707693.19,CP-GOG,SEC-TBILL,GL-1200,2018-12-30,0.2329,6707693.19,true
2018-09-30,SEC-TBILL-05,SECURITY_HOLDING,GHS,6395859.64,CP-GOG,SEC-TBILL,GL-1200,2019-09-29,0.2329,6395859.64,true
2018-09-30,SEC-BOND-06,SECURITY_HOLDING,GHS,4456921.44,CP-GOG,SEC-BOND,GL-1200,2020-09-29,0.2329,4456921.44,true
2018-09-30,SEC-BOND-07,SECURITY_HOLDING,GHS,4074805.35,CP-GOG,SEC-BOND,GL-1200,2021-09-29,0.2329,4074805.35,true
2018-09-30,SEC-BOND-08,SECURITY_HOLDING,GHS,6061357.05,CP-GOG,SEC-BOND,GL-1200,2021-09-29,0.2329,6061357.05,true
2018-09-30,SEC-BOND-09,SECURITY_HOLDING,GHS,4140899.37,CP-GOG,SEC-BOND,GL-1200,2020-09-29,0.2329,4140899.37,true
2018-10-31,SEC-TBILL-00,SECURITY_HOLDING,GHS,5803734.14,CP-GOG,SEC-TBILL,GL-1200,2019-10-30,0.2290,5803734.14,true
2018-10-31,SEC-TBILL-01,SECURITY_HOLDING,GHS,5904563.42,CP-GOG,SEC-TBILL,GL-1200,2019-10-30,0.2290,5904563.42,true
2018-10-31,SEC-TBILL-02,SECURITY_HOLDING,GHS,5693638.30,CP-GOG,SEC-TBILL,GL-1200,2019-01-30,0.2290,5693638.30,true
2018-10-31,SEC-TBILL-03,SECURITY_HOLDING,GHS,3188890.94,CP-GOG,SEC-TBILL,GL-1200,2019-05-01,0.2290,3188890.94,true
2018-10-31,SEC-TBILL-04,SECURITY_HOLDING,GHS,6852802.26,CP-GOG,SEC-TBILL,GL-1200,2019-01-30,0.2290,6852802.26,true
2018-10-31,SEC-TBILL-05,SECURITY_HOLDING,GHS,4429946.84,CP-GOG,SEC-TBILL,GL-1200,2019-10-30,0.2290,4429946.84,true
2018-10-31,SEC-BOND-06,SECURITY_HOLDING,GHS,4550394.29,CP-GOG,SEC-BOND,GL-1200,2020-10-30,0.2290,4550394.29,true
2018-10-31,SEC-BOND-07,SECURITY_HOLDING,GHS,6333489.15,CP-GOG,SEC-BOND,GL-1200,2021-10-30,0.2290,6333489.15,true
2018-10-31,SEC-BOND-08,SECURITY_HOLDING,GHS,4072706.37,CP-GOG,SEC-BOND,GL-1200,2023-10-30,0.2290,4072706.37,true
2018-10-31,SEC-BOND-09,SECURITY_HOLDING,GHS,4212890.56,CP-GOG,SEC-BOND,GL-1200,2020-10-30,0.2290,4212890.56,true
2018-11-30,SEC-TBILL-00,SECURITY_HOLDING,GHS,3439122.87,CP-GOG,SEC-TBILL,GL-1200,2019-03-01,0.2323,3439122.87,true
2018-11-30,SEC-TBILL-01,SECURITY_HOLDING,GHS,5518168.02,CP-GOG,SEC-TBILL,GL-1200,2019-03-01,0.2323,5518168.02,true
2018-11-30,SEC-TBILL-02,SECURITY_HOLDING,GHS,3339256.91,CP-GOG,SEC-TBILL,GL-1200,2019-05-31,0.2323,3339256.91,true
2018-11-30,SEC-TBILL-03,SECURITY_HOLDING,GHS,3054830.48,CP-GOG,SEC-TBILL,GL-1200,2019-05-31,0.2323,3054830.48,true
2018-11-30,SEC-TBILL-04,SECURITY_HOLDING,GHS,4482655.88,CP-GOG,SEC-TBILL,GL-1200,2019-03-01,0.2323,4482655.88,true
2018-11-30,SEC-TBILL-05,SECURITY_HOLDING,GHS,6260096.89,CP-GOG,SEC-TBILL,GL-1200,2019-11-29,0.2323,6260096.89,true
2018-11-30,SEC-BOND-06,SECURITY_HOLDING,GHS,6277410.36,CP-GOG,SEC-BOND,GL-1200,2021-11-29,0.2323,6277410.36,true
2018-11-30,SEC-BOND-07,SECURITY_HOLDING,GHS,5907238.82,CP-GOG,SEC-BOND,GL-1200,2023-11-29,0.2323,5907238.82,true
2018-11-30,SEC-BOND-08,SECURITY_HOLDING,GHS,5936050.50,CP-GOG,SEC-BOND,GL-1200,2023-11-29,0.2323,5936050.50,true
2018-11-30,SEC-BOND-09,SECURITY_HOLDING,GHS,5971266.81,CP-GOG,SEC-BOND,GL-1200,2023-11-29,0.2323,5971266.81,true
2018-12-31,SEC-TBILL-00,SECURITY_HOLDING,GHS,3782811.77,CP-GOG,SEC-TBILL,GL-1200,2019-04-01,0.2685,3782811.77,true
2018-12-31,SEC-TBILL-01,SECURITY_HOLDING,GHS,6203369.69,CP-GOG,SEC-TBILL,GL-1200,2019-07-01,0.2685,6203369.69,true
2018-12-31,SEC-TBILL-02,SECURITY_HOLDING,GHS,3666541.40,CP-GOG,SEC-TBILL,GL-1200,2019-04-01,0.2685,3666541.40,true
2018-12-31,SEC-TBILL-03,SECURITY_HOLDING,GHS,3335393.89,CP-GOG,SEC-TBILL,GL-1200,2019-04-01,0.2685,3335393.89,true
2018-12-31,SEC-TBILL-04,SECURITY_HOLDING,GHS,4997759.93,CP-GOG,SEC-TBILL,GL-1200,2019-12-30,0.2685,4997759.93,true
2018-12-31,SEC-TBILL-05,SECURITY_HOLDING,GHS,7067170.93,CP-GOG,SEC-TBILL,GL-1200,2019-04-01,0.2685,7067170.93,true
2018-12-31,SEC-BOND-06,SECURITY_HOLDING,GHS,7087328.39,CP-GOG,SEC-BOND,GL-1200,2021-12-30,0.2685,7087328.39,true
2018-12-31,SEC-BOND-07,SECURITY_HOLDING,GHS,6656350.90,CP-GOG,SEC-BOND,GL-1200,2023-12-30,0.2685,6656350.90,true
2018-12-31,SEC-BOND-08,SECURITY_HOLDING,GHS,4268776.42,CP-GOG,SEC-BOND,GL-1200,2020-12-30,0.2685,4268776.42,true
2018-12-31,SEC-BOND-09,SECURITY_HOLDING,GHS,6730896.40,CP-GOG,SEC-BOND,GL-1200,2021-12-30,0.2685,6730896.40,true
2019-01-31,SEC-TBILL-00,SECURITY_HOLDING,GHS,5625725.00,CP-GOG,SEC-TBILL,GL-1200,2019-08-01,0.2647,5625725.00,true
2019-01-31,SEC-TBILL-01,SECURITY_HOLDING,GHS,3512036.54,CP-GOG,SEC-TBILL,GL-1200,2019-08-01,0.2647,3512036.54,true
2019-01-31,SEC-TBILL-02,SECURITY_HOLDING,GHS,3298757.09,CP-GOG,SEC-TBILL,GL-1200,2019-08-01,0.2647,3298757.09,true
2019-01-31,SEC-TBILL-03,SECURITY_HOLDING,GHS,5197338.33,CP-GOG,SEC-TBILL,GL-1200,2020-01-30,0.2647,5197338.33,true
2019-01-31,SEC-TBILL-04,SECURITY_HOLDING,GHS,6788994.54,CP-GOG,SEC-TBILL,GL-1200,2019-05-02,0.2647,6788994.54,true
2019-01-31,SEC-TBILL-05,SECURITY_HOLDING,GHS,6452246.78,CP-GOG,SEC-TBILL,GL-1200,2019-05-02,0.2647,6452246.78,true
2019-01-31,SEC-BOND-06,SECURITY_HOLDING,GHS,6574038.66,CP-GOG,SEC-BOND,GL-1200,2022-01-30,0.2647,6574038.66,true
2019-01-31,SEC-BOND-07,SECURITY_HOLDING,GHS,3945749.90,CP-GOG,SEC-BOND,GL-1200,2022-01-30,0.2647,3945749.90,true
2019-01-31,SEC-BOND-08,SECURITY_HOLDING,GHS,6091018.82,CP-GOG,SEC-BOND,GL-1200,2022-01-30,0.2647,6091018.82,true
2019-01-31,SEC-BOND-09,SECURITY_HOLDING,GHS,6232767.74,CP-GOG,SEC-BOND,GL-1200,2024-01-30,0.2647,6232767.74,true
2019-02-28,SEC-TBILL-00,SECURITY_HOLDING,GHS,6955899.99,CP-GOG,SEC-TBILL,GL-1200,2019-05-30,0.2440,6955899.99,true
2019-02-28,SEC-TBILL-01,SECURITY_HOLDING,GHS,4759662.54,CP-GOG,SEC-TBILL,GL-1200,2019-05-30,0.2440,4759662.54,true
2019-02-28,SEC-TBILL-02,SECURITY_HOLDING,GHS,6840227.54,CP-GOG,SEC-TBILL,GL-1200,2019-05-30,0.2440,6840227.54,true
2019-02-28,SEC-TBILL-03,SECURITY_HOLDING,GHS,4208608.94,CP-GOG,SEC-TBILL,GL-1200,2020-02-27,0.2440,4208608.94,true
2019-02-28,SEC-TBILL-04,SECURITY_HOLDING,GHS,3560252.49,CP-GOG,SEC-TBILL,GL-1200,2019-05-30,0.2440,3560252.49,true
2019-02-28,SEC-TBILL-05,SECURITY_HOLDING,GHS,5619021.78,CP-GOG,SEC-TBILL,GL-1200,2020-02-27,0.2440,5619021.78,true
2019-02-28,SEC-BOND-06,SECURITY_HOLDING,GHS,5639075.58,CP-GOG,SEC-BOND,GL-1200,2024-02-27,0.2440,5639075.58,true
2019-02-28,SEC-BOND-07,SECURITY_HOLDING,GHS,5210314.35,CP-GOG,SEC-BOND,GL-1200,2024-02-27,0.2440,5210314.35,true
2019-02-28,SEC-BOND-08,SECURITY_HOLDING,GHS,5243686.26,CP-GOG,SEC-BOND,GL-1200,2024-02-27,0.2440,5243686.26,true
2019-02-28,SEC-BOND-09,SECURITY_HOLDING,GHS,5284476.51,CP-GOG,SEC-BOND,GL-1200,2022-02-27,0.2440,5284476.51,true
2019-03-31,SEC-TBILL-00,SECURITY_HOLDING,GHS,4398532.66,CP-GOG,SEC-TBILL,GL-1200,2019-06-30,0.2401,4398532.66,true
2019-03-31,SEC-TBILL-01,SECURITY_HOLDING,GHS,6787581.37,CP-GOG,SEC-TBILL,GL-1200,2019-09-29,0.2401,6787581.37,true
2019-03-31,SEC-TBILL-02,SECURITY_HOLDING,GHS,6567726.58,CP-GOG,SEC-TBILL,GL-1200,2019-09-29,0.2401,6567726.58,true
2019-03-31,SEC-TBILL-03,SECURITY_HOLDING,GHS,3956938.97,CP-GOG,SEC-TBILL,GL-1200,2019-06-30,0.2401,3956938.97,true
2019-03-31,SEC-TBILL-04,SECURITY_HOLDING,GHS,5597665.44,CP-GOG,SEC-TBILL,GL-1200,2019-09-29,0.2401,5597665.44,true
2019-03-31,SEC-TBILL-05,SECURITY_HOLDING,GHS,3072236.71,CP-GOG,SEC-TBILL,GL-1200,2019-09-29,0.2401,3072236.71,true
2019-03-31,SEC-BOND-06,SECURITY_HOLDING,GHS,3092131.78,CP-GOG,SEC-BOND,GL-1200,2024-03-29,0.2401,3092131.78,true
2019-03-31,SEC-BOND-07,SECURITY_HOLDING,GHS,7234665.98,CP-GOG,SEC-BOND,GL-1200,2024-03-29,0.2401,7234665.98,true
2019-03-31,SEC-BOND-08,SECURITY_HOLDING,GHS,4878171.35,CP-GOG,SEC-BOND,GL-1200,2024-03-29,0.2401,4878171.35,true
2019-03-31,SEC-BOND-09,SECURITY_HOLDING,GHS,7308241.10,CP-GOG,SEC-BOND,GL-1200,2022-03-30,0.2401,7308241.10,true
2019-04-30,SEC-TBILL-00,SECURITY_HOLDING,GHS,4027597.00,CP-GOG,SEC-TBILL,GL-1200,2020-04-28,0.2034,4027597.00,true
2019-04-30,SEC-TBILL-01,SECURITY_HOLDING,GHS,6126220.52,CP-GOG,SEC-TBILL,GL-1200,2020-04-28,0.2034,6126220.52,true
2019-04-30,SEC-TBILL-02,SECURITY_HOLDING,GHS,6025900.48,CP-GOG,SEC-TBILL,GL-1200,2019-07-30,0.2034,6025900.48,true
2019-04-30,SEC-TBILL-03,SECURITY_HOLDING,GHS,5738795.61,CP-GOG,SEC-TBILL,GL-1200,2020-04-28,0.2034,5738795.61,true
2019-04-30,SEC-TBILL-04,SECURITY_HOLDING,GHS,5080956.96,CP-GOG,SEC-TBILL,GL-1200,2019-07-30,0.2034,5080956.96,true
2019-04-30,SEC-TBILL-05,SECURITY_HOLDING,GHS,2862532.49,CP-GOG,SEC-TBILL,GL-1200,2019-10-29,0.2034,2862532.49,true
2019-04-30,SEC-BOND-06,SECURITY_HOLDING,GHS,2880009.01,CP-GOG,SEC-BOND,GL-1200,2022-04-29,0.2034,2880009.01,true
2019-04-30,SEC-BOND-07,SECURITY_HOLDING,GHS,6518955.19,CP-GOG,SEC-BOND,GL-1200,2024-04-28,0.2034,6518955.19,true
2019-04-30,SEC-BOND-08,SECURITY_HOLDING,GHS,6548038.19,CP-GOG,SEC-BOND,GL-1200,2024-04-28,0.2034,6548038.19,true
2019-04-30,SEC-BOND-09,SECURITY_HOLDING,GHS,6583586.14,CP-GOG,SEC-BOND,GL-1200,2021-04-29,0.2034,6583586.14,true
2019-05-31,SEC-TBILL-00,SECURITY_HOLDING,GHS,3996277.02,CP-GOG,SEC-TBILL,GL-1200,2019-08-30,0.2796,3996277.02,true
2019-05-31,SEC-TBILL-01,SECURITY_HOLDING,GHS,6182708.22,CP-GOG,SEC-TBILL,GL-1200,2019-11-29,0.2796,6182708.22,true
2019-05-31,SEC-TBILL-02,SECURITY_HOLDING,GHS,6078190.74,CP-GOG,SEC-TBILL,GL-1200,2019-11-29,0.2796,6078190.74,true
2019-05-31,SEC-TBILL-03,SECURITY_HOLDING,GHS,3688826.52,CP-GOG,SEC-TBILL,GL-1200,2020-05-29,0.2796,3688826.52,true
2019-05-31,SEC-TBILL-04,SECURITY_HOLDING,GHS,3003463.50,CP-GOG,SEC-TBILL,GL-1200,2020-05-29,0.2796,3003463.50,true
2019-05-31,SEC-TBILL-05,SECURITY_HOLDING,GHS,6962958.92,CP-GOG,SEC-TBILL,GL-1200,2019-08-30,0.2796,6962958.92,true
2019-05-31,SEC-BOND-06,SECURITY_HOLDING,GHS,2800673.25,CP-GOG,SEC-BOND,GL-1200,2024-05-29,0.2796,2800673.25,true
2019-05-31,SEC-BOND-07,SECURITY_HOLDING,GHS,6591875.16,CP-GOG,SEC-BOND,GL-1200,2022-05-30,0.2796,6591875.16,true
2019-05-31,SEC-BOND-08,SECURITY_HOLDING,GHS,6622175.01,CP-GOG,SEC-BOND,GL-1200,2021-05-30,0.2796,6622175.01,true
2019-05-31,SEC-BOND-09,SECURITY_HOLDING,GHS,6659210.30,CP-GOG,SEC-BOND,GL-1200,2021-05-30,0.2796,6659210.30,true
2019-06-30,SEC-TBILL-00,SECURITY_HOLDING,GHS,7142102.16,CP-GOG,SEC-TBILL,GL-1200,2019-12-29,0.2447,7142102.16,true
2019-06-30,SEC-TBILL-01,SECURITY_HOLDING,GHS,4791968.37,CP-GOG,SEC-TBILL,GL-1200,2020-06-28,0.2447,4791968.37,true
2019-06-30,SEC-TBILL-02,SECURITY_HOLDING,GHS,7024048.59,CP-GOG,SEC-TBILL,GL-1200,2019-09-29,0.2447,7024048.59,true
2019-06-30,SEC-TBILL-03,SECURITY_HOLDING,GHS,4338258.12,CP-GOG,SEC-TBILL,GL-1200,2020-06-28,0.2447,4338258.12,true
2019-06-30,SEC-TBILL-04,SECURITY_HOLDING,GHS,3567868.46,CP-GOG,SEC-TBILL,GL-1200,2020-06-28,0.2447,3567868.46,true
2019-06-30,SEC-TBILL-05,SECURITY_HOLDING,GHS,5669017.52,CP-GOG,SEC-TBILL,GL-1200,2019-12-29,0.2447,5669017.52,true
2019-06-30,SEC-BOND-06,SECURITY_HOLDING,GHS,3339919.91,CP-GOG,SEC-BOND,GL-1200,2022-06-29,0.2447,3339919.91,true
2019-06-30,SEC-BOND-07,SECURITY_HOLDING,GHS,5251896.84,CP-GOG,SEC-BOND,GL-1200,2021-06-29,0.2447,5251896.84,true
2019-06-30,SEC-BOND-08,SECURITY_HOLDING,GHS,5285955.72,CP-GOG,SEC-BOND,GL-1200,2022-06-29,0.2447,5285955.72,true
2019-06-30,SEC-BOND-09,SECURITY_HOLDING,GHS,7677149.86,CP-GOG,SEC-BOND,GL-1200,2024-06-28,0.2447,7677149.86,true
2019-07-31,SEC-TBILL-00,SECURITY_HOLDING,GHS,5305109.23,CP-GOG,SEC-TBILL,GL-1200,2020-01-29,0.2009,5305109.23,true
2019-07-31,SEC-TBILL-01,SECURITY_HOLDING,GHS,5304447.73,CP-GOG,SEC-TBILL,GL-1200,2019-10-30,0.2009,5304447.73,true
2019-07-31,SEC-TBILL-02,SECURITY_HOLDING,GHS,5168003.36,CP-GOG,SEC-TBILL,GL-1200,2020-07-29,0.2009,5168003.36,true
2019-07-31,SEC-TBILL-03,SECURITY_HOLDING,GHS,4777514.63,CP-GOG,SEC-TBILL,GL-1200,2020-07-29,0.2009,4777514.63,true
2019-07-31,SEC-TBILL-04,SECURITY_HOLDING,GHS,3882794.23,CP-GOG,SEC-TBILL,GL-1200,2020-07-29,0.2009,3882794.23,true
2019-07-31,SEC-TBILL-05,SECURITY_HOLDING,GHS,6323041.07,CP-GOG,SEC-TBILL,GL-1200,2020-01-29,0.2009,6323041.07,true
2019-07-31,SEC-BOND-06,SECURITY_HOLDING,GHS,6346810.72,CP-GOG,SEC-BOND,GL-1200,2024-07-29,0.2009,6346810.72,true
2019-07-31,SEC-BOND-07,SECURITY_HOLDING,GHS,5838602.61,CP-GOG,SEC-BOND,GL-1200,2024-07-29,0.2009,5838602.61,true
2019-07-31,SEC-BOND-08,SECURITY_HOLDING,GHS,5878158.13,CP-GOG,SEC-BOND,GL-1200,2021-07-30,0.2009,5878158.13,true
2019-07-31,SEC-BOND-09,SECURITY_HOLDING,GHS,5926506.57,CP-GOG,SEC-BOND,GL-1200,2021-07-30,0.2009,5926506.57,true
2019-08-31,SEC-TBILL-00,SECURITY_HOLDING,GHS,4821204.35,CP-GOG,SEC-TBILL,GL-1200,2020-02-29,0.2352,4821204.35,true
2019-08-31,SEC-TBILL-01,SECURITY_HOLDING,GHS,4820572.10,CP-GOG,SEC-TBILL,GL-1200,2019-11-30,0.2352,4820572.10,true
2019-08-31,SEC-TBILL-02,SECURITY_HOLDING,GHS,4690160.43,CP-GOG,SEC-TBILL,GL-1200,2019-11-30,0.2352,4690160.43,true
2019-08-31,SEC-TBILL-03,SECURITY_HOLDING,GHS,6925041.46,CP-GOG,SEC-TBILL,GL-1200,2020-02-29,0.2352,6925041.46,true
2019-08-31,SEC-TBILL-04,SECURITY_HOLDING,GHS,6069879.91,CP-GOG,SEC-TBILL,GL-1200,2019-11-30,0.2352,6069879.91,true
2019-08-31,SEC-TBILL-05,SECURITY_HOLDING,GHS,5794129.71,CP-GOG,SEC-TBILL,GL-1200,2020-08-29,0.2352,5794129.71,true
2019-08-31,SEC-BOND-06,SECURITY_HOLDING,GHS,5816848.42,CP-GOG,SEC-BOND,GL-1200,2021-08-30,0.2352,5816848.42,true
2019-08-31,SEC-BOND-07,SECURITY_HOLDING,GHS,5331110.04,CP-GOG,SEC-BOND,GL-1200,2022-08-30,0.2352,5331110.04,true
2019-08-31,SEC-BOND-08,SECURITY_HOLDING,GHS,5368916.67,CP-GOG,SEC-BOND,GL-1200,2022-08-30,0.2352,5368916.67,true
2019-08-31,SEC-BOND-09,SECURITY_HOLDING,GHS,5415127.45,CP-GOG,SEC-BOND,GL-1200,2022-08-30,0.2352,5415127.45,true
2019-09-30,SEC-TBILL-00,SECURITY_HOLDING,GHS,4226076.40,CP-GOG,SEC-TBILL,GL-1200,2020-03-30,0.2003,4226076.40,true
2019-09-30,SEC-TBILL-01,SECURITY_HOLDING,GHS,4326827.06,CP-GOG,SEC-TBILL,GL-1200,2020-03-30,0.2003,4326827.06,true
2019-09-30,SEC-TBILL-02,SECURITY_HOLDING,GHS,4116066.39,CP-GOG,SEC-TBILL,GL-1200,2019-12-30,0.2003,4116066.39,true
2019-09-30,SEC-TBILL-03,SECURITY_HOLDING,GHS,5992225.86,CP-GOG,SEC-TBILL,GL-1200,2020-03-30,0.2003,5992225.86,true
2019-09-30,SEC-TBILL-04,SECURITY_HOLDING,GHS,5274326.59,CP-GOG,SEC-TBILL,GL-1200,2020-09-28,0.2003,5274326.59,true
2019-09-30,SEC-TBILL-05,SECURITY_HOLDING,GHS,7232314.15,CP-GOG,SEC-TBILL,GL-1200,2020-09-28,0.2003,7232314.15,true
2019-09-30,SEC-BOND-06,SECURITY_HOLDING,GHS,2973713.73,CP-GOG,SEC-BOND,GL-1200,2024-09-28,0.2003,2973713.73,true
2019-09-30,SEC-BOND-07,SECURITY_HOLDING,GHS,6843613.93,CP-GOG,SEC-BOND,GL-1200,2024-09-28,0.2003,6843613.93,true
2019-09-30,SEC-BOND-08,SECURITY_HOLDING,GHS,6875352.20,CP-GOG,SEC-BOND,GL-1200,2022-09-29,0.2003,6875352.20,true
2019-09-30,SEC-BOND-09,SECURITY_HOLDING,GHS,7015427.10,CP-GOG,SEC-BOND,GL-1200,2022-09-29,0.2003,7015427.10,true
2019-10-31,SEC-TBILL-00,SECURITY_HOLDING,GHS,5281164.76,CP-GOG,SEC-TBILL,GL-1200,2020-10-29,0.2365,5281164.76,true
2019-10-31,SEC-TBILL-01,SECURITY_HOLDING,GHS,5280713.10,CP-GOG,SEC-TBILL,GL-1200,2020-01-30,0.2365,5280713.10,true
2019-10-31,SEC-TBILL-02,SECURITY_HOLDING,GHS,5187552.20,CP-GOG,SEC-TBILL,GL-1200,2020-10-29,0.2365,5187552.20,true
2019-10-31,SEC-TBILL-03,SECURITY_HOLDING,GHS,4920935.98,CP-GOG,SEC-TBILL,GL-1200,2020-10-29,0.2365,4920935.98,true
2019-10-31,SEC-TBILL-04,SECURITY_HOLDING,GHS,4310042.63,CP-GOG,SEC-TBILL,GL-1200,2020-04-30,0.2365,4310042.63,true
2019-10-31,SEC-TBILL-05,SECURITY_HOLDING,GHS,5976183.88,CP-GOG,SEC-TBILL,GL-1200,2020-04-30,0.2365,5976183.88,true
2019-10-31,SEC-BOND-06,SECURITY_HOLDING,GHS,5992413.22,CP-GOG,SEC-BOND,GL-1200,2022-10-30,0.2365,5992413.22,true
2019-10-31,SEC-BOND-07,SECURITY_HOLDING,GHS,5645421.07,CP-GOG,SEC-BOND,GL-1200,2021-10-30,0.2365,5645421.07,true
2019-10-31,SEC-BOND-08,SECURITY_HOLDING,GHS,5672428.62,CP-GOG,SEC-BOND,GL-1200,2022-10-30,0.2365,5672428.62,true
2019-10-31,SEC-BOND-09,SECURITY_HOLDING,GHS,5705439.76,CP-GOG,SEC-BOND,GL-1200,2021-10-30,0.2365,5705439.76,true
2019-11-30,SEC-TBILL-00,SECURITY_HOLDING,GHS,6833519.04,CP-GOG,SEC-TBILL,GL-1200,2020-02-29,0.2397,6833519.04,true
2019-11-30,SEC-TBILL-01,SECURITY_HOLDING,GHS,4598052.75,CP-GOG,SEC-TBILL,GL-1200,2020-02-29,0.2397,4598052.75,true
2019-11-30,SEC-TBILL-02,SECURITY_HOLDING,GHS,6715780.46,CP-GOG,SEC-TBILL,GL-1200,2020-02-29,0.2397,6715780.46,true
2019-11-30,SEC-TBILL-03,SECURITY_HOLDING,GHS,6380451.35,CP-GOG,SEC-TBILL,GL-1200,2020-05-30,0.2397,6380451.35,true
2019-11-30,SEC-TBILL-04,SECURITY_HOLDING,GHS,3377219.04,CP-GOG,SEC-TBILL,GL-1200,2020-05-30,0.2397,3377219.04,true
2019-11-30,SEC-TBILL-05,SECURITY_HOLDING,GHS,5472761.73,CP-GOG,SEC-TBILL,GL-1200,2020-02-29,0.2397,5472761.73,true
2019-11-30,SEC-BOND-06,SECURITY_HOLDING,GHS,5493173.73,CP-GOG,SEC-BOND,GL-1200,2021-11-29,0.2397,5493173.73,true
2019-11-30,SEC-BOND-07,SECURITY_HOLDING,GHS,5056754.03,CP-GOG,SEC-BOND,GL-1200,2022-11-29,0.2397,5056754.03,true
2019-11-30,SEC-BOND-08,SECURITY_HOLDING,GHS,7325620.26,CP-GOG,SEC-BOND,GL-1200,2024-11-28,0.2397,7325620.26,true
2019-11-30,SEC-BOND-09,SECURITY_HOLDING,GHS,5132240.86,CP-GOG,SEC-BOND,GL-1200,2024-11-28,0.2397,5132240.86,true
2019-12-31,SEC-TBILL-00,SECURITY_HOLDING,GHS,6661282.99,CP-GOG,SEC-TBILL,GL-1200,2020-06-30,0.2359,6661282.99,true
2019-12-31,SEC-TBILL-01,SECURITY_HOLDING,GHS,6769956.70,CP-GOG,SEC-TBILL,GL-1200,2020-12-29,0.2359,6769956.70,true
2019-12-31,SEC-TBILL-02,SECURITY_HOLDING,GHS,6542621.78,CP-GOG,SEC-TBILL,GL-1200,2020-03-31,0.2359,6542621.78,true
2019-12-31,SEC-TBILL-03,SECURITY_HOLDING,GHS,3843007.28,CP-GOG,SEC-TBILL,GL-1200,2020-06-30,0.2359,3843007.28,true
2019-12-31,SEC-TBILL-04,SECURITY_HOLDING,GHS,5539556.22,CP-GOG,SEC-TBILL,GL-1200,2020-12-29,0.2359,5539556.22,true
2019-12-31,SEC-TBILL-05,SECURITY_HOLDING,GHS,5180616.24,CP-GOG,SEC-TBILL,GL-1200,2020-03-31,0.2359,5180616.24,true
2019-12-31,SEC-BOND-06,SECURITY_HOLDING,GHS,5310434.40,CP-GOG,SEC-BOND,GL-1200,2024-12-29,0.2359,5310434.40,true
2019-12-31,SEC-BOND-07,SECURITY_HOLDING,GHS,7232252.47,CP-GOG,SEC-BOND,GL-1200,2024-12-29,0.2359,7232252.47,true
2019-12-31,SEC-BOND-08,SECURITY_HOLDING,GHS,4795582.77,CP-GOG,SEC-BOND,GL-1200,2024-12-29,0.2359,4795582.77,true
2019-12-31,SEC-BOND-09,SECURITY_HOLDING,GHS,4946673.17,CP-GOG,SEC-BOND,GL-1200,2022-12-30,0.2359,4946673.17,true
2020-01-31,SEC-TBILL-00,SECURITY_HOLDING,GHS,3928998.86,CP-GOG,SEC-TBILL,GL-1200,2020-07-31,0.2721,3928998.86,true
2020-01-31,SEC-TBILL-01,SECURITY_HOLDING,GHS,6311500.11,CP-GOG,SEC-TBILL,GL-1200,2021-01-29,0.2721,6311500.11,true
2020-01-31,SEC-TBILL-02,SECURITY_HOLDING,GHS,3814556.53,CP-GOG,SEC-TBILL,GL-1200,2020-07-31,0.2721,3814556.53,true
2020-01-31,SEC-TBILL-03,SECURITY_HOLDING,GHS,3488615.41,CP-GOG,SEC-TBILL,GL-1200,2021-01-29,0.2721,3488615.41,true
2020-01-31,SEC-TBILL-04,SECURITY_HOLDING,GHS,7297174.54,CP-GOG,SEC-TBILL,GL-1200,2021-01-29,0.2721,7297174.54,true
2020-01-31,SEC-TBILL-05,SECURITY_HOLDING,GHS,4778667.04,CP-GOG,SEC-TBILL,GL-1200,2021-01-29,0.2721,4778667.04,true
2020-01-31,SEC-BOND-06,SECURITY_HOLDING,GHS,7181560.98,CP-GOG,SEC-BOND,GL-1200,2023-01-30,0.2721,7181560.98,true
2020-01-31,SEC-BOND-07,SECURITY_HOLDING,GHS,6757359.43,CP-GOG,SEC-BOND,GL-1200,2023-01-30,0.2721,6757359.43,true
2020-01-31,SEC-BOND-08,SECURITY_HOLDING,GHS,4407323.05,CP-GOG,SEC-BOND,GL-1200,2022-01-30,0.2721,4407323.05,true
2020-01-31,SEC-BOND-09,SECURITY_HOLDING,GHS,6830732.91,CP-GOG,SEC-BOND,GL-1200,2023-01-30,0.2721,6830732.91,true
2020-02-29,SEC-TBILL-00,SECURITY_HOLDING,GHS,6300244.85,CP-GOG,SEC-TBILL,GL-1200,2020-05-30,0.2443,6300244.85,true
2020-02-29,SEC-TBILL-01,SECURITY_HOLDING,GHS,6299740.81,CP-GOG,SEC-TBILL,GL-1200,2020-08-29,0.2443,6299740.81,true
2020-02-29,SEC-TBILL-02,SECURITY_HOLDING,GHS,6195775.13,CP-GOG,SEC-TBILL,GL-1200,2020-05-30,0.2443,6195775.13,true
2020-02-29,SEC-TBILL-03,SECURITY_HOLDING,GHS,5898236.83,CP-GOG,SEC-TBILL,GL-1200,2021-02-27,0.2443,5898236.83,true
2020-02-29,SEC-TBILL-04,SECURITY_HOLDING,GHS,5216492.21,CP-GOG,SEC-TBILL,GL-1200,2021-02-27,0.2443,5216492.21,true
2020-02-29,SEC-TBILL-05,SECURITY_HOLDING,GHS,2917449.86,CP-GOG,SEC-TBILL,GL-1200,2020-08-29,0.2443,2917449.86,true
2020-02-29,SEC-BOND-06,SECURITY_HOLDING,GHS,2935561.47,CP-GOG,SEC-BOND,GL-1200,2023-02-28,0.2443,2935561.47,true
2020-02-29,SEC-BOND-07,SECURITY_HOLDING,GHS,6706747.53,CP-GOG,SEC-BOND,GL-1200,2025-02-27,0.2443,6706747.53,true
2020-02-29,SEC-BOND-08,SECURITY_HOLDING,GHS,6736887.41,CP-GOG,SEC-BOND,GL-1200,2023-02-28,0.2443,6736887.41,true
2020-02-29,SEC-BOND-09,SECURITY_HOLDING,GHS,6773727.17,CP-GOG,SEC-BOND,GL-1200,2023-02-28,0.2443,6773727.17,true
2020-03-31,SEC-TBILL-00,SECURITY_HOLDING,GHS,6023066.49,CP-GOG,SEC-TBILL,GL-1200,2021-03-30,0.2405,6023066.49,true
2020-03-31,SEC-TBILL-01,SECURITY_HOLDING,GHS,6022568.93,CP-GOG,SEC-TBILL,GL-1200,2020-09-29,0.2405,6022568.93,true
2020-03-31,SEC-TBILL-02,SECURITY_HOLDING,GHS,5919939.08,CP-GOG,SEC-TBILL,GL-1200,2021-03-30,0.2405,5919939.08,true
2020-03-31,SEC-TBILL-03,SECURITY_HOLDING,GHS,3573727.96,CP-GOG,SEC-TBILL,GL-1200,2020-09-29,0.2405,3573727.96,true
2020-03-31,SEC-TBILL-04,SECURITY_HOLDING,GHS,2900742.93,CP-GOG,SEC-TBILL,GL-1200,2020-06-30,0.2405,2900742.93,true
2020-03-31,SEC-TBILL-05,SECURITY_HOLDING,GHS,6788727.91,CP-GOG,SEC-TBILL,GL-1200,2020-06-30,0.2405,6788727.91,true
2020-03-31,SEC-BOND-06,SECURITY_HOLDING,GHS,6806606.82,CP-GOG,SEC-BOND,GL-1200,2023-03-31,0.2405,6806606.82,true
2020-03-31,SEC-BOND-07,SECURITY_HOLDING,GHS,6424346.11,CP-GOG,SEC-BOND,GL-1200,2022-03-31,0.2405,6424346.11,true
2020-03-31,SEC-BOND-08,SECURITY_HOLDING,GHS,6454098.73,CP-GOG,SEC-BOND,GL-1200,2023-03-31,0.2405,6454098.73,true
2020-03-31,SEC-BOND-09,SECURITY_HOLDING,GHS,6490465.15,CP-GOG,SEC-BOND,GL-1200,2022-03-31,0.2405,6490465.15,true
2020-04-30,SEC-TBILL-00,SECURITY_HOLDING,GHS,6763186.72,CP-GOG,SEC-TBILL,GL-1200,2020-07-30,0.2437,6763186.72,true
2020-04-30,SEC-TBILL-01,SECURITY_HOLDING,GHS,6866369.62,CP-GOG,SEC-TBILL,GL-1200,2020-07-30,0.2437,6866369.62,true
2020-04-30,SEC-TBILL-02,SECURITY_HOLDING,GHS,6650520.94,CP-GOG,SEC-TBILL,GL-1200,2021-04-29,0.2437,6650520.94,true
2020-04-30,SEC-TBILL-03,SECURITY_HOLDING,GHS,4087306.08,CP-GOG,SEC-TBILL,GL-1200,2021-04-29,0.2437,4087306.08,true
2020-04-30,SEC-TBILL-04,SECURITY_HOLDING,GHS,5698135.87,CP-GOG,SEC-TBILL,GL-1200,2020-07-30,0.2437,5698135.87,true
2020-04-30,SEC-TBILL-05,SECURITY_HOLDING,GHS,5357331.54,CP-GOG,SEC-TBILL,GL-1200,2020-10-29,0.2437,5357331.54,true
2020-04-30,SEC-BOND-06,SECURITY_HOLDING,GHS,5480590.56,CP-GOG,SEC-BOND,GL-1200,2023-04-30,0.2437,5480590.56,true
2020-04-30,SEC-BOND-07,SECURITY_HOLDING,GHS,7305307.63,CP-GOG,SEC-BOND,GL-1200,2022-04-30,0.2437,7305307.63,true
2020-04-30,SEC-BOND-08,SECURITY_HOLDING,GHS,4991752.12,CP-GOG,SEC-BOND,GL-1200,2022-04-30,0.2437,4991752.12,true
2020-04-30,SEC-BOND-09,SECURITY_HOLDING,GHS,5135208.59,CP-GOG,SEC-BOND,GL-1200,2022-04-30,0.2437,5135208.59,true
2020-05-31,SEC-TBILL-00,SECURITY_HOLDING,GHS,5190888.29,CP-GOG,SEC-TBILL,GL-1200,2020-08-30,0.2799,5190888.29,true
2020-05-31,SEC-TBILL-01,SECURITY_HOLDING,GHS,8018098.70,CP-GOG,SEC-TBILL,GL-1200,2020-11-29,0.2799,8018098.70,true
2020-05-31,SEC-TBILL-02,SECURITY_HOLDING,GHS,5055084.56,CP-GOG,SEC-TBILL,GL-1200,2020-08-30,0.2799,5055084.56,true
2020-05-31,SEC-TBILL-03,SECURITY_HOLDING,GHS,4668304.43,CP-GOG,SEC-TBILL,GL-1200,2021-05-30,0.2799,4668304.43,true
2020-05-31,SEC-TBILL-04,SECURITY_HOLDING,GHS,3782081.50,CP-GOG,SEC-TBILL,GL-1200,2021-05-30,0.2799,3782081.50,true
2020-05-31,SEC-TBILL-05,SECURITY_HOLDING,GHS,6199152.49,CP-GOG,SEC-TBILL,GL-1200,2021-05-30,0.2799,6199152.49,true
2020-05-31,SEC-BOND-06,SECURITY_HOLDING,GHS,3644887.92,CP-GOG,SEC-BOND,GL-1200,2025-05-30,0.2799,3644887.92,true
2020-05-31,SEC-BOND-07,SECURITY_HOLDING,GHS,5719314.90,CP-GOG,SEC-BOND,GL-1200,2022-05-31,0.2799,5719314.90,true
2020-05-31,SEC-BOND-08,SECURITY_HOLDING,GHS,5758494.75,CP-GOG,SEC-BOND,GL-1200,2022-05-31,0.2799,5758494.75,true
2020-05-31,SEC-BOND-09,SECURITY_HOLDING,GHS,8634249.63,CP-GOG,SEC-BOND,GL-1200,2022-05-31,0.2799,8634249.63,true
2020-06-30,SEC-TBILL-00,SECURITY_HOLDING,GHS,5106362.43,CP-GOG,SEC-TBILL,GL-1200,2020-12-29,0.2032,5106362.43,true
2020-06-30,SEC-TBILL-01,SECURITY_HOLDING,GHS,7774146.02,CP-GOG,SEC-TBILL,GL-1200,2020-09-29,0.2032,7774146.02,true
2020-06-30,SEC-TBILL-02,SECURITY_HOLDING,GHS,4978216.69,CP-GOG,SEC-TBILL,GL-1200,2020-09-29,0.2032,4978216.69,true
2020-06-30,SEC-TBILL-03,SECURITY_HOLDING,GHS,4613247.15,CP-GOG,SEC-TBILL,GL-1200,2020-12-29,0.2032,4613247.15,true
2020-06-30,SEC-TBILL-04,SECURITY_HOLDING,GHS,6445400.31,CP-GOG,SEC-TBILL,GL-1200,2020-12-29,0.2032,6445400.31,true
2020-06-30,SEC-TBILL-05,SECURITY_HOLDING,GHS,3625324.99,CP-GOG,SEC-TBILL,GL-1200,2020-09-29,0.2032,3625324.99,true
2020-06-30,SEC-BOND-06,SECURITY_HOLDING,GHS,3647541.25,CP-GOG,SEC-BOND,GL-1200,2023-06-30,0.2032,3647541.25,true
2020-06-30,SEC-BOND-07,SECURITY_HOLDING,GHS,8273392.84,CP-GOG,SEC-BOND,GL-1200,2022-06-30,0.2032,8273392.84,true
2020-06-30,SEC-BOND-08,SECURITY_HOLDING,GHS,5641961.48,CP-GOG,SEC-BOND,GL-1200,2023-06-30,0.2032,5641961.48,true
2020-06-30,SEC-BOND-09,SECURITY_HOLDING,GHS,8355552.11,CP-GOG,SEC-BOND,GL-1200,2022-06-30,0.2032,8355552.11,true
2020-07-31,SEC-TBILL-00,SECURITY_HOLDING,GHS,7301850.89,CP-GOG,SEC-TBILL,GL-1200,2020-10-30,0.2794,7301850.89,true
2020-07-31,SEC-TBILL-01,SECURITY_HOLDING,GHS,4905253.18,CP-GOG,SEC-TBILL,GL-1200,2021-07-30,0.2794,4905253.18,true
2020-07-31,SEC-TBILL-02,SECURITY_HOLDING,GHS,4663427.08,CP-GOG,SEC-TBILL,GL-1200,2021-01-29,0.2794,4663427.08,true
2020-07-31,SEC-TBILL-03,SECURITY_HOLDING,GHS,6816126.28,CP-GOG,SEC-TBILL,GL-1200,2020-10-30,0.2794,6816126.28,true
2020-07-31,SEC-TBILL-04,SECURITY_HOLDING,GHS,3596422.32,CP-GOG,SEC-TBILL,GL-1200,2021-01-29,0.2794,3596422.32,true
2020-07-31,SEC-TBILL-05,SECURITY_HOLDING,GHS,5843010.79,CP-GOG,SEC-TBILL,GL-1200,2021-01-29,0.2794,5843010.79,true
2020-07-31,SEC-BOND-06,SECURITY_HOLDING,GHS,3352695.40,CP-GOG,SEC-BOND,GL-1200,2023-07-31,0.2794,3352695.40,true
2020-07-31,SEC-BOND-07,SECURITY_HOLDING,GHS,5397017.44,CP-GOG,SEC-BOND,GL-1200,2023-07-31,0.2794,5397017.44,true
2020-07-31,SEC-BOND-08,SECURITY_HOLDING,GHS,7829422.55,CP-GOG,SEC-BOND,GL-1200,2022-07-31,0.2794,7829422.55,true
2020-07-31,SEC-BOND-09,SECURITY_HOLDING,GHS,7990144.02,CP-GOG,SEC-BOND,GL-1200,2022-07-31,0.2794,7990144.02,true
2020-08-31,SEC-TBILL-00,SECURITY_HOLDING,GHS,6981604.02,CP-GOG,SEC-TBILL,GL-1200,2021-03-01,0.2355,6981604.02,true
2020-08-31,SEC-TBILL-01,SECURITY_HOLDING,GHS,4612180.29,CP-GOG,SEC-TBILL,GL-1200,2021-08-30,0.2355,4612180.29,true
2020-08-31,SEC-TBILL-02,SECURITY_HOLDING,GHS,6856810.10,CP-GOG,SEC-TBILL,GL-1200,2021-08-30,0.2355,6856810.10,true
2020-08-31,SEC-TBILL-03,SECURITY_HOLDING,GHS,6501386.83,CP-GOG,SEC-TBILL,GL-1200,2021-08-30,0.2355,6501386.83,true
2020-08-31,SEC-TBILL-04,SECURITY_HOLDING,GHS,3318189.69,CP-GOG,SEC-TBILL,GL-1200,2021-08-30,0.2355,3318189.69,true
2020-08-31,SEC-TBILL-05,SECURITY_HOLDING,GHS,7908126.71,CP-GOG,SEC-TBILL,GL-1200,2021-03-01,0.2355,7908126.71,true
2020-08-31,SEC-BOND-06,SECURITY_HOLDING,GHS,5560940.24,CP-GOG,SEC-BOND,GL-1200,2025-08-30,0.2355,5560940.24,true
2020-08-31,SEC-BOND-07,SECURITY_HOLDING,GHS,5098368.65,CP-GOG,SEC-BOND,GL-1200,2023-08-31,0.2355,5098368.65,true
2020-08-31,SEC-BOND-08,SECURITY_HOLDING,GHS,7503193.77,CP-GOG,SEC-BOND,GL-1200,2023-08-31,0.2355,7503193.77,true
2020-08-31,SEC-BOND-09,SECURITY_HOLDING,GHS,5178378.94,CP-GOG,SEC-BOND,GL-1200,2025-08-30,0.2355,5178378.94,true
2020-09-30,SEC-TBILL-00,SECURITY_HOLDING,GHS,8456209.10,CP-GOG,SEC-TBILL,GL-1200,2021-09-29,0.2388,8456209.10,true
2020-09-30,SEC-TBILL-01,SECURITY_HOLDING,GHS,5667320.89,CP-GOG,SEC-TBILL,GL-1200,2021-09-29,0.2388,5667320.89,true
2020-09-30,SEC-TBILL-02,SECURITY_HOLDING,GHS,5521143.11,CP-GOG,SEC-TBILL,GL-1200,2021-09-29,0.2388,5521143.11,true
2020-09-30,SEC-TBILL-03,SECURITY_HOLDING,GHS,5102798.44,CP-GOG,SEC-TBILL,GL-1200,2020-12-30,0.2388,5102798.44,true
2020-09-30,SEC-TBILL-04,SECURITY_HOLDING,GHS,4144252.19,CP-GOG,SEC-TBILL,GL-1200,2020-12-30,0.2388,4144252.19,true
2020-09-30,SEC-TBILL-05,SECURITY_HOLDING,GHS,6758576.69,CP-GOG,SEC-TBILL,GL-1200,2021-09-29,0.2388,6758576.69,true
2020-09-30,SEC-BOND-06,SECURITY_HOLDING,GHS,6784041.98,CP-GOG,SEC-BOND,GL-1200,2025-09-29,0.2388,6784041.98,true
2020-09-30,SEC-BOND-07,SECURITY_HOLDING,GHS,6239580.29,CP-GOG,SEC-BOND,GL-1200,2022-09-30,0.2388,6239580.29,true
2020-09-30,SEC-BOND-08,SECURITY_HOLDING,GHS,6281957.55,CP-GOG,SEC-BOND,GL-1200,2023-09-30,0.2388,6281957.55,true
2020-09-30,SEC-BOND-09,SECURITY_HOLDING,GHS,6333754.97,CP-GOG,SEC-BOND,GL-1200,2022-09-30,0.2388,6333754.97,true
2020-10-31,SEC-TBILL-00,SECURITY_HOLDING,GHS,4346884.54,CP-GOG,SEC-TBILL,GL-1200,2021-05-01,0.2350,4346884.54,true
2020-10-31,SEC-TBILL-01,SECURITY_HOLDING,GHS,6877193.83,CP-GOG,SEC-TBILL,GL-1200,2021-05-01,0.2350,6877193.83,true
2020-10-31,SEC-TBILL-02,SECURITY_HOLDING,GHS,6644339.38,CP-GOG,SEC-TBILL,GL-1200,2021-10-30,0.2350,6644339.38,true
2020-10-31,SEC-TBILL-03,SECURITY_HOLDING,GHS,3879180.12,CP-GOG,SEC-TBILL,GL-1200,2021-10-30,0.2350,3879180.12,true
2020-10-31,SEC-TBILL-04,SECURITY_HOLDING,GHS,5616920.09,CP-GOG,SEC-TBILL,GL-1200,2021-01-30,0.2350,5616920.09,true
2020-10-31,SEC-TBILL-05,SECURITY_HOLDING,GHS,7780160.99,CP-GOG,SEC-TBILL,GL-1200,2021-01-30,0.2350,7780160.99,true
2020-10-31,SEC-BOND-06,SECURITY_HOLDING,GHS,5382235.35,CP-GOG,SEC-BOND,GL-1200,2025-10-30,0.2350,5382235.35,true
2020-10-31,SEC-BOND-07,SECURITY_HOLDING,GHS,7350713.82,CP-GOG,SEC-BOND,GL-1200,2022-10-31,0.2350,7350713.82,true
2020-10-31,SEC-BOND-08,SECURITY_HOLDING,GHS,7385779.18,CP-GOG,SEC-BOND,GL-1200,2025-10-30,0.2350,7385779.18,true
2020-10-31,SEC-BOND-09,SECURITY_HOLDING,GHS,5009642.25,CP-GOG,SEC-BOND,GL-1200,2023-10-31,0.2350,5009642.25,true
2020-11-30,SEC-TBILL-00,SECURITY_HOLDING,GHS,5747531.54,CP-GOG,SEC-TBILL,GL-1200,2021-11-29,0.2782,5747531.54,true
2020-11-30,SEC-TBILL-01,SECURITY_HOLDING,GHS,5747055.18,CP-GOG,SEC-TBILL,GL-1200,2021-05-31,0.2782,5747055.18,true
2020-11-30,SEC-TBILL-02,SECURITY_HOLDING,GHS,5648797.42,CP-GOG,SEC-TBILL,GL-1200,2021-03-01,0.2782,5648797.42,true
2020-11-30,SEC-TBILL-03,SECURITY_HOLDING,GHS,5367594.55,CP-GOG,SEC-TBILL,GL-1200,2021-05-31,0.2782,5367594.55,true
2020-11-30,SEC-TBILL-04,SECURITY_HOLDING,GHS,4723279.04,CP-GOG,SEC-TBILL,GL-1200,2021-05-31,0.2782,4723279.04,true
2020-11-30,SEC-TBILL-05,SECURITY_HOLDING,GHS,6480575.38,CP-GOG,SEC-TBILL,GL-1200,2021-03-01,0.2782,6480575.38,true
2020-11-30,SEC-BOND-06,SECURITY_HOLDING,GHS,6497692.63,CP-GOG,SEC-BOND,GL-1200,2025-11-29,0.2782,6497692.63,true
2020-11-30,SEC-BOND-07,SECURITY_HOLDING,GHS,6131716.44,CP-GOG,SEC-BOND,GL-1200,2023-11-30,0.2782,6131716.44,true
2020-11-30,SEC-BOND-08,SECURITY_HOLDING,GHS,6160201.58,CP-GOG,SEC-BOND,GL-1200,2022-11-30,0.2782,6160201.58,true
2020-11-30,SEC-BOND-09,SECURITY_HOLDING,GHS,6195018.77,CP-GOG,SEC-BOND,GL-1200,2025-11-29,0.2782,6195018.77,true
2020-12-31,SEC-TBILL-00,SECURITY_HOLDING,GHS,5794130.45,CP-GOG,SEC-TBILL,GL-1200,2021-12-30,0.2744,5794130.45,true
2020-12-31,SEC-TBILL-01,SECURITY_HOLDING,GHS,5793634.00,CP-GOG,SEC-TBILL,GL-1200,2021-07-01,0.2744,5793634.00,true
2020-12-31,SEC-TBILL-02,SECURITY_HOLDING,GHS,5691232.41,CP-GOG,SEC-TBILL,GL-1200,2021-04-01,0.2744,5691232.41,true
2020-12-31,SEC-TBILL-03,SECURITY_HOLDING,GHS,5398170.38,CP-GOG,SEC-TBILL,GL-1200,2021-04-01,0.2744,5398170.38,true
2020-12-31,SEC-TBILL-04,SECURITY_HOLDING,GHS,4726682.18,CP-GOG,SEC-TBILL,GL-1200,2021-07-01,0.2744,4726682.18,true
2020-12-31,SEC-TBILL-05,SECURITY_HOLDING,GHS,6558088.91,CP-GOG,SEC-TBILL,GL-1200,2021-04-01,0.2744,6558088.91,true
2020-12-31,SEC-BOND-06,SECURITY_HOLDING,GHS,6575928.05,CP-GOG,SEC-BOND,GL-1200,2025-12-30,0.2744,6575928.05,true
2020-12-31,SEC-BOND-07,SECURITY_HOLDING,GHS,6194517.55,CP-GOG,SEC-BOND,GL-1200,2022-12-31,0.2744,6194517.55,true
2020-12-31,SEC-BOND-08,SECURITY_HOLDING,GHS,6224204.00,CP-GOG,SEC-BOND,GL-1200,2025-12-30,0.2744,6224204.00,true
2020-12-31,SEC-BOND-09,SECURITY_HOLDING,GHS,6260489.53,CP-GOG,SEC-BOND,GL-1200,2025-12-30,0.2744,6260489.53,true
2021-01-31,SEC-TBILL-00,SECURITY_HOLDING,GHS,7378986.37,CP-GOG,SEC-TBILL,GL-1200,2021-05-02,0.2706,7378986.37,true
2021-01-31,SEC-TBILL-01,SECURITY_HOLDING,GHS,4759562.07,CP-GOG,SEC-TBILL,GL-1200,2021-08-01,0.2706,4759562.07,true
2021-01-31,SEC-TBILL-02,SECURITY_HOLDING,GHS,7368040.04,CP-GOG,SEC-TBILL,GL-1200,2021-08-01,0.2706,7368040.04,true
2021-01-31,SEC-TBILL-03,SECURITY_HOLDING,GHS,4229342.24,CP-GOG,SEC-TBILL,GL-1200,2022-01-30,0.2706,4229342.24,true
2021-01-31,SEC-TBILL-04,SECURITY_HOLDING,GHS,8820587.89,CP-GOG,SEC-TBILL,GL-1200,2021-08-01,0.2706,8820587.89,true
2021-01-31,SEC-TBILL-05,SECURITY_HOLDING,GHS,5784508.84,CP-GOG,SEC-TBILL,GL-1200,2021-08-01,0.2706,5784508.84,true
2021-01-31,SEC-BOND-06,SECURITY_HOLDING,GHS,5808426.75,CP-GOG,SEC-BOND,GL-1200,2023-01-31,0.2706,5808426.75,true
2021-01-31,SEC-BOND-07,SECURITY_HOLDING,GHS,5297048.71,CP-GOG,SEC-BOND,GL-1200,2024-01-31,0.2706,5297048.71,true
2021-01-31,SEC-BOND-08,SECURITY_HOLDING,GHS,5336850.96,CP-GOG,SEC-BOND,GL-1200,2024-01-31,0.2706,5336850.96,true
2021-01-31,SEC-BOND-09,SECURITY_HOLDING,GHS,8131274.39,CP-GOG,SEC-BOND,GL-1200,2024-01-31,0.2706,8131274.39,true
2021-02-28,SEC-TBILL-00,SECURITY_HOLDING,GHS,5597590.67,CP-GOG,SEC-TBILL,GL-1200,2021-05-30,0.2117,5597590.67,true
2021-02-28,SEC-TBILL-01,SECURITY_HOLDING,GHS,5596978.33,CP-GOG,SEC-TBILL,GL-1200,2021-05-30,0.2117,5596978.33,true
2021-02-28,SEC-TBILL-02,SECURITY_HOLDING,GHS,5470673.33,CP-GOG,SEC-TBILL,GL-1200,2021-05-30,0.2117,5470673.33,true
2021-02-28,SEC-TBILL-03,SECURITY_HOLDING,GHS,7635177.86,CP-GOG,SEC-TBILL,GL-1200,2021-08-29,0.2117,7635177.86,true
2021-02-28,SEC-TBILL-04,SECURITY_HOLDING,GHS,6806945.38,CP-GOG,SEC-TBILL,GL-1200,2021-05-30,0.2117,6806945.38,true
2021-02-28,SEC-TBILL-05,SECURITY_HOLDING,GHS,6539878.57,CP-GOG,SEC-TBILL,GL-1200,2021-08-29,0.2117,6539878.57,true
2021-02-28,SEC-BOND-06,SECURITY_HOLDING,GHS,6561881.87,CP-GOG,SEC-BOND,GL-1200,2026-02-27,0.2117,6561881.87,true
2021-02-28,SEC-BOND-07,SECURITY_HOLDING,GHS,6091439.41,CP-GOG,SEC-BOND,GL-1200,2026-02-27,0.2117,6091439.41,true
2021-02-28,SEC-BOND-08,SECURITY_HOLDING,GHS,6128055.51,CP-GOG,SEC-BOND,GL-1200,2026-02-27,0.2117,6128055.51,true
2021-02-28,SEC-BOND-09,SECURITY_HOLDING,GHS,6172811.11,CP-GOG,SEC-BOND,GL-1200,2023-02-28,0.2117,6172811.11,true
2021-03-31,SEC-TBILL-00,SECURITY_HOLDING,GHS,7586202.39,CP-GOG,SEC-TBILL,GL-1200,2021-09-29,0.2061,7586202.39,true
2021-03-31,SEC-TBILL-01,SECURITY_HOLDING,GHS,7585613.04,CP-GOG,SEC-TBILL,GL-1200,2022-03-30,0.2061,7585613.04,true
2021-03-31,SEC-TBILL-02,SECURITY_HOLDING,GHS,7464049.14,CP-GOG,SEC-TBILL,GL-1200,2021-06-30,0.2061,7464049.14,true
2021-03-31,SEC-TBILL-03,SECURITY_HOLDING,GHS,7116146.70,CP-GOG,SEC-TBILL,GL-1200,2021-06-30,0.2061,7116146.70,true
2021-03-31,SEC-TBILL-04,SECURITY_HOLDING,GHS,6319003.55,CP-GOG,SEC-TBILL,GL-1200,2022-03-30,0.2061,6319003.55,true
2021-03-31,SEC-TBILL-05,SECURITY_HOLDING,GHS,3630803.57,CP-GOG,SEC-TBILL,GL-1200,2021-09-29,0.2061,3630803.57,true
2021-03-31,SEC-BOND-06,SECURITY_HOLDING,GHS,3651980.93,CP-GOG,SEC-BOND,GL-1200,2026-03-30,0.2061,3651980.93,true
2021-03-31,SEC-BOND-07,SECURITY_HOLDING,GHS,8061513.55,CP-GOG,SEC-BOND,GL-1200,2024-03-30,0.2061,8061513.55,true
2021-03-31,SEC-BOND-08,SECURITY_HOLDING,GHS,8096755.19,CP-GOG,SEC-BOND,GL-1200,2023-03-31,0.2061,8096755.19,true
2021-03-31,SEC-BOND-09,SECURITY_HOLDING,GHS,3277514.70,CP-GOG,SEC-BOND,GL-1200,2024-03-30,0.2061,3277514.70,true
2021-04-30,SEC-TBILL-00,SECURITY_HOLDING,GHS,8380643.95,CP-GOG,SEC-TBILL,GL-1200,2021-07-30,0.2512,8380643.95,true
2021-04-30,SEC-TBILL-01,SECURITY_HOLDING,GHS,5883794.73,CP-GOG,SEC-TBILL,GL-1200,2021-10-29,0.2512,5883794.73,true
2021-04-30,SEC-TBILL-02,SECURITY_HOLDING,GHS,8249138.73,CP-GOG,SEC-TBILL,GL-1200,2021-10-29,0.2512,8249138.73,true
2021-04-30,SEC-TBILL-03,SECURITY_HOLDING,GHS,7874601.11,CP-GOG,SEC-TBILL,GL-1200,2022-04-29,0.2512,7874601.11,true
2021-04-30,SEC-TBILL-04,SECURITY_HOLDING,GHS,7016429.22,CP-GOG,SEC-TBILL,GL-1200,2021-07-30,0.2512,7016429.22,true
2021-04-30,SEC-TBILL-05,SECURITY_HOLDING,GHS,4122422.46,CP-GOG,SEC-TBILL,GL-1200,2021-10-29,0.2512,4122422.46,true
2021-04-30,SEC-BOND-06,SECURITY_HOLDING,GHS,6883578.14,CP-GOG,SEC-BOND,GL-1200,2024-04-29,0.2512,6883578.14,true
2021-04-30,SEC-BOND-07,SECURITY_HOLDING,GHS,3657772.86,CP-GOG,SEC-BOND,GL-1200,2024-04-29,0.2512,3657772.86,true
2021-04-30,SEC-BOND-08,SECURITY_HOLDING,GHS,3695712.58,CP-GOG,SEC-BOND,GL-1200,2026-04-29,0.2512,3695712.58,true
2021-04-30,SEC-BOND-09,SECURITY_HOLDING,GHS,6480443.03,CP-GOG,SEC-BOND,GL-1200,2026-04-29,0.2512,6480443.03,true
2021-05-31,SEC-TBILL-00,SECURITY_HOLDING,GHS,8145993.46,CP-GOG,SEC-TBILL,GL-1200,2021-11-29,0.2474,8145993.46,true
2021-05-31,SEC-TBILL-01,SECURITY_HOLDING,GHS,8145357.77,CP-GOG,SEC-TBILL,GL-1200,2022-05-30,0.2474,8145357.77,true
2021-05-31,SEC-TBILL-02,SECURITY_HOLDING,GHS,8014236.34,CP-GOG,SEC-TBILL,GL-1200,2022-05-30,0.2474,8014236.34,true
2021-05-31,SEC-TBILL-03,SECURITY_HOLDING,GHS,5016681.96,CP-GOG,SEC-TBILL,GL-1200,2021-11-29,0.2474,5016681.96,true
2021-05-31,SEC-TBILL-04,SECURITY_HOLDING,GHS,4156866.23,CP-GOG,SEC-TBILL,GL-1200,2021-11-29,0.2474,4156866.23,true
2021-05-31,SEC-TBILL-05,SECURITY_HOLDING,GHS,3879615.28,CP-GOG,SEC-TBILL,GL-1200,2021-08-30,0.2474,3879615.28,true
2021-05-31,SEC-BOND-06,SECURITY_HOLDING,GHS,3902457.64,CP-GOG,SEC-BOND,GL-1200,2026-05-30,0.2474,3902457.64,true
2021-05-31,SEC-BOND-07,SECURITY_HOLDING,GHS,8658674.30,CP-GOG,SEC-BOND,GL-1200,2026-05-30,0.2474,8658674.30,true
2021-05-31,SEC-BOND-08,SECURITY_HOLDING,GHS,8696686.69,CP-GOG,SEC-BOND,GL-1200,2024-05-30,0.2474,8696686.69,true
2021-05-31,SEC-BOND-09,SECURITY_HOLDING,GHS,3498550.31,CP-GOG,SEC-BOND,GL-1200,2024-05-30,0.2474,3498550.31,true
2021-06-30,SEC-TBILL-00,SECURITY_HOLDING,GHS,8487195.90,CP-GOG,SEC-TBILL,GL-1200,2021-12-29,0.2506,8487195.90,true
2021-06-30,SEC-TBILL-01,SECURITY_HOLDING,GHS,8609698.46,CP-GOG,SEC-TBILL,GL-1200,2022-06-29,0.2506,8609698.46,true
2021-06-30,SEC-TBILL-02,SECURITY_HOLDING,GHS,8353434.92,CP-GOG,SEC-TBILL,GL-1200,2021-09-29,0.2506,8353434.92,true
2021-06-30,SEC-TBILL-03,SECURITY_HOLDING,GHS,5310291.38,CP-GOG,SEC-TBILL,GL-1200,2021-09-29,0.2506,5310291.38,true
2021-06-30,SEC-TBILL-04,SECURITY_HOLDING,GHS,7222728.12,CP-GOG,SEC-TBILL,GL-1200,2021-09-29,0.2506,7222728.12,true
2021-06-30,SEC-TBILL-05,SECURITY_HOLDING,GHS,4279079.21,CP-GOG,SEC-TBILL,GL-1200,2021-09-29,0.2506,4279079.21,true
2021-06-30,SEC-BOND-06,SECURITY_HOLDING,GHS,6964450.28,CP-GOG,SEC-BOND,GL-1200,2026-06-29,0.2506,6964450.28,true
2021-06-30,SEC-BOND-07,SECURITY_HOLDING,GHS,3806459.29,CP-GOG,SEC-BOND,GL-1200,2023-06-30,0.2506,3806459.29,true
2021-06-30,SEC-BOND-08,SECURITY_HOLDING,GHS,6384083.19,CP-GOG,SEC-BOND,GL-1200,2024-06-29,0.2506,6384083.19,true
2021-06-30,SEC-BOND-09,SECURITY_HOLDING,GHS,6554400.02,CP-GOG,SEC-BOND,GL-1200,2023-06-30,0.2506,6554400.02,true
2021-07-02,SEC-TBILL-00,SECURITY_HOLDING,GHS,7466922.98,CP-GOG,SEC-TBILL,GL-1200,2021-10-01,0.2346,7466922.98,true
2021-07-02,SEC-TBILL-01,SECURITY_HOLDING,GHS,4911318.38,CP-GOG,SEC-TBILL,GL-1200,2021-10-01,0.2346,4911318.38,true
2021-07-02,SEC-TBILL-02,SECURITY_HOLDING,GHS,7332323.20,CP-GOG,SEC-TBILL,GL-1200,2021-10-01,0.2346,7332323.20,true
2021-07-02,SEC-TBILL-03,SECURITY_HOLDING,GHS,6948972.03,CP-GOG,SEC-TBILL,GL-1200,2021-12-31,0.2346,6948972.03,true
2021-07-02,SEC-TBILL-04,SECURITY_HOLDING,GHS,8873401.30,CP-GOG,SEC-TBILL,GL-1200,2022-07-01,0.2346,8873401.30,true
2021-07-02,SEC-TBILL-05,SECURITY_HOLDING,GHS,5911293.33,CP-GOG,SEC-TBILL,GL-1200,2022-07-01,0.2346,5911293.33,true
2021-07-02,SEC-BOND-06,SECURITY_HOLDING,GHS,5934628.51,CP-GOG,SEC-BOND,GL-1200,2024-07-01,0.2346,5934628.51,true
2021-07-02,SEC-BOND-07,SECURITY_HOLDING,GHS,5435709.69,CP-GOG,SEC-BOND,GL-1200,2023-07-02,0.2346,5435709.69,true
2021-07-02,SEC-BOND-08,SECURITY_HOLDING,GHS,5474542.20,CP-GOG,SEC-BOND,GL-1200,2023-07-02,0.2346,5474542.20,true
2021-07-02,SEC-BOND-09,SECURITY_HOLDING,GHS,5522006.90,CP-GOG,SEC-BOND,GL-1200,2023-07-02,0.2346,5522006.90,true
2021-07-09,SEC-TBILL-00,SECURITY_HOLDING,GHS,7994063.23,CP-GOG,SEC-TBILL,GL-1200,2021-10-08,0.2594,7994063.23,true
2021-07-09,SEC-TBILL-01,SECURITY_HOLDING,GHS,4826932.40,CP-GOG,SEC-TBILL,GL-1200,2022-01-07,0.2594,4826932.40,true
2021-07-09,SEC-TBILL-02,SECURITY_HOLDING,GHS,4507356.49,CP-GOG,SEC-TBILL,GL-1200,2022-01-07,0.2594,4507356.49,true
2021-07-09,SEC-TBILL-03,SECURITY_HOLDING,GHS,7352172.69,CP-GOG,SEC-TBILL,GL-1200,2022-01-07,0.2594,7352172.69,true
2021-07-09,SEC-TBILL-04,SECURITY_HOLDING,GHS,9737095.33,CP-GOG,SEC-TBILL,GL-1200,2022-07-08,0.2594,9737095.33,true
2021-07-09,SEC-TBILL-05,SECURITY_HOLDING,GHS,6066189.63,CP-GOG,SEC-TBILL,GL-1200,2022-01-07,0.2594,6066189.63,true
2021-07-09,SEC-BOND-06,SECURITY_HOLDING,GHS,6095108.65,CP-GOG,SEC-BOND,GL-1200,2023-07-09,0.2594,6095108.65,true
2021-07-09,SEC-BOND-07,SECURITY_HOLDING,GHS,5476804.41,CP-GOG,SEC-BOND,GL-1200,2023-07-09,0.2594,5476804.41,true
2021-07-09,SEC-BOND-08,SECURITY_HOLDING,GHS,5524929.08,CP-GOG,SEC-BOND,GL-1200,2023-07-09,0.2594,5524929.08,true
2021-07-09,SEC-BOND-09,SECURITY_HOLDING,GHS,5583751.52,CP-GOG,SEC-BOND,GL-1200,2023-07-09,0.2594,5583751.52,true
2021-07-16,SEC-TBILL-00,SECURITY_HOLDING,GHS,8070816.79,CP-GOG,SEC-TBILL,GL-1200,2021-10-15,0.2442,8070816.79,true
2021-07-16,SEC-TBILL-01,SECURITY_HOLDING,GHS,5528502.31,CP-GOG,SEC-TBILL,GL-1200,2022-01-14,0.2442,5528502.31,true
2021-07-16,SEC-TBILL-02,SECURITY_HOLDING,GHS,5395248.53,CP-GOG,SEC-TBILL,GL-1200,2022-07-15,0.2442,5395248.53,true
2021-07-16,SEC-TBILL-03,SECURITY_HOLDING,GHS,7678835.11,CP-GOG,SEC-TBILL,GL-1200,2022-01-14,0.2442,7678835.11,true
2021-07-16,SEC-TBILL-04,SECURITY_HOLDING,GHS,6805036.72,CP-GOG,SEC-TBILL,GL-1200,2022-07-15,0.2442,6805036.72,true
2021-07-16,SEC-TBILL-05,SECURITY_HOLDING,GHS,6523277.01,CP-GOG,SEC-TBILL,GL-1200,2022-01-14,0.2442,6523277.01,true
2021-07-16,SEC-BOND-06,SECURITY_HOLDING,GHS,6546490.83,CP-GOG,SEC-BOND,GL-1200,2026-07-15,0.2442,6546490.83,true
2021-07-16,SEC-BOND-07,SECURITY_HOLDING,GHS,6050166.58,CP-GOG,SEC-BOND,GL-1200,2023-07-16,0.2442,6050166.58,true
2021-07-16,SEC-BOND-08,SECURITY_HOLDING,GHS,6088797.15,CP-GOG,SEC-BOND,GL-1200,2024-07-15,0.2442,6088797.15,true
2021-07-16,SEC-BOND-09,SECURITY_HOLDING,GHS,6136015.01,CP-GOG,SEC-BOND,GL-1200,2023-07-16,0.2442,6136015.01,true
2021-07-23,SEC-TBILL-00,SECURITY_HOLDING,GHS,8286490.53,CP-GOG,SEC-TBILL,GL-1200,2022-01-21,0.2291,8286490.53,true
2021-07-23,SEC-TBILL-01,SECURITY_HOLDING,GHS,5302391.50,CP-GOG,SEC-TBILL,GL-1200,2022-07-22,0.2291,5302391.50,true
2021-07-23,SEC-TBILL-02,SECURITY_HOLDING,GHS,5145981.87,CP-GOG,SEC-TBILL,GL-1200,2022-07-22,0.2291,5145981.87,true
2021-07-23,SEC-TBILL-03,SECURITY_HOLDING,GHS,4698354.77,CP-GOG,SEC-TBILL,GL-1200,2022-07-22,0.2291,4698354.77,true
2021-07-23,SEC-TBILL-04,SECURITY_HOLDING,GHS,9928790.99,CP-GOG,SEC-TBILL,GL-1200,2022-01-21,0.2291,9928790.99,true
2021-07-23,SEC-TBILL-05,SECURITY_HOLDING,GHS,6470030.76,CP-GOG,SEC-TBILL,GL-1200,2021-10-22,0.2291,6470030.76,true
2021-07-23,SEC-BOND-06,SECURITY_HOLDING,GHS,6497278.51,CP-GOG,SEC-BOND,GL-1200,2024-07-22,0.2291,6497278.51,true
2021-07-23,SEC-BOND-07,SECURITY_HOLDING,GHS,5914706.72,CP-GOG,SEC-BOND,GL-1200,2023-07-23,0.2291,5914706.72,true
2021-07-23,SEC-BOND-08,SECURITY_HOLDING,GHS,5960050.21,CP-GOG,SEC-BOND,GL-1200,2024-07-22,0.2291,5960050.21,true
2021-07-23,SEC-BOND-09,SECURITY_HOLDING,GHS,6015473.25,CP-GOG,SEC-BOND,GL-1200,2024-07-22,0.2291,6015473.25,true
2021-07-30,SEC-TBILL-00,SECURITY_HOLDING,GHS,6364964.29,CP-GOG,SEC-TBILL,GL-1200,2022-01-28,0.2539,6364964.29,true
2021-07-30,SEC-TBILL-01,SECURITY_HOLDING,GHS,9298339.98,CP-GOG,SEC-TBILL,GL-1200,2021-10-29,0.2539,9298339.98,true
2021-07-30,SEC-TBILL-02,SECURITY_HOLDING,GHS,9158116.47,CP-GOG,SEC-TBILL,GL-1200,2022-01-28,0.2539,9158116.47,true
2021-07-30,SEC-TBILL-03,SECURITY_HOLDING,GHS,8756812.27,CP-GOG,SEC-TBILL,GL-1200,2022-07-29,0.2539,8756812.27,true
2021-07-30,SEC-TBILL-04,SECURITY_HOLDING,GHS,7837310.56,CP-GOG,SEC-TBILL,GL-1200,2022-07-29,0.2539,7837310.56,true
2021-07-30,SEC-TBILL-05,SECURITY_HOLDING,GHS,4736481.68,CP-GOG,SEC-TBILL,GL-1200,2022-07-29,0.2539,4736481.68,true
2021-07-30,SEC-BOND-06,SECURITY_HOLDING,GHS,4760909.68,CP-GOG,SEC-BOND,GL-1200,2024-07-29,0.2539,4760909.68,true
2021-07-30,SEC-BOND-07,SECURITY_HOLDING,GHS,4238625.59,CP-GOG,SEC-BOND,GL-1200,2024-07-29,0.2539,4238625.59,true
2021-07-30,SEC-BOND-08,SECURITY_HOLDING,GHS,4279276.70,CP-GOG,SEC-BOND,GL-1200,2024-07-29,0.2539,4279276.70,true
2021-07-30,SEC-BOND-09,SECURITY_HOLDING,GHS,4328964.26,CP-GOG,SEC-BOND,GL-1200,2026-07-29,0.2539,4328964.26,true
2021-07-31,SEC-TBILL-00,SECURITY_HOLDING,GHS,6385775.68,CP-GOG,SEC-TBILL,GL-1200,2022-01-29,0.2068,6385775.68,true
2021-07-31,SEC-TBILL-01,SECURITY_HOLDING,GHS,9578015.69,CP-GOG,SEC-TBILL,GL-1200,2021-10-30,0.2068,9578015.69,true
2021-07-31,SEC-TBILL-02,SECURITY_HOLDING,GHS,6232437.92,CP-GOG,SEC-TBILL,GL-1200,2022-07-30,0.2068,6232437.92,true
2021-07-31,SEC-TBILL-03,SECURITY_HOLDING,GHS,5795719.45,CP-GOG,SEC-TBILL,GL-1200,2022-07-30,0.2068,5795719.45,true
2021-07-31,SEC-TBILL-04,SECURITY_HOLDING,GHS,7988053.44,CP-GOG,SEC-TBILL,GL-1200,2022-07-30,0.2068,7988053.44,true
2021-07-31,SEC-TBILL-05,SECURITY_HOLDING,GHS,7524219.88,CP-GOG,SEC-TBILL,GL-1200,2022-07-30,0.2068,7524219.88,true
2021-07-31,SEC-BOND-06,SECURITY_HOLDING,GHS,4640166.57,CP-GOG,SEC-BOND,GL-1200,2024-07-30,0.2068,4640166.57,true
2021-07-31,SEC-BOND-07,SECURITY_HOLDING,GHS,4071791.99,CP-GOG,SEC-BOND,GL-1200,2024-07-30,0.2068,4071791.99,true
2021-07-31,SEC-BOND-08,SECURITY_HOLDING,GHS,7026667.51,CP-GOG,SEC-BOND,GL-1200,2024-07-30,0.2068,7026667.51,true
2021-07-31,SEC-BOND-09,SECURITY_HOLDING,GHS,4170102.85,CP-GOG,SEC-BOND,GL-1200,2026-07-30,0.2068,4170102.85,true
2021-08-06,SEC-TBILL-00,SECURITY_HOLDING,GHS,8181408.60,CP-GOG,SEC-TBILL,GL-1200,2021-11-05,0.2387,8181408.60,true
2021-08-06,SEC-TBILL-01,SECURITY_HOLDING,GHS,5480999.88,CP-GOG,SEC-TBILL,GL-1200,2022-02-04,0.2387,5480999.88,true
2021-08-06,SEC-TBILL-02,SECURITY_HOLDING,GHS,5339459.70,CP-GOG,SEC-TBILL,GL-1200,2021-11-05,0.2387,5339459.70,true
2021-08-06,SEC-TBILL-03,SECURITY_HOLDING,GHS,7765051.47,CP-GOG,SEC-TBILL,GL-1200,2022-08-05,0.2387,7765051.47,true
2021-08-06,SEC-TBILL-04,SECURITY_HOLDING,GHS,6836915.79,CP-GOG,SEC-TBILL,GL-1200,2022-08-05,0.2387,6836915.79,true
2021-08-06,SEC-TBILL-05,SECURITY_HOLDING,GHS,6537634.80,CP-GOG,SEC-TBILL,GL-1200,2022-08-05,0.2387,6537634.80,true
2021-08-06,SEC-BOND-06,SECURITY_HOLDING,GHS,6562292.19,CP-GOG,SEC-BOND,GL-1200,2023-08-06,0.2387,6562292.19,true
2021-08-06,SEC-BOND-07,SECURITY_HOLDING,GHS,6035103.93,CP-GOG,SEC-BOND,GL-1200,2024-08-05,0.2387,6035103.93,true
2021-08-06,SEC-BOND-08,SECURITY_HOLDING,GHS,6076136.75,CP-GOG,SEC-BOND,GL-1200,2026-08-05,0.2387,6076136.75,true
2021-08-06,SEC-BOND-09,SECURITY_HOLDING,GHS,6126290.86,CP-GOG,SEC-BOND,GL-1200,2024-08-05,0.2387,6126290.86,true
2021-08-13,SEC-TBILL-00,SECURITY_HOLDING,GHS,5485777.45,CP-GOG,SEC-TBILL,GL-1200,2022-08-12,0.2235,5485777.45,true
2021-08-13,SEC-TBILL-01,SECURITY_HOLDING,GHS,5484923.41,CP-GOG,SEC-TBILL,GL-1200,2022-02-11,0.2235,5484923.41,true
2021-08-13,SEC-TBILL-02,SECURITY_HOLDING,GHS,5308763.98,CP-GOG,SEC-TBILL,GL-1200,2022-08-12,0.2235,5308763.98,true
2021-08-13,SEC-TBILL-03,SECURITY_HOLDING,GHS,4804615.15,CP-GOG,SEC-TBILL,GL-1200,2022-08-12,0.2235,4804615.15,true
2021-08-13,SEC-TBILL-04,SECURITY_HOLDING,GHS,10695496.94,CP-GOG,SEC-TBILL,GL-1200,2021-11-12,0.2235,10695496.94,true
2021-08-13,SEC-TBILL-05,SECURITY_HOLDING,GHS,6800000.12,CP-GOG,SEC-TBILL,GL-1200,2022-08-12,0.2235,6800000.12,true
2021-08-13,SEC-BOND-06,SECURITY_HOLDING,GHS,6830688.44,CP-GOG,SEC-BOND,GL-1200,2024-08-12,0.2235,6830688.44,true
2021-08-13,SEC-BOND-07,SECURITY_HOLDING,GHS,6174555.49,CP-GOG,SEC-BOND,GL-1200,2023-08-13,0.2235,6174555.49,true
2021-08-13,SEC-BOND-08,SECURITY_HOLDING,GHS,6225624.49,CP-GOG,SEC-BOND,GL-1200,2024-08-12,0.2235,6225624.49,true
2021-08-13,SEC-BOND-09,SECURITY_HOLDING,GHS,6288045.78,CP-GOG,SEC-BOND,GL-1200,2024-08-12,0.2235,6288045.78,true
2021-08-20,SEC-TBILL-00,SECURITY_HOLDING,GHS,8987123.36,CP-GOG,SEC-TBILL,GL-1200,2022-08-19,0.2084,8987123.36,true
2021-08-20,SEC-TBILL-01,SECURITY_HOLDING,GHS,8986437.77,CP-GOG,SEC-TBILL,GL-1200,2021-11-19,0.2084,8986437.77,true
2021-08-20,SEC-TBILL-02,SECURITY_HOLDING,GHS,8845022.20,CP-GOG,SEC-TBILL,GL-1200,2022-02-18,0.2084,8845022.20,true
2021-08-20,SEC-TBILL-03,SECURITY_HOLDING,GHS,8440306.45,CP-GOG,SEC-TBILL,GL-1200,2022-02-18,0.2084,8440306.45,true
2021-08-20,SEC-TBILL-04,SECURITY_HOLDING,GHS,7512987.92,CP-GOG,SEC-TBILL,GL-1200,2022-08-19,0.2084,7512987.92,true
2021-08-20,SEC-TBILL-05,SECURITY_HOLDING,GHS,4385798.46,CP-GOG,SEC-TBILL,GL-1200,2022-08-19,0.2084,4385798.46,true
2021-08-20,SEC-BOND-06,SECURITY_HOLDING,GHS,4410434.13,CP-GOG,SEC-BOND,GL-1200,2026-08-19,0.2084,4410434.13,true
2021-08-20,SEC-BOND-07,SECURITY_HOLDING,GHS,3883710.03,CP-GOG,SEC-BOND,GL-1200,2026-08-19,0.2084,3883710.03,true
2021-08-20,SEC-BOND-08,SECURITY_HOLDING,GHS,3924706.71,CP-GOG,SEC-BOND,GL-1200,2023-08-20,0.2084,3924706.71,true
2021-08-20,SEC-BOND-09,SECURITY_HOLDING,GHS,3974816.67,CP-GOG,SEC-BOND,GL-1200,2023-08-20,0.2084,3974816.67,true
2021-08-27,SEC-TBILL-00,SECURITY_HOLDING,GHS,5141455.65,CP-GOG,SEC-TBILL,GL-1200,2021-11-26,0.2750,5141455.65,true
2021-08-27,SEC-TBILL-01,SECURITY_HOLDING,GHS,5140762.57,CP-GOG,SEC-TBILL,GL-1200,2021-11-26,0.2750,5140762.57,true
2021-08-27,SEC-TBILL-02,SECURITY_HOLDING,GHS,4997802.57,CP-GOG,SEC-TBILL,GL-1200,2021-11-26,0.2750,4997802.57,true
2021-08-27,SEC-TBILL-03,SECURITY_HOLDING,GHS,7447725.96,CP-GOG,SEC-TBILL,GL-1200,2022-02-25,0.2750,7447725.96,true
2021-08-27,SEC-TBILL-04,SECURITY_HOLDING,GHS,6510279.95,CP-GOG,SEC-TBILL,GL-1200,2022-08-26,0.2750,6510279.95,true
2021-08-27,SEC-TBILL-05,SECURITY_HOLDING,GHS,9067055.96,CP-GOG,SEC-TBILL,GL-1200,2022-02-25,0.2750,9067055.96,true
2021-08-27,SEC-BOND-06,SECURITY_HOLDING,GHS,6232901.54,CP-GOG,SEC-BOND,GL-1200,2026-08-26,0.2750,6232901.54,true
2021-08-27,SEC-BOND-07,SECURITY_HOLDING,GHS,8559484.09,CP-GOG,SEC-BOND,GL-1200,2026-08-26,0.2750,8559484.09,true
2021-08-27,SEC-BOND-08,SECURITY_HOLDING,GHS,5741869.38,CP-GOG,SEC-BOND,GL-1200,2024-08-26,0.2750,5741869.38,true
2021-08-27,SEC-BOND-09,SECURITY_HOLDING,GHS,5792526.60,CP-GOG,SEC-BOND,GL-1200,2026-08-26,0.2750,5792526.60,true
2021-08-31,SEC-TBILL-00,SECURITY_HOLDING,GHS,5114214.63,CP-GOG,SEC-TBILL,GL-1200,2021-11-30,0.2030,5114214.63,true
2021-08-31,SEC-TBILL-01,SECURITY_HOLDING,GHS,7793206.55,CP-GOG,SEC-TBILL,GL-1200,2022-03-01,0.2030,7793206.55,true
2021-08-31,SEC-TBILL-02,SECURITY_HOLDING,GHS,4985530.51,CP-GOG,SEC-TBILL,GL-1200,2021-11-30,0.2030,4985530.51,true
2021-08-31,SEC-TBILL-03,SECURITY_HOLDING,GHS,7180166.51,CP-GOG,SEC-TBILL,GL-1200,2022-03-01,0.2030,7180166.51,true
2021-08-31,SEC-TBILL-04,SECURITY_HOLDING,GHS,6340404.44,CP-GOG,SEC-TBILL,GL-1200,2022-03-01,0.2030,6340404.44,true
2021-08-31,SEC-TBILL-05,SECURITY_HOLDING,GHS,6069619.87,CP-GOG,SEC-TBILL,GL-1200,2022-03-01,0.2030,6069619.87,true
2021-08-31,SEC-BOND-06,SECURITY_HOLDING,GHS,3649264.42,CP-GOG,SEC-BOND,GL-1200,2023-08-31,0.2030,3649264.42,true
2021-08-31,SEC-BOND-07,SECURITY_HOLDING,GHS,8294550.88,CP-GOG,SEC-BOND,GL-1200,2024-08-30,0.2030,8294550.88,true
2021-08-31,SEC-BOND-08,SECURITY_HOLDING,GHS,5652063.93,CP-GOG,SEC-BOND,GL-1200,2026-08-30,0.2030,5652063.93,true
2021-08-31,SEC-BOND-09,SECURITY_HOLDING,GHS,8377055.33,CP-GOG,SEC-BOND,GL-1200,2023-08-31,0.2030,8377055.33,true
2021-09-03,SEC-TBILL-00,SECURITY_HOLDING,GHS,4942438.43,CP-GOG,SEC-TBILL,GL-1200,2021-12-03,0.2599,4942438.43,true
2021-09-03,SEC-TBILL-01,SECURITY_HOLDING,GHS,4941594.02,CP-GOG,SEC-TBILL,GL-1200,2022-09-02,0.2599,4941594.02,true
2021-09-03,SEC-TBILL-02,SECURITY_HOLDING,GHS,4767420.03,CP-GOG,SEC-TBILL,GL-1200,2022-09-02,0.2599,4767420.03,true
2021-09-03,SEC-TBILL-03,SECURITY_HOLDING,GHS,11235569.51,CP-GOG,SEC-TBILL,GL-1200,2022-03-04,0.2599,11235569.51,true
2021-09-03,SEC-TBILL-04,SECURITY_HOLDING,GHS,10093440.89,CP-GOG,SEC-TBILL,GL-1200,2022-03-04,0.2599,10093440.89,true
2021-09-03,SEC-TBILL-05,SECURITY_HOLDING,GHS,6241848.94,CP-GOG,SEC-TBILL,GL-1200,2021-12-03,0.2599,6241848.94,true
2021-09-03,SEC-BOND-06,SECURITY_HOLDING,GHS,6272191.38,CP-GOG,SEC-BOND,GL-1200,2026-09-02,0.2599,6272191.38,true
2021-09-03,SEC-BOND-07,SECURITY_HOLDING,GHS,5623453.48,CP-GOG,SEC-BOND,GL-1200,2024-09-02,0.2599,5623453.48,true
2021-09-03,SEC-BOND-08,SECURITY_HOLDING,GHS,5673946.91,CP-GOG,SEC-BOND,GL-1200,2026-09-02,0.2599,5673946.91,true
2021-09-03,SEC-BOND-09,SECURITY_HOLDING,GHS,5735664.66,CP-GOG,SEC-BOND,GL-1200,2024-09-02,0.2599,5735664.66,true
2021-09-10,SEC-TBILL-00,SECURITY_HOLDING,GHS,7306071.93,CP-GOG,SEC-TBILL,GL-1200,2021-12-10,0.2447,7306071.93,true
2021-09-10,SEC-TBILL-01,SECURITY_HOLDING,GHS,7305489.23,CP-GOG,SEC-TBILL,GL-1200,2021-12-10,0.2447,7305489.23,true
2021-09-10,SEC-TBILL-02,SECURITY_HOLDING,GHS,7185297.12,CP-GOG,SEC-TBILL,GL-1200,2022-09-09,0.2447,7185297.12,true
2021-09-10,SEC-TBILL-03,SECURITY_HOLDING,GHS,6841320.59,CP-GOG,SEC-TBILL,GL-1200,2022-03-11,0.2447,6841320.59,true
2021-09-10,SEC-TBILL-04,SECURITY_HOLDING,GHS,6053172.82,CP-GOG,SEC-TBILL,GL-1200,2021-12-10,0.2447,6053172.82,true
2021-09-10,SEC-TBILL-05,SECURITY_HOLDING,GHS,3395307.89,CP-GOG,SEC-TBILL,GL-1200,2022-03-11,0.2447,3395307.89,true
2021-09-10,SEC-BOND-06,SECURITY_HOLDING,GHS,3416246.27,CP-GOG,SEC-BOND,GL-1200,2023-09-10,0.2447,3416246.27,true
2021-09-10,SEC-BOND-07,SECURITY_HOLDING,GHS,7776019.43,CP-GOG,SEC-BOND,GL-1200,2023-09-10,0.2447,7776019.43,true
2021-09-10,SEC-BOND-08,SECURITY_HOLDING,GHS,7810863.39,CP-GOG,SEC-BOND,GL-1200,2024-09-09,0.2447,7810863.39,true
2021-09-10,SEC-BOND-09,SECURITY_HOLDING,GHS,7853452.91,CP-GOG,SEC-BOND,GL-1200,2026-09-09,0.2447,7853452.91,true
2021-09-17,SEC-TBILL-00,SECURITY_HOLDING,GHS,4946518.30,CP-GOG,SEC-TBILL,GL-1200,2021-12-17,0.2695,4946518.30,true
2021-09-17,SEC-TBILL-01,SECURITY_HOLDING,GHS,7925501.26,CP-GOG,SEC-TBILL,GL-1200,2022-03-18,0.2695,7925501.26,true
2021-09-17,SEC-TBILL-02,SECURITY_HOLDING,GHS,4796803.36,CP-GOG,SEC-TBILL,GL-1200,2022-03-18,0.2695,4796803.36,true
2021-09-17,SEC-TBILL-03,SECURITY_HOLDING,GHS,7350108.25,CP-GOG,SEC-TBILL,GL-1200,2022-09-16,0.2695,7350108.25,true
2021-09-17,SEC-TBILL-04,SECURITY_HOLDING,GHS,6373104.04,CP-GOG,SEC-TBILL,GL-1200,2022-09-16,0.2695,6373104.04,true
2021-09-17,SEC-TBILL-05,SECURITY_HOLDING,GHS,9037770.50,CP-GOG,SEC-TBILL,GL-1200,2022-09-16,0.2695,9037770.50,true
2021-09-17,SEC-BOND-06,SECURITY_HOLDING,GHS,6084020.86,CP-GOG,SEC-BOND,GL-1200,2024-09-16,0.2695,6084020.86,true
2021-09-17,SEC-BOND-07,SECURITY_HOLDING,GHS,8508780.19,CP-GOG,SEC-BOND,GL-1200,2026-09-16,0.2695,8508780.19,true
2021-09-17,SEC-BOND-08,SECURITY_HOLDING,GHS,5572268.19,CP-GOG,SEC-BOND,GL-1200,2023-09-17,0.2695,5572268.19,true
2021-09-17,SEC-BOND-09,SECURITY_HOLDING,GHS,5625063.04,CP-GOG,SEC-BOND,GL-1200,2024-09-16,0.2695,5625063.04,true
2021-09-24,SEC-TBILL-00,SECURITY_HOLDING,GHS,9163359.14,CP-GOG,SEC-TBILL,GL-1200,2021-12-24,0.2543,9163359.14,true
2021-09-24,SEC-TBILL-01,SECURITY_HOLDING,GHS,9162682.04,CP-GOG,SEC-TBILL,GL-1200,2021-12-24,0.2543,9162682.04,true
2021-09-24,SEC-TBILL-02,SECURITY_HOLDING,GHS,9023017.83,CP-GOG,SEC-TBILL,GL-1200,2022-09-23,0.2543,9023017.83,true
2021-09-24,SEC-TBILL-03,SECURITY_HOLDING,GHS,8623314.30,CP-GOG,SEC-TBILL,GL-1200,2021-12-24,0.2543,8623314.30,true
2021-09-24,SEC-TBILL-04,SECURITY_HOLDING,GHS,7707480.18,CP-GOG,SEC-TBILL,GL-1200,2022-09-23,0.2543,7707480.18,true
2021-09-24,SEC-TBILL-05,SECURITY_HOLDING,GHS,4619019.51,CP-GOG,SEC-TBILL,GL-1200,2022-03-25,0.2543,4619019.51,true
2021-09-24,SEC-BOND-06,SECURITY_HOLDING,GHS,4643350.08,CP-GOG,SEC-BOND,GL-1200,2023-09-24,0.2543,4643350.08,true
2021-09-24,SEC-BOND-07,SECURITY_HOLDING,GHS,4123149.21,CP-GOG,SEC-BOND,GL-1200,2026-09-23,0.2543,4123149.21,true
2021-09-24,SEC-BOND-08,SECURITY_HOLDING,GHS,4163638.17,CP-GOG,SEC-BOND,GL-1200,2026-09-23,0.2543,4163638.17,true
2021-09-24,SEC-BOND-09,SECURITY_HOLDING,GHS,4213127.54,CP-GOG,SEC-BOND,GL-1200,2026-09-23,0.2543,4213127.54,true
2021-09-30,SEC-TBILL-00,SECURITY_HOLDING,GHS,9218548.04,CP-GOG,SEC-TBILL,GL-1200,2022-03-31,0.2062,9218548.04,true
2021-09-30,SEC-TBILL-01,SECURITY_HOLDING,GHS,6361831.10,CP-GOG,SEC-TBILL,GL-1200,2022-09-29,0.2062,6361831.10,true
2021-09-30,SEC-TBILL-02,SECURITY_HOLDING,GHS,6073577.17,CP-GOG,SEC-TBILL,GL-1200,2021-12-30,0.2062,6073577.17,true
2021-09-30,SEC-TBILL-03,SECURITY_HOLDING,GHS,8639569.88,CP-GOG,SEC-TBILL,GL-1200,2022-03-31,0.2062,8639569.88,true
2021-09-30,SEC-TBILL-04,SECURITY_HOLDING,GHS,4801719.75,CP-GOG,SEC-TBILL,GL-1200,2022-03-31,0.2062,4801719.75,true
2021-09-30,SEC-TBILL-05,SECURITY_HOLDING,GHS,7479627.40,CP-GOG,SEC-TBILL,GL-1200,2022-03-31,0.2062,7479627.40,true
2021-09-30,SEC-BOND-06,SECURITY_HOLDING,GHS,4511200.06,CP-GOG,SEC-BOND,GL-1200,2023-09-30,0.2062,4511200.06,true
2021-09-30,SEC-BOND-07,SECURITY_HOLDING,GHS,6948008.46,CP-GOG,SEC-BOND,GL-1200,2024-09-29,0.2062,6948008.46,true
2021-09-30,SEC-BOND-08,SECURITY_HOLDING,GHS,6991416.38,CP-GOG,SEC-BOND,GL-1200,2026-09-29,0.2062,6991416.38,true
2021-09-30,SEC-BOND-09,SECURITY_HOLDING,GHS,4049961.60,CP-GOG,SEC-BOND,GL-1200,2026-09-29,0.2062,4049961.60,true
2021-10-01,SEC-TBILL-00,SECURITY_HOLDING,GHS,6866296.53,CP-GOG,SEC-TBILL,GL-1200,2022-04-01,0.2391,6866296.53,true
2021-10-01,SEC-TBILL-01,SECURITY_HOLDING,GHS,4608530.26,CP-GOG,SEC-TBILL,GL-1200,2022-04-01,0.2391,4608530.26,true
2021-10-01,SEC-TBILL-02,SECURITY_HOLDING,GHS,6747383.45,CP-GOG,SEC-TBILL,GL-1200,2021-12-31,0.2391,6747383.45,true
2021-10-01,SEC-TBILL-03,SECURITY_HOLDING,GHS,6408709.24,CP-GOG,SEC-TBILL,GL-1200,2021-12-31,0.2391,6408709.24,true
2021-10-01,SEC-TBILL-04,SECURITY_HOLDING,GHS,5632710.62,CP-GOG,SEC-TBILL,GL-1200,2022-04-01,0.2391,5632710.62,true
2021-10-01,SEC-TBILL-05,SECURITY_HOLDING,GHS,7749157.48,CP-GOG,SEC-TBILL,GL-1200,2022-04-01,0.2391,7749157.48,true
2021-10-01,SEC-BOND-06,SECURITY_HOLDING,GHS,5512580.55,CP-GOG,SEC-BOND,GL-1200,2024-09-30,0.2391,5512580.55,true
2021-10-01,SEC-BOND-07,SECURITY_HOLDING,GHS,7328999.88,CP-GOG,SEC-BOND,GL-1200,2023-10-01,0.2391,7328999.88,true
2021-10-01,SEC-BOND-08,SECURITY_HOLDING,GHS,7363306.73,CP-GOG,SEC-BOND,GL-1200,2023-10-01,0.2391,7363306.73,true
2021-10-01,SEC-BOND-09,SECURITY_HOLDING,GHS,5148047.19,CP-GOG,SEC-BOND,GL-1200,2024-09-30,0.2391,5148047.19,true
2021-10-08,SEC-TBILL-00,SECURITY_HOLDING,GHS,4617140.90,CP-GOG,SEC-TBILL,GL-1200,2022-01-07,0.2640,4617140.90,true
2021-10-08,SEC-TBILL-01,SECURITY_HOLDING,GHS,4756749.71,CP-GOG,SEC-TBILL,GL-1200,2022-01-07,0.2640,4756749.71,true
2021-10-08,SEC-TBILL-02,SECURITY_HOLDING,GHS,4464701.54,CP-GOG,SEC-TBILL,GL-1200,2022-10-07,0.2640,4464701.54,true
2021-10-08,SEC-TBILL-03,SECURITY_HOLDING,GHS,7064469.94,CP-GOG,SEC-TBILL,GL-1200,2022-01-07,0.2640,7064469.94,true
2021-10-08,SEC-TBILL-04,SECURITY_HOLDING,GHS,6069686.79,CP-GOG,SEC-TBILL,GL-1200,2022-01-07,0.2640,6069686.79,true
2021-10-08,SEC-TBILL-05,SECURITY_HOLDING,GHS,8782843.24,CP-GOG,SEC-TBILL,GL-1200,2022-10-07,0.2640,8782843.24,true
2021-10-08,SEC-BOND-06,SECURITY_HOLDING,GHS,8949615.50,CP-GOG,SEC-BOND,GL-1200,2023-10-08,0.2640,8949615.50,true
2021-10-08,SEC-BOND-07,SECURITY_HOLDING,GHS,8244226.69,CP-GOG,SEC-BOND,GL-1200,2023-10-08,0.2640,8244226.69,true
2021-10-08,SEC-BOND-08,SECURITY_HOLDING,GHS,5254277.81,CP-GOG,SEC-BOND,GL-1200,2024-10-07,0.2640,5254277.81,true
2021-10-08,SEC-BOND-09,SECURITY_HOLDING,GHS,8482305.84,CP-GOG,SEC-BOND,GL-1200,2024-10-07,0.2640,8482305.84,true
2021-10-15,SEC-TBILL-00,SECURITY_HOLDING,GHS,8576178.98,CP-GOG,SEC-TBILL,GL-1200,2022-01-14,0.2488,8576178.98,true
2021-10-15,SEC-TBILL-01,SECURITY_HOLDING,GHS,5972603.86,CP-GOG,SEC-TBILL,GL-1200,2022-10-14,0.2488,5972603.86,true
2021-10-15,SEC-TBILL-02,SECURITY_HOLDING,GHS,8439052.67,CP-GOG,SEC-TBILL,GL-1200,2022-01-14,0.2488,8439052.67,true
2021-10-15,SEC-TBILL-03,SECURITY_HOLDING,GHS,8048505.72,CP-GOG,SEC-TBILL,GL-1200,2022-01-14,0.2488,8048505.72,true
2021-10-15,SEC-TBILL-04,SECURITY_HOLDING,GHS,7153651.94,CP-GOG,SEC-TBILL,GL-1200,2022-10-14,0.2488,7153651.94,true
2021-10-15,SEC-TBILL-05,SECURITY_HOLDING,GHS,4135943.08,CP-GOG,SEC-TBILL,GL-1200,2022-01-14,0.2488,4135943.08,true
2021-10-15,SEC-BOND-06,SECURITY_HOLDING,GHS,7015122.24,CP-GOG,SEC-BOND,GL-1200,2023-10-15,0.2488,7015122.24,true
2021-10-15,SEC-BOND-07,SECURITY_HOLDING,GHS,6506838.37,CP-GOG,SEC-BOND,GL-1200,2024-10-14,0.2488,6506838.37,true
2021-10-15,SEC-BOND-08,SECURITY_HOLDING,GHS,3690993.82,CP-GOG,SEC-BOND,GL-1200,2024-10-14,0.2488,3690993.82,true
2021-10-15,SEC-BOND-09,SECURITY_HOLDING,GHS,6594755.43,CP-GOG,SEC-BOND,GL-1200,2024-10-14,0.2488,6594755.43,true
2021-10-22,SEC-TBILL-00,SECURITY_HOLDING,GHS,7110811.49,CP-GOG,SEC-TBILL,GL-1200,2022-10-21,0.2336,7110811.49,true
2021-10-22,SEC-TBILL-01,SECURITY_HOLDING,GHS,4655665.50,CP-GOG,SEC-TBILL,GL-1200,2022-10-21,0.2336,4655665.50,true
2021-10-22,SEC-TBILL-02,SECURITY_HOLDING,GHS,6981502.72,CP-GOG,SEC-TBILL,GL-1200,2022-04-22,0.2336,6981502.72,true
2021-10-22,SEC-TBILL-03,SECURITY_HOLDING,GHS,6613220.75,CP-GOG,SEC-TBILL,GL-1200,2022-10-21,0.2336,6613220.75,true
2021-10-22,SEC-TBILL-04,SECURITY_HOLDING,GHS,8462002.37,CP-GOG,SEC-TBILL,GL-1200,2022-04-22,0.2336,8462002.37,true
2021-10-22,SEC-TBILL-05,SECURITY_HOLDING,GHS,8070854.41,CP-GOG,SEC-TBILL,GL-1200,2022-04-22,0.2336,8070854.41,true
2021-10-22,SEC-BOND-06,SECURITY_HOLDING,GHS,5638750.19,CP-GOG,SEC-BOND,GL-1200,2024-10-21,0.2336,5638750.19,true
2021-10-22,SEC-BOND-07,SECURITY_HOLDING,GHS,5159443.44,CP-GOG,SEC-BOND,GL-1200,2023-10-22,0.2336,5159443.44,true
2021-10-22,SEC-BOND-08,SECURITY_HOLDING,GHS,7651271.59,CP-GOG,SEC-BOND,GL-1200,2026-10-21,0.2336,7651271.59,true
2021-10-22,SEC-BOND-09,SECURITY_HOLDING,GHS,5242348.38,CP-GOG,SEC-BOND,GL-1200,2024-10-21,0.2336,5242348.38,true
2021-10-29,SEC-TBILL-00,SECURITY_HOLDING,GHS,4269386.07,CP-GOG,SEC-TBILL,GL-1200,2022-10-28,0.2584,4269386.07,true
2021-10-29,SEC-TBILL-01,SECURITY_HOLDING,GHS,4411377.36,CP-GOG,SEC-TBILL,GL-1200,2022-10-28,0.2584,4411377.36,true
2021-10-29,SEC-TBILL-02,SECURITY_HOLDING,GHS,4114345.27,CP-GOG,SEC-TBILL,GL-1200,2022-04-29,0.2584,4114345.27,true
2021-10-29,SEC-TBILL-03,SECURITY_HOLDING,GHS,6758479.78,CP-GOG,SEC-TBILL,GL-1200,2022-01-28,0.2584,6758479.78,true
2021-10-29,SEC-TBILL-04,SECURITY_HOLDING,GHS,8975162.97,CP-GOG,SEC-TBILL,GL-1200,2022-10-28,0.2584,8975162.97,true
2021-10-29,SEC-TBILL-05,SECURITY_HOLDING,GHS,8506177.83,CP-GOG,SEC-TBILL,GL-1200,2022-04-29,0.2584,8506177.83,true
2021-10-29,SEC-BOND-06,SECURITY_HOLDING,GHS,8675796.13,CP-GOG,SEC-BOND,GL-1200,2023-10-29,0.2584,8675796.13,true
2021-10-29,SEC-BOND-07,SECURITY_HOLDING,GHS,5015405.48,CP-GOG,SEC-BOND,GL-1200,2026-10-28,0.2584,5015405.48,true
2021-10-29,SEC-BOND-08,SECURITY_HOLDING,GHS,8003099.38,CP-GOG,SEC-BOND,GL-1200,2023-10-29,0.2584,8003099.38,true
2021-10-29,SEC-BOND-09,SECURITY_HOLDING,GHS,8200511.64,CP-GOG,SEC-BOND,GL-1200,2026-10-28,0.2584,8200511.64,true
2021-10-31,SEC-TBILL-00,SECURITY_HOLDING,GHS,7967051.28,CP-GOG,SEC-TBILL,GL-1200,2022-10-30,0.2424,7967051.28,true
2021-10-31,SEC-TBILL-01,SECURITY_HOLDING,GHS,5419027.30,CP-GOG,SEC-TBILL,GL-1200,2022-01-30,0.2424,5419027.30,true
2021-10-31,SEC-TBILL-02,SECURITY_HOLDING,GHS,7832850.77,CP-GOG,SEC-TBILL,GL-1200,2022-01-30,0.2424,7832850.77,true
2021-10-31,SEC-TBILL-03,SECURITY_HOLDING,GHS,7450636.72,CP-GOG,SEC-TBILL,GL-1200,2022-05-01,0.2424,7450636.72,true
2021-10-31,SEC-TBILL-04,SECURITY_HOLDING,GHS,4027499.46,CP-GOG,SEC-TBILL,GL-1200,2022-10-30,0.2424,4027499.46,true
2021-10-31,SEC-TBILL-05,SECURITY_HOLDING,GHS,6416036.05,CP-GOG,SEC-TBILL,GL-1200,2022-05-01,0.2424,6416036.05,true
2021-10-31,SEC-BOND-06,SECURITY_HOLDING,GHS,6439302.01,CP-GOG,SEC-BOND,GL-1200,2023-10-31,0.2424,6439302.01,true
2021-10-31,SEC-BOND-07,SECURITY_HOLDING,GHS,5941863.13,CP-GOG,SEC-BOND,GL-1200,2024-10-30,0.2424,5941863.13,true
2021-10-31,SEC-BOND-08,SECURITY_HOLDING,GHS,8527956.95,CP-GOG,SEC-BOND,GL-1200,2026-10-30,0.2424,8527956.95,true
2021-10-31,SEC-BOND-09,SECURITY_HOLDING,GHS,6027904.35,CP-GOG,SEC-BOND,GL-1200,2023-10-31,0.2424,6027904.35,true
2021-11-05,SEC-TBILL-00,SECURITY_HOLDING,GHS,8302345.95,CP-GOG,SEC-TBILL,GL-1200,2022-02-04,0.2433,8302345.95,true
2021-11-05,SEC-TBILL-01,SECURITY_HOLDING,GHS,5665926.88,CP-GOG,SEC-TBILL,GL-1200,2022-11-04,0.2433,5665926.88,true
2021-11-05,SEC-TBILL-02,SECURITY_HOLDING,GHS,8163489.81,CP-GOG,SEC-TBILL,GL-1200,2022-05-06,0.2433,8163489.81,true
2021-11-05,SEC-TBILL-03,SECURITY_HOLDING,GHS,7768016.13,CP-GOG,SEC-TBILL,GL-1200,2022-05-06,0.2433,7768016.13,true
2021-11-05,SEC-TBILL-04,SECURITY_HOLDING,GHS,4226124.69,CP-GOG,SEC-TBILL,GL-1200,2022-05-06,0.2433,4226124.69,true
2021-11-05,SEC-TBILL-05,SECURITY_HOLDING,GHS,3806096.74,CP-GOG,SEC-TBILL,GL-1200,2022-05-06,0.2433,3806096.74,true
2021-11-05,SEC-BOND-06,SECURITY_HOLDING,GHS,6721596.58,CP-GOG,SEC-BOND,GL-1200,2023-11-05,0.2433,6721596.58,true
2021-11-05,SEC-BOND-07,SECURITY_HOLDING,GHS,6206900.73,CP-GOG,SEC-BOND,GL-1200,2026-11-04,0.2433,6206900.73,true
2021-11-05,SEC-BOND-08,SECURITY_HOLDING,GHS,8882710.35,CP-GOG,SEC-BOND,GL-1200,2026-11-04,0.2433,8882710.35,true
2021-11-05,SEC-BOND-09,SECURITY_HOLDING,GHS,6295926.87,CP-GOG,SEC-BOND,GL-1200,2026-11-04,0.2433,6295926.87,true
2021-11-12,SEC-TBILL-00,SECURITY_HOLDING,GHS,7404109.30,CP-GOG,SEC-TBILL,GL-1200,2022-02-11,0.2281,7404109.30,true
2021-11-12,SEC-TBILL-01,SECURITY_HOLDING,GHS,4713063.36,CP-GOG,SEC-TBILL,GL-1200,2022-05-13,0.2281,4713063.36,true
2021-11-12,SEC-TBILL-02,SECURITY_HOLDING,GHS,7262376.04,CP-GOG,SEC-TBILL,GL-1200,2022-05-13,0.2281,7262376.04,true
2021-11-12,SEC-TBILL-03,SECURITY_HOLDING,GHS,6858708.11,CP-GOG,SEC-TBILL,GL-1200,2022-02-11,0.2281,6858708.11,true
2021-11-12,SEC-TBILL-04,SECURITY_HOLDING,GHS,8885127.84,CP-GOG,SEC-TBILL,GL-1200,2022-02-11,0.2281,8885127.84,true
2021-11-12,SEC-TBILL-05,SECURITY_HOLDING,GHS,5766034.75,CP-GOG,SEC-TBILL,GL-1200,2022-02-11,0.2281,5766034.75,true
2021-11-12,SEC-BOND-06,SECURITY_HOLDING,GHS,5790606.64,CP-GOG,SEC-BOND,GL-1200,2026-11-11,0.2281,5790606.64,true
2021-11-12,SEC-BOND-07,SECURITY_HOLDING,GHS,5265246.24,CP-GOG,SEC-BOND,GL-1200,2023-11-12,0.2281,5265246.24,true
2021-11-12,SEC-BOND-08,SECURITY_HOLDING,GHS,7996498.90,CP-GOG,SEC-BOND,GL-1200,2024-11-11,0.2281,7996498.90,true
2021-11-12,SEC-BOND-09,SECURITY_HOLDING,GHS,5356117.01,CP-GOG,SEC-BOND,GL-1200,2023-11-12,0.2281,5356117.01,true
2021-11-19,SEC-TBILL-00,SECURITY_HOLDING,GHS,8523729.86,CP-GOG,SEC-TBILL,GL-1200,2022-11-18,0.2529,8523729.86,true
2021-11-19,SEC-TBILL-01,SECURITY_HOLDING,GHS,8644587.24,CP-GOG,SEC-TBILL,GL-1200,2022-02-18,0.2529,8644587.24,true
2021-11-19,SEC-TBILL-02,SECURITY_HOLDING,GHS,8391765.25,CP-GOG,SEC-TBILL,GL-1200,2022-02-18,0.2529,8391765.25,true
2021-11-19,SEC-TBILL-03,SECURITY_HOLDING,GHS,5389490.26,CP-GOG,SEC-TBILL,GL-1200,2022-05-20,0.2529,5389490.26,true
2021-11-19,SEC-TBILL-04,SECURITY_HOLDING,GHS,7276243.52,CP-GOG,SEC-TBILL,GL-1200,2022-05-20,0.2529,7276243.52,true
2021-11-19,SEC-TBILL-05,SECURITY_HOLDING,GHS,4372126.98,CP-GOG,SEC-TBILL,GL-1200,2022-05-20,0.2529,4372126.98,true
2021-11-19,SEC-BOND-06,SECURITY_HOLDING,GHS,7021434.28,CP-GOG,SEC-BOND,GL-1200,2023-11-19,0.2529,7021434.28,true
2021-11-19,SEC-BOND-07,SECURITY_HOLDING,GHS,3905854.20,CP-GOG,SEC-BOND,GL-1200,2023-11-19,0.2529,3905854.20,true
2021-11-19,SEC-BOND-08,SECURITY_HOLDING,GHS,6448861.36,CP-GOG,SEC-BOND,GL-1200,2024-11-18,0.2529,6448861.36,true
2021-11-19,SEC-BOND-09,SECURITY_HOLDING,GHS,6616890.88,CP-GOG,SEC-BOND,GL-1200,2024-11-18,0.2529,6616890.88,true
2021-11-26,SEC-TBILL-00,SECURITY_HOLDING,GHS,8437754.44,CP-GOG,SEC-TBILL,GL-1200,2022-11-25,0.2377,8437754.44,true
2021-11-26,SEC-TBILL-01,SECURITY_HOLDING,GHS,5629099.88,CP-GOG,SEC-TBILL,GL-1200,2022-02-25,0.2377,5629099.88,true
2021-11-26,SEC-TBILL-02,SECURITY_HOLDING,GHS,8289826.92,CP-GOG,SEC-TBILL,GL-1200,2022-02-25,0.2377,8289826.92,true
2021-11-26,SEC-TBILL-03,SECURITY_HOLDING,GHS,4924385.93,CP-GOG,SEC-TBILL,GL-1200,2022-05-27,0.2377,4924385.93,true
2021-11-26,SEC-TBILL-04,SECURITY_HOLDING,GHS,4095236.37,CP-GOG,SEC-TBILL,GL-1200,2022-02-25,0.2377,4095236.37,true
2021-11-26,SEC-TBILL-05,SECURITY_HOLDING,GHS,6728090.00,CP-GOG,SEC-TBILL,GL-1200,2022-11-25,0.2377,6728090.00,true
2021-11-26,SEC-BOND-06,SECURITY_HOLDING,GHS,6753735.77,CP-GOG,SEC-BOND,GL-1200,2024-11-25,0.2377,6753735.77,true
2021-11-26,SEC-BOND-07,SECURITY_HOLDING,GHS,6205415.19,CP-GOG,SEC-BOND,GL-1200,2026-11-25,0.2377,6205415.19,true
2021-11-26,SEC-BOND-08,SECURITY_HOLDING,GHS,9056033.65,CP-GOG,SEC-BOND,GL-1200,2023-11-26,0.2377,9056033.65,true
2021-11-26,SEC-BOND-09,SECURITY_HOLDING,GHS,6300257.34,CP-GOG,SEC-BOND,GL-1200,2024-11-25,0.2377,6300257.34,true
2021-11-30,SEC-TBILL-00,SECURITY_HOLDING,GHS,6509744.49,CP-GOG,SEC-TBILL,GL-1200,2022-05-31,0.2457,6509744.49,true
2021-11-30,SEC-TBILL-01,SECURITY_HOLDING,GHS,6508996.86,CP-GOG,SEC-TBILL,GL-1200,2022-03-01,0.2457,6508996.86,true
2021-11-30,SEC-TBILL-02,SECURITY_HOLDING,GHS,6354785.74,CP-GOG,SEC-TBILL,GL-1200,2022-11-29,0.2457,6354785.74,true
2021-11-30,SEC-TBILL-03,SECURITY_HOLDING,GHS,5913450.53,CP-GOG,SEC-TBILL,GL-1200,2022-11-29,0.2457,5913450.53,true
2021-11-30,SEC-TBILL-04,SECURITY_HOLDING,GHS,4902226.43,CP-GOG,SEC-TBILL,GL-1200,2022-05-31,0.2457,4902226.43,true
2021-11-30,SEC-TBILL-05,SECURITY_HOLDING,GHS,7660223.69,CP-GOG,SEC-TBILL,GL-1200,2022-11-29,0.2457,7660223.69,true
2021-11-30,SEC-BOND-06,SECURITY_HOLDING,GHS,7687088.44,CP-GOG,SEC-BOND,GL-1200,2026-11-29,0.2457,7687088.44,true
2021-11-30,SEC-BOND-07,SECURITY_HOLDING,GHS,7112705.33,CP-GOG,SEC-BOND,GL-1200,2023-11-30,0.2457,7112705.33,true
2021-11-30,SEC-BOND-08,SECURITY_HOLDING,GHS,7157411.47,CP-GOG,SEC-BOND,GL-1200,2024-11-29,0.2457,7157411.47,true
2021-11-30,SEC-BOND-09,SECURITY_HOLDING,GHS,7212055.48,CP-GOG,SEC-BOND,GL-1200,2024-11-29,0.2457,7212055.48,true
2021-12-03,SEC-TBILL-00,SECURITY_HOLDING,GHS,7908730.08,CP-GOG,SEC-TBILL,GL-1200,2022-12-02,0.2226,7908730.08,true
2021-12-03,SEC-TBILL-01,SECURITY_HOLDING,GHS,4874479.76,CP-GOG,SEC-TBILL,GL-1200,2022-03-04,0.2226,4874479.76,true
2021-12-03,SEC-TBILL-02,SECURITY_HOLDING,GHS,7748920.77,CP-GOG,SEC-TBILL,GL-1200,2022-06-03,0.2226,7748920.77,true
2021-12-03,SEC-TBILL-03,SECURITY_HOLDING,GHS,7293770.78,CP-GOG,SEC-TBILL,GL-1200,2022-03-04,0.2226,7293770.78,true
2021-12-03,SEC-TBILL-04,SECURITY_HOLDING,GHS,9578631.33,CP-GOG,SEC-TBILL,GL-1200,2022-12-02,0.2226,9578631.33,true
2021-12-03,SEC-TBILL-05,SECURITY_HOLDING,GHS,6061742.57,CP-GOG,SEC-TBILL,GL-1200,2022-06-03,0.2226,6061742.57,true
2021-12-03,SEC-BOND-06,SECURITY_HOLDING,GHS,6089448.25,CP-GOG,SEC-BOND,GL-1200,2026-12-02,0.2226,6089448.25,true
2021-12-03,SEC-BOND-07,SECURITY_HOLDING,GHS,5497085.66,CP-GOG,SEC-BOND,GL-1200,2024-12-02,0.2226,5497085.66,true
2021-12-03,SEC-BOND-08,SECURITY_HOLDING,GHS,5543191.20,CP-GOG,SEC-BOND,GL-1200,2024-12-02,0.2226,5543191.20,true
2021-12-03,SEC-BOND-09,SECURITY_HOLDING,GHS,5599545.69,CP-GOG,SEC-BOND,GL-1200,2024-12-02,0.2226,5599545.69,true
2021-12-10,SEC-TBILL-00,SECURITY_HOLDING,GHS,6469387.91,CP-GOG,SEC-TBILL,GL-1200,2022-12-09,0.2474,6469387.91,true
2021-12-10,SEC-TBILL-01,SECURITY_HOLDING,GHS,9680896.92,CP-GOG,SEC-TBILL,GL-1200,2022-12-09,0.2474,9680896.92,true
2021-12-10,SEC-TBILL-02,SECURITY_HOLDING,GHS,9385354.33,CP-GOG,SEC-TBILL,GL-1200,2022-03-11,0.2474,9385354.33,true
2021-12-10,SEC-TBILL-03,SECURITY_HOLDING,GHS,5875769.99,CP-GOG,SEC-TBILL,GL-1200,2022-03-11,0.2474,5875769.99,true
2021-12-10,SEC-TBILL-04,SECURITY_HOLDING,GHS,8081337.34,CP-GOG,SEC-TBILL,GL-1200,2022-12-09,0.2474,8081337.34,true
2021-12-10,SEC-TBILL-05,SECURITY_HOLDING,GHS,4686497.77,CP-GOG,SEC-TBILL,GL-1200,2022-06-10,0.2474,4686497.77,true
2021-12-10,SEC-BOND-06,SECURITY_HOLDING,GHS,7783471.71,CP-GOG,SEC-BOND,GL-1200,2026-12-09,0.2474,7783471.71,true
2021-12-10,SEC-BOND-07,SECURITY_HOLDING,GHS,4141436.56,CP-GOG,SEC-BOND,GL-1200,2026-12-09,0.2474,4141436.56,true
2021-12-10,SEC-BOND-08,SECURITY_HOLDING,GHS,4185942.07,CP-GOG,SEC-BOND,GL-1200,2023-12-10,0.2474,4185942.07,true
2021-12-10,SEC-BOND-09,SECURITY_HOLDING,GHS,7310570.60,CP-GOG,SEC-BOND,GL-1200,2023-12-10,0.2474,7310570.60,true
2021-12-17,SEC-TBILL-00,SECURITY_HOLDING,GHS,7827901.78,CP-GOG,SEC-TBILL,GL-1200,2022-03-18,0.2322,7827901.78,true
2021-12-17,SEC-TBILL-01,SECURITY_HOLDING,GHS,5090199.80,CP-GOG,SEC-TBILL,GL-1200,2022-03-18,0.2322,5090199.80,true
2021-12-17,SEC-TBILL-02,SECURITY_HOLDING,GHS,7683711.21,CP-GOG,SEC-TBILL,GL-1200,2022-03-18,0.2322,7683711.21,true
2021-12-17,SEC-TBILL-03,SECURITY_HOLDING,GHS,7405794.66,CP-GOG,SEC-TBILL,GL-1200,2022-06-17,0.2322,7405794.66,true
2021-12-17,SEC-TBILL-04,SECURITY_HOLDING,GHS,9334597.49,CP-GOG,SEC-TBILL,GL-1200,2022-12-16,0.2322,9334597.49,true
2021-12-17,SEC-TBILL-05,SECURITY_HOLDING,GHS,6161427.09,CP-GOG,SEC-TBILL,GL-1200,2022-06-17,0.2322,6161427.09,true
2021-12-17,SEC-BOND-06,SECURITY_HOLDING,GHS,6186424.99,CP-GOG,SEC-BOND,GL-1200,2026-12-16,0.2322,6186424.99,true
2021-12-17,SEC-BOND-07,SECURITY_HOLDING,GHS,5651956.15,CP-GOG,SEC-BOND,GL-1200,2024-12-16,0.2322,5651956.15,true
2021-12-17,SEC-BOND-08,SECURITY_HOLDING,GHS,5693555.64,CP-GOG,SEC-BOND,GL-1200,2023-12-17,0.2322,5693555.64,true
2021-12-17,SEC-BOND-09,SECURITY_HOLDING,GHS,5744402.39,CP-GOG,SEC-BOND,GL-1200,2026-12-16,0.2322,5744402.39,true
2021-12-24,SEC-TBILL-00,SECURITY_HOLDING,GHS,7950048.09,CP-GOG,SEC-TBILL,GL-1200,2022-06-24,0.2170,7950048.09,true
2021-12-24,SEC-TBILL-01,SECURITY_HOLDING,GHS,4720401.09,CP-GOG,SEC-TBILL,GL-1200,2022-03-25,0.2170,4720401.09,true
2021-12-24,SEC-TBILL-02,SECURITY_HOLDING,GHS,4551121.22,CP-GOG,SEC-TBILL,GL-1200,2022-12-23,0.2170,4551121.22,true
2021-12-24,SEC-TBILL-03,SECURITY_HOLDING,GHS,10837521.90,CP-GOG,SEC-TBILL,GL-1200,2022-06-24,0.2170,10837521.90,true
2021-12-24,SEC-TBILL-04,SECURITY_HOLDING,GHS,9727486.00,CP-GOG,SEC-TBILL,GL-1200,2022-06-24,0.2170,9727486.00,true
2021-12-24,SEC-TBILL-05,SECURITY_HOLDING,GHS,5984120.09,CP-GOG,SEC-TBILL,GL-1200,2022-06-24,0.2170,5984120.09,true
2021-12-24,SEC-BOND-06,SECURITY_HOLDING,GHS,6013609.94,CP-GOG,SEC-BOND,GL-1200,2023-12-24,0.2170,6013609.94,true
2021-12-24,SEC-BOND-07,SECURITY_HOLDING,GHS,5383100.96,CP-GOG,SEC-BOND,GL-1200,2026-12-23,0.2170,5383100.96,true
2021-12-24,SEC-BOND-08,SECURITY_HOLDING,GHS,5432175.56,CP-GOG,SEC-BOND,GL-1200,2023-12-24,0.2170,5432175.56,true
2021-12-24,SEC-BOND-09,SECURITY_HOLDING,GHS,5492159.11,CP-GOG,SEC-BOND,GL-1200,2024-12-23,0.2170,5492159.11,true
2021-12-31,SEC-TBILL-00,SECURITY_HOLDING,GHS,5355855.71,CP-GOG,SEC-TBILL,GL-1200,2022-12-30,0.2419,5355855.71,true
2021-12-31,SEC-TBILL-01,SECURITY_HOLDING,GHS,8201255.15,CP-GOG,SEC-TBILL,GL-1200,2022-07-01,0.2419,8201255.15,true
2021-12-31,SEC-TBILL-02,SECURITY_HOLDING,GHS,5345011.24,CP-GOG,SEC-TBILL,GL-1200,2022-04-01,0.2419,5345011.24,true
2021-12-31,SEC-TBILL-03,SECURITY_HOLDING,GHS,7675968.65,CP-GOG,SEC-TBILL,GL-1200,2022-12-30,0.2419,7675968.65,true
2021-12-31,SEC-TBILL-04,SECURITY_HOLDING,GHS,6784044.14,CP-GOG,SEC-TBILL,GL-1200,2022-12-30,0.2419,6784044.14,true
2021-12-31,SEC-TBILL-05,SECURITY_HOLDING,GHS,3776213.68,CP-GOG,SEC-TBILL,GL-1200,2022-07-01,0.2419,3776213.68,true
2021-12-31,SEC-BOND-06,SECURITY_HOLDING,GHS,6520134.97,CP-GOG,SEC-BOND,GL-1200,2023-12-31,0.2419,6520134.97,true
2021-12-31,SEC-BOND-07,SECURITY_HOLDING,GHS,8733740.86,CP-GOG,SEC-BOND,GL-1200,2026-12-30,0.2419,8733740.86,true
2021-12-31,SEC-BOND-08,SECURITY_HOLDING,GHS,8773172.78,CP-GOG,SEC-BOND,GL-1200,2026-12-30,0.2419,8773172.78,true
2021-12-31,SEC-BOND-09,SECURITY_HOLDING,GHS,6101144.22,CP-GOG,SEC-BOND,GL-1200,2023-12-31,0.2419,6101144.22,true
2022-01-07,SEC-TBILL-00,SECURITY_HOLDING,GHS,8246571.11,CP-GOG,SEC-TBILL,GL-1200,2022-07-08,0.2267,8246571.11,true
2022-01-07,SEC-TBILL-01,SECURITY_HOLDING,GHS,5208483.08,CP-GOG,SEC-TBILL,GL-1200,2023-01-06,0.2267,5208483.08,true
2022-01-07,SEC-TBILL-02,SECURITY_HOLDING,GHS,5049243.65,CP-GOG,SEC-TBILL,GL-1200,2023-01-06,0.2267,5049243.65,true
2022-01-07,SEC-TBILL-03,SECURITY_HOLDING,GHS,7778149.57,CP-GOG,SEC-TBILL,GL-1200,2022-04-08,0.2267,7778149.57,true
2022-01-07,SEC-TBILL-04,SECURITY_HOLDING,GHS,9918584.44,CP-GOG,SEC-TBILL,GL-1200,2022-04-08,0.2267,9918584.44,true
2022-01-07,SEC-TBILL-05,SECURITY_HOLDING,GHS,6397247.54,CP-GOG,SEC-TBILL,GL-1200,2022-07-08,0.2267,6397247.54,true
2022-01-07,SEC-BOND-06,SECURITY_HOLDING,GHS,6424988.27,CP-GOG,SEC-BOND,GL-1200,2027-01-06,0.2267,6424988.27,true
2022-01-07,SEC-BOND-07,SECURITY_HOLDING,GHS,5831876.45,CP-GOG,SEC-BOND,GL-1200,2027-01-06,0.2267,5831876.45,true
2022-01-07,SEC-BOND-08,SECURITY_HOLDING,GHS,5878040.31,CP-GOG,SEC-BOND,GL-1200,2024-01-07,0.2267,5878040.31,true
2022-01-07,SEC-BOND-09,SECURITY_HOLDING,GHS,5934466.07,CP-GOG,SEC-BOND,GL-1200,2024-01-07,0.2267,5934466.07,true
2022-01-14,SEC-TBILL-00,SECURITY_HOLDING,GHS,9292180.03,CP-GOG,SEC-TBILL,GL-1200,2022-07-15,0.2115,9292180.03,true
2022-01-14,SEC-TBILL-01,SECURITY_HOLDING,GHS,9291488.28,CP-GOG,SEC-TBILL,GL-1200,2023-01-13,0.2115,9291488.28,true
2022-01-14,SEC-TBILL-02,SECURITY_HOLDING,GHS,9148802.82,CP-GOG,SEC-TBILL,GL-1200,2022-04-15,0.2115,9148802.82,true
2022-01-14,SEC-TBILL-03,SECURITY_HOLDING,GHS,8740452.81,CP-GOG,SEC-TBILL,GL-1200,2022-04-15,0.2115,8740452.81,true
2022-01-14,SEC-TBILL-04,SECURITY_HOLDING,GHS,7804807.14,CP-GOG,SEC-TBILL,GL-1200,2022-04-15,0.2115,7804807.14,true
2022-01-14,SEC-TBILL-05,SECURITY_HOLDING,GHS,4649536.11,CP-GOG,SEC-TBILL,GL-1200,2022-07-15,0.2115,4649536.11,true
2022-01-14,SEC-BOND-06,SECURITY_HOLDING,GHS,4674393.01,CP-GOG,SEC-BOND,GL-1200,2024-01-14,0.2115,4674393.01,true
2022-01-14,SEC-BOND-07,SECURITY_HOLDING,GHS,4142939.03,CP-GOG,SEC-BOND,GL-1200,2025-01-13,0.2115,4142939.03,true
2022-01-14,SEC-BOND-08,SECURITY_HOLDING,GHS,4184303.85,CP-GOG,SEC-BOND,GL-1200,2027-01-13,0.2115,4184303.85,true
2022-01-14,SEC-BOND-09,SECURITY_HOLDING,GHS,4234863.79,CP-GOG,SEC-BOND,GL-1200,2025-01-13,0.2115,4234863.79,true
2022-01-21,SEC-TBILL-00,SECURITY_HOLDING,GHS,7087068.63,CP-GOG,SEC-TBILL,GL-1200,2022-04-22,0.2363,7087068.63,true
2022-01-21,SEC-TBILL-01,SECURITY_HOLDING,GHS,7086471.46,CP-GOG,SEC-TBILL,GL-1200,2022-07-22,0.2363,7086471.46,true
2022-01-21,SEC-TBILL-02,SECURITY_HOLDING,GHS,4499877.13,CP-GOG,SEC-TBILL,GL-1200,2023-01-20,0.2363,4499877.13,true
2022-01-21,SEC-TBILL-03,SECURITY_HOLDING,GHS,6610775.71,CP-GOG,SEC-TBILL,GL-1200,2023-01-20,0.2363,6610775.71,true
2022-01-21,SEC-TBILL-04,SECURITY_HOLDING,GHS,5803055.17,CP-GOG,SEC-TBILL,GL-1200,2022-04-22,0.2363,5803055.17,true
2022-01-21,SEC-TBILL-05,SECURITY_HOLDING,GHS,8006019.91,CP-GOG,SEC-TBILL,GL-1200,2022-07-22,0.2363,8006019.91,true
2022-01-21,SEC-BOND-06,SECURITY_HOLDING,GHS,8027478.27,CP-GOG,SEC-BOND,GL-1200,2024-01-21,0.2363,8027478.27,true
2022-01-21,SEC-BOND-07,SECURITY_HOLDING,GHS,7568686.76,CP-GOG,SEC-BOND,GL-1200,2027-01-20,0.2363,7568686.76,true
2022-01-21,SEC-BOND-08,SECURITY_HOLDING,GHS,7604396.02,CP-GOG,SEC-BOND,GL-1200,2024-01-21,0.2363,7604396.02,true
2022-01-21,SEC-BOND-09,SECURITY_HOLDING,GHS,5184625.82,CP-GOG,SEC-BOND,GL-1200,2024-01-21,0.2363,5184625.82,true
2022-01-28,SEC-TBILL-00,SECURITY_HOLDING,GHS,5691391.67,CP-GOG,SEC-TBILL,GL-1200,2022-07-29,0.2211,5691391.67,true
2022-01-28,SEC-TBILL-01,SECURITY_HOLDING,GHS,5690470.35,CP-GOG,SEC-TBILL,GL-1200,2023-01-27,0.2211,5690470.35,true
2022-01-28,SEC-TBILL-02,SECURITY_HOLDING,GHS,5500433.04,CP-GOG,SEC-TBILL,GL-1200,2022-07-29,0.2211,5500433.04,true
2022-01-28,SEC-TBILL-03,SECURITY_HOLDING,GHS,8757126.13,CP-GOG,SEC-TBILL,GL-1200,2022-07-29,0.2211,8757126.13,true
2022-01-28,SEC-TBILL-04,SECURITY_HOLDING,GHS,7510975.36,CP-GOG,SEC-TBILL,GL-1200,2023-01-27,0.2211,7510975.36,true
2022-01-28,SEC-TBILL-05,SECURITY_HOLDING,GHS,7109149.16,CP-GOG,SEC-TBILL,GL-1200,2023-01-27,0.2211,7109149.16,true
2022-01-28,SEC-BOND-06,SECURITY_HOLDING,GHS,7142255.11,CP-GOG,SEC-BOND,GL-1200,2024-01-28,0.2211,7142255.11,true
2022-01-28,SEC-BOND-07,SECURITY_HOLDING,GHS,6434431.83,CP-GOG,SEC-BOND,GL-1200,2027-01-27,0.2211,6434431.83,true
2022-01-28,SEC-BOND-08,SECURITY_HOLDING,GHS,6489524.06,CP-GOG,SEC-BOND,GL-1200,2024-01-28,0.2211,6489524.06,true
2022-01-28,SEC-BOND-09,SECURITY_HOLDING,GHS,6556862.92,CP-GOG,SEC-BOND,GL-1200,2025-01-27,0.2211,6556862.92,true
2022-01-31,SEC-TBILL-00,SECURITY_HOLDING,GHS,4440672.36,CP-GOG,SEC-TBILL,GL-1200,2022-08-01,0.2780,4440672.36,true
2022-01-31,SEC-TBILL-01,SECURITY_HOLDING,GHS,6920265.77,CP-GOG,SEC-TBILL,GL-1200,2023-01-30,0.2780,6920265.77,true
2022-01-31,SEC-TBILL-02,SECURITY_HOLDING,GHS,4321566.25,CP-GOG,SEC-TBILL,GL-1200,2022-08-01,0.2780,4321566.25,true
2022-01-31,SEC-TBILL-03,SECURITY_HOLDING,GHS,6462510.37,CP-GOG,SEC-TBILL,GL-1200,2023-01-30,0.2780,6462510.37,true
2022-01-31,SEC-TBILL-04,SECURITY_HOLDING,GHS,5685252.14,CP-GOG,SEC-TBILL,GL-1200,2023-01-30,0.2780,5685252.14,true
2022-01-31,SEC-TBILL-05,SECURITY_HOLDING,GHS,7805134.44,CP-GOG,SEC-TBILL,GL-1200,2022-08-01,0.2780,7805134.44,true
2022-01-31,SEC-BOND-06,SECURITY_HOLDING,GHS,7825783.52,CP-GOG,SEC-BOND,GL-1200,2027-01-30,0.2780,7825783.52,true
2022-01-31,SEC-BOND-07,SECURITY_HOLDING,GHS,7384294.83,CP-GOG,SEC-BOND,GL-1200,2027-01-30,0.2780,7384294.83,true
2022-01-31,SEC-BOND-08,SECURITY_HOLDING,GHS,7418657.36,CP-GOG,SEC-BOND,GL-1200,2025-01-30,0.2780,7418657.36,true
2022-01-31,SEC-BOND-09,SECURITY_HOLDING,GHS,7460658.44,CP-GOG,SEC-BOND,GL-1200,2027-01-30,0.2780,7460658.44,true
2022-02-04,SEC-TBILL-00,SECURITY_HOLDING,GHS,7988027.93,CP-GOG,SEC-TBILL,GL-1200,2022-05-06,0.2478,7988027.93,true
2022-02-04,SEC-TBILL-01,SECURITY_HOLDING,GHS,7987406.91,CP-GOG,SEC-TBILL,GL-1200,2022-08-05,0.2478,7987406.91,true
2022-02-04,SEC-TBILL-02,SECURITY_HOLDING,GHS,7859309.45,CP-GOG,SEC-TBILL,GL-1200,2022-05-06,0.2478,7859309.45,true
2022-02-04,SEC-TBILL-03,SECURITY_HOLDING,GHS,7492708.67,CP-GOG,SEC-TBILL,GL-1200,2023-02-03,0.2478,7492708.67,true
2022-02-04,SEC-TBILL-04,SECURITY_HOLDING,GHS,6652722.33,CP-GOG,SEC-TBILL,GL-1200,2023-02-03,0.2478,6652722.33,true
2022-02-04,SEC-TBILL-05,SECURITY_HOLDING,GHS,3820042.60,CP-GOG,SEC-TBILL,GL-1200,2023-02-03,0.2478,3820042.60,true
2022-02-04,SEC-BOND-06,SECURITY_HOLDING,GHS,3842358.15,CP-GOG,SEC-BOND,GL-1200,2025-02-03,0.2478,3842358.15,true
2022-02-04,SEC-BOND-07,SECURITY_HOLDING,GHS,8488885.13,CP-GOG,SEC-BOND,GL-1200,2024-02-04,0.2478,8488885.13,true
2022-02-04,SEC-BOND-08,SECURITY_HOLDING,GHS,8526020.86,CP-GOG,SEC-BOND,GL-1200,2025-02-03,0.2478,8526020.86,true
2022-02-04,SEC-BOND-09,SECURITY_HOLDING,GHS,3447765.89,CP-GOG,SEC-BOND,GL-1200,2024-02-04,0.2478,3447765.89,true
2022-02-11,SEC-TBILL-00,SECURITY_HOLDING,GHS,6825319.25,CP-GOG,SEC-TBILL,GL-1200,2023-02-10,0.2726,6825319.25,true
2022-02-11,SEC-TBILL-01,SECURITY_HOLDING,GHS,6824715.11,CP-GOG,SEC-TBILL,GL-1200,2023-02-10,0.2726,6824715.11,true
2022-02-11,SEC-TBILL-02,SECURITY_HOLDING,GHS,4207917.65,CP-GOG,SEC-TBILL,GL-1200,2023-02-10,0.2726,4207917.65,true
2022-02-11,SEC-TBILL-03,SECURITY_HOLDING,GHS,6343464.76,CP-GOG,SEC-TBILL,GL-1200,2022-08-12,0.2726,6343464.76,true
2022-02-11,SEC-TBILL-04,SECURITY_HOLDING,GHS,5526312.63,CP-GOG,SEC-TBILL,GL-1200,2023-02-10,0.2726,5526312.63,true
2022-02-11,SEC-TBILL-05,SECURITY_HOLDING,GHS,7755000.93,CP-GOG,SEC-TBILL,GL-1200,2022-08-12,0.2726,7755000.93,true
2022-02-11,SEC-BOND-06,SECURITY_HOLDING,GHS,7776709.86,CP-GOG,SEC-BOND,GL-1200,2025-02-10,0.2726,7776709.86,true
2022-02-11,SEC-BOND-07,SECURITY_HOLDING,GHS,7312561.13,CP-GOG,SEC-BOND,GL-1200,2027-02-10,0.2726,7312561.13,true
2022-02-11,SEC-BOND-08,SECURITY_HOLDING,GHS,7348687.37,CP-GOG,SEC-BOND,GL-1200,2024-02-11,0.2726,7348687.37,true
2022-02-11,SEC-BOND-09,SECURITY_HOLDING,GHS,7392844.21,CP-GOG,SEC-BOND,GL-1200,2025-02-10,0.2726,7392844.21,true
2022-02-18,SEC-TBILL-00,SECURITY_HOLDING,GHS,4973365.26,CP-GOG,SEC-TBILL,GL-1200,2023-02-17,0.2575,4973365.26,true
2022-02-18,SEC-TBILL-01,SECURITY_HOLDING,GHS,4972478.30,CP-GOG,SEC-TBILL,GL-1200,2023-02-17,0.2575,4972478.30,true
2022-02-18,SEC-TBILL-02,SECURITY_HOLDING,GHS,12107171.05,CP-GOG,SEC-TBILL,GL-1200,2023-02-17,0.2575,12107171.05,true
2022-02-18,SEC-TBILL-03,SECURITY_HOLDING,GHS,7924766.67,CP-GOG,SEC-TBILL,GL-1200,2022-05-20,0.2575,7924766.67,true
2022-02-18,SEC-TBILL-04,SECURITY_HOLDING,GHS,6725089.66,CP-GOG,SEC-TBILL,GL-1200,2022-05-20,0.2575,6725089.66,true
2022-02-18,SEC-TBILL-05,SECURITY_HOLDING,GHS,6338249.11,CP-GOG,SEC-TBILL,GL-1200,2023-02-17,0.2575,6338249.11,true
2022-02-18,SEC-BOND-06,SECURITY_HOLDING,GHS,6370120.42,CP-GOG,SEC-BOND,GL-1200,2027-02-17,0.2575,6370120.42,true
2022-02-18,SEC-BOND-07,SECURITY_HOLDING,GHS,5688694.59,CP-GOG,SEC-BOND,GL-1200,2025-02-17,0.2575,5688694.59,true
2022-02-18,SEC-BOND-08,SECURITY_HOLDING,GHS,5741732.22,CP-GOG,SEC-BOND,GL-1200,2024-02-18,0.2575,5741732.22,true
2022-02-18,SEC-BOND-09,SECURITY_HOLDING,GHS,5806559.75,CP-GOG,SEC-BOND,GL-1200,2025-02-17,0.2575,5806559.75,true
2022-02-25,SEC-TBILL-00,SECURITY_HOLDING,GHS,7448978.59,CP-GOG,SEC-TBILL,GL-1200,2022-08-26,0.2423,7448978.59,true
2022-02-25,SEC-TBILL-01,SECURITY_HOLDING,GHS,7448372.60,CP-GOG,SEC-TBILL,GL-1200,2022-05-27,0.2423,7448372.60,true
2022-02-25,SEC-TBILL-02,SECURITY_HOLDING,GHS,7323378.10,CP-GOG,SEC-TBILL,GL-1200,2022-08-26,0.2423,7323378.10,true
2022-02-25,SEC-TBILL-03,SECURITY_HOLDING,GHS,6965657.64,CP-GOG,SEC-TBILL,GL-1200,2022-08-26,0.2423,6965657.64,true
2022-02-25,SEC-TBILL-04,SECURITY_HOLDING,GHS,6146018.65,CP-GOG,SEC-TBILL,GL-1200,2023-02-24,0.2423,6146018.65,true
2022-02-25,SEC-TBILL-05,SECURITY_HOLDING,GHS,3381956.08,CP-GOG,SEC-TBILL,GL-1200,2022-05-27,0.2423,3381956.08,true
2022-02-25,SEC-BOND-06,SECURITY_HOLDING,GHS,3403731.08,CP-GOG,SEC-BOND,GL-1200,2024-02-25,0.2423,3403731.08,true
2022-02-25,SEC-BOND-07,SECURITY_HOLDING,GHS,7937703.31,CP-GOG,SEC-BOND,GL-1200,2024-02-25,0.2423,7937703.31,true
2022-02-25,SEC-BOND-08,SECURITY_HOLDING,GHS,7973939.49,CP-GOG,SEC-BOND,GL-1200,2027-02-24,0.2423,7973939.49,true
2022-02-25,SEC-BOND-09,SECURITY_HOLDING,GHS,8018230.72,CP-GOG,SEC-BOND,GL-1200,2024-02-25,0.2423,8018230.72,true
2022-02-28,SEC-TBILL-00,SECURITY_HOLDING,GHS,6732964.69,CP-GOG,SEC-TBILL,GL-1200,2023-02-27,0.2173,6732964.69,true
2022-02-28,SEC-TBILL-01,SECURITY_HOLDING,GHS,6732285.16,CP-GOG,SEC-TBILL,GL-1200,2023-02-27,0.2173,6732285.16,true
2022-02-28,SEC-TBILL-02,SECURITY_HOLDING,GHS,6592119.69,CP-GOG,SEC-TBILL,GL-1200,2023-02-27,0.2173,6592119.69,true
2022-02-28,SEC-TBILL-03,SECURITY_HOLDING,GHS,6190981.57,CP-GOG,SEC-TBILL,GL-1200,2023-02-27,0.2173,6190981.57,true
2022-02-28,SEC-TBILL-04,SECURITY_HOLDING,GHS,5271860.43,CP-GOG,SEC-TBILL,GL-1200,2023-02-27,0.2173,5271860.43,true
2022-02-28,SEC-TBILL-05,SECURITY_HOLDING,GHS,7778657.50,CP-GOG,SEC-TBILL,GL-1200,2023-02-27,0.2173,7778657.50,true
2022-02-28,SEC-BOND-06,SECURITY_HOLDING,GHS,7803075.39,CP-GOG,SEC-BOND,GL-1200,2027-02-27,0.2173,7803075.39,true
2022-02-28,SEC-BOND-07,SECURITY_HOLDING,GHS,7281007.47,CP-GOG,SEC-BOND,GL-1200,2027-02-27,0.2173,7281007.47,true
2022-02-28,SEC-BOND-08,SECURITY_HOLDING,GHS,7321641.74,CP-GOG,SEC-BOND,GL-1200,2027-02-27,0.2173,7321641.74,true
2022-02-28,SEC-BOND-09,SECURITY_HOLDING,GHS,7371308.74,CP-GOG,SEC-BOND,GL-1200,2027-02-27,0.2173,7371308.74,true
2022-03-04,SEC-TBILL-00,SECURITY_HOLDING,GHS,7478624.37,CP-GOG,SEC-TBILL,GL-1200,2022-09-02,0.2671,7478624.37,true
2022-03-04,SEC-TBILL-01,SECURITY_HOLDING,GHS,7477927.21,CP-GOG,SEC-TBILL,GL-1200,2022-06-03,0.2671,7477927.21,true
2022-03-04,SEC-TBILL-02,SECURITY_HOLDING,GHS,4458238.60,CP-GOG,SEC-TBILL,GL-1200,2022-09-02,0.2671,4458238.60,true
2022-03-04,SEC-TBILL-03,SECURITY_HOLDING,GHS,6922581.90,CP-GOG,SEC-TBILL,GL-1200,2023-03-03,0.2671,6922581.90,true
2022-03-04,SEC-TBILL-04,SECURITY_HOLDING,GHS,5979618.22,CP-GOG,SEC-TBILL,GL-1200,2022-06-03,0.2671,5979618.22,true
2022-03-04,SEC-TBILL-05,SECURITY_HOLDING,GHS,8551443.05,CP-GOG,SEC-TBILL,GL-1200,2022-06-03,0.2671,8551443.05,true
2022-03-04,SEC-BOND-06,SECURITY_HOLDING,GHS,5833640.77,CP-GOG,SEC-BOND,GL-1200,2025-03-03,0.2671,5833640.77,true
2022-03-04,SEC-BOND-07,SECURITY_HOLDING,GHS,8040883.69,CP-GOG,SEC-BOND,GL-1200,2027-03-03,0.2671,8040883.69,true
2022-03-04,SEC-BOND-08,SECURITY_HOLDING,GHS,8082572.05,CP-GOG,SEC-BOND,GL-1200,2027-03-03,0.2671,8082572.05,true
2022-03-04,SEC-BOND-09,SECURITY_HOLDING,GHS,8133527.43,CP-GOG,SEC-BOND,GL-1200,2024-03-03,0.2671,8133527.43,true
2022-03-11,SEC-TBILL-00,SECURITY_HOLDING,GHS,9984751.30,CP-GOG,SEC-TBILL,GL-1200,2023-03-10,0.2519,9984751.30,true
2022-03-11,SEC-TBILL-01,SECURITY_HOLDING,GHS,7027546.86,CP-GOG,SEC-TBILL,GL-1200,2022-09-09,0.2519,7027546.86,true
2022-03-11,SEC-TBILL-02,SECURITY_HOLDING,GHS,9828999.88,CP-GOG,SEC-TBILL,GL-1200,2022-06-10,0.2519,9828999.88,true
2022-03-11,SEC-TBILL-03,SECURITY_HOLDING,GHS,6285560.54,CP-GOG,SEC-TBILL,GL-1200,2022-09-09,0.2519,6285560.54,true
2022-03-11,SEC-TBILL-04,SECURITY_HOLDING,GHS,5269163.67,CP-GOG,SEC-TBILL,GL-1200,2022-09-09,0.2519,5269163.67,true
2022-03-11,SEC-TBILL-05,SECURITY_HOLDING,GHS,4941422.52,CP-GOG,SEC-TBILL,GL-1200,2022-06-10,0.2519,4941422.52,true
2022-03-11,SEC-BOND-06,SECURITY_HOLDING,GHS,8211664.80,CP-GOG,SEC-BOND,GL-1200,2025-03-10,0.2519,8211664.80,true
2022-03-11,SEC-BOND-07,SECURITY_HOLDING,GHS,4391103.41,CP-GOG,SEC-BOND,GL-1200,2024-03-10,0.2519,4391103.41,true
2022-03-11,SEC-BOND-08,SECURITY_HOLDING,GHS,4436038.24,CP-GOG,SEC-BOND,GL-1200,2025-03-10,0.2519,4436038.24,true
2022-03-11,SEC-BOND-09,SECURITY_HOLDING,GHS,7734201.87,CP-GOG,SEC-BOND,GL-1200,2025-03-10,0.2519,7734201.87,true
2022-03-18,SEC-TBILL-00,SECURITY_HOLDING,GHS,7821676.10,CP-GOG,SEC-TBILL,GL-1200,2022-06-17,0.2368,7821676.10,true
2022-03-18,SEC-TBILL-01,SECURITY_HOLDING,GHS,5195809.98,CP-GOG,SEC-TBILL,GL-1200,2023-03-17,0.2368,5195809.98,true
2022-03-18,SEC-TBILL-02,SECURITY_HOLDING,GHS,7683375.76,CP-GOG,SEC-TBILL,GL-1200,2023-03-17,0.2368,7683375.76,true
2022-03-18,SEC-TBILL-03,SECURITY_HOLDING,GHS,7289485.07,CP-GOG,SEC-TBILL,GL-1200,2022-06-17,0.2368,7289485.07,true
2022-03-18,SEC-TBILL-04,SECURITY_HOLDING,GHS,6386969.83,CP-GOG,SEC-TBILL,GL-1200,2022-09-16,0.2368,6386969.83,true
2022-03-18,SEC-TBILL-05,SECURITY_HOLDING,GHS,8848476.21,CP-GOG,SEC-TBILL,GL-1200,2023-03-17,0.2368,8848476.21,true
2022-03-18,SEC-BOND-06,SECURITY_HOLDING,GHS,6247254.09,CP-GOG,SEC-BOND,GL-1200,2027-03-17,0.2368,6247254.09,true
2022-03-18,SEC-BOND-07,SECURITY_HOLDING,GHS,5734618.44,CP-GOG,SEC-BOND,GL-1200,2024-03-17,0.2368,5734618.44,true
2022-03-18,SEC-BOND-08,SECURITY_HOLDING,GHS,8399717.43,CP-GOG,SEC-BOND,GL-1200,2027-03-17,0.2368,8399717.43,true
2022-03-18,SEC-BOND-09,SECURITY_HOLDING,GHS,5823288.23,CP-GOG,SEC-BOND,GL-1200,2027-03-17,0.2368,5823288.23,true
2022-03-25,SEC-TBILL-00,SECURITY_HOLDING,GHS,7882516.87,CP-GOG,SEC-TBILL,GL-1200,2022-06-24,0.2616,7882516.87,true
2022-03-25,SEC-TBILL-01,SECURITY_HOLDING,GHS,4828450.87,CP-GOG,SEC-TBILL,GL-1200,2022-09-23,0.2616,4828450.87,true
2022-03-25,SEC-TBILL-02,SECURITY_HOLDING,GHS,7721663.90,CP-GOG,SEC-TBILL,GL-1200,2023-03-24,0.2616,7721663.90,true
2022-03-25,SEC-TBILL-03,SECURITY_HOLDING,GHS,7263541.48,CP-GOG,SEC-TBILL,GL-1200,2023-03-24,0.2616,7263541.48,true
2022-03-25,SEC-TBILL-04,SECURITY_HOLDING,GHS,6213853.10,CP-GOG,SEC-TBILL,GL-1200,2022-06-24,0.2616,6213853.10,true
2022-03-25,SEC-TBILL-05,SECURITY_HOLDING,GHS,9076757.24,CP-GOG,SEC-TBILL,GL-1200,2023-03-24,0.2616,9076757.24,true
2022-03-25,SEC-BOND-06,SECURITY_HOLDING,GHS,6051353.92,CP-GOG,SEC-BOND,GL-1200,2024-03-24,0.2616,6051353.92,true
2022-03-25,SEC-BOND-07,SECURITY_HOLDING,GHS,5455122.80,CP-GOG,SEC-BOND,GL-1200,2024-03-24,0.2616,5455122.80,true
2022-03-25,SEC-BOND-08,SECURITY_HOLDING,GHS,8554819.39,CP-GOG,SEC-BOND,GL-1200,2025-03-24,0.2616,8554819.39,true
2022-03-25,SEC-BOND-09,SECURITY_HOLDING,GHS,5558251.97,CP-GOG,SEC-BOND,GL-1200,2024-03-24,0.2616,5558251.97,true
2022-03-31,SEC-TBILL-00,SECURITY_HOLDING,GHS,9329409.93,CP-GOG,SEC-TBILL,GL-1200,2022-09-29,0.2535,9329409.93,true
2022-03-31,SEC-TBILL-01,SECURITY_HOLDING,GHS,6599354.48,CP-GOG,SEC-TBILL,GL-1200,2023-03-30,0.2535,6599354.48,true
2022-03-31,SEC-TBILL-02,SECURITY_HOLDING,GHS,6456260.38,CP-GOG,SEC-TBILL,GL-1200,2023-03-30,0.2535,6456260.38,true
2022-03-31,SEC-TBILL-03,SECURITY_HOLDING,GHS,6046740.87,CP-GOG,SEC-TBILL,GL-1200,2022-06-30,0.2535,6046740.87,true
2022-03-31,SEC-TBILL-04,SECURITY_HOLDING,GHS,5108415.55,CP-GOG,SEC-TBILL,GL-1200,2022-09-29,0.2535,5108415.55,true
2022-03-31,SEC-TBILL-05,SECURITY_HOLDING,GHS,7667589.78,CP-GOG,SEC-TBILL,GL-1200,2022-09-29,0.2535,7667589.78,true
2022-03-31,SEC-BOND-06,SECURITY_HOLDING,GHS,7692517.87,CP-GOG,SEC-BOND,GL-1200,2024-03-30,0.2535,7692517.87,true
2022-03-31,SEC-BOND-07,SECURITY_HOLDING,GHS,7159541.82,CP-GOG,SEC-BOND,GL-1200,2024-03-30,0.2535,7159541.82,true
2022-03-31,SEC-BOND-08,SECURITY_HOLDING,GHS,7201025.12,CP-GOG,SEC-BOND,GL-1200,2024-03-30,0.2535,7201025.12,true
2022-03-31,SEC-BOND-09,SECURITY_HOLDING,GHS,7251729.86,CP-GOG,SEC-BOND,GL-1200,2024-03-30,0.2535,7251729.86,true
2022-04-01,SEC-TBILL-00,SECURITY_HOLDING,GHS,8589838.60,CP-GOG,SEC-TBILL,GL-1200,2022-09-30,0.2464,8589838.60,true
2022-04-01,SEC-TBILL-01,SECURITY_HOLDING,GHS,5931691.91,CP-GOG,SEC-TBILL,GL-1200,2023-03-31,0.2464,5931691.91,true
2022-04-01,SEC-TBILL-02,SECURITY_HOLDING,GHS,8449838.09,CP-GOG,SEC-TBILL,GL-1200,2022-09-30,0.2464,8449838.09,true
2022-04-01,SEC-TBILL-03,SECURITY_HOLDING,GHS,5264741.59,CP-GOG,SEC-TBILL,GL-1200,2023-03-31,0.2464,5264741.59,true
2022-04-01,SEC-TBILL-04,SECURITY_HOLDING,GHS,7266387.42,CP-GOG,SEC-TBILL,GL-1200,2023-03-31,0.2464,7266387.42,true
2022-04-01,SEC-TBILL-05,SECURITY_HOLDING,GHS,4056534.29,CP-GOG,SEC-TBILL,GL-1200,2023-03-31,0.2464,4056534.29,true
2022-04-01,SEC-BOND-06,SECURITY_HOLDING,GHS,6996061.74,CP-GOG,SEC-BOND,GL-1200,2027-03-31,0.2464,6996061.74,true
2022-04-01,SEC-BOND-07,SECURITY_HOLDING,GHS,6477124.11,CP-GOG,SEC-BOND,GL-1200,2027-03-31,0.2464,6477124.11,true
2022-04-01,SEC-BOND-08,SECURITY_HOLDING,GHS,9174985.96,CP-GOG,SEC-BOND,GL-1200,2025-03-31,0.2464,9174985.96,true
2022-04-01,SEC-BOND-09,SECURITY_HOLDING,GHS,6566883.94,CP-GOG,SEC-BOND,GL-1200,2027-03-31,0.2464,6566883.94,true
2022-04-08,SEC-TBILL-00,SECURITY_HOLDING,GHS,7403454.89,CP-GOG,SEC-TBILL,GL-1200,2022-07-08,0.2312,7403454.89,true
2022-04-08,SEC-TBILL-01,SECURITY_HOLDING,GHS,4790902.81,CP-GOG,SEC-TBILL,GL-1200,2022-10-07,0.2312,4790902.81,true
2022-04-08,SEC-TBILL-02,SECURITY_HOLDING,GHS,7265855.78,CP-GOG,SEC-TBILL,GL-1200,2022-07-08,0.2312,7265855.78,true
2022-04-08,SEC-TBILL-03,SECURITY_HOLDING,GHS,6873962.25,CP-GOG,SEC-TBILL,GL-1200,2023-04-07,0.2312,6873962.25,true
2022-04-08,SEC-TBILL-04,SECURITY_HOLDING,GHS,8841274.30,CP-GOG,SEC-TBILL,GL-1200,2022-07-08,0.2312,8841274.30,true
2022-04-08,SEC-TBILL-05,SECURITY_HOLDING,GHS,8425048.78,CP-GOG,SEC-TBILL,GL-1200,2023-04-07,0.2312,8425048.78,true
2022-04-08,SEC-BOND-06,SECURITY_HOLDING,GHS,5837015.73,CP-GOG,SEC-BOND,GL-1200,2024-04-07,0.2312,5837015.73,true
2022-04-08,SEC-BOND-07,SECURITY_HOLDING,GHS,5326979.32,CP-GOG,SEC-BOND,GL-1200,2024-04-07,0.2312,5326979.32,true
2022-04-08,SEC-BOND-08,SECURITY_HOLDING,GHS,7978565.36,CP-GOG,SEC-BOND,GL-1200,2024-04-07,0.2312,7978565.36,true
2022-04-08,SEC-BOND-09,SECURITY_HOLDING,GHS,5415199.52,CP-GOG,SEC-BOND,GL-1200,2024-04-07,0.2312,5415199.52,true
2022-04-15,SEC-TBILL-00,SECURITY_HOLDING,GHS,7801660.63,CP-GOG,SEC-TBILL,GL-1200,2022-10-14,0.2161,7801660.63,true
2022-04-15,SEC-TBILL-01,SECURITY_HOLDING,GHS,4599126.17,CP-GOG,SEC-TBILL,GL-1200,2023-04-14,0.2161,4599126.17,true
2022-04-15,SEC-TBILL-02,SECURITY_HOLDING,GHS,7632988.05,CP-GOG,SEC-TBILL,GL-1200,2023-04-14,0.2161,7632988.05,true
2022-04-15,SEC-TBILL-03,SECURITY_HOLDING,GHS,7152594.75,CP-GOG,SEC-TBILL,GL-1200,2022-10-14,0.2161,7152594.75,true
2022-04-15,SEC-TBILL-04,SECURITY_HOLDING,GHS,9564177.13,CP-GOG,SEC-TBILL,GL-1200,2022-10-14,0.2161,9564177.13,true
2022-04-15,SEC-TBILL-05,SECURITY_HOLDING,GHS,5852236.39,CP-GOG,SEC-TBILL,GL-1200,2022-10-14,0.2161,5852236.39,true
2022-04-15,SEC-BOND-06,SECURITY_HOLDING,GHS,5881478.67,CP-GOG,SEC-BOND,GL-1200,2024-04-14,0.2161,5881478.67,true
2022-04-15,SEC-BOND-07,SECURITY_HOLDING,GHS,5256262.74,CP-GOG,SEC-BOND,GL-1200,2024-04-14,0.2161,5256262.74,true
2022-04-15,SEC-BOND-08,SECURITY_HOLDING,GHS,8506646.03,CP-GOG,SEC-BOND,GL-1200,2024-04-14,0.2161,8506646.03,true
2022-04-15,SEC-BOND-09,SECURITY_HOLDING,GHS,5364405.36,CP-GOG,SEC-BOND,GL-1200,2027-04-14,0.2161,5364405.36,true
2022-04-22,SEC-TBILL-00,SECURITY_HOLDING,GHS,8005410.26,CP-GOG,SEC-TBILL,GL-1200,2022-07-22,0.2409,8005410.26,true
2022-04-22,SEC-TBILL-01,SECURITY_HOLDING,GHS,5411819.44,CP-GOG,SEC-TBILL,GL-1200,2022-07-22,0.2409,5411819.44,true
2022-04-22,SEC-TBILL-02,SECURITY_HOLDING,GHS,7868809.81,CP-GOG,SEC-TBILL,GL-1200,2022-10-21,0.2409,7868809.81,true
2022-04-22,SEC-TBILL-03,SECURITY_HOLDING,GHS,4761066.70,CP-GOG,SEC-TBILL,GL-1200,2022-07-22,0.2409,4761066.70,true
2022-04-22,SEC-TBILL-04,SECURITY_HOLDING,GHS,6714100.47,CP-GOG,SEC-TBILL,GL-1200,2022-10-21,0.2409,6714100.47,true
2022-04-22,SEC-TBILL-05,SECURITY_HOLDING,GHS,6426657.90,CP-GOG,SEC-TBILL,GL-1200,2022-07-22,0.2409,6426657.90,true
2022-04-22,SEC-BOND-06,SECURITY_HOLDING,GHS,6450339.93,CP-GOG,SEC-BOND,GL-1200,2024-04-21,0.2409,6450339.93,true
2022-04-22,SEC-BOND-07,SECURITY_HOLDING,GHS,8662699.09,CP-GOG,SEC-BOND,GL-1200,2024-04-21,0.2409,8662699.09,true
2022-04-22,SEC-BOND-08,SECURITY_HOLDING,GHS,8576346.72,CP-GOG,SEC-BOND,GL-1200,2024-04-21,0.2409,8576346.72,true
2022-04-22,SEC-BOND-09,SECURITY_HOLDING,GHS,6031585.17,CP-GOG,SEC-BOND,GL-1200,2027-04-21,0.2409,6031585.17,true
2022-04-29,SEC-TBILL-00,SECURITY_HOLDING,GHS,7752750.52,CP-GOG,SEC-TBILL,GL-1200,2023-04-28,0.2257,7752750.52,true
2022-04-29,SEC-TBILL-01,SECURITY_HOLDING,GHS,4869508.49,CP-GOG,SEC-TBILL,GL-1200,2023-04-28,0.2257,4869508.49,true
2022-04-29,SEC-TBILL-02,SECURITY_HOLDING,GHS,7600894.59,CP-GOG,SEC-TBILL,GL-1200,2022-10-28,0.2257,7600894.59,true
2022-04-29,SEC-TBILL-03,SECURITY_HOLDING,GHS,7168396.45,CP-GOG,SEC-TBILL,GL-1200,2023-04-28,0.2257,7168396.45,true
2022-04-29,SEC-TBILL-04,SECURITY_HOLDING,GHS,9339544.28,CP-GOG,SEC-TBILL,GL-1200,2022-07-29,0.2257,9339544.28,true
2022-04-29,SEC-TBILL-05,SECURITY_HOLDING,GHS,5997683.72,CP-GOG,SEC-TBILL,GL-1200,2022-10-28,0.2257,5997683.72,true
2022-04-29,SEC-BOND-06,SECURITY_HOLDING,GHS,6024010.54,CP-GOG,SEC-BOND,GL-1200,2024-04-28,0.2257,6024010.54,true
2022-04-29,SEC-BOND-07,SECURITY_HOLDING,GHS,5461128.59,CP-GOG,SEC-BOND,GL-1200,2027-04-28,0.2257,5461128.59,true
2022-04-29,SEC-BOND-08,SECURITY_HOLDING,GHS,8387448.94,CP-GOG,SEC-BOND,GL-1200,2024-04-28,0.2257,8387448.94,true
2022-04-29,SEC-BOND-09,SECURITY_HOLDING,GHS,5558489.41,CP-GOG,SEC-BOND,GL-1200,2024-04-28,0.2257,5558489.41,true
2022-04-30,SEC-TBILL-00,SECURITY_HOLDING,GHS,6281328.17,CP-GOG,SEC-TBILL,GL-1200,2022-07-30,0.2186,6281328.17,true
2022-04-30,SEC-TBILL-01,SECURITY_HOLDING,GHS,6280690.50,CP-GOG,SEC-TBILL,GL-1200,2023-04-29,0.2186,6280690.50,true
2022-04-30,SEC-TBILL-02,SECURITY_HOLDING,GHS,6149161.82,CP-GOG,SEC-TBILL,GL-1200,2022-07-30,0.2186,6149161.82,true
2022-04-30,SEC-TBILL-03,SECURITY_HOLDING,GHS,8403185.29,CP-GOG,SEC-TBILL,GL-1200,2022-07-30,0.2186,8403185.29,true
2022-04-30,SEC-TBILL-04,SECURITY_HOLDING,GHS,7540699.01,CP-GOG,SEC-TBILL,GL-1200,2022-10-29,0.2186,7540699.01,true
2022-04-30,SEC-TBILL-05,SECURITY_HOLDING,GHS,7262586.94,CP-GOG,SEC-TBILL,GL-1200,2022-10-29,0.2186,7262586.94,true
2022-04-30,SEC-BOND-06,SECURITY_HOLDING,GHS,7285500.24,CP-GOG,SEC-BOND,GL-1200,2025-04-29,0.2186,7285500.24,true
2022-04-30,SEC-BOND-07,SECURITY_HOLDING,GHS,6795601.36,CP-GOG,SEC-BOND,GL-1200,2025-04-29,0.2186,6795601.36,true
2022-04-30,SEC-BOND-08,SECURITY_HOLDING,GHS,6833731.82,CP-GOG,SEC-BOND,GL-1200,2024-04-29,0.2186,6833731.82,true
2022-04-30,SEC-BOND-09,SECURITY_HOLDING,GHS,6880338.40,CP-GOG,SEC-BOND,GL-1200,2025-04-29,0.2186,6880338.40,true
2022-05-06,SEC-TBILL-00,SECURITY_HOLDING,GHS,7089497.06,CP-GOG,SEC-TBILL,GL-1200,2022-11-04,0.2105,7089497.06,true
2022-05-06,SEC-TBILL-01,SECURITY_HOLDING,GHS,10482246.64,CP-GOG,SEC-TBILL,GL-1200,2023-05-05,0.2105,10482246.64,true
2022-05-06,SEC-TBILL-02,SECURITY_HOLDING,GHS,6926527.92,CP-GOG,SEC-TBILL,GL-1200,2022-11-04,0.2105,6926527.92,true
2022-05-06,SEC-TBILL-03,SECURITY_HOLDING,GHS,6462378.48,CP-GOG,SEC-TBILL,GL-1200,2022-08-05,0.2105,6462378.48,true
2022-05-06,SEC-TBILL-04,SECURITY_HOLDING,GHS,8792416.39,CP-GOG,SEC-TBILL,GL-1200,2023-05-05,0.2105,8792416.39,true
2022-05-06,SEC-TBILL-05,SECURITY_HOLDING,GHS,5205990.03,CP-GOG,SEC-TBILL,GL-1200,2022-11-04,0.2105,5205990.03,true
2022-05-06,SEC-BOND-06,SECURITY_HOLDING,GHS,5234243.52,CP-GOG,SEC-BOND,GL-1200,2027-05-05,0.2105,5234243.52,true
2022-05-06,SEC-BOND-07,SECURITY_HOLDING,GHS,4630168.45,CP-GOG,SEC-BOND,GL-1200,2024-05-05,0.2105,4630168.45,true
2022-05-06,SEC-BOND-08,SECURITY_HOLDING,GHS,7770644.31,CP-GOG,SEC-BOND,GL-1200,2027-05-05,0.2105,7770644.31,true
2022-05-06,SEC-BOND-09,SECURITY_HOLDING,GHS,4734654.37,CP-GOG,SEC-BOND,GL-1200,2024-05-05,0.2105,4734654.37,true
2022-05-13,SEC-TBILL-00,SECURITY_HOLDING,GHS,8012266.26,CP-GOG,SEC-TBILL,GL-1200,2022-08-12,0.2354,8012266.26,true
2022-05-13,SEC-TBILL-01,SECURITY_HOLDING,GHS,5288590.90,CP-GOG,SEC-TBILL,GL-1200,2022-08-12,0.2354,5288590.90,true
2022-05-13,SEC-TBILL-02,SECURITY_HOLDING,GHS,7868814.45,CP-GOG,SEC-TBILL,GL-1200,2023-05-12,0.2354,7868814.45,true
2022-05-13,SEC-TBILL-03,SECURITY_HOLDING,GHS,4605198.91,CP-GOG,SEC-TBILL,GL-1200,2023-05-12,0.2354,4605198.91,true
2022-05-13,SEC-TBILL-04,SECURITY_HOLDING,GHS,6656189.34,CP-GOG,SEC-TBILL,GL-1200,2022-11-11,0.2354,6656189.34,true
2022-05-13,SEC-TBILL-05,SECURITY_HOLDING,GHS,9209382.83,CP-GOG,SEC-TBILL,GL-1200,2023-05-12,0.2354,9209382.83,true
2022-05-13,SEC-BOND-06,SECURITY_HOLDING,GHS,6379199.58,CP-GOG,SEC-BOND,GL-1200,2024-05-12,0.2354,6379199.58,true
2022-05-13,SEC-BOND-07,SECURITY_HOLDING,GHS,8702522.17,CP-GOG,SEC-BOND,GL-1200,2025-05-12,0.2354,8702522.17,true
2022-05-13,SEC-BOND-08,SECURITY_HOLDING,GHS,5888855.44,CP-GOG,SEC-BOND,GL-1200,2024-05-12,0.2354,5888855.44,true
2022-05-13,SEC-BOND-09,SECURITY_HOLDING,GHS,5939441.69,CP-GOG,SEC-BOND,GL-1200,2027-05-12,0.2354,5939441.69,true
2022-05-20,SEC-TBILL-00,SECURITY_HOLDING,GHS,8147173.47,CP-GOG,SEC-TBILL,GL-1200,2022-08-19,0.2202,8147173.47,true
2022-05-20,SEC-TBILL-01,SECURITY_HOLDING,GHS,4944666.76,CP-GOG,SEC-TBILL,GL-1200,2022-11-18,0.2202,4944666.76,true
2022-05-20,SEC-TBILL-02,SECURITY_HOLDING,GHS,7978502.36,CP-GOG,SEC-TBILL,GL-1200,2022-08-19,0.2202,7978502.36,true
2022-05-20,SEC-TBILL-03,SECURITY_HOLDING,GHS,7498113.21,CP-GOG,SEC-TBILL,GL-1200,2022-11-18,0.2202,7498113.21,true
2022-05-20,SEC-TBILL-04,SECURITY_HOLDING,GHS,9909674.71,CP-GOG,SEC-TBILL,GL-1200,2023-05-19,0.2202,9909674.71,true
2022-05-20,SEC-TBILL-05,SECURITY_HOLDING,GHS,6197766.12,CP-GOG,SEC-TBILL,GL-1200,2022-08-19,0.2202,6197766.12,true
2022-05-20,SEC-BOND-06,SECURITY_HOLDING,GHS,6227008.14,CP-GOG,SEC-BOND,GL-1200,2027-05-19,0.2202,6227008.14,true
2022-05-20,SEC-BOND-07,SECURITY_HOLDING,GHS,5601797.63,CP-GOG,SEC-BOND,GL-1200,2025-05-19,0.2202,5601797.63,true
2022-05-20,SEC-BOND-08,SECURITY_HOLDING,GHS,5650459.84,CP-GOG,SEC-BOND,GL-1200,2027-05-19,0.2202,5650459.84,true
2022-05-20,SEC-BOND-09,SECURITY_HOLDING,GHS,5709939.32,CP-GOG,SEC-BOND,GL-1200,2027-05-19,0.2202,5709939.32,true
2022-05-27,SEC-TBILL-00,SECURITY_HOLDING,GHS,5201641.95,CP-GOG,SEC-TBILL,GL-1200,2022-11-25,0.2050,5201641.95,true
2022-05-27,SEC-TBILL-01,SECURITY_HOLDING,GHS,7858998.69,CP-GOG,SEC-TBILL,GL-1200,2022-11-25,0.2050,7858998.69,true
2022-05-27,SEC-TBILL-02,SECURITY_HOLDING,GHS,7731969.65,CP-GOG,SEC-TBILL,GL-1200,2023-05-26,0.2050,7731969.65,true
2022-05-27,SEC-TBILL-03,SECURITY_HOLDING,GHS,7368426.57,CP-GOG,SEC-TBILL,GL-1200,2022-11-25,0.2050,7368426.57,true
2022-05-27,SEC-TBILL-04,SECURITY_HOLDING,GHS,6535446.30,CP-GOG,SEC-TBILL,GL-1200,2022-08-26,0.2050,6535446.30,true
2022-05-27,SEC-TBILL-05,SECURITY_HOLDING,GHS,3726393.05,CP-GOG,SEC-TBILL,GL-1200,2023-05-26,0.2050,3726393.05,true
2022-05-27,SEC-BOND-06,SECURITY_HOLDING,GHS,3748522.47,CP-GOG,SEC-BOND,GL-1200,2024-05-26,0.2050,3748522.47,true
2022-05-27,SEC-BOND-07,SECURITY_HOLDING,GHS,8356294.24,CP-GOG,SEC-BOND,GL-1200,2025-05-26,0.2050,8356294.24,true
2022-05-27,SEC-BOND-08,SECURITY_HOLDING,GHS,8393120.24,CP-GOG,SEC-BOND,GL-1200,2027-05-26,0.2050,8393120.24,true
2022-05-27,SEC-BOND-09,SECURITY_HOLDING,GHS,8438132.40,CP-GOG,SEC-BOND,GL-1200,2027-05-26,0.2050,8438132.40,true
2022-05-31,SEC-TBILL-00,SECURITY_HOLDING,GHS,9480353.38,CP-GOG,SEC-TBILL,GL-1200,2022-11-29,0.2548,9480353.38,true
2022-05-31,SEC-TBILL-01,SECURITY_HOLDING,GHS,9479655.34,CP-GOG,SEC-TBILL,GL-1200,2022-11-29,0.2548,9479655.34,true
2022-05-31,SEC-TBILL-02,SECURITY_HOLDING,GHS,9335671.88,CP-GOG,SEC-TBILL,GL-1200,2023-05-30,0.2548,9335671.88,true
2022-05-31,SEC-TBILL-03,SECURITY_HOLDING,GHS,8923607.14,CP-GOG,SEC-TBILL,GL-1200,2023-05-30,0.2548,8923607.14,true
2022-05-31,SEC-TBILL-04,SECURITY_HOLDING,GHS,7979449.97,CP-GOG,SEC-TBILL,GL-1200,2022-08-30,0.2548,7979449.97,true
2022-05-31,SEC-TBILL-05,SECURITY_HOLDING,GHS,4795475.70,CP-GOG,SEC-TBILL,GL-1200,2022-11-29,0.2548,4795475.70,true
2022-05-31,SEC-BOND-06,SECURITY_HOLDING,GHS,4820558.71,CP-GOG,SEC-BOND,GL-1200,2027-05-30,0.2548,4820558.71,true
2022-05-31,SEC-BOND-07,SECURITY_HOLDING,GHS,4284270.14,CP-GOG,SEC-BOND,GL-1200,2025-05-30,0.2548,4284270.14,true
2022-05-31,SEC-BOND-08,SECURITY_HOLDING,GHS,4326011.26,CP-GOG,SEC-BOND,GL-1200,2025-05-30,0.2548,4326011.26,true
2022-05-31,SEC-BOND-09,SECURITY_HOLDING,GHS,4377031.13,CP-GOG,SEC-BOND,GL-1200,2025-05-30,0.2548,4377031.13,true
2022-06-03,SEC-TBILL-00,SECURITY_HOLDING,GHS,7879466.85,CP-GOG,SEC-TBILL,GL-1200,2023-06-02,0.2298,7879466.85,true
2022-06-03,SEC-TBILL-01,SECURITY_HOLDING,GHS,8015360.85,CP-GOG,SEC-TBILL,GL-1200,2022-09-02,0.2298,8015360.85,true
2022-06-03,SEC-TBILL-02,SECURITY_HOLDING,GHS,4914494.28,CP-GOG,SEC-TBILL,GL-1200,2022-12-02,0.2298,4914494.28,true
2022-06-03,SEC-TBILL-03,SECURITY_HOLDING,GHS,7445086.25,CP-GOG,SEC-TBILL,GL-1200,2023-06-02,0.2298,7445086.25,true
2022-06-03,SEC-TBILL-04,SECURITY_HOLDING,GHS,6476772.98,CP-GOG,SEC-TBILL,GL-1200,2022-09-02,0.2298,6476772.98,true
2022-06-03,SEC-TBILL-05,SECURITY_HOLDING,GHS,9117735.89,CP-GOG,SEC-TBILL,GL-1200,2022-12-02,0.2298,9117735.89,true
2022-06-03,SEC-BOND-06,SECURITY_HOLDING,GHS,6190261.34,CP-GOG,SEC-BOND,GL-1200,2027-06-02,0.2298,6190261.34,true
2022-06-03,SEC-BOND-07,SECURITY_HOLDING,GHS,8593451.22,CP-GOG,SEC-BOND,GL-1200,2024-06-02,0.2298,8593451.22,true
2022-06-03,SEC-BOND-08,SECURITY_HOLDING,GHS,5683060.96,CP-GOG,SEC-BOND,GL-1200,2025-06-02,0.2298,5683060.96,true
2022-06-03,SEC-BOND-09,SECURITY_HOLDING,GHS,5735386.18,CP-GOG,SEC-BOND,GL-1200,2025-06-02,0.2298,5735386.18,true
2022-06-10,SEC-TBILL-00,SECURITY_HOLDING,GHS,7580974.18,CP-GOG,SEC-TBILL,GL-1200,2023-06-09,0.2146,7580974.18,true
2022-06-10,SEC-TBILL-01,SECURITY_HOLDING,GHS,4421046.53,CP-GOG,SEC-TBILL,GL-1200,2023-06-09,0.2146,4421046.53,true
2022-06-10,SEC-TBILL-02,SECURITY_HOLDING,GHS,10880117.34,CP-GOG,SEC-TBILL,GL-1200,2022-12-09,0.2146,10880117.34,true
2022-06-10,SEC-TBILL-03,SECURITY_HOLDING,GHS,10406115.23,CP-GOG,SEC-TBILL,GL-1200,2022-09-09,0.2146,10406115.23,true
2022-06-10,SEC-TBILL-04,SECURITY_HOLDING,GHS,9320042.01,CP-GOG,SEC-TBILL,GL-1200,2023-06-09,0.2146,9320042.01,true
2022-06-10,SEC-TBILL-05,SECURITY_HOLDING,GHS,5657485.25,CP-GOG,SEC-TBILL,GL-1200,2023-06-09,0.2146,5657485.25,true
2022-06-10,SEC-BOND-06,SECURITY_HOLDING,GHS,5686338.49,CP-GOG,SEC-BOND,GL-1200,2025-06-09,0.2146,5686338.49,true
2022-06-10,SEC-BOND-07,SECURITY_HOLDING,GHS,5069440.49,CP-GOG,SEC-BOND,GL-1200,2027-06-09,0.2146,5069440.49,true
2022-06-10,SEC-BOND-08,SECURITY_HOLDING,GHS,5117455.71,CP-GOG,SEC-BOND,GL-1200,2027-06-09,0.2146,5117455.71,true
2022-06-10,SEC-BOND-09,SECURITY_HOLDING,GHS,5176144.38,CP-GOG,SEC-BOND,GL-1200,2027-06-09,0.2146,5176144.38,true
2022-06-17,SEC-TBILL-00,SECURITY_HOLDING,GHS,4817630.66,CP-GOG,SEC-TBILL,GL-1200,2022-09-16,0.2795,4817630.66,true
2022-06-17,SEC-TBILL-01,SECURITY_HOLDING,GHS,7456998.72,CP-GOG,SEC-TBILL,GL-1200,2023-06-16,0.2795,7456998.72,true
2022-06-17,SEC-TBILL-02,SECURITY_HOLDING,GHS,7330829.60,CP-GOG,SEC-TBILL,GL-1200,2023-06-16,0.2795,7330829.60,true
2022-06-17,SEC-TBILL-03,SECURITY_HOLDING,GHS,6969747.48,CP-GOG,SEC-TBILL,GL-1200,2022-12-16,0.2795,6969747.48,true
2022-06-17,SEC-TBILL-04,SECURITY_HOLDING,GHS,6142405.97,CP-GOG,SEC-TBILL,GL-1200,2022-09-16,0.2795,6142405.97,true
2022-06-17,SEC-TBILL-05,SECURITY_HOLDING,GHS,8398884.64,CP-GOG,SEC-TBILL,GL-1200,2023-06-16,0.2795,8398884.64,true
2022-06-17,SEC-BOND-06,SECURITY_HOLDING,GHS,3374347.92,CP-GOG,SEC-BOND,GL-1200,2027-06-16,0.2795,3374347.92,true
2022-06-17,SEC-BOND-07,SECURITY_HOLDING,GHS,7950927.89,CP-GOG,SEC-BOND,GL-1200,2025-06-16,0.2795,7950927.89,true
2022-06-17,SEC-BOND-08,SECURITY_HOLDING,GHS,7987504.60,CP-GOG,SEC-BOND,GL-1200,2027-06-16,0.2795,7987504.60,true
2022-06-17,SEC-BOND-09,SECURITY_HOLDING,GHS,8032212.05,CP-GOG,SEC-BOND,GL-1200,2027-06-16,0.2795,8032212.05,true
2022-06-24,SEC-TBILL-00,SECURITY_HOLDING,GHS,4907225.41,CP-GOG,SEC-TBILL,GL-1200,2022-12-23,0.2243,4907225.41,true
2022-06-24,SEC-TBILL-01,SECURITY_HOLDING,GHS,8019922.38,CP-GOG,SEC-TBILL,GL-1200,2022-09-23,0.2243,8019922.38,true
2022-06-24,SEC-TBILL-02,SECURITY_HOLDING,GHS,4750790.40,CP-GOG,SEC-TBILL,GL-1200,2022-12-23,0.2243,4750790.40,true
2022-06-24,SEC-TBILL-03,SECURITY_HOLDING,GHS,7418702.40,CP-GOG,SEC-TBILL,GL-1200,2022-12-23,0.2243,7418702.40,true
2022-06-24,SEC-TBILL-04,SECURITY_HOLDING,GHS,6397844.58,CP-GOG,SEC-TBILL,GL-1200,2023-06-23,0.2243,6397844.58,true
2022-06-24,SEC-TBILL-05,SECURITY_HOLDING,GHS,9182116.71,CP-GOG,SEC-TBILL,GL-1200,2022-09-23,0.2243,9182116.71,true
2022-06-24,SEC-BOND-06,SECURITY_HOLDING,GHS,6095785.68,CP-GOG,SEC-BOND,GL-1200,2024-06-23,0.2243,6095785.68,true
2022-06-24,SEC-BOND-07,SECURITY_HOLDING,GHS,8629382.25,CP-GOG,SEC-BOND,GL-1200,2024-06-23,0.2243,8629382.25,true
2022-06-24,SEC-BOND-08,SECURITY_HOLDING,GHS,8674514.30,CP-GOG,SEC-BOND,GL-1200,2027-06-23,0.2243,8674514.30,true
2022-06-24,SEC-BOND-09,SECURITY_HOLDING,GHS,5616227.17,CP-GOG,SEC-BOND,GL-1200,2027-06-23,0.2243,5616227.17,true
2022-06-30,SEC-TBILL-00,SECURITY_HOLDING,GHS,4165601.55,CP-GOG,SEC-TBILL,GL-1200,2022-12-29,0.2581,4165601.55,true
2022-06-30,SEC-TBILL-01,SECURITY_HOLDING,GHS,7336936.83,CP-GOG,SEC-TBILL,GL-1200,2022-12-29,0.2581,7336936.83,true
2022-06-30,SEC-TBILL-02,SECURITY_HOLDING,GHS,10076914.60,CP-GOG,SEC-TBILL,GL-1200,2022-12-29,0.2581,10076914.60,true
2022-06-30,SEC-TBILL-03,SECURITY_HOLDING,GHS,9643056.03,CP-GOG,SEC-TBILL,GL-1200,2022-12-29,0.2581,9643056.03,true
2022-06-30,SEC-TBILL-04,SECURITY_HOLDING,GHS,5757386.62,CP-GOG,SEC-TBILL,GL-1200,2022-09-29,0.2581,5757386.62,true
2022-06-30,SEC-TBILL-05,SECURITY_HOLDING,GHS,5296590.53,CP-GOG,SEC-TBILL,GL-1200,2022-12-29,0.2581,5296590.53,true
2022-06-30,SEC-BOND-06,SECURITY_HOLDING,GHS,8495070.41,CP-GOG,SEC-BOND,GL-1200,2024-06-29,0.2581,8495070.41,true
2022-06-30,SEC-BOND-07,SECURITY_HOLDING,GHS,7930417.90,CP-GOG,SEC-BOND,GL-1200,2024-06-29,0.2581,7930417.90,true
2022-06-30,SEC-BOND-08,SECURITY_HOLDING,GHS,4802296.44,CP-GOG,SEC-BOND,GL-1200,2024-06-29,0.2581,4802296.44,true
2022-06-30,SEC-BOND-09,SECURITY_HOLDING,GHS,8028084.96,CP-GOG,SEC-BOND,GL-1200,2027-06-29,0.2581,8028084.96,true
2022-07-01,SEC-TBILL-00,SECURITY_HOLDING,GHS,9572439.08,CP-GOG,SEC-TBILL,GL-1200,2022-12-30,0.2091,9572439.08,true
2022-07-01,SEC-TBILL-01,SECURITY_HOLDING,GHS,9571713.18,CP-GOG,SEC-TBILL,GL-1200,2023-06-30,0.2091,9571713.18,true
2022-07-01,SEC-TBILL-02,SECURITY_HOLDING,GHS,9421983.23,CP-GOG,SEC-TBILL,GL-1200,2023-06-30,0.2091,9421983.23,true
2022-07-01,SEC-TBILL-03,SECURITY_HOLDING,GHS,8993472.63,CP-GOG,SEC-TBILL,GL-1200,2022-12-30,0.2091,8993472.63,true
2022-07-01,SEC-TBILL-04,SECURITY_HOLDING,GHS,8011633.36,CP-GOG,SEC-TBILL,GL-1200,2022-12-30,0.2091,8011633.36,true
2022-07-01,SEC-TBILL-05,SECURITY_HOLDING,GHS,4700583.99,CP-GOG,SEC-TBILL,GL-1200,2022-12-30,0.2091,4700583.99,true
2022-07-01,SEC-BOND-06,SECURITY_HOLDING,GHS,4726668.09,CP-GOG,SEC-BOND,GL-1200,2027-06-30,0.2091,4726668.09,true
2022-07-01,SEC-BOND-07,SECURITY_HOLDING,GHS,4168975.79,CP-GOG,SEC-BOND,GL-1200,2025-06-30,0.2091,4168975.79,true
2022-07-01,SEC-BOND-08,SECURITY_HOLDING,GHS,4212382.83,CP-GOG,SEC-BOND,GL-1200,2025-06-30,0.2091,4212382.83,true
2022-07-01,SEC-BOND-09,SECURITY_HOLDING,GHS,4265438.95,CP-GOG,SEC-BOND,GL-1200,2024-06-30,0.2091,4265438.95,true
2022-07-08,SEC-TBILL-00,SECURITY_HOLDING,GHS,6576213.13,CP-GOG,SEC-TBILL,GL-1200,2023-01-06,0.2358,6576213.13,true
2022-07-08,SEC-TBILL-01,SECURITY_HOLDING,GHS,6575647.28,CP-GOG,SEC-TBILL,GL-1200,2022-10-07,0.2358,6575647.28,true
2022-07-08,SEC-TBILL-02,SECURITY_HOLDING,GHS,6458930.84,CP-GOG,SEC-TBILL,GL-1200,2023-01-06,0.2358,6458930.84,true
2022-07-08,SEC-TBILL-03,SECURITY_HOLDING,GHS,6124901.29,CP-GOG,SEC-TBILL,GL-1200,2022-10-07,0.2358,6124901.29,true
2022-07-08,SEC-TBILL-04,SECURITY_HOLDING,GHS,5359544.89,CP-GOG,SEC-TBILL,GL-1200,2023-01-06,0.2358,5359544.89,true
2022-07-08,SEC-TBILL-05,SECURITY_HOLDING,GHS,7446966.33,CP-GOG,SEC-TBILL,GL-1200,2023-01-06,0.2358,7446966.33,true
2022-07-08,SEC-BOND-06,SECURITY_HOLDING,GHS,7467299.22,CP-GOG,SEC-BOND,GL-1200,2027-07-07,0.2358,7467299.22,true
2022-07-08,SEC-BOND-07,SECURITY_HOLDING,GHS,7032570.86,CP-GOG,SEC-BOND,GL-1200,2025-07-07,0.2358,7032570.86,true
2022-07-08,SEC-BOND-08,SECURITY_HOLDING,GHS,7066407.21,CP-GOG,SEC-BOND,GL-1200,2027-07-07,0.2358,7066407.21,true
2022-07-08,SEC-BOND-09,SECURITY_HOLDING,GHS,7107765.15,CP-GOG,SEC-BOND,GL-1200,2024-07-07,0.2358,7107765.15,true
2022-07-15,SEC-TBILL-00,SECURITY_HOLDING,GHS,4698968.89,CP-GOG,SEC-TBILL,GL-1200,2022-10-14,0.2606,4698968.89,true
2022-07-15,SEC-TBILL-01,SECURITY_HOLDING,GHS,7966108.58,CP-GOG,SEC-TBILL,GL-1200,2023-07-14,0.2606,7966108.58,true
2022-07-15,SEC-TBILL-02,SECURITY_HOLDING,GHS,4534772.04,CP-GOG,SEC-TBILL,GL-1200,2023-07-14,0.2606,4534772.04,true
2022-07-15,SEC-TBILL-03,SECURITY_HOLDING,GHS,7335057.86,CP-GOG,SEC-TBILL,GL-1200,2023-07-14,0.2606,7335057.86,true
2022-07-15,SEC-TBILL-04,SECURITY_HOLDING,GHS,6263548.13,CP-GOG,SEC-TBILL,GL-1200,2023-01-13,0.2606,6263548.13,true
2022-07-15,SEC-TBILL-05,SECURITY_HOLDING,GHS,9185967.51,CP-GOG,SEC-TBILL,GL-1200,2023-01-13,0.2606,9185967.51,true
2022-07-15,SEC-BOND-06,SECURITY_HOLDING,GHS,5946501.96,CP-GOG,SEC-BOND,GL-1200,2027-07-14,0.2606,5946501.96,true
2022-07-15,SEC-BOND-07,SECURITY_HOLDING,GHS,8605808.03,CP-GOG,SEC-BOND,GL-1200,2024-07-14,0.2606,8605808.03,true
2022-07-15,SEC-BOND-08,SECURITY_HOLDING,GHS,8653179.39,CP-GOG,SEC-BOND,GL-1200,2024-07-14,0.2606,8653179.39,true
2022-07-15,SEC-BOND-09,SECURITY_HOLDING,GHS,5443149.20,CP-GOG,SEC-BOND,GL-1200,2027-07-14,0.2606,5443149.20,true
2022-07-22,SEC-TBILL-00,SECURITY_HOLDING,GHS,7626106.06,CP-GOG,SEC-TBILL,GL-1200,2023-01-20,0.2454,7626106.06,true
2022-07-22,SEC-TBILL-01,SECURITY_HOLDING,GHS,7625501.61,CP-GOG,SEC-TBILL,GL-1200,2023-07-21,0.2454,7625501.61,true
2022-07-22,SEC-TBILL-02,SECURITY_HOLDING,GHS,7500824.44,CP-GOG,SEC-TBILL,GL-1200,2022-10-21,0.2454,7500824.44,true
2022-07-22,SEC-TBILL-03,SECURITY_HOLDING,GHS,7144012.13,CP-GOG,SEC-TBILL,GL-1200,2023-01-20,0.2454,7144012.13,true
2022-07-22,SEC-TBILL-04,SECURITY_HOLDING,GHS,6326453.98,CP-GOG,SEC-TBILL,GL-1200,2023-07-21,0.2454,6326453.98,true
2022-07-22,SEC-TBILL-05,SECURITY_HOLDING,GHS,3569408.61,CP-GOG,SEC-TBILL,GL-1200,2023-07-21,0.2454,3569408.61,true
2022-07-22,SEC-BOND-06,SECURITY_HOLDING,GHS,3591128.32,CP-GOG,SEC-BOND,GL-1200,2024-07-21,0.2454,3591128.32,true
2022-07-22,SEC-BOND-07,SECURITY_HOLDING,GHS,8113590.04,CP-GOG,SEC-BOND,GL-1200,2025-07-21,0.2454,8113590.04,true
2022-07-22,SEC-BOND-08,SECURITY_HOLDING,GHS,8149734.23,CP-GOG,SEC-BOND,GL-1200,2024-07-21,0.2454,8149734.23,true
2022-07-22,SEC-BOND-09,SECURITY_HOLDING,GHS,8193913.01,CP-GOG,SEC-BOND,GL-1200,2027-07-21,0.2454,8193913.01,true
2022-07-29,SEC-TBILL-00,SECURITY_HOLDING,GHS,6960521.74,CP-GOG,SEC-TBILL,GL-1200,2023-01-27,0.2303,6960521.74,true
2022-07-29,SEC-TBILL-01,SECURITY_HOLDING,GHS,6959891.91,CP-GOG,SEC-TBILL,GL-1200,2023-07-28,0.2303,6959891.91,true
2022-07-29,SEC-TBILL-02,SECURITY_HOLDING,GHS,6829980.46,CP-GOG,SEC-TBILL,GL-1200,2023-07-28,0.2303,6829980.46,true
2022-07-29,SEC-TBILL-03,SECURITY_HOLDING,GHS,6458188.21,CP-GOG,SEC-TBILL,GL-1200,2023-07-28,0.2303,6458188.21,true
2022-07-29,SEC-TBILL-04,SECURITY_HOLDING,GHS,5606306.77,CP-GOG,SEC-TBILL,GL-1200,2022-10-28,0.2303,5606306.77,true
2022-07-29,SEC-TBILL-05,SECURITY_HOLDING,GHS,7929715.29,CP-GOG,SEC-TBILL,GL-1200,2022-10-28,0.2303,7929715.29,true
2022-07-29,SEC-BOND-06,SECURITY_HOLDING,GHS,7952346.86,CP-GOG,SEC-BOND,GL-1200,2027-07-28,0.2303,7952346.86,true
2022-07-29,SEC-BOND-07,SECURITY_HOLDING,GHS,7468471.61,CP-GOG,SEC-BOND,GL-1200,2025-07-28,0.2303,7468471.61,true
2022-07-29,SEC-BOND-08,SECURITY_HOLDING,GHS,7506133.22,CP-GOG,SEC-BOND,GL-1200,2027-07-28,0.2303,7506133.22,true
2022-07-29,SEC-BOND-09,SECURITY_HOLDING,GHS,7552166.75,CP-GOG,SEC-BOND,GL-1200,2025-07-28,0.2303,7552166.75,true
2022-07-31,SEC-TBILL-00,SECURITY_HOLDING,GHS,9793175.11,CP-GOG,SEC-TBILL,GL-1200,2023-07-30,0.2542,9793175.11,true
2022-07-31,SEC-TBILL-01,SECURITY_HOLDING,GHS,6943412.12,CP-GOG,SEC-TBILL,GL-1200,2022-10-30,0.2542,6943412.12,true
2022-07-31,SEC-TBILL-02,SECURITY_HOLDING,GHS,9643082.47,CP-GOG,SEC-TBILL,GL-1200,2022-10-30,0.2542,9643082.47,true
2022-07-31,SEC-TBILL-03,SECURITY_HOLDING,GHS,6228383.73,CP-GOG,SEC-TBILL,GL-1200,2022-10-30,0.2542,6228383.73,true
2022-07-31,SEC-TBILL-04,SECURITY_HOLDING,GHS,5248914.69,CP-GOG,SEC-TBILL,GL-1200,2023-07-30,0.2542,5248914.69,true
2022-07-31,SEC-TBILL-05,SECURITY_HOLDING,GHS,4933081.07,CP-GOG,SEC-TBILL,GL-1200,2022-10-30,0.2542,4933081.07,true
2022-07-31,SEC-BOND-06,SECURITY_HOLDING,GHS,8084508.57,CP-GOG,SEC-BOND,GL-1200,2027-07-30,0.2542,8084508.57,true
2022-07-31,SEC-BOND-07,SECURITY_HOLDING,GHS,7528162.57,CP-GOG,SEC-BOND,GL-1200,2025-07-30,0.2542,7528162.57,true
2022-07-31,SEC-BOND-08,SECURITY_HOLDING,GHS,4446058.46,CP-GOG,SEC-BOND,GL-1200,2025-07-30,0.2542,4446058.46,true
2022-07-31,SEC-BOND-09,SECURITY_HOLDING,GHS,7624392.87,CP-GOG,SEC-BOND,GL-1200,2027-07-30,0.2542,7624392.87,true
2022-08-05,SEC-TBILL-00,SECURITY_HOLDING,GHS,6947753.10,CP-GOG,SEC-TBILL,GL-1200,2023-08-04,0.2551,6947753.10,true
2022-08-05,SEC-TBILL-01,SECURITY_HOLDING,GHS,6947020.72,CP-GOG,SEC-TBILL,GL-1200,2022-11-04,0.2551,6947020.72,true
2022-08-05,SEC-TBILL-02,SECURITY_HOLDING,GHS,9817150.13,CP-GOG,SEC-TBILL,GL-1200,2023-08-04,0.2551,9817150.13,true
2022-08-05,SEC-TBILL-03,SECURITY_HOLDING,GHS,6363615.55,CP-GOG,SEC-TBILL,GL-1200,2022-11-04,0.2551,6363615.55,true
2022-08-05,SEC-TBILL-04,SECURITY_HOLDING,GHS,5373006.88,CP-GOG,SEC-TBILL,GL-1200,2023-08-04,0.2551,5373006.88,true
2022-08-05,SEC-TBILL-05,SECURITY_HOLDING,GHS,8074777.94,CP-GOG,SEC-TBILL,GL-1200,2022-11-04,0.2551,8074777.94,true
2022-08-05,SEC-BOND-06,SECURITY_HOLDING,GHS,5079898.31,CP-GOG,SEC-BOND,GL-1200,2025-08-04,0.2551,5079898.31,true
2022-08-05,SEC-BOND-07,SECURITY_HOLDING,GHS,7538421.62,CP-GOG,SEC-BOND,GL-1200,2025-08-04,0.2551,7538421.62,true
2022-08-05,SEC-BOND-08,SECURITY_HOLDING,GHS,7582216.35,CP-GOG,SEC-BOND,GL-1200,2024-08-04,0.2551,7582216.35,true
2022-08-05,SEC-BOND-09,SECURITY_HOLDING,GHS,4614549.65,CP-GOG,SEC-BOND,GL-1200,2025-08-04,0.2551,4614549.65,true
2022-08-12,SEC-TBILL-00,SECURITY_HOLDING,GHS,7597247.46,CP-GOG,SEC-TBILL,GL-1200,2023-02-10,0.2399,7597247.46,true
2022-08-12,SEC-TBILL-01,SECURITY_HOLDING,GHS,5115393.60,CP-GOG,SEC-TBILL,GL-1200,2023-02-10,0.2399,5115393.60,true
2022-08-12,SEC-TBILL-02,SECURITY_HOLDING,GHS,7466532.03,CP-GOG,SEC-TBILL,GL-1200,2022-11-11,0.2399,7466532.03,true
2022-08-12,SEC-TBILL-03,SECURITY_HOLDING,GHS,4492676.55,CP-GOG,SEC-TBILL,GL-1200,2023-02-10,0.2399,4492676.55,true
2022-08-12,SEC-TBILL-04,SECURITY_HOLDING,GHS,6241225.81,CP-GOG,SEC-TBILL,GL-1200,2022-11-11,0.2399,6241225.81,true
2022-08-12,SEC-TBILL-05,SECURITY_HOLDING,GHS,8567734.04,CP-GOG,SEC-TBILL,GL-1200,2023-08-11,0.2399,8567734.04,true
2022-08-12,SEC-BOND-06,SECURITY_HOLDING,GHS,6109172.60,CP-GOG,SEC-BOND,GL-1200,2025-08-11,0.2399,6109172.60,true
2022-08-12,SEC-BOND-07,SECURITY_HOLDING,GHS,8105875.00,CP-GOG,SEC-BOND,GL-1200,2024-08-11,0.2399,8105875.00,true
2022-08-12,SEC-BOND-08,SECURITY_HOLDING,GHS,8143586.86,CP-GOG,SEC-BOND,GL-1200,2027-08-11,0.2399,8143586.86,true
2022-08-12,SEC-BOND-09,SECURITY_HOLDING,GHS,5708458.60,CP-GOG,SEC-BOND,GL-1200,2027-08-11,0.2399,5708458.60,true
2022-08-19,SEC-TBILL-00,SECURITY_HOLDING,GHS,7587171.82,CP-GOG,SEC-TBILL,GL-1200,2023-02-17,0.2247,7587171.82,true
2022-08-19,SEC-TBILL-01,SECURITY_HOLDING,GHS,4738498.80,CP-GOG,SEC-TBILL,GL-1200,2022-11-18,0.2247,4738498.80,true
2022-08-19,SEC-TBILL-02,SECURITY_HOLDING,GHS,7437136.58,CP-GOG,SEC-TBILL,GL-1200,2023-02-17,0.2247,7437136.58,true
2022-08-19,SEC-TBILL-03,SECURITY_HOLDING,GHS,7009823.94,CP-GOG,SEC-TBILL,GL-1200,2023-08-18,0.2247,7009823.94,true
2022-08-19,SEC-TBILL-04,SECURITY_HOLDING,GHS,6030729.54,CP-GOG,SEC-TBILL,GL-1200,2023-08-18,0.2247,6030729.54,true
2022-08-19,SEC-TBILL-05,SECURITY_HOLDING,GHS,8701096.76,CP-GOG,SEC-TBILL,GL-1200,2023-02-17,0.2247,8701096.76,true
2022-08-19,SEC-BOND-06,SECURITY_HOLDING,GHS,5879158.80,CP-GOG,SEC-BOND,GL-1200,2024-08-18,0.2247,5879158.80,true
2022-08-19,SEC-BOND-07,SECURITY_HOLDING,GHS,8170974.74,CP-GOG,SEC-BOND,GL-1200,2024-08-18,0.2247,8170974.74,true
2022-08-19,SEC-BOND-08,SECURITY_HOLDING,GHS,8214260.43,CP-GOG,SEC-BOND,GL-1200,2024-08-18,0.2247,8214260.43,true
2022-08-19,SEC-BOND-09,SECURITY_HOLDING,GHS,5419219.09,CP-GOG,SEC-BOND,GL-1200,2024-08-18,0.2247,5419219.09,true
2022-08-26,SEC-TBILL-00,SECURITY_HOLDING,GHS,6538151.07,CP-GOG,SEC-TBILL,GL-1200,2023-02-24,0.2496,6538151.07,true
2022-08-26,SEC-TBILL-01,SECURITY_HOLDING,GHS,9702256.42,CP-GOG,SEC-TBILL,GL-1200,2022-11-25,0.2496,9702256.42,true
2022-08-26,SEC-TBILL-02,SECURITY_HOLDING,GHS,9411076.21,CP-GOG,SEC-TBILL,GL-1200,2023-08-25,0.2496,9411076.21,true
2022-08-26,SEC-TBILL-03,SECURITY_HOLDING,GHS,5953295.28,CP-GOG,SEC-TBILL,GL-1200,2023-08-25,0.2496,5953295.28,true
2022-08-26,SEC-TBILL-04,SECURITY_HOLDING,GHS,4961468.59,CP-GOG,SEC-TBILL,GL-1200,2023-08-25,0.2496,4961468.59,true
2022-08-26,SEC-TBILL-05,SECURITY_HOLDING,GHS,7666561.65,CP-GOG,SEC-TBILL,GL-1200,2022-11-25,0.2496,7666561.65,true
2022-08-26,SEC-BOND-06,SECURITY_HOLDING,GHS,7832838.27,CP-GOG,SEC-BOND,GL-1200,2025-08-25,0.2496,7832838.27,true
2022-08-26,SEC-BOND-07,SECURITY_HOLDING,GHS,4244561.57,CP-GOG,SEC-BOND,GL-1200,2024-08-25,0.2496,4244561.57,true
2022-08-26,SEC-BOND-08,SECURITY_HOLDING,GHS,7173394.44,CP-GOG,SEC-BOND,GL-1200,2025-08-25,0.2496,7173394.44,true
2022-08-26,SEC-BOND-09,SECURITY_HOLDING,GHS,7366917.44,CP-GOG,SEC-BOND,GL-1200,2024-08-25,0.2496,7366917.44,true
2022-08-31,SEC-TBILL-00,SECURITY_HOLDING,GHS,7217948.12,CP-GOG,SEC-TBILL,GL-1200,2023-03-01,0.2104,7217948.12,true
2022-08-31,SEC-TBILL-01,SECURITY_HOLDING,GHS,7217146.49,CP-GOG,SEC-TBILL,GL-1200,2022-11-30,0.2104,7217146.49,true
2022-08-31,SEC-TBILL-02,SECURITY_HOLDING,GHS,7051797.65,CP-GOG,SEC-TBILL,GL-1200,2022-11-30,0.2104,7051797.65,true
2022-08-31,SEC-TBILL-03,SECURITY_HOLDING,GHS,6578587.53,CP-GOG,SEC-TBILL,GL-1200,2022-11-30,0.2104,6578587.53,true
2022-08-31,SEC-TBILL-04,SECURITY_HOLDING,GHS,5494328.96,CP-GOG,SEC-TBILL,GL-1200,2023-08-30,0.2104,5494328.96,true
2022-08-31,SEC-TBILL-05,SECURITY_HOLDING,GHS,8451519.32,CP-GOG,SEC-TBILL,GL-1200,2023-08-30,0.2104,8451519.32,true
2022-08-31,SEC-BOND-06,SECURITY_HOLDING,GHS,5326478.07,CP-GOG,SEC-BOND,GL-1200,2027-08-30,0.2104,5326478.07,true
2022-08-31,SEC-BOND-07,SECURITY_HOLDING,GHS,7864457.09,CP-GOG,SEC-BOND,GL-1200,2027-08-30,0.2104,7864457.09,true
2022-08-31,SEC-BOND-08,SECURITY_HOLDING,GHS,7912392.09,CP-GOG,SEC-BOND,GL-1200,2027-08-30,0.2104,7912392.09,true
2022-08-31,SEC-BOND-09,SECURITY_HOLDING,GHS,7970982.69,CP-GOG,SEC-BOND,GL-1200,2024-08-30,0.2104,7970982.69,true
2022-09-02,SEC-TBILL-00,SECURITY_HOLDING,GHS,8079480.42,CP-GOG,SEC-TBILL,GL-1200,2022-12-02,0.2344,8079480.42,true
2022-09-02,SEC-TBILL-01,SECURITY_HOLDING,GHS,5308945.22,CP-GOG,SEC-TBILL,GL-1200,2023-03-03,0.2344,5308945.22,true
2022-09-02,SEC-TBILL-02,SECURITY_HOLDING,GHS,7933560.58,CP-GOG,SEC-TBILL,GL-1200,2023-03-03,0.2344,7933560.58,true
2022-09-02,SEC-TBILL-03,SECURITY_HOLDING,GHS,4613795.71,CP-GOG,SEC-TBILL,GL-1200,2023-03-03,0.2344,4613795.71,true
2022-09-02,SEC-TBILL-04,SECURITY_HOLDING,GHS,9604245.91,CP-GOG,SEC-TBILL,GL-1200,2022-12-02,0.2344,9604245.91,true
2022-09-02,SEC-TBILL-05,SECURITY_HOLDING,GHS,9162850.90,CP-GOG,SEC-TBILL,GL-1200,2023-09-01,0.2344,9162850.90,true
2022-09-02,SEC-BOND-06,SECURITY_HOLDING,GHS,6418317.43,CP-GOG,SEC-BOND,GL-1200,2024-09-01,0.2344,6418317.43,true
2022-09-02,SEC-BOND-07,SECURITY_HOLDING,GHS,5877438.71,CP-GOG,SEC-BOND,GL-1200,2027-09-01,0.2344,5877438.71,true
2022-09-02,SEC-BOND-08,SECURITY_HOLDING,GHS,8689368.27,CP-GOG,SEC-BOND,GL-1200,2025-09-01,0.2344,8689368.27,true
2022-09-02,SEC-BOND-09,SECURITY_HOLDING,GHS,5970993.65,CP-GOG,SEC-BOND,GL-1200,2027-09-01,0.2344,5970993.65,true
2022-09-09,SEC-TBILL-00,SECURITY_HOLDING,GHS,7778912.25,CP-GOG,SEC-TBILL,GL-1200,2022-12-09,0.2192,7778912.25,true
2022-09-09,SEC-TBILL-01,SECURITY_HOLDING,GHS,4690208.91,CP-GOG,SEC-TBILL,GL-1200,2023-09-08,0.2192,4690208.91,true
2022-09-09,SEC-TBILL-02,SECURITY_HOLDING,GHS,7616234.98,CP-GOG,SEC-TBILL,GL-1200,2023-03-10,0.2192,7616234.98,true
2022-09-09,SEC-TBILL-03,SECURITY_HOLDING,GHS,7152916.81,CP-GOG,SEC-TBILL,GL-1200,2022-12-09,0.2192,7152916.81,true
2022-09-09,SEC-TBILL-04,SECURITY_HOLDING,GHS,9478781.74,CP-GOG,SEC-TBILL,GL-1200,2022-12-09,0.2192,9478781.74,true
2022-09-09,SEC-TBILL-05,SECURITY_HOLDING,GHS,8986696.95,CP-GOG,SEC-TBILL,GL-1200,2022-12-09,0.2192,8986696.95,true
2022-09-09,SEC-BOND-06,SECURITY_HOLDING,GHS,5926981.38,CP-GOG,SEC-BOND,GL-1200,2027-09-08,0.2192,5926981.38,true
2022-09-09,SEC-BOND-07,SECURITY_HOLDING,GHS,5323988.17,CP-GOG,SEC-BOND,GL-1200,2024-09-08,0.2192,5323988.17,true
2022-09-09,SEC-BOND-08,SECURITY_HOLDING,GHS,8458839.60,CP-GOG,SEC-BOND,GL-1200,2024-09-08,0.2192,8458839.60,true
2022-09-09,SEC-BOND-09,SECURITY_HOLDING,GHS,5428286.96,CP-GOG,SEC-BOND,GL-1200,2024-09-08,0.2192,5428286.96,true
2022-09-16,SEC-TBILL-00,SECURITY_HOLDING,GHS,6054974.44,CP-GOG,SEC-TBILL,GL-1200,2023-09-15,0.2440,6054974.44,true
2022-09-16,SEC-TBILL-01,SECURITY_HOLDING,GHS,9185457.65,CP-GOG,SEC-TBILL,GL-1200,2022-12-16,0.2440,9185457.65,true
2022-09-16,SEC-TBILL-02,SECURITY_HOLDING,GHS,8897371.55,CP-GOG,SEC-TBILL,GL-1200,2023-03-17,0.2440,8897371.55,true
2022-09-16,SEC-TBILL-03,SECURITY_HOLDING,GHS,5476333.40,CP-GOG,SEC-TBILL,GL-1200,2023-09-15,0.2440,5476333.40,true
2022-09-16,SEC-TBILL-04,SECURITY_HOLDING,GHS,7626254.68,CP-GOG,SEC-TBILL,GL-1200,2023-03-17,0.2440,7626254.68,true
2022-09-16,SEC-TBILL-05,SECURITY_HOLDING,GHS,7171394.40,CP-GOG,SEC-TBILL,GL-1200,2022-12-16,0.2440,7171394.40,true
2022-09-16,SEC-BOND-06,SECURITY_HOLDING,GHS,4343135.74,CP-GOG,SEC-BOND,GL-1200,2025-09-15,0.2440,4343135.74,true
2022-09-16,SEC-BOND-07,SECURITY_HOLDING,GHS,9771293.70,CP-GOG,SEC-BOND,GL-1200,2024-09-15,0.2440,9771293.70,true
2022-09-16,SEC-BOND-08,SECURITY_HOLDING,GHS,6683467.64,CP-GOG,SEC-BOND,GL-1200,2027-09-15,0.2440,6683467.64,true
2022-09-16,SEC-BOND-09,SECURITY_HOLDING,GHS,6874934.24,CP-GOG,SEC-BOND,GL-1200,2025-09-15,0.2440,6874934.24,true
2022-09-23,SEC-TBILL-00,SECURITY_HOLDING,GHS,8828344.87,CP-GOG,SEC-TBILL,GL-1200,2023-03-24,0.2288,8828344.87,true
2022-09-23,SEC-TBILL-01,SECURITY_HOLDING,GHS,5642729.07,CP-GOG,SEC-TBILL,GL-1200,2022-12-23,0.2288,5642729.07,true
2022-09-23,SEC-TBILL-02,SECURITY_HOLDING,GHS,8660563.37,CP-GOG,SEC-TBILL,GL-1200,2022-12-23,0.2288,8660563.37,true
2022-09-23,SEC-TBILL-03,SECURITY_HOLDING,GHS,4843432.51,CP-GOG,SEC-TBILL,GL-1200,2023-09-22,0.2288,4843432.51,true
2022-09-23,SEC-TBILL-04,SECURITY_HOLDING,GHS,7242274.76,CP-GOG,SEC-TBILL,GL-1200,2022-12-23,0.2288,7242274.76,true
2022-09-23,SEC-TBILL-05,SECURITY_HOLDING,GHS,6889219.23,CP-GOG,SEC-TBILL,GL-1200,2023-09-22,0.2288,6889219.23,true
2022-09-23,SEC-BOND-06,SECURITY_HOLDING,GHS,6918307.03,CP-GOG,SEC-BOND,GL-1200,2025-09-22,0.2288,6918307.03,true
2022-09-23,SEC-BOND-07,SECURITY_HOLDING,GHS,6296394.05,CP-GOG,SEC-BOND,GL-1200,2024-09-22,0.2288,6296394.05,true
2022-09-23,SEC-BOND-08,SECURITY_HOLDING,GHS,9529605.91,CP-GOG,SEC-BOND,GL-1200,2025-09-22,0.2288,9529605.91,true
2022-09-23,SEC-BOND-09,SECURITY_HOLDING,GHS,6403965.37,CP-GOG,SEC-BOND,GL-1200,2025-09-22,0.2288,6403965.37,true
2022-09-30,SEC-TBILL-00,SECURITY_HOLDING,GHS,7462090.90,CP-GOG,SEC-TBILL,GL-1200,2023-09-29,0.2137,7462090.90,true
2022-09-30,SEC-TBILL-01,SECURITY_HOLDING,GHS,10909157.08,CP-GOG,SEC-TBILL,GL-1200,2022-12-30,0.2137,10909157.08,true
2022-09-30,SEC-TBILL-02,SECURITY_HOLDING,GHS,7296512.69,CP-GOG,SEC-TBILL,GL-1200,2022-12-30,0.2137,7296512.69,true
2022-09-30,SEC-TBILL-03,SECURITY_HOLDING,GHS,6824932.40,CP-GOG,SEC-TBILL,GL-1200,2022-12-30,0.2137,6824932.40,true
2022-09-30,SEC-TBILL-04,SECURITY_HOLDING,GHS,9192273.30,CP-GOG,SEC-TBILL,GL-1200,2022-12-30,0.2137,9192273.30,true
2022-09-30,SEC-TBILL-05,SECURITY_HOLDING,GHS,5548429.66,CP-GOG,SEC-TBILL,GL-1200,2023-03-31,0.2137,5548429.66,true
2022-09-30,SEC-BOND-06,SECURITY_HOLDING,GHS,5577135.48,CP-GOG,SEC-BOND,GL-1200,2027-09-29,0.2137,5577135.48,true
2022-09-30,SEC-BOND-07,SECURITY_HOLDING,GHS,4963389.40,CP-GOG,SEC-BOND,GL-1200,2024-09-29,0.2137,4963389.40,true
2022-09-30,SEC-BOND-08,SECURITY_HOLDING,GHS,8154143.05,CP-GOG,SEC-BOND,GL-1200,2024-09-29,0.2137,8154143.05,true
2022-09-30,SEC-BOND-09,SECURITY_HOLDING,GHS,5069548.10,CP-GOG,SEC-BOND,GL-1200,2025-09-29,0.2137,5069548.10,true
2022-10-07,SEC-TBILL-00,SECURITY_HOLDING,GHS,5004281.24,CP-GOG,SEC-TBILL,GL-1200,2023-04-07,0.2385,5004281.24,true
2022-10-07,SEC-TBILL-01,SECURITY_HOLDING,GHS,7781281.84,CP-GOG,SEC-TBILL,GL-1200,2023-04-07,0.2385,7781281.84,true
2022-10-07,SEC-TBILL-02,SECURITY_HOLDING,GHS,7525725.36,CP-GOG,SEC-TBILL,GL-1200,2023-01-06,0.2385,7525725.36,true
2022-10-07,SEC-TBILL-03,SECURITY_HOLDING,GHS,4490978.20,CP-GOG,SEC-TBILL,GL-1200,2023-10-06,0.2385,4490978.20,true
2022-10-07,SEC-TBILL-04,SECURITY_HOLDING,GHS,6398138.31,CP-GOG,SEC-TBILL,GL-1200,2023-01-06,0.2385,6398138.31,true
2022-10-07,SEC-TBILL-05,SECURITY_HOLDING,GHS,8772283.36,CP-GOG,SEC-TBILL,GL-1200,2023-04-07,0.2385,8772283.36,true
2022-10-07,SEC-BOND-06,SECURITY_HOLDING,GHS,8795409.14,CP-GOG,SEC-BOND,GL-1200,2024-10-06,0.2385,8795409.14,true
2022-10-07,SEC-BOND-07,SECURITY_HOLDING,GHS,8300967.45,CP-GOG,SEC-BOND,GL-1200,2027-10-06,0.2385,8300967.45,true
2022-10-07,SEC-BOND-08,SECURITY_HOLDING,GHS,5561807.30,CP-GOG,SEC-BOND,GL-1200,2027-10-06,0.2385,5561807.30,true
2022-10-07,SEC-BOND-09,SECURITY_HOLDING,GHS,8386490.25,CP-GOG,SEC-BOND,GL-1200,2027-10-06,0.2385,8386490.25,true
2022-10-14,SEC-TBILL-00,SECURITY_HOLDING,GHS,8391537.76,CP-GOG,SEC-TBILL,GL-1200,2023-04-14,0.2233,8391537.76,true
2022-10-14,SEC-TBILL-01,SECURITY_HOLDING,GHS,5196481.96,CP-GOG,SEC-TBILL,GL-1200,2023-04-14,0.2233,5196481.96,true
2022-10-14,SEC-TBILL-02,SECURITY_HOLDING,GHS,8223259.08,CP-GOG,SEC-TBILL,GL-1200,2023-10-13,0.2233,8223259.08,true
2022-10-14,SEC-TBILL-03,SECURITY_HOLDING,GHS,11093158.37,CP-GOG,SEC-TBILL,GL-1200,2023-04-14,0.2233,11093158.37,true
2022-10-14,SEC-TBILL-04,SECURITY_HOLDING,GHS,6800767.62,CP-GOG,SEC-TBILL,GL-1200,2023-01-13,0.2233,6800767.62,true
2022-10-14,SEC-TBILL-05,SECURITY_HOLDING,GHS,6446665.88,CP-GOG,SEC-TBILL,GL-1200,2023-04-14,0.2233,6446665.88,true
2022-10-14,SEC-BOND-06,SECURITY_HOLDING,GHS,6475839.87,CP-GOG,SEC-BOND,GL-1200,2025-10-13,0.2233,6475839.87,true
2022-10-14,SEC-BOND-07,SECURITY_HOLDING,GHS,5852083.97,CP-GOG,SEC-BOND,GL-1200,2025-10-13,0.2233,5852083.97,true
2022-10-14,SEC-BOND-08,SECURITY_HOLDING,GHS,5900632.96,CP-GOG,SEC-BOND,GL-1200,2024-10-13,0.2233,5900632.96,true
2022-10-14,SEC-BOND-09,SECURITY_HOLDING,GHS,5959974.05,CP-GOG,SEC-BOND,GL-1200,2027-10-13,0.2233,5959974.05,true
2022-10-21,SEC-TBILL-00,SECURITY_HOLDING,GHS,7702226.34,CP-GOG,SEC-TBILL,GL-1200,2023-04-21,0.2081,7702226.34,true
2022-10-21,SEC-TBILL-01,SECURITY_HOLDING,GHS,11491548.60,CP-GOG,SEC-TBILL,GL-1200,2023-04-21,0.2081,11491548.60,true
2022-10-21,SEC-TBILL-02,SECURITY_HOLDING,GHS,7520208.02,CP-GOG,SEC-TBILL,GL-1200,2023-10-20,0.2081,7520208.02,true
2022-10-21,SEC-TBILL-03,SECURITY_HOLDING,GHS,7001804.96,CP-GOG,SEC-TBILL,GL-1200,2023-04-21,0.2081,7001804.96,true
2022-10-21,SEC-TBILL-04,SECURITY_HOLDING,GHS,9604196.99,CP-GOG,SEC-TBILL,GL-1200,2023-04-21,0.2081,9604196.99,true
2022-10-21,SEC-TBILL-05,SECURITY_HOLDING,GHS,5598559.42,CP-GOG,SEC-TBILL,GL-1200,2023-10-20,0.2081,5598559.42,true
2022-10-21,SEC-BOND-06,SECURITY_HOLDING,GHS,5630115.41,CP-GOG,SEC-BOND,GL-1200,2027-10-20,0.2081,5630115.41,true
2022-10-21,SEC-BOND-07,SECURITY_HOLDING,GHS,4955431.04,CP-GOG,SEC-BOND,GL-1200,2024-10-20,0.2081,4955431.04,true
2022-10-21,SEC-BOND-08,SECURITY_HOLDING,GHS,5007943.96,CP-GOG,SEC-BOND,GL-1200,2027-10-20,0.2081,5007943.96,true
2022-10-21,SEC-BOND-09,SECURITY_HOLDING,GHS,5072130.14,CP-GOG,SEC-BOND,GL-1200,2025-10-20,0.2081,5072130.14,true
2022-10-28,SEC-TBILL-00,SECURITY_HOLDING,GHS,4368930.08,CP-GOG,SEC-TBILL,GL-1200,2023-01-27,0.2330,4368930.08,true
2022-10-28,SEC-TBILL-01,SECURITY_HOLDING,GHS,6985223.78,CP-GOG,SEC-TBILL,GL-1200,2023-04-28,0.2330,6985223.78,true
2022-10-28,SEC-TBILL-02,SECURITY_HOLDING,GHS,6744456.53,CP-GOG,SEC-TBILL,GL-1200,2023-01-27,0.2330,6744456.53,true
2022-10-28,SEC-TBILL-03,SECURITY_HOLDING,GHS,6502232.27,CP-GOG,SEC-TBILL,GL-1200,2023-01-27,0.2330,6502232.27,true
2022-10-28,SEC-TBILL-04,SECURITY_HOLDING,GHS,5682123.70,CP-GOG,SEC-TBILL,GL-1200,2023-01-27,0.2330,5682123.70,true
2022-10-28,SEC-TBILL-05,SECURITY_HOLDING,GHS,7918875.37,CP-GOG,SEC-TBILL,GL-1200,2023-10-27,0.2330,7918875.37,true
2022-10-28,SEC-BOND-06,SECURITY_HOLDING,GHS,7940662.84,CP-GOG,SEC-BOND,GL-1200,2024-10-27,0.2330,7940662.84,true
2022-10-28,SEC-BOND-07,SECURITY_HOLDING,GHS,7474834.83,CP-GOG,SEC-BOND,GL-1200,2025-10-27,0.2330,7474834.83,true
2022-10-28,SEC-BOND-08,SECURITY_HOLDING,GHS,7511091.77,CP-GOG,SEC-BOND,GL-1200,2024-10-27,0.2330,7511091.77,true
2022-10-28,SEC-BOND-09,SECURITY_HOLDING,GHS,7555408.37,CP-GOG,SEC-BOND,GL-1200,2024-10-27,0.2330,7555408.37,true
2022-10-31,SEC-TBILL-00,SECURITY_HOLDING,GHS,7010794.38,CP-GOG,SEC-TBILL,GL-1200,2023-05-01,0.2098,7010794.38,true
2022-10-31,SEC-TBILL-01,SECURITY_HOLDING,GHS,10392151.53,CP-GOG,SEC-TBILL,GL-1200,2023-01-30,0.2098,10392151.53,true
2022-10-31,SEC-TBILL-02,SECURITY_HOLDING,GHS,6848372.48,CP-GOG,SEC-TBILL,GL-1200,2023-05-01,0.2098,6848372.48,true
2022-10-31,SEC-TBILL-03,SECURITY_HOLDING,GHS,9618387.61,CP-GOG,SEC-TBILL,GL-1200,2023-10-30,0.2098,9618387.61,true
2022-10-31,SEC-TBILL-04,SECURITY_HOLDING,GHS,5475389.51,CP-GOG,SEC-TBILL,GL-1200,2023-01-30,0.2098,5475389.51,true
2022-10-31,SEC-TBILL-05,SECURITY_HOLDING,GHS,8216683.18,CP-GOG,SEC-TBILL,GL-1200,2023-05-01,0.2098,8216683.18,true
2022-10-31,SEC-BOND-06,SECURITY_HOLDING,GHS,5161770.57,CP-GOG,SEC-BOND,GL-1200,2024-10-30,0.2098,5161770.57,true
2022-10-31,SEC-BOND-07,SECURITY_HOLDING,GHS,4559723.90,CP-GOG,SEC-BOND,GL-1200,2024-10-30,0.2098,4559723.90,true
2022-10-31,SEC-BOND-08,SECURITY_HOLDING,GHS,7689654.43,CP-GOG,SEC-BOND,GL-1200,2025-10-30,0.2098,7689654.43,true
2022-10-31,SEC-BOND-09,SECURITY_HOLDING,GHS,4663858.97,CP-GOG,SEC-BOND,GL-1200,2024-10-30,0.2098,4663858.97,true
2022-11-04,SEC-TBILL-00,SECURITY_HOLDING,GHS,9375594.96,CP-GOG,SEC-TBILL,GL-1200,2023-05-05,0.2178,9375594.96,true
2022-11-04,SEC-TBILL-01,SECURITY_HOLDING,GHS,5597416.66,CP-GOG,SEC-TBILL,GL-1200,2023-05-05,0.2178,5597416.66,true
2022-11-04,SEC-TBILL-02,SECURITY_HOLDING,GHS,5399385.87,CP-GOG,SEC-TBILL,GL-1200,2023-05-05,0.2178,5399385.87,true
2022-11-04,SEC-TBILL-03,SECURITY_HOLDING,GHS,8793064.08,CP-GOG,SEC-TBILL,GL-1200,2023-05-05,0.2178,8793064.08,true
2022-11-04,SEC-TBILL-04,SECURITY_HOLDING,GHS,7494496.91,CP-GOG,SEC-TBILL,GL-1200,2023-05-05,0.2178,7494496.91,true
2022-11-04,SEC-TBILL-05,SECURITY_HOLDING,GHS,7075768.84,CP-GOG,SEC-TBILL,GL-1200,2023-05-05,0.2178,7075768.84,true
2022-11-04,SEC-BOND-06,SECURITY_HOLDING,GHS,7110267.32,CP-GOG,SEC-BOND,GL-1200,2025-11-03,0.2178,7110267.32,true
2022-11-04,SEC-BOND-07,SECURITY_HOLDING,GHS,6372671.12,CP-GOG,SEC-BOND,GL-1200,2024-11-03,0.2178,6372671.12,true
2022-11-04,SEC-BOND-08,SECURITY_HOLDING,GHS,6430080.68,CP-GOG,SEC-BOND,GL-1200,2025-11-03,0.2178,6430080.68,true
2022-11-04,SEC-BOND-09,SECURITY_HOLDING,GHS,6500251.98,CP-GOG,SEC-BOND,GL-1200,2024-11-03,0.2178,6500251.98,true
2022-11-11,SEC-TBILL-00,SECURITY_HOLDING,GHS,5346567.49,CP-GOG,SEC-TBILL,GL-1200,2023-11-10,0.2026,5346567.49,true
2022-11-11,SEC-TBILL-01,SECURITY_HOLDING,GHS,8159868.41,CP-GOG,SEC-TBILL,GL-1200,2023-02-10,0.2026,8159868.41,true
2022-11-11,SEC-TBILL-02,SECURITY_HOLDING,GHS,8025384.81,CP-GOG,SEC-TBILL,GL-1200,2023-11-10,0.2026,8025384.81,true
2022-11-11,SEC-TBILL-03,SECURITY_HOLDING,GHS,7640507.59,CP-GOG,SEC-TBILL,GL-1200,2023-11-10,0.2026,7640507.59,true
2022-11-11,SEC-TBILL-04,SECURITY_HOLDING,GHS,6758644.75,CP-GOG,SEC-TBILL,GL-1200,2023-02-10,0.2026,6758644.75,true
2022-11-11,SEC-TBILL-05,SECURITY_HOLDING,GHS,3784745.16,CP-GOG,SEC-TBILL,GL-1200,2023-05-12,0.2026,3784745.16,true
2022-11-11,SEC-BOND-06,SECURITY_HOLDING,GHS,3808173.23,CP-GOG,SEC-BOND,GL-1200,2024-11-10,0.2026,3808173.23,true
2022-11-11,SEC-BOND-07,SECURITY_HOLDING,GHS,8686347.23,CP-GOG,SEC-BOND,GL-1200,2025-11-10,0.2026,8686347.23,true
2022-11-11,SEC-BOND-08,SECURITY_HOLDING,GHS,8725334.32,CP-GOG,SEC-BOND,GL-1200,2027-11-10,0.2026,8725334.32,true
2022-11-11,SEC-BOND-09,SECURITY_HOLDING,GHS,8772987.97,CP-GOG,SEC-BOND,GL-1200,2024-11-10,0.2026,8772987.97,true
2022-11-18,SEC-TBILL-00,SECURITY_HOLDING,GHS,4516351.35,CP-GOG,SEC-TBILL,GL-1200,2023-05-19,0.2274,4516351.35,true
2022-11-18,SEC-TBILL-01,SECURITY_HOLDING,GHS,7453356.74,CP-GOG,SEC-TBILL,GL-1200,2023-11-17,0.2274,7453356.74,true
2022-11-18,SEC-TBILL-02,SECURITY_HOLDING,GHS,7312959.72,CP-GOG,SEC-TBILL,GL-1200,2023-05-19,0.2274,7312959.72,true
2022-11-18,SEC-TBILL-03,SECURITY_HOLDING,GHS,6911158.95,CP-GOG,SEC-TBILL,GL-1200,2023-02-17,0.2274,6911158.95,true
2022-11-18,SEC-TBILL-04,SECURITY_HOLDING,GHS,5990519.46,CP-GOG,SEC-TBILL,GL-1200,2023-05-19,0.2274,5990519.46,true
2022-11-18,SEC-TBILL-05,SECURITY_HOLDING,GHS,8501457.64,CP-GOG,SEC-TBILL,GL-1200,2023-05-19,0.2274,8501457.64,true
2022-11-18,SEC-BOND-06,SECURITY_HOLDING,GHS,8525915.87,CP-GOG,SEC-BOND,GL-1200,2027-11-17,0.2274,8525915.87,true
2022-11-18,SEC-BOND-07,SECURITY_HOLDING,GHS,8002985.51,CP-GOG,SEC-BOND,GL-1200,2024-11-17,0.2274,8002985.51,true
2022-11-18,SEC-BOND-08,SECURITY_HOLDING,GHS,8043686.92,CP-GOG,SEC-BOND,GL-1200,2025-11-17,0.2274,8043686.92,true
2022-11-18,SEC-BOND-09,SECURITY_HOLDING,GHS,8093435.96,CP-GOG,SEC-BOND,GL-1200,2024-11-17,0.2274,8093435.96,true
2022-11-25,SEC-TBILL-00,SECURITY_HOLDING,GHS,10887117.34,CP-GOG,SEC-TBILL,GL-1200,2023-11-24,0.2123,10887117.34,true
2022-11-25,SEC-TBILL-01,SECURITY_HOLDING,GHS,10886311.56,CP-GOG,SEC-TBILL,GL-1200,2023-02-24,0.2123,10886311.56,true
2022-11-25,SEC-TBILL-02,SECURITY_HOLDING,GHS,10720105.48,CP-GOG,SEC-TBILL,GL-1200,2023-05-26,0.2123,10720105.48,true
2022-11-25,SEC-TBILL-03,SECURITY_HOLDING,GHS,6920484.28,CP-GOG,SEC-TBILL,GL-1200,2023-11-24,0.2123,6920484.28,true
2022-11-25,SEC-TBILL-04,SECURITY_HOLDING,GHS,5830604.45,CP-GOG,SEC-TBILL,GL-1200,2023-11-24,0.2123,5830604.45,true
2022-11-25,SEC-TBILL-05,SECURITY_HOLDING,GHS,5479168.43,CP-GOG,SEC-TBILL,GL-1200,2023-02-24,0.2123,5479168.43,true
2022-11-25,SEC-BOND-06,SECURITY_HOLDING,GHS,5508122.79,CP-GOG,SEC-BOND,GL-1200,2027-11-24,0.2123,5508122.79,true
2022-11-25,SEC-BOND-07,SECURITY_HOLDING,GHS,4889062.61,CP-GOG,SEC-BOND,GL-1200,2024-11-24,0.2123,4889062.61,true
2022-11-25,SEC-BOND-08,SECURITY_HOLDING,GHS,4937246.12,CP-GOG,SEC-BOND,GL-1200,2027-11-24,0.2123,4937246.12,true
2022-11-25,SEC-BOND-09,SECURITY_HOLDING,GHS,4996140.48,CP-GOG,SEC-BOND,GL-1200,2027-11-24,0.2123,4996140.48,true
2022-11-30,SEC-TBILL-00,SECURITY_HOLDING,GHS,9820078.39,CP-GOG,SEC-TBILL,GL-1200,2023-05-31,0.2131,9820078.39,true
2022-11-30,SEC-TBILL-01,SECURITY_HOLDING,GHS,6937913.89,CP-GOG,SEC-TBILL,GL-1200,2023-11-29,0.2131,6937913.89,true
2022-11-30,SEC-TBILL-02,SECURITY_HOLDING,GHS,9808034.11,CP-GOG,SEC-TBILL,GL-1200,2023-11-29,0.2131,9808034.11,true
2022-11-30,SEC-TBILL-03,SECURITY_HOLDING,GHS,6354510.59,CP-GOG,SEC-TBILL,GL-1200,2023-11-29,0.2131,6354510.59,true
2022-11-30,SEC-TBILL-04,SECURITY_HOLDING,GHS,5363905.09,CP-GOG,SEC-TBILL,GL-1200,2023-11-29,0.2131,5363905.09,true
2022-11-30,SEC-TBILL-05,SECURITY_HOLDING,GHS,8065667.49,CP-GOG,SEC-TBILL,GL-1200,2023-11-29,0.2131,8065667.49,true
2022-11-30,SEC-BOND-06,SECURITY_HOLDING,GHS,5070797.46,CP-GOG,SEC-BOND,GL-1200,2027-11-29,0.2131,5070797.46,true
2022-11-30,SEC-BOND-07,SECURITY_HOLDING,GHS,7529312.89,CP-GOG,SEC-BOND,GL-1200,2025-11-29,0.2131,7529312.89,true
2022-11-30,SEC-BOND-08,SECURITY_HOLDING,GHS,7573107.49,CP-GOG,SEC-BOND,GL-1200,2027-11-29,0.2131,7573107.49,true
2022-11-30,SEC-BOND-09,SECURITY_HOLDING,GHS,4605450.30,CP-GOG,SEC-BOND,GL-1200,2025-11-29,0.2131,4605450.30,true
2022-12-02,SEC-TBILL-00,SECURITY_HOLDING,GHS,6909004.52,CP-GOG,SEC-TBILL,GL-1200,2023-06-02,0.2771,6909004.52,true
2022-12-02,SEC-TBILL-01,SECURITY_HOLDING,GHS,6908426.18,CP-GOG,SEC-TBILL,GL-1200,2023-03-03,0.2771,6908426.18,true
2022-12-02,SEC-TBILL-02,SECURITY_HOLDING,GHS,6789132.38,CP-GOG,SEC-TBILL,GL-1200,2023-06-02,0.2771,6789132.38,true
2022-12-02,SEC-TBILL-03,SECURITY_HOLDING,GHS,6447726.70,CP-GOG,SEC-TBILL,GL-1200,2023-06-02,0.2771,6447726.70,true
2022-12-02,SEC-TBILL-04,SECURITY_HOLDING,GHS,5665469.50,CP-GOG,SEC-TBILL,GL-1200,2023-06-02,0.2771,5665469.50,true
2022-12-02,SEC-TBILL-05,SECURITY_HOLDING,GHS,7798985.93,CP-GOG,SEC-TBILL,GL-1200,2023-06-02,0.2771,7798985.93,true
2022-12-02,SEC-BOND-06,SECURITY_HOLDING,GHS,7819767.82,CP-GOG,SEC-BOND,GL-1200,2027-12-01,0.2771,7819767.82,true
2022-12-02,SEC-BOND-07,SECURITY_HOLDING,GHS,7375439.67,CP-GOG,SEC-BOND,GL-1200,2025-12-01,0.2771,7375439.67,true
2022-12-02,SEC-BOND-08,SECURITY_HOLDING,GHS,7410023.20,CP-GOG,SEC-BOND,GL-1200,2025-12-01,0.2771,7410023.20,true
2022-12-02,SEC-BOND-09,SECURITY_HOLDING,GHS,7452294.42,CP-GOG,SEC-BOND,GL-1200,2027-12-01,0.2771,7452294.42,true
2022-12-09,SEC-TBILL-00,SECURITY_HOLDING,GHS,7226372.68,CP-GOG,SEC-TBILL,GL-1200,2023-03-10,0.2219,7226372.68,true
2022-12-09,SEC-TBILL-01,SECURITY_HOLDING,GHS,7225676.57,CP-GOG,SEC-TBILL,GL-1200,2023-03-10,0.2219,7225676.57,true
2022-12-09,SEC-TBILL-02,SECURITY_HOLDING,GHS,7082091.10,CP-GOG,SEC-TBILL,GL-1200,2023-03-10,0.2219,7082091.10,true
2022-12-09,SEC-TBILL-03,SECURITY_HOLDING,GHS,6671165.35,CP-GOG,SEC-TBILL,GL-1200,2023-03-10,0.2219,6671165.35,true
2022-12-09,SEC-TBILL-04,SECURITY_HOLDING,GHS,5729617.94,CP-GOG,SEC-TBILL,GL-1200,2023-06-09,0.2219,5729617.94,true
2022-12-09,SEC-TBILL-05,SECURITY_HOLDING,GHS,8297580.05,CP-GOG,SEC-TBILL,GL-1200,2023-03-10,0.2219,8297580.05,true
2022-12-09,SEC-BOND-06,SECURITY_HOLDING,GHS,8322593.74,CP-GOG,SEC-BOND,GL-1200,2027-12-08,0.2219,8322593.74,true
2022-12-09,SEC-BOND-07,SECURITY_HOLDING,GHS,7787787.52,CP-GOG,SEC-BOND,GL-1200,2027-12-08,0.2219,7787787.52,true
2022-12-09,SEC-BOND-08,SECURITY_HOLDING,GHS,7829413.27,CP-GOG,SEC-BOND,GL-1200,2027-12-08,0.2219,7829413.27,true
2022-12-09,SEC-BOND-09,SECURITY_HOLDING,GHS,7880292.12,CP-GOG,SEC-BOND,GL-1200,2025-12-08,0.2219,7880292.12,true
2022-12-16,SEC-TBILL-00,SECURITY_HOLDING,GHS,10614197.22,CP-GOG,SEC-TBILL,GL-1200,2023-12-15,0.2486,10614197.22,true
2022-12-16,SEC-TBILL-01,SECURITY_HOLDING,GHS,10613377.02,CP-GOG,SEC-TBILL,GL-1200,2023-06-16,0.2486,10613377.02,true
2022-12-16,SEC-TBILL-02,SECURITY_HOLDING,GHS,10444197.31,CP-GOG,SEC-TBILL,GL-1200,2023-03-17,0.2486,10444197.31,true
2022-12-16,SEC-TBILL-03,SECURITY_HOLDING,GHS,6576596.33,CP-GOG,SEC-TBILL,GL-1200,2023-03-17,0.2486,6576596.33,true
2022-12-16,SEC-TBILL-04,SECURITY_HOLDING,GHS,5467217.23,CP-GOG,SEC-TBILL,GL-1200,2023-03-17,0.2486,5467217.23,true
2022-12-16,SEC-TBILL-05,SECURITY_HOLDING,GHS,5109493.60,CP-GOG,SEC-TBILL,GL-1200,2023-12-15,0.2486,5109493.60,true
2022-12-16,SEC-BOND-06,SECURITY_HOLDING,GHS,5138966.00,CP-GOG,SEC-BOND,GL-1200,2024-12-15,0.2486,5138966.00,true
2022-12-16,SEC-BOND-07,SECURITY_HOLDING,GHS,7892257.43,CP-GOG,SEC-BOND,GL-1200,2027-12-15,0.2486,7892257.43,true
2022-12-16,SEC-BOND-08,SECURITY_HOLDING,GHS,4557875.65,CP-GOG,SEC-BOND,GL-1200,2024-12-15,0.2486,4557875.65,true
2022-12-16,SEC-BOND-09,SECURITY_HOLDING,GHS,4617823.71,CP-GOG,SEC-BOND,GL-1200,2024-12-15,0.2486,4617823.71,true
2022-12-23,SEC-TBILL-00,SECURITY_HOLDING,GHS,6877793.31,CP-GOG,SEC-TBILL,GL-1200,2023-06-23,0.2334,6877793.31,true
2022-12-23,SEC-TBILL-01,SECURITY_HOLDING,GHS,6877188.72,CP-GOG,SEC-TBILL,GL-1200,2023-03-24,0.2334,6877188.72,true
2022-12-23,SEC-TBILL-02,SECURITY_HOLDING,GHS,6752481.07,CP-GOG,SEC-TBILL,GL-1200,2023-06-23,0.2334,6752481.07,true
2022-12-23,SEC-TBILL-03,SECURITY_HOLDING,GHS,6395581.55,CP-GOG,SEC-TBILL,GL-1200,2023-12-22,0.2334,6395581.55,true
2022-12-23,SEC-TBILL-04,SECURITY_HOLDING,GHS,5577823.57,CP-GOG,SEC-TBILL,GL-1200,2023-12-22,0.2334,5577823.57,true
2022-12-23,SEC-TBILL-05,SECURITY_HOLDING,GHS,7808164.28,CP-GOG,SEC-TBILL,GL-1200,2023-12-22,0.2334,7808164.28,true
2022-12-23,SEC-BOND-06,SECURITY_HOLDING,GHS,7829889.31,CP-GOG,SEC-BOND,GL-1200,2027-12-22,0.2334,7829889.31,true
2022-12-23,SEC-BOND-07,SECURITY_HOLDING,GHS,7365396.44,CP-GOG,SEC-BOND,GL-1200,2025-12-22,0.2334,7365396.44,true
2022-12-23,SEC-BOND-08,SECURITY_HOLDING,GHS,7401549.46,CP-GOG,SEC-BOND,GL-1200,2027-12-22,0.2334,7401549.46,true
2022-12-23,SEC-BOND-09,SECURITY_HOLDING,GHS,7445739.05,CP-GOG,SEC-BOND,GL-1200,2025-12-22,0.2334,7445739.05,true
2022-12-30,SEC-TBILL-00,SECURITY_HOLDING,GHS,7226534.83,CP-GOG,SEC-TBILL,GL-1200,2023-03-31,0.2182,7226534.83,true
2022-12-30,SEC-TBILL-01,SECURITY_HOLDING,GHS,7225798.24,CP-GOG,SEC-TBILL,GL-1200,2023-03-31,0.2182,7225798.24,true
2022-12-30,SEC-TBILL-02,SECURITY_HOLDING,GHS,7073863.73,CP-GOG,SEC-TBILL,GL-1200,2023-03-31,0.2182,7073863.73,true
2022-12-30,SEC-TBILL-03,SECURITY_HOLDING,GHS,6639043.94,CP-GOG,SEC-TBILL,GL-1200,2023-06-30,0.2182,6639043.94,true
2022-12-30,SEC-TBILL-04,SECURITY_HOLDING,GHS,5642748.51,CP-GOG,SEC-TBILL,GL-1200,2023-03-31,0.2182,5642748.51,true
2022-12-30,SEC-TBILL-05,SECURITY_HOLDING,GHS,8360029.55,CP-GOG,SEC-TBILL,GL-1200,2023-12-29,0.2182,8360029.55,true
2022-12-30,SEC-BOND-06,SECURITY_HOLDING,GHS,8386497.70,CP-GOG,SEC-BOND,GL-1200,2024-12-29,0.2182,8386497.70,true
2022-12-30,SEC-BOND-07,SECURITY_HOLDING,GHS,7820594.18,CP-GOG,SEC-BOND,GL-1200,2027-12-29,0.2182,7820594.18,true
2022-12-30,SEC-BOND-08,SECURITY_HOLDING,GHS,7864640.33,CP-GOG,SEC-BOND,GL-1200,2024-12-29,0.2182,7864640.33,true
2022-12-30,SEC-BOND-09,SECURITY_HOLDING,GHS,7918477.63,CP-GOG,SEC-BOND,GL-1200,2025-12-29,0.2182,7918477.63,true
2022-12-31,SEC-TBILL-00,SECURITY_HOLDING,GHS,9131430.72,CP-GOG,SEC-TBILL,GL-1200,2023-04-01,0.2493,9131430.72,true
2022-12-31,SEC-TBILL-01,SECURITY_HOLDING,GHS,6370164.84,CP-GOG,SEC-TBILL,GL-1200,2023-12-30,0.2493,6370164.84,true
2022-12-31,SEC-TBILL-02,SECURITY_HOLDING,GHS,8985999.08,CP-GOG,SEC-TBILL,GL-1200,2023-07-01,0.2493,8985999.08,true
2022-12-31,SEC-TBILL-03,SECURITY_HOLDING,GHS,8571797.88,CP-GOG,SEC-TBILL,GL-1200,2023-12-30,0.2493,8571797.88,true
2022-12-31,SEC-TBILL-04,SECURITY_HOLDING,GHS,4862181.25,CP-GOG,SEC-TBILL,GL-1200,2023-04-01,0.2493,4862181.25,true
2022-12-31,SEC-TBILL-05,SECURITY_HOLDING,GHS,7450612.38,CP-GOG,SEC-TBILL,GL-1200,2023-07-01,0.2493,7450612.38,true
2022-12-31,SEC-BOND-06,SECURITY_HOLDING,GHS,7475825.45,CP-GOG,SEC-BOND,GL-1200,2027-12-30,0.2493,7475825.45,true
2022-12-31,SEC-BOND-07,SECURITY_HOLDING,GHS,6936756.34,CP-GOG,SEC-BOND,GL-1200,2024-12-30,0.2493,6936756.34,true
2022-12-31,SEC-BOND-08,SECURITY_HOLDING,GHS,6978713.87,CP-GOG,SEC-BOND,GL-1200,2027-12-30,0.2493,6978713.87,true
2022-12-31,SEC-BOND-09,SECURITY_HOLDING,GHS,7029998.28,CP-GOG,SEC-BOND,GL-1200,2027-12-30,0.2493,7029998.28,true
2023-01-06,SEC-TBILL-00,SECURITY_HOLDING,GHS,8634945.08,CP-GOG,SEC-TBILL,GL-1200,2023-04-07,0.2431,8634945.08,true
2023-01-06,SEC-TBILL-01,SECURITY_HOLDING,GHS,8634247.07,CP-GOG,SEC-TBILL,GL-1200,2024-01-05,0.2431,8634247.07,true
2023-01-06,SEC-TBILL-02,SECURITY_HOLDING,GHS,8490270.48,CP-GOG,SEC-TBILL,GL-1200,2023-04-07,0.2431,8490270.48,true
2023-01-06,SEC-TBILL-03,SECURITY_HOLDING,GHS,5198835.65,CP-GOG,SEC-TBILL,GL-1200,2023-07-07,0.2431,5198835.65,true
2023-01-06,SEC-TBILL-04,SECURITY_HOLDING,GHS,4254723.52,CP-GOG,SEC-TBILL,GL-1200,2023-04-07,0.2431,4254723.52,true
2023-01-06,SEC-TBILL-05,SECURITY_HOLDING,GHS,6829680.61,CP-GOG,SEC-TBILL,GL-1200,2023-07-07,0.2431,6829680.61,true
2023-01-06,SEC-BOND-06,SECURITY_HOLDING,GHS,3975372.69,CP-GOG,SEC-BOND,GL-1200,2028-01-05,0.2431,3975372.69,true
2023-01-06,SEC-BOND-07,SECURITY_HOLDING,GHS,6318499.44,CP-GOG,SEC-BOND,GL-1200,2028-01-05,0.2431,6318499.44,true
2023-01-06,SEC-BOND-08,SECURITY_HOLDING,GHS,9239628.31,CP-GOG,SEC-BOND,GL-1200,2028-01-05,0.2431,9239628.31,true
2023-01-06,SEC-BOND-09,SECURITY_HOLDING,GHS,9290645.75,CP-GOG,SEC-BOND,GL-1200,2028-01-05,0.2431,9290645.75,true
2023-01-13,SEC-TBILL-00,SECURITY_HOLDING,GHS,7548058.29,CP-GOG,SEC-TBILL,GL-1200,2023-04-14,0.2279,7548058.29,true
2023-01-13,SEC-TBILL-01,SECURITY_HOLDING,GHS,7547359.76,CP-GOG,SEC-TBILL,GL-1200,2023-07-14,0.2279,7547359.76,true
2023-01-13,SEC-TBILL-02,SECURITY_HOLDING,GHS,7403276.55,CP-GOG,SEC-TBILL,GL-1200,2023-07-14,0.2279,7403276.55,true
2023-01-13,SEC-TBILL-03,SECURITY_HOLDING,GHS,6990926.29,CP-GOG,SEC-TBILL,GL-1200,2023-07-14,0.2279,6990926.29,true
2023-01-13,SEC-TBILL-04,SECURITY_HOLDING,GHS,6046114.94,CP-GOG,SEC-TBILL,GL-1200,2024-01-12,0.2279,6046114.94,true
2023-01-13,SEC-TBILL-05,SECURITY_HOLDING,GHS,8622979.08,CP-GOG,SEC-TBILL,GL-1200,2024-01-12,0.2279,8622979.08,true
2023-01-13,SEC-BOND-06,SECURITY_HOLDING,GHS,5899851.47,CP-GOG,SEC-BOND,GL-1200,2026-01-12,0.2279,5899851.47,true
2023-01-13,SEC-BOND-07,SECURITY_HOLDING,GHS,8111419.31,CP-GOG,SEC-BOND,GL-1200,2028-01-12,0.2279,8111419.31,true
2023-01-13,SEC-BOND-08,SECURITY_HOLDING,GHS,8153189.36,CP-GOG,SEC-BOND,GL-1200,2026-01-12,0.2279,8153189.36,true
2023-01-13,SEC-BOND-09,SECURITY_HOLDING,GHS,8204244.58,CP-GOG,SEC-BOND,GL-1200,2025-01-12,0.2279,8204244.58,true
2023-01-20,SEC-TBILL-00,SECURITY_HOLDING,GHS,7452864.91,CP-GOG,SEC-TBILL,GL-1200,2024-01-19,0.2127,7452864.91,true
2023-01-20,SEC-TBILL-01,SECURITY_HOLDING,GHS,10933049.62,CP-GOG,SEC-TBILL,GL-1200,2023-04-21,0.2127,10933049.62,true
2023-01-20,SEC-TBILL-02,SECURITY_HOLDING,GHS,7285695.87,CP-GOG,SEC-TBILL,GL-1200,2023-04-21,0.2127,7285695.87,true
2023-01-20,SEC-TBILL-03,SECURITY_HOLDING,GHS,6809584.75,CP-GOG,SEC-TBILL,GL-1200,2024-01-19,0.2127,6809584.75,true
2023-01-20,SEC-TBILL-04,SECURITY_HOLDING,GHS,5718679.21,CP-GOG,SEC-TBILL,GL-1200,2023-04-21,0.2127,5718679.21,true
2023-01-20,SEC-TBILL-05,SECURITY_HOLDING,GHS,8693998.44,CP-GOG,SEC-TBILL,GL-1200,2023-07-21,0.2127,8693998.44,true
2023-01-20,SEC-BOND-06,SECURITY_HOLDING,GHS,5549799.32,CP-GOG,SEC-BOND,GL-1200,2028-01-19,0.2127,5549799.32,true
2023-01-20,SEC-BOND-07,SECURITY_HOLDING,GHS,8103337.27,CP-GOG,SEC-BOND,GL-1200,2028-01-19,0.2127,8103337.27,true
2023-01-20,SEC-BOND-08,SECURITY_HOLDING,GHS,8151566.12,CP-GOG,SEC-BOND,GL-1200,2026-01-19,0.2127,8151566.12,true
2023-01-20,SEC-BOND-09,SECURITY_HOLDING,GHS,5037335.17,CP-GOG,SEC-BOND,GL-1200,2026-01-19,0.2127,5037335.17,true
2023-01-27,SEC-TBILL-00,SECURITY_HOLDING,GHS,8534597.26,CP-GOG,SEC-TBILL,GL-1200,2023-07-28,0.2375,8534597.26,true
2023-01-27,SEC-TBILL-01,SECURITY_HOLDING,GHS,8671883.29,CP-GOG,SEC-TBILL,GL-1200,2023-07-28,0.2375,8671883.29,true
2023-01-27,SEC-TBILL-02,SECURITY_HOLDING,GHS,8384694.14,CP-GOG,SEC-TBILL,GL-1200,2024-01-26,0.2375,8384694.14,true
2023-01-27,SEC-TBILL-03,SECURITY_HOLDING,GHS,4974307.35,CP-GOG,SEC-TBILL,GL-1200,2023-07-28,0.2375,4974307.35,true
2023-01-27,SEC-TBILL-04,SECURITY_HOLDING,GHS,3996075.15,CP-GOG,SEC-TBILL,GL-1200,2023-04-28,0.2375,3996075.15,true
2023-01-27,SEC-TBILL-05,SECURITY_HOLDING,GHS,6664090.80,CP-GOG,SEC-TBILL,GL-1200,2023-07-28,0.2375,6664090.80,true
2023-01-27,SEC-BOND-06,SECURITY_HOLDING,GHS,6828088.35,CP-GOG,SEC-BOND,GL-1200,2028-01-26,0.2375,6828088.35,true
2023-01-27,SEC-BOND-07,SECURITY_HOLDING,GHS,9255895.34,CP-GOG,SEC-BOND,GL-1200,2028-01-26,0.2375,9255895.34,true
2023-01-27,SEC-BOND-08,SECURITY_HOLDING,GHS,9161133.65,CP-GOG,SEC-BOND,GL-1200,2026-01-26,0.2375,9161133.65,true
2023-01-27,SEC-BOND-09,SECURITY_HOLDING,GHS,6368553.67,CP-GOG,SEC-BOND,GL-1200,2026-01-26,0.2375,6368553.67,true
2023-01-31,SEC-TBILL-00,SECURITY_HOLDING,GHS,8804335.85,CP-GOG,SEC-TBILL,GL-1200,2023-05-02,0.2455,8804335.85,true
2023-01-31,SEC-TBILL-01,SECURITY_HOLDING,GHS,6058777.94,CP-GOG,SEC-TBILL,GL-1200,2023-08-01,0.2455,6058777.94,true
2023-01-31,SEC-TBILL-02,SECURITY_HOLDING,GHS,8659731.53,CP-GOG,SEC-TBILL,GL-1200,2023-08-01,0.2455,8659731.53,true
2023-01-31,SEC-TBILL-03,SECURITY_HOLDING,GHS,5369895.44,CP-GOG,SEC-TBILL,GL-1200,2023-05-02,0.2455,5369895.44,true
2023-01-31,SEC-TBILL-04,SECURITY_HOLDING,GHS,7437363.94,CP-GOG,SEC-TBILL,GL-1200,2023-05-02,0.2455,7437363.94,true
2023-01-31,SEC-TBILL-05,SECURITY_HOLDING,GHS,4255088.02,CP-GOG,SEC-TBILL,GL-1200,2023-08-01,0.2455,4255088.02,true
2023-01-31,SEC-BOND-06,SECURITY_HOLDING,GHS,7158148.80,CP-GOG,SEC-BOND,GL-1200,2025-01-30,0.2455,7158148.80,true
2023-01-31,SEC-BOND-07,SECURITY_HOLDING,GHS,9500137.42,CP-GOG,SEC-BOND,GL-1200,2028-01-30,0.2455,9500137.42,true
2023-01-31,SEC-BOND-08,SECURITY_HOLDING,GHS,9408725.37,CP-GOG,SEC-BOND,GL-1200,2028-01-30,0.2455,9408725.37,true
2023-01-31,SEC-BOND-09,SECURITY_HOLDING,GHS,6714857.80,CP-GOG,SEC-BOND,GL-1200,2028-01-30,0.2455,6714857.80,true
2023-02-03,SEC-TBILL-00,SECURITY_HOLDING,GHS,8275806.41,CP-GOG,SEC-TBILL,GL-1200,2023-08-04,0.2223,8275806.41,true
2023-02-03,SEC-TBILL-01,SECURITY_HOLDING,GHS,5093928.40,CP-GOG,SEC-TBILL,GL-1200,2023-05-05,0.2223,5093928.40,true
2023-02-03,SEC-TBILL-02,SECURITY_HOLDING,GHS,8108221.78,CP-GOG,SEC-TBILL,GL-1200,2024-02-02,0.2223,8108221.78,true
2023-02-03,SEC-TBILL-03,SECURITY_HOLDING,GHS,7630927.03,CP-GOG,SEC-TBILL,GL-1200,2024-02-02,0.2223,7630927.03,true
2023-02-03,SEC-TBILL-04,SECURITY_HOLDING,GHS,6537309.42,CP-GOG,SEC-TBILL,GL-1200,2023-05-05,0.2223,6537309.42,true
2023-02-03,SEC-TBILL-05,SECURITY_HOLDING,GHS,9520025.48,CP-GOG,SEC-TBILL,GL-1200,2024-02-02,0.2223,9520025.48,true
2023-02-03,SEC-BOND-06,SECURITY_HOLDING,GHS,6368009.68,CP-GOG,SEC-BOND,GL-1200,2026-02-02,0.2223,6368009.68,true
2023-02-03,SEC-BOND-07,SECURITY_HOLDING,GHS,5746826.42,CP-GOG,SEC-BOND,GL-1200,2025-02-02,0.2223,5746826.42,true
2023-02-03,SEC-BOND-08,SECURITY_HOLDING,GHS,8976244.64,CP-GOG,SEC-BOND,GL-1200,2025-02-02,0.2223,8976244.64,true
2023-02-03,SEC-BOND-09,SECURITY_HOLDING,GHS,5854271.52,CP-GOG,SEC-BOND,GL-1200,2026-02-02,0.2223,5854271.52,true
2023-02-10,SEC-TBILL-00,SECURITY_HOLDING,GHS,7197906.44,CP-GOG,SEC-TBILL,GL-1200,2023-08-11,0.2072,7197906.44,true
2023-02-10,SEC-TBILL-01,SECURITY_HOLDING,GHS,10780092.20,CP-GOG,SEC-TBILL,GL-1200,2023-08-11,0.2072,10780092.20,true
2023-02-10,SEC-TBILL-02,SECURITY_HOLDING,GHS,7025837.83,CP-GOG,SEC-TBILL,GL-1200,2024-02-09,0.2072,7025837.83,true
2023-02-10,SEC-TBILL-03,SECURITY_HOLDING,GHS,6535772.33,CP-GOG,SEC-TBILL,GL-1200,2023-08-11,0.2072,6535772.33,true
2023-02-10,SEC-TBILL-04,SECURITY_HOLDING,GHS,8995909.28,CP-GOG,SEC-TBILL,GL-1200,2023-05-12,0.2072,8995909.28,true
2023-02-10,SEC-TBILL-05,SECURITY_HOLDING,GHS,8475416.47,CP-GOG,SEC-TBILL,GL-1200,2023-05-12,0.2072,8475416.47,true
2023-02-10,SEC-BOND-06,SECURITY_HOLDING,GHS,5239063.73,CP-GOG,SEC-BOND,GL-1200,2025-02-09,0.2072,5239063.73,true
2023-02-10,SEC-BOND-07,SECURITY_HOLDING,GHS,4601259.77,CP-GOG,SEC-BOND,GL-1200,2025-02-09,0.2072,4601259.77,true
2023-02-10,SEC-BOND-08,SECURITY_HOLDING,GHS,7917085.95,CP-GOG,SEC-BOND,GL-1200,2028-02-09,0.2072,7917085.95,true
2023-02-10,SEC-BOND-09,SECURITY_HOLDING,GHS,4711579.72,CP-GOG,SEC-BOND,GL-1200,2028-02-09,0.2072,4711579.72,true
2023-02-17,SEC-TBILL-00,SECURITY_HOLDING,GHS,8610337.92,CP-GOG,SEC-TBILL,GL-1200,2024-02-16,0.2320,8610337.92,true
2023-02-17,SEC-TBILL-01,SECURITY_HOLDING,GHS,8755875.03,CP-GOG,SEC-TBILL,GL-1200,2023-05-19,0.2320,8755875.03,true
2023-02-17,SEC-TBILL-02,SECURITY_HOLDING,GHS,8451425.43,CP-GOG,SEC-TBILL,GL-1200,2023-05-19,0.2320,8451425.43,true
2023-02-17,SEC-TBILL-03,SECURITY_HOLDING,GHS,4836069.84,CP-GOG,SEC-TBILL,GL-1200,2023-08-18,0.2320,4836069.84,true
2023-02-17,SEC-TBILL-04,SECURITY_HOLDING,GHS,7108108.20,CP-GOG,SEC-TBILL,GL-1200,2024-02-16,0.2320,7108108.20,true
2023-02-17,SEC-TBILL-05,SECURITY_HOLDING,GHS,6627411.53,CP-GOG,SEC-TBILL,GL-1200,2023-05-19,0.2320,6627411.53,true
2023-02-17,SEC-BOND-06,SECURITY_HOLDING,GHS,6801265.55,CP-GOG,SEC-BOND,GL-1200,2028-02-16,0.2320,6801265.55,true
2023-02-17,SEC-BOND-07,SECURITY_HOLDING,GHS,9374986.99,CP-GOG,SEC-BOND,GL-1200,2026-02-16,0.2320,9374986.99,true
2023-02-17,SEC-BOND-08,SECURITY_HOLDING,GHS,6111770.17,CP-GOG,SEC-BOND,GL-1200,2026-02-16,0.2320,6111770.17,true
2023-02-17,SEC-BOND-09,SECURITY_HOLDING,GHS,6314112.22,CP-GOG,SEC-BOND,GL-1200,2028-02-16,0.2320,6314112.22,true
2023-02-24,SEC-TBILL-00,SECURITY_HOLDING,GHS,8354599.31,CP-GOG,SEC-TBILL,GL-1200,2023-05-26,0.2168,8354599.31,true
2023-02-24,SEC-TBILL-01,SECURITY_HOLDING,GHS,4952913.51,CP-GOG,SEC-TBILL,GL-1200,2023-08-25,0.2168,4952913.51,true
2023-02-24,SEC-TBILL-02,SECURITY_HOLDING,GHS,8175437.74,CP-GOG,SEC-TBILL,GL-1200,2023-08-25,0.2168,8175437.74,true
2023-02-24,SEC-TBILL-03,SECURITY_HOLDING,GHS,7665170.91,CP-GOG,SEC-TBILL,GL-1200,2023-08-25,0.2168,7665170.91,true
2023-02-24,SEC-TBILL-04,SECURITY_HOLDING,GHS,10226718.86,CP-GOG,SEC-TBILL,GL-1200,2023-05-26,0.2168,10226718.86,true
2023-02-24,SEC-TBILL-05,SECURITY_HOLDING,GHS,6283949.06,CP-GOG,SEC-TBILL,GL-1200,2023-08-25,0.2168,6283949.06,true
2023-02-24,SEC-BOND-06,SECURITY_HOLDING,GHS,6315009.79,CP-GOG,SEC-BOND,GL-1200,2028-02-23,0.2168,6315009.79,true
2023-02-24,SEC-BOND-07,SECURITY_HOLDING,GHS,5650914.48,CP-GOG,SEC-BOND,GL-1200,2026-02-23,0.2168,5650914.48,true
2023-02-24,SEC-BOND-08,SECURITY_HOLDING,GHS,9103424.61,CP-GOG,SEC-BOND,GL-1200,2028-02-23,0.2168,9103424.61,true
2023-02-24,SEC-BOND-09,SECURITY_HOLDING,GHS,5765782.01,CP-GOG,SEC-BOND,GL-1200,2026-02-23,0.2168,5765782.01,true
2023-02-28,SEC-TBILL-00,SECURITY_HOLDING,GHS,9519191.82,CP-GOG,SEC-TBILL,GL-1200,2024-02-27,0.2248,9519191.82,true
2023-02-28,SEC-TBILL-01,SECURITY_HOLDING,GHS,5946113.11,CP-GOG,SEC-TBILL,GL-1200,2024-02-27,0.2248,5946113.11,true
2023-02-28,SEC-TBILL-02,SECURITY_HOLDING,GHS,5758832.48,CP-GOG,SEC-TBILL,GL-1200,2023-05-30,0.2248,5758832.48,true
2023-02-28,SEC-TBILL-03,SECURITY_HOLDING,GHS,5222856.02,CP-GOG,SEC-TBILL,GL-1200,2024-02-27,0.2248,5222856.02,true
2023-02-28,SEC-TBILL-04,SECURITY_HOLDING,GHS,11485637.55,CP-GOG,SEC-TBILL,GL-1200,2023-08-29,0.2248,11485637.55,true
2023-02-28,SEC-TBILL-05,SECURITY_HOLDING,GHS,7344212.48,CP-GOG,SEC-TBILL,GL-1200,2024-02-27,0.2248,7344212.48,true
2023-02-28,SEC-BOND-06,SECURITY_HOLDING,GHS,7376838.20,CP-GOG,SEC-BOND,GL-1200,2025-02-27,0.2248,7376838.20,true
2023-02-28,SEC-BOND-07,SECURITY_HOLDING,GHS,6679282.64,CP-GOG,SEC-BOND,GL-1200,2026-02-27,0.2248,6679282.64,true
2023-02-28,SEC-BOND-08,SECURITY_HOLDING,GHS,6733575.70,CP-GOG,SEC-BOND,GL-1200,2026-02-27,0.2248,6733575.70,true
2023-02-28,SEC-BOND-09,SECURITY_HOLDING,GHS,6799937.73,CP-GOG,SEC-BOND,GL-1200,2028-02-27,0.2248,6799937.73,true
2023-03-03,SEC-TBILL-00,SECURITY_HOLDING,GHS,6364215.92,CP-GOG,SEC-TBILL,GL-1200,2023-06-02,0.2016,6364215.92,true
2023-03-03,SEC-TBILL-01,SECURITY_HOLDING,GHS,9754470.27,CP-GOG,SEC-TBILL,GL-1200,2024-03-01,0.2016,9754470.27,true
2023-03-03,SEC-TBILL-02,SECURITY_HOLDING,GHS,6201366.64,CP-GOG,SEC-TBILL,GL-1200,2023-06-02,0.2016,6201366.64,true
2023-03-03,SEC-TBILL-03,SECURITY_HOLDING,GHS,5737558.57,CP-GOG,SEC-TBILL,GL-1200,2023-09-01,0.2016,5737558.57,true
2023-03-03,SEC-TBILL-04,SECURITY_HOLDING,GHS,8065882.82,CP-GOG,SEC-TBILL,GL-1200,2023-06-02,0.2016,8065882.82,true
2023-03-03,SEC-TBILL-05,SECURITY_HOLDING,GHS,4482094.14,CP-GOG,SEC-TBILL,GL-1200,2023-06-02,0.2016,4482094.14,true
2023-03-03,SEC-BOND-06,SECURITY_HOLDING,GHS,4510326.85,CP-GOG,SEC-BOND,GL-1200,2028-03-01,0.2016,4510326.85,true
2023-03-03,SEC-BOND-07,SECURITY_HOLDING,GHS,10388919.68,CP-GOG,SEC-BOND,GL-1200,2025-03-02,0.2016,10388919.68,true
2023-03-03,SEC-BOND-08,SECURITY_HOLDING,GHS,7044862.21,CP-GOG,SEC-BOND,GL-1200,2028-03-01,0.2016,7044862.21,true
2023-03-03,SEC-BOND-09,SECURITY_HOLDING,GHS,10493328.75,CP-GOG,SEC-BOND,GL-1200,2028-03-01,0.2016,10493328.75,true
2023-03-10,SEC-TBILL-00,SECURITY_HOLDING,GHS,8443645.62,CP-GOG,SEC-TBILL,GL-1200,2023-09-08,0.2265,8443645.62,true
2023-03-10,SEC-TBILL-01,SECURITY_HOLDING,GHS,8593999.59,CP-GOG,SEC-TBILL,GL-1200,2023-06-09,0.2265,8593999.59,true
2023-03-10,SEC-TBILL-02,SECURITY_HOLDING,GHS,8279473.57,CP-GOG,SEC-TBILL,GL-1200,2023-09-08,0.2265,8279473.57,true
2023-03-10,SEC-TBILL-03,SECURITY_HOLDING,GHS,4544459.94,CP-GOG,SEC-TBILL,GL-1200,2024-03-08,0.2265,4544459.94,true
2023-03-10,SEC-TBILL-04,SECURITY_HOLDING,GHS,6891696.34,CP-GOG,SEC-TBILL,GL-1200,2023-09-08,0.2265,6891696.34,true
2023-03-10,SEC-TBILL-05,SECURITY_HOLDING,GHS,9813674.24,CP-GOG,SEC-TBILL,GL-1200,2023-09-08,0.2265,9813674.24,true
2023-03-10,SEC-BOND-06,SECURITY_HOLDING,GHS,6574698.07,CP-GOG,SEC-BOND,GL-1200,2026-03-09,0.2265,6574698.07,true
2023-03-10,SEC-BOND-07,SECURITY_HOLDING,GHS,9233602.40,CP-GOG,SEC-BOND,GL-1200,2028-03-08,0.2265,9233602.40,true
2023-03-10,SEC-BOND-08,SECURITY_HOLDING,GHS,5862382.35,CP-GOG,SEC-BOND,GL-1200,2025-03-09,0.2265,5862382.35,true
2023-03-10,SEC-BOND-09,SECURITY_HOLDING,GHS,6071421.34,CP-GOG,SEC-BOND,GL-1200,2028-03-08,0.2265,6071421.34,true
2023-03-17,SEC-TBILL-00,SECURITY_HOLDING,GHS,7736628.26,CP-GOG,SEC-TBILL,GL-1200,2023-06-16,0.2113,7736628.26,true
2023-03-17,SEC-TBILL-01,SECURITY_HOLDING,GHS,11407144.28,CP-GOG,SEC-TBILL,GL-1200,2023-09-15,0.2113,11407144.28,true
2023-03-17,SEC-TBILL-02,SECURITY_HOLDING,GHS,7560316.74,CP-GOG,SEC-TBILL,GL-1200,2023-09-15,0.2113,7560316.74,true
2023-03-17,SEC-TBILL-03,SECURITY_HOLDING,GHS,7058167.11,CP-GOG,SEC-TBILL,GL-1200,2023-09-15,0.2113,7058167.11,true
2023-03-17,SEC-TBILL-04,SECURITY_HOLDING,GHS,9578966.61,CP-GOG,SEC-TBILL,GL-1200,2024-03-15,0.2113,9578966.61,true
2023-03-17,SEC-TBILL-05,SECURITY_HOLDING,GHS,5698917.38,CP-GOG,SEC-TBILL,GL-1200,2024-03-15,0.2113,5698917.38,true
2023-03-17,SEC-BOND-06,SECURITY_HOLDING,GHS,5729484.01,CP-GOG,SEC-BOND,GL-1200,2025-03-16,0.2113,5729484.01,true
2023-03-17,SEC-BOND-07,SECURITY_HOLDING,GHS,5075952.95,CP-GOG,SEC-BOND,GL-1200,2026-03-16,0.2113,5075952.95,true
2023-03-17,SEC-BOND-08,SECURITY_HOLDING,GHS,8473541.44,CP-GOG,SEC-BOND,GL-1200,2026-03-16,0.2113,8473541.44,true
2023-03-17,SEC-BOND-09,SECURITY_HOLDING,GHS,5188993.19,CP-GOG,SEC-BOND,GL-1200,2028-03-15,0.2113,5188993.19,true
2023-03-24,SEC-TBILL-00,SECURITY_HOLDING,GHS,5076998.47,CP-GOG,SEC-TBILL,GL-1200,2024-03-22,0.2761,5076998.47,true
2023-03-24,SEC-TBILL-01,SECURITY_HOLDING,GHS,7986359.18,CP-GOG,SEC-TBILL,GL-1200,2024-03-22,0.2761,7986359.18,true
2023-03-24,SEC-TBILL-02,SECURITY_HOLDING,GHS,4937248.69,CP-GOG,SEC-TBILL,GL-1200,2024-03-22,0.2761,4937248.69,true
2023-03-24,SEC-TBILL-03,SECURITY_HOLDING,GHS,4539229.89,CP-GOG,SEC-TBILL,GL-1200,2023-06-23,0.2761,4539229.89,true
2023-03-24,SEC-TBILL-04,SECURITY_HOLDING,GHS,6537290.92,CP-GOG,SEC-TBILL,GL-1200,2024-03-22,0.2761,6537290.92,true
2023-03-24,SEC-TBILL-05,SECURITY_HOLDING,GHS,9024594.78,CP-GOG,SEC-TBILL,GL-1200,2024-03-22,0.2761,9024594.78,true
2023-03-24,SEC-BOND-06,SECURITY_HOLDING,GHS,9048822.80,CP-GOG,SEC-BOND,GL-1200,2025-03-23,0.2761,9048822.80,true
2023-03-24,SEC-BOND-07,SECURITY_HOLDING,GHS,8530814.54,CP-GOG,SEC-BOND,GL-1200,2028-03-22,0.2761,8530814.54,true
2023-03-24,SEC-BOND-08,SECURITY_HOLDING,GHS,8571132.85,CP-GOG,SEC-BOND,GL-1200,2025-03-23,0.2761,8571132.85,true
2023-03-24,SEC-BOND-09,SECURITY_HOLDING,GHS,8620413.62,CP-GOG,SEC-BOND,GL-1200,2026-03-23,0.2761,8620413.62,true
2023-03-31,SEC-TBILL-00,SECURITY_HOLDING,GHS,7457432.10,CP-GOG,SEC-TBILL,GL-1200,2023-09-29,0.2209,7457432.10,true
2023-03-31,SEC-TBILL-01,SECURITY_HOLDING,GHS,7597729.65,CP-GOG,SEC-TBILL,GL-1200,2024-03-29,0.2209,7597729.65,true
2023-03-31,SEC-TBILL-02,SECURITY_HOLDING,GHS,7304240.71,CP-GOG,SEC-TBILL,GL-1200,2024-03-29,0.2209,7304240.71,true
2023-03-31,SEC-TBILL-03,SECURITY_HOLDING,GHS,9916834.64,CP-GOG,SEC-TBILL,GL-1200,2023-06-30,0.2209,9916834.64,true
2023-03-31,SEC-TBILL-04,SECURITY_HOLDING,GHS,6009284.97,CP-GOG,SEC-TBILL,GL-1200,2024-03-29,0.2209,6009284.97,true
2023-03-31,SEC-TBILL-05,SECURITY_HOLDING,GHS,8735826.34,CP-GOG,SEC-TBILL,GL-1200,2024-03-29,0.2209,8735826.34,true
2023-03-31,SEC-BOND-06,SECURITY_HOLDING,GHS,5713489.13,CP-GOG,SEC-BOND,GL-1200,2025-03-30,0.2209,5713489.13,true
2023-03-31,SEC-BOND-07,SECURITY_HOLDING,GHS,8194552.62,CP-GOG,SEC-BOND,GL-1200,2028-03-29,0.2209,8194552.62,true
2023-03-31,SEC-BOND-08,SECURITY_HOLDING,GHS,8238748.87,CP-GOG,SEC-BOND,GL-1200,2026-03-30,0.2209,8238748.87,true
2023-03-31,SEC-BOND-09,SECURITY_HOLDING,GHS,5243874.08,CP-GOG,SEC-BOND,GL-1200,2025-03-30,0.2209,5243874.08,true
2023-04-07,SEC-TBILL-00,SECURITY_HOLDING,GHS,6304405.00,CP-GOG,SEC-TBILL,GL-1200,2023-10-06,0.2058,6304405.00,true
2023-04-07,SEC-TBILL-01,SECURITY_HOLDING,GHS,9495500.36,CP-GOG,SEC-TBILL,GL-1200,2023-07-07,0.2058,9495500.36,true
2023-04-07,SEC-TBILL-02,SECURITY_HOLDING,GHS,9342957.13,CP-GOG,SEC-TBILL,GL-1200,2024-04-05,0.2058,9342957.13,true
2023-04-07,SEC-TBILL-03,SECURITY_HOLDING,GHS,5855681.13,CP-GOG,SEC-TBILL,GL-1200,2023-10-06,0.2058,5855681.13,true
2023-04-07,SEC-TBILL-04,SECURITY_HOLDING,GHS,7906108.23,CP-GOG,SEC-TBILL,GL-1200,2023-10-06,0.2058,7906108.23,true
2023-04-07,SEC-TBILL-05,SECURITY_HOLDING,GHS,4532847.63,CP-GOG,SEC-TBILL,GL-1200,2023-07-07,0.2058,4532847.63,true
2023-04-07,SEC-BOND-06,SECURITY_HOLDING,GHS,4559421.82,CP-GOG,SEC-BOND,GL-1200,2028-04-05,0.2058,4559421.82,true
2023-04-07,SEC-BOND-07,SECURITY_HOLDING,GHS,10092679.31,CP-GOG,SEC-BOND,GL-1200,2028-04-05,0.2058,10092679.31,true
2023-04-07,SEC-BOND-08,SECURITY_HOLDING,GHS,10136901.93,CP-GOG,SEC-BOND,GL-1200,2028-04-05,0.2058,10136901.93,true
2023-04-07,SEC-BOND-09,SECURITY_HOLDING,GHS,4089526.66,CP-GOG,SEC-BOND,GL-1200,2028-04-05,0.2058,4089526.66,true
2023-04-14,SEC-TBILL-00,SECURITY_HOLDING,GHS,4764027.50,CP-GOG,SEC-TBILL,GL-1200,2023-07-14,0.2706,4764027.50,true
2023-04-14,SEC-TBILL-01,SECURITY_HOLDING,GHS,7717723.54,CP-GOG,SEC-TBILL,GL-1200,2024-04-12,0.2706,7717723.54,true
2023-04-14,SEC-TBILL-02,SECURITY_HOLDING,GHS,7576528.66,CP-GOG,SEC-TBILL,GL-1200,2024-04-12,0.2706,7576528.66,true
2023-04-14,SEC-TBILL-03,SECURITY_HOLDING,GHS,7172444.50,CP-GOG,SEC-TBILL,GL-1200,2023-10-13,0.2706,7172444.50,true
2023-04-14,SEC-TBILL-04,SECURITY_HOLDING,GHS,6246573.13,CP-GOG,SEC-TBILL,GL-1200,2023-10-13,0.2706,6246573.13,true
2023-04-14,SEC-TBILL-05,SECURITY_HOLDING,GHS,8771780.66,CP-GOG,SEC-TBILL,GL-1200,2023-10-13,0.2706,8771780.66,true
2023-04-14,SEC-BOND-06,SECURITY_HOLDING,GHS,8796377.89,CP-GOG,SEC-BOND,GL-1200,2026-04-13,0.2706,8796377.89,true
2023-04-14,SEC-BOND-07,SECURITY_HOLDING,GHS,8270475.78,CP-GOG,SEC-BOND,GL-1200,2028-04-12,0.2706,8270475.78,true
2023-04-14,SEC-BOND-08,SECURITY_HOLDING,GHS,8311408.49,CP-GOG,SEC-BOND,GL-1200,2026-04-13,0.2706,8311408.49,true
2023-04-14,SEC-BOND-09,SECURITY_HOLDING,GHS,8361440.25,CP-GOG,SEC-BOND,GL-1200,2028-04-12,0.2706,8361440.25,true
2023-04-21,SEC-TBILL-00,SECURITY_HOLDING,GHS,9992367.85,CP-GOG,SEC-TBILL,GL-1200,2023-10-20,0.2154,9992367.85,true
2023-04-21,SEC-TBILL-01,SECURITY_HOLDING,GHS,7110447.85,CP-GOG,SEC-TBILL,GL-1200,2023-07-21,0.2154,7110447.85,true
2023-04-21,SEC-TBILL-02,SECURITY_HOLDING,GHS,9980324.59,CP-GOG,SEC-TBILL,GL-1200,2023-07-21,0.2154,9980324.59,true
2023-04-21,SEC-TBILL-03,SECURITY_HOLDING,GHS,6527094.05,CP-GOG,SEC-TBILL,GL-1200,2023-07-21,0.2154,6527094.05,true
2023-04-21,SEC-TBILL-04,SECURITY_HOLDING,GHS,5536572.59,CP-GOG,SEC-TBILL,GL-1200,2023-10-20,0.2154,5536572.59,true
2023-04-21,SEC-TBILL-05,SECURITY_HOLDING,GHS,8238105.79,CP-GOG,SEC-TBILL,GL-1200,2024-04-19,0.2154,8238105.79,true
2023-04-21,SEC-BOND-06,SECURITY_HOLDING,GHS,5243489.83,CP-GOG,SEC-BOND,GL-1200,2026-04-20,0.2154,5243489.83,true
2023-04-21,SEC-BOND-07,SECURITY_HOLDING,GHS,7701796.69,CP-GOG,SEC-BOND,GL-1200,2028-04-19,0.2154,7701796.69,true
2023-04-21,SEC-BOND-08,SECURITY_HOLDING,GHS,7745587.57,CP-GOG,SEC-BOND,GL-1200,2026-04-20,0.2154,7745587.57,true
2023-04-21,SEC-BOND-09,SECURITY_HOLDING,GHS,4778182.14,CP-GOG,SEC-BOND,GL-1200,2026-04-20,0.2154,4778182.14,true
2023-04-28,SEC-TBILL-00,SECURITY_HOLDING,GHS,5708979.24,CP-GOG,SEC-TBILL,GL-1200,2023-10-27,0.2002,5708979.24,true
2023-04-28,SEC-TBILL-01,SECURITY_HOLDING,GHS,8805842.50,CP-GOG,SEC-TBILL,GL-1200,2024-04-26,0.2002,8805842.50,true
2023-04-28,SEC-TBILL-02,SECURITY_HOLDING,GHS,8657803.83,CP-GOG,SEC-TBILL,GL-1200,2023-07-28,0.2002,8657803.83,true
2023-04-28,SEC-TBILL-03,SECURITY_HOLDING,GHS,5273506.06,CP-GOG,SEC-TBILL,GL-1200,2023-07-28,0.2002,5273506.06,true
2023-04-28,SEC-TBILL-04,SECURITY_HOLDING,GHS,7263384.65,CP-GOG,SEC-TBILL,GL-1200,2024-04-26,0.2002,7263384.65,true
2023-04-28,SEC-TBILL-05,SECURITY_HOLDING,GHS,3989735.44,CP-GOG,SEC-TBILL,GL-1200,2024-04-26,0.2002,3989735.44,true
2023-04-28,SEC-BOND-06,SECURITY_HOLDING,GHS,4015524.91,CP-GOG,SEC-BOND,GL-1200,2028-04-26,0.2002,4015524.91,true
2023-04-28,SEC-BOND-07,SECURITY_HOLDING,GHS,9385386.93,CP-GOG,SEC-BOND,GL-1200,2025-04-27,0.2002,9385386.93,true
2023-04-28,SEC-BOND-08,SECURITY_HOLDING,GHS,9428303.67,CP-GOG,SEC-BOND,GL-1200,2026-04-27,0.2002,9428303.67,true
2023-04-28,SEC-BOND-09,SECURITY_HOLDING,GHS,9480760.49,CP-GOG,SEC-BOND,GL-1200,2028-04-26,0.2002,9480760.49,true
2023-04-30,SEC-TBILL-00,SECURITY_HOLDING,GHS,7378944.25,CP-GOG,SEC-TBILL,GL-1200,2023-10-29,0.2660,7378944.25,true
2023-04-30,SEC-TBILL-01,SECURITY_HOLDING,GHS,7378249.26,CP-GOG,SEC-TBILL,GL-1200,2023-10-29,0.2660,7378249.26,true
2023-04-30,SEC-TBILL-02,SECURITY_HOLDING,GHS,7234896.75,CP-GOG,SEC-TBILL,GL-1200,2023-10-29,0.2660,7234896.75,true
2023-04-30,SEC-TBILL-03,SECURITY_HOLDING,GHS,6824637.70,CP-GOG,SEC-TBILL,GL-1200,2023-07-30,0.2660,6824637.70,true
2023-04-30,SEC-TBILL-04,SECURITY_HOLDING,GHS,5884617.90,CP-GOG,SEC-TBILL,GL-1200,2024-04-28,0.2660,5884617.90,true
2023-04-30,SEC-TBILL-05,SECURITY_HOLDING,GHS,8448413.65,CP-GOG,SEC-TBILL,GL-1200,2024-04-28,0.2660,8448413.65,true
2023-04-30,SEC-BOND-06,SECURITY_HOLDING,GHS,8473386.75,CP-GOG,SEC-BOND,GL-1200,2025-04-29,0.2660,8473386.75,true
2023-04-30,SEC-BOND-07,SECURITY_HOLDING,GHS,7939448.22,CP-GOG,SEC-BOND,GL-1200,2026-04-29,0.2660,7939448.22,true
2023-04-30,SEC-BOND-08,SECURITY_HOLDING,GHS,7981006.43,CP-GOG,SEC-BOND,GL-1200,2026-04-29,0.2660,7981006.43,true
2023-04-30,SEC-BOND-09,SECURITY_HOLDING,GHS,8031802.74,CP-GOG,SEC-BOND,GL-1200,2025-04-29,0.2660,8031802.74,true
2023-05-05,SEC-TBILL-00,SECURITY_HOLDING,GHS,7399848.99,CP-GOG,SEC-TBILL,GL-1200,2024-05-03,0.2651,7399848.99,true
2023-05-05,SEC-TBILL-01,SECURITY_HOLDING,GHS,7399157.76,CP-GOG,SEC-TBILL,GL-1200,2023-11-03,0.2651,7399157.76,true
2023-05-05,SEC-TBILL-02,SECURITY_HOLDING,GHS,7256579.86,CP-GOG,SEC-TBILL,GL-1200,2024-05-03,0.2651,7256579.86,true
2023-05-05,SEC-TBILL-03,SECURITY_HOLDING,GHS,6848537.64,CP-GOG,SEC-TBILL,GL-1200,2023-11-03,0.2651,6848537.64,true
2023-05-05,SEC-TBILL-04,SECURITY_HOLDING,GHS,5913597.22,CP-GOG,SEC-TBILL,GL-1200,2023-11-03,0.2651,5913597.22,true
2023-05-05,SEC-TBILL-05,SECURITY_HOLDING,GHS,8463539.53,CP-GOG,SEC-TBILL,GL-1200,2023-11-03,0.2651,8463539.53,true
2023-05-05,SEC-BOND-06,SECURITY_HOLDING,GHS,8488377.69,CP-GOG,SEC-BOND,GL-1200,2025-05-04,0.2651,8488377.69,true
2023-05-05,SEC-BOND-07,SECURITY_HOLDING,GHS,7957324.30,CP-GOG,SEC-BOND,GL-1200,2025-05-04,0.2651,7957324.30,true
2023-05-05,SEC-BOND-08,SECURITY_HOLDING,GHS,7998657.94,CP-GOG,SEC-BOND,GL-1200,2025-05-04,0.2651,7998657.94,true
2023-05-05,SEC-BOND-09,SECURITY_HOLDING,GHS,8049179.77,CP-GOG,SEC-BOND,GL-1200,2028-05-03,0.2651,8049179.77,true
2023-05-12,SEC-TBILL-00,SECURITY_HOLDING,GHS,7093652.67,CP-GOG,SEC-TBILL,GL-1200,2023-11-10,0.2099,7093652.67,true
2023-05-12,SEC-TBILL-01,SECURITY_HOLDING,GHS,7092876.58,CP-GOG,SEC-TBILL,GL-1200,2023-11-10,0.2099,7092876.58,true
2023-05-12,SEC-TBILL-02,SECURITY_HOLDING,GHS,10134282.13,CP-GOG,SEC-TBILL,GL-1200,2023-11-10,0.2099,10134282.13,true
2023-05-12,SEC-TBILL-03,SECURITY_HOLDING,GHS,6474656.47,CP-GOG,SEC-TBILL,GL-1200,2023-11-10,0.2099,6474656.47,true
2023-05-12,SEC-TBILL-04,SECURITY_HOLDING,GHS,5424932.83,CP-GOG,SEC-TBILL,GL-1200,2024-05-10,0.2099,5424932.83,true
2023-05-12,SEC-TBILL-05,SECURITY_HOLDING,GHS,8287933.17,CP-GOG,SEC-TBILL,GL-1200,2023-11-10,0.2099,8287933.17,true
2023-05-12,SEC-BOND-06,SECURITY_HOLDING,GHS,8315820.72,CP-GOG,SEC-BOND,GL-1200,2025-05-11,0.2099,8315820.72,true
2023-05-12,SEC-BOND-07,SECURITY_HOLDING,GHS,7719569.57,CP-GOG,SEC-BOND,GL-1200,2026-05-11,0.2099,7719569.57,true
2023-05-12,SEC-BOND-08,SECURITY_HOLDING,GHS,7765977.77,CP-GOG,SEC-BOND,GL-1200,2026-05-11,0.2099,7765977.77,true
2023-05-12,SEC-BOND-09,SECURITY_HOLDING,GHS,4621214.36,CP-GOG,SEC-BOND,GL-1200,2028-05-10,0.2099,4621214.36,true
2023-05-19,SEC-TBILL-00,SECURITY_HOLDING,GHS,7319772.32,CP-GOG,SEC-TBILL,GL-1200,2023-08-18,0.2365,7319772.32,true
2023-05-19,SEC-TBILL-01,SECURITY_HOLDING,GHS,7319146.71,CP-GOG,SEC-TBILL,GL-1200,2023-11-17,0.2365,7319146.71,true
2023-05-19,SEC-TBILL-02,SECURITY_HOLDING,GHS,7190104.15,CP-GOG,SEC-TBILL,GL-1200,2023-11-17,0.2365,7190104.15,true
2023-05-19,SEC-TBILL-03,SECURITY_HOLDING,GHS,4240074.47,CP-GOG,SEC-TBILL,GL-1200,2023-08-18,0.2365,4240074.47,true
2023-05-19,SEC-TBILL-04,SECURITY_HOLDING,GHS,5974614.78,CP-GOG,SEC-TBILL,GL-1200,2023-11-17,0.2365,5974614.78,true
2023-05-19,SEC-TBILL-05,SECURITY_HOLDING,GHS,8282483.60,CP-GOG,SEC-TBILL,GL-1200,2024-05-17,0.2365,8282483.60,true
2023-05-19,SEC-BOND-06,SECURITY_HOLDING,GHS,8304963.80,CP-GOG,SEC-BOND,GL-1200,2026-05-18,0.2365,8304963.80,true
2023-05-19,SEC-BOND-07,SECURITY_HOLDING,GHS,7824324.86,CP-GOG,SEC-BOND,GL-1200,2028-05-17,0.2365,7824324.86,true
2023-05-19,SEC-BOND-08,SECURITY_HOLDING,GHS,7861734.59,CP-GOG,SEC-BOND,GL-1200,2026-05-18,0.2365,7861734.59,true
2023-05-19,SEC-BOND-09,SECURITY_HOLDING,GHS,7907460.23,CP-GOG,SEC-BOND,GL-1200,2025-05-18,0.2365,7907460.23,true
2023-05-26,SEC-TBILL-00,SECURITY_HOLDING,GHS,7400568.45,CP-GOG,SEC-TBILL,GL-1200,2023-11-24,0.2214,7400568.45,true
2023-05-26,SEC-TBILL-01,SECURITY_HOLDING,GHS,7399838.25,CP-GOG,SEC-TBILL,GL-1200,2024-05-24,0.2214,7399838.25,true
2023-05-26,SEC-TBILL-02,SECURITY_HOLDING,GHS,7249223.83,CP-GOG,SEC-TBILL,GL-1200,2024-05-24,0.2214,7249223.83,true
2023-05-26,SEC-TBILL-03,SECURITY_HOLDING,GHS,6818181.96,CP-GOG,SEC-TBILL,GL-1200,2024-05-24,0.2214,6818181.96,true
2023-05-26,SEC-TBILL-04,SECURITY_HOLDING,GHS,5830542.83,CP-GOG,SEC-TBILL,GL-1200,2023-11-24,0.2214,5830542.83,true
2023-05-26,SEC-TBILL-05,SECURITY_HOLDING,GHS,8524214.80,CP-GOG,SEC-TBILL,GL-1200,2023-08-25,0.2214,8524214.80,true
2023-05-26,SEC-BOND-06,SECURITY_HOLDING,GHS,8550452.99,CP-GOG,SEC-BOND,GL-1200,2025-05-25,0.2214,8550452.99,true
2023-05-26,SEC-BOND-07,SECURITY_HOLDING,GHS,7989466.32,CP-GOG,SEC-BOND,GL-1200,2025-05-25,0.2214,7989466.32,true
2023-05-26,SEC-BOND-08,SECURITY_HOLDING,GHS,8033129.77,CP-GOG,SEC-BOND,GL-1200,2025-05-25,0.2214,8033129.77,true
2023-05-26,SEC-BOND-09,SECURITY_HOLDING,GHS,8086499.30,CP-GOG,SEC-BOND,GL-1200,2028-05-24,0.2214,8086499.30,true
2023-05-31,SEC-TBILL-00,SECURITY_HOLDING,GHS,7407265.11,CP-GOG,SEC-TBILL,GL-1200,2023-08-30,0.2604,7407265.11,true
2023-05-31,SEC-TBILL-01,SECURITY_HOLDING,GHS,7406540.54,CP-GOG,SEC-TBILL,GL-1200,2024-05-29,0.2604,7406540.54,true
2023-05-31,SEC-TBILL-02,SECURITY_HOLDING,GHS,7257086.39,CP-GOG,SEC-TBILL,GL-1200,2023-08-30,0.2604,7257086.39,true
2023-05-31,SEC-TBILL-03,SECURITY_HOLDING,GHS,6829365.11,CP-GOG,SEC-TBILL,GL-1200,2024-05-29,0.2604,6829365.11,true
2023-05-31,SEC-TBILL-04,SECURITY_HOLDING,GHS,5849334.39,CP-GOG,SEC-TBILL,GL-1200,2024-05-29,0.2604,5849334.39,true
2023-05-31,SEC-TBILL-05,SECURITY_HOLDING,GHS,8522255.31,CP-GOG,SEC-TBILL,GL-1200,2023-11-29,0.2604,8522255.31,true
2023-05-31,SEC-BOND-06,SECURITY_HOLDING,GHS,8548291.36,CP-GOG,SEC-BOND,GL-1200,2028-05-29,0.2604,8548291.36,true
2023-05-31,SEC-BOND-07,SECURITY_HOLDING,GHS,7991626.33,CP-GOG,SEC-BOND,GL-1200,2025-05-30,0.2604,7991626.33,true
2023-05-31,SEC-BOND-08,SECURITY_HOLDING,GHS,8034953.41,CP-GOG,SEC-BOND,GL-1200,2025-05-30,0.2604,8034953.41,true
2023-05-31,SEC-BOND-09,SECURITY_HOLDING,GHS,8087911.81,CP-GOG,SEC-BOND,GL-1200,2026-05-30,0.2604,8087911.81,true
2023-06-02,SEC-TBILL-00,SECURITY_HOLDING,GHS,6591630.79,CP-GOG,SEC-TBILL,GL-1200,2024-05-31,0.2462,6591630.79,true
2023-06-02,SEC-TBILL-01,SECURITY_HOLDING,GHS,6590861.64,CP-GOG,SEC-TBILL,GL-1200,2023-12-01,0.2462,6590861.64,true
2023-06-02,SEC-TBILL-02,SECURITY_HOLDING,GHS,9605073.60,CP-GOG,SEC-TBILL,GL-1200,2023-09-01,0.2462,9605073.60,true
2023-06-02,SEC-TBILL-03,SECURITY_HOLDING,GHS,5978169.12,CP-GOG,SEC-TBILL,GL-1200,2023-09-01,0.2462,5978169.12,true
2023-06-02,SEC-TBILL-04,SECURITY_HOLDING,GHS,4937831.18,CP-GOG,SEC-TBILL,GL-1200,2023-09-01,0.2462,4937831.18,true
2023-06-02,SEC-TBILL-05,SECURITY_HOLDING,GHS,7775233.07,CP-GOG,SEC-TBILL,GL-1200,2024-05-31,0.2462,7775233.07,true
2023-06-02,SEC-BOND-06,SECURITY_HOLDING,GHS,7802871.29,CP-GOG,SEC-BOND,GL-1200,2026-06-01,0.2462,7802871.29,true
2023-06-02,SEC-BOND-07,SECURITY_HOLDING,GHS,7211951.29,CP-GOG,SEC-BOND,GL-1200,2026-06-01,0.2462,7211951.29,true
2023-06-02,SEC-BOND-08,SECURITY_HOLDING,GHS,7257944.55,CP-GOG,SEC-BOND,GL-1200,2028-05-31,0.2462,7257944.55,true
2023-06-02,SEC-BOND-09,SECURITY_HOLDING,GHS,10487024.73,CP-GOG,SEC-BOND,GL-1200,2028-05-31,0.2462,10487024.73,true
2023-06-09,SEC-TBILL-00,SECURITY_HOLDING,GHS,7609496.07,CP-GOG,SEC-TBILL,GL-1200,2024-06-07,0.2310,7609496.07,true
2023-06-09,SEC-TBILL-01,SECURITY_HOLDING,GHS,7608812.38,CP-GOG,SEC-TBILL,GL-1200,2023-12-08,0.2310,7608812.38,true
2023-06-09,SEC-TBILL-02,SECURITY_HOLDING,GHS,7467789.15,CP-GOG,SEC-TBILL,GL-1200,2024-06-07,0.2310,7467789.15,true
2023-06-09,SEC-TBILL-03,SECURITY_HOLDING,GHS,4243870.58,CP-GOG,SEC-TBILL,GL-1200,2024-06-07,0.2310,4243870.58,true
2023-06-09,SEC-TBILL-04,SECURITY_HOLDING,GHS,8959776.04,CP-GOG,SEC-TBILL,GL-1200,2023-09-08,0.2310,8959776.04,true
2023-06-09,SEC-TBILL-05,SECURITY_HOLDING,GHS,8661588.13,CP-GOG,SEC-TBILL,GL-1200,2023-12-08,0.2310,8661588.13,true
2023-06-09,SEC-BOND-06,SECURITY_HOLDING,GHS,8686155.45,CP-GOG,SEC-BOND,GL-1200,2026-06-08,0.2310,8686155.45,true
2023-06-09,SEC-BOND-07,SECURITY_HOLDING,GHS,8160892.66,CP-GOG,SEC-BOND,GL-1200,2028-06-07,0.2310,8160892.66,true
2023-06-09,SEC-BOND-08,SECURITY_HOLDING,GHS,8201775.61,CP-GOG,SEC-BOND,GL-1200,2028-06-07,0.2310,8201775.61,true
2023-06-09,SEC-BOND-09,SECURITY_HOLDING,GHS,8251746.55,CP-GOG,SEC-BOND,GL-1200,2028-06-07,0.2310,8251746.55,true
2023-06-16,SEC-TBILL-00,SECURITY_HOLDING,GHS,7508033.97,CP-GOG,SEC-TBILL,GL-1200,2023-12-15,0.2158,7508033.97,true
2023-06-16,SEC-TBILL-01,SECURITY_HOLDING,GHS,7507249.01,CP-GOG,SEC-TBILL,GL-1200,2023-12-15,0.2158,7507249.01,true
2023-06-16,SEC-TBILL-02,SECURITY_HOLDING,GHS,7345337.84,CP-GOG,SEC-TBILL,GL-1200,2024-06-14,0.2158,7345337.84,true
2023-06-16,SEC-TBILL-03,SECURITY_HOLDING,GHS,6881965.94,CP-GOG,SEC-TBILL,GL-1200,2023-09-15,0.2158,6881965.94,true
2023-06-16,SEC-TBILL-04,SECURITY_HOLDING,GHS,5820249.54,CP-GOG,SEC-TBILL,GL-1200,2024-06-14,0.2158,5820249.54,true
2023-06-16,SEC-TBILL-05,SECURITY_HOLDING,GHS,8715958.74,CP-GOG,SEC-TBILL,GL-1200,2024-06-14,0.2158,8715958.74,true
2023-06-16,SEC-BOND-06,SECURITY_HOLDING,GHS,8744164.90,CP-GOG,SEC-BOND,GL-1200,2025-06-15,0.2158,8744164.90,true
2023-06-16,SEC-BOND-07,SECURITY_HOLDING,GHS,8141101.77,CP-GOG,SEC-BOND,GL-1200,2028-06-14,0.2158,8141101.77,true
2023-06-16,SEC-BOND-08,SECURITY_HOLDING,GHS,8188040.17,CP-GOG,SEC-BOND,GL-1200,2026-06-15,0.2158,8188040.17,true
2023-06-16,SEC-BOND-09,SECURITY_HOLDING,GHS,8245412.65,CP-GOG,SEC-BOND,GL-1200,2025-06-15,0.2158,8245412.65,true
2023-06-23,SEC-TBILL-00,SECURITY_HOLDING,GHS,6693631.37,CP-GOG,SEC-TBILL,GL-1200,2023-12-22,0.2407,6693631.37,true
2023-06-23,SEC-TBILL-01,SECURITY_HOLDING,GHS,10304087.26,CP-GOG,SEC-TBILL,GL-1200,2023-12-22,0.2407,10304087.26,true
2023-06-23,SEC-TBILL-02,SECURITY_HOLDING,GHS,9971831.16,CP-GOG,SEC-TBILL,GL-1200,2023-12-22,0.2407,9971831.16,true
2023-06-23,SEC-TBILL-03,SECURITY_HOLDING,GHS,6026271.78,CP-GOG,SEC-TBILL,GL-1200,2023-09-22,0.2407,6026271.78,true
2023-06-23,SEC-TBILL-04,SECURITY_HOLDING,GHS,4894531.18,CP-GOG,SEC-TBILL,GL-1200,2023-12-22,0.2407,4894531.18,true
2023-06-23,SEC-TBILL-05,SECURITY_HOLDING,GHS,7981223.33,CP-GOG,SEC-TBILL,GL-1200,2024-06-21,0.2407,7981223.33,true
2023-06-23,SEC-BOND-06,SECURITY_HOLDING,GHS,4719329.73,CP-GOG,SEC-BOND,GL-1200,2025-06-22,0.2407,4719329.73,true
2023-06-23,SEC-BOND-07,SECURITY_HOLDING,GHS,7368452.37,CP-GOG,SEC-BOND,GL-1200,2026-06-22,0.2407,7368452.37,true
2023-06-23,SEC-BOND-08,SECURITY_HOLDING,GHS,7418486.54,CP-GOG,SEC-BOND,GL-1200,2026-06-22,0.2407,7418486.54,true
2023-06-23,SEC-BOND-09,SECURITY_HOLDING,GHS,11090935.58,CP-GOG,SEC-BOND,GL-1200,2028-06-21,0.2407,11090935.58,true
2023-06-30,SEC-TBILL-00,SECURITY_HOLDING,GHS,8323012.66,CP-GOG,SEC-TBILL,GL-1200,2024-06-28,0.2255,8323012.66,true
2023-06-30,SEC-TBILL-01,SECURITY_HOLDING,GHS,5221268.98,CP-GOG,SEC-TBILL,GL-1200,2023-12-29,0.2255,5221268.98,true
2023-06-30,SEC-TBILL-02,SECURITY_HOLDING,GHS,8159648.58,CP-GOG,SEC-TBILL,GL-1200,2023-09-29,0.2255,8159648.58,true
2023-06-30,SEC-TBILL-03,SECURITY_HOLDING,GHS,4443016.61,CP-GOG,SEC-TBILL,GL-1200,2023-12-29,0.2255,4443016.61,true
2023-06-30,SEC-TBILL-04,SECURITY_HOLDING,GHS,9879656.72,CP-GOG,SEC-TBILL,GL-1200,2023-12-29,0.2255,9879656.72,true
2023-06-30,SEC-TBILL-05,SECURITY_HOLDING,GHS,9535896.57,CP-GOG,SEC-TBILL,GL-1200,2023-09-29,0.2255,9535896.57,true
2023-06-30,SEC-BOND-06,SECURITY_HOLDING,GHS,6463263.03,CP-GOG,SEC-BOND,GL-1200,2025-06-29,0.2255,6463263.03,true
2023-06-30,SEC-BOND-07,SECURITY_HOLDING,GHS,8958679.52,CP-GOG,SEC-BOND,GL-1200,2026-06-29,0.2255,8958679.52,true
2023-06-30,SEC-BOND-08,SECURITY_HOLDING,GHS,9005810.63,CP-GOG,SEC-BOND,GL-1200,2025-06-29,0.2255,9005810.63,true
2023-06-30,SEC-BOND-09,SECURITY_HOLDING,GHS,5962463.16,CP-GOG,SEC-BOND,GL-1200,2028-06-28,0.2255,5962463.16,true
2023-07-07,SEC-TBILL-00,SECURITY_HOLDING,GHS,7854302.40,CP-GOG,SEC-TBILL,GL-1200,2023-10-06,0.2103,7854302.40,true
2023-07-07,SEC-TBILL-01,SECURITY_HOLDING,GHS,11622212.06,CP-GOG,SEC-TBILL,GL-1200,2023-10-06,0.2103,11622212.06,true
2023-07-07,SEC-TBILL-02,SECURITY_HOLDING,GHS,7673312.62,CP-GOG,SEC-TBILL,GL-1200,2024-01-05,0.2103,7673312.62,true
2023-07-07,SEC-TBILL-03,SECURITY_HOLDING,GHS,7157838.93,CP-GOG,SEC-TBILL,GL-1200,2024-07-05,0.2103,7157838.93,true
2023-07-07,SEC-TBILL-04,SECURITY_HOLDING,GHS,5976742.56,CP-GOG,SEC-TBILL,GL-1200,2024-07-05,0.2103,5976742.56,true
2023-07-07,SEC-TBILL-05,SECURITY_HOLDING,GHS,9198046.89,CP-GOG,SEC-TBILL,GL-1200,2024-01-05,0.2103,9198046.89,true
2023-07-07,SEC-BOND-06,SECURITY_HOLDING,GHS,5793900.49,CP-GOG,SEC-BOND,GL-1200,2028-07-05,0.2103,5793900.49,true
2023-07-07,SEC-BOND-07,SECURITY_HOLDING,GHS,5123028.61,CP-GOG,SEC-BOND,GL-1200,2025-07-06,0.2103,5123028.61,true
2023-07-07,SEC-BOND-08,SECURITY_HOLDING,GHS,8610768.87,CP-GOG,SEC-BOND,GL-1200,2025-07-06,0.2103,8610768.87,true
2023-07-07,SEC-BOND-09,SECURITY_HOLDING,GHS,5239068.27,CP-GOG,SEC-BOND,GL-1200,2026-07-06,0.2103,5239068.27,true
2023-07-14,SEC-TBILL-00,SECURITY_HOLDING,GHS,5320185.88,CP-GOG,SEC-TBILL,GL-1200,2024-07-12,0.2351,5320185.88,true
2023-07-14,SEC-TBILL-01,SECURITY_HOLDING,GHS,8410075.00,CP-GOG,SEC-TBILL,GL-1200,2023-10-13,0.2351,8410075.00,true
2023-07-14,SEC-TBILL-02,SECURITY_HOLDING,GHS,8125724.62,CP-GOG,SEC-TBILL,GL-1200,2023-10-13,0.2351,8125724.62,true
2023-07-14,SEC-TBILL-03,SECURITY_HOLDING,GHS,4749048.28,CP-GOG,SEC-TBILL,GL-1200,2024-01-12,0.2351,4749048.28,true
2023-07-14,SEC-TBILL-04,SECURITY_HOLDING,GHS,6871090.77,CP-GOG,SEC-TBILL,GL-1200,2023-10-13,0.2351,6871090.77,true
2023-07-14,SEC-TBILL-05,SECURITY_HOLDING,GHS,6422128.83,CP-GOG,SEC-TBILL,GL-1200,2024-01-12,0.2351,6422128.83,true
2023-07-14,SEC-BOND-06,SECURITY_HOLDING,GHS,9538465.43,CP-GOG,SEC-BOND,GL-1200,2028-07-12,0.2351,9538465.43,true
2023-07-14,SEC-BOND-07,SECURITY_HOLDING,GHS,8988314.31,CP-GOG,SEC-BOND,GL-1200,2028-07-12,0.2351,8988314.31,true
2023-07-14,SEC-BOND-08,SECURITY_HOLDING,GHS,5940529.18,CP-GOG,SEC-BOND,GL-1200,2026-07-13,0.2351,5940529.18,true
2023-07-14,SEC-BOND-09,SECURITY_HOLDING,GHS,9083473.09,CP-GOG,SEC-BOND,GL-1200,2025-07-13,0.2351,9083473.09,true
2023-07-21,SEC-TBILL-00,SECURITY_HOLDING,GHS,8210348.20,CP-GOG,SEC-TBILL,GL-1200,2023-10-20,0.2200,8210348.20,true
2023-07-21,SEC-TBILL-01,SECURITY_HOLDING,GHS,4975930.97,CP-GOG,SEC-TBILL,GL-1200,2023-10-20,0.2200,4975930.97,true
2023-07-21,SEC-TBILL-02,SECURITY_HOLDING,GHS,8039996.41,CP-GOG,SEC-TBILL,GL-1200,2024-07-19,0.2200,8039996.41,true
2023-07-21,SEC-TBILL-03,SECURITY_HOLDING,GHS,10945251.37,CP-GOG,SEC-TBILL,GL-1200,2023-10-20,0.2200,10945251.37,true
2023-07-21,SEC-TBILL-04,SECURITY_HOLDING,GHS,6599980.60,CP-GOG,SEC-TBILL,GL-1200,2024-07-19,0.2200,6599980.60,true
2023-07-21,SEC-TBILL-05,SECURITY_HOLDING,GHS,9475111.84,CP-GOG,SEC-TBILL,GL-1200,2024-07-19,0.2200,9475111.84,true
2023-07-21,SEC-BOND-06,SECURITY_HOLDING,GHS,6271049.90,CP-GOG,SEC-BOND,GL-1200,2026-07-20,0.2200,6271049.90,true
2023-07-21,SEC-BOND-07,SECURITY_HOLDING,GHS,5639609.65,CP-GOG,SEC-BOND,GL-1200,2026-07-20,0.2200,5639609.65,true
2023-07-21,SEC-BOND-08,SECURITY_HOLDING,GHS,8922352.08,CP-GOG,SEC-BOND,GL-1200,2026-07-20,0.2200,8922352.08,true
2023-07-21,SEC-BOND-09,SECURITY_HOLDING,GHS,5748828.88,CP-GOG,SEC-BOND,GL-1200,2026-07-20,0.2200,5748828.88,true
2023-07-28,SEC-TBILL-00,SECURITY_HOLDING,GHS,6227259.62,CP-GOG,SEC-TBILL,GL-1200,2023-10-27,0.2048,6227259.62,true
2023-07-28,SEC-TBILL-01,SECURITY_HOLDING,GHS,9416845.37,CP-GOG,SEC-TBILL,GL-1200,2024-07-26,0.2048,9416845.37,true
2023-07-28,SEC-TBILL-02,SECURITY_HOLDING,GHS,6074049.36,CP-GOG,SEC-TBILL,GL-1200,2023-10-27,0.2048,6074049.36,true
2023-07-28,SEC-TBILL-03,SECURITY_HOLDING,GHS,5637694.01,CP-GOG,SEC-TBILL,GL-1200,2024-07-26,0.2048,5637694.01,true
2023-07-28,SEC-TBILL-04,SECURITY_HOLDING,GHS,7828205.13,CP-GOG,SEC-TBILL,GL-1200,2023-10-27,0.2048,7828205.13,true
2023-07-28,SEC-TBILL-05,SECURITY_HOLDING,GHS,7364757.24,CP-GOG,SEC-TBILL,GL-1200,2024-01-26,0.2048,7364757.24,true
2023-07-28,SEC-BOND-06,SECURITY_HOLDING,GHS,4483101.94,CP-GOG,SEC-BOND,GL-1200,2028-07-26,0.2048,4483101.94,true
2023-07-28,SEC-BOND-07,SECURITY_HOLDING,GHS,10013741.81,CP-GOG,SEC-BOND,GL-1200,2025-07-27,0.2048,10013741.81,true
2023-07-28,SEC-BOND-08,SECURITY_HOLDING,GHS,6867618.57,CP-GOG,SEC-BOND,GL-1200,2028-07-26,0.2048,6867618.57,true
2023-07-28,SEC-BOND-09,SECURITY_HOLDING,GHS,10111970.93,CP-GOG,SEC-BOND,GL-1200,2025-07-27,0.2048,10111970.93,true
2023-07-31,SEC-TBILL-00,SECURITY_HOLDING,GHS,5690780.41,CP-GOG,SEC-TBILL,GL-1200,2024-01-29,0.2617,5690780.41,true
2023-07-31,SEC-TBILL-01,SECURITY_HOLDING,GHS,5689838.27,CP-GOG,SEC-TBILL,GL-1200,2023-10-30,0.2617,5689838.27,true
2023-07-31,SEC-TBILL-02,SECURITY_HOLDING,GHS,5495505.02,CP-GOG,SEC-TBILL,GL-1200,2023-10-30,0.2617,5495505.02,true
2023-07-31,SEC-TBILL-03,SECURITY_HOLDING,GHS,12712291.44,CP-GOG,SEC-TBILL,GL-1200,2024-07-29,0.2617,12712291.44,true
2023-07-31,SEC-TBILL-04,SECURITY_HOLDING,GHS,11437970.50,CP-GOG,SEC-TBILL,GL-1200,2024-07-29,0.2617,11437970.50,true
2023-07-31,SEC-TBILL-05,SECURITY_HOLDING,GHS,7140587.37,CP-GOG,SEC-TBILL,GL-1200,2023-10-30,0.2617,7140587.37,true
2023-07-31,SEC-BOND-06,SECURITY_HOLDING,GHS,7174441.70,CP-GOG,SEC-BOND,GL-1200,2025-07-30,0.2617,7174441.70,true
2023-07-31,SEC-BOND-07,SECURITY_HOLDING,GHS,6450617.55,CP-GOG,SEC-BOND,GL-1200,2028-07-29,0.2617,6450617.55,true
2023-07-31,SEC-BOND-08,SECURITY_HOLDING,GHS,6506955.18,CP-GOG,SEC-BOND,GL-1200,2026-07-30,0.2617,6506955.18,true
2023-07-31,SEC-BOND-09,SECURITY_HOLDING,GHS,6575816.28,CP-GOG,SEC-BOND,GL-1200,2028-07-29,0.2617,6575816.28,true
2023-08-04,SEC-TBILL-00,SECURITY_HOLDING,GHS,5496320.97,CP-GOG,SEC-TBILL,GL-1200,2023-11-03,0.2296,5496320.97,true
2023-08-04,SEC-TBILL-01,SECURITY_HOLDING,GHS,8953882.95,CP-GOG,SEC-TBILL,GL-1200,2023-11-03,0.2296,8953882.95,true
2023-08-04,SEC-TBILL-02,SECURITY_HOLDING,GHS,5330238.60,CP-GOG,SEC-TBILL,GL-1200,2024-08-02,0.2296,5330238.60,true
2023-08-04,SEC-TBILL-03,SECURITY_HOLDING,GHS,4857222.42,CP-GOG,SEC-TBILL,GL-1200,2023-11-03,0.2296,4857222.42,true
2023-08-04,SEC-TBILL-04,SECURITY_HOLDING,GHS,7231771.52,CP-GOG,SEC-TBILL,GL-1200,2024-08-02,0.2296,7231771.52,true
2023-08-04,SEC-TBILL-05,SECURITY_HOLDING,GHS,10187749.87,CP-GOG,SEC-TBILL,GL-1200,2023-11-03,0.2296,10187749.87,true
2023-08-04,SEC-BOND-06,SECURITY_HOLDING,GHS,10216543.10,CP-GOG,SEC-BOND,GL-1200,2025-08-03,0.2296,10216543.10,true
2023-08-04,SEC-BOND-07,SECURITY_HOLDING,GHS,9600928.25,CP-GOG,SEC-BOND,GL-1200,2026-08-03,0.2296,9600928.25,true
2023-08-04,SEC-BOND-08,SECURITY_HOLDING,GHS,6190480.32,CP-GOG,SEC-BOND,GL-1200,2025-08-03,0.2296,6190480.32,true
2023-08-04,SEC-BOND-09,SECURITY_HOLDING,GHS,9707410.19,CP-GOG,SEC-BOND,GL-1200,2026-08-03,0.2296,9707410.19,true
2023-08-11,SEC-TBILL-00,SECURITY_HOLDING,GHS,7523183.90,CP-GOG,SEC-TBILL,GL-1200,2024-08-09,0.2144,7523183.90,true
2023-08-11,SEC-TBILL-01,SECURITY_HOLDING,GHS,10969537.41,CP-GOG,SEC-TBILL,GL-1200,2023-11-10,0.2144,10969537.41,true
2023-08-11,SEC-TBILL-02,SECURITY_HOLDING,GHS,7357639.93,CP-GOG,SEC-TBILL,GL-1200,2024-02-09,0.2144,7357639.93,true
2023-08-11,SEC-TBILL-03,SECURITY_HOLDING,GHS,10180900.22,CP-GOG,SEC-TBILL,GL-1200,2024-02-09,0.2144,10180900.22,true
2023-08-11,SEC-TBILL-04,SECURITY_HOLDING,GHS,5958265.52,CP-GOG,SEC-TBILL,GL-1200,2024-08-09,0.2144,5958265.52,true
2023-08-11,SEC-TBILL-05,SECURITY_HOLDING,GHS,5609918.31,CP-GOG,SEC-TBILL,GL-1200,2023-11-10,0.2144,5609918.31,true
2023-08-11,SEC-BOND-06,SECURITY_HOLDING,GHS,5638618.20,CP-GOG,SEC-BOND,GL-1200,2025-08-10,0.2144,5638618.20,true
2023-08-11,SEC-BOND-07,SECURITY_HOLDING,GHS,8319742.09,CP-GOG,SEC-BOND,GL-1200,2026-08-10,0.2144,8319742.09,true
2023-08-11,SEC-BOND-08,SECURITY_HOLDING,GHS,8215092.98,CP-GOG,SEC-BOND,GL-1200,2025-08-10,0.2144,8215092.98,true
2023-08-11,SEC-BOND-09,SECURITY_HOLDING,GHS,5131135.76,CP-GOG,SEC-BOND,GL-1200,2028-08-09,0.2144,5131135.76,true
2023-08-18,SEC-TBILL-00,SECURITY_HOLDING,GHS,5448979.61,CP-GOG,SEC-TBILL,GL-1200,2024-02-16,0.2793,5448979.61,true
2023-08-18,SEC-TBILL-01,SECURITY_HOLDING,GHS,8442562.70,CP-GOG,SEC-TBILL,GL-1200,2023-11-17,0.2793,8442562.70,true
2023-08-18,SEC-TBILL-02,SECURITY_HOLDING,GHS,5305184.25,CP-GOG,SEC-TBILL,GL-1200,2024-02-16,0.2793,5305184.25,true
2023-08-18,SEC-TBILL-03,SECURITY_HOLDING,GHS,4895643.30,CP-GOG,SEC-TBILL,GL-1200,2024-08-16,0.2793,4895643.30,true
2023-08-18,SEC-TBILL-04,SECURITY_HOLDING,GHS,6951545.71,CP-GOG,SEC-TBILL,GL-1200,2023-11-17,0.2793,6951545.71,true
2023-08-18,SEC-TBILL-05,SECURITY_HOLDING,GHS,9510853.92,CP-GOG,SEC-TBILL,GL-1200,2024-08-16,0.2793,9510853.92,true
2023-08-18,SEC-BOND-06,SECURITY_HOLDING,GHS,9535783.31,CP-GOG,SEC-BOND,GL-1200,2025-08-17,0.2793,9535783.31,true
2023-08-18,SEC-BOND-07,SECURITY_HOLDING,GHS,9002779.37,CP-GOG,SEC-BOND,GL-1200,2026-08-17,0.2793,9002779.37,true
2023-08-18,SEC-BOND-08,SECURITY_HOLDING,GHS,6049987.98,CP-GOG,SEC-BOND,GL-1200,2025-08-17,0.2793,6049987.98,true
2023-08-18,SEC-BOND-09,SECURITY_HOLDING,GHS,9094972.23,CP-GOG,SEC-BOND,GL-1200,2025-08-17,0.2793,9094972.23,true
2023-08-25,SEC-TBILL-00,SECURITY_HOLDING,GHS,4713603.50,CP-GOG,SEC-TBILL,GL-1200,2024-08-23,0.2641,4713603.50,true
2023-08-25,SEC-TBILL-01,SECURITY_HOLDING,GHS,7947637.69,CP-GOG,SEC-TBILL,GL-1200,2023-11-24,0.2641,7947637.69,true
2023-08-25,SEC-TBILL-02,SECURITY_HOLDING,GHS,4558258.18,CP-GOG,SEC-TBILL,GL-1200,2024-02-23,0.2641,4558258.18,true
2023-08-25,SEC-TBILL-03,SECURITY_HOLDING,GHS,10299350.05,CP-GOG,SEC-TBILL,GL-1200,2023-11-24,0.2641,10299350.05,true
2023-08-25,SEC-TBILL-04,SECURITY_HOLDING,GHS,6336858.97,CP-GOG,SEC-TBILL,GL-1200,2024-02-23,0.2641,6336858.97,true
2023-08-25,SEC-TBILL-05,SECURITY_HOLDING,GHS,9101736.40,CP-GOG,SEC-TBILL,GL-1200,2024-08-23,0.2641,9101736.40,true
2023-08-25,SEC-BOND-06,SECURITY_HOLDING,GHS,9128668.17,CP-GOG,SEC-BOND,GL-1200,2026-08-24,0.2641,9128668.17,true
2023-08-25,SEC-BOND-07,SECURITY_HOLDING,GHS,8552852.19,CP-GOG,SEC-BOND,GL-1200,2025-08-24,0.2641,8552852.19,true
2023-08-25,SEC-BOND-08,SECURITY_HOLDING,GHS,8597669.85,CP-GOG,SEC-BOND,GL-1200,2026-08-24,0.2641,8597669.85,true
2023-08-25,SEC-BOND-09,SECURITY_HOLDING,GHS,8652450.18,CP-GOG,SEC-BOND,GL-1200,2028-08-23,0.2641,8652450.18,true
2023-08-31,SEC-TBILL-00,SECURITY_HOLDING,GHS,5087572.92,CP-GOG,SEC-TBILL,GL-1200,2024-02-29,0.2578,5087572.92,true
2023-08-31,SEC-TBILL-01,SECURITY_HOLDING,GHS,5086671.80,CP-GOG,SEC-TBILL,GL-1200,2024-02-29,0.2578,5086671.80,true
2023-08-31,SEC-TBILL-02,SECURITY_HOLDING,GHS,12335249.31,CP-GOG,SEC-TBILL,GL-1200,2023-11-30,0.2578,12335249.31,true
2023-08-31,SEC-TBILL-03,SECURITY_HOLDING,GHS,11803308.86,CP-GOG,SEC-TBILL,GL-1200,2023-11-30,0.2578,11803308.86,true
2023-08-31,SEC-TBILL-04,SECURITY_HOLDING,GHS,10584482.48,CP-GOG,SEC-TBILL,GL-1200,2023-11-30,0.2578,10584482.48,true
2023-08-31,SEC-TBILL-05,SECURITY_HOLDING,GHS,6474243.20,CP-GOG,SEC-TBILL,GL-1200,2024-08-29,0.2578,6474243.20,true
2023-08-31,SEC-BOND-06,SECURITY_HOLDING,GHS,6506623.24,CP-GOG,SEC-BOND,GL-1200,2025-08-30,0.2578,6506623.24,true
2023-08-31,SEC-BOND-07,SECURITY_HOLDING,GHS,5814320.42,CP-GOG,SEC-BOND,GL-1200,2025-08-30,0.2578,5814320.42,true
2023-08-31,SEC-BOND-08,SECURITY_HOLDING,GHS,5868204.64,CP-GOG,SEC-BOND,GL-1200,2026-08-30,0.2578,5868204.64,true
2023-08-31,SEC-BOND-09,SECURITY_HOLDING,GHS,5934066.95,CP-GOG,SEC-BOND,GL-1200,2028-08-29,0.2578,5934066.95,true
2023-09-01,SEC-TBILL-00,SECURITY_HOLDING,GHS,7674402.68,CP-GOG,SEC-TBILL,GL-1200,2024-03-01,0.2089,7674402.68,true
2023-09-01,SEC-TBILL-01,SECURITY_HOLDING,GHS,11416575.87,CP-GOG,SEC-TBILL,GL-1200,2024-03-01,0.2089,11416575.87,true
2023-09-01,SEC-TBILL-02,SECURITY_HOLDING,GHS,7494649.15,CP-GOG,SEC-TBILL,GL-1200,2023-12-01,0.2089,7494649.15,true
2023-09-01,SEC-TBILL-03,SECURITY_HOLDING,GHS,10560245.56,CP-GOG,SEC-TBILL,GL-1200,2023-12-01,0.2089,10560245.56,true
2023-09-01,SEC-TBILL-04,SECURITY_HOLDING,GHS,5975158.66,CP-GOG,SEC-TBILL,GL-1200,2024-08-30,0.2089,5975158.66,true
2023-09-01,SEC-TBILL-05,SECURITY_HOLDING,GHS,9174460.06,CP-GOG,SEC-TBILL,GL-1200,2024-03-01,0.2089,9174460.06,true
2023-09-01,SEC-BOND-06,SECURITY_HOLDING,GHS,5628074.23,CP-GOG,SEC-BOND,GL-1200,2025-08-31,0.2089,5628074.23,true
2023-09-01,SEC-BOND-07,SECURITY_HOLDING,GHS,8539333.88,CP-GOG,SEC-BOND,GL-1200,2025-08-31,0.2089,8539333.88,true
2023-09-01,SEC-BOND-08,SECURITY_HOLDING,GHS,5013644.22,CP-GOG,SEC-BOND,GL-1200,2028-08-30,0.2089,5013644.22,true
2023-09-01,SEC-BOND-09,SECURITY_HOLDING,GHS,5077031.75,CP-GOG,SEC-BOND,GL-1200,2026-08-31,0.2089,5077031.75,true
2023-09-08,SEC-TBILL-00,SECURITY_HOLDING,GHS,4825835.85,CP-GOG,SEC-TBILL,GL-1200,2024-09-06,0.2737,4825835.85,true
2023-09-08,SEC-TBILL-01,SECURITY_HOLDING,GHS,7684629.31,CP-GOG,SEC-TBILL,GL-1200,2024-09-06,0.2737,7684629.31,true
2023-09-08,SEC-TBILL-02,SECURITY_HOLDING,GHS,7547971.03,CP-GOG,SEC-TBILL,GL-1200,2024-03-08,0.2737,7547971.03,true
2023-09-08,SEC-TBILL-03,SECURITY_HOLDING,GHS,7156870.15,CP-GOG,SEC-TBILL,GL-1200,2023-12-08,0.2737,7156870.15,true
2023-09-08,SEC-TBILL-04,SECURITY_HOLDING,GHS,6260747.13,CP-GOG,SEC-TBILL,GL-1200,2024-03-08,0.2737,6260747.13,true
2023-09-08,SEC-TBILL-05,SECURITY_HOLDING,GHS,8704819.45,CP-GOG,SEC-TBILL,GL-1200,2024-09-06,0.2737,8704819.45,true
2023-09-08,SEC-BOND-06,SECURITY_HOLDING,GHS,8728626.37,CP-GOG,SEC-BOND,GL-1200,2026-09-07,0.2737,8728626.37,true
2023-09-08,SEC-BOND-07,SECURITY_HOLDING,GHS,8219621.56,CP-GOG,SEC-BOND,GL-1200,2028-09-06,0.2737,8219621.56,true
2023-09-08,SEC-BOND-08,SECURITY_HOLDING,GHS,8259239.09,CP-GOG,SEC-BOND,GL-1200,2028-09-06,0.2737,8259239.09,true
2023-09-08,SEC-BOND-09,SECURITY_HOLDING,GHS,8307663.32,CP-GOG,SEC-BOND,GL-1200,2028-09-06,0.2737,8307663.32,true
2023-09-15,SEC-TBILL-00,SECURITY_HOLDING,GHS,4618599.97,CP-GOG,SEC-TBILL,GL-1200,2024-09-13,0.2586,4618599.97,true
2023-09-15,SEC-TBILL-01,SECURITY_HOLDING,GHS,8103423.20,CP-GOG,SEC-TBILL,GL-1200,2023-12-15,0.2586,8103423.20,true
2023-09-15,SEC-TBILL-02,SECURITY_HOLDING,GHS,7936838.97,CP-GOG,SEC-TBILL,GL-1200,2024-03-15,0.2586,7936838.97,true
2023-09-15,SEC-TBILL-03,SECURITY_HOLDING,GHS,7460093.28,CP-GOG,SEC-TBILL,GL-1200,2024-09-13,0.2586,7460093.28,true
2023-09-15,SEC-TBILL-04,SECURITY_HOLDING,GHS,6367733.73,CP-GOG,SEC-TBILL,GL-1200,2023-12-15,0.2586,6367733.73,true
2023-09-15,SEC-TBILL-05,SECURITY_HOLDING,GHS,9347018.58,CP-GOG,SEC-TBILL,GL-1200,2024-09-13,0.2586,9347018.58,true
2023-09-15,SEC-BOND-06,SECURITY_HOLDING,GHS,9376038.83,CP-GOG,SEC-BOND,GL-1200,2025-09-14,0.2586,9376038.83,true
2023-09-15,SEC-BOND-07,SECURITY_HOLDING,GHS,8755570.15,CP-GOG,SEC-BOND,GL-1200,2028-09-13,0.2586,8755570.15,true
2023-09-15,SEC-BOND-08,SECURITY_HOLDING,GHS,8803863.28,CP-GOG,SEC-BOND,GL-1200,2025-09-14,0.2586,8803863.28,true
2023-09-15,SEC-BOND-09,SECURITY_HOLDING,GHS,8862891.65,CP-GOG,SEC-BOND,GL-1200,2028-09-13,0.2586,8862891.65,true
2023-09-22,SEC-TBILL-00,SECURITY_HOLDING,GHS,6649371.07,CP-GOG,SEC-TBILL,GL-1200,2024-03-22,0.2034,6649371.07,true
2023-09-22,SEC-TBILL-01,SECURITY_HOLDING,GHS,6801831.61,CP-GOG,SEC-TBILL,GL-1200,2023-12-22,0.2034,6801831.61,true
2023-09-22,SEC-TBILL-02,SECURITY_HOLDING,GHS,9949379.86,CP-GOG,SEC-TBILL,GL-1200,2024-09-20,0.2034,9949379.86,true
2023-09-22,SEC-TBILL-03,SECURITY_HOLDING,GHS,6162036.10,CP-GOG,SEC-TBILL,GL-1200,2024-09-20,0.2034,6162036.10,true
2023-09-22,SEC-TBILL-04,SECURITY_HOLDING,GHS,5075677.91,CP-GOG,SEC-TBILL,GL-1200,2024-03-22,0.2034,5075677.91,true
2023-09-22,SEC-TBILL-05,SECURITY_HOLDING,GHS,8038594.75,CP-GOG,SEC-TBILL,GL-1200,2024-09-20,0.2034,8038594.75,true
2023-09-22,SEC-BOND-06,SECURITY_HOLDING,GHS,4754238.27,CP-GOG,SEC-BOND,GL-1200,2026-09-21,0.2034,4754238.27,true
2023-09-22,SEC-BOND-07,SECURITY_HOLDING,GHS,7450395.70,CP-GOG,SEC-BOND,GL-1200,2025-09-21,0.2034,7450395.70,true
2023-09-22,SEC-BOND-08,SECURITY_HOLDING,GHS,10811640.80,CP-GOG,SEC-BOND,GL-1200,2026-09-21,0.2034,10811640.80,true
2023-09-22,SEC-BOND-09,SECURITY_HOLDING,GHS,10870344.87,CP-GOG,SEC-BOND,GL-1200,2025-09-21,0.2034,10870344.87,true
2023-09-29,SEC-TBILL-00,SECURITY_HOLDING,GHS,4989419.41,CP-GOG,SEC-TBILL,GL-1200,2024-03-29,0.2682,4989419.41,true
2023-09-29,SEC-TBILL-01,SECURITY_HOLDING,GHS,8196162.87,CP-GOG,SEC-TBILL,GL-1200,2024-09-27,0.2682,8196162.87,true
2023-09-29,SEC-TBILL-02,SECURITY_HOLDING,GHS,8042871.62,CP-GOG,SEC-TBILL,GL-1200,2024-03-29,0.2682,8042871.62,true
2023-09-29,SEC-TBILL-03,SECURITY_HOLDING,GHS,7604168.99,CP-GOG,SEC-TBILL,GL-1200,2023-12-29,0.2682,7604168.99,true
2023-09-29,SEC-TBILL-04,SECURITY_HOLDING,GHS,6598976.87,CP-GOG,SEC-TBILL,GL-1200,2024-03-29,0.2682,6598976.87,true
2023-09-29,SEC-TBILL-05,SECURITY_HOLDING,GHS,9340522.59,CP-GOG,SEC-TBILL,GL-1200,2024-03-29,0.2682,9340522.59,true
2023-09-29,SEC-BOND-06,SECURITY_HOLDING,GHS,9367227.10,CP-GOG,SEC-BOND,GL-1200,2026-09-28,0.2682,9367227.10,true
2023-09-29,SEC-BOND-07,SECURITY_HOLDING,GHS,8796270.20,CP-GOG,SEC-BOND,GL-1200,2025-09-28,0.2682,8796270.20,true
2023-09-29,SEC-BOND-08,SECURITY_HOLDING,GHS,8840709.67,CP-GOG,SEC-BOND,GL-1200,2028-09-27,0.2682,8840709.67,true
2023-09-29,SEC-BOND-09,SECURITY_HOLDING,GHS,8895027.72,CP-GOG,SEC-BOND,GL-1200,2028-09-27,0.2682,8895027.72,true
2023-09-30,SEC-TBILL-00,SECURITY_HOLDING,GHS,5204036.38,CP-GOG,SEC-TBILL,GL-1200,2023-12-30,0.2611,5204036.38,true
2023-09-30,SEC-TBILL-01,SECURITY_HOLDING,GHS,8957458.59,CP-GOG,SEC-TBILL,GL-1200,2024-09-28,0.2611,8957458.59,true
2023-09-30,SEC-TBILL-02,SECURITY_HOLDING,GHS,5023742.51,CP-GOG,SEC-TBILL,GL-1200,2023-12-30,0.2611,5023742.51,true
2023-09-30,SEC-TBILL-03,SECURITY_HOLDING,GHS,8098554.14,CP-GOG,SEC-TBILL,GL-1200,2023-12-30,0.2611,8098554.14,true
2023-09-30,SEC-TBILL-04,SECURITY_HOLDING,GHS,10676291.10,CP-GOG,SEC-TBILL,GL-1200,2024-09-28,0.2611,10676291.10,true
2023-09-30,SEC-TBILL-05,SECURITY_HOLDING,GHS,6542614.23,CP-GOG,SEC-TBILL,GL-1200,2024-09-28,0.2611,6542614.23,true
2023-09-30,SEC-BOND-06,SECURITY_HOLDING,GHS,10328163.34,CP-GOG,SEC-BOND,GL-1200,2028-09-28,0.2611,10328163.34,true
2023-09-30,SEC-BOND-07,SECURITY_HOLDING,GHS,9659870.93,CP-GOG,SEC-BOND,GL-1200,2028-09-28,0.2611,9659870.93,true
2023-09-30,SEC-BOND-08,SECURITY_HOLDING,GHS,5957594.27,CP-GOG,SEC-BOND,GL-1200,2028-09-28,0.2611,5957594.27,true
2023-09-30,SEC-BOND-09,SECURITY_HOLDING,GHS,9775464.42,CP-GOG,SEC-BOND,GL-1200,2025-09-29,0.2611,9775464.42,true
2023-10-06,SEC-TBILL-00,SECURITY_HOLDING,GHS,7627555.88,CP-GOG,SEC-TBILL,GL-1200,2024-01-05,0.2530,7627555.88,true
2023-10-06,SEC-TBILL-01,SECURITY_HOLDING,GHS,7626749.97,CP-GOG,SEC-TBILL,GL-1200,2024-01-05,0.2530,7626749.97,true
2023-10-06,SEC-TBILL-02,SECURITY_HOLDING,GHS,7460517.62,CP-GOG,SEC-TBILL,GL-1200,2024-01-05,0.2530,7460517.62,true
2023-10-06,SEC-TBILL-03,SECURITY_HOLDING,GHS,6984779.01,CP-GOG,SEC-TBILL,GL-1200,2024-01-05,0.2530,6984779.01,true
2023-10-06,SEC-TBILL-04,SECURITY_HOLDING,GHS,5894726.95,CP-GOG,SEC-TBILL,GL-1200,2024-04-05,0.2530,5894726.95,true
2023-10-06,SEC-TBILL-05,SECURITY_HOLDING,GHS,8867718.38,CP-GOG,SEC-TBILL,GL-1200,2024-01-05,0.2530,8867718.38,true
2023-10-06,SEC-BOND-06,SECURITY_HOLDING,GHS,8896677.33,CP-GOG,SEC-BOND,GL-1200,2028-10-04,0.2530,8896677.33,true
2023-10-06,SEC-BOND-07,SECURITY_HOLDING,GHS,8277519.32,CP-GOG,SEC-BOND,GL-1200,2026-10-05,0.2530,8277519.32,true
2023-10-06,SEC-BOND-08,SECURITY_HOLDING,GHS,8325710.45,CP-GOG,SEC-BOND,GL-1200,2028-10-04,0.2530,8325710.45,true
2023-10-06,SEC-BOND-09,SECURITY_HOLDING,GHS,8384614.12,CP-GOG,SEC-BOND,GL-1200,2026-10-05,0.2530,8384614.12,true
2023-10-13,SEC-TBILL-00,SECURITY_HOLDING,GHS,8834132.18,CP-GOG,SEC-TBILL,GL-1200,2024-10-11,0.2778,8834132.18,true
2023-10-13,SEC-TBILL-01,SECURITY_HOLDING,GHS,5802765.62,CP-GOG,SEC-TBILL,GL-1200,2024-04-12,0.2778,5802765.62,true
2023-10-13,SEC-TBILL-02,SECURITY_HOLDING,GHS,8681858.44,CP-GOG,SEC-TBILL,GL-1200,2024-10-11,0.2778,8681858.44,true
2023-10-13,SEC-TBILL-03,SECURITY_HOLDING,GHS,5217538.49,CP-GOG,SEC-TBILL,GL-1200,2024-04-12,0.2778,5217538.49,true
2023-10-13,SEC-TBILL-04,SECURITY_HOLDING,GHS,4223836.15,CP-GOG,SEC-TBILL,GL-1200,2024-01-12,0.2778,4223836.15,true
2023-10-13,SEC-TBILL-05,SECURITY_HOLDING,GHS,6934044.82,CP-GOG,SEC-TBILL,GL-1200,2024-04-12,0.2778,6934044.82,true
2023-10-13,SEC-BOND-06,SECURITY_HOLDING,GHS,9991075.97,CP-GOG,SEC-BOND,GL-1200,2028-10-11,0.2778,9991075.97,true
2023-10-13,SEC-BOND-07,SECURITY_HOLDING,GHS,6396013.47,CP-GOG,SEC-BOND,GL-1200,2026-10-12,0.2778,6396013.47,true
2023-10-13,SEC-BOND-08,SECURITY_HOLDING,GHS,9470576.86,CP-GOG,SEC-BOND,GL-1200,2028-10-11,0.2778,9470576.86,true
2023-10-13,SEC-BOND-09,SECURITY_HOLDING,GHS,9524274.03,CP-GOG,SEC-BOND,GL-1200,2026-10-12,0.2778,9524274.03,true
2023-10-20,SEC-TBILL-00,SECURITY_HOLDING,GHS,7697713.60,CP-GOG,SEC-TBILL,GL-1200,2024-04-19,0.2627,7697713.60,true
2023-10-20,SEC-TBILL-01,SECURITY_HOLDING,GHS,7696977.64,CP-GOG,SEC-TBILL,GL-1200,2024-01-19,0.2627,7696977.64,true
2023-10-20,SEC-TBILL-02,SECURITY_HOLDING,GHS,7545173.58,CP-GOG,SEC-TBILL,GL-1200,2024-10-18,0.2627,7545173.58,true
2023-10-20,SEC-TBILL-03,SECURITY_HOLDING,GHS,7110727.14,CP-GOG,SEC-TBILL,GL-1200,2024-01-19,0.2627,7110727.14,true
2023-10-20,SEC-TBILL-04,SECURITY_HOLDING,GHS,6115287.15,CP-GOG,SEC-TBILL,GL-1200,2024-10-18,0.2627,6115287.15,true
2023-10-20,SEC-TBILL-05,SECURITY_HOLDING,GHS,8830235.07,CP-GOG,SEC-TBILL,GL-1200,2024-04-19,0.2627,8830235.07,true
2023-10-20,SEC-BOND-06,SECURITY_HOLDING,GHS,8856680.49,CP-GOG,SEC-BOND,GL-1200,2026-10-19,0.2627,8856680.49,true
2023-10-20,SEC-BOND-07,SECURITY_HOLDING,GHS,8291262.87,CP-GOG,SEC-BOND,GL-1200,2028-10-18,0.2627,8291262.87,true
2023-10-20,SEC-BOND-08,SECURITY_HOLDING,GHS,8335271.20,CP-GOG,SEC-BOND,GL-1200,2025-10-19,0.2627,8335271.20,true
2023-10-20,SEC-BOND-09,SECURITY_HOLDING,GHS,8389062.27,CP-GOG,SEC-BOND,GL-1200,2028-10-18,0.2627,8389062.27,true
2023-10-27,SEC-TBILL-00,SECURITY_HOLDING,GHS,7590449.72,CP-GOG,SEC-TBILL,GL-1200,2024-10-25,0.2093,7590449.72,true
2023-10-27,SEC-TBILL-01,SECURITY_HOLDING,GHS,7589596.32,CP-GOG,SEC-TBILL,GL-1200,2024-04-26,0.2093,7589596.32,true
2023-10-27,SEC-TBILL-02,SECURITY_HOLDING,GHS,7413566.99,CP-GOG,SEC-TBILL,GL-1200,2024-01-26,0.2093,7413566.99,true
2023-10-27,SEC-TBILL-03,SECURITY_HOLDING,GHS,6909790.50,CP-GOG,SEC-TBILL,GL-1200,2024-01-26,0.2093,6909790.50,true
2023-10-27,SEC-TBILL-04,SECURITY_HOLDING,GHS,5755495.71,CP-GOG,SEC-TBILL,GL-1200,2024-04-26,0.2093,5755495.71,true
2023-10-27,SEC-TBILL-05,SECURITY_HOLDING,GHS,8903701.80,CP-GOG,SEC-TBILL,GL-1200,2024-10-25,0.2093,8903701.80,true
2023-10-27,SEC-BOND-06,SECURITY_HOLDING,GHS,8934367.45,CP-GOG,SEC-BOND,GL-1200,2028-10-25,0.2093,8934367.45,true
2023-10-27,SEC-BOND-07,SECURITY_HOLDING,GHS,8278719.08,CP-GOG,SEC-BOND,GL-1200,2028-10-25,0.2093,8278719.08,true
2023-10-27,SEC-BOND-08,SECURITY_HOLDING,GHS,8329750.36,CP-GOG,SEC-BOND,GL-1200,2025-10-26,0.2093,8329750.36,true
2023-10-27,SEC-BOND-09,SECURITY_HOLDING,GHS,8392125.55,CP-GOG,SEC-BOND,GL-1200,2028-10-25,0.2093,8392125.55,true
2023-10-31,SEC-TBILL-00,SECURITY_HOLDING,GHS,8446131.75,CP-GOG,SEC-TBILL,GL-1200,2024-01-30,0.2173,8446131.75,true
2023-10-31,SEC-TBILL-01,SECURITY_HOLDING,GHS,5024223.41,CP-GOG,SEC-TBILL,GL-1200,2024-10-29,0.2173,5024223.41,true
2023-10-31,SEC-TBILL-02,SECURITY_HOLDING,GHS,8265905.09,CP-GOG,SEC-TBILL,GL-1200,2024-10-29,0.2173,8265905.09,true
2023-10-31,SEC-TBILL-03,SECURITY_HOLDING,GHS,7752604.80,CP-GOG,SEC-TBILL,GL-1200,2024-01-30,0.2173,7752604.80,true
2023-10-31,SEC-TBILL-04,SECURITY_HOLDING,GHS,10329380.79,CP-GOG,SEC-TBILL,GL-1200,2024-10-29,0.2173,10329380.79,true
2023-10-31,SEC-TBILL-05,SECURITY_HOLDING,GHS,9784210.58,CP-GOG,SEC-TBILL,GL-1200,2024-10-29,0.2173,9784210.58,true
2023-10-31,SEC-BOND-06,SECURITY_HOLDING,GHS,6394417.16,CP-GOG,SEC-BOND,GL-1200,2026-10-30,0.2173,6394417.16,true
2023-10-31,SEC-BOND-07,SECURITY_HOLDING,GHS,5726373.89,CP-GOG,SEC-BOND,GL-1200,2028-10-29,0.2173,5726373.89,true
2023-10-31,SEC-BOND-08,SECURITY_HOLDING,GHS,9199408.72,CP-GOG,SEC-BOND,GL-1200,2025-10-30,0.2173,9199408.72,true
2023-10-31,SEC-BOND-09,SECURITY_HOLDING,GHS,5841924.29,CP-GOG,SEC-BOND,GL-1200,2025-10-30,0.2173,5841924.29,true
2023-11-03,SEC-TBILL-00,SECURITY_HOLDING,GHS,8575297.71,CP-GOG,SEC-TBILL,GL-1200,2024-11-01,0.2342,8575297.71,true
2023-11-03,SEC-TBILL-01,SECURITY_HOLDING,GHS,5486258.72,CP-GOG,SEC-TBILL,GL-1200,2024-02-02,0.2342,5486258.72,true
2023-11-03,SEC-TBILL-02,SECURITY_HOLDING,GHS,8420126.93,CP-GOG,SEC-TBILL,GL-1200,2024-02-02,0.2342,8420126.93,true
2023-11-03,SEC-TBILL-03,SECURITY_HOLDING,GHS,4889897.50,CP-GOG,SEC-TBILL,GL-1200,2024-11-01,0.2342,4889897.50,true
2023-11-03,SEC-TBILL-04,SECURITY_HOLDING,GHS,10053870.44,CP-GOG,SEC-TBILL,GL-1200,2024-11-01,0.2342,10053870.44,true
2023-11-03,SEC-TBILL-05,SECURITY_HOLDING,GHS,6639060.76,CP-GOG,SEC-TBILL,GL-1200,2024-11-01,0.2342,6639060.76,true
2023-11-03,SEC-BOND-06,SECURITY_HOLDING,GHS,9754252.62,CP-GOG,SEC-BOND,GL-1200,2025-11-02,0.2342,9754252.62,true
2023-11-03,SEC-BOND-07,SECURITY_HOLDING,GHS,6090793.23,CP-GOG,SEC-BOND,GL-1200,2026-11-02,0.2342,6090793.23,true
2023-11-03,SEC-BOND-08,SECURITY_HOLDING,GHS,6135560.55,CP-GOG,SEC-BOND,GL-1200,2028-11-01,0.2342,6135560.55,true
2023-11-03,SEC-BOND-09,SECURITY_HOLDING,GHS,9278569.67,CP-GOG,SEC-BOND,GL-1200,2028-11-01,0.2342,9278569.67,true
2023-11-10,SEC-TBILL-00,SECURITY_HOLDING,GHS,7731536.75,CP-GOG,SEC-TBILL,GL-1200,2024-05-10,0.2190,7731536.75,true
2023-11-10,SEC-TBILL-01,SECURITY_HOLDING,GHS,7730754.93,CP-GOG,SEC-TBILL,GL-1200,2024-11-08,0.2190,7730754.93,true
2023-11-10,SEC-TBILL-02,SECURITY_HOLDING,GHS,7569492.04,CP-GOG,SEC-TBILL,GL-1200,2024-05-10,0.2190,7569492.04,true
2023-11-10,SEC-TBILL-03,SECURITY_HOLDING,GHS,7107975.47,CP-GOG,SEC-TBILL,GL-1200,2024-05-10,0.2190,7107975.47,true
2023-11-10,SEC-TBILL-04,SECURITY_HOLDING,GHS,6050510.13,CP-GOG,SEC-TBILL,GL-1200,2024-05-10,0.2190,6050510.13,true
2023-11-10,SEC-TBILL-05,SECURITY_HOLDING,GHS,8934625.04,CP-GOG,SEC-TBILL,GL-1200,2024-02-09,0.2190,8934625.04,true
2023-11-10,SEC-BOND-06,SECURITY_HOLDING,GHS,8962718.27,CP-GOG,SEC-BOND,GL-1200,2028-11-08,0.2190,8962718.27,true
2023-11-10,SEC-BOND-07,SECURITY_HOLDING,GHS,8362069.77,CP-GOG,SEC-BOND,GL-1200,2025-11-09,0.2190,8362069.77,true
2023-11-10,SEC-BOND-08,SECURITY_HOLDING,GHS,8408820.24,CP-GOG,SEC-BOND,GL-1200,2025-11-09,0.2190,8408820.24,true
2023-11-10,SEC-BOND-09,SECURITY_HOLDING,GHS,8465963.00,CP-GOG,SEC-BOND,GL-1200,2025-11-09,0.2190,8465963.00,true
2023-11-17,SEC-TBILL-00,SECURITY_HOLDING,GHS,7617534.62,CP-GOG,SEC-TBILL,GL-1200,2024-02-16,0.2038,7617534.62,true
2023-11-17,SEC-TBILL-01,SECURITY_HOLDING,GHS,7616619.50,CP-GOG,SEC-TBILL,GL-1200,2024-11-15,0.2038,7616619.50,true
2023-11-17,SEC-TBILL-02,SECURITY_HOLDING,GHS,7427860.30,CP-GOG,SEC-TBILL,GL-1200,2024-11-15,0.2038,7427860.30,true
2023-11-17,SEC-TBILL-03,SECURITY_HOLDING,GHS,6887652.31,CP-GOG,SEC-TBILL,GL-1200,2024-05-17,0.2038,6887652.31,true
2023-11-17,SEC-TBILL-04,SECURITY_HOLDING,GHS,5649882.64,CP-GOG,SEC-TBILL,GL-1200,2024-11-15,0.2038,5649882.64,true
2023-11-17,SEC-TBILL-05,SECURITY_HOLDING,GHS,9025756.85,CP-GOG,SEC-TBILL,GL-1200,2024-02-16,0.2038,9025756.85,true
2023-11-17,SEC-BOND-06,SECURITY_HOLDING,GHS,9058640.15,CP-GOG,SEC-BOND,GL-1200,2028-11-15,0.2038,9058640.15,true
2023-11-17,SEC-BOND-07,SECURITY_HOLDING,GHS,8355577.39,CP-GOG,SEC-BOND,GL-1200,2026-11-16,0.2038,8355577.39,true
2023-11-17,SEC-BOND-08,SECURITY_HOLDING,GHS,8410299.10,CP-GOG,SEC-BOND,GL-1200,2026-11-16,0.2038,8410299.10,true
2023-11-17,SEC-BOND-09,SECURITY_HOLDING,GHS,8477185.06,CP-GOG,SEC-BOND,GL-1200,2025-11-16,0.2038,8477185.06,true
2023-11-24,SEC-TBILL-00,SECURITY_HOLDING,GHS,9127023.05,CP-GOG,SEC-TBILL,GL-1200,2024-02-23,0.2286,9127023.05,true
2023-11-24,SEC-TBILL-01,SECURITY_HOLDING,GHS,9286200.99,CP-GOG,SEC-TBILL,GL-1200,2024-11-22,0.2286,9286200.99,true
2023-11-24,SEC-TBILL-02,SECURITY_HOLDING,GHS,8953216.08,CP-GOG,SEC-TBILL,GL-1200,2024-05-24,0.2286,8953216.08,true
2023-11-24,SEC-TBILL-03,SECURITY_HOLDING,GHS,4999002.05,CP-GOG,SEC-TBILL,GL-1200,2024-05-24,0.2286,4999002.05,true
2023-11-24,SEC-TBILL-04,SECURITY_HOLDING,GHS,10783174.05,CP-GOG,SEC-TBILL,GL-1200,2024-02-23,0.2286,10783174.05,true
2023-11-24,SEC-TBILL-05,SECURITY_HOLDING,GHS,6958241.82,CP-GOG,SEC-TBILL,GL-1200,2024-11-22,0.2286,6958241.82,true
2023-11-24,SEC-BOND-06,SECURITY_HOLDING,GHS,7148390.75,CP-GOG,SEC-BOND,GL-1200,2026-11-23,0.2286,7148390.75,true
2023-11-24,SEC-BOND-07,SECURITY_HOLDING,GHS,6344126.74,CP-GOG,SEC-BOND,GL-1200,2026-11-23,0.2286,6344126.74,true
2023-11-24,SEC-BOND-08,SECURITY_HOLDING,GHS,6394270.66,CP-GOG,SEC-BOND,GL-1200,2028-11-22,0.2286,6394270.66,true
2023-11-24,SEC-BOND-09,SECURITY_HOLDING,GHS,9914758.77,CP-GOG,SEC-BOND,GL-1200,2028-11-22,0.2286,9914758.77,true
2023-11-30,SEC-TBILL-00,SECURITY_HOLDING,GHS,9251801.84,CP-GOG,SEC-TBILL,GL-1200,2024-11-28,0.2205,9251801.84,true
2023-11-30,SEC-TBILL-01,SECURITY_HOLDING,GHS,5629069.18,CP-GOG,SEC-TBILL,GL-1200,2024-11-28,0.2205,5629069.18,true
2023-11-30,SEC-TBILL-02,SECURITY_HOLDING,GHS,9060998.07,CP-GOG,SEC-TBILL,GL-1200,2024-05-30,0.2205,9060998.07,true
2023-11-30,SEC-TBILL-03,SECURITY_HOLDING,GHS,8517573.31,CP-GOG,SEC-TBILL,GL-1200,2024-02-29,0.2205,8517573.31,true
2023-11-30,SEC-TBILL-04,SECURITY_HOLDING,GHS,11245574.65,CP-GOG,SEC-TBILL,GL-1200,2024-02-29,0.2205,11245574.65,true
2023-11-30,SEC-TBILL-05,SECURITY_HOLDING,GHS,7046597.50,CP-GOG,SEC-TBILL,GL-1200,2024-02-29,0.2205,7046597.50,true
2023-11-30,SEC-BOND-06,SECURITY_HOLDING,GHS,7079676.61,CP-GOG,SEC-BOND,GL-1200,2028-11-28,0.2205,7079676.61,true
2023-11-30,SEC-BOND-07,SECURITY_HOLDING,GHS,6372427.34,CP-GOG,SEC-BOND,GL-1200,2028-11-28,0.2205,6372427.34,true
2023-11-30,SEC-BOND-08,SECURITY_HOLDING,GHS,6427474.89,CP-GOG,SEC-BOND,GL-1200,2025-11-29,0.2205,6427474.89,true
2023-11-30,SEC-BOND-09,SECURITY_HOLDING,GHS,6494759.14,CP-GOG,SEC-BOND,GL-1200,2028-11-28,0.2205,6494759.14,true
2023-12-01,SEC-TBILL-00,SECURITY_HOLDING,GHS,7470033.17,CP-GOG,SEC-TBILL,GL-1200,2024-11-29,0.2135,7470033.17,true
2023-12-01,SEC-TBILL-01,SECURITY_HOLDING,GHS,10928880.37,CP-GOG,SEC-TBILL,GL-1200,2024-03-01,0.2135,10928880.37,true
2023-12-01,SEC-TBILL-02,SECURITY_HOLDING,GHS,7303889.07,CP-GOG,SEC-TBILL,GL-1200,2024-03-01,0.2135,7303889.07,true
2023-12-01,SEC-TBILL-03,SECURITY_HOLDING,GHS,10137384.22,CP-GOG,SEC-TBILL,GL-1200,2024-03-01,0.2135,10137384.22,true
2023-12-01,SEC-TBILL-04,SECURITY_HOLDING,GHS,5746480.02,CP-GOG,SEC-TBILL,GL-1200,2024-05-31,0.2135,5746480.02,true
2023-12-01,SEC-TBILL-05,SECURITY_HOLDING,GHS,8703557.14,CP-GOG,SEC-TBILL,GL-1200,2024-03-01,0.2135,8703557.14,true
2023-12-01,SEC-BOND-06,SECURITY_HOLDING,GHS,5578635.55,CP-GOG,SEC-BOND,GL-1200,2026-11-30,0.2135,5578635.55,true
2023-12-01,SEC-BOND-07,SECURITY_HOLDING,GHS,8116517.39,CP-GOG,SEC-BOND,GL-1200,2028-11-29,0.2135,8116517.39,true
2023-12-01,SEC-BOND-08,SECURITY_HOLDING,GHS,8164450.55,CP-GOG,SEC-BOND,GL-1200,2026-11-30,0.2135,8164450.55,true
2023-12-01,SEC-BOND-09,SECURITY_HOLDING,GHS,5069313.40,CP-GOG,SEC-BOND,GL-1200,2025-11-30,0.2135,5069313.40,true
2023-12-08,SEC-TBILL-00,SECURITY_HOLDING,GHS,6084438.31,CP-GOG,SEC-TBILL,GL-1200,2024-12-06,0.2783,6084438.31,true
2023-12-08,SEC-TBILL-01,SECURITY_HOLDING,GHS,9470384.61,CP-GOG,SEC-TBILL,GL-1200,2024-06-07,0.2783,9470384.61,true
2023-12-08,SEC-TBILL-02,SECURITY_HOLDING,GHS,5921795.96,CP-GOG,SEC-TBILL,GL-1200,2024-03-08,0.2783,5921795.96,true
2023-12-08,SEC-TBILL-03,SECURITY_HOLDING,GHS,5458577.26,CP-GOG,SEC-TBILL,GL-1200,2024-06-07,0.2783,5458577.26,true
2023-12-08,SEC-TBILL-04,SECURITY_HOLDING,GHS,4397211.87,CP-GOG,SEC-TBILL,GL-1200,2024-03-08,0.2783,4397211.87,true
2023-12-08,SEC-TBILL-05,SECURITY_HOLDING,GHS,7291963.72,CP-GOG,SEC-TBILL,GL-1200,2024-06-07,0.2783,7291963.72,true
2023-12-08,SEC-BOND-06,SECURITY_HOLDING,GHS,10706891.56,CP-GOG,SEC-BOND,GL-1200,2025-12-07,0.2783,10706891.56,true
2023-12-08,SEC-BOND-07,SECURITY_HOLDING,GHS,10104027.81,CP-GOG,SEC-BOND,GL-1200,2028-12-06,0.2783,10104027.81,true
2023-12-08,SEC-BOND-08,SECURITY_HOLDING,GHS,6764219.69,CP-GOG,SEC-BOND,GL-1200,2028-12-06,0.2783,6764219.69,true
2023-12-08,SEC-BOND-09,SECURITY_HOLDING,GHS,10208304.21,CP-GOG,SEC-BOND,GL-1200,2025-12-07,0.2783,10208304.21,true
2023-12-15,SEC-TBILL-00,SECURITY_HOLDING,GHS,5358446.36,CP-GOG,SEC-TBILL,GL-1200,2024-06-14,0.2231,5358446.36,true
2023-12-15,SEC-TBILL-01,SECURITY_HOLDING,GHS,9094513.20,CP-GOG,SEC-TBILL,GL-1200,2024-06-14,0.2231,9094513.20,true
2023-12-15,SEC-TBILL-02,SECURITY_HOLDING,GHS,8750697.61,CP-GOG,SEC-TBILL,GL-1200,2024-12-13,0.2231,8750697.61,true
2023-12-15,SEC-TBILL-03,SECURITY_HOLDING,GHS,11811291.69,CP-GOG,SEC-TBILL,GL-1200,2024-12-13,0.2231,11811291.69,true
2023-12-15,SEC-TBILL-04,SECURITY_HOLDING,GHS,7233686.57,CP-GOG,SEC-TBILL,GL-1200,2024-12-13,0.2231,7233686.57,true
2023-12-15,SEC-TBILL-05,SECURITY_HOLDING,GHS,6690834.79,CP-GOG,SEC-TBILL,GL-1200,2024-06-14,0.2231,6690834.79,true
2023-12-15,SEC-BOND-06,SECURITY_HOLDING,GHS,6887168.50,CP-GOG,SEC-BOND,GL-1200,2028-12-13,0.2231,6887168.50,true
2023-12-15,SEC-BOND-07,SECURITY_HOLDING,GHS,9793677.67,CP-GOG,SEC-BOND,GL-1200,2026-12-14,0.2231,9793677.67,true
2023-12-15,SEC-BOND-08,SECURITY_HOLDING,GHS,6108519.89,CP-GOG,SEC-BOND,GL-1200,2028-12-13,0.2231,6108519.89,true
2023-12-15,SEC-BOND-09,SECURITY_HOLDING,GHS,6337025.20,CP-GOG,SEC-BOND,GL-1200,2026-12-14,0.2231,6337025.20,true
2023-12-22,SEC-TBILL-00,SECURITY_HOLDING,GHS,7444819.57,CP-GOG,SEC-TBILL,GL-1200,2024-03-22,0.2079,7444819.57,true
2023-12-22,SEC-TBILL-01,SECURITY_HOLDING,GHS,11116675.09,CP-GOG,SEC-TBILL,GL-1200,2024-12-20,0.2079,11116675.09,true
2023-12-22,SEC-TBILL-02,SECURITY_HOLDING,GHS,7268443.71,CP-GOG,SEC-TBILL,GL-1200,2024-03-22,0.2079,7268443.71,true
2023-12-22,SEC-TBILL-03,SECURITY_HOLDING,GHS,10276435.74,CP-GOG,SEC-TBILL,GL-1200,2024-06-21,0.2079,10276435.74,true
2023-12-22,SEC-TBILL-04,SECURITY_HOLDING,GHS,9287830.26,CP-GOG,SEC-TBILL,GL-1200,2024-06-21,0.2079,9287830.26,true
2023-12-22,SEC-TBILL-05,SECURITY_HOLDING,GHS,8754308.40,CP-GOG,SEC-TBILL,GL-1200,2024-03-22,0.2079,8754308.40,true
2023-12-22,SEC-BOND-06,SECURITY_HOLDING,GHS,5436942.85,CP-GOG,SEC-BOND,GL-1200,2028-12-20,0.2079,5436942.85,true
2023-12-22,SEC-BOND-07,SECURITY_HOLDING,GHS,4783173.30,CP-GOG,SEC-BOND,GL-1200,2026-12-21,0.2079,4783173.30,true
2023-12-22,SEC-BOND-08,SECURITY_HOLDING,GHS,8182001.68,CP-GOG,SEC-BOND,GL-1200,2025-12-21,0.2079,8182001.68,true
2023-12-22,SEC-BOND-09,SECURITY_HOLDING,GHS,4896254.79,CP-GOG,SEC-BOND,GL-1200,2026-12-21,0.2079,4896254.79,true
2023-12-29,SEC-TBILL-00,SECURITY_HOLDING,GHS,5756077.39,CP-GOG,SEC-TBILL,GL-1200,2024-12-27,0.2728,5756077.39,true
2023-12-29,SEC-TBILL-01,SECURITY_HOLDING,GHS,9213563.56,CP-GOG,SEC-TBILL,GL-1200,2024-12-27,0.2728,9213563.56,true
2023-12-29,SEC-TBILL-02,SECURITY_HOLDING,GHS,5589998.66,CP-GOG,SEC-TBILL,GL-1200,2024-03-29,0.2728,5589998.66,true
2023-12-29,SEC-TBILL-03,SECURITY_HOLDING,GHS,5116992.86,CP-GOG,SEC-TBILL,GL-1200,2024-06-28,0.2728,5116992.86,true
2023-12-29,SEC-TBILL-04,SECURITY_HOLDING,GHS,7491489.89,CP-GOG,SEC-TBILL,GL-1200,2024-12-27,0.2728,7491489.89,true
2023-12-29,SEC-TBILL-05,SECURITY_HOLDING,GHS,6989115.97,CP-GOG,SEC-TBILL,GL-1200,2024-03-29,0.2728,6989115.97,true
2023-12-29,SEC-BOND-06,SECURITY_HOLDING,GHS,10476196.01,CP-GOG,SEC-BOND,GL-1200,2028-12-27,0.2728,10476196.01,true
2023-12-29,SEC-BOND-07,SECURITY_HOLDING,GHS,9860594.67,CP-GOG,SEC-BOND,GL-1200,2025-12-28,0.2728,9860594.67,true
2023-12-29,SEC-BOND-08,SECURITY_HOLDING,GHS,6450221.52,CP-GOG,SEC-BOND,GL-1200,2025-12-28,0.2728,6450221.52,true
2023-12-29,SEC-BOND-09,SECURITY_HOLDING,GHS,9967074.27,CP-GOG,SEC-BOND,GL-1200,2025-12-28,0.2728,9967074.27,true
2023-12-31,SEC-TBILL-00,SECURITY_HOLDING,GHS,8602409.19,CP-GOG,SEC-TBILL,GL-1200,2024-06-30,0.2167,8602409.19,true
2023-12-31,SEC-TBILL-01,SECURITY_HOLDING,GHS,5096377.01,CP-GOG,SEC-TBILL,GL-1200,2024-03-31,0.2167,5096377.01,true
2023-12-31,SEC-TBILL-02,SECURITY_HOLDING,GHS,8417751.86,CP-GOG,SEC-TBILL,GL-1200,2024-03-31,0.2167,8417751.86,true
2023-12-31,SEC-TBILL-03,SECURITY_HOLDING,GHS,11566979.88,CP-GOG,SEC-TBILL,GL-1200,2024-06-30,0.2167,11566979.88,true
2023-12-31,SEC-TBILL-04,SECURITY_HOLDING,GHS,6856808.60,CP-GOG,SEC-TBILL,GL-1200,2024-12-29,0.2167,6856808.60,true
2023-12-31,SEC-TBILL-05,SECURITY_HOLDING,GHS,6468241.95,CP-GOG,SEC-TBILL,GL-1200,2024-12-29,0.2167,6468241.95,true
2023-12-31,SEC-BOND-06,SECURITY_HOLDING,GHS,6500255.47,CP-GOG,SEC-BOND,GL-1200,2025-12-30,0.2167,6500255.47,true
2023-12-31,SEC-BOND-07,SECURITY_HOLDING,GHS,9490936.32,CP-GOG,SEC-BOND,GL-1200,2025-12-30,0.2167,9490936.32,true
2023-12-31,SEC-BOND-08,SECURITY_HOLDING,GHS,9374204.64,CP-GOG,SEC-BOND,GL-1200,2025-12-30,0.2167,9374204.64,true
2023-12-31,SEC-BOND-09,SECURITY_HOLDING,GHS,5934180.17,CP-GOG,SEC-BOND,GL-1200,2025-12-30,0.2167,5934180.17,true
2024-01-05,SEC-TBILL-00,SECURITY_HOLDING,GHS,4935033.66,CP-GOG,SEC-TBILL,GL-1200,2024-07-05,0.2176,4935033.66,true
2024-01-05,SEC-TBILL-01,SECURITY_HOLDING,GHS,8725104.41,CP-GOG,SEC-TBILL,GL-1200,2024-07-05,0.2176,8725104.41,true
2024-01-05,SEC-TBILL-02,SECURITY_HOLDING,GHS,8376319.06,CP-GOG,SEC-TBILL,GL-1200,2024-04-05,0.2176,8376319.06,true
2024-01-05,SEC-TBILL-03,SECURITY_HOLDING,GHS,11481153.26,CP-GOG,SEC-TBILL,GL-1200,2024-07-05,0.2176,11481153.26,true
2024-01-05,SEC-TBILL-04,SECURITY_HOLDING,GHS,6837380.00,CP-GOG,SEC-TBILL,GL-1200,2024-04-05,0.2176,6837380.00,true
2024-01-05,SEC-TBILL-05,SECURITY_HOLDING,GHS,10077630.54,CP-GOG,SEC-TBILL,GL-1200,2024-07-05,0.2176,10077630.54,true
2024-01-05,SEC-BOND-06,SECURITY_HOLDING,GHS,6485853.10,CP-GOG,SEC-BOND,GL-1200,2027-01-04,0.2176,6485853.10,true
2024-01-05,SEC-BOND-07,SECURITY_HOLDING,GHS,9434375.13,CP-GOG,SEC-BOND,GL-1200,2029-01-03,0.2176,9434375.13,true
2024-01-05,SEC-BOND-08,SECURITY_HOLDING,GHS,5695949.31,CP-GOG,SEC-BOND,GL-1200,2027-01-04,0.2176,5695949.31,true
2024-01-05,SEC-BOND-09,SECURITY_HOLDING,GHS,5927757.61,CP-GOG,SEC-BOND,GL-1200,2029-01-03,0.2176,5927757.61,true
2024-01-12,SEC-TBILL-00,SECURITY_HOLDING,GHS,6437634.46,CP-GOG,SEC-TBILL,GL-1200,2024-07-12,0.2024,6437634.46,true
2024-01-12,SEC-TBILL-01,SECURITY_HOLDING,GHS,9834115.70,CP-GOG,SEC-TBILL,GL-1200,2024-07-12,0.2024,9834115.70,true
2024-01-12,SEC-TBILL-02,SECURITY_HOLDING,GHS,6274486.08,CP-GOG,SEC-TBILL,GL-1200,2024-04-12,0.2024,6274486.08,true
2024-01-12,SEC-TBILL-03,SECURITY_HOLDING,GHS,9056890.90,CP-GOG,SEC-TBILL,GL-1200,2024-04-12,0.2024,9056890.90,true
2024-01-12,SEC-TBILL-04,SECURITY_HOLDING,GHS,8142426.82,CP-GOG,SEC-TBILL,GL-1200,2025-01-10,0.2024,8142426.82,true
2024-01-12,SEC-TBILL-05,SECURITY_HOLDING,GHS,4552055.79,CP-GOG,SEC-TBILL,GL-1200,2025-01-10,0.2024,4552055.79,true
2024-01-12,SEC-BOND-06,SECURITY_HOLDING,GHS,4580340.35,CP-GOG,SEC-BOND,GL-1200,2029-01-10,0.2024,4580340.35,true
2024-01-12,SEC-BOND-07,SECURITY_HOLDING,GHS,10469730.40,CP-GOG,SEC-BOND,GL-1200,2026-01-11,0.2024,10469730.40,true
2024-01-12,SEC-BOND-08,SECURITY_HOLDING,GHS,7119530.90,CP-GOG,SEC-BOND,GL-1200,2027-01-11,0.2024,7119530.90,true
2024-01-12,SEC-BOND-09,SECURITY_HOLDING,GHS,10574331.24,CP-GOG,SEC-BOND,GL-1200,2029-01-10,0.2024,10574331.24,true
2024-01-19,SEC-TBILL-00,SECURITY_HOLDING,GHS,5661671.30,CP-GOG,SEC-TBILL,GL-1200,2024-04-19,0.2672,5661671.30,true
2024-01-19,SEC-TBILL-01,SECURITY_HOLDING,GHS,9355680.21,CP-GOG,SEC-TBILL,GL-1200,2024-07-19,0.2672,9355680.21,true
2024-01-19,SEC-TBILL-02,SECURITY_HOLDING,GHS,5484231.31,CP-GOG,SEC-TBILL,GL-1200,2024-07-19,0.2672,5484231.31,true
2024-01-19,SEC-TBILL-03,SECURITY_HOLDING,GHS,4978867.71,CP-GOG,SEC-TBILL,GL-1200,2025-01-17,0.2672,4978867.71,true
2024-01-19,SEC-TBILL-04,SECURITY_HOLDING,GHS,7515801.41,CP-GOG,SEC-TBILL,GL-1200,2024-07-19,0.2672,7515801.41,true
2024-01-19,SEC-TBILL-05,SECURITY_HOLDING,GHS,10673925.67,CP-GOG,SEC-TBILL,GL-1200,2024-07-19,0.2672,10673925.67,true
2024-01-19,SEC-BOND-06,SECURITY_HOLDING,GHS,10704687.93,CP-GOG,SEC-BOND,GL-1200,2026-01-18,0.2672,10704687.93,true
2024-01-19,SEC-BOND-07,SECURITY_HOLDING,GHS,10046973.99,CP-GOG,SEC-BOND,GL-1200,2029-01-17,0.2672,10046973.99,true
2024-01-19,SEC-BOND-08,SECURITY_HOLDING,GHS,6403301.05,CP-GOG,SEC-BOND,GL-1200,2027-01-18,0.2672,6403301.05,true
2024-01-19,SEC-BOND-09,SECURITY_HOLDING,GHS,10160737.74,CP-GOG,SEC-BOND,GL-1200,2029-01-17,0.2672,10160737.74,true
2024-01-26,SEC-TBILL-00,SECURITY_HOLDING,GHS,10389107.63,CP-GOG,SEC-TBILL,GL-1200,2024-04-26,0.2120,10389107.63,true
2024-01-26,SEC-TBILL-01,SECURITY_HOLDING,GHS,7314751.47,CP-GOG,SEC-TBILL,GL-1200,2024-04-26,0.2120,7314751.47,true
2024-01-26,SEC-TBILL-02,SECURITY_HOLDING,GHS,7004536.89,CP-GOG,SEC-TBILL,GL-1200,2025-01-24,0.2120,7004536.89,true
2024-01-26,SEC-TBILL-03,SECURITY_HOLDING,GHS,9766019.97,CP-GOG,SEC-TBILL,GL-1200,2025-01-24,0.2120,9766019.97,true
2024-01-26,SEC-TBILL-04,SECURITY_HOLDING,GHS,5635782.90,CP-GOG,SEC-TBILL,GL-1200,2024-07-26,0.2120,5635782.90,true
2024-01-26,SEC-TBILL-05,SECURITY_HOLDING,GHS,8517707.18,CP-GOG,SEC-TBILL,GL-1200,2025-01-24,0.2120,8517707.18,true
2024-01-26,SEC-BOND-06,SECURITY_HOLDING,GHS,8545779.07,CP-GOG,SEC-BOND,GL-1200,2026-01-25,0.2120,8545779.07,true
2024-01-26,SEC-BOND-07,SECURITY_HOLDING,GHS,7945586.79,CP-GOG,SEC-BOND,GL-1200,2027-01-25,0.2120,7945586.79,true
2024-01-26,SEC-BOND-08,SECURITY_HOLDING,GHS,7992301.75,CP-GOG,SEC-BOND,GL-1200,2026-01-25,0.2120,7992301.75,true
2024-01-26,SEC-BOND-09,SECURITY_HOLDING,GHS,4826751.99,CP-GOG,SEC-BOND,GL-1200,2026-01-25,0.2120,4826751.99,true
2024-01-31,SEC-TBILL-00,SECURITY_HOLDING,GHS,10305197.53,CP-GOG,SEC-TBILL,GL-1200,2025-01-29,0.2529,10305197.53,true
2024-01-31,SEC-TBILL-01,SECURITY_HOLDING,GHS,7275702.19,CP-GOG,SEC-TBILL,GL-1200,2025-01-29,0.2529,7275702.19,true
2024-01-31,SEC-TBILL-02,SECURITY_HOLDING,GHS,10145638.66,CP-GOG,SEC-TBILL,GL-1200,2024-07-31,0.2529,10145638.66,true
2024-01-31,SEC-TBILL-03,SECURITY_HOLDING,GHS,9691201.93,CP-GOG,SEC-TBILL,GL-1200,2024-07-31,0.2529,9691201.93,true
2024-01-31,SEC-TBILL-04,SECURITY_HOLDING,GHS,5621233.02,CP-GOG,SEC-TBILL,GL-1200,2025-01-29,0.2529,5621233.02,true
2024-01-31,SEC-TBILL-05,SECURITY_HOLDING,GHS,8461104.44,CP-GOG,SEC-TBILL,GL-1200,2024-05-01,0.2529,8461104.44,true
2024-01-31,SEC-BOND-06,SECURITY_HOLDING,GHS,8488766.70,CP-GOG,SEC-BOND,GL-1200,2027-01-30,0.2529,8488766.70,true
2024-01-31,SEC-BOND-07,SECURITY_HOLDING,GHS,7897332.40,CP-GOG,SEC-BOND,GL-1200,2026-01-30,0.2529,7897332.40,true
2024-01-31,SEC-BOND-08,SECURITY_HOLDING,GHS,4620842.36,CP-GOG,SEC-BOND,GL-1200,2029-01-29,0.2529,4620842.36,true
2024-01-31,SEC-BOND-09,SECURITY_HOLDING,GHS,7999631.87,CP-GOG,SEC-BOND,GL-1200,2029-01-29,0.2529,7999631.87,true
2024-02-02,SEC-TBILL-00,SECURITY_HOLDING,GHS,5397549.97,CP-GOG,SEC-TBILL,GL-1200,2024-08-02,0.2769,5397549.97,true
2024-02-02,SEC-TBILL-01,SECURITY_HOLDING,GHS,8458720.23,CP-GOG,SEC-TBILL,GL-1200,2024-05-03,0.2769,8458720.23,true
2024-02-02,SEC-TBILL-02,SECURITY_HOLDING,GHS,5250508.09,CP-GOG,SEC-TBILL,GL-1200,2024-08-02,0.2769,5250508.09,true
2024-02-02,SEC-TBILL-03,SECURITY_HOLDING,GHS,7758225.43,CP-GOG,SEC-TBILL,GL-1200,2024-05-03,0.2769,7758225.43,true
2024-02-02,SEC-TBILL-04,SECURITY_HOLDING,GHS,4007535.39,CP-GOG,SEC-TBILL,GL-1200,2024-08-02,0.2769,4007535.39,true
2024-02-02,SEC-TBILL-05,SECURITY_HOLDING,GHS,9551130.64,CP-GOG,SEC-TBILL,GL-1200,2025-01-31,0.2769,9551130.64,true
2024-02-02,SEC-BOND-06,SECURITY_HOLDING,GHS,9576622.87,CP-GOG,SEC-BOND,GL-1200,2027-02-01,0.2769,9576622.87,true
2024-02-02,SEC-BOND-07,SECURITY_HOLDING,GHS,9031585.11,CP-GOG,SEC-BOND,GL-1200,2027-02-01,0.2769,9031585.11,true
2024-02-02,SEC-BOND-08,SECURITY_HOLDING,GHS,9074007.21,CP-GOG,SEC-BOND,GL-1200,2029-01-31,0.2769,9074007.21,true
2024-02-02,SEC-BOND-09,SECURITY_HOLDING,GHS,9125859.44,CP-GOG,SEC-BOND,GL-1200,2026-02-01,0.2769,9125859.44,true
2024-02-09,SEC-TBILL-00,SECURITY_HOLDING,GHS,5032088.95,CP-GOG,SEC-TBILL,GL-1200,2025-02-07,0.2617,5032088.95,true
2024-02-09,SEC-TBILL-01,SECURITY_HOLDING,GHS,8625127.92,CP-GOG,SEC-TBILL,GL-1200,2024-08-09,0.2617,8625127.92,true
2024-02-09,SEC-TBILL-02,SECURITY_HOLDING,GHS,4859499.01,CP-GOG,SEC-TBILL,GL-1200,2025-02-07,0.2617,4859499.01,true
2024-02-09,SEC-TBILL-03,SECURITY_HOLDING,GHS,7961820.39,CP-GOG,SEC-TBILL,GL-1200,2024-05-10,0.2617,7961820.39,true
2024-02-09,SEC-TBILL-04,SECURITY_HOLDING,GHS,6835539.32,CP-GOG,SEC-TBILL,GL-1200,2024-05-10,0.2617,6835539.32,true
2024-02-09,SEC-TBILL-05,SECURITY_HOLDING,GHS,9907341.20,CP-GOG,SEC-TBILL,GL-1200,2024-05-10,0.2617,9907341.20,true
2024-02-09,SEC-BOND-06,SECURITY_HOLDING,GHS,9937262.63,CP-GOG,SEC-BOND,GL-1200,2029-02-07,0.2617,9937262.63,true
2024-02-09,SEC-BOND-07,SECURITY_HOLDING,GHS,9297526.27,CP-GOG,SEC-BOND,GL-1200,2029-02-07,0.2617,9297526.27,true
2024-02-09,SEC-BOND-08,SECURITY_HOLDING,GHS,9347319.07,CP-GOG,SEC-BOND,GL-1200,2026-02-08,0.2617,9347319.07,true
2024-02-09,SEC-BOND-09,SECURITY_HOLDING,GHS,9408180.46,CP-GOG,SEC-BOND,GL-1200,2026-02-08,0.2617,9408180.46,true
2024-02-16,SEC-TBILL-00,SECURITY_HOLDING,GHS,10068111.97,CP-GOG,SEC-TBILL,GL-1200,2024-08-16,0.2065,10068111.97,true
2024-02-16,SEC-TBILL-01,SECURITY_HOLDING,GHS,6955268.31,CP-GOG,SEC-TBILL,GL-1200,2024-05-17,0.2065,6955268.31,true
2024-02-16,SEC-TBILL-02,SECURITY_HOLDING,GHS,10055103.69,CP-GOG,SEC-TBILL,GL-1200,2024-08-16,0.2065,10055103.69,true
2024-02-16,SEC-TBILL-03,SECURITY_HOLDING,GHS,6325171.30,CP-GOG,SEC-TBILL,GL-1200,2024-08-16,0.2065,6325171.30,true
2024-02-16,SEC-TBILL-04,SECURITY_HOLDING,GHS,5255280.94,CP-GOG,SEC-TBILL,GL-1200,2025-02-14,0.2065,5255280.94,true
2024-02-16,SEC-TBILL-05,SECURITY_HOLDING,GHS,8173283.68,CP-GOG,SEC-TBILL,GL-1200,2025-02-14,0.2065,8173283.68,true
2024-02-16,SEC-BOND-06,SECURITY_HOLDING,GHS,8201706.99,CP-GOG,SEC-BOND,GL-1200,2029-02-14,0.2065,8201706.99,true
2024-02-16,SEC-BOND-07,SECURITY_HOLDING,GHS,7594000.99,CP-GOG,SEC-BOND,GL-1200,2029-02-14,0.2065,7594000.99,true
2024-02-16,SEC-BOND-08,SECURITY_HOLDING,GHS,7641300.76,CP-GOG,SEC-BOND,GL-1200,2026-02-15,0.2065,7641300.76,true
2024-02-16,SEC-BOND-09,SECURITY_HOLDING,GHS,7699114.95,CP-GOG,SEC-BOND,GL-1200,2026-02-15,0.2065,7699114.95,true
2024-02-23,SEC-TBILL-00,SECURITY_HOLDING,GHS,4845324.71,CP-GOG,SEC-TBILL,GL-1200,2024-05-24,0.2713,4845324.71,true
2024-02-23,SEC-TBILL-01,SECURITY_HOLDING,GHS,7815951.39,CP-GOG,SEC-TBILL,GL-1200,2024-05-24,0.2713,7815951.39,true
2024-02-23,SEC-TBILL-02,SECURITY_HOLDING,GHS,7673947.18,CP-GOG,SEC-TBILL,GL-1200,2025-02-21,0.2713,7673947.18,true
2024-02-23,SEC-TBILL-03,SECURITY_HOLDING,GHS,4427602.59,CP-GOG,SEC-TBILL,GL-1200,2024-05-24,0.2713,4427602.59,true
2024-02-23,SEC-TBILL-04,SECURITY_HOLDING,GHS,9176312.54,CP-GOG,SEC-TBILL,GL-1200,2024-05-24,0.2713,9176312.54,true
2024-02-23,SEC-TBILL-05,SECURITY_HOLDING,GHS,8876050.39,CP-GOG,SEC-TBILL,GL-1200,2024-08-23,0.2713,8876050.39,true
2024-02-23,SEC-BOND-06,SECURITY_HOLDING,GHS,8900788.61,CP-GOG,SEC-BOND,GL-1200,2027-02-22,0.2713,8900788.61,true
2024-02-23,SEC-BOND-07,SECURITY_HOLDING,GHS,8371872.02,CP-GOG,SEC-BOND,GL-1200,2026-02-22,0.2713,8371872.02,true
2024-02-23,SEC-BOND-08,SECURITY_HOLDING,GHS,8413039.36,CP-GOG,SEC-BOND,GL-1200,2026-02-22,0.2713,8413039.36,true
2024-02-23,SEC-BOND-09,SECURITY_HOLDING,GHS,8463357.90,CP-GOG,SEC-BOND,GL-1200,2026-02-22,0.2713,8463357.90,true
2024-02-29,SEC-TBILL-00,SECURITY_HOLDING,GHS,8657716.88,CP-GOG,SEC-TBILL,GL-1200,2025-02-27,0.2251,8657716.88,true
2024-02-29,SEC-TBILL-01,SECURITY_HOLDING,GHS,5419038.57,CP-GOG,SEC-TBILL,GL-1200,2025-02-27,0.2251,5419038.57,true
2024-02-29,SEC-TBILL-02,SECURITY_HOLDING,GHS,8487140.66,CP-GOG,SEC-TBILL,GL-1200,2025-02-27,0.2251,8487140.66,true
2024-02-29,SEC-TBILL-03,SECURITY_HOLDING,GHS,8001325.63,CP-GOG,SEC-TBILL,GL-1200,2024-08-29,0.2251,8001325.63,true
2024-02-29,SEC-TBILL-04,SECURITY_HOLDING,GHS,6888185.65,CP-GOG,SEC-TBILL,GL-1200,2024-08-29,0.2251,6888185.65,true
2024-02-29,SEC-TBILL-05,SECURITY_HOLDING,GHS,9924146.73,CP-GOG,SEC-TBILL,GL-1200,2024-08-29,0.2251,9924146.73,true
2024-02-29,SEC-BOND-06,SECURITY_HOLDING,GHS,6715863.71,CP-GOG,SEC-BOND,GL-1200,2026-02-28,0.2251,6715863.71,true
2024-02-29,SEC-BOND-07,SECURITY_HOLDING,GHS,9321446.92,CP-GOG,SEC-BOND,GL-1200,2026-02-28,0.2251,9321446.92,true
2024-02-29,SEC-BOND-08,SECURITY_HOLDING,GHS,9370658.76,CP-GOG,SEC-BOND,GL-1200,2026-02-28,0.2251,9370658.76,true
2024-02-29,SEC-BOND-09,SECURITY_HOLDING,GHS,6192954.71,CP-GOG,SEC-BOND,GL-1200,2026-02-28,0.2251,6192954.71,true
2024-03-01,SEC-TBILL-00,SECURITY_HOLDING,GHS,10827657.44,CP-GOG,SEC-TBILL,GL-1200,2025-02-28,0.2562,10827657.44,true
2024-03-01,SEC-TBILL-01,SECURITY_HOLDING,GHS,7722675.46,CP-GOG,SEC-TBILL,GL-1200,2024-05-31,0.2562,7722675.46,true
2024-03-01,SEC-TBILL-02,SECURITY_HOLDING,GHS,7559929.82,CP-GOG,SEC-TBILL,GL-1200,2024-08-30,0.2562,7559929.82,true
2024-03-01,SEC-TBILL-03,SECURITY_HOLDING,GHS,7094169.79,CP-GOG,SEC-TBILL,GL-1200,2024-05-31,0.2562,7094169.79,true
2024-03-01,SEC-TBILL-04,SECURITY_HOLDING,GHS,6026981.50,CP-GOG,SEC-TBILL,GL-1200,2025-02-28,0.2562,6026981.50,true
2024-03-01,SEC-TBILL-05,SECURITY_HOLDING,GHS,8937614.65,CP-GOG,SEC-TBILL,GL-1200,2024-08-30,0.2562,8937614.65,true
2024-03-01,SEC-BOND-06,SECURITY_HOLDING,GHS,8965966.19,CP-GOG,SEC-BOND,GL-1200,2027-03-01,0.2562,8965966.19,true
2024-03-01,SEC-BOND-07,SECURITY_HOLDING,GHS,8359794.97,CP-GOG,SEC-BOND,GL-1200,2026-03-01,0.2562,8359794.97,true
2024-03-01,SEC-BOND-08,SECURITY_HOLDING,GHS,8406975.29,CP-GOG,SEC-BOND,GL-1200,2026-03-01,0.2562,8406975.29,true
2024-03-01,SEC-BOND-09,SECURITY_HOLDING,GHS,8464643.46,CP-GOG,SEC-BOND,GL-1200,2029-02-28,0.2562,8464643.46,true
2024-03-08,SEC-TBILL-00,SECURITY_HOLDING,GHS,10704234.96,CP-GOG,SEC-TBILL,GL-1200,2024-06-07,0.2010,10704234.96,true
2024-03-08,SEC-TBILL-01,SECURITY_HOLDING,GHS,7239493.90,CP-GOG,SEC-TBILL,GL-1200,2024-06-07,0.2010,7239493.90,true
2024-03-08,SEC-TBILL-02,SECURITY_HOLDING,GHS,10689756.14,CP-GOG,SEC-TBILL,GL-1200,2025-03-07,0.2010,10689756.14,true
2024-03-08,SEC-TBILL-03,SECURITY_HOLDING,GHS,6538166.36,CP-GOG,SEC-TBILL,GL-1200,2025-03-07,0.2010,6538166.36,true
2024-03-08,SEC-TBILL-04,SECURITY_HOLDING,GHS,5347328.18,CP-GOG,SEC-TBILL,GL-1200,2024-06-07,0.2010,5347328.18,true
2024-03-08,SEC-TBILL-05,SECURITY_HOLDING,GHS,8595202.16,CP-GOG,SEC-TBILL,GL-1200,2025-03-07,0.2010,8595202.16,true
2024-03-08,SEC-BOND-06,SECURITY_HOLDING,GHS,8626838.65,CP-GOG,SEC-BOND,GL-1200,2026-03-08,0.2010,8626838.65,true
2024-03-08,SEC-BOND-07,SECURITY_HOLDING,GHS,7950433.34,CP-GOG,SEC-BOND,GL-1200,2029-03-07,0.2010,7950433.34,true
2024-03-08,SEC-BOND-08,SECURITY_HOLDING,GHS,8003080.21,CP-GOG,SEC-BOND,GL-1200,2026-03-08,0.2010,8003080.21,true
2024-03-08,SEC-BOND-09,SECURITY_HOLDING,GHS,8067430.11,CP-GOG,SEC-BOND,GL-1200,2029-03-07,0.2010,8067430.11,true
2024-03-15,SEC-TBILL-00,SECURITY_HOLDING,GHS,8159288.63,CP-GOG,SEC-TBILL,GL-1200,2025-03-14,0.2658,8159288.63,true
2024-03-15,SEC-TBILL-01,SECURITY_HOLDING,GHS,8158532.00,CP-GOG,SEC-TBILL,GL-1200,2024-09-13,0.2658,8158532.00,true
2024-03-15,SEC-TBILL-02,SECURITY_HOLDING,GHS,8002464.74,CP-GOG,SEC-TBILL,GL-1200,2024-06-14,0.2658,8002464.74,true
2024-03-15,SEC-TBILL-03,SECURITY_HOLDING,GHS,4434625.98,CP-GOG,SEC-TBILL,GL-1200,2025-03-14,0.2658,4434625.98,true
2024-03-15,SEC-TBILL-04,SECURITY_HOLDING,GHS,9653613.34,CP-GOG,SEC-TBILL,GL-1200,2025-03-14,0.2658,9653613.34,true
2024-03-15,SEC-TBILL-05,SECURITY_HOLDING,GHS,9323615.43,CP-GOG,SEC-TBILL,GL-1200,2025-03-14,0.2658,9323615.43,true
2024-03-15,SEC-BOND-06,SECURITY_HOLDING,GHS,9350803.54,CP-GOG,SEC-BOND,GL-1200,2027-03-15,0.2658,9350803.54,true
2024-03-15,SEC-BOND-07,SECURITY_HOLDING,GHS,8769506.93,CP-GOG,SEC-BOND,GL-1200,2029-03-14,0.2658,8769506.93,true
2024-03-15,SEC-BOND-08,SECURITY_HOLDING,GHS,8814751.18,CP-GOG,SEC-BOND,GL-1200,2027-03-15,0.2658,8814751.18,true
2024-03-15,SEC-BOND-09,SECURITY_HOLDING,GHS,8870052.90,CP-GOG,SEC-BOND,GL-1200,2029-03-14,0.2658,8870052.90,true
2024-03-22,SEC-TBILL-00,SECURITY_HOLDING,GHS,8063844.76,CP-GOG,SEC-TBILL,GL-1200,2024-09-20,0.2506,8063844.76,true
2024-03-22,SEC-TBILL-01,SECURITY_HOLDING,GHS,8062970.03,CP-GOG,SEC-TBILL,GL-1200,2025-03-21,0.2506,8062970.03,true
2024-03-22,SEC-TBILL-02,SECURITY_HOLDING,GHS,7882541.51,CP-GOG,SEC-TBILL,GL-1200,2024-06-21,0.2506,7882541.51,true
2024-03-22,SEC-TBILL-03,SECURITY_HOLDING,GHS,7366174.99,CP-GOG,SEC-TBILL,GL-1200,2025-03-21,0.2506,7366174.99,true
2024-03-22,SEC-TBILL-04,SECURITY_HOLDING,GHS,6183032.91,CP-GOG,SEC-TBILL,GL-1200,2024-06-21,0.2506,6183032.91,true
2024-03-22,SEC-TBILL-05,SECURITY_HOLDING,GHS,9409916.68,CP-GOG,SEC-TBILL,GL-1200,2024-09-20,0.2506,9409916.68,true
2024-03-22,SEC-BOND-06,SECURITY_HOLDING,GHS,9441348.71,CP-GOG,SEC-BOND,GL-1200,2027-03-22,0.2506,9441348.71,true
2024-03-22,SEC-BOND-07,SECURITY_HOLDING,GHS,8769314.84,CP-GOG,SEC-BOND,GL-1200,2029-03-21,0.2506,8769314.84,true
2024-03-22,SEC-BOND-08,SECURITY_HOLDING,GHS,8821621.47,CP-GOG,SEC-BOND,GL-1200,2029-03-21,0.2506,8821621.47,true
2024-03-22,SEC-BOND-09,SECURITY_HOLDING,GHS,8885555.49,CP-GOG,SEC-BOND,GL-1200,2027-03-22,0.2506,8885555.49,true
2024-03-29,SEC-TBILL-00,SECURITY_HOLDING,GHS,7929321.54,CP-GOG,SEC-TBILL,GL-1200,2024-06-28,0.2373,7929321.54,true
2024-03-29,SEC-TBILL-01,SECURITY_HOLDING,GHS,7928285.50,CP-GOG,SEC-TBILL,GL-1200,2025-03-28,0.2373,7928285.50,true
2024-03-29,SEC-TBILL-02,SECURITY_HOLDING,GHS,7714585.31,CP-GOG,SEC-TBILL,GL-1200,2025-03-28,0.2373,7714585.31,true
2024-03-29,SEC-TBILL-03,SECURITY_HOLDING,GHS,7102998.96,CP-GOG,SEC-TBILL,GL-1200,2025-03-28,0.2373,7102998.96,true
2024-03-29,SEC-TBILL-04,SECURITY_HOLDING,GHS,5701681.22,CP-GOG,SEC-TBILL,GL-1200,2024-06-28,0.2373,5701681.22,true
2024-03-29,SEC-TBILL-05,SECURITY_HOLDING,GHS,9523613.94,CP-GOG,SEC-TBILL,GL-1200,2024-06-28,0.2373,9523613.94,true
2024-03-29,SEC-BOND-06,SECURITY_HOLDING,GHS,9560842.15,CP-GOG,SEC-BOND,GL-1200,2029-03-28,0.2373,9560842.15,true
2024-03-29,SEC-BOND-07,SECURITY_HOLDING,GHS,8764882.83,CP-GOG,SEC-BOND,GL-1200,2027-03-29,0.2373,8764882.83,true
2024-03-29,SEC-BOND-08,SECURITY_HOLDING,GHS,8826834.98,CP-GOG,SEC-BOND,GL-1200,2027-03-29,0.2373,8826834.98,true
2024-03-29,SEC-BOND-09,SECURITY_HOLDING,GHS,8902558.67,CP-GOG,SEC-BOND,GL-1200,2026-03-29,0.2373,8902558.67,true
2024-03-31,SEC-TBILL-00,SECURITY_HOLDING,GHS,8135743.45,CP-GOG,SEC-TBILL,GL-1200,2024-09-29,0.2213,8135743.45,true
2024-03-31,SEC-TBILL-01,SECURITY_HOLDING,GHS,8134939.97,CP-GOG,SEC-TBILL,GL-1200,2024-06-30,0.2213,8134939.97,true
2024-03-31,SEC-TBILL-02,SECURITY_HOLDING,GHS,7969208.05,CP-GOG,SEC-TBILL,GL-1200,2025-03-30,0.2213,7969208.05,true
2024-03-31,SEC-TBILL-03,SECURITY_HOLDING,GHS,7494901.60,CP-GOG,SEC-TBILL,GL-1200,2024-09-29,0.2213,7494901.60,true
2024-03-31,SEC-TBILL-04,SECURITY_HOLDING,GHS,6408131.04,CP-GOG,SEC-TBILL,GL-1200,2024-09-29,0.2213,6408131.04,true
2024-03-31,SEC-TBILL-05,SECURITY_HOLDING,GHS,9372172.57,CP-GOG,SEC-TBILL,GL-1200,2024-09-29,0.2213,9372172.57,true
2024-03-31,SEC-BOND-06,SECURITY_HOLDING,GHS,9401044.34,CP-GOG,SEC-BOND,GL-1200,2029-03-30,0.2213,9401044.34,true
2024-03-31,SEC-BOND-07,SECURITY_HOLDING,GHS,8783750.25,CP-GOG,SEC-BOND,GL-1200,2027-03-31,0.2213,8783750.25,true
2024-03-31,SEC-BOND-08,SECURITY_HOLDING,GHS,8831796.30,CP-GOG,SEC-BOND,GL-1200,2027-03-31,0.2213,8831796.30,true
2024-03-31,SEC-BOND-09,SECURITY_HOLDING,GHS,8890522.64,CP-GOG,SEC-BOND,GL-1200,2026-03-31,0.2213,8890522.64,true
2024-04-05,SEC-TBILL-00,SECURITY_HOLDING,GHS,7389946.88,CP-GOG,SEC-TBILL,GL-1200,2024-07-05,0.2221,7389946.88,true
2024-04-05,SEC-TBILL-01,SECURITY_HOLDING,GHS,7389223.34,CP-GOG,SEC-TBILL,GL-1200,2024-07-05,0.2221,7389223.34,true
2024-04-05,SEC-TBILL-02,SECURITY_HOLDING,GHS,7239979.87,CP-GOG,SEC-TBILL,GL-1200,2024-07-05,0.2221,7239979.87,true
2024-04-05,SEC-TBILL-03,SECURITY_HOLDING,GHS,9797583.66,CP-GOG,SEC-TBILL,GL-1200,2024-07-05,0.2221,9797583.66,true
2024-04-05,SEC-TBILL-04,SECURITY_HOLDING,GHS,8818934.51,CP-GOG,SEC-TBILL,GL-1200,2024-07-05,0.2221,8818934.51,true
2024-04-05,SEC-TBILL-05,SECURITY_HOLDING,GHS,8503365.26,CP-GOG,SEC-TBILL,GL-1200,2024-10-04,0.2221,8503365.26,true
2024-04-05,SEC-BOND-06,SECURITY_HOLDING,GHS,8529364.61,CP-GOG,SEC-BOND,GL-1200,2029-04-04,0.2221,8529364.61,true
2024-04-05,SEC-BOND-07,SECURITY_HOLDING,GHS,7973484.31,CP-GOG,SEC-BOND,GL-1200,2029-04-04,0.2221,7973484.31,true
2024-04-05,SEC-BOND-08,SECURITY_HOLDING,GHS,8016750.32,CP-GOG,SEC-BOND,GL-1200,2026-04-05,0.2221,8016750.32,true
2024-04-05,SEC-BOND-09,SECURITY_HOLDING,GHS,8069634.06,CP-GOG,SEC-BOND,GL-1200,2029-04-04,0.2221,8069634.06,true
2024-04-12,SEC-TBILL-00,SECURITY_HOLDING,GHS,7852728.40,CP-GOG,SEC-TBILL,GL-1200,2025-04-11,0.2070,7852728.40,true
2024-04-12,SEC-TBILL-01,SECURITY_HOLDING,GHS,7851820.40,CP-GOG,SEC-TBILL,GL-1200,2025-04-11,0.2070,7851820.40,true
2024-04-12,SEC-TBILL-02,SECURITY_HOLDING,GHS,7664530.50,CP-GOG,SEC-TBILL,GL-1200,2024-10-11,0.2070,7664530.50,true
2024-04-12,SEC-TBILL-03,SECURITY_HOLDING,GHS,7128527.49,CP-GOG,SEC-TBILL,GL-1200,2024-10-11,0.2070,7128527.49,true
2024-04-12,SEC-TBILL-04,SECURITY_HOLDING,GHS,5900392.61,CP-GOG,SEC-TBILL,GL-1200,2025-04-11,0.2070,5900392.61,true
2024-04-12,SEC-TBILL-05,SECURITY_HOLDING,GHS,9249989.04,CP-GOG,SEC-TBILL,GL-1200,2024-10-11,0.2070,9249989.04,true
2024-04-12,SEC-BOND-06,SECURITY_HOLDING,GHS,9282616.37,CP-GOG,SEC-BOND,GL-1200,2027-04-12,0.2070,9282616.37,true
2024-04-12,SEC-BOND-07,SECURITY_HOLDING,GHS,8585026.25,CP-GOG,SEC-BOND,GL-1200,2026-04-12,0.2070,8585026.25,true
2024-04-12,SEC-BOND-08,SECURITY_HOLDING,GHS,8639322.00,CP-GOG,SEC-BOND,GL-1200,2027-04-12,0.2070,8639322.00,true
2024-04-12,SEC-BOND-09,SECURITY_HOLDING,GHS,8705687.32,CP-GOG,SEC-BOND,GL-1200,2029-04-11,0.2070,8705687.32,true
2024-04-19,SEC-TBILL-00,SECURITY_HOLDING,GHS,6935074.45,CP-GOG,SEC-TBILL,GL-1200,2024-07-19,0.2718,6935074.45,true
2024-04-19,SEC-TBILL-01,SECURITY_HOLDING,GHS,6934095.37,CP-GOG,SEC-TBILL,GL-1200,2024-10-18,0.2718,6934095.37,true
2024-04-19,SEC-TBILL-02,SECURITY_HOLDING,GHS,6732144.18,CP-GOG,SEC-TBILL,GL-1200,2024-10-18,0.2718,6732144.18,true
2024-04-19,SEC-TBILL-03,SECURITY_HOLDING,GHS,6154182.17,CP-GOG,SEC-TBILL,GL-1200,2025-04-18,0.2718,6154182.17,true
2024-04-19,SEC-TBILL-04,SECURITY_HOLDING,GHS,12907556.70,CP-GOG,SEC-TBILL,GL-1200,2024-07-19,0.2718,12907556.70,true
2024-04-19,SEC-TBILL-05,SECURITY_HOLDING,GHS,8441714.42,CP-GOG,SEC-TBILL,GL-1200,2024-07-19,0.2718,8441714.42,true
2024-04-19,SEC-BOND-06,SECURITY_HOLDING,GHS,8476895.86,CP-GOG,SEC-BOND,GL-1200,2026-04-19,0.2718,8476895.86,true
2024-04-19,SEC-BOND-07,SECURITY_HOLDING,GHS,7724697.50,CP-GOG,SEC-BOND,GL-1200,2026-04-19,0.2718,7724697.50,true
2024-04-19,SEC-BOND-08,SECURITY_HOLDING,GHS,7783243.59,CP-GOG,SEC-BOND,GL-1200,2027-04-19,0.2718,7783243.59,true
2024-04-19,SEC-BOND-09,SECURITY_HOLDING,GHS,7854804.07,CP-GOG,SEC-BOND,GL-1200,2029-04-18,0.2718,7854804.07,true
2024-04-26,SEC-TBILL-00,SECURITY_HOLDING,GHS,7962828.74,CP-GOG,SEC-TBILL,GL-1200,2025-04-25,0.2166,7962828.74,true
2024-04-26,SEC-TBILL-01,SECURITY_HOLDING,GHS,7962003.01,CP-GOG,SEC-TBILL,GL-1200,2024-07-26,0.2166,7962003.01,true
2024-04-26,SEC-TBILL-02,SECURITY_HOLDING,GHS,7791680.63,CP-GOG,SEC-TBILL,GL-1200,2025-04-25,0.2166,7791680.63,true
2024-04-26,SEC-TBILL-03,SECURITY_HOLDING,GHS,10710516.38,CP-GOG,SEC-TBILL,GL-1200,2025-04-25,0.2166,10710516.38,true
2024-04-26,SEC-TBILL-04,SECURITY_HOLDING,GHS,9593644.35,CP-GOG,SEC-TBILL,GL-1200,2024-10-25,0.2166,9593644.35,true
2024-04-26,SEC-TBILL-05,SECURITY_HOLDING,GHS,5827225.01,CP-GOG,SEC-TBILL,GL-1200,2025-04-25,0.2166,5827225.01,true
2024-04-26,SEC-BOND-06,SECURITY_HOLDING,GHS,9263176.05,CP-GOG,SEC-BOND,GL-1200,2029-04-25,0.2166,9263176.05,true
2024-04-26,SEC-BOND-07,SECURITY_HOLDING,GHS,5222504.51,CP-GOG,SEC-BOND,GL-1200,2029-04-25,0.2166,5222504.51,true
2024-04-26,SEC-BOND-08,SECURITY_HOLDING,GHS,8678160.92,CP-GOG,SEC-BOND,GL-1200,2029-04-25,0.2166,8678160.92,true
2024-04-26,SEC-BOND-09,SECURITY_HOLDING,GHS,8738513.88,CP-GOG,SEC-BOND,GL-1200,2029-04-25,0.2166,8738513.88,true
2024-04-30,SEC-TBILL-00,SECURITY_HOLDING,GHS,10014139.48,CP-GOG,SEC-TBILL,GL-1200,2025-04-29,0.2245,10014139.48,true
2024-04-30,SEC-TBILL-01,SECURITY_HOLDING,GHS,6247408.77,CP-GOG,SEC-TBILL,GL-1200,2025-04-29,0.2245,6247408.77,true
2024-04-30,SEC-TBILL-02,SECURITY_HOLDING,GHS,9815751.56,CP-GOG,SEC-TBILL,GL-1200,2025-04-29,0.2245,9815751.56,true
2024-04-30,SEC-TBILL-03,SECURITY_HOLDING,GHS,5302305.82,CP-GOG,SEC-TBILL,GL-1200,2024-10-29,0.2245,5302305.82,true
2024-04-30,SEC-TBILL-04,SECURITY_HOLDING,GHS,8138741.02,CP-GOG,SEC-TBILL,GL-1200,2024-07-30,0.2245,8138741.02,true
2024-04-30,SEC-TBILL-05,SECURITY_HOLDING,GHS,7721281.66,CP-GOG,SEC-TBILL,GL-1200,2024-10-29,0.2245,7721281.66,true
2024-04-30,SEC-BOND-06,SECURITY_HOLDING,GHS,7755675.61,CP-GOG,SEC-BOND,GL-1200,2029-04-29,0.2245,7755675.61,true
2024-04-30,SEC-BOND-07,SECURITY_HOLDING,GHS,7020314.27,CP-GOG,SEC-BOND,GL-1200,2027-04-30,0.2245,7020314.27,true
2024-04-30,SEC-BOND-08,SECURITY_HOLDING,GHS,10843323.44,CP-GOG,SEC-BOND,GL-1200,2026-04-30,0.2245,10843323.44,true
2024-04-30,SEC-BOND-09,SECURITY_HOLDING,GHS,7147508.57,CP-GOG,SEC-BOND,GL-1200,2029-04-29,0.2245,7147508.57,true
2024-05-03,SEC-TBILL-00,SECURITY_HOLDING,GHS,7432594.33,CP-GOG,SEC-TBILL,GL-1200,2024-11-01,0.2014,7432594.33,true
2024-05-03,SEC-TBILL-01,SECURITY_HOLDING,GHS,11402717.56,CP-GOG,SEC-TBILL,GL-1200,2024-08-02,0.2014,11402717.56,true
2024-05-03,SEC-TBILL-02,SECURITY_HOLDING,GHS,7241891.32,CP-GOG,SEC-TBILL,GL-1200,2024-08-02,0.2014,7241891.32,true
2024-05-03,SEC-TBILL-03,SECURITY_HOLDING,GHS,6698753.55,CP-GOG,SEC-TBILL,GL-1200,2024-11-01,0.2014,6698753.55,true
2024-05-03,SEC-TBILL-04,SECURITY_HOLDING,GHS,5454270.91,CP-GOG,SEC-TBILL,GL-1200,2024-08-02,0.2014,5454270.91,true
2024-05-03,SEC-TBILL-05,SECURITY_HOLDING,GHS,8848453.97,CP-GOG,SEC-TBILL,GL-1200,2025-05-02,0.2014,8848453.97,true
2024-05-03,SEC-BOND-06,SECURITY_HOLDING,GHS,5261616.20,CP-GOG,SEC-BOND,GL-1200,2026-05-03,0.2014,5261616.20,true
2024-05-03,SEC-BOND-07,SECURITY_HOLDING,GHS,8174639.84,CP-GOG,SEC-BOND,GL-1200,2029-05-02,0.2014,8174639.84,true
2024-05-03,SEC-BOND-08,SECURITY_HOLDING,GHS,8229658.32,CP-GOG,SEC-BOND,GL-1200,2029-05-02,0.2014,8229658.32,true
2024-05-03,SEC-BOND-09,SECURITY_HOLDING,GHS,12267950.35,CP-GOG,SEC-BOND,GL-1200,2029-05-02,0.2014,12267950.35,true
2024-05-10,SEC-TBILL-00,SECURITY_HOLDING,GHS,6058637.34,CP-GOG,SEC-TBILL,GL-1200,2024-08-09,0.2663,6058637.34,true
2024-05-10,SEC-TBILL-01,SECURITY_HOLDING,GHS,10072544.19,CP-GOG,SEC-TBILL,GL-1200,2024-11-08,0.2663,10072544.19,true
2024-05-10,SEC-TBILL-02,SECURITY_HOLDING,GHS,5865831.21,CP-GOG,SEC-TBILL,GL-1200,2025-05-09,0.2663,5865831.21,true
2024-05-10,SEC-TBILL-03,SECURITY_HOLDING,GHS,5316703.56,CP-GOG,SEC-TBILL,GL-1200,2024-08-09,0.2663,5316703.56,true
2024-05-10,SEC-TBILL-04,SECURITY_HOLDING,GHS,11733154.16,CP-GOG,SEC-TBILL,GL-1200,2025-05-09,0.2663,11733154.16,true
2024-05-10,SEC-TBILL-05,SECURITY_HOLDING,GHS,7490111.48,CP-GOG,SEC-TBILL,GL-1200,2024-11-08,0.2663,7490111.48,true
2024-05-10,SEC-BOND-06,SECURITY_HOLDING,GHS,11538374.81,CP-GOG,SEC-BOND,GL-1200,2026-05-10,0.2663,11538374.81,true
2024-05-10,SEC-BOND-07,SECURITY_HOLDING,GHS,6808866.33,CP-GOG,SEC-BOND,GL-1200,2029-05-09,0.2663,6808866.33,true
2024-05-10,SEC-BOND-08,SECURITY_HOLDING,GHS,6864491.58,CP-GOG,SEC-BOND,GL-1200,2029-05-09,0.2663,6864491.58,true
2024-05-10,SEC-BOND-09,SECURITY_HOLDING,GHS,10947319.01,CP-GOG,SEC-BOND,GL-1200,2029-05-09,0.2663,10947319.01,true
2024-05-17,SEC-TBILL-00,SECURITY_HOLDING,GHS,7656699.75,CP-GOG,SEC-TBILL,GL-1200,2025-05-16,0.2111,7656699.75,true
2024-05-17,SEC-TBILL-01,SECURITY_HOLDING,GHS,11298066.10,CP-GOG,SEC-TBILL,GL-1200,2024-08-16,0.2111,11298066.10,true
2024-05-17,SEC-TBILL-02,SECURITY_HOLDING,GHS,7481788.42,CP-GOG,SEC-TBILL,GL-1200,2024-08-16,0.2111,7481788.42,true
2024-05-17,SEC-TBILL-03,SECURITY_HOLDING,GHS,10464803.66,CP-GOG,SEC-TBILL,GL-1200,2024-11-15,0.2111,10464803.66,true
2024-05-17,SEC-TBILL-04,SECURITY_HOLDING,GHS,9323373.80,CP-GOG,SEC-TBILL,GL-1200,2024-08-16,0.2111,9323373.80,true
2024-05-17,SEC-TBILL-05,SECURITY_HOLDING,GHS,5474138.26,CP-GOG,SEC-TBILL,GL-1200,2024-11-15,0.2111,5474138.26,true
2024-05-17,SEC-BOND-06,SECURITY_HOLDING,GHS,5665495.38,CP-GOG,SEC-BOND,GL-1200,2029-05-16,0.2111,5665495.38,true
2024-05-17,SEC-BOND-07,SECURITY_HOLDING,GHS,8498331.39,CP-GOG,SEC-BOND,GL-1200,2027-05-17,0.2111,8498331.39,true
2024-05-17,SEC-BOND-08,SECURITY_HOLDING,GHS,8387760.68,CP-GOG,SEC-BOND,GL-1200,2027-05-17,0.2111,8387760.68,true
2024-05-17,SEC-BOND-09,SECURITY_HOLDING,GHS,5129296.91,CP-GOG,SEC-BOND,GL-1200,2026-05-17,0.2111,5129296.91,true
2024-05-24,SEC-TBILL-00,SECURITY_HOLDING,GHS,5925473.50,CP-GOG,SEC-TBILL,GL-1200,2024-11-22,0.2759,5925473.50,true
2024-05-24,SEC-TBILL-01,SECURITY_HOLDING,GHS,9330958.56,CP-GOG,SEC-TBILL,GL-1200,2025-05-23,0.2759,9330958.56,true
2024-05-24,SEC-TBILL-02,SECURITY_HOLDING,GHS,5761892.62,CP-GOG,SEC-TBILL,GL-1200,2024-08-23,0.2759,5761892.62,true
2024-05-24,SEC-TBILL-03,SECURITY_HOLDING,GHS,5296000.89,CP-GOG,SEC-TBILL,GL-1200,2024-11-22,0.2759,5296000.89,true
2024-05-24,SEC-TBILL-04,SECURITY_HOLDING,GHS,7634785.13,CP-GOG,SEC-TBILL,GL-1200,2024-08-23,0.2759,7634785.13,true
2024-05-24,SEC-TBILL-05,SECURITY_HOLDING,GHS,7139967.00,CP-GOG,SEC-TBILL,GL-1200,2024-11-22,0.2759,7139967.00,true
2024-05-24,SEC-BOND-06,SECURITY_HOLDING,GHS,10574600.84,CP-GOG,SEC-BOND,GL-1200,2029-05-23,0.2759,10574600.84,true
2024-05-24,SEC-BOND-07,SECURITY_HOLDING,GHS,9968258.23,CP-GOG,SEC-BOND,GL-1200,2027-05-24,0.2759,9968258.23,true
2024-05-24,SEC-BOND-08,SECURITY_HOLDING,GHS,6609177.59,CP-GOG,SEC-BOND,GL-1200,2027-05-24,0.2759,6609177.59,true
2024-05-24,SEC-BOND-09,SECURITY_HOLDING,GHS,10073136.36,CP-GOG,SEC-BOND,GL-1200,2026-05-24,0.2759,10073136.36,true
2024-05-31,SEC-TBILL-00,SECURITY_HOLDING,GHS,5325172.05,CP-GOG,SEC-TBILL,GL-1200,2024-11-29,0.2607,5325172.05,true
2024-05-31,SEC-TBILL-01,SECURITY_HOLDING,GHS,9191672.30,CP-GOG,SEC-TBILL,GL-1200,2025-05-30,0.2607,9191672.30,true
2024-05-31,SEC-TBILL-02,SECURITY_HOLDING,GHS,5139446.53,CP-GOG,SEC-TBILL,GL-1200,2024-11-29,0.2607,5139446.53,true
2024-05-31,SEC-TBILL-03,SECURITY_HOLDING,GHS,12003298.85,CP-GOG,SEC-TBILL,GL-1200,2025-05-30,0.2607,12003298.85,true
2024-05-31,SEC-TBILL-04,SECURITY_HOLDING,GHS,7265880.57,CP-GOG,SEC-TBILL,GL-1200,2024-08-30,0.2607,7265880.57,true
2024-05-31,SEC-TBILL-05,SECURITY_HOLDING,GHS,6704076.77,CP-GOG,SEC-TBILL,GL-1200,2024-11-29,0.2607,6704076.77,true
2024-05-31,SEC-BOND-06,SECURITY_HOLDING,GHS,10603671.79,CP-GOG,SEC-BOND,GL-1200,2027-05-31,0.2607,10603671.79,true
2024-05-31,SEC-BOND-07,SECURITY_HOLDING,GHS,9915245.97,CP-GOG,SEC-BOND,GL-1200,2026-05-31,0.2607,9915245.97,true
2024-05-31,SEC-BOND-08,SECURITY_HOLDING,GHS,6101432.12,CP-GOG,SEC-BOND,GL-1200,2027-05-31,0.2607,6101432.12,true
2024-05-31,SEC-BOND-09,SECURITY_HOLDING,GHS,10034321.90,CP-GOG,SEC-BOND,GL-1200,2027-05-31,0.2607,10034321.90,true
2024-06-07,SEC-TBILL-00,SECURITY_HOLDING,GHS,8551451.36,CP-GOG,SEC-TBILL,GL-1200,2024-09-06,0.2055,8551451.36,true
2024-06-07,SEC-TBILL-01,SECURITY_HOLDING,GHS,8742358.55,CP-GOG,SEC-TBILL,GL-1200,2024-09-06,0.2055,8742358.55,true
2024-06-07,SEC-TBILL-02,SECURITY_HOLDING,GHS,8342999.12,CP-GOG,SEC-TBILL,GL-1200,2024-12-06,0.2055,8342999.12,true
2024-06-07,SEC-TBILL-03,SECURITY_HOLDING,GHS,11898036.07,CP-GOG,SEC-TBILL,GL-1200,2024-09-06,0.2055,11898036.07,true
2024-06-07,SEC-TBILL-04,SECURITY_HOLDING,GHS,6580913.01,CP-GOG,SEC-TBILL,GL-1200,2024-09-06,0.2055,6580913.01,true
2024-06-07,SEC-TBILL-05,SECURITY_HOLDING,GHS,5950362.83,CP-GOG,SEC-TBILL,GL-1200,2024-09-06,0.2055,5950362.83,true
2024-06-07,SEC-BOND-06,SECURITY_HOLDING,GHS,6178414.51,CP-GOG,SEC-BOND,GL-1200,2029-06-06,0.2055,6178414.51,true
2024-06-07,SEC-BOND-07,SECURITY_HOLDING,GHS,9554473.93,CP-GOG,SEC-BOND,GL-1200,2029-06-06,0.2055,9554473.93,true
2024-06-07,SEC-BOND-08,SECURITY_HOLDING,GHS,9422700.23,CP-GOG,SEC-BOND,GL-1200,2026-06-07,0.2055,9422700.23,true
2024-06-07,SEC-BOND-09,SECURITY_HOLDING,GHS,5539394.85,CP-GOG,SEC-BOND,GL-1200,2029-06-06,0.2055,5539394.85,true
2024-06-14,SEC-TBILL-00,SECURITY_HOLDING,GHS,6027669.34,CP-GOG,SEC-TBILL,GL-1200,2024-09-13,0.2704,6027669.34,true
2024-06-14,SEC-TBILL-01,SECURITY_HOLDING,GHS,9776623.98,CP-GOG,SEC-TBILL,GL-1200,2024-12-13,0.2704,9776623.98,true
2024-06-14,SEC-TBILL-02,SECURITY_HOLDING,GHS,5847590.07,CP-GOG,SEC-TBILL,GL-1200,2025-06-13,0.2704,5847590.07,true
2024-06-14,SEC-TBILL-03,SECURITY_HOLDING,GHS,5334709.54,CP-GOG,SEC-TBILL,GL-1200,2024-09-13,0.2704,5334709.54,true
2024-06-14,SEC-TBILL-04,SECURITY_HOLDING,GHS,7909378.31,CP-GOG,SEC-TBILL,GL-1200,2024-09-13,0.2704,7909378.31,true
2024-06-14,SEC-TBILL-05,SECURITY_HOLDING,GHS,11114477.39,CP-GOG,SEC-TBILL,GL-1200,2025-06-13,0.2704,11114477.39,true
2024-06-14,SEC-BOND-06,SECURITY_HOLDING,GHS,11145697.22,CP-GOG,SEC-BOND,GL-1200,2029-06-13,0.2704,11145697.22,true
2024-06-14,SEC-BOND-07,SECURITY_HOLDING,GHS,10478200.26,CP-GOG,SEC-BOND,GL-1200,2029-06-13,0.2704,10478200.26,true
2024-06-14,SEC-BOND-08,SECURITY_HOLDING,GHS,6780330.30,CP-GOG,SEC-BOND,GL-1200,2026-06-14,0.2704,6780330.30,true
2024-06-14,SEC-BOND-09,SECURITY_HOLDING,GHS,10593656.17,CP-GOG,SEC-BOND,GL-1200,2026-06-14,0.2704,10593656.17,true
2024-06-21,SEC-TBILL-00,SECURITY_HOLDING,GHS,10714891.78,CP-GOG,SEC-TBILL,GL-1200,2025-06-20,0.2552,10714891.78,true
2024-06-21,SEC-TBILL-01,SECURITY_HOLDING,GHS,7619617.49,CP-GOG,SEC-TBILL,GL-1200,2025-06-20,0.2552,7619617.49,true
2024-06-21,SEC-TBILL-02,SECURITY_HOLDING,GHS,10551868.43,CP-GOG,SEC-TBILL,GL-1200,2025-06-20,0.2552,10551868.43,true
2024-06-21,SEC-TBILL-03,SECURITY_HOLDING,GHS,10087564.59,CP-GOG,SEC-TBILL,GL-1200,2024-09-20,0.2552,10087564.59,true
2024-06-21,SEC-TBILL-04,SECURITY_HOLDING,GHS,5929225.10,CP-GOG,SEC-TBILL,GL-1200,2024-12-20,0.2552,5929225.10,true
2024-06-21,SEC-TBILL-05,SECURITY_HOLDING,GHS,8830758.19,CP-GOG,SEC-TBILL,GL-1200,2024-12-20,0.2552,8830758.19,true
2024-06-21,SEC-BOND-06,SECURITY_HOLDING,GHS,8859021.08,CP-GOG,SEC-BOND,GL-1200,2026-06-21,0.2552,8859021.08,true
2024-06-21,SEC-BOND-07,SECURITY_HOLDING,GHS,8254745.06,CP-GOG,SEC-BOND,GL-1200,2026-06-21,0.2552,8254745.06,true
2024-06-21,SEC-BOND-08,SECURITY_HOLDING,GHS,4907113.13,CP-GOG,SEC-BOND,GL-1200,2027-06-21,0.2552,4907113.13,true
2024-06-21,SEC-BOND-09,SECURITY_HOLDING,GHS,8359265.74,CP-GOG,SEC-BOND,GL-1200,2029-06-20,0.2552,8359265.74,true
2024-06-28,SEC-TBILL-00,SECURITY_HOLDING,GHS,7014059.37,CP-GOG,SEC-TBILL,GL-1200,2024-09-27,0.2000,7014059.37,true
2024-06-28,SEC-TBILL-01,SECURITY_HOLDING,GHS,7181901.12,CP-GOG,SEC-TBILL,GL-1200,2024-12-27,0.2000,7181901.12,true
2024-06-28,SEC-TBILL-02,SECURITY_HOLDING,GHS,6830792.36,CP-GOG,SEC-TBILL,GL-1200,2024-12-27,0.2000,6830792.36,true
2024-06-28,SEC-TBILL-03,SECURITY_HOLDING,GHS,9956309.14,CP-GOG,SEC-TBILL,GL-1200,2025-06-27,0.2000,9956309.14,true
2024-06-28,SEC-TBILL-04,SECURITY_HOLDING,GHS,5281601.79,CP-GOG,SEC-TBILL,GL-1200,2024-09-27,0.2000,5281601.79,true
2024-06-28,SEC-TBILL-05,SECURITY_HOLDING,GHS,8543436.98,CP-GOG,SEC-TBILL,GL-1200,2024-12-27,0.2000,8543436.98,true
2024-06-28,SEC-BOND-06,SECURITY_HOLDING,GHS,4927733.23,CP-GOG,SEC-BOND,GL-1200,2027-06-28,0.2000,4927733.23,true
2024-06-28,SEC-BOND-07,SECURITY_HOLDING,GHS,7895896.58,CP-GOG,SEC-BOND,GL-1200,2029-06-27,0.2000,7895896.58,true
2024-06-28,SEC-BOND-08,SECURITY_HOLDING,GHS,11427520.02,CP-GOG,SEC-BOND,GL-1200,2027-06-28,0.2000,11427520.02,true
2024-06-28,SEC-BOND-09,SECURITY_HOLDING,GHS,11660872.49,CP-GOG,SEC-BOND,GL-1200,2026-06-28,0.2000,11660872.49,true
2024-06-30,SEC-TBILL-00,SECURITY_HOLDING,GHS,5102526.16,CP-GOG,SEC-TBILL,GL-1200,2024-12-29,0.2640,5102526.16,true
2024-06-30,SEC-TBILL-01,SECURITY_HOLDING,GHS,8608700.88,CP-GOG,SEC-TBILL,GL-1200,2024-12-29,0.2640,8608700.88,true
2024-06-30,SEC-TBILL-02,SECURITY_HOLDING,GHS,8441095.98,CP-GOG,SEC-TBILL,GL-1200,2025-06-29,0.2640,8441095.98,true
2024-06-30,SEC-TBILL-03,SECURITY_HOLDING,GHS,7961429.28,CP-GOG,SEC-TBILL,GL-1200,2025-06-29,0.2640,7961429.28,true
2024-06-30,SEC-TBILL-04,SECURITY_HOLDING,GHS,6862376.85,CP-GOG,SEC-TBILL,GL-1200,2024-12-29,0.2640,6862376.85,true
2024-06-30,SEC-TBILL-05,SECURITY_HOLDING,GHS,9859915.76,CP-GOG,SEC-TBILL,GL-1200,2024-09-29,0.2640,9859915.76,true
2024-06-30,SEC-BOND-06,SECURITY_HOLDING,GHS,9889113.81,CP-GOG,SEC-BOND,GL-1200,2026-06-30,0.2640,9889113.81,true
2024-06-30,SEC-BOND-07,SECURITY_HOLDING,GHS,9264843.53,CP-GOG,SEC-BOND,GL-1200,2026-06-30,0.2640,9264843.53,true
2024-06-30,SEC-BOND-08,SECURITY_HOLDING,GHS,9313432.55,CP-GOG,SEC-BOND,GL-1200,2026-06-30,0.2640,9313432.55,true
2024-06-30,SEC-BOND-09,SECURITY_HOLDING,GHS,9372822.58,CP-GOG,SEC-BOND,GL-1200,2029-06-29,0.2640,9372822.58,true
2024-07-01,SEC-TBILL-00,SECURITY_HOLDING,GHS,4775208.51,CP-GOG,SEC-TBILL,GL-1200,2024-12-30,0.2569,4775208.51,true
2024-07-01,SEC-TBILL-01,SECURITY_HOLDING,GHS,8488838.14,CP-GOG,SEC-TBILL,GL-1200,2025-06-30,0.2569,8488838.14,true
2024-07-01,SEC-TBILL-02,SECURITY_HOLDING,GHS,11697348.68,CP-GOG,SEC-TBILL,GL-1200,2024-09-30,0.2569,11697348.68,true
2024-07-01,SEC-TBILL-03,SECURITY_HOLDING,GHS,7639039.52,CP-GOG,SEC-TBILL,GL-1200,2024-12-30,0.2569,7639039.52,true
2024-07-01,SEC-TBILL-04,SECURITY_HOLDING,GHS,10025219.19,CP-GOG,SEC-TBILL,GL-1200,2024-12-30,0.2569,10025219.19,true
2024-07-01,SEC-TBILL-05,SECURITY_HOLDING,GHS,6099595.19,CP-GOG,SEC-TBILL,GL-1200,2024-12-30,0.2569,6099595.19,true
2024-07-01,SEC-BOND-06,SECURITY_HOLDING,GHS,9845011.12,CP-GOG,SEC-BOND,GL-1200,2027-07-01,0.2569,9845011.12,true
2024-07-01,SEC-BOND-07,SECURITY_HOLDING,GHS,9183803.73,CP-GOG,SEC-BOND,GL-1200,2027-07-01,0.2569,9183803.73,true
2024-07-01,SEC-BOND-08,SECURITY_HOLDING,GHS,5520777.42,CP-GOG,SEC-BOND,GL-1200,2029-06-30,0.2569,5520777.42,true
2024-07-01,SEC-BOND-09,SECURITY_HOLDING,GHS,9298171.74,CP-GOG,SEC-BOND,GL-1200,2027-07-01,0.2569,9298171.74,true
2024-07-02,SEC-TBILL-00,SECURITY_HOLDING,GHS,11833788.47,CP-GOG,SEC-TBILL,GL-1200,2024-12-31,0.2080,11833788.47,true
2024-07-02,SEC-TBILL-01,SECURITY_HOLDING,GHS,8097229.75,CP-GOG,SEC-TBILL,GL-1200,2024-10-01,0.2080,8097229.75,true
2024-07-02,SEC-TBILL-02,SECURITY_HOLDING,GHS,11646091.02,CP-GOG,SEC-TBILL,GL-1200,2024-12-31,0.2080,11646091.02,true
2024-07-02,SEC-TBILL-03,SECURITY_HOLDING,GHS,7375860.19,CP-GOG,SEC-TBILL,GL-1200,2024-10-01,0.2080,7375860.19,true
2024-07-02,SEC-TBILL-04,SECURITY_HOLDING,GHS,6150991.12,CP-GOG,SEC-TBILL,GL-1200,2024-12-31,0.2080,6150991.12,true
2024-07-02,SEC-TBILL-05,SECURITY_HOLDING,GHS,9491680.43,CP-GOG,SEC-TBILL,GL-1200,2024-12-31,0.2080,9491680.43,true
2024-07-02,SEC-BOND-06,SECURITY_HOLDING,GHS,5788567.86,CP-GOG,SEC-BOND,GL-1200,2026-07-02,0.2080,5788567.86,true
2024-07-02,SEC-BOND-07,SECURITY_HOLDING,GHS,8828485.89,CP-GOG,SEC-BOND,GL-1200,2027-07-02,0.2080,8828485.89,true
2024-07-02,SEC-BOND-08,SECURITY_HOLDING,GHS,5146984.12,CP-GOG,SEC-BOND,GL-1200,2029-07-01,0.2080,5146984.12,true
2024-07-02,SEC-BOND-09,SECURITY_HOLDING,GHS,5213172.97,CP-GOG,SEC-BOND,GL-1200,2027-07-02,0.2080,5213172.97,true
2024-07-03,SEC-TBILL-00,SECURITY_HOLDING,GHS,9863599.86,CP-GOG,SEC-TBILL,GL-1200,2024-10-02,0.2009,9863599.86,true
2024-07-03,SEC-TBILL-01,SECURITY_HOLDING,GHS,6667694.54,CP-GOG,SEC-TBILL,GL-1200,2024-10-02,0.2009,6667694.54,true
2024-07-03,SEC-TBILL-02,SECURITY_HOLDING,GHS,9695276.43,CP-GOG,SEC-TBILL,GL-1200,2024-10-02,0.2009,9695276.43,true
2024-07-03,SEC-TBILL-03,SECURITY_HOLDING,GHS,9215877.52,CP-GOG,SEC-TBILL,GL-1200,2025-07-02,0.2009,9215877.52,true
2024-07-03,SEC-TBILL-04,SECURITY_HOLDING,GHS,4922345.50,CP-GOG,SEC-TBILL,GL-1200,2025-01-01,0.2009,4922345.50,true
2024-07-03,SEC-TBILL-05,SECURITY_HOLDING,GHS,7918210.86,CP-GOG,SEC-TBILL,GL-1200,2025-07-02,0.2009,7918210.86,true
2024-07-03,SEC-BOND-06,SECURITY_HOLDING,GHS,7947392.61,CP-GOG,SEC-BOND,GL-1200,2026-07-03,0.2009,7947392.61,true
2024-07-03,SEC-BOND-07,SECURITY_HOLDING,GHS,7323470.86,CP-GOG,SEC-BOND,GL-1200,2029-07-02,0.2009,7323470.86,true
2024-07-03,SEC-BOND-08,SECURITY_HOLDING,GHS,10567125.96,CP-GOG,SEC-BOND,GL-1200,2027-07-03,0.2009,10567125.96,true
2024-07-03,SEC-BOND-09,SECURITY_HOLDING,GHS,7431389.63,CP-GOG,SEC-BOND,GL-1200,2027-07-03,0.2009,7431389.63,true
2024-07-04,SEC-TBILL-00,SECURITY_HOLDING,GHS,7685304.41,CP-GOG,SEC-TBILL,GL-1200,2025-07-03,0.2338,7685304.41,true
2024-07-04,SEC-TBILL-01,SECURITY_HOLDING,GHS,7684631.12,CP-GOG,SEC-TBILL,GL-1200,2024-10-03,0.2338,7684631.12,true
2024-07-04,SEC-TBILL-02,SECURITY_HOLDING,GHS,7545753.50,CP-GOG,SEC-TBILL,GL-1200,2024-10-03,0.2338,7545753.50,true
2024-07-04,SEC-TBILL-03,SECURITY_HOLDING,GHS,7148301.09,CP-GOG,SEC-TBILL,GL-1200,2025-07-03,0.2338,7148301.09,true
2024-07-04,SEC-TBILL-04,SECURITY_HOLDING,GHS,6237624.94,CP-GOG,SEC-TBILL,GL-1200,2024-10-03,0.2338,6237624.94,true
2024-07-04,SEC-TBILL-05,SECURITY_HOLDING,GHS,8721389.26,CP-GOG,SEC-TBILL,GL-1200,2025-07-03,0.2338,8721389.26,true
2024-07-04,SEC-BOND-06,SECURITY_HOLDING,GHS,8745582.81,CP-GOG,SEC-BOND,GL-1200,2027-07-04,0.2338,8745582.81,true
2024-07-04,SEC-BOND-07,SECURITY_HOLDING,GHS,8228311.70,CP-GOG,SEC-BOND,GL-1200,2029-07-03,0.2338,8228311.70,true
2024-07-04,SEC-BOND-08,SECURITY_HOLDING,GHS,8268572.63,CP-GOG,SEC-BOND,GL-1200,2026-07-04,0.2338,8268572.63,true
2024-07-04,SEC-BOND-09,SECURITY_HOLDING,GHS,8317783.28,CP-GOG,SEC-BOND,GL-1200,2027-07-04,0.2338,8317783.28,true
2024-07-05,SEC-TBILL-00,SECURITY_HOLDING,GHS,5483016.07,CP-GOG,SEC-TBILL,GL-1200,2025-01-03,0.2648,5483016.07,true
2024-07-05,SEC-TBILL-01,SECURITY_HOLDING,GHS,9198617.01,CP-GOG,SEC-TBILL,GL-1200,2025-01-03,0.2648,9198617.01,true
2024-07-05,SEC-TBILL-02,SECURITY_HOLDING,GHS,5304538.92,CP-GOG,SEC-TBILL,GL-1200,2024-10-04,0.2648,5304538.92,true
2024-07-05,SEC-TBILL-03,SECURITY_HOLDING,GHS,4796221.39,CP-GOG,SEC-TBILL,GL-1200,2025-07-04,0.2648,4796221.39,true
2024-07-05,SEC-TBILL-04,SECURITY_HOLDING,GHS,7347983.85,CP-GOG,SEC-TBILL,GL-1200,2025-01-03,0.2648,7347983.85,true
2024-07-05,SEC-TBILL-05,SECURITY_HOLDING,GHS,10524567.81,CP-GOG,SEC-TBILL,GL-1200,2025-01-03,0.2648,10524567.81,true
2024-07-05,SEC-BOND-06,SECURITY_HOLDING,GHS,10555509.89,CP-GOG,SEC-BOND,GL-1200,2027-07-05,0.2648,10555509.89,true
2024-07-05,SEC-BOND-07,SECURITY_HOLDING,GHS,9893951.51,CP-GOG,SEC-BOND,GL-1200,2026-07-05,0.2648,9893951.51,true
2024-07-05,SEC-BOND-08,SECURITY_HOLDING,GHS,9945442.79,CP-GOG,SEC-BOND,GL-1200,2029-07-04,0.2648,9945442.79,true
2024-07-05,SEC-BOND-09,SECURITY_HOLDING,GHS,10008380.23,CP-GOG,SEC-BOND,GL-1200,2027-07-05,0.2648,10008380.23,true
2024-07-08,SEC-TBILL-00,SECURITY_HOLDING,GHS,10290734.83,CP-GOG,SEC-TBILL,GL-1200,2025-01-06,0.2417,10290734.83,true
2024-07-08,SEC-TBILL-01,SECURITY_HOLDING,GHS,6980397.89,CP-GOG,SEC-TBILL,GL-1200,2025-01-06,0.2417,6980397.89,true
2024-07-08,SEC-TBILL-02,SECURITY_HOLDING,GHS,10116384.47,CP-GOG,SEC-TBILL,GL-1200,2025-01-06,0.2417,10116384.47,true
2024-07-08,SEC-TBILL-03,SECURITY_HOLDING,GHS,9619820.35,CP-GOG,SEC-TBILL,GL-1200,2025-07-07,0.2417,9619820.35,true
2024-07-08,SEC-TBILL-04,SECURITY_HOLDING,GHS,5172555.40,CP-GOG,SEC-TBILL,GL-1200,2025-07-07,0.2417,5172555.40,true
2024-07-08,SEC-TBILL-05,SECURITY_HOLDING,GHS,4645160.48,CP-GOG,SEC-TBILL,GL-1200,2025-01-06,0.2417,4645160.48,true
2024-07-08,SEC-BOND-06,SECURITY_HOLDING,GHS,8305916.44,CP-GOG,SEC-BOND,GL-1200,2027-07-08,0.2417,8305916.44,true
2024-07-08,SEC-BOND-07,SECURITY_HOLDING,GHS,7659654.74,CP-GOG,SEC-BOND,GL-1200,2026-07-08,0.2417,7659654.74,true
2024-07-08,SEC-BOND-08,SECURITY_HOLDING,GHS,11019451.19,CP-GOG,SEC-BOND,GL-1200,2027-07-08,0.2417,11019451.19,true
2024-07-08,SEC-BOND-09,SECURITY_HOLDING,GHS,7771437.61,CP-GOG,SEC-BOND,GL-1200,2029-07-07,0.2417,7771437.61,true
2024-07-09,SEC-TBILL-00,SECURITY_HOLDING,GHS,7691772.77,CP-GOG,SEC-TBILL,GL-1200,2024-10-08,0.2728,7691772.77,true
2024-07-09,SEC-TBILL-01,SECURITY_HOLDING,GHS,7691104.07,CP-GOG,SEC-TBILL,GL-1200,2024-10-08,0.2728,7691104.07,true
2024-07-09,SEC-TBILL-02,SECURITY_HOLDING,GHS,7553172.05,CP-GOG,SEC-TBILL,GL-1200,2025-01-07,0.2728,7553172.05,true
2024-07-09,SEC-TBILL-03,SECURITY_HOLDING,GHS,7158425.83,CP-GOG,SEC-TBILL,GL-1200,2024-10-08,0.2728,7158425.83,true
2024-07-09,SEC-TBILL-04,SECURITY_HOLDING,GHS,6253950.32,CP-GOG,SEC-TBILL,GL-1200,2025-01-07,0.2728,6253950.32,true
2024-07-09,SEC-TBILL-05,SECURITY_HOLDING,GHS,8720803.09,CP-GOG,SEC-TBILL,GL-1200,2025-07-08,0.2728,8720803.09,true
2024-07-09,SEC-BOND-06,SECURITY_HOLDING,GHS,8744831.90,CP-GOG,SEC-BOND,GL-1200,2027-07-09,0.2728,8744831.90,true
2024-07-09,SEC-BOND-07,SECURITY_HOLDING,GHS,8231082.82,CP-GOG,SEC-BOND,GL-1200,2026-07-09,0.2728,8231082.82,true
2024-07-09,SEC-BOND-08,SECURITY_HOLDING,GHS,8271069.61,CP-GOG,SEC-BOND,GL-1200,2026-07-09,0.2728,8271069.61,true
2024-07-09,SEC-BOND-09,SECURITY_HOLDING,GHS,8319945.19,CP-GOG,SEC-BOND,GL-1200,2029-07-08,0.2728,8319945.19,true
2024-07-10,SEC-TBILL-00,SECURITY_HOLDING,GHS,5299185.05,CP-GOG,SEC-TBILL,GL-1200,2025-01-08,0.2657,5299185.05,true
2024-07-10,SEC-TBILL-01,SECURITY_HOLDING,GHS,8841300.25,CP-GOG,SEC-TBILL,GL-1200,2024-10-09,0.2657,8841300.25,true
2024-07-10,SEC-TBILL-02,SECURITY_HOLDING,GHS,5129041.21,CP-GOG,SEC-TBILL,GL-1200,2025-07-09,0.2657,5129041.21,true
2024-07-10,SEC-TBILL-03,SECURITY_HOLDING,GHS,8030749.68,CP-GOG,SEC-TBILL,GL-1200,2025-01-08,0.2657,8030749.68,true
2024-07-10,SEC-TBILL-04,SECURITY_HOLDING,GHS,10463367.38,CP-GOG,SEC-TBILL,GL-1200,2025-07-09,0.2657,10463367.38,true
2024-07-10,SEC-TBILL-05,SECURITY_HOLDING,GHS,10105340.86,CP-GOG,SEC-TBILL,GL-1200,2025-01-08,0.2657,10105340.86,true
2024-07-10,SEC-BOND-06,SECURITY_HOLDING,GHS,10134838.21,CP-GOG,SEC-BOND,GL-1200,2026-07-10,0.2657,10134838.21,true
2024-07-10,SEC-BOND-07,SECURITY_HOLDING,GHS,9504168.77,CP-GOG,SEC-BOND,GL-1200,2026-07-10,0.2657,9504168.77,true
2024-07-10,SEC-BOND-08,SECURITY_HOLDING,GHS,6010319.77,CP-GOG,SEC-BOND,GL-1200,2029-07-09,0.2657,6010319.77,true
2024-07-10,SEC-BOND-09,SECURITY_HOLDING,GHS,9613254.68,CP-GOG,SEC-BOND,GL-1200,2027-07-10,0.2657,9613254.68,true
2024-07-11,SEC-TBILL-00,SECURITY_HOLDING,GHS,8505268.54,CP-GOG,SEC-TBILL,GL-1200,2025-01-09,0.2586,8505268.54,true
2024-07-11,SEC-TBILL-01,SECURITY_HOLDING,GHS,8504405.01,CP-GOG,SEC-TBILL,GL-1200,2025-01-09,0.2586,8504405.01,true
2024-07-11,SEC-TBILL-02,SECURITY_HOLDING,GHS,4764108.86,CP-GOG,SEC-TBILL,GL-1200,2025-01-09,0.2586,4764108.86,true
2024-07-11,SEC-TBILL-03,SECURITY_HOLDING,GHS,7816534.10,CP-GOG,SEC-TBILL,GL-1200,2024-10-10,0.2586,7816534.10,true
2024-07-11,SEC-TBILL-04,SECURITY_HOLDING,GHS,6648544.99,CP-GOG,SEC-TBILL,GL-1200,2025-07-10,0.2586,6648544.99,true
2024-07-11,SEC-TBILL-05,SECURITY_HOLDING,GHS,9834100.77,CP-GOG,SEC-TBILL,GL-1200,2025-01-09,0.2586,9834100.77,true
2024-07-11,SEC-BOND-06,SECURITY_HOLDING,GHS,9865130.23,CP-GOG,SEC-BOND,GL-1200,2029-07-10,0.2586,9865130.23,true
2024-07-11,SEC-BOND-07,SECURITY_HOLDING,GHS,9201703.38,CP-GOG,SEC-BOND,GL-1200,2029-07-10,0.2586,9201703.38,true
2024-07-11,SEC-BOND-08,SECURITY_HOLDING,GHS,9253340.09,CP-GOG,SEC-BOND,GL-1200,2027-07-11,0.2586,9253340.09,true
2024-07-11,SEC-BOND-09,SECURITY_HOLDING,GHS,5754276.84,CP-GOG,SEC-BOND,GL-1200,2027-07-11,0.2586,5754276.84,true
2024-07-12,SEC-TBILL-00,SECURITY_HOLDING,GHS,10155926.23,CP-GOG,SEC-TBILL,GL-1200,2025-07-11,0.2497,10155926.23,true
2024-07-12,SEC-TBILL-01,SECURITY_HOLDING,GHS,7093953.91,CP-GOG,SEC-TBILL,GL-1200,2025-07-11,0.2497,7093953.91,true
2024-07-12,SEC-TBILL-02,SECURITY_HOLDING,GHS,9994656.84,CP-GOG,SEC-TBILL,GL-1200,2024-10-11,0.2497,9994656.84,true
2024-07-12,SEC-TBILL-03,SECURITY_HOLDING,GHS,9535348.44,CP-GOG,SEC-TBILL,GL-1200,2025-01-10,0.2497,9535348.44,true
2024-07-12,SEC-TBILL-04,SECURITY_HOLDING,GHS,5421748.41,CP-GOG,SEC-TBILL,GL-1200,2025-07-11,0.2497,5421748.41,true
2024-07-12,SEC-TBILL-05,SECURITY_HOLDING,GHS,8292063.98,CP-GOG,SEC-TBILL,GL-1200,2024-10-11,0.2497,8292063.98,true
2024-07-12,SEC-BOND-06,SECURITY_HOLDING,GHS,8320022.80,CP-GOG,SEC-BOND,GL-1200,2029-07-11,0.2497,8320022.80,true
2024-07-12,SEC-BOND-07,SECURITY_HOLDING,GHS,7722248.16,CP-GOG,SEC-BOND,GL-1200,2026-07-12,0.2497,7722248.16,true
2024-07-12,SEC-BOND-08,SECURITY_HOLDING,GHS,7768774.95,CP-GOG,SEC-BOND,GL-1200,2026-07-12,0.2497,7768774.95,true
2024-07-12,SEC-BOND-09,SECURITY_HOLDING,GHS,7825644.31,CP-GOG,SEC-BOND,GL-1200,2027-07-12,0.2497,7825644.31,true
2024-07-15,SEC-TBILL-00,SECURITY_HOLDING,GHS,8766222.73,CP-GOG,SEC-TBILL,GL-1200,2024-10-14,0.2665,8766222.73,true
2024-07-15,SEC-TBILL-01,SECURITY_HOLDING,GHS,5532593.21,CP-GOG,SEC-TBILL,GL-1200,2025-07-14,0.2665,5532593.21,true
2024-07-15,SEC-TBILL-02,SECURITY_HOLDING,GHS,5206307.32,CP-GOG,SEC-TBILL,GL-1200,2024-10-14,0.2665,5206307.32,true
2024-07-15,SEC-TBILL-03,SECURITY_HOLDING,GHS,8110854.73,CP-GOG,SEC-TBILL,GL-1200,2025-07-14,0.2665,8110854.73,true
2024-07-15,SEC-TBILL-04,SECURITY_HOLDING,GHS,10545852.42,CP-GOG,SEC-TBILL,GL-1200,2025-07-14,0.2665,10545852.42,true
2024-07-15,SEC-TBILL-05,SECURITY_HOLDING,GHS,10030678.34,CP-GOG,SEC-TBILL,GL-1200,2024-10-14,0.2665,10030678.34,true
2024-07-15,SEC-BOND-06,SECURITY_HOLDING,GHS,10217001.83,CP-GOG,SEC-BOND,GL-1200,2026-07-15,0.2665,10217001.83,true
2024-07-15,SEC-BOND-07,SECURITY_HOLDING,GHS,6196110.26,CP-GOG,SEC-BOND,GL-1200,2026-07-15,0.2665,6196110.26,true
2024-07-15,SEC-BOND-08,SECURITY_HOLDING,GHS,9478053.20,CP-GOG,SEC-BOND,GL-1200,2026-07-15,0.2665,9478053.20,true
2024-07-15,SEC-BOND-09,SECURITY_HOLDING,GHS,9694908.00,CP-GOG,SEC-BOND,GL-1200,2026-07-15,0.2665,9694908.00,true
2024-07-16,SEC-TBILL-00,SECURITY_HOLDING,GHS,8112627.13,CP-GOG,SEC-TBILL,GL-1200,2024-10-15,0.2195,8112627.13,true
2024-07-16,SEC-TBILL-01,SECURITY_HOLDING,GHS,8111810.76,CP-GOG,SEC-TBILL,GL-1200,2024-10-15,0.2195,8111810.76,true
2024-07-16,SEC-TBILL-02,SECURITY_HOLDING,GHS,7943419.00,CP-GOG,SEC-TBILL,GL-1200,2025-07-15,0.2195,7943419.00,true
2024-07-16,SEC-TBILL-03,SECURITY_HOLDING,GHS,7461500.37,CP-GOG,SEC-TBILL,GL-1200,2025-07-15,0.2195,7461500.37,true
2024-07-16,SEC-TBILL-04,SECURITY_HOLDING,GHS,6357288.16,CP-GOG,SEC-TBILL,GL-1200,2024-10-15,0.2195,6357288.16,true
2024-07-16,SEC-TBILL-05,SECURITY_HOLDING,GHS,9368899.78,CP-GOG,SEC-TBILL,GL-1200,2024-10-15,0.2195,9368899.78,true
2024-07-16,SEC-BOND-06,SECURITY_HOLDING,GHS,9398234.92,CP-GOG,SEC-BOND,GL-1200,2026-07-16,0.2195,9398234.92,true
2024-07-16,SEC-BOND-07,SECURITY_HOLDING,GHS,8771033.83,CP-GOG,SEC-BOND,GL-1200,2026-07-16,0.2195,8771033.83,true
2024-07-16,SEC-BOND-08,SECURITY_HOLDING,GHS,8819850.97,CP-GOG,SEC-BOND,GL-1200,2027-07-16,0.2195,8819850.97,true
2024-07-16,SEC-BOND-09,SECURITY_HOLDING,GHS,8879519.82,CP-GOG,SEC-BOND,GL-1200,2029-07-15,0.2195,8879519.82,true
2024-07-17,SEC-TBILL-00,SECURITY_HOLDING,GHS,10658049.91,CP-GOG,SEC-TBILL,GL-1200,2025-01-15,0.2505,10658049.91,true
2024-07-17,SEC-TBILL-01,SECURITY_HOLDING,GHS,7466190.38,CP-GOG,SEC-TBILL,GL-1200,2025-07-16,0.2505,7466190.38,true
2024-07-17,SEC-TBILL-02,SECURITY_HOLDING,GHS,10489939.57,CP-GOG,SEC-TBILL,GL-1200,2025-07-16,0.2505,10489939.57,true
2024-07-17,SEC-TBILL-03,SECURITY_HOLDING,GHS,10011147.54,CP-GOG,SEC-TBILL,GL-1200,2024-10-16,0.2505,10011147.54,true
2024-07-17,SEC-TBILL-04,SECURITY_HOLDING,GHS,5723050.82,CP-GOG,SEC-TBILL,GL-1200,2025-07-16,0.2505,5723050.82,true
2024-07-17,SEC-TBILL-05,SECURITY_HOLDING,GHS,8715123.63,CP-GOG,SEC-TBILL,GL-1200,2024-10-16,0.2505,8715123.63,true
2024-07-17,SEC-BOND-06,SECURITY_HOLDING,GHS,8744268.44,CP-GOG,SEC-BOND,GL-1200,2027-07-17,0.2505,8744268.44,true
2024-07-17,SEC-BOND-07,SECURITY_HOLDING,GHS,8121136.53,CP-GOG,SEC-BOND,GL-1200,2027-07-17,0.2505,8121136.53,true
2024-07-17,SEC-BOND-08,SECURITY_HOLDING,GHS,4669044.76,CP-GOG,SEC-BOND,GL-1200,2026-07-17,0.2505,4669044.76,true
2024-07-17,SEC-BOND-09,SECURITY_HOLDING,GHS,8228918.69,CP-GOG,SEC-BOND,GL-1200,2029-07-16,0.2505,8228918.69,true
2024-07-18,SEC-TBILL-00,SECURITY_HOLDING,GHS,9712067.30,CP-GOG,SEC-TBILL,GL-1200,2025-01-16,0.2434,9712067.30,true
2024-07-18,SEC-TBILL-01,SECURITY_HOLDING,GHS,9711284.66,CP-GOG,SEC-TBILL,GL-1200,2025-01-16,0.2434,9711284.66,true
2024-07-18,SEC-TBILL-02,SECURITY_HOLDING,GHS,9549852.73,CP-GOG,SEC-TBILL,GL-1200,2025-01-16,0.2434,9549852.73,true
2024-07-18,SEC-TBILL-03,SECURITY_HOLDING,GHS,5859372.84,CP-GOG,SEC-TBILL,GL-1200,2025-01-16,0.2434,5859372.84,true
2024-07-18,SEC-TBILL-04,SECURITY_HOLDING,GHS,4800799.00,CP-GOG,SEC-TBILL,GL-1200,2024-10-17,0.2434,4800799.00,true
2024-07-18,SEC-TBILL-05,SECURITY_HOLDING,GHS,4459457.72,CP-GOG,SEC-TBILL,GL-1200,2024-10-17,0.2434,4459457.72,true
2024-07-18,SEC-BOND-06,SECURITY_HOLDING,GHS,4487580.39,CP-GOG,SEC-BOND,GL-1200,2029-07-17,0.2434,4487580.39,true
2024-07-18,SEC-BOND-07,SECURITY_HOLDING,GHS,10343261.29,CP-GOG,SEC-BOND,GL-1200,2029-07-17,0.2434,10343261.29,true
2024-07-18,SEC-BOND-08,SECURITY_HOLDING,GHS,10390060.76,CP-GOG,SEC-BOND,GL-1200,2027-07-18,0.2434,10390060.76,true
2024-07-18,SEC-BOND-09,SECURITY_HOLDING,GHS,10447263.43,CP-GOG,SEC-BOND,GL-1200,2026-07-18,0.2434,10447263.43,true
2024-07-19,SEC-TBILL-00,SECURITY_HOLDING,GHS,5934995.32,CP-GOG,SEC-TBILL,GL-1200,2024-10-18,0.2745,5934995.32,true
2024-07-19,SEC-TBILL-01,SECURITY_HOLDING,GHS,6088015.61,CP-GOG,SEC-TBILL,GL-1200,2024-10-18,0.2745,6088015.61,true
2024-07-19,SEC-TBILL-02,SECURITY_HOLDING,GHS,9247120.18,CP-GOG,SEC-TBILL,GL-1200,2025-01-17,0.2745,9247120.18,true
2024-07-19,SEC-TBILL-03,SECURITY_HOLDING,GHS,5445871.08,CP-GOG,SEC-TBILL,GL-1200,2025-07-18,0.2745,5445871.08,true
2024-07-19,SEC-TBILL-04,SECURITY_HOLDING,GHS,11006288.01,CP-GOG,SEC-TBILL,GL-1200,2025-07-18,0.2745,11006288.01,true
2024-07-19,SEC-TBILL-05,SECURITY_HOLDING,GHS,7329319.56,CP-GOG,SEC-TBILL,GL-1200,2025-07-18,0.2745,7329319.56,true
2024-07-19,SEC-BOND-06,SECURITY_HOLDING,GHS,10683668.19,CP-GOG,SEC-BOND,GL-1200,2026-07-19,0.2745,10683668.19,true
2024-07-19,SEC-BOND-07,SECURITY_HOLDING,GHS,6738960.92,CP-GOG,SEC-BOND,GL-1200,2026-07-19,0.2745,6738960.92,true
2024-07-19,SEC-BOND-08,SECURITY_HOLDING,GHS,6787165.08,CP-GOG,SEC-BOND,GL-1200,2027-07-19,0.2745,6787165.08,true
2024-07-19,SEC-BOND-09,SECURITY_HOLDING,GHS,10171466.53,CP-GOG,SEC-BOND,GL-1200,2026-07-19,0.2745,10171466.53,true
2024-07-22,SEC-TBILL-00,SECURITY_HOLDING,GHS,11619910.83,CP-GOG,SEC-TBILL,GL-1200,2025-07-21,0.2514,11619910.83,true
2024-07-22,SEC-TBILL-01,SECURITY_HOLDING,GHS,8163124.32,CP-GOG,SEC-TBILL,GL-1200,2024-10-21,0.2514,8163124.32,true
2024-07-22,SEC-TBILL-02,SECURITY_HOLDING,GHS,11437847.19,CP-GOG,SEC-TBILL,GL-1200,2025-07-21,0.2514,11437847.19,true
2024-07-22,SEC-TBILL-03,SECURITY_HOLDING,GHS,7295788.85,CP-GOG,SEC-TBILL,GL-1200,2025-01-20,0.2514,7295788.85,true
2024-07-22,SEC-TBILL-04,SECURITY_HOLDING,GHS,6275302.73,CP-GOG,SEC-TBILL,GL-1200,2024-10-21,0.2514,6275302.73,true
2024-07-22,SEC-TBILL-05,SECURITY_HOLDING,GHS,5724575.82,CP-GOG,SEC-TBILL,GL-1200,2024-10-21,0.2514,5724575.82,true
2024-07-22,SEC-BOND-06,SECURITY_HOLDING,GHS,9547283.92,CP-GOG,SEC-BOND,GL-1200,2027-07-22,0.2514,9547283.92,true
2024-07-22,SEC-BOND-07,SECURITY_HOLDING,GHS,8872431.54,CP-GOG,SEC-BOND,GL-1200,2026-07-22,0.2514,8872431.54,true
2024-07-22,SEC-BOND-08,SECURITY_HOLDING,GHS,5133813.30,CP-GOG,SEC-BOND,GL-1200,2029-07-21,0.2514,5133813.30,true
2024-07-22,SEC-BOND-09,SECURITY_HOLDING,GHS,8989159.71,CP-GOG,SEC-BOND,GL-1200,2026-07-22,0.2514,8989159.71,true
2024-07-23,SEC-TBILL-00,SECURITY_HOLDING,GHS,10578102.42,CP-GOG,SEC-TBILL,GL-1200,2025-01-21,0.2443,10578102.42,true
2024-07-23,SEC-TBILL-01,SECURITY_HOLDING,GHS,7085629.11,CP-GOG,SEC-TBILL,GL-1200,2024-10-22,0.2443,7085629.11,true
2024-07-23,SEC-TBILL-02,SECURITY_HOLDING,GHS,10402666.04,CP-GOG,SEC-TBILL,GL-1200,2025-01-21,0.2443,10402666.04,true
2024-07-23,SEC-TBILL-03,SECURITY_HOLDING,GHS,6411382.00,CP-GOG,SEC-TBILL,GL-1200,2024-10-22,0.2443,6411382.00,true
2024-07-23,SEC-TBILL-04,SECURITY_HOLDING,GHS,5266525.77,CP-GOG,SEC-TBILL,GL-1200,2025-07-22,0.2443,5266525.77,true
2024-07-23,SEC-TBILL-05,SECURITY_HOLDING,GHS,8388989.28,CP-GOG,SEC-TBILL,GL-1200,2025-07-22,0.2443,8388989.28,true
2024-07-23,SEC-BOND-06,SECURITY_HOLDING,GHS,4927777.30,CP-GOG,SEC-BOND,GL-1200,2027-07-23,0.2443,4927777.30,true
2024-07-23,SEC-BOND-07,SECURITY_HOLDING,GHS,7769116.98,CP-GOG,SEC-BOND,GL-1200,2029-07-22,0.2443,7769116.98,true
2024-07-23,SEC-BOND-08,SECURITY_HOLDING,GHS,7819730.99,CP-GOG,SEC-BOND,GL-1200,2027-07-23,0.2443,7819730.99,true
2024-07-23,SEC-BOND-09,SECURITY_HOLDING,GHS,11373223.02,CP-GOG,SEC-BOND,GL-1200,2026-07-23,0.2443,11373223.02,true
2024-07-24,SEC-TBILL-00,SECURITY_HOLDING,GHS,9598166.51,CP-GOG,SEC-TBILL,GL-1200,2025-07-23,0.2753,9598166.51,true
2024-07-24,SEC-TBILL-01,SECURITY_HOLDING,GHS,6335063.08,CP-GOG,SEC-TBILL,GL-1200,2025-07-23,0.2753,6335063.08,true
2024-07-24,SEC-TBILL-02,SECURITY_HOLDING,GHS,9426303.86,CP-GOG,SEC-TBILL,GL-1200,2024-10-23,0.2753,9426303.86,true
2024-07-24,SEC-TBILL-03,SECURITY_HOLDING,GHS,8936824.96,CP-GOG,SEC-TBILL,GL-1200,2024-10-23,0.2753,8936824.96,true
2024-07-24,SEC-TBILL-04,SECURITY_HOLDING,GHS,11394017.19,CP-GOG,SEC-TBILL,GL-1200,2024-10-23,0.2753,11394017.19,true
2024-07-24,SEC-TBILL-05,SECURITY_HOLDING,GHS,7611873.15,CP-GOG,SEC-TBILL,GL-1200,2025-01-22,0.2753,7611873.15,true
2024-07-24,SEC-BOND-06,SECURITY_HOLDING,GHS,7641668.49,CP-GOG,SEC-BOND,GL-1200,2029-07-23,0.2753,7641668.49,true
2024-07-24,SEC-BOND-07,SECURITY_HOLDING,GHS,7004627.96,CP-GOG,SEC-BOND,GL-1200,2026-07-24,0.2753,7004627.96,true
2024-07-24,SEC-BOND-08,SECURITY_HOLDING,GHS,7054210.94,CP-GOG,SEC-BOND,GL-1200,2029-07-23,0.2753,7054210.94,true
2024-07-24,SEC-BOND-09,SECURITY_HOLDING,GHS,7114815.86,CP-GOG,SEC-BOND,GL-1200,2026-07-24,0.2753,7114815.86,true
2024-07-25,SEC-TBILL-00,SECURITY_HOLDING,GHS,8215540.82,CP-GOG,SEC-TBILL,GL-1200,2025-01-23,0.2283,8215540.82,true
2024-07-25,SEC-TBILL-01,SECURITY_HOLDING,GHS,8214783.23,CP-GOG,SEC-TBILL,GL-1200,2024-10-24,0.2283,8214783.23,true
2024-07-25,SEC-TBILL-02,SECURITY_HOLDING,GHS,8058517.43,CP-GOG,SEC-TBILL,GL-1200,2025-01-23,0.2283,8058517.43,true
2024-07-25,SEC-TBILL-03,SECURITY_HOLDING,GHS,7611301.96,CP-GOG,SEC-TBILL,GL-1200,2025-07-24,0.2283,7611301.96,true
2024-07-25,SEC-TBILL-04,SECURITY_HOLDING,GHS,6586604.53,CP-GOG,SEC-TBILL,GL-1200,2024-10-24,0.2283,6586604.53,true
2024-07-25,SEC-TBILL-05,SECURITY_HOLDING,GHS,9381348.76,CP-GOG,SEC-TBILL,GL-1200,2025-01-23,0.2283,9381348.76,true
2024-07-25,SEC-BOND-06,SECURITY_HOLDING,GHS,9408571.46,CP-GOG,SEC-BOND,GL-1200,2029-07-24,0.2283,9408571.46,true
2024-07-25,SEC-BOND-07,SECURITY_HOLDING,GHS,8826535.38,CP-GOG,SEC-BOND,GL-1200,2029-07-24,0.2283,8826535.38,true
2024-07-25,SEC-BOND-08,SECURITY_HOLDING,GHS,8871837.18,CP-GOG,SEC-BOND,GL-1200,2029-07-24,0.2283,8871837.18,true
2024-07-25,SEC-BOND-09,SECURITY_HOLDING,GHS,8927209.25,CP-GOG,SEC-BOND,GL-1200,2026-07-25,0.2283,8927209.25,true
2024-07-26,SEC-TBILL-00,SECURITY_HOLDING,GHS,4686614.87,CP-GOG,SEC-TBILL,GL-1200,2024-10-25,0.2593,4686614.87,true
2024-07-26,SEC-TBILL-01,SECURITY_HOLDING,GHS,8174921.44,CP-GOG,SEC-TBILL,GL-1200,2025-07-25,0.2593,8174921.44,true
2024-07-26,SEC-TBILL-02,SECURITY_HOLDING,GHS,8008170.69,CP-GOG,SEC-TBILL,GL-1200,2024-10-25,0.2593,8008170.69,true
2024-07-26,SEC-TBILL-03,SECURITY_HOLDING,GHS,10865799.02,CP-GOG,SEC-TBILL,GL-1200,2025-01-24,0.2593,10865799.02,true
2024-07-26,SEC-TBILL-04,SECURITY_HOLDING,GHS,6437497.02,CP-GOG,SEC-TBILL,GL-1200,2025-01-24,0.2593,6437497.02,true
2024-07-26,SEC-TBILL-05,SECURITY_HOLDING,GHS,9419759.88,CP-GOG,SEC-TBILL,GL-1200,2024-10-25,0.2593,9419759.88,true
2024-07-26,SEC-BOND-06,SECURITY_HOLDING,GHS,9448809.14,CP-GOG,SEC-BOND,GL-1200,2027-07-26,0.2593,9448809.14,true
2024-07-26,SEC-BOND-07,SECURITY_HOLDING,GHS,8827720.25,CP-GOG,SEC-BOND,GL-1200,2027-07-26,0.2593,8827720.25,true
2024-07-26,SEC-BOND-08,SECURITY_HOLDING,GHS,8876061.66,CP-GOG,SEC-BOND,GL-1200,2026-07-26,0.2593,8876061.66,true
2024-07-26,SEC-BOND-09,SECURITY_HOLDING,GHS,8935149.03,CP-GOG,SEC-BOND,GL-1200,2026-07-26,0.2593,8935149.03,true
2024-07-29,SEC-TBILL-00,SECURITY_HOLDING,GHS,10040001.79,CP-GOG,SEC-TBILL,GL-1200,2025-07-28,0.2362,10040001.79,true
2024-07-29,SEC-TBILL-01,SECURITY_HOLDING,GHS,6652418.62,CP-GOG,SEC-TBILL,GL-1200,2025-01-27,0.2362,6652418.62,true
2024-07-29,SEC-TBILL-02,SECURITY_HOLDING,GHS,9861582.98,CP-GOG,SEC-TBILL,GL-1200,2025-07-28,0.2362,9861582.98,true
2024-07-29,SEC-TBILL-03,SECURITY_HOLDING,GHS,9353431.61,CP-GOG,SEC-TBILL,GL-1200,2024-10-28,0.2362,9353431.61,true
2024-07-29,SEC-TBILL-04,SECURITY_HOLDING,GHS,4802390.40,CP-GOG,SEC-TBILL,GL-1200,2025-01-27,0.2362,4802390.40,true
2024-07-29,SEC-TBILL-05,SECURITY_HOLDING,GHS,7977936.00,CP-GOG,SEC-TBILL,GL-1200,2024-10-28,0.2362,7977936.00,true
2024-07-29,SEC-BOND-06,SECURITY_HOLDING,GHS,8008867.95,CP-GOG,SEC-BOND,GL-1200,2026-07-29,0.2362,8008867.95,true
2024-07-29,SEC-BOND-07,SECURITY_HOLDING,GHS,7347525.83,CP-GOG,SEC-BOND,GL-1200,2029-07-28,0.2362,7347525.83,true
2024-07-29,SEC-BOND-08,SECURITY_HOLDING,GHS,10785722.63,CP-GOG,SEC-BOND,GL-1200,2027-07-29,0.2362,10785722.63,true
2024-07-29,SEC-BOND-09,SECURITY_HOLDING,GHS,7461917.14,CP-GOG,SEC-BOND,GL-1200,2029-07-28,0.2362,7461917.14,true
2024-07-30,SEC-TBILL-00,SECURITY_HOLDING,GHS,8229431.20,CP-GOG,SEC-TBILL,GL-1200,2025-07-29,0.2291,8229431.20,true
2024-07-30,SEC-TBILL-01,SECURITY_HOLDING,GHS,8228678.43,CP-GOG,SEC-TBILL,GL-1200,2025-01-28,0.2291,8228678.43,true
2024-07-30,SEC-TBILL-02,SECURITY_HOLDING,GHS,8073407.36,CP-GOG,SEC-TBILL,GL-1200,2025-01-28,0.2291,8073407.36,true
2024-07-30,SEC-TBILL-03,SECURITY_HOLDING,GHS,7629038.70,CP-GOG,SEC-TBILL,GL-1200,2025-07-29,0.2291,7629038.70,true
2024-07-30,SEC-TBILL-04,SECURITY_HOLDING,GHS,6610864.11,CP-GOG,SEC-TBILL,GL-1200,2025-07-29,0.2291,6610864.11,true
2024-07-30,SEC-TBILL-05,SECURITY_HOLDING,GHS,9387818.03,CP-GOG,SEC-TBILL,GL-1200,2025-07-29,0.2291,9387818.03,true
2024-07-30,SEC-BOND-06,SECURITY_HOLDING,GHS,9414867.44,CP-GOG,SEC-BOND,GL-1200,2029-07-29,0.2291,9414867.44,true
2024-07-30,SEC-BOND-07,SECURITY_HOLDING,GHS,8836536.39,CP-GOG,SEC-BOND,GL-1200,2026-07-30,0.2291,8836536.39,true
2024-07-30,SEC-BOND-08,SECURITY_HOLDING,GHS,8881549.81,CP-GOG,SEC-BOND,GL-1200,2027-07-30,0.2291,8881549.81,true
2024-07-30,SEC-BOND-09,SECURITY_HOLDING,GHS,8936569.41,CP-GOG,SEC-BOND,GL-1200,2026-07-30,0.2291,8936569.41,true
2024-07-31,SEC-TBILL-00,SECURITY_HOLDING,GHS,5155139.06,CP-GOG,SEC-TBILL,GL-1200,2025-01-29,0.2602,5155139.06,true
2024-07-31,SEC-TBILL-01,SECURITY_HOLDING,GHS,8934848.02,CP-GOG,SEC-TBILL,GL-1200,2025-01-29,0.2602,8934848.02,true
2024-07-31,SEC-TBILL-02,SECURITY_HOLDING,GHS,4973582.52,CP-GOG,SEC-TBILL,GL-1200,2025-07-30,0.2602,4973582.52,true
2024-07-31,SEC-TBILL-03,SECURITY_HOLDING,GHS,8069928.31,CP-GOG,SEC-TBILL,GL-1200,2025-07-30,0.2602,8069928.31,true
2024-07-31,SEC-TBILL-04,SECURITY_HOLDING,GHS,10665718.22,CP-GOG,SEC-TBILL,GL-1200,2025-07-30,0.2602,10665718.22,true
2024-07-31,SEC-TBILL-05,SECURITY_HOLDING,GHS,10283676.43,CP-GOG,SEC-TBILL,GL-1200,2025-07-30,0.2602,10283676.43,true
2024-07-31,SEC-BOND-06,SECURITY_HOLDING,GHS,10315152.37,CP-GOG,SEC-BOND,GL-1200,2026-07-31,0.2602,10315152.37,true
2024-07-31,SEC-BOND-07,SECURITY_HOLDING,GHS,6028745.93,CP-GOG,SEC-BOND,GL-1200,2027-07-31,0.2602,6028745.93,true
2024-07-31,SEC-BOND-08,SECURITY_HOLDING,GHS,9694559.33,CP-GOG,SEC-BOND,GL-1200,2027-07-31,0.2602,9694559.33,true
2024-07-31,SEC-BOND-09,SECURITY_HOLDING,GHS,9758582.68,CP-GOG,SEC-BOND,GL-1200,2029-07-30,0.2602,9758582.68,true
2024-08-01,SEC-TBILL-00,SECURITY_HOLDING,GHS,7830474.73,CP-GOG,SEC-TBILL,GL-1200,2024-10-31,0.2531,7830474.73,true
2024-08-01,SEC-TBILL-01,SECURITY_HOLDING,GHS,11471760.20,CP-GOG,SEC-TBILL,GL-1200,2025-01-30,0.2531,11471760.20,true
2024-08-01,SEC-TBILL-02,SECURITY_HOLDING,GHS,11136666.97,CP-GOG,SEC-TBILL,GL-1200,2025-07-31,0.2531,11136666.97,true
2024-08-01,SEC-TBILL-03,SECURITY_HOLDING,GHS,7157416.59,CP-GOG,SEC-TBILL,GL-1200,2024-10-31,0.2531,7157416.59,true
2024-08-01,SEC-TBILL-04,SECURITY_HOLDING,GHS,6016012.08,CP-GOG,SEC-TBILL,GL-1200,2025-07-31,0.2531,6016012.08,true
2024-08-01,SEC-TBILL-05,SECURITY_HOLDING,GHS,9129061.41,CP-GOG,SEC-TBILL,GL-1200,2024-10-31,0.2531,9129061.41,true
2024-08-01,SEC-BOND-06,SECURITY_HOLDING,GHS,5839314.60,CP-GOG,SEC-BOND,GL-1200,2026-08-01,0.2531,5839314.60,true
2024-08-01,SEC-BOND-07,SECURITY_HOLDING,GHS,8511058.02,CP-GOG,SEC-BOND,GL-1200,2027-08-01,0.2531,8511058.02,true
2024-08-01,SEC-BOND-08,SECURITY_HOLDING,GHS,8561519.43,CP-GOG,SEC-BOND,GL-1200,2027-08-01,0.2531,8561519.43,true
2024-08-01,SEC-BOND-09,SECURITY_HOLDING,GHS,5303128.04,CP-GOG,SEC-BOND,GL-1200,2026-08-01,0.2531,5303128.04,true
2024-08-02,SEC-TBILL-00,SECURITY_HOLDING,GHS,11242656.07,CP-GOG,SEC-TBILL,GL-1200,2025-08-01,0.2441,11242656.07,true
2024-08-02,SEC-TBILL-01,SECURITY_HOLDING,GHS,7698191.06,CP-GOG,SEC-TBILL,GL-1200,2025-08-01,0.2441,7698191.06,true
2024-08-02,SEC-TBILL-02,SECURITY_HOLDING,GHS,7512410.21,CP-GOG,SEC-TBILL,GL-1200,2025-01-31,0.2441,7512410.21,true
2024-08-02,SEC-TBILL-03,SECURITY_HOLDING,GHS,6980725.92,CP-GOG,SEC-TBILL,GL-1200,2024-11-01,0.2441,6980725.92,true
2024-08-02,SEC-TBILL-04,SECURITY_HOLDING,GHS,5762486.46,CP-GOG,SEC-TBILL,GL-1200,2024-11-01,0.2441,5762486.46,true
2024-08-02,SEC-TBILL-05,SECURITY_HOLDING,GHS,9085094.27,CP-GOG,SEC-TBILL,GL-1200,2024-11-01,0.2441,9085094.27,true
2024-08-02,SEC-BOND-06,SECURITY_HOLDING,GHS,9117458.71,CP-GOG,SEC-BOND,GL-1200,2027-08-02,0.2441,9117458.71,true
2024-08-02,SEC-BOND-07,SECURITY_HOLDING,GHS,8425489.27,CP-GOG,SEC-BOND,GL-1200,2029-08-01,0.2441,8425489.27,true
2024-08-02,SEC-BOND-08,SECURITY_HOLDING,GHS,8479347.55,CP-GOG,SEC-BOND,GL-1200,2029-08-01,0.2441,8479347.55,true
2024-08-02,SEC-BOND-09,SECURITY_HOLDING,GHS,8545178.14,CP-GOG,SEC-BOND,GL-1200,2029-08-01,0.2441,8545178.14,true
2024-08-05,SEC-TBILL-00,SECURITY_HOLDING,GHS,9611683.13,CP-GOG,SEC-TBILL,GL-1200,2025-02-03,0.2610,9611683.13,true
2024-08-05,SEC-TBILL-01,SECURITY_HOLDING,GHS,5865976.09,CP-GOG,SEC-TBILL,GL-1200,2025-08-04,0.2610,5865976.09,true
2024-08-05,SEC-TBILL-02,SECURITY_HOLDING,GHS,5488019.57,CP-GOG,SEC-TBILL,GL-1200,2025-02-03,0.2610,5488019.57,true
2024-08-05,SEC-TBILL-03,SECURITY_HOLDING,GHS,8852531.07,CP-GOG,SEC-TBILL,GL-1200,2025-02-03,0.2610,8852531.07,true
2024-08-05,SEC-TBILL-04,SECURITY_HOLDING,GHS,11673134.95,CP-GOG,SEC-TBILL,GL-1200,2025-08-04,0.2610,11673134.95,true
2024-08-05,SEC-TBILL-05,SECURITY_HOLDING,GHS,7331622.69,CP-GOG,SEC-TBILL,GL-1200,2024-11-04,0.2610,7331622.69,true
2024-08-05,SEC-BOND-06,SECURITY_HOLDING,GHS,7365824.67,CP-GOG,SEC-BOND,GL-1200,2026-08-05,0.2610,7365824.67,true
2024-08-05,SEC-BOND-07,SECURITY_HOLDING,GHS,6634567.69,CP-GOG,SEC-BOND,GL-1200,2029-08-04,0.2610,6634567.69,true
2024-08-05,SEC-BOND-08,SECURITY_HOLDING,GHS,10436239.06,CP-GOG,SEC-BOND,GL-1200,2027-08-05,0.2610,10436239.06,true
2024-08-05,SEC-BOND-09,SECURITY_HOLDING,GHS,10687434.98,CP-GOG,SEC-BOND,GL-1200,2029-08-04,0.2610,10687434.98,true
2024-08-06,SEC-TBILL-00,SECURITY_HOLDING,GHS,8124487.78,CP-GOG,SEC-TBILL,GL-1200,2025-02-04,0.2139,8124487.78,true
2024-08-06,SEC-TBILL-01,SECURITY_HOLDING,GHS,8123620.44,CP-GOG,SEC-TBILL,GL-1200,2025-08-05,0.2139,8123620.44,true
2024-08-06,SEC-TBILL-02,SECURITY_HOLDING,GHS,7944716.47,CP-GOG,SEC-TBILL,GL-1200,2025-08-05,0.2139,7944716.47,true
2024-08-06,SEC-TBILL-03,SECURITY_HOLDING,GHS,7432713.09,CP-GOG,SEC-TBILL,GL-1200,2025-08-05,0.2139,7432713.09,true
2024-08-06,SEC-TBILL-04,SECURITY_HOLDING,GHS,6259568.16,CP-GOG,SEC-TBILL,GL-1200,2025-08-05,0.2139,6259568.16,true
2024-08-06,SEC-TBILL-05,SECURITY_HOLDING,GHS,9459185.83,CP-GOG,SEC-TBILL,GL-1200,2024-11-05,0.2139,9459185.83,true
2024-08-06,SEC-BOND-06,SECURITY_HOLDING,GHS,9490352.27,CP-GOG,SEC-BOND,GL-1200,2026-08-06,0.2139,9490352.27,true
2024-08-06,SEC-BOND-07,SECURITY_HOLDING,GHS,8823996.87,CP-GOG,SEC-BOND,GL-1200,2026-08-06,0.2139,8823996.87,true
2024-08-06,SEC-BOND-08,SECURITY_HOLDING,GHS,8875861.52,CP-GOG,SEC-BOND,GL-1200,2027-08-06,0.2139,8875861.52,true
2024-08-06,SEC-BOND-09,SECURITY_HOLDING,GHS,8939255.32,CP-GOG,SEC-BOND,GL-1200,2027-08-06,0.2139,8939255.32,true
2024-08-07,SEC-TBILL-00,SECURITY_HOLDING,GHS,10775884.11,CP-GOG,SEC-TBILL,GL-1200,2025-02-05,0.2450,10775884.11,true
2024-08-07,SEC-TBILL-01,SECURITY_HOLDING,GHS,7402341.13,CP-GOG,SEC-TBILL,GL-1200,2024-11-06,0.2450,7402341.13,true
2024-08-07,SEC-TBILL-02,SECURITY_HOLDING,GHS,10598204.78,CP-GOG,SEC-TBILL,GL-1200,2024-11-06,0.2450,10598204.78,true
2024-08-07,SEC-TBILL-03,SECURITY_HOLDING,GHS,6719473.76,CP-GOG,SEC-TBILL,GL-1200,2024-11-06,0.2450,6719473.76,true
2024-08-07,SEC-TBILL-04,SECURITY_HOLDING,GHS,5559980.54,CP-GOG,SEC-TBILL,GL-1200,2025-08-06,0.2450,5559980.54,true
2024-08-07,SEC-TBILL-05,SECURITY_HOLDING,GHS,8722364.76,CP-GOG,SEC-TBILL,GL-1200,2025-08-06,0.2450,8722364.76,true
2024-08-07,SEC-BOND-06,SECURITY_HOLDING,GHS,8753168.52,CP-GOG,SEC-BOND,GL-1200,2029-08-06,0.2450,8753168.52,true
2024-08-07,SEC-BOND-07,SECURITY_HOLDING,GHS,8094567.39,CP-GOG,SEC-BOND,GL-1200,2027-08-07,0.2450,8094567.39,true
2024-08-07,SEC-BOND-08,SECURITY_HOLDING,GHS,8145828.50,CP-GOG,SEC-BOND,GL-1200,2026-08-07,0.2450,8145828.50,true
2024-08-07,SEC-BOND-09,SECURITY_HOLDING,GHS,8208484.60,CP-GOG,SEC-BOND,GL-1200,2026-08-07,0.2450,8208484.60,true
2024-08-08,SEC-TBILL-00,SECURITY_HOLDING,GHS,9679403.67,CP-GOG,SEC-TBILL,GL-1200,2024-11-07,0.2379,9679403.67,true
2024-08-08,SEC-TBILL-01,SECURITY_HOLDING,GHS,6461999.00,CP-GOG,SEC-TBILL,GL-1200,2025-02-06,0.2379,6461999.00,true
2024-08-08,SEC-TBILL-02,SECURITY_HOLDING,GHS,9509947.91,CP-GOG,SEC-TBILL,GL-1200,2025-08-07,0.2379,9509947.91,true
2024-08-08,SEC-TBILL-03,SECURITY_HOLDING,GHS,5654726.37,CP-GOG,SEC-TBILL,GL-1200,2025-08-07,0.2379,5654726.37,true
2024-08-08,SEC-TBILL-04,SECURITY_HOLDING,GHS,4548898.18,CP-GOG,SEC-TBILL,GL-1200,2025-08-07,0.2379,4548898.18,true
2024-08-08,SEC-TBILL-05,SECURITY_HOLDING,GHS,10937514.84,CP-GOG,SEC-TBILL,GL-1200,2024-11-07,0.2379,10937514.84,true
2024-08-08,SEC-BOND-06,SECURITY_HOLDING,GHS,7750305.80,CP-GOG,SEC-BOND,GL-1200,2029-08-07,0.2379,7750305.80,true
2024-08-08,SEC-BOND-07,SECURITY_HOLDING,GHS,10338773.93,CP-GOG,SEC-BOND,GL-1200,2026-08-08,0.2379,10338773.93,true
2024-08-08,SEC-BOND-08,SECURITY_HOLDING,GHS,10387662.51,CP-GOG,SEC-BOND,GL-1200,2026-08-08,0.2379,10387662.51,true
2024-08-08,SEC-BOND-09,SECURITY_HOLDING,GHS,7230831.59,CP-GOG,SEC-BOND,GL-1200,2026-08-08,0.2379,7230831.59,true
2024-08-09,SEC-TBILL-00,SECURITY_HOLDING,GHS,9508188.91,CP-GOG,SEC-TBILL,GL-1200,2024-11-08,0.2690,9508188.91,true
2024-08-09,SEC-TBILL-01,SECURITY_HOLDING,GHS,6080799.92,CP-GOG,SEC-TBILL,GL-1200,2024-11-08,0.2690,6080799.92,true
2024-08-09,SEC-TBILL-02,SECURITY_HOLDING,GHS,9493866.18,CP-GOG,SEC-TBILL,GL-1200,2025-08-08,0.2690,9493866.18,true
2024-08-09,SEC-TBILL-03,SECURITY_HOLDING,GHS,5387033.12,CP-GOG,SEC-TBILL,GL-1200,2024-11-08,0.2690,5387033.12,true
2024-08-09,SEC-TBILL-04,SECURITY_HOLDING,GHS,11394454.22,CP-GOG,SEC-TBILL,GL-1200,2024-11-08,0.2690,11394454.22,true
2024-08-09,SEC-TBILL-05,SECURITY_HOLDING,GHS,7421892.80,CP-GOG,SEC-TBILL,GL-1200,2025-08-08,0.2690,7421892.80,true
2024-08-09,SEC-BOND-06,SECURITY_HOLDING,GHS,11045898.87,CP-GOG,SEC-BOND,GL-1200,2027-08-09,0.2690,11045898.87,true
2024-08-09,SEC-BOND-07,SECURITY_HOLDING,GHS,6784074.99,CP-GOG,SEC-BOND,GL-1200,2026-08-09,0.2690,6784074.99,true
2024-08-09,SEC-BOND-08,SECURITY_HOLDING,GHS,6836154.29,CP-GOG,SEC-BOND,GL-1200,2029-08-08,0.2690,6836154.29,true
2024-08-09,SEC-BOND-09,SECURITY_HOLDING,GHS,10492521.11,CP-GOG,SEC-BOND,GL-1200,2027-08-09,0.2690,10492521.11,true
2024-08-12,SEC-TBILL-00,SECURITY_HOLDING,GHS,10361000.51,CP-GOG,SEC-TBILL,GL-1200,2025-08-11,0.2458,10361000.51,true
2024-08-12,SEC-TBILL-01,SECURITY_HOLDING,GHS,7139873.52,CP-GOG,SEC-TBILL,GL-1200,2025-02-10,0.2458,7139873.52,true
2024-08-12,SEC-TBILL-02,SECURITY_HOLDING,GHS,10191348.69,CP-GOG,SEC-TBILL,GL-1200,2024-11-11,0.2458,10191348.69,true
2024-08-12,SEC-TBILL-03,SECURITY_HOLDING,GHS,6331666.93,CP-GOG,SEC-TBILL,GL-1200,2025-02-10,0.2458,6331666.93,true
2024-08-12,SEC-TBILL-04,SECURITY_HOLDING,GHS,5380750.41,CP-GOG,SEC-TBILL,GL-1200,2024-11-11,0.2458,5380750.41,true
2024-08-12,SEC-TBILL-05,SECURITY_HOLDING,GHS,8400258.75,CP-GOG,SEC-TBILL,GL-1200,2025-02-10,0.2458,8400258.75,true
2024-08-12,SEC-BOND-06,SECURITY_HOLDING,GHS,8429670.80,CP-GOG,SEC-BOND,GL-1200,2029-08-11,0.2458,8429670.80,true
2024-08-12,SEC-BOND-07,SECURITY_HOLDING,GHS,7800825.14,CP-GOG,SEC-BOND,GL-1200,2026-08-12,0.2458,7800825.14,true
2024-08-12,SEC-BOND-08,SECURITY_HOLDING,GHS,11070078.76,CP-GOG,SEC-BOND,GL-1200,2029-08-11,0.2458,11070078.76,true
2024-08-12,SEC-BOND-09,SECURITY_HOLDING,GHS,7909595.59,CP-GOG,SEC-BOND,GL-1200,2027-08-12,0.2458,7909595.59,true
2024-08-13,SEC-TBILL-00,SECURITY_HOLDING,GHS,9819031.44,CP-GOG,SEC-TBILL,GL-1200,2025-08-12,0.2387,9819031.44,true
2024-08-13,SEC-TBILL-01,SECURITY_HOLDING,GHS,6422181.09,CP-GOG,SEC-TBILL,GL-1200,2024-11-12,0.2387,6422181.09,true
2024-08-13,SEC-TBILL-02,SECURITY_HOLDING,GHS,9648398.46,CP-GOG,SEC-TBILL,GL-1200,2025-08-12,0.2387,9648398.46,true
2024-08-13,SEC-TBILL-03,SECURITY_HOLDING,GHS,5766394.68,CP-GOG,SEC-TBILL,GL-1200,2025-02-11,0.2387,5766394.68,true
2024-08-13,SEC-TBILL-04,SECURITY_HOLDING,GHS,4652884.30,CP-GOG,SEC-TBILL,GL-1200,2024-11-12,0.2387,4652884.30,true
2024-08-13,SEC-TBILL-05,SECURITY_HOLDING,GHS,7689855.61,CP-GOG,SEC-TBILL,GL-1200,2024-11-12,0.2387,7689855.61,true
2024-08-13,SEC-BOND-06,SECURITY_HOLDING,GHS,11115464.86,CP-GOG,SEC-BOND,GL-1200,2029-08-12,0.2387,11115464.86,true
2024-08-13,SEC-BOND-07,SECURITY_HOLDING,GHS,7086955.25,CP-GOG,SEC-BOND,GL-1200,2029-08-12,0.2387,7086955.25,true
2024-08-13,SEC-BOND-08,SECURITY_HOLDING,GHS,7136183.46,CP-GOG,SEC-BOND,GL-1200,2029-08-12,0.2387,7136183.46,true
2024-08-13,SEC-BOND-09,SECURITY_HOLDING,GHS,10592381.85,CP-GOG,SEC-BOND,GL-1200,2026-08-13,0.2387,10592381.85,true
2024-08-14,SEC-TBILL-00,SECURITY_HOLDING,GHS,10548420.99,CP-GOG,SEC-TBILL,GL-1200,2024-11-13,0.2298,10548420.99,true
2024-08-14,SEC-TBILL-01,SECURITY_HOLDING,GHS,6776441.39,CP-GOG,SEC-TBILL,GL-1200,2024-11-13,0.2298,6776441.39,true
2024-08-14,SEC-TBILL-02,SECURITY_HOLDING,GHS,6578735.51,CP-GOG,SEC-TBILL,GL-1200,2024-11-13,0.2298,6578735.51,true
2024-08-14,SEC-TBILL-03,SECURITY_HOLDING,GHS,6012923.10,CP-GOG,SEC-TBILL,GL-1200,2025-02-12,0.2298,6012923.10,true
2024-08-14,SEC-TBILL-04,SECURITY_HOLDING,GHS,12624331.93,CP-GOG,SEC-TBILL,GL-1200,2025-08-13,0.2298,12624331.93,true
2024-08-14,SEC-TBILL-05,SECURITY_HOLDING,GHS,8252368.11,CP-GOG,SEC-TBILL,GL-1200,2024-11-13,0.2298,8252368.11,true
2024-08-14,SEC-BOND-06,SECURITY_HOLDING,GHS,8286809.98,CP-GOG,SEC-BOND,GL-1200,2026-08-14,0.2298,8286809.98,true
2024-08-14,SEC-BOND-07,SECURITY_HOLDING,GHS,7550423.93,CP-GOG,SEC-BOND,GL-1200,2026-08-14,0.2298,7550423.93,true
2024-08-14,SEC-BOND-08,SECURITY_HOLDING,GHS,7607739.30,CP-GOG,SEC-BOND,GL-1200,2027-08-14,0.2298,7607739.30,true
2024-08-14,SEC-BOND-09,SECURITY_HOLDING,GHS,7677795.47,CP-GOG,SEC-BOND,GL-1200,2026-08-14,0.2298,7677795.47,true
2024-08-15,SEC-TBILL-00,SECURITY_HOLDING,GHS,9351142.07,CP-GOG,SEC-TBILL,GL-1200,2024-11-14,0.2227,9351142.07,true
2024-08-15,SEC-TBILL-01,SECURITY_HOLDING,GHS,5769342.48,CP-GOG,SEC-TBILL,GL-1200,2024-11-14,0.2227,5769342.48,true
2024-08-15,SEC-TBILL-02,SECURITY_HOLDING,GHS,9162494.18,CP-GOG,SEC-TBILL,GL-1200,2025-02-13,0.2227,9162494.18,true
2024-08-15,SEC-TBILL-03,SECURITY_HOLDING,GHS,8625209.55,CP-GOG,SEC-TBILL,GL-1200,2025-02-13,0.2227,8625209.55,true
2024-08-15,SEC-TBILL-04,SECURITY_HOLDING,GHS,7394138.13,CP-GOG,SEC-TBILL,GL-1200,2025-08-14,0.2227,7394138.13,true
2024-08-15,SEC-TBILL-05,SECURITY_HOLDING,GHS,10751743.64,CP-GOG,SEC-TBILL,GL-1200,2025-02-13,0.2227,10751743.64,true
2024-08-15,SEC-BOND-06,SECURITY_HOLDING,GHS,7203559.57,CP-GOG,SEC-BOND,GL-1200,2027-08-15,0.2227,7203559.57,true
2024-08-15,SEC-BOND-07,SECURITY_HOLDING,GHS,6504301.47,CP-GOG,SEC-BOND,GL-1200,2026-08-15,0.2227,6504301.47,true
2024-08-15,SEC-BOND-08,SECURITY_HOLDING,GHS,10139616.47,CP-GOG,SEC-BOND,GL-1200,2026-08-15,0.2227,10139616.47,true
2024-08-15,SEC-BOND-09,SECURITY_HOLDING,GHS,6625251.05,CP-GOG,SEC-BOND,GL-1200,2026-08-15,0.2227,6625251.05,true
2024-08-16,SEC-TBILL-00,SECURITY_HOLDING,GHS,7797752.66,CP-GOG,SEC-TBILL,GL-1200,2025-02-14,0.2538,7797752.66,true
2024-08-16,SEC-TBILL-01,SECURITY_HOLDING,GHS,7796935.53,CP-GOG,SEC-TBILL,GL-1200,2025-02-14,0.2538,7796935.53,true
2024-08-16,SEC-TBILL-02,SECURITY_HOLDING,GHS,7628390.53,CP-GOG,SEC-TBILL,GL-1200,2024-11-15,0.2538,7628390.53,true
2024-08-16,SEC-TBILL-03,SECURITY_HOLDING,GHS,10516767.29,CP-GOG,SEC-TBILL,GL-1200,2025-02-14,0.2538,10516767.29,true
2024-08-16,SEC-TBILL-04,SECURITY_HOLDING,GHS,6040816.21,CP-GOG,SEC-TBILL,GL-1200,2025-02-14,0.2538,6040816.21,true
2024-08-16,SEC-TBILL-05,SECURITY_HOLDING,GHS,9055168.59,CP-GOG,SEC-TBILL,GL-1200,2025-02-14,0.2538,9055168.59,true
2024-08-16,SEC-BOND-06,SECURITY_HOLDING,GHS,9084530.42,CP-GOG,SEC-BOND,GL-1200,2029-08-15,0.2538,9084530.42,true
2024-08-16,SEC-BOND-07,SECURITY_HOLDING,GHS,8456758.55,CP-GOG,SEC-BOND,GL-1200,2029-08-15,0.2538,8456758.55,true
2024-08-16,SEC-BOND-08,SECURITY_HOLDING,GHS,8505620.11,CP-GOG,SEC-BOND,GL-1200,2029-08-15,0.2538,8505620.11,true
2024-08-16,SEC-BOND-09,SECURITY_HOLDING,GHS,8565343.27,CP-GOG,SEC-BOND,GL-1200,2029-08-15,0.2538,8565343.27,true
2024-08-19,SEC-TBILL-00,SECURITY_HOLDING,GHS,9682403.55,CP-GOG,SEC-TBILL,GL-1200,2024-11-18,0.2307,9682403.55,true
2024-08-19,SEC-TBILL-01,SECURITY_HOLDING,GHS,6247543.33,CP-GOG,SEC-TBILL,GL-1200,2024-11-18,0.2307,6247543.33,true
2024-08-19,SEC-TBILL-02,SECURITY_HOLDING,GHS,9501494.73,CP-GOG,SEC-TBILL,GL-1200,2025-08-18,0.2307,9501494.73,true
2024-08-19,SEC-TBILL-03,SECURITY_HOLDING,GHS,8986251.61,CP-GOG,SEC-TBILL,GL-1200,2024-11-18,0.2307,8986251.61,true
2024-08-19,SEC-TBILL-04,SECURITY_HOLDING,GHS,11572780.66,CP-GOG,SEC-TBILL,GL-1200,2025-02-17,0.2307,11572780.66,true
2024-08-19,SEC-TBILL-05,SECURITY_HOLDING,GHS,7591559.60,CP-GOG,SEC-TBILL,GL-1200,2025-08-18,0.2307,7591559.60,true
2024-08-19,SEC-BOND-06,SECURITY_HOLDING,GHS,7622923.24,CP-GOG,SEC-BOND,GL-1200,2029-08-18,0.2307,7622923.24,true
2024-08-19,SEC-BOND-07,SECURITY_HOLDING,GHS,6952351.44,CP-GOG,SEC-BOND,GL-1200,2027-08-19,0.2307,6952351.44,true
2024-08-19,SEC-BOND-08,SECURITY_HOLDING,GHS,7004544.27,CP-GOG,SEC-BOND,GL-1200,2027-08-19,0.2307,7004544.27,true
2024-08-19,SEC-BOND-09,SECURITY_HOLDING,GHS,7068339.20,CP-GOG,SEC-BOND,GL-1200,2029-08-18,0.2307,7068339.20,true
2024-08-20,SEC-TBILL-00,SECURITY_HOLDING,GHS,9247519.79,CP-GOG,SEC-TBILL,GL-1200,2025-08-19,0.2236,9247519.79,true
2024-08-20,SEC-TBILL-01,SECURITY_HOLDING,GHS,5735467.14,CP-GOG,SEC-TBILL,GL-1200,2025-02-18,0.2236,5735467.14,true
2024-08-20,SEC-TBILL-02,SECURITY_HOLDING,GHS,9062545.36,CP-GOG,SEC-TBILL,GL-1200,2025-02-18,0.2236,9062545.36,true
2024-08-20,SEC-TBILL-03,SECURITY_HOLDING,GHS,8535723.06,CP-GOG,SEC-TBILL,GL-1200,2024-11-19,0.2236,8535723.06,true
2024-08-20,SEC-TBILL-04,SECURITY_HOLDING,GHS,7328623.80,CP-GOG,SEC-TBILL,GL-1200,2025-08-19,0.2236,7328623.80,true
2024-08-20,SEC-TBILL-05,SECURITY_HOLDING,GHS,10620848.01,CP-GOG,SEC-TBILL,GL-1200,2025-08-19,0.2236,10620848.01,true
2024-08-20,SEC-BOND-06,SECURITY_HOLDING,GHS,7141756.30,CP-GOG,SEC-BOND,GL-1200,2027-08-20,0.2236,7141756.30,true
2024-08-20,SEC-BOND-07,SECURITY_HOLDING,GHS,9967274.77,CP-GOG,SEC-BOND,GL-1200,2026-08-20,0.2236,9967274.77,true
2024-08-20,SEC-BOND-08,SECURITY_HOLDING,GHS,10020640.54,CP-GOG,SEC-BOND,GL-1200,2026-08-20,0.2236,10020640.54,true
2024-08-20,SEC-BOND-09,SECURITY_HOLDING,GHS,6574708.95,CP-GOG,SEC-BOND,GL-1200,2029-08-19,0.2236,6574708.95,true
2024-08-21,SEC-TBILL-00,SECURITY_HOLDING,GHS,11060542.71,CP-GOG,SEC-TBILL,GL-1200,2025-08-20,0.2546,11060542.71,true
2024-08-21,SEC-TBILL-01,SECURITY_HOLDING,GHS,7851839.39,CP-GOG,SEC-TBILL,GL-1200,2025-08-20,0.2546,7851839.39,true
2024-08-21,SEC-TBILL-02,SECURITY_HOLDING,GHS,7683657.27,CP-GOG,SEC-TBILL,GL-1200,2025-08-20,0.2546,7683657.27,true
2024-08-21,SEC-TBILL-03,SECURITY_HOLDING,GHS,10565815.19,CP-GOG,SEC-TBILL,GL-1200,2024-11-20,0.2546,10565815.19,true
2024-08-21,SEC-TBILL-04,SECURITY_HOLDING,GHS,9462977.67,CP-GOG,SEC-TBILL,GL-1200,2024-11-20,0.2546,9462977.67,true
2024-08-21,SEC-TBILL-05,SECURITY_HOLDING,GHS,5743886.81,CP-GOG,SEC-TBILL,GL-1200,2025-08-20,0.2546,5743886.81,true
2024-08-21,SEC-BOND-06,SECURITY_HOLDING,GHS,9136662.01,CP-GOG,SEC-BOND,GL-1200,2029-08-20,0.2546,9136662.01,true
2024-08-21,SEC-BOND-07,SECURITY_HOLDING,GHS,5146765.18,CP-GOG,SEC-BOND,GL-1200,2026-08-21,0.2546,5146765.18,true
2024-08-21,SEC-BOND-08,SECURITY_HOLDING,GHS,8558998.13,CP-GOG,SEC-BOND,GL-1200,2029-08-20,0.2546,8558998.13,true
2024-08-21,SEC-BOND-09,SECURITY_HOLDING,GHS,8618592.69,CP-GOG,SEC-BOND,GL-1200,2027-08-21,0.2546,8618592.69,true
2024-08-22,SEC-TBILL-00,SECURITY_HOLDING,GHS,7775536.46,CP-GOG,SEC-TBILL,GL-1200,2024-11-21,0.2475,7775536.46,true
2024-08-22,SEC-TBILL-01,SECURITY_HOLDING,GHS,11628021.16,CP-GOG,SEC-TBILL,GL-1200,2024-11-21,0.2475,11628021.16,true
2024-08-22,SEC-TBILL-02,SECURITY_HOLDING,GHS,11273492.09,CP-GOG,SEC-TBILL,GL-1200,2025-02-20,0.2475,11273492.09,true
2024-08-22,SEC-TBILL-03,SECURITY_HOLDING,GHS,7063440.07,CP-GOG,SEC-TBILL,GL-1200,2024-11-21,0.2475,7063440.07,true
2024-08-22,SEC-TBILL-04,SECURITY_HOLDING,GHS,9709210.16,CP-GOG,SEC-TBILL,GL-1200,2025-08-21,0.2475,9709210.16,true
2024-08-22,SEC-TBILL-05,SECURITY_HOLDING,GHS,9149442.83,CP-GOG,SEC-TBILL,GL-1200,2025-08-21,0.2475,9149442.83,true
2024-08-22,SEC-BOND-06,SECURITY_HOLDING,GHS,5668886.48,CP-GOG,SEC-BOND,GL-1200,2027-08-22,0.2475,5668886.48,true
2024-08-22,SEC-BOND-07,SECURITY_HOLDING,GHS,4982956.11,CP-GOG,SEC-BOND,GL-1200,2026-08-22,0.2475,4982956.11,true
2024-08-22,SEC-BOND-08,SECURITY_HOLDING,GHS,8548982.68,CP-GOG,SEC-BOND,GL-1200,2029-08-21,0.2475,8548982.68,true
2024-08-22,SEC-BOND-09,SECURITY_HOLDING,GHS,5101600.41,CP-GOG,SEC-BOND,GL-1200,2026-08-22,0.2475,5101600.41,true
2024-08-23,SEC-TBILL-00,SECURITY_HOLDING,GHS,8013705.85,CP-GOG,SEC-TBILL,GL-1200,2024-11-22,0.2386,8013705.85,true
2024-08-23,SEC-TBILL-01,SECURITY_HOLDING,GHS,8012701.36,CP-GOG,SEC-TBILL,GL-1200,2025-02-21,0.2386,8012701.36,true
2024-08-23,SEC-TBILL-02,SECURITY_HOLDING,GHS,7805507.08,CP-GOG,SEC-TBILL,GL-1200,2024-11-22,0.2386,7805507.08,true
2024-08-23,SEC-TBILL-03,SECURITY_HOLDING,GHS,7212539.95,CP-GOG,SEC-TBILL,GL-1200,2024-11-22,0.2386,7212539.95,true
2024-08-23,SEC-TBILL-04,SECURITY_HOLDING,GHS,5853884.12,CP-GOG,SEC-TBILL,GL-1200,2025-08-22,0.2386,5853884.12,true
2024-08-23,SEC-TBILL-05,SECURITY_HOLDING,GHS,9559461.41,CP-GOG,SEC-TBILL,GL-1200,2025-08-22,0.2386,9559461.41,true
2024-08-23,SEC-BOND-06,SECURITY_HOLDING,GHS,9595556.24,CP-GOG,SEC-BOND,GL-1200,2026-08-23,0.2386,9595556.24,true
2024-08-23,SEC-BOND-07,SECURITY_HOLDING,GHS,8823829.21,CP-GOG,SEC-BOND,GL-1200,2026-08-23,0.2386,8823829.21,true
2024-08-23,SEC-BOND-08,SECURITY_HOLDING,GHS,8883895.29,CP-GOG,SEC-BOND,GL-1200,2027-08-23,0.2386,8883895.29,true
2024-08-23,SEC-BOND-09,SECURITY_HOLDING,GHS,8957313.63,CP-GOG,SEC-BOND,GL-1200,2027-08-23,0.2386,8957313.63,true
2024-08-26,SEC-TBILL-00,SECURITY_HOLDING,GHS,9209178.86,CP-GOG,SEC-TBILL,GL-1200,2025-08-25,0.2555,9209178.86,true
2024-08-26,SEC-TBILL-01,SECURITY_HOLDING,GHS,5405543.10,CP-GOG,SEC-TBILL,GL-1200,2025-08-25,0.2555,5405543.10,true
2024-08-26,SEC-TBILL-02,SECURITY_HOLDING,GHS,12995953.07,CP-GOG,SEC-TBILL,GL-1200,2024-11-25,0.2555,12995953.07,true
2024-08-26,SEC-TBILL-03,SECURITY_HOLDING,GHS,8438286.24,CP-GOG,SEC-TBILL,GL-1200,2024-11-25,0.2555,8438286.24,true
2024-08-26,SEC-TBILL-04,SECURITY_HOLDING,GHS,11302511.79,CP-GOG,SEC-TBILL,GL-1200,2025-02-24,0.2555,11302511.79,true
2024-08-26,SEC-TBILL-05,SECURITY_HOLDING,GHS,6893856.46,CP-GOG,SEC-TBILL,GL-1200,2025-08-25,0.2555,6893856.46,true
2024-08-26,SEC-BOND-06,SECURITY_HOLDING,GHS,6928587.39,CP-GOG,SEC-BOND,GL-1200,2026-08-26,0.2555,6928587.39,true
2024-08-26,SEC-BOND-07,SECURITY_HOLDING,GHS,6186021.24,CP-GOG,SEC-BOND,GL-1200,2029-08-25,0.2555,6186021.24,true
2024-08-26,SEC-BOND-08,SECURITY_HOLDING,GHS,6243817.63,CP-GOG,SEC-BOND,GL-1200,2029-08-25,0.2555,6243817.63,true
2024-08-26,SEC-BOND-09,SECURITY_HOLDING,GHS,10301567.61,CP-GOG,SEC-BOND,GL-1200,2027-08-26,0.2555,10301567.61,true
2024-08-27,SEC-TBILL-00,SECURITY_HOLDING,GHS,8192417.51,CP-GOG,SEC-TBILL,GL-1200,2025-02-25,0.2084,8192417.51,true
2024-08-27,SEC-TBILL-01,SECURITY_HOLDING,GHS,12210880.64,CP-GOG,SEC-TBILL,GL-1200,2024-11-26,0.2084,12210880.64,true
2024-08-27,SEC-TBILL-02,SECURITY_HOLDING,GHS,7999392.52,CP-GOG,SEC-TBILL,GL-1200,2025-08-26,0.2084,7999392.52,true
2024-08-27,SEC-TBILL-03,SECURITY_HOLDING,GHS,7449641.54,CP-GOG,SEC-TBILL,GL-1200,2025-08-26,0.2084,7449641.54,true
2024-08-27,SEC-TBILL-04,SECURITY_HOLDING,GHS,6190006.18,CP-GOG,SEC-TBILL,GL-1200,2025-02-25,0.2084,6190006.18,true
2024-08-27,SEC-TBILL-05,SECURITY_HOLDING,GHS,9625516.54,CP-GOG,SEC-TBILL,GL-1200,2024-11-26,0.2084,9625516.54,true
2024-08-27,SEC-BOND-06,SECURITY_HOLDING,GHS,5995005.72,CP-GOG,SEC-BOND,GL-1200,2029-08-26,0.2084,5995005.72,true
2024-08-27,SEC-BOND-07,SECURITY_HOLDING,GHS,8943498.10,CP-GOG,SEC-BOND,GL-1200,2029-08-26,0.2084,8943498.10,true
2024-08-27,SEC-BOND-08,SECURITY_HOLDING,GHS,8999186.49,CP-GOG,SEC-BOND,GL-1200,2026-08-27,0.2084,8999186.49,true
2024-08-27,SEC-BOND-09,SECURITY_HOLDING,GHS,5403279.00,CP-GOG,SEC-BOND,GL-1200,2029-08-26,0.2084,5403279.00,true
2024-08-28,SEC-TBILL-00,SECURITY_HOLDING,GHS,11409590.66,CP-GOG,SEC-TBILL,GL-1200,2025-02-26,0.2395,11409590.66,true
2024-08-28,SEC-TBILL-01,SECURITY_HOLDING,GHS,7667921.84,CP-GOG,SEC-TBILL,GL-1200,2024-11-27,0.2395,7667921.84,true
2024-08-28,SEC-TBILL-02,SECURITY_HOLDING,GHS,7471804.68,CP-GOG,SEC-TBILL,GL-1200,2024-11-27,0.2395,7471804.68,true
2024-08-28,SEC-TBILL-03,SECURITY_HOLDING,GHS,6910539.00,CP-GOG,SEC-TBILL,GL-1200,2024-11-27,0.2395,6910539.00,true
2024-08-28,SEC-TBILL-04,SECURITY_HOLDING,GHS,5624520.22,CP-GOG,SEC-TBILL,GL-1200,2025-08-27,0.2395,5624520.22,true
2024-08-28,SEC-TBILL-05,SECURITY_HOLDING,GHS,9131988.34,CP-GOG,SEC-TBILL,GL-1200,2025-08-27,0.2395,9131988.34,true
2024-08-28,SEC-BOND-06,SECURITY_HOLDING,GHS,9166153.45,CP-GOG,SEC-BOND,GL-1200,2027-08-28,0.2395,9166153.45,true
2024-08-28,SEC-BOND-07,SECURITY_HOLDING,GHS,8435684.82,CP-GOG,SEC-BOND,GL-1200,2026-08-28,0.2395,8435684.82,true
2024-08-28,SEC-BOND-08,SECURITY_HOLDING,GHS,8492539.62,CP-GOG,SEC-BOND,GL-1200,2027-08-28,0.2395,8492539.62,true
2024-08-28,SEC-BOND-09,SECURITY_HOLDING,GHS,8562032.84,CP-GOG,SEC-BOND,GL-1200,2026-08-28,0.2395,8562032.84,true
2024-08-29,SEC-TBILL-00,SECURITY_HOLDING,GHS,9723408.95,CP-GOG,SEC-TBILL,GL-1200,2025-08-28,0.2324,9723408.95,true
2024-08-29,SEC-TBILL-01,SECURITY_HOLDING,GHS,6327829.61,CP-GOG,SEC-TBILL,GL-1200,2025-02-27,0.2324,6327829.61,true
2024-08-29,SEC-TBILL-02,SECURITY_HOLDING,GHS,9544569.00,CP-GOG,SEC-TBILL,GL-1200,2024-11-28,0.2324,9544569.00,true
2024-08-29,SEC-TBILL-03,SECURITY_HOLDING,GHS,5475851.51,CP-GOG,SEC-TBILL,GL-1200,2025-08-28,0.2324,5475851.51,true
2024-08-29,SEC-TBILL-04,SECURITY_HOLDING,GHS,8032801.16,CP-GOG,SEC-TBILL,GL-1200,2025-02-27,0.2324,8032801.16,true
2024-08-29,SEC-TBILL-05,SECURITY_HOLDING,GHS,11051192.28,CP-GOG,SEC-TBILL,GL-1200,2025-02-27,0.2324,11051192.28,true
2024-08-29,SEC-BOND-06,SECURITY_HOLDING,GHS,7687480.75,CP-GOG,SEC-BOND,GL-1200,2027-08-29,0.2324,7687480.75,true
2024-08-29,SEC-BOND-07,SECURITY_HOLDING,GHS,7024577.57,CP-GOG,SEC-BOND,GL-1200,2029-08-28,0.2324,7024577.57,true
2024-08-29,SEC-BOND-08,SECURITY_HOLDING,GHS,10470890.02,CP-GOG,SEC-BOND,GL-1200,2027-08-29,0.2324,10470890.02,true
2024-08-29,SEC-BOND-09,SECURITY_HOLDING,GHS,7139238.90,CP-GOG,SEC-BOND,GL-1200,2027-08-29,0.2324,7139238.90,true
2024-08-30,SEC-TBILL-00,SECURITY_HOLDING,GHS,6202080.64,CP-GOG,SEC-TBILL,GL-1200,2025-08-29,0.2253,6202080.64,true
2024-08-30,SEC-TBILL-01,SECURITY_HOLDING,GHS,6201113.49,CP-GOG,SEC-TBILL,GL-1200,2024-11-29,0.2253,6201113.49,true
2024-08-30,SEC-TBILL-02,SECURITY_HOLDING,GHS,9991260.58,CP-GOG,SEC-TBILL,GL-1200,2024-11-29,0.2253,9991260.58,true
2024-08-30,SEC-TBILL-03,SECURITY_HOLDING,GHS,5430698.27,CP-GOG,SEC-TBILL,GL-1200,2024-11-29,0.2253,5430698.27,true
2024-08-30,SEC-TBILL-04,SECURITY_HOLDING,GHS,12101828.53,CP-GOG,SEC-TBILL,GL-1200,2025-02-28,0.2253,12101828.53,true
2024-08-30,SEC-TBILL-05,SECURITY_HOLDING,GHS,7690372.38,CP-GOG,SEC-TBILL,GL-1200,2025-08-29,0.2253,7690372.38,true
2024-08-30,SEC-BOND-06,SECURITY_HOLDING,GHS,11714764.25,CP-GOG,SEC-BOND,GL-1200,2027-08-30,0.2253,11714764.25,true
2024-08-30,SEC-BOND-07,SECURITY_HOLDING,GHS,6982087.47,CP-GOG,SEC-BOND,GL-1200,2026-08-30,0.2253,6982087.47,true
2024-08-30,SEC-BOND-08,SECURITY_HOLDING,GHS,7039920.58,CP-GOG,SEC-BOND,GL-1200,2026-08-30,0.2253,7039920.58,true
2024-08-30,SEC-BOND-09,SECURITY_HOLDING,GHS,11100248.45,CP-GOG,SEC-BOND,GL-1200,2026-08-30,0.2253,11100248.45,true
2024-08-31,SEC-TBILL-00,SECURITY_HOLDING,GHS,9416003.11,CP-GOG,SEC-TBILL,GL-1200,2025-03-01,0.2163,9416003.11,true
2024-08-31,SEC-TBILL-01,SECURITY_HOLDING,GHS,5562504.02,CP-GOG,SEC-TBILL,GL-1200,2024-11-30,0.2163,5562504.02,true
2024-08-31,SEC-TBILL-02,SECURITY_HOLDING,GHS,9213045.22,CP-GOG,SEC-TBILL,GL-1200,2025-08-30,0.2163,9213045.22,true
2024-08-31,SEC-TBILL-03,SECURITY_HOLDING,GHS,8635004.56,CP-GOG,SEC-TBILL,GL-1200,2025-03-01,0.2163,8635004.56,true
2024-08-31,SEC-TBILL-04,SECURITY_HOLDING,GHS,11536778.34,CP-GOG,SEC-TBILL,GL-1200,2025-08-30,0.2163,11536778.34,true
2024-08-31,SEC-TBILL-05,SECURITY_HOLDING,GHS,7070328.26,CP-GOG,SEC-TBILL,GL-1200,2025-03-01,0.2163,7070328.26,true
2024-08-31,SEC-BOND-06,SECURITY_HOLDING,GHS,7105514.48,CP-GOG,SEC-BOND,GL-1200,2029-08-30,0.2163,7105514.48,true
2024-08-31,SEC-BOND-07,SECURITY_HOLDING,GHS,6353213.76,CP-GOG,SEC-BOND,GL-1200,2027-08-31,0.2163,6353213.76,true
2024-08-31,SEC-BOND-08,SECURITY_HOLDING,GHS,10264287.70,CP-GOG,SEC-BOND,GL-1200,2026-08-31,0.2163,10264287.70,true
2024-08-31,SEC-BOND-09,SECURITY_HOLDING,GHS,6483338.04,CP-GOG,SEC-BOND,GL-1200,2026-08-31,0.2163,6483338.04,true
2024-09-02,SEC-TBILL-00,SECURITY_HOLDING,GHS,10639440.61,CP-GOG,SEC-TBILL,GL-1200,2025-03-03,0.2403,10639440.61,true
2024-09-02,SEC-TBILL-01,SECURITY_HOLDING,GHS,7175714.32,CP-GOG,SEC-TBILL,GL-1200,2025-09-01,0.2403,7175714.32,true
2024-09-02,SEC-TBILL-02,SECURITY_HOLDING,GHS,6994165.33,CP-GOG,SEC-TBILL,GL-1200,2025-09-01,0.2403,6994165.33,true
2024-09-02,SEC-TBILL-03,SECURITY_HOLDING,GHS,10105392.88,CP-GOG,SEC-TBILL,GL-1200,2025-03-03,0.2403,10105392.88,true
2024-09-02,SEC-TBILL-04,SECURITY_HOLDING,GHS,8914903.48,CP-GOG,SEC-TBILL,GL-1200,2024-12-02,0.2403,8914903.48,true
2024-09-02,SEC-TBILL-05,SECURITY_HOLDING,GHS,8531025.51,CP-GOG,SEC-TBILL,GL-1200,2025-09-01,0.2403,8531025.51,true
2024-09-02,SEC-BOND-06,SECURITY_HOLDING,GHS,8562652.73,CP-GOG,SEC-BOND,GL-1200,2026-09-02,0.2403,8562652.73,true
2024-09-02,SEC-BOND-07,SECURITY_HOLDING,GHS,7886445.53,CP-GOG,SEC-BOND,GL-1200,2026-09-02,0.2403,7886445.53,true
2024-09-02,SEC-BOND-08,SECURITY_HOLDING,GHS,7939076.98,CP-GOG,SEC-BOND,GL-1200,2026-09-02,0.2403,7939076.98,true
2024-09-02,SEC-BOND-09,SECURITY_HOLDING,GHS,8003408.04,CP-GOG,SEC-BOND,GL-1200,2026-09-02,0.2403,8003408.04,true
2024-09-03,SEC-TBILL-00,SECURITY_HOLDING,GHS,9540008.80,CP-GOG,SEC-TBILL,GL-1200,2025-03-04,0.2332,9540008.80,true
2024-09-03,SEC-TBILL-01,SECURITY_HOLDING,GHS,9699462.67,CP-GOG,SEC-TBILL,GL-1200,2025-03-04,0.2332,9699462.67,true
2024-09-03,SEC-TBILL-02,SECURITY_HOLDING,GHS,9365900.54,CP-GOG,SEC-TBILL,GL-1200,2024-12-03,0.2332,9365900.54,true
2024-09-03,SEC-TBILL-03,SECURITY_HOLDING,GHS,5404832.08,CP-GOG,SEC-TBILL,GL-1200,2025-03-04,0.2332,5404832.08,true
2024-09-03,SEC-TBILL-04,SECURITY_HOLDING,GHS,11199030.66,CP-GOG,SEC-TBILL,GL-1200,2025-03-04,0.2332,11199030.66,true
2024-09-03,SEC-TBILL-05,SECURITY_HOLDING,GHS,7367468.10,CP-GOG,SEC-TBILL,GL-1200,2024-12-03,0.2332,7367468.10,true
2024-09-03,SEC-BOND-06,SECURITY_HOLDING,GHS,7557946.64,CP-GOG,SEC-BOND,GL-1200,2027-09-03,0.2332,7557946.64,true
2024-09-03,SEC-BOND-07,SECURITY_HOLDING,GHS,10377776.27,CP-GOG,SEC-BOND,GL-1200,2026-09-03,0.2332,10377776.27,true
2024-09-03,SEC-BOND-08,SECURITY_HOLDING,GHS,6802519.32,CP-GOG,SEC-BOND,GL-1200,2027-09-03,0.2332,6802519.32,true
2024-09-03,SEC-BOND-09,SECURITY_HOLDING,GHS,7024210.01,CP-GOG,SEC-BOND,GL-1200,2026-09-03,0.2332,7024210.01,true
2024-09-04,SEC-TBILL-00,SECURITY_HOLDING,GHS,10960310.51,CP-GOG,SEC-TBILL,GL-1200,2024-12-04,0.2243,10960310.51,true
2024-09-04,SEC-TBILL-01,SECURITY_HOLDING,GHS,6826870.73,CP-GOG,SEC-TBILL,GL-1200,2024-12-04,0.2243,6826870.73,true
2024-09-04,SEC-TBILL-02,SECURITY_HOLDING,GHS,6610219.15,CP-GOG,SEC-TBILL,GL-1200,2025-09-03,0.2243,6610219.15,true
2024-09-04,SEC-TBILL-03,SECURITY_HOLDING,GHS,5990186.22,CP-GOG,SEC-TBILL,GL-1200,2024-12-04,0.2243,5990186.22,true
2024-09-04,SEC-TBILL-04,SECURITY_HOLDING,GHS,13235151.25,CP-GOG,SEC-TBILL,GL-1200,2025-09-03,0.2243,13235151.25,true
2024-09-04,SEC-TBILL-05,SECURITY_HOLDING,GHS,8444232.13,CP-GOG,SEC-TBILL,GL-1200,2025-09-03,0.2243,8444232.13,true
2024-09-04,SEC-BOND-06,SECURITY_HOLDING,GHS,8481974.49,CP-GOG,SEC-BOND,GL-1200,2026-09-04,0.2243,8481974.49,true
2024-09-04,SEC-BOND-07,SECURITY_HOLDING,GHS,7675022.24,CP-GOG,SEC-BOND,GL-1200,2026-09-04,0.2243,7675022.24,true
2024-09-04,SEC-BOND-08,SECURITY_HOLDING,GHS,7737830.01,CP-GOG,SEC-BOND,GL-1200,2026-09-04,0.2243,7737830.01,true
2024-09-04,SEC-BOND-09,SECURITY_HOLDING,GHS,7814599.51,CP-GOG,SEC-BOND,GL-1200,2027-09-04,0.2243,7814599.51,true
2024-09-05,SEC-TBILL-00,SECURITY_HOLDING,GHS,9189308.16,CP-GOG,SEC-TBILL,GL-1200,2025-03-06,0.2172,9189308.16,true
2024-09-05,SEC-TBILL-01,SECURITY_HOLDING,GHS,5462659.52,CP-GOG,SEC-TBILL,GL-1200,2024-12-05,0.2172,5462659.52,true
2024-09-05,SEC-TBILL-02,SECURITY_HOLDING,GHS,8993031.30,CP-GOG,SEC-TBILL,GL-1200,2025-09-04,0.2172,8993031.30,true
2024-09-05,SEC-TBILL-03,SECURITY_HOLDING,GHS,8434018.71,CP-GOG,SEC-TBILL,GL-1200,2024-12-05,0.2172,8434018.71,true
2024-09-05,SEC-TBILL-04,SECURITY_HOLDING,GHS,11240271.19,CP-GOG,SEC-TBILL,GL-1200,2025-03-06,0.2172,11240271.19,true
2024-09-05,SEC-TBILL-05,SECURITY_HOLDING,GHS,10646550.49,CP-GOG,SEC-TBILL,GL-1200,2025-09-04,0.2172,10646550.49,true
2024-09-05,SEC-BOND-06,SECURITY_HOLDING,GHS,6954876.78,CP-GOG,SEC-BOND,GL-1200,2027-09-05,0.2172,6954876.78,true
2024-09-05,SEC-BOND-07,SECURITY_HOLDING,GHS,6227340.47,CP-GOG,SEC-BOND,GL-1200,2029-09-04,0.2172,6227340.47,true
2024-09-05,SEC-BOND-08,SECURITY_HOLDING,GHS,10009668.71,CP-GOG,SEC-BOND,GL-1200,2027-09-05,0.2172,10009668.71,true
2024-09-05,SEC-BOND-09,SECURITY_HOLDING,GHS,6353181.29,CP-GOG,SEC-BOND,GL-1200,2029-09-04,0.2172,6353181.29,true
2024-09-06,SEC-TBILL-00,SECURITY_HOLDING,GHS,7954645.72,CP-GOG,SEC-TBILL,GL-1200,2024-12-06,0.2101,7954645.72,true
2024-09-06,SEC-TBILL-01,SECURITY_HOLDING,GHS,7953759.18,CP-GOG,SEC-TBILL,GL-1200,2025-03-07,0.2101,7953759.18,true
2024-09-06,SEC-TBILL-02,SECURITY_HOLDING,GHS,7770896.15,CP-GOG,SEC-TBILL,GL-1200,2025-03-07,0.2101,7770896.15,true
2024-09-06,SEC-TBILL-03,SECURITY_HOLDING,GHS,10904642.66,CP-GOG,SEC-TBILL,GL-1200,2025-09-05,0.2101,10904642.66,true
2024-09-06,SEC-TBILL-04,SECURITY_HOLDING,GHS,6048456.22,CP-GOG,SEC-TBILL,GL-1200,2025-09-05,0.2101,6048456.22,true
2024-09-06,SEC-TBILL-05,SECURITY_HOLDING,GHS,9318880.07,CP-GOG,SEC-TBILL,GL-1200,2024-12-06,0.2101,9318880.07,true
2024-09-06,SEC-BOND-06,SECURITY_HOLDING,GHS,9350736.21,CP-GOG,SEC-BOND,GL-1200,2026-09-06,0.2101,9350736.21,true
2024-09-06,SEC-BOND-07,SECURITY_HOLDING,GHS,8669634.65,CP-GOG,SEC-BOND,GL-1200,2027-09-06,0.2101,8669634.65,true
2024-09-06,SEC-BOND-08,SECURITY_HOLDING,GHS,8722647.04,CP-GOG,SEC-BOND,GL-1200,2026-09-06,0.2101,8722647.04,true
2024-09-06,SEC-BOND-09,SECURITY_HOLDING,GHS,8787443.72,CP-GOG,SEC-BOND,GL-1200,2026-09-06,0.2101,8787443.72,true
2024-09-09,SEC-TBILL-00,SECURITY_HOLDING,GHS,10970273.03,CP-GOG,SEC-TBILL,GL-1200,2025-09-08,0.2251,10970273.03,true
2024-09-09,SEC-TBILL-01,SECURITY_HOLDING,GHS,6867645.09,CP-GOG,SEC-TBILL,GL-1200,2025-03-10,0.2251,6867645.09,true
2024-09-09,SEC-TBILL-02,SECURITY_HOLDING,GHS,6652608.48,CP-GOG,SEC-TBILL,GL-1200,2025-03-10,0.2251,6652608.48,true
2024-09-09,SEC-TBILL-03,SECURITY_HOLDING,GHS,6037197.46,CP-GOG,SEC-TBILL,GL-1200,2025-03-10,0.2251,6037197.46,true
2024-09-09,SEC-TBILL-04,SECURITY_HOLDING,GHS,13228156.46,CP-GOG,SEC-TBILL,GL-1200,2025-03-10,0.2251,13228156.46,true
2024-09-09,SEC-TBILL-05,SECURITY_HOLDING,GHS,8472950.21,CP-GOG,SEC-TBILL,GL-1200,2024-12-09,0.2251,8472950.21,true
2024-09-09,SEC-BOND-06,SECURITY_HOLDING,GHS,8510411.23,CP-GOG,SEC-BOND,GL-1200,2027-09-09,0.2251,8510411.23,true
2024-09-09,SEC-BOND-07,SECURITY_HOLDING,GHS,7709474.24,CP-GOG,SEC-BOND,GL-1200,2026-09-09,0.2251,7709474.24,true
2024-09-09,SEC-BOND-08,SECURITY_HOLDING,GHS,7771813.82,CP-GOG,SEC-BOND,GL-1200,2026-09-09,0.2251,7771813.82,true
2024-09-09,SEC-BOND-09,SECURITY_HOLDING,GHS,7848011.06,CP-GOG,SEC-BOND,GL-1200,2026-09-09,0.2251,7848011.06,true
2024-09-10,SEC-TBILL-00,SECURITY_HOLDING,GHS,8790211.42,CP-GOG,SEC-TBILL,GL-1200,2025-03-11,0.2180,8790211.42,true
2024-09-10,SEC-TBILL-01,SECURITY_HOLDING,GHS,5257423.43,CP-GOG,SEC-TBILL,GL-1200,2024-12-10,0.2180,5257423.43,true
2024-09-10,SEC-TBILL-02,SECURITY_HOLDING,GHS,8604144.89,CP-GOG,SEC-TBILL,GL-1200,2025-03-11,0.2180,8604144.89,true
2024-09-10,SEC-TBILL-03,SECURITY_HOLDING,GHS,11777405.82,CP-GOG,SEC-TBILL,GL-1200,2025-03-11,0.2180,11777405.82,true
2024-09-10,SEC-TBILL-04,SECURITY_HOLDING,GHS,10734483.13,CP-GOG,SEC-TBILL,GL-1200,2025-03-11,0.2180,10734483.13,true
2024-09-10,SEC-TBILL-05,SECURITY_HOLDING,GHS,10171647.84,CP-GOG,SEC-TBILL,GL-1200,2025-09-09,0.2180,10171647.84,true
2024-09-10,SEC-BOND-06,SECURITY_HOLDING,GHS,6672015.39,CP-GOG,SEC-BOND,GL-1200,2026-09-10,0.2180,6672015.39,true
2024-09-10,SEC-BOND-07,SECURITY_HOLDING,GHS,5982325.60,CP-GOG,SEC-BOND,GL-1200,2029-09-09,0.2180,5982325.60,true
2024-09-10,SEC-BOND-08,SECURITY_HOLDING,GHS,9567896.72,CP-GOG,SEC-BOND,GL-1200,2026-09-10,0.2180,9567896.72,true
2024-09-10,SEC-BOND-09,SECURITY_HOLDING,GHS,6101620.16,CP-GOG,SEC-BOND,GL-1200,2026-09-10,0.2180,6101620.16,true
2024-09-11,SEC-TBILL-00,SECURITY_HOLDING,GHS,7981260.73,CP-GOG,SEC-TBILL,GL-1200,2025-09-10,0.2491,7981260.73,true
2024-09-11,SEC-TBILL-01,SECURITY_HOLDING,GHS,11614088.77,CP-GOG,SEC-TBILL,GL-1200,2025-09-10,0.2491,11614088.77,true
2024-09-11,SEC-TBILL-02,SECURITY_HOLDING,GHS,7798685.46,CP-GOG,SEC-TBILL,GL-1200,2024-12-11,0.2491,7798685.46,true
2024-09-11,SEC-TBILL-03,SECURITY_HOLDING,GHS,10912405.04,CP-GOG,SEC-TBILL,GL-1200,2024-12-11,0.2491,10912405.04,true
2024-09-11,SEC-TBILL-04,SECURITY_HOLDING,GHS,9720962.08,CP-GOG,SEC-TBILL,GL-1200,2025-09-10,0.2491,9720962.08,true
2024-09-11,SEC-TBILL-05,SECURITY_HOLDING,GHS,5703067.72,CP-GOG,SEC-TBILL,GL-1200,2025-03-12,0.2491,5703067.72,true
2024-09-11,SEC-BOND-06,SECURITY_HOLDING,GHS,9368429.18,CP-GOG,SEC-BOND,GL-1200,2026-09-11,0.2491,9368429.18,true
2024-09-11,SEC-BOND-07,SECURITY_HOLDING,GHS,5057971.45,CP-GOG,SEC-BOND,GL-1200,2029-09-10,0.2491,5057971.45,true
2024-09-11,SEC-BOND-08,SECURITY_HOLDING,GHS,8744353.96,CP-GOG,SEC-BOND,GL-1200,2029-09-10,0.2491,8744353.96,true
2024-09-11,SEC-BOND-09,SECURITY_HOLDING,GHS,8808736.54,CP-GOG,SEC-BOND,GL-1200,2027-09-11,0.2491,8808736.54,true
2024-09-12,SEC-TBILL-00,SECURITY_HOLDING,GHS,7208473.40,CP-GOG,SEC-TBILL,GL-1200,2024-12-12,0.2420,7208473.40,true
2024-09-12,SEC-TBILL-01,SECURITY_HOLDING,GHS,11030235.86,CP-GOG,SEC-TBILL,GL-1200,2025-03-13,0.2420,11030235.86,true
2024-09-12,SEC-TBILL-02,SECURITY_HOLDING,GHS,7024896.83,CP-GOG,SEC-TBILL,GL-1200,2024-12-12,0.2420,7024896.83,true
2024-09-12,SEC-TBILL-03,SECURITY_HOLDING,GHS,6502055.74,CP-GOG,SEC-TBILL,GL-1200,2024-12-12,0.2420,6502055.74,true
2024-09-12,SEC-TBILL-04,SECURITY_HOLDING,GHS,9126726.72,CP-GOG,SEC-TBILL,GL-1200,2024-12-12,0.2420,9126726.72,true
2024-09-12,SEC-TBILL-05,SECURITY_HOLDING,GHS,5086797.08,CP-GOG,SEC-TBILL,GL-1200,2025-03-13,0.2420,5086797.08,true
2024-09-12,SEC-BOND-06,SECURITY_HOLDING,GHS,5118623.22,CP-GOG,SEC-BOND,GL-1200,2027-09-12,0.2420,5118623.22,true
2024-09-12,SEC-BOND-07,SECURITY_HOLDING,GHS,11745437.34,CP-GOG,SEC-BOND,GL-1200,2027-09-12,0.2420,11745437.34,true
2024-09-12,SEC-BOND-08,SECURITY_HOLDING,GHS,7975751.66,CP-GOG,SEC-BOND,GL-1200,2026-09-12,0.2420,7975751.66,true
2024-09-12,SEC-BOND-09,SECURITY_HOLDING,GHS,11863135.49,CP-GOG,SEC-BOND,GL-1200,2026-09-12,0.2420,11863135.49,true
2024-09-13,SEC-TBILL-00,SECURITY_HOLDING,GHS,7385021.10,CP-GOG,SEC-TBILL,GL-1200,2025-09-12,0.2749,7385021.10,true
2024-09-13,SEC-TBILL-01,SECURITY_HOLDING,GHS,7384024.15,CP-GOG,SEC-TBILL,GL-1200,2025-09-12,0.2749,7384024.15,true
2024-09-13,SEC-TBILL-02,SECURITY_HOLDING,GHS,7178386.10,CP-GOG,SEC-TBILL,GL-1200,2025-03-14,0.2749,7178386.10,true
2024-09-13,SEC-TBILL-03,SECURITY_HOLDING,GHS,6589872.71,CP-GOG,SEC-TBILL,GL-1200,2024-12-13,0.2749,6589872.71,true
2024-09-13,SEC-TBILL-04,SECURITY_HOLDING,GHS,13466538.08,CP-GOG,SEC-TBILL,GL-1200,2025-09-12,0.2749,13466538.08,true
2024-09-13,SEC-TBILL-05,SECURITY_HOLDING,GHS,8919166.57,CP-GOG,SEC-TBILL,GL-1200,2025-03-14,0.2749,8919166.57,true
2024-09-13,SEC-BOND-06,SECURITY_HOLDING,GHS,8954990.29,CP-GOG,SEC-BOND,GL-1200,2029-09-12,0.2749,8954990.29,true
2024-09-13,SEC-BOND-07,SECURITY_HOLDING,GHS,8189059.66,CP-GOG,SEC-BOND,GL-1200,2026-09-13,0.2749,8189059.66,true
2024-09-13,SEC-BOND-08,SECURITY_HOLDING,GHS,8248674.58,CP-GOG,SEC-BOND,GL-1200,2027-09-13,0.2749,8248674.58,true
2024-09-13,SEC-BOND-09,SECURITY_HOLDING,GHS,8321541.48,CP-GOG,SEC-BOND,GL-1200,2029-09-12,0.2749,8321541.48,true
2024-09-16,SEC-TBILL-00,SECURITY_HOLDING,GHS,8709606.77,CP-GOG,SEC-TBILL,GL-1200,2025-09-15,0.2500,8709606.77,true
2024-09-16,SEC-TBILL-01,SECURITY_HOLDING,GHS,12905029.02,CP-GOG,SEC-TBILL,GL-1200,2025-03-17,0.2500,12905029.02,true
2024-09-16,SEC-TBILL-02,SECURITY_HOLDING,GHS,8693617.05,CP-GOG,SEC-TBILL,GL-1200,2024-12-16,0.2500,8693617.05,true
2024-09-16,SEC-TBILL-03,SECURITY_HOLDING,GHS,12130516.08,CP-GOG,SEC-TBILL,GL-1200,2025-03-17,0.2500,12130516.08,true
2024-09-16,SEC-TBILL-04,SECURITY_HOLDING,GHS,10815410.77,CP-GOG,SEC-TBILL,GL-1200,2024-12-16,0.2500,10815410.77,true
2024-09-16,SEC-TBILL-05,SECURITY_HOLDING,GHS,6380490.79,CP-GOG,SEC-TBILL,GL-1200,2025-09-15,0.2500,6380490.79,true
2024-09-16,SEC-BOND-06,SECURITY_HOLDING,GHS,6415428.63,CP-GOG,SEC-BOND,GL-1200,2026-09-16,0.2500,6415428.63,true
2024-09-16,SEC-BOND-07,SECURITY_HOLDING,GHS,5668438.63,CP-GOG,SEC-BOND,GL-1200,2026-09-16,0.2500,5668438.63,true
2024-09-16,SEC-BOND-08,SECURITY_HOLDING,GHS,5726579.34,CP-GOG,SEC-BOND,GL-1200,2026-09-16,0.2500,5726579.34,true
2024-09-16,SEC-BOND-09,SECURITY_HOLDING,GHS,5797644.32,CP-GOG,SEC-BOND,GL-1200,2026-09-16,0.2500,5797644.32,true
2024-09-17,SEC-TBILL-00,SECURITY_HOLDING,GHS,6936127.26,CP-GOG,SEC-TBILL,GL-1200,2025-03-18,0.2029,6936127.26,true
2024-09-17,SEC-TBILL-01,SECURITY_HOLDING,GHS,10574194.87,CP-GOG,SEC-TBILL,GL-1200,2025-09-16,0.2029,10574194.87,true
2024-09-17,SEC-TBILL-02,SECURITY_HOLDING,GHS,6761374.39,CP-GOG,SEC-TBILL,GL-1200,2025-03-18,0.2029,6761374.39,true
2024-09-17,SEC-TBILL-03,SECURITY_HOLDING,GHS,6263663.91,CP-GOG,SEC-TBILL,GL-1200,2025-09-16,0.2029,6263663.91,true
2024-09-17,SEC-TBILL-04,SECURITY_HOLDING,GHS,8762178.82,CP-GOG,SEC-TBILL,GL-1200,2025-03-18,0.2029,8762178.82,true
2024-09-17,SEC-TBILL-05,SECURITY_HOLDING,GHS,8233566.36,CP-GOG,SEC-TBILL,GL-1200,2024-12-17,0.2029,8233566.36,true
2024-09-17,SEC-BOND-06,SECURITY_HOLDING,GHS,4946726.74,CP-GOG,SEC-BOND,GL-1200,2026-09-17,0.2029,4946726.74,true
2024-09-17,SEC-BOND-07,SECURITY_HOLDING,GHS,11255019.84,CP-GOG,SEC-BOND,GL-1200,2027-09-17,0.2029,11255019.84,true
2024-09-17,SEC-BOND-08,SECURITY_HOLDING,GHS,7666525.92,CP-GOG,SEC-BOND,GL-1200,2027-09-17,0.2029,7666525.92,true
2024-09-17,SEC-BOND-09,SECURITY_HOLDING,GHS,11367060.78,CP-GOG,SEC-BOND,GL-1200,2026-09-17,0.2029,11367060.78,true
2024-09-18,SEC-TBILL-00,SECURITY_HOLDING,GHS,7401774.00,CP-GOG,SEC-TBILL,GL-1200,2025-09-17,0.2339,7401774.00,true
2024-09-18,SEC-TBILL-01,SECURITY_HOLDING,GHS,7400786.51,CP-GOG,SEC-TBILL,GL-1200,2024-12-18,0.2339,7400786.51,true
2024-09-18,SEC-TBILL-02,SECURITY_HOLDING,GHS,7197099.66,CP-GOG,SEC-TBILL,GL-1200,2025-09-17,0.2339,7197099.66,true
2024-09-18,SEC-TBILL-03,SECURITY_HOLDING,GHS,6614170.39,CP-GOG,SEC-TBILL,GL-1200,2024-12-18,0.2339,6614170.39,true
2024-09-18,SEC-TBILL-04,SECURITY_HOLDING,GHS,13425586.47,CP-GOG,SEC-TBILL,GL-1200,2025-09-17,0.2339,13425586.47,true
2024-09-18,SEC-TBILL-05,SECURITY_HOLDING,GHS,8921362.72,CP-GOG,SEC-TBILL,GL-1200,2024-12-18,0.2339,8921362.72,true
2024-09-18,SEC-BOND-06,SECURITY_HOLDING,GHS,8956846.53,CP-GOG,SEC-BOND,GL-1200,2027-09-18,0.2339,8956846.53,true
2024-09-18,SEC-BOND-07,SECURITY_HOLDING,GHS,8198183.44,CP-GOG,SEC-BOND,GL-1200,2026-09-18,0.2339,8198183.44,true
2024-09-18,SEC-BOND-08,SECURITY_HOLDING,GHS,8257232.70,CP-GOG,SEC-BOND,GL-1200,2027-09-18,0.2339,8257232.70,true
2024-09-18,SEC-BOND-09,SECURITY_HOLDING,GHS,8329408.21,CP-GOG,SEC-BOND,GL-1200,2029-09-17,0.2339,8329408.21,true
2024-09-19,SEC-TBILL-00,SECURITY_HOLDING,GHS,10485773.40,CP-GOG,SEC-TBILL,GL-1200,2025-03-20,0.2268,10485773.40,true
2024-09-19,SEC-TBILL-01,SECURITY_HOLDING,GHS,6628792.29,CP-GOG,SEC-TBILL,GL-1200,2025-09-18,0.2268,6628792.29,true
2024-09-19,SEC-TBILL-02,SECURITY_HOLDING,GHS,10282632.13,CP-GOG,SEC-TBILL,GL-1200,2025-03-20,0.2268,10282632.13,true
2024-09-19,SEC-TBILL-03,SECURITY_HOLDING,GHS,5661044.79,CP-GOG,SEC-TBILL,GL-1200,2025-09-18,0.2268,5661044.79,true
2024-09-19,SEC-TBILL-04,SECURITY_HOLDING,GHS,8565440.62,CP-GOG,SEC-TBILL,GL-1200,2025-03-20,0.2268,8565440.62,true
2024-09-19,SEC-TBILL-05,SECURITY_HOLDING,GHS,8137978.99,CP-GOG,SEC-TBILL,GL-1200,2024-12-19,0.2268,8137978.99,true
2024-09-19,SEC-BOND-06,SECURITY_HOLDING,GHS,8173197.02,CP-GOG,SEC-BOND,GL-1200,2027-09-19,0.2268,8173197.02,true
2024-09-19,SEC-BOND-07,SECURITY_HOLDING,GHS,7420216.51,CP-GOG,SEC-BOND,GL-1200,2026-09-19,0.2268,7420216.51,true
2024-09-19,SEC-BOND-08,SECURITY_HOLDING,GHS,11334824.50,CP-GOG,SEC-BOND,GL-1200,2027-09-19,0.2268,11334824.50,true
2024-09-19,SEC-BOND-09,SECURITY_HOLDING,GHS,7550458.37,CP-GOG,SEC-BOND,GL-1200,2026-09-19,0.2268,7550458.37,true
2024-09-20,SEC-TBILL-00,SECURITY_HOLDING,GHS,5876267.90,CP-GOG,SEC-TBILL,GL-1200,2025-09-19,0.2197,5876267.90,true
2024-09-20,SEC-TBILL-01,SECURITY_HOLDING,GHS,5875262.11,CP-GOG,SEC-TBILL,GL-1200,2024-12-20,0.2197,5875262.11,true
2024-09-20,SEC-TBILL-02,SECURITY_HOLDING,GHS,9816791.56,CP-GOG,SEC-TBILL,GL-1200,2025-09-19,0.2197,9816791.56,true
2024-09-20,SEC-TBILL-03,SECURITY_HOLDING,GHS,13372053.97,CP-GOG,SEC-TBILL,GL-1200,2025-09-19,0.2197,13372053.97,true
2024-09-20,SEC-TBILL-04,SECURITY_HOLDING,GHS,12011657.74,CP-GOG,SEC-TBILL,GL-1200,2025-03-21,0.2197,12011657.74,true
2024-09-20,SEC-TBILL-05,SECURITY_HOLDING,GHS,7424003.53,CP-GOG,SEC-TBILL,GL-1200,2024-12-20,0.2197,7424003.53,true
2024-09-20,SEC-BOND-06,SECURITY_HOLDING,GHS,7460144.59,CP-GOG,SEC-BOND,GL-1200,2029-09-19,0.2197,7460144.59,true
2024-09-20,SEC-BOND-07,SECURITY_HOLDING,GHS,6687429.00,CP-GOG,SEC-BOND,GL-1200,2029-09-19,0.2197,6687429.00,true
2024-09-20,SEC-BOND-08,SECURITY_HOLDING,GHS,6747572.02,CP-GOG,SEC-BOND,GL-1200,2026-09-20,0.2197,6747572.02,true
2024-09-20,SEC-BOND-09,SECURITY_HOLDING,GHS,10970073.53,CP-GOG,SEC-BOND,GL-1200,2026-09-20,0.2197,10970073.53,true
2024-09-23,SEC-TBILL-00,SECURITY_HOLDING,GHS,10771996.56,CP-GOG,SEC-TBILL,GL-1200,2025-03-24,0.2348,10771996.56,true
2024-09-23,SEC-TBILL-01,SECURITY_HOLDING,GHS,7091493.99,CP-GOG,SEC-TBILL,GL-1200,2025-09-22,0.2348,7091493.99,true
2024-09-23,SEC-TBILL-02,SECURITY_HOLDING,GHS,6898582.81,CP-GOG,SEC-TBILL,GL-1200,2025-09-22,0.2348,6898582.81,true
2024-09-23,SEC-TBILL-03,SECURITY_HOLDING,GHS,10204525.61,CP-GOG,SEC-TBILL,GL-1200,2025-03-24,0.2348,10204525.61,true
2024-09-23,SEC-TBILL-04,SECURITY_HOLDING,GHS,8939529.79,CP-GOG,SEC-TBILL,GL-1200,2024-12-23,0.2348,8939529.79,true
2024-09-23,SEC-TBILL-05,SECURITY_HOLDING,GHS,8531626.93,CP-GOG,SEC-TBILL,GL-1200,2025-09-22,0.2348,8531626.93,true
2024-09-23,SEC-BOND-06,SECURITY_HOLDING,GHS,8565233.53,CP-GOG,SEC-BOND,GL-1200,2026-09-23,0.2348,8565233.53,true
2024-09-23,SEC-BOND-07,SECURITY_HOLDING,GHS,7846706.11,CP-GOG,SEC-BOND,GL-1200,2026-09-23,0.2348,7846706.11,true
2024-09-23,SEC-BOND-08,SECURITY_HOLDING,GHS,7902631.48,CP-GOG,SEC-BOND,GL-1200,2027-09-23,0.2348,7902631.48,true
2024-09-23,SEC-BOND-09,SECURITY_HOLDING,GHS,7970988.67,CP-GOG,SEC-BOND,GL-1200,2029-09-22,0.2348,7970988.67,true
2024-09-24,SEC-TBILL-00,SECURITY_HOLDING,GHS,6476837.00,CP-GOG,SEC-TBILL,GL-1200,2025-09-23,0.2277,6476837.00,true
2024-09-24,SEC-TBILL-01,SECURITY_HOLDING,GHS,10672165.29,CP-GOG,SEC-TBILL,GL-1200,2025-09-23,0.2277,10672165.29,true
2024-09-24,SEC-TBILL-02,SECURITY_HOLDING,GHS,10286085.68,CP-GOG,SEC-TBILL,GL-1200,2024-12-24,0.2277,10286085.68,true
2024-09-24,SEC-TBILL-03,SECURITY_HOLDING,GHS,5701369.13,CP-GOG,SEC-TBILL,GL-1200,2024-12-24,0.2277,5701369.13,true
2024-09-24,SEC-TBILL-04,SECURITY_HOLDING,GHS,8582593.84,CP-GOG,SEC-TBILL,GL-1200,2024-12-24,0.2277,8582593.84,true
2024-09-24,SEC-TBILL-05,SECURITY_HOLDING,GHS,7973011.22,CP-GOG,SEC-TBILL,GL-1200,2025-03-25,0.2277,7973011.22,true
2024-09-24,SEC-BOND-06,SECURITY_HOLDING,GHS,8193479.54,CP-GOG,SEC-BOND,GL-1200,2029-09-23,0.2277,8193479.54,true
2024-09-24,SEC-BOND-07,SECURITY_HOLDING,GHS,11457275.57,CP-GOG,SEC-BOND,GL-1200,2026-09-24,0.2277,11457275.57,true
2024-09-24,SEC-BOND-08,SECURITY_HOLDING,GHS,7319114.41,CP-GOG,SEC-BOND,GL-1200,2027-09-24,0.2277,7319114.41,true
2024-09-24,SEC-BOND-09,SECURITY_HOLDING,GHS,7575709.07,CP-GOG,SEC-BOND,GL-1200,2029-09-23,0.2277,7575709.07,true
2024-09-25,SEC-TBILL-00,SECURITY_HOLDING,GHS,6330684.95,CP-GOG,SEC-TBILL,GL-1200,2025-09-24,0.2606,6330684.95,true
2024-09-25,SEC-TBILL-01,SECURITY_HOLDING,GHS,6329617.46,CP-GOG,SEC-TBILL,GL-1200,2025-03-26,0.2606,6329617.46,true
2024-09-25,SEC-TBILL-02,SECURITY_HOLDING,GHS,6109428.43,CP-GOG,SEC-TBILL,GL-1200,2024-12-25,0.2606,6109428.43,true
2024-09-25,SEC-TBILL-03,SECURITY_HOLDING,GHS,14286398.60,CP-GOG,SEC-TBILL,GL-1200,2025-09-24,0.2606,14286398.60,true
2024-09-25,SEC-TBILL-04,SECURITY_HOLDING,GHS,12842530.98,CP-GOG,SEC-TBILL,GL-1200,2025-03-26,0.2606,12842530.98,true
2024-09-25,SEC-TBILL-05,SECURITY_HOLDING,GHS,7973386.78,CP-GOG,SEC-TBILL,GL-1200,2024-12-25,0.2606,7973386.78,true
2024-09-25,SEC-BOND-06,SECURITY_HOLDING,GHS,8011745.39,CP-GOG,SEC-BOND,GL-1200,2026-09-25,0.2606,8011745.39,true
2024-09-25,SEC-BOND-07,SECURITY_HOLDING,GHS,7191617.40,CP-GOG,SEC-BOND,GL-1200,2029-09-24,0.2606,7191617.40,true
2024-09-25,SEC-BOND-08,SECURITY_HOLDING,GHS,7255450.68,CP-GOG,SEC-BOND,GL-1200,2026-09-25,0.2606,7255450.68,true
2024-09-25,SEC-BOND-09,SECURITY_HOLDING,GHS,7333473.65,CP-GOG,SEC-BOND,GL-1200,2029-09-24,0.2606,7333473.65,true
2024-09-26,SEC-TBILL-00,SECURITY_HOLDING,GHS,8764253.77,CP-GOG,SEC-TBILL,GL-1200,2025-09-25,0.2117,8764253.77,true
2024-09-26,SEC-TBILL-01,SECURITY_HOLDING,GHS,12904717.45,CP-GOG,SEC-TBILL,GL-1200,2024-12-26,0.2117,12904717.45,true
2024-09-26,SEC-TBILL-02,SECURITY_HOLDING,GHS,8565368.54,CP-GOG,SEC-TBILL,GL-1200,2024-12-26,0.2117,8565368.54,true
2024-09-26,SEC-TBILL-03,SECURITY_HOLDING,GHS,7998927.12,CP-GOG,SEC-TBILL,GL-1200,2025-09-25,0.2117,7998927.12,true
2024-09-26,SEC-TBILL-04,SECURITY_HOLDING,GHS,10842472.47,CP-GOG,SEC-TBILL,GL-1200,2024-12-26,0.2117,10842472.47,true
2024-09-26,SEC-TBILL-05,SECURITY_HOLDING,GHS,6465648.40,CP-GOG,SEC-TBILL,GL-1200,2025-09-25,0.2117,6465648.40,true
2024-09-26,SEC-BOND-06,SECURITY_HOLDING,GHS,6500128.56,CP-GOG,SEC-BOND,GL-1200,2029-09-25,0.2117,6500128.56,true
2024-09-26,SEC-BOND-07,SECURITY_HOLDING,GHS,5762923.87,CP-GOG,SEC-BOND,GL-1200,2027-09-26,0.2117,5762923.87,true
2024-09-26,SEC-BOND-08,SECURITY_HOLDING,GHS,9595516.26,CP-GOG,SEC-BOND,GL-1200,2027-09-26,0.2117,9595516.26,true
2024-09-26,SEC-BOND-09,SECURITY_HOLDING,GHS,5890437.02,CP-GOG,SEC-BOND,GL-1200,2029-09-25,0.2117,5890437.02,true
2024-09-27,SEC-TBILL-00,SECURITY_HOLDING,GHS,7552647.34,CP-GOG,SEC-TBILL,GL-1200,2025-03-28,0.2046,7552647.34,true
2024-09-27,SEC-TBILL-01,SECURITY_HOLDING,GHS,7551748.49,CP-GOG,SEC-TBILL,GL-1200,2025-09-26,0.2046,7551748.49,true
2024-09-27,SEC-TBILL-02,SECURITY_HOLDING,GHS,7366343.89,CP-GOG,SEC-TBILL,GL-1200,2025-09-26,0.2046,7366343.89,true
2024-09-27,SEC-TBILL-03,SECURITY_HOLDING,GHS,10543645.58,CP-GOG,SEC-TBILL,GL-1200,2025-09-26,0.2046,10543645.58,true
2024-09-27,SEC-TBILL-04,SECURITY_HOLDING,GHS,9327873.37,CP-GOG,SEC-TBILL,GL-1200,2025-09-26,0.2046,9327873.37,true
2024-09-27,SEC-TBILL-05,SECURITY_HOLDING,GHS,8935842.86,CP-GOG,SEC-TBILL,GL-1200,2025-03-28,0.2046,8935842.86,true
2024-09-27,SEC-BOND-06,SECURITY_HOLDING,GHS,8968141.76,CP-GOG,SEC-BOND,GL-1200,2026-09-27,0.2046,8968141.76,true
2024-09-27,SEC-BOND-07,SECURITY_HOLDING,GHS,8277573.73,CP-GOG,SEC-BOND,GL-1200,2027-09-27,0.2046,8277573.73,true
2024-09-27,SEC-BOND-08,SECURITY_HOLDING,GHS,8331322.93,CP-GOG,SEC-BOND,GL-1200,2029-09-26,0.2046,8331322.93,true
2024-09-27,SEC-BOND-09,SECURITY_HOLDING,GHS,8397020.20,CP-GOG,SEC-BOND,GL-1200,2026-09-27,0.2046,8397020.20,true
2024-09-30,SEC-TBILL-00,SECURITY_HOLDING,GHS,6353713.13,CP-GOG,SEC-TBILL,GL-1200,2024-12-30,0.2196,6353713.13,true
2024-09-30,SEC-TBILL-01,SECURITY_HOLDING,GHS,6352657.41,CP-GOG,SEC-TBILL,GL-1200,2024-12-30,0.2196,6352657.41,true
2024-09-30,SEC-TBILL-02,SECURITY_HOLDING,GHS,6134896.01,CP-GOG,SEC-TBILL,GL-1200,2024-12-30,0.2196,6134896.01,true
2024-09-30,SEC-TBILL-03,SECURITY_HOLDING,GHS,14221713.40,CP-GOG,SEC-TBILL,GL-1200,2025-09-29,0.2196,14221713.40,true
2024-09-30,SEC-TBILL-04,SECURITY_HOLDING,GHS,12793764.71,CP-GOG,SEC-TBILL,GL-1200,2024-12-30,0.2196,12793764.71,true
2024-09-30,SEC-TBILL-05,SECURITY_HOLDING,GHS,7978303.83,CP-GOG,SEC-TBILL,GL-1200,2025-03-31,0.2196,7978303.83,true
2024-09-30,SEC-BOND-06,SECURITY_HOLDING,GHS,8016239.53,CP-GOG,SEC-BOND,GL-1200,2026-09-30,0.2196,8016239.53,true
2024-09-30,SEC-BOND-07,SECURITY_HOLDING,GHS,7205153.62,CP-GOG,SEC-BOND,GL-1200,2029-09-29,0.2196,7205153.62,true
2024-09-30,SEC-BOND-08,SECURITY_HOLDING,GHS,7268283.13,CP-GOG,SEC-BOND,GL-1200,2027-09-30,0.2196,7268283.13,true
2024-09-30,SEC-BOND-09,SECURITY_HOLDING,GHS,7345445.88,CP-GOG,SEC-BOND,GL-1200,2027-09-30,0.2196,7345445.88,true
2024-10-01,SEC-TBILL-00,SECURITY_HOLDING,GHS,8206920.60,CP-GOG,SEC-TBILL,GL-1200,2024-12-31,0.2125,8206920.60,true
2024-10-01,SEC-TBILL-01,SECURITY_HOLDING,GHS,12047117.44,CP-GOG,SEC-TBILL,GL-1200,2024-12-31,0.2125,12047117.44,true
2024-10-01,SEC-TBILL-02,SECURITY_HOLDING,GHS,8022458.55,CP-GOG,SEC-TBILL,GL-1200,2025-04-01,0.2125,8022458.55,true
2024-10-01,SEC-TBILL-03,SECURITY_HOLDING,GHS,11168356.15,CP-GOG,SEC-TBILL,GL-1200,2024-12-31,0.2125,11168356.15,true
2024-10-01,SEC-TBILL-04,SECURITY_HOLDING,GHS,10134426.67,CP-GOG,SEC-TBILL,GL-1200,2025-09-30,0.2125,10134426.67,true
2024-10-01,SEC-TBILL-05,SECURITY_HOLDING,GHS,6075010.32,CP-GOG,SEC-TBILL,GL-1200,2025-04-01,0.2125,6075010.32,true
2024-10-01,SEC-BOND-06,SECURITY_HOLDING,GHS,6106989.98,CP-GOG,SEC-BOND,GL-1200,2029-09-30,0.2125,6106989.98,true
2024-10-01,SEC-BOND-07,SECURITY_HOLDING,GHS,5423247.45,CP-GOG,SEC-BOND,GL-1200,2029-09-30,0.2125,5423247.45,true
2024-10-01,SEC-BOND-08,SECURITY_HOLDING,GHS,8977899.85,CP-GOG,SEC-BOND,GL-1200,2026-10-01,0.2125,8977899.85,true
2024-10-01,SEC-BOND-09,SECURITY_HOLDING,GHS,5541513.32,CP-GOG,SEC-BOND,GL-1200,2026-10-01,0.2125,5541513.32,true
2024-10-02,SEC-TBILL-00,SECURITY_HOLDING,GHS,6827575.47,CP-GOG,SEC-TBILL,GL-1200,2025-10-01,0.2054,6827575.47,true
2024-10-02,SEC-TBILL-01,SECURITY_HOLDING,GHS,10144000.32,CP-GOG,SEC-TBILL,GL-1200,2025-01-01,0.2054,10144000.32,true
2024-10-02,SEC-TBILL-02,SECURITY_HOLDING,GHS,6660901.69,CP-GOG,SEC-TBILL,GL-1200,2025-10-01,0.2054,6660901.69,true
2024-10-02,SEC-TBILL-03,SECURITY_HOLDING,GHS,9503430.13,CP-GOG,SEC-TBILL,GL-1200,2025-04-02,0.2054,9503430.13,true
2024-10-02,SEC-TBILL-04,SECURITY_HOLDING,GHS,8415756.56,CP-GOG,SEC-TBILL,GL-1200,2025-10-01,0.2054,8415756.56,true
2024-10-02,SEC-TBILL-05,SECURITY_HOLDING,GHS,4747802.96,CP-GOG,SEC-TBILL,GL-1200,2025-04-02,0.2054,4747802.96,true
2024-10-02,SEC-BOND-06,SECURITY_HOLDING,GHS,8093927.71,CP-GOG,SEC-BOND,GL-1200,2027-10-02,0.2054,8093927.71,true
2024-10-02,SEC-BOND-07,SECURITY_HOLDING,GHS,10793349.70,CP-GOG,SEC-BOND,GL-1200,2026-10-02,0.2054,10793349.70,true
2024-10-02,SEC-BOND-08,SECURITY_HOLDING,GHS,10841435.67,CP-GOG,SEC-BOND,GL-1200,2027-10-02,0.2054,10841435.67,true
2024-10-02,SEC-BOND-09,SECURITY_HOLDING,GHS,7582981.82,CP-GOG,SEC-BOND,GL-1200,2029-10-01,0.2054,7582981.82,true
2024-10-03,SEC-TBILL-00,SECURITY_HOLDING,GHS,5624694.44,CP-GOG,SEC-TBILL,GL-1200,2025-10-02,0.2365,5624694.44,true
2024-10-03,SEC-TBILL-01,SECURITY_HOLDING,GHS,8831453.67,CP-GOG,SEC-TBILL,GL-1200,2025-04-03,0.2365,8831453.67,true
2024-10-03,SEC-TBILL-02,SECURITY_HOLDING,GHS,5470659.26,CP-GOG,SEC-TBILL,GL-1200,2025-10-02,0.2365,5470659.26,true
2024-10-03,SEC-TBILL-03,SECURITY_HOLDING,GHS,5031954.48,CP-GOG,SEC-TBILL,GL-1200,2025-10-02,0.2365,5031954.48,true
2024-10-03,SEC-TBILL-04,SECURITY_HOLDING,GHS,7234259.82,CP-GOG,SEC-TBILL,GL-1200,2025-04-03,0.2365,7234259.82,true
2024-10-03,SEC-TBILL-05,SECURITY_HOLDING,GHS,9975819.02,CP-GOG,SEC-TBILL,GL-1200,2025-10-02,0.2365,9975819.02,true
2024-10-03,SEC-BOND-06,SECURITY_HOLDING,GHS,10002523.65,CP-GOG,SEC-BOND,GL-1200,2027-10-03,0.2365,10002523.65,true
2024-10-03,SEC-BOND-07,SECURITY_HOLDING,GHS,9431563.94,CP-GOG,SEC-BOND,GL-1200,2026-10-03,0.2365,9431563.94,true
2024-10-03,SEC-BOND-08,SECURITY_HOLDING,GHS,9476003.63,CP-GOG,SEC-BOND,GL-1200,2029-10-02,0.2365,9476003.63,true
2024-10-03,SEC-BOND-09,SECURITY_HOLDING,GHS,9530321.95,CP-GOG,SEC-BOND,GL-1200,2027-10-03,0.2365,9530321.95,true
2024-10-04,SEC-TBILL-00,SECURITY_HOLDING,GHS,6121843.00,CP-GOG,SEC-TBILL,GL-1200,2025-04-04,0.2694,6121843.00,true
2024-10-04,SEC-TBILL-01,SECURITY_HOLDING,GHS,9985240.19,CP-GOG,SEC-TBILL,GL-1200,2025-04-04,0.2694,9985240.19,true
2024-10-04,SEC-TBILL-02,SECURITY_HOLDING,GHS,5936266.53,CP-GOG,SEC-TBILL,GL-1200,2025-04-04,0.2694,5936266.53,true
2024-10-04,SEC-TBILL-03,SECURITY_HOLDING,GHS,5407729.54,CP-GOG,SEC-TBILL,GL-1200,2025-04-04,0.2694,5407729.54,true
2024-10-04,SEC-TBILL-04,SECURITY_HOLDING,GHS,11583582.19,CP-GOG,SEC-TBILL,GL-1200,2025-04-04,0.2694,11583582.19,true
2024-10-04,SEC-TBILL-05,SECURITY_HOLDING,GHS,7499641.08,CP-GOG,SEC-TBILL,GL-1200,2025-10-03,0.2694,7499641.08,true
2024-10-04,SEC-BOND-06,SECURITY_HOLDING,GHS,11396106.49,CP-GOG,SEC-BOND,GL-1200,2029-10-03,0.2694,11396106.49,true
2024-10-04,SEC-BOND-07,SECURITY_HOLDING,GHS,6843940.61,CP-GOG,SEC-BOND,GL-1200,2026-10-04,0.2694,6843940.61,true
2024-10-04,SEC-BOND-08,SECURITY_HOLDING,GHS,6897480.08,CP-GOG,SEC-BOND,GL-1200,2029-10-03,0.2694,6897480.08,true
2024-10-04,SEC-BOND-09,SECURITY_HOLDING,GHS,10827213.53,CP-GOG,SEC-BOND,GL-1200,2027-10-04,0.2694,10827213.53,true
2024-10-07,SEC-TBILL-00,SECURITY_HOLDING,GHS,9454794.13,CP-GOG,SEC-TBILL,GL-1200,2025-01-06,0.2444,9454794.13,true
2024-10-07,SEC-TBILL-01,SECURITY_HOLDING,GHS,9454049.86,CP-GOG,SEC-TBILL,GL-1200,2025-01-06,0.2444,9454049.86,true
2024-10-07,SEC-TBILL-02,SECURITY_HOLDING,GHS,6230326.23,CP-GOG,SEC-TBILL,GL-1200,2025-01-06,0.2444,6230326.23,true
2024-10-07,SEC-TBILL-03,SECURITY_HOLDING,GHS,8861180.85,CP-GOG,SEC-TBILL,GL-1200,2025-04-07,0.2444,8861180.85,true
2024-10-07,SEC-TBILL-04,SECURITY_HOLDING,GHS,7854502.78,CP-GOG,SEC-TBILL,GL-1200,2025-01-06,0.2444,7854502.78,true
2024-10-07,SEC-TBILL-05,SECURITY_HOLDING,GHS,4459689.72,CP-GOG,SEC-TBILL,GL-1200,2025-01-06,0.2444,4459689.72,true
2024-10-07,SEC-BOND-06,SECURITY_HOLDING,GHS,4486433.70,CP-GOG,SEC-BOND,GL-1200,2029-10-06,0.2444,4486433.70,true
2024-10-07,SEC-BOND-07,SECURITY_HOLDING,GHS,10055044.32,CP-GOG,SEC-BOND,GL-1200,2026-10-07,0.2444,10055044.32,true
2024-10-07,SEC-BOND-08,SECURITY_HOLDING,GHS,10099549.48,CP-GOG,SEC-BOND,GL-1200,2027-10-07,0.2444,10099549.48,true
2024-10-07,SEC-BOND-09,SECURITY_HOLDING,GHS,10153947.83,CP-GOG,SEC-BOND,GL-1200,2026-10-07,0.2444,10153947.83,true
2024-10-08,SEC-TBILL-00,SECURITY_HOLDING,GHS,5883484.46,CP-GOG,SEC-TBILL,GL-1200,2025-04-08,0.2773,5883484.46,true
2024-10-08,SEC-TBILL-01,SECURITY_HOLDING,GHS,9199264.95,CP-GOG,SEC-TBILL,GL-1200,2025-10-07,0.2773,9199264.95,true
2024-10-08,SEC-TBILL-02,SECURITY_HOLDING,GHS,5724212.50,CP-GOG,SEC-TBILL,GL-1200,2025-10-07,0.2773,5724212.50,true
2024-10-08,SEC-TBILL-03,SECURITY_HOLDING,GHS,5270592.92,CP-GOG,SEC-TBILL,GL-1200,2025-01-07,0.2773,5270592.92,true
2024-10-08,SEC-TBILL-04,SECURITY_HOLDING,GHS,7547770.77,CP-GOG,SEC-TBILL,GL-1200,2025-04-08,0.2773,7547770.77,true
2024-10-08,SEC-TBILL-05,SECURITY_HOLDING,GHS,10382535.67,CP-GOG,SEC-TBILL,GL-1200,2025-04-08,0.2773,10382535.67,true
2024-10-08,SEC-BOND-06,SECURITY_HOLDING,GHS,10410148.20,CP-GOG,SEC-BOND,GL-1200,2027-10-08,0.2773,10410148.20,true
2024-10-08,SEC-BOND-07,SECURITY_HOLDING,GHS,9819777.38,CP-GOG,SEC-BOND,GL-1200,2029-10-07,0.2773,9819777.38,true
2024-10-08,SEC-BOND-08,SECURITY_HOLDING,GHS,6549178.97,CP-GOG,SEC-BOND,GL-1200,2029-10-07,0.2773,6549178.97,true
2024-10-08,SEC-BOND-09,SECURITY_HOLDING,GHS,9921892.90,CP-GOG,SEC-BOND,GL-1200,2026-10-08,0.2773,9921892.90,true
2024-10-09,SEC-TBILL-00,SECURITY_HOLDING,GHS,7143799.19,CP-GOG,SEC-TBILL,GL-1200,2025-10-08,0.2702,7143799.19,true
2024-10-09,SEC-TBILL-01,SECURITY_HOLDING,GHS,7142767.64,CP-GOG,SEC-TBILL,GL-1200,2025-04-09,0.2702,7142767.64,true
2024-10-09,SEC-TBILL-02,SECURITY_HOLDING,GHS,6929992.77,CP-GOG,SEC-TBILL,GL-1200,2025-04-09,0.2702,6929992.77,true
2024-10-09,SEC-TBILL-03,SECURITY_HOLDING,GHS,6321054.59,CP-GOG,SEC-TBILL,GL-1200,2025-01-08,0.2702,6321054.59,true
2024-10-09,SEC-TBILL-04,SECURITY_HOLDING,GHS,13436379.71,CP-GOG,SEC-TBILL,GL-1200,2025-10-08,0.2702,13436379.71,true
2024-10-09,SEC-TBILL-05,SECURITY_HOLDING,GHS,8731188.31,CP-GOG,SEC-TBILL,GL-1200,2025-10-08,0.2702,8731188.31,true
2024-10-09,SEC-BOND-06,SECURITY_HOLDING,GHS,8768255.31,CP-GOG,SEC-BOND,GL-1200,2026-10-09,0.2702,8768255.31,true
2024-10-09,SEC-BOND-07,SECURITY_HOLDING,GHS,7975742.50,CP-GOG,SEC-BOND,GL-1200,2029-10-08,0.2702,7975742.50,true
2024-10-09,SEC-BOND-08,SECURITY_HOLDING,GHS,8037426.40,CP-GOG,SEC-BOND,GL-1200,2027-10-09,0.2702,8037426.40,true
2024-10-09,SEC-BOND-09,SECURITY_HOLDING,GHS,8112822.20,CP-GOG,SEC-BOND,GL-1200,2027-10-09,0.2702,8112822.20,true
2024-10-10,SEC-TBILL-00,SECURITY_HOLDING,GHS,9379240.68,CP-GOG,SEC-TBILL,GL-1200,2025-10-09,0.2213,9379240.68,true
2024-10-10,SEC-TBILL-01,SECURITY_HOLDING,GHS,5735042.94,CP-GOG,SEC-TBILL,GL-1200,2025-04-10,0.2213,5735042.94,true
2024-10-10,SEC-TBILL-02,SECURITY_HOLDING,GHS,9187306.37,CP-GOG,SEC-TBILL,GL-1200,2025-10-09,0.2213,9187306.37,true
2024-10-10,SEC-TBILL-03,SECURITY_HOLDING,GHS,12460639.03,CP-GOG,SEC-TBILL,GL-1200,2025-10-09,0.2213,12460639.03,true
2024-10-10,SEC-TBILL-04,SECURITY_HOLDING,GHS,7564849.53,CP-GOG,SEC-TBILL,GL-1200,2025-01-09,0.2213,7564849.53,true
2024-10-10,SEC-TBILL-05,SECURITY_HOLDING,GHS,7160970.27,CP-GOG,SEC-TBILL,GL-1200,2025-10-09,0.2213,7160970.27,true
2024-10-10,SEC-BOND-06,SECURITY_HOLDING,GHS,7194245.37,CP-GOG,SEC-BOND,GL-1200,2026-10-10,0.2213,7194245.37,true
2024-10-10,SEC-BOND-07,SECURITY_HOLDING,GHS,10302782.84,CP-GOG,SEC-BOND,GL-1200,2027-10-10,0.2213,10302782.84,true
2024-10-10,SEC-BOND-08,SECURITY_HOLDING,GHS,6538179.29,CP-GOG,SEC-BOND,GL-1200,2026-10-10,0.2213,6538179.29,true
2024-10-10,SEC-BOND-09,SECURITY_HOLDING,GHS,6605862.20,CP-GOG,SEC-BOND,GL-1200,2026-10-10,0.2213,6605862.20,true
2024-10-11,SEC-TBILL-00,SECURITY_HOLDING,GHS,11385183.08,CP-GOG,SEC-TBILL,GL-1200,2025-01-10,0.2142,11385183.08,true
2024-10-11,SEC-TBILL-01,SECURITY_HOLDING,GHS,8071875.91,CP-GOG,SEC-TBILL,GL-1200,2025-10-10,0.2142,8071875.91,true
2024-10-11,SEC-TBILL-02,SECURITY_HOLDING,GHS,7737550.23,CP-GOG,SEC-TBILL,GL-1200,2025-01-10,0.2142,7737550.23,true
2024-10-11,SEC-TBILL-03,SECURITY_HOLDING,GHS,10713666.61,CP-GOG,SEC-TBILL,GL-1200,2025-10-10,0.2142,10713666.61,true
2024-10-11,SEC-TBILL-04,SECURITY_HOLDING,GHS,9574876.55,CP-GOG,SEC-TBILL,GL-1200,2025-10-10,0.2142,9574876.55,true
2024-10-11,SEC-TBILL-05,SECURITY_HOLDING,GHS,5734543.20,CP-GOG,SEC-TBILL,GL-1200,2025-04-11,0.2142,5734543.20,true
2024-10-11,SEC-BOND-06,SECURITY_HOLDING,GHS,9398583.80,CP-GOG,SEC-BOND,GL-1200,2029-10-10,0.2142,9398583.80,true
2024-10-11,SEC-BOND-07,SECURITY_HOLDING,GHS,5117955.37,CP-GOG,SEC-BOND,GL-1200,2027-10-11,0.2142,5117955.37,true
2024-10-11,SEC-BOND-08,SECURITY_HOLDING,GHS,5168301.20,CP-GOG,SEC-BOND,GL-1200,2027-10-11,0.2142,5168301.20,true
2024-10-11,SEC-BOND-09,SECURITY_HOLDING,GHS,8863625.40,CP-GOG,SEC-BOND,GL-1200,2029-10-10,0.2142,8863625.40,true
2024-10-14,SEC-TBILL-00,SECURITY_HOLDING,GHS,7169770.86,CP-GOG,SEC-TBILL,GL-1200,2025-04-14,0.2711,7169770.86,true
2024-10-14,SEC-TBILL-01,SECURITY_HOLDING,GHS,7168748.54,CP-GOG,SEC-TBILL,GL-1200,2025-04-14,0.2711,7168748.54,true
2024-10-14,SEC-TBILL-02,SECURITY_HOLDING,GHS,6957877.40,CP-GOG,SEC-TBILL,GL-1200,2025-10-13,0.2711,6957877.40,true
2024-10-14,SEC-TBILL-03,SECURITY_HOLDING,GHS,10571602.42,CP-GOG,SEC-TBILL,GL-1200,2025-10-13,0.2711,10571602.42,true
2024-10-14,SEC-TBILL-04,SECURITY_HOLDING,GHS,9188835.89,CP-GOG,SEC-TBILL,GL-1200,2025-04-14,0.2711,9188835.89,true
2024-10-14,SEC-TBILL-05,SECURITY_HOLDING,GHS,8742957.40,CP-GOG,SEC-TBILL,GL-1200,2025-10-13,0.2711,8742957.40,true
2024-10-14,SEC-BOND-06,SECURITY_HOLDING,GHS,8779692.76,CP-GOG,SEC-BOND,GL-1200,2029-10-13,0.2711,8779692.76,true
2024-10-14,SEC-BOND-07,SECURITY_HOLDING,GHS,7994270.67,CP-GOG,SEC-BOND,GL-1200,2027-10-14,0.2711,7994270.67,true
2024-10-14,SEC-BOND-08,SECURITY_HOLDING,GHS,8055402.68,CP-GOG,SEC-BOND,GL-1200,2026-10-14,0.2711,8055402.68,true
2024-10-14,SEC-BOND-09,SECURITY_HOLDING,GHS,8130123.90,CP-GOG,SEC-BOND,GL-1200,2027-10-14,0.2711,8130123.90,true
2024-10-15,SEC-TBILL-00,SECURITY_HOLDING,GHS,5139282.95,CP-GOG,SEC-TBILL,GL-1200,2025-01-14,0.2222,5139282.95,true
2024-10-15,SEC-TBILL-01,SECURITY_HOLDING,GHS,8779856.06,CP-GOG,SEC-TBILL,GL-1200,2025-10-14,0.2222,8779856.06,true
2024-10-15,SEC-TBILL-02,SECURITY_HOLDING,GHS,8444828.38,CP-GOG,SEC-TBILL,GL-1200,2025-04-15,0.2222,8444828.38,true
2024-10-15,SEC-TBILL-03,SECURITY_HOLDING,GHS,11427193.79,CP-GOG,SEC-TBILL,GL-1200,2025-01-14,0.2222,11427193.79,true
2024-10-15,SEC-TBILL-04,SECURITY_HOLDING,GHS,6966592.09,CP-GOG,SEC-TBILL,GL-1200,2025-04-15,0.2222,6966592.09,true
2024-10-15,SEC-TBILL-05,SECURITY_HOLDING,GHS,10079032.40,CP-GOG,SEC-TBILL,GL-1200,2025-04-15,0.2222,10079032.40,true
2024-10-15,SEC-BOND-06,SECURITY_HOLDING,GHS,10109349.67,CP-GOG,SEC-BOND,GL-1200,2029-10-14,0.2222,10109349.67,true
2024-10-15,SEC-BOND-07,SECURITY_HOLDING,GHS,9461149.91,CP-GOG,SEC-BOND,GL-1200,2027-10-15,0.2222,9461149.91,true
2024-10-15,SEC-BOND-08,SECURITY_HOLDING,GHS,5870184.63,CP-GOG,SEC-BOND,GL-1200,2027-10-15,0.2222,5870184.63,true
2024-10-15,SEC-BOND-09,SECURITY_HOLDING,GHS,6092849.35,CP-GOG,SEC-BOND,GL-1200,2027-10-15,0.2222,6092849.35,true
2024-10-16,SEC-TBILL-00,SECURITY_HOLDING,GHS,11436485.09,CP-GOG,SEC-TBILL,GL-1200,2025-04-16,0.2551,11436485.09,true
2024-10-16,SEC-TBILL-01,SECURITY_HOLDING,GHS,11435644.81,CP-GOG,SEC-TBILL,GL-1200,2025-04-16,0.2551,11435644.81,true
2024-10-16,SEC-TBILL-02,SECURITY_HOLDING,GHS,11262324.37,CP-GOG,SEC-TBILL,GL-1200,2025-10-15,0.2551,11262324.37,true
2024-10-16,SEC-TBILL-03,SECURITY_HOLDING,GHS,10766300.39,CP-GOG,SEC-TBILL,GL-1200,2025-01-15,0.2551,10766300.39,true
2024-10-16,SEC-TBILL-04,SECURITY_HOLDING,GHS,9629768.81,CP-GOG,SEC-TBILL,GL-1200,2025-04-16,0.2551,9629768.81,true
2024-10-16,SEC-TBILL-05,SECURITY_HOLDING,GHS,5797051.71,CP-GOG,SEC-TBILL,GL-1200,2025-04-16,0.2551,5797051.71,true
2024-10-16,SEC-BOND-06,SECURITY_HOLDING,GHS,5827245.46,CP-GOG,SEC-BOND,GL-1200,2029-10-15,0.2551,5827245.46,true
2024-10-16,SEC-BOND-07,SECURITY_HOLDING,GHS,5181686.72,CP-GOG,SEC-BOND,GL-1200,2027-10-16,0.2551,5181686.72,true
2024-10-16,SEC-BOND-08,SECURITY_HOLDING,GHS,5231932.70,CP-GOG,SEC-BOND,GL-1200,2026-10-16,0.2551,5231932.70,true
2024-10-16,SEC-BOND-09,SECURITY_HOLDING,GHS,5293348.01,CP-GOG,SEC-BOND,GL-1200,2026-10-16,0.2551,5293348.01,true
2024-10-17,SEC-TBILL-00,SECURITY_HOLDING,GHS,6820861.05,CP-GOG,SEC-TBILL,GL-1200,2025-10-16,0.2061,6820861.05,true
2024-10-17,SEC-TBILL-01,SECURITY_HOLDING,GHS,10257790.59,CP-GOG,SEC-TBILL,GL-1200,2025-04-17,0.2061,10257790.59,true
2024-10-17,SEC-TBILL-02,SECURITY_HOLDING,GHS,10093495.81,CP-GOG,SEC-TBILL,GL-1200,2025-10-16,0.2061,10093495.81,true
2024-10-17,SEC-TBILL-03,SECURITY_HOLDING,GHS,9623302.27,CP-GOG,SEC-TBILL,GL-1200,2025-04-17,0.2061,9623302.27,true
2024-10-17,SEC-TBILL-04,SECURITY_HOLDING,GHS,8545955.58,CP-GOG,SEC-TBILL,GL-1200,2025-10-16,0.2061,8545955.58,true
2024-10-17,SEC-TBILL-05,SECURITY_HOLDING,GHS,4912827.24,CP-GOG,SEC-TBILL,GL-1200,2025-01-16,0.2061,4912827.24,true
2024-10-17,SEC-BOND-06,SECURITY_HOLDING,GHS,4941448.65,CP-GOG,SEC-BOND,GL-1200,2029-10-16,0.2061,4941448.65,true
2024-10-17,SEC-BOND-07,SECURITY_HOLDING,GHS,10900974.75,CP-GOG,SEC-BOND,GL-1200,2026-10-17,0.2061,10900974.75,true
2024-10-17,SEC-BOND-08,SECURITY_HOLDING,GHS,10948604.17,CP-GOG,SEC-BOND,GL-1200,2027-10-17,0.2061,10948604.17,true
2024-10-17,SEC-BOND-09,SECURITY_HOLDING,GHS,4435353.91,CP-GOG,SEC-BOND,GL-1200,2027-10-17,0.2061,4435353.91,true
2024-10-18,SEC-TBILL-00,SECURITY_HOLDING,GHS,5966296.26,CP-GOG,SEC-TBILL,GL-1200,2025-04-18,0.2790,5966296.26,true
2024-10-18,SEC-TBILL-01,SECURITY_HOLDING,GHS,9253253.13,CP-GOG,SEC-TBILL,GL-1200,2025-01-17,0.2790,9253253.13,true
2024-10-18,SEC-TBILL-02,SECURITY_HOLDING,GHS,5808408.83,CP-GOG,SEC-TBILL,GL-1200,2025-10-17,0.2790,5808408.83,true
2024-10-18,SEC-TBILL-03,SECURITY_HOLDING,GHS,8501091.05,CP-GOG,SEC-TBILL,GL-1200,2025-10-17,0.2790,8501091.05,true
2024-10-18,SEC-TBILL-04,SECURITY_HOLDING,GHS,7470755.08,CP-GOG,SEC-TBILL,GL-1200,2025-04-18,0.2790,7470755.08,true
2024-10-18,SEC-TBILL-05,SECURITY_HOLDING,GHS,7138519.21,CP-GOG,SEC-TBILL,GL-1200,2025-04-18,0.2790,7138519.21,true
2024-10-18,SEC-BOND-06,SECURITY_HOLDING,GHS,10453610.34,CP-GOG,SEC-BOND,GL-1200,2026-10-18,0.2790,10453610.34,true
2024-10-18,SEC-BOND-07,SECURITY_HOLDING,GHS,9868371.53,CP-GOG,SEC-BOND,GL-1200,2029-10-17,0.2790,9868371.53,true
2024-10-18,SEC-BOND-08,SECURITY_HOLDING,GHS,6626203.98,CP-GOG,SEC-BOND,GL-1200,2029-10-17,0.2790,6626203.98,true
2024-10-18,SEC-BOND-09,SECURITY_HOLDING,GHS,9969599.37,CP-GOG,SEC-BOND,GL-1200,2026-10-18,0.2790,9969599.37,true
2024-10-21,SEC-TBILL-00,SECURITY_HOLDING,GHS,11439274.05,CP-GOG,SEC-TBILL,GL-1200,2025-10-20,0.2559,11439274.05,true
2024-10-21,SEC-TBILL-01,SECURITY_HOLDING,GHS,11438438.97,CP-GOG,SEC-TBILL,GL-1200,2025-04-21,0.2559,11438438.97,true
2024-10-21,SEC-TBILL-02,SECURITY_HOLDING,GHS,11266189.02,CP-GOG,SEC-TBILL,GL-1200,2025-04-21,0.2559,11266189.02,true
2024-10-21,SEC-TBILL-03,SECURITY_HOLDING,GHS,10773228.67,CP-GOG,SEC-TBILL,GL-1200,2025-01-20,0.2559,10773228.67,true
2024-10-21,SEC-TBILL-04,SECURITY_HOLDING,GHS,9643716.75,CP-GOG,SEC-TBILL,GL-1200,2025-04-21,0.2559,9643716.75,true
2024-10-21,SEC-TBILL-05,SECURITY_HOLDING,GHS,5834671.99,CP-GOG,SEC-TBILL,GL-1200,2025-10-20,0.2559,5834671.99,true
2024-10-21,SEC-BOND-06,SECURITY_HOLDING,GHS,5864679.24,CP-GOG,SEC-BOND,GL-1200,2027-10-21,0.2559,5864679.24,true
2024-10-21,SEC-BOND-07,SECURITY_HOLDING,GHS,5223107.73,CP-GOG,SEC-BOND,GL-1200,2026-10-21,0.2559,5223107.73,true
2024-10-21,SEC-BOND-08,SECURITY_HOLDING,GHS,5273043.37,CP-GOG,SEC-BOND,GL-1200,2027-10-21,0.2559,5273043.37,true
2024-10-21,SEC-BOND-09,SECURITY_HOLDING,GHS,5334079.35,CP-GOG,SEC-BOND,GL-1200,2026-10-21,0.2559,5334079.35,true
2024-10-22,SEC-TBILL-00,SECURITY_HOLDING,GHS,8598342.35,CP-GOG,SEC-TBILL,GL-1200,2025-04-22,0.2070,8598342.35,true
2024-10-22,SEC-TBILL-01,SECURITY_HOLDING,GHS,12886884.90,CP-GOG,SEC-TBILL,GL-1200,2025-10-21,0.2070,12886884.90,true
2024-10-22,SEC-TBILL-02,SECURITY_HOLDING,GHS,8392344.22,CP-GOG,SEC-TBILL,GL-1200,2025-10-21,0.2070,8392344.22,true
2024-10-22,SEC-TBILL-03,SECURITY_HOLDING,GHS,11905527.60,CP-GOG,SEC-TBILL,GL-1200,2025-04-22,0.2070,11905527.60,true
2024-10-22,SEC-TBILL-04,SECURITY_HOLDING,GHS,10750886.13,CP-GOG,SEC-TBILL,GL-1200,2025-10-21,0.2070,10750886.13,true
2024-10-22,SEC-TBILL-05,SECURITY_HOLDING,GHS,6217530.03,CP-GOG,SEC-TBILL,GL-1200,2025-04-22,0.2070,6217530.03,true
2024-10-22,SEC-BOND-06,SECURITY_HOLDING,GHS,6253243.34,CP-GOG,SEC-BOND,GL-1200,2026-10-22,0.2070,6253243.34,true
2024-10-22,SEC-BOND-07,SECURITY_HOLDING,GHS,5489673.38,CP-GOG,SEC-BOND,GL-1200,2027-10-22,0.2070,5489673.38,true
2024-10-22,SEC-BOND-08,SECURITY_HOLDING,GHS,5549104.57,CP-GOG,SEC-BOND,GL-1200,2029-10-21,0.2070,5549104.57,true
2024-10-22,SEC-BOND-09,SECURITY_HOLDING,GHS,5621746.89,CP-GOG,SEC-BOND,GL-1200,2029-10-21,0.2070,5621746.89,true
2024-10-23,SEC-TBILL-00,SECURITY_HOLDING,GHS,6218270.69,CP-GOG,SEC-TBILL,GL-1200,2025-01-22,0.2799,6218270.69,true
2024-10-23,SEC-TBILL-01,SECURITY_HOLDING,GHS,9456197.26,CP-GOG,SEC-TBILL,GL-1200,2025-04-23,0.2799,9456197.26,true
2024-10-23,SEC-TBILL-02,SECURITY_HOLDING,GHS,6055542.01,CP-GOG,SEC-TBILL,GL-1200,2025-10-22,0.2799,6055542.01,true
2024-10-23,SEC-TBILL-03,SECURITY_HOLDING,GHS,8830789.08,CP-GOG,SEC-TBILL,GL-1200,2025-01-22,0.2799,8830789.08,true
2024-10-23,SEC-TBILL-04,SECURITY_HOLDING,GHS,7768860.25,CP-GOG,SEC-TBILL,GL-1200,2025-01-22,0.2799,7768860.25,true
2024-10-23,SEC-TBILL-05,SECURITY_HOLDING,GHS,10665148.82,CP-GOG,SEC-TBILL,GL-1200,2025-04-23,0.2799,10665148.82,true
2024-10-23,SEC-BOND-06,SECURITY_HOLDING,GHS,7454648.95,CP-GOG,SEC-BOND,GL-1200,2026-10-23,0.2799,7454648.95,true
2024-10-23,SEC-BOND-07,SECURITY_HOLDING,GHS,10090176.83,CP-GOG,SEC-BOND,GL-1200,2026-10-23,0.2799,10090176.83,true
2024-10-23,SEC-BOND-08,SECURITY_HOLDING,GHS,10137124.63,CP-GOG,SEC-BOND,GL-1200,2027-10-23,0.2799,10137124.63,true
2024-10-23,SEC-BOND-09,SECURITY_HOLDING,GHS,6955796.91,CP-GOG,SEC-BOND,GL-1200,2029-10-22,0.2799,6955796.91,true
2024-10-24,SEC-TBILL-00,SECURITY_HOLDING,GHS,5385371.76,CP-GOG,SEC-TBILL,GL-1200,2025-01-23,0.2710,5385371.76,true
2024-10-24,SEC-TBILL-01,SECURITY_HOLDING,GHS,8705863.95,CP-GOG,SEC-TBILL,GL-1200,2025-04-24,0.2710,8705863.95,true
2024-10-24,SEC-TBILL-02,SECURITY_HOLDING,GHS,8547135.20,CP-GOG,SEC-TBILL,GL-1200,2025-04-24,0.2710,8547135.20,true
2024-10-24,SEC-TBILL-03,SECURITY_HOLDING,GHS,8092871.03,CP-GOG,SEC-TBILL,GL-1200,2025-04-24,0.2710,8092871.03,true
2024-10-24,SEC-TBILL-04,SECURITY_HOLDING,GHS,7052023.01,CP-GOG,SEC-TBILL,GL-1200,2025-10-23,0.2710,7052023.01,true
2024-10-24,SEC-TBILL-05,SECURITY_HOLDING,GHS,9890816.09,CP-GOG,SEC-TBILL,GL-1200,2025-01-23,0.2710,9890816.09,true
2024-10-24,SEC-BOND-06,SECURITY_HOLDING,GHS,9918467.85,CP-GOG,SEC-BOND,GL-1200,2027-10-24,0.2710,9918467.85,true
2024-10-24,SEC-BOND-07,SECURITY_HOLDING,GHS,9327258.13,CP-GOG,SEC-BOND,GL-1200,2026-10-24,0.2710,9327258.13,true
2024-10-24,SEC-BOND-08,SECURITY_HOLDING,GHS,9373273.94,CP-GOG,SEC-BOND,GL-1200,2029-10-23,0.2710,9373273.94,true
2024-10-24,SEC-BOND-09,SECURITY_HOLDING,GHS,9429518.75,CP-GOG,SEC-BOND,GL-1200,2026-10-24,0.2710,9429518.75,true
2024-10-25,SEC-TBILL-00,SECURITY_HOLDING,GHS,5616910.86,CP-GOG,SEC-TBILL,GL-1200,2025-10-24,0.2639,5616910.86,true
2024-10-25,SEC-TBILL-01,SECURITY_HOLDING,GHS,9484181.47,CP-GOG,SEC-TBILL,GL-1200,2025-10-24,0.2639,9484181.47,true
2024-10-25,SEC-TBILL-02,SECURITY_HOLDING,GHS,5431148.33,CP-GOG,SEC-TBILL,GL-1200,2025-10-24,0.2639,5431148.33,true
2024-10-25,SEC-TBILL-03,SECURITY_HOLDING,GHS,12296368.22,CP-GOG,SEC-TBILL,GL-1200,2025-01-24,0.2639,12296368.22,true
2024-10-25,SEC-TBILL-04,SECURITY_HOLDING,GHS,7558006.04,CP-GOG,SEC-TBILL,GL-1200,2025-04-25,0.2639,7558006.04,true
2024-10-25,SEC-TBILL-05,SECURITY_HOLDING,GHS,6996090.31,CP-GOG,SEC-TBILL,GL-1200,2025-10-24,0.2639,6996090.31,true
2024-10-25,SEC-BOND-06,SECURITY_HOLDING,GHS,10896462.29,CP-GOG,SEC-BOND,GL-1200,2026-10-25,0.2639,10896462.29,true
2024-10-25,SEC-BOND-07,SECURITY_HOLDING,GHS,10207899.31,CP-GOG,SEC-BOND,GL-1200,2027-10-25,0.2639,10207899.31,true
2024-10-25,SEC-BOND-08,SECURITY_HOLDING,GHS,6393325.59,CP-GOG,SEC-BOND,GL-1200,2029-10-24,0.2639,6393325.59,true
2024-10-25,SEC-BOND-09,SECURITY_HOLDING,GHS,10326998.97,CP-GOG,SEC-BOND,GL-1200,2029-10-24,0.2639,10326998.97,true
2024-10-28,SEC-TBILL-00,SECURITY_HOLDING,GHS,7959227.67,CP-GOG,SEC-TBILL,GL-1200,2025-01-27,0.2007,7959227.67,true
2024-10-28,SEC-TBILL-01,SECURITY_HOLDING,GHS,7958571.68,CP-GOG,SEC-TBILL,GL-1200,2025-10-27,0.2007,7958571.68,true
2024-10-28,SEC-TBILL-02,SECURITY_HOLDING,GHS,7823263.70,CP-GOG,SEC-TBILL,GL-1200,2025-04-28,0.2007,7823263.70,true
2024-10-28,SEC-TBILL-03,SECURITY_HOLDING,GHS,7436027.21,CP-GOG,SEC-TBILL,GL-1200,2025-01-27,0.2007,7436027.21,true
2024-10-28,SEC-TBILL-04,SECURITY_HOLDING,GHS,6548758.60,CP-GOG,SEC-TBILL,GL-1200,2025-10-27,0.2007,6548758.60,true
2024-10-28,SEC-TBILL-05,SECURITY_HOLDING,GHS,8968681.53,CP-GOG,SEC-TBILL,GL-1200,2025-04-28,0.2007,8968681.53,true
2024-10-28,SEC-BOND-06,SECURITY_HOLDING,GHS,8992253.22,CP-GOG,SEC-BOND,GL-1200,2027-10-28,0.2007,8992253.22,true
2024-10-28,SEC-BOND-07,SECURITY_HOLDING,GHS,8488277.78,CP-GOG,SEC-BOND,GL-1200,2029-10-27,0.2007,8488277.78,true
2024-10-28,SEC-BOND-08,SECURITY_HOLDING,GHS,8527503.86,CP-GOG,SEC-BOND,GL-1200,2027-10-28,0.2007,8527503.86,true
2024-10-28,SEC-BOND-09,SECURITY_HOLDING,GHS,8575449.62,CP-GOG,SEC-BOND,GL-1200,2026-10-28,0.2007,8575449.62,true
2024-10-29,SEC-TBILL-00,SECURITY_HOLDING,GHS,5528549.85,CP-GOG,SEC-TBILL,GL-1200,2025-04-29,0.2718,5528549.85,true
2024-10-29,SEC-TBILL-01,SECURITY_HOLDING,GHS,8895026.08,CP-GOG,SEC-TBILL,GL-1200,2025-01-28,0.2718,8895026.08,true
2024-10-29,SEC-TBILL-02,SECURITY_HOLDING,GHS,5366842.74,CP-GOG,SEC-TBILL,GL-1200,2025-01-28,0.2718,5366842.74,true
2024-10-29,SEC-TBILL-03,SECURITY_HOLDING,GHS,4906287.66,CP-GOG,SEC-TBILL,GL-1200,2025-10-28,0.2718,4906287.66,true
2024-10-29,SEC-TBILL-04,SECURITY_HOLDING,GHS,7218281.82,CP-GOG,SEC-TBILL,GL-1200,2025-04-29,0.2718,7218281.82,true
2024-10-29,SEC-TBILL-05,SECURITY_HOLDING,GHS,10096388.11,CP-GOG,SEC-TBILL,GL-1200,2025-04-29,0.2718,10096388.11,true
2024-10-29,SEC-BOND-06,SECURITY_HOLDING,GHS,10124422.81,CP-GOG,SEC-BOND,GL-1200,2027-10-29,0.2718,10124422.81,true
2024-10-29,SEC-BOND-07,SECURITY_HOLDING,GHS,9525025.67,CP-GOG,SEC-BOND,GL-1200,2027-10-29,0.2718,9525025.67,true
2024-10-29,SEC-BOND-08,SECURITY_HOLDING,GHS,9571678.74,CP-GOG,SEC-BOND,GL-1200,2026-10-29,0.2718,9571678.74,true
2024-10-29,SEC-BOND-09,SECURITY_HOLDING,GHS,9628702.46,CP-GOG,SEC-BOND,GL-1200,2029-10-28,0.2718,9628702.46,true
2024-10-30,SEC-TBILL-00,SECURITY_HOLDING,GHS,6023451.75,CP-GOG,SEC-TBILL,GL-1200,2025-01-29,0.2647,6023451.75,true
2024-10-30,SEC-TBILL-01,SECURITY_HOLDING,GHS,10113249.49,CP-GOG,SEC-TBILL,GL-1200,2025-01-29,0.2647,10113249.49,true
2024-10-30,SEC-TBILL-02,SECURITY_HOLDING,GHS,5827000.24,CP-GOG,SEC-TBILL,GL-1200,2025-04-30,0.2647,5827000.24,true
2024-10-30,SEC-TBILL-03,SECURITY_HOLDING,GHS,5267490.24,CP-GOG,SEC-TBILL,GL-1200,2025-01-29,0.2647,5267490.24,true
2024-10-30,SEC-TBILL-04,SECURITY_HOLDING,GHS,11805256.60,CP-GOG,SEC-TBILL,GL-1200,2025-04-30,0.2647,11805256.60,true
2024-10-30,SEC-TBILL-05,SECURITY_HOLDING,GHS,7481990.75,CP-GOG,SEC-TBILL,GL-1200,2025-01-29,0.2647,7481990.75,true
2024-10-30,SEC-BOND-06,SECURITY_HOLDING,GHS,11606794.55,CP-GOG,SEC-BOND,GL-1200,2027-10-30,0.2647,11606794.55,true
2024-10-30,SEC-BOND-07,SECURITY_HOLDING,GHS,6787865.31,CP-GOG,SEC-BOND,GL-1200,2027-10-30,0.2647,6787865.31,true
2024-10-30,SEC-BOND-08,SECURITY_HOLDING,GHS,6844542.26,CP-GOG,SEC-BOND,GL-1200,2026-10-30,0.2647,6844542.26,true
2024-10-30,SEC-BOND-09,SECURITY_HOLDING,GHS,11004563.66,CP-GOG,SEC-BOND,GL-1200,2029-10-29,0.2647,11004563.66,true
2024-10-31,SEC-TBILL-00,SECURITY_HOLDING,GHS,8995657.74,CP-GOG,SEC-TBILL,GL-1200,2025-10-30,0.2158,8995657.74,true
2024-10-31,SEC-TBILL-01,SECURITY_HOLDING,GHS,5291980.41,CP-GOG,SEC-TBILL,GL-1200,2025-10-30,0.2158,5291980.41,true
2024-10-31,SEC-TBILL-02,SECURITY_HOLDING,GHS,12862506.33,CP-GOG,SEC-TBILL,GL-1200,2025-01-30,0.2158,12862506.33,true
2024-10-31,SEC-TBILL-03,SECURITY_HOLDING,GHS,8424613.64,CP-GOG,SEC-TBILL,GL-1200,2025-01-30,0.2158,8424613.64,true
2024-10-31,SEC-TBILL-04,SECURITY_HOLDING,GHS,7151652.61,CP-GOG,SEC-TBILL,GL-1200,2025-01-30,0.2158,7151652.61,true
2024-10-31,SEC-TBILL-05,SECURITY_HOLDING,GHS,10623507.22,CP-GOG,SEC-TBILL,GL-1200,2025-10-30,0.2158,10623507.22,true
2024-10-31,SEC-BOND-06,SECURITY_HOLDING,GHS,6774999.54,CP-GOG,SEC-BOND,GL-1200,2027-10-31,0.2158,6774999.54,true
2024-10-31,SEC-BOND-07,SECURITY_HOLDING,GHS,9934273.71,CP-GOG,SEC-BOND,GL-1200,2026-10-31,0.2158,9934273.71,true
2024-10-31,SEC-BOND-08,SECURITY_HOLDING,GHS,6108225.34,CP-GOG,SEC-BOND,GL-1200,2027-10-31,0.2158,6108225.34,true
2024-10-31,SEC-BOND-09,SECURITY_HOLDING,GHS,6177012.95,CP-GOG,SEC-BOND,GL-1200,2027-10-31,0.2158,6177012.95,true
2024-11-01,SEC-TBILL-00,SECURITY_HOLDING,GHS,11915931.40,CP-GOG,SEC-TBILL,GL-1200,2025-01-31,0.2087,11915931.40,true
2024-11-01,SEC-TBILL-01,SECURITY_HOLDING,GHS,8295495.69,CP-GOG,SEC-TBILL,GL-1200,2025-01-31,0.2087,8295495.69,true
2024-11-01,SEC-TBILL-02,SECURITY_HOLDING,GHS,7930179.54,CP-GOG,SEC-TBILL,GL-1200,2025-01-31,0.2087,7930179.54,true
2024-11-01,SEC-TBILL-03,SECURITY_HOLDING,GHS,11182168.40,CP-GOG,SEC-TBILL,GL-1200,2025-10-31,0.2087,11182168.40,true
2024-11-01,SEC-TBILL-04,SECURITY_HOLDING,GHS,6318301.95,CP-GOG,SEC-TBILL,GL-1200,2025-01-31,0.2087,6318301.95,true
2024-11-01,SEC-TBILL-05,SECURITY_HOLDING,GHS,5741502.84,CP-GOG,SEC-TBILL,GL-1200,2025-10-31,0.2087,5741502.84,true
2024-11-01,SEC-BOND-06,SECURITY_HOLDING,GHS,9745183.38,CP-GOG,SEC-BOND,GL-1200,2026-11-01,0.2087,9745183.38,true
2024-11-01,SEC-BOND-07,SECURITY_HOLDING,GHS,9038382.53,CP-GOG,SEC-BOND,GL-1200,2029-10-31,0.2087,9038382.53,true
2024-11-01,SEC-BOND-08,SECURITY_HOLDING,GHS,5122772.78,CP-GOG,SEC-BOND,GL-1200,2026-11-01,0.2087,5122772.78,true
2024-11-01,SEC-BOND-09,SECURITY_HOLDING,GHS,9160636.77,CP-GOG,SEC-BOND,GL-1200,2026-11-01,0.2087,9160636.77,true
2024-11-04,SEC-TBILL-00,SECURITY_HOLDING,GHS,7098018.84,CP-GOG,SEC-TBILL,GL-1200,2025-11-03,0.2656,7098018.84,true
2024-11-04,SEC-TBILL-01,SECURITY_HOLDING,GHS,7096917.18,CP-GOG,SEC-TBILL,GL-1200,2025-11-03,0.2656,7096917.18,true
2024-11-04,SEC-TBILL-02,SECURITY_HOLDING,GHS,6869680.10,CP-GOG,SEC-TBILL,GL-1200,2025-02-03,0.2656,6869680.10,true
2024-11-04,SEC-TBILL-03,SECURITY_HOLDING,GHS,10763870.16,CP-GOG,SEC-TBILL,GL-1200,2025-05-05,0.2656,10763870.16,true
2024-11-04,SEC-TBILL-04,SECURITY_HOLDING,GHS,9273785.64,CP-GOG,SEC-TBILL,GL-1200,2025-02-03,0.2656,9273785.64,true
2024-11-04,SEC-TBILL-05,SECURITY_HOLDING,GHS,8793302.05,CP-GOG,SEC-TBILL,GL-1200,2025-05-05,0.2656,8793302.05,true
2024-11-04,SEC-BOND-06,SECURITY_HOLDING,GHS,8832888.49,CP-GOG,SEC-BOND,GL-1200,2026-11-04,0.2656,8832888.49,true
2024-11-04,SEC-BOND-07,SECURITY_HOLDING,GHS,7986508.95,CP-GOG,SEC-BOND,GL-1200,2029-11-03,0.2656,7986508.95,true
2024-11-04,SEC-BOND-08,SECURITY_HOLDING,GHS,8052385.48,CP-GOG,SEC-BOND,GL-1200,2026-11-04,0.2656,8052385.48,true
2024-11-04,SEC-BOND-09,SECURITY_HOLDING,GHS,8132905.90,CP-GOG,SEC-BOND,GL-1200,2026-11-04,0.2656,8132905.90,true
2024-11-05,SEC-TBILL-00,SECURITY_HOLDING,GHS,4929663.87,CP-GOG,SEC-TBILL,GL-1200,2025-11-04,0.2166,4929663.87,true
2024-11-05,SEC-TBILL-01,SECURITY_HOLDING,GHS,8782420.41,CP-GOG,SEC-TBILL,GL-1200,2025-11-04,0.2166,8782420.41,true
2024-11-05,SEC-TBILL-02,SECURITY_HOLDING,GHS,8427866.33,CP-GOG,SEC-TBILL,GL-1200,2025-02-04,0.2166,8427866.33,true
2024-11-05,SEC-TBILL-03,SECURITY_HOLDING,GHS,8071166.66,CP-GOG,SEC-TBILL,GL-1200,2025-05-06,0.2166,8071166.66,true
2024-11-05,SEC-TBILL-04,SECURITY_HOLDING,GHS,6863474.02,CP-GOG,SEC-TBILL,GL-1200,2025-11-04,0.2166,6863474.02,true
2024-11-05,SEC-TBILL-05,SECURITY_HOLDING,GHS,10157316.61,CP-GOG,SEC-TBILL,GL-1200,2025-11-04,0.2166,10157316.61,true
2024-11-05,SEC-BOND-06,SECURITY_HOLDING,GHS,10189400.86,CP-GOG,SEC-BOND,GL-1200,2026-11-05,0.2166,10189400.86,true
2024-11-05,SEC-BOND-07,SECURITY_HOLDING,GHS,9503422.09,CP-GOG,SEC-BOND,GL-1200,2029-11-04,0.2166,9503422.09,true
2024-11-05,SEC-BOND-08,SECURITY_HOLDING,GHS,9556814.10,CP-GOG,SEC-BOND,GL-1200,2026-11-05,0.2166,9556814.10,true
2024-11-05,SEC-BOND-09,SECURITY_HOLDING,GHS,5938806.95,CP-GOG,SEC-BOND,GL-1200,2027-11-05,0.2166,5938806.95,true
2024-11-06,SEC-TBILL-00,SECURITY_HOLDING,GHS,10936789.56,CP-GOG,SEC-TBILL,GL-1200,2025-02-05,0.2495,10936789.56,true
2024-11-06,SEC-TBILL-01,SECURITY_HOLDING,GHS,7636253.43,CP-GOG,SEC-TBILL,GL-1200,2025-11-05,0.2495,7636253.43,true
2024-11-06,SEC-TBILL-02,SECURITY_HOLDING,GHS,10762955.38,CP-GOG,SEC-TBILL,GL-1200,2025-05-07,0.2495,10762955.38,true
2024-11-06,SEC-TBILL-03,SECURITY_HOLDING,GHS,10267861.43,CP-GOG,SEC-TBILL,GL-1200,2025-11-05,0.2495,10267861.43,true
2024-11-06,SEC-TBILL-04,SECURITY_HOLDING,GHS,9133460.80,CP-GOG,SEC-TBILL,GL-1200,2025-05-07,0.2495,9133460.80,true
2024-11-06,SEC-TBILL-05,SECURITY_HOLDING,GHS,5307929.90,CP-GOG,SEC-TBILL,GL-1200,2025-02-05,0.2495,5307929.90,true
2024-11-06,SEC-BOND-06,SECURITY_HOLDING,GHS,8957847.56,CP-GOG,SEC-BOND,GL-1200,2029-11-05,0.2495,8957847.56,true
2024-11-06,SEC-BOND-07,SECURITY_HOLDING,GHS,8313499.23,CP-GOG,SEC-BOND,GL-1200,2026-11-06,0.2495,8313499.23,true
2024-11-06,SEC-BOND-08,SECURITY_HOLDING,GHS,4743870.46,CP-GOG,SEC-BOND,GL-1200,2027-11-06,0.2495,4743870.46,true
2024-11-06,SEC-BOND-09,SECURITY_HOLDING,GHS,8424951.15,CP-GOG,SEC-BOND,GL-1200,2029-11-05,0.2495,8424951.15,true
2024-11-07,SEC-TBILL-00,SECURITY_HOLDING,GHS,6207106.34,CP-GOG,SEC-TBILL,GL-1200,2025-02-06,0.2006,6207106.34,true
2024-11-07,SEC-TBILL-01,SECURITY_HOLDING,GHS,9557902.64,CP-GOG,SEC-TBILL,GL-1200,2025-02-06,0.2006,9557902.64,true
2024-11-07,SEC-TBILL-02,SECURITY_HOLDING,GHS,9397725.26,CP-GOG,SEC-TBILL,GL-1200,2025-02-06,0.2006,9397725.26,true
2024-11-07,SEC-TBILL-03,SECURITY_HOLDING,GHS,8939315.30,CP-GOG,SEC-TBILL,GL-1200,2025-02-06,0.2006,8939315.30,true
2024-11-07,SEC-TBILL-04,SECURITY_HOLDING,GHS,7888968.10,CP-GOG,SEC-TBILL,GL-1200,2025-11-06,0.2006,7888968.10,true
2024-11-07,SEC-TBILL-05,SECURITY_HOLDING,GHS,4346889.95,CP-GOG,SEC-TBILL,GL-1200,2025-11-06,0.2006,4346889.95,true
2024-11-07,SEC-BOND-06,SECURITY_HOLDING,GHS,4374794.07,CP-GOG,SEC-BOND,GL-1200,2027-11-07,0.2006,4374794.07,true
2024-11-07,SEC-BOND-07,SECURITY_HOLDING,GHS,10184967.90,CP-GOG,SEC-BOND,GL-1200,2026-11-07,0.2006,10184967.90,true
2024-11-07,SEC-BOND-08,SECURITY_HOLDING,GHS,10231403.67,CP-GOG,SEC-BOND,GL-1200,2027-11-07,0.2006,10231403.67,true
2024-11-07,SEC-BOND-09,SECURITY_HOLDING,GHS,10288161.79,CP-GOG,SEC-BOND,GL-1200,2029-11-06,0.2006,10288161.79,true
2024-11-08,SEC-TBILL-00,SECURITY_HOLDING,GHS,5599717.77,CP-GOG,SEC-TBILL,GL-1200,2025-02-07,0.2735,5599717.77,true
2024-11-08,SEC-TBILL-01,SECURITY_HOLDING,GHS,8926960.90,CP-GOG,SEC-TBILL,GL-1200,2025-02-07,0.2735,8926960.90,true
2024-11-08,SEC-TBILL-02,SECURITY_HOLDING,GHS,5439895.20,CP-GOG,SEC-TBILL,GL-1200,2025-11-07,0.2735,5439895.20,true
2024-11-08,SEC-TBILL-03,SECURITY_HOLDING,GHS,8165580.02,CP-GOG,SEC-TBILL,GL-1200,2025-05-09,0.2735,8165580.02,true
2024-11-08,SEC-TBILL-04,SECURITY_HOLDING,GHS,10450630.07,CP-GOG,SEC-TBILL,GL-1200,2025-02-07,0.2735,10450630.07,true
2024-11-08,SEC-TBILL-05,SECURITY_HOLDING,GHS,6786307.95,CP-GOG,SEC-TBILL,GL-1200,2025-05-09,0.2735,6786307.95,true
2024-11-08,SEC-BOND-06,SECURITY_HOLDING,GHS,10142030.17,CP-GOG,SEC-BOND,GL-1200,2026-11-08,0.2735,10142030.17,true
2024-11-08,SEC-BOND-07,SECURITY_HOLDING,GHS,9549618.44,CP-GOG,SEC-BOND,GL-1200,2026-11-08,0.2735,9549618.44,true
2024-11-08,SEC-BOND-08,SECURITY_HOLDING,GHS,6267713.58,CP-GOG,SEC-BOND,GL-1200,2027-11-08,0.2735,6267713.58,true
2024-11-08,SEC-BOND-09,SECURITY_HOLDING,GHS,9652086.97,CP-GOG,SEC-BOND,GL-1200,2029-11-07,0.2735,9652086.97,true
2024-11-11,SEC-TBILL-00,SECURITY_HOLDING,GHS,11608137.95,CP-GOG,SEC-TBILL,GL-1200,2025-02-10,0.2504,11608137.95,true
2024-11-11,SEC-TBILL-01,SECURITY_HOLDING,GHS,11607253.73,CP-GOG,SEC-TBILL,GL-1200,2025-05-12,0.2504,11607253.73,true
2024-11-11,SEC-TBILL-02,SECURITY_HOLDING,GHS,11424868.79,CP-GOG,SEC-TBILL,GL-1200,2025-02-10,0.2504,11424868.79,true
2024-11-11,SEC-TBILL-03,SECURITY_HOLDING,GHS,10902903.21,CP-GOG,SEC-TBILL,GL-1200,2025-05-12,0.2504,10902903.21,true
2024-11-11,SEC-TBILL-04,SECURITY_HOLDING,GHS,9706932.07,CP-GOG,SEC-TBILL,GL-1200,2025-02-10,0.2504,9706932.07,true
2024-11-11,SEC-TBILL-05,SECURITY_HOLDING,GHS,5673767.41,CP-GOG,SEC-TBILL,GL-1200,2025-05-12,0.2504,5673767.41,true
2024-11-11,SEC-BOND-06,SECURITY_HOLDING,GHS,5705540.26,CP-GOG,SEC-BOND,GL-1200,2027-11-11,0.2504,5705540.26,true
2024-11-11,SEC-BOND-07,SECURITY_HOLDING,GHS,5026219.40,CP-GOG,SEC-BOND,GL-1200,2026-11-11,0.2504,5026219.40,true
2024-11-11,SEC-BOND-08,SECURITY_HOLDING,GHS,5079093.19,CP-GOG,SEC-BOND,GL-1200,2029-11-10,0.2504,5079093.19,true
2024-11-11,SEC-BOND-09,SECURITY_HOLDING,GHS,5143720.46,CP-GOG,SEC-BOND,GL-1200,2029-11-10,0.2504,5143720.46,true
2024-11-12,SEC-TBILL-00,SECURITY_HOLDING,GHS,6747017.32,CP-GOG,SEC-TBILL,GL-1200,2025-02-11,0.2015,6747017.32,true
2024-11-12,SEC-TBILL-01,SECURITY_HOLDING,GHS,10349645.65,CP-GOG,SEC-TBILL,GL-1200,2025-05-13,0.2015,10349645.65,true
2024-11-12,SEC-TBILL-02,SECURITY_HOLDING,GHS,10177430.01,CP-GOG,SEC-TBILL,GL-1200,2025-02-11,0.2015,10177430.01,true
2024-11-12,SEC-TBILL-03,SECURITY_HOLDING,GHS,6240424.71,CP-GOG,SEC-TBILL,GL-1200,2025-02-11,0.2015,6240424.71,true
2024-11-12,SEC-TBILL-04,SECURITY_HOLDING,GHS,5111137.75,CP-GOG,SEC-TBILL,GL-1200,2025-05-13,0.2015,5111137.75,true
2024-11-12,SEC-TBILL-05,SECURITY_HOLDING,GHS,4746994.74,CP-GOG,SEC-TBILL,GL-1200,2025-02-11,0.2015,4746994.74,true
2024-11-12,SEC-BOND-06,SECURITY_HOLDING,GHS,4776996.02,CP-GOG,SEC-BOND,GL-1200,2026-11-12,0.2015,4776996.02,true
2024-11-12,SEC-BOND-07,SECURITY_HOLDING,GHS,11023838.55,CP-GOG,SEC-BOND,GL-1200,2027-11-12,0.2015,11023838.55,true
2024-11-12,SEC-BOND-08,SECURITY_HOLDING,GHS,11073764.24,CP-GOG,SEC-BOND,GL-1200,2026-11-12,0.2015,11073764.24,true
2024-11-12,SEC-BOND-09,SECURITY_HOLDING,GHS,11134788.07,CP-GOG,SEC-BOND,GL-1200,2027-11-12,0.2015,11134788.07,true
2024-11-13,SEC-TBILL-00,SECURITY_HOLDING,GHS,8787662.09,CP-GOG,SEC-TBILL,GL-1200,2025-11-12,0.2744,8787662.09,true
2024-11-13,SEC-TBILL-01,SECURITY_HOLDING,GHS,5773986.14,CP-GOG,SEC-TBILL,GL-1200,2025-05-14,0.2744,5773986.14,true
2024-11-13,SEC-TBILL-02,SECURITY_HOLDING,GHS,5469894.43,CP-GOG,SEC-TBILL,GL-1200,2025-11-12,0.2744,5469894.43,true
2024-11-13,SEC-TBILL-03,SECURITY_HOLDING,GHS,8176872.65,CP-GOG,SEC-TBILL,GL-1200,2025-05-14,0.2744,8176872.65,true
2024-11-13,SEC-TBILL-04,SECURITY_HOLDING,GHS,7141066.42,CP-GOG,SEC-TBILL,GL-1200,2025-05-14,0.2744,7141066.42,true
2024-11-13,SEC-TBILL-05,SECURITY_HOLDING,GHS,9966108.62,CP-GOG,SEC-TBILL,GL-1200,2025-11-12,0.2744,9966108.62,true
2024-11-13,SEC-BOND-06,SECURITY_HOLDING,GHS,10139758.27,CP-GOG,SEC-BOND,GL-1200,2026-11-13,0.2744,10139758.27,true
2024-11-13,SEC-BOND-07,SECURITY_HOLDING,GHS,6392370.33,CP-GOG,SEC-BOND,GL-1200,2026-11-13,0.2744,6392370.33,true
2024-11-13,SEC-BOND-08,SECURITY_HOLDING,GHS,9451073.40,CP-GOG,SEC-BOND,GL-1200,2029-11-12,0.2744,9451073.40,true
2024-11-13,SEC-BOND-09,SECURITY_HOLDING,GHS,9653177.59,CP-GOG,SEC-BOND,GL-1200,2026-11-13,0.2744,9653177.59,true
2024-11-14,SEC-TBILL-00,SECURITY_HOLDING,GHS,8346253.40,CP-GOG,SEC-TBILL,GL-1200,2025-11-13,0.2654,8346253.40,true
2024-11-14,SEC-TBILL-01,SECURITY_HOLDING,GHS,8345476.57,CP-GOG,SEC-TBILL,GL-1200,2025-11-13,0.2654,8345476.57,true
2024-11-14,SEC-TBILL-02,SECURITY_HOLDING,GHS,8185242.06,CP-GOG,SEC-TBILL,GL-1200,2025-02-13,0.2654,8185242.06,true
2024-11-14,SEC-TBILL-03,SECURITY_HOLDING,GHS,7726668.57,CP-GOG,SEC-TBILL,GL-1200,2025-05-15,0.2654,7726668.57,true
2024-11-14,SEC-TBILL-04,SECURITY_HOLDING,GHS,6675946.69,CP-GOG,SEC-TBILL,GL-1200,2025-11-13,0.2654,6675946.69,true
2024-11-14,SEC-TBILL-05,SECURITY_HOLDING,GHS,9541669.60,CP-GOG,SEC-TBILL,GL-1200,2025-05-15,0.2654,9541669.60,true
2024-11-14,SEC-BOND-06,SECURITY_HOLDING,GHS,9569583.68,CP-GOG,SEC-BOND,GL-1200,2029-11-13,0.2654,9569583.68,true
2024-11-14,SEC-BOND-07,SECURITY_HOLDING,GHS,8972765.52,CP-GOG,SEC-BOND,GL-1200,2026-11-14,0.2654,8972765.52,true
2024-11-14,SEC-BOND-08,SECURITY_HOLDING,GHS,9019217.86,CP-GOG,SEC-BOND,GL-1200,2029-11-13,0.2654,9019217.86,true
2024-11-14,SEC-BOND-09,SECURITY_HOLDING,GHS,9075996.22,CP-GOG,SEC-BOND,GL-1200,2029-11-13,0.2654,9075996.22,true
2024-11-15,SEC-TBILL-00,SECURITY_HOLDING,GHS,4743023.35,CP-GOG,SEC-TBILL,GL-1200,2025-05-16,0.2583,4743023.35,true
2024-11-15,SEC-TBILL-01,SECURITY_HOLDING,GHS,8335488.30,CP-GOG,SEC-TBILL,GL-1200,2025-11-14,0.2583,8335488.30,true
2024-11-15,SEC-TBILL-02,SECURITY_HOLDING,GHS,11439314.68,CP-GOG,SEC-TBILL,GL-1200,2025-05-16,0.2583,11439314.68,true
2024-11-15,SEC-TBILL-03,SECURITY_HOLDING,GHS,10947842.93,CP-GOG,SEC-TBILL,GL-1200,2025-11-14,0.2583,10947842.93,true
2024-11-15,SEC-TBILL-04,SECURITY_HOLDING,GHS,6546185.60,CP-GOG,SEC-TBILL,GL-1200,2025-11-14,0.2583,6546185.60,true
2024-11-15,SEC-TBILL-05,SECURITY_HOLDING,GHS,9617496.74,CP-GOG,SEC-TBILL,GL-1200,2025-11-14,0.2583,9617496.74,true
2024-11-15,SEC-BOND-06,SECURITY_HOLDING,GHS,9647413.38,CP-GOG,SEC-BOND,GL-1200,2027-11-15,0.2583,9647413.38,true
2024-11-15,SEC-BOND-07,SECURITY_HOLDING,GHS,9007779.22,CP-GOG,SEC-BOND,GL-1200,2029-11-14,0.2583,9007779.22,true
2024-11-15,SEC-BOND-08,SECURITY_HOLDING,GHS,5464266.56,CP-GOG,SEC-BOND,GL-1200,2026-11-15,0.2583,5464266.56,true
2024-11-15,SEC-BOND-09,SECURITY_HOLDING,GHS,9118415.75,CP-GOG,SEC-BOND,GL-1200,2026-11-15,0.2583,9118415.75,true
2024-11-18,SEC-TBILL-00,SECURITY_HOLDING,GHS,8788765.72,CP-GOG,SEC-TBILL,GL-1200,2025-05-19,0.2352,8788765.72,true
2024-11-18,SEC-TBILL-01,SECURITY_HOLDING,GHS,5797630.25,CP-GOG,SEC-TBILL,GL-1200,2025-05-19,0.2352,5797630.25,true
2024-11-18,SEC-TBILL-02,SECURITY_HOLDING,GHS,8631227.20,CP-GOG,SEC-TBILL,GL-1200,2025-11-17,0.2352,8631227.20,true
2024-11-18,SEC-TBILL-03,SECURITY_HOLDING,GHS,8182544.61,CP-GOG,SEC-TBILL,GL-1200,2025-02-17,0.2352,8182544.61,true
2024-11-18,SEC-TBILL-04,SECURITY_HOLDING,GHS,7154485.59,CP-GOG,SEC-TBILL,GL-1200,2025-05-19,0.2352,7154485.59,true
2024-11-18,SEC-TBILL-05,SECURITY_HOLDING,GHS,9958398.18,CP-GOG,SEC-TBILL,GL-1200,2025-02-17,0.2352,9958398.18,true
2024-11-18,SEC-BOND-06,SECURITY_HOLDING,GHS,6995334.78,CP-GOG,SEC-BOND,GL-1200,2026-11-18,0.2352,6995334.78,true
2024-11-18,SEC-BOND-07,SECURITY_HOLDING,GHS,9401764.69,CP-GOG,SEC-BOND,GL-1200,2027-11-18,0.2352,9401764.69,true
2024-11-18,SEC-BOND-08,SECURITY_HOLDING,GHS,9447215.11,CP-GOG,SEC-BOND,GL-1200,2029-11-17,0.2352,9447215.11,true
2024-11-18,SEC-BOND-09,SECURITY_HOLDING,GHS,6512393.44,CP-GOG,SEC-BOND,GL-1200,2029-11-17,0.2352,6512393.44,true
2024-11-19,SEC-TBILL-00,SECURITY_HOLDING,GHS,5223887.18,CP-GOG,SEC-TBILL,GL-1200,2025-11-18,0.2663,5223887.18,true
2024-11-19,SEC-TBILL-01,SECURITY_HOLDING,GHS,8683223.12,CP-GOG,SEC-TBILL,GL-1200,2025-05-20,0.2663,8683223.12,true
2024-11-19,SEC-TBILL-02,SECURITY_HOLDING,GHS,8517857.24,CP-GOG,SEC-TBILL,GL-1200,2025-05-20,0.2663,8517857.24,true
2024-11-19,SEC-TBILL-03,SECURITY_HOLDING,GHS,8044598.38,CP-GOG,SEC-TBILL,GL-1200,2025-11-18,0.2663,8044598.38,true
2024-11-19,SEC-TBILL-04,SECURITY_HOLDING,GHS,6960228.13,CP-GOG,SEC-TBILL,GL-1200,2025-05-20,0.2663,6960228.13,true
2024-11-19,SEC-TBILL-05,SECURITY_HOLDING,GHS,9917723.09,CP-GOG,SEC-TBILL,GL-1200,2025-05-20,0.2663,9917723.09,true
2024-11-19,SEC-BOND-06,SECURITY_HOLDING,GHS,9946531.08,CP-GOG,SEC-BOND,GL-1200,2027-11-19,0.2663,9946531.08,true
2024-11-19,SEC-BOND-07,SECURITY_HOLDING,GHS,9330600.39,CP-GOG,SEC-BOND,GL-1200,2026-11-19,0.2663,9330600.39,true
2024-11-19,SEC-BOND-08,SECURITY_HOLDING,GHS,9378540.32,CP-GOG,SEC-BOND,GL-1200,2029-11-18,0.2663,9378540.32,true
2024-11-19,SEC-BOND-09,SECURITY_HOLDING,GHS,9437136.96,CP-GOG,SEC-BOND,GL-1200,2029-11-18,0.2663,9437136.96,true
2024-11-20,SEC-TBILL-00,SECURITY_HOLDING,GHS,5706150.63,CP-GOG,SEC-TBILL,GL-1200,2025-05-21,0.2592,5706150.63,true
2024-11-20,SEC-TBILL-01,SECURITY_HOLDING,GHS,9962417.47,CP-GOG,SEC-TBILL,GL-1200,2025-11-19,0.2592,9962417.47,true
2024-11-20,SEC-TBILL-02,SECURITY_HOLDING,GHS,5501702.84,CP-GOG,SEC-TBILL,GL-1200,2025-02-19,0.2592,5501702.84,true
2024-11-20,SEC-TBILL-03,SECURITY_HOLDING,GHS,8988445.90,CP-GOG,SEC-TBILL,GL-1200,2025-05-21,0.2592,8988445.90,true
2024-11-20,SEC-TBILL-04,SECURITY_HOLDING,GHS,7842494.29,CP-GOG,SEC-TBILL,GL-1200,2025-11-19,0.2592,7842494.29,true
2024-11-20,SEC-TBILL-05,SECURITY_HOLDING,GHS,7224057.27,CP-GOG,SEC-TBILL,GL-1200,2025-02-19,0.2592,7224057.27,true
2024-11-20,SEC-BOND-06,SECURITY_HOLDING,GHS,11516755.05,CP-GOG,SEC-BOND,GL-1200,2029-11-19,0.2592,11516755.05,true
2024-11-20,SEC-BOND-07,SECURITY_HOLDING,GHS,10758931.74,CP-GOG,SEC-BOND,GL-1200,2026-11-20,0.2592,10758931.74,true
2024-11-20,SEC-BOND-08,SECURITY_HOLDING,GHS,6560662.40,CP-GOG,SEC-BOND,GL-1200,2027-11-20,0.2592,6560662.40,true
2024-11-20,SEC-BOND-09,SECURITY_HOLDING,GHS,10890011.25,CP-GOG,SEC-BOND,GL-1200,2027-11-20,0.2592,10890011.25,true
2024-11-21,SEC-TBILL-00,SECURITY_HOLDING,GHS,12084111.13,CP-GOG,SEC-TBILL,GL-1200,2025-02-20,0.2103,12084111.13,true
2024-11-21,SEC-TBILL-01,SECURITY_HOLDING,GHS,8336312.52,CP-GOG,SEC-TBILL,GL-1200,2025-02-20,0.2103,8336312.52,true
2024-11-21,SEC-TBILL-02,SECURITY_HOLDING,GHS,11895849.07,CP-GOG,SEC-TBILL,GL-1200,2025-02-20,0.2103,11895849.07,true
2024-11-21,SEC-TBILL-03,SECURITY_HOLDING,GHS,7612773.02,CP-GOG,SEC-TBILL,GL-1200,2025-11-20,0.2103,7612773.02,true
2024-11-21,SEC-TBILL-04,SECURITY_HOLDING,GHS,6384219.44,CP-GOG,SEC-TBILL,GL-1200,2025-05-22,0.2103,6384219.44,true
2024-11-21,SEC-TBILL-05,SECURITY_HOLDING,GHS,9734957.83,CP-GOG,SEC-TBILL,GL-1200,2025-02-20,0.2103,9734957.83,true
2024-11-21,SEC-BOND-06,SECURITY_HOLDING,GHS,6020705.98,CP-GOG,SEC-BOND,GL-1200,2026-11-21,0.2103,6020705.98,true
2024-11-21,SEC-BOND-07,SECURITY_HOLDING,GHS,9069768.34,CP-GOG,SEC-BOND,GL-1200,2029-11-20,0.2103,9069768.34,true
2024-11-21,SEC-BOND-08,SECURITY_HOLDING,GHS,5377192.31,CP-GOG,SEC-BOND,GL-1200,2027-11-21,0.2103,5377192.31,true
2024-11-21,SEC-BOND-09,SECURITY_HOLDING,GHS,5443580.25,CP-GOG,SEC-BOND,GL-1200,2027-11-21,0.2103,5443580.25,true
2024-11-22,SEC-TBILL-00,SECURITY_HOLDING,GHS,10118026.33,CP-GOG,SEC-TBILL,GL-1200,2025-05-23,0.2032,10118026.33,true
2024-11-22,SEC-TBILL-01,SECURITY_HOLDING,GHS,6902275.39,CP-GOG,SEC-TBILL,GL-1200,2025-11-21,0.2032,6902275.39,true
2024-11-22,SEC-TBILL-02,SECURITY_HOLDING,GHS,9948657.66,CP-GOG,SEC-TBILL,GL-1200,2025-11-21,0.2032,9948657.66,true
2024-11-22,SEC-TBILL-03,SECURITY_HOLDING,GHS,9466281.83,CP-GOG,SEC-TBILL,GL-1200,2025-11-21,0.2032,9466281.83,true
2024-11-22,SEC-TBILL-04,SECURITY_HOLDING,GHS,5146088.24,CP-GOG,SEC-TBILL,GL-1200,2025-05-23,0.2032,5146088.24,true
2024-11-22,SEC-TBILL-05,SECURITY_HOLDING,GHS,8160557.04,CP-GOG,SEC-TBILL,GL-1200,2025-05-23,0.2032,8160557.04,true
2024-11-22,SEC-BOND-06,SECURITY_HOLDING,GHS,8189920.00,CP-GOG,SEC-BOND,GL-1200,2026-11-22,0.2032,8189920.00,true
2024-11-22,SEC-BOND-07,SECURITY_HOLDING,GHS,7562123.88,CP-GOG,SEC-BOND,GL-1200,2026-11-22,0.2032,7562123.88,true
2024-11-22,SEC-BOND-08,SECURITY_HOLDING,GHS,10825921.13,CP-GOG,SEC-BOND,GL-1200,2027-11-22,0.2032,10825921.13,true
2024-11-22,SEC-BOND-09,SECURITY_HOLDING,GHS,7670712.79,CP-GOG,SEC-BOND,GL-1200,2027-11-22,0.2032,7670712.79,true
2024-11-25,SEC-TBILL-00,SECURITY_HOLDING,GHS,5509185.95,CP-GOG,SEC-TBILL,GL-1200,2025-11-24,0.2600,5509185.95,true
2024-11-25,SEC-TBILL-01,SECURITY_HOLDING,GHS,9557010.96,CP-GOG,SEC-TBILL,GL-1200,2025-11-24,0.2600,9557010.96,true
2024-11-25,SEC-TBILL-02,SECURITY_HOLDING,GHS,5314750.57,CP-GOG,SEC-TBILL,GL-1200,2025-02-24,0.2600,5314750.57,true
2024-11-25,SEC-TBILL-03,SECURITY_HOLDING,GHS,8630737.62,CP-GOG,SEC-TBILL,GL-1200,2025-05-26,0.2600,8630737.62,true
2024-11-25,SEC-TBILL-04,SECURITY_HOLDING,GHS,7361898.43,CP-GOG,SEC-TBILL,GL-1200,2025-05-26,0.2600,7361898.43,true
2024-11-25,SEC-TBILL-05,SECURITY_HOLDING,GHS,10822511.18,CP-GOG,SEC-TBILL,GL-1200,2025-02-24,0.2600,10822511.18,true
2024-11-25,SEC-BOND-06,SECURITY_HOLDING,GHS,11035228.07,CP-GOG,SEC-BOND,GL-1200,2029-11-24,0.2600,11035228.07,true
2024-11-25,SEC-BOND-07,SECURITY_HOLDING,GHS,10135509.41,CP-GOG,SEC-BOND,GL-1200,2026-11-25,0.2600,10135509.41,true
2024-11-25,SEC-BOND-08,SECURITY_HOLDING,GHS,6321849.78,CP-GOG,SEC-BOND,GL-1200,2026-11-25,0.2600,6321849.78,true
2024-11-25,SEC-BOND-09,SECURITY_HOLDING,GHS,10439177.76,CP-GOG,SEC-BOND,GL-1200,2027-11-25,0.2600,10439177.76,true
2024-11-26,SEC-TBILL-00,SECURITY_HOLDING,GHS,10824441.61,CP-GOG,SEC-TBILL,GL-1200,2025-11-25,0.2111,10824441.61,true
2024-11-26,SEC-TBILL-01,SECURITY_HOLDING,GHS,7597620.31,CP-GOG,SEC-TBILL,GL-1200,2025-11-25,0.2111,7597620.31,true
2024-11-26,SEC-TBILL-02,SECURITY_HOLDING,GHS,10810957.04,CP-GOG,SEC-TBILL,GL-1200,2025-02-25,0.2111,10810957.04,true
2024-11-26,SEC-TBILL-03,SECURITY_HOLDING,GHS,6944452.12,CP-GOG,SEC-TBILL,GL-1200,2025-11-25,0.2111,6944452.12,true
2024-11-26,SEC-TBILL-04,SECURITY_HOLDING,GHS,5835387.42,CP-GOG,SEC-TBILL,GL-1200,2025-05-27,0.2111,5835387.42,true
2024-11-26,SEC-TBILL-05,SECURITY_HOLDING,GHS,8860233.65,CP-GOG,SEC-TBILL,GL-1200,2025-02-25,0.2111,8860233.65,true
2024-11-26,SEC-BOND-06,SECURITY_HOLDING,GHS,8889697.70,CP-GOG,SEC-BOND,GL-1200,2029-11-25,0.2111,8889697.70,true
2024-11-26,SEC-BOND-07,SECURITY_HOLDING,GHS,8259740.36,CP-GOG,SEC-BOND,GL-1200,2029-11-25,0.2111,8259740.36,true
2024-11-26,SEC-BOND-08,SECURITY_HOLDING,GHS,8308772.03,CP-GOG,SEC-BOND,GL-1200,2026-11-26,0.2111,8308772.03,true
2024-11-26,SEC-BOND-09,SECURITY_HOLDING,GHS,8368703.10,CP-GOG,SEC-BOND,GL-1200,2026-11-26,0.2111,8368703.10,true
2024-11-27,SEC-TBILL-00,SECURITY_HOLDING,GHS,10566544.42,CP-GOG,SEC-TBILL,GL-1200,2025-11-26,0.2440,10566544.42,true
2024-11-27,SEC-TBILL-01,SECURITY_HOLDING,GHS,7231922.99,CP-GOG,SEC-TBILL,GL-1200,2025-02-26,0.2440,7231922.99,true
2024-11-27,SEC-TBILL-02,SECURITY_HOLDING,GHS,10390915.03,CP-GOG,SEC-TBILL,GL-1200,2025-02-26,0.2440,10390915.03,true
2024-11-27,SEC-TBILL-03,SECURITY_HOLDING,GHS,9890708.13,CP-GOG,SEC-TBILL,GL-1200,2025-02-26,0.2440,9890708.13,true
2024-11-27,SEC-TBILL-04,SECURITY_HOLDING,GHS,5410818.25,CP-GOG,SEC-TBILL,GL-1200,2025-02-26,0.2440,5410818.25,true
2024-11-27,SEC-TBILL-05,SECURITY_HOLDING,GHS,4879554.38,CP-GOG,SEC-TBILL,GL-1200,2025-11-26,0.2440,4879554.38,true
2024-11-27,SEC-BOND-06,SECURITY_HOLDING,GHS,8567165.49,CP-GOG,SEC-BOND,GL-1200,2029-11-26,0.2440,8567165.49,true
2024-11-27,SEC-BOND-07,SECURITY_HOLDING,GHS,7916162.84,CP-GOG,SEC-BOND,GL-1200,2027-11-27,0.2440,7916162.84,true
2024-11-27,SEC-BOND-08,SECURITY_HOLDING,GHS,11300606.61,CP-GOG,SEC-BOND,GL-1200,2026-11-27,0.2440,11300606.61,true
2024-11-27,SEC-BOND-09,SECURITY_HOLDING,GHS,8028765.75,CP-GOG,SEC-BOND,GL-1200,2026-11-27,0.2440,8028765.75,true
2024-11-28,SEC-TBILL-00,SECURITY_HOLDING,GHS,7945594.18,CP-GOG,SEC-TBILL,GL-1200,2025-11-27,0.2369,7945594.18,true
2024-11-28,SEC-TBILL-01,SECURITY_HOLDING,GHS,7944917.32,CP-GOG,SEC-TBILL,GL-1200,2025-02-27,0.2369,7944917.32,true
2024-11-28,SEC-TBILL-02,SECURITY_HOLDING,GHS,7805303.06,CP-GOG,SEC-TBILL,GL-1200,2025-11-27,0.2369,7805303.06,true
2024-11-28,SEC-TBILL-03,SECURITY_HOLDING,GHS,7405742.47,CP-GOG,SEC-TBILL,GL-1200,2025-11-27,0.2369,7405742.47,true
2024-11-28,SEC-TBILL-04,SECURITY_HOLDING,GHS,6490235.86,CP-GOG,SEC-TBILL,GL-1200,2025-05-29,0.2369,6490235.86,true
2024-11-28,SEC-TBILL-05,SECURITY_HOLDING,GHS,8987174.69,CP-GOG,SEC-TBILL,GL-1200,2025-11-27,0.2369,8987174.69,true
2024-11-28,SEC-BOND-06,SECURITY_HOLDING,GHS,9011496.56,CP-GOG,SEC-BOND,GL-1200,2027-11-28,0.2369,9011496.56,true
2024-11-28,SEC-BOND-07,SECURITY_HOLDING,GHS,8491481.72,CP-GOG,SEC-BOND,GL-1200,2026-11-28,0.2369,8491481.72,true
2024-11-28,SEC-BOND-08,SECURITY_HOLDING,GHS,8531956.20,CP-GOG,SEC-BOND,GL-1200,2029-11-27,0.2369,8531956.20,true
2024-11-28,SEC-BOND-09,SECURITY_HOLDING,GHS,8581427.88,CP-GOG,SEC-BOND,GL-1200,2026-11-28,0.2369,8581427.88,true
2024-11-29,SEC-TBILL-00,SECURITY_HOLDING,GHS,5540289.18,CP-GOG,SEC-TBILL,GL-1200,2025-05-30,0.2680,5540289.18,true
2024-11-29,SEC-TBILL-01,SECURITY_HOLDING,GHS,9112738.68,CP-GOG,SEC-TBILL,GL-1200,2025-05-30,0.2680,9112738.68,true
2024-11-29,SEC-TBILL-02,SECURITY_HOLDING,GHS,5368688.25,CP-GOG,SEC-TBILL,GL-1200,2025-05-30,0.2680,5368688.25,true
2024-11-29,SEC-TBILL-03,SECURITY_HOLDING,GHS,8295246.64,CP-GOG,SEC-TBILL,GL-1200,2025-02-28,0.2680,8295246.64,true
2024-11-29,SEC-TBILL-04,SECURITY_HOLDING,GHS,10748697.01,CP-GOG,SEC-TBILL,GL-1200,2025-11-28,0.2680,10748697.01,true
2024-11-29,SEC-TBILL-05,SECURITY_HOLDING,GHS,10387604.40,CP-GOG,SEC-TBILL,GL-1200,2025-11-28,0.2680,10387604.40,true
2024-11-29,SEC-BOND-06,SECURITY_HOLDING,GHS,10417354.36,CP-GOG,SEC-BOND,GL-1200,2027-11-29,0.2680,10417354.36,true
2024-11-29,SEC-BOND-07,SECURITY_HOLDING,GHS,9781283.93,CP-GOG,SEC-BOND,GL-1200,2027-11-29,0.2680,9781283.93,true
2024-11-29,SEC-BOND-08,SECURITY_HOLDING,GHS,6257513.99,CP-GOG,SEC-BOND,GL-1200,2029-11-28,0.2680,6257513.99,true
2024-11-29,SEC-BOND-09,SECURITY_HOLDING,GHS,9891304.04,CP-GOG,SEC-BOND,GL-1200,2026-11-29,0.2680,9891304.04,true
2024-11-30,SEC-TBILL-00,SECURITY_HOLDING,GHS,8767160.70,CP-GOG,SEC-TBILL,GL-1200,2025-03-01,0.2609,8767160.70,true
2024-11-30,SEC-TBILL-01,SECURITY_HOLDING,GHS,8766291.44,CP-GOG,SEC-TBILL,GL-1200,2025-03-01,0.2609,8766291.44,true
2024-11-30,SEC-TBILL-02,SECURITY_HOLDING,GHS,5001193.45,CP-GOG,SEC-TBILL,GL-1200,2025-05-31,0.2609,5001193.45,true
2024-11-30,SEC-TBILL-03,SECURITY_HOLDING,GHS,8073859.28,CP-GOG,SEC-TBILL,GL-1200,2025-03-01,0.2609,8073859.28,true
2024-11-30,SEC-TBILL-04,SECURITY_HOLDING,GHS,6898125.25,CP-GOG,SEC-TBILL,GL-1200,2025-05-31,0.2609,6898125.25,true
2024-11-30,SEC-TBILL-05,SECURITY_HOLDING,GHS,10104804.39,CP-GOG,SEC-TBILL,GL-1200,2025-05-31,0.2609,10104804.39,true
2024-11-30,SEC-BOND-06,SECURITY_HOLDING,GHS,10136039.62,CP-GOG,SEC-BOND,GL-1200,2029-11-29,0.2609,10136039.62,true
2024-11-30,SEC-BOND-07,SECURITY_HOLDING,GHS,9468213.59,CP-GOG,SEC-BOND,GL-1200,2026-11-30,0.2609,9468213.59,true
2024-11-30,SEC-BOND-08,SECURITY_HOLDING,GHS,9520192.70,CP-GOG,SEC-BOND,GL-1200,2026-11-30,0.2609,9520192.70,true
2024-11-30,SEC-BOND-09,SECURITY_HOLDING,GHS,5997927.22,CP-GOG,SEC-BOND,GL-1200,2026-11-30,0.2609,5997927.22,true
2024-12-02,SEC-TBILL-00,SECURITY_HOLDING,GHS,10229003.16,CP-GOG,SEC-TBILL,GL-1200,2025-03-03,0.2449,10229003.16,true
2024-12-02,SEC-TBILL-01,SECURITY_HOLDING,GHS,7023505.89,CP-GOG,SEC-TBILL,GL-1200,2025-03-03,0.2449,7023505.89,true
2024-12-02,SEC-TBILL-02,SECURITY_HOLDING,GHS,10060174.54,CP-GOG,SEC-TBILL,GL-1200,2025-06-02,0.2449,10060174.54,true
2024-12-02,SEC-TBILL-03,SECURITY_HOLDING,GHS,9579336.80,CP-GOG,SEC-TBILL,GL-1200,2025-03-03,0.2449,9579336.80,true
2024-12-02,SEC-TBILL-04,SECURITY_HOLDING,GHS,8477601.21,CP-GOG,SEC-TBILL,GL-1200,2025-12-01,0.2449,8477601.21,true
2024-12-02,SEC-TBILL-05,SECURITY_HOLDING,GHS,4762226.36,CP-GOG,SEC-TBILL,GL-1200,2025-12-01,0.2449,4762226.36,true
2024-12-02,SEC-BOND-06,SECURITY_HOLDING,GHS,8307044.75,CP-GOG,SEC-BOND,GL-1200,2029-12-01,0.2449,8307044.75,true
2024-12-02,SEC-BOND-07,SECURITY_HOLDING,GHS,7681250.40,CP-GOG,SEC-BOND,GL-1200,2026-12-02,0.2449,7681250.40,true
2024-12-02,SEC-BOND-08,SECURITY_HOLDING,GHS,10934640.78,CP-GOG,SEC-BOND,GL-1200,2026-12-02,0.2449,10934640.78,true
2024-12-02,SEC-BOND-09,SECURITY_HOLDING,GHS,7789493.07,CP-GOG,SEC-BOND,GL-1200,2026-12-02,0.2449,7789493.07,true
2024-12-03,SEC-TBILL-00,SECURITY_HOLDING,GHS,8599635.30,CP-GOG,SEC-TBILL,GL-1200,2025-03-04,0.2759,8599635.30,true
2024-12-03,SEC-TBILL-01,SECURITY_HOLDING,GHS,8598908.16,CP-GOG,SEC-TBILL,GL-1200,2025-12-02,0.2759,8598908.16,true
2024-12-03,SEC-TBILL-02,SECURITY_HOLDING,GHS,8448924.96,CP-GOG,SEC-TBILL,GL-1200,2025-03-04,0.2759,8448924.96,true
2024-12-03,SEC-TBILL-03,SECURITY_HOLDING,GHS,5020173.34,CP-GOG,SEC-TBILL,GL-1200,2025-03-04,0.2759,5020173.34,true
2024-12-03,SEC-TBILL-04,SECURITY_HOLDING,GHS,4036673.39,CP-GOG,SEC-TBILL,GL-1200,2025-12-02,0.2759,4036673.39,true
2024-12-03,SEC-TBILL-05,SECURITY_HOLDING,GHS,9718572.47,CP-GOG,SEC-TBILL,GL-1200,2025-06-03,0.2759,9718572.47,true
2024-12-03,SEC-BOND-06,SECURITY_HOLDING,GHS,9744700.69,CP-GOG,SEC-BOND,GL-1200,2026-12-03,0.2759,9744700.69,true
2024-12-03,SEC-BOND-07,SECURITY_HOLDING,GHS,9186065.11,CP-GOG,SEC-BOND,GL-1200,2029-12-02,0.2759,9186065.11,true
2024-12-03,SEC-BOND-08,SECURITY_HOLDING,GHS,9229545.57,CP-GOG,SEC-BOND,GL-1200,2027-12-03,0.2759,9229545.57,true
2024-12-03,SEC-BOND-09,SECURITY_HOLDING,GHS,9282691.43,CP-GOG,SEC-BOND,GL-1200,2026-12-03,0.2759,9282691.43,true
2024-12-04,SEC-TBILL-00,SECURITY_HOLDING,GHS,9040439.74,CP-GOG,SEC-TBILL,GL-1200,2025-03-05,0.2688,9040439.74,true
2024-12-04,SEC-TBILL-01,SECURITY_HOLDING,GHS,5777952.11,CP-GOG,SEC-TBILL,GL-1200,2025-06-04,0.2688,5777952.11,true
2024-12-04,SEC-TBILL-02,SECURITY_HOLDING,GHS,5448754.32,CP-GOG,SEC-TBILL,GL-1200,2025-03-05,0.2688,5448754.32,true
2024-12-04,SEC-TBILL-03,SECURITY_HOLDING,GHS,8379222.99,CP-GOG,SEC-TBILL,GL-1200,2025-03-05,0.2688,8379222.99,true
2024-12-04,SEC-TBILL-04,SECURITY_HOLDING,GHS,10835951.50,CP-GOG,SEC-TBILL,GL-1200,2025-06-04,0.2688,10835951.50,true
2024-12-04,SEC-TBILL-05,SECURITY_HOLDING,GHS,10316179.82,CP-GOG,SEC-TBILL,GL-1200,2025-06-04,0.2688,10316179.82,true
2024-12-04,SEC-BOND-06,SECURITY_HOLDING,GHS,10504166.13,CP-GOG,SEC-BOND,GL-1200,2027-12-04,0.2688,10504166.13,true
2024-12-04,SEC-BOND-07,SECURITY_HOLDING,GHS,6447390.63,CP-GOG,SEC-BOND,GL-1200,2027-12-04,0.2688,6447390.63,true
2024-12-04,SEC-BOND-08,SECURITY_HOLDING,GHS,9758622.85,CP-GOG,SEC-BOND,GL-1200,2026-12-04,0.2688,9758622.85,true
2024-12-04,SEC-BOND-09,SECURITY_HOLDING,GHS,9977412.94,CP-GOG,SEC-BOND,GL-1200,2029-12-03,0.2688,9977412.94,true
2024-12-05,SEC-TBILL-00,SECURITY_HOLDING,GHS,8386319.09,CP-GOG,SEC-TBILL,GL-1200,2025-03-06,0.2217,8386319.09,true
2024-12-05,SEC-TBILL-01,SECURITY_HOLDING,GHS,8385494.78,CP-GOG,SEC-TBILL,GL-1200,2025-12-04,0.2217,8385494.78,true
2024-12-05,SEC-TBILL-02,SECURITY_HOLDING,GHS,8215466.90,CP-GOG,SEC-TBILL,GL-1200,2025-06-05,0.2217,8215466.90,true
2024-12-05,SEC-TBILL-03,SECURITY_HOLDING,GHS,7728865.89,CP-GOG,SEC-TBILL,GL-1200,2025-12-04,0.2217,7728865.89,true
2024-12-05,SEC-TBILL-04,SECURITY_HOLDING,GHS,6613924.99,CP-GOG,SEC-TBILL,GL-1200,2025-12-04,0.2217,6613924.99,true
2024-12-05,SEC-TBILL-05,SECURITY_HOLDING,GHS,9654797.87,CP-GOG,SEC-TBILL,GL-1200,2025-06-05,0.2217,9654797.87,true
2024-12-05,SEC-BOND-06,SECURITY_HOLDING,GHS,9684418.03,CP-GOG,SEC-BOND,GL-1200,2027-12-05,0.2217,9684418.03,true
2024-12-05,SEC-BOND-07,SECURITY_HOLDING,GHS,9051122.97,CP-GOG,SEC-BOND,GL-1200,2026-12-05,0.2217,9051122.97,true
2024-12-05,SEC-BOND-08,SECURITY_HOLDING,GHS,9100414.42,CP-GOG,SEC-BOND,GL-1200,2027-12-05,0.2217,9100414.42,true
2024-12-05,SEC-BOND-09,SECURITY_HOLDING,GHS,9160663.02,CP-GOG,SEC-BOND,GL-1200,2027-12-05,0.2217,9160663.02,true
2024-12-06,SEC-TBILL-00,SECURITY_HOLDING,GHS,10521870.59,CP-GOG,SEC-TBILL,GL-1200,2025-12-05,0.2528,10521870.59,true
2024-12-06,SEC-TBILL-01,SECURITY_HOLDING,GHS,7426480.78,CP-GOG,SEC-TBILL,GL-1200,2025-03-07,0.2528,7426480.78,true
2024-12-06,SEC-TBILL-02,SECURITY_HOLDING,GHS,10358841.16,CP-GOG,SEC-TBILL,GL-1200,2025-12-05,0.2528,10358841.16,true
2024-12-06,SEC-TBILL-03,SECURITY_HOLDING,GHS,9894519.99,CP-GOG,SEC-TBILL,GL-1200,2025-12-05,0.2528,9894519.99,true
2024-12-06,SEC-TBILL-04,SECURITY_HOLDING,GHS,5736025.30,CP-GOG,SEC-TBILL,GL-1200,2025-03-07,0.2528,5736025.30,true
2024-12-06,SEC-TBILL-05,SECURITY_HOLDING,GHS,8637666.68,CP-GOG,SEC-TBILL,GL-1200,2025-03-07,0.2528,8637666.68,true
2024-12-06,SEC-BOND-06,SECURITY_HOLDING,GHS,8665930.63,CP-GOG,SEC-BOND,GL-1200,2026-12-06,0.2528,8665930.63,true
2024-12-06,SEC-BOND-07,SECURITY_HOLDING,GHS,8061632.05,CP-GOG,SEC-BOND,GL-1200,2026-12-06,0.2528,8061632.05,true
2024-12-06,SEC-BOND-08,SECURITY_HOLDING,GHS,8108666.62,CP-GOG,SEC-BOND,GL-1200,2027-12-06,0.2528,8108666.62,true
2024-12-06,SEC-BOND-09,SECURITY_HOLDING,GHS,8166156.63,CP-GOG,SEC-BOND,GL-1200,2027-12-06,0.2528,8166156.63,true
2024-12-09,SEC-TBILL-00,SECURITY_HOLDING,GHS,9154799.41,CP-GOG,SEC-TBILL,GL-1200,2025-06-09,0.2297,9154799.41,true
2024-12-09,SEC-TBILL-01,SECURITY_HOLDING,GHS,5877467.03,CP-GOG,SEC-TBILL,GL-1200,2025-03-10,0.2297,5877467.03,true
2024-12-09,SEC-TBILL-02,SECURITY_HOLDING,GHS,8982187.35,CP-GOG,SEC-TBILL,GL-1200,2025-06-09,0.2297,8982187.35,true
2024-12-09,SEC-TBILL-03,SECURITY_HOLDING,GHS,8490574.05,CP-GOG,SEC-TBILL,GL-1200,2025-03-10,0.2297,8490574.05,true
2024-12-09,SEC-TBILL-04,SECURITY_HOLDING,GHS,10958481.00,CP-GOG,SEC-TBILL,GL-1200,2025-12-08,0.2297,10958481.00,true
2024-12-09,SEC-TBILL-05,SECURITY_HOLDING,GHS,10436344.29,CP-GOG,SEC-TBILL,GL-1200,2025-12-08,0.2297,10436344.29,true
2024-12-09,SEC-BOND-06,SECURITY_HOLDING,GHS,7189769.96,CP-GOG,SEC-BOND,GL-1200,2029-12-08,0.2297,7189769.96,true
2024-12-09,SEC-BOND-07,SECURITY_HOLDING,GHS,6549951.59,CP-GOG,SEC-BOND,GL-1200,2029-12-08,0.2297,6549951.59,true
2024-12-09,SEC-BOND-08,SECURITY_HOLDING,GHS,9876250.36,CP-GOG,SEC-BOND,GL-1200,2027-12-09,0.2297,9876250.36,true
2024-12-09,SEC-BOND-09,SECURITY_HOLDING,GHS,6660619.97,CP-GOG,SEC-BOND,GL-1200,2026-12-09,0.2297,6660619.97,true
2024-12-10,SEC-TBILL-00,SECURITY_HOLDING,GHS,8401140.75,CP-GOG,SEC-TBILL,GL-1200,2025-06-10,0.2608,8401140.75,true
2024-12-10,SEC-TBILL-01,SECURITY_HOLDING,GHS,8400322.06,CP-GOG,SEC-TBILL,GL-1200,2025-12-09,0.2608,8400322.06,true
2024-12-10,SEC-TBILL-02,SECURITY_HOLDING,GHS,8231453.11,CP-GOG,SEC-TBILL,GL-1200,2025-03-11,0.2608,8231453.11,true
2024-12-10,SEC-TBILL-03,SECURITY_HOLDING,GHS,7748168.83,CP-GOG,SEC-TBILL,GL-1200,2025-06-10,0.2608,7748168.83,true
2024-12-10,SEC-TBILL-04,SECURITY_HOLDING,GHS,6640827.51,CP-GOG,SEC-TBILL,GL-1200,2025-03-11,0.2608,6640827.51,true
2024-12-10,SEC-TBILL-05,SECURITY_HOLDING,GHS,9660973.41,CP-GOG,SEC-TBILL,GL-1200,2025-06-10,0.2608,9660973.41,true
2024-12-10,SEC-BOND-06,SECURITY_HOLDING,GHS,9690391.67,CP-GOG,SEC-BOND,GL-1200,2027-12-10,0.2608,9690391.67,true
2024-12-10,SEC-BOND-07,SECURITY_HOLDING,GHS,9061413.23,CP-GOG,SEC-BOND,GL-1200,2027-12-10,0.2608,9061413.23,true
2024-12-10,SEC-BOND-08,SECURITY_HOLDING,GHS,9110368.71,CP-GOG,SEC-BOND,GL-1200,2029-12-09,0.2608,9110368.71,true
2024-12-10,SEC-BOND-09,SECURITY_HOLDING,GHS,9170206.65,CP-GOG,SEC-BOND,GL-1200,2026-12-10,0.2608,9170206.65,true
2024-12-11,SEC-TBILL-00,SECURITY_HOLDING,GHS,11396836.67,CP-GOG,SEC-TBILL,GL-1200,2025-12-10,0.2537,11396836.67,true
2024-12-11,SEC-TBILL-01,SECURITY_HOLDING,GHS,8065937.58,CP-GOG,SEC-TBILL,GL-1200,2025-12-10,0.2537,8065937.58,true
2024-12-11,SEC-TBILL-02,SECURITY_HOLDING,GHS,11221403.32,CP-GOG,SEC-TBILL,GL-1200,2025-03-12,0.2537,11221403.32,true
2024-12-11,SEC-TBILL-03,SECURITY_HOLDING,GHS,7230188.28,CP-GOG,SEC-TBILL,GL-1200,2025-03-12,0.2537,7230188.28,true
2024-12-11,SEC-TBILL-04,SECURITY_HOLDING,GHS,6246865.68,CP-GOG,SEC-TBILL,GL-1200,2025-03-12,0.2537,6246865.68,true
2024-12-11,SEC-TBILL-05,SECURITY_HOLDING,GHS,9369275.21,CP-GOG,SEC-TBILL,GL-1200,2025-12-10,0.2537,9369275.21,true
2024-12-11,SEC-BOND-06,SECURITY_HOLDING,GHS,9399689.59,CP-GOG,SEC-BOND,GL-1200,2027-12-11,0.2537,9399689.59,true
2024-12-11,SEC-BOND-07,SECURITY_HOLDING,GHS,8749413.63,CP-GOG,SEC-BOND,GL-1200,2027-12-11,0.2537,8749413.63,true
2024-12-11,SEC-BOND-08,SECURITY_HOLDING,GHS,5146946.40,CP-GOG,SEC-BOND,GL-1200,2026-12-11,0.2537,5146946.40,true
2024-12-11,SEC-BOND-09,SECURITY_HOLDING,GHS,8861890.84,CP-GOG,SEC-BOND,GL-1200,2026-12-11,0.2537,8861890.84,true
2024-12-12,SEC-TBILL-00,SECURITY_HOLDING,GHS,10847442.24,CP-GOG,SEC-TBILL,GL-1200,2025-03-13,0.2466,10847442.24,true
2024-12-12,SEC-TBILL-01,SECURITY_HOLDING,GHS,7332532.11,CP-GOG,SEC-TBILL,GL-1200,2025-12-11,0.2466,7332532.11,true
2024-12-12,SEC-TBILL-02,SECURITY_HOLDING,GHS,10670878.80,CP-GOG,SEC-TBILL,GL-1200,2025-03-13,0.2466,10670878.80,true
2024-12-12,SEC-TBILL-03,SECURITY_HOLDING,GHS,6653953.41,CP-GOG,SEC-TBILL,GL-1200,2025-12-11,0.2466,6653953.41,true
2024-12-12,SEC-TBILL-04,SECURITY_HOLDING,GHS,5501742.24,CP-GOG,SEC-TBILL,GL-1200,2025-12-11,0.2466,5501742.24,true
2024-12-12,SEC-TBILL-05,SECURITY_HOLDING,GHS,8644265.50,CP-GOG,SEC-TBILL,GL-1200,2025-06-12,0.2466,8644265.50,true
2024-12-12,SEC-BOND-06,SECURITY_HOLDING,GHS,5160817.54,CP-GOG,SEC-BOND,GL-1200,2029-12-11,0.2466,5160817.54,true
2024-12-12,SEC-BOND-07,SECURITY_HOLDING,GHS,8020410.93,CP-GOG,SEC-BOND,GL-1200,2029-12-11,0.2466,8020410.93,true
2024-12-12,SEC-BOND-08,SECURITY_HOLDING,GHS,8071350.10,CP-GOG,SEC-BOND,GL-1200,2026-12-12,0.2466,8071350.10,true
2024-12-12,SEC-BOND-09,SECURITY_HOLDING,GHS,11647670.95,CP-GOG,SEC-BOND,GL-1200,2026-12-12,0.2466,11647670.95,true
2024-12-13,SEC-TBILL-00,SECURITY_HOLDING,GHS,10739064.29,CP-GOG,SEC-TBILL,GL-1200,2025-12-12,0.2376,10739064.29,true
2024-12-13,SEC-TBILL-01,SECURITY_HOLDING,GHS,7161158.77,CP-GOG,SEC-TBILL,GL-1200,2025-12-12,0.2376,7161158.77,true
2024-12-13,SEC-TBILL-02,SECURITY_HOLDING,GHS,10550621.50,CP-GOG,SEC-TBILL,GL-1200,2025-12-12,0.2376,10550621.50,true
2024-12-13,SEC-TBILL-03,SECURITY_HOLDING,GHS,10013920.99,CP-GOG,SEC-TBILL,GL-1200,2025-06-13,0.2376,10013920.99,true
2024-12-13,SEC-TBILL-04,SECURITY_HOLDING,GHS,5207191.62,CP-GOG,SEC-TBILL,GL-1200,2025-12-12,0.2376,5207191.62,true
2024-12-13,SEC-TBILL-05,SECURITY_HOLDING,GHS,8561146.82,CP-GOG,SEC-TBILL,GL-1200,2025-12-12,0.2376,8561146.82,true
2024-12-13,SEC-BOND-06,SECURITY_HOLDING,GHS,8593816.60,CP-GOG,SEC-BOND,GL-1200,2027-12-13,0.2376,8593816.60,true
2024-12-13,SEC-BOND-07,SECURITY_HOLDING,GHS,7895318.73,CP-GOG,SEC-BOND,GL-1200,2026-12-13,0.2376,7895318.73,true
2024-12-13,SEC-BOND-08,SECURITY_HOLDING,GHS,7949685.13,CP-GOG,SEC-BOND,GL-1200,2029-12-12,0.2376,7949685.13,true
2024-12-13,SEC-BOND-09,SECURITY_HOLDING,GHS,8016136.81,CP-GOG,SEC-BOND,GL-1200,2027-12-13,0.2376,8016136.81,true
2024-12-16,SEC-TBILL-00,SECURITY_HOLDING,GHS,10967233.08,CP-GOG,SEC-TBILL,GL-1200,2025-03-17,0.2545,10967233.08,true
2024-12-16,SEC-TBILL-01,SECURITY_HOLDING,GHS,11120841.09,CP-GOG,SEC-TBILL,GL-1200,2025-03-17,0.2545,11120841.09,true
2024-12-16,SEC-TBILL-02,SECURITY_HOLDING,GHS,10799507.93,CP-GOG,SEC-TBILL,GL-1200,2025-12-15,0.2545,10799507.93,true
2024-12-16,SEC-TBILL-03,SECURITY_HOLDING,GHS,6983659.15,CP-GOG,SEC-TBILL,GL-1200,2025-03-17,0.2545,6983659.15,true
2024-12-16,SEC-TBILL-04,SECURITY_HOLDING,GHS,9381695.69,CP-GOG,SEC-TBILL,GL-1200,2025-06-16,0.2545,9381695.69,true
2024-12-16,SEC-TBILL-05,SECURITY_HOLDING,GHS,8874341.51,CP-GOG,SEC-TBILL,GL-1200,2025-06-16,0.2545,8874341.51,true
2024-12-16,SEC-BOND-06,SECURITY_HOLDING,GHS,9057836.77,CP-GOG,SEC-BOND,GL-1200,2029-12-15,0.2545,9057836.77,true
2024-12-16,SEC-BOND-07,SECURITY_HOLDING,GHS,5097978.84,CP-GOG,SEC-BOND,GL-1200,2026-12-16,0.2545,5097978.84,true
2024-12-16,SEC-BOND-08,SECURITY_HOLDING,GHS,4991950.90,CP-GOG,SEC-BOND,GL-1200,2029-12-15,0.2545,4991950.90,true
2024-12-16,SEC-BOND-09,SECURITY_HOLDING,GHS,8543667.87,CP-GOG,SEC-BOND,GL-1200,2026-12-16,0.2545,8543667.87,true
2024-12-17,SEC-TBILL-00,SECURITY_HOLDING,GHS,7915032.24,CP-GOG,SEC-TBILL,GL-1200,2025-03-18,0.2056,7915032.24,true
2024-12-17,SEC-TBILL-01,SECURITY_HOLDING,GHS,7914122.10,CP-GOG,SEC-TBILL,GL-1200,2025-12-16,0.2056,7914122.10,true
2024-12-17,SEC-TBILL-02,SECURITY_HOLDING,GHS,11480821.11,CP-GOG,SEC-TBILL,GL-1200,2025-06-17,0.2056,11480821.11,true
2024-12-17,SEC-TBILL-03,SECURITY_HOLDING,GHS,7189126.70,CP-GOG,SEC-TBILL,GL-1200,2025-12-16,0.2056,7189126.70,true
2024-12-17,SEC-TBILL-04,SECURITY_HOLDING,GHS,5958101.04,CP-GOG,SEC-TBILL,GL-1200,2025-12-16,0.2056,5958101.04,true
2024-12-17,SEC-TBILL-05,SECURITY_HOLDING,GHS,9315581.75,CP-GOG,SEC-TBILL,GL-1200,2025-12-16,0.2056,9315581.75,true
2024-12-17,SEC-BOND-06,SECURITY_HOLDING,GHS,9348285.88,CP-GOG,SEC-BOND,GL-1200,2029-12-16,0.2056,9348285.88,true
2024-12-17,SEC-BOND-07,SECURITY_HOLDING,GHS,8649053.77,CP-GOG,SEC-BOND,GL-1200,2026-12-17,0.2056,8649053.77,true
2024-12-17,SEC-BOND-08,SECURITY_HOLDING,GHS,8703477.33,CP-GOG,SEC-BOND,GL-1200,2027-12-17,0.2056,8703477.33,true
2024-12-17,SEC-BOND-09,SECURITY_HOLDING,GHS,8769998.86,CP-GOG,SEC-BOND,GL-1200,2029-12-16,0.2056,8769998.86,true
2024-12-18,SEC-TBILL-00,SECURITY_HOLDING,GHS,10286564.15,CP-GOG,SEC-TBILL,GL-1200,2025-12-17,0.2385,10286564.15,true
2024-12-18,SEC-TBILL-01,SECURITY_HOLDING,GHS,6884739.60,CP-GOG,SEC-TBILL,GL-1200,2025-12-17,0.2385,6884739.60,true
2024-12-18,SEC-TBILL-02,SECURITY_HOLDING,GHS,10107395.27,CP-GOG,SEC-TBILL,GL-1200,2025-06-18,0.2385,10107395.27,true
2024-12-18,SEC-TBILL-03,SECURITY_HOLDING,GHS,9597107.63,CP-GOG,SEC-TBILL,GL-1200,2025-03-19,0.2385,9597107.63,true
2024-12-18,SEC-TBILL-04,SECURITY_HOLDING,GHS,5026933.86,CP-GOG,SEC-TBILL,GL-1200,2025-12-17,0.2385,5026933.86,true
2024-12-18,SEC-TBILL-05,SECURITY_HOLDING,GHS,8215829.44,CP-GOG,SEC-TBILL,GL-1200,2025-03-19,0.2385,8215829.44,true
2024-12-18,SEC-BOND-06,SECURITY_HOLDING,GHS,8246891.44,CP-GOG,SEC-BOND,GL-1200,2026-12-18,0.2385,8246891.44,true
2024-12-18,SEC-BOND-07,SECURITY_HOLDING,GHS,7582769.03,CP-GOG,SEC-BOND,GL-1200,2029-12-17,0.2385,7582769.03,true
2024-12-18,SEC-BOND-08,SECURITY_HOLDING,GHS,11035420.00,CP-GOG,SEC-BOND,GL-1200,2029-12-17,0.2385,11035420.00,true
2024-12-18,SEC-BOND-09,SECURITY_HOLDING,GHS,7697641.24,CP-GOG,SEC-BOND,GL-1200,2027-12-18,0.2385,7697641.24,true
2024-12-19,SEC-TBILL-00,SECURITY_HOLDING,GHS,8475822.35,CP-GOG,SEC-TBILL,GL-1200,2025-06-19,0.2314,8475822.35,true
2024-12-19,SEC-TBILL-01,SECURITY_HOLDING,GHS,8475063.46,CP-GOG,SEC-TBILL,GL-1200,2025-03-20,0.2314,8475063.46,true
2024-12-19,SEC-TBILL-02,SECURITY_HOLDING,GHS,8318528.49,CP-GOG,SEC-TBILL,GL-1200,2025-06-19,0.2314,8318528.49,true
2024-12-19,SEC-TBILL-03,SECURITY_HOLDING,GHS,7870542.71,CP-GOG,SEC-TBILL,GL-1200,2025-12-18,0.2314,7870542.71,true
2024-12-19,SEC-TBILL-04,SECURITY_HOLDING,GHS,6844080.27,CP-GOG,SEC-TBILL,GL-1200,2025-06-19,0.2314,6844080.27,true
2024-12-19,SEC-TBILL-05,SECURITY_HOLDING,GHS,9643638.36,CP-GOG,SEC-TBILL,GL-1200,2025-03-20,0.2314,9643638.36,true
2024-12-19,SEC-BOND-06,SECURITY_HOLDING,GHS,9670907.94,CP-GOG,SEC-BOND,GL-1200,2026-12-19,0.2314,9670907.94,true
2024-12-19,SEC-BOND-07,SECURITY_HOLDING,GHS,9087869.33,CP-GOG,SEC-BOND,GL-1200,2026-12-19,0.2314,9087869.33,true
2024-12-19,SEC-BOND-08,SECURITY_HOLDING,GHS,9133249.16,CP-GOG,SEC-BOND,GL-1200,2026-12-19,0.2314,9133249.16,true
2024-12-19,SEC-BOND-09,SECURITY_HOLDING,GHS,9188716.61,CP-GOG,SEC-BOND,GL-1200,2027-12-19,0.2314,9188716.61,true
2024-12-20,SEC-TBILL-00,SECURITY_HOLDING,GHS,5608504.40,CP-GOG,SEC-TBILL,GL-1200,2025-12-19,0.2625,5608504.40,true
2024-12-20,SEC-TBILL-01,SECURITY_HOLDING,GHS,9561816.23,CP-GOG,SEC-TBILL,GL-1200,2025-06-20,0.2625,9561816.23,true
2024-12-20,SEC-TBILL-02,SECURITY_HOLDING,GHS,5418608.92,CP-GOG,SEC-TBILL,GL-1200,2025-12-19,0.2625,5418608.92,true
2024-12-20,SEC-TBILL-03,SECURITY_HOLDING,GHS,5052599.55,CP-GOG,SEC-TBILL,GL-1200,2025-03-21,0.2625,5052599.55,true
2024-12-20,SEC-TBILL-04,SECURITY_HOLDING,GHS,11372185.68,CP-GOG,SEC-TBILL,GL-1200,2025-03-21,0.2625,11372185.68,true
2024-12-20,SEC-TBILL-05,SECURITY_HOLDING,GHS,10972596.63,CP-GOG,SEC-TBILL,GL-1200,2025-12-19,0.2625,10972596.63,true
2024-12-20,SEC-BOND-06,SECURITY_HOLDING,GHS,11005518.27,CP-GOG,SEC-BOND,GL-1200,2029-12-19,0.2625,11005518.27,true
2024-12-20,SEC-BOND-07,SECURITY_HOLDING,GHS,6522236.23,CP-GOG,SEC-BOND,GL-1200,2027-12-20,0.2625,6522236.23,true
2024-12-20,SEC-BOND-08,SECURITY_HOLDING,GHS,10356421.26,CP-GOG,SEC-BOND,GL-1200,2026-12-20,0.2625,10356421.26,true
2024-12-20,SEC-BOND-09,SECURITY_HOLDING,GHS,10423385.21,CP-GOG,SEC-BOND,GL-1200,2027-12-20,0.2625,10423385.21,true
2024-12-23,SEC-TBILL-00,SECURITY_HOLDING,GHS,9882846.79,CP-GOG,SEC-TBILL,GL-1200,2025-12-22,0.2393,9882846.79,true
2024-12-23,SEC-TBILL-01,SECURITY_HOLDING,GHS,6638505.81,CP-GOG,SEC-TBILL,GL-1200,2025-06-23,0.2393,6638505.81,true
2024-12-23,SEC-TBILL-02,SECURITY_HOLDING,GHS,9711972.32,CP-GOG,SEC-TBILL,GL-1200,2025-12-22,0.2393,9711972.32,true
2024-12-23,SEC-TBILL-03,SECURITY_HOLDING,GHS,9225307.87,CP-GOG,SEC-TBILL,GL-1200,2025-06-23,0.2393,9225307.87,true
2024-12-23,SEC-TBILL-04,SECURITY_HOLDING,GHS,4866705.06,CP-GOG,SEC-TBILL,GL-1200,2025-03-24,0.2393,4866705.06,true
2024-12-23,SEC-TBILL-05,SECURITY_HOLDING,GHS,11151490.93,CP-GOG,SEC-TBILL,GL-1200,2025-12-22,0.2393,11151490.93,true
2024-12-23,SEC-BOND-06,SECURITY_HOLDING,GHS,7937598.39,CP-GOG,SEC-BOND,GL-1200,2026-12-23,0.2393,7937598.39,true
2024-12-23,SEC-BOND-07,SECURITY_HOLDING,GHS,7304220.77,CP-GOG,SEC-BOND,GL-1200,2026-12-23,0.2393,7304220.77,true
2024-12-23,SEC-BOND-08,SECURITY_HOLDING,GHS,10597035.21,CP-GOG,SEC-BOND,GL-1200,2026-12-23,0.2393,10597035.21,true
2024-12-23,SEC-BOND-09,SECURITY_HOLDING,GHS,7413775.10,CP-GOG,SEC-BOND,GL-1200,2026-12-23,0.2393,7413775.10,true
2024-12-24,SEC-TBILL-00,SECURITY_HOLDING,GHS,8475516.99,CP-GOG,SEC-TBILL,GL-1200,2025-03-25,0.2322,8475516.99,true
2024-12-24,SEC-TBILL-01,SECURITY_HOLDING,GHS,8474764.05,CP-GOG,SEC-TBILL,GL-1200,2025-03-25,0.2322,8474764.05,true
2024-12-24,SEC-TBILL-02,SECURITY_HOLDING,GHS,8319457.38,CP-GOG,SEC-TBILL,GL-1200,2025-06-24,0.2322,8319457.38,true
2024-12-24,SEC-TBILL-03,SECURITY_HOLDING,GHS,4769006.68,CP-GOG,SEC-TBILL,GL-1200,2025-12-23,0.2322,4769006.68,true
2024-12-24,SEC-TBILL-04,SECURITY_HOLDING,GHS,9962559.03,CP-GOG,SEC-TBILL,GL-1200,2025-06-24,0.2322,9962559.03,true
2024-12-24,SEC-TBILL-05,SECURITY_HOLDING,GHS,9634169.38,CP-GOG,SEC-TBILL,GL-1200,2025-03-25,0.2322,9634169.38,true
2024-12-24,SEC-BOND-06,SECURITY_HOLDING,GHS,9661224.99,CP-GOG,SEC-BOND,GL-1200,2029-12-23,0.2322,9661224.99,true
2024-12-24,SEC-BOND-07,SECURITY_HOLDING,GHS,9082761.36,CP-GOG,SEC-BOND,GL-1200,2027-12-24,0.2322,9082761.36,true
2024-12-24,SEC-BOND-08,SECURITY_HOLDING,GHS,9127785.10,CP-GOG,SEC-BOND,GL-1200,2027-12-24,0.2322,9127785.10,true
2024-12-24,SEC-BOND-09,SECURITY_HOLDING,GHS,9182817.31,CP-GOG,SEC-BOND,GL-1200,2029-12-23,0.2322,9182817.31,true
2024-12-25,SEC-TBILL-00,SECURITY_HOLDING,GHS,9845431.25,CP-GOG,SEC-TBILL,GL-1200,2025-12-24,0.2633,9845431.25,true
2024-12-25,SEC-TBILL-01,SECURITY_HOLDING,GHS,6096397.56,CP-GOG,SEC-TBILL,GL-1200,2025-06-25,0.2633,6096397.56,true
2024-12-25,SEC-TBILL-02,SECURITY_HOLDING,GHS,5718105.37,CP-GOG,SEC-TBILL,GL-1200,2025-12-24,0.2633,5718105.37,true
2024-12-25,SEC-TBILL-03,SECURITY_HOLDING,GHS,9085604.96,CP-GOG,SEC-TBILL,GL-1200,2025-12-24,0.2633,9085604.96,true
2024-12-25,SEC-TBILL-04,SECURITY_HOLDING,GHS,11908713.89,CP-GOG,SEC-TBILL,GL-1200,2025-06-25,0.2633,11908713.89,true
2024-12-25,SEC-TBILL-05,SECURITY_HOLDING,GHS,7563345.84,CP-GOG,SEC-TBILL,GL-1200,2025-12-24,0.2633,7563345.84,true
2024-12-25,SEC-BOND-06,SECURITY_HOLDING,GHS,7597578.19,CP-GOG,SEC-BOND,GL-1200,2027-12-25,0.2633,7597578.19,true
2024-12-25,SEC-BOND-07,SECURITY_HOLDING,GHS,6865671.76,CP-GOG,SEC-BOND,GL-1200,2026-12-25,0.2633,6865671.76,true
2024-12-25,SEC-BOND-08,SECURITY_HOLDING,GHS,10670719.49,CP-GOG,SEC-BOND,GL-1200,2029-12-24,0.2633,10670719.49,true
2024-12-25,SEC-BOND-09,SECURITY_HOLDING,GHS,10922138.50,CP-GOG,SEC-BOND,GL-1200,2026-12-25,0.2633,10922138.50,true
2024-12-26,SEC-TBILL-00,SECURITY_HOLDING,GHS,8347747.21,CP-GOG,SEC-TBILL,GL-1200,2025-06-26,0.2162,8347747.21,true
2024-12-26,SEC-TBILL-01,SECURITY_HOLDING,GHS,8346877.97,CP-GOG,SEC-TBILL,GL-1200,2025-06-26,0.2162,8346877.97,true
2024-12-26,SEC-TBILL-02,SECURITY_HOLDING,GHS,8167582.72,CP-GOG,SEC-TBILL,GL-1200,2025-03-27,0.2162,8167582.72,true
2024-12-26,SEC-TBILL-03,SECURITY_HOLDING,GHS,7654459.49,CP-GOG,SEC-TBILL,GL-1200,2025-12-25,0.2162,7654459.49,true
2024-12-26,SEC-TBILL-04,SECURITY_HOLDING,GHS,6478748.70,CP-GOG,SEC-TBILL,GL-1200,2025-06-26,0.2162,6478748.70,true
2024-12-26,SEC-TBILL-05,SECURITY_HOLDING,GHS,9685364.48,CP-GOG,SEC-TBILL,GL-1200,2025-12-25,0.2162,9685364.48,true
2024-12-26,SEC-BOND-06,SECURITY_HOLDING,GHS,9716599.08,CP-GOG,SEC-BOND,GL-1200,2026-12-26,0.2162,9716599.08,true
2024-12-26,SEC-BOND-07,SECURITY_HOLDING,GHS,9048786.25,CP-GOG,SEC-BOND,GL-1200,2026-12-26,0.2162,9048786.25,true
2024-12-26,SEC-BOND-08,SECURITY_HOLDING,GHS,9100764.34,CP-GOG,SEC-BOND,GL-1200,2029-12-25,0.2162,9100764.34,true
2024-12-26,SEC-BOND-09,SECURITY_HOLDING,GHS,9164296.79,CP-GOG,SEC-BOND,GL-1200,2027-12-26,0.2162,9164296.79,true
2024-12-27,SEC-TBILL-00,SECURITY_HOLDING,GHS,11464793.81,CP-GOG,SEC-TBILL,GL-1200,2025-06-27,0.2473,11464793.81,true
2024-12-27,SEC-TBILL-01,SECURITY_HOLDING,GHS,7941832.04,CP-GOG,SEC-TBILL,GL-1200,2025-12-26,0.2473,7941832.04,true
2024-12-27,SEC-TBILL-02,SECURITY_HOLDING,GHS,7757178.26,CP-GOG,SEC-TBILL,GL-1200,2025-03-28,0.2473,7757178.26,true
2024-12-27,SEC-TBILL-03,SECURITY_HOLDING,GHS,7228719.55,CP-GOG,SEC-TBILL,GL-1200,2025-06-27,0.2473,7228719.55,true
2024-12-27,SEC-TBILL-04,SECURITY_HOLDING,GHS,6017870.79,CP-GOG,SEC-TBILL,GL-1200,2025-12-26,0.2473,6017870.79,true
2024-12-27,SEC-TBILL-05,SECURITY_HOLDING,GHS,9320321.31,CP-GOG,SEC-TBILL,GL-1200,2025-06-27,0.2473,9320321.31,true
2024-12-27,SEC-BOND-06,SECURITY_HOLDING,GHS,9352489.40,CP-GOG,SEC-BOND,GL-1200,2029-12-26,0.2473,9352489.40,true
2024-12-27,SEC-BOND-07,SECURITY_HOLDING,GHS,8664717.94,CP-GOG,SEC-BOND,GL-1200,2027-12-27,0.2473,8664717.94,true
2024-12-27,SEC-BOND-08,SECURITY_HOLDING,GHS,8718249.47,CP-GOG,SEC-BOND,GL-1200,2027-12-27,0.2473,8718249.47,true
2024-12-27,SEC-BOND-09,SECURITY_HOLDING,GHS,8783680.70,CP-GOG,SEC-BOND,GL-1200,2029-12-26,0.2473,8783680.70,true
2024-12-30,SEC-TBILL-00,SECURITY_HOLDING,GHS,9548672.41,CP-GOG,SEC-TBILL,GL-1200,2025-06-30,0.2242,9548672.41,true
2024-12-30,SEC-TBILL-01,SECURITY_HOLDING,GHS,5943315.15,CP-GOG,SEC-TBILL,GL-1200,2025-12-29,0.2242,5943315.15,true
2024-12-30,SEC-TBILL-02,SECURITY_HOLDING,GHS,9358783.77,CP-GOG,SEC-TBILL,GL-1200,2025-03-31,0.2242,9358783.77,true
2024-12-30,SEC-TBILL-03,SECURITY_HOLDING,GHS,8817965.39,CP-GOG,SEC-TBILL,GL-1200,2025-12-29,0.2242,8817965.39,true
2024-12-30,SEC-TBILL-04,SECURITY_HOLDING,GHS,11532882.66,CP-GOG,SEC-TBILL,GL-1200,2025-12-29,0.2242,11532882.66,true
2024-12-30,SEC-TBILL-05,SECURITY_HOLDING,GHS,7354044.70,CP-GOG,SEC-TBILL,GL-1200,2025-06-30,0.2242,7354044.70,true
2024-12-30,SEC-BOND-06,SECURITY_HOLDING,GHS,7386965.15,CP-GOG,SEC-BOND,GL-1200,2027-12-30,0.2242,7386965.15,true
2024-12-30,SEC-BOND-07,SECURITY_HOLDING,GHS,6683108.00,CP-GOG,SEC-BOND,GL-1200,2027-12-30,0.2242,6683108.00,true
2024-12-30,SEC-BOND-08,SECURITY_HOLDING,GHS,10342332.64,CP-GOG,SEC-BOND,GL-1200,2026-12-30,0.2242,10342332.64,true
2024-12-30,SEC-BOND-09,SECURITY_HOLDING,GHS,6804853.07,CP-GOG,SEC-BOND,GL-1200,2029-12-29,0.2242,6804853.07,true
2024-12-31,SEC-TBILL-00,SECURITY_HOLDING,GHS,8352293.39,CP-GOG,SEC-TBILL,GL-1200,2025-04-01,0.2171,8352293.39,true
2024-12-31,SEC-TBILL-01,SECURITY_HOLDING,GHS,8351431.57,CP-GOG,SEC-TBILL,GL-1200,2025-07-01,0.2171,8351431.57,true
2024-12-31,SEC-TBILL-02,SECURITY_HOLDING,GHS,8173666.21,CP-GOG,SEC-TBILL,GL-1200,2025-12-30,0.2171,8173666.21,true
2024-12-31,SEC-TBILL-03,SECURITY_HOLDING,GHS,7664921.38,CP-GOG,SEC-TBILL,GL-1200,2025-04-01,0.2171,7664921.38,true
2024-12-31,SEC-TBILL-04,SECURITY_HOLDING,GHS,6499242.73,CP-GOG,SEC-TBILL,GL-1200,2025-12-30,0.2171,6499242.73,true
2024-12-31,SEC-TBILL-05,SECURITY_HOLDING,GHS,9678496.98,CP-GOG,SEC-TBILL,GL-1200,2025-04-01,0.2171,9678496.98,true
2024-12-31,SEC-BOND-06,SECURITY_HOLDING,GHS,9709465.07,CP-GOG,SEC-BOND,GL-1200,2029-12-30,0.2171,9709465.07,true
2024-12-31,SEC-BOND-07,SECURITY_HOLDING,GHS,9047350.57,CP-GOG,SEC-BOND,GL-1200,2027-12-31,0.2171,9047350.57,true
2024-12-31,SEC-BOND-08,SECURITY_HOLDING,GHS,9098885.14,CP-GOG,SEC-BOND,GL-1200,2029-12-30,0.2171,9098885.14,true
2024-12-31,SEC-BOND-09,SECURITY_HOLDING,GHS,9161875.48,CP-GOG,SEC-BOND,GL-1200,2026-12-31,0.2171,9161875.48,true
2025-01-01,SEC-TBILL-00,SECURITY_HOLDING,GHS,10969167.87,CP-GOG,SEC-TBILL,GL-1200,2025-07-02,0.2481,10969167.87,true
2025-01-01,SEC-TBILL-01,SECURITY_HOLDING,GHS,7621488.39,CP-GOG,SEC-TBILL,GL-1200,2025-04-02,0.2481,7621488.39,true
2025-01-01,SEC-TBILL-02,SECURITY_HOLDING,GHS,10792850.73,CP-GOG,SEC-TBILL,GL-1200,2025-04-02,0.2481,10792850.73,true
2025-01-01,SEC-TBILL-03,SECURITY_HOLDING,GHS,6781528.76,CP-GOG,SEC-TBILL,GL-1200,2025-07-02,0.2481,6781528.76,true
2025-01-01,SEC-TBILL-04,SECURITY_HOLDING,GHS,5793252.39,CP-GOG,SEC-TBILL,GL-1200,2025-12-31,0.2481,5793252.39,true
2025-01-01,SEC-TBILL-05,SECURITY_HOLDING,GHS,8931391.97,CP-GOG,SEC-TBILL,GL-1200,2025-04-02,0.2481,8931391.97,true
2025-01-01,SEC-BOND-06,SECURITY_HOLDING,GHS,8961959.57,CP-GOG,SEC-BOND,GL-1200,2029-12-31,0.2481,8961959.57,true
2025-01-01,SEC-BOND-07,SECURITY_HOLDING,GHS,8308407.66,CP-GOG,SEC-BOND,GL-1200,2028-01-01,0.2481,8308407.66,true
2025-01-01,SEC-BOND-08,SECURITY_HOLDING,GHS,8359275.77,CP-GOG,SEC-BOND,GL-1200,2028-01-01,0.2481,8359275.77,true
2025-01-01,SEC-BOND-09,SECURITY_HOLDING,GHS,8421451.51,CP-GOG,SEC-BOND,GL-1200,2029-12-31,0.2481,8421451.51,true
2025-01-02,SEC-TBILL-00,SECURITY_HOLDING,GHS,10371854.55,CP-GOG,SEC-TBILL,GL-1200,2025-04-03,0.2410,10371854.55,true
2025-01-02,SEC-TBILL-01,SECURITY_HOLDING,GHS,10533715.72,CP-GOG,SEC-TBILL,GL-1200,2025-07-03,0.2410,10533715.72,true
2025-01-02,SEC-TBILL-02,SECURITY_HOLDING,GHS,10195117.75,CP-GOG,SEC-TBILL,GL-1200,2026-01-01,0.2410,10195117.75,true
2025-01-02,SEC-TBILL-03,SECURITY_HOLDING,GHS,6174248.34,CP-GOG,SEC-TBILL,GL-1200,2026-01-01,0.2410,6174248.34,true
2025-01-02,SEC-TBILL-04,SECURITY_HOLDING,GHS,5020905.87,CP-GOG,SEC-TBILL,GL-1200,2026-01-01,0.2410,5020905.87,true
2025-01-02,SEC-TBILL-05,SECURITY_HOLDING,GHS,8166514.62,CP-GOG,SEC-TBILL,GL-1200,2026-01-01,0.2410,8166514.62,true
2025-01-02,SEC-BOND-06,SECURITY_HOLDING,GHS,8359868.85,CP-GOG,SEC-BOND,GL-1200,2028-01-02,0.2410,8359868.85,true
2025-01-02,SEC-BOND-07,SECURITY_HOLDING,GHS,7542047.52,CP-GOG,SEC-BOND,GL-1200,2027-01-02,0.2410,7542047.52,true
2025-01-02,SEC-BOND-08,SECURITY_HOLDING,GHS,7593036.71,CP-GOG,SEC-BOND,GL-1200,2030-01-01,0.2410,7593036.71,true
2025-01-02,SEC-BOND-09,SECURITY_HOLDING,GHS,7818074.31,CP-GOG,SEC-BOND,GL-1200,2030-01-01,0.2410,7818074.31,true
2025-01-03,SEC-TBILL-00,SECURITY_HOLDING,GHS,10734638.26,CP-GOG,SEC-TBILL,GL-1200,2025-07-04,0.2321,10734638.26,true
2025-01-03,SEC-TBILL-01,SECURITY_HOLDING,GHS,6976791.89,CP-GOG,SEC-TBILL,GL-1200,2025-04-04,0.2321,6976791.89,true
2025-01-03,SEC-TBILL-02,SECURITY_HOLDING,GHS,6779826.80,CP-GOG,SEC-TBILL,GL-1200,2026-01-02,0.2321,6779826.80,true
2025-01-03,SEC-TBILL-03,SECURITY_HOLDING,GHS,6216134.43,CP-GOG,SEC-TBILL,GL-1200,2025-07-04,0.2321,6216134.43,true
2025-01-03,SEC-TBILL-04,SECURITY_HOLDING,GHS,12802770.96,CP-GOG,SEC-TBILL,GL-1200,2026-01-02,0.2321,12802770.96,true
2025-01-03,SEC-TBILL-05,SECURITY_HOLDING,GHS,8447188.46,CP-GOG,SEC-TBILL,GL-1200,2025-07-04,0.2321,8447188.46,true
2025-01-03,SEC-BOND-06,SECURITY_HOLDING,GHS,8481501.28,CP-GOG,SEC-BOND,GL-1200,2027-01-03,0.2321,8481501.28,true
2025-01-03,SEC-BOND-07,SECURITY_HOLDING,GHS,7747874.39,CP-GOG,SEC-BOND,GL-1200,2030-01-02,0.2321,7747874.39,true
2025-01-03,SEC-BOND-08,SECURITY_HOLDING,GHS,7804975.01,CP-GOG,SEC-BOND,GL-1200,2027-01-03,0.2321,7804975.01,true
2025-01-03,SEC-BOND-09,SECURITY_HOLDING,GHS,7874768.69,CP-GOG,SEC-BOND,GL-1200,2028-01-03,0.2321,7874768.69,true
2025-01-06,SEC-TBILL-00,SECURITY_HOLDING,GHS,11460224.06,CP-GOG,SEC-TBILL,GL-1200,2025-04-07,0.2490,11460224.06,true
2025-01-06,SEC-TBILL-01,SECURITY_HOLDING,GHS,11627787.15,CP-GOG,SEC-TBILL,GL-1200,2025-07-07,0.2490,11627787.15,true
2025-01-06,SEC-TBILL-02,SECURITY_HOLDING,GHS,11277261.32,CP-GOG,SEC-TBILL,GL-1200,2025-07-07,0.2490,11277261.32,true
2025-01-06,SEC-TBILL-03,SECURITY_HOLDING,GHS,7114747.92,CP-GOG,SEC-TBILL,GL-1200,2025-04-07,0.2490,7114747.92,true
2025-01-06,SEC-TBILL-04,SECURITY_HOLDING,GHS,9730642.78,CP-GOG,SEC-TBILL,GL-1200,2026-01-05,0.2490,9730642.78,true
2025-01-06,SEC-TBILL-05,SECURITY_HOLDING,GHS,5704221.46,CP-GOG,SEC-TBILL,GL-1200,2025-04-07,0.2490,5704221.46,true
2025-01-06,SEC-BOND-06,SECURITY_HOLDING,GHS,9377361.72,CP-GOG,SEC-BOND,GL-1200,2030-01-05,0.2490,9377361.72,true
2025-01-06,SEC-BOND-07,SECURITY_HOLDING,GHS,5057756.13,CP-GOG,SEC-BOND,GL-1200,2028-01-06,0.2490,5057756.13,true
2025-01-06,SEC-BOND-08,SECURITY_HOLDING,GHS,4942095.70,CP-GOG,SEC-BOND,GL-1200,2027-01-06,0.2490,4942095.70,true
2025-01-06,SEC-BOND-09,SECURITY_HOLDING,GHS,8816481.28,CP-GOG,SEC-BOND,GL-1200,2030-01-05,0.2490,8816481.28,true
2025-01-07,SEC-TBILL-00,SECURITY_HOLDING,GHS,8187183.99,CP-GOG,SEC-TBILL,GL-1200,2025-07-08,0.2419,8187183.99,true
2025-01-07,SEC-TBILL-01,SECURITY_HOLDING,GHS,8186176.50,CP-GOG,SEC-TBILL,GL-1200,2025-07-08,0.2419,8186176.50,true
2025-01-07,SEC-TBILL-02,SECURITY_HOLDING,GHS,7978364.56,CP-GOG,SEC-TBILL,GL-1200,2025-04-08,0.2419,7978364.56,true
2025-01-07,SEC-TBILL-03,SECURITY_HOLDING,GHS,7383629.74,CP-GOG,SEC-TBILL,GL-1200,2026-01-06,0.2419,7383629.74,true
2025-01-07,SEC-TBILL-04,SECURITY_HOLDING,GHS,6020923.63,CP-GOG,SEC-TBILL,GL-1200,2025-07-08,0.2419,6020923.63,true
2025-01-07,SEC-TBILL-05,SECURITY_HOLDING,GHS,9737547.59,CP-GOG,SEC-TBILL,GL-1200,2025-04-08,0.2419,9737547.59,true
2025-01-07,SEC-BOND-06,SECURITY_HOLDING,GHS,9773750.02,CP-GOG,SEC-BOND,GL-1200,2027-01-07,0.2419,9773750.02,true
2025-01-07,SEC-BOND-07,SECURITY_HOLDING,GHS,8999722.40,CP-GOG,SEC-BOND,GL-1200,2030-01-06,0.2419,8999722.40,true
2025-01-07,SEC-BOND-08,SECURITY_HOLDING,GHS,9059967.54,CP-GOG,SEC-BOND,GL-1200,2027-01-07,0.2419,9059967.54,true
2025-01-07,SEC-BOND-09,SECURITY_HOLDING,GHS,9133604.75,CP-GOG,SEC-BOND,GL-1200,2028-01-07,0.2419,9133604.75,true
2025-01-08,SEC-TBILL-00,SECURITY_HOLDING,GHS,9859561.89,CP-GOG,SEC-TBILL,GL-1200,2025-07-09,0.2330,9859561.89,true
2025-01-08,SEC-TBILL-01,SECURITY_HOLDING,GHS,6434837.50,CP-GOG,SEC-TBILL,GL-1200,2025-04-09,0.2330,6434837.50,true
2025-01-08,SEC-TBILL-02,SECURITY_HOLDING,GHS,9679186.91,CP-GOG,SEC-TBILL,GL-1200,2026-01-07,0.2330,9679186.91,true
2025-01-08,SEC-TBILL-03,SECURITY_HOLDING,GHS,9165464.20,CP-GOG,SEC-TBILL,GL-1200,2026-01-07,0.2330,9165464.20,true
2025-01-08,SEC-TBILL-04,SECURITY_HOLDING,GHS,11744360.74,CP-GOG,SEC-TBILL,GL-1200,2025-07-09,0.2330,11744360.74,true
2025-01-08,SEC-TBILL-05,SECURITY_HOLDING,GHS,7774887.76,CP-GOG,SEC-TBILL,GL-1200,2025-07-09,0.2330,7774887.76,true
2025-01-08,SEC-BOND-06,SECURITY_HOLDING,GHS,7806158.85,CP-GOG,SEC-BOND,GL-1200,2028-01-08,0.2330,7806158.85,true
2025-01-08,SEC-BOND-07,SECURITY_HOLDING,GHS,7137565.81,CP-GOG,SEC-BOND,GL-1200,2030-01-07,0.2330,7137565.81,true
2025-01-08,SEC-BOND-08,SECURITY_HOLDING,GHS,7189604.63,CP-GOG,SEC-BOND,GL-1200,2027-01-08,0.2330,7189604.63,true
2025-01-08,SEC-BOND-09,SECURITY_HOLDING,GHS,7253211.31,CP-GOG,SEC-BOND,GL-1200,2030-01-07,0.2330,7253211.31,true
2025-01-09,SEC-TBILL-00,SECURITY_HOLDING,GHS,9170654.50,CP-GOG,SEC-TBILL,GL-1200,2026-01-08,0.2259,9170654.50,true
2025-01-09,SEC-TBILL-01,SECURITY_HOLDING,GHS,5765480.71,CP-GOG,SEC-TBILL,GL-1200,2026-01-08,0.2259,5765480.71,true
2025-01-09,SEC-TBILL-02,SECURITY_HOLDING,GHS,8991309.22,CP-GOG,SEC-TBILL,GL-1200,2025-07-10,0.2259,8991309.22,true
2025-01-09,SEC-TBILL-03,SECURITY_HOLDING,GHS,8480519.18,CP-GOG,SEC-TBILL,GL-1200,2025-04-10,0.2259,8480519.18,true
2025-01-09,SEC-TBILL-04,SECURITY_HOLDING,GHS,7310154.39,CP-GOG,SEC-TBILL,GL-1200,2025-07-10,0.2259,7310154.39,true
2025-01-09,SEC-TBILL-05,SECURITY_HOLDING,GHS,10502189.57,CP-GOG,SEC-TBILL,GL-1200,2025-04-10,0.2259,10502189.57,true
2025-01-09,SEC-BOND-06,SECURITY_HOLDING,GHS,7128973.65,CP-GOG,SEC-BOND,GL-1200,2030-01-08,0.2259,7128973.65,true
2025-01-09,SEC-BOND-07,SECURITY_HOLDING,GHS,9868505.89,CP-GOG,SEC-BOND,GL-1200,2030-01-08,0.2259,9868505.89,true
2025-01-09,SEC-BOND-08,SECURITY_HOLDING,GHS,9920247.63,CP-GOG,SEC-BOND,GL-1200,2030-01-08,0.2259,9920247.63,true
2025-01-09,SEC-BOND-09,SECURITY_HOLDING,GHS,6579182.70,CP-GOG,SEC-BOND,GL-1200,2028-01-09,0.2259,6579182.70,true
2025-01-10,SEC-TBILL-00,SECURITY_HOLDING,GHS,4906461.77,CP-GOG,SEC-TBILL,GL-1200,2025-04-11,0.2569,4906461.77,true
2025-01-10,SEC-TBILL-01,SECURITY_HOLDING,GHS,8720171.83,CP-GOG,SEC-TBILL,GL-1200,2025-07-11,0.2569,8720171.83,true
2025-01-10,SEC-TBILL-02,SECURITY_HOLDING,GHS,8537865.89,CP-GOG,SEC-TBILL,GL-1200,2025-04-11,0.2569,8537865.89,true
2025-01-10,SEC-TBILL-03,SECURITY_HOLDING,GHS,11662065.47,CP-GOG,SEC-TBILL,GL-1200,2025-04-11,0.2569,11662065.47,true
2025-01-10,SEC-TBILL-04,SECURITY_HOLDING,GHS,10466612.42,CP-GOG,SEC-TBILL,GL-1200,2025-07-11,0.2569,10466612.42,true
2025-01-10,SEC-TBILL-05,SECURITY_HOLDING,GHS,6435194.84,CP-GOG,SEC-TBILL,GL-1200,2025-07-11,0.2569,6435194.84,true
2025-01-10,SEC-BOND-06,SECURITY_HOLDING,GHS,10112892.98,CP-GOG,SEC-BOND,GL-1200,2027-01-10,0.2569,10112892.98,true
2025-01-10,SEC-BOND-07,SECURITY_HOLDING,GHS,5787927.34,CP-GOG,SEC-BOND,GL-1200,2027-01-10,0.2569,5787927.34,true
2025-01-10,SEC-BOND-08,SECURITY_HOLDING,GHS,9486717.28,CP-GOG,SEC-BOND,GL-1200,2028-01-10,0.2569,9486717.28,true
2025-01-10,SEC-BOND-09,SECURITY_HOLDING,GHS,9551316.56,CP-GOG,SEC-BOND,GL-1200,2030-01-09,0.2569,9551316.56,true
2025-01-13,SEC-TBILL-00,SECURITY_HOLDING,GHS,9486617.13,CP-GOG,SEC-TBILL,GL-1200,2025-07-14,0.2338,9486617.13,true
2025-01-13,SEC-TBILL-01,SECURITY_HOLDING,GHS,6216811.46,CP-GOG,SEC-TBILL,GL-1200,2026-01-12,0.2338,6216811.46,true
2025-01-13,SEC-TBILL-02,SECURITY_HOLDING,GHS,9314401.49,CP-GOG,SEC-TBILL,GL-1200,2026-01-12,0.2338,9314401.49,true
2025-01-13,SEC-TBILL-03,SECURITY_HOLDING,GHS,8823917.22,CP-GOG,SEC-TBILL,GL-1200,2025-04-14,0.2338,8823917.22,true
2025-01-13,SEC-TBILL-04,SECURITY_HOLDING,GHS,11286156.39,CP-GOG,SEC-TBILL,GL-1200,2025-07-14,0.2338,11286156.39,true
2025-01-13,SEC-TBILL-05,SECURITY_HOLDING,GHS,7496244.03,CP-GOG,SEC-TBILL,GL-1200,2026-01-12,0.2338,7496244.03,true
2025-01-13,SEC-BOND-06,SECURITY_HOLDING,GHS,7526100.57,CP-GOG,SEC-BOND,GL-1200,2028-01-13,0.2338,7526100.57,true
2025-01-13,SEC-BOND-07,SECURITY_HOLDING,GHS,6887751.59,CP-GOG,SEC-BOND,GL-1200,2027-01-13,0.2338,6887751.59,true
2025-01-13,SEC-BOND-08,SECURITY_HOLDING,GHS,10206411.19,CP-GOG,SEC-BOND,GL-1200,2028-01-13,0.2338,10206411.19,true
2025-01-13,SEC-BOND-09,SECURITY_HOLDING,GHS,6998165.82,CP-GOG,SEC-BOND,GL-1200,2028-01-13,0.2338,6998165.82,true
2025-01-14,SEC-TBILL-00,SECURITY_HOLDING,GHS,8423662.72,CP-GOG,SEC-TBILL,GL-1200,2025-07-15,0.2267,8423662.72,true
2025-01-14,SEC-TBILL-01,SECURITY_HOLDING,GHS,8422874.45,CP-GOG,SEC-TBILL,GL-1200,2026-01-13,0.2267,8422874.45,true
2025-01-14,SEC-TBILL-02,SECURITY_HOLDING,GHS,8260281.36,CP-GOG,SEC-TBILL,GL-1200,2025-04-15,0.2267,8260281.36,true
2025-01-14,SEC-TBILL-03,SECURITY_HOLDING,GHS,4543256.40,CP-GOG,SEC-TBILL,GL-1200,2026-01-13,0.2267,4543256.40,true
2025-01-14,SEC-TBILL-04,SECURITY_HOLDING,GHS,9980471.38,CP-GOG,SEC-TBILL,GL-1200,2025-07-15,0.2267,9980471.38,true
2025-01-14,SEC-TBILL-05,SECURITY_HOLDING,GHS,9636674.88,CP-GOG,SEC-TBILL,GL-1200,2025-04-15,0.2267,9636674.88,true
2025-01-14,SEC-BOND-06,SECURITY_HOLDING,GHS,9664999.84,CP-GOG,SEC-BOND,GL-1200,2027-01-14,0.2267,9664999.84,true
2025-01-14,SEC-BOND-07,SECURITY_HOLDING,GHS,9059396.79,CP-GOG,SEC-BOND,GL-1200,2027-01-14,0.2267,9059396.79,true
2025-01-14,SEC-BOND-08,SECURITY_HOLDING,GHS,9106532.89,CP-GOG,SEC-BOND,GL-1200,2030-01-13,0.2267,9106532.89,true
2025-01-14,SEC-BOND-09,SECURITY_HOLDING,GHS,9164147.01,CP-GOG,SEC-BOND,GL-1200,2030-01-13,0.2267,9164147.01,true
2025-01-15,SEC-TBILL-00,SECURITY_HOLDING,GHS,9364252.76,CP-GOG,SEC-TBILL,GL-1200,2025-04-16,0.2578,9364252.76,true
2025-01-15,SEC-TBILL-01,SECURITY_HOLDING,GHS,5590206.39,CP-GOG,SEC-TBILL,GL-1200,2025-04-16,0.2578,5590206.39,true
2025-01-15,SEC-TBILL-02,SECURITY_HOLDING,GHS,9348481.38,CP-GOG,SEC-TBILL,GL-1200,2025-04-16,0.2578,9348481.38,true
2025-01-15,SEC-TBILL-03,SECURITY_HOLDING,GHS,12738448.15,CP-GOG,SEC-TBILL,GL-1200,2026-01-14,0.2578,12738448.15,true
2025-01-15,SEC-TBILL-04,SECURITY_HOLDING,GHS,11441301.14,CP-GOG,SEC-TBILL,GL-1200,2026-01-14,0.2578,11441301.14,true
2025-01-15,SEC-TBILL-05,SECURITY_HOLDING,GHS,7066941.81,CP-GOG,SEC-TBILL,GL-1200,2025-07-16,0.2578,7066941.81,true
2025-01-15,SEC-BOND-06,SECURITY_HOLDING,GHS,7101402.55,CP-GOG,SEC-BOND,GL-1200,2030-01-14,0.2578,7101402.55,true
2025-01-15,SEC-BOND-07,SECURITY_HOLDING,GHS,6364613.01,CP-GOG,SEC-BOND,GL-1200,2028-01-15,0.2578,6364613.01,true
2025-01-15,SEC-BOND-08,SECURITY_HOLDING,GHS,6421959.79,CP-GOG,SEC-BOND,GL-1200,2030-01-14,0.2578,6421959.79,true
2025-01-15,SEC-BOND-09,SECURITY_HOLDING,GHS,10448143.55,CP-GOG,SEC-BOND,GL-1200,2030-01-14,0.2578,10448143.55,true
2025-01-16,SEC-TBILL-00,SECURITY_HOLDING,GHS,8776992.97,CP-GOG,SEC-TBILL,GL-1200,2025-04-17,0.2107,8776992.97,true
2025-01-16,SEC-TBILL-01,SECURITY_HOLDING,GHS,12969528.58,CP-GOG,SEC-TBILL,GL-1200,2025-04-17,0.2107,12969528.58,true
2025-01-16,SEC-TBILL-02,SECURITY_HOLDING,GHS,8575606.49,CP-GOG,SEC-TBILL,GL-1200,2025-04-17,0.2107,8575606.49,true
2025-01-16,SEC-TBILL-03,SECURITY_HOLDING,GHS,8002041.31,CP-GOG,SEC-TBILL,GL-1200,2025-07-17,0.2107,8002041.31,true
2025-01-16,SEC-TBILL-04,SECURITY_HOLDING,GHS,6687840.85,CP-GOG,SEC-TBILL,GL-1200,2026-01-15,0.2107,6687840.85,true
2025-01-16,SEC-TBILL-05,SECURITY_HOLDING,GHS,10272171.24,CP-GOG,SEC-TBILL,GL-1200,2025-04-17,0.2107,10272171.24,true
2025-01-16,SEC-BOND-06,SECURITY_HOLDING,GHS,6484393.32,CP-GOG,SEC-BOND,GL-1200,2028-01-16,0.2107,6484393.32,true
2025-01-16,SEC-BOND-07,SECURITY_HOLDING,GHS,5737917.29,CP-GOG,SEC-BOND,GL-1200,2027-01-16,0.2107,5737917.29,true
2025-01-16,SEC-BOND-08,SECURITY_HOLDING,GHS,9618709.71,CP-GOG,SEC-BOND,GL-1200,2028-01-16,0.2107,9618709.71,true
2025-01-16,SEC-BOND-09,SECURITY_HOLDING,GHS,5867034.08,CP-GOG,SEC-BOND,GL-1200,2027-01-16,0.2107,5867034.08,true
2025-01-17,SEC-TBILL-00,SECURITY_HOLDING,GHS,8236444.73,CP-GOG,SEC-TBILL,GL-1200,2026-01-16,0.2417,8236444.73,true
2025-01-17,SEC-TBILL-01,SECURITY_HOLDING,GHS,8235452.64,CP-GOG,SEC-TBILL,GL-1200,2025-07-18,0.2417,8235452.64,true
2025-01-17,SEC-TBILL-02,SECURITY_HOLDING,GHS,8030818.56,CP-GOG,SEC-TBILL,GL-1200,2025-04-18,0.2417,8030818.56,true
2025-01-17,SEC-TBILL-03,SECURITY_HOLDING,GHS,7445178.41,CP-GOG,SEC-TBILL,GL-1200,2025-07-18,0.2417,7445178.41,true
2025-01-17,SEC-TBILL-04,SECURITY_HOLDING,GHS,6103310.78,CP-GOG,SEC-TBILL,GL-1200,2025-04-18,0.2417,6103310.78,true
2025-01-17,SEC-TBILL-05,SECURITY_HOLDING,GHS,9763100.19,CP-GOG,SEC-TBILL,GL-1200,2026-01-16,0.2417,9763100.19,true
2025-01-17,SEC-BOND-06,SECURITY_HOLDING,GHS,9798749.01,CP-GOG,SEC-BOND,GL-1200,2027-01-17,0.2417,9798749.01,true
2025-01-17,SEC-BOND-07,SECURITY_HOLDING,GHS,9036557.81,CP-GOG,SEC-BOND,GL-1200,2027-01-17,0.2417,9036557.81,true
2025-01-17,SEC-BOND-08,SECURITY_HOLDING,GHS,9095881.68,CP-GOG,SEC-BOND,GL-1200,2028-01-17,0.2417,9095881.68,true
2025-01-17,SEC-BOND-09,SECURITY_HOLDING,GHS,9168392.83,CP-GOG,SEC-BOND,GL-1200,2030-01-16,0.2417,9168392.83,true
2025-01-20,SEC-TBILL-00,SECURITY_HOLDING,GHS,10065408.89,CP-GOG,SEC-TBILL,GL-1200,2026-01-19,0.2186,10065408.89,true
2025-01-20,SEC-TBILL-01,SECURITY_HOLDING,GHS,6044980.50,CP-GOG,SEC-TBILL,GL-1200,2025-07-21,0.2186,6044980.50,true
2025-01-20,SEC-TBILL-02,SECURITY_HOLDING,GHS,9853659.10,CP-GOG,SEC-TBILL,GL-1200,2025-07-21,0.2186,9853659.10,true
2025-01-20,SEC-TBILL-03,SECURITY_HOLDING,GHS,9250578.35,CP-GOG,SEC-TBILL,GL-1200,2025-07-21,0.2186,9250578.35,true
2025-01-20,SEC-TBILL-04,SECURITY_HOLDING,GHS,12278053.76,CP-GOG,SEC-TBILL,GL-1200,2025-04-21,0.2186,12278053.76,true
2025-01-20,SEC-TBILL-05,SECURITY_HOLDING,GHS,7618122.01,CP-GOG,SEC-TBILL,GL-1200,2025-04-21,0.2186,7618122.01,true
2025-01-20,SEC-BOND-06,SECURITY_HOLDING,GHS,7654832.46,CP-GOG,SEC-BOND,GL-1200,2030-01-19,0.2186,7654832.46,true
2025-01-20,SEC-BOND-07,SECURITY_HOLDING,GHS,6869942.90,CP-GOG,SEC-BOND,GL-1200,2030-01-19,0.2186,6869942.90,true
2025-01-20,SEC-BOND-08,SECURITY_HOLDING,GHS,6931033.46,CP-GOG,SEC-BOND,GL-1200,2027-01-20,0.2186,6931033.46,true
2025-01-20,SEC-BOND-09,SECURITY_HOLDING,GHS,7005704.02,CP-GOG,SEC-BOND,GL-1200,2027-01-20,0.2186,7005704.02,true
2025-01-21,SEC-TBILL-00,SECURITY_HOLDING,GHS,8690316.78,CP-GOG,SEC-TBILL,GL-1200,2025-07-22,0.2115,8690316.78,true
2025-01-21,SEC-TBILL-01,SECURITY_HOLDING,GHS,8689364.02,CP-GOG,SEC-TBILL,GL-1200,2026-01-20,0.2115,8689364.02,true
2025-01-21,SEC-TBILL-02,SECURITY_HOLDING,GHS,8492841.20,CP-GOG,SEC-TBILL,GL-1200,2026-01-20,0.2115,8492841.20,true
2025-01-21,SEC-TBILL-03,SECURITY_HOLDING,GHS,7930414.58,CP-GOG,SEC-TBILL,GL-1200,2025-04-22,0.2115,7930414.58,true
2025-01-21,SEC-TBILL-04,SECURITY_HOLDING,GHS,6641735.73,CP-GOG,SEC-TBILL,GL-1200,2025-07-22,0.2115,6641735.73,true
2025-01-21,SEC-TBILL-05,SECURITY_HOLDING,GHS,10156458.87,CP-GOG,SEC-TBILL,GL-1200,2025-07-22,0.2115,10156458.87,true
2025-01-21,SEC-BOND-06,SECURITY_HOLDING,GHS,6442239.13,CP-GOG,SEC-BOND,GL-1200,2027-01-21,0.2115,6442239.13,true
2025-01-21,SEC-BOND-07,SECURITY_HOLDING,GHS,9458715.08,CP-GOG,SEC-BOND,GL-1200,2027-01-21,0.2115,9458715.08,true
2025-01-21,SEC-BOND-08,SECURITY_HOLDING,GHS,9515687.48,CP-GOG,SEC-BOND,GL-1200,2027-01-21,0.2115,9515687.48,true
2025-01-21,SEC-BOND-09,SECURITY_HOLDING,GHS,9585324.44,CP-GOG,SEC-BOND,GL-1200,2028-01-21,0.2115,9585324.44,true
2025-01-22,SEC-TBILL-00,SECURITY_HOLDING,GHS,10631375.42,CP-GOG,SEC-TBILL,GL-1200,2025-04-23,0.2426,10631375.42,true
2025-01-22,SEC-TBILL-01,SECURITY_HOLDING,GHS,7236664.28,CP-GOG,SEC-TBILL,GL-1200,2025-07-23,0.2426,7236664.28,true
2025-01-22,SEC-TBILL-02,SECURITY_HOLDING,GHS,7058732.68,CP-GOG,SEC-TBILL,GL-1200,2025-04-23,0.2426,7058732.68,true
2025-01-22,SEC-TBILL-03,SECURITY_HOLDING,GHS,10107968.66,CP-GOG,SEC-TBILL,GL-1200,2026-01-21,0.2426,10107968.66,true
2025-01-22,SEC-TBILL-04,SECURITY_HOLDING,GHS,8941199.90,CP-GOG,SEC-TBILL,GL-1200,2025-07-23,0.2426,8941199.90,true
2025-01-22,SEC-TBILL-05,SECURITY_HOLDING,GHS,8564970.74,CP-GOG,SEC-TBILL,GL-1200,2025-04-23,0.2426,8564970.74,true
2025-01-22,SEC-BOND-06,SECURITY_HOLDING,GHS,8595967.78,CP-GOG,SEC-BOND,GL-1200,2030-01-21,0.2426,8595967.78,true
2025-01-22,SEC-BOND-07,SECURITY_HOLDING,GHS,7933234.10,CP-GOG,SEC-BOND,GL-1200,2027-01-22,0.2426,7933234.10,true
2025-01-22,SEC-BOND-08,SECURITY_HOLDING,GHS,7984816.86,CP-GOG,SEC-BOND,GL-1200,2027-01-22,0.2426,7984816.86,true
2025-01-22,SEC-BOND-09,SECURITY_HOLDING,GHS,8047866.11,CP-GOG,SEC-BOND,GL-1200,2030-01-21,0.2426,8047866.11,true
2025-01-23,SEC-TBILL-00,SECURITY_HOLDING,GHS,6676093.28,CP-GOG,SEC-TBILL,GL-1200,2026-01-22,0.2355,6676093.28,true
2025-01-23,SEC-TBILL-01,SECURITY_HOLDING,GHS,10533411.09,CP-GOG,SEC-TBILL,GL-1200,2025-04-24,0.2355,10533411.09,true
2025-01-23,SEC-TBILL-02,SECURITY_HOLDING,GHS,10178437.26,CP-GOG,SEC-TBILL,GL-1200,2025-07-24,0.2355,10178437.26,true
2025-01-23,SEC-TBILL-03,SECURITY_HOLDING,GHS,5963103.54,CP-GOG,SEC-TBILL,GL-1200,2025-07-24,0.2355,5963103.54,true
2025-01-23,SEC-TBILL-04,SECURITY_HOLDING,GHS,8612192.86,CP-GOG,SEC-TBILL,GL-1200,2025-07-24,0.2355,8612192.86,true
2025-01-23,SEC-TBILL-05,SECURITY_HOLDING,GHS,8051723.28,CP-GOG,SEC-TBILL,GL-1200,2025-04-24,0.2355,8051723.28,true
2025-01-23,SEC-BOND-06,SECURITY_HOLDING,GHS,8254428.84,CP-GOG,SEC-BOND,GL-1200,2027-01-23,0.2355,8254428.84,true
2025-01-23,SEC-BOND-07,SECURITY_HOLDING,GHS,11255266.37,CP-GOG,SEC-BOND,GL-1200,2030-01-22,0.2355,11255266.37,true
2025-01-23,SEC-BOND-08,SECURITY_HOLDING,GHS,7450509.83,CP-GOG,SEC-BOND,GL-1200,2030-01-22,0.2355,7450509.83,true
2025-01-23,SEC-BOND-09,SECURITY_HOLDING,GHS,7686431.09,CP-GOG,SEC-BOND,GL-1200,2027-01-23,0.2355,7686431.09,true
2025-01-24,SEC-TBILL-00,SECURITY_HOLDING,GHS,7242970.51,CP-GOG,SEC-TBILL,GL-1200,2025-04-25,0.2266,7242970.51,true
2025-01-24,SEC-TBILL-01,SECURITY_HOLDING,GHS,7241895.41,CP-GOG,SEC-TBILL,GL-1200,2026-01-23,0.2266,7241895.41,true
2025-01-24,SEC-TBILL-02,SECURITY_HOLDING,GHS,7020138.60,CP-GOG,SEC-TBILL,GL-1200,2025-07-25,0.2266,7020138.60,true
2025-01-24,SEC-TBILL-03,SECURITY_HOLDING,GHS,6385495.10,CP-GOG,SEC-TBILL,GL-1200,2025-04-25,0.2266,6385495.10,true
2025-01-24,SEC-TBILL-04,SECURITY_HOLDING,GHS,13801181.99,CP-GOG,SEC-TBILL,GL-1200,2025-07-25,0.2266,13801181.99,true
2025-01-24,SEC-TBILL-05,SECURITY_HOLDING,GHS,8897368.65,CP-GOG,SEC-TBILL,GL-1200,2025-07-25,0.2266,8897368.65,true
2025-01-24,SEC-BOND-06,SECURITY_HOLDING,GHS,8936000.38,CP-GOG,SEC-BOND,GL-1200,2027-01-24,0.2266,8936000.38,true
2025-01-24,SEC-BOND-07,SECURITY_HOLDING,GHS,8110032.94,CP-GOG,SEC-BOND,GL-1200,2027-01-24,0.2266,8110032.94,true
2025-01-24,SEC-BOND-08,SECURITY_HOLDING,GHS,8174320.73,CP-GOG,SEC-BOND,GL-1200,2028-01-24,0.2266,8174320.73,true
2025-01-24,SEC-BOND-09,SECURITY_HOLDING,GHS,8252899.24,CP-GOG,SEC-BOND,GL-1200,2028-01-24,0.2266,8252899.24,true
2025-01-27,SEC-TBILL-00,SECURITY_HOLDING,GHS,9851510.21,CP-GOG,SEC-TBILL,GL-1200,2026-01-26,0.2435,9851510.21,true
2025-01-27,SEC-TBILL-01,SECURITY_HOLDING,GHS,10002169.25,CP-GOG,SEC-TBILL,GL-1200,2025-07-28,0.2435,10002169.25,true
2025-01-27,SEC-TBILL-02,SECURITY_HOLDING,GHS,9687005.07,CP-GOG,SEC-TBILL,GL-1200,2025-04-28,0.2435,9687005.07,true
2025-01-27,SEC-TBILL-03,SECURITY_HOLDING,GHS,5944413.25,CP-GOG,SEC-TBILL,GL-1200,2026-01-26,0.2435,5944413.25,true
2025-01-27,SEC-TBILL-04,SECURITY_HOLDING,GHS,8296412.10,CP-GOG,SEC-TBILL,GL-1200,2025-04-28,0.2435,8296412.10,true
2025-01-27,SEC-TBILL-05,SECURITY_HOLDING,GHS,4676183.15,CP-GOG,SEC-TBILL,GL-1200,2026-01-26,0.2435,4676183.15,true
2025-01-27,SEC-BOND-06,SECURITY_HOLDING,GHS,7978770.64,CP-GOG,SEC-BOND,GL-1200,2030-01-26,0.2435,7978770.64,true
2025-01-27,SEC-BOND-07,SECURITY_HOLDING,GHS,10643069.79,CP-GOG,SEC-BOND,GL-1200,2030-01-26,0.2435,10643069.79,true
2025-01-27,SEC-BOND-08,SECURITY_HOLDING,GHS,10690530.10,CP-GOG,SEC-BOND,GL-1200,2027-01-27,0.2435,10690530.10,true
2025-01-27,SEC-BOND-09,SECURITY_HOLDING,GHS,7474472.79,CP-GOG,SEC-BOND,GL-1200,2028-01-27,0.2435,7474472.79,true
2025-01-28,SEC-TBILL-00,SECURITY_HOLDING,GHS,6437585.18,CP-GOG,SEC-TBILL,GL-1200,2025-04-29,0.2764,6437585.18,true
2025-01-28,SEC-TBILL-01,SECURITY_HOLDING,GHS,10113815.92,CP-GOG,SEC-TBILL,GL-1200,2025-07-29,0.2764,10113815.92,true
2025-01-28,SEC-TBILL-02,SECURITY_HOLDING,GHS,6260999.16,CP-GOG,SEC-TBILL,GL-1200,2025-07-29,0.2764,6260999.16,true
2025-01-28,SEC-TBILL-03,SECURITY_HOLDING,GHS,5758067.73,CP-GOG,SEC-TBILL,GL-1200,2026-01-27,0.2764,5758067.73,true
2025-01-28,SEC-TBILL-04,SECURITY_HOLDING,GHS,11634724.52,CP-GOG,SEC-TBILL,GL-1200,2025-07-29,0.2764,11634724.52,true
2025-01-28,SEC-TBILL-05,SECURITY_HOLDING,GHS,7748634.35,CP-GOG,SEC-TBILL,GL-1200,2025-07-29,0.2764,7748634.35,true
2025-01-28,SEC-BOND-06,SECURITY_HOLDING,GHS,11456331.27,CP-GOG,SEC-BOND,GL-1200,2028-01-28,0.2764,11456331.27,true
2025-01-28,SEC-BOND-07,SECURITY_HOLDING,GHS,7124700.00,CP-GOG,SEC-BOND,GL-1200,2030-01-27,0.2764,7124700.00,true
2025-01-28,SEC-BOND-08,SECURITY_HOLDING,GHS,7175645.69,CP-GOG,SEC-BOND,GL-1200,2027-01-28,0.2764,7175645.69,true
2025-01-28,SEC-BOND-09,SECURITY_HOLDING,GHS,10914998.96,CP-GOG,SEC-BOND,GL-1200,2030-01-27,0.2764,10914998.96,true
2025-01-29,SEC-TBILL-00,SECURITY_HOLDING,GHS,10914468.15,CP-GOG,SEC-TBILL,GL-1200,2026-01-28,0.2274,10914468.15,true
2025-01-29,SEC-TBILL-01,SECURITY_HOLDING,GHS,6922393.95,CP-GOG,SEC-TBILL,GL-1200,2026-01-28,0.2274,6922393.95,true
2025-01-29,SEC-TBILL-02,SECURITY_HOLDING,GHS,6713151.95,CP-GOG,SEC-TBILL,GL-1200,2025-07-30,0.2274,6713151.95,true
2025-01-29,SEC-TBILL-03,SECURITY_HOLDING,GHS,6114324.45,CP-GOG,SEC-TBILL,GL-1200,2025-04-30,0.2274,6114324.45,true
2025-01-29,SEC-TBILL-04,SECURITY_HOLDING,GHS,13111508.26,CP-GOG,SEC-TBILL,GL-1200,2025-07-30,0.2274,13111508.26,true
2025-01-29,SEC-TBILL-05,SECURITY_HOLDING,GHS,8484440.83,CP-GOG,SEC-TBILL,GL-1200,2025-07-30,0.2274,8484440.83,true
2025-01-29,SEC-BOND-06,SECURITY_HOLDING,GHS,8520892.38,CP-GOG,SEC-BOND,GL-1200,2027-01-29,0.2274,8520892.38,true
2025-01-29,SEC-BOND-07,SECURITY_HOLDING,GHS,7741538.28,CP-GOG,SEC-BOND,GL-1200,2028-01-29,0.2274,7741538.28,true
2025-01-29,SEC-BOND-08,SECURITY_HOLDING,GHS,7802197.99,CP-GOG,SEC-BOND,GL-1200,2030-01-28,0.2274,7802197.99,true
2025-01-29,SEC-BOND-09,SECURITY_HOLDING,GHS,7876341.94,CP-GOG,SEC-BOND,GL-1200,2027-01-29,0.2274,7876341.94,true
2025-01-30,SEC-TBILL-00,SECURITY_HOLDING,GHS,8790683.10,CP-GOG,SEC-TBILL,GL-1200,2025-05-01,0.2203,8790683.10,true
2025-01-30,SEC-TBILL-01,SECURITY_HOLDING,GHS,5340991.21,CP-GOG,SEC-TBILL,GL-1200,2026-01-29,0.2203,5340991.21,true
2025-01-30,SEC-TBILL-02,SECURITY_HOLDING,GHS,8608993.12,CP-GOG,SEC-TBILL,GL-1200,2026-01-29,0.2203,8608993.12,true
2025-01-30,SEC-TBILL-03,SECURITY_HOLDING,GHS,11707614.53,CP-GOG,SEC-TBILL,GL-1200,2026-01-29,0.2203,11707614.53,true
2025-01-30,SEC-TBILL-04,SECURITY_HOLDING,GHS,10689222.83,CP-GOG,SEC-TBILL,GL-1200,2026-01-29,0.2203,10689222.83,true
2025-01-30,SEC-TBILL-05,SECURITY_HOLDING,GHS,10139626.21,CP-GOG,SEC-TBILL,GL-1200,2025-05-01,0.2203,10139626.21,true
2025-01-30,SEC-BOND-06,SECURITY_HOLDING,GHS,6722310.00,CP-GOG,SEC-BOND,GL-1200,2028-01-30,0.2203,6722310.00,true
2025-01-30,SEC-BOND-07,SECURITY_HOLDING,GHS,6048842.67,CP-GOG,SEC-BOND,GL-1200,2027-01-30,0.2203,6048842.67,true
2025-01-30,SEC-BOND-08,SECURITY_HOLDING,GHS,9550076.16,CP-GOG,SEC-BOND,GL-1200,2028-01-30,0.2203,9550076.16,true
2025-01-30,SEC-BOND-09,SECURITY_HOLDING,GHS,6165331.26,CP-GOG,SEC-BOND,GL-1200,2030-01-29,0.2203,6165331.26,true
2025-01-31,SEC-TBILL-00,SECURITY_HOLDING,GHS,8002148.77,CP-GOG,SEC-TBILL,GL-1200,2025-05-02,0.2514,8002148.77,true
2025-01-31,SEC-TBILL-01,SECURITY_HOLDING,GHS,11551868.51,CP-GOG,SEC-TBILL,GL-1200,2025-08-01,0.2514,11551868.51,true
2025-01-31,SEC-TBILL-02,SECURITY_HOLDING,GHS,7823750.28,CP-GOG,SEC-TBILL,GL-1200,2025-08-01,0.2514,7823750.28,true
2025-01-31,SEC-TBILL-03,SECURITY_HOLDING,GHS,10866237.22,CP-GOG,SEC-TBILL,GL-1200,2025-08-01,0.2514,10866237.22,true
2025-01-31,SEC-TBILL-04,SECURITY_HOLDING,GHS,9702050.93,CP-GOG,SEC-TBILL,GL-1200,2025-08-01,0.2514,9702050.93,true
2025-01-31,SEC-TBILL-05,SECURITY_HOLDING,GHS,5776074.05,CP-GOG,SEC-TBILL,GL-1200,2025-08-01,0.2514,5776074.05,true
2025-01-31,SEC-BOND-06,SECURITY_HOLDING,GHS,9357582.94,CP-GOG,SEC-BOND,GL-1200,2028-01-31,0.2514,9357582.94,true
2025-01-31,SEC-BOND-07,SECURITY_HOLDING,GHS,5145735.66,CP-GOG,SEC-BOND,GL-1200,2030-01-30,0.2514,5145735.66,true
2025-01-31,SEC-BOND-08,SECURITY_HOLDING,GHS,8747784.70,CP-GOG,SEC-BOND,GL-1200,2027-01-31,0.2514,8747784.70,true
2025-01-31,SEC-BOND-09,SECURITY_HOLDING,GHS,8810694.40,CP-GOG,SEC-BOND,GL-1200,2030-01-30,0.2514,8810694.40,true
2025-02-03,SEC-TBILL-00,SECURITY_HOLDING,GHS,10391753.41,CP-GOG,SEC-TBILL,GL-1200,2026-02-02,0.2283,10391753.41,true
2025-02-03,SEC-TBILL-01,SECURITY_HOLDING,GHS,6621676.58,CP-GOG,SEC-TBILL,GL-1200,2026-02-02,0.2283,6621676.58,true
2025-02-03,SEC-TBILL-02,SECURITY_HOLDING,GHS,10193189.25,CP-GOG,SEC-TBILL,GL-1200,2025-08-04,0.2283,10193189.25,true
2025-02-03,SEC-TBILL-03,SECURITY_HOLDING,GHS,5858543.44,CP-GOG,SEC-TBILL,GL-1200,2025-05-05,0.2283,5858543.44,true
2025-02-03,SEC-TBILL-04,SECURITY_HOLDING,GHS,12466617.16,CP-GOG,SEC-TBILL,GL-1200,2025-05-05,0.2283,12466617.16,true
2025-02-03,SEC-TBILL-05,SECURITY_HOLDING,GHS,8096858.77,CP-GOG,SEC-TBILL,GL-1200,2025-05-05,0.2283,8096858.77,true
2025-02-03,SEC-BOND-06,SECURITY_HOLDING,GHS,8131283.27,CP-GOG,SEC-BOND,GL-1200,2028-02-03,0.2283,8131283.27,true
2025-02-03,SEC-BOND-07,SECURITY_HOLDING,GHS,7395268.68,CP-GOG,SEC-BOND,GL-1200,2030-02-02,0.2283,7395268.68,true
2025-02-03,SEC-BOND-08,SECURITY_HOLDING,GHS,7452555.14,CP-GOG,SEC-BOND,GL-1200,2028-02-03,0.2283,7452555.14,true
2025-02-03,SEC-BOND-09,SECURITY_HOLDING,GHS,7522575.97,CP-GOG,SEC-BOND,GL-1200,2027-02-03,0.2283,7522575.97,true
2025-02-04,SEC-TBILL-00,SECURITY_HOLDING,GHS,8804633.45,CP-GOG,SEC-TBILL,GL-1200,2025-05-06,0.2212,8804633.45,true
2025-02-04,SEC-TBILL-01,SECURITY_HOLDING,GHS,5379498.17,CP-GOG,SEC-TBILL,GL-1200,2025-05-06,0.2212,5379498.17,true
2025-02-04,SEC-TBILL-02,SECURITY_HOLDING,GHS,8624236.83,CP-GOG,SEC-TBILL,GL-1200,2025-05-06,0.2212,8624236.83,true
2025-02-04,SEC-TBILL-03,SECURITY_HOLDING,GHS,11700800.72,CP-GOG,SEC-TBILL,GL-1200,2025-08-05,0.2212,11700800.72,true
2025-02-04,SEC-TBILL-04,SECURITY_HOLDING,GHS,10523575.12,CP-GOG,SEC-TBILL,GL-1200,2025-08-05,0.2212,10523575.12,true
2025-02-04,SEC-TBILL-05,SECURITY_HOLDING,GHS,6553625.89,CP-GOG,SEC-TBILL,GL-1200,2026-02-03,0.2212,6553625.89,true
2025-02-04,SEC-BOND-06,SECURITY_HOLDING,GHS,6750984.05,CP-GOG,SEC-BOND,GL-1200,2028-02-04,0.2212,6750984.05,true
2025-02-04,SEC-BOND-07,SECURITY_HOLDING,GHS,9672659.03,CP-GOG,SEC-BOND,GL-1200,2030-02-03,0.2212,9672659.03,true
2025-02-04,SEC-BOND-08,SECURITY_HOLDING,GHS,9558620.77,CP-GOG,SEC-BOND,GL-1200,2027-02-04,0.2212,9558620.77,true
2025-02-04,SEC-BOND-09,SECURITY_HOLDING,GHS,6197970.16,CP-GOG,SEC-BOND,GL-1200,2030-02-03,0.2212,6197970.16,true
2025-02-05,SEC-TBILL-00,SECURITY_HOLDING,GHS,8696398.08,CP-GOG,SEC-TBILL,GL-1200,2025-05-07,0.2522,8696398.08,true
2025-02-05,SEC-TBILL-01,SECURITY_HOLDING,GHS,12777747.82,CP-GOG,SEC-TBILL,GL-1200,2026-02-04,0.2522,12777747.82,true
2025-02-05,SEC-TBILL-02,SECURITY_HOLDING,GHS,8680843.12,CP-GOG,SEC-TBILL,GL-1200,2026-02-04,0.2522,8680843.12,true
2025-02-05,SEC-TBILL-03,SECURITY_HOLDING,GHS,12024293.70,CP-GOG,SEC-TBILL,GL-1200,2026-02-04,0.2522,12024293.70,true
2025-02-05,SEC-TBILL-04,SECURITY_HOLDING,GHS,10744945.78,CP-GOG,SEC-TBILL,GL-1200,2026-02-04,0.2522,10744945.78,true
2025-02-05,SEC-TBILL-05,SECURITY_HOLDING,GHS,6430610.20,CP-GOG,SEC-TBILL,GL-1200,2025-05-07,0.2522,6430610.20,true
2025-02-05,SEC-BOND-06,SECURITY_HOLDING,GHS,6464598.09,CP-GOG,SEC-BOND,GL-1200,2027-02-05,0.2522,6464598.09,true
2025-02-05,SEC-BOND-07,SECURITY_HOLDING,GHS,5737918.57,CP-GOG,SEC-BOND,GL-1200,2028-02-05,0.2522,5737918.57,true
2025-02-05,SEC-BOND-08,SECURITY_HOLDING,GHS,5794478.45,CP-GOG,SEC-BOND,GL-1200,2028-02-05,0.2522,5794478.45,true
2025-02-05,SEC-BOND-09,SECURITY_HOLDING,GHS,5863611.19,CP-GOG,SEC-BOND,GL-1200,2028-02-05,0.2522,5863611.19,true
2025-02-06,SEC-TBILL-00,SECURITY_HOLDING,GHS,6965054.53,CP-GOG,SEC-TBILL,GL-1200,2026-02-05,0.2052,6965054.53,true
2025-02-06,SEC-TBILL-01,SECURITY_HOLDING,GHS,10516247.24,CP-GOG,SEC-TBILL,GL-1200,2025-08-07,0.2052,10516247.24,true
2025-02-06,SEC-TBILL-02,SECURITY_HOLDING,GHS,6794474.66,CP-GOG,SEC-TBILL,GL-1200,2025-05-08,0.2052,6794474.66,true
2025-02-06,SEC-TBILL-03,SECURITY_HOLDING,GHS,6308649.21,CP-GOG,SEC-TBILL,GL-1200,2025-08-07,0.2052,6308649.21,true
2025-02-06,SEC-TBILL-04,SECURITY_HOLDING,GHS,8747501.06,CP-GOG,SEC-TBILL,GL-1200,2025-08-07,0.2052,8747501.06,true
2025-02-06,SEC-TBILL-05,SECURITY_HOLDING,GHS,8231511.55,CP-GOG,SEC-TBILL,GL-1200,2025-08-07,0.2052,8231511.55,true
2025-02-06,SEC-BOND-06,SECURITY_HOLDING,GHS,5023159.73,CP-GOG,SEC-BOND,GL-1200,2028-02-06,0.2052,5023159.73,true
2025-02-06,SEC-BOND-07,SECURITY_HOLDING,GHS,11180814.51,CP-GOG,SEC-BOND,GL-1200,2027-02-06,0.2052,11180814.51,true
2025-02-06,SEC-BOND-08,SECURITY_HOLDING,GHS,7678011.71,CP-GOG,SEC-BOND,GL-1200,2030-02-05,0.2052,7678011.71,true
2025-02-06,SEC-BOND-09,SECURITY_HOLDING,GHS,11290179.98,CP-GOG,SEC-BOND,GL-1200,2027-02-06,0.2052,11290179.98,true
2025-02-07,SEC-TBILL-00,SECURITY_HOLDING,GHS,8191952.37,CP-GOG,SEC-TBILL,GL-1200,2026-02-06,0.2781,8191952.37,true
2025-02-07,SEC-TBILL-01,SECURITY_HOLDING,GHS,8190892.88,CP-GOG,SEC-TBILL,GL-1200,2025-08-08,0.2781,8190892.88,true
2025-02-07,SEC-TBILL-02,SECURITY_HOLDING,GHS,7972353.90,CP-GOG,SEC-TBILL,GL-1200,2026-02-06,0.2781,7972353.90,true
2025-02-07,SEC-TBILL-03,SECURITY_HOLDING,GHS,7346919.46,CP-GOG,SEC-TBILL,GL-1200,2026-02-06,0.2781,7346919.46,true
2025-02-07,SEC-TBILL-04,SECURITY_HOLDING,GHS,5913871.84,CP-GOG,SEC-TBILL,GL-1200,2025-05-09,0.2781,5913871.84,true
2025-02-07,SEC-TBILL-05,SECURITY_HOLDING,GHS,9822344.18,CP-GOG,SEC-TBILL,GL-1200,2025-05-09,0.2781,9822344.18,true
2025-02-07,SEC-BOND-06,SECURITY_HOLDING,GHS,9860415.34,CP-GOG,SEC-BOND,GL-1200,2028-02-07,0.2781,9860415.34,true
2025-02-07,SEC-BOND-07,SECURITY_HOLDING,GHS,9046433.20,CP-GOG,SEC-BOND,GL-1200,2027-02-07,0.2781,9046433.20,true
2025-02-07,SEC-BOND-08,SECURITY_HOLDING,GHS,9109788.13,CP-GOG,SEC-BOND,GL-1200,2030-02-06,0.2781,9109788.13,true
2025-02-07,SEC-BOND-09,SECURITY_HOLDING,GHS,9187226.41,CP-GOG,SEC-BOND,GL-1200,2028-02-07,0.2781,9187226.41,true
2025-02-10,SEC-TBILL-00,SECURITY_HOLDING,GHS,8349238.66,CP-GOG,SEC-TBILL,GL-1200,2026-02-09,0.2131,8349238.66,true
2025-02-10,SEC-TBILL-01,SECURITY_HOLDING,GHS,12230543.61,CP-GOG,SEC-TBILL,GL-1200,2026-02-09,0.2131,12230543.61,true
2025-02-10,SEC-TBILL-02,SECURITY_HOLDING,GHS,12045006.44,CP-GOG,SEC-TBILL,GL-1200,2025-05-12,0.2131,12045006.44,true
2025-02-10,SEC-TBILL-03,SECURITY_HOLDING,GHS,11514019.57,CP-GOG,SEC-TBILL,GL-1200,2025-08-11,0.2131,11514019.57,true
2025-02-10,SEC-TBILL-04,SECURITY_HOLDING,GHS,10297378.08,CP-GOG,SEC-TBILL,GL-1200,2025-08-11,0.2131,10297378.08,true
2025-02-10,SEC-TBILL-05,SECURITY_HOLDING,GHS,6194506.94,CP-GOG,SEC-TBILL,GL-1200,2025-05-12,0.2131,6194506.94,true
2025-02-10,SEC-BOND-06,SECURITY_HOLDING,GHS,6226828.93,CP-GOG,SEC-BOND,GL-1200,2030-02-09,0.2131,6226828.93,true
2025-02-10,SEC-BOND-07,SECURITY_HOLDING,GHS,5535767.15,CP-GOG,SEC-BOND,GL-1200,2027-02-10,0.2131,5535767.15,true
2025-02-10,SEC-BOND-08,SECURITY_HOLDING,GHS,5589554.78,CP-GOG,SEC-BOND,GL-1200,2030-02-09,0.2131,5589554.78,true
2025-02-10,SEC-BOND-09,SECURITY_HOLDING,GHS,5655299.03,CP-GOG,SEC-BOND,GL-1200,2027-02-10,0.2131,5655299.03,true
2025-02-11,SEC-TBILL-00,SECURITY_HOLDING,GHS,8001447.63,CP-GOG,SEC-TBILL,GL-1200,2025-08-12,0.2060,8001447.63,true
2025-02-11,SEC-TBILL-01,SECURITY_HOLDING,GHS,12039105.59,CP-GOG,SEC-TBILL,GL-1200,2025-05-13,0.2060,12039105.59,true
2025-02-11,SEC-TBILL-02,SECURITY_HOLDING,GHS,7807500.62,CP-GOG,SEC-TBILL,GL-1200,2025-08-12,0.2060,7807500.62,true
2025-02-11,SEC-TBILL-03,SECURITY_HOLDING,GHS,7255123.67,CP-GOG,SEC-TBILL,GL-1200,2026-02-10,0.2060,7255123.67,true
2025-02-11,SEC-TBILL-04,SECURITY_HOLDING,GHS,5989471.46,CP-GOG,SEC-TBILL,GL-1200,2025-08-12,0.2060,5989471.46,true
2025-02-11,SEC-TBILL-05,SECURITY_HOLDING,GHS,9441392.09,CP-GOG,SEC-TBILL,GL-1200,2025-05-13,0.2060,9441392.09,true
2025-02-11,SEC-BOND-06,SECURITY_HOLDING,GHS,5793539.55,CP-GOG,SEC-BOND,GL-1200,2027-02-11,0.2060,5793539.55,true
2025-02-11,SEC-BOND-07,SECURITY_HOLDING,GHS,12794709.57,CP-GOG,SEC-BOND,GL-1200,2027-02-11,0.2060,12794709.57,true
2025-02-11,SEC-BOND-08,SECURITY_HOLDING,GHS,8812070.27,CP-GOG,SEC-BOND,GL-1200,2028-02-11,0.2060,8812070.27,true
2025-02-11,SEC-BOND-09,SECURITY_HOLDING,GHS,5198986.36,CP-GOG,SEC-BOND,GL-1200,2027-02-11,0.2060,5198986.36,true
2025-02-12,SEC-TBILL-00,SECURITY_HOLDING,GHS,7472447.89,CP-GOG,SEC-TBILL,GL-1200,2025-08-13,0.2371,7472447.89,true
2025-02-12,SEC-TBILL-01,SECURITY_HOLDING,GHS,7471492.32,CP-GOG,SEC-TBILL,GL-1200,2025-08-13,0.2371,7471492.32,true
2025-02-12,SEC-TBILL-02,SECURITY_HOLDING,GHS,7274389.17,CP-GOG,SEC-TBILL,GL-1200,2025-05-14,0.2371,7274389.17,true
2025-02-12,SEC-TBILL-03,SECURITY_HOLDING,GHS,10652170.47,CP-GOG,SEC-TBILL,GL-1200,2025-05-14,0.2371,10652170.47,true
2025-02-12,SEC-TBILL-04,SECURITY_HOLDING,GHS,9359686.14,CP-GOG,SEC-TBILL,GL-1200,2025-08-13,0.2371,9359686.14,true
2025-02-12,SEC-TBILL-05,SECURITY_HOLDING,GHS,8942919.51,CP-GOG,SEC-TBILL,GL-1200,2025-08-13,0.2371,8942919.51,true
2025-02-12,SEC-BOND-06,SECURITY_HOLDING,GHS,8977256.39,CP-GOG,SEC-BOND,GL-1200,2028-02-12,0.2371,8977256.39,true
2025-02-12,SEC-BOND-07,SECURITY_HOLDING,GHS,8243115.28,CP-GOG,SEC-BOND,GL-1200,2028-02-12,0.2371,8243115.28,true
2025-02-12,SEC-BOND-08,SECURITY_HOLDING,GHS,8300255.92,CP-GOG,SEC-BOND,GL-1200,2028-02-12,0.2371,8300255.92,true
2025-02-12,SEC-BOND-09,SECURITY_HOLDING,GHS,8370098.52,CP-GOG,SEC-BOND,GL-1200,2027-02-12,0.2371,8370098.52,true
2025-02-13,SEC-TBILL-00,SECURITY_HOLDING,GHS,6252613.16,CP-GOG,SEC-TBILL,GL-1200,2026-02-12,0.2300,6252613.16,true
2025-02-13,SEC-TBILL-01,SECURITY_HOLDING,GHS,10163899.47,CP-GOG,SEC-TBILL,GL-1200,2025-08-14,0.2300,10163899.47,true
2025-02-13,SEC-TBILL-02,SECURITY_HOLDING,GHS,9803959.12,CP-GOG,SEC-TBILL,GL-1200,2025-08-14,0.2300,9803959.12,true
2025-02-13,SEC-TBILL-03,SECURITY_HOLDING,GHS,5529647.84,CP-GOG,SEC-TBILL,GL-1200,2025-05-15,0.2300,5529647.84,true
2025-02-13,SEC-TBILL-04,SECURITY_HOLDING,GHS,8215801.10,CP-GOG,SEC-TBILL,GL-1200,2025-05-15,0.2300,8215801.10,true
2025-02-13,SEC-TBILL-05,SECURITY_HOLDING,GHS,11559682.63,CP-GOG,SEC-TBILL,GL-1200,2025-08-14,0.2300,11559682.63,true
2025-02-13,SEC-BOND-06,SECURITY_HOLDING,GHS,7853031.52,CP-GOG,SEC-BOND,GL-1200,2028-02-13,0.2300,7853031.52,true
2025-02-13,SEC-BOND-07,SECURITY_HOLDING,GHS,10895854.36,CP-GOG,SEC-BOND,GL-1200,2027-02-13,0.2300,10895854.36,true
2025-02-13,SEC-BOND-08,SECURITY_HOLDING,GHS,7037864.72,CP-GOG,SEC-BOND,GL-1200,2028-02-13,0.2300,7037864.72,true
2025-02-13,SEC-BOND-09,SECURITY_HOLDING,GHS,7277086.80,CP-GOG,SEC-BOND,GL-1200,2027-02-13,0.2300,7277086.80,true
2025-02-14,SEC-TBILL-00,SECURITY_HOLDING,GHS,6415560.87,CP-GOG,SEC-TBILL,GL-1200,2025-08-15,0.2629,6415560.87,true
2025-02-14,SEC-TBILL-01,SECURITY_HOLDING,GHS,6414520.53,CP-GOG,SEC-TBILL,GL-1200,2026-02-13,0.2629,6414520.53,true
2025-02-14,SEC-TBILL-02,SECURITY_HOLDING,GHS,6199933.43,CP-GOG,SEC-TBILL,GL-1200,2026-02-13,0.2629,6199933.43,true
2025-02-14,SEC-TBILL-03,SECURITY_HOLDING,GHS,14168869.67,CP-GOG,SEC-TBILL,GL-1200,2025-08-15,0.2629,14168869.67,true
2025-02-14,SEC-TBILL-04,SECURITY_HOLDING,GHS,12761736.12,CP-GOG,SEC-TBILL,GL-1200,2025-05-16,0.2629,12761736.12,true
2025-02-14,SEC-TBILL-05,SECURITY_HOLDING,GHS,8016469.99,CP-GOG,SEC-TBILL,GL-1200,2025-05-16,0.2629,8016469.99,true
2025-02-14,SEC-BOND-06,SECURITY_HOLDING,GHS,8053852.70,CP-GOG,SEC-BOND,GL-1200,2027-02-14,0.2629,8053852.70,true
2025-02-14,SEC-BOND-07,SECURITY_HOLDING,GHS,7254589.95,CP-GOG,SEC-BOND,GL-1200,2030-02-13,0.2629,7254589.95,true
2025-02-14,SEC-BOND-08,SECURITY_HOLDING,GHS,7316799.22,CP-GOG,SEC-BOND,GL-1200,2027-02-14,0.2629,7316799.22,true
2025-02-14,SEC-BOND-09,SECURITY_HOLDING,GHS,7392837.18,CP-GOG,SEC-BOND,GL-1200,2028-02-14,0.2629,7392837.18,true
2025-02-17,SEC-TBILL-00,SECURITY_HOLDING,GHS,9136531.83,CP-GOG,SEC-TBILL,GL-1200,2025-05-19,0.2379,9136531.83,true
2025-02-17,SEC-TBILL-01,SECURITY_HOLDING,GHS,9282984.88,CP-GOG,SEC-TBILL,GL-1200,2026-02-16,0.2379,9282984.88,true
2025-02-17,SEC-TBILL-02,SECURITY_HOLDING,GHS,5941178.96,CP-GOG,SEC-TBILL,GL-1200,2025-05-19,0.2379,5941178.96,true
2025-02-17,SEC-TBILL-03,SECURITY_HOLDING,GHS,8668399.57,CP-GOG,SEC-TBILL,GL-1200,2025-08-18,0.2379,8668399.57,true
2025-02-17,SEC-TBILL-04,SECURITY_HOLDING,GHS,7624847.73,CP-GOG,SEC-TBILL,GL-1200,2026-02-16,0.2379,7624847.73,true
2025-02-17,SEC-TBILL-05,SECURITY_HOLDING,GHS,10471015.19,CP-GOG,SEC-TBILL,GL-1200,2025-08-18,0.2379,10471015.19,true
2025-02-17,SEC-BOND-06,SECURITY_HOLDING,GHS,7316073.95,CP-GOG,SEC-BOND,GL-1200,2030-02-16,0.2379,7316073.95,true
2025-02-17,SEC-BOND-07,SECURITY_HOLDING,GHS,9905993.26,CP-GOG,SEC-BOND,GL-1200,2028-02-17,0.2379,9905993.26,true
2025-02-17,SEC-BOND-08,SECURITY_HOLDING,GHS,9952128.61,CP-GOG,SEC-BOND,GL-1200,2030-02-16,0.2379,9952128.61,true
2025-02-17,SEC-BOND-09,SECURITY_HOLDING,GHS,6825854.69,CP-GOG,SEC-BOND,GL-1200,2028-02-17,0.2379,6825854.69,true
2025-02-18,SEC-TBILL-00,SECURITY_HOLDING,GHS,6480251.75,CP-GOG,SEC-TBILL,GL-1200,2025-05-20,0.2708,6480251.75,true
2025-02-18,SEC-TBILL-01,SECURITY_HOLDING,GHS,10482915.45,CP-GOG,SEC-TBILL,GL-1200,2025-05-20,0.2708,10482915.45,true
2025-02-18,SEC-TBILL-02,SECURITY_HOLDING,GHS,6287985.67,CP-GOG,SEC-TBILL,GL-1200,2026-02-17,0.2708,6287985.67,true
2025-02-18,SEC-TBILL-03,SECURITY_HOLDING,GHS,5740396.15,CP-GOG,SEC-TBILL,GL-1200,2025-05-20,0.2708,5740396.15,true
2025-02-18,SEC-TBILL-04,SECURITY_HOLDING,GHS,8489304.65,CP-GOG,SEC-TBILL,GL-1200,2026-02-17,0.2708,8489304.65,true
2025-02-18,SEC-TBILL-05,SECURITY_HOLDING,GHS,7907716.25,CP-GOG,SEC-TBILL,GL-1200,2026-02-17,0.2708,7907716.25,true
2025-02-18,SEC-BOND-06,SECURITY_HOLDING,GHS,11944640.20,CP-GOG,SEC-BOND,GL-1200,2028-02-18,0.2708,11944640.20,true
2025-02-18,SEC-BOND-07,SECURITY_HOLDING,GHS,11231970.63,CP-GOG,SEC-BOND,GL-1200,2030-02-17,0.2708,11231970.63,true
2025-02-18,SEC-BOND-08,SECURITY_HOLDING,GHS,7283848.74,CP-GOG,SEC-BOND,GL-1200,2027-02-18,0.2708,7283848.74,true
2025-02-18,SEC-BOND-09,SECURITY_HOLDING,GHS,11355239.98,CP-GOG,SEC-BOND,GL-1200,2027-02-18,0.2708,11355239.98,true
2025-02-19,SEC-TBILL-00,SECURITY_HOLDING,GHS,6448625.46,CP-GOG,SEC-TBILL,GL-1200,2026-02-18,0.2219,6448625.46,true
2025-02-19,SEC-TBILL-01,SECURITY_HOLDING,GHS,6447594.46,CP-GOG,SEC-TBILL,GL-1200,2025-08-20,0.2219,6447594.46,true
2025-02-19,SEC-TBILL-02,SECURITY_HOLDING,GHS,6234933.51,CP-GOG,SEC-TBILL,GL-1200,2026-02-18,0.2219,6234933.51,true
2025-02-19,SEC-TBILL-03,SECURITY_HOLDING,GHS,14132340.01,CP-GOG,SEC-TBILL,GL-1200,2025-08-20,0.2219,14132340.01,true
2025-02-19,SEC-TBILL-04,SECURITY_HOLDING,GHS,12737836.99,CP-GOG,SEC-TBILL,GL-1200,2025-08-20,0.2219,12737836.99,true
2025-02-19,SEC-TBILL-05,SECURITY_HOLDING,GHS,8035164.70,CP-GOG,SEC-TBILL,GL-1200,2026-02-18,0.2219,8035164.70,true
2025-02-19,SEC-BOND-06,SECURITY_HOLDING,GHS,8072211.86,CP-GOG,SEC-BOND,GL-1200,2028-02-19,0.2219,8072211.86,true
2025-02-19,SEC-BOND-07,SECURITY_HOLDING,GHS,7280123.35,CP-GOG,SEC-BOND,GL-1200,2028-02-19,0.2219,7280123.35,true
2025-02-19,SEC-BOND-08,SECURITY_HOLDING,GHS,7341774.23,CP-GOG,SEC-BOND,GL-1200,2028-02-19,0.2219,7341774.23,true
2025-02-19,SEC-BOND-09,SECURITY_HOLDING,GHS,7417129.67,CP-GOG,SEC-BOND,GL-1200,2030-02-18,0.2219,7417129.67,true
2025-02-20,SEC-TBILL-00,SECURITY_HOLDING,GHS,9226574.98,CP-GOG,SEC-TBILL,GL-1200,2025-05-22,0.2148,9226574.98,true
2025-02-20,SEC-TBILL-01,SECURITY_HOLDING,GHS,5387527.71,CP-GOG,SEC-TBILL,GL-1200,2025-08-21,0.2148,5387527.71,true
2025-02-20,SEC-TBILL-02,SECURITY_HOLDING,GHS,9024378.25,CP-GOG,SEC-TBILL,GL-1200,2025-08-21,0.2148,9024378.25,true
2025-02-20,SEC-TBILL-03,SECURITY_HOLDING,GHS,12472730.88,CP-GOG,SEC-TBILL,GL-1200,2025-05-22,0.2148,12472730.88,true
2025-02-20,SEC-TBILL-04,SECURITY_HOLDING,GHS,11339396.65,CP-GOG,SEC-TBILL,GL-1200,2025-08-21,0.2148,11339396.65,true
2025-02-20,SEC-TBILL-05,SECURITY_HOLDING,GHS,6889697.14,CP-GOG,SEC-TBILL,GL-1200,2025-08-21,0.2148,6889697.14,true
2025-02-20,SEC-BOND-06,SECURITY_HOLDING,GHS,6924751.40,CP-GOG,SEC-BOND,GL-1200,2028-02-20,0.2148,6924751.40,true
2025-02-20,SEC-BOND-07,SECURITY_HOLDING,GHS,6175272.04,CP-GOG,SEC-BOND,GL-1200,2028-02-20,0.2148,6175272.04,true
2025-02-20,SEC-BOND-08,SECURITY_HOLDING,GHS,10071678.24,CP-GOG,SEC-BOND,GL-1200,2027-02-20,0.2148,10071678.24,true
2025-02-20,SEC-BOND-09,SECURITY_HOLDING,GHS,6304908.31,CP-GOG,SEC-BOND,GL-1200,2030-02-19,0.2148,6304908.31,true
2025-02-21,SEC-TBILL-00,SECURITY_HOLDING,GHS,7044152.62,CP-GOG,SEC-TBILL,GL-1200,2025-08-22,0.2077,7044152.62,true
2025-02-21,SEC-TBILL-01,SECURITY_HOLDING,GHS,10373088.79,CP-GOG,SEC-TBILL,GL-1200,2026-02-20,0.2077,10373088.79,true
2025-02-21,SEC-TBILL-02,SECURITY_HOLDING,GHS,6876850.06,CP-GOG,SEC-TBILL,GL-1200,2025-08-22,0.2077,6876850.06,true
2025-02-21,SEC-TBILL-03,SECURITY_HOLDING,GHS,9730102.04,CP-GOG,SEC-TBILL,GL-1200,2026-02-20,0.2077,9730102.04,true
2025-02-21,SEC-TBILL-04,SECURITY_HOLDING,GHS,8638325.18,CP-GOG,SEC-TBILL,GL-1200,2025-05-23,0.2077,8638325.18,true
2025-02-21,SEC-TBILL-05,SECURITY_HOLDING,GHS,4956534.10,CP-GOG,SEC-TBILL,GL-1200,2026-02-20,0.2077,4956534.10,true
2025-02-21,SEC-BOND-06,SECURITY_HOLDING,GHS,8315282.22,CP-GOG,SEC-BOND,GL-1200,2027-02-21,0.2077,8315282.22,true
2025-02-21,SEC-BOND-07,SECURITY_HOLDING,GHS,11024887.87,CP-GOG,SEC-BOND,GL-1200,2027-02-21,0.2077,11024887.87,true
2025-02-21,SEC-BOND-08,SECURITY_HOLDING,GHS,11073155.25,CP-GOG,SEC-BOND,GL-1200,2027-02-21,0.2077,11073155.25,true
2025-02-21,SEC-BOND-09,SECURITY_HOLDING,GHS,7802408.77,CP-GOG,SEC-BOND,GL-1200,2027-02-21,0.2077,7802408.77,true
2025-02-24,SEC-TBILL-00,SECURITY_HOLDING,GHS,10597171.00,CP-GOG,SEC-TBILL,GL-1200,2025-08-25,0.2227,10597171.00,true
2025-02-24,SEC-TBILL-01,SECURITY_HOLDING,GHS,6539246.45,CP-GOG,SEC-TBILL,GL-1200,2026-02-23,0.2227,6539246.45,true
2025-02-24,SEC-TBILL-02,SECURITY_HOLDING,GHS,6326552.94,CP-GOG,SEC-TBILL,GL-1200,2025-08-25,0.2227,6326552.94,true
2025-02-24,SEC-TBILL-03,SECURITY_HOLDING,GHS,9971508.00,CP-GOG,SEC-TBILL,GL-1200,2025-08-25,0.2227,9971508.00,true
2025-02-24,SEC-TBILL-04,SECURITY_HOLDING,GHS,12830451.89,CP-GOG,SEC-TBILL,GL-1200,2026-02-23,0.2227,12830451.89,true
2025-02-24,SEC-TBILL-05,SECURITY_HOLDING,GHS,8127059.72,CP-GOG,SEC-TBILL,GL-1200,2025-05-26,0.2227,8127059.72,true
2025-02-24,SEC-BOND-06,SECURITY_HOLDING,GHS,8164112.55,CP-GOG,SEC-BOND,GL-1200,2027-02-24,0.2227,8164112.55,true
2025-02-24,SEC-BOND-07,SECURITY_HOLDING,GHS,7371902.79,CP-GOG,SEC-BOND,GL-1200,2028-02-24,0.2227,7371902.79,true
2025-02-24,SEC-BOND-08,SECURITY_HOLDING,GHS,7433563.10,CP-GOG,SEC-BOND,GL-1200,2027-02-24,0.2227,7433563.10,true
2025-02-24,SEC-BOND-09,SECURITY_HOLDING,GHS,7508930.07,CP-GOG,SEC-BOND,GL-1200,2028-02-24,0.2227,7508930.07,true
2025-02-25,SEC-TBILL-00,SECURITY_HOLDING,GHS,8887825.75,CP-GOG,SEC-TBILL,GL-1200,2026-02-24,0.2157,8887825.75,true
2025-02-25,SEC-TBILL-01,SECURITY_HOLDING,GHS,9064562.18,CP-GOG,SEC-TBILL,GL-1200,2025-05-27,0.2157,9064562.18,true
2025-02-25,SEC-TBILL-02,SECURITY_HOLDING,GHS,8694846.60,CP-GOG,SEC-TBILL,GL-1200,2026-02-24,0.2157,8694846.60,true
2025-02-25,SEC-TBILL-03,SECURITY_HOLDING,GHS,11985998.49,CP-GOG,SEC-TBILL,GL-1200,2025-08-26,0.2157,11985998.49,true
2025-02-25,SEC-TBILL-04,SECURITY_HOLDING,GHS,7063557.50,CP-GOG,SEC-TBILL,GL-1200,2026-02-24,0.2157,7063557.50,true
2025-02-25,SEC-TBILL-05,SECURITY_HOLDING,GHS,6479812.11,CP-GOG,SEC-TBILL,GL-1200,2026-02-24,0.2157,6479812.11,true
2025-02-25,SEC-BOND-06,SECURITY_HOLDING,GHS,6690935.85,CP-GOG,SEC-BOND,GL-1200,2028-02-25,0.2157,6690935.85,true
2025-02-25,SEC-BOND-07,SECURITY_HOLDING,GHS,9816395.45,CP-GOG,SEC-BOND,GL-1200,2028-02-25,0.2157,9816395.45,true
2025-02-25,SEC-BOND-08,SECURITY_HOLDING,GHS,9694403.11,CP-GOG,SEC-BOND,GL-1200,2027-02-25,0.2157,9694403.11,true
2025-02-25,SEC-BOND-09,SECURITY_HOLDING,GHS,6099349.67,CP-GOG,SEC-BOND,GL-1200,2027-02-25,0.2157,6099349.67,true
2025-02-26,SEC-TBILL-00,SECURITY_HOLDING,GHS,11449146.52,CP-GOG,SEC-TBILL,GL-1200,2025-08-27,0.2086,11449146.52,true
2025-02-26,SEC-TBILL-01,SECURITY_HOLDING,GHS,11448261.72,CP-GOG,SEC-TBILL,GL-1200,2025-08-27,0.2086,11448261.72,true
2025-02-26,SEC-TBILL-02,SECURITY_HOLDING,GHS,7615858.17,CP-GOG,SEC-TBILL,GL-1200,2026-02-25,0.2086,7615858.17,true
2025-02-26,SEC-TBILL-03,SECURITY_HOLDING,GHS,10743451.52,CP-GOG,SEC-TBILL,GL-1200,2025-08-27,0.2086,10743451.52,true
2025-02-26,SEC-TBILL-04,SECURITY_HOLDING,GHS,9546699.86,CP-GOG,SEC-TBILL,GL-1200,2025-05-28,0.2086,9546699.86,true
2025-02-26,SEC-TBILL-05,SECURITY_HOLDING,GHS,5510903.02,CP-GOG,SEC-TBILL,GL-1200,2025-05-28,0.2086,5510903.02,true
2025-02-26,SEC-BOND-06,SECURITY_HOLDING,GHS,5542696.61,CP-GOG,SEC-BOND,GL-1200,2030-02-25,0.2086,5542696.61,true
2025-02-26,SEC-BOND-07,SECURITY_HOLDING,GHS,12162731.55,CP-GOG,SEC-BOND,GL-1200,2028-02-26,0.2086,12162731.55,true
2025-02-26,SEC-BOND-08,SECURITY_HOLDING,GHS,4915840.70,CP-GOG,SEC-BOND,GL-1200,2030-02-25,0.2086,4915840.70,true
2025-02-26,SEC-BOND-09,SECURITY_HOLDING,GHS,4980510.15,CP-GOG,SEC-BOND,GL-1200,2028-02-26,0.2086,4980510.15,true
2025-02-27,SEC-TBILL-00,SECURITY_HOLDING,GHS,6652476.21,CP-GOG,SEC-TBILL,GL-1200,2026-02-26,0.2796,6652476.21,true
2025-02-27,SEC-TBILL-01,SECURITY_HOLDING,GHS,10289347.41,CP-GOG,SEC-TBILL,GL-1200,2026-02-26,0.2796,10289347.41,true
2025-02-27,SEC-TBILL-02,SECURITY_HOLDING,GHS,6477780.80,CP-GOG,SEC-TBILL,GL-1200,2025-05-29,0.2796,6477780.80,true
2025-02-27,SEC-TBILL-03,SECURITY_HOLDING,GHS,5980234.00,CP-GOG,SEC-TBILL,GL-1200,2025-08-28,0.2796,5980234.00,true
2025-02-27,SEC-TBILL-04,SECURITY_HOLDING,GHS,8477927.25,CP-GOG,SEC-TBILL,GL-1200,2025-08-28,0.2796,8477927.25,true
2025-02-27,SEC-TBILL-05,SECURITY_HOLDING,GHS,11587202.68,CP-GOG,SEC-TBILL,GL-1200,2025-05-29,0.2796,11587202.68,true
2025-02-27,SEC-BOND-06,SECURITY_HOLDING,GHS,4663729.92,CP-GOG,SEC-BOND,GL-1200,2030-02-26,0.2796,4663729.92,true
2025-02-27,SEC-BOND-07,SECURITY_HOLDING,GHS,10969948.48,CP-GOG,SEC-BOND,GL-1200,2027-02-27,0.2796,10969948.48,true
2025-02-27,SEC-BOND-08,SECURITY_HOLDING,GHS,7382634.67,CP-GOG,SEC-BOND,GL-1200,2030-02-26,0.2796,7382634.67,true
2025-02-27,SEC-BOND-09,SECURITY_HOLDING,GHS,11081952.58,CP-GOG,SEC-BOND,GL-1200,2030-02-26,0.2796,11081952.58,true
2025-02-28,SEC-TBILL-00,SECURITY_HOLDING,GHS,7427894.06,CP-GOG,SEC-TBILL,GL-1200,2025-08-29,0.2725,7427894.06,true
2025-02-28,SEC-TBILL-01,SECURITY_HOLDING,GHS,7426856.89,CP-GOG,SEC-TBILL,GL-1200,2025-08-29,0.2725,7426856.89,true
2025-02-28,SEC-TBILL-02,SECURITY_HOLDING,GHS,7212923.22,CP-GOG,SEC-TBILL,GL-1200,2026-02-27,0.2725,7212923.22,true
2025-02-28,SEC-TBILL-03,SECURITY_HOLDING,GHS,6600668.68,CP-GOG,SEC-TBILL,GL-1200,2025-08-29,0.2725,6600668.68,true
2025-02-28,SEC-TBILL-04,SECURITY_HOLDING,GHS,13754744.81,CP-GOG,SEC-TBILL,GL-1200,2026-02-27,0.2725,13754744.81,true
2025-02-28,SEC-TBILL-05,SECURITY_HOLDING,GHS,9023928.31,CP-GOG,SEC-TBILL,GL-1200,2026-02-27,0.2725,9023928.31,true
2025-02-28,SEC-BOND-06,SECURITY_HOLDING,GHS,9061197.18,CP-GOG,SEC-BOND,GL-1200,2027-02-28,0.2725,9061197.18,true
2025-02-28,SEC-BOND-07,SECURITY_HOLDING,GHS,8264368.24,CP-GOG,SEC-BOND,GL-1200,2028-02-28,0.2725,8264368.24,true
2025-02-28,SEC-BOND-08,SECURITY_HOLDING,GHS,8326388.08,CP-GOG,SEC-BOND,GL-1200,2028-02-28,0.2725,8326388.08,true
2025-02-28,SEC-BOND-09,SECURITY_HOLDING,GHS,8402194.50,CP-GOG,SEC-BOND,GL-1200,2030-02-27,0.2725,8402194.50,true
2025-03-03,SEC-TBILL-00,SECURITY_HOLDING,GHS,12217812.67,CP-GOG,SEC-TBILL,GL-1200,2026-03-02,0.2076,12217812.67,true
2025-03-03,SEC-TBILL-01,SECURITY_HOLDING,GHS,12216874.84,CP-GOG,SEC-TBILL,GL-1200,2025-06-02,0.2076,12216874.84,true
2025-03-03,SEC-TBILL-02,SECURITY_HOLDING,GHS,12023432.45,CP-GOG,SEC-TBILL,GL-1200,2025-06-02,0.2076,12023432.45,true
2025-03-03,SEC-TBILL-03,SECURITY_HOLDING,GHS,11469821.67,CP-GOG,SEC-TBILL,GL-1200,2025-09-01,0.2076,11469821.67,true
2025-03-03,SEC-TBILL-04,SECURITY_HOLDING,GHS,10201342.41,CP-GOG,SEC-TBILL,GL-1200,2026-03-02,0.2076,10201342.41,true
2025-03-03,SEC-TBILL-05,SECURITY_HOLDING,GHS,5923659.13,CP-GOG,SEC-TBILL,GL-1200,2026-03-02,0.2076,5923659.13,true
2025-03-03,SEC-BOND-06,SECURITY_HOLDING,GHS,5957358.27,CP-GOG,SEC-BOND,GL-1200,2028-03-02,0.2076,5957358.27,true
2025-03-03,SEC-BOND-07,SECURITY_HOLDING,GHS,5236852.23,CP-GOG,SEC-BOND,GL-1200,2027-03-03,0.2076,5236852.23,true
2025-03-03,SEC-BOND-08,SECURITY_HOLDING,GHS,5292931.61,CP-GOG,SEC-BOND,GL-1200,2028-03-02,0.2076,5292931.61,true
2025-03-03,SEC-BOND-09,SECURITY_HOLDING,GHS,5361477.04,CP-GOG,SEC-BOND,GL-1200,2030-03-02,0.2076,5361477.04,true
2025-03-04,SEC-TBILL-00,SECURITY_HOLDING,GHS,7122598.08,CP-GOG,SEC-TBILL,GL-1200,2026-03-03,0.2005,7122598.08,true
2025-03-04,SEC-TBILL-01,SECURITY_HOLDING,GHS,10973582.48,CP-GOG,SEC-TBILL,GL-1200,2025-06-03,0.2005,10973582.48,true
2025-03-04,SEC-TBILL-02,SECURITY_HOLDING,GHS,6937617.85,CP-GOG,SEC-TBILL,GL-1200,2025-06-03,0.2005,6937617.85,true
2025-03-04,SEC-TBILL-03,SECURITY_HOLDING,GHS,6410779.01,CP-GOG,SEC-TBILL,GL-1200,2025-06-03,0.2005,6410779.01,true
2025-03-04,SEC-TBILL-04,SECURITY_HOLDING,GHS,9055518.74,CP-GOG,SEC-TBILL,GL-1200,2025-09-02,0.2005,9055518.74,true
2025-03-04,SEC-TBILL-05,SECURITY_HOLDING,GHS,8495969.40,CP-GOG,SEC-TBILL,GL-1200,2025-09-02,0.2005,8495969.40,true
2025-03-04,SEC-BOND-06,SECURITY_HOLDING,GHS,5016768.50,CP-GOG,SEC-BOND,GL-1200,2028-03-03,0.2005,5016768.50,true
2025-03-04,SEC-BOND-07,SECURITY_HOLDING,GHS,11694252.53,CP-GOG,SEC-BOND,GL-1200,2027-03-04,0.2005,11694252.53,true
2025-03-04,SEC-BOND-08,SECURITY_HOLDING,GHS,7895743.10,CP-GOG,SEC-BOND,GL-1200,2028-03-03,0.2005,7895743.10,true
2025-03-04,SEC-BOND-09,SECURITY_HOLDING,GHS,11812850.63,CP-GOG,SEC-BOND,GL-1200,2030-03-03,0.2005,11812850.63,true
2025-03-05,SEC-TBILL-00,SECURITY_HOLDING,GHS,7612531.85,CP-GOG,SEC-TBILL,GL-1200,2025-09-03,0.2734,7612531.85,true
2025-03-05,SEC-TBILL-01,SECURITY_HOLDING,GHS,7611481.79,CP-GOG,SEC-TBILL,GL-1200,2025-06-04,0.2734,7611481.79,true
2025-03-05,SEC-TBILL-02,SECURITY_HOLDING,GHS,7394889.45,CP-GOG,SEC-TBILL,GL-1200,2025-09-03,0.2734,7394889.45,true
2025-03-05,SEC-TBILL-03,SECURITY_HOLDING,GHS,11106659.48,CP-GOG,SEC-TBILL,GL-1200,2025-06-04,0.2734,11106659.48,true
2025-03-05,SEC-TBILL-04,SECURITY_HOLDING,GHS,9686376.71,CP-GOG,SEC-TBILL,GL-1200,2025-06-04,0.2734,9686376.71,true
2025-03-05,SEC-TBILL-05,SECURITY_HOLDING,GHS,9228400.97,CP-GOG,SEC-TBILL,GL-1200,2025-09-03,0.2734,9228400.97,true
2025-03-05,SEC-BOND-06,SECURITY_HOLDING,GHS,9266133.01,CP-GOG,SEC-BOND,GL-1200,2030-03-04,0.2734,9266133.01,true
2025-03-05,SEC-BOND-07,SECURITY_HOLDING,GHS,8459401.40,CP-GOG,SEC-BOND,GL-1200,2028-03-04,0.2734,8459401.40,true
2025-03-05,SEC-BOND-08,SECURITY_HOLDING,GHS,8522192.00,CP-GOG,SEC-BOND,GL-1200,2027-03-05,0.2734,8522192.00,true
2025-03-05,SEC-BOND-09,SECURITY_HOLDING,GHS,8598940.50,CP-GOG,SEC-BOND,GL-1200,2030-03-04,0.2734,8598940.50,true
2025-03-06,SEC-TBILL-00,SECURITY_HOLDING,GHS,5732068.28,CP-GOG,SEC-TBILL,GL-1200,2025-06-05,0.2245,5732068.28,true
2025-03-06,SEC-TBILL-01,SECURITY_HOLDING,GHS,9640859.99,CP-GOG,SEC-TBILL,GL-1200,2026-03-05,0.2245,9640859.99,true
2025-03-06,SEC-TBILL-02,SECURITY_HOLDING,GHS,9281149.21,CP-GOG,SEC-TBILL,GL-1200,2026-03-05,0.2245,9281149.21,true
2025-03-06,SEC-TBILL-03,SECURITY_HOLDING,GHS,5009564.07,CP-GOG,SEC-TBILL,GL-1200,2025-06-05,0.2245,5009564.07,true
2025-03-06,SEC-TBILL-04,SECURITY_HOLDING,GHS,7694004.11,CP-GOG,SEC-TBILL,GL-1200,2026-03-05,0.2245,7694004.11,true
2025-03-06,SEC-TBILL-05,SECURITY_HOLDING,GHS,11035752.92,CP-GOG,SEC-TBILL,GL-1200,2025-06-05,0.2245,11035752.92,true
2025-03-06,SEC-BOND-06,SECURITY_HOLDING,GHS,11068303.81,CP-GOG,SEC-BOND,GL-1200,2030-03-05,0.2245,11068303.81,true
2025-03-06,SEC-BOND-07,SECURITY_HOLDING,GHS,10372348.05,CP-GOG,SEC-BOND,GL-1200,2030-03-05,0.2245,10372348.05,true
2025-03-06,SEC-BOND-08,SECURITY_HOLDING,GHS,10426516.59,CP-GOG,SEC-BOND,GL-1200,2030-03-05,0.2245,10426516.59,true
2025-03-06,SEC-BOND-09,SECURITY_HOLDING,GHS,6755888.52,CP-GOG,SEC-BOND,GL-1200,2028-03-05,0.2245,6755888.52,true
2025-03-07,SEC-TBILL-00,SECURITY_HOLDING,GHS,5525141.34,CP-GOG,SEC-TBILL,GL-1200,2026-03-06,0.2574,5525141.34,true
2025-03-07,SEC-TBILL-01,SECURITY_HOLDING,GHS,5524154.10,CP-GOG,SEC-TBILL,GL-1200,2026-03-06,0.2574,5524154.10,true
2025-03-07,SEC-TBILL-02,SECURITY_HOLDING,GHS,13465481.12,CP-GOG,SEC-TBILL,GL-1200,2026-03-06,0.2574,13465481.12,true
2025-03-07,SEC-TBILL-03,SECURITY_HOLDING,GHS,12882702.91,CP-GOG,SEC-TBILL,GL-1200,2025-09-05,0.2574,12882702.91,true
2025-03-07,SEC-TBILL-04,SECURITY_HOLDING,GHS,11547392.79,CP-GOG,SEC-TBILL,GL-1200,2026-03-06,0.2574,11547392.79,true
2025-03-07,SEC-TBILL-05,SECURITY_HOLDING,GHS,7044336.27,CP-GOG,SEC-TBILL,GL-1200,2026-03-06,0.2574,7044336.27,true
2025-03-07,SEC-BOND-06,SECURITY_HOLDING,GHS,11340677.34,CP-GOG,SEC-BOND,GL-1200,2030-03-06,0.2574,11340677.34,true
2025-03-07,SEC-BOND-07,SECURITY_HOLDING,GHS,6321344.39,CP-GOG,SEC-BOND,GL-1200,2028-03-06,0.2574,6321344.39,true
2025-03-07,SEC-BOND-08,SECURITY_HOLDING,GHS,6380378.35,CP-GOG,SEC-BOND,GL-1200,2027-03-07,0.2574,6380378.35,true
2025-03-07,SEC-BOND-09,SECURITY_HOLDING,GHS,6452535.15,CP-GOG,SEC-BOND,GL-1200,2027-03-07,0.2574,6452535.15,true
2025-03-10,SEC-TBILL-00,SECURITY_HOLDING,GHS,9576177.52,CP-GOG,SEC-TBILL,GL-1200,2025-09-08,0.2324,9576177.52,true
2025-03-10,SEC-TBILL-01,SECURITY_HOLDING,GHS,9575342.09,CP-GOG,SEC-TBILL,GL-1200,2026-03-09,0.2324,9575342.09,true
2025-03-10,SEC-TBILL-02,SECURITY_HOLDING,GHS,5956794.72,CP-GOG,SEC-TBILL,GL-1200,2025-09-08,0.2324,5956794.72,true
2025-03-10,SEC-TBILL-03,SECURITY_HOLDING,GHS,8909861.78,CP-GOG,SEC-TBILL,GL-1200,2025-09-08,0.2324,8909861.78,true
2025-03-10,SEC-TBILL-04,SECURITY_HOLDING,GHS,7779891.38,CP-GOG,SEC-TBILL,GL-1200,2025-09-08,0.2324,7779891.38,true
2025-03-10,SEC-TBILL-05,SECURITY_HOLDING,GHS,10861755.50,CP-GOG,SEC-TBILL,GL-1200,2025-09-08,0.2324,10861755.50,true
2025-03-10,SEC-BOND-06,SECURITY_HOLDING,GHS,7445547.44,CP-GOG,SEC-BOND,GL-1200,2030-03-09,0.2324,7445547.44,true
2025-03-10,SEC-BOND-07,SECURITY_HOLDING,GHS,10249943.01,CP-GOG,SEC-BOND,GL-1200,2027-03-10,0.2324,10249943.01,true
2025-03-10,SEC-BOND-08,SECURITY_HOLDING,GHS,10299898.92,CP-GOG,SEC-BOND,GL-1200,2030-03-09,0.2324,10299898.92,true
2025-03-10,SEC-BOND-09,SECURITY_HOLDING,GHS,6914732.17,CP-GOG,SEC-BOND,GL-1200,2028-03-09,0.2324,6914732.17,true
2025-03-11,SEC-TBILL-00,SECURITY_HOLDING,GHS,6218921.21,CP-GOG,SEC-TBILL,GL-1200,2025-09-09,0.2653,6218921.21,true
2025-03-11,SEC-TBILL-01,SECURITY_HOLDING,GHS,10401586.31,CP-GOG,SEC-TBILL,GL-1200,2025-09-09,0.2653,10401586.31,true
2025-03-11,SEC-TBILL-02,SECURITY_HOLDING,GHS,6018008.85,CP-GOG,SEC-TBILL,GL-1200,2025-09-09,0.2653,6018008.85,true
2025-03-11,SEC-TBILL-03,SECURITY_HOLDING,GHS,5445794.01,CP-GOG,SEC-TBILL,GL-1200,2025-09-09,0.2653,5445794.01,true
2025-03-11,SEC-TBILL-04,SECURITY_HOLDING,GHS,8318322.02,CP-GOG,SEC-TBILL,GL-1200,2026-03-10,0.2653,8318322.02,true
2025-03-11,SEC-TBILL-05,SECURITY_HOLDING,GHS,11894213.81,CP-GOG,SEC-TBILL,GL-1200,2025-09-09,0.2653,11894213.81,true
2025-03-11,SEC-BOND-06,SECURITY_HOLDING,GHS,11929045.41,CP-GOG,SEC-BOND,GL-1200,2027-03-11,0.2653,11929045.41,true
2025-03-11,SEC-BOND-07,SECURITY_HOLDING,GHS,11184326.81,CP-GOG,SEC-BOND,GL-1200,2027-03-11,0.2653,11184326.81,true
2025-03-11,SEC-BOND-08,SECURITY_HOLDING,GHS,7058656.28,CP-GOG,SEC-BOND,GL-1200,2030-03-10,0.2653,7058656.28,true
2025-03-11,SEC-BOND-09,SECURITY_HOLDING,GHS,11313139.62,CP-GOG,SEC-BOND,GL-1200,2027-03-11,0.2653,11313139.62,true
2025-03-12,SEC-TBILL-00,SECURITY_HOLDING,GHS,5850343.55,CP-GOG,SEC-TBILL,GL-1200,2026-03-11,0.2582,5850343.55,true
2025-03-12,SEC-TBILL-01,SECURITY_HOLDING,GHS,5849314.38,CP-GOG,SEC-TBILL,GL-1200,2025-09-10,0.2582,5849314.38,true
2025-03-12,SEC-TBILL-02,SECURITY_HOLDING,GHS,14127994.05,CP-GOG,SEC-TBILL,GL-1200,2026-03-11,0.2582,14127994.05,true
2025-03-12,SEC-TBILL-03,SECURITY_HOLDING,GHS,13520459.04,CP-GOG,SEC-TBILL,GL-1200,2026-03-11,0.2582,13520459.04,true
2025-03-12,SEC-TBILL-04,SECURITY_HOLDING,GHS,12128424.09,CP-GOG,SEC-TBILL,GL-1200,2025-09-10,0.2582,12128424.09,true
2025-03-12,SEC-TBILL-05,SECURITY_HOLDING,GHS,7434074.85,CP-GOG,SEC-TBILL,GL-1200,2026-03-11,0.2582,7434074.85,true
2025-03-12,SEC-BOND-06,SECURITY_HOLDING,GHS,7471056.45,CP-GOG,SEC-BOND,GL-1200,2027-03-12,0.2582,7471056.45,true
2025-03-12,SEC-BOND-07,SECURITY_HOLDING,GHS,6680369.82,CP-GOG,SEC-BOND,GL-1200,2027-03-12,0.2582,6680369.82,true
2025-03-12,SEC-BOND-08,SECURITY_HOLDING,GHS,6741911.58,CP-GOG,SEC-BOND,GL-1200,2030-03-11,0.2582,6741911.58,true
2025-03-12,SEC-BOND-09,SECURITY_HOLDING,GHS,6817133.65,CP-GOG,SEC-BOND,GL-1200,2030-03-11,0.2582,6817133.65,true
2025-03-13,SEC-TBILL-00,SECURITY_HOLDING,GHS,9058129.48,CP-GOG,SEC-TBILL,GL-1200,2025-09-11,0.2093,9058129.48,true
2025-03-13,SEC-TBILL-01,SECURITY_HOLDING,GHS,13455827.52,CP-GOG,SEC-TBILL,GL-1200,2026-03-12,0.2093,13455827.52,true
2025-03-13,SEC-TBILL-02,SECURITY_HOLDING,GHS,8846888.12,CP-GOG,SEC-TBILL,GL-1200,2026-03-12,0.2093,8846888.12,true
2025-03-13,SEC-TBILL-03,SECURITY_HOLDING,GHS,12449491.92,CP-GOG,SEC-TBILL,GL-1200,2025-09-11,0.2093,12449491.92,true
2025-03-13,SEC-TBILL-04,SECURITY_HOLDING,GHS,11265461.56,CP-GOG,SEC-TBILL,GL-1200,2026-03-12,0.2093,11265461.56,true
2025-03-13,SEC-TBILL-05,SECURITY_HOLDING,GHS,6616718.77,CP-GOG,SEC-TBILL,GL-1200,2025-09-11,0.2093,6616718.77,true
2025-03-13,SEC-BOND-06,SECURITY_HOLDING,GHS,6653341.09,CP-GOG,SEC-BOND,GL-1200,2030-03-12,0.2093,6653341.09,true
2025-03-13,SEC-BOND-07,SECURITY_HOLDING,GHS,5870336.12,CP-GOG,SEC-BOND,GL-1200,2030-03-12,0.2093,5870336.12,true
2025-03-13,SEC-BOND-08,SECURITY_HOLDING,GHS,5931280.00,CP-GOG,SEC-BOND,GL-1200,2027-03-13,0.2093,5931280.00,true
2025-03-13,SEC-BOND-09,SECURITY_HOLDING,GHS,6005771.27,CP-GOG,SEC-BOND,GL-1200,2030-03-12,0.2093,6005771.27,true
2025-03-14,SEC-TBILL-00,SECURITY_HOLDING,GHS,7412847.00,CP-GOG,SEC-TBILL,GL-1200,2025-06-13,0.2022,7412847.00,true
2025-03-14,SEC-TBILL-01,SECURITY_HOLDING,GHS,7585360.10,CP-GOG,SEC-TBILL,GL-1200,2025-09-12,0.2022,7585360.10,true
2025-03-14,SEC-TBILL-02,SECURITY_HOLDING,GHS,7224479.32,CP-GOG,SEC-TBILL,GL-1200,2025-09-12,0.2022,7224479.32,true
2025-03-14,SEC-TBILL-03,SECURITY_HOLDING,GHS,10436985.17,CP-GOG,SEC-TBILL,GL-1200,2025-09-12,0.2022,10436985.17,true
2025-03-14,SEC-TBILL-04,SECURITY_HOLDING,GHS,9207742.34,CP-GOG,SEC-TBILL,GL-1200,2026-03-13,0.2022,9207742.34,true
2025-03-14,SEC-TBILL-05,SECURITY_HOLDING,GHS,5062375.76,CP-GOG,SEC-TBILL,GL-1200,2026-03-13,0.2022,5062375.76,true
2025-03-14,SEC-BOND-06,SECURITY_HOLDING,GHS,5268454.44,CP-GOG,SEC-BOND,GL-1200,2027-03-14,0.2022,5268454.44,true
2025-03-14,SEC-BOND-07,SECURITY_HOLDING,GHS,11894797.91,CP-GOG,SEC-BOND,GL-1200,2028-03-13,0.2022,11894797.91,true
2025-03-14,SEC-BOND-08,SECURITY_HOLDING,GHS,11949142.65,CP-GOG,SEC-BOND,GL-1200,2030-03-13,0.2022,11949142.65,true
2025-03-14,SEC-BOND-09,SECURITY_HOLDING,GHS,12188989.75,CP-GOG,SEC-BOND,GL-1200,2028-03-13,0.2022,12188989.75,true
2025-03-17,SEC-TBILL-00,SECURITY_HOLDING,GHS,6884950.70,CP-GOG,SEC-TBILL,GL-1200,2026-03-16,0.2172,6884950.70,true
2025-03-17,SEC-TBILL-01,SECURITY_HOLDING,GHS,6883757.97,CP-GOG,SEC-TBILL,GL-1200,2025-09-15,0.2172,6883757.97,true
2025-03-17,SEC-TBILL-02,SECURITY_HOLDING,GHS,6637737.17,CP-GOG,SEC-TBILL,GL-1200,2025-06-16,0.2172,6637737.17,true
2025-03-17,SEC-TBILL-03,SECURITY_HOLDING,GHS,10853826.28,CP-GOG,SEC-TBILL,GL-1200,2026-03-16,0.2172,10853826.28,true
2025-03-17,SEC-TBILL-04,SECURITY_HOLDING,GHS,14160742.84,CP-GOG,SEC-TBILL,GL-1200,2026-03-16,0.2172,14160742.84,true
2025-03-17,SEC-TBILL-05,SECURITY_HOLDING,GHS,8720368.34,CP-GOG,SEC-TBILL,GL-1200,2025-06-16,0.2172,8720368.34,true
2025-03-17,SEC-BOND-06,SECURITY_HOLDING,GHS,8763227.04,CP-GOG,SEC-BOND,GL-1200,2028-03-16,0.2172,8763227.04,true
2025-03-17,SEC-BOND-07,SECURITY_HOLDING,GHS,7846884.62,CP-GOG,SEC-BOND,GL-1200,2027-03-17,0.2172,7846884.62,true
2025-03-17,SEC-BOND-08,SECURITY_HOLDING,GHS,7918206.59,CP-GOG,SEC-BOND,GL-1200,2028-03-16,0.2172,7918206.59,true
2025-03-17,SEC-BOND-09,SECURITY_HOLDING,GHS,8005382.93,CP-GOG,SEC-BOND,GL-1200,2027-03-17,0.2172,8005382.93,true
2025-03-18,SEC-TBILL-00,SECURITY_HOLDING,GHS,8659452.80,CP-GOG,SEC-TBILL,GL-1200,2025-09-16,0.2101,8659452.80,true
2025-03-18,SEC-TBILL-01,SECURITY_HOLDING,GHS,8842587.75,CP-GOG,SEC-TBILL,GL-1200,2026-03-17,0.2101,8842587.75,true
2025-03-18,SEC-TBILL-02,SECURITY_HOLDING,GHS,8459487.08,CP-GOG,SEC-TBILL,GL-1200,2025-09-16,0.2101,8459487.08,true
2025-03-18,SEC-TBILL-03,SECURITY_HOLDING,GHS,11869791.05,CP-GOG,SEC-TBILL,GL-1200,2025-09-16,0.2101,11869791.05,true
2025-03-18,SEC-TBILL-04,SECURITY_HOLDING,GHS,6769139.17,CP-GOG,SEC-TBILL,GL-1200,2026-03-17,0.2101,6769139.17,true
2025-03-18,SEC-TBILL-05,SECURITY_HOLDING,GHS,10328182.45,CP-GOG,SEC-TBILL,GL-1200,2025-06-17,0.2101,10328182.45,true
2025-03-18,SEC-BOND-06,SECURITY_HOLDING,GHS,6383027.22,CP-GOG,SEC-BOND,GL-1200,2027-03-18,0.2101,6383027.22,true
2025-03-18,SEC-BOND-07,SECURITY_HOLDING,GHS,9621640.22,CP-GOG,SEC-BOND,GL-1200,2027-03-18,0.2101,9621640.22,true
2025-03-18,SEC-BOND-08,SECURITY_HOLDING,GHS,9495231.30,CP-GOG,SEC-BOND,GL-1200,2028-03-17,0.2101,9495231.30,true
2025-03-18,SEC-BOND-09,SECURITY_HOLDING,GHS,5770023.40,CP-GOG,SEC-BOND,GL-1200,2030-03-17,0.2101,5770023.40,true
2025-03-19,SEC-TBILL-00,SECURITY_HOLDING,GHS,9645561.99,CP-GOG,SEC-TBILL,GL-1200,2025-06-18,0.2030,9645561.99,true
2025-03-19,SEC-TBILL-01,SECURITY_HOLDING,GHS,9644782.21,CP-GOG,SEC-TBILL,GL-1200,2025-09-17,0.2030,9644782.21,true
2025-03-19,SEC-TBILL-02,SECURITY_HOLDING,GHS,9483940.13,CP-GOG,SEC-TBILL,GL-1200,2025-06-18,0.2030,9483940.13,true
2025-03-19,SEC-TBILL-03,SECURITY_HOLDING,GHS,9023627.86,CP-GOG,SEC-TBILL,GL-1200,2026-03-18,0.2030,9023627.86,true
2025-03-19,SEC-TBILL-04,SECURITY_HOLDING,GHS,7968921.92,CP-GOG,SEC-TBILL,GL-1200,2025-06-18,0.2030,7968921.92,true
2025-03-19,SEC-TBILL-05,SECURITY_HOLDING,GHS,4412144.84,CP-GOG,SEC-TBILL,GL-1200,2026-03-18,0.2030,4412144.84,true
2025-03-19,SEC-BOND-06,SECURITY_HOLDING,GHS,4440164.76,CP-GOG,SEC-BOND,GL-1200,2027-03-19,0.2030,4440164.76,true
2025-03-19,SEC-BOND-07,SECURITY_HOLDING,GHS,10274449.67,CP-GOG,SEC-BOND,GL-1200,2027-03-19,0.2030,10274449.67,true
2025-03-19,SEC-BOND-08,SECURITY_HOLDING,GHS,10321078.14,CP-GOG,SEC-BOND,GL-1200,2028-03-18,0.2030,10321078.14,true
2025-03-19,SEC-BOND-09,SECURITY_HOLDING,GHS,10378071.80,CP-GOG,SEC-BOND,GL-1200,2030-03-18,0.2030,10378071.80,true
2025-03-20,SEC-TBILL-00,SECURITY_HOLDING,GHS,5650420.64,CP-GOG,SEC-TBILL,GL-1200,2025-09-18,0.2741,5650420.64,true
2025-03-20,SEC-TBILL-01,SECURITY_HOLDING,GHS,8980028.14,CP-GOG,SEC-TBILL,GL-1200,2026-03-19,0.2741,8980028.14,true
2025-03-20,SEC-TBILL-02,SECURITY_HOLDING,GHS,5490484.51,CP-GOG,SEC-TBILL,GL-1200,2026-03-19,0.2741,5490484.51,true
2025-03-20,SEC-TBILL-03,SECURITY_HOLDING,GHS,8365352.45,CP-GOG,SEC-TBILL,GL-1200,2026-03-19,0.2741,8365352.45,true
2025-03-20,SEC-TBILL-04,SECURITY_HOLDING,GHS,7321647.13,CP-GOG,SEC-TBILL,GL-1200,2025-06-19,0.2741,7321647.13,true
2025-03-20,SEC-TBILL-05,SECURITY_HOLDING,GHS,10168233.17,CP-GOG,SEC-TBILL,GL-1200,2026-03-19,0.2741,10168233.17,true
2025-03-20,SEC-BOND-06,SECURITY_HOLDING,GHS,10195960.84,CP-GOG,SEC-BOND,GL-1200,2027-03-20,0.2741,10195960.84,true
2025-03-20,SEC-BOND-07,SECURITY_HOLDING,GHS,9603128.14,CP-GOG,SEC-BOND,GL-1200,2030-03-19,0.2741,9603128.14,true
2025-03-20,SEC-BOND-08,SECURITY_HOLDING,GHS,9649270.28,CP-GOG,SEC-BOND,GL-1200,2028-03-19,0.2741,9649270.28,true
2025-03-20,SEC-BOND-09,SECURITY_HOLDING,GHS,9705669.49,CP-GOG,SEC-BOND,GL-1200,2027-03-20,0.2741,9705669.49,true
2025-03-21,SEC-TBILL-00,SECURITY_HOLDING,GHS,6302270.57,CP-GOG,SEC-TBILL,GL-1200,2025-09-19,0.2670,6302270.57,true
2025-03-21,SEC-TBILL-01,SECURITY_HOLDING,GHS,10427910.86,CP-GOG,SEC-TBILL,GL-1200,2025-06-20,0.2670,10427910.86,true
2025-03-21,SEC-TBILL-02,SECURITY_HOLDING,GHS,6104097.38,CP-GOG,SEC-TBILL,GL-1200,2025-09-19,0.2670,6104097.38,true
2025-03-21,SEC-TBILL-03,SECURITY_HOLDING,GHS,5539683.89,CP-GOG,SEC-TBILL,GL-1200,2026-03-20,0.2670,5539683.89,true
2025-03-21,SEC-TBILL-04,SECURITY_HOLDING,GHS,12134746.53,CP-GOG,SEC-TBILL,GL-1200,2025-09-19,0.2670,12134746.53,true
2025-03-21,SEC-TBILL-05,SECURITY_HOLDING,GHS,7773592.05,CP-GOG,SEC-TBILL,GL-1200,2025-09-19,0.2670,7773592.05,true
2025-03-21,SEC-BOND-06,SECURITY_HOLDING,GHS,11934545.18,CP-GOG,SEC-BOND,GL-1200,2027-03-21,0.2670,11934545.18,true
2025-03-21,SEC-BOND-07,SECURITY_HOLDING,GHS,11199979.78,CP-GOG,SEC-BOND,GL-1200,2028-03-20,0.2670,11199979.78,true
2025-03-21,SEC-BOND-08,SECURITY_HOLDING,GHS,7130557.03,CP-GOG,SEC-BOND,GL-1200,2028-03-20,0.2670,7130557.03,true
2025-03-21,SEC-BOND-09,SECURITY_HOLDING,GHS,11327036.41,CP-GOG,SEC-BOND,GL-1200,2027-03-21,0.2670,11327036.41,true
2025-03-24,SEC-TBILL-00,SECURITY_HOLDING,GHS,9638949.11,CP-GOG,SEC-TBILL,GL-1200,2025-09-22,0.2439,9638949.11,true
2025-03-24,SEC-TBILL-01,SECURITY_HOLDING,GHS,9638175.37,CP-GOG,SEC-TBILL,GL-1200,2026-03-23,0.2439,9638175.37,true
2025-03-24,SEC-TBILL-02,SECURITY_HOLDING,GHS,9478578.01,CP-GOG,SEC-TBILL,GL-1200,2025-09-22,0.2439,9478578.01,true
2025-03-24,SEC-TBILL-03,SECURITY_HOLDING,GHS,9021827.97,CP-GOG,SEC-TBILL,GL-1200,2025-06-23,0.2439,9021827.97,true
2025-03-24,SEC-TBILL-04,SECURITY_HOLDING,GHS,7975284.14,CP-GOG,SEC-TBILL,GL-1200,2026-03-23,0.2439,7975284.14,true
2025-03-24,SEC-TBILL-05,SECURITY_HOLDING,GHS,4446032.05,CP-GOG,SEC-TBILL,GL-1200,2025-09-22,0.2439,4446032.05,true
2025-03-24,SEC-BOND-06,SECURITY_HOLDING,GHS,4473835.13,CP-GOG,SEC-BOND,GL-1200,2028-03-23,0.2439,4473835.13,true
2025-03-24,SEC-BOND-07,SECURITY_HOLDING,GHS,10262969.99,CP-GOG,SEC-BOND,GL-1200,2030-03-23,0.2439,10262969.99,true
2025-03-24,SEC-BOND-08,SECURITY_HOLDING,GHS,10309237.62,CP-GOG,SEC-BOND,GL-1200,2027-03-24,0.2439,10309237.62,true
2025-03-24,SEC-BOND-09,SECURITY_HOLDING,GHS,10365790.21,CP-GOG,SEC-BOND,GL-1200,2030-03-23,0.2439,10365790.21,true
2025-03-25,SEC-TBILL-00,SECURITY_HOLDING,GHS,6152486.33,CP-GOG,SEC-TBILL,GL-1200,2026-03-24,0.2750,6152486.33,true
2025-03-25,SEC-TBILL-01,SECURITY_HOLDING,GHS,9734928.67,CP-GOG,SEC-TBILL,GL-1200,2025-06-24,0.2750,9734928.67,true
2025-03-25,SEC-TBILL-02,SECURITY_HOLDING,GHS,5980405.39,CP-GOG,SEC-TBILL,GL-1200,2025-09-23,0.2750,5980405.39,true
2025-03-25,SEC-TBILL-03,SECURITY_HOLDING,GHS,5490304.80,CP-GOG,SEC-TBILL,GL-1200,2025-09-23,0.2750,5490304.80,true
2025-03-25,SEC-TBILL-04,SECURITY_HOLDING,GHS,7950617.95,CP-GOG,SEC-TBILL,GL-1200,2025-06-24,0.2750,7950617.95,true
2025-03-25,SEC-TBILL-05,SECURITY_HOLDING,GHS,11013360.43,CP-GOG,SEC-TBILL,GL-1200,2025-09-23,0.2750,11013360.43,true
2025-03-25,SEC-BOND-06,SECURITY_HOLDING,GHS,11043193.61,CP-GOG,SEC-BOND,GL-1200,2028-03-24,0.2750,11043193.61,true
2025-03-25,SEC-BOND-07,SECURITY_HOLDING,GHS,10405343.97,CP-GOG,SEC-BOND,GL-1200,2028-03-24,0.2750,10405343.97,true
2025-03-25,SEC-BOND-08,SECURITY_HOLDING,GHS,6871717.35,CP-GOG,SEC-BOND,GL-1200,2027-03-25,0.2750,6871717.35,true
2025-03-25,SEC-BOND-09,SECURITY_HOLDING,GHS,10515671.83,CP-GOG,SEC-BOND,GL-1200,2027-03-25,0.2750,10515671.83,true
2025-03-26,SEC-TBILL-00,SECURITY_HOLDING,GHS,7121177.90,CP-GOG,SEC-TBILL,GL-1200,2025-06-25,0.2679,7121177.90,true
2025-03-26,SEC-TBILL-01,SECURITY_HOLDING,GHS,7120111.76,CP-GOG,SEC-TBILL,GL-1200,2026-03-25,0.2679,7120111.76,true
2025-03-26,SEC-TBILL-02,SECURITY_HOLDING,GHS,6900202.04,CP-GOG,SEC-TBILL,GL-1200,2025-09-24,0.2679,6900202.04,true
2025-03-26,SEC-TBILL-03,SECURITY_HOLDING,GHS,10668822.16,CP-GOG,SEC-TBILL,GL-1200,2025-06-25,0.2679,10668822.16,true
2025-03-26,SEC-TBILL-04,SECURITY_HOLDING,GHS,9226786.10,CP-GOG,SEC-TBILL,GL-1200,2025-06-25,0.2679,9226786.10,true
2025-03-26,SEC-TBILL-05,SECURITY_HOLDING,GHS,8761795.93,CP-GOG,SEC-TBILL,GL-1200,2025-09-24,0.2679,8761795.93,true
2025-03-26,SEC-BOND-06,SECURITY_HOLDING,GHS,8800105.88,CP-GOG,SEC-BOND,GL-1200,2027-03-26,0.2679,8800105.88,true
2025-03-26,SEC-BOND-07,SECURITY_HOLDING,GHS,12378995.68,CP-GOG,SEC-BOND,GL-1200,2027-03-26,0.2679,12378995.68,true
2025-03-26,SEC-BOND-08,SECURITY_HOLDING,GHS,8044770.55,CP-GOG,SEC-BOND,GL-1200,2028-03-25,0.2679,8044770.55,true
2025-03-26,SEC-BOND-09,SECURITY_HOLDING,GHS,8122694.55,CP-GOG,SEC-BOND,GL-1200,2030-03-25,0.2679,8122694.55,true
2025-03-27,SEC-TBILL-00,SECURITY_HOLDING,GHS,5497636.99,CP-GOG,SEC-TBILL,GL-1200,2025-06-26,0.2189,5497636.99,true
2025-03-27,SEC-TBILL-01,SECURITY_HOLDING,GHS,9617869.24,CP-GOG,SEC-TBILL,GL-1200,2026-03-26,0.2189,9617869.24,true
2025-03-27,SEC-TBILL-02,SECURITY_HOLDING,GHS,5481933.83,CP-GOG,SEC-TBILL,GL-1200,2025-09-25,0.2189,5481933.83,true
2025-03-27,SEC-TBILL-03,SECURITY_HOLDING,GHS,8857237.06,CP-GOG,SEC-TBILL,GL-1200,2025-06-26,0.2189,8857237.06,true
2025-03-27,SEC-TBILL-04,SECURITY_HOLDING,GHS,7565700.95,CP-GOG,SEC-TBILL,GL-1200,2025-09-25,0.2189,7565700.95,true
2025-03-27,SEC-TBILL-05,SECURITY_HOLDING,GHS,11088216.93,CP-GOG,SEC-TBILL,GL-1200,2026-03-26,0.2189,11088216.93,true
2025-03-27,SEC-BOND-06,SECURITY_HOLDING,GHS,11122528.61,CP-GOG,SEC-BOND,GL-1200,2030-03-26,0.2189,11122528.61,true
2025-03-27,SEC-BOND-07,SECURITY_HOLDING,GHS,10388926.11,CP-GOG,SEC-BOND,GL-1200,2030-03-26,0.2189,10388926.11,true
2025-03-27,SEC-BOND-08,SECURITY_HOLDING,GHS,10446024.82,CP-GOG,SEC-BOND,GL-1200,2027-03-27,0.2189,10446024.82,true
2025-03-27,SEC-BOND-09,SECURITY_HOLDING,GHS,6576839.33,CP-GOG,SEC-BOND,GL-1200,2027-03-27,0.2189,6576839.33,true
2025-03-28,SEC-TBILL-00,SECURITY_HOLDING,GHS,11442414.72,CP-GOG,SEC-TBILL,GL-1200,2025-09-26,0.2518,11442414.72,true
2025-03-28,SEC-TBILL-01,SECURITY_HOLDING,GHS,8050775.54,CP-GOG,SEC-TBILL,GL-1200,2026-03-27,0.2518,8050775.54,true
2025-03-28,SEC-TBILL-02,SECURITY_HOLDING,GHS,11263782.29,CP-GOG,SEC-TBILL,GL-1200,2026-03-27,0.2518,11263782.29,true
2025-03-28,SEC-TBILL-03,SECURITY_HOLDING,GHS,10755022.50,CP-GOG,SEC-TBILL,GL-1200,2025-09-26,0.2518,10755022.50,true
2025-03-28,SEC-TBILL-04,SECURITY_HOLDING,GHS,9589309.57,CP-GOG,SEC-TBILL,GL-1200,2026-03-27,0.2518,9589309.57,true
2025-03-28,SEC-TBILL-05,SECURITY_HOLDING,GHS,5658184.44,CP-GOG,SEC-TBILL,GL-1200,2026-03-27,0.2518,5658184.44,true
2025-03-28,SEC-BOND-06,SECURITY_HOLDING,GHS,9408848.97,CP-GOG,SEC-BOND,GL-1200,2027-03-28,0.2518,9408848.97,true
2025-03-28,SEC-BOND-07,SECURITY_HOLDING,GHS,8746715.01,CP-GOG,SEC-BOND,GL-1200,2030-03-27,0.2518,8746715.01,true
2025-03-28,SEC-BOND-08,SECURITY_HOLDING,GHS,5078555.55,CP-GOG,SEC-BOND,GL-1200,2028-03-27,0.2518,5078555.55,true
2025-03-28,SEC-BOND-09,SECURITY_HOLDING,GHS,8861243.28,CP-GOG,SEC-BOND,GL-1200,2028-03-27,0.2518,8861243.28,true
2025-03-31,SEC-TBILL-00,SECURITY_HOLDING,GHS,9577781.06,CP-GOG,SEC-TBILL,GL-1200,2026-03-30,0.2687,9577781.06,true
2025-03-31,SEC-TBILL-01,SECURITY_HOLDING,GHS,9576901.75,CP-GOG,SEC-TBILL,GL-1200,2026-03-30,0.2687,9576901.75,true
2025-03-31,SEC-TBILL-02,SECURITY_HOLDING,GHS,5768281.53,CP-GOG,SEC-TBILL,GL-1200,2025-09-29,0.2687,5768281.53,true
2025-03-31,SEC-TBILL-03,SECURITY_HOLDING,GHS,8876465.49,CP-GOG,SEC-TBILL,GL-1200,2025-09-29,0.2687,8876465.49,true
2025-03-31,SEC-TBILL-04,SECURITY_HOLDING,GHS,7687140.70,CP-GOG,SEC-TBILL,GL-1200,2025-09-29,0.2687,7687140.70,true
2025-03-31,SEC-TBILL-05,SECURITY_HOLDING,GHS,10930887.10,CP-GOG,SEC-TBILL,GL-1200,2026-03-30,0.2687,10930887.10,true
2025-03-31,SEC-BOND-06,SECURITY_HOLDING,GHS,7335234.54,CP-GOG,SEC-BOND,GL-1200,2028-03-30,0.2687,7335234.54,true
2025-03-31,SEC-BOND-07,SECURITY_HOLDING,GHS,10286937.69,CP-GOG,SEC-BOND,GL-1200,2028-03-30,0.2687,10286937.69,true
2025-03-31,SEC-BOND-08,SECURITY_HOLDING,GHS,10339517.65,CP-GOG,SEC-BOND,GL-1200,2030-03-30,0.2687,10339517.65,true
2025-03-31,SEC-BOND-09,SECURITY_HOLDING,GHS,6776536.93,CP-GOG,SEC-BOND,GL-1200,2027-03-31,0.2687,6776536.93,true
2025-04-01,SEC-TBILL-00,SECURITY_HOLDING,GHS,5146697.99,CP-GOG,SEC-TBILL,GL-1200,2025-07-01,0.2598,5146697.99,true
2025-04-01,SEC-TBILL-01,SECURITY_HOLDING,GHS,8945897.40,CP-GOG,SEC-TBILL,GL-1200,2026-03-31,0.2598,8945897.40,true
2025-04-01,SEC-TBILL-02,SECURITY_HOLDING,GHS,4964205.23,CP-GOG,SEC-TBILL,GL-1200,2026-03-31,0.2598,4964205.23,true
2025-04-01,SEC-TBILL-03,SECURITY_HOLDING,GHS,11708584.39,CP-GOG,SEC-TBILL,GL-1200,2026-03-31,0.2598,11708584.39,true
2025-04-01,SEC-TBILL-04,SECURITY_HOLDING,GHS,7053626.26,CP-GOG,SEC-TBILL,GL-1200,2025-07-01,0.2598,7053626.26,true
2025-04-01,SEC-TBILL-05,SECURITY_HOLDING,GHS,10301681.18,CP-GOG,SEC-TBILL,GL-1200,2025-07-01,0.2598,10301681.18,true
2025-04-01,SEC-BOND-06,SECURITY_HOLDING,GHS,10333319.43,CP-GOG,SEC-BOND,GL-1200,2028-03-31,0.2598,10333319.43,true
2025-04-01,SEC-BOND-07,SECURITY_HOLDING,GHS,9656876.44,CP-GOG,SEC-BOND,GL-1200,2028-03-31,0.2598,9656876.44,true
2025-04-01,SEC-BOND-08,SECURITY_HOLDING,GHS,9709526.25,CP-GOG,SEC-BOND,GL-1200,2028-03-31,0.2598,9709526.25,true
2025-04-01,SEC-BOND-09,SECURITY_HOLDING,GHS,9773879.73,CP-GOG,SEC-BOND,GL-1200,2030-03-31,0.2598,9773879.73,true
2025-04-02,SEC-TBILL-00,SECURITY_HOLDING,GHS,11326984.09,CP-GOG,SEC-TBILL,GL-1200,2026-04-01,0.2527,11326984.09,true
2025-04-02,SEC-TBILL-01,SECURITY_HOLDING,GHS,7991648.18,CP-GOG,SEC-TBILL,GL-1200,2025-10-01,0.2527,7991648.18,true
2025-04-02,SEC-TBILL-02,SECURITY_HOLDING,GHS,11151317.06,CP-GOG,SEC-TBILL,GL-1200,2026-04-01,0.2527,11151317.06,true
2025-04-02,SEC-TBILL-03,SECURITY_HOLDING,GHS,10651003.00,CP-GOG,SEC-TBILL,GL-1200,2025-10-01,0.2527,10651003.00,true
2025-04-02,SEC-TBILL-04,SECURITY_HOLDING,GHS,9504641.61,CP-GOG,SEC-TBILL,GL-1200,2025-10-01,0.2527,9504641.61,true
2025-04-02,SEC-TBILL-05,SECURITY_HOLDING,GHS,5638775.55,CP-GOG,SEC-TBILL,GL-1200,2026-04-01,0.2527,5638775.55,true
2025-04-02,SEC-BOND-06,SECURITY_HOLDING,GHS,9327176.77,CP-GOG,SEC-BOND,GL-1200,2028-04-01,0.2527,9327176.77,true
2025-04-02,SEC-BOND-07,SECURITY_HOLDING,GHS,5018088.30,CP-GOG,SEC-BOND,GL-1200,2027-04-02,0.2527,5018088.30,true
2025-04-02,SEC-BOND-08,SECURITY_HOLDING,GHS,5068768.85,CP-GOG,SEC-BOND,GL-1200,2030-04-01,0.2527,5068768.85,true
2025-04-02,SEC-BOND-09,SECURITY_HOLDING,GHS,8788661.67,CP-GOG,SEC-BOND,GL-1200,2027-04-02,0.2527,8788661.67,true
2025-04-03,SEC-TBILL-00,SECURITY_HOLDING,GHS,6997094.17,CP-GOG,SEC-TBILL,GL-1200,2025-10-02,0.2037,6997094.17,true
2025-04-03,SEC-TBILL-01,SECURITY_HOLDING,GHS,10627062.83,CP-GOG,SEC-TBILL,GL-1200,2025-07-03,0.2037,10627062.83,true
2025-04-03,SEC-TBILL-02,SECURITY_HOLDING,GHS,10453540.24,CP-GOG,SEC-TBILL,GL-1200,2025-10-02,0.2037,10453540.24,true
2025-04-03,SEC-TBILL-03,SECURITY_HOLDING,GHS,6486657.03,CP-GOG,SEC-TBILL,GL-1200,2025-07-03,0.2037,6486657.03,true
2025-04-03,SEC-TBILL-04,SECURITY_HOLDING,GHS,5348799.91,CP-GOG,SEC-TBILL,GL-1200,2025-07-03,0.2037,5348799.91,true
2025-04-03,SEC-TBILL-05,SECURITY_HOLDING,GHS,4981893.43,CP-GOG,SEC-TBILL,GL-1200,2025-07-03,0.2037,4981893.43,true
2025-04-03,SEC-BOND-06,SECURITY_HOLDING,GHS,5012122.39,CP-GOG,SEC-BOND,GL-1200,2028-04-02,0.2037,5012122.39,true
2025-04-03,SEC-BOND-07,SECURITY_HOLDING,GHS,11306372.17,CP-GOG,SEC-BOND,GL-1200,2027-04-03,0.2037,11306372.17,true
2025-04-03,SEC-BOND-08,SECURITY_HOLDING,GHS,11356676.75,CP-GOG,SEC-BOND,GL-1200,2030-04-02,0.2037,11356676.75,true
2025-04-03,SEC-BOND-09,SECURITY_HOLDING,GHS,11418163.69,CP-GOG,SEC-BOND,GL-1200,2027-04-03,0.2037,11418163.69,true
2025-04-04,SEC-TBILL-00,SECURITY_HOLDING,GHS,9399853.51,CP-GOG,SEC-TBILL,GL-1200,2025-10-03,0.2767,9399853.51,true
2025-04-04,SEC-TBILL-01,SECURITY_HOLDING,GHS,6241300.54,CP-GOG,SEC-TBILL,GL-1200,2025-10-03,0.2767,6241300.54,true
2025-04-04,SEC-TBILL-02,SECURITY_HOLDING,GHS,5922590.16,CP-GOG,SEC-TBILL,GL-1200,2025-07-04,0.2767,5922590.16,true
2025-04-04,SEC-TBILL-03,SECURITY_HOLDING,GHS,8759701.47,CP-GOG,SEC-TBILL,GL-1200,2025-10-03,0.2767,8759701.47,true
2025-04-04,SEC-TBILL-04,SECURITY_HOLDING,GHS,4516350.37,CP-GOG,SEC-TBILL,GL-1200,2025-07-04,0.2767,4516350.37,true
2025-04-04,SEC-TBILL-05,SECURITY_HOLDING,GHS,10634951.73,CP-GOG,SEC-TBILL,GL-1200,2026-04-03,0.2767,10634951.73,true
2025-04-04,SEC-BOND-06,SECURITY_HOLDING,GHS,10816949.27,CP-GOG,SEC-BOND,GL-1200,2028-04-03,0.2767,10816949.27,true
2025-04-04,SEC-BOND-07,SECURITY_HOLDING,GHS,6889412.43,CP-GOG,SEC-BOND,GL-1200,2027-04-04,0.2767,6889412.43,true
2025-04-04,SEC-BOND-08,SECURITY_HOLDING,GHS,10095157.12,CP-GOG,SEC-BOND,GL-1200,2028-04-03,0.2767,10095157.12,true
2025-04-04,SEC-BOND-09,SECURITY_HOLDING,GHS,10306977.10,CP-GOG,SEC-BOND,GL-1200,2030-04-03,0.2767,10306977.10,true
2025-04-07,SEC-TBILL-00,SECURITY_HOLDING,GHS,12414163.83,CP-GOG,SEC-TBILL,GL-1200,2026-04-06,0.2535,12414163.83,true
2025-04-07,SEC-TBILL-01,SECURITY_HOLDING,GHS,12413241.01,CP-GOG,SEC-TBILL,GL-1200,2026-04-06,0.2535,12413241.01,true
2025-04-07,SEC-TBILL-02,SECURITY_HOLDING,GHS,12222894.40,CP-GOG,SEC-TBILL,GL-1200,2025-07-07,0.2535,12222894.40,true
2025-04-07,SEC-TBILL-03,SECURITY_HOLDING,GHS,7871398.88,CP-GOG,SEC-TBILL,GL-1200,2025-07-07,0.2535,7871398.88,true
2025-04-07,SEC-TBILL-04,SECURITY_HOLDING,GHS,10429964.46,CP-GOG,SEC-TBILL,GL-1200,2026-04-06,0.2535,10429964.46,true
2025-04-07,SEC-TBILL-05,SECURITY_HOLDING,GHS,6220739.73,CP-GOG,SEC-TBILL,GL-1200,2025-10-06,0.2535,6220739.73,true
2025-04-07,SEC-BOND-06,SECURITY_HOLDING,GHS,6253899.56,CP-GOG,SEC-BOND,GL-1200,2028-04-06,0.2535,6253899.56,true
2025-04-07,SEC-BOND-07,SECURITY_HOLDING,GHS,5544924.25,CP-GOG,SEC-BOND,GL-1200,2028-04-06,0.2535,5544924.25,true
2025-04-07,SEC-BOND-08,SECURITY_HOLDING,GHS,5600106.15,CP-GOG,SEC-BOND,GL-1200,2028-04-06,0.2535,5600106.15,true
2025-04-07,SEC-BOND-09,SECURITY_HOLDING,GHS,5667554.61,CP-GOG,SEC-BOND,GL-1200,2030-04-06,0.2535,5667554.61,true
2025-04-08,SEC-TBILL-00,SECURITY_HOLDING,GHS,7680540.02,CP-GOG,SEC-TBILL,GL-1200,2025-10-07,0.2046,7680540.02,true
2025-04-08,SEC-TBILL-01,SECURITY_HOLDING,GHS,7853991.99,CP-GOG,SEC-TBILL,GL-1200,2026-04-07,0.2046,7853991.99,true
2025-04-08,SEC-TBILL-02,SECURITY_HOLDING,GHS,7491147.18,CP-GOG,SEC-TBILL,GL-1200,2025-10-07,0.2046,7491147.18,true
2025-04-08,SEC-TBILL-03,SECURITY_HOLDING,GHS,10721136.59,CP-GOG,SEC-TBILL,GL-1200,2025-10-07,0.2046,10721136.59,true
2025-04-08,SEC-TBILL-04,SECURITY_HOLDING,GHS,5890173.81,CP-GOG,SEC-TBILL,GL-1200,2026-04-07,0.2046,5890173.81,true
2025-04-08,SEC-TBILL-05,SECURITY_HOLDING,GHS,9261038.16,CP-GOG,SEC-TBILL,GL-1200,2026-04-07,0.2046,9261038.16,true
2025-04-08,SEC-BOND-06,SECURITY_HOLDING,GHS,5524476.94,CP-GOG,SEC-BOND,GL-1200,2027-04-08,0.2046,5524476.94,true
2025-04-08,SEC-BOND-07,SECURITY_HOLDING,GHS,8591853.26,CP-GOG,SEC-BOND,GL-1200,2030-04-07,0.2046,8591853.26,true
2025-04-08,SEC-BOND-08,SECURITY_HOLDING,GHS,8646493.76,CP-GOG,SEC-BOND,GL-1200,2028-04-07,0.2046,8646493.76,true
2025-04-08,SEC-BOND-09,SECURITY_HOLDING,GHS,12482676.18,CP-GOG,SEC-BOND,GL-1200,2030-04-07,0.2046,12482676.18,true
2025-04-09,SEC-TBILL-00,SECURITY_HOLDING,GHS,9365912.73,CP-GOG,SEC-TBILL,GL-1200,2026-04-08,0.2375,9365912.73,true
2025-04-09,SEC-TBILL-01,SECURITY_HOLDING,GHS,6242216.14,CP-GOG,SEC-TBILL,GL-1200,2026-04-08,0.2375,6242216.14,true
2025-04-09,SEC-TBILL-02,SECURITY_HOLDING,GHS,9201392.43,CP-GOG,SEC-TBILL,GL-1200,2025-10-08,0.2375,9201392.43,true
2025-04-09,SEC-TBILL-03,SECURITY_HOLDING,GHS,8732825.12,CP-GOG,SEC-TBILL,GL-1200,2025-10-08,0.2375,8732825.12,true
2025-04-09,SEC-TBILL-04,SECURITY_HOLDING,GHS,7659204.59,CP-GOG,SEC-TBILL,GL-1200,2026-04-08,0.2375,7659204.59,true
2025-04-09,SEC-TBILL-05,SECURITY_HOLDING,GHS,10587380.95,CP-GOG,SEC-TBILL,GL-1200,2025-07-09,0.2375,10587380.95,true
2025-04-09,SEC-BOND-06,SECURITY_HOLDING,GHS,7493000.54,CP-GOG,SEC-BOND,GL-1200,2027-04-09,0.2375,7493000.54,true
2025-04-09,SEC-BOND-07,SECURITY_HOLDING,GHS,10006078.59,CP-GOG,SEC-BOND,GL-1200,2028-04-08,0.2375,10006078.59,true
2025-04-09,SEC-BOND-08,SECURITY_HOLDING,GHS,10053543.28,CP-GOG,SEC-BOND,GL-1200,2027-04-09,0.2375,10053543.28,true
2025-04-09,SEC-BOND-09,SECURITY_HOLDING,GHS,6988656.20,CP-GOG,SEC-BOND,GL-1200,2027-04-09,0.2375,6988656.20,true
2025-04-10,SEC-TBILL-00,SECURITY_HOLDING,GHS,5478828.73,CP-GOG,SEC-TBILL,GL-1200,2026-04-09,0.2686,5478828.73,true
2025-04-10,SEC-TBILL-01,SECURITY_HOLDING,GHS,8979967.60,CP-GOG,SEC-TBILL,GL-1200,2025-10-09,0.2686,8979967.60,true
2025-04-10,SEC-TBILL-02,SECURITY_HOLDING,GHS,8812603.43,CP-GOG,SEC-TBILL,GL-1200,2025-07-10,0.2686,8812603.43,true
2025-04-10,SEC-TBILL-03,SECURITY_HOLDING,GHS,8333625.66,CP-GOG,SEC-TBILL,GL-1200,2025-07-10,0.2686,8333625.66,true
2025-04-10,SEC-TBILL-04,SECURITY_HOLDING,GHS,7236151.78,CP-GOG,SEC-TBILL,GL-1200,2026-04-09,0.2686,7236151.78,true
2025-04-10,SEC-TBILL-05,SECURITY_HOLDING,GHS,10229385.38,CP-GOG,SEC-TBILL,GL-1200,2025-10-09,0.2686,10229385.38,true
2025-04-10,SEC-BOND-06,SECURITY_HOLDING,GHS,10258541.50,CP-GOG,SEC-BOND,GL-1200,2030-04-09,0.2686,10258541.50,true
2025-04-10,SEC-BOND-07,SECURITY_HOLDING,GHS,9635167.84,CP-GOG,SEC-BOND,GL-1200,2028-04-09,0.2686,9635167.84,true
2025-04-10,SEC-BOND-08,SECURITY_HOLDING,GHS,9683687.08,CP-GOG,SEC-BOND,GL-1200,2028-04-09,0.2686,9683687.08,true
2025-04-10,SEC-BOND-09,SECURITY_HOLDING,GHS,9742991.81,CP-GOG,SEC-BOND,GL-1200,2028-04-09,0.2686,9742991.81,true
2025-04-11,SEC-TBILL-00,SECURITY_HOLDING,GHS,5982967.40,CP-GOG,SEC-TBILL,GL-1200,2025-07-11,0.2615,5982967.40,true
2025-04-11,SEC-TBILL-01,SECURITY_HOLDING,GHS,10270500.69,CP-GOG,SEC-TBILL,GL-1200,2025-07-11,0.2615,10270500.69,true
2025-04-11,SEC-TBILL-02,SECURITY_HOLDING,GHS,5777017.75,CP-GOG,SEC-TBILL,GL-1200,2025-10-10,0.2615,5777017.75,true
2025-04-11,SEC-TBILL-03,SECURITY_HOLDING,GHS,9289374.35,CP-GOG,SEC-TBILL,GL-1200,2025-07-11,0.2615,9289374.35,true
2025-04-11,SEC-TBILL-04,SECURITY_HOLDING,GHS,8135004.60,CP-GOG,SEC-TBILL,GL-1200,2026-04-10,0.2615,8135004.60,true
2025-04-11,SEC-TBILL-05,SECURITY_HOLDING,GHS,7512024.56,CP-GOG,SEC-TBILL,GL-1200,2026-04-10,0.2615,7512024.56,true
2025-04-11,SEC-BOND-06,SECURITY_HOLDING,GHS,11836256.40,CP-GOG,SEC-BOND,GL-1200,2030-04-10,0.2615,11836256.40,true
2025-04-11,SEC-BOND-07,SECURITY_HOLDING,GHS,11072866.14,CP-GOG,SEC-BOND,GL-1200,2030-04-10,0.2615,11072866.14,true
2025-04-11,SEC-BOND-08,SECURITY_HOLDING,GHS,6843756.40,CP-GOG,SEC-BOND,GL-1200,2030-04-10,0.2615,6843756.40,true
2025-04-11,SEC-BOND-09,SECURITY_HOLDING,GHS,11204908.56,CP-GOG,SEC-BOND,GL-1200,2028-04-10,0.2615,11204908.56,true
2025-04-14,SEC-TBILL-00,SECURITY_HOLDING,GHS,8211231.20,CP-GOG,SEC-TBILL,GL-1200,2026-04-13,0.2384,8211231.20,true
2025-04-14,SEC-TBILL-01,SECURITY_HOLDING,GHS,8210540.44,CP-GOG,SEC-TBILL,GL-1200,2025-07-14,0.2384,8210540.44,true
2025-04-14,SEC-TBILL-02,SECURITY_HOLDING,GHS,8068060.72,CP-GOG,SEC-TBILL,GL-1200,2026-04-13,0.2384,8068060.72,true
2025-04-14,SEC-TBILL-03,SECURITY_HOLDING,GHS,7660299.50,CP-GOG,SEC-TBILL,GL-1200,2025-07-14,0.2384,7660299.50,true
2025-04-14,SEC-TBILL-04,SECURITY_HOLDING,GHS,6726002.92,CP-GOG,SEC-TBILL,GL-1200,2025-10-13,0.2384,6726002.92,true
2025-04-14,SEC-TBILL-05,SECURITY_HOLDING,GHS,9274189.23,CP-GOG,SEC-TBILL,GL-1200,2025-10-13,0.2384,9274189.23,true
2025-04-14,SEC-BOND-06,SECURITY_HOLDING,GHS,9299010.28,CP-GOG,SEC-BOND,GL-1200,2028-04-13,0.2384,9299010.28,true
2025-04-14,SEC-BOND-07,SECURITY_HOLDING,GHS,8768322.60,CP-GOG,SEC-BOND,GL-1200,2030-04-13,0.2384,8768322.60,true
2025-04-14,SEC-BOND-08,SECURITY_HOLDING,GHS,8809627.78,CP-GOG,SEC-BOND,GL-1200,2030-04-13,0.2384,8809627.78,true
2025-04-14,SEC-BOND-09,SECURITY_HOLDING,GHS,8860114.82,CP-GOG,SEC-BOND,GL-1200,2028-04-13,0.2384,8860114.82,true
2025-04-15,SEC-TBILL-00,SECURITY_HOLDING,GHS,5521980.77,CP-GOG,SEC-TBILL,GL-1200,2025-10-14,0.2694,5521980.77,true
2025-04-15,SEC-TBILL-01,SECURITY_HOLDING,GHS,9005336.67,CP-GOG,SEC-TBILL,GL-1200,2025-07-15,0.2694,9005336.67,true
2025-04-15,SEC-TBILL-02,SECURITY_HOLDING,GHS,8838822.58,CP-GOG,SEC-TBILL,GL-1200,2025-10-14,0.2694,8838822.58,true
2025-04-15,SEC-TBILL-03,SECURITY_HOLDING,GHS,8362277.63,CP-GOG,SEC-TBILL,GL-1200,2025-07-15,0.2694,8362277.63,true
2025-04-15,SEC-TBILL-04,SECURITY_HOLDING,GHS,7270378.03,CP-GOG,SEC-TBILL,GL-1200,2025-07-15,0.2694,7270378.03,true
2025-04-15,SEC-TBILL-05,SECURITY_HOLDING,GHS,10248408.42,CP-GOG,SEC-TBILL,GL-1200,2025-10-14,0.2694,10248408.42,true
2025-04-15,SEC-BOND-06,SECURITY_HOLDING,GHS,10277416.45,CP-GOG,SEC-BOND,GL-1200,2027-04-15,0.2694,10277416.45,true
2025-04-15,SEC-BOND-07,SECURITY_HOLDING,GHS,9657209.02,CP-GOG,SEC-BOND,GL-1200,2027-04-15,0.2694,9657209.02,true
2025-04-15,SEC-BOND-08,SECURITY_HOLDING,GHS,9705481.83,CP-GOG,SEC-BOND,GL-1200,2030-04-14,0.2694,9705481.83,true
2025-04-15,SEC-BOND-09,SECURITY_HOLDING,GHS,9764485.33,CP-GOG,SEC-BOND,GL-1200,2028-04-14,0.2694,9764485.33,true
2025-04-16,SEC-TBILL-00,SECURITY_HOLDING,GHS,6038314.55,CP-GOG,SEC-TBILL,GL-1200,2026-04-15,0.2623,6038314.55,true
2025-04-16,SEC-TBILL-01,SECURITY_HOLDING,GHS,10303232.11,CP-GOG,SEC-TBILL,GL-1200,2025-10-15,0.2623,10303232.11,true
2025-04-16,SEC-TBILL-02,SECURITY_HOLDING,GHS,5833451.23,CP-GOG,SEC-TBILL,GL-1200,2025-07-16,0.2623,5833451.23,true
2025-04-16,SEC-TBILL-03,SECURITY_HOLDING,GHS,9327280.97,CP-GOG,SEC-TBILL,GL-1200,2025-07-16,0.2623,9327280.97,true
2025-04-16,SEC-TBILL-04,SECURITY_HOLDING,GHS,7990391.53,CP-GOG,SEC-TBILL,GL-1200,2025-10-15,0.2623,7990391.53,true
2025-04-16,SEC-TBILL-05,SECURITY_HOLDING,GHS,11636603.52,CP-GOG,SEC-TBILL,GL-1200,2025-10-15,0.2623,11636603.52,true
2025-04-16,SEC-BOND-06,SECURITY_HOLDING,GHS,11860728.82,CP-GOG,SEC-BOND,GL-1200,2030-04-15,0.2623,11860728.82,true
2025-04-16,SEC-BOND-07,SECURITY_HOLDING,GHS,7024068.03,CP-GOG,SEC-BOND,GL-1200,2028-04-15,0.2623,7024068.03,true
2025-04-16,SEC-BOND-08,SECURITY_HOLDING,GHS,6894563.09,CP-GOG,SEC-BOND,GL-1200,2028-04-15,0.2623,6894563.09,true
2025-04-16,SEC-BOND-09,SECURITY_HOLDING,GHS,11232711.19,CP-GOG,SEC-BOND,GL-1200,2028-04-15,0.2623,11232711.19,true
2025-04-17,SEC-TBILL-00,SECURITY_HOLDING,GHS,8194461.84,CP-GOG,SEC-TBILL,GL-1200,2025-10-16,0.2134,8194461.84,true
2025-04-17,SEC-TBILL-01,SECURITY_HOLDING,GHS,8193599.56,CP-GOG,SEC-TBILL,GL-1200,2025-07-17,0.2134,8193599.56,true
2025-04-17,SEC-TBILL-02,SECURITY_HOLDING,GHS,11572785.02,CP-GOG,SEC-TBILL,GL-1200,2026-04-16,0.2134,11572785.02,true
2025-04-17,SEC-TBILL-03,SECURITY_HOLDING,GHS,7506719.64,CP-GOG,SEC-TBILL,GL-1200,2025-10-16,0.2134,7506719.64,true
2025-04-17,SEC-TBILL-04,SECURITY_HOLDING,GHS,6340413.20,CP-GOG,SEC-TBILL,GL-1200,2025-07-17,0.2134,6340413.20,true
2025-04-17,SEC-TBILL-05,SECURITY_HOLDING,GHS,9521379.69,CP-GOG,SEC-TBILL,GL-1200,2025-07-17,0.2134,9521379.69,true
2025-04-17,SEC-BOND-06,SECURITY_HOLDING,GHS,9552364.45,CP-GOG,SEC-BOND,GL-1200,2028-04-16,0.2134,9552364.45,true
2025-04-17,SEC-BOND-07,SECURITY_HOLDING,GHS,8889893.36,CP-GOG,SEC-BOND,GL-1200,2028-04-16,0.2134,8889893.36,true
2025-04-17,SEC-BOND-08,SECURITY_HOLDING,GHS,8941455.68,CP-GOG,SEC-BOND,GL-1200,2030-04-16,0.2134,8941455.68,true
2025-04-17,SEC-BOND-09,SECURITY_HOLDING,GHS,9004479.95,CP-GOG,SEC-BOND,GL-1200,2027-04-17,0.2134,9004479.95,true
2025-04-18,SEC-TBILL-00,SECURITY_HOLDING,GHS,10450574.66,CP-GOG,SEC-TBILL,GL-1200,2025-10-17,0.2463,10450574.66,true
2025-04-18,SEC-TBILL-01,SECURITY_HOLDING,GHS,7213910.96,CP-GOG,SEC-TBILL,GL-1200,2025-07-18,0.2463,7213910.96,true
2025-04-18,SEC-TBILL-02,SECURITY_HOLDING,GHS,10280104.55,CP-GOG,SEC-TBILL,GL-1200,2025-07-18,0.2463,10280104.55,true
2025-04-18,SEC-TBILL-03,SECURITY_HOLDING,GHS,9794591.72,CP-GOG,SEC-TBILL,GL-1200,2026-04-17,0.2463,9794591.72,true
2025-04-18,SEC-TBILL-04,SECURITY_HOLDING,GHS,5446302.93,CP-GOG,SEC-TBILL,GL-1200,2026-04-17,0.2463,5446302.93,true
2025-04-18,SEC-TBILL-05,SECURITY_HOLDING,GHS,8480375.51,CP-GOG,SEC-TBILL,GL-1200,2025-10-17,0.2463,8480375.51,true
2025-04-18,SEC-BOND-06,SECURITY_HOLDING,GHS,8509929.42,CP-GOG,SEC-BOND,GL-1200,2030-04-17,0.2463,8509929.42,true
2025-04-18,SEC-BOND-07,SECURITY_HOLDING,GHS,7878050.60,CP-GOG,SEC-BOND,GL-1200,2028-04-17,0.2463,7878050.60,true
2025-04-18,SEC-BOND-08,SECURITY_HOLDING,GHS,11163073.06,CP-GOG,SEC-BOND,GL-1200,2027-04-18,0.2463,11163073.06,true
2025-04-18,SEC-BOND-09,SECURITY_HOLDING,GHS,7987345.69,CP-GOG,SEC-BOND,GL-1200,2027-04-18,0.2463,7987345.69,true
2025-04-21,SEC-TBILL-00,SECURITY_HOLDING,GHS,9467076.19,CP-GOG,SEC-TBILL,GL-1200,2025-10-20,0.2632,9467076.19,true
2025-04-21,SEC-TBILL-01,SECURITY_HOLDING,GHS,9466159.04,CP-GOG,SEC-TBILL,GL-1200,2025-10-20,0.2632,9466159.04,true
2025-04-21,SEC-TBILL-02,SECURITY_HOLDING,GHS,5493592.25,CP-GOG,SEC-TBILL,GL-1200,2025-10-20,0.2632,5493592.25,true
2025-04-21,SEC-TBILL-03,SECURITY_HOLDING,GHS,8735571.67,CP-GOG,SEC-TBILL,GL-1200,2025-07-21,0.2632,8735571.67,true
2025-04-21,SEC-TBILL-04,SECURITY_HOLDING,GHS,7495050.98,CP-GOG,SEC-TBILL,GL-1200,2025-10-20,0.2632,7495050.98,true
2025-04-21,SEC-TBILL-05,SECURITY_HOLDING,GHS,10878428.29,CP-GOG,SEC-TBILL,GL-1200,2026-04-20,0.2632,10878428.29,true
2025-04-21,SEC-BOND-06,SECURITY_HOLDING,GHS,7303009.61,CP-GOG,SEC-BOND,GL-1200,2028-04-20,0.2632,7303009.61,true
2025-04-21,SEC-BOND-07,SECURITY_HOLDING,GHS,10206759.31,CP-GOG,SEC-BOND,GL-1200,2027-04-21,0.2632,10206759.31,true
2025-04-21,SEC-BOND-08,SECURITY_HOLDING,GHS,10261602.64,CP-GOG,SEC-BOND,GL-1200,2030-04-20,0.2632,10261602.64,true
2025-04-21,SEC-BOND-09,SECURITY_HOLDING,GHS,6545249.20,CP-GOG,SEC-BOND,GL-1200,2028-04-20,0.2632,6545249.20,true
2025-04-22,SEC-TBILL-00,SECURITY_HOLDING,GHS,11618301.29,CP-GOG,SEC-TBILL,GL-1200,2025-07-22,0.2542,11618301.29,true
2025-04-22,SEC-TBILL-01,SECURITY_HOLDING,GHS,8237877.39,CP-GOG,SEC-TBILL,GL-1200,2025-10-21,0.2542,8237877.39,true
2025-04-22,SEC-TBILL-02,SECURITY_HOLDING,GHS,8060694.65,CP-GOG,SEC-TBILL,GL-1200,2025-10-21,0.2542,8060694.65,true
2025-04-22,SEC-TBILL-03,SECURITY_HOLDING,GHS,7553617.20,CP-GOG,SEC-TBILL,GL-1200,2025-07-22,0.2542,7553617.20,true
2025-04-22,SEC-TBILL-04,SECURITY_HOLDING,GHS,6391758.99,CP-GOG,SEC-TBILL,GL-1200,2026-04-21,0.2542,6391758.99,true
2025-04-22,SEC-TBILL-05,SECURITY_HOLDING,GHS,9560593.44,CP-GOG,SEC-TBILL,GL-1200,2026-04-21,0.2542,9560593.44,true
2025-04-22,SEC-BOND-06,SECURITY_HOLDING,GHS,9591460.03,CP-GOG,SEC-BOND,GL-1200,2030-04-21,0.2542,9591460.03,true
2025-04-22,SEC-BOND-07,SECURITY_HOLDING,GHS,8931515.57,CP-GOG,SEC-BOND,GL-1200,2030-04-21,0.2542,8931515.57,true
2025-04-22,SEC-BOND-08,SECURITY_HOLDING,GHS,8982881.24,CP-GOG,SEC-BOND,GL-1200,2027-04-22,0.2542,8982881.24,true
2025-04-22,SEC-BOND-09,SECURITY_HOLDING,GHS,9045665.13,CP-GOG,SEC-BOND,GL-1200,2030-04-21,0.2542,9045665.13,true
2025-04-23,SEC-TBILL-00,SECURITY_HOLDING,GHS,10924051.58,CP-GOG,SEC-TBILL,GL-1200,2026-04-22,0.2472,10924051.58,true
2025-04-23,SEC-TBILL-01,SECURITY_HOLDING,GHS,7563997.48,CP-GOG,SEC-TBILL,GL-1200,2026-04-22,0.2472,7563997.48,true
2025-04-23,SEC-TBILL-02,SECURITY_HOLDING,GHS,10747082.68,CP-GOG,SEC-TBILL,GL-1200,2025-10-22,0.2472,10747082.68,true
2025-04-23,SEC-TBILL-03,SECURITY_HOLDING,GHS,10243060.79,CP-GOG,SEC-TBILL,GL-1200,2025-10-22,0.2472,10243060.79,true
2025-04-23,SEC-TBILL-04,SECURITY_HOLDING,GHS,5729003.45,CP-GOG,SEC-TBILL,GL-1200,2025-10-22,0.2472,5729003.45,true
2025-04-23,SEC-TBILL-05,SECURITY_HOLDING,GHS,5193687.71,CP-GOG,SEC-TBILL,GL-1200,2026-04-22,0.2472,5193687.71,true
2025-04-23,SEC-BOND-06,SECURITY_HOLDING,GHS,8909423.68,CP-GOG,SEC-BOND,GL-1200,2028-04-22,0.2472,8909423.68,true
2025-04-23,SEC-BOND-07,SECURITY_HOLDING,GHS,8253455.93,CP-GOG,SEC-BOND,GL-1200,2028-04-22,0.2472,8253455.93,true
2025-04-23,SEC-BOND-08,SECURITY_HOLDING,GHS,11663712.35,CP-GOG,SEC-BOND,GL-1200,2028-04-22,0.2472,11663712.35,true
2025-04-23,SEC-BOND-09,SECURITY_HOLDING,GHS,8366917.64,CP-GOG,SEC-BOND,GL-1200,2030-04-22,0.2472,8366917.64,true
2025-04-24,SEC-TBILL-00,SECURITY_HOLDING,GHS,8853688.98,CP-GOG,SEC-TBILL,GL-1200,2026-04-23,0.2782,8853688.98,true
2025-04-24,SEC-TBILL-01,SECURITY_HOLDING,GHS,8852955.04,CP-GOG,SEC-TBILL,GL-1200,2025-07-24,0.2782,8852955.04,true
2025-04-24,SEC-TBILL-02,SECURITY_HOLDING,GHS,8701567.02,CP-GOG,SEC-TBILL,GL-1200,2025-07-24,0.2782,8701567.02,true
2025-04-24,SEC-TBILL-03,SECURITY_HOLDING,GHS,5240700.07,CP-GOG,SEC-TBILL,GL-1200,2026-04-23,0.2782,5240700.07,true
2025-04-24,SEC-TBILL-04,SECURITY_HOLDING,GHS,4247988.19,CP-GOG,SEC-TBILL,GL-1200,2025-07-24,0.2782,4247988.19,true
2025-04-24,SEC-TBILL-05,SECURITY_HOLDING,GHS,9983106.66,CP-GOG,SEC-TBILL,GL-1200,2026-04-23,0.2782,9983106.66,true
2025-04-24,SEC-BOND-06,SECURITY_HOLDING,GHS,10009479.61,CP-GOG,SEC-BOND,GL-1200,2028-04-23,0.2782,10009479.61,true
2025-04-24,SEC-BOND-07,SECURITY_HOLDING,GHS,9445611.57,CP-GOG,SEC-BOND,GL-1200,2030-04-23,0.2782,9445611.57,true
2025-04-24,SEC-BOND-08,SECURITY_HOLDING,GHS,9489499.29,CP-GOG,SEC-BOND,GL-1200,2027-04-24,0.2782,9489499.29,true
2025-04-24,SEC-BOND-09,SECURITY_HOLDING,GHS,9543142.95,CP-GOG,SEC-BOND,GL-1200,2028-04-23,0.2782,9543142.95,true
2025-04-25,SEC-TBILL-00,SECURITY_HOLDING,GHS,9103690.96,CP-GOG,SEC-TBILL,GL-1200,2025-10-24,0.2711,9103690.96,true
2025-04-25,SEC-TBILL-01,SECURITY_HOLDING,GHS,5888087.17,CP-GOG,SEC-TBILL,GL-1200,2025-10-24,0.2711,5888087.17,true
2025-04-25,SEC-TBILL-02,SECURITY_HOLDING,GHS,5563620.15,CP-GOG,SEC-TBILL,GL-1200,2025-10-24,0.2711,5563620.15,true
2025-04-25,SEC-TBILL-03,SECURITY_HOLDING,GHS,8451976.28,CP-GOG,SEC-TBILL,GL-1200,2026-04-24,0.2711,8451976.28,true
2025-04-25,SEC-TBILL-04,SECURITY_HOLDING,GHS,10873400.18,CP-GOG,SEC-TBILL,GL-1200,2026-04-24,0.2711,10873400.18,true
2025-04-25,SEC-TBILL-05,SECURITY_HOLDING,GHS,7146311.25,CP-GOG,SEC-TBILL,GL-1200,2026-04-24,0.2711,7146311.25,true
2025-04-25,SEC-BOND-06,SECURITY_HOLDING,GHS,10546382.75,CP-GOG,SEC-BOND,GL-1200,2028-04-24,0.2711,10546382.75,true
2025-04-25,SEC-BOND-07,SECURITY_HOLDING,GHS,6547905.47,CP-GOG,SEC-BOND,GL-1200,2028-04-24,0.2711,6547905.47,true
2025-04-25,SEC-BOND-08,SECURITY_HOLDING,GHS,9811553.36,CP-GOG,SEC-BOND,GL-1200,2028-04-24,0.2711,9811553.36,true
2025-04-25,SEC-BOND-09,SECURITY_HOLDING,GHS,10027199.31,CP-GOG,SEC-BOND,GL-1200,2028-04-24,0.2711,10027199.31,true
2025-04-28,SEC-TBILL-00,SECURITY_HOLDING,GHS,10609158.13,CP-GOG,SEC-TBILL,GL-1200,2025-07-28,0.2480,10609158.13,true
2025-04-28,SEC-TBILL-01,SECURITY_HOLDING,GHS,7368232.37,CP-GOG,SEC-TBILL,GL-1200,2026-04-27,0.2480,7368232.37,true
2025-04-28,SEC-TBILL-02,SECURITY_HOLDING,GHS,10438463.55,CP-GOG,SEC-TBILL,GL-1200,2025-07-28,0.2480,10438463.55,true
2025-04-28,SEC-TBILL-03,SECURITY_HOLDING,GHS,6555058.10,CP-GOG,SEC-TBILL,GL-1200,2025-07-28,0.2480,6555058.10,true
2025-04-28,SEC-TBILL-04,SECURITY_HOLDING,GHS,5441145.67,CP-GOG,SEC-TBILL,GL-1200,2025-07-28,0.2480,5441145.67,true
2025-04-28,SEC-TBILL-05,SECURITY_HOLDING,GHS,5081960.24,CP-GOG,SEC-TBILL,GL-1200,2026-04-27,0.2480,5081960.24,true
2025-04-28,SEC-BOND-06,SECURITY_HOLDING,GHS,8665957.44,CP-GOG,SEC-BOND,GL-1200,2028-04-27,0.2480,8665957.44,true
2025-04-28,SEC-BOND-07,SECURITY_HOLDING,GHS,11273348.77,CP-GOG,SEC-BOND,GL-1200,2028-04-27,0.2480,11273348.77,true
2025-04-28,SEC-BOND-08,SECURITY_HOLDING,GHS,11322594.76,CP-GOG,SEC-BOND,GL-1200,2027-04-28,0.2480,11322594.76,true
2025-04-28,SEC-BOND-09,SECURITY_HOLDING,GHS,8142685.57,CP-GOG,SEC-BOND,GL-1200,2027-04-28,0.2480,8142685.57,true
2025-04-29,SEC-TBILL-00,SECURITY_HOLDING,GHS,6962380.94,CP-GOG,SEC-TBILL,GL-1200,2025-07-29,0.2791,6962380.94,true
2025-04-29,SEC-TBILL-01,SECURITY_HOLDING,GHS,7131057.76,CP-GOG,SEC-TBILL,GL-1200,2025-10-28,0.2791,7131057.76,true
2025-04-29,SEC-TBILL-02,SECURITY_HOLDING,GHS,10613391.29,CP-GOG,SEC-TBILL,GL-1200,2025-10-28,0.2791,10613391.29,true
2025-04-29,SEC-TBILL-03,SECURITY_HOLDING,GHS,6423211.15,CP-GOG,SEC-TBILL,GL-1200,2025-10-28,0.2791,6423211.15,true
2025-04-29,SEC-TBILL-04,SECURITY_HOLDING,GHS,5221303.75,CP-GOG,SEC-TBILL,GL-1200,2025-10-28,0.2791,5221303.75,true
2025-04-29,SEC-TBILL-05,SECURITY_HOLDING,GHS,8499367.76,CP-GOG,SEC-TBILL,GL-1200,2025-07-29,0.2791,8499367.76,true
2025-04-29,SEC-BOND-06,SECURITY_HOLDING,GHS,12196922.07,CP-GOG,SEC-BOND,GL-1200,2028-04-28,0.2791,12196922.07,true
2025-04-29,SEC-BOND-07,SECURITY_HOLDING,GHS,7848605.61,CP-GOG,SEC-BOND,GL-1200,2030-04-28,0.2791,7848605.61,true
2025-04-29,SEC-BOND-08,SECURITY_HOLDING,GHS,7901741.85,CP-GOG,SEC-BOND,GL-1200,2027-04-29,0.2791,7901741.85,true
2025-04-29,SEC-BOND-09,SECURITY_HOLDING,GHS,11632313.65,CP-GOG,SEC-BOND,GL-1200,2030-04-28,0.2791,11632313.65,true
2025-04-30,SEC-TBILL-00,SECURITY_HOLDING,GHS,9403425.81,CP-GOG,SEC-TBILL,GL-1200,2026-04-29,0.2320,9403425.81,true
2025-04-30,SEC-TBILL-01,SECURITY_HOLDING,GHS,6107957.21,CP-GOG,SEC-TBILL,GL-1200,2025-10-29,0.2320,6107957.21,true
2025-04-30,SEC-TBILL-02,SECURITY_HOLDING,GHS,9229858.54,CP-GOG,SEC-TBILL,GL-1200,2026-04-29,0.2320,9229858.54,true
2025-04-30,SEC-TBILL-03,SECURITY_HOLDING,GHS,8735524.73,CP-GOG,SEC-TBILL,GL-1200,2025-07-30,0.2320,8735524.73,true
2025-04-30,SEC-TBILL-04,SECURITY_HOLDING,GHS,11217088.68,CP-GOG,SEC-TBILL,GL-1200,2025-10-29,0.2320,11217088.68,true
2025-04-30,SEC-TBILL-05,SECURITY_HOLDING,GHS,10692062.55,CP-GOG,SEC-TBILL,GL-1200,2025-07-30,0.2320,10692062.55,true
2025-04-30,SEC-BOND-06,SECURITY_HOLDING,GHS,7427522.21,CP-GOG,SEC-BOND,GL-1200,2030-04-29,0.2320,7427522.21,true
2025-04-30,SEC-BOND-07,SECURITY_HOLDING,GHS,6784163.18,CP-GOG,SEC-BOND,GL-1200,2027-04-30,0.2320,6784163.18,true
2025-04-30,SEC-BOND-08,SECURITY_HOLDING,GHS,10128869.15,CP-GOG,SEC-BOND,GL-1200,2027-04-30,0.2320,10128869.15,true
2025-04-30,SEC-BOND-09,SECURITY_HOLDING,GHS,6895443.99,CP-GOG,SEC-BOND,GL-1200,2028-04-29,0.2320,6895443.99,true
2025-05-01,SEC-TBILL-00,SECURITY_HOLDING,GHS,8651735.90,CP-GOG,SEC-TBILL,GL-1200,2025-07-31,0.2630,8651735.90,true
2025-05-01,SEC-TBILL-01,SECURITY_HOLDING,GHS,8650911.77,CP-GOG,SEC-TBILL,GL-1200,2026-04-30,0.2630,8650911.77,true
2025-05-01,SEC-TBILL-02,SECURITY_HOLDING,GHS,8480921.80,CP-GOG,SEC-TBILL,GL-1200,2026-04-30,0.2630,8480921.80,true
2025-05-01,SEC-TBILL-03,SECURITY_HOLDING,GHS,7994429.29,CP-GOG,SEC-TBILL,GL-1200,2025-10-30,0.2630,7994429.29,true
2025-05-01,SEC-TBILL-04,SECURITY_HOLDING,GHS,6879737.00,CP-GOG,SEC-TBILL,GL-1200,2026-04-30,0.2630,6879737.00,true
2025-05-01,SEC-TBILL-05,SECURITY_HOLDING,GHS,9919931.83,CP-GOG,SEC-TBILL,GL-1200,2025-07-31,0.2630,9919931.83,true
2025-05-01,SEC-BOND-06,SECURITY_HOLDING,GHS,9949545.38,CP-GOG,SEC-BOND,GL-1200,2028-04-30,0.2630,9949545.38,true
2025-05-01,SEC-BOND-07,SECURITY_HOLDING,GHS,9316391.53,CP-GOG,SEC-BOND,GL-1200,2028-04-30,0.2630,9316391.53,true
2025-05-01,SEC-BOND-08,SECURITY_HOLDING,GHS,9365672.00,CP-GOG,SEC-BOND,GL-1200,2030-04-30,0.2630,9365672.00,true
2025-05-01,SEC-BOND-09,SECURITY_HOLDING,GHS,9425907.17,CP-GOG,SEC-BOND,GL-1200,2027-05-01,0.2630,9425907.17,true
2025-05-02,SEC-TBILL-00,SECURITY_HOLDING,GHS,11648130.86,CP-GOG,SEC-TBILL,GL-1200,2025-08-01,0.2560,11648130.86,true
2025-05-02,SEC-TBILL-01,SECURITY_HOLDING,GHS,8302525.81,CP-GOG,SEC-TBILL,GL-1200,2026-05-01,0.2560,8302525.81,true
2025-05-02,SEC-TBILL-02,SECURITY_HOLDING,GHS,11471922.97,CP-GOG,SEC-TBILL,GL-1200,2025-10-31,0.2560,11471922.97,true
2025-05-02,SEC-TBILL-03,SECURITY_HOLDING,GHS,7463086.66,CP-GOG,SEC-TBILL,GL-1200,2025-08-01,0.2560,7463086.66,true
2025-05-02,SEC-TBILL-04,SECURITY_HOLDING,GHS,6475422.68,CP-GOG,SEC-TBILL,GL-1200,2026-05-01,0.2560,6475422.68,true
2025-05-02,SEC-TBILL-05,SECURITY_HOLDING,GHS,9611617.69,CP-GOG,SEC-TBILL,GL-1200,2026-05-01,0.2560,9611617.69,true
2025-05-02,SEC-BOND-06,SECURITY_HOLDING,GHS,9642166.34,CP-GOG,SEC-BOND,GL-1200,2030-05-01,0.2560,9642166.34,true
2025-05-02,SEC-BOND-07,SECURITY_HOLDING,GHS,8989019.41,CP-GOG,SEC-BOND,GL-1200,2030-05-01,0.2560,8989019.41,true
2025-05-02,SEC-BOND-08,SECURITY_HOLDING,GHS,5370647.25,CP-GOG,SEC-BOND,GL-1200,2028-05-01,0.2560,5370647.25,true
2025-05-02,SEC-BOND-09,SECURITY_HOLDING,GHS,9101993.21,CP-GOG,SEC-BOND,GL-1200,2028-05-01,0.2560,9101993.21,true
2025-05-05,SEC-TBILL-00,SECURITY_HOLDING,GHS,9821722.75,CP-GOG,SEC-TBILL,GL-1200,2025-08-04,0.2328,9821722.75,true
2025-05-05,SEC-TBILL-01,SECURITY_HOLDING,GHS,6406402.55,CP-GOG,SEC-TBILL,GL-1200,2026-05-04,0.2328,6406402.55,true
2025-05-05,SEC-TBILL-02,SECURITY_HOLDING,GHS,9641843.07,CP-GOG,SEC-TBILL,GL-1200,2026-05-04,0.2328,9641843.07,true
2025-05-05,SEC-TBILL-03,SECURITY_HOLDING,GHS,9129531.03,CP-GOG,SEC-TBILL,GL-1200,2026-05-04,0.2328,9129531.03,true
2025-05-05,SEC-TBILL-04,SECURITY_HOLDING,GHS,7955678.90,CP-GOG,SEC-TBILL,GL-1200,2026-05-04,0.2328,7955678.90,true
2025-05-05,SEC-TBILL-05,SECURITY_HOLDING,GHS,11157225.40,CP-GOG,SEC-TBILL,GL-1200,2026-05-04,0.2328,11157225.40,true
2025-05-05,SEC-BOND-06,SECURITY_HOLDING,GHS,7773958.29,CP-GOG,SEC-BOND,GL-1200,2027-05-05,0.2328,7773958.29,true
2025-05-05,SEC-BOND-07,SECURITY_HOLDING,GHS,7107201.19,CP-GOG,SEC-BOND,GL-1200,2027-05-05,0.2328,7107201.19,true
2025-05-05,SEC-BOND-08,SECURITY_HOLDING,GHS,10573549.44,CP-GOG,SEC-BOND,GL-1200,2030-05-04,0.2328,10573549.44,true
2025-05-05,SEC-BOND-09,SECURITY_HOLDING,GHS,7222529.13,CP-GOG,SEC-BOND,GL-1200,2028-05-04,0.2328,7222529.13,true
2025-05-06,SEC-TBILL-00,SECURITY_HOLDING,GHS,5567300.97,CP-GOG,SEC-TBILL,GL-1200,2025-11-04,0.2639,5567300.97,true
2025-05-06,SEC-TBILL-01,SECURITY_HOLDING,GHS,9398641.57,CP-GOG,SEC-TBILL,GL-1200,2026-05-05,0.2639,9398641.57,true
2025-05-06,SEC-TBILL-02,SECURITY_HOLDING,GHS,9215492.84,CP-GOG,SEC-TBILL,GL-1200,2025-11-04,0.2639,9215492.84,true
2025-05-06,SEC-TBILL-03,SECURITY_HOLDING,GHS,5028547.41,CP-GOG,SEC-TBILL,GL-1200,2025-11-04,0.2639,5028547.41,true
2025-05-06,SEC-TBILL-04,SECURITY_HOLDING,GHS,7490361.84,CP-GOG,SEC-TBILL,GL-1200,2026-05-05,0.2639,7490361.84,true
2025-05-06,SEC-TBILL-05,SECURITY_HOLDING,GHS,10765895.27,CP-GOG,SEC-TBILL,GL-1200,2026-05-05,0.2639,10765895.27,true
2025-05-06,SEC-BOND-06,SECURITY_HOLDING,GHS,10797801.18,CP-GOG,SEC-BOND,GL-1200,2028-05-05,0.2639,10797801.18,true
2025-05-06,SEC-BOND-07,SECURITY_HOLDING,GHS,10115635.49,CP-GOG,SEC-BOND,GL-1200,2027-05-06,0.2639,10115635.49,true
2025-05-06,SEC-BOND-08,SECURITY_HOLDING,GHS,10168730.71,CP-GOG,SEC-BOND,GL-1200,2030-05-05,0.2639,10168730.71,true
2025-05-06,SEC-BOND-09,SECURITY_HOLDING,GHS,10233628.62,CP-GOG,SEC-BOND,GL-1200,2030-05-05,0.2639,10233628.62,true
2025-05-07,SEC-TBILL-00,SECURITY_HOLDING,GHS,5322455.17,CP-GOG,SEC-TBILL,GL-1200,2025-08-06,0.2568,5322455.17,true
2025-05-07,SEC-TBILL-01,SECURITY_HOLDING,GHS,5504858.19,CP-GOG,SEC-TBILL,GL-1200,2025-08-06,0.2568,5504858.19,true
2025-05-07,SEC-TBILL-02,SECURITY_HOLDING,GHS,13051121.47,CP-GOG,SEC-TBILL,GL-1200,2025-08-06,0.2568,13051121.47,true
2025-05-07,SEC-TBILL-03,SECURITY_HOLDING,GHS,8519962.55,CP-GOG,SEC-TBILL,GL-1200,2025-08-06,0.2568,8519962.55,true
2025-05-07,SEC-TBILL-04,SECURITY_HOLDING,GHS,11367529.44,CP-GOG,SEC-TBILL,GL-1200,2025-08-06,0.2568,11367529.44,true
2025-05-07,SEC-TBILL-05,SECURITY_HOLDING,GHS,10765067.82,CP-GOG,SEC-TBILL,GL-1200,2025-11-05,0.2568,10765067.82,true
2025-05-07,SEC-BOND-06,SECURITY_HOLDING,GHS,10982960.68,CP-GOG,SEC-BOND,GL-1200,2028-05-06,0.2568,10982960.68,true
2025-05-07,SEC-BOND-07,SECURITY_HOLDING,GHS,6280796.98,CP-GOG,SEC-BOND,GL-1200,2027-05-07,0.2568,6280796.98,true
2025-05-07,SEC-BOND-08,SECURITY_HOLDING,GHS,6154893.29,CP-GOG,SEC-BOND,GL-1200,2027-05-07,0.2568,6154893.29,true
2025-05-07,SEC-BOND-09,SECURITY_HOLDING,GHS,10372406.87,CP-GOG,SEC-BOND,GL-1200,2030-05-06,0.2568,10372406.87,true
2025-05-08,SEC-TBILL-00,SECURITY_HOLDING,GHS,8165783.67,CP-GOG,SEC-TBILL,GL-1200,2026-05-07,0.2497,8165783.67,true
2025-05-08,SEC-TBILL-01,SECURITY_HOLDING,GHS,8164869.55,CP-GOG,SEC-TBILL,GL-1200,2025-11-06,0.2497,8164869.55,true
2025-05-08,SEC-TBILL-02,SECURITY_HOLDING,GHS,11747183.47,CP-GOG,SEC-TBILL,GL-1200,2026-05-07,0.2497,11747183.47,true
2025-05-08,SEC-TBILL-03,SECURITY_HOLDING,GHS,7436700.14,CP-GOG,SEC-TBILL,GL-1200,2025-08-07,0.2497,7436700.14,true
2025-05-08,SEC-TBILL-04,SECURITY_HOLDING,GHS,6200285.08,CP-GOG,SEC-TBILL,GL-1200,2025-11-06,0.2497,6200285.08,true
2025-05-08,SEC-TBILL-05,SECURITY_HOLDING,GHS,9572464.75,CP-GOG,SEC-TBILL,GL-1200,2025-11-06,0.2497,9572464.75,true
2025-05-08,SEC-BOND-06,SECURITY_HOLDING,GHS,9605312.06,CP-GOG,SEC-BOND,GL-1200,2030-05-07,0.2497,9605312.06,true
2025-05-08,SEC-BOND-07,SECURITY_HOLDING,GHS,8903018.73,CP-GOG,SEC-BOND,GL-1200,2027-05-08,0.2497,8903018.73,true
2025-05-08,SEC-BOND-08,SECURITY_HOLDING,GHS,8957680.55,CP-GOG,SEC-BOND,GL-1200,2028-05-07,0.2497,8957680.55,true
2025-05-08,SEC-BOND-09,SECURITY_HOLDING,GHS,9024493.31,CP-GOG,SEC-BOND,GL-1200,2028-05-07,0.2497,9024493.31,true
2025-05-09,SEC-TBILL-00,SECURITY_HOLDING,GHS,10541867.64,CP-GOG,SEC-TBILL,GL-1200,2026-05-08,0.2408,10541867.64,true
2025-05-09,SEC-TBILL-01,SECURITY_HOLDING,GHS,7123522.09,CP-GOG,SEC-TBILL,GL-1200,2025-08-08,0.2408,7123522.09,true
2025-05-09,SEC-TBILL-02,SECURITY_HOLDING,GHS,10361828.62,CP-GOG,SEC-TBILL,GL-1200,2025-11-07,0.2408,10361828.62,true
2025-05-09,SEC-TBILL-03,SECURITY_HOLDING,GHS,9849062.77,CP-GOG,SEC-TBILL,GL-1200,2025-11-07,0.2408,9849062.77,true
2025-05-09,SEC-TBILL-04,SECURITY_HOLDING,GHS,5256693.90,CP-GOG,SEC-TBILL,GL-1200,2025-11-07,0.2408,5256693.90,true
2025-05-09,SEC-TBILL-05,SECURITY_HOLDING,GHS,8461076.39,CP-GOG,SEC-TBILL,GL-1200,2025-11-07,0.2408,8461076.39,true
2025-05-09,SEC-BOND-06,SECURITY_HOLDING,GHS,8492289.23,CP-GOG,SEC-BOND,GL-1200,2027-05-09,0.2408,8492289.23,true
2025-05-09,SEC-BOND-07,SECURITY_HOLDING,GHS,7824941.51,CP-GOG,SEC-BOND,GL-1200,2027-05-09,0.2408,7824941.51,true
2025-05-09,SEC-BOND-08,SECURITY_HOLDING,GHS,11294360.31,CP-GOG,SEC-BOND,GL-1200,2030-05-08,0.2408,11294360.31,true
2025-05-09,SEC-BOND-09,SECURITY_HOLDING,GHS,7940371.60,CP-GOG,SEC-BOND,GL-1200,2030-05-08,0.2408,7940371.60,true
2025-05-12,SEC-TBILL-00,SECURITY_HOLDING,GHS,9738618.26,CP-GOG,SEC-TBILL,GL-1200,2025-11-10,0.2577,9738618.26,true
2025-05-12,SEC-TBILL-01,SECURITY_HOLDING,GHS,5808700.17,CP-GOG,SEC-TBILL,GL-1200,2026-05-11,0.2577,5808700.17,true
2025-05-12,SEC-TBILL-02,SECURITY_HOLDING,GHS,13651114.97,CP-GOG,SEC-TBILL,GL-1200,2025-11-10,0.2577,13651114.97,true
2025-05-12,SEC-TBILL-03,SECURITY_HOLDING,GHS,8942131.67,CP-GOG,SEC-TBILL,GL-1200,2026-05-11,0.2577,8942131.67,true
2025-05-12,SEC-TBILL-04,SECURITY_HOLDING,GHS,7591411.25,CP-GOG,SEC-TBILL,GL-1200,2026-05-11,0.2577,7591411.25,true
2025-05-12,SEC-TBILL-05,SECURITY_HOLDING,GHS,11275345.63,CP-GOG,SEC-TBILL,GL-1200,2025-11-10,0.2577,11275345.63,true
2025-05-12,SEC-BOND-06,SECURITY_HOLDING,GHS,7382310.18,CP-GOG,SEC-BOND,GL-1200,2030-05-11,0.2577,7382310.18,true
2025-05-12,SEC-BOND-07,SECURITY_HOLDING,GHS,6615090.52,CP-GOG,SEC-BOND,GL-1200,2030-05-11,0.2577,6615090.52,true
2025-05-12,SEC-BOND-08,SECURITY_HOLDING,GHS,10603725.23,CP-GOG,SEC-BOND,GL-1200,2027-05-12,0.2577,10603725.23,true
2025-05-12,SEC-BOND-09,SECURITY_HOLDING,GHS,6747795.31,CP-GOG,SEC-BOND,GL-1200,2028-05-11,0.2577,6747795.31,true
2025-05-13,SEC-TBILL-00,SECURITY_HOLDING,GHS,8533701.69,CP-GOG,SEC-TBILL,GL-1200,2026-05-12,0.2487,8533701.69,true
2025-05-13,SEC-TBILL-01,SECURITY_HOLDING,GHS,8532755.69,CP-GOG,SEC-TBILL,GL-1200,2025-08-12,0.2487,8532755.69,true
2025-05-13,SEC-TBILL-02,SECURITY_HOLDING,GHS,8337628.24,CP-GOG,SEC-TBILL,GL-1200,2026-05-12,0.2487,8337628.24,true
2025-05-13,SEC-TBILL-03,SECURITY_HOLDING,GHS,7779195.01,CP-GOG,SEC-TBILL,GL-1200,2025-11-11,0.2487,7779195.01,true
2025-05-13,SEC-TBILL-04,SECURITY_HOLDING,GHS,6499666.15,CP-GOG,SEC-TBILL,GL-1200,2026-05-12,0.2487,6499666.15,true
2025-05-13,SEC-TBILL-05,SECURITY_HOLDING,GHS,9989433.74,CP-GOG,SEC-TBILL,GL-1200,2025-11-11,0.2487,9989433.74,true
2025-05-13,SEC-BOND-06,SECURITY_HOLDING,GHS,10023426.44,CP-GOG,SEC-BOND,GL-1200,2027-05-13,0.2487,10023426.44,true
2025-05-13,SEC-BOND-07,SECURITY_HOLDING,GHS,9296644.14,CP-GOG,SEC-BOND,GL-1200,2027-05-13,0.2487,9296644.14,true
2025-05-13,SEC-BOND-08,SECURITY_HOLDING,GHS,9353212.02,CP-GOG,SEC-BOND,GL-1200,2028-05-12,0.2487,9353212.02,true
2025-05-13,SEC-BOND-09,SECURITY_HOLDING,GHS,9422354.54,CP-GOG,SEC-BOND,GL-1200,2028-05-12,0.2487,9422354.54,true
2025-05-14,SEC-TBILL-00,SECURITY_HOLDING,GHS,10536862.66,CP-GOG,SEC-TBILL,GL-1200,2025-11-12,0.2416,10536862.66,true
2025-05-14,SEC-TBILL-01,SECURITY_HOLDING,GHS,7144715.91,CP-GOG,SEC-TBILL,GL-1200,2025-08-13,0.2416,7144715.91,true
2025-05-14,SEC-TBILL-02,SECURITY_HOLDING,GHS,10358203.50,CP-GOG,SEC-TBILL,GL-1200,2026-05-13,0.2416,10358203.50,true
2025-05-14,SEC-TBILL-03,SECURITY_HOLDING,GHS,9849367.57,CP-GOG,SEC-TBILL,GL-1200,2025-08-13,0.2416,9849367.57,true
2025-05-14,SEC-TBILL-04,SECURITY_HOLDING,GHS,5292195.41,CP-GOG,SEC-TBILL,GL-1200,2026-05-13,0.2416,5292195.41,true
2025-05-14,SEC-TBILL-05,SECURITY_HOLDING,GHS,8472018.96,CP-GOG,SEC-TBILL,GL-1200,2026-05-13,0.2416,8472018.96,true
2025-05-14,SEC-BOND-06,SECURITY_HOLDING,GHS,8502992.58,CP-GOG,SEC-BOND,GL-1200,2028-05-13,0.2416,8502992.58,true
2025-05-14,SEC-BOND-07,SECURITY_HOLDING,GHS,7840759.53,CP-GOG,SEC-BOND,GL-1200,2028-05-13,0.2416,7840759.53,true
2025-05-14,SEC-BOND-08,SECURITY_HOLDING,GHS,11283588.11,CP-GOG,SEC-BOND,GL-1200,2030-05-13,0.2416,11283588.11,true
2025-05-14,SEC-BOND-09,SECURITY_HOLDING,GHS,7955304.95,CP-GOG,SEC-BOND,GL-1200,2030-05-13,0.2416,7955304.95,true
2025-05-15,SEC-TBILL-00,SECURITY_HOLDING,GHS,8224327.19,CP-GOG,SEC-TBILL,GL-1200,2025-11-13,0.2345,8224327.19,true
2025-05-15,SEC-TBILL-01,SECURITY_HOLDING,GHS,8223611.60,CP-GOG,SEC-TBILL,GL-1200,2025-11-13,0.2345,8223611.60,true
2025-05-15,SEC-TBILL-02,SECURITY_HOLDING,GHS,8076007.64,CP-GOG,SEC-TBILL,GL-1200,2025-11-13,0.2345,8076007.64,true
2025-05-15,SEC-TBILL-03,SECURITY_HOLDING,GHS,4701647.83,CP-GOG,SEC-TBILL,GL-1200,2025-11-13,0.2345,4701647.83,true
2025-05-15,SEC-TBILL-04,SECURITY_HOLDING,GHS,9637616.75,CP-GOG,SEC-TBILL,GL-1200,2025-11-13,0.2345,9637616.75,true
2025-05-15,SEC-TBILL-05,SECURITY_HOLDING,GHS,9325514.17,CP-GOG,SEC-TBILL,GL-1200,2025-11-13,0.2345,9325514.17,true
2025-05-15,SEC-BOND-06,SECURITY_HOLDING,GHS,9351227.90,CP-GOG,SEC-BOND,GL-1200,2028-05-14,0.2345,9351227.90,true
2025-05-15,SEC-BOND-07,SECURITY_HOLDING,GHS,8801454.20,CP-GOG,SEC-BOND,GL-1200,2030-05-14,0.2345,8801454.20,true
2025-05-15,SEC-BOND-08,SECURITY_HOLDING,GHS,8844244.91,CP-GOG,SEC-BOND,GL-1200,2028-05-14,0.2345,8844244.91,true
2025-05-15,SEC-BOND-09,SECURITY_HOLDING,GHS,8896547.70,CP-GOG,SEC-BOND,GL-1200,2030-05-14,0.2345,8896547.70,true
2025-05-16,SEC-TBILL-00,SECURITY_HOLDING,GHS,10564222.92,CP-GOG,SEC-TBILL,GL-1200,2026-05-15,0.2656,10564222.92,true
2025-05-16,SEC-TBILL-01,SECURITY_HOLDING,GHS,6631442.51,CP-GOG,SEC-TBILL,GL-1200,2025-11-14,0.2656,6631442.51,true
2025-05-16,SEC-TBILL-02,SECURITY_HOLDING,GHS,6234609.55,CP-GOG,SEC-TBILL,GL-1200,2026-05-15,0.2656,6234609.55,true
2025-05-16,SEC-TBILL-03,SECURITY_HOLDING,GHS,9767156.22,CP-GOG,SEC-TBILL,GL-1200,2025-08-15,0.2656,9767156.22,true
2025-05-16,SEC-TBILL-04,SECURITY_HOLDING,GHS,12728630.68,CP-GOG,SEC-TBILL,GL-1200,2025-08-15,0.2656,12728630.68,true
2025-05-16,SEC-TBILL-05,SECURITY_HOLDING,GHS,8170288.50,CP-GOG,SEC-TBILL,GL-1200,2026-05-15,0.2656,8170288.50,true
2025-05-16,SEC-BOND-06,SECURITY_HOLDING,GHS,8206198.64,CP-GOG,SEC-BOND,GL-1200,2028-05-15,0.2656,8206198.64,true
2025-05-16,SEC-BOND-07,SECURITY_HOLDING,GHS,7438420.19,CP-GOG,SEC-BOND,GL-1200,2028-05-15,0.2656,7438420.19,true
2025-05-16,SEC-BOND-08,SECURITY_HOLDING,GHS,7498178.93,CP-GOG,SEC-BOND,GL-1200,2027-05-16,0.2656,7498178.93,true
2025-05-16,SEC-BOND-09,SECURITY_HOLDING,GHS,11693701.49,CP-GOG,SEC-BOND,GL-1200,2027-05-16,0.2656,11693701.49,true
2025-05-19,SEC-TBILL-00,SECURITY_HOLDING,GHS,11004806.71,CP-GOG,SEC-TBILL,GL-1200,2025-11-17,0.2425,11004806.71,true
2025-05-19,SEC-TBILL-01,SECURITY_HOLDING,GHS,7487314.76,CP-GOG,SEC-TBILL,GL-1200,2025-11-17,0.2425,7487314.76,true
2025-05-19,SEC-TBILL-02,SECURITY_HOLDING,GHS,10819545.81,CP-GOG,SEC-TBILL,GL-1200,2026-05-18,0.2425,10819545.81,true
2025-05-19,SEC-TBILL-03,SECURITY_HOLDING,GHS,6604747.81,CP-GOG,SEC-TBILL,GL-1200,2026-05-18,0.2425,6604747.81,true
2025-05-19,SEC-TBILL-04,SECURITY_HOLDING,GHS,9253500.47,CP-GOG,SEC-TBILL,GL-1200,2025-08-18,0.2425,9253500.47,true
2025-05-19,SEC-TBILL-05,SECURITY_HOLDING,GHS,5005942.33,CP-GOG,SEC-TBILL,GL-1200,2026-05-18,0.2425,5005942.33,true
2025-05-19,SEC-BOND-06,SECURITY_HOLDING,GHS,8895781.91,CP-GOG,SEC-BOND,GL-1200,2028-05-18,0.2425,8895781.91,true
2025-05-19,SEC-BOND-07,SECURITY_HOLDING,GHS,8209078.29,CP-GOG,SEC-BOND,GL-1200,2030-05-18,0.2425,8209078.29,true
2025-05-19,SEC-BOND-08,SECURITY_HOLDING,GHS,11779124.84,CP-GOG,SEC-BOND,GL-1200,2028-05-18,0.2425,11779124.84,true
2025-05-19,SEC-BOND-09,SECURITY_HOLDING,GHS,8327856.34,CP-GOG,SEC-BOND,GL-1200,2027-05-19,0.2425,8327856.34,true
2025-05-20,SEC-TBILL-00,SECURITY_HOLDING,GHS,6430734.53,CP-GOG,SEC-TBILL,GL-1200,2026-05-19,0.2735,6430734.53,true
2025-05-20,SEC-TBILL-01,SECURITY_HOLDING,GHS,6429872.01,CP-GOG,SEC-TBILL,GL-1200,2025-08-19,0.2735,6429872.01,true
2025-05-20,SEC-TBILL-02,SECURITY_HOLDING,GHS,9809973.59,CP-GOG,SEC-TBILL,GL-1200,2025-11-18,0.2735,9809973.59,true
2025-05-20,SEC-TBILL-03,SECURITY_HOLDING,GHS,5742805.88,CP-GOG,SEC-TBILL,GL-1200,2025-08-19,0.2735,5742805.88,true
2025-05-20,SEC-TBILL-04,SECURITY_HOLDING,GHS,11692205.04,CP-GOG,SEC-TBILL,GL-1200,2026-05-19,0.2735,11692205.04,true
2025-05-20,SEC-TBILL-05,SECURITY_HOLDING,GHS,7758012.11,CP-GOG,SEC-TBILL,GL-1200,2025-08-19,0.2735,7758012.11,true
2025-05-20,SEC-BOND-06,SECURITY_HOLDING,GHS,11347016.16,CP-GOG,SEC-BOND,GL-1200,2027-05-20,0.2735,11347016.16,true
2025-05-20,SEC-BOND-07,SECURITY_HOLDING,GHS,7126354.58,CP-GOG,SEC-BOND,GL-1200,2027-05-20,0.2735,7126354.58,true
2025-05-20,SEC-BOND-08,SECURITY_HOLDING,GHS,7177930.89,CP-GOG,SEC-BOND,GL-1200,2028-05-19,0.2735,7177930.89,true
2025-05-20,SEC-BOND-09,SECURITY_HOLDING,GHS,10798983.13,CP-GOG,SEC-BOND,GL-1200,2027-05-20,0.2735,10798983.13,true
2025-05-21,SEC-TBILL-00,SECURITY_HOLDING,GHS,9828544.08,CP-GOG,SEC-TBILL,GL-1200,2025-11-19,0.2265,9828544.08,true
2025-05-21,SEC-TBILL-01,SECURITY_HOLDING,GHS,6199819.68,CP-GOG,SEC-TBILL,GL-1200,2025-08-20,0.2265,6199819.68,true
2025-05-21,SEC-TBILL-02,SECURITY_HOLDING,GHS,9637424.73,CP-GOG,SEC-TBILL,GL-1200,2025-08-20,0.2265,9637424.73,true
2025-05-21,SEC-TBILL-03,SECURITY_HOLDING,GHS,9093101.19,CP-GOG,SEC-TBILL,GL-1200,2026-05-20,0.2265,9093101.19,true
2025-05-21,SEC-TBILL-04,SECURITY_HOLDING,GHS,11825614.44,CP-GOG,SEC-TBILL,GL-1200,2025-11-19,0.2265,11825614.44,true
2025-05-21,SEC-TBILL-05,SECURITY_HOLDING,GHS,7619692.49,CP-GOG,SEC-TBILL,GL-1200,2025-08-20,0.2265,7619692.49,true
2025-05-21,SEC-BOND-06,SECURITY_HOLDING,GHS,7652826.30,CP-GOG,SEC-BOND,GL-1200,2028-05-20,0.2265,7652826.30,true
2025-05-21,SEC-BOND-07,SECURITY_HOLDING,GHS,6944407.29,CP-GOG,SEC-BOND,GL-1200,2028-05-20,0.2265,6944407.29,true
2025-05-21,SEC-BOND-08,SECURITY_HOLDING,GHS,10627348.21,CP-GOG,SEC-BOND,GL-1200,2030-05-20,0.2265,10627348.21,true
2025-05-21,SEC-BOND-09,SECURITY_HOLDING,GHS,7066941.42,CP-GOG,SEC-BOND,GL-1200,2027-05-21,0.2265,7066941.42,true
2025-05-22,SEC-TBILL-00,SECURITY_HOLDING,GHS,8629289.11,CP-GOG,SEC-TBILL,GL-1200,2025-08-21,0.2194,8629289.11,true
2025-05-22,SEC-TBILL-01,SECURITY_HOLDING,GHS,8628419.91,CP-GOG,SEC-TBILL,GL-1200,2026-05-21,0.2194,8628419.91,true
2025-05-22,SEC-TBILL-02,SECURITY_HOLDING,GHS,8449132.47,CP-GOG,SEC-TBILL,GL-1200,2025-08-21,0.2194,8449132.47,true
2025-05-22,SEC-TBILL-03,SECURITY_HOLDING,GHS,7936031.62,CP-GOG,SEC-TBILL,GL-1200,2026-05-21,0.2194,7936031.62,true
2025-05-22,SEC-TBILL-04,SECURITY_HOLDING,GHS,6760372.07,CP-GOG,SEC-TBILL,GL-1200,2025-11-20,0.2194,6760372.07,true
2025-05-22,SEC-TBILL-05,SECURITY_HOLDING,GHS,9966848.07,CP-GOG,SEC-TBILL,GL-1200,2025-08-21,0.2194,9966848.07,true
2025-05-22,SEC-BOND-06,SECURITY_HOLDING,GHS,9998081.31,CP-GOG,SEC-BOND,GL-1200,2027-05-22,0.2194,9998081.31,true
2025-05-22,SEC-BOND-07,SECURITY_HOLDING,GHS,9330297.59,CP-GOG,SEC-BOND,GL-1200,2028-05-21,0.2194,9330297.59,true
2025-05-22,SEC-BOND-08,SECURITY_HOLDING,GHS,9382273.41,CP-GOG,SEC-BOND,GL-1200,2028-05-21,0.2194,9382273.41,true
2025-05-22,SEC-BOND-09,SECURITY_HOLDING,GHS,9445803.10,CP-GOG,SEC-BOND,GL-1200,2027-05-22,0.2194,9445803.10,true
2025-05-23,SEC-TBILL-00,SECURITY_HOLDING,GHS,11326604.27,CP-GOG,SEC-TBILL,GL-1200,2025-08-22,0.2504,11326604.27,true
2025-05-23,SEC-TBILL-01,SECURITY_HOLDING,GHS,7932071.97,CP-GOG,SEC-TBILL,GL-1200,2026-05-22,0.2504,7932071.97,true
2025-05-23,SEC-TBILL-02,SECURITY_HOLDING,GHS,11147819.46,CP-GOG,SEC-TBILL,GL-1200,2025-11-21,0.2504,11147819.46,true
2025-05-23,SEC-TBILL-03,SECURITY_HOLDING,GHS,7080356.59,CP-GOG,SEC-TBILL,GL-1200,2025-08-22,0.2504,7080356.59,true
2025-05-23,SEC-TBILL-04,SECURITY_HOLDING,GHS,6078248.68,CP-GOG,SEC-TBILL,GL-1200,2026-05-22,0.2504,6078248.68,true
2025-05-23,SEC-TBILL-05,SECURITY_HOLDING,GHS,9260308.45,CP-GOG,SEC-TBILL,GL-1200,2025-11-21,0.2504,9260308.45,true
2025-05-23,SEC-BOND-06,SECURITY_HOLDING,GHS,9291303.86,CP-GOG,SEC-BOND,GL-1200,2027-05-23,0.2504,9291303.86,true
2025-05-23,SEC-BOND-07,SECURITY_HOLDING,GHS,8628605.09,CP-GOG,SEC-BOND,GL-1200,2030-05-22,0.2504,8628605.09,true
2025-05-23,SEC-BOND-08,SECURITY_HOLDING,GHS,8680185.13,CP-GOG,SEC-BOND,GL-1200,2028-05-22,0.2504,8680185.13,true
2025-05-23,SEC-BOND-09,SECURITY_HOLDING,GHS,8743231.06,CP-GOG,SEC-BOND,GL-1200,2030-05-22,0.2504,8743231.06,true
2025-05-26,SEC-TBILL-00,SECURITY_HOLDING,GHS,9449737.46,CP-GOG,SEC-TBILL,GL-1200,2025-11-24,0.2273,9449737.46,true
2025-05-26,SEC-TBILL-01,SECURITY_HOLDING,GHS,5989413.62,CP-GOG,SEC-TBILL,GL-1200,2026-05-25,0.2273,5989413.62,true
2025-05-26,SEC-TBILL-02,SECURITY_HOLDING,GHS,9267487.51,CP-GOG,SEC-TBILL,GL-1200,2026-05-25,0.2273,9267487.51,true
2025-05-26,SEC-TBILL-03,SECURITY_HOLDING,GHS,8748424.74,CP-GOG,SEC-TBILL,GL-1200,2025-08-25,0.2273,8748424.74,true
2025-05-26,SEC-TBILL-04,SECURITY_HOLDING,GHS,11354128.48,CP-GOG,SEC-TBILL,GL-1200,2025-11-24,0.2273,11354128.48,true
2025-05-26,SEC-TBILL-05,SECURITY_HOLDING,GHS,10802838.01,CP-GOG,SEC-TBILL,GL-1200,2025-11-24,0.2273,10802838.01,true
2025-05-26,SEC-BOND-06,SECURITY_HOLDING,GHS,7374989.63,CP-GOG,SEC-BOND,GL-1200,2027-05-26,0.2273,7374989.63,true
2025-05-26,SEC-BOND-07,SECURITY_HOLDING,GHS,6699446.67,CP-GOG,SEC-BOND,GL-1200,2028-05-25,0.2273,6699446.67,true
2025-05-26,SEC-BOND-08,SECURITY_HOLDING,GHS,10211470.96,CP-GOG,SEC-BOND,GL-1200,2030-05-25,0.2273,10211470.96,true
2025-05-26,SEC-BOND-09,SECURITY_HOLDING,GHS,6816294.28,CP-GOG,SEC-BOND,GL-1200,2030-05-25,0.2273,6816294.28,true
2025-05-27,SEC-TBILL-00,SECURITY_HOLDING,GHS,8318184.01,CP-GOG,SEC-TBILL,GL-1200,2025-11-25,0.2202,8318184.01,true
2025-05-27,SEC-TBILL-01,SECURITY_HOLDING,GHS,8317353.50,CP-GOG,SEC-TBILL,GL-1200,2025-11-25,0.2202,8317353.50,true
2025-05-27,SEC-TBILL-02,SECURITY_HOLDING,GHS,8146046.94,CP-GOG,SEC-TBILL,GL-1200,2026-05-26,0.2202,8146046.94,true
2025-05-27,SEC-TBILL-03,SECURITY_HOLDING,GHS,11081748.74,CP-GOG,SEC-TBILL,GL-1200,2025-08-26,0.2202,11081748.74,true
2025-05-27,SEC-TBILL-04,SECURITY_HOLDING,GHS,6532460.79,CP-GOG,SEC-TBILL,GL-1200,2026-05-26,0.2202,6532460.79,true
2025-05-27,SEC-TBILL-05,SECURITY_HOLDING,GHS,9596202.26,CP-GOG,SEC-TBILL,GL-1200,2025-11-25,0.2202,9596202.26,true
2025-05-27,SEC-BOND-06,SECURITY_HOLDING,GHS,9626045.17,CP-GOG,SEC-BOND,GL-1200,2030-05-26,0.2202,9626045.17,true
2025-05-27,SEC-BOND-07,SECURITY_HOLDING,GHS,8987987.48,CP-GOG,SEC-BOND,GL-1200,2030-05-26,0.2202,8987987.48,true
2025-05-27,SEC-BOND-08,SECURITY_HOLDING,GHS,9037649.63,CP-GOG,SEC-BOND,GL-1200,2027-05-27,0.2202,9037649.63,true
2025-05-27,SEC-BOND-09,SECURITY_HOLDING,GHS,9098351.32,CP-GOG,SEC-BOND,GL-1200,2030-05-26,0.2202,9098351.32,true
2025-05-28,SEC-TBILL-00,SECURITY_HOLDING,GHS,11830805.12,CP-GOG,SEC-TBILL,GL-1200,2026-05-27,0.2513,11830805.12,true
2025-05-28,SEC-TBILL-01,SECURITY_HOLDING,GHS,12000693.06,CP-GOG,SEC-TBILL,GL-1200,2025-08-27,0.2513,12000693.06,true
2025-05-28,SEC-TBILL-02,SECURITY_HOLDING,GHS,11645303.87,CP-GOG,SEC-TBILL,GL-1200,2025-11-26,0.2513,11645303.87,true
2025-05-28,SEC-TBILL-03,SECURITY_HOLDING,GHS,7425037.87,CP-GOG,SEC-TBILL,GL-1200,2025-11-26,0.2513,7425037.87,true
2025-05-28,SEC-TBILL-04,SECURITY_HOLDING,GHS,10077226.85,CP-GOG,SEC-TBILL,GL-1200,2026-05-27,0.2513,10077226.85,true
2025-05-28,SEC-TBILL-05,SECURITY_HOLDING,GHS,5994941.14,CP-GOG,SEC-TBILL,GL-1200,2026-05-27,0.2513,5994941.14,true
2025-05-28,SEC-BOND-06,SECURITY_HOLDING,GHS,9719044.21,CP-GOG,SEC-BOND,GL-1200,2027-05-28,0.2513,9719044.21,true
2025-05-28,SEC-BOND-07,SECURITY_HOLDING,GHS,5339506.46,CP-GOG,SEC-BOND,GL-1200,2028-05-27,0.2513,5339506.46,true
2025-05-28,SEC-BOND-08,SECURITY_HOLDING,GHS,5222241.30,CP-GOG,SEC-BOND,GL-1200,2030-05-27,0.2513,5222241.30,true
2025-05-28,SEC-BOND-09,SECURITY_HOLDING,GHS,9150381.86,CP-GOG,SEC-BOND,GL-1200,2030-05-27,0.2513,9150381.86,true
2025-05-29,SEC-TBILL-00,SECURITY_HOLDING,GHS,8512087.63,CP-GOG,SEC-TBILL,GL-1200,2025-11-27,0.2442,8512087.63,true
2025-05-29,SEC-TBILL-01,SECURITY_HOLDING,GHS,8511069.77,CP-GOG,SEC-TBILL,GL-1200,2025-08-28,0.2442,8511069.77,true
2025-05-29,SEC-TBILL-02,SECURITY_HOLDING,GHS,8301118.61,CP-GOG,SEC-TBILL,GL-1200,2025-11-27,0.2442,8301118.61,true
2025-05-29,SEC-TBILL-03,SECURITY_HOLDING,GHS,7700261.56,CP-GOG,SEC-TBILL,GL-1200,2026-05-28,0.2442,7700261.56,true
2025-05-29,SEC-TBILL-04,SECURITY_HOLDING,GHS,6323527.70,CP-GOG,SEC-TBILL,GL-1200,2025-08-28,0.2442,6323527.70,true
2025-05-29,SEC-TBILL-05,SECURITY_HOLDING,GHS,10078410.73,CP-GOG,SEC-TBILL,GL-1200,2025-11-27,0.2442,10078410.73,true
2025-05-29,SEC-BOND-06,SECURITY_HOLDING,GHS,10114985.83,CP-GOG,SEC-BOND,GL-1200,2028-05-28,0.2442,10114985.83,true
2025-05-29,SEC-BOND-07,SECURITY_HOLDING,GHS,9332990.34,CP-GOG,SEC-BOND,GL-1200,2028-05-28,0.2442,9332990.34,true
2025-05-29,SEC-BOND-08,SECURITY_HOLDING,GHS,9393855.64,CP-GOG,SEC-BOND,GL-1200,2030-05-28,0.2442,9393855.64,true
2025-05-29,SEC-BOND-09,SECURITY_HOLDING,GHS,9468250.88,CP-GOG,SEC-BOND,GL-1200,2027-05-29,0.2442,9468250.88,true
2025-05-30,SEC-TBILL-00,SECURITY_HOLDING,GHS,11082250.93,CP-GOG,SEC-TBILL,GL-1200,2025-11-28,0.2352,11082250.93,true
2025-05-30,SEC-TBILL-01,SECURITY_HOLDING,GHS,7311505.29,CP-GOG,SEC-TBILL,GL-1200,2025-08-29,0.2352,7311505.29,true
2025-05-30,SEC-TBILL-02,SECURITY_HOLDING,GHS,7113864.08,CP-GOG,SEC-TBILL,GL-1200,2025-11-28,0.2352,7113864.08,true
2025-05-30,SEC-TBILL-03,SECURITY_HOLDING,GHS,6548236.77,CP-GOG,SEC-TBILL,GL-1200,2025-11-28,0.2352,6548236.77,true
2025-05-30,SEC-TBILL-04,SECURITY_HOLDING,GHS,13157482.76,CP-GOG,SEC-TBILL,GL-1200,2025-11-28,0.2352,13157482.76,true
2025-05-30,SEC-TBILL-05,SECURITY_HOLDING,GHS,8786949.17,CP-GOG,SEC-TBILL,GL-1200,2025-11-28,0.2352,8786949.17,true
2025-05-30,SEC-BOND-06,SECURITY_HOLDING,GHS,8821379.78,CP-GOG,SEC-BOND,GL-1200,2027-05-30,0.2352,8821379.78,true
2025-05-30,SEC-BOND-07,SECURITY_HOLDING,GHS,8085234.62,CP-GOG,SEC-BOND,GL-1200,2030-05-29,0.2352,8085234.62,true
2025-05-30,SEC-BOND-08,SECURITY_HOLDING,GHS,8142531.24,CP-GOG,SEC-BOND,GL-1200,2030-05-29,0.2352,8142531.24,true
2025-05-30,SEC-BOND-09,SECURITY_HOLDING,GHS,8212564.50,CP-GOG,SEC-BOND,GL-1200,2028-05-29,0.2352,8212564.50,true
2025-05-31,SEC-TBILL-00,SECURITY_HOLDING,GHS,9891517.25,CP-GOG,SEC-TBILL,GL-1200,2025-08-30,0.2282,9891517.25,true
2025-05-31,SEC-TBILL-01,SECURITY_HOLDING,GHS,6298815.27,CP-GOG,SEC-TBILL,GL-1200,2025-11-29,0.2282,6298815.27,true
2025-05-31,SEC-TBILL-02,SECURITY_HOLDING,GHS,9702295.15,CP-GOG,SEC-TBILL,GL-1200,2025-08-30,0.2282,9702295.15,true
2025-05-31,SEC-TBILL-03,SECURITY_HOLDING,GHS,9163375.11,CP-GOG,SEC-TBILL,GL-1200,2026-05-30,0.2282,9163375.11,true
2025-05-31,SEC-TBILL-04,SECURITY_HOLDING,GHS,7928556.52,CP-GOG,SEC-TBILL,GL-1200,2025-08-30,0.2282,7928556.52,true
2025-05-31,SEC-TBILL-05,SECURITY_HOLDING,GHS,11296382.02,CP-GOG,SEC-TBILL,GL-1200,2025-08-30,0.2282,11296382.02,true
2025-05-31,SEC-BOND-06,SECURITY_HOLDING,GHS,7737397.87,CP-GOG,SEC-BOND,GL-1200,2027-05-31,0.2282,7737397.87,true
2025-05-31,SEC-BOND-07,SECURITY_HOLDING,GHS,7036011.35,CP-GOG,SEC-BOND,GL-1200,2027-05-31,0.2282,7036011.35,true
2025-05-31,SEC-BOND-08,SECURITY_HOLDING,GHS,10682391.63,CP-GOG,SEC-BOND,GL-1200,2027-05-31,0.2282,10682391.63,true
2025-05-31,SEC-BOND-09,SECURITY_HOLDING,GHS,7157329.08,CP-GOG,SEC-BOND,GL-1200,2028-05-30,0.2282,7157329.08,true
2025-06-02,SEC-TBILL-00,SECURITY_HOLDING,GHS,8809658.46,CP-GOG,SEC-TBILL,GL-1200,2025-09-01,0.2521,8809658.46,true
2025-06-02,SEC-TBILL-01,SECURITY_HOLDING,GHS,12949748.50,CP-GOG,SEC-TBILL,GL-1200,2025-12-01,0.2521,12949748.50,true
2025-06-02,SEC-TBILL-02,SECURITY_HOLDING,GHS,12568752.24,CP-GOG,SEC-TBILL,GL-1200,2025-12-01,0.2521,12568752.24,true
2025-06-02,SEC-TBILL-03,SECURITY_HOLDING,GHS,8044400.88,CP-GOG,SEC-TBILL,GL-1200,2025-12-01,0.2521,8044400.88,true
2025-06-02,SEC-TBILL-04,SECURITY_HOLDING,GHS,10887689.62,CP-GOG,SEC-TBILL,GL-1200,2026-06-01,0.2521,10887689.62,true
2025-06-02,SEC-TBILL-05,SECURITY_HOLDING,GHS,6511260.52,CP-GOG,SEC-TBILL,GL-1200,2025-12-01,0.2521,6511260.52,true
2025-06-02,SEC-BOND-06,SECURITY_HOLDING,GHS,6545737.57,CP-GOG,SEC-BOND,GL-1200,2030-06-01,0.2521,6545737.57,true
2025-06-02,SEC-BOND-07,SECURITY_HOLDING,GHS,5808599.41,CP-GOG,SEC-BOND,GL-1200,2028-06-01,0.2521,5808599.41,true
2025-06-02,SEC-BOND-08,SECURITY_HOLDING,GHS,9640845.93,CP-GOG,SEC-BOND,GL-1200,2028-06-01,0.2521,9640845.93,true
2025-06-02,SEC-BOND-09,SECURITY_HOLDING,GHS,5936101.05,CP-GOG,SEC-BOND,GL-1200,2028-06-01,0.2521,5936101.05,true
2025-06-03,SEC-TBILL-00,SECURITY_HOLDING,GHS,8704156.68,CP-GOG,SEC-TBILL,GL-1200,2025-09-02,0.2050,8704156.68,true
2025-06-03,SEC-TBILL-01,SECURITY_HOLDING,GHS,8703126.68,CP-GOG,SEC-TBILL,GL-1200,2025-12-02,0.2050,8703126.68,true
2025-06-03,SEC-TBILL-02,SECURITY_HOLDING,GHS,8490671.87,CP-GOG,SEC-TBILL,GL-1200,2025-12-02,0.2050,8490671.87,true
2025-06-03,SEC-TBILL-03,SECURITY_HOLDING,GHS,7882649.66,CP-GOG,SEC-TBILL,GL-1200,2026-06-02,0.2050,7882649.66,true
2025-06-03,SEC-TBILL-04,SECURITY_HOLDING,GHS,6489498.39,CP-GOG,SEC-TBILL,GL-1200,2025-09-02,0.2050,6489498.39,true
2025-06-03,SEC-TBILL-05,SECURITY_HOLDING,GHS,10289158.02,CP-GOG,SEC-TBILL,GL-1200,2025-09-02,0.2050,10289158.02,true
2025-06-03,SEC-BOND-06,SECURITY_HOLDING,GHS,10326169.27,CP-GOG,SEC-BOND,GL-1200,2030-06-02,0.2050,10326169.27,true
2025-06-03,SEC-BOND-07,SECURITY_HOLDING,GHS,9534848.57,CP-GOG,SEC-BOND,GL-1200,2028-06-02,0.2050,9534848.57,true
2025-06-03,SEC-BOND-08,SECURITY_HOLDING,GHS,9596439.68,CP-GOG,SEC-BOND,GL-1200,2030-06-02,0.2050,9596439.68,true
2025-06-03,SEC-BOND-09,SECURITY_HOLDING,GHS,9671722.07,CP-GOG,SEC-BOND,GL-1200,2027-06-03,0.2050,9671722.07,true
2025-06-04,SEC-TBILL-00,SECURITY_HOLDING,GHS,11350824.70,CP-GOG,SEC-TBILL,GL-1200,2025-12-03,0.2361,11350824.70,true
2025-06-04,SEC-TBILL-01,SECURITY_HOLDING,GHS,7517835.46,CP-GOG,SEC-TBILL,GL-1200,2025-12-03,0.2361,7517835.46,true
2025-06-04,SEC-TBILL-02,SECURITY_HOLDING,GHS,11148947.04,CP-GOG,SEC-TBILL,GL-1200,2026-06-03,0.2361,11148947.04,true
2025-06-04,SEC-TBILL-03,SECURITY_HOLDING,GHS,10573982.93,CP-GOG,SEC-TBILL,GL-1200,2026-06-03,0.2361,10573982.93,true
2025-06-04,SEC-TBILL-04,SECURITY_HOLDING,GHS,5424561.90,CP-GOG,SEC-TBILL,GL-1200,2026-06-03,0.2361,5424561.90,true
2025-06-04,SEC-TBILL-05,SECURITY_HOLDING,GHS,9017634.46,CP-GOG,SEC-TBILL,GL-1200,2026-06-03,0.2361,9017634.46,true
2025-06-04,SEC-BOND-06,SECURITY_HOLDING,GHS,9052633.41,CP-GOG,SEC-BOND,GL-1200,2028-06-03,0.2361,9052633.41,true
2025-06-04,SEC-BOND-07,SECURITY_HOLDING,GHS,8304336.73,CP-GOG,SEC-BOND,GL-1200,2028-06-03,0.2361,8304336.73,true
2025-06-04,SEC-BOND-08,SECURITY_HOLDING,GHS,8362579.14,CP-GOG,SEC-BOND,GL-1200,2028-06-03,0.2361,8362579.14,true
2025-06-04,SEC-BOND-09,SECURITY_HOLDING,GHS,8433768.43,CP-GOG,SEC-BOND,GL-1200,2028-06-03,0.2361,8433768.43,true
2025-06-05,SEC-TBILL-00,SECURITY_HOLDING,GHS,9615499.32,CP-GOG,SEC-TBILL,GL-1200,2025-12-04,0.2290,9615499.32,true
2025-06-05,SEC-TBILL-01,SECURITY_HOLDING,GHS,9614619.00,CP-GOG,SEC-TBILL,GL-1200,2025-09-04,0.2290,9614619.00,true
2025-06-05,SEC-TBILL-02,SECURITY_HOLDING,GHS,9433038.06,CP-GOG,SEC-TBILL,GL-1200,2026-06-04,0.2290,9433038.06,true
2025-06-05,SEC-TBILL-03,SECURITY_HOLDING,GHS,5281933.68,CP-GOG,SEC-TBILL,GL-1200,2025-09-04,0.2290,5281933.68,true
2025-06-05,SEC-TBILL-04,SECURITY_HOLDING,GHS,11354114.28,CP-GOG,SEC-TBILL,GL-1200,2025-12-04,0.2290,11354114.28,true
2025-06-05,SEC-TBILL-05,SECURITY_HOLDING,GHS,10970168.74,CP-GOG,SEC-TBILL,GL-1200,2025-12-04,0.2290,10970168.74,true
2025-06-05,SEC-BOND-06,SECURITY_HOLDING,GHS,7538345.90,CP-GOG,SEC-BOND,GL-1200,2027-06-05,0.2290,7538345.90,true
2025-06-05,SEC-BOND-07,SECURITY_HOLDING,GHS,6694035.54,CP-GOG,SEC-BOND,GL-1200,2028-06-04,0.2290,6694035.54,true
2025-06-05,SEC-BOND-08,SECURITY_HOLDING,GHS,10378116.03,CP-GOG,SEC-BOND,GL-1200,2027-06-05,0.2290,10378116.03,true
2025-06-05,SEC-BOND-09,SECURITY_HOLDING,GHS,10442458.40,CP-GOG,SEC-BOND,GL-1200,2027-06-05,0.2290,10442458.40,true
2025-06-06,SEC-TBILL-00,SECURITY_HOLDING,GHS,9887438.12,CP-GOG,SEC-TBILL,GL-1200,2025-12-05,0.2601,9887438.12,true
2025-06-06,SEC-TBILL-01,SECURITY_HOLDING,GHS,5996730.38,CP-GOG,SEC-TBILL,GL-1200,2026-06-05,0.2601,5996730.38,true
2025-06-06,SEC-TBILL-02,SECURITY_HOLDING,GHS,9871179.23,CP-GOG,SEC-TBILL,GL-1200,2026-06-05,0.2601,9871179.23,true
2025-06-06,SEC-TBILL-03,SECURITY_HOLDING,GHS,13365934.90,CP-GOG,SEC-TBILL,GL-1200,2026-06-05,0.2601,13365934.90,true
2025-06-06,SEC-TBILL-04,SECURITY_HOLDING,GHS,12028691.15,CP-GOG,SEC-TBILL,GL-1200,2026-06-05,0.2601,12028691.15,true
2025-06-06,SEC-TBILL-05,SECURITY_HOLDING,GHS,7519113.87,CP-GOG,SEC-TBILL,GL-1200,2026-06-05,0.2601,7519113.87,true
2025-06-06,SEC-BOND-06,SECURITY_HOLDING,GHS,7554639.85,CP-GOG,SEC-BOND,GL-1200,2028-06-05,0.2601,7554639.85,true
2025-06-06,SEC-BOND-07,SECURITY_HOLDING,GHS,6795075.05,CP-GOG,SEC-BOND,GL-1200,2030-06-05,0.2601,6795075.05,true
2025-06-06,SEC-BOND-08,SECURITY_HOLDING,GHS,6854194.50,CP-GOG,SEC-BOND,GL-1200,2028-06-05,0.2601,6854194.50,true
2025-06-06,SEC-BOND-09,SECURITY_HOLDING,GHS,11004833.58,CP-GOG,SEC-BOND,GL-1200,2027-06-06,0.2601,11004833.58,true
2025-06-09,SEC-TBILL-00,SECURITY_HOLDING,GHS,10880753.97,CP-GOG,SEC-TBILL,GL-1200,2025-09-08,0.2370,10880753.97,true
2025-06-09,SEC-TBILL-01,SECURITY_HOLDING,GHS,7234013.79,CP-GOG,SEC-TBILL,GL-1200,2025-12-08,0.2370,7234013.79,true
2025-06-09,SEC-TBILL-02,SECURITY_HOLDING,GHS,10688685.76,CP-GOG,SEC-TBILL,GL-1200,2025-09-08,0.2370,10688685.76,true
2025-06-09,SEC-TBILL-03,SECURITY_HOLDING,GHS,6319017.43,CP-GOG,SEC-TBILL,GL-1200,2025-12-08,0.2370,6319017.43,true
2025-06-09,SEC-TBILL-04,SECURITY_HOLDING,GHS,9065096.98,CP-GOG,SEC-TBILL,GL-1200,2026-06-08,0.2370,9065096.98,true
2025-06-09,SEC-TBILL-05,SECURITY_HOLDING,GHS,8660935.94,CP-GOG,SEC-TBILL,GL-1200,2026-06-08,0.2370,8660935.94,true
2025-06-09,SEC-BOND-06,SECURITY_HOLDING,GHS,8694234.26,CP-GOG,SEC-BOND,GL-1200,2030-06-08,0.2370,8694234.26,true
2025-06-09,SEC-BOND-07,SECURITY_HOLDING,GHS,7982298.11,CP-GOG,SEC-BOND,GL-1200,2030-06-08,0.2370,7982298.11,true
2025-06-09,SEC-BOND-08,SECURITY_HOLDING,GHS,11683523.97,CP-GOG,SEC-BOND,GL-1200,2030-06-08,0.2370,11683523.97,true
2025-06-09,SEC-BOND-09,SECURITY_HOLDING,GHS,8105440.59,CP-GOG,SEC-BOND,GL-1200,2028-06-08,0.2370,8105440.59,true
2025-06-10,SEC-TBILL-00,SECURITY_HOLDING,GHS,6835286.99,CP-GOG,SEC-TBILL,GL-1200,2026-06-09,0.2299,6835286.99,true
2025-06-10,SEC-TBILL-01,SECURITY_HOLDING,GHS,6834294.28,CP-GOG,SEC-TBILL,GL-1200,2026-06-09,0.2299,6834294.28,true
2025-06-10,SEC-TBILL-02,SECURITY_HOLDING,GHS,10724572.65,CP-GOG,SEC-TBILL,GL-1200,2025-09-09,0.2299,10724572.65,true
2025-06-10,SEC-TBILL-03,SECURITY_HOLDING,GHS,6043525.59,CP-GOG,SEC-TBILL,GL-1200,2025-09-09,0.2299,6043525.59,true
2025-06-10,SEC-TBILL-04,SECURITY_HOLDING,GHS,12890899.34,CP-GOG,SEC-TBILL,GL-1200,2025-12-09,0.2299,12890899.34,true
2025-06-10,SEC-TBILL-05,SECURITY_HOLDING,GHS,8362897.66,CP-GOG,SEC-TBILL,GL-1200,2026-06-09,0.2299,8362897.66,true
2025-06-10,SEC-BOND-06,SECURITY_HOLDING,GHS,12493609.27,CP-GOG,SEC-BOND,GL-1200,2030-06-09,0.2299,12493609.27,true
2025-06-10,SEC-BOND-07,SECURITY_HOLDING,GHS,7635900.69,CP-GOG,SEC-BOND,GL-1200,2028-06-09,0.2299,7635900.69,true
2025-06-10,SEC-BOND-08,SECURITY_HOLDING,GHS,7695261.68,CP-GOG,SEC-BOND,GL-1200,2030-06-09,0.2299,7695261.68,true
2025-06-10,SEC-BOND-09,SECURITY_HOLDING,GHS,11862858.68,CP-GOG,SEC-BOND,GL-1200,2028-06-09,0.2299,11862858.68,true
2025-06-11,SEC-TBILL-00,SECURITY_HOLDING,GHS,10579073.54,CP-GOG,SEC-TBILL,GL-1200,2025-09-10,0.2209,10579073.54,true
2025-06-11,SEC-TBILL-01,SECURITY_HOLDING,GHS,6452487.55,CP-GOG,SEC-TBILL,GL-1200,2026-06-10,0.2209,6452487.55,true
2025-06-11,SEC-TBILL-02,SECURITY_HOLDING,GHS,10361732.59,CP-GOG,SEC-TBILL,GL-1200,2025-09-10,0.2209,10361732.59,true
2025-06-11,SEC-TBILL-03,SECURITY_HOLDING,GHS,9742727.76,CP-GOG,SEC-TBILL,GL-1200,2026-06-10,0.2209,9742727.76,true
2025-06-11,SEC-TBILL-04,SECURITY_HOLDING,GHS,12850142.29,CP-GOG,SEC-TBILL,GL-1200,2026-06-10,0.2209,12850142.29,true
2025-06-11,SEC-TBILL-05,SECURITY_HOLDING,GHS,8067167.15,CP-GOG,SEC-TBILL,GL-1200,2026-06-10,0.2209,8067167.15,true
2025-06-11,SEC-BOND-06,SECURITY_HOLDING,GHS,8104846.93,CP-GOG,SEC-BOND,GL-1200,2027-06-11,0.2209,8104846.93,true
2025-06-11,SEC-BOND-07,SECURITY_HOLDING,GHS,7299232.71,CP-GOG,SEC-BOND,GL-1200,2028-06-10,0.2209,7299232.71,true
2025-06-11,SEC-BOND-08,SECURITY_HOLDING,GHS,7361936.34,CP-GOG,SEC-BOND,GL-1200,2030-06-10,0.2209,7361936.34,true
2025-06-11,SEC-BOND-09,SECURITY_HOLDING,GHS,7438578.54,CP-GOG,SEC-BOND,GL-1200,2027-06-11,0.2209,7438578.54,true
2025-06-12,SEC-TBILL-00,SECURITY_HOLDING,GHS,9187433.81,CP-GOG,SEC-TBILL,GL-1200,2026-06-11,0.2138,9187433.81,true
2025-06-12,SEC-TBILL-01,SECURITY_HOLDING,GHS,13423920.82,CP-GOG,SEC-TBILL,GL-1200,2025-09-11,0.2138,13423920.82,true
2025-06-12,SEC-TBILL-02,SECURITY_HOLDING,GHS,8983936.14,CP-GOG,SEC-TBILL,GL-1200,2025-12-11,0.2138,8983936.14,true
2025-06-12,SEC-TBILL-03,SECURITY_HOLDING,GHS,8404358.13,CP-GOG,SEC-TBILL,GL-1200,2025-09-11,0.2138,8404358.13,true
2025-06-12,SEC-TBILL-04,SECURITY_HOLDING,GHS,7076380.58,CP-GOG,SEC-TBILL,GL-1200,2025-12-11,0.2138,7076380.58,true
2025-06-12,SEC-TBILL-05,SECURITY_HOLDING,GHS,10698286.40,CP-GOG,SEC-TBILL,GL-1200,2026-06-11,0.2138,10698286.40,true
2025-06-12,SEC-BOND-06,SECURITY_HOLDING,GHS,6870800.26,CP-GOG,SEC-BOND,GL-1200,2030-06-11,0.2138,6870800.26,true
2025-06-12,SEC-BOND-07,SECURITY_HOLDING,GHS,9979264.68,CP-GOG,SEC-BOND,GL-1200,2030-06-11,0.2138,9979264.68,true
2025-06-12,SEC-BOND-08,SECURITY_HOLDING,GHS,10037974.47,CP-GOG,SEC-BOND,GL-1200,2028-06-11,0.2138,10037974.47,true
2025-06-12,SEC-BOND-09,SECURITY_HOLDING,GHS,6246969.09,CP-GOG,SEC-BOND,GL-1200,2028-06-11,0.2138,6246969.09,true
2025-06-13,SEC-TBILL-00,SECURITY_HOLDING,GHS,11239006.34,CP-GOG,SEC-TBILL,GL-1200,2025-09-12,0.2449,11239006.34,true
2025-06-13,SEC-TBILL-01,SECURITY_HOLDING,GHS,7717814.33,CP-GOG,SEC-TBILL,GL-1200,2025-12-12,0.2449,7717814.33,true
2025-06-13,SEC-TBILL-02,SECURITY_HOLDING,GHS,7533253.31,CP-GOG,SEC-TBILL,GL-1200,2025-09-12,0.2449,7533253.31,true
2025-06-13,SEC-TBILL-03,SECURITY_HOLDING,GHS,10696098.37,CP-GOG,SEC-TBILL,GL-1200,2025-09-12,0.2449,10696098.37,true
2025-06-13,SEC-TBILL-04,SECURITY_HOLDING,GHS,9485857.89,CP-GOG,SEC-TBILL,GL-1200,2026-06-12,0.2449,9485857.89,true
2025-06-13,SEC-TBILL-05,SECURITY_HOLDING,GHS,9095611.11,CP-GOG,SEC-TBILL,GL-1200,2025-12-12,0.2449,9095611.11,true
2025-06-13,SEC-BOND-06,SECURITY_HOLDING,GHS,9127763.05,CP-GOG,SEC-BOND,GL-1200,2027-06-13,0.2449,9127763.05,true
2025-06-13,SEC-BOND-07,SECURITY_HOLDING,GHS,8440337.09,CP-GOG,SEC-BOND,GL-1200,2028-06-12,0.2449,8440337.09,true
2025-06-13,SEC-BOND-08,SECURITY_HOLDING,GHS,8493841.73,CP-GOG,SEC-BOND,GL-1200,2027-06-13,0.2449,8493841.73,true
2025-06-13,SEC-BOND-09,SECURITY_HOLDING,GHS,8559240.08,CP-GOG,SEC-BOND,GL-1200,2027-06-13,0.2449,8559240.08,true
2025-06-16,SEC-TBILL-00,SECURITY_HOLDING,GHS,10150377.60,CP-GOG,SEC-TBILL,GL-1200,2025-12-15,0.2218,10150377.60,true
2025-06-16,SEC-TBILL-01,SECURITY_HOLDING,GHS,6225221.95,CP-GOG,SEC-TBILL,GL-1200,2025-09-15,0.2218,6225221.95,true
2025-06-16,SEC-TBILL-02,SECURITY_HOLDING,GHS,9943645.67,CP-GOG,SEC-TBILL,GL-1200,2025-12-15,0.2218,9943645.67,true
2025-06-16,SEC-TBILL-03,SECURITY_HOLDING,GHS,9354856.23,CP-GOG,SEC-TBILL,GL-1200,2025-09-15,0.2218,9354856.23,true
2025-06-16,SEC-TBILL-04,SECURITY_HOLDING,GHS,12310589.06,CP-GOG,SEC-TBILL,GL-1200,2025-09-15,0.2218,12310589.06,true
2025-06-16,SEC-TBILL-05,SECURITY_HOLDING,GHS,7761084.47,CP-GOG,SEC-TBILL,GL-1200,2026-06-15,0.2218,7761084.47,true
2025-06-16,SEC-BOND-06,SECURITY_HOLDING,GHS,7796924.99,CP-GOG,SEC-BOND,GL-1200,2030-06-15,0.2218,7796924.99,true
2025-06-16,SEC-BOND-07,SECURITY_HOLDING,GHS,7030635.08,CP-GOG,SEC-BOND,GL-1200,2028-06-15,0.2218,7030635.08,true
2025-06-16,SEC-BOND-08,SECURITY_HOLDING,GHS,11014436.20,CP-GOG,SEC-BOND,GL-1200,2030-06-15,0.2218,11014436.20,true
2025-06-16,SEC-BOND-09,SECURITY_HOLDING,GHS,7163179.05,CP-GOG,SEC-BOND,GL-1200,2028-06-15,0.2218,7163179.05,true
2025-06-17,SEC-TBILL-00,SECURITY_HOLDING,GHS,8485954.06,CP-GOG,SEC-TBILL,GL-1200,2025-09-16,0.2147,8485954.06,true
2025-06-17,SEC-TBILL-01,SECURITY_HOLDING,GHS,8485055.65,CP-GOG,SEC-TBILL,GL-1200,2026-06-16,0.2147,8485055.65,true
2025-06-17,SEC-TBILL-02,SECURITY_HOLDING,GHS,8299743.53,CP-GOG,SEC-TBILL,GL-1200,2026-06-16,0.2147,8299743.53,true
2025-06-17,SEC-TBILL-03,SECURITY_HOLDING,GHS,11475460.45,CP-GOG,SEC-TBILL,GL-1200,2025-12-16,0.2147,11475460.45,true
2025-06-17,SEC-TBILL-04,SECURITY_HOLDING,GHS,6554234.89,CP-GOG,SEC-TBILL,GL-1200,2025-12-16,0.2147,6554234.89,true
2025-06-17,SEC-TBILL-05,SECURITY_HOLDING,GHS,9868459.67,CP-GOG,SEC-TBILL,GL-1200,2025-09-16,0.2147,9868459.67,true
2025-06-17,SEC-BOND-06,SECURITY_HOLDING,GHS,9900742.46,CP-GOG,SEC-BOND,GL-1200,2030-06-16,0.2147,9900742.46,true
2025-06-17,SEC-BOND-07,SECURITY_HOLDING,GHS,9210518.87,CP-GOG,SEC-BOND,GL-1200,2027-06-17,0.2147,9210518.87,true
2025-06-17,SEC-BOND-08,SECURITY_HOLDING,GHS,9264241.26,CP-GOG,SEC-BOND,GL-1200,2030-06-16,0.2147,9264241.26,true
2025-06-17,SEC-BOND-09,SECURITY_HOLDING,GHS,9329905.77,CP-GOG,SEC-BOND,GL-1200,2030-06-16,0.2147,9329905.77,true
2025-06-18,SEC-TBILL-00,SECURITY_HOLDING,GHS,10022038.31,CP-GOG,SEC-TBILL,GL-1200,2025-12-17,0.2457,10022038.31,true
2025-06-18,SEC-TBILL-01,SECURITY_HOLDING,GHS,10172440.70,CP-GOG,SEC-TBILL,GL-1200,2025-12-17,0.2457,10172440.70,true
2025-06-18,SEC-TBILL-02,SECURITY_HOLDING,GHS,9857813.39,CP-GOG,SEC-TBILL,GL-1200,2026-06-17,0.2457,9857813.39,true
2025-06-18,SEC-TBILL-03,SECURITY_HOLDING,GHS,9541282.11,CP-GOG,SEC-TBILL,GL-1200,2026-06-17,0.2457,9541282.11,true
2025-06-18,SEC-TBILL-04,SECURITY_HOLDING,GHS,8469589.22,CP-GOG,SEC-TBILL,GL-1200,2025-09-17,0.2457,8469589.22,true
2025-06-18,SEC-TBILL-05,SECURITY_HOLDING,GHS,4855527.14,CP-GOG,SEC-TBILL,GL-1200,2025-12-17,0.2457,4855527.14,true
2025-06-18,SEC-BOND-06,SECURITY_HOLDING,GHS,8152488.85,CP-GOG,SEC-BOND,GL-1200,2027-06-18,0.2457,8152488.85,true
2025-06-18,SEC-BOND-07,SECURITY_HOLDING,GHS,10812249.50,CP-GOG,SEC-BOND,GL-1200,2027-06-18,0.2457,10812249.50,true
2025-06-18,SEC-BOND-08,SECURITY_HOLDING,GHS,10859628.96,CP-GOG,SEC-BOND,GL-1200,2030-06-17,0.2457,10859628.96,true
2025-06-18,SEC-BOND-09,SECURITY_HOLDING,GHS,7649050.05,CP-GOG,SEC-BOND,GL-1200,2027-06-18,0.2457,7649050.05,true
2025-06-19,SEC-TBILL-00,SECURITY_HOLDING,GHS,6946861.93,CP-GOG,SEC-TBILL,GL-1200,2025-09-18,0.2787,6946861.93,true
2025-06-19,SEC-TBILL-01,SECURITY_HOLDING,GHS,10793569.63,CP-GOG,SEC-TBILL,GL-1200,2025-09-18,0.2787,10793569.63,true
2025-06-19,SEC-TBILL-02,SECURITY_HOLDING,GHS,6762087.13,CP-GOG,SEC-TBILL,GL-1200,2026-06-18,0.2787,6762087.13,true
2025-06-19,SEC-TBILL-03,SECURITY_HOLDING,GHS,6235833.38,CP-GOG,SEC-TBILL,GL-1200,2025-12-18,0.2787,6235833.38,true
2025-06-19,SEC-TBILL-04,SECURITY_HOLDING,GHS,5030036.81,CP-GOG,SEC-TBILL,GL-1200,2025-12-18,0.2787,5030036.81,true
2025-06-19,SEC-TBILL-05,SECURITY_HOLDING,GHS,8318708.06,CP-GOG,SEC-TBILL,GL-1200,2025-12-18,0.2787,8318708.06,true
2025-06-19,SEC-BOND-06,SECURITY_HOLDING,GHS,12198341.12,CP-GOG,SEC-BOND,GL-1200,2027-06-19,0.2787,12198341.12,true
2025-06-19,SEC-BOND-07,SECURITY_HOLDING,GHS,11513439.34,CP-GOG,SEC-BOND,GL-1200,2028-06-18,0.2787,11513439.34,true
2025-06-19,SEC-BOND-08,SECURITY_HOLDING,GHS,7719148.34,CP-GOG,SEC-BOND,GL-1200,2028-06-18,0.2787,7719148.34,true
2025-06-19,SEC-BOND-09,SECURITY_HOLDING,GHS,11631905.73,CP-GOG,SEC-BOND,GL-1200,2027-06-19,0.2787,11631905.73,true
2025-06-20,SEC-TBILL-00,SECURITY_HOLDING,GHS,11485142.85,CP-GOG,SEC-TBILL,GL-1200,2025-09-19,0.2297,11485142.85,true
2025-06-20,SEC-TBILL-01,SECURITY_HOLDING,GHS,7374654.04,CP-GOG,SEC-TBILL,GL-1200,2026-06-19,0.2297,7374654.04,true
2025-06-20,SEC-TBILL-02,SECURITY_HOLDING,GHS,7159205.42,CP-GOG,SEC-TBILL,GL-1200,2025-12-19,0.2297,7159205.42,true
2025-06-20,SEC-TBILL-03,SECURITY_HOLDING,GHS,6542615.23,CP-GOG,SEC-TBILL,GL-1200,2026-06-19,0.2297,6542615.23,true
2025-06-20,SEC-TBILL-04,SECURITY_HOLDING,GHS,13747352.51,CP-GOG,SEC-TBILL,GL-1200,2026-06-19,0.2297,13747352.51,true
2025-06-20,SEC-TBILL-05,SECURITY_HOLDING,GHS,8983035.02,CP-GOG,SEC-TBILL,GL-1200,2025-09-19,0.2297,8983035.02,true
2025-06-20,SEC-BOND-06,SECURITY_HOLDING,GHS,9020567.82,CP-GOG,SEC-BOND,GL-1200,2030-06-19,0.2297,9020567.82,true
2025-06-20,SEC-BOND-07,SECURITY_HOLDING,GHS,8218096.18,CP-GOG,SEC-BOND,GL-1200,2030-06-19,0.2297,8218096.18,true
2025-06-20,SEC-BOND-08,SECURITY_HOLDING,GHS,8280555.21,CP-GOG,SEC-BOND,GL-1200,2030-06-19,0.2297,8280555.21,true
2025-06-20,SEC-BOND-09,SECURITY_HOLDING,GHS,8356898.45,CP-GOG,SEC-BOND,GL-1200,2027-06-20,0.2297,8356898.45,true
2025-06-23,SEC-TBILL-00,SECURITY_HOLDING,GHS,8403255.34,CP-GOG,SEC-TBILL,GL-1200,2026-06-22,0.2466,8403255.34,true
2025-06-23,SEC-TBILL-01,SECURITY_HOLDING,GHS,12613855.89,CP-GOG,SEC-TBILL,GL-1200,2025-09-22,0.2466,12613855.89,true
2025-06-23,SEC-TBILL-02,SECURITY_HOLDING,GHS,8201001.11,CP-GOG,SEC-TBILL,GL-1200,2026-06-22,0.2466,8201001.11,true
2025-06-23,SEC-TBILL-03,SECURITY_HOLDING,GHS,7624964.53,CP-GOG,SEC-TBILL,GL-1200,2025-12-22,0.2466,7624964.53,true
2025-06-23,SEC-TBILL-04,SECURITY_HOLDING,GHS,10516677.77,CP-GOG,SEC-TBILL,GL-1200,2026-06-22,0.2466,10516677.77,true
2025-06-23,SEC-TBILL-05,SECURITY_HOLDING,GHS,6065713.02,CP-GOG,SEC-TBILL,GL-1200,2026-06-22,0.2466,6065713.02,true
2025-06-23,SEC-BOND-06,SECURITY_HOLDING,GHS,6100777.25,CP-GOG,SEC-BOND,GL-1200,2030-06-22,0.2466,6100777.25,true
2025-06-23,SEC-BOND-07,SECURITY_HOLDING,GHS,13401824.21,CP-GOG,SEC-BOND,GL-1200,2030-06-22,0.2466,13401824.21,true
2025-06-23,SEC-BOND-08,SECURITY_HOLDING,GHS,9248598.89,CP-GOG,SEC-BOND,GL-1200,2027-06-23,0.2466,9248598.89,true
2025-06-23,SEC-BOND-09,SECURITY_HOLDING,GHS,5480757.91,CP-GOG,SEC-BOND,GL-1200,2027-06-23,0.2466,5480757.91,true
2025-06-24,SEC-TBILL-00,SECURITY_HOLDING,GHS,8685708.14,CP-GOG,SEC-TBILL,GL-1200,2025-12-23,0.2795,8685708.14,true
2025-06-24,SEC-TBILL-01,SECURITY_HOLDING,GHS,8684605.95,CP-GOG,SEC-TBILL,GL-1200,2025-09-23,0.2795,8684605.95,true
2025-06-24,SEC-TBILL-02,SECURITY_HOLDING,GHS,8457260.63,CP-GOG,SEC-TBILL,GL-1200,2025-12-23,0.2795,8457260.63,true
2025-06-24,SEC-TBILL-03,SECURITY_HOLDING,GHS,7806623.40,CP-GOG,SEC-TBILL,GL-1200,2025-09-23,0.2795,7806623.40,true
2025-06-24,SEC-TBILL-04,SECURITY_HOLDING,GHS,6315829.06,CP-GOG,SEC-TBILL,GL-1200,2025-09-23,0.2795,6315829.06,true
2025-06-24,SEC-TBILL-05,SECURITY_HOLDING,GHS,10381798.94,CP-GOG,SEC-TBILL,GL-1200,2025-09-23,0.2795,10381798.94,true
2025-06-24,SEC-BOND-06,SECURITY_HOLDING,GHS,10421404.23,CP-GOG,SEC-BOND,GL-1200,2028-06-23,0.2795,10421404.23,true
2025-06-24,SEC-BOND-07,SECURITY_HOLDING,GHS,9574621.50,CP-GOG,SEC-BOND,GL-1200,2030-06-23,0.2795,9574621.50,true
2025-06-24,SEC-BOND-08,SECURITY_HOLDING,GHS,9640529.41,CP-GOG,SEC-BOND,GL-1200,2028-06-23,0.2795,9640529.41,true
2025-06-24,SEC-BOND-09,SECURITY_HOLDING,GHS,9721088.19,CP-GOG,SEC-BOND,GL-1200,2027-06-24,0.2795,9721088.19,true
2025-06-25,SEC-TBILL-00,SECURITY_HOLDING,GHS,11459485.68,CP-GOG,SEC-TBILL,GL-1200,2025-09-24,0.2306,11459485.68,true
2025-06-25,SEC-TBILL-01,SECURITY_HOLDING,GHS,7390714.86,CP-GOG,SEC-TBILL,GL-1200,2026-06-24,0.2306,7390714.86,true
2025-06-25,SEC-TBILL-02,SECURITY_HOLDING,GHS,7177452.86,CP-GOG,SEC-TBILL,GL-1200,2025-09-24,0.2306,7177452.86,true
2025-06-25,SEC-TBILL-03,SECURITY_HOLDING,GHS,6567120.54,CP-GOG,SEC-TBILL,GL-1200,2025-09-24,0.2306,6567120.54,true
2025-06-25,SEC-TBILL-04,SECURITY_HOLDING,GHS,13698735.82,CP-GOG,SEC-TBILL,GL-1200,2025-09-24,0.2306,13698735.82,true
2025-06-25,SEC-TBILL-05,SECURITY_HOLDING,GHS,8982772.13,CP-GOG,SEC-TBILL,GL-1200,2025-09-24,0.2306,8982772.13,true
2025-06-25,SEC-BOND-06,SECURITY_HOLDING,GHS,9019924.00,CP-GOG,SEC-BOND,GL-1200,2030-06-24,0.2306,9019924.00,true
2025-06-25,SEC-BOND-07,SECURITY_HOLDING,GHS,8225596.77,CP-GOG,SEC-BOND,GL-1200,2027-06-25,0.2306,8225596.77,true
2025-06-25,SEC-BOND-08,SECURITY_HOLDING,GHS,8287421.90,CP-GOG,SEC-BOND,GL-1200,2030-06-24,0.2306,8287421.90,true
2025-06-25,SEC-BOND-09,SECURITY_HOLDING,GHS,8362990.31,CP-GOG,SEC-BOND,GL-1200,2027-06-25,0.2306,8362990.31,true
2025-06-26,SEC-TBILL-00,SECURITY_HOLDING,GHS,9322373.10,CP-GOG,SEC-TBILL,GL-1200,2025-12-25,0.2235,9322373.10,true
2025-06-26,SEC-TBILL-01,SECURITY_HOLDING,GHS,5778642.36,CP-GOG,SEC-TBILL,GL-1200,2025-09-25,0.2235,5778642.36,true
2025-06-26,SEC-TBILL-02,SECURITY_HOLDING,GHS,9135730.24,CP-GOG,SEC-TBILL,GL-1200,2026-06-25,0.2235,9135730.24,true
2025-06-26,SEC-TBILL-03,SECURITY_HOLDING,GHS,12318820.29,CP-GOG,SEC-TBILL,GL-1200,2025-09-25,0.2235,12318820.29,true
2025-06-26,SEC-TBILL-04,SECURITY_HOLDING,GHS,11100833.20,CP-GOG,SEC-TBILL,GL-1200,2026-06-25,0.2235,11100833.20,true
2025-06-26,SEC-TBILL-05,SECURITY_HOLDING,GHS,6993424.30,CP-GOG,SEC-TBILL,GL-1200,2026-06-25,0.2235,6993424.30,true
2025-06-26,SEC-BOND-06,SECURITY_HOLDING,GHS,7197615.99,CP-GOG,SEC-BOND,GL-1200,2028-06-25,0.2235,7197615.99,true
2025-06-26,SEC-BOND-07,SECURITY_HOLDING,GHS,10220454.10,CP-GOG,SEC-BOND,GL-1200,2030-06-25,0.2235,10220454.10,true
2025-06-26,SEC-BOND-08,SECURITY_HOLDING,GHS,10102467.27,CP-GOG,SEC-BOND,GL-1200,2028-06-25,0.2235,10102467.27,true
2025-06-26,SEC-BOND-09,SECURITY_HOLDING,GHS,6625453.98,CP-GOG,SEC-BOND,GL-1200,2030-06-25,0.2235,6625453.98,true
2025-06-27,SEC-TBILL-00,SECURITY_HOLDING,GHS,12807961.37,CP-GOG,SEC-TBILL,GL-1200,2025-12-26,0.2545,12807961.37,true
2025-06-27,SEC-TBILL-01,SECURITY_HOLDING,GHS,12807029.64,CP-GOG,SEC-TBILL,GL-1200,2025-12-26,0.2545,12807029.64,true
2025-06-27,SEC-TBILL-02,SECURITY_HOLDING,GHS,8771358.35,CP-GOG,SEC-TBILL,GL-1200,2025-12-26,0.2545,8771358.35,true
2025-06-27,SEC-TBILL-03,SECURITY_HOLDING,GHS,12064836.85,CP-GOG,SEC-TBILL,GL-1200,2025-12-26,0.2545,12064836.85,true
2025-06-27,SEC-TBILL-04,SECURITY_HOLDING,GHS,10804610.40,CP-GOG,SEC-TBILL,GL-1200,2025-12-26,0.2545,10804610.40,true
2025-06-27,SEC-TBILL-05,SECURITY_HOLDING,GHS,6554758.00,CP-GOG,SEC-TBILL,GL-1200,2025-12-26,0.2545,6554758.00,true
2025-06-27,SEC-BOND-06,SECURITY_HOLDING,GHS,6588237.90,CP-GOG,SEC-BOND,GL-1200,2030-06-26,0.2545,6588237.90,true
2025-06-27,SEC-BOND-07,SECURITY_HOLDING,GHS,5872419.52,CP-GOG,SEC-BOND,GL-1200,2027-06-27,0.2545,5872419.52,true
2025-06-27,SEC-BOND-08,SECURITY_HOLDING,GHS,5928134.04,CP-GOG,SEC-BOND,GL-1200,2028-06-26,0.2545,5928134.04,true
2025-06-27,SEC-BOND-09,SECURITY_HOLDING,GHS,5996233.51,CP-GOG,SEC-BOND,GL-1200,2030-06-26,0.2545,5996233.51,true
2025-06-30,SEC-TBILL-00,SECURITY_HOLDING,GHS,11524276.70,CP-GOG,SEC-TBILL,GL-1200,2026-06-29,0.2314,11524276.70,true
2025-06-30,SEC-TBILL-01,SECURITY_HOLDING,GHS,7464705.68,CP-GOG,SEC-TBILL,GL-1200,2026-06-29,0.2314,7464705.68,true
2025-06-30,SEC-TBILL-02,SECURITY_HOLDING,GHS,11310465.32,CP-GOG,SEC-TBILL,GL-1200,2025-12-29,0.2314,11310465.32,true
2025-06-30,SEC-TBILL-03,SECURITY_HOLDING,GHS,6446126.75,CP-GOG,SEC-TBILL,GL-1200,2025-12-29,0.2314,6446126.75,true
2025-06-30,SEC-TBILL-04,SECURITY_HOLDING,GHS,9503077.45,CP-GOG,SEC-TBILL,GL-1200,2025-12-29,0.2314,9503077.45,true
2025-06-30,SEC-TBILL-05,SECURITY_HOLDING,GHS,9053163.19,CP-GOG,SEC-TBILL,GL-1200,2025-09-29,0.2314,9053163.19,true
2025-06-30,SEC-BOND-06,SECURITY_HOLDING,GHS,9090231.05,CP-GOG,SEC-BOND,GL-1200,2027-06-30,0.2314,9090231.05,true
2025-06-30,SEC-BOND-07,SECURITY_HOLDING,GHS,8297699.86,CP-GOG,SEC-BOND,GL-1200,2027-06-30,0.2314,8297699.86,true
2025-06-30,SEC-BOND-08,SECURITY_HOLDING,GHS,8359385.19,CP-GOG,SEC-BOND,GL-1200,2028-06-29,0.2314,8359385.19,true
2025-06-30,SEC-BOND-09,SECURITY_HOLDING,GHS,8434782.74,CP-GOG,SEC-BOND,GL-1200,2028-06-29,0.2314,8434782.74,true
2025-07-01,SEC-TBILL-00,SECURITY_HOLDING,GHS,6527806.61,CP-GOG,SEC-TBILL,GL-1200,2026-06-30,0.2243,6527806.61,true
2025-07-01,SEC-TBILL-01,SECURITY_HOLDING,GHS,10987968.58,CP-GOG,SEC-TBILL,GL-1200,2025-09-30,0.2243,10987968.58,true
2025-07-01,SEC-TBILL-02,SECURITY_HOLDING,GHS,10577517.35,CP-GOG,SEC-TBILL,GL-1200,2025-09-30,0.2243,10577517.35,true
2025-07-01,SEC-TBILL-03,SECURITY_HOLDING,GHS,5703386.67,CP-GOG,SEC-TBILL,GL-1200,2026-06-30,0.2243,5703386.67,true
2025-07-01,SEC-TBILL-04,SECURITY_HOLDING,GHS,12833200.60,CP-GOG,SEC-TBILL,GL-1200,2025-09-30,0.2243,12833200.60,true
2025-07-01,SEC-TBILL-05,SECURITY_HOLDING,GHS,8118428.10,CP-GOG,SEC-TBILL,GL-1200,2025-12-30,0.2243,8118428.10,true
2025-07-01,SEC-BOND-06,SECURITY_HOLDING,GHS,12616766.20,CP-GOG,SEC-BOND,GL-1200,2030-06-30,0.2243,12616766.20,true
2025-07-01,SEC-BOND-07,SECURITY_HOLDING,GHS,7361443.99,CP-GOG,SEC-BOND,GL-1200,2030-06-30,0.2243,7361443.99,true
2025-07-01,SEC-BOND-08,SECURITY_HOLDING,GHS,7423253.50,CP-GOG,SEC-BOND,GL-1200,2028-06-30,0.2243,7423253.50,true
2025-07-01,SEC-BOND-09,SECURITY_HOLDING,GHS,7696045.91,CP-GOG,SEC-BOND,GL-1200,2030-06-30,0.2243,7696045.91,true
2025-07-02,SEC-TBILL-00,SECURITY_HOLDING,GHS,9492510.95,CP-GOG,SEC-TBILL,GL-1200,2025-10-01,0.2154,9492510.95,true
2025-07-02,SEC-TBILL-01,SECURITY_HOLDING,GHS,5567937.09,CP-GOG,SEC-TBILL,GL-1200,2026-07-01,0.2154,5567937.09,true
2025-07-02,SEC-TBILL-02,SECURITY_HOLDING,GHS,13589988.00,CP-GOG,SEC-TBILL,GL-1200,2025-10-01,0.2154,13589988.00,true
2025-07-02,SEC-TBILL-03,SECURITY_HOLDING,GHS,13001285.82,CP-GOG,SEC-TBILL,GL-1200,2025-12-31,0.2154,13001285.82,true
2025-07-02,SEC-TBILL-04,SECURITY_HOLDING,GHS,11652402.22,CP-GOG,SEC-TBILL,GL-1200,2025-10-01,0.2154,11652402.22,true
2025-07-02,SEC-TBILL-05,SECURITY_HOLDING,GHS,7103571.96,CP-GOG,SEC-TBILL,GL-1200,2025-10-01,0.2154,7103571.96,true
2025-07-02,SEC-BOND-06,SECURITY_HOLDING,GHS,7139407.17,CP-GOG,SEC-BOND,GL-1200,2027-07-02,0.2154,7139407.17,true
2025-07-02,SEC-BOND-07,SECURITY_HOLDING,GHS,6373230.85,CP-GOG,SEC-BOND,GL-1200,2027-07-02,0.2154,6373230.85,true
2025-07-02,SEC-BOND-08,SECURITY_HOLDING,GHS,6432864.89,CP-GOG,SEC-BOND,GL-1200,2030-07-01,0.2154,6432864.89,true
2025-07-02,SEC-BOND-09,SECURITY_HOLDING,GHS,6505755.17,CP-GOG,SEC-BOND,GL-1200,2030-07-01,0.2154,6505755.17,true
2025-07-03,SEC-TBILL-00,SECURITY_HOLDING,GHS,8697423.82,CP-GOG,SEC-TBILL,GL-1200,2025-10-02,0.2083,8697423.82,true
2025-07-03,SEC-TBILL-01,SECURITY_HOLDING,GHS,12968211.38,CP-GOG,SEC-TBILL,GL-1200,2026-01-01,0.2083,12968211.38,true
2025-07-03,SEC-TBILL-02,SECURITY_HOLDING,GHS,8492278.54,CP-GOG,SEC-TBILL,GL-1200,2026-01-01,0.2083,8492278.54,true
2025-07-03,SEC-TBILL-03,SECURITY_HOLDING,GHS,7908008.00,CP-GOG,SEC-TBILL,GL-1200,2025-10-02,0.2083,7908008.00,true
2025-07-03,SEC-TBILL-04,SECURITY_HOLDING,GHS,10841055.85,CP-GOG,SEC-TBILL,GL-1200,2025-10-02,0.2083,10841055.85,true
2025-07-03,SEC-TBILL-05,SECURITY_HOLDING,GHS,10220508.97,CP-GOG,SEC-TBILL,GL-1200,2026-07-02,0.2083,10220508.97,true
2025-07-03,SEC-BOND-06,SECURITY_HOLDING,GHS,6362033.75,CP-GOG,SEC-BOND,GL-1200,2028-07-02,0.2083,6362033.75,true
2025-07-03,SEC-BOND-07,SECURITY_HOLDING,GHS,5601625.05,CP-GOG,SEC-BOND,GL-1200,2030-07-02,0.2083,5601625.05,true
2025-07-03,SEC-BOND-08,SECURITY_HOLDING,GHS,9554850.85,CP-GOG,SEC-BOND,GL-1200,2030-07-02,0.2083,9554850.85,true
2025-07-03,SEC-BOND-09,SECURITY_HOLDING,GHS,5733151.75,CP-GOG,SEC-BOND,GL-1200,2028-07-02,0.2083,5733151.75,true
2025-07-04,SEC-TBILL-00,SECURITY_HOLDING,GHS,7793877.23,CP-GOG,SEC-TBILL,GL-1200,2026-01-02,0.2394,7793877.23,true
2025-07-04,SEC-TBILL-01,SECURITY_HOLDING,GHS,7792909.80,CP-GOG,SEC-TBILL,GL-1200,2026-01-02,0.2394,7792909.80,true
2025-07-04,SEC-TBILL-02,SECURITY_HOLDING,GHS,7593360.76,CP-GOG,SEC-TBILL,GL-1200,2026-01-02,0.2394,7593360.76,true
2025-07-04,SEC-TBILL-03,SECURITY_HOLDING,GHS,11013057.46,CP-GOG,SEC-TBILL,GL-1200,2025-10-03,0.2394,11013057.46,true
2025-07-04,SEC-TBILL-04,SECURITY_HOLDING,GHS,9704534.50,CP-GOG,SEC-TBILL,GL-1200,2026-01-02,0.2394,9704534.50,true
2025-07-04,SEC-TBILL-05,SECURITY_HOLDING,GHS,9282596.15,CP-GOG,SEC-TBILL,GL-1200,2025-10-03,0.2394,9282596.15,true
2025-07-04,SEC-BOND-06,SECURITY_HOLDING,GHS,9317359.12,CP-GOG,SEC-BOND,GL-1200,2028-07-03,0.2394,9317359.12,true
2025-07-04,SEC-BOND-07,SECURITY_HOLDING,GHS,8574107.94,CP-GOG,SEC-BOND,GL-1200,2027-07-04,0.2394,8574107.94,true
2025-07-04,SEC-BOND-08,SECURITY_HOLDING,GHS,8631957.65,CP-GOG,SEC-BOND,GL-1200,2028-07-03,0.2394,8631957.65,true
2025-07-04,SEC-BOND-09,SECURITY_HOLDING,GHS,8702666.94,CP-GOG,SEC-BOND,GL-1200,2027-07-04,0.2394,8702666.94,true
2025-07-07,SEC-TBILL-00,SECURITY_HOLDING,GHS,10533813.55,CP-GOG,SEC-TBILL,GL-1200,2026-01-05,0.2162,10533813.55,true
2025-07-07,SEC-TBILL-01,SECURITY_HOLDING,GHS,6218585.87,CP-GOG,SEC-TBILL,GL-1200,2026-01-05,0.2162,6218585.87,true
2025-07-07,SEC-TBILL-02,SECURITY_HOLDING,GHS,10306537.13,CP-GOG,SEC-TBILL,GL-1200,2026-07-06,0.2162,10306537.13,true
2025-07-07,SEC-TBILL-03,SECURITY_HOLDING,GHS,9659235.28,CP-GOG,SEC-TBILL,GL-1200,2026-07-06,0.2162,9659235.28,true
2025-07-07,SEC-TBILL-04,SECURITY_HOLDING,GHS,12908701.36,CP-GOG,SEC-TBILL,GL-1200,2026-01-05,0.2162,12908701.36,true
2025-07-07,SEC-TBILL-05,SECURITY_HOLDING,GHS,7907078.52,CP-GOG,SEC-TBILL,GL-1200,2025-10-06,0.2162,7907078.52,true
2025-07-07,SEC-BOND-06,SECURITY_HOLDING,GHS,7946480.78,CP-GOG,SEC-BOND,GL-1200,2027-07-07,0.2162,7946480.78,true
2025-07-07,SEC-BOND-07,SECURITY_HOLDING,GHS,7104038.92,CP-GOG,SEC-BOND,GL-1200,2030-07-06,0.2162,7104038.92,true
2025-07-07,SEC-BOND-08,SECURITY_HOLDING,GHS,7169608.97,CP-GOG,SEC-BOND,GL-1200,2027-07-07,0.2162,7169608.97,true
2025-07-07,SEC-BOND-09,SECURITY_HOLDING,GHS,7249754.77,CP-GOG,SEC-BOND,GL-1200,2030-07-06,0.2162,7249754.77,true
2025-07-08,SEC-TBILL-00,SECURITY_HOLDING,GHS,8006889.92,CP-GOG,SEC-TBILL,GL-1200,2026-07-07,0.2092,8006889.92,true
2025-07-08,SEC-TBILL-01,SECURITY_HOLDING,GHS,11899646.84,CP-GOG,SEC-TBILL,GL-1200,2026-07-07,0.2092,11899646.84,true
2025-07-08,SEC-TBILL-02,SECURITY_HOLDING,GHS,7819903.17,CP-GOG,SEC-TBILL,GL-1200,2025-10-07,0.2092,7819903.17,true
2025-07-08,SEC-TBILL-03,SECURITY_HOLDING,GHS,11008858.10,CP-GOG,SEC-TBILL,GL-1200,2026-01-06,0.2092,11008858.10,true
2025-07-08,SEC-TBILL-04,SECURITY_HOLDING,GHS,9788626.86,CP-GOG,SEC-TBILL,GL-1200,2025-10-07,0.2092,9788626.86,true
2025-07-08,SEC-TBILL-05,SECURITY_HOLDING,GHS,9395158.52,CP-GOG,SEC-TBILL,GL-1200,2026-01-06,0.2092,9395158.52,true
2025-07-08,SEC-BOND-06,SECURITY_HOLDING,GHS,5878217.93,CP-GOG,SEC-BOND,GL-1200,2028-07-07,0.2092,5878217.93,true
2025-07-08,SEC-BOND-07,SECURITY_HOLDING,GHS,8734475.09,CP-GOG,SEC-BOND,GL-1200,2028-07-07,0.2092,8734475.09,true
2025-07-08,SEC-BOND-08,SECURITY_HOLDING,GHS,8788421.42,CP-GOG,SEC-BOND,GL-1200,2028-07-07,0.2092,8788421.42,true
2025-07-08,SEC-BOND-09,SECURITY_HOLDING,GHS,5305001.70,CP-GOG,SEC-BOND,GL-1200,2030-07-07,0.2092,5305001.70,true
2025-07-09,SEC-TBILL-00,SECURITY_HOLDING,GHS,10250012.12,CP-GOG,SEC-TBILL,GL-1200,2025-10-08,0.2402,10250012.12,true
2025-07-09,SEC-TBILL-01,SECURITY_HOLDING,GHS,10411097.86,CP-GOG,SEC-TBILL,GL-1200,2025-10-08,0.2402,10411097.86,true
2025-07-09,SEC-TBILL-02,SECURITY_HOLDING,GHS,6735399.36,CP-GOG,SEC-TBILL,GL-1200,2026-01-07,0.2402,6735399.36,true
2025-07-09,SEC-TBILL-03,SECURITY_HOLDING,GHS,9735106.99,CP-GOG,SEC-TBILL,GL-1200,2025-10-08,0.2402,9735106.99,true
2025-07-09,SEC-TBILL-04,SECURITY_HOLDING,GHS,8587289.90,CP-GOG,SEC-TBILL,GL-1200,2026-01-07,0.2402,8587289.90,true
2025-07-09,SEC-TBILL-05,SECURITY_HOLDING,GHS,4716514.78,CP-GOG,SEC-TBILL,GL-1200,2026-07-08,0.2402,4716514.78,true
2025-07-09,SEC-BOND-06,SECURITY_HOLDING,GHS,8247665.35,CP-GOG,SEC-BOND,GL-1200,2027-07-09,0.2402,8247665.35,true
2025-07-09,SEC-BOND-07,SECURITY_HOLDING,GHS,11096353.38,CP-GOG,SEC-BOND,GL-1200,2027-07-09,0.2402,11096353.38,true
2025-07-09,SEC-BOND-08,SECURITY_HOLDING,GHS,11147098.29,CP-GOG,SEC-BOND,GL-1200,2028-07-08,0.2402,11147098.29,true
2025-07-09,SEC-BOND-09,SECURITY_HOLDING,GHS,7708466.42,CP-GOG,SEC-BOND,GL-1200,2028-07-08,0.2402,7708466.42,true
2025-07-10,SEC-TBILL-00,SECURITY_HOLDING,GHS,6407624.43,CP-GOG,SEC-TBILL,GL-1200,2025-10-09,0.2731,6407624.43,true
2025-07-10,SEC-TBILL-01,SECURITY_HOLDING,GHS,10235879.75,CP-GOG,SEC-TBILL,GL-1200,2025-10-09,0.2731,10235879.75,true
2025-07-10,SEC-TBILL-02,SECURITY_HOLDING,GHS,6223735.98,CP-GOG,SEC-TBILL,GL-1200,2025-10-09,0.2731,6223735.98,true
2025-07-10,SEC-TBILL-03,SECURITY_HOLDING,GHS,5700006.63,CP-GOG,SEC-TBILL,GL-1200,2026-01-08,0.2731,5700006.63,true
2025-07-10,SEC-TBILL-04,SECURITY_HOLDING,GHS,8329136.71,CP-GOG,SEC-TBILL,GL-1200,2025-10-09,0.2731,8329136.71,true
2025-07-10,SEC-TBILL-05,SECURITY_HOLDING,GHS,7772889.91,CP-GOG,SEC-TBILL,GL-1200,2026-01-08,0.2731,7772889.91,true
2025-07-10,SEC-BOND-06,SECURITY_HOLDING,GHS,11633912.65,CP-GOG,SEC-BOND,GL-1200,2030-07-09,0.2731,11633912.65,true
2025-07-10,SEC-BOND-07,SECURITY_HOLDING,GHS,10952296.29,CP-GOG,SEC-BOND,GL-1200,2030-07-09,0.2731,10952296.29,true
2025-07-10,SEC-BOND-08,SECURITY_HOLDING,GHS,7176206.23,CP-GOG,SEC-BOND,GL-1200,2028-07-09,0.2731,7176206.23,true
2025-07-10,SEC-BOND-09,SECURITY_HOLDING,GHS,11070194.41,CP-GOG,SEC-BOND,GL-1200,2030-07-09,0.2731,11070194.41,true
2025-07-11,SEC-TBILL-00,SECURITY_HOLDING,GHS,7514139.40,CP-GOG,SEC-TBILL,GL-1200,2026-01-09,0.2660,7514139.40,true
2025-07-11,SEC-TBILL-01,SECURITY_HOLDING,GHS,7512981.81,CP-GOG,SEC-TBILL,GL-1200,2026-01-09,0.2660,7512981.81,true
2025-07-11,SEC-TBILL-02,SECURITY_HOLDING,GHS,7274207.28,CP-GOG,SEC-TBILL,GL-1200,2025-10-10,0.2660,7274207.28,true
2025-07-11,SEC-TBILL-03,SECURITY_HOLDING,GHS,6590860.95,CP-GOG,SEC-TBILL,GL-1200,2026-07-10,0.2660,6590860.95,true
2025-07-11,SEC-TBILL-04,SECURITY_HOLDING,GHS,14575630.92,CP-GOG,SEC-TBILL,GL-1200,2026-07-10,0.2660,14575630.92,true
2025-07-11,SEC-TBILL-05,SECURITY_HOLDING,GHS,9295496.79,CP-GOG,SEC-TBILL,GL-1200,2025-10-10,0.2660,9295496.79,true
2025-07-11,SEC-BOND-06,SECURITY_HOLDING,GHS,9337093.14,CP-GOG,SEC-BOND,GL-1200,2028-07-10,0.2660,9337093.14,true
2025-07-11,SEC-BOND-07,SECURITY_HOLDING,GHS,8447740.59,CP-GOG,SEC-BOND,GL-1200,2028-07-10,0.2660,8447740.59,true
2025-07-11,SEC-BOND-08,SECURITY_HOLDING,GHS,8516961.85,CP-GOG,SEC-BOND,GL-1200,2027-07-11,0.2660,8516961.85,true
2025-07-11,SEC-BOND-09,SECURITY_HOLDING,GHS,8601570.51,CP-GOG,SEC-BOND,GL-1200,2028-07-10,0.2660,8601570.51,true
2025-07-14,SEC-TBILL-00,SECURITY_HOLDING,GHS,6581979.69,CP-GOG,SEC-TBILL,GL-1200,2026-07-13,0.2011,6581979.69,true
2025-07-14,SEC-TBILL-01,SECURITY_HOLDING,GHS,10113870.34,CP-GOG,SEC-TBILL,GL-1200,2025-10-13,0.2011,10113870.34,true
2025-07-14,SEC-TBILL-02,SECURITY_HOLDING,GHS,9945036.15,CP-GOG,SEC-TBILL,GL-1200,2025-10-13,0.2011,9945036.15,true
2025-07-14,SEC-TBILL-03,SECURITY_HOLDING,GHS,9461851.35,CP-GOG,SEC-TBILL,GL-1200,2025-10-13,0.2011,9461851.35,true
2025-07-14,SEC-TBILL-04,SECURITY_HOLDING,GHS,8354737.95,CP-GOG,SEC-TBILL,GL-1200,2026-07-13,0.2011,8354737.95,true
2025-07-14,SEC-TBILL-05,SECURITY_HOLDING,GHS,4621227.59,CP-GOG,SEC-TBILL,GL-1200,2026-01-12,0.2011,4621227.59,true
2025-07-14,SEC-BOND-06,SECURITY_HOLDING,GHS,4650639.80,CP-GOG,SEC-BOND,GL-1200,2028-07-13,0.2011,4650639.80,true
2025-07-14,SEC-BOND-07,SECURITY_HOLDING,GHS,10774825.45,CP-GOG,SEC-BOND,GL-1200,2030-07-13,0.2011,10774825.45,true
2025-07-14,SEC-BOND-08,SECURITY_HOLDING,GHS,10823770.85,CP-GOG,SEC-BOND,GL-1200,2030-07-13,0.2011,10823770.85,true
2025-07-14,SEC-BOND-09,SECURITY_HOLDING,GHS,10883596.47,CP-GOG,SEC-BOND,GL-1200,2028-07-13,0.2011,10883596.47,true
2025-07-15,SEC-TBILL-00,SECURITY_HOLDING,GHS,6195304.16,CP-GOG,SEC-TBILL,GL-1200,2026-01-13,0.2740,6195304.16,true
2025-07-15,SEC-TBILL-01,SECURITY_HOLDING,GHS,9852188.21,CP-GOG,SEC-TBILL,GL-1200,2026-01-13,0.2740,9852188.21,true
2025-07-15,SEC-TBILL-02,SECURITY_HOLDING,GHS,6019647.45,CP-GOG,SEC-TBILL,GL-1200,2026-01-13,0.2740,6019647.45,true
2025-07-15,SEC-TBILL-03,SECURITY_HOLDING,GHS,5519362.76,CP-GOG,SEC-TBILL,GL-1200,2026-01-13,0.2740,5519362.76,true
2025-07-15,SEC-TBILL-04,SECURITY_HOLDING,GHS,11365092.81,CP-GOG,SEC-TBILL,GL-1200,2025-10-14,0.2740,11365092.81,true
2025-07-15,SEC-TBILL-05,SECURITY_HOLDING,GHS,7499453.74,CP-GOG,SEC-TBILL,GL-1200,2026-01-13,0.2740,7499453.74,true
2025-07-15,SEC-BOND-06,SECURITY_HOLDING,GHS,11187638.39,CP-GOG,SEC-BOND,GL-1200,2030-07-14,0.2740,11187638.39,true
2025-07-15,SEC-BOND-07,SECURITY_HOLDING,GHS,10536534.48,CP-GOG,SEC-BOND,GL-1200,2030-07-14,0.2740,10536534.48,true
2025-07-15,SEC-BOND-08,SECURITY_HOLDING,GHS,6929480.51,CP-GOG,SEC-BOND,GL-1200,2027-07-15,0.2740,6929480.51,true
2025-07-15,SEC-BOND-09,SECURITY_HOLDING,GHS,10649154.91,CP-GOG,SEC-BOND,GL-1200,2027-07-15,0.2740,10649154.91,true
2025-07-16,SEC-TBILL-00,SECURITY_HOLDING,GHS,7159113.89,CP-GOG,SEC-TBILL,GL-1200,2026-07-15,0.2250,7159113.89,true
2025-07-16,SEC-TBILL-01,SECURITY_HOLDING,GHS,7158025.72,CP-GOG,SEC-TBILL,GL-1200,2026-01-14,0.2250,7158025.72,true
2025-07-16,SEC-TBILL-02,SECURITY_HOLDING,GHS,6933573.05,CP-GOG,SEC-TBILL,GL-1200,2025-10-15,0.2250,6933573.05,true
2025-07-16,SEC-TBILL-03,SECURITY_HOLDING,GHS,10780046.38,CP-GOG,SEC-TBILL,GL-1200,2026-07-15,0.2250,10780046.38,true
2025-07-16,SEC-TBILL-04,SECURITY_HOLDING,GHS,13797052.43,CP-GOG,SEC-TBILL,GL-1200,2026-07-15,0.2250,13797052.43,true
2025-07-16,SEC-TBILL-05,SECURITY_HOLDING,GHS,8833624.27,CP-GOG,SEC-TBILL,GL-1200,2025-10-15,0.2250,8833624.27,true
2025-07-16,SEC-BOND-06,SECURITY_HOLDING,GHS,8872725.64,CP-GOG,SEC-BOND,GL-1200,2030-07-15,0.2250,8872725.64,true
2025-07-16,SEC-BOND-07,SECURITY_HOLDING,GHS,8036717.05,CP-GOG,SEC-BOND,GL-1200,2027-07-16,0.2250,8036717.05,true
2025-07-16,SEC-BOND-08,SECURITY_HOLDING,GHS,8101786.37,CP-GOG,SEC-BOND,GL-1200,2027-07-16,0.2250,8101786.37,true
2025-07-16,SEC-BOND-09,SECURITY_HOLDING,GHS,8181320.15,CP-GOG,SEC-BOND,GL-1200,2028-07-15,0.2250,8181320.15,true
2025-07-17,SEC-TBILL-00,SECURITY_HOLDING,GHS,8776614.27,CP-GOG,SEC-TBILL,GL-1200,2026-01-15,0.2180,8776614.27,true
2025-07-17,SEC-TBILL-01,SECURITY_HOLDING,GHS,8946921.60,CP-GOG,SEC-TBILL,GL-1200,2025-10-16,0.2180,8946921.60,true
2025-07-17,SEC-TBILL-02,SECURITY_HOLDING,GHS,8590655.08,CP-GOG,SEC-TBILL,GL-1200,2025-10-16,0.2180,8590655.08,true
2025-07-17,SEC-TBILL-03,SECURITY_HOLDING,GHS,11762085.45,CP-GOG,SEC-TBILL,GL-1200,2026-01-15,0.2180,11762085.45,true
2025-07-17,SEC-TBILL-04,SECURITY_HOLDING,GHS,7018707.03,CP-GOG,SEC-TBILL,GL-1200,2026-01-15,0.2180,7018707.03,true
2025-07-17,SEC-TBILL-05,SECURITY_HOLDING,GHS,10328458.31,CP-GOG,SEC-TBILL,GL-1200,2025-10-16,0.2180,10328458.31,true
2025-07-17,SEC-BOND-06,SECURITY_HOLDING,GHS,6659640.17,CP-GOG,SEC-BOND,GL-1200,2030-07-16,0.2180,6659640.17,true
2025-07-17,SEC-BOND-07,SECURITY_HOLDING,GHS,9671405.59,CP-GOG,SEC-BOND,GL-1200,2028-07-16,0.2180,9671405.59,true
2025-07-17,SEC-BOND-08,SECURITY_HOLDING,GHS,9553850.95,CP-GOG,SEC-BOND,GL-1200,2028-07-16,0.2180,9553850.95,true
2025-07-17,SEC-BOND-09,SECURITY_HOLDING,GHS,6089573.98,CP-GOG,SEC-BOND,GL-1200,2028-07-16,0.2180,6089573.98,true
2025-07-18,SEC-TBILL-00,SECURITY_HOLDING,GHS,12869486.72,CP-GOG,SEC-TBILL,GL-1200,2026-01-16,0.2109,12869486.72,true
2025-07-18,SEC-TBILL-01,SECURITY_HOLDING,GHS,12868510.00,CP-GOG,SEC-TBILL,GL-1200,2026-07-17,0.2109,12868510.00,true
2025-07-18,SEC-TBILL-02,SECURITY_HOLDING,GHS,8637961.11,CP-GOG,SEC-TBILL,GL-1200,2026-07-17,0.2109,8637961.11,true
2025-07-18,SEC-TBILL-03,SECURITY_HOLDING,GHS,12090477.63,CP-GOG,SEC-TBILL,GL-1200,2026-07-17,0.2109,12090477.63,true
2025-07-18,SEC-TBILL-04,SECURITY_HOLDING,GHS,10769396.40,CP-GOG,SEC-TBILL,GL-1200,2026-07-17,0.2109,10769396.40,true
2025-07-18,SEC-TBILL-05,SECURITY_HOLDING,GHS,6314323.86,CP-GOG,SEC-TBILL,GL-1200,2026-07-17,0.2109,6314323.86,true
2025-07-18,SEC-BOND-06,SECURITY_HOLDING,GHS,6349420.45,CP-GOG,SEC-BOND,GL-1200,2028-07-17,0.2109,6349420.45,true
2025-07-18,SEC-BOND-07,SECURITY_HOLDING,GHS,5599036.09,CP-GOG,SEC-BOND,GL-1200,2027-07-18,0.2109,5599036.09,true
2025-07-18,SEC-BOND-08,SECURITY_HOLDING,GHS,5657440.99,CP-GOG,SEC-BOND,GL-1200,2028-07-17,0.2109,5657440.99,true
2025-07-18,SEC-BOND-09,SECURITY_HOLDING,GHS,5728828.90,CP-GOG,SEC-BOND,GL-1200,2028-07-17,0.2109,5728828.90,true
2025-07-21,SEC-TBILL-00,SECURITY_HOLDING,GHS,10407481.58,CP-GOG,SEC-TBILL,GL-1200,2026-07-20,0.2259,10407481.58,true
2025-07-21,SEC-TBILL-01,SECURITY_HOLDING,GHS,6544116.50,CP-GOG,SEC-TBILL,GL-1200,2025-10-20,0.2259,6544116.50,true
2025-07-21,SEC-TBILL-02,SECURITY_HOLDING,GHS,6341620.70,CP-GOG,SEC-TBILL,GL-1200,2026-07-20,0.2259,6341620.70,true
2025-07-21,SEC-TBILL-03,SECURITY_HOLDING,GHS,9811816.34,CP-GOG,SEC-TBILL,GL-1200,2026-07-20,0.2259,9811816.34,true
2025-07-21,SEC-TBILL-04,SECURITY_HOLDING,GHS,8483970.32,CP-GOG,SEC-TBILL,GL-1200,2026-01-19,0.2259,8483970.32,true
2025-07-21,SEC-TBILL-05,SECURITY_HOLDING,GHS,12105517.42,CP-GOG,SEC-TBILL,GL-1200,2026-01-19,0.2259,12105517.42,true
2025-07-21,SEC-BOND-06,SECURITY_HOLDING,GHS,8091077.48,CP-GOG,SEC-BOND,GL-1200,2028-07-20,0.2259,8091077.48,true
2025-07-21,SEC-BOND-07,SECURITY_HOLDING,GHS,11386566.91,CP-GOG,SEC-BOND,GL-1200,2028-07-20,0.2259,11386566.91,true
2025-07-21,SEC-BOND-08,SECURITY_HOLDING,GHS,7395554.64,CP-GOG,SEC-BOND,GL-1200,2030-07-20,0.2259,7395554.64,true
2025-07-21,SEC-BOND-09,SECURITY_HOLDING,GHS,7467308.10,CP-GOG,SEC-BOND,GL-1200,2027-07-21,0.2259,7467308.10,true
2025-07-22,SEC-TBILL-00,SECURITY_HOLDING,GHS,5350570.73,CP-GOG,SEC-TBILL,GL-1200,2026-07-21,0.2188,5350570.73,true
2025-07-22,SEC-TBILL-01,SECURITY_HOLDING,GHS,9369241.40,CP-GOG,SEC-TBILL,GL-1200,2026-01-20,0.2188,9369241.40,true
2025-07-22,SEC-TBILL-02,SECURITY_HOLDING,GHS,8999418.89,CP-GOG,SEC-TBILL,GL-1200,2026-01-20,0.2188,8999418.89,true
2025-07-22,SEC-TBILL-03,SECURITY_HOLDING,GHS,12291522.64,CP-GOG,SEC-TBILL,GL-1200,2026-01-20,0.2188,12291522.64,true
2025-07-22,SEC-TBILL-04,SECURITY_HOLDING,GHS,7367657.99,CP-GOG,SEC-TBILL,GL-1200,2025-10-21,0.2188,7367657.99,true
2025-07-22,SEC-TBILL-05,SECURITY_HOLDING,GHS,6783743.77,CP-GOG,SEC-TBILL,GL-1200,2026-07-21,0.2188,6783743.77,true
2025-07-22,SEC-BOND-06,SECURITY_HOLDING,GHS,10836811.70,CP-GOG,SEC-BOND,GL-1200,2030-07-21,0.2188,10836811.70,true
2025-07-22,SEC-BOND-07,SECURITY_HOLDING,GHS,10121292.11,CP-GOG,SEC-BOND,GL-1200,2028-07-21,0.2188,10121292.11,true
2025-07-22,SEC-BOND-08,SECURITY_HOLDING,GHS,6157381.37,CP-GOG,SEC-BOND,GL-1200,2027-07-22,0.2188,6157381.37,true
2025-07-22,SEC-BOND-09,SECURITY_HOLDING,GHS,10245054.42,CP-GOG,SEC-BOND,GL-1200,2027-07-22,0.2188,10245054.42,true
2025-07-23,SEC-TBILL-00,SECURITY_HOLDING,GHS,12286305.90,CP-GOG,SEC-TBILL,GL-1200,2026-01-21,0.2099,12286305.90,true
2025-07-23,SEC-TBILL-01,SECURITY_HOLDING,GHS,12285379.62,CP-GOG,SEC-TBILL,GL-1200,2025-10-22,0.2099,12285379.62,true
2025-07-23,SEC-TBILL-02,SECURITY_HOLDING,GHS,12094319.75,CP-GOG,SEC-TBILL,GL-1200,2026-07-22,0.2099,12094319.75,true
2025-07-23,SEC-TBILL-03,SECURITY_HOLDING,GHS,11547527.49,CP-GOG,SEC-TBILL,GL-1200,2026-01-21,0.2099,11547527.49,true
2025-07-23,SEC-TBILL-04,SECURITY_HOLDING,GHS,10294671.38,CP-GOG,SEC-TBILL,GL-1200,2026-01-21,0.2099,10294671.38,true
2025-07-23,SEC-TBILL-05,SECURITY_HOLDING,GHS,6069673.93,CP-GOG,SEC-TBILL,GL-1200,2026-01-21,0.2099,6069673.93,true
2025-07-23,SEC-BOND-06,SECURITY_HOLDING,GHS,6102958.02,CP-GOG,SEC-BOND,GL-1200,2027-07-23,0.2099,6102958.02,true
2025-07-23,SEC-BOND-07,SECURITY_HOLDING,GHS,5391326.05,CP-GOG,SEC-BOND,GL-1200,2027-07-23,0.2099,5391326.05,true
2025-07-23,SEC-BOND-08,SECURITY_HOLDING,GHS,5446714.73,CP-GOG,SEC-BOND,GL-1200,2030-07-22,0.2099,5446714.73,true
2025-07-23,SEC-BOND-09,SECURITY_HOLDING,GHS,5514415.92,CP-GOG,SEC-BOND,GL-1200,2030-07-22,0.2099,5514415.92,true
2025-07-24,SEC-TBILL-00,SECURITY_HOLDING,GHS,7552571.09,CP-GOG,SEC-TBILL,GL-1200,2026-07-23,0.2028,7552571.09,true
2025-07-24,SEC-TBILL-01,SECURITY_HOLDING,GHS,11518551.04,CP-GOG,SEC-TBILL,GL-1200,2026-01-22,0.2028,11518551.04,true
2025-07-24,SEC-TBILL-02,SECURITY_HOLDING,GHS,7362067.10,CP-GOG,SEC-TBILL,GL-1200,2025-10-23,0.2028,7362067.10,true
2025-07-24,SEC-TBILL-03,SECURITY_HOLDING,GHS,6819496.15,CP-GOG,SEC-TBILL,GL-1200,2025-10-23,0.2028,6819496.15,true
2025-07-24,SEC-TBILL-04,SECURITY_HOLDING,GHS,9543211.35,CP-GOG,SEC-TBILL,GL-1200,2026-01-22,0.2028,9543211.35,true
2025-07-24,SEC-TBILL-05,SECURITY_HOLDING,GHS,5350831.49,CP-GOG,SEC-TBILL,GL-1200,2026-07-23,0.2028,5350831.49,true
2025-07-24,SEC-BOND-06,SECURITY_HOLDING,GHS,5383858.62,CP-GOG,SEC-BOND,GL-1200,2028-07-23,0.2028,5383858.62,true
2025-07-24,SEC-BOND-07,SECURITY_HOLDING,GHS,12260741.26,CP-GOG,SEC-BOND,GL-1200,2030-07-23,0.2028,12260741.26,true
2025-07-24,SEC-BOND-08,SECURITY_HOLDING,GHS,8348803.25,CP-GOG,SEC-BOND,GL-1200,2028-07-23,0.2028,8348803.25,true
2025-07-24,SEC-BOND-09,SECURITY_HOLDING,GHS,12382880.86,CP-GOG,SEC-BOND,GL-1200,2028-07-23,0.2028,12382880.86,true
2025-07-25,SEC-TBILL-00,SECURITY_HOLDING,GHS,7742030.04,CP-GOG,SEC-TBILL,GL-1200,2026-01-23,0.2757,7742030.04,true
2025-07-25,SEC-TBILL-01,SECURITY_HOLDING,GHS,7740995.84,CP-GOG,SEC-TBILL,GL-1200,2026-07-24,0.2757,7740995.84,true
2025-07-25,SEC-TBILL-02,SECURITY_HOLDING,GHS,7527675.14,CP-GOG,SEC-TBILL,GL-1200,2026-07-24,0.2757,7527675.14,true
2025-07-25,SEC-TBILL-03,SECURITY_HOLDING,GHS,11183378.50,CP-GOG,SEC-TBILL,GL-1200,2026-07-24,0.2757,11183378.50,true
2025-07-25,SEC-TBILL-04,SECURITY_HOLDING,GHS,9784549.25,CP-GOG,SEC-TBILL,GL-1200,2026-01-23,0.2757,9784549.25,true
2025-07-25,SEC-TBILL-05,SECURITY_HOLDING,GHS,9333491.28,CP-GOG,SEC-TBILL,GL-1200,2026-01-23,0.2757,9333491.28,true
2025-07-25,SEC-BOND-06,SECURITY_HOLDING,GHS,9370653.37,CP-GOG,SEC-BOND,GL-1200,2027-07-25,0.2757,9370653.37,true
2025-07-25,SEC-BOND-07,SECURITY_HOLDING,GHS,8576107.53,CP-GOG,SEC-BOND,GL-1200,2027-07-25,0.2757,8576107.53,true
2025-07-25,SEC-BOND-08,SECURITY_HOLDING,GHS,8637949.67,CP-GOG,SEC-BOND,GL-1200,2027-07-25,0.2757,8637949.67,true
2025-07-25,SEC-BOND-09,SECURITY_HOLDING,GHS,8713538.88,CP-GOG,SEC-BOND,GL-1200,2027-07-25,0.2757,8713538.88,true
2025-07-28,SEC-TBILL-00,SECURITY_HOLDING,GHS,8691455.11,CP-GOG,SEC-TBILL,GL-1200,2026-01-26,0.2107,8691455.11,true
2025-07-28,SEC-TBILL-01,SECURITY_HOLDING,GHS,12841798.79,CP-GOG,SEC-TBILL,GL-1200,2026-01-26,0.2107,12841798.79,true
2025-07-28,SEC-TBILL-02,SECURITY_HOLDING,GHS,12643400.83,CP-GOG,SEC-TBILL,GL-1200,2025-10-27,0.2107,12643400.83,true
2025-07-28,SEC-TBILL-03,SECURITY_HOLDING,GHS,12075607.76,CP-GOG,SEC-TBILL,GL-1200,2026-07-27,0.2107,12075607.76,true
2025-07-28,SEC-TBILL-04,SECURITY_HOLDING,GHS,10774632.87,CP-GOG,SEC-TBILL,GL-1200,2026-07-27,0.2107,10774632.87,true
2025-07-28,SEC-TBILL-05,SECURITY_HOLDING,GHS,6387364.78,CP-GOG,SEC-TBILL,GL-1200,2025-10-27,0.2107,6387364.78,true
2025-07-28,SEC-BOND-06,SECURITY_HOLDING,GHS,6421927.22,CP-GOG,SEC-BOND,GL-1200,2028-07-27,0.2107,6421927.22,true
2025-07-28,SEC-BOND-07,SECURITY_HOLDING,GHS,5682963.41,CP-GOG,SEC-BOND,GL-1200,2030-07-27,0.2107,5682963.41,true
2025-07-28,SEC-BOND-08,SECURITY_HOLDING,GHS,5740479.42,CP-GOG,SEC-BOND,GL-1200,2027-07-28,0.2107,5740479.42,true
2025-07-28,SEC-BOND-09,SECURITY_HOLDING,GHS,5810780.83,CP-GOG,SEC-BOND,GL-1200,2028-07-27,0.2107,5810780.83,true
2025-07-29,SEC-TBILL-00,SECURITY_HOLDING,GHS,7265453.17,CP-GOG,SEC-TBILL,GL-1200,2026-07-28,0.2036,7265453.17,true
2025-07-29,SEC-TBILL-01,SECURITY_HOLDING,GHS,11040271.23,CP-GOG,SEC-TBILL,GL-1200,2026-07-28,0.2036,11040271.23,true
2025-07-29,SEC-TBILL-02,SECURITY_HOLDING,GHS,7084131.55,CP-GOG,SEC-TBILL,GL-1200,2026-07-28,0.2036,7084131.55,true
2025-07-29,SEC-TBILL-03,SECURITY_HOLDING,GHS,10176470.72,CP-GOG,SEC-TBILL,GL-1200,2025-10-28,0.2036,10176470.72,true
2025-07-29,SEC-TBILL-04,SECURITY_HOLDING,GHS,5551385.77,CP-GOG,SEC-TBILL,GL-1200,2025-10-28,0.2036,5551385.77,true
2025-07-29,SEC-TBILL-05,SECURITY_HOLDING,GHS,8611661.39,CP-GOG,SEC-TBILL,GL-1200,2026-07-28,0.2036,8611661.39,true
2025-07-29,SEC-BOND-06,SECURITY_HOLDING,GHS,5201273.55,CP-GOG,SEC-BOND,GL-1200,2027-07-29,0.2036,5201273.55,true
2025-07-29,SEC-BOND-07,SECURITY_HOLDING,GHS,11746687.57,CP-GOG,SEC-BOND,GL-1200,2030-07-28,0.2036,11746687.57,true
2025-07-29,SEC-BOND-08,SECURITY_HOLDING,GHS,8023306.61,CP-GOG,SEC-BOND,GL-1200,2030-07-28,0.2036,8023306.61,true
2025-07-29,SEC-BOND-09,SECURITY_HOLDING,GHS,11862939.99,CP-GOG,SEC-BOND,GL-1200,2030-07-28,0.2036,11862939.99,true
2025-07-30,SEC-TBILL-00,SECURITY_HOLDING,GHS,9662611.76,CP-GOG,SEC-TBILL,GL-1200,2026-07-29,0.2347,9662611.76,true
2025-07-30,SEC-TBILL-01,SECURITY_HOLDING,GHS,9661785.83,CP-GOG,SEC-TBILL,GL-1200,2026-01-28,0.2347,9661785.83,true
2025-07-30,SEC-TBILL-02,SECURITY_HOLDING,GHS,6084357.06,CP-GOG,SEC-TBILL,GL-1200,2025-10-29,0.2347,6084357.06,true
2025-07-30,SEC-TBILL-03,SECURITY_HOLDING,GHS,9003867.56,CP-GOG,SEC-TBILL,GL-1200,2026-01-28,0.2347,9003867.56,true
2025-07-30,SEC-TBILL-04,SECURITY_HOLDING,GHS,7886737.34,CP-GOG,SEC-TBILL,GL-1200,2026-07-29,0.2347,7886737.34,true
2025-07-30,SEC-TBILL-05,SECURITY_HOLDING,GHS,10933581.35,CP-GOG,SEC-TBILL,GL-1200,2025-10-29,0.2347,10933581.35,true
2025-07-30,SEC-BOND-06,SECURITY_HOLDING,GHS,7556192.65,CP-GOG,SEC-BOND,GL-1200,2030-07-29,0.2347,7556192.65,true
2025-07-30,SEC-BOND-07,SECURITY_HOLDING,GHS,10328721.05,CP-GOG,SEC-BOND,GL-1200,2030-07-29,0.2347,10328721.05,true
2025-07-30,SEC-BOND-08,SECURITY_HOLDING,GHS,10378109.30,CP-GOG,SEC-BOND,GL-1200,2027-07-30,0.2347,10378109.30,true
2025-07-30,SEC-BOND-09,SECURITY_HOLDING,GHS,7031409.19,CP-GOG,SEC-BOND,GL-1200,2027-07-30,0.2347,7031409.19,true
2025-07-31,SEC-TBILL-00,SECURITY_HOLDING,GHS,6354125.98,CP-GOG,SEC-TBILL,GL-1200,2026-07-30,0.2676,6354125.98,true
2025-07-31,SEC-TBILL-01,SECURITY_HOLDING,GHS,10475849.05,CP-GOG,SEC-TBILL,GL-1200,2026-07-30,0.2676,10475849.05,true
2025-07-31,SEC-TBILL-02,SECURITY_HOLDING,GHS,6156140.94,CP-GOG,SEC-TBILL,GL-1200,2025-10-30,0.2676,6156140.94,true
2025-07-31,SEC-TBILL-03,SECURITY_HOLDING,GHS,5592263.35,CP-GOG,SEC-TBILL,GL-1200,2025-10-30,0.2676,5592263.35,true
2025-07-31,SEC-TBILL-04,SECURITY_HOLDING,GHS,8422938.23,CP-GOG,SEC-TBILL,GL-1200,2026-07-30,0.2676,8422938.23,true
2025-07-31,SEC-TBILL-05,SECURITY_HOLDING,GHS,11946728.76,CP-GOG,SEC-TBILL,GL-1200,2026-07-30,0.2676,11946728.76,true
2025-07-31,SEC-BOND-06,SECURITY_HOLDING,GHS,11981052.86,CP-GOG,SEC-BOND,GL-1200,2028-07-30,0.2676,11981052.86,true
2025-07-31,SEC-BOND-07,SECURITY_HOLDING,GHS,11247184.91,CP-GOG,SEC-BOND,GL-1200,2027-07-31,0.2676,11247184.91,true
2025-07-31,SEC-BOND-08,SECURITY_HOLDING,GHS,7181625.99,CP-GOG,SEC-BOND,GL-1200,2028-07-30,0.2676,7181625.99,true
2025-07-31,SEC-BOND-09,SECURITY_HOLDING,GHS,11374120.90,CP-GOG,SEC-BOND,GL-1200,2030-07-30,0.2676,11374120.90,true
2025-08-01,SEC-TBILL-00,SECURITY_HOLDING,GHS,6615216.07,CP-GOG,SEC-TBILL,GL-1200,2026-01-30,0.2605,6615216.07,true
2025-08-01,SEC-TBILL-01,SECURITY_HOLDING,GHS,6614098.81,CP-GOG,SEC-TBILL,GL-1200,2025-10-31,0.2605,6614098.81,true
2025-08-01,SEC-TBILL-02,SECURITY_HOLDING,GHS,6383644.14,CP-GOG,SEC-TBILL,GL-1200,2026-01-30,0.2605,6383644.14,true
2025-08-01,SEC-TBILL-03,SECURITY_HOLDING,GHS,14941840.55,CP-GOG,SEC-TBILL,GL-1200,2026-07-31,0.2605,14941840.55,true
2025-08-01,SEC-TBILL-04,SECURITY_HOLDING,GHS,13430657.01,CP-GOG,SEC-TBILL,GL-1200,2026-01-30,0.2605,13430657.01,true
2025-08-01,SEC-TBILL-05,SECURITY_HOLDING,GHS,8334503.85,CP-GOG,SEC-TBILL,GL-1200,2025-10-31,0.2605,8334503.85,true
2025-08-01,SEC-BOND-06,SECURITY_HOLDING,GHS,8374650.81,CP-GOG,SEC-BOND,GL-1200,2030-07-31,0.2605,8374650.81,true
2025-08-01,SEC-BOND-07,SECURITY_HOLDING,GHS,7516286.86,CP-GOG,SEC-BOND,GL-1200,2028-07-31,0.2605,7516286.86,true
2025-08-01,SEC-BOND-08,SECURITY_HOLDING,GHS,7583096.18,CP-GOG,SEC-BOND,GL-1200,2028-07-31,0.2605,7583096.18,true
2025-08-01,SEC-BOND-09,SECURITY_HOLDING,GHS,7664756.73,CP-GOG,SEC-BOND,GL-1200,2030-07-31,0.2605,7664756.73,true
2025-08-04,SEC-TBILL-00,SECURITY_HOLDING,GHS,5527255.50,CP-GOG,SEC-TBILL,GL-1200,2026-08-03,0.2755,5527255.50,true
2025-08-04,SEC-TBILL-01,SECURITY_HOLDING,GHS,8719557.07,CP-GOG,SEC-TBILL,GL-1200,2026-02-02,0.2755,8719557.07,true
2025-08-04,SEC-TBILL-02,SECURITY_HOLDING,GHS,8566956.19,CP-GOG,SEC-TBILL,GL-1200,2026-02-02,0.2755,8566956.19,true
2025-08-04,SEC-TBILL-03,SECURITY_HOLDING,GHS,8130229.30,CP-GOG,SEC-TBILL,GL-1200,2026-08-03,0.2755,8130229.30,true
2025-08-04,SEC-TBILL-04,SECURITY_HOLDING,GHS,7129564.17,CP-GOG,SEC-TBILL,GL-1200,2025-11-03,0.2755,7129564.17,true
2025-08-04,SEC-TBILL-05,SECURITY_HOLDING,GHS,9858763.06,CP-GOG,SEC-TBILL,GL-1200,2025-11-03,0.2755,9858763.06,true
2025-08-04,SEC-BOND-06,SECURITY_HOLDING,GHS,9885347.30,CP-GOG,SEC-BOND,GL-1200,2028-08-03,0.2755,9885347.30,true
2025-08-04,SEC-BOND-07,SECURITY_HOLDING,GHS,9316961.76,CP-GOG,SEC-BOND,GL-1200,2027-08-04,0.2755,9316961.76,true
2025-08-04,SEC-BOND-08,SECURITY_HOLDING,GHS,9361201.09,CP-GOG,SEC-BOND,GL-1200,2028-08-03,0.2755,9361201.09,true
2025-08-04,SEC-BOND-09,SECURITY_HOLDING,GHS,9415274.52,CP-GOG,SEC-BOND,GL-1200,2030-08-03,0.2755,9415274.52,true
2025-08-05,SEC-TBILL-00,SECURITY_HOLDING,GHS,6676627.18,CP-GOG,SEC-TBILL,GL-1200,2026-02-03,0.2685,6676627.18,true
2025-08-05,SEC-TBILL-01,SECURITY_HOLDING,GHS,10951047.96,CP-GOG,SEC-TBILL,GL-1200,2026-08-04,0.2685,10951047.96,true
2025-08-05,SEC-TBILL-02,SECURITY_HOLDING,GHS,6471307.38,CP-GOG,SEC-TBILL,GL-1200,2025-11-04,0.2685,6471307.38,true
2025-08-05,SEC-TBILL-03,SECURITY_HOLDING,GHS,5886539.79,CP-GOG,SEC-TBILL,GL-1200,2026-02-03,0.2685,5886539.79,true
2025-08-05,SEC-TBILL-04,SECURITY_HOLDING,GHS,8822082.83,CP-GOG,SEC-TBILL,GL-1200,2025-11-04,0.2685,8822082.83,true
2025-08-05,SEC-TBILL-05,SECURITY_HOLDING,GHS,8201008.04,CP-GOG,SEC-TBILL,GL-1200,2026-02-03,0.2685,8201008.04,true
2025-08-05,SEC-BOND-06,SECURITY_HOLDING,GHS,12512015.14,CP-GOG,SEC-BOND,GL-1200,2027-08-05,0.2685,12512015.14,true
2025-08-05,SEC-BOND-07,SECURITY_HOLDING,GHS,11750959.55,CP-GOG,SEC-BOND,GL-1200,2030-08-04,0.2685,11750959.55,true
2025-08-05,SEC-BOND-08,SECURITY_HOLDING,GHS,7534783.64,CP-GOG,SEC-BOND,GL-1200,2027-08-05,0.2685,7534783.64,true
2025-08-05,SEC-BOND-09,SECURITY_HOLDING,GHS,11882598.14,CP-GOG,SEC-BOND,GL-1200,2027-08-05,0.2685,11882598.14,true
2025-08-06,SEC-TBILL-00,SECURITY_HOLDING,GHS,7003758.54,CP-GOG,SEC-TBILL,GL-1200,2026-02-04,0.2614,7003758.54,true
2025-08-06,SEC-TBILL-01,SECURITY_HOLDING,GHS,7002592.96,CP-GOG,SEC-TBILL,GL-1200,2025-11-05,0.2614,7002592.96,true
2025-08-06,SEC-TBILL-02,SECURITY_HOLDING,GHS,6762172.86,CP-GOG,SEC-TBILL,GL-1200,2025-11-05,0.2614,6762172.86,true
2025-08-06,SEC-TBILL-03,SECURITY_HOLDING,GHS,10882282.05,CP-GOG,SEC-TBILL,GL-1200,2025-11-05,0.2614,10882282.05,true
2025-08-06,SEC-TBILL-04,SECURITY_HOLDING,GHS,14113916.13,CP-GOG,SEC-TBILL,GL-1200,2025-11-05,0.2614,14113916.13,true
2025-08-06,SEC-TBILL-05,SECURITY_HOLDING,GHS,8797392.61,CP-GOG,SEC-TBILL,GL-1200,2025-11-05,0.2614,8797392.61,true
2025-08-06,SEC-BOND-06,SECURITY_HOLDING,GHS,8839275.62,CP-GOG,SEC-BOND,GL-1200,2027-08-06,0.2614,8839275.62,true
2025-08-06,SEC-BOND-07,SECURITY_HOLDING,GHS,7943793.88,CP-GOG,SEC-BOND,GL-1200,2027-08-06,0.2614,7943793.88,true
2025-08-06,SEC-BOND-08,SECURITY_HOLDING,GHS,8013492.19,CP-GOG,SEC-BOND,GL-1200,2030-08-05,0.2614,8013492.19,true
2025-08-06,SEC-BOND-09,SECURITY_HOLDING,GHS,8098683.96,CP-GOG,SEC-BOND,GL-1200,2030-08-05,0.2614,8098683.96,true
2025-08-07,SEC-TBILL-00,SECURITY_HOLDING,GHS,8739450.02,CP-GOG,SEC-TBILL,GL-1200,2025-11-06,0.2124,8739450.02,true
2025-08-07,SEC-TBILL-01,SECURITY_HOLDING,GHS,8919533.72,CP-GOG,SEC-TBILL,GL-1200,2026-02-05,0.2124,8919533.72,true
2025-08-07,SEC-TBILL-02,SECURITY_HOLDING,GHS,8542815.97,CP-GOG,SEC-TBILL,GL-1200,2026-02-05,0.2124,8542815.97,true
2025-08-07,SEC-TBILL-03,SECURITY_HOLDING,GHS,11896300.05,CP-GOG,SEC-TBILL,GL-1200,2025-11-06,0.2124,11896300.05,true
2025-08-07,SEC-TBILL-04,SECURITY_HOLDING,GHS,6880631.36,CP-GOG,SEC-TBILL,GL-1200,2026-02-05,0.2124,6880631.36,true
2025-08-07,SEC-TBILL-05,SECURITY_HOLDING,GHS,10380376.56,CP-GOG,SEC-TBILL,GL-1200,2026-08-06,0.2124,10380376.56,true
2025-08-07,SEC-BOND-06,SECURITY_HOLDING,GHS,6500952.52,CP-GOG,SEC-BOND,GL-1200,2027-08-07,0.2124,6500952.52,true
2025-08-07,SEC-BOND-07,SECURITY_HOLDING,GHS,9685606.20,CP-GOG,SEC-BOND,GL-1200,2028-08-06,0.2124,9685606.20,true
2025-08-07,SEC-BOND-08,SECURITY_HOLDING,GHS,9561303.41,CP-GOG,SEC-BOND,GL-1200,2027-08-07,0.2124,9561303.41,true
2025-08-07,SEC-BOND-09,SECURITY_HOLDING,GHS,5898162.09,CP-GOG,SEC-BOND,GL-1200,2030-08-06,0.2124,5898162.09,true
2025-08-08,SEC-TBILL-00,SECURITY_HOLDING,GHS,9715479.99,CP-GOG,SEC-TBILL,GL-1200,2025-11-07,0.2053,9715479.99,true
2025-08-08,SEC-TBILL-01,SECURITY_HOLDING,GHS,9714709.29,CP-GOG,SEC-TBILL,GL-1200,2026-08-07,0.2053,9714709.29,true
2025-08-08,SEC-TBILL-02,SECURITY_HOLDING,GHS,9555739.45,CP-GOG,SEC-TBILL,GL-1200,2025-11-07,0.2053,9555739.45,true
2025-08-08,SEC-TBILL-03,SECURITY_HOLDING,GHS,9100785.33,CP-GOG,SEC-TBILL,GL-1200,2025-11-07,0.2053,9100785.33,true
2025-08-08,SEC-TBILL-04,SECURITY_HOLDING,GHS,8058356.45,CP-GOG,SEC-TBILL,GL-1200,2026-08-07,0.2053,8058356.45,true
2025-08-08,SEC-TBILL-05,SECURITY_HOLDING,GHS,4542981.20,CP-GOG,SEC-TBILL,GL-1200,2026-02-06,0.2053,4542981.20,true
2025-08-08,SEC-BOND-06,SECURITY_HOLDING,GHS,4570674.96,CP-GOG,SEC-BOND,GL-1200,2027-08-08,0.2053,4570674.96,true
2025-08-08,SEC-BOND-07,SECURITY_HOLDING,GHS,10337047.25,CP-GOG,SEC-BOND,GL-1200,2030-08-07,0.2053,10337047.25,true
2025-08-08,SEC-BOND-08,SECURITY_HOLDING,GHS,10383132.95,CP-GOG,SEC-BOND,GL-1200,2030-08-07,0.2053,10383132.95,true
2025-08-08,SEC-BOND-09,SECURITY_HOLDING,GHS,10439463.19,CP-GOG,SEC-BOND,GL-1200,2030-08-07,0.2053,10439463.19,true
2025-08-11,SEC-TBILL-00,SECURITY_HOLDING,GHS,6664625.07,CP-GOG,SEC-TBILL,GL-1200,2026-08-10,0.2204,6664625.07,true
2025-08-11,SEC-TBILL-01,SECURITY_HOLDING,GHS,6663531.93,CP-GOG,SEC-TBILL,GL-1200,2026-02-09,0.2204,6663531.93,true
2025-08-11,SEC-TBILL-02,SECURITY_HOLDING,GHS,6438052.74,CP-GOG,SEC-TBILL,GL-1200,2026-08-10,0.2204,6438052.74,true
2025-08-11,SEC-TBILL-03,SECURITY_HOLDING,GHS,10302117.70,CP-GOG,SEC-TBILL,GL-1200,2026-02-09,0.2204,10302117.70,true
2025-08-11,SEC-TBILL-04,SECURITY_HOLDING,GHS,8823560.34,CP-GOG,SEC-TBILL,GL-1200,2025-11-10,0.2204,8823560.34,true
2025-08-11,SEC-TBILL-05,SECURITY_HOLDING,GHS,12856155.25,CP-GOG,SEC-TBILL,GL-1200,2025-11-10,0.2204,12856155.25,true
2025-08-11,SEC-BOND-06,SECURITY_HOLDING,GHS,8386073.93,CP-GOG,SEC-BOND,GL-1200,2028-08-10,0.2204,8386073.93,true
2025-08-11,SEC-BOND-07,SECURITY_HOLDING,GHS,12055603.42,CP-GOG,SEC-BOND,GL-1200,2030-08-10,0.2204,12055603.42,true
2025-08-11,SEC-BOND-08,SECURITY_HOLDING,GHS,7611608.82,CP-GOG,SEC-BOND,GL-1200,2027-08-11,0.2204,7611608.82,true
2025-08-11,SEC-BOND-09,SECURITY_HOLDING,GHS,7691506.34,CP-GOG,SEC-BOND,GL-1200,2027-08-11,0.2204,7691506.34,true
2025-08-12,SEC-TBILL-00,SECURITY_HOLDING,GHS,11945458.63,CP-GOG,SEC-TBILL,GL-1200,2026-08-11,0.2133,11945458.63,true
2025-08-12,SEC-TBILL-01,SECURITY_HOLDING,GHS,8443871.81,CP-GOG,SEC-TBILL,GL-1200,2026-08-11,0.2133,8443871.81,true
2025-08-12,SEC-TBILL-02,SECURITY_HOLDING,GHS,8090547.98,CP-GOG,SEC-TBILL,GL-1200,2026-02-10,0.2133,8090547.98,true
2025-08-12,SEC-TBILL-03,SECURITY_HOLDING,GHS,11235783.04,CP-GOG,SEC-TBILL,GL-1200,2026-08-11,0.2133,11235783.04,true
2025-08-12,SEC-TBILL-04,SECURITY_HOLDING,GHS,6531583.87,CP-GOG,SEC-TBILL,GL-1200,2025-11-11,0.2133,6531583.87,true
2025-08-12,SEC-TBILL-05,SECURITY_HOLDING,GHS,9813997.34,CP-GOG,SEC-TBILL,GL-1200,2026-08-11,0.2133,9813997.34,true
2025-08-12,SEC-BOND-06,SECURITY_HOLDING,GHS,9845970.26,CP-GOG,SEC-BOND,GL-1200,2028-08-11,0.2133,9845970.26,true
2025-08-12,SEC-BOND-07,SECURITY_HOLDING,GHS,9162371.73,CP-GOG,SEC-BOND,GL-1200,2030-08-11,0.2133,9162371.73,true
2025-08-12,SEC-BOND-08,SECURITY_HOLDING,GHS,5375300.61,CP-GOG,SEC-BOND,GL-1200,2027-08-12,0.2133,5375300.61,true
2025-08-12,SEC-BOND-09,SECURITY_HOLDING,GHS,9280612.70,CP-GOG,SEC-BOND,GL-1200,2028-08-11,0.2133,9280612.70,true
2025-08-13,SEC-TBILL-00,SECURITY_HOLDING,GHS,9720263.89,CP-GOG,SEC-TBILL,GL-1200,2026-02-11,0.2462,9720263.89,true
2025-08-13,SEC-TBILL-01,SECURITY_HOLDING,GHS,9719498.15,CP-GOG,SEC-TBILL,GL-1200,2026-08-12,0.2462,9719498.15,true
2025-08-13,SEC-TBILL-02,SECURITY_HOLDING,GHS,9561551.69,CP-GOG,SEC-TBILL,GL-1200,2026-02-11,0.2462,9561551.69,true
2025-08-13,SEC-TBILL-03,SECURITY_HOLDING,GHS,9109526.37,CP-GOG,SEC-TBILL,GL-1200,2026-08-12,0.2462,9109526.37,true
2025-08-13,SEC-TBILL-04,SECURITY_HOLDING,GHS,8073808.19,CP-GOG,SEC-TBILL,GL-1200,2025-11-12,0.2462,8073808.19,true
2025-08-13,SEC-TBILL-05,SECURITY_HOLDING,GHS,4581063.40,CP-GOG,SEC-TBILL,GL-1200,2025-11-12,0.2462,4581063.40,true
2025-08-13,SEC-BOND-06,SECURITY_HOLDING,GHS,4608578.88,CP-GOG,SEC-BOND,GL-1200,2030-08-12,0.2462,4608578.88,true
2025-08-13,SEC-BOND-07,SECURITY_HOLDING,GHS,10337829.77,CP-GOG,SEC-BOND,GL-1200,2027-08-13,0.2462,10337829.77,true
2025-08-13,SEC-BOND-08,SECURITY_HOLDING,GHS,10383618.79,CP-GOG,SEC-BOND,GL-1200,2027-08-13,0.2462,10383618.79,true
2025-08-13,SEC-BOND-09,SECURITY_HOLDING,GHS,10439586.40,CP-GOG,SEC-BOND,GL-1200,2028-08-12,0.2462,10439586.40,true
2025-08-14,SEC-TBILL-00,SECURITY_HOLDING,GHS,6023547.29,CP-GOG,SEC-TBILL,GL-1200,2026-02-12,0.2772,6023547.29,true
2025-08-14,SEC-TBILL-01,SECURITY_HOLDING,GHS,9422482.42,CP-GOG,SEC-TBILL,GL-1200,2025-11-13,0.2772,9422482.42,true
2025-08-14,SEC-TBILL-02,SECURITY_HOLDING,GHS,5860281.03,CP-GOG,SEC-TBILL,GL-1200,2025-11-13,0.2772,5860281.03,true
2025-08-14,SEC-TBILL-03,SECURITY_HOLDING,GHS,5395285.37,CP-GOG,SEC-TBILL,GL-1200,2026-02-12,0.2772,5395285.37,true
2025-08-14,SEC-TBILL-04,SECURITY_HOLDING,GHS,7729571.32,CP-GOG,SEC-TBILL,GL-1200,2026-08-13,0.2772,7729571.32,true
2025-08-14,SEC-TBILL-05,SECURITY_HOLDING,GHS,10635427.73,CP-GOG,SEC-TBILL,GL-1200,2025-11-13,0.2772,10635427.73,true
2025-08-14,SEC-BOND-06,SECURITY_HOLDING,GHS,10663732.74,CP-GOG,SEC-BOND,GL-1200,2028-08-13,0.2772,10663732.74,true
2025-08-14,SEC-BOND-07,SECURITY_HOLDING,GHS,10058556.34,CP-GOG,SEC-BOND,GL-1200,2028-08-13,0.2772,10058556.34,true
2025-08-14,SEC-BOND-08,SECURITY_HOLDING,GHS,10105659.22,CP-GOG,SEC-BOND,GL-1200,2027-08-14,0.2772,10105659.22,true
2025-08-14,SEC-BOND-09,SECURITY_HOLDING,GHS,10163232.75,CP-GOG,SEC-BOND,GL-1200,2030-08-13,0.2772,10163232.75,true
2025-08-15,SEC-TBILL-00,SECURITY_HOLDING,GHS,6278110.90,CP-GOG,SEC-TBILL,GL-1200,2026-02-13,0.2702,6278110.90,true
2025-08-15,SEC-TBILL-01,SECURITY_HOLDING,GHS,10195198.67,CP-GOG,SEC-TBILL,GL-1200,2026-02-13,0.2702,10195198.67,true
2025-08-15,SEC-TBILL-02,SECURITY_HOLDING,GHS,6089955.43,CP-GOG,SEC-TBILL,GL-1200,2026-02-13,0.2702,6089955.43,true
2025-08-15,SEC-TBILL-03,SECURITY_HOLDING,GHS,9298842.25,CP-GOG,SEC-TBILL,GL-1200,2026-02-13,0.2702,9298842.25,true
2025-08-15,SEC-TBILL-04,SECURITY_HOLDING,GHS,8070984.21,CP-GOG,SEC-TBILL,GL-1200,2026-08-14,0.2702,8070984.21,true
2025-08-15,SEC-TBILL-05,SECURITY_HOLDING,GHS,7675056.58,CP-GOG,SEC-TBILL,GL-1200,2026-02-13,0.2702,7675056.58,true
2025-08-15,SEC-BOND-06,SECURITY_HOLDING,GHS,11625672.12,CP-GOG,SEC-BOND,GL-1200,2027-08-15,0.2702,11625672.12,true
2025-08-15,SEC-BOND-07,SECURITY_HOLDING,GHS,10755012.70,CP-GOG,SEC-BOND,GL-1200,2030-08-14,0.2702,10755012.70,true
2025-08-15,SEC-BOND-08,SECURITY_HOLDING,GHS,7064527.20,CP-GOG,SEC-BOND,GL-1200,2030-08-14,0.2702,7064527.20,true
2025-08-15,SEC-BOND-09,SECURITY_HOLDING,GHS,11048873.12,CP-GOG,SEC-BOND,GL-1200,2030-08-14,0.2702,11048873.12,true
2025-08-18,SEC-TBILL-00,SECURITY_HOLDING,GHS,9726557.06,CP-GOG,SEC-TBILL,GL-1200,2026-02-16,0.2052,9726557.06,true
2025-08-18,SEC-TBILL-01,SECURITY_HOLDING,GHS,9725796.10,CP-GOG,SEC-TBILL,GL-1200,2026-02-16,0.2052,9725796.10,true
2025-08-18,SEC-TBILL-02,SECURITY_HOLDING,GHS,9568834.59,CP-GOG,SEC-TBILL,GL-1200,2025-11-17,0.2052,9568834.59,true
2025-08-18,SEC-TBILL-03,SECURITY_HOLDING,GHS,9119628.06,CP-GOG,SEC-TBILL,GL-1200,2026-02-16,0.2052,9119628.06,true
2025-08-18,SEC-TBILL-04,SECURITY_HOLDING,GHS,8090368.56,CP-GOG,SEC-TBILL,GL-1200,2026-02-16,0.2052,8090368.56,true
2025-08-18,SEC-TBILL-05,SECURITY_HOLDING,GHS,4619404.28,CP-GOG,SEC-TBILL,GL-1200,2025-11-17,0.2052,4619404.28,true
2025-08-18,SEC-BOND-06,SECURITY_HOLDING,GHS,4646748.18,CP-GOG,SEC-BOND,GL-1200,2027-08-18,0.2052,4646748.18,true
2025-08-18,SEC-BOND-07,SECURITY_HOLDING,GHS,10340271.84,CP-GOG,SEC-BOND,GL-1200,2027-08-18,0.2052,10340271.84,true
2025-08-18,SEC-BOND-08,SECURITY_HOLDING,GHS,10385775.33,CP-GOG,SEC-BOND,GL-1200,2027-08-18,0.2052,10385775.33,true
2025-08-18,SEC-BOND-09,SECURITY_HOLDING,GHS,10441393.92,CP-GOG,SEC-BOND,GL-1200,2030-08-17,0.2052,10441393.92,true
2025-08-19,SEC-TBILL-00,SECURITY_HOLDING,GHS,6305263.83,CP-GOG,SEC-TBILL,GL-1200,2026-08-18,0.2781,6305263.83,true
2025-08-19,SEC-TBILL-01,SECURITY_HOLDING,GHS,9822720.12,CP-GOG,SEC-TBILL,GL-1200,2025-11-18,0.2781,9822720.12,true
2025-08-19,SEC-TBILL-02,SECURITY_HOLDING,GHS,6136304.46,CP-GOG,SEC-TBILL,GL-1200,2026-08-18,0.2781,6136304.46,true
2025-08-19,SEC-TBILL-03,SECURITY_HOLDING,GHS,9017812.31,CP-GOG,SEC-TBILL,GL-1200,2026-08-18,0.2781,9017812.31,true
2025-08-19,SEC-TBILL-04,SECURITY_HOLDING,GHS,4708059.13,CP-GOG,SEC-TBILL,GL-1200,2026-08-18,0.2781,4708059.13,true
2025-08-19,SEC-TBILL-05,SECURITY_HOLDING,GHS,11077960.94,CP-GOG,SEC-TBILL,GL-1200,2026-08-18,0.2781,11077960.94,true
2025-08-19,SEC-BOND-06,SECURITY_HOLDING,GHS,11107252.95,CP-GOG,SEC-BOND,GL-1200,2028-08-18,0.2781,11107252.95,true
2025-08-19,SEC-BOND-07,SECURITY_HOLDING,GHS,10480973.99,CP-GOG,SEC-BOND,GL-1200,2027-08-19,0.2781,10480973.99,true
2025-08-19,SEC-BOND-08,SECURITY_HOLDING,GHS,7011447.89,CP-GOG,SEC-BOND,GL-1200,2030-08-18,0.2781,7011447.89,true
2025-08-19,SEC-BOND-09,SECURITY_HOLDING,GHS,10589300.48,CP-GOG,SEC-BOND,GL-1200,2028-08-18,0.2781,10589300.48,true
2025-08-20,SEC-TBILL-00,SECURITY_HOLDING,GHS,9690617.26,CP-GOG,SEC-TBILL,GL-1200,2026-08-19,0.2710,9690617.26,true
2025-08-20,SEC-TBILL-01,SECURITY_HOLDING,GHS,9689746.49,CP-GOG,SEC-TBILL,GL-1200,2026-08-19,0.2710,9689746.49,true
2025-08-20,SEC-TBILL-02,SECURITY_HOLDING,GHS,5918113.56,CP-GOG,SEC-TBILL,GL-1200,2026-02-18,0.2710,5918113.56,true
2025-08-20,SEC-TBILL-03,SECURITY_HOLDING,GHS,8996112.50,CP-GOG,SEC-TBILL,GL-1200,2026-02-18,0.2710,8996112.50,true
2025-08-20,SEC-TBILL-04,SECURITY_HOLDING,GHS,7818337.79,CP-GOG,SEC-TBILL,GL-1200,2026-08-19,0.2710,7818337.79,true
2025-08-20,SEC-TBILL-05,SECURITY_HOLDING,GHS,11030582.65,CP-GOG,SEC-TBILL,GL-1200,2025-11-19,0.2710,11030582.65,true
2025-08-20,SEC-BOND-06,SECURITY_HOLDING,GHS,7469849.16,CP-GOG,SEC-BOND,GL-1200,2027-08-20,0.2710,7469849.16,true
2025-08-20,SEC-BOND-07,SECURITY_HOLDING,GHS,10392886.94,CP-GOG,SEC-BOND,GL-1200,2028-08-19,0.2710,10392886.94,true
2025-08-20,SEC-BOND-08,SECURITY_HOLDING,GHS,10444956.27,CP-GOG,SEC-BOND,GL-1200,2027-08-20,0.2710,10444956.27,true
2025-08-20,SEC-BOND-09,SECURITY_HOLDING,GHS,6916577.33,CP-GOG,SEC-BOND,GL-1200,2030-08-19,0.2710,6916577.33,true
2025-08-21,SEC-TBILL-00,SECURITY_HOLDING,GHS,5411675.49,CP-GOG,SEC-TBILL,GL-1200,2026-02-19,0.2621,5411675.49,true
2025-08-21,SEC-TBILL-01,SECURITY_HOLDING,GHS,9251196.66,CP-GOG,SEC-TBILL,GL-1200,2025-11-20,0.2621,9251196.66,true
2025-08-21,SEC-TBILL-02,SECURITY_HOLDING,GHS,5227245.89,CP-GOG,SEC-TBILL,GL-1200,2026-08-20,0.2621,5227245.89,true
2025-08-21,SEC-TBILL-03,SECURITY_HOLDING,GHS,12043204.67,CP-GOG,SEC-TBILL,GL-1200,2026-02-19,0.2621,12043204.67,true
2025-08-21,SEC-TBILL-04,SECURITY_HOLDING,GHS,7338842.42,CP-GOG,SEC-TBILL,GL-1200,2026-08-20,0.2621,7338842.42,true
2025-08-21,SEC-TBILL-05,SECURITY_HOLDING,GHS,10621369.68,CP-GOG,SEC-TBILL,GL-1200,2026-08-20,0.2621,10621369.68,true
2025-08-21,SEC-BOND-06,SECURITY_HOLDING,GHS,10653343.71,CP-GOG,SEC-BOND,GL-1200,2028-08-20,0.2621,10653343.71,true
2025-08-21,SEC-BOND-07,SECURITY_HOLDING,GHS,9969721.48,CP-GOG,SEC-BOND,GL-1200,2028-08-20,0.2621,9969721.48,true
2025-08-21,SEC-BOND-08,SECURITY_HOLDING,GHS,10022930.07,CP-GOG,SEC-BOND,GL-1200,2027-08-21,0.2621,10022930.07,true
2025-08-21,SEC-BOND-09,SECURITY_HOLDING,GHS,10087966.55,CP-GOG,SEC-BOND,GL-1200,2028-08-20,0.2621,10087966.55,true
2025-08-22,SEC-TBILL-00,SECURITY_HOLDING,GHS,12025467.47,CP-GOG,SEC-TBILL,GL-1200,2025-11-21,0.2550,12025467.47,true
2025-08-22,SEC-TBILL-01,SECURITY_HOLDING,GHS,8546003.96,CP-GOG,SEC-TBILL,GL-1200,2026-08-21,0.2550,8546003.96,true
2025-08-22,SEC-TBILL-02,SECURITY_HOLDING,GHS,11842209.46,CP-GOG,SEC-TBILL,GL-1200,2026-02-20,0.2550,11842209.46,true
2025-08-22,SEC-TBILL-03,SECURITY_HOLDING,GHS,11320275.66,CP-GOG,SEC-TBILL,GL-1200,2025-11-21,0.2550,11320275.66,true
2025-08-22,SEC-TBILL-04,SECURITY_HOLDING,GHS,10124377.35,CP-GOG,SEC-TBILL,GL-1200,2026-08-21,0.2550,10124377.35,true
2025-08-22,SEC-TBILL-05,SECURITY_HOLDING,GHS,6091458.26,CP-GOG,SEC-TBILL,GL-1200,2026-02-20,0.2550,6091458.26,true
2025-08-22,SEC-BOND-06,SECURITY_HOLDING,GHS,9939243.84,CP-GOG,SEC-BOND,GL-1200,2027-08-22,0.2550,9939243.84,true
2025-08-22,SEC-BOND-07,SECURITY_HOLDING,GHS,5443949.67,CP-GOG,SEC-BOND,GL-1200,2027-08-22,0.2550,5443949.67,true
2025-08-22,SEC-BOND-08,SECURITY_HOLDING,GHS,5496820.25,CP-GOG,SEC-BOND,GL-1200,2027-08-22,0.2550,5496820.25,true
2025-08-22,SEC-BOND-09,SECURITY_HOLDING,GHS,9377458.25,CP-GOG,SEC-BOND,GL-1200,2028-08-21,0.2550,9377458.25,true
2025-08-25,SEC-TBILL-00,SECURITY_HOLDING,GHS,8957849.10,CP-GOG,SEC-TBILL,GL-1200,2026-08-24,0.2319,8957849.10,true
2025-08-25,SEC-TBILL-01,SECURITY_HOLDING,GHS,8957050.49,CP-GOG,SEC-TBILL,GL-1200,2025-11-24,0.2319,8957050.49,true
2025-08-25,SEC-TBILL-02,SECURITY_HOLDING,GHS,8792323.38,CP-GOG,SEC-TBILL,GL-1200,2026-08-24,0.2319,8792323.38,true
2025-08-25,SEC-TBILL-03,SECURITY_HOLDING,GHS,8320892.58,CP-GOG,SEC-TBILL,GL-1200,2026-02-23,0.2319,8320892.58,true
2025-08-25,SEC-TBILL-04,SECURITY_HOLDING,GHS,7240710.96,CP-GOG,SEC-TBILL,GL-1200,2026-02-23,0.2319,7240710.96,true
2025-08-25,SEC-TBILL-05,SECURITY_HOLDING,GHS,10186781.93,CP-GOG,SEC-TBILL,GL-1200,2026-08-24,0.2319,10186781.93,true
2025-08-25,SEC-BOND-06,SECURITY_HOLDING,GHS,10215478.66,CP-GOG,SEC-BOND,GL-1200,2027-08-25,0.2319,10215478.66,true
2025-08-25,SEC-BOND-07,SECURITY_HOLDING,GHS,9601927.13,CP-GOG,SEC-BOND,GL-1200,2028-08-24,0.2319,9601927.13,true
2025-08-25,SEC-BOND-08,SECURITY_HOLDING,GHS,9649681.88,CP-GOG,SEC-BOND,GL-1200,2030-08-24,0.2319,9649681.88,true
2025-08-25,SEC-BOND-09,SECURITY_HOLDING,GHS,9708052.18,CP-GOG,SEC-BOND,GL-1200,2030-08-24,0.2319,9708052.18,true
2025-08-26,SEC-TBILL-00,SECURITY_HOLDING,GHS,5714580.80,CP-GOG,SEC-TBILL,GL-1200,2026-08-25,0.2629,5714580.80,true
2025-08-26,SEC-TBILL-01,SECURITY_HOLDING,GHS,9711229.47,CP-GOG,SEC-TBILL,GL-1200,2026-02-24,0.2629,9711229.47,true
2025-08-26,SEC-TBILL-02,SECURITY_HOLDING,GHS,5522603.66,CP-GOG,SEC-TBILL,GL-1200,2026-08-25,0.2629,5522603.66,true
2025-08-26,SEC-TBILL-03,SECURITY_HOLDING,GHS,12617496.85,CP-GOG,SEC-TBILL,GL-1200,2026-02-24,0.2629,12617496.85,true
2025-08-26,SEC-TBILL-04,SECURITY_HOLDING,GHS,7720614.58,CP-GOG,SEC-TBILL,GL-1200,2026-08-25,0.2629,7720614.58,true
2025-08-26,SEC-TBILL-05,SECURITY_HOLDING,GHS,11137475.08,CP-GOG,SEC-TBILL,GL-1200,2026-08-25,0.2629,11137475.08,true
2025-08-26,SEC-BOND-06,SECURITY_HOLDING,GHS,11170757.61,CP-GOG,SEC-BOND,GL-1200,2030-08-25,0.2629,11170757.61,true
2025-08-26,SEC-BOND-07,SECURITY_HOLDING,GHS,10459159.01,CP-GOG,SEC-BOND,GL-1200,2027-08-26,0.2629,10459159.01,true
2025-08-26,SEC-BOND-08,SECURITY_HOLDING,GHS,6516970.19,CP-GOG,SEC-BOND,GL-1200,2027-08-26,0.2629,6516970.19,true
2025-08-26,SEC-BOND-09,SECURITY_HOLDING,GHS,10582243.11,CP-GOG,SEC-BOND,GL-1200,2027-08-26,0.2629,10582243.11,true
2025-08-27,SEC-TBILL-00,SECURITY_HOLDING,GHS,12798775.59,CP-GOG,SEC-TBILL,GL-1200,2026-08-26,0.2558,12798775.59,true
2025-08-27,SEC-TBILL-01,SECURITY_HOLDING,GHS,12797840.62,CP-GOG,SEC-TBILL,GL-1200,2026-08-26,0.2558,12797840.62,true
2025-08-27,SEC-TBILL-02,SECURITY_HOLDING,GHS,12604985.81,CP-GOG,SEC-TBILL,GL-1200,2026-08-26,0.2558,12604985.81,true
2025-08-27,SEC-TBILL-03,SECURITY_HOLDING,GHS,8196150.64,CP-GOG,SEC-TBILL,GL-1200,2025-11-26,0.2558,8196150.64,true
2025-08-27,SEC-TBILL-04,SECURITY_HOLDING,GHS,10788430.44,CP-GOG,SEC-TBILL,GL-1200,2026-08-26,0.2558,10788430.44,true
2025-08-27,SEC-TBILL-05,SECURITY_HOLDING,GHS,6523740.76,CP-GOG,SEC-TBILL,GL-1200,2025-11-26,0.2558,6523740.76,true
2025-08-27,SEC-BOND-06,SECURITY_HOLDING,GHS,6557337.55,CP-GOG,SEC-BOND,GL-1200,2028-08-26,0.2558,6557337.55,true
2025-08-27,SEC-BOND-07,SECURITY_HOLDING,GHS,5839020.07,CP-GOG,SEC-BOND,GL-1200,2027-08-27,0.2558,5839020.07,true
2025-08-27,SEC-BOND-08,SECURITY_HOLDING,GHS,5894929.10,CP-GOG,SEC-BOND,GL-1200,2028-08-26,0.2558,5894929.10,true
2025-08-27,SEC-BOND-09,SECURITY_HOLDING,GHS,5963266.32,CP-GOG,SEC-BOND,GL-1200,2028-08-26,0.2558,5963266.32,true
2025-08-28,SEC-TBILL-00,SECURITY_HOLDING,GHS,8731301.28,CP-GOG,SEC-TBILL,GL-1200,2025-11-27,0.2069,8731301.28,true
2025-08-28,SEC-TBILL-01,SECURITY_HOLDING,GHS,8923088.89,CP-GOG,SEC-TBILL,GL-1200,2025-11-27,0.2069,8923088.89,true
2025-08-28,SEC-TBILL-02,SECURITY_HOLDING,GHS,12882544.71,CP-GOG,SEC-TBILL,GL-1200,2026-02-26,0.2069,12882544.71,true
2025-08-28,SEC-TBILL-03,SECURITY_HOLDING,GHS,8118258.64,CP-GOG,SEC-TBILL,GL-1200,2026-08-27,0.2069,8118258.64,true
2025-08-28,SEC-TBILL-04,SECURITY_HOLDING,GHS,6751675.23,CP-GOG,SEC-TBILL,GL-1200,2025-11-27,0.2069,6751675.23,true
2025-08-28,SEC-TBILL-05,SECURITY_HOLDING,GHS,10478874.09,CP-GOG,SEC-TBILL,GL-1200,2026-08-27,0.2069,10478874.09,true
2025-08-28,SEC-BOND-06,SECURITY_HOLDING,GHS,6347320.49,CP-GOG,SEC-BOND,GL-1200,2027-08-28,0.2069,6347320.49,true
2025-08-28,SEC-BOND-07,SECURITY_HOLDING,GHS,9738949.57,CP-GOG,SEC-BOND,GL-1200,2030-08-27,0.2069,9738949.57,true
2025-08-28,SEC-BOND-08,SECURITY_HOLDING,GHS,9799366.12,CP-GOG,SEC-BOND,GL-1200,2027-08-28,0.2069,9799366.12,true
2025-08-28,SEC-BOND-09,SECURITY_HOLDING,GHS,5705353.81,CP-GOG,SEC-BOND,GL-1200,2030-08-27,0.2069,5705353.81,true
2025-08-29,SEC-TBILL-00,SECURITY_HOLDING,GHS,10069668.81,CP-GOG,SEC-TBILL,GL-1200,2025-11-28,0.2398,10069668.81,true
2025-08-29,SEC-TBILL-01,SECURITY_HOLDING,GHS,6777221.54,CP-GOG,SEC-TBILL,GL-1200,2026-08-28,0.2398,6777221.54,true
2025-08-29,SEC-TBILL-02,SECURITY_HOLDING,GHS,9896260.66,CP-GOG,SEC-TBILL,GL-1200,2026-02-27,0.2398,9896260.66,true
2025-08-29,SEC-TBILL-03,SECURITY_HOLDING,GHS,9402380.06,CP-GOG,SEC-TBILL,GL-1200,2026-08-28,0.2398,9402380.06,true
2025-08-29,SEC-TBILL-04,SECURITY_HOLDING,GHS,8270759.59,CP-GOG,SEC-TBILL,GL-1200,2025-11-28,0.2398,8270759.59,true
2025-08-29,SEC-TBILL-05,SECURITY_HOLDING,GHS,11357124.09,CP-GOG,SEC-TBILL,GL-1200,2026-08-28,0.2398,11357124.09,true
2025-08-29,SEC-BOND-06,SECURITY_HOLDING,GHS,8095576.74,CP-GOG,SEC-BOND,GL-1200,2027-08-29,0.2398,8095576.74,true
2025-08-29,SEC-BOND-07,SECURITY_HOLDING,GHS,7452807.56,CP-GOG,SEC-BOND,GL-1200,2028-08-28,0.2398,7452807.56,true
2025-08-29,SEC-BOND-08,SECURITY_HOLDING,GHS,10794447.04,CP-GOG,SEC-BOND,GL-1200,2030-08-28,0.2398,10794447.04,true
2025-08-29,SEC-BOND-09,SECURITY_HOLDING,GHS,7563986.34,CP-GOG,SEC-BOND,GL-1200,2030-08-28,0.2398,7563986.34,true
2025-08-31,SEC-TBILL-00,SECURITY_HOLDING,GHS,6008453.30,CP-GOG,SEC-TBILL,GL-1200,2026-03-01,0.2638,6008453.30,true
2025-08-31,SEC-TBILL-01,SECURITY_HOLDING,GHS,10151585.32,CP-GOG,SEC-TBILL,GL-1200,2026-08-30,0.2638,10151585.32,true
2025-08-31,SEC-TBILL-02,SECURITY_HOLDING,GHS,5809439.89,CP-GOG,SEC-TBILL,GL-1200,2025-11-30,0.2638,5809439.89,true
2025-08-31,SEC-TBILL-03,SECURITY_HOLDING,GHS,9203502.66,CP-GOG,SEC-TBILL,GL-1200,2025-11-30,0.2638,9203502.66,true
2025-08-31,SEC-TBILL-04,SECURITY_HOLDING,GHS,8088011.32,CP-GOG,SEC-TBILL,GL-1200,2025-11-30,0.2638,8088011.32,true
2025-08-31,SEC-TBILL-05,SECURITY_HOLDING,GHS,11630105.03,CP-GOG,SEC-TBILL,GL-1200,2026-08-30,0.2638,11630105.03,true
2025-08-31,SEC-BOND-06,SECURITY_HOLDING,GHS,11664607.42,CP-GOG,SEC-BOND,GL-1200,2030-08-30,0.2638,11664607.42,true
2025-08-31,SEC-BOND-07,SECURITY_HOLDING,GHS,10926927.63,CP-GOG,SEC-BOND,GL-1200,2027-08-31,0.2638,10926927.63,true
2025-08-31,SEC-BOND-08,SECURITY_HOLDING,GHS,6840251.49,CP-GOG,SEC-BOND,GL-1200,2027-08-31,0.2638,6840251.49,true
2025-08-31,SEC-BOND-09,SECURITY_HOLDING,GHS,11054522.95,CP-GOG,SEC-BOND,GL-1200,2028-08-30,0.2638,11054522.95,true
2025-09-01,SEC-TBILL-00,SECURITY_HOLDING,GHS,5728182.46,CP-GOG,SEC-TBILL,GL-1200,2026-08-31,0.2567,5728182.46,true
2025-09-01,SEC-TBILL-01,SECURITY_HOLDING,GHS,10002804.22,CP-GOG,SEC-TBILL,GL-1200,2026-03-02,0.2567,10002804.22,true
2025-09-01,SEC-TBILL-02,SECURITY_HOLDING,GHS,14064669.01,CP-GOG,SEC-TBILL,GL-1200,2025-12-01,0.2567,14064669.01,true
2025-09-01,SEC-TBILL-03,SECURITY_HOLDING,GHS,9177157.51,CP-GOG,SEC-TBILL,GL-1200,2026-08-31,0.2567,9177157.51,true
2025-09-01,SEC-TBILL-04,SECURITY_HOLDING,GHS,7775228.23,CP-GOG,SEC-TBILL,GL-1200,2025-12-01,0.2567,7775228.23,true
2025-09-01,SEC-TBILL-05,SECURITY_HOLDING,GHS,11598828.88,CP-GOG,SEC-TBILL,GL-1200,2026-03-02,0.2567,11598828.88,true
2025-09-01,SEC-BOND-06,SECURITY_HOLDING,GHS,7360415.09,CP-GOG,SEC-BOND,GL-1200,2027-09-01,0.2567,7360415.09,true
2025-09-01,SEC-BOND-07,SECURITY_HOLDING,GHS,10839766.65,CP-GOG,SEC-BOND,GL-1200,2027-09-01,0.2567,10839766.65,true
2025-09-01,SEC-BOND-08,SECURITY_HOLDING,GHS,6626087.60,CP-GOG,SEC-BOND,GL-1200,2030-08-31,0.2567,6626087.60,true
2025-09-01,SEC-BOND-09,SECURITY_HOLDING,GHS,6701844.33,CP-GOG,SEC-BOND,GL-1200,2030-08-31,0.2567,6701844.33,true
2025-09-02,SEC-TBILL-00,SECURITY_HOLDING,GHS,11442937.95,CP-GOG,SEC-TBILL,GL-1200,2025-12-02,0.2077,11442937.95,true
2025-09-02,SEC-TBILL-01,SECURITY_HOLDING,GHS,7939861.96,CP-GOG,SEC-TBILL,GL-1200,2025-12-02,0.2077,7939861.96,true
2025-09-02,SEC-TBILL-02,SECURITY_HOLDING,GHS,11258436.32,CP-GOG,SEC-TBILL,GL-1200,2025-12-02,0.2077,11258436.32,true
2025-09-02,SEC-TBILL-03,SECURITY_HOLDING,GHS,10732960.55,CP-GOG,SEC-TBILL,GL-1200,2026-03-03,0.2077,10732960.55,true
2025-09-02,SEC-TBILL-04,SECURITY_HOLDING,GHS,6026760.75,CP-GOG,SEC-TBILL,GL-1200,2025-12-02,0.2077,6026760.75,true
2025-09-02,SEC-TBILL-05,SECURITY_HOLDING,GHS,9310570.18,CP-GOG,SEC-TBILL,GL-1200,2025-12-02,0.2077,9310570.18,true
2025-09-02,SEC-BOND-06,SECURITY_HOLDING,GHS,9342556.70,CP-GOG,SEC-BOND,GL-1200,2028-09-01,0.2077,9342556.70,true
2025-09-02,SEC-BOND-07,SECURITY_HOLDING,GHS,8658667.45,CP-GOG,SEC-BOND,GL-1200,2030-09-01,0.2077,8658667.45,true
2025-09-02,SEC-BOND-08,SECURITY_HOLDING,GHS,8711896.82,CP-GOG,SEC-BOND,GL-1200,2030-09-01,0.2077,8711896.82,true
2025-09-02,SEC-BOND-09,SECURITY_HOLDING,GHS,8776958.71,CP-GOG,SEC-BOND,GL-1200,2027-09-02,0.2077,8776958.71,true
2025-09-03,SEC-TBILL-00,SECURITY_HOLDING,GHS,8982546.19,CP-GOG,SEC-TBILL,GL-1200,2025-12-03,0.2407,8982546.19,true
2025-09-03,SEC-TBILL-01,SECURITY_HOLDING,GHS,8981805.28,CP-GOG,SEC-TBILL,GL-1200,2026-03-04,0.2407,8981805.28,true
2025-09-03,SEC-TBILL-02,SECURITY_HOLDING,GHS,8828981.05,CP-GOG,SEC-TBILL,GL-1200,2026-09-02,0.2407,8828981.05,true
2025-09-03,SEC-TBILL-03,SECURITY_HOLDING,GHS,8391614.96,CP-GOG,SEC-TBILL,GL-1200,2026-03-04,0.2407,8391614.96,true
2025-09-03,SEC-TBILL-04,SECURITY_HOLDING,GHS,7389485.25,CP-GOG,SEC-TBILL,GL-1200,2026-09-02,0.2407,7389485.25,true
2025-09-03,SEC-TBILL-05,SECURITY_HOLDING,GHS,10122678.62,CP-GOG,SEC-TBILL,GL-1200,2026-09-02,0.2407,10122678.62,true
2025-09-03,SEC-BOND-06,SECURITY_HOLDING,GHS,7234348.48,CP-GOG,SEC-BOND,GL-1200,2028-09-02,0.2407,7234348.48,true
2025-09-03,SEC-BOND-07,SECURITY_HOLDING,GHS,9580084.33,CP-GOG,SEC-BOND,GL-1200,2030-09-02,0.2407,9580084.33,true
2025-09-03,SEC-BOND-08,SECURITY_HOLDING,GHS,9624388.42,CP-GOG,SEC-BOND,GL-1200,2030-09-02,0.2407,9624388.42,true
2025-09-03,SEC-BOND-09,SECURITY_HOLDING,GHS,9678540.98,CP-GOG,SEC-BOND,GL-1200,2028-09-02,0.2407,9678540.98,true
2025-09-04,SEC-TBILL-00,SECURITY_HOLDING,GHS,5574235.98,CP-GOG,SEC-TBILL,GL-1200,2026-09-03,0.2717,5574235.98,true
2025-09-04,SEC-TBILL-01,SECURITY_HOLDING,GHS,8973089.89,CP-GOG,SEC-TBILL,GL-1200,2025-12-04,0.2717,8973089.89,true
2025-09-04,SEC-TBILL-02,SECURITY_HOLDING,GHS,8810615.23,CP-GOG,SEC-TBILL,GL-1200,2026-03-05,0.2717,8810615.23,true
2025-09-04,SEC-TBILL-03,SECURITY_HOLDING,GHS,8345630.68,CP-GOG,SEC-TBILL,GL-1200,2026-03-05,0.2717,8345630.68,true
2025-09-04,SEC-TBILL-04,SECURITY_HOLDING,GHS,7280219.25,CP-GOG,SEC-TBILL,GL-1200,2026-09-03,0.2717,7280219.25,true
2025-09-04,SEC-TBILL-05,SECURITY_HOLDING,GHS,10186006.23,CP-GOG,SEC-TBILL,GL-1200,2026-09-03,0.2717,10186006.23,true
2025-09-04,SEC-BOND-06,SECURITY_HOLDING,GHS,10214310.55,CP-GOG,SEC-BOND,GL-1200,2027-09-04,0.2717,10214310.55,true
2025-09-04,SEC-BOND-07,SECURITY_HOLDING,GHS,9609148.61,CP-GOG,SEC-BOND,GL-1200,2027-09-04,0.2717,9609148.61,true
2025-09-04,SEC-BOND-08,SECURITY_HOLDING,GHS,9656250.37,CP-GOG,SEC-BOND,GL-1200,2027-09-04,0.2717,9656250.37,true
2025-09-04,SEC-BOND-09,SECURITY_HOLDING,GHS,9713822.53,CP-GOG,SEC-BOND,GL-1200,2030-09-03,0.2717,9713822.53,true
2025-09-05,SEC-TBILL-00,SECURITY_HOLDING,GHS,6176965.97,CP-GOG,SEC-TBILL,GL-1200,2026-03-06,0.2646,6176965.97,true
2025-09-05,SEC-TBILL-01,SECURITY_HOLDING,GHS,10377277.75,CP-GOG,SEC-TBILL,GL-1200,2026-03-06,0.2646,10377277.75,true
2025-09-05,SEC-TBILL-02,SECURITY_HOLDING,GHS,5975205.96,CP-GOG,SEC-TBILL,GL-1200,2025-12-05,0.2646,5975205.96,true
2025-09-05,SEC-TBILL-03,SECURITY_HOLDING,GHS,9416110.51,CP-GOG,SEC-TBILL,GL-1200,2026-03-06,0.2646,9416110.51,true
2025-09-05,SEC-TBILL-04,SECURITY_HOLDING,GHS,12300757.73,CP-GOG,SEC-TBILL,GL-1200,2025-12-05,0.2646,12300757.73,true
2025-09-05,SEC-TBILL-05,SECURITY_HOLDING,GHS,11690451.01,CP-GOG,SEC-TBILL,GL-1200,2026-03-06,0.2646,11690451.01,true
2025-09-05,SEC-BOND-06,SECURITY_HOLDING,GHS,11911181.21,CP-GOG,SEC-BOND,GL-1200,2027-09-05,0.2646,11911181.21,true
2025-09-05,SEC-BOND-07,SECURITY_HOLDING,GHS,7147787.07,CP-GOG,SEC-BOND,GL-1200,2027-09-05,0.2646,7147787.07,true
2025-09-05,SEC-BOND-08,SECURITY_HOLDING,GHS,7020243.89,CP-GOG,SEC-BOND,GL-1200,2027-09-05,0.2646,7020243.89,true
2025-09-05,SEC-BOND-09,SECURITY_HOLDING,GHS,11292676.91,CP-GOG,SEC-BOND,GL-1200,2027-09-05,0.2646,11292676.91,true
2025-09-08,SEC-TBILL-00,SECURITY_HOLDING,GHS,10027478.39,CP-GOG,SEC-TBILL,GL-1200,2026-03-09,0.2415,10027478.39,true
2025-09-08,SEC-TBILL-01,SECURITY_HOLDING,GHS,10026657.25,CP-GOG,SEC-TBILL,GL-1200,2026-03-09,0.2415,10026657.25,true
2025-09-08,SEC-TBILL-02,SECURITY_HOLDING,GHS,9857283.45,CP-GOG,SEC-TBILL,GL-1200,2026-09-07,0.2415,9857283.45,true
2025-09-08,SEC-TBILL-03,SECURITY_HOLDING,GHS,9372554.35,CP-GOG,SEC-TBILL,GL-1200,2025-12-08,0.2415,9372554.35,true
2025-09-08,SEC-TBILL-04,SECURITY_HOLDING,GHS,8261902.53,CP-GOG,SEC-TBILL,GL-1200,2026-03-09,0.2415,8261902.53,true
2025-09-08,SEC-TBILL-05,SECURITY_HOLDING,GHS,4516459.58,CP-GOG,SEC-TBILL,GL-1200,2026-09-07,0.2415,4516459.58,true
2025-09-08,SEC-BOND-06,SECURITY_HOLDING,GHS,4545965.79,CP-GOG,SEC-BOND,GL-1200,2028-09-07,0.2415,4545965.79,true
2025-09-08,SEC-BOND-07,SECURITY_HOLDING,GHS,10689724.82,CP-GOG,SEC-BOND,GL-1200,2027-09-08,0.2415,10689724.82,true
2025-09-08,SEC-BOND-08,SECURITY_HOLDING,GHS,10738826.65,CP-GOG,SEC-BOND,GL-1200,2030-09-07,0.2415,10738826.65,true
2025-09-08,SEC-BOND-09,SECURITY_HOLDING,GHS,10798843.48,CP-GOG,SEC-BOND,GL-1200,2028-09-07,0.2415,10798843.48,true
2025-09-09,SEC-TBILL-00,SECURITY_HOLDING,GHS,5622025.78,CP-GOG,SEC-TBILL,GL-1200,2026-03-10,0.2726,5622025.78,true
2025-09-09,SEC-TBILL-01,SECURITY_HOLDING,GHS,9007950.14,CP-GOG,SEC-TBILL,GL-1200,2025-12-09,0.2726,9007950.14,true
2025-09-09,SEC-TBILL-02,SECURITY_HOLDING,GHS,5459384.49,CP-GOG,SEC-TBILL,GL-1200,2026-03-10,0.2726,5459384.49,true
2025-09-09,SEC-TBILL-03,SECURITY_HOLDING,GHS,8233141.09,CP-GOG,SEC-TBILL,GL-1200,2025-12-09,0.2726,8233141.09,true
2025-09-09,SEC-TBILL-04,SECURITY_HOLDING,GHS,10558491.64,CP-GOG,SEC-TBILL,GL-1200,2026-09-08,0.2726,10558491.64,true
2025-09-09,SEC-TBILL-05,SECURITY_HOLDING,GHS,10216252.43,CP-GOG,SEC-TBILL,GL-1200,2026-03-10,0.2726,10216252.43,true
2025-09-09,SEC-BOND-06,SECURITY_HOLDING,GHS,10244449.08,CP-GOG,SEC-BOND,GL-1200,2027-09-09,0.2726,10244449.08,true
2025-09-09,SEC-BOND-07,SECURITY_HOLDING,GHS,9641589.23,CP-GOG,SEC-BOND,GL-1200,2028-09-08,0.2726,9641589.23,true
2025-09-09,SEC-BOND-08,SECURITY_HOLDING,GHS,9688511.82,CP-GOG,SEC-BOND,GL-1200,2027-09-09,0.2726,9688511.82,true
2025-09-09,SEC-BOND-09,SECURITY_HOLDING,GHS,9745864.96,CP-GOG,SEC-BOND,GL-1200,2030-09-08,0.2726,9745864.96,true
2025-09-10,SEC-TBILL-00,SECURITY_HOLDING,GHS,9922874.90,CP-GOG,SEC-TBILL,GL-1200,2026-03-11,0.2655,9922874.90,true
2025-09-10,SEC-TBILL-01,SECURITY_HOLDING,GHS,6224511.69,CP-GOG,SEC-TBILL,GL-1200,2026-09-09,0.2655,6224511.69,true
2025-09-10,SEC-TBILL-02,SECURITY_HOLDING,GHS,5851332.35,CP-GOG,SEC-TBILL,GL-1200,2026-09-09,0.2655,5851332.35,true
2025-09-10,SEC-TBILL-03,SECURITY_HOLDING,GHS,9173318.14,CP-GOG,SEC-TBILL,GL-1200,2026-03-11,0.2655,9173318.14,true
2025-09-10,SEC-TBILL-04,SECURITY_HOLDING,GHS,7902183.57,CP-GOG,SEC-TBILL,GL-1200,2026-03-11,0.2655,7902183.57,true
2025-09-10,SEC-TBILL-05,SECURITY_HOLDING,GHS,11369056.69,CP-GOG,SEC-TBILL,GL-1200,2026-09-09,0.2655,11369056.69,true
2025-09-10,SEC-BOND-06,SECURITY_HOLDING,GHS,7705402.96,CP-GOG,SEC-BOND,GL-1200,2028-09-09,0.2655,7705402.96,true
2025-09-10,SEC-BOND-07,SECURITY_HOLDING,GHS,10680812.11,CP-GOG,SEC-BOND,GL-1200,2030-09-09,0.2655,10680812.11,true
2025-09-10,SEC-BOND-08,SECURITY_HOLDING,GHS,10737008.87,CP-GOG,SEC-BOND,GL-1200,2028-09-09,0.2655,10737008.87,true
2025-09-10,SEC-BOND-09,SECURITY_HOLDING,GHS,10985029.80,CP-GOG,SEC-BOND,GL-1200,2030-09-09,0.2655,10985029.80,true
2025-09-11,SEC-TBILL-00,SECURITY_HOLDING,GHS,5294048.52,CP-GOG,SEC-TBILL,GL-1200,2025-12-11,0.2565,5294048.52,true
2025-09-11,SEC-TBILL-01,SECURITY_HOLDING,GHS,9438722.41,CP-GOG,SEC-TBILL,GL-1200,2026-03-12,0.2565,9438722.41,true
2025-09-11,SEC-TBILL-02,SECURITY_HOLDING,GHS,9240595.48,CP-GOG,SEC-TBILL,GL-1200,2026-09-10,0.2565,9240595.48,true
2025-09-11,SEC-TBILL-03,SECURITY_HOLDING,GHS,8673578.08,CP-GOG,SEC-TBILL,GL-1200,2026-03-12,0.2565,8673578.08,true
2025-09-11,SEC-TBILL-04,SECURITY_HOLDING,GHS,7374380.45,CP-GOG,SEC-TBILL,GL-1200,2025-12-11,0.2565,7374380.45,true
2025-09-11,SEC-TBILL-05,SECURITY_HOLDING,GHS,10917792.35,CP-GOG,SEC-TBILL,GL-1200,2025-12-11,0.2565,10917792.35,true
2025-09-11,SEC-BOND-06,SECURITY_HOLDING,GHS,10952307.58,CP-GOG,SEC-BOND,GL-1200,2028-09-10,0.2565,10952307.58,true
2025-09-11,SEC-BOND-07,SECURITY_HOLDING,GHS,10214353.27,CP-GOG,SEC-BOND,GL-1200,2027-09-11,0.2565,10214353.27,true
2025-09-11,SEC-BOND-08,SECURITY_HOLDING,GHS,10271790.70,CP-GOG,SEC-BOND,GL-1200,2027-09-11,0.2565,10271790.70,true
2025-09-11,SEC-BOND-09,SECURITY_HOLDING,GHS,10341996.07,CP-GOG,SEC-BOND,GL-1200,2027-09-11,0.2565,10341996.07,true
2025-09-12,SEC-TBILL-00,SECURITY_HOLDING,GHS,12438211.14,CP-GOG,SEC-TBILL,GL-1200,2026-03-13,0.2495,12438211.14,true
2025-09-12,SEC-TBILL-01,SECURITY_HOLDING,GHS,8681834.12,CP-GOG,SEC-TBILL,GL-1200,2025-12-12,0.2495,8681834.12,true
2025-09-12,SEC-TBILL-02,SECURITY_HOLDING,GHS,12240368.52,CP-GOG,SEC-TBILL,GL-1200,2025-12-12,0.2495,12240368.52,true
2025-09-12,SEC-TBILL-03,SECURITY_HOLDING,GHS,11676896.56,CP-GOG,SEC-TBILL,GL-1200,2026-03-13,0.2495,11676896.56,true
2025-09-12,SEC-TBILL-04,SECURITY_HOLDING,GHS,6630400.05,CP-GOG,SEC-TBILL,GL-1200,2026-09-11,0.2495,6630400.05,true
2025-09-12,SEC-TBILL-05,SECURITY_HOLDING,GHS,6031943.10,CP-GOG,SEC-TBILL,GL-1200,2026-03-13,0.2495,6031943.10,true
2025-09-12,SEC-BOND-06,SECURITY_HOLDING,GHS,10185955.15,CP-GOG,SEC-BOND,GL-1200,2027-09-12,0.2495,10185955.15,true
2025-09-12,SEC-BOND-07,SECURITY_HOLDING,GHS,9452615.12,CP-GOG,SEC-BOND,GL-1200,2027-09-12,0.2495,9452615.12,true
2025-09-12,SEC-BOND-08,SECURITY_HOLDING,GHS,5389980.75,CP-GOG,SEC-BOND,GL-1200,2030-09-11,0.2495,5389980.75,true
2025-09-12,SEC-BOND-09,SECURITY_HOLDING,GHS,9579459.80,CP-GOG,SEC-BOND,GL-1200,2030-09-11,0.2495,9579459.80,true
2025-09-15,SEC-TBILL-00,SECURITY_HOLDING,GHS,9113733.61,CP-GOG,SEC-TBILL,GL-1200,2025-12-15,0.2263,9113733.61,true
2025-09-15,SEC-TBILL-01,SECURITY_HOLDING,GHS,9112877.58,CP-GOG,SEC-TBILL,GL-1200,2026-03-16,0.2263,9112877.58,true
2025-09-15,SEC-TBILL-02,SECURITY_HOLDING,GHS,8936307.52,CP-GOG,SEC-TBILL,GL-1200,2026-03-16,0.2263,8936307.52,true
2025-09-15,SEC-TBILL-03,SECURITY_HOLDING,GHS,8430983.48,CP-GOG,SEC-TBILL,GL-1200,2025-12-15,0.2263,8430983.48,true
2025-09-15,SEC-TBILL-04,SECURITY_HOLDING,GHS,7273142.85,CP-GOG,SEC-TBILL,GL-1200,2025-12-15,0.2263,7273142.85,true
2025-09-15,SEC-TBILL-05,SECURITY_HOLDING,GHS,10431019.82,CP-GOG,SEC-TBILL,GL-1200,2026-03-16,0.2263,10431019.82,true
2025-09-15,SEC-BOND-06,SECURITY_HOLDING,GHS,10461779.68,CP-GOG,SEC-BOND,GL-1200,2030-09-14,0.2263,10461779.68,true
2025-09-15,SEC-BOND-07,SECURITY_HOLDING,GHS,9804117.24,CP-GOG,SEC-BOND,GL-1200,2030-09-14,0.2263,9804117.24,true
2025-09-15,SEC-BOND-08,SECURITY_HOLDING,GHS,9855305.29,CP-GOG,SEC-BOND,GL-1200,2028-09-14,0.2263,9855305.29,true
2025-09-15,SEC-BOND-09,SECURITY_HOLDING,GHS,9917872.08,CP-GOG,SEC-BOND,GL-1200,2028-09-14,0.2263,9917872.08,true
2025-09-16,SEC-TBILL-00,SECURITY_HOLDING,GHS,5125283.81,CP-GOG,SEC-TBILL,GL-1200,2025-12-16,0.2574,5125283.81,true
2025-09-16,SEC-TBILL-01,SECURITY_HOLDING,GHS,9074826.12,CP-GOG,SEC-TBILL,GL-1200,2026-09-15,0.2574,9074826.12,true
2025-09-16,SEC-TBILL-02,SECURITY_HOLDING,GHS,12487161.05,CP-GOG,SEC-TBILL,GL-1200,2026-03-17,0.2574,12487161.05,true
2025-09-16,SEC-TBILL-03,SECURITY_HOLDING,GHS,8345704.85,CP-GOG,SEC-TBILL,GL-1200,2026-03-17,0.2574,8345704.85,true
2025-09-16,SEC-TBILL-04,SECURITY_HOLDING,GHS,7107673.54,CP-GOG,SEC-TBILL,GL-1200,2025-12-16,0.2574,7107673.54,true
2025-09-16,SEC-TBILL-05,SECURITY_HOLDING,GHS,10484261.33,CP-GOG,SEC-TBILL,GL-1200,2026-03-17,0.2574,10484261.33,true
2025-09-16,SEC-BOND-06,SECURITY_HOLDING,GHS,10517151.58,CP-GOG,SEC-BOND,GL-1200,2028-09-15,0.2574,10517151.58,true
2025-09-16,SEC-BOND-07,SECURITY_HOLDING,GHS,9813940.21,CP-GOG,SEC-BOND,GL-1200,2027-09-16,0.2574,9813940.21,true
2025-09-16,SEC-BOND-08,SECURITY_HOLDING,GHS,9868673.49,CP-GOG,SEC-BOND,GL-1200,2028-09-15,0.2574,9868673.49,true
2025-09-16,SEC-BOND-09,SECURITY_HOLDING,GHS,9935573.58,CP-GOG,SEC-BOND,GL-1200,2028-09-15,0.2574,9935573.58,true
2025-09-17,SEC-TBILL-00,SECURITY_HOLDING,GHS,12984375.32,CP-GOG,SEC-TBILL,GL-1200,2026-03-18,0.2503,12984375.32,true
2025-09-17,SEC-TBILL-01,SECURITY_HOLDING,GHS,9089337.09,CP-GOG,SEC-TBILL,GL-1200,2026-03-18,0.2503,9089337.09,true
2025-09-17,SEC-TBILL-02,SECURITY_HOLDING,GHS,12779229.63,CP-GOG,SEC-TBILL,GL-1200,2026-09-16,0.2503,12779229.63,true
2025-09-17,SEC-TBILL-03,SECURITY_HOLDING,GHS,8112040.76,CP-GOG,SEC-TBILL,GL-1200,2026-09-16,0.2503,8112040.76,true
2025-09-17,SEC-TBILL-04,SECURITY_HOLDING,GHS,6773308.62,CP-GOG,SEC-TBILL,GL-1200,2025-12-17,0.2503,6773308.62,true
2025-09-17,SEC-TBILL-05,SECURITY_HOLDING,GHS,6341629.19,CP-GOG,SEC-TBILL,GL-1200,2026-09-16,0.2503,6341629.19,true
2025-09-17,SEC-BOND-06,SECURITY_HOLDING,GHS,10648980.58,CP-GOG,SEC-BOND,GL-1200,2030-09-16,0.2503,10648980.58,true
2025-09-17,SEC-BOND-07,SECURITY_HOLDING,GHS,9888570.35,CP-GOG,SEC-BOND,GL-1200,2030-09-16,0.2503,9888570.35,true
2025-09-17,SEC-BOND-08,SECURITY_HOLDING,GHS,5675969.74,CP-GOG,SEC-BOND,GL-1200,2030-09-16,0.2503,5675969.74,true
2025-09-17,SEC-BOND-09,SECURITY_HOLDING,GHS,10020097.32,CP-GOG,SEC-BOND,GL-1200,2028-09-16,0.2503,10020097.32,true
2025-09-18,SEC-TBILL-00,SECURITY_HOLDING,GHS,8050852.42,CP-GOG,SEC-TBILL,GL-1200,2026-09-17,0.2014,8050852.42,true
2025-09-18,SEC-TBILL-01,SECURITY_HOLDING,GHS,8240186.93,CP-GOG,SEC-TBILL,GL-1200,2026-03-19,0.2014,8240186.93,true
2025-09-18,SEC-TBILL-02,SECURITY_HOLDING,GHS,12148998.54,CP-GOG,SEC-TBILL,GL-1200,2026-03-19,0.2014,12148998.54,true
2025-09-18,SEC-TBILL-03,SECURITY_HOLDING,GHS,7445651.02,CP-GOG,SEC-TBILL,GL-1200,2025-12-18,0.2014,7445651.02,true
2025-09-18,SEC-TBILL-04,SECURITY_HOLDING,GHS,6096547.16,CP-GOG,SEC-TBILL,GL-1200,2026-09-17,0.2014,6096547.16,true
2025-09-18,SEC-TBILL-05,SECURITY_HOLDING,GHS,9776072.55,CP-GOG,SEC-TBILL,GL-1200,2026-03-19,0.2014,9776072.55,true
2025-09-18,SEC-BOND-06,SECURITY_HOLDING,GHS,5697364.40,CP-GOG,SEC-BOND,GL-1200,2027-09-18,0.2014,5697364.40,true
2025-09-18,SEC-BOND-07,SECURITY_HOLDING,GHS,9045612.18,CP-GOG,SEC-BOND,GL-1200,2030-09-17,0.2014,9045612.18,true
2025-09-18,SEC-BOND-08,SECURITY_HOLDING,GHS,9105255.96,CP-GOG,SEC-BOND,GL-1200,2028-09-17,0.2014,9105255.96,true
2025-09-18,SEC-BOND-09,SECURITY_HOLDING,GHS,13292707.35,CP-GOG,SEC-BOND,GL-1200,2030-09-17,0.2014,13292707.35,true
2025-09-19,SEC-TBILL-00,SECURITY_HOLDING,GHS,9879381.69,CP-GOG,SEC-TBILL,GL-1200,2026-03-20,0.2343,9879381.69,true
2025-09-19,SEC-TBILL-01,SECURITY_HOLDING,GHS,6488498.84,CP-GOG,SEC-TBILL,GL-1200,2025-12-19,0.2343,6488498.84,true
2025-09-19,SEC-TBILL-02,SECURITY_HOLDING,GHS,9700789.09,CP-GOG,SEC-TBILL,GL-1200,2025-12-19,0.2343,9700789.09,true
2025-09-19,SEC-TBILL-03,SECURITY_HOLDING,GHS,9192142.76,CP-GOG,SEC-TBILL,GL-1200,2026-09-18,0.2343,9192142.76,true
2025-09-19,SEC-TBILL-04,SECURITY_HOLDING,GHS,11745555.84,CP-GOG,SEC-TBILL,GL-1200,2026-09-18,0.2343,11745555.84,true
2025-09-19,SEC-TBILL-05,SECURITY_HOLDING,GHS,11205328.53,CP-GOG,SEC-TBILL,GL-1200,2025-12-19,0.2343,11205328.53,true
2025-09-19,SEC-BOND-06,SECURITY_HOLDING,GHS,7846269.43,CP-GOG,SEC-BOND,GL-1200,2027-09-19,0.2343,7846269.43,true
2025-09-19,SEC-BOND-07,SECURITY_HOLDING,GHS,7184283.12,CP-GOG,SEC-BOND,GL-1200,2030-09-18,0.2343,7184283.12,true
2025-09-19,SEC-BOND-08,SECURITY_HOLDING,GHS,10625828.90,CP-GOG,SEC-BOND,GL-1200,2030-09-18,0.2343,10625828.90,true
2025-09-19,SEC-BOND-09,SECURITY_HOLDING,GHS,7298785.85,CP-GOG,SEC-BOND,GL-1200,2028-09-18,0.2343,7298785.85,true
2025-09-22,SEC-TBILL-00,SECURITY_HOLDING,GHS,12660167.42,CP-GOG,SEC-TBILL,GL-1200,2025-12-22,0.2512,12660167.42,true
2025-09-22,SEC-TBILL-01,SECURITY_HOLDING,GHS,8704742.48,CP-GOG,SEC-TBILL,GL-1200,2025-12-22,0.2512,8704742.48,true
2025-09-22,SEC-TBILL-02,SECURITY_HOLDING,GHS,12461475.73,CP-GOG,SEC-TBILL,GL-1200,2026-03-23,0.2512,12461475.73,true
2025-09-22,SEC-TBILL-03,SECURITY_HOLDING,GHS,7941119.23,CP-GOG,SEC-TBILL,GL-1200,2025-12-22,0.2512,7941119.23,true
2025-09-22,SEC-TBILL-04,SECURITY_HOLDING,GHS,6644504.34,CP-GOG,SEC-TBILL,GL-1200,2026-03-23,0.2512,6644504.34,true
2025-09-22,SEC-TBILL-05,SECURITY_HOLDING,GHS,10180872.10,CP-GOG,SEC-TBILL,GL-1200,2026-09-21,0.2512,10180872.10,true
2025-09-22,SEC-BOND-06,SECURITY_HOLDING,GHS,6260852.41,CP-GOG,SEC-BOND,GL-1200,2027-09-22,0.2512,6260852.41,true
2025-09-22,SEC-BOND-07,SECURITY_HOLDING,GHS,9478831.42,CP-GOG,SEC-BOND,GL-1200,2030-09-21,0.2512,9478831.42,true
2025-09-22,SEC-BOND-08,SECURITY_HOLDING,GHS,9536154.67,CP-GOG,SEC-BOND,GL-1200,2028-09-21,0.2512,9536154.67,true
2025-09-22,SEC-BOND-09,SECURITY_HOLDING,GHS,5651754.17,CP-GOG,SEC-BOND,GL-1200,2030-09-21,0.2512,5651754.17,true
2025-09-23,SEC-TBILL-00,SECURITY_HOLDING,GHS,12521909.96,CP-GOG,SEC-TBILL,GL-1200,2025-12-23,0.2422,12521909.96,true
2025-09-23,SEC-TBILL-01,SECURITY_HOLDING,GHS,8510583.94,CP-GOG,SEC-TBILL,GL-1200,2026-03-24,0.2422,8510583.94,true
2025-09-23,SEC-TBILL-02,SECURITY_HOLDING,GHS,8300332.87,CP-GOG,SEC-TBILL,GL-1200,2026-03-24,0.2422,8300332.87,true
2025-09-23,SEC-TBILL-03,SECURITY_HOLDING,GHS,7698617.51,CP-GOG,SEC-TBILL,GL-1200,2025-12-23,0.2422,7698617.51,true
2025-09-23,SEC-TBILL-04,SECURITY_HOLDING,GHS,6319917.02,CP-GOG,SEC-TBILL,GL-1200,2026-03-24,0.2422,6319917.02,true
2025-09-23,SEC-TBILL-05,SECURITY_HOLDING,GHS,10080163.81,CP-GOG,SEC-TBILL,GL-1200,2026-09-22,0.2422,10080163.81,true
2025-09-23,SEC-BOND-06,SECURITY_HOLDING,GHS,10116791.15,CP-GOG,SEC-BOND,GL-1200,2027-09-23,0.2422,10116791.15,true
2025-09-23,SEC-BOND-07,SECURITY_HOLDING,GHS,9333678.60,CP-GOG,SEC-BOND,GL-1200,2028-09-22,0.2422,9333678.60,true
2025-09-23,SEC-BOND-08,SECURITY_HOLDING,GHS,9394630.85,CP-GOG,SEC-BOND,GL-1200,2030-09-22,0.2422,9394630.85,true
2025-09-23,SEC-BOND-09,SECURITY_HOLDING,GHS,9469132.36,CP-GOG,SEC-BOND,GL-1200,2030-09-22,0.2422,9469132.36,true
2025-09-24,SEC-TBILL-00,SECURITY_HOLDING,GHS,10304474.16,CP-GOG,SEC-TBILL,GL-1200,2025-12-24,0.2351,10304474.16,true
2025-09-24,SEC-TBILL-01,SECURITY_HOLDING,GHS,6794603.52,CP-GOG,SEC-TBILL,GL-1200,2026-09-23,0.2351,6794603.52,true
2025-09-24,SEC-TBILL-02,SECURITY_HOLDING,GHS,10119614.66,CP-GOG,SEC-TBILL,GL-1200,2025-12-24,0.2351,10119614.66,true
2025-09-24,SEC-TBILL-03,SECURITY_HOLDING,GHS,9593119.67,CP-GOG,SEC-TBILL,GL-1200,2026-03-25,0.2351,9593119.67,true
2025-09-24,SEC-TBILL-04,SECURITY_HOLDING,GHS,8386770.36,CP-GOG,SEC-TBILL,GL-1200,2025-12-24,0.2351,8386770.36,true
2025-09-24,SEC-TBILL-05,SECURITY_HOLDING,GHS,11676949.15,CP-GOG,SEC-TBILL,GL-1200,2025-12-24,0.2351,11676949.15,true
2025-09-24,SEC-BOND-06,SECURITY_HOLDING,GHS,8200018.96,CP-GOG,SEC-BOND,GL-1200,2028-09-23,0.2351,8200018.96,true
2025-09-24,SEC-BOND-07,SECURITY_HOLDING,GHS,7514803.22,CP-GOG,SEC-BOND,GL-1200,2030-09-23,0.2351,7514803.22,true
2025-09-24,SEC-BOND-08,SECURITY_HOLDING,GHS,11077114.58,CP-GOG,SEC-BOND,GL-1200,2030-09-23,0.2351,11077114.58,true
2025-09-24,SEC-BOND-09,SECURITY_HOLDING,GHS,7633323.92,CP-GOG,SEC-BOND,GL-1200,2030-09-23,0.2351,7633323.92,true
2025-09-25,SEC-TBILL-00,SECURITY_HOLDING,GHS,9482193.50,CP-GOG,SEC-TBILL,GL-1200,2025-12-25,0.2662,9482193.50,true
2025-09-25,SEC-TBILL-01,SECURITY_HOLDING,GHS,9481317.33,CP-GOG,SEC-TBILL,GL-1200,2026-09-24,0.2662,9481317.33,true
2025-09-25,SEC-TBILL-02,SECURITY_HOLDING,GHS,9300593.75,CP-GOG,SEC-TBILL,GL-1200,2026-09-24,0.2662,9300593.75,true
2025-09-25,SEC-TBILL-03,SECURITY_HOLDING,GHS,5169089.27,CP-GOG,SEC-TBILL,GL-1200,2026-09-24,0.2662,5169089.27,true
2025-09-25,SEC-TBILL-04,SECURITY_HOLDING,GHS,7598305.87,CP-GOG,SEC-TBILL,GL-1200,2026-03-26,0.2662,7598305.87,true
2025-09-25,SEC-TBILL-05,SECURITY_HOLDING,GHS,10830466.70,CP-GOG,SEC-TBILL,GL-1200,2026-09-24,0.2662,10830466.70,true
2025-09-25,SEC-BOND-06,SECURITY_HOLDING,GHS,10861950.13,CP-GOG,SEC-BOND,GL-1200,2028-09-24,0.2662,10861950.13,true
2025-09-25,SEC-BOND-07,SECURITY_HOLDING,GHS,10188817.26,CP-GOG,SEC-BOND,GL-1200,2027-09-25,0.2662,10188817.26,true
2025-09-25,SEC-BOND-08,SECURITY_HOLDING,GHS,10241209.43,CP-GOG,SEC-BOND,GL-1200,2027-09-25,0.2662,10241209.43,true
2025-09-25,SEC-BOND-09,SECURITY_HOLDING,GHS,10305248.00,CP-GOG,SEC-BOND,GL-1200,2030-09-24,0.2662,10305248.00,true
2025-09-26,SEC-TBILL-00,SECURITY_HOLDING,GHS,6541526.41,CP-GOG,SEC-TBILL,GL-1200,2025-12-26,0.2591,6541526.41,true
2025-09-26,SEC-TBILL-01,SECURITY_HOLDING,GHS,6756531.14,CP-GOG,SEC-TBILL,GL-1200,2026-03-27,0.2591,6756531.14,true
2025-09-26,SEC-TBILL-02,SECURITY_HOLDING,GHS,6306761.97,CP-GOG,SEC-TBILL,GL-1200,2025-12-26,0.2591,6306761.97,true
2025-09-26,SEC-TBILL-03,SECURITY_HOLDING,GHS,10310538.75,CP-GOG,SEC-TBILL,GL-1200,2026-03-27,0.2591,10310538.75,true
2025-09-26,SEC-TBILL-04,SECURITY_HOLDING,GHS,13667064.17,CP-GOG,SEC-TBILL,GL-1200,2026-09-25,0.2591,13667064.17,true
2025-09-26,SEC-TBILL-05,SECURITY_HOLDING,GHS,8500654.13,CP-GOG,SEC-TBILL,GL-1200,2026-03-27,0.2591,8500654.13,true
2025-09-26,SEC-BOND-06,SECURITY_HOLDING,GHS,13213759.69,CP-GOG,SEC-BOND,GL-1200,2028-09-25,0.2591,13213759.69,true
2025-09-26,SEC-BOND-07,SECURITY_HOLDING,GHS,7671156.99,CP-GOG,SEC-BOND,GL-1200,2028-09-25,0.2591,7671156.99,true
2025-09-26,SEC-BOND-08,SECURITY_HOLDING,GHS,7522749.96,CP-GOG,SEC-BOND,GL-1200,2030-09-25,0.2591,7522749.96,true
2025-09-26,SEC-BOND-09,SECURITY_HOLDING,GHS,12494078.83,CP-GOG,SEC-BOND,GL-1200,2027-09-26,0.2591,12494078.83,true
2025-09-29,SEC-TBILL-00,SECURITY_HOLDING,GHS,9621672.82,CP-GOG,SEC-TBILL,GL-1200,2025-12-29,0.2360,9621672.82,true
2025-09-29,SEC-TBILL-01,SECURITY_HOLDING,GHS,6369128.16,CP-GOG,SEC-TBILL,GL-1200,2026-09-28,0.2360,6369128.16,true
2025-09-29,SEC-TBILL-02,SECURITY_HOLDING,GHS,9450366.28,CP-GOG,SEC-TBILL,GL-1200,2025-12-29,0.2360,9450366.28,true
2025-09-29,SEC-TBILL-03,SECURITY_HOLDING,GHS,8962471.24,CP-GOG,SEC-TBILL,GL-1200,2026-03-30,0.2360,8962471.24,true
2025-09-29,SEC-TBILL-04,SECURITY_HOLDING,GHS,7844565.37,CP-GOG,SEC-TBILL,GL-1200,2026-03-30,0.2360,7844565.37,true
2025-09-29,SEC-TBILL-05,SECURITY_HOLDING,GHS,10893524.87,CP-GOG,SEC-TBILL,GL-1200,2026-03-30,0.2360,10893524.87,true
2025-09-29,SEC-BOND-06,SECURITY_HOLDING,GHS,7671505.64,CP-GOG,SEC-BOND,GL-1200,2028-09-28,0.2360,7671505.64,true
2025-09-29,SEC-BOND-07,SECURITY_HOLDING,GHS,10288244.61,CP-GOG,SEC-BOND,GL-1200,2027-09-29,0.2360,10288244.61,true
2025-09-29,SEC-BOND-08,SECURITY_HOLDING,GHS,10337667.15,CP-GOG,SEC-BOND,GL-1200,2030-09-28,0.2360,10337667.15,true
2025-09-29,SEC-BOND-09,SECURITY_HOLDING,GHS,7146357.81,CP-GOG,SEC-BOND,GL-1200,2028-09-28,0.2360,7146357.81,true
2025-09-30,SEC-TBILL-00,SECURITY_HOLDING,GHS,6232659.36,CP-GOG,SEC-TBILL,GL-1200,2025-12-30,0.2670,6232659.36,true
2025-09-30,SEC-TBILL-01,SECURITY_HOLDING,GHS,10310935.44,CP-GOG,SEC-TBILL,GL-1200,2026-03-31,0.2670,10310935.44,true
2025-09-30,SEC-TBILL-02,SECURITY_HOLDING,GHS,10115982.51,CP-GOG,SEC-TBILL,GL-1200,2026-03-31,0.2670,10115982.51,true
2025-09-30,SEC-TBILL-03,SECURITY_HOLDING,GHS,5659182.34,CP-GOG,SEC-TBILL,GL-1200,2026-09-29,0.2670,5659182.34,true
2025-09-30,SEC-TBILL-04,SECURITY_HOLDING,GHS,12178530.71,CP-GOG,SEC-TBILL,GL-1200,2026-09-29,0.2670,12178530.71,true
2025-09-30,SEC-TBILL-05,SECURITY_HOLDING,GHS,7867444.23,CP-GOG,SEC-TBILL,GL-1200,2026-09-29,0.2670,7867444.23,true
2025-09-30,SEC-BOND-06,SECURITY_HOLDING,GHS,11800272.93,CP-GOG,SEC-BOND,GL-1200,2030-09-29,0.2670,11800272.93,true
2025-09-30,SEC-BOND-07,SECURITY_HOLDING,GHS,7175274.26,CP-GOG,SEC-BOND,GL-1200,2027-09-30,0.2670,7175274.26,true
2025-09-30,SEC-BOND-08,SECURITY_HOLDING,GHS,11130657.95,CP-GOG,SEC-BOND,GL-1200,2030-09-29,0.2670,11130657.95,true
2025-09-30,SEC-BOND-09,SECURITY_HOLDING,GHS,11199738.63,CP-GOG,SEC-BOND,GL-1200,2030-09-29,0.2670,11199738.63,true
2025-10-01,SEC-TBILL-00,SECURITY_HOLDING,GHS,10503080.44,CP-GOG,SEC-TBILL,GL-1200,2026-09-30,0.2600,10503080.44,true
2025-10-01,SEC-TBILL-01,SECURITY_HOLDING,GHS,6364984.87,CP-GOG,SEC-TBILL,GL-1200,2026-04-01,0.2600,6364984.87,true
2025-10-01,SEC-TBILL-02,SECURITY_HOLDING,GHS,5947434.81,CP-GOG,SEC-TBILL,GL-1200,2026-04-01,0.2600,5947434.81,true
2025-10-01,SEC-TBILL-03,SECURITY_HOLDING,GHS,9664401.99,CP-GOG,SEC-TBILL,GL-1200,2026-04-01,0.2600,9664401.99,true
2025-10-01,SEC-TBILL-04,SECURITY_HOLDING,GHS,12780483.50,CP-GOG,SEC-TBILL,GL-1200,2025-12-31,0.2600,12780483.50,true
2025-10-01,SEC-TBILL-05,SECURITY_HOLDING,GHS,12121212.06,CP-GOG,SEC-TBILL,GL-1200,2025-12-31,0.2600,12121212.06,true
2025-10-01,SEC-BOND-06,SECURITY_HOLDING,GHS,8021952.89,CP-GOG,SEC-BOND,GL-1200,2027-10-01,0.2600,8021952.89,true
2025-10-01,SEC-BOND-07,SECURITY_HOLDING,GHS,7214091.71,CP-GOG,SEC-BOND,GL-1200,2028-09-30,0.2600,7214091.71,true
2025-10-01,SEC-BOND-08,SECURITY_HOLDING,GHS,11414014.28,CP-GOG,SEC-BOND,GL-1200,2030-09-30,0.2600,11414014.28,true
2025-10-01,SEC-BOND-09,SECURITY_HOLDING,GHS,7353826.20,CP-GOG,SEC-BOND,GL-1200,2028-09-30,0.2600,7353826.20,true
2025-10-02,SEC-TBILL-00,SECURITY_HOLDING,GHS,8836469.65,CP-GOG,SEC-TBILL,GL-1200,2026-04-02,0.2510,8836469.65,true
2025-10-02,SEC-TBILL-01,SECURITY_HOLDING,GHS,8835515.10,CP-GOG,SEC-TBILL,GL-1200,2026-04-02,0.2510,8835515.10,true
2025-10-02,SEC-TBILL-02,SECURITY_HOLDING,GHS,8638624.44,CP-GOG,SEC-TBILL,GL-1200,2026-04-02,0.2510,8638624.44,true
2025-10-02,SEC-TBILL-03,SECURITY_HOLDING,GHS,8075145.11,CP-GOG,SEC-TBILL,GL-1200,2026-10-01,0.2510,8075145.11,true
2025-10-02,SEC-TBILL-04,SECURITY_HOLDING,GHS,6784054.19,CP-GOG,SEC-TBILL,GL-1200,2026-01-01,0.2510,6784054.19,true
2025-10-02,SEC-TBILL-05,SECURITY_HOLDING,GHS,10305355.97,CP-GOG,SEC-TBILL,GL-1200,2026-01-01,0.2510,10305355.97,true
2025-10-02,SEC-BOND-06,SECURITY_HOLDING,GHS,10339655.82,CP-GOG,SEC-BOND,GL-1200,2028-10-01,0.2510,10339655.82,true
2025-10-02,SEC-BOND-07,SECURITY_HOLDING,GHS,9606306.19,CP-GOG,SEC-BOND,GL-1200,2027-10-02,0.2510,9606306.19,true
2025-10-02,SEC-BOND-08,SECURITY_HOLDING,GHS,9663385.22,CP-GOG,SEC-BOND,GL-1200,2030-10-01,0.2510,9663385.22,true
2025-10-02,SEC-BOND-09,SECURITY_HOLDING,GHS,9733152.53,CP-GOG,SEC-BOND,GL-1200,2027-10-02,0.2510,9733152.53,true
2025-10-03,SEC-TBILL-00,SECURITY_HOLDING,GHS,10864193.42,CP-GOG,SEC-TBILL,GL-1200,2026-01-02,0.2439,10864193.42,true
2025-10-03,SEC-TBILL-01,SECURITY_HOLDING,GHS,7433024.16,CP-GOG,SEC-TBILL,GL-1200,2026-01-02,0.2439,7433024.16,true
2025-10-03,SEC-TBILL-02,SECURITY_HOLDING,GHS,10683479.00,CP-GOG,SEC-TBILL,GL-1200,2026-04-03,0.2439,10683479.00,true
2025-10-03,SEC-TBILL-03,SECURITY_HOLDING,GHS,10168789.53,CP-GOG,SEC-TBILL,GL-1200,2026-01-02,0.2439,10168789.53,true
2025-10-03,SEC-TBILL-04,SECURITY_HOLDING,GHS,5559192.68,CP-GOG,SEC-TBILL,GL-1200,2026-01-02,0.2439,5559192.68,true
2025-10-03,SEC-TBILL-05,SECURITY_HOLDING,GHS,8775596.21,CP-GOG,SEC-TBILL,GL-1200,2026-01-02,0.2439,8775596.21,true
2025-10-03,SEC-BOND-06,SECURITY_HOLDING,GHS,8806926.15,CP-GOG,SEC-BOND,GL-1200,2028-10-02,0.2439,8806926.15,true
2025-10-03,SEC-BOND-07,SECURITY_HOLDING,GHS,8137074.91,CP-GOG,SEC-BOND,GL-1200,2028-10-02,0.2439,8137074.91,true
2025-10-03,SEC-BOND-08,SECURITY_HOLDING,GHS,11619509.02,CP-GOG,SEC-BOND,GL-1200,2028-10-02,0.2439,11619509.02,true
2025-10-03,SEC-BOND-09,SECURITY_HOLDING,GHS,8252938.03,CP-GOG,SEC-BOND,GL-1200,2027-10-03,0.2439,8252938.03,true
2025-10-06,SEC-TBILL-00,SECURITY_HOLDING,GHS,9784105.36,CP-GOG,SEC-TBILL,GL-1200,2026-04-06,0.2208,9784105.36,true
2025-10-06,SEC-TBILL-01,SECURITY_HOLDING,GHS,5962914.95,CP-GOG,SEC-TBILL,GL-1200,2026-04-06,0.2208,5962914.95,true
2025-10-06,SEC-TBILL-02,SECURITY_HOLDING,GHS,9582849.12,CP-GOG,SEC-TBILL,GL-1200,2026-04-06,0.2208,9582849.12,true
2025-10-06,SEC-TBILL-03,SECURITY_HOLDING,GHS,9009654.89,CP-GOG,SEC-TBILL,GL-1200,2026-01-05,0.2208,9009654.89,true
2025-10-06,SEC-TBILL-04,SECURITY_HOLDING,GHS,7696304.38,CP-GOG,SEC-TBILL,GL-1200,2026-04-06,0.2208,7696304.38,true
2025-10-06,SEC-TBILL-05,SECURITY_HOLDING,GHS,11278316.62,CP-GOG,SEC-TBILL,GL-1200,2026-01-05,0.2208,11278316.62,true
2025-10-06,SEC-BOND-06,SECURITY_HOLDING,GHS,7492988.44,CP-GOG,SEC-BOND,GL-1200,2027-10-06,0.2208,7492988.44,true
2025-10-06,SEC-BOND-07,SECURITY_HOLDING,GHS,10567214.59,CP-GOG,SEC-BOND,GL-1200,2028-10-05,0.2208,10567214.59,true
2025-10-06,SEC-BOND-08,SECURITY_HOLDING,GHS,10625277.72,CP-GOG,SEC-BOND,GL-1200,2028-10-05,0.2208,10625277.72,true
2025-10-06,SEC-BOND-09,SECURITY_HOLDING,GHS,6876028.47,CP-GOG,SEC-BOND,GL-1200,2027-10-06,0.2208,6876028.47,true
2025-10-07,SEC-TBILL-00,SECURITY_HOLDING,GHS,12097789.50,CP-GOG,SEC-TBILL,GL-1200,2026-01-06,0.2519,12097789.50,true
2025-10-07,SEC-TBILL-01,SECURITY_HOLDING,GHS,8512674.38,CP-GOG,SEC-TBILL,GL-1200,2026-10-06,0.2519,8512674.38,true
2025-10-07,SEC-TBILL-02,SECURITY_HOLDING,GHS,8324762.88,CP-GOG,SEC-TBILL,GL-1200,2026-04-07,0.2519,8324762.88,true
2025-10-07,SEC-TBILL-03,SECURITY_HOLDING,GHS,7786980.91,CP-GOG,SEC-TBILL,GL-1200,2026-10-06,0.2519,7786980.91,true
2025-10-07,SEC-TBILL-04,SECURITY_HOLDING,GHS,6554769.93,CP-GOG,SEC-TBILL,GL-1200,2026-01-06,0.2519,6554769.93,true
2025-10-07,SEC-TBILL-05,SECURITY_HOLDING,GHS,9915483.45,CP-GOG,SEC-TBILL,GL-1200,2026-10-06,0.2519,9915483.45,true
2025-10-07,SEC-BOND-06,SECURITY_HOLDING,GHS,9948219.07,CP-GOG,SEC-BOND,GL-1200,2028-10-06,0.2519,9948219.07,true
2025-10-07,SEC-BOND-07,SECURITY_HOLDING,GHS,9248313.69,CP-GOG,SEC-BOND,GL-1200,2027-10-07,0.2519,9248313.69,true
2025-10-07,SEC-BOND-08,SECURITY_HOLDING,GHS,9302789.65,CP-GOG,SEC-BOND,GL-1200,2027-10-07,0.2519,9302789.65,true
2025-10-07,SEC-BOND-09,SECURITY_HOLDING,GHS,9369375.23,CP-GOG,SEC-BOND,GL-1200,2028-10-06,0.2519,9369375.23,true
2025-10-08,SEC-TBILL-00,SECURITY_HOLDING,GHS,11353475.59,CP-GOG,SEC-TBILL,GL-1200,2026-04-08,0.2448,11353475.59,true
2025-10-08,SEC-TBILL-01,SECURITY_HOLDING,GHS,7792904.10,CP-GOG,SEC-TBILL,GL-1200,2026-10-07,0.2448,7792904.10,true
2025-10-08,SEC-TBILL-02,SECURITY_HOLDING,GHS,11165945.76,CP-GOG,SEC-TBILL,GL-1200,2026-01-07,0.2448,11165945.76,true
2025-10-08,SEC-TBILL-03,SECURITY_HOLDING,GHS,6899528.16,CP-GOG,SEC-TBILL,GL-1200,2026-04-08,0.2448,6899528.16,true
2025-10-08,SEC-TBILL-04,SECURITY_HOLDING,GHS,9580720.70,CP-GOG,SEC-TBILL,GL-1200,2026-04-08,0.2448,9580720.70,true
2025-10-08,SEC-TBILL-05,SECURITY_HOLDING,GHS,5281141.74,CP-GOG,SEC-TBILL,GL-1200,2026-10-07,0.2448,5281141.74,true
2025-10-08,SEC-BOND-06,SECURITY_HOLDING,GHS,9218621.08,CP-GOG,SEC-BOND,GL-1200,2027-10-08,0.2448,9218621.08,true
2025-10-08,SEC-BOND-07,SECURITY_HOLDING,GHS,8523507.24,CP-GOG,SEC-BOND,GL-1200,2028-10-07,0.2448,8523507.24,true
2025-10-08,SEC-BOND-08,SECURITY_HOLDING,GHS,12137276.98,CP-GOG,SEC-BOND,GL-1200,2030-10-07,0.2448,12137276.98,true
2025-10-08,SEC-BOND-09,SECURITY_HOLDING,GHS,8643740.00,CP-GOG,SEC-BOND,GL-1200,2028-10-07,0.2448,8643740.00,true
2025-10-09,SEC-TBILL-00,SECURITY_HOLDING,GHS,7317386.45,CP-GOG,SEC-TBILL,GL-1200,2026-01-08,0.2377,7317386.45,true
2025-10-09,SEC-TBILL-01,SECURITY_HOLDING,GHS,7316435.17,CP-GOG,SEC-TBILL,GL-1200,2026-10-08,0.2377,7316435.17,true
2025-10-09,SEC-TBILL-02,SECURITY_HOLDING,GHS,11044372.90,CP-GOG,SEC-TBILL,GL-1200,2026-01-08,0.2377,11044372.90,true
2025-10-09,SEC-TBILL-03,SECURITY_HOLDING,GHS,6558665.12,CP-GOG,SEC-TBILL,GL-1200,2026-10-08,0.2377,6558665.12,true
2025-10-09,SEC-TBILL-04,SECURITY_HOLDING,GHS,5271988.84,CP-GOG,SEC-TBILL,GL-1200,2026-10-08,0.2377,5271988.84,true
2025-10-09,SEC-TBILL-05,SECURITY_HOLDING,GHS,8781250.19,CP-GOG,SEC-TBILL,GL-1200,2026-04-09,0.2377,8781250.19,true
2025-10-09,SEC-BOND-06,SECURITY_HOLDING,GHS,12739587.93,CP-GOG,SEC-BOND,GL-1200,2027-10-09,0.2377,12739587.93,true
2025-10-09,SEC-BOND-07,SECURITY_HOLDING,GHS,8084590.68,CP-GOG,SEC-BOND,GL-1200,2028-10-08,0.2377,8084590.68,true
2025-10-09,SEC-BOND-08,SECURITY_HOLDING,GHS,8141474.55,CP-GOG,SEC-BOND,GL-1200,2028-10-08,0.2377,8141474.55,true
2025-10-09,SEC-BOND-09,SECURITY_HOLDING,GHS,12135158.46,CP-GOG,SEC-BOND,GL-1200,2027-10-09,0.2377,12135158.46,true
2025-10-10,SEC-TBILL-00,SECURITY_HOLDING,GHS,10149171.08,CP-GOG,SEC-TBILL,GL-1200,2026-10-09,0.2287,10149171.08,true
2025-10-10,SEC-TBILL-01,SECURITY_HOLDING,GHS,6483373.06,CP-GOG,SEC-TBILL,GL-1200,2026-10-09,0.2287,6483373.06,true
2025-10-10,SEC-TBILL-02,SECURITY_HOLDING,GHS,9956099.12,CP-GOG,SEC-TBILL,GL-1200,2026-01-09,0.2287,9956099.12,true
2025-10-10,SEC-TBILL-03,SECURITY_HOLDING,GHS,9406214.38,CP-GOG,SEC-TBILL,GL-1200,2026-04-10,0.2287,9406214.38,true
2025-10-10,SEC-TBILL-04,SECURITY_HOLDING,GHS,12166644.93,CP-GOG,SEC-TBILL,GL-1200,2026-10-09,0.2287,12166644.93,true
2025-10-10,SEC-TBILL-05,SECURITY_HOLDING,GHS,7917752.30,CP-GOG,SEC-TBILL,GL-1200,2026-10-09,0.2287,7917752.30,true
2025-10-10,SEC-BOND-06,SECURITY_HOLDING,GHS,7951224.63,CP-GOG,SEC-BOND,GL-1200,2027-10-10,0.2287,7951224.63,true
2025-10-10,SEC-BOND-07,SECURITY_HOLDING,GHS,7235567.91,CP-GOG,SEC-BOND,GL-1200,2027-10-10,0.2287,7235567.91,true
2025-10-10,SEC-BOND-08,SECURITY_HOLDING,GHS,10956136.35,CP-GOG,SEC-BOND,GL-1200,2028-10-09,0.2287,10956136.35,true
2025-10-10,SEC-BOND-09,SECURITY_HOLDING,GHS,7359353.93,CP-GOG,SEC-BOND,GL-1200,2030-10-09,0.2287,7359353.93,true
2025-10-13,SEC-TBILL-00,SECURITY_HOLDING,GHS,10937771.40,CP-GOG,SEC-TBILL,GL-1200,2026-01-12,0.2456,10937771.40,true
2025-10-13,SEC-TBILL-01,SECURITY_HOLDING,GHS,11102077.49,CP-GOG,SEC-TBILL,GL-1200,2026-04-13,0.2456,11102077.49,true
2025-10-13,SEC-TBILL-02,SECURITY_HOLDING,GHS,10758365.00,CP-GOG,SEC-TBILL,GL-1200,2026-10-12,0.2456,10758365.00,true
2025-10-13,SEC-TBILL-03,SECURITY_HOLDING,GHS,6676760.47,CP-GOG,SEC-TBILL,GL-1200,2026-04-13,0.2456,6676760.47,true
2025-10-13,SEC-TBILL-04,SECURITY_HOLDING,GHS,5505996.80,CP-GOG,SEC-TBILL,GL-1200,2026-01-12,0.2456,5505996.80,true
2025-10-13,SEC-TBILL-05,SECURITY_HOLDING,GHS,8699119.88,CP-GOG,SEC-TBILL,GL-1200,2026-01-12,0.2456,8699119.88,true
2025-10-13,SEC-BOND-06,SECURITY_HOLDING,GHS,8895394.71,CP-GOG,SEC-BOND,GL-1200,2030-10-12,0.2456,8895394.71,true
2025-10-13,SEC-BOND-07,SECURITY_HOLDING,GHS,11801032.29,CP-GOG,SEC-BOND,GL-1200,2030-10-12,0.2456,11801032.29,true
2025-10-13,SEC-BOND-08,SECURITY_HOLDING,GHS,8116979.60,CP-GOG,SEC-BOND,GL-1200,2030-10-12,0.2456,8116979.60,true
2025-10-13,SEC-BOND-09,SECURITY_HOLDING,GHS,8345416.38,CP-GOG,SEC-BOND,GL-1200,2028-10-12,0.2456,8345416.38,true
2025-10-14,SEC-TBILL-00,SECURITY_HOLDING,GHS,8732177.10,CP-GOG,SEC-TBILL,GL-1200,2026-04-14,0.2367,8732177.10,true
2025-10-14,SEC-TBILL-01,SECURITY_HOLDING,GHS,8731054.73,CP-GOG,SEC-TBILL,GL-1200,2026-04-14,0.2367,8731054.73,true
2025-10-14,SEC-TBILL-02,SECURITY_HOLDING,GHS,8499545.63,CP-GOG,SEC-TBILL,GL-1200,2026-04-14,0.2367,8499545.63,true
2025-10-14,SEC-TBILL-03,SECURITY_HOLDING,GHS,7836992.15,CP-GOG,SEC-TBILL,GL-1200,2026-01-13,0.2367,7836992.15,true
2025-10-14,SEC-TBILL-04,SECURITY_HOLDING,GHS,6318894.28,CP-GOG,SEC-TBILL,GL-1200,2026-04-14,0.2367,6318894.28,true
2025-10-14,SEC-TBILL-05,SECURITY_HOLDING,GHS,10459331.38,CP-GOG,SEC-TBILL,GL-1200,2026-01-13,0.2367,10459331.38,true
2025-10-14,SEC-BOND-06,SECURITY_HOLDING,GHS,10499662.03,CP-GOG,SEC-BOND,GL-1200,2030-10-13,0.2367,10499662.03,true
2025-10-14,SEC-BOND-07,SECURITY_HOLDING,GHS,9637370.69,CP-GOG,SEC-BOND,GL-1200,2030-10-13,0.2367,9637370.69,true
2025-10-14,SEC-BOND-08,SECURITY_HOLDING,GHS,9704485.68,CP-GOG,SEC-BOND,GL-1200,2030-10-13,0.2367,9704485.68,true
2025-10-14,SEC-BOND-09,SECURITY_HOLDING,GHS,9786519.87,CP-GOG,SEC-BOND,GL-1200,2030-10-13,0.2367,9786519.87,true
2025-10-15,SEC-TBILL-00,SECURITY_HOLDING,GHS,10164273.17,CP-GOG,SEC-TBILL,GL-1200,2026-04-15,0.2296,10164273.17,true
2025-10-15,SEC-TBILL-01,SECURITY_HOLDING,GHS,6522410.24,CP-GOG,SEC-TBILL,GL-1200,2026-10-14,0.2296,6522410.24,true
2025-10-15,SEC-TBILL-02,SECURITY_HOLDING,GHS,9972461.83,CP-GOG,SEC-TBILL,GL-1200,2026-04-15,0.2296,9972461.83,true
2025-10-15,SEC-TBILL-03,SECURITY_HOLDING,GHS,9426167.45,CP-GOG,SEC-TBILL,GL-1200,2026-01-14,0.2296,9426167.45,true
2025-10-15,SEC-TBILL-04,SECURITY_HOLDING,GHS,12168574.33,CP-GOG,SEC-TBILL,GL-1200,2026-10-14,0.2296,12168574.33,true
2025-10-15,SEC-TBILL-05,SECURITY_HOLDING,GHS,7947423.99,CP-GOG,SEC-TBILL,GL-1200,2026-10-14,0.2296,7947423.99,true
2025-10-15,SEC-BOND-06,SECURITY_HOLDING,GHS,7980677.77,CP-GOG,SEC-BOND,GL-1200,2030-10-14,0.2296,7980677.77,true
2025-10-15,SEC-BOND-07,SECURITY_HOLDING,GHS,7269693.78,CP-GOG,SEC-BOND,GL-1200,2028-10-14,0.2296,7269693.78,true
2025-10-15,SEC-BOND-08,SECURITY_HOLDING,GHS,10965969.52,CP-GOG,SEC-BOND,GL-1200,2027-10-15,0.2296,10965969.52,true
2025-10-15,SEC-BOND-09,SECURITY_HOLDING,GHS,7392671.57,CP-GOG,SEC-BOND,GL-1200,2030-10-14,0.2296,7392671.57,true
2025-10-16,SEC-TBILL-00,SECURITY_HOLDING,GHS,8626320.35,CP-GOG,SEC-TBILL,GL-1200,2026-04-16,0.2225,8626320.35,true
2025-10-16,SEC-TBILL-01,SECURITY_HOLDING,GHS,8625478.94,CP-GOG,SEC-TBILL,GL-1200,2026-01-15,0.2225,8625478.94,true
2025-10-16,SEC-TBILL-02,SECURITY_HOLDING,GHS,8451922.99,CP-GOG,SEC-TBILL,GL-1200,2026-04-16,0.2225,8451922.99,true
2025-10-16,SEC-TBILL-03,SECURITY_HOLDING,GHS,11426172.87,CP-GOG,SEC-TBILL,GL-1200,2026-04-16,0.2225,11426172.87,true
2025-10-16,SEC-TBILL-04,SECURITY_HOLDING,GHS,6817149.17,CP-GOG,SEC-TBILL,GL-1200,2026-10-15,0.2225,6817149.17,true
2025-10-16,SEC-TBILL-05,SECURITY_HOLDING,GHS,9921120.00,CP-GOG,SEC-TBILL,GL-1200,2026-01-15,0.2225,9921120.00,true
2025-10-16,SEC-BOND-06,SECURITY_HOLDING,GHS,9951354.77,CP-GOG,SEC-BOND,GL-1200,2030-10-15,0.2225,9951354.77,true
2025-10-16,SEC-BOND-07,SECURITY_HOLDING,GHS,9304918.87,CP-GOG,SEC-BOND,GL-1200,2030-10-15,0.2225,9304918.87,true
2025-10-16,SEC-BOND-08,SECURITY_HOLDING,GHS,9355233.12,CP-GOG,SEC-BOND,GL-1200,2027-10-16,0.2225,9355233.12,true
2025-10-16,SEC-BOND-09,SECURITY_HOLDING,GHS,9416731.88,CP-GOG,SEC-BOND,GL-1200,2028-10-15,0.2225,9416731.88,true
2025-10-17,SEC-TBILL-00,SECURITY_HOLDING,GHS,11676110.27,CP-GOG,SEC-TBILL,GL-1200,2026-01-16,0.2536,11676110.27,true
2025-10-17,SEC-TBILL-01,SECURITY_HOLDING,GHS,11840831.03,CP-GOG,SEC-TBILL,GL-1200,2026-04-17,0.2536,11840831.03,true
2025-10-17,SEC-TBILL-02,SECURITY_HOLDING,GHS,11496251.08,CP-GOG,SEC-TBILL,GL-1200,2026-04-17,0.2536,11496251.08,true
2025-10-17,SEC-TBILL-03,SECURITY_HOLDING,GHS,7404345.36,CP-GOG,SEC-TBILL,GL-1200,2026-01-16,0.2536,7404345.36,true
2025-10-17,SEC-TBILL-04,SECURITY_HOLDING,GHS,9975867.45,CP-GOG,SEC-TBILL,GL-1200,2026-04-17,0.2536,9975867.45,true
2025-10-17,SEC-TBILL-05,SECURITY_HOLDING,GHS,6017745.32,CP-GOG,SEC-TBILL,GL-1200,2026-10-16,0.2536,6017745.32,true
2025-10-17,SEC-BOND-06,SECURITY_HOLDING,GHS,9628579.01,CP-GOG,SEC-BOND,GL-1200,2027-10-17,0.2536,9628579.01,true
2025-10-17,SEC-BOND-07,SECURITY_HOLDING,GHS,5382245.82,CP-GOG,SEC-BOND,GL-1200,2028-10-16,0.2536,5382245.82,true
2025-10-17,SEC-BOND-08,SECURITY_HOLDING,GHS,9013787.85,CP-GOG,SEC-BOND,GL-1200,2030-10-16,0.2536,9013787.85,true
2025-10-17,SEC-BOND-09,SECURITY_HOLDING,GHS,9077212.64,CP-GOG,SEC-BOND,GL-1200,2027-10-17,0.2536,9077212.64,true
2025-10-20,SEC-TBILL-00,SECURITY_HOLDING,GHS,9772970.03,CP-GOG,SEC-TBILL,GL-1200,2026-10-19,0.2305,9772970.03,true
2025-10-20,SEC-TBILL-01,SECURITY_HOLDING,GHS,6299120.71,CP-GOG,SEC-TBILL,GL-1200,2026-10-19,0.2305,6299120.71,true
2025-10-20,SEC-TBILL-02,SECURITY_HOLDING,GHS,9590007.71,CP-GOG,SEC-TBILL,GL-1200,2026-10-19,0.2305,9590007.71,true
2025-10-20,SEC-TBILL-03,SECURITY_HOLDING,GHS,9068916.07,CP-GOG,SEC-TBILL,GL-1200,2026-01-19,0.2305,9068916.07,true
2025-10-20,SEC-TBILL-04,SECURITY_HOLDING,GHS,11684804.81,CP-GOG,SEC-TBILL,GL-1200,2026-04-20,0.2305,11684804.81,true
2025-10-20,SEC-TBILL-05,SECURITY_HOLDING,GHS,11131359.49,CP-GOG,SEC-TBILL,GL-1200,2026-04-20,0.2305,11131359.49,true
2025-10-20,SEC-BOND-06,SECURITY_HOLDING,GHS,7690112.56,CP-GOG,SEC-BOND,GL-1200,2030-10-19,0.2305,7690112.56,true
2025-10-20,SEC-BOND-07,SECURITY_HOLDING,GHS,7011929.10,CP-GOG,SEC-BOND,GL-1200,2028-10-19,0.2305,7011929.10,true
2025-10-20,SEC-BOND-08,SECURITY_HOLDING,GHS,10537680.95,CP-GOG,SEC-BOND,GL-1200,2030-10-19,0.2305,10537680.95,true
2025-10-20,SEC-BOND-09,SECURITY_HOLDING,GHS,7129233.43,CP-GOG,SEC-BOND,GL-1200,2028-10-19,0.2305,7129233.43,true
2025-10-21,SEC-TBILL-00,SECURITY_HOLDING,GHS,8977126.48,CP-GOG,SEC-TBILL,GL-1200,2026-10-20,0.2615,8977126.48,true
2025-10-21,SEC-TBILL-01,SECURITY_HOLDING,GHS,8976258.29,CP-GOG,SEC-TBILL,GL-1200,2026-10-20,0.2615,8976258.29,true
2025-10-21,SEC-TBILL-02,SECURITY_HOLDING,GHS,8797180.18,CP-GOG,SEC-TBILL,GL-1200,2026-10-20,0.2615,8797180.18,true
2025-10-21,SEC-TBILL-03,SECURITY_HOLDING,GHS,11866064.10,CP-GOG,SEC-TBILL,GL-1200,2026-04-21,0.2615,11866064.10,true
2025-10-21,SEC-TBILL-04,SECURITY_HOLDING,GHS,10691777.19,CP-GOG,SEC-TBILL,GL-1200,2026-01-20,0.2615,10691777.19,true
2025-10-21,SEC-TBILL-05,SECURITY_HOLDING,GHS,6731738.07,CP-GOG,SEC-TBILL,GL-1200,2026-01-20,0.2615,6731738.07,true
2025-10-21,SEC-BOND-06,SECURITY_HOLDING,GHS,10344320.55,CP-GOG,SEC-BOND,GL-1200,2028-10-20,0.2615,10344320.55,true
2025-10-21,SEC-BOND-07,SECURITY_HOLDING,GHS,6095930.79,CP-GOG,SEC-BOND,GL-1200,2028-10-20,0.2615,6095930.79,true
2025-10-21,SEC-BOND-08,SECURITY_HOLDING,GHS,9729231.63,CP-GOG,SEC-BOND,GL-1200,2027-10-21,0.2615,9729231.63,true
2025-10-21,SEC-BOND-09,SECURITY_HOLDING,GHS,9792687.14,CP-GOG,SEC-BOND,GL-1200,2028-10-20,0.2615,9792687.14,true
2025-10-22,SEC-TBILL-00,SECURITY_HOLDING,GHS,8931580.09,CP-GOG,SEC-TBILL,GL-1200,2026-01-21,0.2544,8931580.09,true
2025-10-22,SEC-TBILL-01,SECURITY_HOLDING,GHS,13023609.88,CP-GOG,SEC-TBILL,GL-1200,2026-04-22,0.2544,13023609.88,true
2025-10-22,SEC-TBILL-02,SECURITY_HOLDING,GHS,12647036.42,CP-GOG,SEC-TBILL,GL-1200,2026-04-22,0.2544,12647036.42,true
2025-10-22,SEC-TBILL-03,SECURITY_HOLDING,GHS,8175205.99,CP-GOG,SEC-TBILL,GL-1200,2026-01-21,0.2544,8175205.99,true
2025-10-22,SEC-TBILL-04,SECURITY_HOLDING,GHS,10985488.42,CP-GOG,SEC-TBILL,GL-1200,2026-01-21,0.2544,10985488.42,true
2025-10-22,SEC-TBILL-05,SECURITY_HOLDING,GHS,6659863.09,CP-GOG,SEC-TBILL,GL-1200,2026-04-22,0.2544,6659863.09,true
2025-10-22,SEC-BOND-06,SECURITY_HOLDING,GHS,6693939.92,CP-GOG,SEC-BOND,GL-1200,2030-10-21,0.2544,6693939.92,true
2025-10-22,SEC-BOND-07,SECURITY_HOLDING,GHS,5965358.83,CP-GOG,SEC-BOND,GL-1200,2030-10-21,0.2544,5965358.83,true
2025-10-22,SEC-BOND-08,SECURITY_HOLDING,GHS,9753118.72,CP-GOG,SEC-BOND,GL-1200,2027-10-22,0.2544,9753118.72,true
2025-10-22,SEC-BOND-09,SECURITY_HOLDING,GHS,6091380.36,CP-GOG,SEC-BOND,GL-1200,2027-10-22,0.2544,6091380.36,true
2025-10-23,SEC-TBILL-00,SECURITY_HOLDING,GHS,8832109.96,CP-GOG,SEC-TBILL,GL-1200,2026-04-23,0.2073,8832109.96,true
2025-10-23,SEC-TBILL-01,SECURITY_HOLDING,GHS,8831093.26,CP-GOG,SEC-TBILL,GL-1200,2026-01-22,0.2073,8831093.26,true
2025-10-23,SEC-TBILL-02,SECURITY_HOLDING,GHS,8621381.87,CP-GOG,SEC-TBILL,GL-1200,2026-04-23,0.2073,8621381.87,true
2025-10-23,SEC-TBILL-03,SECURITY_HOLDING,GHS,8021211.03,CP-GOG,SEC-TBILL,GL-1200,2026-01-22,0.2073,8021211.03,true
2025-10-23,SEC-TBILL-04,SECURITY_HOLDING,GHS,6646049.45,CP-GOG,SEC-TBILL,GL-1200,2026-04-23,0.2073,6646049.45,true
2025-10-23,SEC-TBILL-05,SECURITY_HOLDING,GHS,10396644.26,CP-GOG,SEC-TBILL,GL-1200,2026-10-22,0.2073,10396644.26,true
2025-10-23,SEC-BOND-06,SECURITY_HOLDING,GHS,10433177.59,CP-GOG,SEC-BOND,GL-1200,2027-10-23,0.2073,10433177.59,true
2025-10-23,SEC-BOND-07,SECURITY_HOLDING,GHS,9652075.17,CP-GOG,SEC-BOND,GL-1200,2030-10-22,0.2073,9652075.17,true
2025-10-23,SEC-BOND-08,SECURITY_HOLDING,GHS,9712870.96,CP-GOG,SEC-BOND,GL-1200,2030-10-22,0.2073,9712870.96,true
2025-10-23,SEC-BOND-09,SECURITY_HOLDING,GHS,9787181.24,CP-GOG,SEC-BOND,GL-1200,2030-10-22,0.2073,9787181.24,true
2025-10-24,SEC-TBILL-00,SECURITY_HOLDING,GHS,11441727.73,CP-GOG,SEC-TBILL,GL-1200,2026-04-24,0.2384,11441727.73,true
2025-10-24,SEC-TBILL-01,SECURITY_HOLDING,GHS,7654859.85,CP-GOG,SEC-TBILL,GL-1200,2026-01-23,0.2384,7654859.85,true
2025-10-24,SEC-TBILL-02,SECURITY_HOLDING,GHS,11242279.21,CP-GOG,SEC-TBILL,GL-1200,2026-01-23,0.2384,11242279.21,true
2025-10-24,SEC-TBILL-03,SECURITY_HOLDING,GHS,10674233.49,CP-GOG,SEC-TBILL,GL-1200,2026-01-23,0.2384,10674233.49,true
2025-10-24,SEC-TBILL-04,SECURITY_HOLDING,GHS,5586774.10,CP-GOG,SEC-TBILL,GL-1200,2026-04-24,0.2384,5586774.10,true
2025-10-24,SEC-TBILL-05,SECURITY_HOLDING,GHS,9136612.16,CP-GOG,SEC-TBILL,GL-1200,2026-01-23,0.2384,9136612.16,true
2025-10-24,SEC-BOND-06,SECURITY_HOLDING,GHS,9171189.98,CP-GOG,SEC-BOND,GL-1200,2030-10-23,0.2384,9171189.98,true
2025-10-24,SEC-BOND-07,SECURITY_HOLDING,GHS,8431897.35,CP-GOG,SEC-BOND,GL-1200,2030-10-23,0.2384,8431897.35,true
2025-10-24,SEC-BOND-08,SECURITY_HOLDING,GHS,8489438.95,CP-GOG,SEC-BOND,GL-1200,2028-10-23,0.2384,8489438.95,true
2025-10-24,SEC-BOND-09,SECURITY_HOLDING,GHS,8559771.64,CP-GOG,SEC-BOND,GL-1200,2030-10-23,0.2384,8559771.64,true
2025-10-27,SEC-TBILL-00,SECURITY_HOLDING,GHS,9805578.93,CP-GOG,SEC-TBILL,GL-1200,2026-10-26,0.2153,9805578.93,true
2025-10-27,SEC-TBILL-01,SECURITY_HOLDING,GHS,5746280.66,CP-GOG,SEC-TBILL,GL-1200,2026-01-26,0.2153,5746280.66,true
2025-10-27,SEC-TBILL-02,SECURITY_HOLDING,GHS,9591781.92,CP-GOG,SEC-TBILL,GL-1200,2026-04-27,0.2153,9591781.92,true
2025-10-27,SEC-TBILL-03,SECURITY_HOLDING,GHS,8982870.53,CP-GOG,SEC-TBILL,GL-1200,2026-04-27,0.2153,8982870.53,true
2025-10-27,SEC-TBILL-04,SECURITY_HOLDING,GHS,12039615.84,CP-GOG,SEC-TBILL,GL-1200,2026-01-26,0.2153,12039615.84,true
2025-10-27,SEC-TBILL-05,SECURITY_HOLDING,GHS,11392898.21,CP-GOG,SEC-TBILL,GL-1200,2026-01-26,0.2153,11392898.21,true
2025-10-27,SEC-BOND-06,SECURITY_HOLDING,GHS,7371696.82,CP-GOG,SEC-BOND,GL-1200,2030-10-26,0.2153,7371696.82,true
2025-10-27,SEC-BOND-07,SECURITY_HOLDING,GHS,6579218.88,CP-GOG,SEC-BOND,GL-1200,2028-10-26,0.2153,6579218.88,true
2025-10-27,SEC-BOND-08,SECURITY_HOLDING,GHS,10699166.83,CP-GOG,SEC-BOND,GL-1200,2027-10-27,0.2153,10699166.83,true
2025-10-27,SEC-BOND-09,SECURITY_HOLDING,GHS,6716292.55,CP-GOG,SEC-BOND,GL-1200,2030-10-26,0.2153,6716292.55,true
2025-10-28,SEC-TBILL-00,SECURITY_HOLDING,GHS,8848605.37,CP-GOG,SEC-TBILL,GL-1200,2026-04-28,0.2463,8848605.37,true
2025-10-28,SEC-TBILL-01,SECURITY_HOLDING,GHS,8847596.98,CP-GOG,SEC-TBILL,GL-1200,2026-01-27,0.2463,8847596.98,true
2025-10-28,SEC-TBILL-02,SECURITY_HOLDING,GHS,8639599.16,CP-GOG,SEC-TBILL,GL-1200,2026-01-27,0.2463,8639599.16,true
2025-10-28,SEC-TBILL-03,SECURITY_HOLDING,GHS,8044332.36,CP-GOG,SEC-TBILL,GL-1200,2026-10-27,0.2463,8044332.36,true
2025-10-28,SEC-TBILL-04,SECURITY_HOLDING,GHS,6680407.35,CP-GOG,SEC-TBILL,GL-1200,2026-04-28,0.2463,6680407.35,true
2025-10-28,SEC-TBILL-05,SECURITY_HOLDING,GHS,10400355.72,CP-GOG,SEC-TBILL,GL-1200,2026-10-27,0.2463,10400355.72,true
2025-10-28,SEC-BOND-06,SECURITY_HOLDING,GHS,10436590.53,CP-GOG,SEC-BOND,GL-1200,2027-10-28,0.2463,10436590.53,true
2025-10-28,SEC-BOND-07,SECURITY_HOLDING,GHS,9661870.57,CP-GOG,SEC-BOND,GL-1200,2027-10-28,0.2463,9661870.57,true
2025-10-28,SEC-BOND-08,SECURITY_HOLDING,GHS,9722169.59,CP-GOG,SEC-BOND,GL-1200,2027-10-28,0.2463,9722169.59,true
2025-10-28,SEC-BOND-09,SECURITY_HOLDING,GHS,9795872.67,CP-GOG,SEC-BOND,GL-1200,2027-10-28,0.2463,9795872.67,true
2025-10-29,SEC-TBILL-00,SECURITY_HOLDING,GHS,10981585.19,CP-GOG,SEC-TBILL,GL-1200,2026-01-28,0.2392,10981585.19,true
2025-10-29,SEC-TBILL-01,SECURITY_HOLDING,GHS,7373690.18,CP-GOG,SEC-TBILL,GL-1200,2026-04-29,0.2392,7373690.18,true
2025-10-29,SEC-TBILL-02,SECURITY_HOLDING,GHS,10791562.89,CP-GOG,SEC-TBILL,GL-1200,2026-01-28,0.2392,10791562.89,true
2025-10-29,SEC-TBILL-03,SECURITY_HOLDING,GHS,6468440.38,CP-GOG,SEC-TBILL,GL-1200,2026-10-28,0.2392,6468440.38,true
2025-10-29,SEC-TBILL-04,SECURITY_HOLDING,GHS,9185268.63,CP-GOG,SEC-TBILL,GL-1200,2026-10-28,0.2392,9185268.63,true
2025-10-29,SEC-TBILL-05,SECURITY_HOLDING,GHS,8785412.72,CP-GOG,SEC-TBILL,GL-1200,2026-10-28,0.2392,8785412.72,true
2025-10-29,SEC-BOND-06,SECURITY_HOLDING,GHS,8818356.34,CP-GOG,SEC-BOND,GL-1200,2028-10-28,0.2392,8818356.34,true
2025-10-29,SEC-BOND-07,SECURITY_HOLDING,GHS,8114003.76,CP-GOG,SEC-BOND,GL-1200,2028-10-28,0.2392,8114003.76,true
2025-10-29,SEC-BOND-08,SECURITY_HOLDING,GHS,11775804.07,CP-GOG,SEC-BOND,GL-1200,2030-10-28,0.2392,11775804.07,true
2025-10-29,SEC-BOND-09,SECURITY_HOLDING,GHS,8235834.52,CP-GOG,SEC-BOND,GL-1200,2028-10-28,0.2392,8235834.52,true
2025-10-30,SEC-TBILL-00,SECURITY_HOLDING,GHS,6986471.13,CP-GOG,SEC-TBILL,GL-1200,2026-10-29,0.2322,6986471.13,true
2025-10-30,SEC-TBILL-01,SECURITY_HOLDING,GHS,6985490.15,CP-GOG,SEC-TBILL,GL-1200,2026-10-29,0.2322,6985490.15,true
2025-10-30,SEC-TBILL-02,SECURITY_HOLDING,GHS,10829826.05,CP-GOG,SEC-TBILL,GL-1200,2026-10-29,0.2322,10829826.05,true
2025-10-30,SEC-TBILL-03,SECURITY_HOLDING,GHS,6204060.08,CP-GOG,SEC-TBILL,GL-1200,2026-04-30,0.2322,6204060.08,true
2025-10-30,SEC-TBILL-04,SECURITY_HOLDING,GHS,12970569.38,CP-GOG,SEC-TBILL,GL-1200,2026-10-29,0.2322,12970569.38,true
2025-10-30,SEC-TBILL-05,SECURITY_HOLDING,GHS,8496041.39,CP-GOG,SEC-TBILL,GL-1200,2026-01-29,0.2322,8496041.39,true
2025-10-30,SEC-BOND-06,SECURITY_HOLDING,GHS,12577971.12,CP-GOG,SEC-BOND,GL-1200,2030-10-29,0.2322,12577971.12,true
2025-10-30,SEC-BOND-07,SECURITY_HOLDING,GHS,7777629.94,CP-GOG,SEC-BOND,GL-1200,2030-10-29,0.2322,7777629.94,true
2025-10-30,SEC-BOND-08,SECURITY_HOLDING,GHS,7836289.90,CP-GOG,SEC-BOND,GL-1200,2027-10-30,0.2322,7836289.90,true
2025-10-30,SEC-BOND-09,SECURITY_HOLDING,GHS,11954669.43,CP-GOG,SEC-BOND,GL-1200,2028-10-29,0.2322,11954669.43,true
2025-10-31,SEC-TBILL-00,SECURITY_HOLDING,GHS,11180380.00,CP-GOG,SEC-TBILL,GL-1200,2026-10-30,0.2232,11180380.00,true
2025-10-31,SEC-TBILL-01,SECURITY_HOLDING,GHS,6919093.76,CP-GOG,SEC-TBILL,GL-1200,2026-01-30,0.2232,6919093.76,true
2025-10-31,SEC-TBILL-02,SECURITY_HOLDING,GHS,10955944.59,CP-GOG,SEC-TBILL,GL-1200,2026-05-01,0.2232,10955944.59,true
2025-10-31,SEC-TBILL-03,SECURITY_HOLDING,GHS,6056530.77,CP-GOG,SEC-TBILL,GL-1200,2026-10-30,0.2232,6056530.77,true
2025-10-31,SEC-TBILL-04,SECURITY_HOLDING,GHS,13525581.10,CP-GOG,SEC-TBILL,GL-1200,2026-10-30,0.2232,13525581.10,true
2025-10-31,SEC-TBILL-05,SECURITY_HOLDING,GHS,8586479.82,CP-GOG,SEC-TBILL,GL-1200,2026-10-30,0.2232,8586479.82,true
2025-10-31,SEC-BOND-06,SECURITY_HOLDING,GHS,8625389.55,CP-GOG,SEC-BOND,GL-1200,2027-10-31,0.2232,8625389.55,true
2025-10-31,SEC-BOND-07,SECURITY_HOLDING,GHS,7793478.43,CP-GOG,SEC-BOND,GL-1200,2027-10-31,0.2232,7793478.43,true
2025-10-31,SEC-BOND-08,SECURITY_HOLDING,GHS,7858228.83,CP-GOG,SEC-BOND,GL-1200,2027-10-31,0.2232,7858228.83,true
2025-10-31,SEC-BOND-09,SECURITY_HOLDING,GHS,7937372.79,CP-GOG,SEC-BOND,GL-1200,2030-10-30,0.2232,7937372.79,true
2025-11-03,SEC-TBILL-00,SECURITY_HOLDING,GHS,7229140.22,CP-GOG,SEC-TBILL,GL-1200,2026-05-04,0.2401,7229140.22,true
2025-11-03,SEC-TBILL-01,SECURITY_HOLDING,GHS,11157308.25,CP-GOG,SEC-TBILL,GL-1200,2026-11-02,0.2401,11157308.25,true
2025-11-03,SEC-TBILL-02,SECURITY_HOLDING,GHS,10795814.34,CP-GOG,SEC-TBILL,GL-1200,2026-11-02,0.2401,10795814.34,true
2025-11-03,SEC-TBILL-03,SECURITY_HOLDING,GHS,6503054.47,CP-GOG,SEC-TBILL,GL-1200,2026-11-02,0.2401,6503054.47,true
2025-11-03,SEC-TBILL-04,SECURITY_HOLDING,GHS,9200801.58,CP-GOG,SEC-TBILL,GL-1200,2026-11-02,0.2401,9200801.58,true
2025-11-03,SEC-TBILL-05,SECURITY_HOLDING,GHS,8630037.43,CP-GOG,SEC-TBILL,GL-1200,2026-02-02,0.2401,8630037.43,true
2025-11-03,SEC-BOND-06,SECURITY_HOLDING,GHS,8836466.24,CP-GOG,SEC-BOND,GL-1200,2028-11-02,0.2401,8836466.24,true
2025-11-03,SEC-BOND-07,SECURITY_HOLDING,GHS,11892422.37,CP-GOG,SEC-BOND,GL-1200,2027-11-03,0.2401,11892422.37,true
2025-11-03,SEC-BOND-08,SECURITY_HOLDING,GHS,8017781.05,CP-GOG,SEC-BOND,GL-1200,2027-11-03,0.2401,8017781.05,true
2025-11-03,SEC-BOND-09,SECURITY_HOLDING,GHS,8258035.65,CP-GOG,SEC-BOND,GL-1200,2030-11-02,0.2401,8258035.65,true
2025-11-04,SEC-TBILL-00,SECURITY_HOLDING,GHS,7816620.56,CP-GOG,SEC-TBILL,GL-1200,2026-11-03,0.2730,7816620.56,true
2025-11-04,SEC-TBILL-01,SECURITY_HOLDING,GHS,7815536.40,CP-GOG,SEC-TBILL,GL-1200,2026-11-03,0.2730,7815536.40,true
2025-11-04,SEC-TBILL-02,SECURITY_HOLDING,GHS,7591910.26,CP-GOG,SEC-TBILL,GL-1200,2026-05-05,0.2730,7591910.26,true
2025-11-04,SEC-TBILL-03,SECURITY_HOLDING,GHS,6951916.96,CP-GOG,SEC-TBILL,GL-1200,2026-11-03,0.2730,6951916.96,true
2025-11-04,SEC-TBILL-04,SECURITY_HOLDING,GHS,14430115.24,CP-GOG,SEC-TBILL,GL-1200,2026-11-03,0.2730,14430115.24,true
2025-11-04,SEC-TBILL-05,SECURITY_HOLDING,GHS,9484964.64,CP-GOG,SEC-TBILL,GL-1200,2026-05-05,0.2730,9484964.64,true
2025-11-04,SEC-BOND-06,SECURITY_HOLDING,GHS,9523922.02,CP-GOG,SEC-BOND,GL-1200,2030-11-03,0.2730,9523922.02,true
2025-11-04,SEC-BOND-07,SECURITY_HOLDING,GHS,8690991.99,CP-GOG,SEC-BOND,GL-1200,2028-11-03,0.2730,8690991.99,true
2025-11-04,SEC-BOND-08,SECURITY_HOLDING,GHS,8755821.70,CP-GOG,SEC-BOND,GL-1200,2030-11-03,0.2730,8755821.70,true
2025-11-04,SEC-BOND-09,SECURITY_HOLDING,GHS,8835062.60,CP-GOG,SEC-BOND,GL-1200,2027-11-04,0.2730,8835062.60,true
2025-11-05,SEC-TBILL-00,SECURITY_HOLDING,GHS,10202822.80,CP-GOG,SEC-TBILL,GL-1200,2026-11-04,0.2241,10202822.80,true
2025-11-05,SEC-TBILL-01,SECURITY_HOLDING,GHS,6346957.74,CP-GOG,SEC-TBILL,GL-1200,2026-11-04,0.2241,6346957.74,true
2025-11-05,SEC-TBILL-02,SECURITY_HOLDING,GHS,9999740.31,CP-GOG,SEC-TBILL,GL-1200,2026-11-04,0.2241,9999740.31,true
2025-11-05,SEC-TBILL-03,SECURITY_HOLDING,GHS,9421344.73,CP-GOG,SEC-TBILL,GL-1200,2026-11-04,0.2241,9421344.73,true
2025-11-05,SEC-TBILL-04,SECURITY_HOLDING,GHS,12324900.15,CP-GOG,SEC-TBILL,GL-1200,2026-05-06,0.2241,12324900.15,true
2025-11-05,SEC-TBILL-05,SECURITY_HOLDING,GHS,7855707.75,CP-GOG,SEC-TBILL,GL-1200,2026-02-04,0.2241,7855707.75,true
2025-11-05,SEC-BOND-06,SECURITY_HOLDING,GHS,7890915.58,CP-GOG,SEC-BOND,GL-1200,2027-11-05,0.2241,7890915.58,true
2025-11-05,SEC-BOND-07,SECURITY_HOLDING,GHS,7138152.95,CP-GOG,SEC-BOND,GL-1200,2030-11-04,0.2241,7138152.95,true
2025-11-05,SEC-BOND-08,SECURITY_HOLDING,GHS,11051628.22,CP-GOG,SEC-BOND,GL-1200,2030-11-04,0.2241,11051628.22,true
2025-11-05,SEC-BOND-09,SECURITY_HOLDING,GHS,7268357.13,CP-GOG,SEC-BOND,GL-1200,2027-11-05,0.2241,7268357.13,true
2025-11-06,SEC-TBILL-00,SECURITY_HOLDING,GHS,8566196.36,CP-GOG,SEC-TBILL,GL-1200,2026-05-07,0.2170,8566196.36,true
2025-11-06,SEC-TBILL-01,SECURITY_HOLDING,GHS,8565311.60,CP-GOG,SEC-TBILL,GL-1200,2026-11-05,0.2170,8565311.60,true
2025-11-06,SEC-TBILL-02,SECURITY_HOLDING,GHS,8382814.70,CP-GOG,SEC-TBILL,GL-1200,2026-02-05,0.2170,8382814.70,true
2025-11-06,SEC-TBILL-03,SECURITY_HOLDING,GHS,11510286.76,CP-GOG,SEC-TBILL,GL-1200,2026-11-05,0.2170,11510286.76,true
2025-11-06,SEC-TBILL-04,SECURITY_HOLDING,GHS,6663823.47,CP-GOG,SEC-TBILL,GL-1200,2026-05-07,0.2170,6663823.47,true
2025-11-06,SEC-TBILL-05,SECURITY_HOLDING,GHS,9927699.22,CP-GOG,SEC-TBILL,GL-1200,2026-05-07,0.2170,9927699.22,true
2025-11-06,SEC-BOND-06,SECURITY_HOLDING,GHS,9959491.57,CP-GOG,SEC-BOND,GL-1200,2027-11-06,0.2170,9959491.57,true
2025-11-06,SEC-BOND-07,SECURITY_HOLDING,GHS,9279753.72,CP-GOG,SEC-BOND,GL-1200,2027-11-06,0.2170,9279753.72,true
2025-11-06,SEC-BOND-08,SECURITY_HOLDING,GHS,9332659.98,CP-GOG,SEC-BOND,GL-1200,2027-11-06,0.2170,9332659.98,true
2025-11-06,SEC-BOND-09,SECURITY_HOLDING,GHS,9397326.92,CP-GOG,SEC-BOND,GL-1200,2030-11-05,0.2170,9397326.92,true
2025-11-07,SEC-TBILL-00,SECURITY_HOLDING,GHS,12238064.46,CP-GOG,SEC-TBILL,GL-1200,2026-05-08,0.2480,12238064.46,true
2025-11-07,SEC-TBILL-01,SECURITY_HOLDING,GHS,12418353.56,CP-GOG,SEC-TBILL,GL-1200,2026-05-08,0.2480,12418353.56,true
2025-11-07,SEC-TBILL-02,SECURITY_HOLDING,GHS,8304467.33,CP-GOG,SEC-TBILL,GL-1200,2026-11-06,0.2480,8304467.33,true
2025-11-07,SEC-TBILL-03,SECURITY_HOLDING,GHS,11661776.40,CP-GOG,SEC-TBILL,GL-1200,2026-11-06,0.2480,11661776.40,true
2025-11-07,SEC-TBILL-04,SECURITY_HOLDING,GHS,10377125.63,CP-GOG,SEC-TBILL,GL-1200,2026-05-08,0.2480,10377125.63,true
2025-11-07,SEC-TBILL-05,SECURITY_HOLDING,GHS,6044907.26,CP-GOG,SEC-TBILL,GL-1200,2026-11-06,0.2480,6044907.26,true
2025-11-07,SEC-BOND-06,SECURITY_HOLDING,GHS,9997013.72,CP-GOG,SEC-BOND,GL-1200,2030-11-06,0.2480,9997013.72,true
2025-11-07,SEC-BOND-07,SECURITY_HOLDING,GHS,5349344.45,CP-GOG,SEC-BOND,GL-1200,2028-11-06,0.2480,5349344.45,true
2025-11-07,SEC-BOND-08,SECURITY_HOLDING,GHS,5406138.76,CP-GOG,SEC-BOND,GL-1200,2030-11-06,0.2480,5406138.76,true
2025-11-07,SEC-BOND-09,SECURITY_HOLDING,GHS,9393535.75,CP-GOG,SEC-BOND,GL-1200,2030-11-06,0.2480,9393535.75,true
2025-11-10,SEC-TBILL-00,SECURITY_HOLDING,GHS,10679848.88,CP-GOG,SEC-TBILL,GL-1200,2026-05-11,0.2249,10679848.88,true
2025-11-10,SEC-TBILL-01,SECURITY_HOLDING,GHS,6677500.42,CP-GOG,SEC-TBILL,GL-1200,2026-05-11,0.2249,6677500.42,true
2025-11-10,SEC-TBILL-02,SECURITY_HOLDING,GHS,10469051.32,CP-GOG,SEC-TBILL,GL-1200,2026-02-09,0.2249,10469051.32,true
2025-11-10,SEC-TBILL-03,SECURITY_HOLDING,GHS,5673279.09,CP-GOG,SEC-TBILL,GL-1200,2026-02-09,0.2249,5673279.09,true
2025-11-10,SEC-TBILL-04,SECURITY_HOLDING,GHS,12882543.43,CP-GOG,SEC-TBILL,GL-1200,2026-02-09,0.2249,12882543.43,true
2025-11-10,SEC-TBILL-05,SECURITY_HOLDING,GHS,8243567.48,CP-GOG,SEC-TBILL,GL-1200,2026-11-09,0.2249,8243567.48,true
2025-11-10,SEC-BOND-06,SECURITY_HOLDING,GHS,8280112.85,CP-GOG,SEC-BOND,GL-1200,2030-11-09,0.2249,8280112.85,true
2025-11-10,SEC-BOND-07,SECURITY_HOLDING,GHS,7498752.95,CP-GOG,SEC-BOND,GL-1200,2028-11-09,0.2249,7498752.95,true
2025-11-10,SEC-BOND-08,SECURITY_HOLDING,GHS,11560900.21,CP-GOG,SEC-BOND,GL-1200,2027-11-10,0.2249,11560900.21,true
2025-11-10,SEC-BOND-09,SECURITY_HOLDING,GHS,7633903.55,CP-GOG,SEC-BOND,GL-1200,2028-11-09,0.2249,7633903.55,true
2025-11-11,SEC-TBILL-00,SECURITY_HOLDING,GHS,9319709.24,CP-GOG,SEC-TBILL,GL-1200,2026-11-10,0.2178,9319709.24,true
2025-11-11,SEC-TBILL-01,SECURITY_HOLDING,GHS,5383687.60,CP-GOG,SEC-TBILL,GL-1200,2026-02-10,0.2178,5383687.60,true
2025-11-11,SEC-TBILL-02,SECURITY_HOLDING,GHS,9121992.23,CP-GOG,SEC-TBILL,GL-1200,2026-11-10,0.2178,9121992.23,true
2025-11-11,SEC-TBILL-03,SECURITY_HOLDING,GHS,12493945.72,CP-GOG,SEC-TBILL,GL-1200,2026-05-12,0.2178,12493945.72,true
2025-11-11,SEC-TBILL-04,SECURITY_HOLDING,GHS,11203691.37,CP-GOG,SEC-TBILL,GL-1200,2026-11-10,0.2178,11203691.37,true
2025-11-11,SEC-TBILL-05,SECURITY_HOLDING,GHS,6852576.08,CP-GOG,SEC-TBILL,GL-1200,2026-05-12,0.2178,6852576.08,true
2025-11-11,SEC-BOND-06,SECURITY_HOLDING,GHS,10821921.43,CP-GOG,SEC-BOND,GL-1200,2027-11-11,0.2178,10821921.43,true
2025-11-11,SEC-BOND-07,SECURITY_HOLDING,GHS,6153979.25,CP-GOG,SEC-BOND,GL-1200,2027-11-11,0.2178,6153979.25,true
2025-11-11,SEC-BOND-08,SECURITY_HOLDING,GHS,10146089.02,CP-GOG,SEC-BOND,GL-1200,2027-11-11,0.2178,10146089.02,true
2025-11-11,SEC-BOND-09,SECURITY_HOLDING,GHS,10215811.12,CP-GOG,SEC-BOND,GL-1200,2030-11-10,0.2178,10215811.12,true
2025-11-12,SEC-TBILL-00,SECURITY_HOLDING,GHS,9799242.76,CP-GOG,SEC-TBILL,GL-1200,2026-02-11,0.2489,9799242.76,true
2025-11-12,SEC-TBILL-01,SECURITY_HOLDING,GHS,14578138.28,CP-GOG,SEC-TBILL,GL-1200,2026-02-11,0.2489,14578138.28,true
2025-11-12,SEC-TBILL-02,SECURITY_HOLDING,GHS,9569690.75,CP-GOG,SEC-TBILL,GL-1200,2026-11-11,0.2489,9569690.75,true
2025-11-12,SEC-TBILL-03,SECURITY_HOLDING,GHS,8915907.85,CP-GOG,SEC-TBILL,GL-1200,2026-02-11,0.2489,8915907.85,true
2025-11-12,SEC-TBILL-04,SECURITY_HOLDING,GHS,12197908.90,CP-GOG,SEC-TBILL,GL-1200,2026-05-13,0.2489,12197908.90,true
2025-11-12,SEC-TBILL-05,SECURITY_HOLDING,GHS,7146207.79,CP-GOG,SEC-TBILL,GL-1200,2026-05-13,0.2489,7146207.79,true
2025-11-12,SEC-BOND-06,SECURITY_HOLDING,GHS,7186004.56,CP-GOG,SEC-BOND,GL-1200,2030-11-11,0.2489,7186004.56,true
2025-11-12,SEC-BOND-07,SECURITY_HOLDING,GHS,6335127.84,CP-GOG,SEC-BOND,GL-1200,2027-11-12,0.2489,6335127.84,true
2025-11-12,SEC-BOND-08,SECURITY_HOLDING,GHS,6401354.40,CP-GOG,SEC-BOND,GL-1200,2027-11-12,0.2489,6401354.40,true
2025-11-12,SEC-BOND-09,SECURITY_HOLDING,GHS,6482302.65,CP-GOG,SEC-BOND,GL-1200,2028-11-11,0.2489,6482302.65,true
2025-11-13,SEC-TBILL-00,SECURITY_HOLDING,GHS,8322456.74,CP-GOG,SEC-TBILL,GL-1200,2026-05-14,0.2018,8322456.74,true
2025-11-13,SEC-TBILL-01,SECURITY_HOLDING,GHS,12746735.94,CP-GOG,SEC-TBILL,GL-1200,2026-05-14,0.2018,12746735.94,true
2025-11-13,SEC-TBILL-02,SECURITY_HOLDING,GHS,8109938.56,CP-GOG,SEC-TBILL,GL-1200,2026-05-14,0.2018,8109938.56,true
2025-11-13,SEC-TBILL-03,SECURITY_HOLDING,GHS,7504669.40,CP-GOG,SEC-TBILL,GL-1200,2026-02-12,0.2018,7504669.40,true
2025-11-13,SEC-TBILL-04,SECURITY_HOLDING,GHS,6117826.14,CP-GOG,SEC-TBILL,GL-1200,2026-05-14,0.2018,6117826.14,true
2025-11-13,SEC-TBILL-05,SECURITY_HOLDING,GHS,9900281.40,CP-GOG,SEC-TBILL,GL-1200,2026-11-12,0.2018,9900281.40,true
2025-11-13,SEC-BOND-06,SECURITY_HOLDING,GHS,5903133.00,CP-GOG,SEC-BOND,GL-1200,2027-11-13,0.2018,5903133.00,true
2025-11-13,SEC-BOND-07,SECURITY_HOLDING,GHS,9149387.37,CP-GOG,SEC-BOND,GL-1200,2027-11-13,0.2018,9149387.37,true
2025-11-13,SEC-BOND-08,SECURITY_HOLDING,GHS,9210699.61,CP-GOG,SEC-BOND,GL-1200,2027-11-13,0.2018,9210699.61,true
2025-11-13,SEC-BOND-09,SECURITY_HOLDING,GHS,13710945.66,CP-GOG,SEC-BOND,GL-1200,2027-11-13,0.2018,13710945.66,true
2025-11-14,SEC-TBILL-00,SECURITY_HOLDING,GHS,11525975.82,CP-GOG,SEC-TBILL,GL-1200,2026-11-13,0.2329,11525975.82,true
2025-11-14,SEC-TBILL-01,SECURITY_HOLDING,GHS,7519060.58,CP-GOG,SEC-TBILL,GL-1200,2026-05-15,0.2329,7519060.58,true
2025-11-14,SEC-TBILL-02,SECURITY_HOLDING,GHS,7309040.69,CP-GOG,SEC-TBILL,GL-1200,2026-02-13,0.2329,7309040.69,true
2025-11-14,SEC-TBILL-03,SECURITY_HOLDING,GHS,6707986.97,CP-GOG,SEC-TBILL,GL-1200,2026-02-13,0.2329,6707986.97,true
2025-11-14,SEC-TBILL-04,SECURITY_HOLDING,GHS,13731183.71,CP-GOG,SEC-TBILL,GL-1200,2026-02-13,0.2329,13731183.71,true
2025-11-14,SEC-TBILL-05,SECURITY_HOLDING,GHS,9086914.56,CP-GOG,SEC-TBILL,GL-1200,2026-05-15,0.2329,9086914.56,true
2025-11-14,SEC-BOND-06,SECURITY_HOLDING,GHS,9123501.63,CP-GOG,SEC-BOND,GL-1200,2028-11-13,0.2329,9123501.63,true
2025-11-14,SEC-BOND-07,SECURITY_HOLDING,GHS,8341250.18,CP-GOG,SEC-BOND,GL-1200,2027-11-14,0.2329,8341250.18,true
2025-11-14,SEC-BOND-08,SECURITY_HOLDING,GHS,8402135.40,CP-GOG,SEC-BOND,GL-1200,2030-11-13,0.2329,8402135.40,true
2025-11-14,SEC-BOND-09,SECURITY_HOLDING,GHS,8476554.99,CP-GOG,SEC-BOND,GL-1200,2028-11-13,0.2329,8476554.99,true
2025-11-17,SEC-TBILL-00,SECURITY_HOLDING,GHS,9369628.95,CP-GOG,SEC-TBILL,GL-1200,2026-02-16,0.2097,9369628.95,true
2025-11-17,SEC-TBILL-01,SECURITY_HOLDING,GHS,13894049.32,CP-GOG,SEC-TBILL,GL-1200,2026-05-18,0.2097,13894049.32,true
2025-11-17,SEC-TBILL-02,SECURITY_HOLDING,GHS,9152300.54,CP-GOG,SEC-TBILL,GL-1200,2026-05-18,0.2097,9152300.54,true
2025-11-17,SEC-TBILL-03,SECURITY_HOLDING,GHS,8533331.44,CP-GOG,SEC-TBILL,GL-1200,2026-11-16,0.2097,8533331.44,true
2025-11-17,SEC-TBILL-04,SECURITY_HOLDING,GHS,11640566.64,CP-GOG,SEC-TBILL,GL-1200,2026-11-16,0.2097,11640566.64,true
2025-11-17,SEC-TBILL-05,SECURITY_HOLDING,GHS,6857867.53,CP-GOG,SEC-TBILL,GL-1200,2026-11-16,0.2097,6857867.53,true
2025-11-17,SEC-BOND-06,SECURITY_HOLDING,GHS,6895545.13,CP-GOG,SEC-BOND,GL-1200,2028-11-16,0.2097,6895545.13,true
2025-11-17,SEC-BOND-07,SECURITY_HOLDING,GHS,6089977.41,CP-GOG,SEC-BOND,GL-1200,2028-11-16,0.2097,6089977.41,true
2025-11-17,SEC-BOND-08,SECURITY_HOLDING,GHS,10277976.72,CP-GOG,SEC-BOND,GL-1200,2030-11-16,0.2097,10277976.72,true
2025-11-17,SEC-BOND-09,SECURITY_HOLDING,GHS,6229315.20,CP-GOG,SEC-BOND,GL-1200,2030-11-16,0.2097,6229315.20,true
2025-11-18,SEC-TBILL-00,SECURITY_HOLDING,GHS,8819270.94,CP-GOG,SEC-TBILL,GL-1200,2026-05-19,0.2027,8819270.94,true
2025-11-18,SEC-TBILL-01,SECURITY_HOLDING,GHS,8818196.04,CP-GOG,SEC-TBILL,GL-1200,2026-02-17,0.2027,8818196.04,true
2025-11-18,SEC-TBILL-02,SECURITY_HOLDING,GHS,8596479.75,CP-GOG,SEC-TBILL,GL-1200,2026-11-17,0.2027,8596479.75,true
2025-11-18,SEC-TBILL-03,SECURITY_HOLDING,GHS,7961952.21,CP-GOG,SEC-TBILL,GL-1200,2026-02-17,0.2027,7961952.21,true
2025-11-18,SEC-TBILL-04,SECURITY_HOLDING,GHS,6508069.69,CP-GOG,SEC-TBILL,GL-1200,2026-05-19,0.2027,6508069.69,true
2025-11-18,SEC-TBILL-05,SECURITY_HOLDING,GHS,10473366.80,CP-GOG,SEC-TBILL,GL-1200,2026-02-17,0.2027,10473366.80,true
2025-11-18,SEC-BOND-06,SECURITY_HOLDING,GHS,10511991.47,CP-GOG,SEC-BOND,GL-1200,2030-11-17,0.2027,10511991.47,true
2025-11-18,SEC-BOND-07,SECURITY_HOLDING,GHS,9686174.95,CP-GOG,SEC-BOND,GL-1200,2027-11-18,0.2027,9686174.95,true
2025-11-18,SEC-BOND-08,SECURITY_HOLDING,GHS,9750450.99,CP-GOG,SEC-BOND,GL-1200,2030-11-17,0.2027,9750450.99,true
2025-11-18,SEC-BOND-09,SECURITY_HOLDING,GHS,9829015.14,CP-GOG,SEC-BOND,GL-1200,2027-11-18,0.2027,9829015.14,true
2025-11-19,SEC-TBILL-00,SECURITY_HOLDING,GHS,11580743.54,CP-GOG,SEC-TBILL,GL-1200,2026-05-20,0.2337,11580743.54,true
2025-11-19,SEC-TBILL-01,SECURITY_HOLDING,GHS,7585818.37,CP-GOG,SEC-TBILL,GL-1200,2026-11-18,0.2337,7585818.37,true
2025-11-19,SEC-TBILL-02,SECURITY_HOLDING,GHS,11370336.96,CP-GOG,SEC-TBILL,GL-1200,2026-02-18,0.2337,11370336.96,true
2025-11-19,SEC-TBILL-03,SECURITY_HOLDING,GHS,6583459.60,CP-GOG,SEC-TBILL,GL-1200,2026-05-20,0.2337,6583459.60,true
2025-11-19,SEC-TBILL-04,SECURITY_HOLDING,GHS,9591730.49,CP-GOG,SEC-TBILL,GL-1200,2026-02-18,0.2337,9591730.49,true
2025-11-19,SEC-TBILL-05,SECURITY_HOLDING,GHS,9148980.80,CP-GOG,SEC-TBILL,GL-1200,2026-02-18,0.2337,9148980.80,true
2025-11-19,SEC-BOND-06,SECURITY_HOLDING,GHS,9185458.39,CP-GOG,SEC-BOND,GL-1200,2027-11-19,0.2337,9185458.39,true
2025-11-19,SEC-BOND-07,SECURITY_HOLDING,GHS,8405547.70,CP-GOG,SEC-BOND,GL-1200,2027-11-19,0.2337,8405547.70,true
2025-11-19,SEC-BOND-08,SECURITY_HOLDING,GHS,8466250.74,CP-GOG,SEC-BOND,GL-1200,2027-11-19,0.2337,8466250.74,true
2025-11-19,SEC-BOND-09,SECURITY_HOLDING,GHS,8540447.63,CP-GOG,SEC-BOND,GL-1200,2030-11-18,0.2337,8540447.63,true
2025-11-20,SEC-TBILL-00,SECURITY_HOLDING,GHS,6608820.39,CP-GOG,SEC-TBILL,GL-1200,2026-02-19,0.2266,6608820.39,true
2025-11-20,SEC-TBILL-01,SECURITY_HOLDING,GHS,10961403.98,CP-GOG,SEC-TBILL,GL-1200,2026-11-19,0.2266,10961403.98,true
2025-11-20,SEC-TBILL-02,SECURITY_HOLDING,GHS,10560852.77,CP-GOG,SEC-TBILL,GL-1200,2026-05-21,0.2266,10560852.77,true
2025-11-20,SEC-TBILL-03,SECURITY_HOLDING,GHS,5804285.32,CP-GOG,SEC-TBILL,GL-1200,2026-05-21,0.2266,5804285.32,true
2025-11-20,SEC-TBILL-04,SECURITY_HOLDING,GHS,12762129.30,CP-GOG,SEC-TBILL,GL-1200,2026-05-21,0.2266,12762129.30,true
2025-11-20,SEC-TBILL-05,SECURITY_HOLDING,GHS,8161076.34,CP-GOG,SEC-TBILL,GL-1200,2026-11-19,0.2266,8161076.34,true
2025-11-20,SEC-BOND-06,SECURITY_HOLDING,GHS,12550915.27,CP-GOG,SEC-BOND,GL-1200,2028-11-19,0.2266,12550915.27,true
2025-11-20,SEC-BOND-07,SECURITY_HOLDING,GHS,7422350.57,CP-GOG,SEC-BOND,GL-1200,2028-11-19,0.2266,7422350.57,true
2025-11-20,SEC-BOND-08,SECURITY_HOLDING,GHS,7482669.24,CP-GOG,SEC-BOND,GL-1200,2027-11-20,0.2266,7482669.24,true
2025-11-20,SEC-BOND-09,SECURITY_HOLDING,GHS,7748881.95,CP-GOG,SEC-BOND,GL-1200,2027-11-20,0.2266,7748881.95,true
2025-11-21,SEC-TBILL-00,SECURITY_HOLDING,GHS,10753614.12,CP-GOG,SEC-TBILL,GL-1200,2026-05-22,0.2177,10753614.12,true
2025-11-21,SEC-TBILL-01,SECURITY_HOLDING,GHS,6415395.44,CP-GOG,SEC-TBILL,GL-1200,2026-02-20,0.2177,6415395.44,true
2025-11-21,SEC-TBILL-02,SECURITY_HOLDING,GHS,6188010.50,CP-GOG,SEC-TBILL,GL-1200,2026-02-20,0.2177,6188010.50,true
2025-11-21,SEC-TBILL-03,SECURITY_HOLDING,GHS,14632209.15,CP-GOG,SEC-TBILL,GL-1200,2026-02-20,0.2177,14632209.15,true
2025-11-21,SEC-TBILL-04,SECURITY_HOLDING,GHS,13141155.03,CP-GOG,SEC-TBILL,GL-1200,2026-11-20,0.2177,13141155.03,true
2025-11-21,SEC-TBILL-05,SECURITY_HOLDING,GHS,8112884.17,CP-GOG,SEC-TBILL,GL-1200,2026-02-20,0.2177,8112884.17,true
2025-11-21,SEC-BOND-06,SECURITY_HOLDING,GHS,8152496.36,CP-GOG,SEC-BOND,GL-1200,2030-11-20,0.2177,8152496.36,true
2025-11-21,SEC-BOND-07,SECURITY_HOLDING,GHS,7305566.08,CP-GOG,SEC-BOND,GL-1200,2030-11-20,0.2177,7305566.08,true
2025-11-21,SEC-BOND-08,SECURITY_HOLDING,GHS,7371485.47,CP-GOG,SEC-BOND,GL-1200,2030-11-20,0.2177,7371485.47,true
2025-11-21,SEC-BOND-09,SECURITY_HOLDING,GHS,7452058.29,CP-GOG,SEC-BOND,GL-1200,2030-11-20,0.2177,7452058.29,true
2025-11-24,SEC-TBILL-00,SECURITY_HOLDING,GHS,6815173.33,CP-GOG,SEC-TBILL,GL-1200,2026-05-25,0.2346,6815173.33,true
2025-11-24,SEC-TBILL-01,SECURITY_HOLDING,GHS,10804898.49,CP-GOG,SEC-TBILL,GL-1200,2026-05-25,0.2346,10804898.49,true
2025-11-24,SEC-TBILL-02,SECURITY_HOLDING,GHS,10437739.72,CP-GOG,SEC-TBILL,GL-1200,2026-02-23,0.2346,10437739.72,true
2025-11-24,SEC-TBILL-03,SECURITY_HOLDING,GHS,6077709.32,CP-GOG,SEC-TBILL,GL-1200,2026-02-23,0.2346,6077709.32,true
2025-11-24,SEC-TBILL-04,SECURITY_HOLDING,GHS,8817732.00,CP-GOG,SEC-TBILL,GL-1200,2026-02-23,0.2346,8817732.00,true
2025-11-24,SEC-TBILL-05,SECURITY_HOLDING,GHS,12228673.36,CP-GOG,SEC-TBILL,GL-1200,2026-11-23,0.2346,12228673.36,true
2025-11-24,SEC-BOND-06,SECURITY_HOLDING,GHS,8447687.27,CP-GOG,SEC-BOND,GL-1200,2027-11-24,0.2346,8447687.27,true
2025-11-24,SEC-BOND-07,SECURITY_HOLDING,GHS,11551532.36,CP-GOG,SEC-BOND,GL-1200,2030-11-23,0.2346,11551532.36,true
2025-11-24,SEC-BOND-08,SECURITY_HOLDING,GHS,7616172.72,CP-GOG,SEC-BOND,GL-1200,2027-11-24,0.2346,7616172.72,true
2025-11-24,SEC-BOND-09,SECURITY_HOLDING,GHS,7860192.27,CP-GOG,SEC-BOND,GL-1200,2028-11-23,0.2346,7860192.27,true
2025-11-25,SEC-TBILL-00,SECURITY_HOLDING,GHS,7747217.99,CP-GOG,SEC-TBILL,GL-1200,2026-05-26,0.2675,7747217.99,true
2025-11-25,SEC-TBILL-01,SECURITY_HOLDING,GHS,7746051.17,CP-GOG,SEC-TBILL,GL-1200,2026-11-24,0.2675,7746051.17,true
2025-11-25,SEC-TBILL-02,SECURITY_HOLDING,GHS,7505375.33,CP-GOG,SEC-TBILL,GL-1200,2026-11-24,0.2675,7505375.33,true
2025-11-25,SEC-TBILL-03,SECURITY_HOLDING,GHS,6816587.64,CP-GOG,SEC-TBILL,GL-1200,2026-02-24,0.2675,6816587.64,true
2025-11-25,SEC-TBILL-04,SECURITY_HOLDING,GHS,14864938.87,CP-GOG,SEC-TBILL,GL-1200,2026-05-26,0.2675,14864938.87,true
2025-11-25,SEC-TBILL-05,SECURITY_HOLDING,GHS,9542760.00,CP-GOG,SEC-TBILL,GL-1200,2026-02-24,0.2675,9542760.00,true
2025-11-25,SEC-BOND-06,SECURITY_HOLDING,GHS,9584687.57,CP-GOG,SEC-BOND,GL-1200,2028-11-24,0.2675,9584687.57,true
2025-11-25,SEC-BOND-07,SECURITY_HOLDING,GHS,8688253.27,CP-GOG,SEC-BOND,GL-1200,2027-11-25,0.2675,8688253.27,true
2025-11-25,SEC-BOND-08,SECURITY_HOLDING,GHS,8758025.73,CP-GOG,SEC-BOND,GL-1200,2030-11-24,0.2675,8758025.73,true
2025-11-25,SEC-BOND-09,SECURITY_HOLDING,GHS,8843308.11,CP-GOG,SEC-BOND,GL-1200,2027-11-25,0.2675,8843308.11,true
2025-11-26,SEC-TBILL-00,SECURITY_HOLDING,GHS,10758831.23,CP-GOG,SEC-TBILL,GL-1200,2026-02-25,0.2185,10758831.23,true
2025-11-26,SEC-TBILL-01,SECURITY_HOLDING,GHS,6457279.83,CP-GOG,SEC-TBILL,GL-1200,2026-11-25,0.2185,6457279.83,true
2025-11-26,SEC-TBILL-02,SECURITY_HOLDING,GHS,6231816.78,CP-GOG,SEC-TBILL,GL-1200,2026-11-25,0.2185,6231816.78,true
2025-11-26,SEC-TBILL-03,SECURITY_HOLDING,GHS,14604643.79,CP-GOG,SEC-TBILL,GL-1200,2026-02-25,0.2185,14604643.79,true
2025-11-26,SEC-TBILL-04,SECURITY_HOLDING,GHS,13126192.28,CP-GOG,SEC-TBILL,GL-1200,2026-11-25,0.2185,13126192.28,true
2025-11-26,SEC-TBILL-05,SECURITY_HOLDING,GHS,8140421.13,CP-GOG,SEC-TBILL,GL-1200,2026-05-27,0.2185,8140421.13,true
2025-11-26,SEC-BOND-06,SECURITY_HOLDING,GHS,8179698.51,CP-GOG,SEC-BOND,GL-1200,2027-11-26,0.2185,8179698.51,true
2025-11-26,SEC-BOND-07,SECURITY_HOLDING,GHS,7339926.61,CP-GOG,SEC-BOND,GL-1200,2027-11-26,0.2185,7339926.61,true
2025-11-26,SEC-BOND-08,SECURITY_HOLDING,GHS,7405288.84,CP-GOG,SEC-BOND,GL-1200,2027-11-26,0.2185,7405288.84,true
2025-11-26,SEC-BOND-09,SECURITY_HOLDING,GHS,7485180.64,CP-GOG,SEC-BOND,GL-1200,2028-11-25,0.2185,7485180.64,true
2025-11-27,SEC-TBILL-00,SECURITY_HOLDING,GHS,8618222.92,CP-GOG,SEC-TBILL,GL-1200,2026-11-26,0.2114,8618222.92,true
2025-11-27,SEC-TBILL-01,SECURITY_HOLDING,GHS,12699486.89,CP-GOG,SEC-TBILL,GL-1200,2026-02-26,0.2114,12699486.89,true
2025-11-27,SEC-TBILL-02,SECURITY_HOLDING,GHS,8422181.32,CP-GOG,SEC-TBILL,GL-1200,2026-05-28,0.2114,8422181.32,true
2025-11-27,SEC-TBILL-03,SECURITY_HOLDING,GHS,11765561.64,CP-GOG,SEC-TBILL,GL-1200,2026-05-28,0.2114,11765561.64,true
2025-11-27,SEC-TBILL-04,SECURITY_HOLDING,GHS,10486240.61,CP-GOG,SEC-TBILL,GL-1200,2026-11-26,0.2114,10486240.61,true
2025-11-27,SEC-TBILL-05,SECURITY_HOLDING,GHS,10073718.53,CP-GOG,SEC-TBILL,GL-1200,2026-11-26,0.2114,10073718.53,true
2025-11-27,SEC-BOND-06,SECURITY_HOLDING,GHS,6386469.81,CP-GOG,SEC-BOND,GL-1200,2027-11-27,0.2114,6386469.81,true
2025-11-27,SEC-BOND-07,SECURITY_HOLDING,GHS,5659805.56,CP-GOG,SEC-BOND,GL-1200,2028-11-26,0.2114,5659805.56,true
2025-11-27,SEC-BOND-08,SECURITY_HOLDING,GHS,9437600.14,CP-GOG,SEC-BOND,GL-1200,2028-11-26,0.2114,9437600.14,true
2025-11-27,SEC-BOND-09,SECURITY_HOLDING,GHS,5785495.54,CP-GOG,SEC-BOND,GL-1200,2028-11-26,0.2114,5785495.54,true
2025-11-28,SEC-TBILL-00,SECURITY_HOLDING,GHS,7443779.30,CP-GOG,SEC-TBILL,GL-1200,2026-02-27,0.2425,7443779.30,true
2025-11-28,SEC-TBILL-01,SECURITY_HOLDING,GHS,11106905.42,CP-GOG,SEC-TBILL,GL-1200,2026-11-27,0.2425,11106905.42,true
2025-11-28,SEC-TBILL-02,SECURITY_HOLDING,GHS,7259681.34,CP-GOG,SEC-TBILL,GL-1200,2026-11-27,0.2425,7259681.34,true
2025-11-28,SEC-TBILL-03,SECURITY_HOLDING,GHS,10399369.59,CP-GOG,SEC-TBILL,GL-1200,2026-05-29,0.2425,10399369.59,true
2025-11-28,SEC-TBILL-04,SECURITY_HOLDING,GHS,9197989.90,CP-GOG,SEC-TBILL,GL-1200,2026-11-27,0.2425,9197989.90,true
2025-11-28,SEC-TBILL-05,SECURITY_HOLDING,GHS,5146585.99,CP-GOG,SEC-TBILL,GL-1200,2026-05-29,0.2425,5146585.99,true
2025-11-28,SEC-BOND-06,SECURITY_HOLDING,GHS,8842516.85,CP-GOG,SEC-BOND,GL-1200,2028-11-27,0.2425,8842516.85,true
2025-11-28,SEC-BOND-07,SECURITY_HOLDING,GHS,11824138.22,CP-GOG,SEC-BOND,GL-1200,2027-11-28,0.2425,11824138.22,true
2025-11-28,SEC-BOND-08,SECURITY_HOLDING,GHS,11877251.13,CP-GOG,SEC-BOND,GL-1200,2028-11-27,0.2425,11877251.13,true
2025-11-28,SEC-BOND-09,SECURITY_HOLDING,GHS,8278156.33,CP-GOG,SEC-BOND,GL-1200,2028-11-27,0.2425,8278156.33,true
2025-11-30,SEC-TBILL-00,SECURITY_HOLDING,GHS,7785021.05,CP-GOG,SEC-TBILL,GL-1200,2026-05-31,0.2683,7785021.05,true
2025-11-30,SEC-TBILL-01,SECURITY_HOLDING,GHS,7783863.87,CP-GOG,SEC-TBILL,GL-1200,2026-05-31,0.2683,7783863.87,true
2025-11-30,SEC-TBILL-02,SECURITY_HOLDING,GHS,7545174.49,CP-GOG,SEC-TBILL,GL-1200,2026-03-01,0.2683,7545174.49,true
2025-11-30,SEC-TBILL-03,SECURITY_HOLDING,GHS,6862071.85,CP-GOG,SEC-TBILL,GL-1200,2026-03-01,0.2683,6862071.85,true
2025-11-30,SEC-TBILL-04,SECURITY_HOLDING,GHS,14843994.40,CP-GOG,SEC-TBILL,GL-1200,2026-11-29,0.2683,14843994.40,true
2025-11-30,SEC-TBILL-05,SECURITY_HOLDING,GHS,9565743.20,CP-GOG,SEC-TBILL,GL-1200,2026-03-01,0.2683,9565743.20,true
2025-11-30,SEC-BOND-06,SECURITY_HOLDING,GHS,9607324.71,CP-GOG,SEC-BOND,GL-1200,2028-11-29,0.2683,9607324.71,true
2025-11-30,SEC-BOND-07,SECURITY_HOLDING,GHS,8718289.31,CP-GOG,SEC-BOND,GL-1200,2030-11-29,0.2683,8718289.31,true
2025-11-30,SEC-BOND-08,SECURITY_HOLDING,GHS,8787485.89,CP-GOG,SEC-BOND,GL-1200,2030-11-29,0.2683,8787485.89,true
2025-11-30,SEC-BOND-09,SECURITY_HOLDING,GHS,8872064.38,CP-GOG,SEC-BOND,GL-1200,2030-11-29,0.2683,8872064.38,true
2025-12-01,SEC-TBILL-00,SECURITY_HOLDING,GHS,10337595.57,CP-GOG,SEC-TBILL,GL-1200,2026-06-01,0.2194,10337595.57,true
2025-12-01,SEC-TBILL-01,SECURITY_HOLDING,GHS,6241055.13,CP-GOG,SEC-TBILL,GL-1200,2026-11-30,0.2194,6241055.13,true
2025-12-01,SEC-TBILL-02,SECURITY_HOLDING,GHS,10121837.07,CP-GOG,SEC-TBILL,GL-1200,2026-06-01,0.2194,10121837.07,true
2025-12-01,SEC-TBILL-03,SECURITY_HOLDING,GHS,13801478.13,CP-GOG,SEC-TBILL,GL-1200,2026-06-01,0.2194,13801478.13,true
2025-12-01,SEC-TBILL-04,SECURITY_HOLDING,GHS,12592128.74,CP-GOG,SEC-TBILL,GL-1200,2026-03-02,0.2194,12592128.74,true
2025-12-01,SEC-TBILL-05,SECURITY_HOLDING,GHS,7843978.30,CP-GOG,SEC-TBILL,GL-1200,2026-06-01,0.2194,7843978.30,true
2025-12-01,SEC-BOND-06,SECURITY_HOLDING,GHS,7881383.73,CP-GOG,SEC-BOND,GL-1200,2030-11-30,0.2194,7881383.73,true
2025-12-01,SEC-BOND-07,SECURITY_HOLDING,GHS,7081635.17,CP-GOG,SEC-BOND,GL-1200,2030-11-30,0.2194,7081635.17,true
2025-12-01,SEC-BOND-08,SECURITY_HOLDING,GHS,7143882.25,CP-GOG,SEC-BOND,GL-1200,2028-11-30,0.2194,7143882.25,true
2025-12-01,SEC-BOND-09,SECURITY_HOLDING,GHS,7219966.43,CP-GOG,SEC-BOND,GL-1200,2027-12-01,0.2194,7219966.43,true
2025-12-02,SEC-TBILL-00,SECURITY_HOLDING,GHS,9389020.95,CP-GOG,SEC-TBILL,GL-1200,2026-12-01,0.2123,9389020.95,true
2025-12-02,SEC-TBILL-01,SECURITY_HOLDING,GHS,13598060.17,CP-GOG,SEC-TBILL,GL-1200,2026-06-02,0.2123,13598060.17,true
2025-12-02,SEC-TBILL-02,SECURITY_HOLDING,GHS,9177486.99,CP-GOG,SEC-TBILL,GL-1200,2026-12-01,0.2123,9177486.99,true
2025-12-02,SEC-TBILL-03,SECURITY_HOLDING,GHS,12785080.78,CP-GOG,SEC-TBILL,GL-1200,2026-03-03,0.2123,12785080.78,true
2025-12-02,SEC-TBILL-04,SECURITY_HOLDING,GHS,11404660.32,CP-GOG,SEC-TBILL,GL-1200,2026-12-01,0.2123,11404660.32,true
2025-12-02,SEC-TBILL-05,SECURITY_HOLDING,GHS,6749478.53,CP-GOG,SEC-TBILL,GL-1200,2026-12-01,0.2123,6749478.53,true
2025-12-02,SEC-BOND-06,SECURITY_HOLDING,GHS,6980901.67,CP-GOG,SEC-BOND,GL-1200,2030-12-01,0.2123,6980901.67,true
2025-12-02,SEC-BOND-07,SECURITY_HOLDING,GHS,6002062.06,CP-GOG,SEC-BOND,GL-1200,2027-12-02,0.2123,6002062.06,true
2025-12-02,SEC-BOND-08,SECURITY_HOLDING,GHS,6063090.35,CP-GOG,SEC-BOND,GL-1200,2028-12-01,0.2123,6063090.35,true
2025-12-02,SEC-BOND-09,SECURITY_HOLDING,GHS,10347744.60,CP-GOG,SEC-BOND,GL-1200,2030-12-01,0.2123,10347744.60,true
2025-12-03,SEC-TBILL-00,SECURITY_HOLDING,GHS,6857694.69,CP-GOG,SEC-TBILL,GL-1200,2026-03-04,0.2034,6857694.69,true
2025-12-03,SEC-TBILL-01,SECURITY_HOLDING,GHS,10432441.79,CP-GOG,SEC-TBILL,GL-1200,2026-03-04,0.2034,10432441.79,true
2025-12-03,SEC-TBILL-02,SECURITY_HOLDING,GHS,10261558.95,CP-GOG,SEC-TBILL,GL-1200,2026-06-03,0.2034,10261558.95,true
2025-12-03,SEC-TBILL-03,SECURITY_HOLDING,GHS,9772511.11,CP-GOG,SEC-TBILL,GL-1200,2026-12-02,0.2034,9772511.11,true
2025-12-03,SEC-TBILL-04,SECURITY_HOLDING,GHS,8651963.85,CP-GOG,SEC-TBILL,GL-1200,2026-03-04,0.2034,8651963.85,true
2025-12-03,SEC-TBILL-05,SECURITY_HOLDING,GHS,4873150.56,CP-GOG,SEC-TBILL,GL-1200,2026-12-02,0.2034,4873150.56,true
2025-12-03,SEC-BOND-06,SECURITY_HOLDING,GHS,4902919.66,CP-GOG,SEC-BOND,GL-1200,2027-12-03,0.2034,4902919.66,true
2025-12-03,SEC-BOND-07,SECURITY_HOLDING,GHS,11101417.02,CP-GOG,SEC-BOND,GL-1200,2027-12-03,0.2034,11101417.02,true
2025-12-03,SEC-BOND-08,SECURITY_HOLDING,GHS,11150956.33,CP-GOG,SEC-BOND,GL-1200,2027-12-03,0.2034,11150956.33,true
2025-12-03,SEC-BOND-09,SECURITY_HOLDING,GHS,11211507.89,CP-GOG,SEC-BOND,GL-1200,2028-12-02,0.2034,11211507.89,true
2025-12-04,SEC-TBILL-00,SECURITY_HOLDING,GHS,6719022.46,CP-GOG,SEC-TBILL,GL-1200,2026-12-03,0.2763,6719022.46,true
2025-12-04,SEC-TBILL-01,SECURITY_HOLDING,GHS,10560801.86,CP-GOG,SEC-TBILL,GL-1200,2026-12-03,0.2763,10560801.86,true
2025-12-04,SEC-TBILL-02,SECURITY_HOLDING,GHS,6534484.39,CP-GOG,SEC-TBILL,GL-1200,2026-06-04,0.2763,6534484.39,true
2025-12-04,SEC-TBILL-03,SECURITY_HOLDING,GHS,6008904.85,CP-GOG,SEC-TBILL,GL-1200,2026-12-03,0.2763,6008904.85,true
2025-12-04,SEC-TBILL-04,SECURITY_HOLDING,GHS,8647322.87,CP-GOG,SEC-TBILL,GL-1200,2026-03-05,0.2763,8647322.87,true
2025-12-04,SEC-TBILL-05,SECURITY_HOLDING,GHS,8089111.02,CP-GOG,SEC-TBILL,GL-1200,2026-03-05,0.2763,8089111.02,true
2025-12-04,SEC-BOND-06,SECURITY_HOLDING,GHS,11963773.59,CP-GOG,SEC-BOND,GL-1200,2030-12-03,0.2763,11963773.59,true
2025-12-04,SEC-BOND-07,SECURITY_HOLDING,GHS,11279749.29,CP-GOG,SEC-BOND,GL-1200,2027-12-04,0.2763,11279749.29,true
2025-12-04,SEC-BOND-08,SECURITY_HOLDING,GHS,7490319.43,CP-GOG,SEC-BOND,GL-1200,2030-12-03,0.2763,7490319.43,true
2025-12-04,SEC-BOND-09,SECURITY_HOLDING,GHS,11398063.91,CP-GOG,SEC-BOND,GL-1200,2028-12-03,0.2763,11398063.91,true
2025-12-05,SEC-TBILL-00,SECURITY_HOLDING,GHS,7447060.56,CP-GOG,SEC-TBILL,GL-1200,2026-03-06,0.2273,7447060.56,true
2025-12-05,SEC-TBILL-01,SECURITY_HOLDING,GHS,7445967.89,CP-GOG,SEC-TBILL,GL-1200,2026-06-05,0.2273,7445967.89,true
2025-12-05,SEC-TBILL-02,SECURITY_HOLDING,GHS,7220586.04,CP-GOG,SEC-TBILL,GL-1200,2026-12-04,0.2273,7220586.04,true
2025-12-05,SEC-TBILL-03,SECURITY_HOLDING,GHS,11082982.92,CP-GOG,SEC-TBILL,GL-1200,2026-06-05,0.2273,11082982.92,true
2025-12-05,SEC-TBILL-04,SECURITY_HOLDING,GHS,14112478.70,CP-GOG,SEC-TBILL,GL-1200,2026-12-04,0.2273,14112478.70,true
2025-12-05,SEC-TBILL-05,SECURITY_HOLDING,GHS,9128503.05,CP-GOG,SEC-TBILL,GL-1200,2026-03-06,0.2273,9128503.05,true
2025-12-05,SEC-BOND-06,SECURITY_HOLDING,GHS,9167766.29,CP-GOG,SEC-BOND,GL-1200,2028-12-04,0.2273,9167766.29,true
2025-12-05,SEC-BOND-07,SECURITY_HOLDING,GHS,8328296.81,CP-GOG,SEC-BOND,GL-1200,2027-12-05,0.2273,8328296.81,true
2025-12-05,SEC-BOND-08,SECURITY_HOLDING,GHS,8393635.50,CP-GOG,SEC-BOND,GL-1200,2030-12-04,0.2273,8393635.50,true
2025-12-05,SEC-BOND-09,SECURITY_HOLDING,GHS,8473498.53,CP-GOG,SEC-BOND,GL-1200,2027-12-05,0.2273,8473498.53,true
2025-12-08,SEC-TBILL-00,SECURITY_HOLDING,GHS,7472005.97,CP-GOG,SEC-TBILL,GL-1200,2026-03-09,0.2042,7472005.97,true
2025-12-08,SEC-TBILL-01,SECURITY_HOLDING,GHS,11326040.88,CP-GOG,SEC-TBILL,GL-1200,2026-06-08,0.2042,11326040.88,true
2025-12-08,SEC-TBILL-02,SECURITY_HOLDING,GHS,7286879.21,CP-GOG,SEC-TBILL,GL-1200,2026-03-09,0.2042,7286879.21,true
2025-12-08,SEC-TBILL-03,SECURITY_HOLDING,GHS,6759623.05,CP-GOG,SEC-TBILL,GL-1200,2026-12-07,0.2042,6759623.05,true
2025-12-08,SEC-TBILL-04,SECURITY_HOLDING,GHS,9406457.77,CP-GOG,SEC-TBILL,GL-1200,2026-12-07,0.2042,9406457.77,true
2025-12-08,SEC-TBILL-05,SECURITY_HOLDING,GHS,5332413.39,CP-GOG,SEC-TBILL,GL-1200,2026-06-08,0.2042,5332413.39,true
2025-12-08,SEC-BOND-06,SECURITY_HOLDING,GHS,5364508.29,CP-GOG,SEC-BOND,GL-1200,2030-12-07,0.2042,5364508.29,true
2025-12-08,SEC-BOND-07,SECURITY_HOLDING,GHS,12047281.80,CP-GOG,SEC-BOND,GL-1200,2028-12-07,0.2042,12047281.80,true
2025-12-08,SEC-BOND-08,SECURITY_HOLDING,GHS,12100691.51,CP-GOG,SEC-BOND,GL-1200,2028-12-07,0.2042,12100691.51,true
2025-12-08,SEC-BOND-09,SECURITY_HOLDING,GHS,12165973.84,CP-GOG,SEC-BOND,GL-1200,2030-12-07,0.2042,12165973.84,true
2025-12-09,SEC-TBILL-00,SECURITY_HOLDING,GHS,6961362.83,CP-GOG,SEC-TBILL,GL-1200,2026-03-10,0.2771,6961362.83,true
2025-12-09,SEC-TBILL-01,SECURITY_HOLDING,GHS,10895865.69,CP-GOG,SEC-TBILL,GL-1200,2026-06-09,0.2771,10895865.69,true
2025-12-09,SEC-TBILL-02,SECURITY_HOLDING,GHS,6772370.83,CP-GOG,SEC-TBILL,GL-1200,2026-03-10,0.2771,6772370.83,true
2025-12-09,SEC-TBILL-03,SECURITY_HOLDING,GHS,6234106.14,CP-GOG,SEC-TBILL,GL-1200,2026-06-09,0.2771,6234106.14,true
2025-12-09,SEC-TBILL-04,SECURITY_HOLDING,GHS,12523625.11,CP-GOG,SEC-TBILL,GL-1200,2026-12-08,0.2771,12523625.11,true
2025-12-09,SEC-TBILL-05,SECURITY_HOLDING,GHS,8364519.22,CP-GOG,SEC-TBILL,GL-1200,2026-03-10,0.2771,8364519.22,true
2025-12-09,SEC-BOND-06,SECURITY_HOLDING,GHS,12332698.92,CP-GOG,SEC-BOND,GL-1200,2028-12-08,0.2771,12332698.92,true
2025-12-09,SEC-BOND-07,SECURITY_HOLDING,GHS,7696750.62,CP-GOG,SEC-BOND,GL-1200,2028-12-08,0.2771,7696750.62,true
2025-12-09,SEC-BOND-08,SECURITY_HOLDING,GHS,7751275.47,CP-GOG,SEC-BOND,GL-1200,2030-12-08,0.2771,7751275.47,true
2025-12-09,SEC-BOND-09,SECURITY_HOLDING,GHS,11753335.51,CP-GOG,SEC-BOND,GL-1200,2030-12-08,0.2771,11753335.51,true
2025-12-10,SEC-TBILL-00,SECURITY_HOLDING,GHS,10687327.81,CP-GOG,SEC-TBILL,GL-1200,2026-06-10,0.2282,10687327.81,true
2025-12-10,SEC-TBILL-01,SECURITY_HOLDING,GHS,6806618.13,CP-GOG,SEC-TBILL,GL-1200,2026-12-09,0.2282,6806618.13,true
2025-12-10,SEC-TBILL-02,SECURITY_HOLDING,GHS,6603213.23,CP-GOG,SEC-TBILL,GL-1200,2026-03-11,0.2282,6603213.23,true
2025-12-10,SEC-TBILL-03,SECURITY_HOLDING,GHS,10088988.33,CP-GOG,SEC-TBILL,GL-1200,2026-12-09,0.2282,10088988.33,true
2025-12-10,SEC-TBILL-04,SECURITY_HOLDING,GHS,8755180.93,CP-GOG,SEC-TBILL,GL-1200,2026-12-09,0.2282,8755180.93,true
2025-12-10,SEC-TBILL-05,SECURITY_HOLDING,GHS,12392986.98,CP-GOG,SEC-TBILL,GL-1200,2026-06-10,0.2282,12392986.98,true
2025-12-10,SEC-BOND-06,SECURITY_HOLDING,GHS,8360524.20,CP-GOG,SEC-BOND,GL-1200,2030-12-09,0.2282,8360524.20,true
2025-12-10,SEC-BOND-07,SECURITY_HOLDING,GHS,11670808.74,CP-GOG,SEC-BOND,GL-1200,2030-12-09,0.2282,11670808.74,true
2025-12-10,SEC-BOND-08,SECURITY_HOLDING,GHS,7661878.81,CP-GOG,SEC-BOND,GL-1200,2030-12-09,0.2282,7661878.81,true
2025-12-10,SEC-BOND-09,SECURITY_HOLDING,GHS,7733954.40,CP-GOG,SEC-BOND,GL-1200,2028-12-09,0.2282,7733954.40,true
2025-12-11,SEC-TBILL-00,SECURITY_HOLDING,GHS,5604250.29,CP-GOG,SEC-TBILL,GL-1200,2026-03-12,0.2211,5604250.29,true
2025-12-11,SEC-TBILL-01,SECURITY_HOLDING,GHS,9647094.80,CP-GOG,SEC-TBILL,GL-1200,2026-06-11,0.2211,9647094.80,true
2025-12-11,SEC-TBILL-02,SECURITY_HOLDING,GHS,9275047.67,CP-GOG,SEC-TBILL,GL-1200,2026-03-12,0.2211,9275047.67,true
2025-12-11,SEC-TBILL-03,SECURITY_HOLDING,GHS,12586954.68,CP-GOG,SEC-TBILL,GL-1200,2026-06-11,0.2211,12586954.68,true
2025-12-11,SEC-TBILL-04,SECURITY_HOLDING,GHS,7633471.10,CP-GOG,SEC-TBILL,GL-1200,2026-12-10,0.2211,7633471.10,true
2025-12-11,SEC-TBILL-05,SECURITY_HOLDING,GHS,7046044.42,CP-GOG,SEC-TBILL,GL-1200,2026-03-12,0.2211,7046044.42,true
2025-12-11,SEC-BOND-06,SECURITY_HOLDING,GHS,11123493.10,CP-GOG,SEC-BOND,GL-1200,2028-12-10,0.2211,11123493.10,true
2025-12-11,SEC-BOND-07,SECURITY_HOLDING,GHS,10403669.39,CP-GOG,SEC-BOND,GL-1200,2027-12-11,0.2211,10403669.39,true
2025-12-11,SEC-BOND-08,SECURITY_HOLDING,GHS,6415914.21,CP-GOG,SEC-BOND,GL-1200,2030-12-10,0.2211,6415914.21,true
2025-12-11,SEC-BOND-09,SECURITY_HOLDING,GHS,10528176.17,CP-GOG,SEC-BOND,GL-1200,2028-12-10,0.2211,10528176.17,true
2025-12-12,SEC-TBILL-00,SECURITY_HOLDING,GHS,12578303.75,CP-GOG,SEC-TBILL,GL-1200,2026-03-13,0.2122,12578303.75,true
2025-12-12,SEC-TBILL-01,SECURITY_HOLDING,GHS,12577372.07,CP-GOG,SEC-TBILL,GL-1200,2026-06-12,0.2122,12577372.07,true
2025-12-12,SEC-TBILL-02,SECURITY_HOLDING,GHS,12385196.50,CP-GOG,SEC-TBILL,GL-1200,2026-12-11,0.2122,12385196.50,true
2025-12-12,SEC-TBILL-03,SECURITY_HOLDING,GHS,11835211.24,CP-GOG,SEC-TBILL,GL-1200,2026-06-12,0.2122,11835211.24,true
2025-12-12,SEC-TBILL-04,SECURITY_HOLDING,GHS,10575039.07,CP-GOG,SEC-TBILL,GL-1200,2026-12-11,0.2122,10575039.07,true
2025-12-12,SEC-TBILL-05,SECURITY_HOLDING,GHS,6325369.72,CP-GOG,SEC-TBILL,GL-1200,2026-12-11,0.2122,6325369.72,true
2025-12-12,SEC-BOND-06,SECURITY_HOLDING,GHS,6358848.17,CP-GOG,SEC-BOND,GL-1200,2027-12-12,0.2122,6358848.17,true
2025-12-12,SEC-BOND-07,SECURITY_HOLDING,GHS,5643060.62,CP-GOG,SEC-BOND,GL-1200,2028-12-11,0.2122,5643060.62,true
2025-12-12,SEC-BOND-08,SECURITY_HOLDING,GHS,5698772.74,CP-GOG,SEC-BOND,GL-1200,2027-12-12,0.2122,5698772.74,true
2025-12-12,SEC-BOND-09,SECURITY_HOLDING,GHS,5766869.28,CP-GOG,SEC-BOND,GL-1200,2028-12-11,0.2122,5766869.28,true
2025-12-15,SEC-TBILL-00,SECURITY_HOLDING,GHS,5871334.03,CP-GOG,SEC-TBILL,GL-1200,2026-06-15,0.2290,5871334.03,true
2025-12-15,SEC-TBILL-01,SECURITY_HOLDING,GHS,9596732.29,CP-GOG,SEC-TBILL,GL-1200,2026-06-15,0.2290,9596732.29,true
2025-12-15,SEC-TBILL-02,SECURITY_HOLDING,GHS,9253898.49,CP-GOG,SEC-TBILL,GL-1200,2026-06-15,0.2290,9253898.49,true
2025-12-15,SEC-TBILL-03,SECURITY_HOLDING,GHS,8908990.03,CP-GOG,SEC-TBILL,GL-1200,2026-03-16,0.2290,8908990.03,true
2025-12-15,SEC-TBILL-04,SECURITY_HOLDING,GHS,7741219.37,CP-GOG,SEC-TBILL,GL-1200,2026-03-16,0.2290,7741219.37,true
2025-12-15,SEC-TBILL-05,SECURITY_HOLDING,GHS,10926179.36,CP-GOG,SEC-TBILL,GL-1200,2026-06-15,0.2290,10926179.36,true
2025-12-15,SEC-BOND-06,SECURITY_HOLDING,GHS,10957203.02,CP-GOG,SEC-BOND,GL-1200,2030-12-14,0.2290,10957203.02,true
2025-12-15,SEC-BOND-07,SECURITY_HOLDING,GHS,10293900.24,CP-GOG,SEC-BOND,GL-1200,2030-12-14,0.2290,10293900.24,true
2025-12-15,SEC-BOND-08,SECURITY_HOLDING,GHS,10345527.30,CP-GOG,SEC-BOND,GL-1200,2027-12-15,0.2290,10345527.30,true
2025-12-15,SEC-BOND-09,SECURITY_HOLDING,GHS,6847118.48,CP-GOG,SEC-BOND,GL-1200,2030-12-14,0.2290,6847118.48,true
2025-12-16,SEC-TBILL-00,SECURITY_HOLDING,GHS,5817451.25,CP-GOG,SEC-TBILL,GL-1200,2026-12-15,0.2619,5817451.25,true
2025-12-16,SEC-TBILL-01,SECURITY_HOLDING,GHS,9953300.90,CP-GOG,SEC-TBILL,GL-1200,2026-03-17,0.2619,9953300.90,true
2025-12-16,SEC-TBILL-02,SECURITY_HOLDING,GHS,5618787.66,CP-GOG,SEC-TBILL,GL-1200,2026-12-15,0.2619,5618787.66,true
2025-12-16,SEC-TBILL-03,SECURITY_HOLDING,GHS,12960791.89,CP-GOG,SEC-TBILL,GL-1200,2026-06-16,0.2619,12960791.89,true
2025-12-16,SEC-TBILL-04,SECURITY_HOLDING,GHS,11664360.33,CP-GOG,SEC-TBILL,GL-1200,2026-03-17,0.2619,11664360.33,true
2025-12-16,SEC-TBILL-05,SECURITY_HOLDING,GHS,7292413.68,CP-GOG,SEC-TBILL,GL-1200,2026-03-17,0.2619,7292413.68,true
2025-12-16,SEC-BOND-06,SECURITY_HOLDING,GHS,11463663.55,CP-GOG,SEC-BOND,GL-1200,2030-12-15,0.2619,11463663.55,true
2025-12-16,SEC-BOND-07,SECURITY_HOLDING,GHS,10727280.39,CP-GOG,SEC-BOND,GL-1200,2028-12-15,0.2619,10727280.39,true
2025-12-16,SEC-BOND-08,SECURITY_HOLDING,GHS,6647787.40,CP-GOG,SEC-BOND,GL-1200,2028-12-15,0.2619,6647787.40,true
2025-12-16,SEC-BOND-09,SECURITY_HOLDING,GHS,10854651.44,CP-GOG,SEC-BOND,GL-1200,2028-12-15,0.2619,10854651.44,true
2025-12-17,SEC-TBILL-00,SECURITY_HOLDING,GHS,8960012.04,CP-GOG,SEC-TBILL,GL-1200,2026-12-16,0.2130,8960012.04,true
2025-12-17,SEC-TBILL-01,SECURITY_HOLDING,GHS,13129515.67,CP-GOG,SEC-TBILL,GL-1200,2026-12-16,0.2130,13129515.67,true
2025-12-17,SEC-TBILL-02,SECURITY_HOLDING,GHS,12930201.80,CP-GOG,SEC-TBILL,GL-1200,2026-06-17,0.2130,12930201.80,true
2025-12-17,SEC-TBILL-03,SECURITY_HOLDING,GHS,12359787.54,CP-GOG,SEC-TBILL,GL-1200,2026-06-17,0.2130,12359787.54,true
2025-12-17,SEC-TBILL-04,SECURITY_HOLDING,GHS,11052806.73,CP-GOG,SEC-TBILL,GL-1200,2026-12-16,0.2130,11052806.73,true
2025-12-17,SEC-TBILL-05,SECURITY_HOLDING,GHS,6645284.94,CP-GOG,SEC-TBILL,GL-1200,2026-03-18,0.2130,6645284.94,true
2025-12-17,SEC-BOND-06,SECURITY_HOLDING,GHS,6680006.94,CP-GOG,SEC-BOND,GL-1200,2028-12-16,0.2130,6680006.94,true
2025-12-17,SEC-BOND-07,SECURITY_HOLDING,GHS,5937631.72,CP-GOG,SEC-BOND,GL-1200,2028-12-16,0.2130,5937631.72,true
2025-12-17,SEC-BOND-08,SECURITY_HOLDING,GHS,5995413.25,CP-GOG,SEC-BOND,GL-1200,2028-12-16,0.2130,5995413.25,true
2025-12-17,SEC-BOND-09,SECURITY_HOLDING,GHS,6066039.20,CP-GOG,SEC-BOND,GL-1200,2030-12-16,0.2130,6066039.20,true
2025-12-18,SEC-TBILL-00,SECURITY_HOLDING,GHS,8192456.46,CP-GOG,SEC-TBILL,GL-1200,2026-06-18,0.2059,8192456.46,true
2025-12-18,SEC-TBILL-01,SECURITY_HOLDING,GHS,12331100.09,CP-GOG,SEC-TBILL,GL-1200,2026-06-18,0.2059,12331100.09,true
2025-12-18,SEC-TBILL-02,SECURITY_HOLDING,GHS,7993658.65,CP-GOG,SEC-TBILL,GL-1200,2026-03-19,0.2059,7993658.65,true
2025-12-18,SEC-TBILL-03,SECURITY_HOLDING,GHS,11384044.52,CP-GOG,SEC-TBILL,GL-1200,2026-03-19,0.2059,11384044.52,true
2025-12-18,SEC-TBILL-04,SECURITY_HOLDING,GHS,6313183.34,CP-GOG,SEC-TBILL,GL-1200,2026-03-19,0.2059,6313183.34,true
2025-12-18,SEC-TBILL-05,SECURITY_HOLDING,GHS,9668415.30,CP-GOG,SEC-TBILL,GL-1200,2026-03-19,0.2059,9668415.30,true
2025-12-18,SEC-BOND-06,SECURITY_HOLDING,GHS,5929326.50,CP-GOG,SEC-BOND,GL-1200,2028-12-17,0.2059,5929326.50,true
2025-12-18,SEC-BOND-07,SECURITY_HOLDING,GHS,13105602.45,CP-GOG,SEC-BOND,GL-1200,2030-12-17,0.2059,13105602.45,true
2025-12-18,SEC-BOND-08,SECURITY_HOLDING,GHS,9023353.54,CP-GOG,SEC-BOND,GL-1200,2030-12-17,0.2059,9023353.54,true
2025-12-18,SEC-BOND-09,SECURITY_HOLDING,GHS,5319902.96,CP-GOG,SEC-BOND,GL-1200,2028-12-17,0.2059,5319902.96,true
2025-12-19,SEC-TBILL-00,SECURITY_HOLDING,GHS,9946985.95,CP-GOG,SEC-TBILL,GL-1200,2026-03-20,0.2788,9946985.95,true
2025-12-19,SEC-TBILL-01,SECURITY_HOLDING,GHS,9946152.55,CP-GOG,SEC-TBILL,GL-1200,2026-03-20,0.2788,9946152.55,true
2025-12-19,SEC-TBILL-02,SECURITY_HOLDING,GHS,6336380.94,CP-GOG,SEC-TBILL,GL-1200,2026-03-20,0.2788,6336380.94,true
2025-12-19,SEC-TBILL-03,SECURITY_HOLDING,GHS,9282286.17,CP-GOG,SEC-TBILL,GL-1200,2026-03-20,0.2788,9282286.17,true
2025-12-19,SEC-TBILL-04,SECURITY_HOLDING,GHS,8155056.19,CP-GOG,SEC-TBILL,GL-1200,2026-03-20,0.2788,8155056.19,true
2025-12-19,SEC-TBILL-05,SECURITY_HOLDING,GHS,11229446.13,CP-GOG,SEC-TBILL,GL-1200,2026-12-18,0.2788,11229446.13,true
2025-12-19,SEC-BOND-06,SECURITY_HOLDING,GHS,7821523.11,CP-GOG,SEC-BOND,GL-1200,2030-12-18,0.2788,7821523.11,true
2025-12-19,SEC-BOND-07,SECURITY_HOLDING,GHS,10619117.42,CP-GOG,SEC-BOND,GL-1200,2028-12-18,0.2788,10619117.42,true
2025-12-19,SEC-BOND-08,SECURITY_HOLDING,GHS,10668952.17,CP-GOG,SEC-BOND,GL-1200,2028-12-18,0.2788,10668952.17,true
2025-12-19,SEC-BOND-09,SECURITY_HOLDING,GHS,7291995.18,CP-GOG,SEC-BOND,GL-1200,2028-12-18,0.2788,7291995.18,true
2025-12-22,SEC-TBILL-00,SECURITY_HOLDING,GHS,9829552.18,CP-GOG,SEC-TBILL,GL-1200,2026-06-22,0.2139,9829552.18,true
2025-12-22,SEC-TBILL-01,SECURITY_HOLDING,GHS,14360726.61,CP-GOG,SEC-TBILL,GL-1200,2026-06-22,0.2139,14360726.61,true
2025-12-22,SEC-TBILL-02,SECURITY_HOLDING,GHS,14144123.88,CP-GOG,SEC-TBILL,GL-1200,2026-06-22,0.2139,14144123.88,true
2025-12-22,SEC-TBILL-03,SECURITY_HOLDING,GHS,9192389.73,CP-GOG,SEC-TBILL,GL-1200,2026-03-23,0.2139,9192389.73,true
2025-12-22,SEC-TBILL-04,SECURITY_HOLDING,GHS,7772038.88,CP-GOG,SEC-TBILL,GL-1200,2026-06-22,0.2139,7772038.88,true
2025-12-22,SEC-TBILL-05,SECURITY_HOLDING,GHS,7314041.19,CP-GOG,SEC-TBILL,GL-1200,2026-12-21,0.2139,7314041.19,true
2025-12-22,SEC-BOND-06,SECURITY_HOLDING,GHS,7351775.04,CP-GOG,SEC-BOND,GL-1200,2028-12-21,0.2139,7351775.04,true
2025-12-22,SEC-BOND-07,SECURITY_HOLDING,GHS,6545004.76,CP-GOG,SEC-BOND,GL-1200,2027-12-22,0.2139,6545004.76,true
2025-12-22,SEC-BOND-08,SECURITY_HOLDING,GHS,6607798.37,CP-GOG,SEC-BOND,GL-1200,2028-12-21,0.2139,6607798.37,true
2025-12-22,SEC-BOND-09,SECURITY_HOLDING,GHS,6684550.55,CP-GOG,SEC-BOND,GL-1200,2028-12-21,0.2139,6684550.55,true
2025-12-23,SEC-TBILL-00,SECURITY_HOLDING,GHS,8602419.91,CP-GOG,SEC-TBILL,GL-1200,2026-03-24,0.2068,8602419.91,true
2025-12-23,SEC-TBILL-01,SECURITY_HOLDING,GHS,8791648.18,CP-GOG,SEC-TBILL,GL-1200,2026-03-24,0.2068,8791648.18,true
2025-12-23,SEC-TBILL-02,SECURITY_HOLDING,GHS,8395800.87,CP-GOG,SEC-TBILL,GL-1200,2026-03-24,0.2068,8395800.87,true
2025-12-23,SEC-TBILL-03,SECURITY_HOLDING,GHS,11919573.42,CP-GOG,SEC-TBILL,GL-1200,2026-06-23,0.2068,11919573.42,true
2025-12-23,SEC-TBILL-04,SECURITY_HOLDING,GHS,10571226.57,CP-GOG,SEC-TBILL,GL-1200,2026-03-24,0.2068,10571226.57,true
2025-12-23,SEC-TBILL-05,SECURITY_HOLDING,GHS,6024206.37,CP-GOG,SEC-TBILL,GL-1200,2026-06-23,0.2068,6024206.37,true
2025-12-23,SEC-BOND-06,SECURITY_HOLDING,GHS,6250252.47,CP-GOG,SEC-BOND,GL-1200,2028-12-22,0.2068,6250252.47,true
2025-12-23,SEC-BOND-07,SECURITY_HOLDING,GHS,9596621.49,CP-GOG,SEC-BOND,GL-1200,2028-12-22,0.2068,9596621.49,true
2025-12-23,SEC-BOND-08,SECURITY_HOLDING,GHS,13578247.13,CP-GOG,SEC-BOND,GL-1200,2027-12-23,0.2068,13578247.13,true
2025-12-23,SEC-BOND-09,SECURITY_HOLDING,GHS,5616852.61,CP-GOG,SEC-BOND,GL-1200,2030-12-22,0.2068,5616852.61,true
2025-12-24,SEC-TBILL-00,SECURITY_HOLDING,GHS,8683835.00,CP-GOG,SEC-TBILL,GL-1200,2026-12-23,0.2778,8683835.00,true
2025-12-24,SEC-TBILL-01,SECURITY_HOLDING,GHS,8683112.75,CP-GOG,SEC-TBILL,GL-1200,2026-03-25,0.2778,8683112.75,true
2025-12-24,SEC-TBILL-02,SECURITY_HOLDING,GHS,8534137.79,CP-GOG,SEC-TBILL,GL-1200,2026-06-24,0.2778,8534137.79,true
2025-12-24,SEC-TBILL-03,SECURITY_HOLDING,GHS,8107787.91,CP-GOG,SEC-TBILL,GL-1200,2026-03-25,0.2778,8107787.91,true
2025-12-24,SEC-TBILL-04,SECURITY_HOLDING,GHS,7130899.43,CP-GOG,SEC-TBILL,GL-1200,2026-06-24,0.2778,7130899.43,true
2025-12-24,SEC-TBILL-05,SECURITY_HOLDING,GHS,9795250.23,CP-GOG,SEC-TBILL,GL-1200,2026-12-23,0.2778,9795250.23,true
2025-12-24,SEC-BOND-06,SECURITY_HOLDING,GHS,9821202.81,CP-GOG,SEC-BOND,GL-1200,2028-12-23,0.2778,9821202.81,true
2025-12-24,SEC-BOND-07,SECURITY_HOLDING,GHS,9266322.59,CP-GOG,SEC-BOND,GL-1200,2030-12-23,0.2778,9266322.59,true
2025-12-24,SEC-BOND-08,SECURITY_HOLDING,GHS,9309510.76,CP-GOG,SEC-BOND,GL-1200,2028-12-23,0.2778,9309510.76,true
2025-12-24,SEC-BOND-09,SECURITY_HOLDING,GHS,9362299.36,CP-GOG,SEC-BOND,GL-1200,2027-12-24,0.2778,9362299.36,true
2025-12-25,SEC-TBILL-00,SECURITY_HOLDING,GHS,6653008.58,CP-GOG,SEC-TBILL,GL-1200,2026-03-26,0.2707,6653008.58,true
2025-12-25,SEC-TBILL-01,SECURITY_HOLDING,GHS,10767977.04,CP-GOG,SEC-TBILL,GL-1200,2026-12-24,0.2707,10767977.04,true
2025-12-25,SEC-TBILL-02,SECURITY_HOLDING,GHS,6455348.00,CP-GOG,SEC-TBILL,GL-1200,2026-03-26,0.2707,6455348.00,true
2025-12-25,SEC-TBILL-03,SECURITY_HOLDING,GHS,5892394.49,CP-GOG,SEC-TBILL,GL-1200,2026-06-25,0.2707,5892394.49,true
2025-12-25,SEC-TBILL-04,SECURITY_HOLDING,GHS,8718430.49,CP-GOG,SEC-TBILL,GL-1200,2026-03-26,0.2707,8718430.49,true
2025-12-25,SEC-TBILL-05,SECURITY_HOLDING,GHS,12236446.28,CP-GOG,SEC-TBILL,GL-1200,2026-03-26,0.2707,12236446.28,true
2025-12-25,SEC-BOND-06,SECURITY_HOLDING,GHS,12270714.13,CP-GOG,SEC-BOND,GL-1200,2028-12-24,0.2707,12270714.13,true
2025-12-25,SEC-BOND-07,SECURITY_HOLDING,GHS,11538048.84,CP-GOG,SEC-BOND,GL-1200,2027-12-25,0.2707,11538048.84,true
2025-12-25,SEC-BOND-08,SECURITY_HOLDING,GHS,7479152.50,CP-GOG,SEC-BOND,GL-1200,2027-12-25,0.2707,7479152.50,true
2025-12-25,SEC-BOND-09,SECURITY_HOLDING,GHS,11664776.81,CP-GOG,SEC-BOND,GL-1200,2028-12-24,0.2707,11664776.81,true
2025-12-26,SEC-TBILL-00,SECURITY_HOLDING,GHS,7295256.55,CP-GOG,SEC-TBILL,GL-1200,2026-03-27,0.2637,7295256.55,true
2025-12-26,SEC-TBILL-01,SECURITY_HOLDING,GHS,7294088.41,CP-GOG,SEC-TBILL,GL-1200,2026-12-25,0.2637,7294088.41,true
2025-12-26,SEC-TBILL-02,SECURITY_HOLDING,GHS,7053141.41,CP-GOG,SEC-TBILL,GL-1200,2026-12-25,0.2637,7053141.41,true
2025-12-26,SEC-TBILL-03,SECURITY_HOLDING,GHS,11182280.15,CP-GOG,SEC-TBILL,GL-1200,2026-03-27,0.2637,11182280.15,true
2025-12-26,SEC-TBILL-04,SECURITY_HOLDING,GHS,14420996.63,CP-GOG,SEC-TBILL,GL-1200,2026-12-25,0.2637,14420996.63,true
2025-12-26,SEC-TBILL-05,SECURITY_HOLDING,GHS,9092821.51,CP-GOG,SEC-TBILL,GL-1200,2026-12-25,0.2637,9092821.51,true
2025-12-26,SEC-BOND-06,SECURITY_HOLDING,GHS,9134796.31,CP-GOG,SEC-BOND,GL-1200,2030-12-25,0.2637,9134796.31,true
2025-12-26,SEC-BOND-07,SECURITY_HOLDING,GHS,8237352.05,CP-GOG,SEC-BOND,GL-1200,2030-12-25,0.2637,8237352.05,true
2025-12-26,SEC-BOND-08,SECURITY_HOLDING,GHS,8307203.11,CP-GOG,SEC-BOND,GL-1200,2030-12-25,0.2637,8307203.11,true
2025-12-26,SEC-BOND-09,SECURITY_HOLDING,GHS,8392581.58,CP-GOG,SEC-BOND,GL-1200,2030-12-25,0.2637,8392581.58,true
2025-12-29,SEC-TBILL-00,SECURITY_HOLDING,GHS,5808635.77,CP-GOG,SEC-TBILL,GL-1200,2026-03-30,0.2787,5808635.77,true
2025-12-29,SEC-TBILL-01,SECURITY_HOLDING,GHS,9023873.03,CP-GOG,SEC-TBILL,GL-1200,2026-12-28,0.2787,9023873.03,true
2025-12-29,SEC-TBILL-02,SECURITY_HOLDING,GHS,8870175.76,CP-GOG,SEC-TBILL,GL-1200,2026-03-30,0.2787,8870175.76,true
2025-12-29,SEC-TBILL-03,SECURITY_HOLDING,GHS,8430311.12,CP-GOG,SEC-TBILL,GL-1200,2026-06-29,0.2787,8430311.12,true
2025-12-29,SEC-TBILL-04,SECURITY_HOLDING,GHS,7422456.52,CP-GOG,SEC-TBILL,GL-1200,2026-03-30,0.2787,7422456.52,true
2025-12-29,SEC-TBILL-05,SECURITY_HOLDING,GHS,10171263.86,CP-GOG,SEC-TBILL,GL-1200,2026-06-29,0.2787,10171263.86,true
2025-12-29,SEC-BOND-06,SECURITY_HOLDING,GHS,10198039.10,CP-GOG,SEC-BOND,GL-1200,2028-12-28,0.2787,10198039.10,true
2025-12-29,SEC-BOND-07,SECURITY_HOLDING,GHS,9625569.88,CP-GOG,SEC-BOND,GL-1200,2027-12-29,0.2787,9625569.88,true
2025-12-29,SEC-BOND-08,SECURITY_HOLDING,GHS,9670127.06,CP-GOG,SEC-BOND,GL-1200,2028-12-28,0.2787,9670127.06,true
2025-12-29,SEC-BOND-09,SECURITY_HOLDING,GHS,9724588.99,CP-GOG,SEC-BOND,GL-1200,2027-12-29,0.2787,9724588.99,true
2025-12-30,SEC-TBILL-00,SECURITY_HOLDING,GHS,6316435.30,CP-GOG,SEC-TBILL,GL-1200,2026-06-30,0.2716,6316435.30,true
2025-12-30,SEC-TBILL-01,SECURITY_HOLDING,GHS,10174603.05,CP-GOG,SEC-TBILL,GL-1200,2026-12-29,0.2716,10174603.05,true
2025-12-30,SEC-TBILL-02,SECURITY_HOLDING,GHS,6131110.02,CP-GOG,SEC-TBILL,GL-1200,2026-12-29,0.2716,6131110.02,true
2025-12-30,SEC-TBILL-03,SECURITY_HOLDING,GHS,9291729.43,CP-GOG,SEC-TBILL,GL-1200,2026-12-29,0.2716,9291729.43,true
2025-12-30,SEC-TBILL-04,SECURITY_HOLDING,GHS,8252961.49,CP-GOG,SEC-TBILL,GL-1200,2026-12-29,0.2716,8252961.49,true
2025-12-30,SEC-TBILL-05,SECURITY_HOLDING,GHS,7692368.41,CP-GOG,SEC-TBILL,GL-1200,2026-12-29,0.2716,7692368.41,true
2025-12-30,SEC-BOND-06,SECURITY_HOLDING,GHS,11583559.61,CP-GOG,SEC-BOND,GL-1200,2028-12-29,0.2716,11583559.61,true
2025-12-30,SEC-BOND-07,SECURITY_HOLDING,GHS,10896617.38,CP-GOG,SEC-BOND,GL-1200,2030-12-29,0.2716,10896617.38,true
2025-12-30,SEC-BOND-08,SECURITY_HOLDING,GHS,7091022.48,CP-GOG,SEC-BOND,GL-1200,2028-12-29,0.2716,7091022.48,true
2025-12-30,SEC-BOND-09,SECURITY_HOLDING,GHS,11015436.70,CP-GOG,SEC-BOND,GL-1200,2028-12-29,0.2716,11015436.70,true
2025-12-31,SEC-TBILL-00,SECURITY_HOLDING,GHS,6965636.70,CP-GOG,SEC-TBILL,GL-1200,2026-07-01,0.2227,6965636.70,true
2025-12-31,SEC-TBILL-01,SECURITY_HOLDING,GHS,6964536.83,CP-GOG,SEC-TBILL,GL-1200,2026-07-01,0.2227,6964536.83,true
2025-12-31,SEC-TBILL-02,SECURITY_HOLDING,GHS,6737670.50,CP-GOG,SEC-TBILL,GL-1200,2026-07-01,0.2227,6737670.50,true
2025-12-31,SEC-TBILL-03,SECURITY_HOLDING,GHS,10625507.17,CP-GOG,SEC-TBILL,GL-1200,2026-07-01,0.2227,10625507.17,true
2025-12-31,SEC-TBILL-04,SECURITY_HOLDING,GHS,9137853.73,CP-GOG,SEC-TBILL,GL-1200,2026-07-01,0.2227,9137853.73,true
2025-12-31,SEC-TBILL-05,SECURITY_HOLDING,GHS,13195257.15,CP-GOG,SEC-TBILL,GL-1200,2026-04-01,0.2227,13195257.15,true
2025-12-31,SEC-BOND-06,SECURITY_HOLDING,GHS,8697675.91,CP-GOG,SEC-BOND,GL-1200,2030-12-30,0.2227,8697675.91,true
2025-12-31,SEC-BOND-07,SECURITY_HOLDING,GHS,12389780.33,CP-GOG,SEC-BOND,GL-1200,2030-12-30,0.2227,12389780.33,true
2025-12-31,SEC-BOND-08,SECURITY_HOLDING,GHS,7918446.29,CP-GOG,SEC-BOND,GL-1200,2030-12-30,0.2227,7918446.29,true
2025-12-31,SEC-BOND-09,SECURITY_HOLDING,GHS,7998835.34,CP-GOG,SEC-BOND,GL-1200,2030-12-30,0.2227,7998835.34,true
2026-01-01,SEC-TBILL-00,SECURITY_HOLDING,GHS,12233204.60,CP-GOG,SEC-TBILL,GL-1200,2026-07-02,0.2156,12233204.60,true
2026-01-01,SEC-TBILL-01,SECURITY_HOLDING,GHS,8709322.37,CP-GOG,SEC-TBILL,GL-1200,2026-04-02,0.2156,8709322.37,true
2026-01-01,SEC-TBILL-02,SECURITY_HOLDING,GHS,8353748.84,CP-GOG,SEC-TBILL,GL-1200,2026-04-02,0.2156,8353748.84,true
2026-01-01,SEC-TBILL-03,SECURITY_HOLDING,GHS,11519010.34,CP-GOG,SEC-TBILL,GL-1200,2026-12-31,0.2156,11519010.34,true
2026-01-01,SEC-TBILL-04,SECURITY_HOLDING,GHS,6784858.45,CP-GOG,SEC-TBILL,GL-1200,2026-12-31,0.2156,6784858.45,true
2026-01-01,SEC-TBILL-05,SECURITY_HOLDING,GHS,10088171.80,CP-GOG,SEC-TBILL,GL-1200,2026-12-31,0.2156,10088171.80,true
2026-01-01,SEC-BOND-06,SECURITY_HOLDING,GHS,10120348.30,CP-GOG,SEC-BOND,GL-1200,2030-12-31,0.2156,10120348.30,true
2026-01-01,SEC-BOND-07,SECURITY_HOLDING,GHS,9432397.14,CP-GOG,SEC-BOND,GL-1200,2028-01-01,0.2156,9432397.14,true
2026-01-01,SEC-BOND-08,SECURITY_HOLDING,GHS,5621212.87,CP-GOG,SEC-BOND,GL-1200,2028-12-31,0.2156,5621212.87,true
2026-01-01,SEC-BOND-09,SECURITY_HOLDING,GHS,9551390.98,CP-GOG,SEC-BOND,GL-1200,2030-12-31,0.2156,9551390.98,true
2026-01-02,SEC-TBILL-00,SECURITY_HOLDING,GHS,11666096.50,CP-GOG,SEC-TBILL,GL-1200,2026-04-03,0.2485,11666096.50,true
2026-01-02,SEC-TBILL-01,SECURITY_HOLDING,GHS,11665194.27,CP-GOG,SEC-TBILL,GL-1200,2027-01-01,0.2485,11665194.27,true
2026-01-02,SEC-TBILL-02,SECURITY_HOLDING,GHS,11479095.35,CP-GOG,SEC-TBILL,GL-1200,2026-04-03,0.2485,11479095.35,true
2026-01-02,SEC-TBILL-03,SECURITY_HOLDING,GHS,10946500.79,CP-GOG,SEC-TBILL,GL-1200,2027-01-01,0.2485,10946500.79,true
2026-01-02,SEC-TBILL-04,SECURITY_HOLDING,GHS,9726175.64,CP-GOG,SEC-TBILL,GL-1200,2026-04-03,0.2485,9726175.64,true
2026-01-02,SEC-TBILL-05,SECURITY_HOLDING,GHS,5610882.10,CP-GOG,SEC-TBILL,GL-1200,2026-07-03,0.2485,5610882.10,true
2026-01-02,SEC-BOND-06,SECURITY_HOLDING,GHS,5643301.96,CP-GOG,SEC-BOND,GL-1200,2029-01-01,0.2485,5643301.96,true
2026-01-02,SEC-BOND-07,SECURITY_HOLDING,GHS,12393737.66,CP-GOG,SEC-BOND,GL-1200,2029-01-01,0.2485,12393737.66,true
2026-01-02,SEC-BOND-08,SECURITY_HOLDING,GHS,5004098.31,CP-GOG,SEC-BOND,GL-1200,2031-01-01,0.2485,5004098.31,true
2026-01-02,SEC-BOND-09,SECURITY_HOLDING,GHS,5070041.61,CP-GOG,SEC-BOND,GL-1200,2031-01-01,0.2485,5070041.61,true
2026-01-05,SEC-TBILL-00,SECURITY_HOLDING,GHS,5661615.94,CP-GOG,SEC-TBILL,GL-1200,2026-04-06,0.2235,5661615.94,true
2026-01-05,SEC-TBILL-01,SECURITY_HOLDING,GHS,9582739.43,CP-GOG,SEC-TBILL,GL-1200,2026-04-06,0.2235,9582739.43,true
2026-01-05,SEC-TBILL-02,SECURITY_HOLDING,GHS,5646671.64,CP-GOG,SEC-TBILL,GL-1200,2026-04-06,0.2235,5646671.64,true
2026-01-05,SEC-TBILL-03,SECURITY_HOLDING,GHS,8858864.53,CP-GOG,SEC-TBILL,GL-1200,2026-07-06,0.2235,8858864.53,true
2026-01-05,SEC-TBILL-04,SECURITY_HOLDING,GHS,7629741.45,CP-GOG,SEC-TBILL,GL-1200,2026-07-06,0.2235,7629741.45,true
2026-01-05,SEC-TBILL-05,SECURITY_HOLDING,GHS,10982033.09,CP-GOG,SEC-TBILL,GL-1200,2026-04-06,0.2235,10982033.09,true
2026-01-05,SEC-BOND-06,SECURITY_HOLDING,GHS,11014686.67,CP-GOG,SEC-BOND,GL-1200,2031-01-04,0.2235,11014686.67,true
2026-01-05,SEC-BOND-07,SECURITY_HOLDING,GHS,10316535.25,CP-GOG,SEC-BOND,GL-1200,2031-01-04,0.2235,10316535.25,true
2026-01-05,SEC-BOND-08,SECURITY_HOLDING,GHS,10370874.69,CP-GOG,SEC-BOND,GL-1200,2028-01-05,0.2235,10370874.69,true
2026-01-05,SEC-BOND-09,SECURITY_HOLDING,GHS,10437293.41,CP-GOG,SEC-BOND,GL-1200,2031-01-04,0.2235,10437293.41,true
2026-01-06,SEC-TBILL-00,SECURITY_HOLDING,GHS,12268677.28,CP-GOG,SEC-TBILL,GL-1200,2027-01-05,0.2564,12268677.28,true
2026-01-06,SEC-TBILL-01,SECURITY_HOLDING,GHS,8757176.89,CP-GOG,SEC-TBILL,GL-1200,2026-04-07,0.2564,8757176.89,true
2026-01-06,SEC-TBILL-02,SECURITY_HOLDING,GHS,12083731.94,CP-GOG,SEC-TBILL,GL-1200,2026-07-07,0.2564,12083731.94,true
2026-01-06,SEC-TBILL-03,SECURITY_HOLDING,GHS,11556992.48,CP-GOG,SEC-TBILL,GL-1200,2026-07-07,0.2564,11556992.48,true
2026-01-06,SEC-TBILL-04,SECURITY_HOLDING,GHS,6839474.95,CP-GOG,SEC-TBILL,GL-1200,2026-04-07,0.2564,6839474.95,true
2026-01-06,SEC-TBILL-05,SECURITY_HOLDING,GHS,6280031.15,CP-GOG,SEC-TBILL,GL-1200,2026-04-07,0.2564,6280031.15,true
2026-01-06,SEC-BOND-06,SECURITY_HOLDING,GHS,10163244.92,CP-GOG,SEC-BOND,GL-1200,2029-01-05,0.2564,10163244.92,true
2026-01-06,SEC-BOND-07,SECURITY_HOLDING,GHS,9477711.00,CP-GOG,SEC-BOND,GL-1200,2031-01-05,0.2564,9477711.00,true
2026-01-06,SEC-BOND-08,SECURITY_HOLDING,GHS,5679918.06,CP-GOG,SEC-BOND,GL-1200,2029-01-05,0.2564,5679918.06,true
2026-01-06,SEC-BOND-09,SECURITY_HOLDING,GHS,9596286.73,CP-GOG,SEC-BOND,GL-1200,2029-01-05,0.2564,9596286.73,true
2026-01-07,SEC-TBILL-00,SECURITY_HOLDING,GHS,12723705.87,CP-GOG,SEC-TBILL,GL-1200,2026-07-08,0.2493,12723705.87,true
2026-01-07,SEC-TBILL-01,SECURITY_HOLDING,GHS,12722728.50,CP-GOG,SEC-TBILL,GL-1200,2026-07-08,0.2493,12722728.50,true
2026-01-07,SEC-TBILL-02,SECURITY_HOLDING,GHS,12521129.34,CP-GOG,SEC-TBILL,GL-1200,2026-04-08,0.2493,12521129.34,true
2026-01-07,SEC-TBILL-03,SECURITY_HOLDING,GHS,11944174.77,CP-GOG,SEC-TBILL,GL-1200,2026-04-08,0.2493,11944174.77,true
2026-01-07,SEC-TBILL-04,SECURITY_HOLDING,GHS,10622208.28,CP-GOG,SEC-TBILL,GL-1200,2026-04-08,0.2493,10622208.28,true
2026-01-07,SEC-TBILL-05,SECURITY_HOLDING,GHS,6164150.39,CP-GOG,SEC-TBILL,GL-1200,2026-07-08,0.2493,6164150.39,true
2026-01-07,SEC-BOND-06,SECURITY_HOLDING,GHS,6199270.51,CP-GOG,SEC-BOND,GL-1200,2028-01-07,0.2493,6199270.51,true
2026-01-07,SEC-BOND-07,SECURITY_HOLDING,GHS,5448383.31,CP-GOG,SEC-BOND,GL-1200,2029-01-06,0.2493,5448383.31,true
2026-01-07,SEC-BOND-08,SECURITY_HOLDING,GHS,5506827.35,CP-GOG,SEC-BOND,GL-1200,2028-01-07,0.2493,5506827.35,true
2026-01-07,SEC-BOND-09,SECURITY_HOLDING,GHS,5578263.10,CP-GOG,SEC-BOND,GL-1200,2029-01-06,0.2493,5578263.10,true
2026-01-08,SEC-TBILL-00,SECURITY_HOLDING,GHS,7736134.70,CP-GOG,SEC-TBILL,GL-1200,2026-07-09,0.2004,7736134.70,true
2026-01-08,SEC-TBILL-01,SECURITY_HOLDING,GHS,11923827.37,CP-GOG,SEC-TBILL,GL-1200,2026-07-09,0.2004,11923827.37,true
2026-01-08,SEC-TBILL-02,SECURITY_HOLDING,GHS,7534980.85,CP-GOG,SEC-TBILL,GL-1200,2026-04-09,0.2004,7534980.85,true
2026-01-08,SEC-TBILL-03,SECURITY_HOLDING,GHS,10965547.79,CP-GOG,SEC-TBILL,GL-1200,2026-04-09,0.2004,10965547.79,true
2026-01-08,SEC-TBILL-04,SECURITY_HOLDING,GHS,5834589.42,CP-GOG,SEC-TBILL,GL-1200,2026-07-09,0.2004,5834589.42,true
2026-01-08,SEC-TBILL-05,SECURITY_HOLDING,GHS,5411309.84,CP-GOG,SEC-TBILL,GL-1200,2027-01-07,0.2004,5411309.84,true
2026-01-08,SEC-BOND-06,SECURITY_HOLDING,GHS,5446183.31,CP-GOG,SEC-BOND,GL-1200,2029-01-07,0.2004,5446183.31,true
2026-01-08,SEC-BOND-07,SECURITY_HOLDING,GHS,12707508.73,CP-GOG,SEC-BOND,GL-1200,2029-01-07,0.2004,12707508.73,true
2026-01-08,SEC-BOND-08,SECURITY_HOLDING,GHS,8576879.14,CP-GOG,SEC-BOND,GL-1200,2031-01-07,0.2004,8576879.14,true
2026-01-08,SEC-BOND-09,SECURITY_HOLDING,GHS,12836476.37,CP-GOG,SEC-BOND,GL-1200,2028-01-08,0.2004,12836476.37,true
2026-01-09,SEC-TBILL-00,SECURITY_HOLDING,GHS,9972670.22,CP-GOG,SEC-TBILL,GL-1200,2026-07-10,0.2733,9972670.22,true
2026-01-09,SEC-TBILL-01,SECURITY_HOLDING,GHS,9971792.75,CP-GOG,SEC-TBILL,GL-1200,2026-04-10,0.2733,9971792.75,true
2026-01-09,SEC-TBILL-02,SECURITY_HOLDING,GHS,6171118.39,CP-GOG,SEC-TBILL,GL-1200,2027-01-08,0.2733,6171118.39,true
2026-01-09,SEC-TBILL-03,SECURITY_HOLDING,GHS,9272817.80,CP-GOG,SEC-TBILL,GL-1200,2026-04-10,0.2733,9272817.80,true
2026-01-09,SEC-TBILL-04,SECURITY_HOLDING,GHS,8085974.28,CP-GOG,SEC-TBILL,GL-1200,2026-04-10,0.2733,8085974.28,true
2026-01-09,SEC-TBILL-05,SECURITY_HOLDING,GHS,11322953.30,CP-GOG,SEC-TBILL,GL-1200,2026-07-10,0.2733,11322953.30,true
2026-01-09,SEC-BOND-06,SECURITY_HOLDING,GHS,7734802.29,CP-GOG,SEC-BOND,GL-1200,2031-01-08,0.2733,7734802.29,true
2026-01-09,SEC-BOND-07,SECURITY_HOLDING,GHS,10680347.35,CP-GOG,SEC-BOND,GL-1200,2029-01-08,0.2733,10680347.35,true
2026-01-09,SEC-BOND-08,SECURITY_HOLDING,GHS,10732817.62,CP-GOG,SEC-BOND,GL-1200,2031-01-08,0.2733,10732817.62,true
2026-01-09,SEC-BOND-09,SECURITY_HOLDING,GHS,7177270.29,CP-GOG,SEC-BOND,GL-1200,2029-01-08,0.2733,7177270.29,true
2026-01-12,SEC-TBILL-00,SECURITY_HOLDING,GHS,13958384.32,CP-GOG,SEC-TBILL,GL-1200,2026-04-13,0.2083,13958384.32,true
2026-01-12,SEC-TBILL-01,SECURITY_HOLDING,GHS,13957319.30,CP-GOG,SEC-TBILL,GL-1200,2027-01-11,0.2083,13957319.30,true
2026-01-12,SEC-TBILL-02,SECURITY_HOLDING,GHS,13737641.13,CP-GOG,SEC-TBILL,GL-1200,2027-01-11,0.2083,13737641.13,true
2026-01-12,SEC-TBILL-03,SECURITY_HOLDING,GHS,8715599.58,CP-GOG,SEC-TBILL,GL-1200,2027-01-11,0.2083,8715599.58,true
2026-01-12,SEC-TBILL-04,SECURITY_HOLDING,GHS,7275081.82,CP-GOG,SEC-TBILL,GL-1200,2026-07-13,0.2083,7275081.82,true
2026-01-12,SEC-TBILL-05,SECURITY_HOLDING,GHS,6810581.23,CP-GOG,SEC-TBILL,GL-1200,2027-01-11,0.2083,6810581.23,true
2026-01-12,SEC-BOND-06,SECURITY_HOLDING,GHS,6848850.85,CP-GOG,SEC-BOND,GL-1200,2028-01-12,0.2083,6848850.85,true
2026-01-12,SEC-BOND-07,SECURITY_HOLDING,GHS,6030625.61,CP-GOG,SEC-BOND,GL-1200,2028-01-12,0.2083,6030625.61,true
2026-01-12,SEC-BOND-08,SECURITY_HOLDING,GHS,6094310.80,CP-GOG,SEC-BOND,GL-1200,2029-01-11,0.2083,6094310.80,true
2026-01-12,SEC-BOND-09,SECURITY_HOLDING,GHS,6172152.75,CP-GOG,SEC-BOND,GL-1200,2028-01-12,0.2083,6172152.75,true
2026-01-13,SEC-TBILL-00,SECURITY_HOLDING,GHS,11232409.82,CP-GOG,SEC-TBILL,GL-1200,2026-07-14,0.2012,11232409.82,true
2026-01-13,SEC-TBILL-01,SECURITY_HOLDING,GHS,7604539.04,CP-GOG,SEC-TBILL,GL-1200,2027-01-12,0.2012,7604539.04,true
2026-01-13,SEC-TBILL-02,SECURITY_HOLDING,GHS,7238472.65,CP-GOG,SEC-TBILL,GL-1200,2026-04-14,0.2012,7238472.65,true
2026-01-13,SEC-TBILL-03,SECURITY_HOLDING,GHS,10497139.93,CP-GOG,SEC-TBILL,GL-1200,2026-07-14,0.2012,10497139.93,true
2026-01-13,SEC-TBILL-04,SECURITY_HOLDING,GHS,5623284.85,CP-GOG,SEC-TBILL,GL-1200,2027-01-12,0.2012,5623284.85,true
2026-01-13,SEC-TBILL-05,SECURITY_HOLDING,GHS,9024077.84,CP-GOG,SEC-TBILL,GL-1200,2027-01-12,0.2012,9024077.84,true
2026-01-13,SEC-BOND-06,SECURITY_HOLDING,GHS,5254341.09,CP-GOG,SEC-BOND,GL-1200,2028-01-13,0.2012,5254341.09,true
2026-01-13,SEC-BOND-07,SECURITY_HOLDING,GHS,8348951.50,CP-GOG,SEC-BOND,GL-1200,2029-01-12,0.2012,8348951.50,true
2026-01-13,SEC-BOND-08,SECURITY_HOLDING,GHS,12031026.03,CP-GOG,SEC-BOND,GL-1200,2028-01-13,0.2012,12031026.03,true
2026-01-13,SEC-BOND-09,SECURITY_HOLDING,GHS,12274319.57,CP-GOG,SEC-BOND,GL-1200,2031-01-12,0.2012,12274319.57,true
2026-01-14,SEC-TBILL-00,SECURITY_HOLDING,GHS,8657884.81,CP-GOG,SEC-TBILL,GL-1200,2027-01-13,0.2342,8657884.81,true
2026-01-14,SEC-TBILL-01,SECURITY_HOLDING,GHS,8657128.88,CP-GOG,SEC-TBILL,GL-1200,2027-01-13,0.2342,8657128.88,true
2026-01-14,SEC-TBILL-02,SECURITY_HOLDING,GHS,8501204.08,CP-GOG,SEC-TBILL,GL-1200,2026-04-15,0.2342,8501204.08,true
2026-01-14,SEC-TBILL-03,SECURITY_HOLDING,GHS,8054964.53,CP-GOG,SEC-TBILL,GL-1200,2026-07-15,0.2342,8054964.53,true
2026-01-14,SEC-TBILL-04,SECURITY_HOLDING,GHS,7032503.21,CP-GOG,SEC-TBILL,GL-1200,2026-04-15,0.2342,7032503.21,true
2026-01-14,SEC-TBILL-05,SECURITY_HOLDING,GHS,9821148.71,CP-GOG,SEC-TBILL,GL-1200,2026-07-15,0.2342,9821148.71,true
2026-01-14,SEC-BOND-06,SECURITY_HOLDING,GHS,9848312.00,CP-GOG,SEC-BOND,GL-1200,2029-01-13,0.2342,9848312.00,true
2026-01-14,SEC-BOND-07,SECURITY_HOLDING,GHS,9267546.05,CP-GOG,SEC-BOND,GL-1200,2028-01-14,0.2342,9267546.05,true
2026-01-14,SEC-BOND-08,SECURITY_HOLDING,GHS,9312749.00,CP-GOG,SEC-BOND,GL-1200,2028-01-14,0.2342,9312749.00,true
2026-01-14,SEC-BOND-09,SECURITY_HOLDING,GHS,9368000.23,CP-GOG,SEC-BOND,GL-1200,2029-01-13,0.2342,9368000.23,true
2026-01-15,SEC-TBILL-00,SECURITY_HOLDING,GHS,6186502.76,CP-GOG,SEC-TBILL,GL-1200,2026-04-16,0.2652,6186502.76,true
2026-01-15,SEC-TBILL-01,SECURITY_HOLDING,GHS,10353536.70,CP-GOG,SEC-TBILL,GL-1200,2026-07-16,0.2652,10353536.70,true
2026-01-15,SEC-TBILL-02,SECURITY_HOLDING,GHS,5986341.24,CP-GOG,SEC-TBILL,GL-1200,2026-04-16,0.2652,5986341.24,true
2026-01-15,SEC-TBILL-03,SECURITY_HOLDING,GHS,5416264.85,CP-GOG,SEC-TBILL,GL-1200,2027-01-14,0.2652,5416264.85,true
2026-01-15,SEC-TBILL-04,SECURITY_HOLDING,GHS,8278057.85,CP-GOG,SEC-TBILL,GL-1200,2026-04-16,0.2652,8278057.85,true
2026-01-15,SEC-TBILL-05,SECURITY_HOLDING,GHS,11840586.05,CP-GOG,SEC-TBILL,GL-1200,2027-01-14,0.2652,11840586.05,true
2026-01-15,SEC-BOND-06,SECURITY_HOLDING,GHS,11875287.48,CP-GOG,SEC-BOND,GL-1200,2028-01-15,0.2652,11875287.48,true
2026-01-15,SEC-BOND-07,SECURITY_HOLDING,GHS,11133351.99,CP-GOG,SEC-BOND,GL-1200,2028-01-15,0.2652,11133351.99,true
2026-01-15,SEC-BOND-08,SECURITY_HOLDING,GHS,11191099.29,CP-GOG,SEC-BOND,GL-1200,2029-01-14,0.2652,11191099.29,true
2026-01-15,SEC-BOND-09,SECURITY_HOLDING,GHS,11261683.42,CP-GOG,SEC-BOND,GL-1200,2028-01-15,0.2652,11261683.42,true
2026-01-16,SEC-TBILL-00,SECURITY_HOLDING,GHS,6075976.88,CP-GOG,SEC-TBILL,GL-1200,2026-04-17,0.2581,6075976.88,true
2026-01-16,SEC-TBILL-01,SECURITY_HOLDING,GHS,6074906.22,CP-GOG,SEC-TBILL,GL-1200,2026-04-17,0.2581,6074906.22,true
2026-01-16,SEC-TBILL-02,SECURITY_HOLDING,GHS,14687272.23,CP-GOG,SEC-TBILL,GL-1200,2026-07-17,0.2581,14687272.23,true
2026-01-16,SEC-TBILL-03,SECURITY_HOLDING,GHS,9638645.95,CP-GOG,SEC-TBILL,GL-1200,2026-07-17,0.2581,9638645.95,true
2026-01-16,SEC-TBILL-04,SECURITY_HOLDING,GHS,12607106.19,CP-GOG,SEC-TBILL,GL-1200,2026-07-17,0.2581,12607106.19,true
2026-01-16,SEC-TBILL-05,SECURITY_HOLDING,GHS,7723543.18,CP-GOG,SEC-TBILL,GL-1200,2026-07-17,0.2581,7723543.18,true
2026-01-16,SEC-BOND-06,SECURITY_HOLDING,GHS,12382923.37,CP-GOG,SEC-BOND,GL-1200,2028-01-16,0.2581,12382923.37,true
2026-01-16,SEC-BOND-07,SECURITY_HOLDING,GHS,6939458.77,CP-GOG,SEC-BOND,GL-1200,2028-01-16,0.2581,6939458.77,true
2026-01-16,SEC-BOND-08,SECURITY_HOLDING,GHS,7003481.08,CP-GOG,SEC-BOND,GL-1200,2028-01-16,0.2581,7003481.08,true
2026-01-16,SEC-BOND-09,SECURITY_HOLDING,GHS,7081735.10,CP-GOG,SEC-BOND,GL-1200,2031-01-15,0.2581,7081735.10,true
2026-01-19,SEC-TBILL-00,SECURITY_HOLDING,GHS,8665261.15,CP-GOG,SEC-TBILL,GL-1200,2027-01-18,0.2732,8665261.15,true
2026-01-19,SEC-TBILL-01,SECURITY_HOLDING,GHS,8664510.33,CP-GOG,SEC-TBILL,GL-1200,2027-01-18,0.2732,8664510.33,true
2026-01-19,SEC-TBILL-02,SECURITY_HOLDING,GHS,8509641.61,CP-GOG,SEC-TBILL,GL-1200,2026-04-20,0.2732,8509641.61,true
2026-01-19,SEC-TBILL-03,SECURITY_HOLDING,GHS,8066424.43,CP-GOG,SEC-TBILL,GL-1200,2026-04-20,0.2732,8066424.43,true
2026-01-19,SEC-TBILL-04,SECURITY_HOLDING,GHS,7050888.21,CP-GOG,SEC-TBILL,GL-1200,2026-07-20,0.2732,7050888.21,true
2026-01-19,SEC-TBILL-05,SECURITY_HOLDING,GHS,9820646.29,CP-GOG,SEC-TBILL,GL-1200,2026-07-20,0.2732,9820646.29,true
2026-01-19,SEC-BOND-06,SECURITY_HOLDING,GHS,9847625.60,CP-GOG,SEC-BOND,GL-1200,2031-01-18,0.2732,9847625.60,true
2026-01-19,SEC-BOND-07,SECURITY_HOLDING,GHS,9270793.17,CP-GOG,SEC-BOND,GL-1200,2029-01-18,0.2732,9270793.17,true
2026-01-19,SEC-BOND-08,SECURITY_HOLDING,GHS,9315689.95,CP-GOG,SEC-BOND,GL-1200,2031-01-18,0.2732,9315689.95,true
2026-01-19,SEC-BOND-09,SECURITY_HOLDING,GHS,9370566.97,CP-GOG,SEC-BOND,GL-1200,2029-01-18,0.2732,9370566.97,true
2026-01-20,SEC-TBILL-00,SECURITY_HOLDING,GHS,6246082.23,CP-GOG,SEC-TBILL,GL-1200,2026-07-21,0.2661,6246082.23,true
2026-01-20,SEC-TBILL-01,SECURITY_HOLDING,GHS,10396284.44,CP-GOG,SEC-TBILL,GL-1200,2027-01-19,0.2661,10396284.44,true
2026-01-20,SEC-TBILL-02,SECURITY_HOLDING,GHS,6046729.21,CP-GOG,SEC-TBILL,GL-1200,2027-01-19,0.2661,6046729.21,true
2026-01-20,SEC-TBILL-03,SECURITY_HOLDING,GHS,9446583.89,CP-GOG,SEC-TBILL,GL-1200,2026-04-21,0.2661,9446583.89,true
2026-01-20,SEC-TBILL-04,SECURITY_HOLDING,GHS,8329188.98,CP-GOG,SEC-TBILL,GL-1200,2026-04-21,0.2661,8329188.98,true
2026-01-20,SEC-TBILL-05,SECURITY_HOLDING,GHS,11877327.22,CP-GOG,SEC-TBILL,GL-1200,2027-01-19,0.2661,11877327.22,true
2026-01-20,SEC-BOND-06,SECURITY_HOLDING,GHS,11911888.48,CP-GOG,SEC-BOND,GL-1200,2029-01-19,0.2661,11911888.48,true
2026-01-20,SEC-BOND-07,SECURITY_HOLDING,GHS,11172949.86,CP-GOG,SEC-BOND,GL-1200,2028-01-20,0.2661,11172949.86,true
2026-01-20,SEC-BOND-08,SECURITY_HOLDING,GHS,7079299.88,CP-GOG,SEC-BOND,GL-1200,2028-01-20,0.2661,7079299.88,true
2026-01-20,SEC-BOND-09,SECURITY_HOLDING,GHS,11300762.92,CP-GOG,SEC-BOND,GL-1200,2029-01-19,0.2661,11300762.92,true
2026-01-21,SEC-TBILL-00,SECURITY_HOLDING,GHS,6446459.70,CP-GOG,SEC-TBILL,GL-1200,2026-07-22,0.2590,6446459.70,true
2026-01-21,SEC-TBILL-01,SECURITY_HOLDING,GHS,11059753.79,CP-GOG,SEC-TBILL,GL-1200,2026-04-22,0.2590,11059753.79,true
2026-01-21,SEC-TBILL-02,SECURITY_HOLDING,GHS,6214609.09,CP-GOG,SEC-TBILL,GL-1200,2026-04-22,0.2590,6214609.09,true
2026-01-21,SEC-TBILL-03,SECURITY_HOLDING,GHS,10168692.24,CP-GOG,SEC-TBILL,GL-1200,2026-04-22,0.2590,10168692.24,true
2026-01-21,SEC-TBILL-04,SECURITY_HOLDING,GHS,8655690.05,CP-GOG,SEC-TBILL,GL-1200,2026-04-22,0.2590,8655690.05,true
2026-01-21,SEC-TBILL-05,SECURITY_HOLDING,GHS,12782229.27,CP-GOG,SEC-TBILL,GL-1200,2026-04-22,0.2590,12782229.27,true
2026-01-21,SEC-BOND-06,SECURITY_HOLDING,GHS,8208011.85,CP-GOG,SEC-BOND,GL-1200,2029-01-20,0.2590,8208011.85,true
2026-01-21,SEC-BOND-07,SECURITY_HOLDING,GHS,11963027.59,CP-GOG,SEC-BOND,GL-1200,2028-01-21,0.2590,11963027.59,true
2026-01-21,SEC-BOND-08,SECURITY_HOLDING,GHS,7415504.61,CP-GOG,SEC-BOND,GL-1200,2031-01-20,0.2590,7415504.61,true
2026-01-21,SEC-BOND-09,SECURITY_HOLDING,GHS,7497263.44,CP-GOG,SEC-BOND,GL-1200,2031-01-20,0.2590,7497263.44,true
2026-01-22,SEC-TBILL-00,SECURITY_HOLDING,GHS,11454549.95,CP-GOG,SEC-TBILL,GL-1200,2027-01-21,0.2100,11454549.95,true
2026-01-22,SEC-TBILL-01,SECURITY_HOLDING,GHS,8011241.86,CP-GOG,SEC-TBILL,GL-1200,2027-01-21,0.2100,8011241.86,true
2026-01-22,SEC-TBILL-02,SECURITY_HOLDING,GHS,11273196.19,CP-GOG,SEC-TBILL,GL-1200,2027-01-21,0.2100,11273196.19,true
2026-01-22,SEC-TBILL-03,SECURITY_HOLDING,GHS,10756685.86,CP-GOG,SEC-TBILL,GL-1200,2026-04-23,0.2100,10756685.86,true
2026-01-22,SEC-TBILL-04,SECURITY_HOLDING,GHS,6130781.12,CP-GOG,SEC-TBILL,GL-1200,2027-01-21,0.2100,6130781.12,true
2026-01-22,SEC-TBILL-05,SECURITY_HOLDING,GHS,9358563.67,CP-GOG,SEC-TBILL,GL-1200,2026-04-23,0.2100,9358563.67,true
2026-01-22,SEC-BOND-06,SECURITY_HOLDING,GHS,9390004.46,CP-GOG,SEC-BOND,GL-1200,2029-01-21,0.2100,9390004.46,true
2026-01-22,SEC-BOND-07,SECURITY_HOLDING,GHS,8717783.41,CP-GOG,SEC-BOND,GL-1200,2029-01-21,0.2100,8717783.41,true
2026-01-22,SEC-BOND-08,SECURITY_HOLDING,GHS,8770104.60,CP-GOG,SEC-BOND,GL-1200,2029-01-21,0.2100,8770104.60,true
2026-01-22,SEC-BOND-09,SECURITY_HOLDING,GHS,8834056.43,CP-GOG,SEC-BOND,GL-1200,2029-01-21,0.2100,8834056.43,true
2026-01-23,SEC-TBILL-00,SECURITY_HOLDING,GHS,10398229.84,CP-GOG,SEC-TBILL,GL-1200,2027-01-22,0.2429,10398229.84,true
2026-01-23,SEC-TBILL-01,SECURITY_HOLDING,GHS,7087566.00,CP-GOG,SEC-TBILL,GL-1200,2026-04-24,0.2429,7087566.00,true
2026-01-23,SEC-TBILL-02,SECURITY_HOLDING,GHS,10223862.25,CP-GOG,SEC-TBILL,GL-1200,2026-04-24,0.2429,10223862.25,true
2026-01-23,SEC-TBILL-03,SECURITY_HOLDING,GHS,9727249.10,CP-GOG,SEC-TBILL,GL-1200,2026-04-24,0.2429,9727249.10,true
2026-01-23,SEC-TBILL-04,SECURITY_HOLDING,GHS,8589367.55,CP-GOG,SEC-TBILL,GL-1200,2026-04-24,0.2429,8589367.55,true
2026-01-23,SEC-TBILL-05,SECURITY_HOLDING,GHS,4752097.99,CP-GOG,SEC-TBILL,GL-1200,2027-01-22,0.2429,4752097.99,true
2026-01-23,SEC-BOND-06,SECURITY_HOLDING,GHS,8413215.45,CP-GOG,SEC-BOND,GL-1200,2028-01-23,0.2429,8413215.45,true
2026-01-23,SEC-BOND-07,SECURITY_HOLDING,GHS,11076712.49,CP-GOG,SEC-BOND,GL-1200,2028-01-23,0.2429,11076712.49,true
2026-01-23,SEC-BOND-08,SECURITY_HOLDING,GHS,11127018.15,CP-GOG,SEC-BOND,GL-1200,2029-01-22,0.2429,11127018.15,true
2026-01-23,SEC-BOND-09,SECURITY_HOLDING,GHS,7878683.84,CP-GOG,SEC-BOND,GL-1200,2031-01-22,0.2429,7878683.84,true
2026-01-26,SEC-TBILL-00,SECURITY_HOLDING,GHS,9464976.56,CP-GOG,SEC-TBILL,GL-1200,2026-04-27,0.2180,9464976.56,true
2026-01-26,SEC-TBILL-01,SECURITY_HOLDING,GHS,9464027.79,CP-GOG,SEC-TBILL,GL-1200,2026-04-27,0.2180,9464027.79,true
2026-01-26,SEC-TBILL-02,SECURITY_HOLDING,GHS,5354497.41,CP-GOG,SEC-TBILL,GL-1200,2027-01-25,0.2180,5354497.41,true
2026-01-26,SEC-TBILL-03,SECURITY_HOLDING,GHS,8708251.70,CP-GOG,SEC-TBILL,GL-1200,2026-07-27,0.2180,8708251.70,true
2026-01-26,SEC-TBILL-04,SECURITY_HOLDING,GHS,7424961.14,CP-GOG,SEC-TBILL,GL-1200,2027-01-25,0.2180,7424961.14,true
2026-01-26,SEC-TBILL-05,SECURITY_HOLDING,GHS,10924988.34,CP-GOG,SEC-TBILL,GL-1200,2026-07-27,0.2180,10924988.34,true
2026-01-26,SEC-BOND-06,SECURITY_HOLDING,GHS,10959080.97,CP-GOG,SEC-BOND,GL-1200,2031-01-25,0.2180,10959080.97,true
2026-01-26,SEC-BOND-07,SECURITY_HOLDING,GHS,10230162.00,CP-GOG,SEC-BOND,GL-1200,2029-01-25,0.2180,10230162.00,true
2026-01-26,SEC-BOND-08,SECURITY_HOLDING,GHS,10286896.18,CP-GOG,SEC-BOND,GL-1200,2028-01-26,0.2180,10286896.18,true
2026-01-26,SEC-BOND-09,SECURITY_HOLDING,GHS,10356241.97,CP-GOG,SEC-BOND,GL-1200,2031-01-25,0.2180,10356241.97,true
2026-01-27,SEC-TBILL-00,SECURITY_HOLDING,GHS,11905686.67,CP-GOG,SEC-TBILL,GL-1200,2027-01-26,0.2509,11905686.67,true
2026-01-27,SEC-TBILL-01,SECURITY_HOLDING,GHS,8350641.05,CP-GOG,SEC-TBILL,GL-1200,2026-04-28,0.2509,8350641.05,true
2026-01-27,SEC-TBILL-02,SECURITY_HOLDING,GHS,11718447.87,CP-GOG,SEC-TBILL,GL-1200,2027-01-26,0.2509,11718447.87,true
2026-01-27,SEC-TBILL-03,SECURITY_HOLDING,GHS,11185176.44,CP-GOG,SEC-TBILL,GL-1200,2026-04-28,0.2509,11185176.44,true
2026-01-27,SEC-TBILL-04,SECURITY_HOLDING,GHS,6409158.17,CP-GOG,SEC-TBILL,GL-1200,2026-07-28,0.2509,6409158.17,true
2026-01-27,SEC-TBILL-05,SECURITY_HOLDING,GHS,9741684.31,CP-GOG,SEC-TBILL,GL-1200,2026-04-28,0.2509,9741684.31,true
2026-01-27,SEC-BOND-06,SECURITY_HOLDING,GHS,9774145.37,CP-GOG,SEC-BOND,GL-1200,2028-01-27,0.2509,9774145.37,true
2026-01-27,SEC-BOND-07,SECURITY_HOLDING,GHS,9080110.32,CP-GOG,SEC-BOND,GL-1200,2028-01-27,0.2509,9080110.32,true
2026-01-27,SEC-BOND-08,SECURITY_HOLDING,GHS,5235221.91,CP-GOG,SEC-BOND,GL-1200,2031-01-26,0.2509,5235221.91,true
2026-01-27,SEC-BOND-09,SECURITY_HOLDING,GHS,9200156.48,CP-GOG,SEC-BOND,GL-1200,2031-01-26,0.2509,9200156.48,true
2026-01-28,SEC-TBILL-00,SECURITY_HOLDING,GHS,10052958.57,CP-GOG,SEC-TBILL,GL-1200,2026-04-29,0.2438,10052958.57,true
2026-01-28,SEC-TBILL-01,SECURITY_HOLDING,GHS,10052150.98,CP-GOG,SEC-TBILL,GL-1200,2026-07-29,0.2438,10052150.98,true
2026-01-28,SEC-TBILL-02,SECURITY_HOLDING,GHS,9885571.56,CP-GOG,SEC-TBILL,GL-1200,2026-04-29,0.2438,9885571.56,true
2026-01-28,SEC-TBILL-03,SECURITY_HOLDING,GHS,9408839.64,CP-GOG,SEC-TBILL,GL-1200,2027-01-27,0.2438,9408839.64,true
2026-01-28,SEC-TBILL-04,SECURITY_HOLDING,GHS,8316511.66,CP-GOG,SEC-TBILL,GL-1200,2026-07-29,0.2438,8316511.66,true
2026-01-28,SEC-TBILL-05,SECURITY_HOLDING,GHS,4632862.04,CP-GOG,SEC-TBILL,GL-1200,2026-04-29,0.2438,4632862.04,true
2026-01-28,SEC-BOND-06,SECURITY_HOLDING,GHS,4661881.44,CP-GOG,SEC-BOND,GL-1200,2028-01-28,0.2438,4661881.44,true
2026-01-28,SEC-BOND-07,SECURITY_HOLDING,GHS,10704279.08,CP-GOG,SEC-BOND,GL-1200,2029-01-27,0.2438,10704279.08,true
2026-01-28,SEC-BOND-08,SECURITY_HOLDING,GHS,10752570.82,CP-GOG,SEC-BOND,GL-1200,2031-01-27,0.2438,10752570.82,true
2026-01-28,SEC-BOND-09,SECURITY_HOLDING,GHS,10811597.47,CP-GOG,SEC-BOND,GL-1200,2031-01-27,0.2438,10811597.47,true
2026-01-29,SEC-TBILL-00,SECURITY_HOLDING,GHS,5915127.59,CP-GOG,SEC-TBILL,GL-1200,2026-04-30,0.2749,5915127.59,true
2026-01-29,SEC-TBILL-01,SECURITY_HOLDING,GHS,9363784.32,CP-GOG,SEC-TBILL,GL-1200,2026-04-30,0.2749,9363784.32,true
2026-01-29,SEC-TBILL-02,SECURITY_HOLDING,GHS,5749472.98,CP-GOG,SEC-TBILL,GL-1200,2027-01-28,0.2749,5749472.98,true
2026-01-29,SEC-TBILL-03,SECURITY_HOLDING,GHS,5430186.08,CP-GOG,SEC-TBILL,GL-1200,2027-01-28,0.2749,5430186.08,true
2026-01-29,SEC-TBILL-04,SECURITY_HOLDING,GHS,10943053.32,CP-GOG,SEC-TBILL,GL-1200,2026-04-30,0.2749,10943053.32,true
2026-01-29,SEC-TBILL-05,SECURITY_HOLDING,GHS,10594473.31,CP-GOG,SEC-TBILL,GL-1200,2027-01-28,0.2749,10594473.31,true
2026-01-29,SEC-BOND-06,SECURITY_HOLDING,GHS,10623192.38,CP-GOG,SEC-BOND,GL-1200,2031-01-28,0.2749,10623192.38,true
2026-01-29,SEC-BOND-07,SECURITY_HOLDING,GHS,10009163.10,CP-GOG,SEC-BOND,GL-1200,2031-01-28,0.2749,10009163.10,true
2026-01-29,SEC-BOND-08,SECURITY_HOLDING,GHS,10056955.04,CP-GOG,SEC-BOND,GL-1200,2031-01-28,0.2749,10056955.04,true
2026-01-29,SEC-BOND-09,SECURITY_HOLDING,GHS,10115370.79,CP-GOG,SEC-BOND,GL-1200,2029-01-28,0.2749,10115370.79,true
2026-01-30,SEC-TBILL-00,SECURITY_HOLDING,GHS,10682000.16,CP-GOG,SEC-TBILL,GL-1200,2027-01-29,0.2678,10682000.16,true
2026-01-30,SEC-TBILL-01,SECURITY_HOLDING,GHS,6787889.78,CP-GOG,SEC-TBILL,GL-1200,2026-05-01,0.2678,6787889.78,true
2026-01-30,SEC-TBILL-02,SECURITY_HOLDING,GHS,6394958.78,CP-GOG,SEC-TBILL,GL-1200,2026-07-31,0.2678,6394958.78,true
2026-01-30,SEC-TBILL-03,SECURITY_HOLDING,GHS,9892770.81,CP-GOG,SEC-TBILL,GL-1200,2026-05-01,0.2678,9892770.81,true
2026-01-30,SEC-TBILL-04,SECURITY_HOLDING,GHS,8554357.57,CP-GOG,SEC-TBILL,GL-1200,2027-01-29,0.2678,8554357.57,true
2026-01-30,SEC-TBILL-05,SECURITY_HOLDING,GHS,12204725.54,CP-GOG,SEC-TBILL,GL-1200,2026-05-01,0.2678,12204725.54,true
2026-01-30,SEC-BOND-06,SECURITY_HOLDING,GHS,8347161.74,CP-GOG,SEC-BOND,GL-1200,2031-01-29,0.2678,8347161.74,true
2026-01-30,SEC-BOND-07,SECURITY_HOLDING,GHS,7586932.66,CP-GOG,SEC-BOND,GL-1200,2029-01-29,0.2678,7586932.66,true
2026-01-30,SEC-BOND-08,SECURITY_HOLDING,GHS,11539224.66,CP-GOG,SEC-BOND,GL-1200,2031-01-29,0.2678,11539224.66,true
2026-01-30,SEC-BOND-09,SECURITY_HOLDING,GHS,11800372.85,CP-GOG,SEC-BOND,GL-1200,2028-01-30,0.2678,11800372.85,true
2026-01-31,SEC-TBILL-00,SECURITY_HOLDING,GHS,5415994.49,CP-GOG,SEC-TBILL,GL-1200,2026-08-01,0.2588,5415994.49,true
2026-01-31,SEC-TBILL-01,SECURITY_HOLDING,GHS,9481750.32,CP-GOG,SEC-TBILL,GL-1200,2027-01-30,0.2588,9481750.32,true
2026-01-31,SEC-TBILL-02,SECURITY_HOLDING,GHS,9287395.89,CP-GOG,SEC-TBILL,GL-1200,2027-01-30,0.2588,9287395.89,true
2026-01-31,SEC-TBILL-03,SECURITY_HOLDING,GHS,8731174.97,CP-GOG,SEC-TBILL,GL-1200,2026-05-02,0.2588,8731174.97,true
2026-01-31,SEC-TBILL-04,SECURITY_HOLDING,GHS,7456715.15,CP-GOG,SEC-TBILL,GL-1200,2027-01-30,0.2588,7456715.15,true
2026-01-31,SEC-TBILL-05,SECURITY_HOLDING,GHS,10932657.53,CP-GOG,SEC-TBILL,GL-1200,2026-05-02,0.2588,10932657.53,true
2026-01-31,SEC-BOND-06,SECURITY_HOLDING,GHS,10966515.56,CP-GOG,SEC-BOND,GL-1200,2031-01-30,0.2588,10966515.56,true
2026-01-31,SEC-BOND-07,SECURITY_HOLDING,GHS,10242612.51,CP-GOG,SEC-BOND,GL-1200,2028-01-31,0.2588,10242612.51,true
2026-01-31,SEC-BOND-08,SECURITY_HOLDING,GHS,10298956.29,CP-GOG,SEC-BOND,GL-1200,2028-01-31,0.2588,10298956.29,true
2026-01-31,SEC-BOND-09,SECURITY_HOLDING,GHS,10367824.89,CP-GOG,SEC-BOND,GL-1200,2028-01-31,0.2588,10367824.89,true
2026-02-02,SEC-TBILL-00,SECURITY_HOLDING,GHS,10868236.76,CP-GOG,SEC-TBILL,GL-1200,2027-02-01,0.2447,10868236.76,true
2026-02-02,SEC-TBILL-01,SECURITY_HOLDING,GHS,10867369.79,CP-GOG,SEC-TBILL,GL-1200,2027-02-01,0.2447,10867369.79,true
2026-02-02,SEC-TBILL-02,SECURITY_HOLDING,GHS,10688544.17,CP-GOG,SEC-TBILL,GL-1200,2027-02-01,0.2447,10688544.17,true
2026-02-02,SEC-TBILL-03,SECURITY_HOLDING,GHS,6600428.89,CP-GOG,SEC-TBILL,GL-1200,2027-02-01,0.2447,6600428.89,true
2026-02-02,SEC-TBILL-04,SECURITY_HOLDING,GHS,5427797.67,CP-GOG,SEC-TBILL,GL-1200,2026-05-04,0.2447,5427797.67,true
2026-02-02,SEC-TBILL-05,SECURITY_HOLDING,GHS,5049678.15,CP-GOG,SEC-TBILL,GL-1200,2027-02-01,0.2447,5049678.15,true
2026-02-02,SEC-BOND-06,SECURITY_HOLDING,GHS,5080830.94,CP-GOG,SEC-BOND,GL-1200,2028-02-02,0.2447,5080830.94,true
2026-02-02,SEC-BOND-07,SECURITY_HOLDING,GHS,11567439.54,CP-GOG,SEC-BOND,GL-1200,2031-02-01,0.2447,11567439.54,true
2026-02-02,SEC-BOND-08,SECURITY_HOLDING,GHS,11619281.48,CP-GOG,SEC-BOND,GL-1200,2031-02-01,0.2447,11619281.48,true
2026-02-02,SEC-BOND-09,SECURITY_HOLDING,GHS,11682647.52,CP-GOG,SEC-BOND,GL-1200,2028-02-02,0.2447,11682647.52,true
2026-02-03,SEC-TBILL-00,SECURITY_HOLDING,GHS,10430397.56,CP-GOG,SEC-TBILL,GL-1200,2026-05-05,0.2757,10430397.56,true
2026-02-03,SEC-TBILL-01,SECURITY_HOLDING,GHS,6896157.99,CP-GOG,SEC-TBILL,GL-1200,2026-08-04,0.2757,6896157.99,true
2026-02-03,SEC-TBILL-02,SECURITY_HOLDING,GHS,6539539.37,CP-GOG,SEC-TBILL,GL-1200,2026-08-04,0.2757,6539539.37,true
2026-02-03,SEC-TBILL-03,SECURITY_HOLDING,GHS,9714104.15,CP-GOG,SEC-TBILL,GL-1200,2026-05-05,0.2757,9714104.15,true
2026-02-03,SEC-TBILL-04,SECURITY_HOLDING,GHS,4966037.72,CP-GOG,SEC-TBILL,GL-1200,2026-08-04,0.2757,4966037.72,true
2026-02-03,SEC-TBILL-05,SECURITY_HOLDING,GHS,8279060.11,CP-GOG,SEC-TBILL,GL-1200,2026-08-04,0.2757,8279060.11,true
2026-02-03,SEC-BOND-06,SECURITY_HOLDING,GHS,12016046.40,CP-GOG,SEC-BOND,GL-1200,2028-02-03,0.2757,12016046.40,true
2026-02-03,SEC-BOND-07,SECURITY_HOLDING,GHS,7621358.01,CP-GOG,SEC-BOND,GL-1200,2029-02-02,0.2757,7621358.01,true
2026-02-03,SEC-BOND-08,SECURITY_HOLDING,GHS,11208402.40,CP-GOG,SEC-BOND,GL-1200,2028-02-03,0.2757,11208402.40,true
2026-02-03,SEC-BOND-09,SECURITY_HOLDING,GHS,11445416.81,CP-GOG,SEC-BOND,GL-1200,2028-02-03,0.2757,11445416.81,true
2026-02-04,SEC-TBILL-00,SECURITY_HOLDING,GHS,9180112.56,CP-GOG,SEC-TBILL,GL-1200,2027-02-03,0.2286,9180112.56,true
2026-02-04,SEC-TBILL-01,SECURITY_HOLDING,GHS,9179269.03,CP-GOG,SEC-TBILL,GL-1200,2026-05-06,0.2286,9179269.03,true
2026-02-04,SEC-TBILL-02,SECURITY_HOLDING,GHS,9005276.37,CP-GOG,SEC-TBILL,GL-1200,2026-08-05,0.2286,9005276.37,true
2026-02-04,SEC-TBILL-03,SECURITY_HOLDING,GHS,8507328.57,CP-GOG,SEC-TBILL,GL-1200,2026-05-06,0.2286,8507328.57,true
2026-02-04,SEC-TBILL-04,SECURITY_HOLDING,GHS,7366388.98,CP-GOG,SEC-TBILL,GL-1200,2026-05-06,0.2286,7366388.98,true
2026-02-04,SEC-TBILL-05,SECURITY_HOLDING,GHS,10478170.29,CP-GOG,SEC-TBILL,GL-1200,2026-05-06,0.2286,10478170.29,true
2026-02-04,SEC-BOND-06,SECURITY_HOLDING,GHS,10508481.15,CP-GOG,SEC-BOND,GL-1200,2029-02-03,0.2286,10508481.15,true
2026-02-04,SEC-BOND-07,SECURITY_HOLDING,GHS,9860418.63,CP-GOG,SEC-BOND,GL-1200,2031-02-03,0.2286,9860418.63,true
2026-02-04,SEC-BOND-08,SECURITY_HOLDING,GHS,9910859.49,CP-GOG,SEC-BOND,GL-1200,2028-02-04,0.2286,9910859.49,true
2026-02-04,SEC-BOND-09,SECURITY_HOLDING,GHS,9972512.99,CP-GOG,SEC-BOND,GL-1200,2031-02-03,0.2286,9972512.99,true
2026-02-05,SEC-TBILL-00,SECURITY_HOLDING,GHS,5464959.71,CP-GOG,SEC-TBILL,GL-1200,2027-02-04,0.2597,5464959.71,true
2026-02-05,SEC-TBILL-01,SECURITY_HOLDING,GHS,9505663.46,CP-GOG,SEC-TBILL,GL-1200,2026-05-07,0.2597,9505663.46,true
2026-02-05,SEC-TBILL-02,SECURITY_HOLDING,GHS,9312506.59,CP-GOG,SEC-TBILL,GL-1200,2026-05-07,0.2597,9312506.59,true
2026-02-05,SEC-TBILL-03,SECURITY_HOLDING,GHS,8759712.96,CP-GOG,SEC-TBILL,GL-1200,2026-05-07,0.2597,8759712.96,true
2026-02-05,SEC-TBILL-04,SECURITY_HOLDING,GHS,7493106.01,CP-GOG,SEC-TBILL,GL-1200,2026-05-07,0.2597,7493106.01,true
2026-02-05,SEC-TBILL-05,SECURITY_HOLDING,GHS,10947630.58,CP-GOG,SEC-TBILL,GL-1200,2026-05-07,0.2597,10947630.58,true
2026-02-05,SEC-BOND-06,SECURITY_HOLDING,GHS,10981279.98,CP-GOG,SEC-BOND,GL-1200,2031-02-04,0.2597,10981279.98,true
2026-02-05,SEC-BOND-07,SECURITY_HOLDING,GHS,10261837.43,CP-GOG,SEC-BOND,GL-1200,2031-02-04,0.2597,10261837.43,true
2026-02-05,SEC-BOND-08,SECURITY_HOLDING,GHS,10317834.03,CP-GOG,SEC-BOND,GL-1200,2028-02-05,0.2597,10317834.03,true
2026-02-05,SEC-BOND-09,SECURITY_HOLDING,GHS,10386278.28,CP-GOG,SEC-BOND,GL-1200,2031-02-04,0.2597,10386278.28,true
2026-02-06,SEC-TBILL-00,SECURITY_HOLDING,GHS,12989670.80,CP-GOG,SEC-TBILL,GL-1200,2027-02-05,0.2526,12989670.80,true
2026-02-06,SEC-TBILL-01,SECURITY_HOLDING,GHS,9162019.53,CP-GOG,SEC-TBILL,GL-1200,2026-05-08,0.2526,9162019.53,true
2026-02-06,SEC-TBILL-02,SECURITY_HOLDING,GHS,12788074.28,CP-GOG,SEC-TBILL,GL-1200,2026-08-07,0.2526,12788074.28,true
2026-02-06,SEC-TBILL-03,SECURITY_HOLDING,GHS,8201631.12,CP-GOG,SEC-TBILL,GL-1200,2026-08-07,0.2526,8201631.12,true
2026-02-06,SEC-TBILL-04,SECURITY_HOLDING,GHS,6886060.00,CP-GOG,SEC-TBILL,GL-1200,2026-08-07,0.2526,6886060.00,true
2026-02-06,SEC-TBILL-05,SECURITY_HOLDING,GHS,6461848.94,CP-GOG,SEC-TBILL,GL-1200,2026-08-07,0.2526,6461848.94,true
2026-02-06,SEC-BOND-06,SECURITY_HOLDING,GHS,10694680.06,CP-GOG,SEC-BOND,GL-1200,2031-02-05,0.2526,10694680.06,true
2026-02-06,SEC-BOND-07,SECURITY_HOLDING,GHS,9947425.48,CP-GOG,SEC-BOND,GL-1200,2031-02-05,0.2526,9947425.48,true
2026-02-06,SEC-BOND-08,SECURITY_HOLDING,GHS,5807705.88,CP-GOG,SEC-BOND,GL-1200,2029-02-05,0.2526,5807705.88,true
2026-02-06,SEC-BOND-09,SECURITY_HOLDING,GHS,10076676.93,CP-GOG,SEC-BOND,GL-1200,2028-02-06,0.2526,10076676.93,true
2026-02-09,SEC-TBILL-00,SECURITY_HOLDING,GHS,9190275.59,CP-GOG,SEC-TBILL,GL-1200,2026-08-10,0.2295,9190275.59,true
2026-02-09,SEC-TBILL-01,SECURITY_HOLDING,GHS,9189437.89,CP-GOG,SEC-TBILL,GL-1200,2026-05-11,0.2295,9189437.89,true
2026-02-09,SEC-TBILL-02,SECURITY_HOLDING,GHS,9016648.60,CP-GOG,SEC-TBILL,GL-1200,2026-05-11,0.2295,9016648.60,true
2026-02-09,SEC-TBILL-03,SECURITY_HOLDING,GHS,8522144.74,CP-GOG,SEC-TBILL,GL-1200,2026-08-10,0.2295,8522144.74,true
2026-02-09,SEC-TBILL-04,SECURITY_HOLDING,GHS,7389096.18,CP-GOG,SEC-TBILL,GL-1200,2027-02-08,0.2295,7389096.18,true
2026-02-09,SEC-TBILL-05,SECURITY_HOLDING,GHS,10479355.63,CP-GOG,SEC-TBILL,GL-1200,2027-02-08,0.2295,10479355.63,true
2026-02-09,SEC-BOND-06,SECURITY_HOLDING,GHS,10509456.84,CP-GOG,SEC-BOND,GL-1200,2029-02-08,0.2295,10509456.84,true
2026-02-09,SEC-BOND-07,SECURITY_HOLDING,GHS,9865876.49,CP-GOG,SEC-BOND,GL-1200,2028-02-09,0.2295,9865876.49,true
2026-02-09,SEC-BOND-08,SECURITY_HOLDING,GHS,9915968.48,CP-GOG,SEC-BOND,GL-1200,2029-02-08,0.2295,9915968.48,true
2026-02-09,SEC-BOND-09,SECURITY_HOLDING,GHS,9977195.58,CP-GOG,SEC-BOND,GL-1200,2028-02-09,0.2295,9977195.58,true
2026-02-10,SEC-TBILL-00,SECURITY_HOLDING,GHS,5771228.23,CP-GOG,SEC-TBILL,GL-1200,2026-05-12,0.2605,5771228.23,true
2026-02-10,SEC-TBILL-01,SECURITY_HOLDING,GHS,9975045.75,CP-GOG,SEC-TBILL,GL-1200,2026-05-12,0.2605,9975045.75,true
2026-02-10,SEC-TBILL-02,SECURITY_HOLDING,GHS,5569299.82,CP-GOG,SEC-TBILL,GL-1200,2026-08-11,0.2605,5569299.82,true
2026-02-10,SEC-TBILL-03,SECURITY_HOLDING,GHS,9013076.28,CP-GOG,SEC-TBILL,GL-1200,2026-08-11,0.2605,9013076.28,true
2026-02-10,SEC-TBILL-04,SECURITY_HOLDING,GHS,7881246.06,CP-GOG,SEC-TBILL,GL-1200,2027-02-09,0.2605,7881246.06,true
2026-02-10,SEC-TBILL-05,SECURITY_HOLDING,GHS,11475221.71,CP-GOG,SEC-TBILL,GL-1200,2027-02-09,0.2605,11475221.71,true
2026-02-10,SEC-BOND-06,SECURITY_HOLDING,GHS,11510229.46,CP-GOG,SEC-BOND,GL-1200,2031-02-09,0.2605,11510229.46,true
2026-02-10,SEC-BOND-07,SECURITY_HOLDING,GHS,10761744.70,CP-GOG,SEC-BOND,GL-1200,2031-02-09,0.2605,10761744.70,true
2026-02-10,SEC-BOND-08,SECURITY_HOLDING,GHS,10820001.75,CP-GOG,SEC-BOND,GL-1200,2028-02-10,0.2605,10820001.75,true
2026-02-10,SEC-BOND-09,SECURITY_HOLDING,GHS,10891208.94,CP-GOG,SEC-BOND,GL-1200,2031-02-09,0.2605,10891208.94,true
2026-02-11,SEC-TBILL-00,SECURITY_HOLDING,GHS,11173002.56,CP-GOG,SEC-TBILL,GL-1200,2026-05-13,0.2534,11173002.56,true
2026-02-11,SEC-TBILL-01,SECURITY_HOLDING,GHS,11330771.17,CP-GOG,SEC-TBILL,GL-1200,2026-08-12,0.2534,11330771.17,true
2026-02-11,SEC-TBILL-02,SECURITY_HOLDING,GHS,11000734.45,CP-GOG,SEC-TBILL,GL-1200,2027-02-10,0.2534,11000734.45,true
2026-02-11,SEC-TBILL-03,SECURITY_HOLDING,GHS,7081530.39,CP-GOG,SEC-TBILL,GL-1200,2026-08-12,0.2534,7081530.39,true
2026-02-11,SEC-TBILL-04,SECURITY_HOLDING,GHS,5957349.51,CP-GOG,SEC-TBILL,GL-1200,2027-02-10,0.2534,5957349.51,true
2026-02-11,SEC-TBILL-05,SECURITY_HOLDING,GHS,9023423.37,CP-GOG,SEC-TBILL,GL-1200,2026-08-12,0.2534,9023423.37,true
2026-02-11,SEC-BOND-06,SECURITY_HOLDING,GHS,9211888.75,CP-GOG,SEC-BOND,GL-1200,2029-02-10,0.2534,9211888.75,true
2026-02-11,SEC-BOND-07,SECURITY_HOLDING,GHS,8414745.56,CP-GOG,SEC-BOND,GL-1200,2028-02-11,0.2534,8414745.56,true
2026-02-11,SEC-BOND-08,SECURITY_HOLDING,GHS,8464445.51,CP-GOG,SEC-BOND,GL-1200,2031-02-10,0.2534,8464445.51,true
2026-02-11,SEC-BOND-09,SECURITY_HOLDING,GHS,8683793.17,CP-GOG,SEC-BOND,GL-1200,2031-02-10,0.2534,8683793.17,true
2026-02-12,SEC-TBILL-00,SECURITY_HOLDING,GHS,12554598.90,CP-GOG,SEC-TBILL,GL-1200,2027-02-11,0.2445,12554598.90,true
2026-02-12,SEC-TBILL-01,SECURITY_HOLDING,GHS,8608734.28,CP-GOG,SEC-TBILL,GL-1200,2026-05-14,0.2445,8608734.28,true
2026-02-12,SEC-TBILL-02,SECURITY_HOLDING,GHS,8401914.32,CP-GOG,SEC-TBILL,GL-1200,2027-02-11,0.2445,8401914.32,true
2026-02-12,SEC-TBILL-03,SECURITY_HOLDING,GHS,7810018.44,CP-GOG,SEC-TBILL,GL-1200,2027-02-11,0.2445,7810018.44,true
2026-02-12,SEC-TBILL-04,SECURITY_HOLDING,GHS,6453817.17,CP-GOG,SEC-TBILL,GL-1200,2026-08-13,0.2445,6453817.17,true
2026-02-12,SEC-TBILL-05,SECURITY_HOLDING,GHS,10152699.95,CP-GOG,SEC-TBILL,GL-1200,2027-02-11,0.2445,10152699.95,true
2026-02-12,SEC-BOND-06,SECURITY_HOLDING,GHS,10188729.56,CP-GOG,SEC-BOND,GL-1200,2029-02-11,0.2445,10188729.56,true
2026-02-12,SEC-BOND-07,SECURITY_HOLDING,GHS,9418396.74,CP-GOG,SEC-BOND,GL-1200,2028-02-12,0.2445,9418396.74,true
2026-02-12,SEC-BOND-08,SECURITY_HOLDING,GHS,9478354.30,CP-GOG,SEC-BOND,GL-1200,2028-02-12,0.2445,9478354.30,true
2026-02-12,SEC-BOND-09,SECURITY_HOLDING,GHS,9551640.00,CP-GOG,SEC-BOND,GL-1200,2031-02-11,0.2445,9551640.00,true
2026-02-13,SEC-TBILL-00,SECURITY_HOLDING,GHS,10779889.32,CP-GOG,SEC-TBILL,GL-1200,2026-05-15,0.2374,10779889.32,true
2026-02-13,SEC-TBILL-01,SECURITY_HOLDING,GHS,7181708.68,CP-GOG,SEC-TBILL,GL-1200,2026-05-15,0.2374,7181708.68,true
2026-02-13,SEC-TBILL-02,SECURITY_HOLDING,GHS,10590378.67,CP-GOG,SEC-TBILL,GL-1200,2027-02-12,0.2374,10590378.67,true
2026-02-13,SEC-TBILL-03,SECURITY_HOLDING,GHS,10050636.81,CP-GOG,SEC-TBILL,GL-1200,2027-02-12,0.2374,10050636.81,true
2026-02-13,SEC-TBILL-04,SECURITY_HOLDING,GHS,5216668.88,CP-GOG,SEC-TBILL,GL-1200,2026-08-14,0.2374,5216668.88,true
2026-02-13,SEC-TBILL-05,SECURITY_HOLDING,GHS,12186896.42,CP-GOG,SEC-TBILL,GL-1200,2026-05-15,0.2374,12186896.42,true
2026-02-13,SEC-BOND-06,SECURITY_HOLDING,GHS,8622485.04,CP-GOG,SEC-BOND,GL-1200,2029-02-12,0.2374,8622485.04,true
2026-02-13,SEC-BOND-07,SECURITY_HOLDING,GHS,7920028.94,CP-GOG,SEC-BOND,GL-1200,2031-02-12,0.2374,7920028.94,true
2026-02-13,SEC-BOND-08,SECURITY_HOLDING,GHS,11571969.74,CP-GOG,SEC-BOND,GL-1200,2031-02-12,0.2374,11571969.74,true
2026-02-13,SEC-BOND-09,SECURITY_HOLDING,GHS,8041531.68,CP-GOG,SEC-BOND,GL-1200,2028-02-13,0.2374,8041531.68,true
2026-02-16,SEC-TBILL-00,SECURITY_HOLDING,GHS,9094864.25,CP-GOG,SEC-TBILL,GL-1200,2026-08-17,0.2543,9094864.25,true
2026-02-16,SEC-TBILL-01,SECURITY_HOLDING,GHS,9093897.30,CP-GOG,SEC-TBILL,GL-1200,2026-08-17,0.2543,9093897.30,true
2026-02-16,SEC-TBILL-02,SECURITY_HOLDING,GHS,8894448.14,CP-GOG,SEC-TBILL,GL-1200,2026-08-17,0.2543,8894448.14,true
2026-02-16,SEC-TBILL-03,SECURITY_HOLDING,GHS,8323646.65,CP-GOG,SEC-TBILL,GL-1200,2026-08-17,0.2543,8323646.65,true
2026-02-16,SEC-TBILL-04,SECURITY_HOLDING,GHS,7015778.61,CP-GOG,SEC-TBILL,GL-1200,2027-02-15,0.2543,7015778.61,true
2026-02-16,SEC-TBILL-05,SECURITY_HOLDING,GHS,10582838.06,CP-GOG,SEC-TBILL,GL-1200,2026-05-18,0.2543,10582838.06,true
2026-02-16,SEC-BOND-06,SECURITY_HOLDING,GHS,10617583.63,CP-GOG,SEC-BOND,GL-1200,2029-02-15,0.2543,10617583.63,true
2026-02-16,SEC-BOND-07,SECURITY_HOLDING,GHS,9874704.46,CP-GOG,SEC-BOND,GL-1200,2029-02-15,0.2543,9874704.46,true
2026-02-16,SEC-BOND-08,SECURITY_HOLDING,GHS,9932525.21,CP-GOG,SEC-BOND,GL-1200,2028-02-16,0.2543,9932525.21,true
2026-02-16,SEC-BOND-09,SECURITY_HOLDING,GHS,10003199.11,CP-GOG,SEC-BOND,GL-1200,2029-02-15,0.2543,10003199.11,true
2026-02-17,SEC-TBILL-00,SECURITY_HOLDING,GHS,11579468.53,CP-GOG,SEC-TBILL,GL-1200,2027-02-16,0.2454,11579468.53,true
2026-02-17,SEC-TBILL-01,SECURITY_HOLDING,GHS,7965462.21,CP-GOG,SEC-TBILL,GL-1200,2026-05-19,0.2454,7965462.21,true
2026-02-17,SEC-TBILL-02,SECURITY_HOLDING,GHS,11389124.36,CP-GOG,SEC-TBILL,GL-1200,2026-08-18,0.2454,11389124.36,true
2026-02-17,SEC-TBILL-03,SECURITY_HOLDING,GHS,10847008.59,CP-GOG,SEC-TBILL,GL-1200,2027-02-16,0.2454,10847008.59,true
2026-02-17,SEC-TBILL-04,SECURITY_HOLDING,GHS,5991779.68,CP-GOG,SEC-TBILL,GL-1200,2027-02-16,0.2454,5991779.68,true
2026-02-17,SEC-TBILL-05,SECURITY_HOLDING,GHS,9379576.02,CP-GOG,SEC-TBILL,GL-1200,2026-05-19,0.2454,9379576.02,true
2026-02-17,SEC-BOND-06,SECURITY_HOLDING,GHS,9412575.45,CP-GOG,SEC-BOND,GL-1200,2028-02-17,0.2454,9412575.45,true
2026-02-17,SEC-BOND-07,SECURITY_HOLDING,GHS,8707029.78,CP-GOG,SEC-BOND,GL-1200,2031-02-16,0.2454,8707029.78,true
2026-02-17,SEC-BOND-08,SECURITY_HOLDING,GHS,8761944.74,CP-GOG,SEC-BOND,GL-1200,2029-02-16,0.2454,8761944.74,true
2026-02-17,SEC-BOND-09,SECURITY_HOLDING,GHS,8829066.91,CP-GOG,SEC-BOND,GL-1200,2029-02-16,0.2454,8829066.91,true
2026-02-18,SEC-TBILL-00,SECURITY_HOLDING,GHS,10019917.00,CP-GOG,SEC-TBILL,GL-1200,2027-02-17,0.2383,10019917.00,true
2026-02-18,SEC-TBILL-01,SECURITY_HOLDING,GHS,6700162.50,CP-GOG,SEC-TBILL,GL-1200,2026-05-20,0.2383,6700162.50,true
2026-02-18,SEC-TBILL-02,SECURITY_HOLDING,GHS,9845070.62,CP-GOG,SEC-TBILL,GL-1200,2027-02-17,0.2383,9845070.62,true
2026-02-18,SEC-TBILL-03,SECURITY_HOLDING,GHS,9347093.83,CP-GOG,SEC-TBILL,GL-1200,2026-08-19,0.2383,9347093.83,true
2026-02-18,SEC-TBILL-04,SECURITY_HOLDING,GHS,8206087.81,CP-GOG,SEC-TBILL,GL-1200,2026-05-20,0.2383,8206087.81,true
2026-02-18,SEC-TBILL-05,SECURITY_HOLDING,GHS,11318050.32,CP-GOG,SEC-TBILL,GL-1200,2027-02-17,0.2383,11318050.32,true
2026-02-18,SEC-BOND-06,SECURITY_HOLDING,GHS,8029452.01,CP-GOG,SEC-BOND,GL-1200,2028-02-18,0.2383,8029452.01,true
2026-02-18,SEC-BOND-07,SECURITY_HOLDING,GHS,10700262.68,CP-GOG,SEC-BOND,GL-1200,2029-02-17,0.2383,10700262.68,true
2026-02-18,SEC-BOND-08,SECURITY_HOLDING,GHS,10750706.47,CP-GOG,SEC-BOND,GL-1200,2031-02-17,0.2383,10750706.47,true
2026-02-18,SEC-BOND-09,SECURITY_HOLDING,GHS,7493452.65,CP-GOG,SEC-BOND,GL-1200,2029-02-17,0.2383,7493452.65,true
2026-02-19,SEC-TBILL-00,SECURITY_HOLDING,GHS,6371113.81,CP-GOG,SEC-TBILL,GL-1200,2026-08-20,0.2693,6371113.81,true
2026-02-19,SEC-TBILL-01,SECURITY_HOLDING,GHS,10395708.17,CP-GOG,SEC-TBILL,GL-1200,2027-02-18,0.2693,10395708.17,true
2026-02-19,SEC-TBILL-02,SECURITY_HOLDING,GHS,10203321.38,CP-GOG,SEC-TBILL,GL-1200,2027-02-18,0.2693,10203321.38,true
2026-02-19,SEC-TBILL-03,SECURITY_HOLDING,GHS,5805185.38,CP-GOG,SEC-TBILL,GL-1200,2026-08-20,0.2693,5805185.38,true
2026-02-19,SEC-TBILL-04,SECURITY_HOLDING,GHS,12238720.57,CP-GOG,SEC-TBILL,GL-1200,2026-08-20,0.2693,12238720.57,true
2026-02-19,SEC-TBILL-05,SECURITY_HOLDING,GHS,7984380.26,CP-GOG,SEC-TBILL,GL-1200,2026-08-20,0.2693,7984380.26,true
2026-02-19,SEC-BOND-06,SECURITY_HOLDING,GHS,11865441.74,CP-GOG,SEC-BOND,GL-1200,2031-02-18,0.2693,11865441.74,true
2026-02-19,SEC-BOND-07,SECURITY_HOLDING,GHS,7301321.22,CP-GOG,SEC-BOND,GL-1200,2028-02-19,0.2693,7301321.22,true
2026-02-19,SEC-BOND-08,SECURITY_HOLDING,GHS,11204640.80,CP-GOG,SEC-BOND,GL-1200,2031-02-18,0.2693,11204640.80,true
2026-02-19,SEC-BOND-09,SECURITY_HOLDING,GHS,11272812.18,CP-GOG,SEC-BOND,GL-1200,2031-02-18,0.2693,11272812.18,true
2026-02-20,SEC-TBILL-00,SECURITY_HOLDING,GHS,10791942.58,CP-GOG,SEC-TBILL,GL-1200,2026-08-21,0.2622,10791942.58,true
2026-02-20,SEC-TBILL-01,SECURITY_HOLDING,GHS,6638344.57,CP-GOG,SEC-TBILL,GL-1200,2026-08-21,0.2622,6638344.57,true
2026-02-20,SEC-TBILL-02,SECURITY_HOLDING,GHS,6219230.25,CP-GOG,SEC-TBILL,GL-1200,2027-02-19,0.2622,6219230.25,true
2026-02-20,SEC-TBILL-03,SECURITY_HOLDING,GHS,9950122.21,CP-GOG,SEC-TBILL,GL-1200,2026-08-21,0.2622,9950122.21,true
2026-02-20,SEC-TBILL-04,SECURITY_HOLDING,GHS,13077877.41,CP-GOG,SEC-TBILL,GL-1200,2027-02-19,0.2622,13077877.41,true
2026-02-20,SEC-TBILL-05,SECURITY_HOLDING,GHS,12416136.17,CP-GOG,SEC-TBILL,GL-1200,2027-02-19,0.2622,12416136.17,true
2026-02-20,SEC-BOND-06,SECURITY_HOLDING,GHS,8301520.05,CP-GOG,SEC-BOND,GL-1200,2029-02-19,0.2622,8301520.05,true
2026-02-20,SEC-BOND-07,SECURITY_HOLDING,GHS,7490632.40,CP-GOG,SEC-BOND,GL-1200,2028-02-20,0.2622,7490632.40,true
2026-02-20,SEC-BOND-08,SECURITY_HOLDING,GHS,11706289.02,CP-GOG,SEC-BOND,GL-1200,2029-02-19,0.2622,11706289.02,true
2026-02-20,SEC-BOND-09,SECURITY_HOLDING,GHS,7630890.37,CP-GOG,SEC-BOND,GL-1200,2031-02-19,0.2622,7630890.37,true
2026-02-23,SEC-TBILL-00,SECURITY_HOLDING,GHS,9421636.33,CP-GOG,SEC-TBILL,GL-1200,2027-02-22,0.2391,9421636.33,true
2026-02-23,SEC-TBILL-01,SECURITY_HOLDING,GHS,9420848.95,CP-GOG,SEC-TBILL,GL-1200,2026-08-24,0.2391,9420848.95,true
2026-02-23,SEC-TBILL-02,SECURITY_HOLDING,GHS,9258437.95,CP-GOG,SEC-TBILL,GL-1200,2026-05-25,0.2391,9258437.95,true
2026-02-23,SEC-TBILL-03,SECURITY_HOLDING,GHS,5545575.89,CP-GOG,SEC-TBILL,GL-1200,2027-02-22,0.2391,5545575.89,true
2026-02-23,SEC-TBILL-04,SECURITY_HOLDING,GHS,4480581.96,CP-GOG,SEC-TBILL,GL-1200,2026-08-24,0.2391,4480581.96,true
2026-02-23,SEC-TBILL-05,SECURITY_HOLDING,GHS,10633289.97,CP-GOG,SEC-TBILL,GL-1200,2027-02-22,0.2391,10633289.97,true
2026-02-23,SEC-BOND-06,SECURITY_HOLDING,GHS,10661583.20,CP-GOG,SEC-BOND,GL-1200,2031-02-22,0.2391,10661583.20,true
2026-02-23,SEC-BOND-07,SECURITY_HOLDING,GHS,10056658.41,CP-GOG,SEC-BOND,GL-1200,2031-02-22,0.2391,10056658.41,true
2026-02-23,SEC-BOND-08,SECURITY_HOLDING,GHS,10103741.71,CP-GOG,SEC-BOND,GL-1200,2028-02-23,0.2391,10103741.71,true
2026-02-23,SEC-BOND-09,SECURITY_HOLDING,GHS,10161291.31,CP-GOG,SEC-BOND,GL-1200,2031-02-22,0.2391,10161291.31,true
2026-02-24,SEC-TBILL-00,SECURITY_HOLDING,GHS,11133056.01,CP-GOG,SEC-TBILL,GL-1200,2026-08-25,0.2702,11133056.01,true
2026-02-24,SEC-TBILL-01,SECURITY_HOLDING,GHS,7165948.51,CP-GOG,SEC-TBILL,GL-1200,2027-02-23,0.2702,7165948.51,true
2026-02-24,SEC-TBILL-02,SECURITY_HOLDING,GHS,11116477.85,CP-GOG,SEC-TBILL,GL-1200,2026-05-26,0.2702,11116477.85,true
2026-02-24,SEC-TBILL-03,SECURITY_HOLDING,GHS,6362932.72,CP-GOG,SEC-TBILL,GL-1200,2026-05-26,0.2702,6362932.72,true
2026-02-24,SEC-TBILL-04,SECURITY_HOLDING,GHS,13316355.69,CP-GOG,SEC-TBILL,GL-1200,2026-08-25,0.2702,13316355.69,true
2026-02-24,SEC-TBILL-05,SECURITY_HOLDING,GHS,8718226.24,CP-GOG,SEC-TBILL,GL-1200,2026-05-26,0.2702,8718226.24,true
2026-02-24,SEC-BOND-06,SECURITY_HOLDING,GHS,8754449.83,CP-GOG,SEC-BOND,GL-1200,2031-02-23,0.2702,8754449.83,true
2026-02-24,SEC-BOND-07,SECURITY_HOLDING,GHS,7979969.85,CP-GOG,SEC-BOND,GL-1200,2031-02-23,0.2702,7979969.85,true
2026-02-24,SEC-BOND-08,SECURITY_HOLDING,GHS,8040250.20,CP-GOG,SEC-BOND,GL-1200,2028-02-24,0.2702,8040250.20,true
2026-02-24,SEC-BOND-09,SECURITY_HOLDING,GHS,12272393.18,CP-GOG,SEC-BOND,GL-1200,2028-02-24,0.2702,12272393.18,true
2026-02-25,SEC-TBILL-00,SECURITY_HOLDING,GHS,10504709.27,CP-GOG,SEC-TBILL,GL-1200,2026-08-26,0.2231,10504709.27,true
2026-02-25,SEC-TBILL-01,SECURITY_HOLDING,GHS,6496132.24,CP-GOG,SEC-TBILL,GL-1200,2026-08-26,0.2231,6496132.24,true
2026-02-25,SEC-TBILL-02,SECURITY_HOLDING,GHS,10293583.66,CP-GOG,SEC-TBILL,GL-1200,2026-05-27,0.2231,10293583.66,true
2026-02-25,SEC-TBILL-03,SECURITY_HOLDING,GHS,9692280.67,CP-GOG,SEC-TBILL,GL-1200,2027-02-24,0.2231,9692280.67,true
2026-02-25,SEC-TBILL-04,SECURITY_HOLDING,GHS,8314525.02,CP-GOG,SEC-TBILL,GL-1200,2027-02-24,0.2231,8314525.02,true
2026-02-25,SEC-TBILL-05,SECURITY_HOLDING,GHS,12072194.87,CP-GOG,SEC-TBILL,GL-1200,2026-08-26,0.2231,12072194.87,true
2026-02-25,SEC-BOND-06,SECURITY_HOLDING,GHS,8101238.70,CP-GOG,SEC-BOND,GL-1200,2028-02-25,0.2231,8101238.70,true
2026-02-25,SEC-BOND-07,SECURITY_HOLDING,GHS,7318662.83,CP-GOG,SEC-BOND,GL-1200,2031-02-24,0.2231,7318662.83,true
2026-02-25,SEC-BOND-08,SECURITY_HOLDING,GHS,11387131.72,CP-GOG,SEC-BOND,GL-1200,2029-02-24,0.2231,11387131.72,true
2026-02-25,SEC-BOND-09,SECURITY_HOLDING,GHS,7454023.75,CP-GOG,SEC-BOND,GL-1200,2029-02-24,0.2231,7454023.75,true
2026-02-26,SEC-TBILL-00,SECURITY_HOLDING,GHS,9133810.44,CP-GOG,SEC-TBILL,GL-1200,2026-05-28,0.2542,9133810.44,true
2026-02-26,SEC-TBILL-01,SECURITY_HOLDING,GHS,9132857.17,CP-GOG,SEC-TBILL,GL-1200,2026-08-27,0.2542,9132857.17,true
2026-02-26,SEC-TBILL-02,SECURITY_HOLDING,GHS,8936230.09,CP-GOG,SEC-TBILL,GL-1200,2027-02-25,0.2542,8936230.09,true
2026-02-26,SEC-TBILL-03,SECURITY_HOLDING,GHS,8373505.08,CP-GOG,SEC-TBILL,GL-1200,2027-02-25,0.2542,8373505.08,true
2026-02-26,SEC-TBILL-04,SECURITY_HOLDING,GHS,7084142.54,CP-GOG,SEC-TBILL,GL-1200,2027-02-25,0.2542,7084142.54,true
2026-02-26,SEC-TBILL-05,SECURITY_HOLDING,GHS,10600730.37,CP-GOG,SEC-TBILL,GL-1200,2027-02-25,0.2542,10600730.37,true
2026-02-26,SEC-BOND-06,SECURITY_HOLDING,GHS,10634984.31,CP-GOG,SEC-BOND,GL-1200,2031-02-25,0.2542,10634984.31,true
2026-02-26,SEC-BOND-07,SECURITY_HOLDING,GHS,9902616.40,CP-GOG,SEC-BOND,GL-1200,2031-02-25,0.2542,9902616.40,true
2026-02-26,SEC-BOND-08,SECURITY_HOLDING,GHS,9959619.03,CP-GOG,SEC-BOND,GL-1200,2031-02-25,0.2542,9959619.03,true
2026-02-26,SEC-BOND-09,SECURITY_HOLDING,GHS,10029292.94,CP-GOG,SEC-BOND,GL-1200,2029-02-25,0.2542,10029292.94,true
2026-02-27,SEC-TBILL-00,SECURITY_HOLDING,GHS,11168323.63,CP-GOG,SEC-TBILL,GL-1200,2027-02-26,0.2471,11168323.63,true
2026-02-27,SEC-TBILL-01,SECURITY_HOLDING,GHS,7730582.10,CP-GOG,SEC-TBILL,GL-1200,2027-02-26,0.2471,7730582.10,true
2026-02-27,SEC-TBILL-02,SECURITY_HOLDING,GHS,10987263.05,CP-GOG,SEC-TBILL,GL-1200,2026-05-29,0.2471,10987263.05,true
2026-02-27,SEC-TBILL-03,SECURITY_HOLDING,GHS,6868025.17,CP-GOG,SEC-TBILL,GL-1200,2026-05-29,0.2471,6868025.17,true
2026-02-27,SEC-TBILL-04,SECURITY_HOLDING,GHS,9456723.92,CP-GOG,SEC-TBILL,GL-1200,2026-05-29,0.2471,9456723.92,true
2026-02-27,SEC-TBILL-05,SECURITY_HOLDING,GHS,9075725.79,CP-GOG,SEC-TBILL,GL-1200,2026-08-28,0.2471,9075725.79,true
2026-02-27,SEC-BOND-06,SECURITY_HOLDING,GHS,9107115.74,CP-GOG,SEC-BOND,GL-1200,2031-02-26,0.2471,9107115.74,true
2026-02-27,SEC-BOND-07,SECURITY_HOLDING,GHS,8435981.43,CP-GOG,SEC-BOND,GL-1200,2031-02-26,0.2471,8435981.43,true
2026-02-27,SEC-BOND-08,SECURITY_HOLDING,GHS,11925086.01,CP-GOG,SEC-BOND,GL-1200,2029-02-26,0.2471,11925086.01,true
2026-02-27,SEC-BOND-09,SECURITY_HOLDING,GHS,8552066.48,CP-GOG,SEC-BOND,GL-1200,2029-02-26,0.2471,8552066.48,true
2026-02-28,SEC-TBILL-00,SECURITY_HOLDING,GHS,7564182.60,CP-GOG,SEC-TBILL,GL-1200,2026-05-30,0.2400,7564182.60,true
2026-02-28,SEC-TBILL-01,SECURITY_HOLDING,GHS,7563228.56,CP-GOG,SEC-TBILL,GL-1200,2026-05-30,0.2400,7563228.56,true
2026-02-28,SEC-TBILL-02,SECURITY_HOLDING,GHS,11301996.74,CP-GOG,SEC-TBILL,GL-1200,2027-02-27,0.2400,11301996.74,true
2026-02-28,SEC-TBILL-03,SECURITY_HOLDING,GHS,6803257.02,CP-GOG,SEC-TBILL,GL-1200,2026-05-30,0.2400,6803257.02,true
2026-02-28,SEC-TBILL-04,SECURITY_HOLDING,GHS,5512842.68,CP-GOG,SEC-TBILL,GL-1200,2026-08-29,0.2400,5512842.68,true
2026-02-28,SEC-TBILL-05,SECURITY_HOLDING,GHS,9032299.18,CP-GOG,SEC-TBILL,GL-1200,2026-08-29,0.2400,9032299.18,true
2026-02-28,SEC-BOND-06,SECURITY_HOLDING,GHS,13002136.72,CP-GOG,SEC-BOND,GL-1200,2029-02-27,0.2400,13002136.72,true
2026-02-28,SEC-BOND-07,SECURITY_HOLDING,GHS,8333615.73,CP-GOG,SEC-BOND,GL-1200,2029-02-27,0.2400,8333615.73,true
2026-02-28,SEC-BOND-08,SECURITY_HOLDING,GHS,8390664.85,CP-GOG,SEC-BOND,GL-1200,2029-02-27,0.2400,8390664.85,true
2026-02-28,SEC-BOND-09,SECURITY_HOLDING,GHS,12395951.26,CP-GOG,SEC-BOND,GL-1200,2029-02-27,0.2400,12395951.26,true
2026-03-02,SEC-TBILL-00,SECURITY_HOLDING,GHS,9756407.21,CP-GOG,SEC-TBILL,GL-1200,2026-08-31,0.2239,9756407.21,true
2026-03-02,SEC-TBILL-01,SECURITY_HOLDING,GHS,9755469.15,CP-GOG,SEC-TBILL,GL-1200,2026-08-31,0.2239,9755469.15,true
2026-03-02,SEC-TBILL-02,SECURITY_HOLDING,GHS,9561978.80,CP-GOG,SEC-TBILL,GL-1200,2026-08-31,0.2239,9561978.80,true
2026-03-02,SEC-TBILL-03,SECURITY_HOLDING,GHS,9008230.79,CP-GOG,SEC-TBILL,GL-1200,2026-08-31,0.2239,9008230.79,true
2026-03-02,SEC-TBILL-04,SECURITY_HOLDING,GHS,7739437.10,CP-GOG,SEC-TBILL,GL-1200,2027-03-01,0.2239,7739437.10,true
2026-03-02,SEC-TBILL-05,SECURITY_HOLDING,GHS,11199925.77,CP-GOG,SEC-TBILL,GL-1200,2026-06-01,0.2239,11199925.77,true
2026-03-02,SEC-BOND-06,SECURITY_HOLDING,GHS,7543018.86,CP-GOG,SEC-BOND,GL-1200,2031-03-01,0.2239,7543018.86,true
2026-03-02,SEC-BOND-07,SECURITY_HOLDING,GHS,10512948.63,CP-GOG,SEC-BOND,GL-1200,2028-03-01,0.2239,10512948.63,true
2026-03-02,SEC-BOND-08,SECURITY_HOLDING,GHS,10569041.90,CP-GOG,SEC-BOND,GL-1200,2029-03-01,0.2239,10569041.90,true
2026-03-02,SEC-BOND-09,SECURITY_HOLDING,GHS,10637604.32,CP-GOG,SEC-BOND,GL-1200,2028-03-01,0.2239,10637604.32,true
2026-03-03,SEC-TBILL-00,SECURITY_HOLDING,GHS,11689429.39,CP-GOG,SEC-TBILL,GL-1200,2027-03-02,0.2550,11689429.39,true
2026-03-03,SEC-TBILL-01,SECURITY_HOLDING,GHS,8307916.76,CP-GOG,SEC-TBILL,GL-1200,2027-03-02,0.2550,8307916.76,true
2026-03-03,SEC-TBILL-02,SECURITY_HOLDING,GHS,8130676.95,CP-GOG,SEC-TBILL,GL-1200,2026-06-02,0.2550,8130676.95,true
2026-03-03,SEC-TBILL-03,SECURITY_HOLDING,GHS,11168057.61,CP-GOG,SEC-TBILL,GL-1200,2026-09-01,0.2550,11168057.61,true
2026-03-03,SEC-TBILL-04,SECURITY_HOLDING,GHS,10005825.20,CP-GOG,SEC-TBILL,GL-1200,2027-03-02,0.2550,10005825.20,true
2026-03-03,SEC-TBILL-05,SECURITY_HOLDING,GHS,9631058.81,CP-GOG,SEC-TBILL,GL-1200,2026-09-01,0.2550,9631058.81,true
2026-03-03,SEC-BOND-06,SECURITY_HOLDING,GHS,9661935.34,CP-GOG,SEC-BOND,GL-1200,2031-03-02,0.2550,9661935.34,true
2026-03-03,SEC-BOND-07,SECURITY_HOLDING,GHS,9001778.34,CP-GOG,SEC-BOND,GL-1200,2031-03-02,0.2550,9001778.34,true
2026-03-03,SEC-BOND-08,SECURITY_HOLDING,GHS,9053160.55,CP-GOG,SEC-BOND,GL-1200,2031-03-02,0.2550,9053160.55,true
2026-03-03,SEC-BOND-09,SECURITY_HOLDING,GHS,9115964.66,CP-GOG,SEC-BOND,GL-1200,2031-03-02,0.2550,9115964.66,true
2026-03-04,SEC-TBILL-00,SECURITY_HOLDING,GHS,11862210.40,CP-GOG,SEC-TBILL,GL-1200,2026-06-03,0.2479,11862210.40,true
2026-03-04,SEC-TBILL-01,SECURITY_HOLDING,GHS,12037130.88,CP-GOG,SEC-TBILL,GL-1200,2026-06-03,0.2479,12037130.88,true
2026-03-04,SEC-TBILL-02,SECURITY_HOLDING,GHS,11671214.10,CP-GOG,SEC-TBILL,GL-1200,2027-03-03,0.2479,11671214.10,true
2026-03-04,SEC-TBILL-03,SECURITY_HOLDING,GHS,7325932.41,CP-GOG,SEC-TBILL,GL-1200,2027-03-03,0.2479,7325932.41,true
2026-03-04,SEC-TBILL-04,SECURITY_HOLDING,GHS,10056686.40,CP-GOG,SEC-TBILL,GL-1200,2027-03-03,0.2479,10056686.40,true
2026-03-04,SEC-TBILL-05,SECURITY_HOLDING,GHS,9478938.96,CP-GOG,SEC-TBILL,GL-1200,2027-03-03,0.2479,9478938.96,true
2026-03-04,SEC-BOND-06,SECURITY_HOLDING,GHS,9687893.42,CP-GOG,SEC-BOND,GL-1200,2029-03-03,0.2479,9687893.42,true
2026-03-04,SEC-BOND-07,SECURITY_HOLDING,GHS,5178621.91,CP-GOG,SEC-BOND,GL-1200,2029-03-03,0.2479,5178621.91,true
2026-03-04,SEC-BOND-08,SECURITY_HOLDING,GHS,8859191.64,CP-GOG,SEC-BOND,GL-1200,2029-03-03,0.2479,8859191.64,true
2026-03-04,SEC-BOND-09,SECURITY_HOLDING,GHS,9102385.75,CP-GOG,SEC-BOND,GL-1200,2031-03-03,0.2479,9102385.75,true
2026-03-05,SEC-TBILL-00,SECURITY_HOLDING,GHS,9158273.03,CP-GOG,SEC-TBILL,GL-1200,2026-06-04,0.2390,9158273.03,true
2026-03-05,SEC-TBILL-01,SECURITY_HOLDING,GHS,9157130.60,CP-GOG,SEC-TBILL,GL-1200,2026-06-04,0.2390,9157130.60,true
2026-03-05,SEC-TBILL-02,SECURITY_HOLDING,GHS,8921484.99,CP-GOG,SEC-TBILL,GL-1200,2026-09-03,0.2390,8921484.99,true
2026-03-05,SEC-TBILL-03,SECURITY_HOLDING,GHS,8247093.26,CP-GOG,SEC-TBILL,GL-1200,2027-03-04,0.2390,8247093.26,true
2026-03-05,SEC-TBILL-04,SECURITY_HOLDING,GHS,6701870.61,CP-GOG,SEC-TBILL,GL-1200,2026-06-04,0.2390,6701870.61,true
2026-03-05,SEC-TBILL-05,SECURITY_HOLDING,GHS,10916287.43,CP-GOG,SEC-TBILL,GL-1200,2026-09-03,0.2390,10916287.43,true
2026-03-05,SEC-BOND-06,SECURITY_HOLDING,GHS,10957338.69,CP-GOG,SEC-BOND,GL-1200,2031-03-04,0.2390,10957338.69,true
2026-03-05,SEC-BOND-07,SECURITY_HOLDING,GHS,10079640.26,CP-GOG,SEC-BOND,GL-1200,2031-03-04,0.2390,10079640.26,true
2026-03-05,SEC-BOND-08,SECURITY_HOLDING,GHS,10147954.44,CP-GOG,SEC-BOND,GL-1200,2029-03-04,0.2390,10147954.44,true
2026-03-05,SEC-BOND-09,SECURITY_HOLDING,GHS,10231454.39,CP-GOG,SEC-BOND,GL-1200,2029-03-04,0.2390,10231454.39,true
2026-03-06,SEC-TBILL-00,SECURITY_HOLDING,GHS,10620547.01,CP-GOG,SEC-TBILL,GL-1200,2027-03-05,0.2319,10620547.01,true
2026-03-06,SEC-TBILL-01,SECURITY_HOLDING,GHS,6895380.73,CP-GOG,SEC-TBILL,GL-1200,2026-09-04,0.2319,6895380.73,true
2026-03-06,SEC-TBILL-02,SECURITY_HOLDING,GHS,10424348.21,CP-GOG,SEC-TBILL,GL-1200,2026-06-05,0.2319,10424348.21,true
2026-03-06,SEC-TBILL-03,SECURITY_HOLDING,GHS,9865557.99,CP-GOG,SEC-TBILL,GL-1200,2026-09-04,0.2319,9865557.99,true
2026-03-06,SEC-TBILL-04,SECURITY_HOLDING,GHS,12670694.21,CP-GOG,SEC-TBILL,GL-1200,2026-06-05,0.2319,12670694.21,true
2026-03-06,SEC-TBILL-05,SECURITY_HOLDING,GHS,8352990.00,CP-GOG,SEC-TBILL,GL-1200,2027-03-05,0.2319,8352990.00,true
2026-03-06,SEC-BOND-06,SECURITY_HOLDING,GHS,8387004.42,CP-GOG,SEC-BOND,GL-1200,2031-03-05,0.2319,8387004.42,true
2026-03-06,SEC-BOND-07,SECURITY_HOLDING,GHS,7659757.51,CP-GOG,SEC-BOND,GL-1200,2031-03-05,0.2319,7659757.51,true
2026-03-06,SEC-BOND-08,SECURITY_HOLDING,GHS,11440581.23,CP-GOG,SEC-BOND,GL-1200,2028-03-05,0.2319,11440581.23,true
2026-03-06,SEC-BOND-09,SECURITY_HOLDING,GHS,7785548.27,CP-GOG,SEC-BOND,GL-1200,2029-03-05,0.2319,7785548.27,true
2026-03-09,SEC-TBILL-00,SECURITY_HOLDING,GHS,9619638.63,CP-GOG,SEC-TBILL,GL-1200,2026-06-08,0.2488,9619638.63,true
2026-03-09,SEC-TBILL-01,SECURITY_HOLDING,GHS,14317530.86,CP-GOG,SEC-TBILL,GL-1200,2026-09-07,0.2488,14317530.86,true
2026-03-09,SEC-TBILL-02,SECURITY_HOLDING,GHS,9393977.58,CP-GOG,SEC-TBILL,GL-1200,2026-09-07,0.2488,9393977.58,true
2026-03-09,SEC-TBILL-03,SECURITY_HOLDING,GHS,8751276.43,CP-GOG,SEC-TBILL,GL-1200,2026-06-08,0.2488,8751276.43,true
2026-03-09,SEC-TBILL-04,SECURITY_HOLDING,GHS,7278665.89,CP-GOG,SEC-TBILL,GL-1200,2026-09-07,0.2488,7278665.89,true
2026-03-09,SEC-TBILL-05,SECURITY_HOLDING,GHS,11295041.54,CP-GOG,SEC-TBILL,GL-1200,2026-09-07,0.2488,11295041.54,true
2026-03-09,SEC-BOND-06,SECURITY_HOLDING,GHS,7050695.37,CP-GOG,SEC-BOND,GL-1200,2031-03-08,0.2488,7050695.37,true
2026-03-09,SEC-BOND-07,SECURITY_HOLDING,GHS,10497709.56,CP-GOG,SEC-BOND,GL-1200,2029-03-08,0.2488,10497709.56,true
2026-03-09,SEC-BOND-08,SECURITY_HOLDING,GHS,10562813.57,CP-GOG,SEC-BOND,GL-1200,2031-03-08,0.2488,10562813.57,true
2026-03-09,SEC-BOND-09,SECURITY_HOLDING,GHS,6358921.36,CP-GOG,SEC-BOND,GL-1200,2029-03-08,0.2488,6358921.36,true
2026-03-10,SEC-TBILL-00,SECURITY_HOLDING,GHS,12995331.99,CP-GOG,SEC-TBILL,GL-1200,2026-09-08,0.2398,12995331.99,true
2026-03-10,SEC-TBILL-01,SECURITY_HOLDING,GHS,8747313.86,CP-GOG,SEC-TBILL,GL-1200,2027-03-09,0.2398,8747313.86,true
2026-03-10,SEC-TBILL-02,SECURITY_HOLDING,GHS,8524656.72,CP-GOG,SEC-TBILL,GL-1200,2027-03-09,0.2398,8524656.72,true
2026-03-10,SEC-TBILL-03,SECURITY_HOLDING,GHS,7887436.58,CP-GOG,SEC-TBILL,GL-1200,2026-09-08,0.2398,7887436.58,true
2026-03-10,SEC-TBILL-04,SECURITY_HOLDING,GHS,6427384.56,CP-GOG,SEC-TBILL,GL-1200,2026-09-08,0.2398,6427384.56,true
2026-03-10,SEC-TBILL-05,SECURITY_HOLDING,GHS,10409508.28,CP-GOG,SEC-TBILL,GL-1200,2026-09-08,0.2398,10409508.28,true
2026-03-10,SEC-BOND-06,SECURITY_HOLDING,GHS,10448296.86,CP-GOG,SEC-BOND,GL-1200,2029-03-09,0.2398,10448296.86,true
2026-03-10,SEC-BOND-07,SECURITY_HOLDING,GHS,9618976.01,CP-GOG,SEC-BOND,GL-1200,2028-03-09,0.2398,9618976.01,true
2026-03-10,SEC-BOND-08,SECURITY_HOLDING,GHS,9683524.80,CP-GOG,SEC-BOND,GL-1200,2031-03-09,0.2398,9683524.80,true
2026-03-10,SEC-BOND-09,SECURITY_HOLDING,GHS,9762422.34,CP-GOG,SEC-BOND,GL-1200,2031-03-09,0.2398,9762422.34,true
2026-03-11,SEC-TBILL-00,SECURITY_HOLDING,GHS,10626010.08,CP-GOG,SEC-TBILL,GL-1200,2026-06-10,0.2327,10626010.08,true
2026-03-11,SEC-TBILL-01,SECURITY_HOLDING,GHS,6927908.62,CP-GOG,SEC-TBILL,GL-1200,2026-09-09,0.2327,6927908.62,true
2026-03-11,SEC-TBILL-02,SECURITY_HOLDING,GHS,10431236.75,CP-GOG,SEC-TBILL,GL-1200,2027-03-10,0.2327,10431236.75,true
2026-03-11,SEC-TBILL-03,SECURITY_HOLDING,GHS,6000025.30,CP-GOG,SEC-TBILL,GL-1200,2026-06-10,0.2327,6000025.30,true
2026-03-11,SEC-TBILL-04,SECURITY_HOLDING,GHS,12661262.14,CP-GOG,SEC-TBILL,GL-1200,2027-03-10,0.2327,12661262.14,true
2026-03-11,SEC-TBILL-05,SECURITY_HOLDING,GHS,12072089.51,CP-GOG,SEC-TBILL,GL-1200,2026-09-09,0.2327,12072089.51,true
2026-03-11,SEC-BOND-06,SECURITY_HOLDING,GHS,8408695.07,CP-GOG,SEC-BOND,GL-1200,2028-03-10,0.2327,8408695.07,true
2026-03-11,SEC-BOND-07,SECURITY_HOLDING,GHS,7686731.90,CP-GOG,SEC-BOND,GL-1200,2029-03-10,0.2327,7686731.90,true
2026-03-11,SEC-BOND-08,SECURITY_HOLDING,GHS,11440086.42,CP-GOG,SEC-BOND,GL-1200,2029-03-10,0.2327,11440086.42,true
2026-03-11,SEC-BOND-09,SECURITY_HOLDING,GHS,7811608.74,CP-GOG,SEC-BOND,GL-1200,2031-03-10,0.2327,7811608.74,true
2026-03-12,SEC-TBILL-00,SECURITY_HOLDING,GHS,10174140.01,CP-GOG,SEC-TBILL,GL-1200,2026-06-11,0.2638,10174140.01,true
2026-03-12,SEC-TBILL-01,SECURITY_HOLDING,GHS,10173178.05,CP-GOG,SEC-TBILL,GL-1200,2026-06-11,0.2638,10173178.05,true
2026-03-12,SEC-TBILL-02,SECURITY_HOLDING,GHS,9974758.00,CP-GOG,SEC-TBILL,GL-1200,2027-03-11,0.2638,9974758.00,true
2026-03-12,SEC-TBILL-03,SECURITY_HOLDING,GHS,5438696.36,CP-GOG,SEC-TBILL,GL-1200,2026-09-10,0.2638,5438696.36,true
2026-03-12,SEC-TBILL-04,SECURITY_HOLDING,GHS,12073987.36,CP-GOG,SEC-TBILL,GL-1200,2026-09-10,0.2638,12073987.36,true
2026-03-12,SEC-TBILL-05,SECURITY_HOLDING,GHS,7686230.84,CP-GOG,SEC-TBILL,GL-1200,2027-03-11,0.2638,7686230.84,true
2026-03-12,SEC-BOND-06,SECURITY_HOLDING,GHS,11689002.50,CP-GOG,SEC-BOND,GL-1200,2028-03-11,0.2638,11689002.50,true
2026-03-12,SEC-BOND-07,SECURITY_HOLDING,GHS,6981751.05,CP-GOG,SEC-BOND,GL-1200,2028-03-11,0.2638,6981751.05,true
2026-03-12,SEC-BOND-08,SECURITY_HOLDING,GHS,11007478.83,CP-GOG,SEC-BOND,GL-1200,2031-03-11,0.2638,11007478.83,true
2026-03-12,SEC-BOND-09,SECURITY_HOLDING,GHS,11077788.06,CP-GOG,SEC-BOND,GL-1200,2031-03-11,0.2638,11077788.06,true
2026-03-13,SEC-TBILL-00,SECURITY_HOLDING,GHS,10215345.58,CP-GOG,SEC-TBILL,GL-1200,2027-03-12,0.2567,10215345.58,true
2026-03-13,SEC-TBILL-01,SECURITY_HOLDING,GHS,6051449.05,CP-GOG,SEC-TBILL,GL-1200,2027-03-12,0.2567,6051449.05,true
2026-03-13,SEC-TBILL-02,SECURITY_HOLDING,GHS,14360783.50,CP-GOG,SEC-TBILL,GL-1200,2026-06-12,0.2567,14360783.50,true
2026-03-13,SEC-TBILL-03,SECURITY_HOLDING,GHS,9371437.98,CP-GOG,SEC-TBILL,GL-1200,2027-03-12,0.2567,9371437.98,true
2026-03-13,SEC-TBILL-04,SECURITY_HOLDING,GHS,12506948.20,CP-GOG,SEC-TBILL,GL-1200,2026-09-11,0.2567,12506948.20,true
2026-03-13,SEC-TBILL-05,SECURITY_HOLDING,GHS,7680727.78,CP-GOG,SEC-TBILL,GL-1200,2027-03-12,0.2567,7680727.78,true
2026-03-13,SEC-BOND-06,SECURITY_HOLDING,GHS,7718748.24,CP-GOG,SEC-BOND,GL-1200,2028-03-12,0.2567,7718748.24,true
2026-03-13,SEC-BOND-07,SECURITY_HOLDING,GHS,6905850.06,CP-GOG,SEC-BOND,GL-1200,2031-03-12,0.2567,6905850.06,true
2026-03-13,SEC-BOND-08,SECURITY_HOLDING,GHS,11131959.07,CP-GOG,SEC-BOND,GL-1200,2031-03-12,0.2567,11131959.07,true
2026-03-13,SEC-BOND-09,SECURITY_HOLDING,GHS,7046455.79,CP-GOG,SEC-BOND,GL-1200,2029-03-12,0.2567,7046455.79,true
2026-03-16,SEC-TBILL-00,SECURITY_HOLDING,GHS,10216788.15,CP-GOG,SEC-TBILL,GL-1200,2026-09-14,0.2336,10216788.15,true
2026-03-16,SEC-TBILL-01,SECURITY_HOLDING,GHS,6688540.45,CP-GOG,SEC-TBILL,GL-1200,2026-09-14,0.2336,6688540.45,true
2026-03-16,SEC-TBILL-02,SECURITY_HOLDING,GHS,10030960.76,CP-GOG,SEC-TBILL,GL-1200,2027-03-15,0.2336,10030960.76,true
2026-03-16,SEC-TBILL-03,SECURITY_HOLDING,GHS,5803274.80,CP-GOG,SEC-TBILL,GL-1200,2026-09-14,0.2336,5803274.80,true
2026-03-16,SEC-TBILL-04,SECURITY_HOLDING,GHS,11987477.92,CP-GOG,SEC-TBILL,GL-1200,2026-09-14,0.2336,11987477.92,true
2026-03-16,SEC-TBILL-05,SECURITY_HOLDING,GHS,11596449.17,CP-GOG,SEC-TBILL,GL-1200,2027-03-15,0.2336,11596449.17,true
2026-03-16,SEC-BOND-06,SECURITY_HOLDING,GHS,8101314.39,CP-GOG,SEC-BOND,GL-1200,2029-03-15,0.2336,8101314.39,true
2026-03-16,SEC-BOND-07,SECURITY_HOLDING,GHS,11110945.31,CP-GOG,SEC-BOND,GL-1200,2028-03-15,0.2336,11110945.31,true
2026-03-16,SEC-BOND-08,SECURITY_HOLDING,GHS,10993473.98,CP-GOG,SEC-BOND,GL-1200,2031-03-15,0.2336,10993473.98,true
2026-03-16,SEC-BOND-09,SECURITY_HOLDING,GHS,7531652.23,CP-GOG,SEC-BOND,GL-1200,2029-03-15,0.2336,7531652.23,true
2026-03-17,SEC-TBILL-00,SECURITY_HOLDING,GHS,11966963.97,CP-GOG,SEC-TBILL,GL-1200,2026-06-16,0.2647,11966963.97,true
2026-03-17,SEC-TBILL-01,SECURITY_HOLDING,GHS,7470538.49,CP-GOG,SEC-TBILL,GL-1200,2026-09-15,0.2647,7470538.49,true
2026-03-17,SEC-TBILL-02,SECURITY_HOLDING,GHS,11948173.84,CP-GOG,SEC-TBILL,GL-1200,2027-03-16,0.2647,11948173.84,true
2026-03-17,SEC-TBILL-03,SECURITY_HOLDING,GHS,6560378.98,CP-GOG,SEC-TBILL,GL-1200,2026-06-16,0.2647,6560378.98,true
2026-03-17,SEC-TBILL-04,SECURITY_HOLDING,GHS,14441574.07,CP-GOG,SEC-TBILL,GL-1200,2027-03-16,0.2647,14441574.07,true
2026-03-17,SEC-TBILL-05,SECURITY_HOLDING,GHS,9229931.49,CP-GOG,SEC-TBILL,GL-1200,2027-03-16,0.2647,9229931.49,true
2026-03-17,SEC-BOND-06,SECURITY_HOLDING,GHS,9270988.26,CP-GOG,SEC-BOND,GL-1200,2029-03-16,0.2647,9270988.26,true
2026-03-17,SEC-BOND-07,SECURITY_HOLDING,GHS,8393172.00,CP-GOG,SEC-BOND,GL-1200,2031-03-16,0.2647,8393172.00,true
2026-03-17,SEC-BOND-08,SECURITY_HOLDING,GHS,8461495.35,CP-GOG,SEC-BOND,GL-1200,2029-03-16,0.2647,8461495.35,true
2026-03-17,SEC-BOND-09,SECURITY_HOLDING,GHS,8545006.51,CP-GOG,SEC-BOND,GL-1200,2029-03-16,0.2647,8545006.51,true
2026-03-18,SEC-TBILL-00,SECURITY_HOLDING,GHS,10233521.68,CP-GOG,SEC-TBILL,GL-1200,2026-09-16,0.2176,10233521.68,true
2026-03-18,SEC-TBILL-01,SECURITY_HOLDING,GHS,6099862.22,CP-GOG,SEC-TBILL,GL-1200,2027-03-17,0.2176,6099862.22,true
2026-03-18,SEC-TBILL-02,SECURITY_HOLDING,GHS,10015808.17,CP-GOG,SEC-TBILL,GL-1200,2027-03-17,0.2176,10015808.17,true
2026-03-18,SEC-TBILL-03,SECURITY_HOLDING,GHS,9395742.30,CP-GOG,SEC-TBILL,GL-1200,2026-06-17,0.2176,9395742.30,true
2026-03-18,SEC-TBILL-04,SECURITY_HOLDING,GHS,12508483.31,CP-GOG,SEC-TBILL,GL-1200,2026-09-16,0.2176,12508483.31,true
2026-03-18,SEC-TBILL-05,SECURITY_HOLDING,GHS,11849918.63,CP-GOG,SEC-TBILL,GL-1200,2027-03-17,0.2176,11849918.63,true
2026-03-18,SEC-BOND-06,SECURITY_HOLDING,GHS,7755053.94,CP-GOG,SEC-BOND,GL-1200,2029-03-17,0.2176,7755053.94,true
2026-03-18,SEC-BOND-07,SECURITY_HOLDING,GHS,6948058.80,CP-GOG,SEC-BOND,GL-1200,2029-03-17,0.2176,6948058.80,true
2026-03-18,SEC-BOND-08,SECURITY_HOLDING,GHS,11143478.97,CP-GOG,SEC-BOND,GL-1200,2031-03-17,0.2176,11143478.97,true
2026-03-18,SEC-BOND-09,SECURITY_HOLDING,GHS,7087643.49,CP-GOG,SEC-BOND,GL-1200,2028-03-17,0.2176,7087643.49,true
2026-03-19,SEC-TBILL-00,SECURITY_HOLDING,GHS,9262988.88,CP-GOG,SEC-TBILL,GL-1200,2027-03-18,0.2105,9262988.88,true
2026-03-19,SEC-TBILL-01,SECURITY_HOLDING,GHS,9261960.96,CP-GOG,SEC-TBILL,GL-1200,2026-06-18,0.2105,9261960.96,true
2026-03-19,SEC-TBILL-02,SECURITY_HOLDING,GHS,9049934.62,CP-GOG,SEC-TBILL,GL-1200,2026-09-17,0.2105,9049934.62,true
2026-03-19,SEC-TBILL-03,SECURITY_HOLDING,GHS,8443138.63,CP-GOG,SEC-TBILL,GL-1200,2026-09-17,0.2105,8443138.63,true
2026-03-19,SEC-TBILL-04,SECURITY_HOLDING,GHS,7052796.98,CP-GOG,SEC-TBILL,GL-1200,2026-06-18,0.2105,7052796.98,true
2026-03-19,SEC-TBILL-05,SECURITY_HOLDING,GHS,10844793.69,CP-GOG,SEC-TBILL,GL-1200,2026-09-17,0.2105,10844793.69,true
2026-03-19,SEC-BOND-06,SECURITY_HOLDING,GHS,10881730.30,CP-GOG,SEC-BOND,GL-1200,2029-03-18,0.2105,10881730.30,true
2026-03-19,SEC-BOND-07,SECURITY_HOLDING,GHS,10092005.48,CP-GOG,SEC-BOND,GL-1200,2029-03-18,0.2105,10092005.48,true
2026-03-19,SEC-BOND-08,SECURITY_HOLDING,GHS,10153472.39,CP-GOG,SEC-BOND,GL-1200,2031-03-18,0.2105,10153472.39,true
2026-03-19,SEC-BOND-09,SECURITY_HOLDING,GHS,10228602.95,CP-GOG,SEC-BOND,GL-1200,2031-03-18,0.2105,10228602.95,true
2026-03-20,SEC-TBILL-00,SECURITY_HOLDING,GHS,11436713.62,CP-GOG,SEC-TBILL,GL-1200,2027-03-19,0.2415,11436713.62,true
2026-03-20,SEC-TBILL-01,SECURITY_HOLDING,GHS,7752012.02,CP-GOG,SEC-TBILL,GL-1200,2026-09-18,0.2415,7752012.02,true
2026-03-20,SEC-TBILL-02,SECURITY_HOLDING,GHS,11242646.04,CP-GOG,SEC-TBILL,GL-1200,2027-03-19,0.2415,11242646.04,true
2026-03-20,SEC-TBILL-03,SECURITY_HOLDING,GHS,6827490.83,CP-GOG,SEC-TBILL,GL-1200,2027-03-19,0.2415,6827490.83,true
2026-03-20,SEC-TBILL-04,SECURITY_HOLDING,GHS,9602156.21,CP-GOG,SEC-TBILL,GL-1200,2026-06-19,0.2415,9602156.21,true
2026-03-20,SEC-TBILL-05,SECURITY_HOLDING,GHS,9193787.99,CP-GOG,SEC-TBILL,GL-1200,2026-09-18,0.2415,9193787.99,true
2026-03-20,SEC-BOND-06,SECURITY_HOLDING,GHS,9227432.93,CP-GOG,SEC-BOND,GL-1200,2029-03-19,0.2415,9227432.93,true
2026-03-20,SEC-BOND-07,SECURITY_HOLDING,GHS,8508085.75,CP-GOG,SEC-BOND,GL-1200,2028-03-19,0.2415,8508085.75,true
2026-03-20,SEC-BOND-08,SECURITY_HOLDING,GHS,12247840.21,CP-GOG,SEC-BOND,GL-1200,2031-03-19,0.2415,12247840.21,true
2026-03-20,SEC-BOND-09,SECURITY_HOLDING,GHS,8632510.11,CP-GOG,SEC-BOND,GL-1200,2028-03-19,0.2415,8632510.11,true
2026-03-23,SEC-TBILL-00,SECURITY_HOLDING,GHS,10758100.66,CP-GOG,SEC-TBILL,GL-1200,2026-09-21,0.2184,10758100.66,true
2026-03-23,SEC-TBILL-01,SECURITY_HOLDING,GHS,6451413.99,CP-GOG,SEC-TBILL,GL-1200,2026-09-21,0.2184,6451413.99,true
2026-03-23,SEC-TBILL-02,SECURITY_HOLDING,GHS,10531274.08,CP-GOG,SEC-TBILL,GL-1200,2026-09-21,0.2184,10531274.08,true
2026-03-23,SEC-TBILL-03,SECURITY_HOLDING,GHS,9885253.42,CP-GOG,SEC-TBILL,GL-1200,2026-09-21,0.2184,9885253.42,true
2026-03-23,SEC-TBILL-04,SECURITY_HOLDING,GHS,8405036.91,CP-GOG,SEC-TBILL,GL-1200,2027-03-22,0.2184,8405036.91,true
2026-03-23,SEC-TBILL-05,SECURITY_HOLDING,GHS,12442156.95,CP-GOG,SEC-TBILL,GL-1200,2026-09-21,0.2184,12442156.95,true
2026-03-23,SEC-BOND-06,SECURITY_HOLDING,GHS,8175888.93,CP-GOG,SEC-BOND,GL-1200,2028-03-22,0.2184,8175888.93,true
2026-03-23,SEC-BOND-07,SECURITY_HOLDING,GHS,7335114.49,CP-GOG,SEC-BOND,GL-1200,2028-03-22,0.2184,7335114.49,true
2026-03-23,SEC-BOND-08,SECURITY_HOLDING,GHS,11706147.06,CP-GOG,SEC-BOND,GL-1200,2029-03-22,0.2184,11706147.06,true
2026-03-23,SEC-BOND-09,SECURITY_HOLDING,GHS,7480541.93,CP-GOG,SEC-BOND,GL-1200,2029-03-22,0.2184,7480541.93,true
2026-03-24,SEC-TBILL-00,SECURITY_HOLDING,GHS,8528879.35,CP-GOG,SEC-TBILL,GL-1200,2026-09-22,0.2495,8528879.35,true
2026-03-24,SEC-TBILL-01,SECURITY_HOLDING,GHS,8527942.04,CP-GOG,SEC-TBILL,GL-1200,2026-09-22,0.2495,8527942.04,true
2026-03-24,SEC-TBILL-02,SECURITY_HOLDING,GHS,8334605.60,CP-GOG,SEC-TBILL,GL-1200,2026-06-23,0.2495,8334605.60,true
2026-03-24,SEC-TBILL-03,SECURITY_HOLDING,GHS,11647836.13,CP-GOG,SEC-TBILL,GL-1200,2026-06-23,0.2495,11647836.13,true
2026-03-24,SEC-TBILL-04,SECURITY_HOLDING,GHS,10380051.70,CP-GOG,SEC-TBILL,GL-1200,2027-03-23,0.2495,10380051.70,true
2026-03-24,SEC-TBILL-05,SECURITY_HOLDING,GHS,9971249.65,CP-GOG,SEC-TBILL,GL-1200,2026-06-23,0.2495,9971249.65,true
2026-03-24,SEC-BOND-06,SECURITY_HOLDING,GHS,10004930.34,CP-GOG,SEC-BOND,GL-1200,2031-03-23,0.2495,10004930.34,true
2026-03-24,SEC-BOND-07,SECURITY_HOLDING,GHS,9284818.97,CP-GOG,SEC-BOND,GL-1200,2031-03-23,0.2495,9284818.97,true
2026-03-24,SEC-BOND-08,SECURITY_HOLDING,GHS,9340867.63,CP-GOG,SEC-BOND,GL-1200,2031-03-23,0.2495,9340867.63,true
2026-03-24,SEC-BOND-09,SECURITY_HOLDING,GHS,9409375.51,CP-GOG,SEC-BOND,GL-1200,2029-03-23,0.2495,9409375.51,true
2026-03-25,SEC-TBILL-00,SECURITY_HOLDING,GHS,7924610.67,CP-GOG,SEC-TBILL,GL-1200,2026-09-23,0.2424,7924610.67,true
2026-03-25,SEC-TBILL-01,SECURITY_HOLDING,GHS,12106197.61,CP-GOG,SEC-TBILL,GL-1200,2026-06-24,0.2424,12106197.61,true
2026-03-25,SEC-TBILL-02,SECURITY_HOLDING,GHS,11721382.56,CP-GOG,SEC-TBILL,GL-1200,2026-09-23,0.2424,11721382.56,true
2026-03-25,SEC-TBILL-03,SECURITY_HOLDING,GHS,7151682.77,CP-GOG,SEC-TBILL,GL-1200,2026-06-24,0.2424,7151682.77,true
2026-03-25,SEC-TBILL-04,SECURITY_HOLDING,GHS,10023470.33,CP-GOG,SEC-TBILL,GL-1200,2027-03-24,0.2424,10023470.33,true
2026-03-25,SEC-TBILL-05,SECURITY_HOLDING,GHS,5603175.45,CP-GOG,SEC-TBILL,GL-1200,2026-06-24,0.2424,5603175.45,true
2026-03-25,SEC-BOND-06,SECURITY_HOLDING,GHS,9635630.53,CP-GOG,SEC-BOND,GL-1200,2028-03-24,0.2424,9635630.53,true
2026-03-25,SEC-BOND-07,SECURITY_HOLDING,GHS,12888736.34,CP-GOG,SEC-BOND,GL-1200,2029-03-24,0.2424,12888736.34,true
2026-03-25,SEC-BOND-08,SECURITY_HOLDING,GHS,8764129.29,CP-GOG,SEC-BOND,GL-1200,2028-03-24,0.2424,8764129.29,true
2026-03-25,SEC-BOND-09,SECURITY_HOLDING,GHS,9019883.50,CP-GOG,SEC-BOND,GL-1200,2029-03-24,0.2424,9019883.50,true
2026-03-26,SEC-TBILL-00,SECURITY_HOLDING,GHS,8229734.14,CP-GOG,SEC-TBILL,GL-1200,2027-03-25,0.2753,8229734.14,true
2026-03-26,SEC-TBILL-01,SECURITY_HOLDING,GHS,8228628.92,CP-GOG,SEC-TBILL,GL-1200,2026-06-25,0.2753,8228628.92,true
2026-03-26,SEC-TBILL-02,SECURITY_HOLDING,GHS,8000658.85,CP-GOG,SEC-TBILL,GL-1200,2026-06-25,0.2753,8000658.85,true
2026-03-26,SEC-TBILL-03,SECURITY_HOLDING,GHS,7348233.68,CP-GOG,SEC-TBILL,GL-1200,2026-09-24,0.2753,7348233.68,true
2026-03-26,SEC-TBILL-04,SECURITY_HOLDING,GHS,14971695.83,CP-GOG,SEC-TBILL,GL-1200,2026-09-24,0.2753,14971695.83,true
2026-03-26,SEC-TBILL-05,SECURITY_HOLDING,GHS,9930485.77,CP-GOG,SEC-TBILL,GL-1200,2026-06-25,0.2753,9930485.77,true
2026-03-26,SEC-BOND-06,SECURITY_HOLDING,GHS,9970199.90,CP-GOG,SEC-BOND,GL-1200,2031-03-25,0.2753,9970199.90,true
2026-03-26,SEC-BOND-07,SECURITY_HOLDING,GHS,9121090.22,CP-GOG,SEC-BOND,GL-1200,2029-03-25,0.2753,9121090.22,true
2026-03-26,SEC-BOND-08,SECURITY_HOLDING,GHS,9187179.24,CP-GOG,SEC-BOND,GL-1200,2028-03-25,0.2753,9187179.24,true
2026-03-26,SEC-BOND-09,SECURITY_HOLDING,GHS,9267959.39,CP-GOG,SEC-BOND,GL-1200,2029-03-25,0.2753,9267959.39,true
2026-03-27,SEC-TBILL-00,SECURITY_HOLDING,GHS,11132803.34,CP-GOG,SEC-TBILL,GL-1200,2026-06-26,0.2264,11132803.34,true
2026-03-27,SEC-TBILL-01,SECURITY_HOLDING,GHS,7018875.09,CP-GOG,SEC-TBILL,GL-1200,2026-06-26,0.2264,7018875.09,true
2026-03-27,SEC-TBILL-02,SECURITY_HOLDING,GHS,10916129.05,CP-GOG,SEC-TBILL,GL-1200,2026-06-26,0.2264,10916129.05,true
2026-03-27,SEC-TBILL-03,SECURITY_HOLDING,GHS,10299022.94,CP-GOG,SEC-TBILL,GL-1200,2026-09-25,0.2264,10299022.94,true
2026-03-27,SEC-TBILL-04,SECURITY_HOLDING,GHS,13396905.90,CP-GOG,SEC-TBILL,GL-1200,2026-06-26,0.2264,13396905.90,true
2026-03-27,SEC-TBILL-05,SECURITY_HOLDING,GHS,8628601.88,CP-GOG,SEC-TBILL,GL-1200,2026-06-26,0.2264,8628601.88,true
2026-03-27,SEC-BOND-06,SECURITY_HOLDING,GHS,8666166.08,CP-GOG,SEC-BOND,GL-1200,2028-03-26,0.2264,8666166.08,true
2026-03-27,SEC-BOND-07,SECURITY_HOLDING,GHS,7863022.97,CP-GOG,SEC-BOND,GL-1200,2031-03-26,0.2264,7863022.97,true
2026-03-27,SEC-BOND-08,SECURITY_HOLDING,GHS,7925534.27,CP-GOG,SEC-BOND,GL-1200,2031-03-26,0.2264,7925534.27,true
2026-03-27,SEC-BOND-09,SECURITY_HOLDING,GHS,8001941.38,CP-GOG,SEC-BOND,GL-1200,2028-03-26,0.2264,8001941.38,true
2026-03-30,SEC-TBILL-00,SECURITY_HOLDING,GHS,7739562.17,CP-GOG,SEC-TBILL,GL-1200,2026-06-29,0.2032,7739562.17,true
2026-03-30,SEC-TBILL-01,SECURITY_HOLDING,GHS,11780059.71,CP-GOG,SEC-TBILL,GL-1200,2026-06-29,0.2032,11780059.71,true
2026-03-30,SEC-TBILL-02,SECURITY_HOLDING,GHS,7545478.77,CP-GOG,SEC-TBILL,GL-1200,2027-03-29,0.2032,7545478.77,true
2026-03-30,SEC-TBILL-03,SECURITY_HOLDING,GHS,6992713.34,CP-GOG,SEC-TBILL,GL-1200,2026-06-29,0.2032,6992713.34,true
2026-03-30,SEC-TBILL-04,SECURITY_HOLDING,GHS,9767604.97,CP-GOG,SEC-TBILL,GL-1200,2026-06-29,0.2032,9767604.97,true
2026-03-30,SEC-TBILL-05,SECURITY_HOLDING,GHS,9180519.30,CP-GOG,SEC-TBILL,GL-1200,2027-03-29,0.2032,9180519.30,true
2026-03-30,SEC-BOND-06,SECURITY_HOLDING,GHS,5530101.34,CP-GOG,SEC-BOND,GL-1200,2028-03-29,0.2032,5530101.34,true
2026-03-30,SEC-BOND-07,SECURITY_HOLDING,GHS,12536195.08,CP-GOG,SEC-BOND,GL-1200,2031-03-29,0.2032,12536195.08,true
2026-03-30,SEC-BOND-08,SECURITY_HOLDING,GHS,8550754.90,CP-GOG,SEC-BOND,GL-1200,2029-03-29,0.2032,8550754.90,true
2026-03-30,SEC-BOND-09,SECURITY_HOLDING,GHS,12660629.59,CP-GOG,SEC-BOND,GL-1200,2029-03-29,0.2032,12660629.59,true
2026-03-31,SEC-TBILL-00,SECURITY_HOLDING,GHS,8264428.22,CP-GOG,SEC-TBILL,GL-1200,2027-03-30,0.2343,8264428.22,true
2026-03-31,SEC-TBILL-01,SECURITY_HOLDING,GHS,8263331.29,CP-GOG,SEC-TBILL,GL-1200,2026-06-30,0.2343,8263331.29,true
2026-03-31,SEC-TBILL-02,SECURITY_HOLDING,GHS,8037071.85,CP-GOG,SEC-TBILL,GL-1200,2027-03-30,0.2343,8037071.85,true
2026-03-31,SEC-TBILL-03,SECURITY_HOLDING,GHS,7389542.30,CP-GOG,SEC-TBILL,GL-1200,2026-09-29,0.2343,7389542.30,true
2026-03-31,SEC-TBILL-04,SECURITY_HOLDING,GHS,14955800.07,CP-GOG,SEC-TBILL,GL-1200,2026-06-30,0.2343,14955800.07,true
2026-03-31,SEC-TBILL-05,SECURITY_HOLDING,GHS,9952417.88,CP-GOG,SEC-TBILL,GL-1200,2027-03-30,0.2343,9952417.88,true
2026-03-31,SEC-BOND-06,SECURITY_HOLDING,GHS,9991834.00,CP-GOG,SEC-BOND,GL-1200,2029-03-30,0.2343,9991834.00,true
2026-03-31,SEC-BOND-07,SECURITY_HOLDING,GHS,9149095.81,CP-GOG,SEC-BOND,GL-1200,2031-03-30,0.2343,9149095.81,true
2026-03-31,SEC-BOND-08,SECURITY_HOLDING,GHS,9214688.92,CP-GOG,SEC-BOND,GL-1200,2028-03-30,0.2343,9214688.92,true
2026-03-31,SEC-BOND-09,SECURITY_HOLDING,GHS,9294862.92,CP-GOG,SEC-BOND,GL-1200,2029-03-30,0.2343,9294862.92,true
2026-04-01,SEC-TBILL-00,SECURITY_HOLDING,GHS,10941257.13,CP-GOG,SEC-TBILL,GL-1200,2026-09-30,0.2272,10941257.13,true
2026-04-01,SEC-TBILL-01,SECURITY_HOLDING,GHS,6931219.60,CP-GOG,SEC-TBILL,GL-1200,2026-09-30,0.2272,6931219.60,true
2026-04-01,SEC-TBILL-02,SECURITY_HOLDING,GHS,10730054.60,CP-GOG,SEC-TBILL,GL-1200,2026-07-01,0.2272,10730054.60,true
2026-04-01,SEC-TBILL-03,SECURITY_HOLDING,GHS,5925069.02,CP-GOG,SEC-TBILL,GL-1200,2027-03-31,0.2272,5925069.02,true
2026-04-01,SEC-TBILL-04,SECURITY_HOLDING,GHS,13148183.37,CP-GOG,SEC-TBILL,GL-1200,2026-07-01,0.2272,13148183.37,true
2026-04-01,SEC-TBILL-05,SECURITY_HOLDING,GHS,8500295.30,CP-GOG,SEC-TBILL,GL-1200,2026-09-30,0.2272,8500295.30,true
2026-04-01,SEC-BOND-06,SECURITY_HOLDING,GHS,8536910.88,CP-GOG,SEC-BOND,GL-1200,2031-03-31,0.2272,8536910.88,true
2026-04-01,SEC-BOND-07,SECURITY_HOLDING,GHS,7754049.88,CP-GOG,SEC-BOND,GL-1200,2029-03-31,0.2272,7754049.88,true
2026-04-01,SEC-BOND-08,SECURITY_HOLDING,GHS,11824001.08,CP-GOG,SEC-BOND,GL-1200,2028-03-31,0.2272,11824001.08,true
2026-04-01,SEC-BOND-09,SECURITY_HOLDING,GHS,7889460.12,CP-GOG,SEC-BOND,GL-1200,2029-03-31,0.2272,7889460.12,true
2026-04-02,SEC-TBILL-00,SECURITY_HOLDING,GHS,9593110.75,CP-GOG,SEC-TBILL,GL-1200,2026-07-02,0.2201,9593110.75,true
2026-04-02,SEC-TBILL-01,SECURITY_HOLDING,GHS,5637340.64,CP-GOG,SEC-TBILL,GL-1200,2027-04-01,0.2201,5637340.64,true
2026-04-02,SEC-TBILL-02,SECURITY_HOLDING,GHS,9394401.72,CP-GOG,SEC-TBILL,GL-1200,2027-04-01,0.2201,9394401.72,true
2026-04-02,SEC-TBILL-03,SECURITY_HOLDING,GHS,12783273.54,CP-GOG,SEC-TBILL,GL-1200,2026-07-02,0.2201,12783273.54,true
2026-04-02,SEC-TBILL-04,SECURITY_HOLDING,GHS,11486545.50,CP-GOG,SEC-TBILL,GL-1200,2026-10-01,0.2201,11486545.50,true
2026-04-02,SEC-TBILL-05,SECURITY_HOLDING,GHS,7113599.07,CP-GOG,SEC-TBILL,GL-1200,2027-04-01,0.2201,7113599.07,true
2026-04-02,SEC-BOND-06,SECURITY_HOLDING,GHS,11102860.09,CP-GOG,SEC-BOND,GL-1200,2028-04-01,0.2201,11102860.09,true
2026-04-02,SEC-BOND-07,SECURITY_HOLDING,GHS,6411497.13,CP-GOG,SEC-BOND,GL-1200,2028-04-01,0.2201,6411497.13,true
2026-04-02,SEC-BOND-08,SECURITY_HOLDING,GHS,10423636.78,CP-GOG,SEC-BOND,GL-1200,2028-04-01,0.2201,10423636.78,true
2026-04-02,SEC-BOND-09,SECURITY_HOLDING,GHS,10493708.70,CP-GOG,SEC-BOND,GL-1200,2029-04-01,0.2201,10493708.70,true
2026-04-03,SEC-TBILL-00,SECURITY_HOLDING,GHS,10060238.50,CP-GOG,SEC-TBILL,GL-1200,2027-04-02,0.2512,10060238.50,true
2026-04-03,SEC-TBILL-01,SECURITY_HOLDING,GHS,14838742.70,CP-GOG,SEC-TBILL,GL-1200,2027-04-02,0.2512,14838742.70,true
2026-04-03,SEC-TBILL-02,SECURITY_HOLDING,GHS,9830705.29,CP-GOG,SEC-TBILL,GL-1200,2027-04-02,0.2512,9830705.29,true
2026-04-03,SEC-TBILL-03,SECURITY_HOLDING,GHS,9176975.93,CP-GOG,SEC-TBILL,GL-1200,2027-04-02,0.2512,9176975.93,true
2026-04-03,SEC-TBILL-04,SECURITY_HOLDING,GHS,12458708.23,CP-GOG,SEC-TBILL,GL-1200,2026-07-03,0.2512,12458708.23,true
2026-04-03,SEC-TBILL-05,SECURITY_HOLDING,GHS,7407420.78,CP-GOG,SEC-TBILL,GL-1200,2027-04-02,0.2512,7407420.78,true
2026-04-03,SEC-BOND-06,SECURITY_HOLDING,GHS,7447214.29,CP-GOG,SEC-BOND,GL-1200,2029-04-02,0.2512,7447214.29,true
2026-04-03,SEC-BOND-07,SECURITY_HOLDING,GHS,6596407.24,CP-GOG,SEC-BOND,GL-1200,2028-04-02,0.2512,6596407.24,true
2026-04-03,SEC-BOND-08,SECURITY_HOLDING,GHS,6662628.38,CP-GOG,SEC-BOND,GL-1200,2031-04-02,0.2512,6662628.38,true
2026-04-03,SEC-BOND-09,SECURITY_HOLDING,GHS,6743570.01,CP-GOG,SEC-BOND,GL-1200,2031-04-02,0.2512,6743570.01,true
2026-04-06,SEC-TBILL-00,SECURITY_HOLDING,GHS,10975812.70,CP-GOG,SEC-TBILL,GL-1200,2026-07-06,0.2281,10975812.70,true
2026-04-06,SEC-TBILL-01,SECURITY_HOLDING,GHS,6985783.65,CP-GOG,SEC-TBILL,GL-1200,2026-10-05,0.2281,6985783.65,true
2026-04-06,SEC-TBILL-02,SECURITY_HOLDING,GHS,10765663.99,CP-GOG,SEC-TBILL,GL-1200,2027-04-05,0.2281,10765663.99,true
2026-04-06,SEC-TBILL-03,SECURITY_HOLDING,GHS,5984653.35,CP-GOG,SEC-TBILL,GL-1200,2026-07-06,0.2281,5984653.35,true
2026-04-06,SEC-TBILL-04,SECURITY_HOLDING,GHS,8989237.36,CP-GOG,SEC-TBILL,GL-1200,2027-04-05,0.2281,8989237.36,true
2026-04-06,SEC-TBILL-05,SECURITY_HOLDING,GHS,8353555.52,CP-GOG,SEC-TBILL,GL-1200,2026-10-05,0.2281,8353555.52,true
2026-04-06,SEC-BOND-06,SECURITY_HOLDING,GHS,8583463.17,CP-GOG,SEC-BOND,GL-1200,2028-04-05,0.2281,8583463.17,true
2026-04-06,SEC-BOND-07,SECURITY_HOLDING,GHS,11986998.25,CP-GOG,SEC-BOND,GL-1200,2029-04-05,0.2281,11986998.25,true
2026-04-06,SEC-BOND-08,SECURITY_HOLDING,GHS,11854152.12,CP-GOG,SEC-BOND,GL-1200,2028-04-05,0.2281,11854152.12,true
2026-04-06,SEC-BOND-09,SECURITY_HOLDING,GHS,7939242.93,CP-GOG,SEC-BOND,GL-1200,2028-04-05,0.2281,7939242.93,true
2026-04-07,SEC-TBILL-00,SECURITY_HOLDING,GHS,6613821.70,CP-GOG,SEC-TBILL,GL-1200,2026-07-07,0.2210,6613821.70,true
2026-04-07,SEC-TBILL-01,SECURITY_HOLDING,GHS,6612713.68,CP-GOG,SEC-TBILL,GL-1200,2027-04-06,0.2210,6612713.68,true
2026-04-07,SEC-TBILL-02,SECURITY_HOLDING,GHS,10954893.10,CP-GOG,SEC-TBILL,GL-1200,2026-10-06,0.2210,10954893.10,true
2026-04-07,SEC-TBILL-03,SECURITY_HOLDING,GHS,14871542.09,CP-GOG,SEC-TBILL,GL-1200,2027-04-06,0.2210,14871542.09,true
2026-04-07,SEC-TBILL-04,SECURITY_HOLDING,GHS,13372863.82,CP-GOG,SEC-TBILL,GL-1200,2026-07-07,0.2210,13372863.82,true
2026-04-07,SEC-TBILL-05,SECURITY_HOLDING,GHS,8318882.11,CP-GOG,SEC-TBILL,GL-1200,2027-04-06,0.2210,8318882.11,true
2026-04-07,SEC-BOND-06,SECURITY_HOLDING,GHS,8358696.85,CP-GOG,SEC-BOND,GL-1200,2028-04-06,0.2210,8358696.85,true
2026-04-07,SEC-BOND-07,SECURITY_HOLDING,GHS,7507435.99,CP-GOG,SEC-BOND,GL-1200,2029-04-06,0.2210,7507435.99,true
2026-04-07,SEC-BOND-08,SECURITY_HOLDING,GHS,7573692.45,CP-GOG,SEC-BOND,GL-1200,2029-04-06,0.2210,7573692.45,true
2026-04-07,SEC-BOND-09,SECURITY_HOLDING,GHS,7654677.25,CP-GOG,SEC-BOND,GL-1200,2029-04-06,0.2210,7654677.25,true
2026-04-08,SEC-TBILL-00,SECURITY_HOLDING,GHS,9625502.40,CP-GOG,SEC-TBILL,GL-1200,2026-07-08,0.2120,9625502.40,true
2026-04-08,SEC-TBILL-01,SECURITY_HOLDING,GHS,14153684.21,CP-GOG,SEC-TBILL,GL-1200,2027-04-07,0.2120,14153684.21,true
2026-04-08,SEC-TBILL-02,SECURITY_HOLDING,GHS,9407993.30,CP-GOG,SEC-TBILL,GL-1200,2026-07-08,0.2120,9407993.30,true
2026-04-08,SEC-TBILL-03,SECURITY_HOLDING,GHS,8788509.61,CP-GOG,SEC-TBILL,GL-1200,2026-10-07,0.2120,8788509.61,true
2026-04-08,SEC-TBILL-04,SECURITY_HOLDING,GHS,11898328.07,CP-GOG,SEC-TBILL,GL-1200,2027-04-07,0.2120,11898328.07,true
2026-04-08,SEC-TBILL-05,SECURITY_HOLDING,GHS,7111652.77,CP-GOG,SEC-TBILL,GL-1200,2027-04-07,0.2120,7111652.77,true
2026-04-08,SEC-BOND-06,SECURITY_HOLDING,GHS,7149361.70,CP-GOG,SEC-BOND,GL-1200,2031-04-07,0.2120,7149361.70,true
2026-04-08,SEC-BOND-07,SECURITY_HOLDING,GHS,6343124.25,CP-GOG,SEC-BOND,GL-1200,2028-04-07,0.2120,6343124.25,true
2026-04-08,SEC-BOND-08,SECURITY_HOLDING,GHS,10534605.33,CP-GOG,SEC-BOND,GL-1200,2028-04-07,0.2120,10534605.33,true
2026-04-08,SEC-BOND-09,SECURITY_HOLDING,GHS,6482577.88,CP-GOG,SEC-BOND,GL-1200,2031-04-07,0.2120,6482577.88,true
2026-04-09,SEC-TBILL-00,SECURITY_HOLDING,GHS,9079877.33,CP-GOG,SEC-TBILL,GL-1200,2026-10-08,0.2049,9079877.33,true
2026-04-09,SEC-TBILL-01,SECURITY_HOLDING,GHS,9078801.66,CP-GOG,SEC-TBILL,GL-1200,2026-07-09,0.2049,9078801.66,true
2026-04-09,SEC-TBILL-02,SECURITY_HOLDING,GHS,8856926.59,CP-GOG,SEC-TBILL,GL-1200,2026-07-09,0.2049,8856926.59,true
2026-04-09,SEC-TBILL-03,SECURITY_HOLDING,GHS,8221944.62,CP-GOG,SEC-TBILL,GL-1200,2026-07-09,0.2049,8221944.62,true
2026-04-09,SEC-TBILL-04,SECURITY_HOLDING,GHS,6767020.90,CP-GOG,SEC-TBILL,GL-1200,2027-04-08,0.2049,6767020.90,true
2026-04-09,SEC-TBILL-05,SECURITY_HOLDING,GHS,10735157.78,CP-GOG,SEC-TBILL,GL-1200,2027-04-08,0.2049,10735157.78,true
2026-04-09,SEC-BOND-06,SECURITY_HOLDING,GHS,10773810.11,CP-GOG,SEC-BOND,GL-1200,2029-04-08,0.2049,10773810.11,true
2026-04-09,SEC-BOND-07,SECURITY_HOLDING,GHS,9947402.17,CP-GOG,SEC-BOND,GL-1200,2028-04-08,0.2049,9947402.17,true
2026-04-09,SEC-BOND-08,SECURITY_HOLDING,GHS,10011724.25,CP-GOG,SEC-BOND,GL-1200,2029-04-08,0.2049,10011724.25,true
2026-04-09,SEC-BOND-09,SECURITY_HOLDING,GHS,10090344.66,CP-GOG,SEC-BOND,GL-1200,2031-04-08,0.2049,10090344.66,true
2026-04-10,SEC-TBILL-00,SECURITY_HOLDING,GHS,11792008.34,CP-GOG,SEC-TBILL,GL-1200,2026-07-10,0.2360,11792008.34,true
2026-04-10,SEC-TBILL-01,SECURITY_HOLDING,GHS,7806788.73,CP-GOG,SEC-TBILL,GL-1200,2026-07-10,0.2360,7806788.73,true
2026-04-10,SEC-TBILL-02,SECURITY_HOLDING,GHS,7597906.01,CP-GOG,SEC-TBILL,GL-1200,2026-07-10,0.2360,7597906.01,true
2026-04-10,SEC-TBILL-03,SECURITY_HOLDING,GHS,11177555.20,CP-GOG,SEC-TBILL,GL-1200,2026-07-10,0.2360,11177555.20,true
2026-04-10,SEC-TBILL-04,SECURITY_HOLDING,GHS,9807827.55,CP-GOG,SEC-TBILL,GL-1200,2026-07-10,0.2360,9807827.55,true
2026-04-10,SEC-TBILL-05,SECURITY_HOLDING,GHS,9366153.50,CP-GOG,SEC-TBILL,GL-1200,2027-04-09,0.2360,9366153.50,true
2026-04-10,SEC-BOND-06,SECURITY_HOLDING,GHS,9402542.46,CP-GOG,SEC-BOND,GL-1200,2031-04-09,0.2360,9402542.46,true
2026-04-10,SEC-BOND-07,SECURITY_HOLDING,GHS,8624526.55,CP-GOG,SEC-BOND,GL-1200,2028-04-09,0.2360,8624526.55,true
2026-04-10,SEC-BOND-08,SECURITY_HOLDING,GHS,8685082.11,CP-GOG,SEC-BOND,GL-1200,2031-04-09,0.2360,8685082.11,true
2026-04-10,SEC-BOND-09,SECURITY_HOLDING,GHS,8759098.75,CP-GOG,SEC-BOND,GL-1200,2028-04-09,0.2360,8759098.75,true
2026-04-13,SEC-TBILL-00,SECURITY_HOLDING,GHS,9630259.62,CP-GOG,SEC-TBILL,GL-1200,2027-04-12,0.2129,9630259.62,true
2026-04-13,SEC-TBILL-01,SECURITY_HOLDING,GHS,14117663.00,CP-GOG,SEC-TBILL,GL-1200,2027-04-12,0.2129,14117663.00,true
2026-04-13,SEC-TBILL-02,SECURITY_HOLDING,GHS,9414709.30,CP-GOG,SEC-TBILL,GL-1200,2027-04-12,0.2129,9414709.30,true
2026-04-13,SEC-TBILL-03,SECURITY_HOLDING,GHS,8800804.36,CP-GOG,SEC-TBILL,GL-1200,2026-10-12,0.2129,8800804.36,true
2026-04-13,SEC-TBILL-04,SECURITY_HOLDING,GHS,11882617.41,CP-GOG,SEC-TBILL,GL-1200,2026-07-13,0.2129,11882617.41,true
2026-04-13,SEC-TBILL-05,SECURITY_HOLDING,GHS,7139048.41,CP-GOG,SEC-TBILL,GL-1200,2026-10-12,0.2129,7139048.41,true
2026-04-13,SEC-BOND-06,SECURITY_HOLDING,GHS,7176417.75,CP-GOG,SEC-BOND,GL-1200,2028-04-12,0.2129,7176417.75,true
2026-04-13,SEC-BOND-07,SECURITY_HOLDING,GHS,6377440.86,CP-GOG,SEC-BOND,GL-1200,2028-04-12,0.2129,6377440.86,true
2026-04-13,SEC-BOND-08,SECURITY_HOLDING,GHS,10531175.65,CP-GOG,SEC-BOND,GL-1200,2028-04-12,0.2129,10531175.65,true
2026-04-13,SEC-BOND-09,SECURITY_HOLDING,GHS,6515638.64,CP-GOG,SEC-BOND,GL-1200,2028-04-12,0.2129,6515638.64,true
2026-04-14,SEC-TBILL-00,SECURITY_HOLDING,GHS,8318210.85,CP-GOG,SEC-TBILL,GL-1200,2027-04-13,0.2058,8318210.85,true
2026-04-14,SEC-TBILL-01,SECURITY_HOLDING,GHS,8317235.57,CP-GOG,SEC-TBILL,GL-1200,2026-10-13,0.2058,8317235.57,true
2026-04-14,SEC-TBILL-02,SECURITY_HOLDING,GHS,8116067.93,CP-GOG,SEC-TBILL,GL-1200,2026-10-13,0.2058,8116067.93,true
2026-04-14,SEC-TBILL-03,SECURITY_HOLDING,GHS,11563502.73,CP-GOG,SEC-TBILL,GL-1200,2026-10-13,0.2058,11563502.73,true
2026-04-14,SEC-TBILL-04,SECURITY_HOLDING,GHS,10244365.98,CP-GOG,SEC-TBILL,GL-1200,2026-07-14,0.2058,10244365.98,true
2026-04-14,SEC-TBILL-05,SECURITY_HOLDING,GHS,9819005.17,CP-GOG,SEC-TBILL,GL-1200,2026-07-14,0.2058,9819005.17,true
2026-04-14,SEC-BOND-06,SECURITY_HOLDING,GHS,9854050.11,CP-GOG,SEC-BOND,GL-1200,2031-04-13,0.2058,9854050.11,true
2026-04-14,SEC-BOND-07,SECURITY_HOLDING,GHS,9104770.23,CP-GOG,SEC-BOND,GL-1200,2031-04-13,0.2058,9104770.23,true
2026-04-14,SEC-BOND-08,SECURITY_HOLDING,GHS,9163089.17,CP-GOG,SEC-BOND,GL-1200,2031-04-13,0.2058,9163089.17,true
2026-04-14,SEC-BOND-09,SECURITY_HOLDING,GHS,9234372.00,CP-GOG,SEC-BOND,GL-1200,2028-04-13,0.2058,9234372.00,true
2026-04-15,SEC-TBILL-00,SECURITY_HOLDING,GHS,6762515.67,CP-GOG,SEC-TBILL,GL-1200,2026-10-14,0.2369,6762515.67,true
2026-04-15,SEC-TBILL-01,SECURITY_HOLDING,GHS,10598385.90,CP-GOG,SEC-TBILL,GL-1200,2027-04-14,0.2369,10598385.90,true
2026-04-15,SEC-TBILL-02,SECURITY_HOLDING,GHS,10245385.80,CP-GOG,SEC-TBILL,GL-1200,2026-10-14,0.2369,10245385.80,true
2026-04-15,SEC-TBILL-03,SECURITY_HOLDING,GHS,6053490.32,CP-GOG,SEC-TBILL,GL-1200,2027-04-14,0.2369,6053490.32,true
2026-04-15,SEC-TBILL-04,SECURITY_HOLDING,GHS,8687850.09,CP-GOG,SEC-TBILL,GL-1200,2027-04-14,0.2369,8687850.09,true
2026-04-15,SEC-TBILL-05,SECURITY_HOLDING,GHS,11967256.04,CP-GOG,SEC-TBILL,GL-1200,2027-04-14,0.2369,11967256.04,true
2026-04-15,SEC-BOND-06,SECURITY_HOLDING,GHS,8332075.32,CP-GOG,SEC-BOND,GL-1200,2031-04-14,0.2369,8332075.32,true
2026-04-15,SEC-BOND-07,SECURITY_HOLDING,GHS,11316227.49,CP-GOG,SEC-BOND,GL-1200,2029-04-14,0.2369,11316227.49,true
2026-04-15,SEC-BOND-08,SECURITY_HOLDING,GHS,11369385.48,CP-GOG,SEC-BOND,GL-1200,2031-04-14,0.2369,11369385.48,true
2026-04-15,SEC-BOND-09,SECURITY_HOLDING,GHS,7767235.76,CP-GOG,SEC-BOND,GL-1200,2031-04-14,0.2369,7767235.76,true
2026-04-16,SEC-TBILL-00,SECURITY_HOLDING,GHS,7577166.22,CP-GOG,SEC-TBILL,GL-1200,2026-10-15,0.2698,7577166.22,true
2026-04-16,SEC-TBILL-01,SECURITY_HOLDING,GHS,7576064.25,CP-GOG,SEC-TBILL,GL-1200,2026-07-16,0.2698,7576064.25,true
2026-04-16,SEC-TBILL-02,SECURITY_HOLDING,GHS,7348764.22,CP-GOG,SEC-TBILL,GL-1200,2026-07-16,0.2698,7348764.22,true
2026-04-16,SEC-TBILL-03,SECURITY_HOLDING,GHS,6698256.62,CP-GOG,SEC-TBILL,GL-1200,2026-07-16,0.2698,6698256.62,true
2026-04-16,SEC-TBILL-04,SECURITY_HOLDING,GHS,14299312.35,CP-GOG,SEC-TBILL,GL-1200,2027-04-15,0.2698,14299312.35,true
2026-04-16,SEC-TBILL-05,SECURITY_HOLDING,GHS,9272919.11,CP-GOG,SEC-TBILL,GL-1200,2027-04-15,0.2698,9272919.11,true
2026-04-16,SEC-BOND-06,SECURITY_HOLDING,GHS,14068572.83,CP-GOG,SEC-BOND,GL-1200,2031-04-15,0.2698,14068572.83,true
2026-04-16,SEC-BOND-07,SECURITY_HOLDING,GHS,8465902.49,CP-GOG,SEC-BOND,GL-1200,2028-04-15,0.2698,8465902.49,true
2026-04-16,SEC-BOND-08,SECURITY_HOLDING,GHS,8531797.27,CP-GOG,SEC-BOND,GL-1200,2028-04-15,0.2698,8531797.27,true
2026-04-16,SEC-BOND-09,SECURITY_HOLDING,GHS,8612339.99,CP-GOG,SEC-BOND,GL-1200,2029-04-15,0.2698,8612339.99,true
2026-04-17,SEC-TBILL-00,SECURITY_HOLDING,GHS,10982656.20,CP-GOG,SEC-TBILL,GL-1200,2026-07-17,0.2208,10982656.20,true
2026-04-17,SEC-TBILL-01,SECURITY_HOLDING,GHS,6694605.23,CP-GOG,SEC-TBILL,GL-1200,2026-10-16,0.2208,6694605.23,true
2026-04-17,SEC-TBILL-02,SECURITY_HOLDING,GHS,6469849.80,CP-GOG,SEC-TBILL,GL-1200,2027-04-16,0.2208,6469849.80,true
2026-04-17,SEC-TBILL-03,SECURITY_HOLDING,GHS,14816398.68,CP-GOG,SEC-TBILL,GL-1200,2026-07-17,0.2208,14816398.68,true
2026-04-17,SEC-TBILL-04,SECURITY_HOLDING,GHS,13342587.29,CP-GOG,SEC-TBILL,GL-1200,2026-10-16,0.2208,13342587.29,true
2026-04-17,SEC-TBILL-05,SECURITY_HOLDING,GHS,8372463.99,CP-GOG,SEC-TBILL,GL-1200,2026-07-17,0.2208,8372463.99,true
2026-04-17,SEC-BOND-06,SECURITY_HOLDING,GHS,8411618.10,CP-GOG,SEC-BOND,GL-1200,2031-04-16,0.2208,8411618.10,true
2026-04-17,SEC-BOND-07,SECURITY_HOLDING,GHS,7574481.82,CP-GOG,SEC-BOND,GL-1200,2031-04-16,0.2208,7574481.82,true
2026-04-17,SEC-BOND-08,SECURITY_HOLDING,GHS,7639638.92,CP-GOG,SEC-BOND,GL-1200,2031-04-16,0.2208,7639638.92,true
2026-04-17,SEC-BOND-09,SECURITY_HOLDING,GHS,7719279.98,CP-GOG,SEC-BOND,GL-1200,2028-04-16,0.2208,7719279.98,true
2026-04-20,SEC-TBILL-00,SECURITY_HOLDING,GHS,6598609.39,CP-GOG,SEC-TBILL,GL-1200,2026-10-19,0.2777,6598609.39,true
2026-04-20,SEC-TBILL-01,SECURITY_HOLDING,GHS,10298740.57,CP-GOG,SEC-TBILL,GL-1200,2026-07-20,0.2777,10298740.57,true
2026-04-20,SEC-TBILL-02,SECURITY_HOLDING,GHS,6420875.32,CP-GOG,SEC-TBILL,GL-1200,2026-10-19,0.2777,6420875.32,true
2026-04-20,SEC-TBILL-03,SECURITY_HOLDING,GHS,5914674.15,CP-GOG,SEC-TBILL,GL-1200,2026-07-20,0.2777,5914674.15,true
2026-04-20,SEC-TBILL-04,SECURITY_HOLDING,GHS,8455812.45,CP-GOG,SEC-TBILL,GL-1200,2026-10-19,0.2777,8455812.45,true
2026-04-20,SEC-TBILL-05,SECURITY_HOLDING,GHS,11619170.83,CP-GOG,SEC-TBILL,GL-1200,2027-04-19,0.2777,11619170.83,true
2026-04-20,SEC-BOND-06,SECURITY_HOLDING,GHS,11649984.08,CP-GOG,SEC-BOND,GL-1200,2029-04-19,0.2777,11649984.08,true
2026-04-20,SEC-BOND-07,SECURITY_HOLDING,GHS,10991180.07,CP-GOG,SEC-BOND,GL-1200,2028-04-19,0.2777,10991180.07,true
2026-04-20,SEC-BOND-08,SECURITY_HOLDING,GHS,7341468.28,CP-GOG,SEC-BOND,GL-1200,2031-04-19,0.2777,7341468.28,true
2026-04-20,SEC-BOND-09,SECURITY_HOLDING,GHS,11105132.37,CP-GOG,SEC-BOND,GL-1200,2031-04-19,0.2777,11105132.37,true
2026-04-21,SEC-TBILL-00,SECURITY_HOLDING,GHS,8007471.46,CP-GOG,SEC-TBILL,GL-1200,2026-10-20,0.2706,8007471.46,true
2026-04-21,SEC-TBILL-01,SECURITY_HOLDING,GHS,8006321.61,CP-GOG,SEC-TBILL,GL-1200,2026-07-21,0.2706,8006321.61,true
2026-04-21,SEC-TBILL-02,SECURITY_HOLDING,GHS,7769146.10,CP-GOG,SEC-TBILL,GL-1200,2026-07-21,0.2706,7769146.10,true
2026-04-21,SEC-TBILL-03,SECURITY_HOLDING,GHS,7090375.97,CP-GOG,SEC-TBILL,GL-1200,2026-07-21,0.2706,7090375.97,true
2026-04-21,SEC-TBILL-04,SECURITY_HOLDING,GHS,15021673.90,CP-GOG,SEC-TBILL,GL-1200,2026-10-20,0.2706,15021673.90,true
2026-04-21,SEC-TBILL-05,SECURITY_HOLDING,GHS,9776899.53,CP-GOG,SEC-TBILL,GL-1200,2027-04-20,0.2706,9776899.53,true
2026-04-21,SEC-BOND-06,SECURITY_HOLDING,GHS,9818217.31,CP-GOG,SEC-BOND,GL-1200,2028-04-20,0.2706,9818217.31,true
2026-04-21,SEC-BOND-07,SECURITY_HOLDING,GHS,8934820.54,CP-GOG,SEC-BOND,GL-1200,2028-04-20,0.2706,8934820.54,true
2026-04-21,SEC-BOND-08,SECURITY_HOLDING,GHS,9003578.25,CP-GOG,SEC-BOND,GL-1200,2029-04-20,0.2706,9003578.25,true
2026-04-21,SEC-BOND-09,SECURITY_HOLDING,GHS,9087620.30,CP-GOG,SEC-BOND,GL-1200,2031-04-20,0.2706,9087620.30,true
2026-04-22,SEC-TBILL-00,SECURITY_HOLDING,GHS,10499215.64,CP-GOG,SEC-TBILL,GL-1200,2026-10-21,0.2217,10499215.64,true
2026-04-22,SEC-TBILL-01,SECURITY_HOLDING,GHS,6435369.20,CP-GOG,SEC-TBILL,GL-1200,2026-10-21,0.2217,6435369.20,true
2026-04-22,SEC-TBILL-02,SECURITY_HOLDING,GHS,10285179.08,CP-GOG,SEC-TBILL,GL-1200,2026-10-21,0.2217,10285179.08,true
2026-04-22,SEC-TBILL-03,SECURITY_HOLDING,GHS,13935453.37,CP-GOG,SEC-TBILL,GL-1200,2026-07-22,0.2217,13935453.37,true
2026-04-22,SEC-TBILL-04,SECURITY_HOLDING,GHS,12735755.65,CP-GOG,SEC-TBILL,GL-1200,2026-07-22,0.2217,12735755.65,true
2026-04-22,SEC-TBILL-05,SECURITY_HOLDING,GHS,8025499.63,CP-GOG,SEC-TBILL,GL-1200,2026-10-21,0.2217,8025499.63,true
2026-04-22,SEC-BOND-06,SECURITY_HOLDING,GHS,8062606.53,CP-GOG,SEC-BOND,GL-1200,2031-04-21,0.2217,8062606.53,true
2026-04-22,SEC-BOND-07,SECURITY_HOLDING,GHS,7269240.67,CP-GOG,SEC-BOND,GL-1200,2031-04-21,0.2217,7269240.67,true
2026-04-22,SEC-BOND-08,SECURITY_HOLDING,GHS,7330990.97,CP-GOG,SEC-BOND,GL-1200,2031-04-21,0.2217,7330990.97,true
2026-04-22,SEC-BOND-09,SECURITY_HOLDING,GHS,7406467.92,CP-GOG,SEC-BOND,GL-1200,2029-04-21,0.2217,7406467.92,true
2026-04-23,SEC-TBILL-00,SECURITY_HOLDING,GHS,10447559.79,CP-GOG,SEC-TBILL,GL-1200,2026-10-22,0.2146,10447559.79,true
2026-04-23,SEC-TBILL-01,SECURITY_HOLDING,GHS,10657730.07,CP-GOG,SEC-TBILL,GL-1200,2027-04-22,0.2146,10657730.07,true
2026-04-23,SEC-TBILL-02,SECURITY_HOLDING,GHS,10218074.10,CP-GOG,SEC-TBILL,GL-1200,2026-10-22,0.2146,10218074.10,true
2026-04-23,SEC-TBILL-03,SECURITY_HOLDING,GHS,14131824.66,CP-GOG,SEC-TBILL,GL-1200,2026-10-22,0.2146,14131824.66,true
2026-04-23,SEC-TBILL-04,SECURITY_HOLDING,GHS,12634255.45,CP-GOG,SEC-TBILL,GL-1200,2027-04-22,0.2146,12634255.45,true
2026-04-23,SEC-TBILL-05,SECURITY_HOLDING,GHS,7584013.84,CP-GOG,SEC-TBILL,GL-1200,2027-04-22,0.2146,7584013.84,true
2026-04-23,SEC-BOND-06,SECURITY_HOLDING,GHS,7835076.59,CP-GOG,SEC-BOND,GL-1200,2028-04-22,0.2146,7835076.59,true
2026-04-23,SEC-BOND-07,SECURITY_HOLDING,GHS,6773168.21,CP-GOG,SEC-BOND,GL-1200,2029-04-22,0.2146,6773168.21,true
2026-04-23,SEC-BOND-08,SECURITY_HOLDING,GHS,6839375.64,CP-GOG,SEC-BOND,GL-1200,2029-04-22,0.2146,6839375.64,true
2026-04-23,SEC-BOND-09,SECURITY_HOLDING,GHS,7131577.99,CP-GOG,SEC-BOND,GL-1200,2028-04-22,0.2146,7131577.99,true
2026-04-24,SEC-TBILL-00,SECURITY_HOLDING,GHS,7604687.43,CP-GOG,SEC-TBILL,GL-1200,2026-07-24,0.2057,7604687.43,true
2026-04-24,SEC-TBILL-01,SECURITY_HOLDING,GHS,11458755.40,CP-GOG,SEC-TBILL,GL-1200,2026-10-23,0.2057,11458755.40,true
2026-04-24,SEC-TBILL-02,SECURITY_HOLDING,GHS,11274520.24,CP-GOG,SEC-TBILL,GL-1200,2026-07-24,0.2057,11274520.24,true
2026-04-24,SEC-TBILL-03,SECURITY_HOLDING,GHS,10747259.55,CP-GOG,SEC-TBILL,GL-1200,2026-07-24,0.2057,10747259.55,true
2026-04-24,SEC-TBILL-04,SECURITY_HOLDING,GHS,9539155.82,CP-GOG,SEC-TBILL,GL-1200,2027-04-23,0.2057,9539155.82,true
2026-04-24,SEC-TBILL-05,SECURITY_HOLDING,GHS,5465076.50,CP-GOG,SEC-TBILL,GL-1200,2026-10-23,0.2057,5465076.50,true
2026-04-24,SEC-BOND-06,SECURITY_HOLDING,GHS,5497171.67,CP-GOG,SEC-BOND,GL-1200,2029-04-23,0.2057,5497171.67,true
2026-04-24,SEC-BOND-07,SECURITY_HOLDING,GHS,12180002.50,CP-GOG,SEC-BOND,GL-1200,2031-04-23,0.2057,12180002.50,true
2026-04-24,SEC-BOND-08,SECURITY_HOLDING,GHS,12233412.68,CP-GOG,SEC-BOND,GL-1200,2028-04-23,0.2057,12233412.68,true
2026-04-24,SEC-BOND-09,SECURITY_HOLDING,GHS,4929652.47,CP-GOG,SEC-BOND,GL-1200,2028-04-23,0.2057,4929652.47,true
2026-04-27,SEC-TBILL-00,SECURITY_HOLDING,GHS,9240064.45,CP-GOG,SEC-TBILL,GL-1200,2026-07-27,0.2225,9240064.45,true
2026-04-27,SEC-TBILL-01,SECURITY_HOLDING,GHS,9411098.33,CP-GOG,SEC-TBILL,GL-1200,2026-10-26,0.2225,9411098.33,true
2026-04-27,SEC-TBILL-02,SECURITY_HOLDING,GHS,9053311.93,CP-GOG,SEC-TBILL,GL-1200,2027-04-26,0.2225,9053311.93,true
2026-04-27,SEC-TBILL-03,SECURITY_HOLDING,GHS,12238272.11,CP-GOG,SEC-TBILL,GL-1200,2026-10-26,0.2225,12238272.11,true
2026-04-27,SEC-TBILL-04,SECURITY_HOLDING,GHS,7474657.70,CP-GOG,SEC-TBILL,GL-1200,2026-10-26,0.2225,7474657.70,true
2026-04-27,SEC-TBILL-05,SECURITY_HOLDING,GHS,10798528.89,CP-GOG,SEC-TBILL,GL-1200,2026-10-26,0.2225,10798528.89,true
2026-04-27,SEC-BOND-06,SECURITY_HOLDING,GHS,7114059.00,CP-GOG,SEC-BOND,GL-1200,2028-04-26,0.2225,7114059.00,true
2026-04-27,SEC-BOND-07,SECURITY_HOLDING,GHS,10138673.09,CP-GOG,SEC-BOND,GL-1200,2031-04-26,0.2225,10138673.09,true
2026-04-27,SEC-BOND-08,SECURITY_HOLDING,GHS,10020616.94,CP-GOG,SEC-BOND,GL-1200,2028-04-26,0.2225,10020616.94,true
2026-04-27,SEC-BOND-09,SECURITY_HOLDING,GHS,6541560.83,CP-GOG,SEC-BOND,GL-1200,2031-04-26,0.2225,6541560.83,true
2026-04-28,SEC-TBILL-00,SECURITY_HOLDING,GHS,12757440.87,CP-GOG,SEC-TBILL,GL-1200,2026-07-28,0.2154,12757440.87,true
2026-04-28,SEC-TBILL-01,SECURITY_HOLDING,GHS,12756506.19,CP-GOG,SEC-TBILL,GL-1200,2026-10-27,0.2154,12756506.19,true
2026-04-28,SEC-TBILL-02,SECURITY_HOLDING,GHS,12563713.99,CP-GOG,SEC-TBILL,GL-1200,2026-07-28,0.2154,12563713.99,true
2026-04-28,SEC-TBILL-03,SECURITY_HOLDING,GHS,12011963.98,CP-GOG,SEC-TBILL,GL-1200,2026-07-28,0.2154,12011963.98,true
2026-04-28,SEC-TBILL-04,SECURITY_HOLDING,GHS,10747748.28,CP-GOG,SEC-TBILL,GL-1200,2027-04-27,0.2154,10747748.28,true
2026-04-28,SEC-TBILL-05,SECURITY_HOLDING,GHS,6484442.97,CP-GOG,SEC-TBILL,GL-1200,2026-07-28,0.2154,6484442.97,true
2026-04-28,SEC-BOND-06,SECURITY_HOLDING,GHS,6518028.84,CP-GOG,SEC-BOND,GL-1200,2029-04-27,0.2154,6518028.84,true
2026-04-28,SEC-BOND-07,SECURITY_HOLDING,GHS,5799944.54,CP-GOG,SEC-BOND,GL-1200,2031-04-27,0.2154,5799944.54,true
2026-04-28,SEC-BOND-08,SECURITY_HOLDING,GHS,5855835.42,CP-GOG,SEC-BOND,GL-1200,2029-04-27,0.2154,5855835.42,true
2026-04-28,SEC-BOND-09,SECURITY_HOLDING,GHS,5924150.46,CP-GOG,SEC-BOND,GL-1200,2029-04-27,0.2154,5924150.46,true
2026-04-29,SEC-TBILL-00,SECURITY_HOLDING,GHS,8686196.86,CP-GOG,SEC-TBILL,GL-1200,2026-10-28,0.2065,8686196.86,true
2026-04-29,SEC-TBILL-01,SECURITY_HOLDING,GHS,13043378.71,CP-GOG,SEC-TBILL,GL-1200,2027-04-28,0.2065,13043378.71,true
2026-04-29,SEC-TBILL-02,SECURITY_HOLDING,GHS,8476901.68,CP-GOG,SEC-TBILL,GL-1200,2026-07-29,0.2065,8476901.68,true
2026-04-29,SEC-TBILL-03,SECURITY_HOLDING,GHS,12239003.48,CP-GOG,SEC-TBILL,GL-1200,2026-07-29,0.2065,12239003.48,true
2026-04-29,SEC-TBILL-04,SECURITY_HOLDING,GHS,10873192.69,CP-GOG,SEC-TBILL,GL-1200,2026-07-29,0.2065,10873192.69,true
2026-04-29,SEC-TBILL-05,SECURITY_HOLDING,GHS,6267278.99,CP-GOG,SEC-TBILL,GL-1200,2027-04-28,0.2065,6267278.99,true
2026-04-29,SEC-BOND-06,SECURITY_HOLDING,GHS,6303563.90,CP-GOG,SEC-BOND,GL-1200,2031-04-28,0.2065,6303563.90,true
2026-04-29,SEC-BOND-07,SECURITY_HOLDING,GHS,13858778.12,CP-GOG,SEC-BOND,GL-1200,2031-04-28,0.2065,13858778.12,true
2026-04-29,SEC-BOND-08,SECURITY_HOLDING,GHS,5588155.19,CP-GOG,SEC-BOND,GL-1200,2028-04-28,0.2065,5588155.19,true
2026-04-29,SEC-BOND-09,SECURITY_HOLDING,GHS,5661960.17,CP-GOG,SEC-BOND,GL-1200,2028-04-28,0.2065,5661960.17,true
2026-04-30,SEC-TBILL-00,SECURITY_HOLDING,GHS,7884260.89,CP-GOG,SEC-TBILL,GL-1200,2026-07-30,0.2794,7884260.89,true
2026-04-30,SEC-TBILL-01,SECURITY_HOLDING,GHS,12206538.79,CP-GOG,SEC-TBILL,GL-1200,2027-04-29,0.2794,12206538.79,true
2026-04-30,SEC-TBILL-02,SECURITY_HOLDING,GHS,7676642.29,CP-GOG,SEC-TBILL,GL-1200,2026-07-30,0.2794,7676642.29,true
2026-04-30,SEC-TBILL-03,SECURITY_HOLDING,GHS,7085327.55,CP-GOG,SEC-TBILL,GL-1200,2026-07-30,0.2794,7085327.55,true
2026-04-30,SEC-TBILL-04,SECURITY_HOLDING,GHS,5730457.81,CP-GOG,SEC-TBILL,GL-1200,2026-07-30,0.2794,5730457.81,true
2026-04-30,SEC-TBILL-05,SECURITY_HOLDING,GHS,9425708.97,CP-GOG,SEC-TBILL,GL-1200,2026-10-29,0.2794,9425708.97,true
2026-04-30,SEC-BOND-06,SECURITY_HOLDING,GHS,5520714.40,CP-GOG,SEC-BOND,GL-1200,2031-04-29,0.2794,5520714.40,true
2026-04-30,SEC-BOND-07,SECURITY_HOLDING,GHS,13015406.31,CP-GOG,SEC-BOND,GL-1200,2028-04-29,0.2794,13015406.31,true
2026-04-30,SEC-BOND-08,SECURITY_HOLDING,GHS,8752025.40,CP-GOG,SEC-BOND,GL-1200,2031-04-29,0.2794,8752025.40,true
2026-04-30,SEC-BOND-09,SECURITY_HOLDING,GHS,13148518.76,CP-GOG,SEC-BOND,GL-1200,2028-04-29,0.2794,13148518.76,true
2026-05-01,SEC-TBILL-00,SECURITY_HOLDING,GHS,10856486.03,CP-GOG,SEC-TBILL,GL-1200,2026-07-31,0.2305,10856486.03,true
2026-05-01,SEC-TBILL-01,SECURITY_HOLDING,GHS,6998506.56,CP-GOG,SEC-TBILL,GL-1200,2027-04-30,0.2305,6998506.56,true
2026-05-01,SEC-TBILL-02,SECURITY_HOLDING,GHS,6796293.05,CP-GOG,SEC-TBILL,GL-1200,2027-04-30,0.2305,6796293.05,true
2026-05-01,SEC-TBILL-03,SECURITY_HOLDING,GHS,10261651.16,CP-GOG,SEC-TBILL,GL-1200,2027-04-30,0.2305,10261651.16,true
2026-05-01,SEC-TBILL-04,SECURITY_HOLDING,GHS,8935656.18,CP-GOG,SEC-TBILL,GL-1200,2026-07-31,0.2305,8935656.18,true
2026-05-01,SEC-TBILL-05,SECURITY_HOLDING,GHS,12552154.76,CP-GOG,SEC-TBILL,GL-1200,2026-10-30,0.2305,12552154.76,true
2026-05-01,SEC-BOND-06,SECURITY_HOLDING,GHS,8543311.05,CP-GOG,SEC-BOND,GL-1200,2028-04-30,0.2305,8543311.05,true
2026-05-01,SEC-BOND-07,SECURITY_HOLDING,GHS,11834206.49,CP-GOG,SEC-BOND,GL-1200,2028-04-30,0.2305,11834206.49,true
2026-05-01,SEC-BOND-08,SECURITY_HOLDING,GHS,7848757.77,CP-GOG,SEC-BOND,GL-1200,2028-04-30,0.2305,7848757.77,true
2026-05-01,SEC-BOND-09,SECURITY_HOLDING,GHS,7920411.21,CP-GOG,SEC-BOND,GL-1200,2029-04-30,0.2305,7920411.21,true
2026-05-04,SEC-TBILL-00,SECURITY_HOLDING,GHS,9605640.19,CP-GOG,SEC-TBILL,GL-1200,2027-05-03,0.2074,9605640.19,true
2026-05-04,SEC-TBILL-01,SECURITY_HOLDING,GHS,14375281.56,CP-GOG,SEC-TBILL,GL-1200,2027-05-03,0.2074,14375281.56,true
2026-05-04,SEC-TBILL-02,SECURITY_HOLDING,GHS,9376532.71,CP-GOG,SEC-TBILL,GL-1200,2026-08-03,0.2074,9376532.71,true
2026-05-04,SEC-TBILL-03,SECURITY_HOLDING,GHS,8724015.83,CP-GOG,SEC-TBILL,GL-1200,2027-05-03,0.2074,8724015.83,true
2026-05-04,SEC-TBILL-04,SECURITY_HOLDING,GHS,11999661.41,CP-GOG,SEC-TBILL,GL-1200,2027-05-03,0.2074,11999661.41,true
2026-05-04,SEC-TBILL-05,SECURITY_HOLDING,GHS,6957742.73,CP-GOG,SEC-TBILL,GL-1200,2026-11-02,0.2074,6957742.73,true
2026-05-04,SEC-BOND-06,SECURITY_HOLDING,GHS,6997462.44,CP-GOG,SEC-BOND,GL-1200,2028-05-03,0.2074,6997462.44,true
2026-05-04,SEC-BOND-07,SECURITY_HOLDING,GHS,6148233.40,CP-GOG,SEC-BOND,GL-1200,2028-05-03,0.2074,6148233.40,true
2026-05-04,SEC-BOND-08,SECURITY_HOLDING,GHS,10563219.89,CP-GOG,SEC-BOND,GL-1200,2029-05-03,0.2074,10563219.89,true
2026-05-04,SEC-BOND-09,SECURITY_HOLDING,GHS,6295123.22,CP-GOG,SEC-BOND,GL-1200,2031-05-03,0.2074,6295123.22,true
2026-05-05,SEC-TBILL-00,SECURITY_HOLDING,GHS,8208061.10,CP-GOG,SEC-TBILL,GL-1200,2026-11-03,0.2003,8208061.10,true
2026-05-05,SEC-TBILL-01,SECURITY_HOLDING,GHS,8207029.79,CP-GOG,SEC-TBILL,GL-1200,2026-08-04,0.2003,8207029.79,true
2026-05-05,SEC-TBILL-02,SECURITY_HOLDING,GHS,7994303.66,CP-GOG,SEC-TBILL,GL-1200,2026-11-03,0.2003,7994303.66,true
2026-05-05,SEC-TBILL-03,SECURITY_HOLDING,GHS,11639817.83,CP-GOG,SEC-TBILL,GL-1200,2026-11-03,0.2003,11639817.83,true
2026-05-05,SEC-TBILL-04,SECURITY_HOLDING,GHS,10244887.40,CP-GOG,SEC-TBILL,GL-1200,2026-08-04,0.2003,10244887.40,true
2026-05-05,SEC-TBILL-05,SECURITY_HOLDING,GHS,9795086.62,CP-GOG,SEC-TBILL,GL-1200,2026-08-04,0.2003,9795086.62,true
2026-05-05,SEC-BOND-06,SECURITY_HOLDING,GHS,9832145.14,CP-GOG,SEC-BOND,GL-1200,2029-05-04,0.2003,9832145.14,true
2026-05-05,SEC-BOND-07,SECURITY_HOLDING,GHS,9039813.85,CP-GOG,SEC-BOND,GL-1200,2029-05-04,0.2003,9039813.85,true
2026-05-05,SEC-BOND-08,SECURITY_HOLDING,GHS,9101483.63,CP-GOG,SEC-BOND,GL-1200,2029-05-04,0.2003,9101483.63,true
2026-05-05,SEC-BOND-09,SECURITY_HOLDING,GHS,9176862.16,CP-GOG,SEC-BOND,GL-1200,2028-05-04,0.2003,9176862.16,true
2026-05-06,SEC-TBILL-00,SECURITY_HOLDING,GHS,6299001.09,CP-GOG,SEC-TBILL,GL-1200,2026-11-04,0.2313,6299001.09,true
2026-05-06,SEC-TBILL-01,SECURITY_HOLDING,GHS,10161487.23,CP-GOG,SEC-TBILL,GL-1200,2026-11-04,0.2313,10161487.23,true
2026-05-06,SEC-TBILL-02,SECURITY_HOLDING,GHS,6284280.26,CP-GOG,SEC-TBILL,GL-1200,2027-05-05,0.2313,6284280.26,true
2026-05-06,SEC-TBILL-03,SECURITY_HOLDING,GHS,9448437.31,CP-GOG,SEC-TBILL,GL-1200,2027-05-05,0.2313,9448437.31,true
2026-05-06,SEC-TBILL-04,SECURITY_HOLDING,GHS,8237694.81,CP-GOG,SEC-TBILL,GL-1200,2026-08-05,0.2313,8237694.81,true
2026-05-06,SEC-TBILL-05,SECURITY_HOLDING,GHS,11539855.55,CP-GOG,SEC-TBILL,GL-1200,2026-11-04,0.2313,11539855.55,true
2026-05-06,SEC-BOND-06,SECURITY_HOLDING,GHS,11572020.82,CP-GOG,SEC-BOND,GL-1200,2028-05-05,0.2313,11572020.82,true
2026-05-06,SEC-BOND-07,SECURITY_HOLDING,GHS,10884309.71,CP-GOG,SEC-BOND,GL-1200,2029-05-05,0.2313,10884309.71,true
2026-05-06,SEC-BOND-08,SECURITY_HOLDING,GHS,10937836.54,CP-GOG,SEC-BOND,GL-1200,2031-05-05,0.2313,10937836.54,true
2026-05-06,SEC-BOND-09,SECURITY_HOLDING,GHS,7310692.62,CP-GOG,SEC-BOND,GL-1200,2029-05-05,0.2313,7310692.62,true
2026-05-07,SEC-TBILL-00,SECURITY_HOLDING,GHS,6571354.53,CP-GOG,SEC-TBILL,GL-1200,2027-05-06,0.2642,6571354.53,true
2026-05-07,SEC-TBILL-01,SECURITY_HOLDING,GHS,11068037.53,CP-GOG,SEC-TBILL,GL-1200,2026-11-05,0.2642,11068037.53,true
2026-05-07,SEC-TBILL-02,SECURITY_HOLDING,GHS,6355358.47,CP-GOG,SEC-TBILL,GL-1200,2026-08-06,0.2642,6355358.47,true
2026-05-07,SEC-TBILL-03,SECURITY_HOLDING,GHS,5740184.02,CP-GOG,SEC-TBILL,GL-1200,2026-11-05,0.2642,5740184.02,true
2026-05-07,SEC-TBILL-04,SECURITY_HOLDING,GHS,12928378.81,CP-GOG,SEC-TBILL,GL-1200,2026-11-05,0.2642,12928378.81,true
2026-05-07,SEC-TBILL-05,SECURITY_HOLDING,GHS,8175000.46,CP-GOG,SEC-TBILL,GL-1200,2026-11-05,0.2642,8175000.46,true
2026-05-07,SEC-BOND-06,SECURITY_HOLDING,GHS,12710172.19,CP-GOG,SEC-BOND,GL-1200,2031-05-06,0.2642,12710172.19,true
2026-05-07,SEC-BOND-07,SECURITY_HOLDING,GHS,11909543.07,CP-GOG,SEC-BOND,GL-1200,2029-05-06,0.2642,11909543.07,true
2026-05-07,SEC-BOND-08,SECURITY_HOLDING,GHS,7474133.58,CP-GOG,SEC-BOND,GL-1200,2031-05-06,0.2642,7474133.58,true
2026-05-07,SEC-BOND-09,SECURITY_HOLDING,GHS,12048026.64,CP-GOG,SEC-BOND,GL-1200,2029-05-06,0.2642,12048026.64,true
2026-05-08,SEC-TBILL-00,SECURITY_HOLDING,GHS,6154326.87,CP-GOG,SEC-TBILL,GL-1200,2027-05-07,0.2153,6154326.87,true
2026-05-08,SEC-TBILL-01,SECURITY_HOLDING,GHS,6153222.89,CP-GOG,SEC-TBILL,GL-1200,2026-08-07,0.2153,6153222.89,true
2026-05-08,SEC-TBILL-02,SECURITY_HOLDING,GHS,15033644.77,CP-GOG,SEC-TBILL,GL-1200,2027-05-07,0.2153,15033644.77,true
2026-05-08,SEC-TBILL-03,SECURITY_HOLDING,GHS,14381950.61,CP-GOG,SEC-TBILL,GL-1200,2027-05-07,0.2153,14381950.61,true
2026-05-08,SEC-TBILL-04,SECURITY_HOLDING,GHS,12888734.53,CP-GOG,SEC-TBILL,GL-1200,2027-05-07,0.2153,12888734.53,true
2026-05-08,SEC-TBILL-05,SECURITY_HOLDING,GHS,7853172.90,CP-GOG,SEC-TBILL,GL-1200,2026-11-06,0.2153,7853172.90,true
2026-05-08,SEC-BOND-06,SECURITY_HOLDING,GHS,7892842.53,CP-GOG,SEC-BOND,GL-1200,2029-05-07,0.2153,7892842.53,true
2026-05-08,SEC-BOND-07,SECURITY_HOLDING,GHS,7044684.24,CP-GOG,SEC-BOND,GL-1200,2031-05-07,0.2153,7044684.24,true
2026-05-08,SEC-BOND-08,SECURITY_HOLDING,GHS,7110699.21,CP-GOG,SEC-BOND,GL-1200,2028-05-07,0.2153,7110699.21,true
2026-05-08,SEC-BOND-09,SECURITY_HOLDING,GHS,7191388.85,CP-GOG,SEC-BOND,GL-1200,2031-05-07,0.2153,7191388.85,true
2026-05-11,SEC-TBILL-00,SECURITY_HOLDING,GHS,6174739.62,CP-GOG,SEC-TBILL,GL-1200,2026-11-09,0.2722,6174739.62,true
2026-05-11,SEC-TBILL-01,SECURITY_HOLDING,GHS,9914304.25,CP-GOG,SEC-TBILL,GL-1200,2026-11-09,0.2722,9914304.25,true
2026-05-11,SEC-TBILL-02,SECURITY_HOLDING,GHS,5995111.39,CP-GOG,SEC-TBILL,GL-1200,2026-11-09,0.2722,5995111.39,true
2026-05-11,SEC-TBILL-03,SECURITY_HOLDING,GHS,5483515.48,CP-GOG,SEC-TBILL,GL-1200,2026-11-09,0.2722,5483515.48,true
2026-05-11,SEC-TBILL-04,SECURITY_HOLDING,GHS,8051735.47,CP-GOG,SEC-TBILL,GL-1200,2027-05-10,0.2722,8051735.47,true
2026-05-11,SEC-TBILL-05,SECURITY_HOLDING,GHS,11248806.74,CP-GOG,SEC-TBILL,GL-1200,2026-11-09,0.2722,11248806.74,true
2026-05-11,SEC-BOND-06,SECURITY_HOLDING,GHS,11279948.37,CP-GOG,SEC-BOND,GL-1200,2028-05-10,0.2722,11279948.37,true
2026-05-11,SEC-BOND-07,SECURITY_HOLDING,GHS,10614123.29,CP-GOG,SEC-BOND,GL-1200,2029-05-10,0.2722,10614123.29,true
2026-05-11,SEC-BOND-08,SECURITY_HOLDING,GHS,10665946.67,CP-GOG,SEC-BOND,GL-1200,2029-05-10,0.2722,10665946.67,true
2026-05-11,SEC-BOND-09,SECURITY_HOLDING,GHS,10729290.02,CP-GOG,SEC-BOND,GL-1200,2029-05-10,0.2722,10729290.02,true
2026-05-12,SEC-TBILL-00,SECURITY_HOLDING,GHS,6729320.64,CP-GOG,SEC-TBILL,GL-1200,2027-05-11,0.2651,6729320.64,true
2026-05-12,SEC-TBILL-01,SECURITY_HOLDING,GHS,11270773.21,CP-GOG,SEC-TBILL,GL-1200,2026-11-10,0.2651,11270773.21,true
2026-05-12,SEC-TBILL-02,SECURITY_HOLDING,GHS,6511174.09,CP-GOG,SEC-TBILL,GL-1200,2026-11-10,0.2651,6511174.09,true
2026-05-12,SEC-TBILL-03,SECURITY_HOLDING,GHS,5889874.88,CP-GOG,SEC-TBILL,GL-1200,2026-11-10,0.2651,5889874.88,true
2026-05-12,SEC-TBILL-04,SECURITY_HOLDING,GHS,13149636.30,CP-GOG,SEC-TBILL,GL-1200,2026-11-10,0.2651,13149636.30,true
2026-05-12,SEC-TBILL-05,SECURITY_HOLDING,GHS,8348932.68,CP-GOG,SEC-TBILL,GL-1200,2026-08-11,0.2651,8348932.68,true
2026-05-12,SEC-BOND-06,SECURITY_HOLDING,GHS,12929257.19,CP-GOG,SEC-BOND,GL-1200,2028-05-11,0.2651,12929257.19,true
2026-05-12,SEC-BOND-07,SECURITY_HOLDING,GHS,7578151.84,CP-GOG,SEC-BOND,GL-1200,2031-05-11,0.2651,7578151.84,true
2026-05-12,SEC-BOND-08,SECURITY_HOLDING,GHS,7641087.88,CP-GOG,SEC-BOND,GL-1200,2029-05-11,0.2651,7641087.88,true
2026-05-12,SEC-BOND-09,SECURITY_HOLDING,GHS,12260519.22,CP-GOG,SEC-BOND,GL-1200,2029-05-11,0.2651,12260519.22,true
2026-05-13,SEC-TBILL-00,SECURITY_HOLDING,GHS,11075107.16,CP-GOG,SEC-TBILL,GL-1200,2026-08-12,0.2162,11075107.16,true
2026-05-13,SEC-TBILL-01,SECURITY_HOLDING,GHS,6533643.21,CP-GOG,SEC-TBILL,GL-1200,2026-08-12,0.2162,6533643.21,true
2026-05-13,SEC-TBILL-02,SECURITY_HOLDING,GHS,15816652.35,CP-GOG,SEC-TBILL,GL-1200,2027-05-12,0.2162,15816652.35,true
2026-05-13,SEC-TBILL-03,SECURITY_HOLDING,GHS,10374890.60,CP-GOG,SEC-TBILL,GL-1200,2026-08-12,0.2162,10374890.60,true
2026-05-13,SEC-TBILL-04,SECURITY_HOLDING,GHS,8813980.69,CP-GOG,SEC-TBILL,GL-1200,2027-05-12,0.2162,8813980.69,true
2026-05-13,SEC-TBILL-05,SECURITY_HOLDING,GHS,8310659.18,CP-GOG,SEC-TBILL,GL-1200,2026-08-12,0.2162,8310659.18,true
2026-05-13,SEC-BOND-06,SECURITY_HOLDING,GHS,8352127.20,CP-GOG,SEC-BOND,GL-1200,2029-05-12,0.2162,8352127.20,true
2026-05-13,SEC-BOND-07,SECURITY_HOLDING,GHS,7465518.29,CP-GOG,SEC-BOND,GL-1200,2029-05-12,0.2162,7465518.29,true
2026-05-13,SEC-BOND-08,SECURITY_HOLDING,GHS,7534526.00,CP-GOG,SEC-BOND,GL-1200,2028-05-12,0.2162,7534526.00,true
2026-05-13,SEC-BOND-09,SECURITY_HOLDING,GHS,7618873.65,CP-GOG,SEC-BOND,GL-1200,2031-05-12,0.2162,7618873.65,true
2026-05-14,SEC-TBILL-00,SECURITY_HOLDING,GHS,10160699.34,CP-GOG,SEC-TBILL,GL-1200,2027-05-13,0.2091,10160699.34,true
2026-05-14,SEC-TBILL-01,SECURITY_HOLDING,GHS,10378245.57,CP-GOG,SEC-TBILL,GL-1200,2026-08-13,0.2091,10378245.57,true
2026-05-14,SEC-TBILL-02,SECURITY_HOLDING,GHS,9923159.83,CP-GOG,SEC-TBILL,GL-1200,2027-05-13,0.2091,9923159.83,true
2026-05-14,SEC-TBILL-03,SECURITY_HOLDING,GHS,13974263.88,CP-GOG,SEC-TBILL,GL-1200,2026-11-12,0.2091,13974263.88,true
2026-05-14,SEC-TBILL-04,SECURITY_HOLDING,GHS,7915193.59,CP-GOG,SEC-TBILL,GL-1200,2026-11-12,0.2091,7915193.59,true
2026-05-14,SEC-TBILL-05,SECURITY_HOLDING,GHS,7196656.93,CP-GOG,SEC-TBILL,GL-1200,2026-11-12,0.2091,7196656.93,true
2026-05-14,SEC-BOND-06,SECURITY_HOLDING,GHS,7456530.76,CP-GOG,SEC-BOND,GL-1200,2029-05-13,0.2091,7456530.76,true
2026-05-14,SEC-BOND-07,SECURITY_HOLDING,GHS,11303682.89,CP-GOG,SEC-BOND,GL-1200,2031-05-13,0.2091,11303682.89,true
2026-05-14,SEC-BOND-08,SECURITY_HOLDING,GHS,6425885.58,CP-GOG,SEC-BOND,GL-1200,2029-05-13,0.2091,6425885.58,true
2026-05-14,SEC-BOND-09,SECURITY_HOLDING,GHS,6728342.80,CP-GOG,SEC-BOND,GL-1200,2029-05-13,0.2091,6728342.80,true
2026-05-15,SEC-TBILL-00,SECURITY_HOLDING,GHS,10253323.56,CP-GOG,SEC-TBILL,GL-1200,2026-11-13,0.2001,10253323.56,true
2026-05-15,SEC-TBILL-01,SECURITY_HOLDING,GHS,10252487.22,CP-GOG,SEC-TBILL,GL-1200,2026-11-13,0.2001,10252487.22,true
2026-05-15,SEC-TBILL-02,SECURITY_HOLDING,GHS,10079978.83,CP-GOG,SEC-TBILL,GL-1200,2026-11-13,0.2001,10079978.83,true
2026-05-15,SEC-TBILL-03,SECURITY_HOLDING,GHS,9586278.85,CP-GOG,SEC-TBILL,GL-1200,2026-08-14,0.2001,9586278.85,true
2026-05-15,SEC-TBILL-04,SECURITY_HOLDING,GHS,8455072.24,CP-GOG,SEC-TBILL,GL-1200,2026-08-14,0.2001,8455072.24,true
2026-05-15,SEC-TBILL-05,SECURITY_HOLDING,GHS,4640312.47,CP-GOG,SEC-TBILL,GL-1200,2026-11-13,0.2001,4640312.47,true
2026-05-15,SEC-BOND-06,SECURITY_HOLDING,GHS,4670364.75,CP-GOG,SEC-BOND,GL-1200,2031-05-14,0.2001,4670364.75,true
2026-05-15,SEC-BOND-07,SECURITY_HOLDING,GHS,10927826.16,CP-GOG,SEC-BOND,GL-1200,2031-05-14,0.2001,10927826.16,true
2026-05-15,SEC-BOND-08,SECURITY_HOLDING,GHS,10977836.73,CP-GOG,SEC-BOND,GL-1200,2028-05-14,0.2001,10977836.73,true
2026-05-15,SEC-BOND-09,SECURITY_HOLDING,GHS,11038964.29,CP-GOG,SEC-BOND,GL-1200,2029-05-14,0.2001,11038964.29,true
2026-05-18,SEC-TBILL-00,SECURITY_HOLDING,GHS,9229192.34,CP-GOG,SEC-TBILL,GL-1200,2026-08-17,0.2170,9229192.34,true
2026-05-18,SEC-TBILL-01,SECURITY_HOLDING,GHS,9410083.42,CP-GOG,SEC-TBILL,GL-1200,2026-11-16,0.2170,9410083.42,true
2026-05-18,SEC-TBILL-02,SECURITY_HOLDING,GHS,9031676.71,CP-GOG,SEC-TBILL,GL-1200,2026-11-16,0.2170,9031676.71,true
2026-05-18,SEC-TBILL-03,SECURITY_HOLDING,GHS,12400195.79,CP-GOG,SEC-TBILL,GL-1200,2026-08-17,0.2170,12400195.79,true
2026-05-18,SEC-TBILL-04,SECURITY_HOLDING,GHS,7362039.86,CP-GOG,SEC-TBILL,GL-1200,2026-11-16,0.2170,7362039.86,true
2026-05-18,SEC-TBILL-05,SECURITY_HOLDING,GHS,10877475.81,CP-GOG,SEC-TBILL,GL-1200,2026-11-16,0.2170,10877475.81,true
2026-05-18,SEC-BOND-06,SECURITY_HOLDING,GHS,6980658.76,CP-GOG,SEC-BOND,GL-1200,2031-05-17,0.2170,6980658.76,true
2026-05-18,SEC-BOND-07,SECURITY_HOLDING,GHS,10179590.52,CP-GOG,SEC-BOND,GL-1200,2031-05-17,0.2170,10179590.52,true
2026-05-18,SEC-BOND-08,SECURITY_HOLDING,GHS,10236574.47,CP-GOG,SEC-BOND,GL-1200,2028-05-17,0.2170,10236574.47,true
2026-05-18,SEC-BOND-09,SECURITY_HOLDING,GHS,6375165.79,CP-GOG,SEC-BOND,GL-1200,2028-05-17,0.2170,6375165.79,true
2026-05-19,SEC-TBILL-00,SECURITY_HOLDING,GHS,12762263.59,CP-GOG,SEC-TBILL,GL-1200,2026-11-17,0.2099,12762263.59,true
2026-05-19,SEC-TBILL-01,SECURITY_HOLDING,GHS,8922210.26,CP-GOG,SEC-TBILL,GL-1200,2027-05-18,0.2099,8922210.26,true
2026-05-19,SEC-TBILL-02,SECURITY_HOLDING,GHS,12560013.87,CP-GOG,SEC-TBILL,GL-1200,2026-08-18,0.2099,12560013.87,true
2026-05-19,SEC-TBILL-03,SECURITY_HOLDING,GHS,11983990.12,CP-GOG,SEC-TBILL,GL-1200,2026-08-18,0.2099,11983990.12,true
2026-05-19,SEC-TBILL-04,SECURITY_HOLDING,GHS,10664156.39,CP-GOG,SEC-TBILL,GL-1200,2027-05-18,0.2099,10664156.39,true
2026-05-19,SEC-TBILL-05,SECURITY_HOLDING,GHS,6213290.79,CP-GOG,SEC-TBILL,GL-1200,2026-11-17,0.2099,6213290.79,true
2026-05-19,SEC-BOND-06,SECURITY_HOLDING,GHS,10459836.80,CP-GOG,SEC-BOND,GL-1200,2029-05-18,0.2099,10459836.80,true
2026-05-19,SEC-BOND-07,SECURITY_HOLDING,GHS,5498678.47,CP-GOG,SEC-BOND,GL-1200,2028-05-18,0.2099,5498678.47,true
2026-05-19,SEC-BOND-08,SECURITY_HOLDING,GHS,5557028.22,CP-GOG,SEC-BOND,GL-1200,2029-05-18,0.2099,5557028.22,true
2026-05-19,SEC-BOND-09,SECURITY_HOLDING,GHS,9839831.27,CP-GOG,SEC-BOND,GL-1200,2028-05-18,0.2099,9839831.27,true
2026-05-20,SEC-TBILL-00,SECURITY_HOLDING,GHS,6954536.07,CP-GOG,SEC-TBILL,GL-1200,2026-11-18,0.2010,6954536.07,true
2026-05-20,SEC-TBILL-01,SECURITY_HOLDING,GHS,10690756.01,CP-GOG,SEC-TBILL,GL-1200,2027-05-19,0.2010,10690756.01,true
2026-05-20,SEC-TBILL-02,SECURITY_HOLDING,GHS,10512154.31,CP-GOG,SEC-TBILL,GL-1200,2026-11-18,0.2010,10512154.31,true
2026-05-20,SEC-TBILL-03,SECURITY_HOLDING,GHS,10001015.97,CP-GOG,SEC-TBILL,GL-1200,2027-05-19,0.2010,10001015.97,true
2026-05-20,SEC-TBILL-04,SECURITY_HOLDING,GHS,8829853.12,CP-GOG,SEC-TBILL,GL-1200,2026-08-19,0.2010,8829853.12,true
2026-05-20,SEC-TBILL-05,SECURITY_HOLDING,GHS,4880349.24,CP-GOG,SEC-TBILL,GL-1200,2027-05-19,0.2010,4880349.24,true
2026-05-20,SEC-BOND-06,SECURITY_HOLDING,GHS,4911463.02,CP-GOG,SEC-BOND,GL-1200,2029-05-19,0.2010,4911463.02,true
2026-05-20,SEC-BOND-07,SECURITY_HOLDING,GHS,11389949.13,CP-GOG,SEC-BOND,GL-1200,2031-05-19,0.2010,11389949.13,true
2026-05-20,SEC-BOND-08,SECURITY_HOLDING,GHS,11441726.15,CP-GOG,SEC-BOND,GL-1200,2031-05-19,0.2010,11441726.15,true
2026-05-20,SEC-BOND-09,SECURITY_HOLDING,GHS,11505012.84,CP-GOG,SEC-BOND,GL-1200,2029-05-19,0.2010,11505012.84,true
2026-05-21,SEC-TBILL-00,SECURITY_HOLDING,GHS,6532728.43,CP-GOG,SEC-TBILL,GL-1200,2027-05-20,0.2739,6532728.43,true
2026-05-21,SEC-TBILL-01,SECURITY_HOLDING,GHS,10393802.37,CP-GOG,SEC-TBILL,GL-1200,2026-11-19,0.2739,10393802.37,true
2026-05-21,SEC-TBILL-02,SECURITY_HOLDING,GHS,6347263.56,CP-GOG,SEC-TBILL,GL-1200,2026-11-19,0.2739,6347263.56,true
2026-05-21,SEC-TBILL-03,SECURITY_HOLDING,GHS,9510263.72,CP-GOG,SEC-TBILL,GL-1200,2026-08-20,0.2739,9510263.72,true
2026-05-21,SEC-TBILL-04,SECURITY_HOLDING,GHS,8470713.33,CP-GOG,SEC-TBILL,GL-1200,2027-05-20,0.2739,8470713.33,true
2026-05-21,SEC-TBILL-05,SECURITY_HOLDING,GHS,7909697.97,CP-GOG,SEC-TBILL,GL-1200,2026-08-20,0.2739,7909697.97,true
2026-05-21,SEC-BOND-06,SECURITY_HOLDING,GHS,11803820.24,CP-GOG,SEC-BOND,GL-1200,2029-05-20,0.2739,11803820.24,true
2026-05-21,SEC-BOND-07,SECURITY_HOLDING,GHS,11116360.56,CP-GOG,SEC-BOND,GL-1200,2031-05-20,0.2739,11116360.56,true
2026-05-21,SEC-BOND-08,SECURITY_HOLDING,GHS,7307899.08,CP-GOG,SEC-BOND,GL-1200,2029-05-20,0.2739,7307899.08,true
2026-05-21,SEC-BOND-09,SECURITY_HOLDING,GHS,11235269.39,CP-GOG,SEC-BOND,GL-1200,2031-05-20,0.2739,11235269.39,true
2026-05-22,SEC-TBILL-00,SECURITY_HOLDING,GHS,6861379.64,CP-GOG,SEC-TBILL,GL-1200,2026-11-20,0.2668,6861379.64,true
2026-05-22,SEC-TBILL-01,SECURITY_HOLDING,GHS,11168708.47,CP-GOG,SEC-TBILL,GL-1200,2027-05-21,0.2668,11168708.47,true
2026-05-22,SEC-TBILL-02,SECURITY_HOLDING,GHS,6644905.94,CP-GOG,SEC-TBILL,GL-1200,2026-08-21,0.2668,6644905.94,true
2026-05-22,SEC-TBILL-03,SECURITY_HOLDING,GHS,10336744.36,CP-GOG,SEC-TBILL,GL-1200,2027-05-21,0.2668,10336744.36,true
2026-05-22,SEC-TBILL-04,SECURITY_HOLDING,GHS,8924088.28,CP-GOG,SEC-TBILL,GL-1200,2026-11-20,0.2668,8924088.28,true
2026-05-22,SEC-TBILL-05,SECURITY_HOLDING,GHS,12776945.04,CP-GOG,SEC-TBILL,GL-1200,2027-05-21,0.2668,12776945.04,true
2026-05-22,SEC-BOND-06,SECURITY_HOLDING,GHS,8506101.22,CP-GOG,SEC-BOND,GL-1200,2029-05-21,0.2668,8506101.22,true
2026-05-22,SEC-BOND-07,SECURITY_HOLDING,GHS,12012074.88,CP-GOG,SEC-BOND,GL-1200,2029-05-21,0.2668,12012074.88,true
2026-05-22,SEC-BOND-08,SECURITY_HOLDING,GHS,7766155.06,CP-GOG,SEC-BOND,GL-1200,2031-05-21,0.2668,7766155.06,true
2026-05-22,SEC-BOND-09,SECURITY_HOLDING,GHS,7842491.44,CP-GOG,SEC-BOND,GL-1200,2029-05-21,0.2668,7842491.44,true
2026-05-25,SEC-TBILL-00,SECURITY_HOLDING,GHS,6979330.33,CP-GOG,SEC-TBILL,GL-1200,2027-05-24,0.2018,6979330.33,true
2026-05-25,SEC-TBILL-01,SECURITY_HOLDING,GHS,10688268.15,CP-GOG,SEC-TBILL,GL-1200,2026-11-23,0.2018,10688268.15,true
2026-05-25,SEC-TBILL-02,SECURITY_HOLDING,GHS,10510970.62,CP-GOG,SEC-TBILL,GL-1200,2026-08-24,0.2018,10510970.62,true
2026-05-25,SEC-TBILL-03,SECURITY_HOLDING,GHS,10003564.64,CP-GOG,SEC-TBILL,GL-1200,2026-11-23,0.2018,10003564.64,true
2026-05-25,SEC-TBILL-04,SECURITY_HOLDING,GHS,8840953.70,CP-GOG,SEC-TBILL,GL-1200,2027-05-24,0.2018,8840953.70,true
2026-05-25,SEC-TBILL-05,SECURITY_HOLDING,GHS,4920289.35,CP-GOG,SEC-TBILL,GL-1200,2026-11-23,0.2018,4920289.35,true
2026-05-25,SEC-BOND-06,SECURITY_HOLDING,GHS,4951175.93,CP-GOG,SEC-BOND,GL-1200,2029-05-24,0.2018,4951175.93,true
2026-05-25,SEC-BOND-07,SECURITY_HOLDING,GHS,11382355.72,CP-GOG,SEC-BOND,GL-1200,2029-05-24,0.2018,11382355.72,true
2026-05-25,SEC-BOND-08,SECURITY_HOLDING,GHS,11433754.66,CP-GOG,SEC-BOND,GL-1200,2028-05-24,0.2018,11433754.66,true
2026-05-25,SEC-BOND-09,SECURITY_HOLDING,GHS,11496579.23,CP-GOG,SEC-BOND,GL-1200,2031-05-24,0.2018,11496579.23,true
2026-05-26,SEC-TBILL-00,SECURITY_HOLDING,GHS,6852335.92,CP-GOG,SEC-TBILL,GL-1200,2026-08-25,0.2747,6852335.92,true
2026-05-26,SEC-TBILL-01,SECURITY_HOLDING,GHS,10854113.86,CP-GOG,SEC-TBILL,GL-1200,2026-11-24,0.2747,10854113.86,true
2026-05-26,SEC-TBILL-02,SECURITY_HOLDING,GHS,6660112.39,CP-GOG,SEC-TBILL,GL-1200,2027-05-25,0.2747,6660112.39,true
2026-05-26,SEC-TBILL-03,SECURITY_HOLDING,GHS,9938377.58,CP-GOG,SEC-TBILL,GL-1200,2027-05-25,0.2747,9938377.58,true
2026-05-26,SEC-TBILL-04,SECURITY_HOLDING,GHS,8683972.40,CP-GOG,SEC-TBILL,GL-1200,2027-05-25,0.2747,8683972.40,true
2026-05-26,SEC-TBILL-05,SECURITY_HOLDING,GHS,8279484.53,CP-GOG,SEC-TBILL,GL-1200,2027-05-25,0.2747,8279484.53,true
2026-05-26,SEC-BOND-06,SECURITY_HOLDING,GHS,12315515.14,CP-GOG,SEC-BOND,GL-1200,2029-05-25,0.2747,12315515.14,true
2026-05-26,SEC-BOND-07,SECURITY_HOLDING,GHS,7777269.75,CP-GOG,SEC-BOND,GL-1200,2031-05-25,0.2747,7777269.75,true
2026-05-26,SEC-BOND-08,SECURITY_HOLDING,GHS,7655755.08,CP-GOG,SEC-BOND,GL-1200,2028-05-25,0.2747,7655755.08,true
2026-05-26,SEC-BOND-09,SECURITY_HOLDING,GHS,11726245.34,CP-GOG,SEC-BOND,GL-1200,2029-05-25,0.2747,11726245.34,true
2026-05-27,SEC-TBILL-00,SECURITY_HOLDING,GHS,9431611.30,CP-GOG,SEC-TBILL,GL-1200,2026-08-26,0.2258,9431611.30,true
2026-05-27,SEC-TBILL-01,SECURITY_HOLDING,GHS,9430736.60,CP-GOG,SEC-TBILL,GL-1200,2027-05-26,0.2258,9430736.60,true
2026-05-27,SEC-TBILL-02,SECURITY_HOLDING,GHS,5642038.06,CP-GOG,SEC-TBILL,GL-1200,2027-05-26,0.2258,5642038.06,true
2026-05-27,SEC-TBILL-03,SECURITY_HOLDING,GHS,8733964.10,CP-GOG,SEC-TBILL,GL-1200,2026-08-26,0.2258,8733964.10,true
2026-05-27,SEC-TBILL-04,SECURITY_HOLDING,GHS,7550860.29,CP-GOG,SEC-TBILL,GL-1200,2027-05-26,0.2258,7550860.29,true
2026-05-27,SEC-TBILL-05,SECURITY_HOLDING,GHS,10777639.68,CP-GOG,SEC-TBILL,GL-1200,2026-08-26,0.2258,10777639.68,true
2026-05-27,SEC-BOND-06,SECURITY_HOLDING,GHS,10809070.69,CP-GOG,SEC-BOND,GL-1200,2031-05-26,0.2258,10809070.69,true
2026-05-27,SEC-BOND-07,SECURITY_HOLDING,GHS,10137058.56,CP-GOG,SEC-BOND,GL-1200,2031-05-26,0.2258,10137058.56,true
2026-05-27,SEC-BOND-08,SECURITY_HOLDING,GHS,10189363.50,CP-GOG,SEC-BOND,GL-1200,2031-05-26,0.2258,10189363.50,true
2026-05-27,SEC-BOND-09,SECURITY_HOLDING,GHS,10253295.45,CP-GOG,SEC-BOND,GL-1200,2029-05-26,0.2258,10253295.45,true
2026-05-28,SEC-TBILL-00,SECURITY_HOLDING,GHS,5802658.92,CP-GOG,SEC-TBILL,GL-1200,2026-08-27,0.2587,5802658.92,true
2026-05-28,SEC-TBILL-01,SECURITY_HOLDING,GHS,10168102.14,CP-GOG,SEC-TBILL,GL-1200,2027-05-27,0.2587,10168102.14,true
2026-05-28,SEC-TBILL-02,SECURITY_HOLDING,GHS,5592966.90,CP-GOG,SEC-TBILL,GL-1200,2027-05-27,0.2587,5592966.90,true
2026-05-28,SEC-TBILL-03,SECURITY_HOLDING,GHS,13342548.10,CP-GOG,SEC-TBILL,GL-1200,2027-05-27,0.2587,13342548.10,true
2026-05-28,SEC-TBILL-04,SECURITY_HOLDING,GHS,7993801.37,CP-GOG,SEC-TBILL,GL-1200,2026-08-27,0.2587,7993801.37,true
2026-05-28,SEC-TBILL-05,SECURITY_HOLDING,GHS,11725955.91,CP-GOG,SEC-TBILL,GL-1200,2027-05-27,0.2587,11725955.91,true
2026-05-28,SEC-BOND-06,SECURITY_HOLDING,GHS,11762309.62,CP-GOG,SEC-BOND,GL-1200,2031-05-27,0.2587,11762309.62,true
2026-05-28,SEC-BOND-07,SECURITY_HOLDING,GHS,10985047.59,CP-GOG,SEC-BOND,GL-1200,2029-05-27,0.2587,10985047.59,true
2026-05-28,SEC-BOND-08,SECURITY_HOLDING,GHS,6679089.55,CP-GOG,SEC-BOND,GL-1200,2028-05-27,0.2587,6679089.55,true
2026-05-28,SEC-BOND-09,SECURITY_HOLDING,GHS,11119489.39,CP-GOG,SEC-BOND,GL-1200,2029-05-27,0.2587,11119489.39,true
2026-05-29,SEC-TBILL-00,SECURITY_HOLDING,GHS,12959269.19,CP-GOG,SEC-TBILL,GL-1200,2026-08-28,0.2516,12959269.19,true
2026-05-29,SEC-TBILL-01,SECURITY_HOLDING,GHS,12958291.48,CP-GOG,SEC-TBILL,GL-1200,2026-11-27,0.2516,12958291.48,true
2026-05-29,SEC-TBILL-02,SECURITY_HOLDING,GHS,12756622.11,CP-GOG,SEC-TBILL,GL-1200,2027-05-28,0.2516,12756622.11,true
2026-05-29,SEC-TBILL-03,SECURITY_HOLDING,GHS,12179466.64,CP-GOG,SEC-TBILL,GL-1200,2026-11-27,0.2516,12179466.64,true
2026-05-29,SEC-TBILL-04,SECURITY_HOLDING,GHS,10857039.82,CP-GOG,SEC-TBILL,GL-1200,2026-11-27,0.2516,10857039.82,true
2026-05-29,SEC-TBILL-05,SECURITY_HOLDING,GHS,6397429.57,CP-GOG,SEC-TBILL,GL-1200,2026-11-27,0.2516,6397429.57,true
2026-05-29,SEC-BOND-06,SECURITY_HOLDING,GHS,6432561.91,CP-GOG,SEC-BOND,GL-1200,2029-05-28,0.2516,6432561.91,true
2026-05-29,SEC-BOND-07,SECURITY_HOLDING,GHS,5681413.24,CP-GOG,SEC-BOND,GL-1200,2029-05-28,0.2516,5681413.24,true
2026-05-29,SEC-BOND-08,SECURITY_HOLDING,GHS,5739877.63,CP-GOG,SEC-BOND,GL-1200,2028-05-28,0.2516,5739877.63,true
2026-05-29,SEC-BOND-09,SECURITY_HOLDING,GHS,5811338.25,CP-GOG,SEC-BOND,GL-1200,2028-05-28,0.2516,5811338.25,true
2026-05-31,SEC-TBILL-00,SECURITY_HOLDING,GHS,10192560.96,CP-GOG,SEC-TBILL,GL-1200,2026-08-30,0.2756,10192560.96,true
2026-05-31,SEC-TBILL-01,SECURITY_HOLDING,GHS,10191682.42,CP-GOG,SEC-TBILL,GL-1200,2026-11-29,0.2756,10191682.42,true
2026-05-31,SEC-TBILL-02,SECURITY_HOLDING,GHS,6386358.00,CP-GOG,SEC-TBILL,GL-1200,2026-11-29,0.2756,6386358.00,true
2026-05-31,SEC-TBILL-03,SECURITY_HOLDING,GHS,9491852.29,CP-GOG,SEC-TBILL,GL-1200,2026-11-29,0.2756,9491852.29,true
2026-05-31,SEC-TBILL-04,SECURITY_HOLDING,GHS,8303556.68,CP-GOG,SEC-TBILL,GL-1200,2027-05-30,0.2756,8303556.68,true
2026-05-31,SEC-TBILL-05,SECURITY_HOLDING,GHS,11544496.09,CP-GOG,SEC-TBILL,GL-1200,2026-08-30,0.2756,11544496.09,true
2026-05-31,SEC-BOND-06,SECURITY_HOLDING,GHS,8119600.12,CP-GOG,SEC-BOND,GL-1200,2029-05-30,0.2756,8119600.12,true
2026-05-31,SEC-BOND-07,SECURITY_HOLDING,GHS,10901103.92,CP-GOG,SEC-BOND,GL-1200,2031-05-30,0.2756,10901103.92,true
2026-05-31,SEC-BOND-08,SECURITY_HOLDING,GHS,10953638.38,CP-GOG,SEC-BOND,GL-1200,2029-05-30,0.2756,10953638.38,true
2026-05-31,SEC-BOND-09,SECURITY_HOLDING,GHS,7393740.91,CP-GOG,SEC-BOND,GL-1200,2029-05-30,0.2756,7393740.91,true
2026-06-01,SEC-TBILL-00,SECURITY_HOLDING,GHS,5987312.35,CP-GOG,SEC-TBILL,GL-1200,2026-11-30,0.2667,5987312.35,true
2026-06-01,SEC-TBILL-01,SECURITY_HOLDING,GHS,9928824.27,CP-GOG,SEC-TBILL,GL-1200,2026-11-30,0.2667,9928824.27,true
2026-06-01,SEC-TBILL-02,SECURITY_HOLDING,GHS,9740409.04,CP-GOG,SEC-TBILL,GL-1200,2027-05-31,0.2667,9740409.04,true
2026-06-01,SEC-TBILL-03,SECURITY_HOLDING,GHS,9201185.48,CP-GOG,SEC-TBILL,GL-1200,2027-05-31,0.2667,9201185.48,true
2026-06-01,SEC-TBILL-04,SECURITY_HOLDING,GHS,7965671.40,CP-GOG,SEC-TBILL,GL-1200,2026-08-31,0.2667,7965671.40,true
2026-06-01,SEC-TBILL-05,SECURITY_HOLDING,GHS,11335393.75,CP-GOG,SEC-TBILL,GL-1200,2026-08-31,0.2667,11335393.75,true
2026-06-01,SEC-BOND-06,SECURITY_HOLDING,GHS,11368217.12,CP-GOG,SEC-BOND,GL-1200,2028-05-31,0.2667,11368217.12,true
2026-06-01,SEC-BOND-07,SECURITY_HOLDING,GHS,10666435.56,CP-GOG,SEC-BOND,GL-1200,2031-05-31,0.2667,10666435.56,true
2026-06-01,SEC-BOND-08,SECURITY_HOLDING,GHS,10721057.55,CP-GOG,SEC-BOND,GL-1200,2028-05-31,0.2667,10721057.55,true
2026-06-01,SEC-BOND-09,SECURITY_HOLDING,GHS,10787821.62,CP-GOG,SEC-BOND,GL-1200,2029-05-31,0.2667,10787821.62,true
2026-06-02,SEC-TBILL-00,SECURITY_HOLDING,GHS,6236864.28,CP-GOG,SEC-TBILL,GL-1200,2027-06-01,0.2596,6236864.28,true
2026-06-02,SEC-TBILL-01,SECURITY_HOLDING,GHS,10858124.36,CP-GOG,SEC-TBILL,GL-1200,2026-12-01,0.2596,10858124.36,true
2026-06-02,SEC-TBILL-02,SECURITY_HOLDING,GHS,6014884.22,CP-GOG,SEC-TBILL,GL-1200,2026-09-01,0.2596,6014884.22,true
2026-06-02,SEC-TBILL-03,SECURITY_HOLDING,GHS,14218594.22,CP-GOG,SEC-TBILL,GL-1200,2027-06-01,0.2596,14218594.22,true
2026-06-02,SEC-TBILL-04,SECURITY_HOLDING,GHS,8556408.63,CP-GOG,SEC-TBILL,GL-1200,2026-09-01,0.2596,8556408.63,true
2026-06-02,SEC-TBILL-05,SECURITY_HOLDING,GHS,7884937.97,CP-GOG,SEC-TBILL,GL-1200,2026-09-01,0.2596,7884937.97,true
2026-06-02,SEC-BOND-06,SECURITY_HOLDING,GHS,12545753.08,CP-GOG,SEC-BOND,GL-1200,2028-06-01,0.2596,12545753.08,true
2026-06-02,SEC-BOND-07,SECURITY_HOLDING,GHS,11722943.16,CP-GOG,SEC-BOND,GL-1200,2031-06-01,0.2596,11722943.16,true
2026-06-02,SEC-BOND-08,SECURITY_HOLDING,GHS,7164654.13,CP-GOG,SEC-BOND,GL-1200,2028-06-01,0.2596,7164654.13,true
2026-06-02,SEC-BOND-09,SECURITY_HOLDING,GHS,11865263.31,CP-GOG,SEC-BOND,GL-1200,2029-06-01,0.2596,11865263.31,true
2026-06-03,SEC-TBILL-00,SECURITY_HOLDING,GHS,14445473.38,CP-GOG,SEC-TBILL,GL-1200,2026-12-02,0.2106,14445473.38,true
2026-06-03,SEC-TBILL-01,SECURITY_HOLDING,GHS,14444390.73,CP-GOG,SEC-TBILL,GL-1200,2027-06-02,0.2106,14444390.73,true
2026-06-03,SEC-TBILL-02,SECURITY_HOLDING,GHS,14221074.74,CP-GOG,SEC-TBILL,GL-1200,2026-09-02,0.2106,14221074.74,true
2026-06-03,SEC-TBILL-03,SECURITY_HOLDING,GHS,9115869.49,CP-GOG,SEC-TBILL,GL-1200,2026-12-02,0.2106,9115869.49,true
2026-06-03,SEC-TBILL-04,SECURITY_HOLDING,GHS,7651497.13,CP-GOG,SEC-TBILL,GL-1200,2026-09-02,0.2106,7651497.13,true
2026-06-03,SEC-TBILL-05,SECURITY_HOLDING,GHS,7179304.53,CP-GOG,SEC-TBILL,GL-1200,2027-06-02,0.2106,7179304.53,true
2026-06-03,SEC-BOND-06,SECURITY_HOLDING,GHS,7218207.88,CP-GOG,SEC-BOND,GL-1200,2028-06-02,0.2106,7218207.88,true
2026-06-03,SEC-BOND-07,SECURITY_HOLDING,GHS,6386433.04,CP-GOG,SEC-BOND,GL-1200,2029-06-02,0.2106,6386433.04,true
2026-06-03,SEC-BOND-08,SECURITY_HOLDING,GHS,6451172.84,CP-GOG,SEC-BOND,GL-1200,2029-06-02,0.2106,6451172.84,true
2026-06-03,SEC-BOND-09,SECURITY_HOLDING,GHS,6530303.84,CP-GOG,SEC-BOND,GL-1200,2029-06-02,0.2106,6530303.84,true
2026-06-04,SEC-TBILL-00,SECURITY_HOLDING,GHS,11677189.96,CP-GOG,SEC-TBILL,GL-1200,2026-09-03,0.2035,11677189.96,true
2026-06-04,SEC-TBILL-01,SECURITY_HOLDING,GHS,7977446.12,CP-GOG,SEC-TBILL,GL-1200,2027-06-03,0.2035,7977446.12,true
2026-06-04,SEC-TBILL-02,SECURITY_HOLDING,GHS,7604127.47,CP-GOG,SEC-TBILL,GL-1200,2026-12-03,0.2035,7604127.47,true
2026-06-04,SEC-TBILL-03,SECURITY_HOLDING,GHS,10927353.38,CP-GOG,SEC-TBILL,GL-1200,2026-09-03,0.2035,10927353.38,true
2026-06-04,SEC-TBILL-04,SECURITY_HOLDING,GHS,5956940.59,CP-GOG,SEC-TBILL,GL-1200,2027-06-03,0.2035,5956940.59,true
2026-06-04,SEC-TBILL-05,SECURITY_HOLDING,GHS,9425107.92,CP-GOG,SEC-TBILL,GL-1200,2026-12-03,0.2035,9425107.92,true
2026-06-04,SEC-BOND-06,SECURITY_HOLDING,GHS,5580687.56,CP-GOG,SEC-BOND,GL-1200,2029-06-03,0.2035,5580687.56,true
2026-06-04,SEC-BOND-07,SECURITY_HOLDING,GHS,8736606.41,CP-GOG,SEC-BOND,GL-1200,2028-06-03,0.2035,8736606.41,true
2026-06-04,SEC-BOND-08,SECURITY_HOLDING,GHS,12491627.85,CP-GOG,SEC-BOND,GL-1200,2029-06-03,0.2035,12491627.85,true
2026-06-04,SEC-BOND-09,SECURITY_HOLDING,GHS,12739741.37,CP-GOG,SEC-BOND,GL-1200,2031-06-03,0.2035,12739741.37,true
2026-06-05,SEC-TBILL-00,SECURITY_HOLDING,GHS,9049622.40,CP-GOG,SEC-TBILL,GL-1200,2026-12-04,0.2364,9049622.40,true
2026-06-05,SEC-TBILL-01,SECURITY_HOLDING,GHS,9048848.24,CP-GOG,SEC-TBILL,GL-1200,2026-12-04,0.2364,9048848.24,true
2026-06-05,SEC-TBILL-02,SECURITY_HOLDING,GHS,8889164.41,CP-GOG,SEC-TBILL,GL-1200,2026-09-04,0.2364,8889164.41,true
2026-06-05,SEC-TBILL-03,SECURITY_HOLDING,GHS,8432166.91,CP-GOG,SEC-TBILL,GL-1200,2026-09-04,0.2364,8432166.91,true
2026-06-05,SEC-TBILL-04,SECURITY_HOLDING,GHS,7385056.08,CP-GOG,SEC-TBILL,GL-1200,2027-06-04,0.2364,7385056.08,true
2026-06-05,SEC-TBILL-05,SECURITY_HOLDING,GHS,10240930.28,CP-GOG,SEC-TBILL,GL-1200,2026-09-04,0.2364,10240930.28,true
2026-06-05,SEC-BOND-06,SECURITY_HOLDING,GHS,10268748.43,CP-GOG,SEC-BOND,GL-1200,2028-06-04,0.2364,10268748.43,true
2026-06-05,SEC-BOND-07,SECURITY_HOLDING,GHS,9673981.37,CP-GOG,SEC-BOND,GL-1200,2028-06-04,0.2364,9673981.37,true
2026-06-05,SEC-BOND-08,SECURITY_HOLDING,GHS,9720274.06,CP-GOG,SEC-BOND,GL-1200,2031-06-04,0.2364,9720274.06,true
2026-06-05,SEC-BOND-09,SECURITY_HOLDING,GHS,9776857.30,CP-GOG,SEC-BOND,GL-1200,2028-06-04,0.2364,9776857.30,true
2026-06-08,SEC-TBILL-00,SECURITY_HOLDING,GHS,9349413.01,CP-GOG,SEC-TBILL,GL-1200,2027-06-07,0.2115,9349413.01,true
2026-06-08,SEC-TBILL-01,SECURITY_HOLDING,GHS,9544124.83,CP-GOG,SEC-TBILL,GL-1200,2027-06-07,0.2115,9544124.83,true
2026-06-08,SEC-TBILL-02,SECURITY_HOLDING,GHS,13563951.04,CP-GOG,SEC-TBILL,GL-1200,2026-09-07,0.2115,13563951.04,true
2026-06-08,SEC-TBILL-03,SECURITY_HOLDING,GHS,8727023.22,CP-GOG,SEC-TBILL,GL-1200,2026-12-07,0.2115,8727023.22,true
2026-06-08,SEC-TBILL-04,SECURITY_HOLDING,GHS,7339603.30,CP-GOG,SEC-TBILL,GL-1200,2027-06-07,0.2115,7339603.30,true
2026-06-08,SEC-TBILL-05,SECURITY_HOLDING,GHS,11123631.32,CP-GOG,SEC-TBILL,GL-1200,2026-12-07,0.2115,11123631.32,true
2026-06-08,SEC-BOND-06,SECURITY_HOLDING,GHS,6929083.31,CP-GOG,SEC-BOND,GL-1200,2031-06-07,0.2115,6929083.31,true
2026-06-08,SEC-BOND-07,SECURITY_HOLDING,GHS,10372425.06,CP-GOG,SEC-BOND,GL-1200,2028-06-07,0.2115,10372425.06,true
2026-06-08,SEC-BOND-08,SECURITY_HOLDING,GHS,10433762.79,CP-GOG,SEC-BOND,GL-1200,2029-06-07,0.2115,10433762.79,true
2026-06-08,SEC-BOND-09,SECURITY_HOLDING,GHS,6277328.47,CP-GOG,SEC-BOND,GL-1200,2028-06-07,0.2115,6277328.47,true
2026-06-09,SEC-TBILL-00,SECURITY_HOLDING,GHS,12036046.09,CP-GOG,SEC-TBILL,GL-1200,2026-09-08,0.2444,12036046.09,true
2026-06-09,SEC-TBILL-01,SECURITY_HOLDING,GHS,8249409.45,CP-GOG,SEC-TBILL,GL-1200,2026-09-08,0.2444,8249409.45,true
2026-06-09,SEC-TBILL-02,SECURITY_HOLDING,GHS,11836609.75,CP-GOG,SEC-TBILL,GL-1200,2026-09-08,0.2444,11836609.75,true
2026-06-09,SEC-TBILL-03,SECURITY_HOLDING,GHS,11268598.72,CP-GOG,SEC-TBILL,GL-1200,2026-12-08,0.2444,11268598.72,true
2026-06-09,SEC-TBILL-04,SECURITY_HOLDING,GHS,6181449.99,CP-GOG,SEC-TBILL,GL-1200,2026-09-08,0.2444,6181449.99,true
2026-06-09,SEC-TBILL-05,SECURITY_HOLDING,GHS,5578172.15,CP-GOG,SEC-TBILL,GL-1200,2027-06-08,0.2444,5578172.15,true
2026-06-09,SEC-BOND-06,SECURITY_HOLDING,GHS,9765646.98,CP-GOG,SEC-BOND,GL-1200,2028-06-08,0.2444,9765646.98,true
2026-06-09,SEC-BOND-07,SECURITY_HOLDING,GHS,9026399.50,CP-GOG,SEC-BOND,GL-1200,2029-06-08,0.2444,9026399.50,true
2026-06-09,SEC-BOND-08,SECURITY_HOLDING,GHS,12869612.00,CP-GOG,SEC-BOND,GL-1200,2029-06-08,0.2444,12869612.00,true
2026-06-09,SEC-BOND-09,SECURITY_HOLDING,GHS,9154265.98,CP-GOG,SEC-BOND,GL-1200,2031-06-08,0.2444,9154265.98,true
2026-06-10,SEC-TBILL-00,SECURITY_HOLDING,GHS,9049705.16,CP-GOG,SEC-TBILL,GL-1200,2026-09-09,0.2754,9049705.16,true
2026-06-10,SEC-TBILL-01,SECURITY_HOLDING,GHS,9048936.78,CP-GOG,SEC-TBILL,GL-1200,2026-12-09,0.2754,9048936.78,true
2026-06-10,SEC-TBILL-02,SECURITY_HOLDING,GHS,8890443.62,CP-GOG,SEC-TBILL,GL-1200,2026-12-09,0.2754,8890443.62,true
2026-06-10,SEC-TBILL-03,SECURITY_HOLDING,GHS,8436853.71,CP-GOG,SEC-TBILL,GL-1200,2026-09-09,0.2754,8436853.71,true
2026-06-10,SEC-TBILL-04,SECURITY_HOLDING,GHS,7397550.62,CP-GOG,SEC-TBILL,GL-1200,2027-06-09,0.2754,7397550.62,true
2026-06-10,SEC-TBILL-05,SECURITY_HOLDING,GHS,10232130.09,CP-GOG,SEC-TBILL,GL-1200,2026-09-09,0.2754,10232130.09,true
2026-06-10,SEC-BOND-06,SECURITY_HOLDING,GHS,10259740.81,CP-GOG,SEC-BOND,GL-1200,2031-06-09,0.2754,10259740.81,true
2026-06-10,SEC-BOND-07,SECURITY_HOLDING,GHS,9669408.61,CP-GOG,SEC-BOND,GL-1200,2031-06-09,0.2754,9669408.61,true
2026-06-10,SEC-BOND-08,SECURITY_HOLDING,GHS,9715356.13,CP-GOG,SEC-BOND,GL-1200,2028-06-09,0.2754,9715356.13,true
2026-06-10,SEC-BOND-09,SECURITY_HOLDING,GHS,9771517.45,CP-GOG,SEC-BOND,GL-1200,2028-06-09,0.2754,9771517.45,true
2026-06-11,SEC-TBILL-00,SECURITY_HOLDING,GHS,6583195.07,CP-GOG,SEC-TBILL,GL-1200,2027-06-10,0.2684,6583195.07,true
2026-06-11,SEC-TBILL-01,SECURITY_HOLDING,GHS,10803750.98,CP-GOG,SEC-TBILL,GL-1200,2027-06-10,0.2684,10803750.98,true
2026-06-11,SEC-TBILL-02,SECURITY_HOLDING,GHS,6380462.65,CP-GOG,SEC-TBILL,GL-1200,2027-06-10,0.2684,6380462.65,true
2026-06-11,SEC-TBILL-03,SECURITY_HOLDING,GHS,9837951.23,CP-GOG,SEC-TBILL,GL-1200,2026-09-10,0.2684,9837951.23,true
2026-06-11,SEC-TBILL-04,SECURITY_HOLDING,GHS,8701614.38,CP-GOG,SEC-TBILL,GL-1200,2026-09-10,0.2684,8701614.38,true
2026-06-11,SEC-TBILL-05,SECURITY_HOLDING,GHS,12309900.21,CP-GOG,SEC-TBILL,GL-1200,2026-12-10,0.2684,12309900.21,true
2026-06-11,SEC-BOND-06,SECURITY_HOLDING,GHS,12345047.35,CP-GOG,SEC-BOND,GL-1200,2031-06-10,0.2684,12345047.35,true
2026-06-11,SEC-BOND-07,SECURITY_HOLDING,GHS,11593582.33,CP-GOG,SEC-BOND,GL-1200,2031-06-10,0.2684,11593582.33,true
2026-06-11,SEC-BOND-08,SECURITY_HOLDING,GHS,7430537.32,CP-GOG,SEC-BOND,GL-1200,2028-06-10,0.2684,7430537.32,true
2026-06-11,SEC-BOND-09,SECURITY_HOLDING,GHS,11723562.06,CP-GOG,SEC-BOND,GL-1200,2031-06-10,0.2684,11723562.06,true
2026-06-12,SEC-TBILL-00,SECURITY_HOLDING,GHS,6789474.37,CP-GOG,SEC-TBILL,GL-1200,2026-12-11,0.2613,6789474.37,true
2026-06-12,SEC-TBILL-01,SECURITY_HOLDING,GHS,11456782.36,CP-GOG,SEC-TBILL,GL-1200,2026-09-11,0.2613,11456782.36,true
2026-06-12,SEC-TBILL-02,SECURITY_HOLDING,GHS,6554909.17,CP-GOG,SEC-TBILL,GL-1200,2027-06-11,0.2613,6554909.17,true
2026-06-12,SEC-TBILL-03,SECURITY_HOLDING,GHS,10555287.98,CP-GOG,SEC-TBILL,GL-1200,2026-12-11,0.2613,10555287.98,true
2026-06-12,SEC-TBILL-04,SECURITY_HOLDING,GHS,9024571.08,CP-GOG,SEC-TBILL,GL-1200,2027-06-11,0.2613,9024571.08,true
2026-06-12,SEC-TBILL-05,SECURITY_HOLDING,GHS,13199425.12,CP-GOG,SEC-TBILL,GL-1200,2026-12-11,0.2613,13199425.12,true
2026-06-12,SEC-BOND-06,SECURITY_HOLDING,GHS,8571651.33,CP-GOG,SEC-BOND,GL-1200,2031-06-11,0.2613,8571651.33,true
2026-06-12,SEC-BOND-07,SECURITY_HOLDING,GHS,12370631.97,CP-GOG,SEC-BOND,GL-1200,2029-06-11,0.2613,12370631.97,true
2026-06-12,SEC-BOND-08,SECURITY_HOLDING,GHS,7769865.16,CP-GOG,SEC-BOND,GL-1200,2031-06-11,0.2613,7769865.16,true
2026-06-12,SEC-BOND-09,SECURITY_HOLDING,GHS,7852581.25,CP-GOG,SEC-BOND,GL-1200,2029-06-11,0.2613,7852581.25,true
2026-06-15,SEC-TBILL-00,SECURITY_HOLDING,GHS,5979189.48,CP-GOG,SEC-TBILL,GL-1200,2026-12-14,0.2763,5979189.48,true
2026-06-15,SEC-TBILL-01,SECURITY_HOLDING,GHS,9396636.13,CP-GOG,SEC-TBILL,GL-1200,2026-09-14,0.2763,9396636.13,true
2026-06-15,SEC-TBILL-02,SECURITY_HOLDING,GHS,9233272.68,CP-GOG,SEC-TBILL,GL-1200,2026-09-14,0.2763,9233272.68,true
2026-06-15,SEC-TBILL-03,SECURITY_HOLDING,GHS,8765744.53,CP-GOG,SEC-TBILL,GL-1200,2026-12-14,0.2763,8765744.53,true
2026-06-15,SEC-TBILL-04,SECURITY_HOLDING,GHS,7694504.98,CP-GOG,SEC-TBILL,GL-1200,2026-09-14,0.2763,7694504.98,true
2026-06-15,SEC-TBILL-05,SECURITY_HOLDING,GHS,10616187.47,CP-GOG,SEC-TBILL,GL-1200,2026-09-14,0.2763,10616187.47,true
2026-06-15,SEC-BOND-06,SECURITY_HOLDING,GHS,10644646.63,CP-GOG,SEC-BOND,GL-1200,2029-06-14,0.2763,10644646.63,true
2026-06-15,SEC-BOND-07,SECURITY_HOLDING,GHS,10036174.27,CP-GOG,SEC-BOND,GL-1200,2031-06-14,0.2763,10036174.27,true
2026-06-15,SEC-BOND-08,SECURITY_HOLDING,GHS,10083533.70,CP-GOG,SEC-BOND,GL-1200,2029-06-14,0.2763,10083533.70,true
2026-06-15,SEC-BOND-09,SECURITY_HOLDING,GHS,10141420.79,CP-GOG,SEC-BOND,GL-1200,2031-06-14,0.2763,10141420.79,true
2026-06-16,SEC-TBILL-00,SECURITY_HOLDING,GHS,6626662.92,CP-GOG,SEC-TBILL,GL-1200,2027-06-15,0.2692,6626662.92,true
2026-06-16,SEC-TBILL-01,SECURITY_HOLDING,GHS,10820301.43,CP-GOG,SEC-TBILL,GL-1200,2027-06-15,0.2692,10820301.43,true
2026-06-16,SEC-TBILL-02,SECURITY_HOLDING,GHS,6425223.47,CP-GOG,SEC-TBILL,GL-1200,2027-06-15,0.2692,6425223.47,true
2026-06-16,SEC-TBILL-03,SECURITY_HOLDING,GHS,9860661.25,CP-GOG,SEC-TBILL,GL-1200,2026-09-15,0.2692,9860661.25,true
2026-06-16,SEC-TBILL-04,SECURITY_HOLDING,GHS,12740725.46,CP-GOG,SEC-TBILL,GL-1200,2026-09-15,0.2692,12740725.46,true
2026-06-16,SEC-TBILL-05,SECURITY_HOLDING,GHS,12131388.36,CP-GOG,SEC-TBILL,GL-1200,2026-09-15,0.2692,12131388.36,true
2026-06-16,SEC-BOND-06,SECURITY_HOLDING,GHS,12351767.88,CP-GOG,SEC-BOND,GL-1200,2031-06-15,0.2692,12351767.88,true
2026-06-16,SEC-BOND-07,SECURITY_HOLDING,GHS,7595941.63,CP-GOG,SEC-BOND,GL-1200,2029-06-15,0.2692,7595941.63,true
2026-06-16,SEC-BOND-08,SECURITY_HOLDING,GHS,7468601.08,CP-GOG,SEC-BOND,GL-1200,2028-06-15,0.2692,7468601.08,true
2026-06-16,SEC-BOND-09,SECURITY_HOLDING,GHS,11734246.24,CP-GOG,SEC-BOND,GL-1200,2029-06-15,0.2692,11734246.24,true
2026-06-17,SEC-TBILL-00,SECURITY_HOLDING,GHS,9863264.57,CP-GOG,SEC-TBILL,GL-1200,2027-06-16,0.2621,9863264.57,true
2026-06-17,SEC-TBILL-01,SECURITY_HOLDING,GHS,9862298.76,CP-GOG,SEC-TBILL,GL-1200,2027-06-16,0.2621,9862298.76,true
2026-06-17,SEC-TBILL-02,SECURITY_HOLDING,GHS,5678971.29,CP-GOG,SEC-TBILL,GL-1200,2027-06-16,0.2621,5678971.29,true
2026-06-17,SEC-TBILL-03,SECURITY_HOLDING,GHS,9092950.79,CP-GOG,SEC-TBILL,GL-1200,2027-06-16,0.2621,9092950.79,true
2026-06-17,SEC-TBILL-04,SECURITY_HOLDING,GHS,7786615.48,CP-GOG,SEC-TBILL,GL-1200,2026-09-16,0.2621,7786615.48,true
2026-06-17,SEC-TBILL-05,SECURITY_HOLDING,GHS,11349494.58,CP-GOG,SEC-TBILL,GL-1200,2027-06-16,0.2621,11349494.58,true
2026-06-17,SEC-BOND-06,SECURITY_HOLDING,GHS,11384199.43,CP-GOG,SEC-BOND,GL-1200,2029-06-16,0.2621,11384199.43,true
2026-06-17,SEC-BOND-07,SECURITY_HOLDING,GHS,10642190.86,CP-GOG,SEC-BOND,GL-1200,2028-06-16,0.2621,10642190.86,true
2026-06-17,SEC-BOND-08,SECURITY_HOLDING,GHS,10699943.85,CP-GOG,SEC-BOND,GL-1200,2029-06-16,0.2621,10699943.85,true
2026-06-17,SEC-BOND-09,SECURITY_HOLDING,GHS,10770534.93,CP-GOG,SEC-BOND,GL-1200,2028-06-16,0.2621,10770534.93,true
2026-06-18,SEC-TBILL-00,SECURITY_HOLDING,GHS,12362062.55,CP-GOG,SEC-TBILL,GL-1200,2026-09-17,0.2532,12362062.55,true
2026-06-18,SEC-TBILL-01,SECURITY_HOLDING,GHS,8735789.16,CP-GOG,SEC-TBILL,GL-1200,2027-06-17,0.2532,8735789.16,true
2026-06-18,SEC-TBILL-02,SECURITY_HOLDING,GHS,12171072.29,CP-GOG,SEC-TBILL,GL-1200,2027-06-17,0.2532,12171072.29,true
2026-06-18,SEC-TBILL-03,SECURITY_HOLDING,GHS,11627116.41,CP-GOG,SEC-TBILL,GL-1200,2027-06-17,0.2532,11627116.41,true
2026-06-18,SEC-TBILL-04,SECURITY_HOLDING,GHS,6755407.34,CP-GOG,SEC-TBILL,GL-1200,2027-06-17,0.2532,6755407.34,true
2026-06-18,SEC-TBILL-05,SECURITY_HOLDING,GHS,10154702.93,CP-GOG,SEC-TBILL,GL-1200,2026-09-17,0.2532,10154702.93,true
2026-06-18,SEC-BOND-06,SECURITY_HOLDING,GHS,10187814.36,CP-GOG,SEC-BOND,GL-1200,2029-06-17,0.2532,10187814.36,true
2026-06-18,SEC-BOND-07,SECURITY_HOLDING,GHS,9479873.85,CP-GOG,SEC-BOND,GL-1200,2029-06-17,0.2532,9479873.85,true
2026-06-18,SEC-BOND-08,SECURITY_HOLDING,GHS,5557950.47,CP-GOG,SEC-BOND,GL-1200,2031-06-17,0.2532,5557950.47,true
2026-06-18,SEC-BOND-09,SECURITY_HOLDING,GHS,9602325.21,CP-GOG,SEC-BOND,GL-1200,2029-06-17,0.2532,9602325.21,true
2026-06-19,SEC-TBILL-00,SECURITY_HOLDING,GHS,10470579.17,CP-GOG,SEC-TBILL,GL-1200,2026-12-18,0.2461,10470579.17,true
2026-06-19,SEC-TBILL-01,SECURITY_HOLDING,GHS,10469753.70,CP-GOG,SEC-TBILL,GL-1200,2026-12-18,0.2461,10469753.70,true
2026-06-19,SEC-TBILL-02,SECURITY_HOLDING,GHS,10299487.76,CP-GOG,SEC-TBILL,GL-1200,2027-06-18,0.2461,10299487.76,true
2026-06-19,SEC-TBILL-03,SECURITY_HOLDING,GHS,9812205.42,CP-GOG,SEC-TBILL,GL-1200,2026-12-18,0.2461,9812205.42,true
2026-06-19,SEC-TBILL-04,SECURITY_HOLDING,GHS,8695703.43,CP-GOG,SEC-TBILL,GL-1200,2026-09-18,0.2461,8695703.43,true
2026-06-19,SEC-TBILL-05,SECURITY_HOLDING,GHS,4930531.97,CP-GOG,SEC-TBILL,GL-1200,2026-12-18,0.2461,4930531.97,true
2026-06-19,SEC-BOND-06,SECURITY_HOLDING,GHS,4960193.59,CP-GOG,SEC-BOND,GL-1200,2029-06-18,0.2461,4960193.59,true
2026-06-19,SEC-BOND-07,SECURITY_HOLDING,GHS,11136313.87,CP-GOG,SEC-BOND,GL-1200,2028-06-18,0.2461,11136313.87,true
2026-06-19,SEC-BOND-08,SECURITY_HOLDING,GHS,11185674.34,CP-GOG,SEC-BOND,GL-1200,2028-06-18,0.2461,11185674.34,true
2026-06-19,SEC-BOND-09,SECURITY_HOLDING,GHS,11246007.30,CP-GOG,SEC-BOND,GL-1200,2029-06-18,0.2461,11246007.30,true
2026-06-22,SEC-TBILL-00,SECURITY_HOLDING,GHS,9502380.55,CP-GOG,SEC-TBILL,GL-1200,2026-09-21,0.2611,9502380.55,true
2026-06-22,SEC-TBILL-01,SECURITY_HOLDING,GHS,9501458.01,CP-GOG,SEC-TBILL,GL-1200,2026-12-21,0.2611,9501458.01,true
2026-06-22,SEC-TBILL-02,SECURITY_HOLDING,GHS,9311169.95,CP-GOG,SEC-TBILL,GL-1200,2026-12-21,0.2611,9311169.95,true
2026-06-22,SEC-TBILL-03,SECURITY_HOLDING,GHS,8766586.50,CP-GOG,SEC-TBILL,GL-1200,2026-09-21,0.2611,8766586.50,true
2026-06-22,SEC-TBILL-04,SECURITY_HOLDING,GHS,7518791.44,CP-GOG,SEC-TBILL,GL-1200,2027-06-21,0.2611,7518791.44,true
2026-06-22,SEC-TBILL-05,SECURITY_HOLDING,GHS,10922008.77,CP-GOG,SEC-TBILL,GL-1200,2026-09-21,0.2611,10922008.77,true
2026-06-22,SEC-BOND-06,SECURITY_HOLDING,GHS,10955158.41,CP-GOG,SEC-BOND,GL-1200,2029-06-21,0.2611,10955158.41,true
2026-06-22,SEC-BOND-07,SECURITY_HOLDING,GHS,10246401.15,CP-GOG,SEC-BOND,GL-1200,2029-06-21,0.2611,10246401.15,true
2026-06-22,SEC-BOND-08,SECURITY_HOLDING,GHS,10301566.08,CP-GOG,SEC-BOND,GL-1200,2028-06-21,0.2611,10301566.08,true
2026-06-22,SEC-BOND-09,SECURITY_HOLDING,GHS,10368993.78,CP-GOG,SEC-BOND,GL-1200,2029-06-21,0.2611,10368993.78,true
2026-06-23,SEC-TBILL-00,SECURITY_HOLDING,GHS,12364046.73,CP-GOG,SEC-TBILL,GL-1200,2026-09-22,0.2540,12364046.73,true
2026-06-23,SEC-TBILL-01,SECURITY_HOLDING,GHS,8760806.88,CP-GOG,SEC-TBILL,GL-1200,2026-09-22,0.2540,8760806.88,true
2026-06-23,SEC-TBILL-02,SECURITY_HOLDING,GHS,12174269.62,CP-GOG,SEC-TBILL,GL-1200,2026-09-22,0.2540,12174269.62,true
2026-06-23,SEC-TBILL-03,SECURITY_HOLDING,GHS,11633768.86,CP-GOG,SEC-TBILL,GL-1200,2026-09-22,0.2540,11633768.86,true
2026-06-23,SEC-TBILL-04,SECURITY_HOLDING,GHS,6793004.14,CP-GOG,SEC-TBILL,GL-1200,2027-06-22,0.2540,6793004.14,true
2026-06-23,SEC-TBILL-05,SECURITY_HOLDING,GHS,10170707.92,CP-GOG,SEC-TBILL,GL-1200,2026-12-22,0.2540,10170707.92,true
2026-06-23,SEC-BOND-06,SECURITY_HOLDING,GHS,10203609.03,CP-GOG,SEC-BOND,GL-1200,2028-06-22,0.2540,10203609.03,true
2026-06-23,SEC-BOND-07,SECURITY_HOLDING,GHS,9500165.25,CP-GOG,SEC-BOND,GL-1200,2029-06-22,0.2540,9500165.25,true
2026-06-23,SEC-BOND-08,SECURITY_HOLDING,GHS,5603153.33,CP-GOG,SEC-BOND,GL-1200,2029-06-22,0.2540,5603153.33,true
2026-06-23,SEC-BOND-09,SECURITY_HOLDING,GHS,9621838.83,CP-GOG,SEC-BOND,GL-1200,2031-06-22,0.2540,9621838.83,true
2026-06-24,SEC-TBILL-00,SECURITY_HOLDING,GHS,11296324.12,CP-GOG,SEC-TBILL,GL-1200,2026-09-23,0.2469,11296324.12,true
2026-06-24,SEC-TBILL-01,SECURITY_HOLDING,GHS,11295439.69,CP-GOG,SEC-TBILL,GL-1200,2027-06-23,0.2469,11295439.69,true
2026-06-24,SEC-TBILL-02,SECURITY_HOLDING,GHS,11113010.55,CP-GOG,SEC-TBILL,GL-1200,2026-12-23,0.2469,11113010.55,true
2026-06-24,SEC-TBILL-03,SECURITY_HOLDING,GHS,6942515.65,CP-GOG,SEC-TBILL,GL-1200,2026-09-23,0.2469,6942515.65,true
2026-06-24,SEC-TBILL-04,SECURITY_HOLDING,GHS,5746254.75,CP-GOG,SEC-TBILL,GL-1200,2026-09-23,0.2469,5746254.75,true
2026-06-24,SEC-TBILL-05,SECURITY_HOLDING,GHS,5360515.74,CP-GOG,SEC-TBILL,GL-1200,2027-06-23,0.2469,5360515.74,true
2026-06-24,SEC-BOND-06,SECURITY_HOLDING,GHS,5392296.29,CP-GOG,SEC-BOND,GL-1200,2028-06-23,0.2469,5392296.29,true
2026-06-24,SEC-BOND-07,SECURITY_HOLDING,GHS,12009616.53,CP-GOG,SEC-BOND,GL-1200,2031-06-23,0.2469,12009616.53,true
2026-06-24,SEC-BOND-08,SECURITY_HOLDING,GHS,12062503.14,CP-GOG,SEC-BOND,GL-1200,2031-06-23,0.2469,12062503.14,true
2026-06-24,SEC-BOND-09,SECURITY_HOLDING,GHS,12127146.07,CP-GOG,SEC-BOND,GL-1200,2029-06-23,0.2469,12127146.07,true
2026-06-25,SEC-TBILL-00,SECURITY_HOLDING,GHS,11278022.49,CP-GOG,SEC-TBILL,GL-1200,2026-12-24,0.2780,11278022.49,true
2026-06-25,SEC-TBILL-01,SECURITY_HOLDING,GHS,7532806.52,CP-GOG,SEC-TBILL,GL-1200,2026-09-24,0.2780,7532806.52,true
2026-06-25,SEC-TBILL-02,SECURITY_HOLDING,GHS,7154899.55,CP-GOG,SEC-TBILL,GL-1200,2027-06-24,0.2780,7154899.55,true
2026-06-25,SEC-TBILL-03,SECURITY_HOLDING,GHS,10518969.95,CP-GOG,SEC-TBILL,GL-1200,2026-12-24,0.2780,10518969.95,true
2026-06-25,SEC-TBILL-04,SECURITY_HOLDING,GHS,5487467.73,CP-GOG,SEC-TBILL,GL-1200,2026-09-24,0.2780,5487467.73,true
2026-06-25,SEC-TBILL-05,SECURITY_HOLDING,GHS,8998260.97,CP-GOG,SEC-TBILL,GL-1200,2026-09-24,0.2780,8998260.97,true
2026-06-25,SEC-BOND-06,SECURITY_HOLDING,GHS,12958326.63,CP-GOG,SEC-BOND,GL-1200,2029-06-24,0.2780,12958326.63,true
2026-06-25,SEC-BOND-07,SECURITY_HOLDING,GHS,8301297.35,CP-GOG,SEC-BOND,GL-1200,2029-06-24,0.2780,8301297.35,true
2026-06-25,SEC-BOND-08,SECURITY_HOLDING,GHS,8358206.05,CP-GOG,SEC-BOND,GL-1200,2031-06-24,0.2780,8358206.05,true
2026-06-25,SEC-BOND-09,SECURITY_HOLDING,GHS,12353633.31,CP-GOG,SEC-BOND,GL-1200,2029-06-24,0.2780,12353633.31,true
2026-06-26,SEC-TBILL-00,SECURITY_HOLDING,GHS,10698268.16,CP-GOG,SEC-TBILL,GL-1200,2026-09-25,0.2309,10698268.16,true
2026-06-26,SEC-TBILL-01,SECURITY_HOLDING,GHS,6911983.07,CP-GOG,SEC-TBILL,GL-1200,2026-12-25,0.2309,6911983.07,true
2026-06-26,SEC-TBILL-02,SECURITY_HOLDING,GHS,10498850.33,CP-GOG,SEC-TBILL,GL-1200,2026-12-25,0.2309,10498850.33,true
2026-06-26,SEC-TBILL-03,SECURITY_HOLDING,GHS,9930892.04,CP-GOG,SEC-TBILL,GL-1200,2026-12-25,0.2309,9930892.04,true
2026-06-26,SEC-TBILL-04,SECURITY_HOLDING,GHS,8629538.56,CP-GOG,SEC-TBILL,GL-1200,2026-12-25,0.2309,8629538.56,true
2026-06-26,SEC-TBILL-05,SECURITY_HOLDING,GHS,12178830.30,CP-GOG,SEC-TBILL,GL-1200,2026-12-25,0.2309,12178830.30,true
2026-06-26,SEC-BOND-06,SECURITY_HOLDING,GHS,8428079.84,CP-GOG,SEC-BOND,GL-1200,2029-06-25,0.2309,8428079.84,true
2026-06-26,SEC-BOND-07,SECURITY_HOLDING,GHS,11474223.95,CP-GOG,SEC-BOND,GL-1200,2028-06-25,0.2309,11474223.95,true
2026-06-26,SEC-BOND-08,SECURITY_HOLDING,GHS,11531756.69,CP-GOG,SEC-BOND,GL-1200,2031-06-25,0.2309,11531756.69,true
2026-06-26,SEC-BOND-09,SECURITY_HOLDING,GHS,7816755.60,CP-GOG,SEC-BOND,GL-1200,2031-06-25,0.2309,7816755.60,true
2026-06-29,SEC-TBILL-00,SECURITY_HOLDING,GHS,9536085.72,CP-GOG,SEC-TBILL,GL-1200,2026-12-28,0.2059,9536085.72,true
2026-06-29,SEC-TBILL-01,SECURITY_HOLDING,GHS,9534994.04,CP-GOG,SEC-TBILL,GL-1200,2026-09-28,0.2059,9534994.04,true
2026-06-29,SEC-TBILL-02,SECURITY_HOLDING,GHS,13813167.49,CP-GOG,SEC-TBILL,GL-1200,2026-09-28,0.2059,13813167.49,true
2026-06-29,SEC-TBILL-03,SECURITY_HOLDING,GHS,8665378.72,CP-GOG,SEC-TBILL,GL-1200,2027-06-28,0.2059,8665378.72,true
2026-06-29,SEC-TBILL-04,SECURITY_HOLDING,GHS,7188791.75,CP-GOG,SEC-TBILL,GL-1200,2027-06-28,0.2059,7188791.75,true
2026-06-29,SEC-TBILL-05,SECURITY_HOLDING,GHS,11216012.66,CP-GOG,SEC-TBILL,GL-1200,2026-09-28,0.2059,11216012.66,true
2026-06-29,SEC-BOND-06,SECURITY_HOLDING,GHS,6751888.35,CP-GOG,SEC-BOND,GL-1200,2031-06-28,0.2059,6751888.35,true
2026-06-29,SEC-BOND-07,SECURITY_HOLDING,GHS,10416527.68,CP-GOG,SEC-BOND,GL-1200,2028-06-28,0.2059,10416527.68,true
2026-06-29,SEC-BOND-08,SECURITY_HOLDING,GHS,10481807.48,CP-GOG,SEC-BOND,GL-1200,2031-06-28,0.2059,10481807.48,true
2026-06-29,SEC-BOND-09,SECURITY_HOLDING,GHS,6058246.36,CP-GOG,SEC-BOND,GL-1200,2028-06-28,0.2059,6058246.36,true
2026-06-30,SEC-TBILL-00,SECURITY_HOLDING,GHS,11649949.57,CP-GOG,SEC-TBILL,GL-1200,2027-06-29,0.2389,11649949.57,true
2026-06-30,SEC-TBILL-01,SECURITY_HOLDING,GHS,7809716.65,CP-GOG,SEC-TBILL,GL-1200,2026-12-29,0.2389,7809716.65,true
2026-06-30,SEC-TBILL-02,SECURITY_HOLDING,GHS,11447690.39,CP-GOG,SEC-TBILL,GL-1200,2027-06-29,0.2389,11447690.39,true
2026-06-30,SEC-TBILL-03,SECURITY_HOLDING,GHS,10871639.70,CP-GOG,SEC-TBILL,GL-1200,2027-06-29,0.2389,10871639.70,true
2026-06-30,SEC-TBILL-04,SECURITY_HOLDING,GHS,5712487.17,CP-GOG,SEC-TBILL,GL-1200,2026-09-29,0.2389,5712487.17,true
2026-06-30,SEC-TBILL-05,SECURITY_HOLDING,GHS,9312350.00,CP-GOG,SEC-TBILL,GL-1200,2026-09-29,0.2389,9312350.00,true
2026-06-30,SEC-BOND-06,SECURITY_HOLDING,GHS,9347415.10,CP-GOG,SEC-BOND,GL-1200,2028-06-29,0.2389,9347415.10,true
2026-06-30,SEC-BOND-07,SECURITY_HOLDING,GHS,8597704.26,CP-GOG,SEC-BOND,GL-1200,2031-06-29,0.2389,8597704.26,true
2026-06-30,SEC-BOND-08,SECURITY_HOLDING,GHS,12495313.83,CP-GOG,SEC-BOND,GL-1200,2029-06-29,0.2389,12495313.83,true
2026-06-30,SEC-BOND-09,SECURITY_HOLDING,GHS,8727380.58,CP-GOG,SEC-BOND,GL-1200,2029-06-29,0.2389,8727380.58,true
