# Sample Bank DAILY DEPOSIT sub-ledger — close of business 2026-06-17; push with as_of_date=2026-06-17. Feeds BSD1 deposit lines 1-10 (the form's PREVIOUS-week block). Liquid assets are in eod_ladder/.
source_reference,position_type,currency,balance,deposit_account_type,counterparty_reference,product_code,gl_account_code,origination_date,contractual_maturity,interest_rate,rate_type,attributes.balance_ghs,attributes.instrument,attributes.branch_id
DEP-CURRENT_RET-0001,DEPOSIT,GHS,6901514.47,CURRENT,SBL-CUST-014540,DEP.RET.CUR,2001,2018-08-12,,0.001325,FLOATING,,,BR018
DEP-CURRENT_RET-0002,DEPOSIT,GHS,27921703.72,CURRENT,SBL-CUST-008988,DEP.RET.CUR,2001,2020-02-16,,0.003172,FLOATING,,,BR006
DEP-CURRENT_RET-0003,DEPOSIT,GHS,7141096.66,CURRENT,SBL-CUST-002111,DEP.RET.CUR,2001,2021-05-05,,0.003551,FLOATING,,,BR009
DEP-CURRENT_RET-0004,DEPOSIT,GHS,6959700.87,CURRENT,SBL-CUST-006161,DEP.RET.CUR,2001,2024-10-19,,0.002003,FLOATING,,,BR010
DEP-CURRENT_RET-0005,DEPOSIT,GHS,6486620.54,CURRENT,SBL-CUST-001677,DEP.RET.CUR,2001,2025-10-20,,0.001022,FLOATING,,,BR005
DEP-CURRENT_RET-0006,DEPOSIT,GHS,12381457.68,CURRENT,SBL-CUST-008709,DEP.RET.CUR,2001,2021-03-03,,0.002577,FLOATING,,,BR022
DEP-CURRENT_RET-0007,DEPOSIT,GHS,22133378.32,CURRENT,SBL-CUST-010388,DEP.RET.CUR,2001,2026-03-15,,0.001464,FLOATING,,,BR024
DEP-CURRENT_RET-0008,DEPOSIT,GHS,6797118.2,CURRENT,SBL-CUST-005329,DEP.RET.CUR,2001,2024-09-06,,0.001127,FLOATING,,,BR016
DEP-CURRENT_RET-0009,DEPOSIT,GHS,6131726.53,CURRENT,SBL-CUST-007421,DEP.RET.CUR,2001,2020-07-05,,0.000332,FLOATING,,,BR002
DEP-CURRENT_RET-0010,DEPOSIT,GHS,5989120.09,CURRENT,SBL-CUST-002664,DEP.RET.CUR,2001,2022-12-27,,0.001833,FLOATING,,,BR023
DEP-CURRENT_RET-0011,DEPOSIT,GHS,5280300.3,CURRENT,SBL-CUST-004712,DEP.RET.CUR,2001,2021-10-25,,0.001131,FLOATING,,,BR006
DEP-CURRENT_RET-0012,DEPOSIT,GHS,6765985.72,CURRENT,SBL-CUST-007262,DEP.RET.CUR,2001,2023-11-15,,0.0003,FLOATING,,,BR027
DEP-CURRENT_RET-0013,DEPOSIT,GHS,5360880.55,CURRENT,SBL-CUST-001628,DEP.RET.CUR,2001,2023-07-19,,0.000207,FLOATING,,,BR028
DEP-CURRENT_RET-0014,DEPOSIT,GHS,9723388.07,CURRENT,SBL-CUST-001030,DEP.RET.CUR,2001,2018-08-21,,0.002021,FLOATING,,,BR012
DEP-CURRENT_RET-0015,DEPOSIT,GHS,5970390.27,CURRENT,SBL-CUST-009649,DEP.RET.CUR,2001,2026-02-16,,0.00324,FLOATING,,,BR025
DEP-CURRENT_RET-0016,DEPOSIT,GHS,12969914.26,CURRENT,SBL-CUST-004235,DEP.RET.CUR,2001,2024-08-22,,0.001146,FLOATING,,,BR023
DEP-CURRENT_RET-0017,DEPOSIT,GHS,9284422.4,CURRENT,SBL-CUST-010054,DEP.RET.CUR,2001,2024-08-23,,0.003024,FLOATING,,,BR024
DEP-CURRENT_RET-0018,DEPOSIT,GHS,8093483.95,CURRENT,SBL-CUST-003420,DEP.RET.CUR,2001,2019-03-19,,0.000736,FLOATING,,,BR013
DEP-CURRENT_RET-0019,DEPOSIT,GHS,7404876.68,CURRENT,SBL-CUST-010705,DEP.RET.CUR,2001,2023-05-02,,1.8e-05,FLOATING,,,BR003
DEP-CURRENT_RET-0020,DEPOSIT,GHS,5942178.67,CURRENT,SBL-CUST-003373,DEP.RET.CUR,2001,2019-12-19,,0.001641,FLOATING,,,BR001
DEP-CURRENT_RET-0021,DEPOSIT,GHS,5374851.8,CURRENT,SBL-CUST-010937,DEP.RET.CUR,2001,2019-08-27,,8.4e-05,FLOATING,,,BR026
DEP-CURRENT_RET-0022,DEPOSIT,GHS,5461621.3,CURRENT,SBL-CUST-002625,DEP.RET.CUR,2001,2019-06-10,,0.00298,FLOATING,,,BR020
DEP-CURRENT_RET-0023,DEPOSIT,GHS,8283381.25,CURRENT,SBL-CUST-008215,DEP.RET.CUR,2001,2020-03-05,,0.000564,FLOATING,,,BR028
DEP-CURRENT_RET-0024,DEPOSIT,GHS,9374782.23,CURRENT,SBL-CUST-002258,DEP.RET.CUR,2001,2020-02-01,,0.001016,FLOATING,,,BR010
DEP-CURRENT_RET-0025,DEPOSIT,GHS,6280796.61,CURRENT,SBL-CUST-005089,DEP.RET.CUR,2001,2020-04-16,,0.002303,FLOATING,,,BR007
DEP-CURRENT_RET-0026,DEPOSIT,GHS,12995209.35,CURRENT,SBL-CUST-012915,DEP.RET.CUR,2001,2019-08-19,,0.001116,FLOATING,,,BR005
DEP-CURRENT_RET-0027,DEPOSIT,GHS,9570142.73,CURRENT,SBL-CUST-007188,DEP.RET.CUR,2001,2021-04-11,,0.004549,FLOATING,,,BR016
DEP-CURRENT_RET-0028,DEPOSIT,GHS,6031203.17,CURRENT,SBL-CUST-000551,DEP.RET.CUR,2001,2024-06-27,,0.00307,FLOATING,,,BR015
DEP-CURRENT_RET-0029,DEPOSIT,GHS,6472952.68,CURRENT,SBL-CUST-013753,DEP.RET.CUR,2001,2019-11-20,,0.004192,FLOATING,,,BR002
DEP-CURRENT_RET-0030,DEPOSIT,GHS,6215364.44,CURRENT,SBL-CUST-003274,DEP.RET.CUR,2001,2020-11-14,,0.004924,FLOATING,,,BR019
DEP-CURRENT_RET-0031,DEPOSIT,GHS,14329397.34,CURRENT,SBL-CUST-001407,DEP.RET.CUR,2001,2026-01-30,,0.003495,FLOATING,,,BR004
DEP-CURRENT_RET-0032,DEPOSIT,GHS,6285281.75,CURRENT,SBL-CUST-001458,DEP.RET.CUR,2001,2022-01-01,,0.004687,FLOATING,,,BR017
DEP-CURRENT_RET-0033,DEPOSIT,GHS,6160149.25,CURRENT,SBL-CUST-001725,DEP.RET.CUR,2001,2024-12-21,,0.00479,FLOATING,,,BR001
DEP-CURRENT_RET-0034,DEPOSIT,GHS,11599057.5,CURRENT,SBL-CUST-009099,DEP.RET.CUR,2001,2026-01-26,,0.000523,FLOATING,,,BR009
DEP-CURRENT_RET-0035,DEPOSIT,GHS,16227053.1,CURRENT,SBL-CUST-008943,DEP.RET.CUR,2001,2024-06-03,,0.004577,FLOATING,,,BR023
DEP-CURRENT_RET-0036,DEPOSIT,GHS,5778917.21,CURRENT,SBL-CUST-001194,DEP.RET.CUR,2001,2020-04-26,,0.000769,FLOATING,,,BR013
DEP-CURRENT_RET-0037,DEPOSIT,GHS,28956330.36,CURRENT,SBL-CUST-010076,DEP.RET.CUR,2001,2024-05-05,,0.004683,FLOATING,,,BR002
DEP-CURRENT_RET-0038,DEPOSIT,GHS,6270619.66,CURRENT,SBL-CUST-006537,DEP.RET.CUR,2001,2019-10-21,,0.004717,FLOATING,,,BR009
DEP-CURRENT_RET-0039,DEPOSIT,GHS,9879551.07,CURRENT,SBL-CUST-007855,DEP.RET.CUR,2001,2023-04-07,,0.001202,FLOATING,,,BR013
DEP-CURRENT_RET-0040,DEPOSIT,GHS,17584820.32,CURRENT,SBL-CUST-002013,DEP.RET.CUR,2001,2021-05-18,,0.001912,FLOATING,,,BR009
DEP-CURRENT_RET-0041,DEPOSIT,GHS,18099233.01,CURRENT,SBL-CUST-007388,DEP.RET.CUR,2001,2024-08-17,,0.001246,FLOATING,,,BR014
DEP-CURRENT_RET-0042,DEPOSIT,GHS,93627268.88,CURRENT,SBL-CUST-008304,DEP.RET.CUR,2001,2020-07-15,,0.003037,FLOATING,,,BR005
DEP-CURRENT_RET-0043,DEPOSIT,GHS,5220996.54,CURRENT,SBL-CUST-004085,DEP.RET.CUR,2001,2020-04-17,,0.001884,FLOATING,,,BR018
DEP-CURRENT_RET-0044,DEPOSIT,GHS,6457757.11,CURRENT,SBL-CUST-000020,DEP.RET.CUR,2001,2023-07-30,,0.001758,FLOATING,,,BR028
DEP-CURRENT_RET-0045,DEPOSIT,GHS,14808114.04,CURRENT,SBL-CUST-002307,DEP.RET.CUR,2001,2019-10-24,,0.001956,FLOATING,,,BR015
DEP-CURRENT_RET-0046,DEPOSIT,GHS,17104514.92,CURRENT,SBL-CUST-002413,DEP.RET.CUR,2001,2022-03-23,,0.003764,FLOATING,,,BR028
DEP-CURRENT_RET-0047,DEPOSIT,GHS,17636961.06,CURRENT,SBL-CUST-009070,DEP.RET.CUR,2001,2026-04-16,,0.002602,FLOATING,,,BR018
DEP-CURRENT_RET-0048,DEPOSIT,GHS,6859862.61,CURRENT,SBL-CUST-004646,DEP.RET.CUR,2001,2024-08-03,,0.002641,FLOATING,,,BR010
DEP-CURRENT_RET-0049,DEPOSIT,GHS,6071886.17,CURRENT,SBL-CUST-010161,DEP.RET.CUR,2001,2025-04-07,,0.000897,FLOATING,,,BR017
DEP-CURRENT_RET-0050,DEPOSIT,GHS,59624899.19,CURRENT,SBL-CUST-000205,DEP.RET.CUR,2001,2018-10-15,,0.001727,FLOATING,,,BR017
DEP-CURRENT_RET-0051,DEPOSIT,GHS,20943237.02,CURRENT,SBL-CUST-001218,DEP.RET.CUR,2001,2024-10-12,,0.001734,FLOATING,,,BR019
DEP-CURRENT_RET-0052,DEPOSIT,GHS,5685725.98,CURRENT,SBL-CUST-012539,DEP.RET.CUR,2001,2018-12-09,,0.000534,FLOATING,,,BR010
DEP-CURRENT_RET-0053,DEPOSIT,GHS,6025808.11,CURRENT,SBL-CUST-005394,DEP.RET.CUR,2001,2018-09-29,,0.004929,FLOATING,,,BR010
DEP-CURRENT_RET-0054,DEPOSIT,GHS,29713772.58,CURRENT,SBL-CUST-010234,DEP.RET.CUR,2001,2020-12-03,,0.002244,FLOATING,,,BR014
DEP-CURRENT_RET-0055,DEPOSIT,GHS,15589715.25,CURRENT,SBL-CUST-002678,DEP.RET.CUR,2001,2018-08-01,,0.004564,FLOATING,,,BR003
DEP-CURRENT_RET-0056,DEPOSIT,GHS,6290099.15,CURRENT,SBL-CUST-003150,DEP.RET.CUR,2001,2021-11-17,,0.000667,FLOATING,,,BR005
DEP-CURRENT_RET-0057,DEPOSIT,GHS,13095975.64,CURRENT,SBL-CUST-006610,DEP.RET.CUR,2001,2023-04-24,,0.004655,FLOATING,,,BR017
DEP-CURRENT_RET-0058,DEPOSIT,GHS,9924565.12,CURRENT,SBL-CUST-010518,DEP.RET.CUR,2001,2019-09-27,,0.003258,FLOATING,,,BR028
DEP-CURRENT_RET-0059,DEPOSIT,GHS,5800028.03,CURRENT,SBL-CUST-010426,DEP.RET.CUR,2001,2023-07-31,,0.003501,FLOATING,,,BR002
DEP-CURRENT_RET-0060,DEPOSIT,GHS,5778583.17,CURRENT,SBL-CUST-001005,DEP.RET.CUR,2001,2021-09-29,,0.000592,FLOATING,,,BR002
DEP-CURRENT_RET-0061,DEPOSIT,GHS,7955083.1,CURRENT,SBL-CUST-001461,DEP.RET.CUR,2001,2021-06-28,,0.002663,FLOATING,,,BR006
DEP-CURRENT_RET-0062,DEPOSIT,GHS,33289925.33,CURRENT,SBL-CUST-001517,DEP.RET.CUR,2001,2021-10-10,,0.003741,FLOATING,,,BR023
DEP-CURRENT_RET-0063,DEPOSIT,GHS,12569321.81,CURRENT,SBL-CUST-005435,DEP.RET.CUR,2001,2019-06-24,,0.003497,FLOATING,,,BR016
DEP-CURRENT_RET-0064,DEPOSIT,GHS,10830975.36,CURRENT,SBL-CUST-009333,DEP.RET.CUR,2001,2024-09-28,,0.002705,FLOATING,,,BR016
DEP-CURRENT_RET-0065,DEPOSIT,GHS,5230397.57,CURRENT,SBL-CUST-013549,DEP.RET.CUR,2001,2019-11-16,,0.000654,FLOATING,,,BR001
DEP-CURRENT_RET-0066,DEPOSIT,GHS,9306728.06,CURRENT,SBL-CUST-004182,DEP.RET.CUR,2001,2020-04-16,,0.003338,FLOATING,,,BR008
DEP-CURRENT_RET-0067,DEPOSIT,GHS,5850782.43,CURRENT,SBL-CUST-003281,DEP.RET.CUR,2001,2025-12-14,,0.001602,FLOATING,,,BR018
DEP-CURRENT_RET-0068,DEPOSIT,GHS,6382555.21,CURRENT,SBL-CUST-011868,DEP.RET.CUR,2001,2022-11-14,,0.003512,FLOATING,,,BR028
DEP-CURRENT_RET-0069,DEPOSIT,GHS,5590652.59,CURRENT,SBL-CUST-014132,DEP.RET.CUR,2001,2023-11-25,,0.000849,FLOATING,,,BR014
DEP-CURRENT_RET-0070,DEPOSIT,GHS,7554332.4,CURRENT,SBL-CUST-008892,DEP.RET.CUR,2001,2020-07-11,,0.001389,FLOATING,,,BR010
DEP-CURRENT_RET-0071,DEPOSIT,GHS,17492204.51,CURRENT,SBL-CUST-011962,DEP.RET.CUR,2001,2020-09-12,,0.004416,FLOATING,,,BR021
DEP-CURRENT_RET-0072,DEPOSIT,GHS,6198228.65,CURRENT,SBL-CUST-014510,DEP.RET.CUR,2001,2025-03-24,,0.001079,FLOATING,,,BR019
DEP-CURRENT_RET-0073,DEPOSIT,GHS,8342708.86,CURRENT,SBL-CUST-012779,DEP.RET.CUR,2001,2022-08-02,,0.003033,FLOATING,,,BR003
DEP-CURRENT_RET-0074,DEPOSIT,GHS,5216281.1,CURRENT,SBL-CUST-003089,DEP.RET.CUR,2001,2018-08-22,,0.003291,FLOATING,,,BR027
DEP-CURRENT_RET-0075,DEPOSIT,GHS,5173299.29,CURRENT,SBL-CUST-011482,DEP.RET.CUR,2001,2019-11-17,,0.002419,FLOATING,,,BR007
DEP-CURRENT_RET-0076,DEPOSIT,GHS,11068077.38,CURRENT,SBL-CUST-009146,DEP.RET.CUR,2001,2023-10-27,,0.002978,FLOATING,,,BR018
DEP-CURRENT_RET-0077,DEPOSIT,GHS,6462697.99,CURRENT,SBL-CUST-012364,DEP.RET.CUR,2001,2020-06-22,,0.000342,FLOATING,,,BR013
DEP-CURRENT_RET-0078,DEPOSIT,GHS,7926024.39,CURRENT,SBL-CUST-003447,DEP.RET.CUR,2001,2022-01-11,,0.00464,FLOATING,,,BR026
DEP-CURRENT_RET-0079,DEPOSIT,GHS,11957755.13,CURRENT,SBL-CUST-014992,DEP.RET.CUR,2001,2022-09-07,,0.002036,FLOATING,,,BR027
DEP-CURRENT_RET-0080,DEPOSIT,GHS,5930166.57,CURRENT,SBL-CUST-006182,DEP.RET.CUR,2001,2022-06-20,,0.00235,FLOATING,,,BR004
DEP-CURRENT_RET-0081,DEPOSIT,GHS,7525037.13,CURRENT,SBL-CUST-002845,DEP.RET.CUR,2001,2021-02-08,,0.001935,FLOATING,,,BR021
DEP-CURRENT_RET-0082,DEPOSIT,GHS,22409648.84,CURRENT,SBL-CUST-010117,DEP.RET.CUR,2001,2021-08-05,,0.000169,FLOATING,,,BR028
DEP-CURRENT_RET-0083,DEPOSIT,GHS,5593023.19,CURRENT,SBL-CUST-008111,DEP.RET.CUR,2001,2018-11-27,,0.003911,FLOATING,,,BR012
DEP-CURRENT_RET-0084,DEPOSIT,GHS,10595161.08,CURRENT,SBL-CUST-012871,DEP.RET.CUR,2001,2022-04-05,,0.004198,FLOATING,,,BR003
DEP-CURRENT_RET-0085,DEPOSIT,GHS,7648762.8,CURRENT,SBL-CUST-010651,DEP.RET.CUR,2001,2025-08-14,,0.003039,FLOATING,,,BR012
DEP-CURRENT_RET-0086,DEPOSIT,GHS,12463471.47,CURRENT,SBL-CUST-006212,DEP.RET.CUR,2001,2025-08-31,,0.001195,FLOATING,,,BR013
DEP-CURRENT_RET-0087,DEPOSIT,GHS,5793753.52,CURRENT,SBL-CUST-003119,DEP.RET.CUR,2001,2021-07-16,,0.003542,FLOATING,,,BR014
DEP-CURRENT_RET-0088,DEPOSIT,GHS,5407086.87,CURRENT,SBL-CUST-005002,DEP.RET.CUR,2001,2020-08-12,,0.004116,FLOATING,,,BR016
DEP-CURRENT_RET-0089,DEPOSIT,GHS,11605191.2,CURRENT,SBL-CUST-005671,DEP.RET.CUR,2001,2021-03-25,,0.00445,FLOATING,,,BR025
DEP-CURRENT_RET-0090,DEPOSIT,GHS,6835183.63,CURRENT,SBL-CUST-009944,DEP.RET.CUR,2001,2019-12-01,,0.004674,FLOATING,,,BR007
DEP-CURRENT_RET-0091,DEPOSIT,GHS,6220749.76,CURRENT,SBL-CUST-002334,DEP.RET.CUR,2001,2020-11-03,,0.001188,FLOATING,,,BR016
DEP-CURRENT_RET-0092,DEPOSIT,GHS,5406079.4,CURRENT,SBL-CUST-007237,DEP.RET.CUR,2001,2021-06-26,,0.004248,FLOATING,,,BR025
DEP-CURRENT_RET-0093,DEPOSIT,GHS,50642385.8,CURRENT,SBL-CUST-001679,DEP.RET.CUR,2001,2025-09-11,,0.00322,FLOATING,,,BR012
DEP-CURRENT_RET-0094,DEPOSIT,GHS,5428626.23,CURRENT,SBL-CUST-010131,DEP.RET.CUR,2001,2024-09-11,,0.000688,FLOATING,,,BR008
DEP-CURRENT_RET-0095,DEPOSIT,GHS,6329678.28,CURRENT,SBL-CUST-010657,DEP.RET.CUR,2001,2026-01-05,,0.001373,FLOATING,,,BR021
DEP-CURRENT_RET-0096,DEPOSIT,GHS,5955754.03,CURRENT,SBL-CUST-014512,DEP.RET.CUR,2001,2025-01-08,,0.003124,FLOATING,,,BR015
DEP-CURRENT_RET-0097,DEPOSIT,GHS,6109528.63,CURRENT,SBL-CUST-011018,DEP.RET.CUR,2001,2024-06-25,,0.002417,FLOATING,,,BR022
DEP-CURRENT_RET-0098,DEPOSIT,GHS,6040825.62,CURRENT,SBL-CUST-013284,DEP.RET.CUR,2001,2020-05-13,,0.001532,FLOATING,,,BR001
DEP-CURRENT_RET-0099,DEPOSIT,GHS,5321943.82,CURRENT,SBL-CUST-001154,DEP.RET.CUR,2001,2018-09-10,,0.000624,FLOATING,,,BR022
DEP-CURRENT_RET-0100,DEPOSIT,GHS,7666820.8,CURRENT,SBL-CUST-012196,DEP.RET.CUR,2001,2020-03-15,,0.000542,FLOATING,,,BR022
DEP-CURRENT_RET-0101,DEPOSIT,GHS,5774146.51,CURRENT,SBL-CUST-008988,DEP.RET.CUR,2001,2024-09-27,,0.003256,FLOATING,,,BR010
DEP-CURRENT_RET-0102,DEPOSIT,GHS,9905028.5,CURRENT,SBL-CUST-002136,DEP.RET.CUR,2001,2025-07-23,,0.002867,FLOATING,,,BR020
DEP-CURRENT_RET-0103,DEPOSIT,GHS,9985736.57,CURRENT,SBL-CUST-007955,DEP.RET.CUR,2001,2024-07-20,,0.003526,FLOATING,,,BR017
DEP-CURRENT_RET-0104,DEPOSIT,GHS,14934117.35,CURRENT,SBL-CUST-008940,DEP.RET.CUR,2001,2022-05-15,,0.004302,FLOATING,,,BR009
DEP-CURRENT_RET-0105,DEPOSIT,GHS,8516251.71,CURRENT,SBL-CUST-012572,DEP.RET.CUR,2001,2021-01-16,,0.004317,FLOATING,,,BR021
DEP-CURRENT_RET-0106,DEPOSIT,GHS,7521140.71,CURRENT,SBL-CUST-011846,DEP.RET.CUR,2001,2021-01-28,,0.001241,FLOATING,,,BR001
DEP-CURRENT_RET-0107,DEPOSIT,GHS,7380793.78,CURRENT,SBL-CUST-014836,DEP.RET.CUR,2001,2021-01-14,,0.002592,FLOATING,,,BR027
DEP-CURRENT_RET-0108,DEPOSIT,GHS,6011708.68,CURRENT,SBL-CUST-010044,DEP.RET.CUR,2001,2022-05-04,,0.001834,FLOATING,,,BR018
DEP-CURRENT_RET-0109,DEPOSIT,GHS,22278303.52,CURRENT,SBL-CUST-001187,DEP.RET.CUR,2001,2025-03-16,,0.00096,FLOATING,,,BR004
DEP-CURRENT_RET-0110,DEPOSIT,GHS,8742710.76,CURRENT,SBL-CUST-007050,DEP.RET.CUR,2001,2019-12-24,,0.000773,FLOATING,,,BR028
DEP-CURRENT_RET-0111,DEPOSIT,GHS,9012846.2,CURRENT,SBL-CUST-001569,DEP.RET.CUR,2001,2019-08-07,,0.004104,FLOATING,,,BR015
DEP-CURRENT_RET-0112,DEPOSIT,GHS,13536869.92,CURRENT,SBL-CUST-007438,DEP.RET.CUR,2001,2022-10-30,,0.004274,FLOATING,,,BR004
DEP-CURRENT_RET-0113,DEPOSIT,GHS,7509887.91,CURRENT,SBL-CUST-005326,DEP.RET.CUR,2001,2018-11-07,,0.002071,FLOATING,,,BR024
DEP-CURRENT_RET-0114,DEPOSIT,GHS,15985995.73,CURRENT,SBL-CUST-008699,DEP.RET.CUR,2001,2025-12-23,,0.002325,FLOATING,,,BR025
DEP-CURRENT_RET-0115,DEPOSIT,GHS,10271382.15,CURRENT,SBL-CUST-005480,DEP.RET.CUR,2001,2023-05-03,,0.001171,FLOATING,,,BR015
DEP-CURRENT_RET-0116,DEPOSIT,GHS,9130790.38,CURRENT,SBL-CUST-005094,DEP.RET.CUR,2001,2022-06-17,,0.004098,FLOATING,,,BR026
DEP-CURRENT_RET-0117,DEPOSIT,GHS,11192778.72,CURRENT,SBL-CUST-010198,DEP.RET.CUR,2001,2024-10-13,,0.004826,FLOATING,,,BR020
DEP-CURRENT_RET-0118,DEPOSIT,GHS,11450008.08,CURRENT,SBL-CUST-004348,DEP.RET.CUR,2001,2020-03-13,,0.000186,FLOATING,,,BR003
DEP-CURRENT_RET-0119,DEPOSIT,GHS,6950776.52,CURRENT,SBL-CUST-009672,DEP.RET.CUR,2001,2024-10-30,,0.000252,FLOATING,,,BR022
DEP-CURRENT_RET-0120,DEPOSIT,GHS,10966730.39,CURRENT,SBL-CUST-010975,DEP.RET.CUR,2001,2023-10-21,,0.000679,FLOATING,,,BR019
DEP-CURRENT_RET-0121,DEPOSIT,GHS,10160740.98,CURRENT,SBL-CUST-009574,DEP.RET.CUR,2001,2020-07-16,,0.003603,FLOATING,,,BR015
DEP-CURRENT_RET-0122,DEPOSIT,GHS,6321548.62,CURRENT,SBL-CUST-002071,DEP.RET.CUR,2001,2025-07-06,,0.00405,FLOATING,,,BR006
DEP-CURRENT_RET-0123,DEPOSIT,GHS,6404073.88,CURRENT,SBL-CUST-013712,DEP.RET.CUR,2001,2023-06-18,,0.00469,FLOATING,,,BR004
DEP-CURRENT_RET-0124,DEPOSIT,GHS,5393521.89,CURRENT,SBL-CUST-006681,DEP.RET.CUR,2001,2020-04-27,,0.003855,FLOATING,,,BR024
DEP-CURRENT_RET-0125,DEPOSIT,GHS,5621046.23,CURRENT,SBL-CUST-009203,DEP.RET.CUR,2001,2024-02-18,,0.000393,FLOATING,,,BR022
DEP-CURRENT_RET-0126,DEPOSIT,GHS,7876173.69,CURRENT,SBL-CUST-003355,DEP.RET.CUR,2001,2022-02-20,,0.000683,FLOATING,,,BR002
DEP-CURRENT_RET-0127,DEPOSIT,GHS,6541562.98,CURRENT,SBL-CUST-000890,DEP.RET.CUR,2001,2021-12-30,,0.002282,FLOATING,,,BR023
DEP-CURRENT_RET-0128,DEPOSIT,GHS,6468964.99,CURRENT,SBL-CUST-001715,DEP.RET.CUR,2001,2018-08-28,,0.004175,FLOATING,,,BR026
DEP-CURRENT_RET-0129,DEPOSIT,GHS,8947604.8,CURRENT,SBL-CUST-002695,DEP.RET.CUR,2001,2020-04-21,,0.00125,FLOATING,,,BR025
DEP-CURRENT_RET-0130,DEPOSIT,GHS,55655112.09,CURRENT,SBL-CUST-011840,DEP.RET.CUR,2001,2019-10-31,,0.003098,FLOATING,,,BR013
DEP-CURRENT_RET-0131,DEPOSIT,GHS,6508961.23,CURRENT,SBL-CUST-000575,DEP.RET.CUR,2001,2024-02-17,,0.004512,FLOATING,,,BR028
DEP-CURRENT_RET-0132,DEPOSIT,GHS,18695055.47,CURRENT,SBL-CUST-001284,DEP.RET.CUR,2001,2019-12-28,,0.004257,FLOATING,,,BR022
DEP-CURRENT_RET-0133,DEPOSIT,GHS,5677343.38,CURRENT,SBL-CUST-002072,DEP.RET.CUR,2001,2022-05-17,,0.000608,FLOATING,,,BR009
DEP-CURRENT_RET-0134,DEPOSIT,GHS,6410213.89,CURRENT,SBL-CUST-006896,DEP.RET.CUR,2001,2021-01-04,,0.003265,FLOATING,,,BR021
DEP-CURRENT_RET-0135,DEPOSIT,GHS,17637797.89,CURRENT,SBL-CUST-014790,DEP.RET.CUR,2001,2022-02-02,,0.004163,FLOATING,,,BR024
DEP-CURRENT_RET-0136,DEPOSIT,GHS,6086368.8,CURRENT,SBL-CUST-013898,DEP.RET.CUR,2001,2020-07-30,,0.001789,FLOATING,,,BR010
DEP-CURRENT_RET-0137,DEPOSIT,GHS,6549224.06,CURRENT,SBL-CUST-005496,DEP.RET.CUR,2001,2022-12-19,,0.001796,FLOATING,,,BR020
DEP-CURRENT_RET-0138,DEPOSIT,GHS,8971895.69,CURRENT,SBL-CUST-007337,DEP.RET.CUR,2001,2023-09-08,,0.004653,FLOATING,,,BR013
DEP-CURRENT_RET-0139,DEPOSIT,GHS,8338310.23,CURRENT,SBL-CUST-001238,DEP.RET.CUR,2001,2025-12-17,,0.000548,FLOATING,,,BR020
DEP-CURRENT_RET-0140,DEPOSIT,GHS,8792142.12,CURRENT,SBL-CUST-000628,DEP.RET.CUR,2001,2019-12-07,,0.003391,FLOATING,,,BR024
DEP-CURRENT_RET-0141,DEPOSIT,GHS,13725691.15,CURRENT,SBL-CUST-013584,DEP.RET.CUR,2001,2023-09-26,,0.002482,FLOATING,,,BR011
DEP-CURRENT_RET-0142,DEPOSIT,GHS,5203517.63,CURRENT,SBL-CUST-005292,DEP.RET.CUR,2001,2024-12-03,,0.002192,FLOATING,,,BR016
DEP-CURRENT_RET-0143,DEPOSIT,GHS,18547770.9,CURRENT,SBL-CUST-014602,DEP.RET.CUR,2001,2019-07-07,,0.004354,FLOATING,,,BR004
DEP-CURRENT_RET-0144,DEPOSIT,GHS,8369827.53,CURRENT,SBL-CUST-006667,DEP.RET.CUR,2001,2019-03-13,,0.004965,FLOATING,,,BR027
DEP-CURRENT_RET-0145,DEPOSIT,GHS,5275522.37,CURRENT,SBL-CUST-008332,DEP.RET.CUR,2001,2024-03-15,,0.00231,FLOATING,,,BR011
DEP-CURRENT_RET-0146,DEPOSIT,GHS,8558490.73,CURRENT,SBL-CUST-000408,DEP.RET.CUR,2001,2025-03-09,,0.002969,FLOATING,,,BR014
DEP-CURRENT_RET-0147,DEPOSIT,GHS,35677543.84,CURRENT,SBL-CUST-004421,DEP.RET.CUR,2001,2023-12-20,,0.001813,FLOATING,,,BR001
DEP-CURRENT_RET-0148,DEPOSIT,GHS,43037885.71,CURRENT,SBL-CUST-007166,DEP.RET.CUR,2001,2018-11-18,,0.003892,FLOATING,,,BR005
DEP-CURRENT_RET-0149,DEPOSIT,GHS,8569867.48,CURRENT,SBL-CUST-006056,DEP.RET.CUR,2001,2025-12-12,,0.001885,FLOATING,,,BR001
DEP-CURRENT_RET-0150,DEPOSIT,GHS,12036998.54,CURRENT,SBL-CUST-011977,DEP.RET.CUR,2001,2019-10-31,,0.004781,FLOATING,,,BR009
DEP-CURRENT_CORP-0001,DEPOSIT,GHS,15341514.66,CURRENT,SBL-CUST-003202,DEP.CORP.CUR,2004,2019-11-28,,0.004661,FLOATING,,,BR001
DEP-CURRENT_CORP-0002,DEPOSIT,GHS,14434095.42,CURRENT,SBL-CUST-004754,DEP.CORP.CUR,2004,2023-12-17,,0.007265,FLOATING,,,BR026
DEP-CURRENT_CORP-0003,DEPOSIT,GHS,7275284.88,CURRENT,SBL-CUST-004305,DEP.CORP.CUR,2004,2025-06-24,,0.004684,FLOATING,,,BR003
DEP-CURRENT_CORP-0004,DEPOSIT,GHS,9991434.52,CURRENT,SBL-CUST-013176,DEP.CORP.CUR,2004,2023-12-25,,0.003617,FLOATING,,,BR023
DEP-CURRENT_CORP-0005,DEPOSIT,GHS,10914401.57,CURRENT,SBL-CUST-006491,DEP.CORP.CUR,2004,2019-02-26,,0.007366,FLOATING,,,BR009
DEP-CURRENT_CORP-0006,DEPOSIT,GHS,13749575.92,CURRENT,SBL-CUST-003518,DEP.CORP.CUR,2004,2023-09-23,,0.004585,FLOATING,,,BR009
DEP-CURRENT_CORP-0007,DEPOSIT,GHS,7261018.53,CURRENT,SBL-CUST-014069,DEP.CORP.CUR,2004,2022-05-13,,0.007502,FLOATING,,,BR028
DEP-CURRENT_CORP-0008,DEPOSIT,GHS,30406946.39,CURRENT,SBL-CUST-005294,DEP.CORP.CUR,2004,2021-03-27,,0.003914,FLOATING,,,BR010
DEP-CURRENT_CORP-0009,DEPOSIT,GHS,21989398.66,CURRENT,SBL-CUST-010899,DEP.CORP.CUR,2004,2023-02-09,,0.003075,FLOATING,,,BR015
DEP-CURRENT_CORP-0010,DEPOSIT,GHS,6726272.59,CURRENT,SBL-CUST-009535,DEP.CORP.CUR,2004,2018-10-06,,0.007283,FLOATING,,,BR026
DEP-CURRENT_CORP-0011,DEPOSIT,GHS,15324947.06,CURRENT,SBL-CUST-011168,DEP.CORP.CUR,2004,2025-11-21,,0.004782,FLOATING,,,BR025
DEP-CURRENT_CORP-0012,DEPOSIT,GHS,44358613.98,CURRENT,SBL-CUST-008628,DEP.CORP.CUR,2004,2021-10-11,,0.005703,FLOATING,,,BR006
DEP-CURRENT_CORP-0013,DEPOSIT,GHS,6841912.82,CURRENT,SBL-CUST-001075,DEP.CORP.CUR,2004,2021-02-21,,0.000842,FLOATING,,,BR025
DEP-CURRENT_CORP-0014,DEPOSIT,GHS,19945975.59,CURRENT,SBL-CUST-012917,DEP.CORP.CUR,2004,2022-09-24,,0.001829,FLOATING,,,BR003
DEP-CURRENT_CORP-0015,DEPOSIT,GHS,7497308.01,CURRENT,SBL-CUST-004440,DEP.CORP.CUR,2004,2023-01-11,,0.001333,FLOATING,,,BR010
DEP-CURRENT_CORP-0016,DEPOSIT,GHS,8050671.74,CURRENT,SBL-CUST-002484,DEP.CORP.CUR,2004,2024-11-28,,0.006657,FLOATING,,,BR013
DEP-CURRENT_CORP-0017,DEPOSIT,GHS,10129485.69,CURRENT,SBL-CUST-009748,DEP.CORP.CUR,2004,2025-06-22,,0.004892,FLOATING,,,BR017
DEP-CURRENT_CORP-0018,DEPOSIT,GHS,7774400.48,CURRENT,SBL-CUST-011520,DEP.CORP.CUR,2004,2021-03-05,,0.005927,FLOATING,,,BR017
DEP-CURRENT_CORP-0019,DEPOSIT,GHS,7199632.99,CURRENT,SBL-CUST-003834,DEP.CORP.CUR,2004,2024-07-06,,0.00412,FLOATING,,,BR006
DEP-CURRENT_CORP-0020,DEPOSIT,GHS,62194934.27,CURRENT,SBL-CUST-010564,DEP.CORP.CUR,2004,2025-06-24,,0.007244,FLOATING,,,BR002
DEP-CURRENT_CORP-0021,DEPOSIT,GHS,8113125.84,CURRENT,SBL-CUST-013365,DEP.CORP.CUR,2004,2024-10-18,,0.006266,FLOATING,,,BR018
DEP-CURRENT_CORP-0022,DEPOSIT,GHS,8892337.23,CURRENT,SBL-CUST-003830,DEP.CORP.CUR,2004,2020-05-25,,0.002963,FLOATING,,,BR024
DEP-CURRENT_CORP-0023,DEPOSIT,GHS,10472175.33,CURRENT,SBL-CUST-013193,DEP.CORP.CUR,2004,2024-08-17,,0.006773,FLOATING,,,BR022
DEP-CURRENT_CORP-0024,DEPOSIT,GHS,11047475.96,CURRENT,SBL-CUST-010162,DEP.CORP.CUR,2004,2019-06-18,,0.005963,FLOATING,,,BR024
DEP-CURRENT_CORP-0025,DEPOSIT,GHS,9995443.53,CURRENT,SBL-CUST-007906,DEP.CORP.CUR,2004,2025-03-06,,0.001867,FLOATING,,,BR009
DEP-CURRENT_CORP-0026,DEPOSIT,GHS,41054578.88,CURRENT,SBL-CUST-005811,DEP.CORP.CUR,2004,2019-02-14,,0.000931,FLOATING,,,BR021
DEP-CURRENT_CORP-0027,DEPOSIT,GHS,6673728.79,CURRENT,SBL-CUST-013827,DEP.CORP.CUR,2004,2024-11-01,,0.002543,FLOATING,,,BR024
DEP-CURRENT_CORP-0028,DEPOSIT,GHS,10398248.5,CURRENT,SBL-CUST-003929,DEP.CORP.CUR,2004,2025-06-06,,0.006004,FLOATING,,,BR027
DEP-CURRENT_CORP-0029,DEPOSIT,GHS,18179386.02,CURRENT,SBL-CUST-007306,DEP.CORP.CUR,2004,2025-11-15,,0.003407,FLOATING,,,BR018
DEP-CURRENT_CORP-0030,DEPOSIT,GHS,14008327.04,CURRENT,SBL-CUST-010261,DEP.CORP.CUR,2004,2019-09-15,,0.001113,FLOATING,,,BR010
DEP-CURRENT_CORP-0031,DEPOSIT,GHS,7147647.69,CURRENT,SBL-CUST-008025,DEP.CORP.CUR,2004,2020-07-10,,0.002157,FLOATING,,,BR023
DEP-CURRENT_CORP-0032,DEPOSIT,GHS,11338004.24,CURRENT,SBL-CUST-003278,DEP.CORP.CUR,2004,2021-08-05,,0.007705,FLOATING,,,BR024
DEP-CURRENT_CORP-0033,DEPOSIT,GHS,8136577.65,CURRENT,SBL-CUST-013557,DEP.CORP.CUR,2004,2018-10-31,,0.005628,FLOATING,,,BR006
DEP-CURRENT_CORP-0034,DEPOSIT,GHS,7786830.72,CURRENT,SBL-CUST-001852,DEP.CORP.CUR,2004,2018-09-19,,0.003751,FLOATING,,,BR015
DEP-CURRENT_CORP-0035,DEPOSIT,GHS,8931447.71,CURRENT,SBL-CUST-013336,DEP.CORP.CUR,2004,2024-10-22,,0.006637,FLOATING,,,BR011
DEP-CURRENT_CORP-0036,DEPOSIT,GHS,7802150.05,CURRENT,SBL-CUST-009074,DEP.CORP.CUR,2004,2025-01-10,,0.003739,FLOATING,,,BR003
DEP-CURRENT_CORP-0037,DEPOSIT,GHS,7071585.99,CURRENT,SBL-CUST-010108,DEP.CORP.CUR,2004,2024-12-31,,0.002783,FLOATING,,,BR026
DEP-CURRENT_CORP-0038,DEPOSIT,GHS,6587037.77,CURRENT,SBL-CUST-005380,DEP.CORP.CUR,2004,2020-02-28,,0.000725,FLOATING,,,BR015
DEP-CURRENT_CORP-0039,DEPOSIT,GHS,9454421.22,CURRENT,SBL-CUST-008597,DEP.CORP.CUR,2004,2021-12-24,,0.000703,FLOATING,,,BR006
DEP-CURRENT_CORP-0040,DEPOSIT,GHS,21702940.16,CURRENT,SBL-CUST-000010,DEP.CORP.CUR,2004,2022-02-17,,0.005513,FLOATING,,,BR009
DEP-CURRENT_CORP-0041,DEPOSIT,GHS,6707505.49,CURRENT,SBL-CUST-005567,DEP.CORP.CUR,2004,2021-03-10,,0.002849,FLOATING,,,BR026
DEP-CURRENT_CORP-0042,DEPOSIT,GHS,6692851.77,CURRENT,SBL-CUST-008163,DEP.CORP.CUR,2004,2025-07-21,,0.005731,FLOATING,,,BR020
DEP-CURRENT_CORP-0043,DEPOSIT,GHS,11051552.79,CURRENT,SBL-CUST-013046,DEP.CORP.CUR,2004,2023-05-18,,0.006158,FLOATING,,,BR021
DEP-CURRENT_CORP-0044,DEPOSIT,GHS,17671654.67,CURRENT,SBL-CUST-012283,DEP.CORP.CUR,2004,2024-02-02,,0.004432,FLOATING,,,BR015
DEP-CURRENT_CORP-0045,DEPOSIT,GHS,8887468.5,CURRENT,SBL-CUST-005262,DEP.CORP.CUR,2004,2021-12-26,,0.006794,FLOATING,,,BR018
DEP-CURRENT_CORP-0046,DEPOSIT,GHS,19726253.3,CURRENT,SBL-CUST-005977,DEP.CORP.CUR,2004,2022-05-03,,0.00504,FLOATING,,,BR016
DEP-CURRENT_CORP-0047,DEPOSIT,GHS,7771509.76,CURRENT,SBL-CUST-009532,DEP.CORP.CUR,2004,2020-10-11,,0.006982,FLOATING,,,BR017
DEP-CURRENT_CORP-0048,DEPOSIT,GHS,7398480.5,CURRENT,SBL-CUST-009904,DEP.CORP.CUR,2004,2019-08-10,,0.007661,FLOATING,,,BR007
DEP-CURRENT_CORP-0049,DEPOSIT,GHS,9230904.75,CURRENT,SBL-CUST-004885,DEP.CORP.CUR,2004,2020-01-30,,0.002125,FLOATING,,,BR003
DEP-CURRENT_CORP-0050,DEPOSIT,GHS,8323019.79,CURRENT,SBL-CUST-009562,DEP.CORP.CUR,2004,2020-11-17,,0.007253,FLOATING,,,BR009
DEP-CURRENT_CORP-0051,DEPOSIT,GHS,9237127.69,CURRENT,SBL-CUST-008533,DEP.CORP.CUR,2004,2023-01-07,,0.003983,FLOATING,,,BR006
DEP-CURRENT_CORP-0052,DEPOSIT,GHS,7027846.54,CURRENT,SBL-CUST-008351,DEP.CORP.CUR,2004,2024-03-11,,0.007029,FLOATING,,,BR011
DEP-CURRENT_CORP-0053,DEPOSIT,GHS,30385069.22,CURRENT,SBL-CUST-010115,DEP.CORP.CUR,2004,2023-12-16,,0.00626,FLOATING,,,BR004
DEP-CURRENT_CORP-0054,DEPOSIT,GHS,10834708.65,CURRENT,SBL-CUST-009368,DEP.CORP.CUR,2004,2019-08-02,,0.005138,FLOATING,,,BR017
DEP-CURRENT_CORP-0055,DEPOSIT,GHS,7950947.75,CURRENT,SBL-CUST-001863,DEP.CORP.CUR,2004,2024-04-26,,0.007181,FLOATING,,,BR022
DEP-CURRENT_CORP-0056,DEPOSIT,GHS,63040457.01,CURRENT,SBL-CUST-000507,DEP.CORP.CUR,2004,2026-03-02,,0.007669,FLOATING,,,BR028
DEP-CURRENT_CORP-0057,DEPOSIT,GHS,10399211.63,CURRENT,SBL-CUST-003608,DEP.CORP.CUR,2004,2021-06-09,,0.00659,FLOATING,,,BR024
DEP-CURRENT_CORP-0058,DEPOSIT,GHS,10189605.18,CURRENT,SBL-CUST-010184,DEP.CORP.CUR,2004,2020-10-02,,0.00312,FLOATING,,,BR019
DEP-CURRENT_CORP-0059,DEPOSIT,GHS,15281794.35,CURRENT,SBL-CUST-011525,DEP.CORP.CUR,2004,2020-09-06,,0.000153,FLOATING,,,BR005
DEP-CURRENT_CORP-0060,DEPOSIT,GHS,13308785.48,CURRENT,SBL-CUST-006679,DEP.CORP.CUR,2004,2021-03-14,,0.005821,FLOATING,,,BR016
DEP-CURRENT_CORP-0061,DEPOSIT,GHS,10774022.58,CURRENT,SBL-CUST-011352,DEP.CORP.CUR,2004,2026-05-13,,0.005426,FLOATING,,,BR019
DEP-CURRENT_CORP-0062,DEPOSIT,GHS,6951321.15,CURRENT,SBL-CUST-004238,DEP.CORP.CUR,2004,2023-12-27,,0.0038,FLOATING,,,BR020
DEP-CURRENT_CORP-0063,DEPOSIT,GHS,10587349.98,CURRENT,SBL-CUST-004139,DEP.CORP.CUR,2004,2022-03-31,,0.004489,FLOATING,,,BR011
DEP-CURRENT_CORP-0064,DEPOSIT,GHS,6648504.6,CURRENT,SBL-CUST-011285,DEP.CORP.CUR,2004,2022-06-22,,0.005989,FLOATING,,,BR008
DEP-CURRENT_CORP-0065,DEPOSIT,GHS,11314500.61,CURRENT,SBL-CUST-005528,DEP.CORP.CUR,2004,2022-04-17,,0.007978,FLOATING,,,BR002
DEP-CURRENT_CORP-0066,DEPOSIT,GHS,7127582.04,CURRENT,SBL-CUST-007674,DEP.CORP.CUR,2004,2021-10-26,,0.005385,FLOATING,,,BR009
DEP-CURRENT_CORP-0067,DEPOSIT,GHS,7649600.07,CURRENT,SBL-CUST-007820,DEP.CORP.CUR,2004,2021-08-23,,0.003881,FLOATING,,,BR016
DEP-CURRENT_CORP-0068,DEPOSIT,GHS,9040302.16,CURRENT,SBL-CUST-009751,DEP.CORP.CUR,2004,2020-03-25,,0.005287,FLOATING,,,BR001
DEP-CURRENT_CORP-0069,DEPOSIT,GHS,10312225.02,CURRENT,SBL-CUST-003987,DEP.CORP.CUR,2004,2022-09-18,,0.00619,FLOATING,,,BR011
DEP-CURRENT_CORP-0070,DEPOSIT,GHS,63993581.58,CURRENT,SBL-CUST-009097,DEP.CORP.CUR,2004,2020-03-07,,0.003068,FLOATING,,,BR008
DEP-CURRENT_CORP-0071,DEPOSIT,GHS,8682240.04,CURRENT,SBL-CUST-008979,DEP.CORP.CUR,2004,2023-01-19,,0.005787,FLOATING,,,BR024
DEP-CURRENT_CORP-0072,DEPOSIT,GHS,7808884.81,CURRENT,SBL-CUST-006976,DEP.CORP.CUR,2004,2024-02-17,,0.001356,FLOATING,,,BR011
DEP-CURRENT_CORP-0073,DEPOSIT,GHS,53987688.8,CURRENT,SBL-CUST-009676,DEP.CORP.CUR,2004,2021-10-12,,0.004537,FLOATING,,,BR015
DEP-CURRENT_CORP-0074,DEPOSIT,GHS,17014874.88,CURRENT,SBL-CUST-008654,DEP.CORP.CUR,2004,2021-03-08,,0.00053,FLOATING,,,BR001
DEP-CURRENT_CORP-0075,DEPOSIT,GHS,22942948.9,CURRENT,SBL-CUST-007227,DEP.CORP.CUR,2004,2024-12-07,,0.003316,FLOATING,,,BR010
DEP-CURRENT_CORP-0076,DEPOSIT,GHS,7275942.29,CURRENT,SBL-CUST-009847,DEP.CORP.CUR,2004,2020-11-22,,0.004747,FLOATING,,,BR025
DEP-CURRENT_CORP-0077,DEPOSIT,GHS,71811429.64,CURRENT,SBL-CUST-002564,DEP.CORP.CUR,2004,2026-01-23,,0.005415,FLOATING,,,BR005
DEP-CURRENT_CORP-0078,DEPOSIT,GHS,15313300.02,CURRENT,SBL-CUST-013851,DEP.CORP.CUR,2004,2019-09-12,,0.006216,FLOATING,,,BR004
DEP-CURRENT_CORP-0079,DEPOSIT,GHS,14516939.37,CURRENT,SBL-CUST-006892,DEP.CORP.CUR,2004,2025-08-06,,0.001874,FLOATING,,,BR025
DEP-CURRENT_CORP-0080,DEPOSIT,GHS,10705255.82,CURRENT,SBL-CUST-002712,DEP.CORP.CUR,2004,2018-09-20,,0.00092,FLOATING,,,BR026
DEP-CURRENT_CORP-0081,DEPOSIT,GHS,16109603.47,CURRENT,SBL-CUST-013455,DEP.CORP.CUR,2004,2024-01-29,,0.000814,FLOATING,,,BR009
DEP-CURRENT_CORP-0082,DEPOSIT,GHS,12478532.61,CURRENT,SBL-CUST-007828,DEP.CORP.CUR,2004,2019-10-04,,0.005447,FLOATING,,,BR013
DEP-CURRENT_CORP-0083,DEPOSIT,GHS,8369878.12,CURRENT,SBL-CUST-011419,DEP.CORP.CUR,2004,2021-11-15,,0.001457,FLOATING,,,BR009
DEP-CURRENT_CORP-0084,DEPOSIT,GHS,12260428.05,CURRENT,SBL-CUST-007983,DEP.CORP.CUR,2004,2023-03-18,,8e-06,FLOATING,,,BR019
DEP-CURRENT_CORP-0085,DEPOSIT,GHS,7049062.13,CURRENT,SBL-CUST-011849,DEP.CORP.CUR,2004,2019-07-18,,0.005287,FLOATING,,,BR023
DEP-CURRENT_CORP-0086,DEPOSIT,GHS,6684636.83,CURRENT,SBL-CUST-007270,DEP.CORP.CUR,2004,2020-10-29,,0.000946,FLOATING,,,BR026
DEP-CURRENT_CORP-0087,DEPOSIT,GHS,12951750.43,CURRENT,SBL-CUST-001107,DEP.CORP.CUR,2004,2024-06-07,,0.001928,FLOATING,,,BR008
DEP-CURRENT_CORP-0088,DEPOSIT,GHS,6644621.95,CURRENT,SBL-CUST-013571,DEP.CORP.CUR,2004,2020-01-22,,0.006349,FLOATING,,,BR023
DEP-CURRENT_CORP-0089,DEPOSIT,GHS,22191281.44,CURRENT,SBL-CUST-001114,DEP.CORP.CUR,2004,2022-07-28,,0.001678,FLOATING,,,BR018
DEP-CURRENT_CORP-0090,DEPOSIT,GHS,7344159.13,CURRENT,SBL-CUST-009782,DEP.CORP.CUR,2004,2022-01-30,,0.003005,FLOATING,,,BR028
DEP-CALL-0001,DEPOSIT,GHS,7697422.83,CALL,SBL-CUST-002109,DEP.CORP.CALL,2004,2018-09-28,,0.031651,FLOATING,,,BR021
DEP-CALL-0002,DEPOSIT,GHS,25313648.9,CALL,SBL-CUST-008150,DEP.CORP.CALL,2004,2024-07-24,,0.045268,FLOATING,,,BR023
DEP-CALL-0003,DEPOSIT,GHS,18997045.45,CALL,SBL-CUST-003247,DEP.CORP.CALL,2004,2019-02-04,,0.051581,FLOATING,,,BR004
DEP-CALL-0004,DEPOSIT,GHS,6271880.8,CALL,SBL-CUST-006382,DEP.CORP.CALL,2004,2022-11-18,,0.059114,FLOATING,,,BR017
DEP-CALL-0005,DEPOSIT,GHS,25916006.13,CALL,SBL-CUST-004250,DEP.CORP.CALL,2004,2021-11-08,,0.035878,FLOATING,,,BR018
DEP-CALL-0006,DEPOSIT,GHS,4890336.04,CALL,SBL-CUST-011428,DEP.CORP.CALL,2004,2021-10-01,,0.034082,FLOATING,,,BR021
DEP-CALL-0007,DEPOSIT,GHS,15250725.69,CALL,SBL-CUST-004908,DEP.CORP.CALL,2004,2025-12-25,,0.05373,FLOATING,,,BR021
DEP-CALL-0008,DEPOSIT,GHS,5513303.71,CALL,SBL-CUST-001909,DEP.CORP.CALL,2004,2026-04-29,,0.049393,FLOATING,,,BR020
DEP-CALL-0009,DEPOSIT,GHS,5516231.6,CALL,SBL-CUST-000949,DEP.CORP.CALL,2004,2022-09-13,,0.059367,FLOATING,,,BR017
DEP-CALL-0010,DEPOSIT,GHS,6827666.23,CALL,SBL-CUST-010181,DEP.CORP.CALL,2004,2026-01-28,,0.032531,FLOATING,,,BR001
DEP-CALL-0011,DEPOSIT,GHS,5735160.84,CALL,SBL-CUST-007803,DEP.CORP.CALL,2004,2025-09-19,,0.030126,FLOATING,,,BR025
DEP-CALL-0012,DEPOSIT,GHS,5713894.08,CALL,SBL-CUST-001537,DEP.CORP.CALL,2004,2019-04-26,,0.056955,FLOATING,,,BR018
DEP-CALL-0013,DEPOSIT,GHS,12430072.31,CALL,SBL-CUST-004427,DEP.CORP.CALL,2004,2019-11-02,,0.025942,FLOATING,,,BR005
DEP-CALL-0014,DEPOSIT,GHS,7073598.5,CALL,SBL-CUST-013045,DEP.CORP.CALL,2004,2022-10-08,,0.027017,FLOATING,,,BR023
DEP-CALL-0015,DEPOSIT,GHS,7011776.52,CALL,SBL-CUST-000315,DEP.CORP.CALL,2004,2021-02-06,,0.031929,FLOATING,,,BR005
DEP-CALL-0016,DEPOSIT,GHS,13344431.31,CALL,SBL-CUST-007992,DEP.CORP.CALL,2004,2024-02-01,,0.029558,FLOATING,,,BR020
DEP-CALL-0017,DEPOSIT,GHS,14589633.66,CALL,SBL-CUST-010427,DEP.CORP.CALL,2004,2023-12-20,,0.042945,FLOATING,,,BR011
DEP-CALL-0018,DEPOSIT,GHS,56946291.94,CALL,SBL-CUST-013633,DEP.CORP.CALL,2004,2025-10-26,,0.034229,FLOATING,,,BR011
DEP-CALL-0019,DEPOSIT,GHS,5786381.24,CALL,SBL-CUST-001810,DEP.CORP.CALL,2004,2019-09-01,,0.029557,FLOATING,,,BR008
DEP-CALL-0020,DEPOSIT,GHS,5071131.78,CALL,SBL-CUST-014462,DEP.CORP.CALL,2004,2025-10-18,,0.053979,FLOATING,,,BR010
DEP-CALL-0021,DEPOSIT,GHS,34340175.25,CALL,SBL-CUST-001709,DEP.CORP.CALL,2004,2023-02-21,,0.044692,FLOATING,,,BR024
DEP-CALL-0022,DEPOSIT,GHS,6470249.45,CALL,SBL-CUST-001932,DEP.CORP.CALL,2004,2024-06-18,,0.032843,FLOATING,,,BR005
DEP-CALL-0023,DEPOSIT,GHS,6828775.28,CALL,SBL-CUST-014563,DEP.CORP.CALL,2004,2024-03-27,,0.057803,FLOATING,,,BR019
DEP-CALL-0024,DEPOSIT,GHS,10834637.06,CALL,SBL-CUST-012598,DEP.CORP.CALL,2004,2021-10-18,,0.038191,FLOATING,,,BR016
DEP-CALL-0025,DEPOSIT,GHS,8701142.51,CALL,SBL-CUST-011400,DEP.CORP.CALL,2004,2019-04-28,,0.05403,FLOATING,,,BR016
DEP-CALL-0026,DEPOSIT,GHS,11389093.95,CALL,SBL-CUST-011736,DEP.CORP.CALL,2004,2024-09-15,,0.034695,FLOATING,,,BR027
DEP-CALL-0027,DEPOSIT,GHS,5217171.18,CALL,SBL-CUST-004875,DEP.CORP.CALL,2004,2019-02-27,,0.038794,FLOATING,,,BR005
DEP-CALL-0028,DEPOSIT,GHS,5395159.53,CALL,SBL-CUST-007808,DEP.CORP.CALL,2004,2022-05-06,,0.027814,FLOATING,,,BR022
DEP-CALL-0029,DEPOSIT,GHS,7470057.11,CALL,SBL-CUST-014389,DEP.CORP.CALL,2004,2018-09-25,,0.048767,FLOATING,,,BR018
DEP-CALL-0030,DEPOSIT,GHS,4596045.66,CALL,SBL-CUST-012833,DEP.CORP.CALL,2004,2022-06-06,,0.051957,FLOATING,,,BR005
DEP-CALL-0031,DEPOSIT,GHS,6948618.81,CALL,SBL-CUST-005036,DEP.CORP.CALL,2004,2025-03-05,,0.04541,FLOATING,,,BR011
DEP-CALL-0032,DEPOSIT,GHS,16352980.39,CALL,SBL-CUST-012101,DEP.CORP.CALL,2004,2021-06-12,,0.032969,FLOATING,,,BR002
DEP-CALL-0033,DEPOSIT,GHS,6223737.96,CALL,SBL-CUST-003740,DEP.CORP.CALL,2004,2023-01-25,,0.032667,FLOATING,,,BR013
DEP-CALL-0034,DEPOSIT,GHS,7886590.09,CALL,SBL-CUST-006442,DEP.CORP.CALL,2004,2019-05-08,,0.056284,FLOATING,,,BR009
DEP-CALL-0035,DEPOSIT,GHS,27200468.4,CALL,SBL-CUST-001841,DEP.CORP.CALL,2004,2020-01-24,,0.05701,FLOATING,,,BR022
DEP-CALL-0036,DEPOSIT,GHS,6980602.52,CALL,SBL-CUST-006469,DEP.CORP.CALL,2004,2022-11-14,,0.033442,FLOATING,,,BR006
DEP-CALL-0037,DEPOSIT,GHS,4516057.21,CALL,SBL-CUST-008911,DEP.CORP.CALL,2004,2020-02-29,,0.055367,FLOATING,,,BR003
DEP-CALL-0038,DEPOSIT,GHS,11412638.81,CALL,SBL-CUST-014689,DEP.CORP.CALL,2004,2024-12-18,,0.05431,FLOATING,,,BR014
DEP-CALL-0039,DEPOSIT,GHS,6359715.72,CALL,SBL-CUST-001946,DEP.CORP.CALL,2004,2020-06-20,,0.030572,FLOATING,,,BR014
DEP-CALL-0040,DEPOSIT,GHS,47275946.5,CALL,SBL-CUST-003242,DEP.CORP.CALL,2004,2025-12-23,,0.057133,FLOATING,,,BR009
DEP-CALL-0041,DEPOSIT,GHS,4421377.36,CALL,SBL-CUST-002973,DEP.CORP.CALL,2004,2022-09-11,,0.026461,FLOATING,,,BR025
DEP-CALL-0042,DEPOSIT,GHS,4932057.48,CALL,SBL-CUST-006284,DEP.CORP.CALL,2004,2021-08-08,,0.032347,FLOATING,,,BR010
DEP-CALL-0043,DEPOSIT,GHS,4495973.84,CALL,SBL-CUST-011356,DEP.CORP.CALL,2004,2022-02-19,,0.031855,FLOATING,,,BR021
DEP-CALL-0044,DEPOSIT,GHS,11824103.45,CALL,SBL-CUST-003454,DEP.CORP.CALL,2004,2025-09-10,,0.034149,FLOATING,,,BR006
DEP-CALL-0045,DEPOSIT,GHS,6347652.44,CALL,SBL-CUST-005872,DEP.CORP.CALL,2004,2024-02-11,,0.030613,FLOATING,,,BR017
DEP-CALL-0046,DEPOSIT,GHS,4997356.63,CALL,SBL-CUST-001707,DEP.CORP.CALL,2004,2020-03-25,,0.028377,FLOATING,,,BR011
DEP-CALL-0047,DEPOSIT,GHS,22211031.2,CALL,SBL-CUST-004342,DEP.CORP.CALL,2004,2024-06-04,,0.043347,FLOATING,,,BR019
DEP-CALL-0048,DEPOSIT,GHS,64756642.45,CALL,SBL-CUST-013036,DEP.CORP.CALL,2004,2024-01-05,,0.04542,FLOATING,,,BR005
DEP-CALL-0049,DEPOSIT,GHS,5010821.93,CALL,SBL-CUST-010405,DEP.CORP.CALL,2004,2021-04-01,,0.053545,FLOATING,,,BR006
DEP-CALL-0050,DEPOSIT,GHS,6639660.08,CALL,SBL-CUST-001637,DEP.CORP.CALL,2004,2024-03-09,,0.054284,FLOATING,,,BR017
DEP-CALL-0051,DEPOSIT,GHS,10049071.07,CALL,SBL-CUST-012928,DEP.CORP.CALL,2004,2021-06-16,,0.033911,FLOATING,,,BR011
DEP-CALL-0052,DEPOSIT,GHS,24247494.73,CALL,SBL-CUST-000179,DEP.CORP.CALL,2004,2024-08-17,,0.040483,FLOATING,,,BR008
DEP-CALL-0053,DEPOSIT,GHS,4857805.29,CALL,SBL-CUST-008652,DEP.CORP.CALL,2004,2026-04-29,,0.059589,FLOATING,,,BR022
DEP-CALL-0054,DEPOSIT,GHS,7810625.47,CALL,SBL-CUST-002839,DEP.CORP.CALL,2004,2025-08-11,,0.057785,FLOATING,,,BR008
DEP-CALL-0055,DEPOSIT,GHS,4765857.02,CALL,SBL-CUST-011633,DEP.CORP.CALL,2004,2024-02-02,,0.042949,FLOATING,,,BR028
DEP-CALL-0056,DEPOSIT,GHS,7522344.96,CALL,SBL-CUST-002798,DEP.CORP.CALL,2004,2023-03-22,,0.046847,FLOATING,,,BR001
DEP-CALL-0057,DEPOSIT,GHS,4779299.42,CALL,SBL-CUST-005026,DEP.CORP.CALL,2004,2024-11-12,,0.032021,FLOATING,,,BR006
DEP-CALL-0058,DEPOSIT,GHS,7526561.48,CALL,SBL-CUST-000469,DEP.CORP.CALL,2004,2019-08-25,,0.041421,FLOATING,,,BR010
DEP-CALL-0059,DEPOSIT,GHS,4767211.44,CALL,SBL-CUST-008402,DEP.CORP.CALL,2004,2022-03-06,,0.043404,FLOATING,,,BR014
DEP-CALL-0060,DEPOSIT,GHS,8301957.08,CALL,SBL-CUST-009278,DEP.CORP.CALL,2004,2019-01-23,,0.051711,FLOATING,,,BR005
DEP-CALL-0061,DEPOSIT,GHS,12077605.98,CALL,SBL-CUST-002555,DEP.CORP.CALL,2004,2021-09-24,,0.029599,FLOATING,,,BR012
DEP-CALL-0062,DEPOSIT,GHS,5443981.28,CALL,SBL-CUST-012382,DEP.CORP.CALL,2004,2025-09-14,,0.053657,FLOATING,,,BR023
DEP-CALL-0063,DEPOSIT,GHS,7298618.62,CALL,SBL-CUST-000940,DEP.CORP.CALL,2004,2024-03-07,,0.038713,FLOATING,,,BR010
DEP-CALL-0064,DEPOSIT,GHS,44352953.26,CALL,SBL-CUST-008607,DEP.CORP.CALL,2004,2026-01-02,,0.037182,FLOATING,,,BR006
DEP-CALL-0065,DEPOSIT,GHS,13638862.85,CALL,SBL-CUST-011964,DEP.CORP.CALL,2004,2018-12-13,,0.025762,FLOATING,,,BR003
DEP-CALL-0066,DEPOSIT,GHS,5322254.38,CALL,SBL-CUST-012241,DEP.CORP.CALL,2004,2024-06-11,,0.028866,FLOATING,,,BR024
DEP-CALL-0067,DEPOSIT,GHS,4764210.67,CALL,SBL-CUST-014344,DEP.CORP.CALL,2004,2019-08-12,,0.055214,FLOATING,,,BR027
DEP-CALL-0068,DEPOSIT,GHS,7906454.43,CALL,SBL-CUST-011146,DEP.CORP.CALL,2004,2020-05-06,,0.041601,FLOATING,,,BR011
DEP-CALL-0069,DEPOSIT,GHS,4687705.26,CALL,SBL-CUST-002762,DEP.CORP.CALL,2004,2020-03-29,,0.029758,FLOATING,,,BR002
DEP-CALL-0070,DEPOSIT,GHS,7960587.79,CALL,SBL-CUST-006186,DEP.CORP.CALL,2004,2025-09-01,,0.03224,FLOATING,,,BR024
DEP-CALL-0071,DEPOSIT,GHS,20943752.68,CALL,SBL-CUST-004534,DEP.CORP.CALL,2004,2025-03-17,,0.0358,FLOATING,,,BR006
DEP-CALL-0072,DEPOSIT,GHS,6294157.89,CALL,SBL-CUST-003254,DEP.CORP.CALL,2004,2024-05-05,,0.05039,FLOATING,,,BR021
DEP-CALL-0073,DEPOSIT,GHS,5207594.39,CALL,SBL-CUST-011632,DEP.CORP.CALL,2004,2024-09-28,,0.038675,FLOATING,,,BR027
DEP-CALL-0074,DEPOSIT,GHS,13294801.78,CALL,SBL-CUST-011694,DEP.CORP.CALL,2004,2023-07-16,,0.035325,FLOATING,,,BR020
DEP-CALL-0075,DEPOSIT,GHS,8979739.7,CALL,SBL-CUST-014818,DEP.CORP.CALL,2004,2024-06-09,,0.038695,FLOATING,,,BR001
DEP-CALL-0076,DEPOSIT,GHS,6037105.45,CALL,SBL-CUST-003221,DEP.CORP.CALL,2004,2021-01-14,,0.049438,FLOATING,,,BR008
DEP-CALL-0077,DEPOSIT,GHS,8823146.04,CALL,SBL-CUST-014083,DEP.CORP.CALL,2004,2020-09-19,,0.043646,FLOATING,,,BR009
DEP-CALL-0078,DEPOSIT,GHS,7417369.89,CALL,SBL-CUST-007646,DEP.CORP.CALL,2004,2024-08-04,,0.049753,FLOATING,,,BR027
DEP-CALL-0079,DEPOSIT,GHS,4453353.18,CALL,SBL-CUST-012596,DEP.CORP.CALL,2004,2023-09-26,,0.036918,FLOATING,,,BR017
DEP-CALL-0080,DEPOSIT,GHS,6497610.64,CALL,SBL-CUST-000021,DEP.CORP.CALL,2004,2024-11-24,,0.050219,FLOATING,,,BR005
DEP-CALL-0081,DEPOSIT,GHS,5425397.21,CALL,SBL-CUST-010328,DEP.CORP.CALL,2004,2020-11-02,,0.032409,FLOATING,,,BR023
DEP-CALL-0082,DEPOSIT,GHS,7620542.52,CALL,SBL-CUST-010797,DEP.CORP.CALL,2004,2024-07-04,,0.042775,FLOATING,,,BR026
DEP-CALL-0083,DEPOSIT,GHS,5507671.4,CALL,SBL-CUST-009248,DEP.CORP.CALL,2004,2023-01-16,,0.043803,FLOATING,,,BR006
DEP-CALL-0084,DEPOSIT,GHS,5253580.28,CALL,SBL-CUST-007746,DEP.CORP.CALL,2004,2022-02-19,,0.054893,FLOATING,,,BR007
DEP-CALL-0085,DEPOSIT,GHS,7751381.58,CALL,SBL-CUST-000531,DEP.CORP.CALL,2004,2022-01-28,,0.057891,FLOATING,,,BR004
DEP-CALL-0086,DEPOSIT,GHS,5100095.35,CALL,SBL-CUST-004695,DEP.CORP.CALL,2004,2024-02-07,,0.056137,FLOATING,,,BR002
DEP-CALL-0087,DEPOSIT,GHS,6058070.1,CALL,SBL-CUST-013167,DEP.CORP.CALL,2004,2021-11-26,,0.05937,FLOATING,,,BR018
DEP-CALL-0088,DEPOSIT,GHS,4887339.06,CALL,SBL-CUST-007103,DEP.CORP.CALL,2004,2022-07-27,,0.025103,FLOATING,,,BR006
DEP-CALL-0089,DEPOSIT,GHS,6343228.44,CALL,SBL-CUST-007471,DEP.CORP.CALL,2004,2024-11-05,,0.037679,FLOATING,,,BR027
DEP-CALL-0090,DEPOSIT,GHS,5679330.37,CALL,SBL-CUST-000676,DEP.CORP.CALL,2004,2023-02-28,,0.04964,FLOATING,,,BR021
DEP-SAVINGS-0001,DEPOSIT,GHS,14887599.97,SAVINGS,SBL-CUST-008309,DEP.RET.SAV,2002,2026-01-28,,0.040483,FLOATING,,,BR020
DEP-SAVINGS-0002,DEPOSIT,GHS,5472031.17,SAVINGS,SBL-CUST-006523,DEP.RET.SAV,2002,2019-12-06,,0.047574,FLOATING,,,BR028
DEP-SAVINGS-0003,DEPOSIT,GHS,6423715.6,SAVINGS,SBL-CUST-000944,DEP.RET.SAV,2002,2022-08-18,,0.055347,FLOATING,,,BR001
DEP-SAVINGS-0004,DEPOSIT,GHS,6583903.16,SAVINGS,SBL-CUST-014839,DEP.RET.SAV,2002,2022-04-05,,0.068423,FLOATING,,,BR027
DEP-SAVINGS-0005,DEPOSIT,GHS,8763693.33,SAVINGS,SBL-CUST-004378,DEP.RET.SAV,2002,2023-03-29,,0.050098,FLOATING,,,BR014
DEP-SAVINGS-0006,DEPOSIT,GHS,6485765.73,SAVINGS,SBL-CUST-004315,DEP.RET.SAV,2002,2020-01-02,,0.040736,FLOATING,,,BR005
DEP-SAVINGS-0007,DEPOSIT,GHS,5136308.55,SAVINGS,SBL-CUST-004266,DEP.RET.SAV,2002,2020-07-30,,0.055934,FLOATING,,,BR014
DEP-SAVINGS-0008,DEPOSIT,GHS,14795976.95,SAVINGS,SBL-CUST-010753,DEP.RET.SAV,2002,2024-04-03,,0.060769,FLOATING,,,BR012
DEP-SAVINGS-0009,DEPOSIT,GHS,5713527.65,SAVINGS,SBL-CUST-003984,DEP.RET.SAV,2002,2024-02-26,,0.04187,FLOATING,,,BR025
DEP-SAVINGS-0010,DEPOSIT,GHS,11821777.28,SAVINGS,SBL-CUST-003062,DEP.RET.SAV,2002,2025-11-13,,0.045204,FLOATING,,,BR025
DEP-SAVINGS-0011,DEPOSIT,GHS,5597802.04,SAVINGS,SBL-CUST-009530,DEP.RET.SAV,2002,2023-09-20,,0.052414,FLOATING,,,BR019
DEP-SAVINGS-0012,DEPOSIT,GHS,6311833.87,SAVINGS,SBL-CUST-003764,DEP.RET.SAV,2002,2023-10-25,,0.072292,FLOATING,,,BR011
DEP-SAVINGS-0013,DEPOSIT,GHS,6210027.3,SAVINGS,SBL-CUST-001226,DEP.RET.SAV,2002,2020-01-29,,0.051709,FLOATING,,,BR019
DEP-SAVINGS-0014,DEPOSIT,GHS,14381904.13,SAVINGS,SBL-CUST-006080,DEP.RET.SAV,2002,2026-02-25,,0.060714,FLOATING,,,BR012
DEP-SAVINGS-0015,DEPOSIT,GHS,9196107.19,SAVINGS,SBL-CUST-002456,DEP.RET.SAV,2002,2023-03-24,,0.053315,FLOATING,,,BR002
DEP-SAVINGS-0016,DEPOSIT,GHS,6932908.17,SAVINGS,SBL-CUST-001540,DEP.RET.SAV,2002,2026-04-02,,0.056164,FLOATING,,,BR003
DEP-SAVINGS-0017,DEPOSIT,GHS,9056031.47,SAVINGS,SBL-CUST-000988,DEP.RET.SAV,2002,2024-05-14,,0.062645,FLOATING,,,BR015
DEP-SAVINGS-0018,DEPOSIT,GHS,5051560.62,SAVINGS,SBL-CUST-013060,DEP.RET.SAV,2002,2021-04-18,,0.069946,FLOATING,,,BR027
DEP-SAVINGS-0019,DEPOSIT,GHS,6928691.55,SAVINGS,SBL-CUST-006696,DEP.RET.SAV,2002,2025-03-07,,0.074352,FLOATING,,,BR027
DEP-SAVINGS-0020,DEPOSIT,GHS,11893236.29,SAVINGS,SBL-CUST-011113,DEP.RET.SAV,2002,2022-03-11,,0.053849,FLOATING,,,BR010
DEP-SAVINGS-0021,DEPOSIT,GHS,25894058.43,SAVINGS,SBL-CUST-010733,DEP.RET.SAV,2002,2024-06-23,,0.066641,FLOATING,,,BR026
DEP-SAVINGS-0022,DEPOSIT,GHS,5670858.95,SAVINGS,SBL-CUST-010261,DEP.RET.SAV,2002,2021-10-06,,0.049659,FLOATING,,,BR016
DEP-SAVINGS-0023,DEPOSIT,GHS,8529467.0,SAVINGS,SBL-CUST-004130,DEP.RET.SAV,2002,2020-03-16,,0.060411,FLOATING,,,BR004
DEP-SAVINGS-0024,DEPOSIT,GHS,7190952.46,SAVINGS,SBL-CUST-014244,DEP.RET.SAV,2002,2024-11-12,,0.066408,FLOATING,,,BR028
DEP-SAVINGS-0025,DEPOSIT,GHS,7720634.34,SAVINGS,SBL-CUST-014115,DEP.RET.SAV,2002,2025-02-11,,0.05209,FLOATING,,,BR003
DEP-SAVINGS-0026,DEPOSIT,GHS,8864541.56,SAVINGS,SBL-CUST-001604,DEP.RET.SAV,2002,2021-12-17,,0.043811,FLOATING,,,BR010
DEP-SAVINGS-0027,DEPOSIT,GHS,5208141.02,SAVINGS,SBL-CUST-000884,DEP.RET.SAV,2002,2019-07-27,,0.062313,FLOATING,,,BR026
DEP-SAVINGS-0028,DEPOSIT,GHS,5499224.46,SAVINGS,SBL-CUST-002409,DEP.RET.SAV,2002,2025-02-23,,0.050724,FLOATING,,,BR026
DEP-SAVINGS-0029,DEPOSIT,GHS,9029775.32,SAVINGS,SBL-CUST-014134,DEP.RET.SAV,2002,2019-12-05,,0.041264,FLOATING,,,BR018
DEP-SAVINGS-0030,DEPOSIT,GHS,12170732.78,SAVINGS,SBL-CUST-013495,DEP.RET.SAV,2002,2020-01-03,,0.052314,FLOATING,,,BR006
DEP-SAVINGS-0031,DEPOSIT,GHS,11769581.07,SAVINGS,SBL-CUST-004580,DEP.RET.SAV,2002,2025-03-10,,0.055457,FLOATING,,,BR024
DEP-SAVINGS-0032,DEPOSIT,GHS,9805186.48,SAVINGS,SBL-CUST-007653,DEP.RET.SAV,2002,2023-06-10,,0.059964,FLOATING,,,BR010
DEP-SAVINGS-0033,DEPOSIT,GHS,17870599.73,SAVINGS,SBL-CUST-007741,DEP.RET.SAV,2002,2024-05-20,,0.067291,FLOATING,,,BR003
DEP-SAVINGS-0034,DEPOSIT,GHS,5114933.4,SAVINGS,SBL-CUST-004060,DEP.RET.SAV,2002,2024-09-28,,0.04753,FLOATING,,,BR027
DEP-SAVINGS-0035,DEPOSIT,GHS,7408449.18,SAVINGS,SBL-CUST-007732,DEP.RET.SAV,2002,2024-11-03,,0.064826,FLOATING,,,BR004
DEP-SAVINGS-0036,DEPOSIT,GHS,58069932.43,SAVINGS,SBL-CUST-014410,DEP.RET.SAV,2002,2019-03-19,,0.070196,FLOATING,,,BR002
DEP-SAVINGS-0037,DEPOSIT,GHS,5719299.68,SAVINGS,SBL-CUST-014134,DEP.RET.SAV,2002,2019-12-20,,0.065002,FLOATING,,,BR004
DEP-SAVINGS-0038,DEPOSIT,GHS,5958084.52,SAVINGS,SBL-CUST-011426,DEP.RET.SAV,2002,2023-02-23,,0.043772,FLOATING,,,BR009
DEP-SAVINGS-0039,DEPOSIT,GHS,34621790.69,SAVINGS,SBL-CUST-014196,DEP.RET.SAV,2002,2021-11-20,,0.074886,FLOATING,,,BR001
DEP-SAVINGS-0040,DEPOSIT,GHS,8576141.98,SAVINGS,SBL-CUST-001253,DEP.RET.SAV,2002,2025-02-09,,0.051467,FLOATING,,,BR001
DEP-SAVINGS-0041,DEPOSIT,GHS,23648184.78,SAVINGS,SBL-CUST-009211,DEP.RET.SAV,2002,2021-03-27,,0.062494,FLOATING,,,BR010
DEP-SAVINGS-0042,DEPOSIT,GHS,7324211.08,SAVINGS,SBL-CUST-005239,DEP.RET.SAV,2002,2022-08-14,,0.054976,FLOATING,,,BR006
DEP-SAVINGS-0043,DEPOSIT,GHS,9139616.16,SAVINGS,SBL-CUST-008892,DEP.RET.SAV,2002,2019-12-22,,0.057333,FLOATING,,,BR018
DEP-SAVINGS-0044,DEPOSIT,GHS,17219642.63,SAVINGS,SBL-CUST-010645,DEP.RET.SAV,2002,2025-01-26,,0.052902,FLOATING,,,BR012
DEP-SAVINGS-0045,DEPOSIT,GHS,10040199.43,SAVINGS,SBL-CUST-014441,DEP.RET.SAV,2002,2023-08-01,,0.043362,FLOATING,,,BR015
DEP-SAVINGS-0046,DEPOSIT,GHS,13536328.08,SAVINGS,SBL-CUST-003437,DEP.RET.SAV,2002,2023-07-01,,0.052254,FLOATING,,,BR013
DEP-SAVINGS-0047,DEPOSIT,GHS,6908157.56,SAVINGS,SBL-CUST-003875,DEP.RET.SAV,2002,2019-03-10,,0.058722,FLOATING,,,BR019
DEP-SAVINGS-0048,DEPOSIT,GHS,21624353.6,SAVINGS,SBL-CUST-004106,DEP.RET.SAV,2002,2023-10-28,,0.059612,FLOATING,,,BR022
DEP-SAVINGS-0049,DEPOSIT,GHS,17233540.26,SAVINGS,SBL-CUST-001427,DEP.RET.SAV,2002,2025-04-22,,0.042988,FLOATING,,,BR027
DEP-SAVINGS-0050,DEPOSIT,GHS,5206423.7,SAVINGS,SBL-CUST-003962,DEP.RET.SAV,2002,2022-08-14,,0.064587,FLOATING,,,BR009
DEP-SAVINGS-0051,DEPOSIT,GHS,5094003.95,SAVINGS,SBL-CUST-009703,DEP.RET.SAV,2002,2018-08-07,,0.051309,FLOATING,,,BR015
DEP-SAVINGS-0052,DEPOSIT,GHS,6609296.58,SAVINGS,SBL-CUST-010629,DEP.RET.SAV,2002,2019-06-13,,0.058663,FLOATING,,,BR026
DEP-SAVINGS-0053,DEPOSIT,GHS,28038948.74,SAVINGS,SBL-CUST-007175,DEP.RET.SAV,2002,2021-06-06,,0.053169,FLOATING,,,BR019
DEP-SAVINGS-0054,DEPOSIT,GHS,7828045.2,SAVINGS,SBL-CUST-010872,DEP.RET.SAV,2002,2023-07-13,,0.059328,FLOATING,,,BR011
DEP-SAVINGS-0055,DEPOSIT,GHS,10616633.64,SAVINGS,SBL-CUST-003093,DEP.RET.SAV,2002,2022-12-22,,0.058761,FLOATING,,,BR022
DEP-SAVINGS-0056,DEPOSIT,GHS,5012413.68,SAVINGS,SBL-CUST-013658,DEP.RET.SAV,2002,2019-04-20,,0.045078,FLOATING,,,BR016
DEP-SAVINGS-0057,DEPOSIT,GHS,5126904.98,SAVINGS,SBL-CUST-014792,DEP.RET.SAV,2002,2021-01-06,,0.068462,FLOATING,,,BR014
DEP-SAVINGS-0058,DEPOSIT,GHS,26016372.86,SAVINGS,SBL-CUST-008068,DEP.RET.SAV,2002,2024-08-13,,0.042166,FLOATING,,,BR009
DEP-SAVINGS-0059,DEPOSIT,GHS,5848721.77,SAVINGS,SBL-CUST-014793,DEP.RET.SAV,2002,2025-10-27,,0.041309,FLOATING,,,BR006
DEP-SAVINGS-0060,DEPOSIT,GHS,6716286.8,SAVINGS,SBL-CUST-003617,DEP.RET.SAV,2002,2019-05-04,,0.071781,FLOATING,,,BR010
DEP-SAVINGS-0061,DEPOSIT,GHS,9239033.86,SAVINGS,SBL-CUST-000513,DEP.RET.SAV,2002,2020-11-28,,0.041963,FLOATING,,,BR020
DEP-SAVINGS-0062,DEPOSIT,GHS,6150619.09,SAVINGS,SBL-CUST-000417,DEP.RET.SAV,2002,2020-08-23,,0.056328,FLOATING,,,BR028
DEP-SAVINGS-0063,DEPOSIT,GHS,4999100.9,SAVINGS,SBL-CUST-002840,DEP.RET.SAV,2002,2023-10-24,,0.046166,FLOATING,,,BR011
DEP-SAVINGS-0064,DEPOSIT,GHS,13507061.19,SAVINGS,SBL-CUST-009647,DEP.RET.SAV,2002,2024-05-09,,0.041552,FLOATING,,,BR012
DEP-SAVINGS-0065,DEPOSIT,GHS,6412777.23,SAVINGS,SBL-CUST-007696,DEP.RET.SAV,2002,2018-08-31,,0.069837,FLOATING,,,BR023
DEP-SAVINGS-0066,DEPOSIT,GHS,6662038.17,SAVINGS,SBL-CUST-014221,DEP.RET.SAV,2002,2026-05-02,,0.044935,FLOATING,,,BR015
DEP-SAVINGS-0067,DEPOSIT,GHS,12706579.8,SAVINGS,SBL-CUST-008178,DEP.RET.SAV,2002,2021-07-08,,0.041219,FLOATING,,,BR011
DEP-SAVINGS-0068,DEPOSIT,GHS,6442242.04,SAVINGS,SBL-CUST-008768,DEP.RET.SAV,2002,2023-12-09,,0.043234,FLOATING,,,BR013
DEP-SAVINGS-0069,DEPOSIT,GHS,6855918.12,SAVINGS,SBL-CUST-010495,DEP.RET.SAV,2002,2024-02-04,,0.043714,FLOATING,,,BR023
DEP-SAVINGS-0070,DEPOSIT,GHS,25568077.6,SAVINGS,SBL-CUST-001561,DEP.RET.SAV,2002,2021-06-08,,0.045501,FLOATING,,,BR020
DEP-SAVINGS-0071,DEPOSIT,GHS,7155906.06,SAVINGS,SBL-CUST-004503,DEP.RET.SAV,2002,2019-08-11,,0.051628,FLOATING,,,BR010
DEP-SAVINGS-0072,DEPOSIT,GHS,9831555.12,SAVINGS,SBL-CUST-011720,DEP.RET.SAV,2002,2018-10-09,,0.062287,FLOATING,,,BR004
DEP-SAVINGS-0073,DEPOSIT,GHS,39056045.23,SAVINGS,SBL-CUST-005935,DEP.RET.SAV,2002,2023-10-13,,0.061991,FLOATING,,,BR017
DEP-SAVINGS-0074,DEPOSIT,GHS,6165651.4,SAVINGS,SBL-CUST-012218,DEP.RET.SAV,2002,2026-01-27,,0.041961,FLOATING,,,BR009
DEP-SAVINGS-0075,DEPOSIT,GHS,5031998.92,SAVINGS,SBL-CUST-005446,DEP.RET.SAV,2002,2020-07-15,,0.053491,FLOATING,,,BR009
DEP-SAVINGS-0076,DEPOSIT,GHS,6479512.36,SAVINGS,SBL-CUST-009376,DEP.RET.SAV,2002,2024-03-10,,0.065797,FLOATING,,,BR023
DEP-SAVINGS-0077,DEPOSIT,GHS,8491136.0,SAVINGS,SBL-CUST-001203,DEP.RET.SAV,2002,2024-06-04,,0.062446,FLOATING,,,BR022
DEP-SAVINGS-0078,DEPOSIT,GHS,14726136.16,SAVINGS,SBL-CUST-005076,DEP.RET.SAV,2002,2025-01-21,,0.070794,FLOATING,,,BR020
DEP-SAVINGS-0079,DEPOSIT,GHS,5649730.05,SAVINGS,SBL-CUST-002798,DEP.RET.SAV,2002,2019-02-19,,0.061481,FLOATING,,,BR025
DEP-SAVINGS-0080,DEPOSIT,GHS,9348633.53,SAVINGS,SBL-CUST-011620,DEP.RET.SAV,2002,2020-10-12,,0.040186,FLOATING,,,BR021
DEP-SAVINGS-0081,DEPOSIT,GHS,5898899.22,SAVINGS,SBL-CUST-012465,DEP.RET.SAV,2002,2021-02-02,,0.062663,FLOATING,,,BR018
DEP-SAVINGS-0082,DEPOSIT,GHS,6754946.02,SAVINGS,SBL-CUST-003691,DEP.RET.SAV,2002,2025-04-13,,0.063268,FLOATING,,,BR019
DEP-SAVINGS-0083,DEPOSIT,GHS,6800131.87,SAVINGS,SBL-CUST-008985,DEP.RET.SAV,2002,2021-05-23,,0.062537,FLOATING,,,BR021
DEP-SAVINGS-0084,DEPOSIT,GHS,6113254.53,SAVINGS,SBL-CUST-007833,DEP.RET.SAV,2002,2022-06-14,,0.048898,FLOATING,,,BR005
DEP-SAVINGS-0085,DEPOSIT,GHS,6340965.98,SAVINGS,SBL-CUST-014397,DEP.RET.SAV,2002,2020-04-22,,0.068261,FLOATING,,,BR019
DEP-SAVINGS-0086,DEPOSIT,GHS,6399668.9,SAVINGS,SBL-CUST-012469,DEP.RET.SAV,2002,2019-06-15,,0.047825,FLOATING,,,BR028
DEP-SAVINGS-0087,DEPOSIT,GHS,11595666.2,SAVINGS,SBL-CUST-004737,DEP.RET.SAV,2002,2020-01-19,,0.069746,FLOATING,,,BR018
DEP-SAVINGS-0088,DEPOSIT,GHS,7105050.85,SAVINGS,SBL-CUST-013738,DEP.RET.SAV,2002,2025-02-11,,0.049007,FLOATING,,,BR027
DEP-SAVINGS-0089,DEPOSIT,GHS,8802618.69,SAVINGS,SBL-CUST-003295,DEP.RET.SAV,2002,2025-11-07,,0.049375,FLOATING,,,BR008
DEP-SAVINGS-0090,DEPOSIT,GHS,10741951.03,SAVINGS,SBL-CUST-009337,DEP.RET.SAV,2002,2021-05-17,,0.040795,FLOATING,,,BR009
DEP-SAVINGS-0091,DEPOSIT,GHS,5159312.72,SAVINGS,SBL-CUST-008963,DEP.RET.SAV,2002,2019-08-01,,0.065198,FLOATING,,,BR002
DEP-SAVINGS-0092,DEPOSIT,GHS,5909443.0,SAVINGS,SBL-CUST-008034,DEP.RET.SAV,2002,2023-01-27,,0.044305,FLOATING,,,BR003
DEP-SAVINGS-0093,DEPOSIT,GHS,6955230.68,SAVINGS,SBL-CUST-009164,DEP.RET.SAV,2002,2024-08-12,,0.048208,FLOATING,,,BR016
DEP-SAVINGS-0094,DEPOSIT,GHS,5809440.59,SAVINGS,SBL-CUST-006036,DEP.RET.SAV,2002,2020-06-21,,0.056768,FLOATING,,,BR002
DEP-SAVINGS-0095,DEPOSIT,GHS,5016561.5,SAVINGS,SBL-CUST-012591,DEP.RET.SAV,2002,2025-04-06,,0.073372,FLOATING,,,BR010
DEP-SAVINGS-0096,DEPOSIT,GHS,10948329.5,SAVINGS,SBL-CUST-002303,DEP.RET.SAV,2002,2022-07-19,,0.050051,FLOATING,,,BR009
DEP-SAVINGS-0097,DEPOSIT,GHS,5426528.81,SAVINGS,SBL-CUST-010062,DEP.RET.SAV,2002,2022-09-08,,0.05995,FLOATING,,,BR008
DEP-SAVINGS-0098,DEPOSIT,GHS,8456075.36,SAVINGS,SBL-CUST-000453,DEP.RET.SAV,2002,2026-04-08,,0.073325,FLOATING,,,BR015
DEP-SAVINGS-0099,DEPOSIT,GHS,13971485.76,SAVINGS,SBL-CUST-012464,DEP.RET.SAV,2002,2021-04-01,,0.073567,FLOATING,,,BR007
DEP-SAVINGS-0100,DEPOSIT,GHS,9247718.65,SAVINGS,SBL-CUST-009616,DEP.RET.SAV,2002,2026-03-30,,0.057574,FLOATING,,,BR026
DEP-SAVINGS-0101,DEPOSIT,GHS,6740504.53,SAVINGS,SBL-CUST-008343,DEP.RET.SAV,2002,2021-02-27,,0.072304,FLOATING,,,BR010
DEP-SAVINGS-0102,DEPOSIT,GHS,15891973.11,SAVINGS,SBL-CUST-001846,DEP.RET.SAV,2002,2022-11-15,,0.059972,FLOATING,,,BR001
DEP-SAVINGS-0103,DEPOSIT,GHS,24972584.59,SAVINGS,SBL-CUST-010342,DEP.RET.SAV,2002,2023-06-13,,0.054573,FLOATING,,,BR011
DEP-SAVINGS-0104,DEPOSIT,GHS,5899875.46,SAVINGS,SBL-CUST-000285,DEP.RET.SAV,2002,2023-03-25,,0.071913,FLOATING,,,BR026
DEP-SAVINGS-0105,DEPOSIT,GHS,14060155.31,SAVINGS,SBL-CUST-008178,DEP.RET.SAV,2002,2024-05-05,,0.047632,FLOATING,,,BR026
DEP-SAVINGS-0106,DEPOSIT,GHS,6021491.9,SAVINGS,SBL-CUST-001389,DEP.RET.SAV,2002,2021-02-26,,0.057685,FLOATING,,,BR010
DEP-SAVINGS-0107,DEPOSIT,GHS,5950491.72,SAVINGS,SBL-CUST-004540,DEP.RET.SAV,2002,2021-07-07,,0.068433,FLOATING,,,BR007
DEP-SAVINGS-0108,DEPOSIT,GHS,7426498.42,SAVINGS,SBL-CUST-006283,DEP.RET.SAV,2002,2022-03-07,,0.068639,FLOATING,,,BR019
DEP-SAVINGS-0109,DEPOSIT,GHS,4969171.97,SAVINGS,SBL-CUST-009049,DEP.RET.SAV,2002,2019-12-03,,0.070986,FLOATING,,,BR023
DEP-SAVINGS-0110,DEPOSIT,GHS,10732560.42,SAVINGS,SBL-CUST-001379,DEP.RET.SAV,2002,2022-11-03,,0.0637,FLOATING,,,BR012
DEP-SAVINGS-0111,DEPOSIT,GHS,5641660.01,SAVINGS,SBL-CUST-002501,DEP.RET.SAV,2002,2024-07-17,,0.061646,FLOATING,,,BR015
DEP-SAVINGS-0112,DEPOSIT,GHS,7560224.77,SAVINGS,SBL-CUST-010718,DEP.RET.SAV,2002,2024-10-11,,0.044513,FLOATING,,,BR011
DEP-SAVINGS-0113,DEPOSIT,GHS,9178254.59,SAVINGS,SBL-CUST-010667,DEP.RET.SAV,2002,2020-02-12,,0.053787,FLOATING,,,BR007
DEP-SAVINGS-0114,DEPOSIT,GHS,9943588.95,SAVINGS,SBL-CUST-000174,DEP.RET.SAV,2002,2021-07-15,,0.062302,FLOATING,,,BR013
DEP-SAVINGS-0115,DEPOSIT,GHS,25922200.5,SAVINGS,SBL-CUST-007024,DEP.RET.SAV,2002,2018-12-01,,0.070793,FLOATING,,,BR021
DEP-SAVINGS-0116,DEPOSIT,GHS,6135121.45,SAVINGS,SBL-CUST-014412,DEP.RET.SAV,2002,2023-11-03,,0.057719,FLOATING,,,BR003
DEP-SAVINGS-0117,DEPOSIT,GHS,7771464.57,SAVINGS,SBL-CUST-005332,DEP.RET.SAV,2002,2018-10-12,,0.044784,FLOATING,,,BR004
DEP-SAVINGS-0118,DEPOSIT,GHS,6015506.46,SAVINGS,SBL-CUST-006986,DEP.RET.SAV,2002,2025-03-28,,0.056192,FLOATING,,,BR002
DEP-SAVINGS-0119,DEPOSIT,GHS,6980394.9,SAVINGS,SBL-CUST-002387,DEP.RET.SAV,2002,2019-01-13,,0.073388,FLOATING,,,BR015
DEP-SAVINGS-0120,DEPOSIT,GHS,5362239.7,SAVINGS,SBL-CUST-000254,DEP.RET.SAV,2002,2020-03-15,,0.063874,FLOATING,,,BR022
DEP-SAVINGS-0121,DEPOSIT,GHS,7107688.69,SAVINGS,SBL-CUST-008354,DEP.RET.SAV,2002,2022-03-14,,0.059913,FLOATING,,,BR015
DEP-SAVINGS-0122,DEPOSIT,GHS,6293884.08,SAVINGS,SBL-CUST-001723,DEP.RET.SAV,2002,2023-05-17,,0.071578,FLOATING,,,BR018
DEP-SAVINGS-0123,DEPOSIT,GHS,5251736.69,SAVINGS,SBL-CUST-010653,DEP.RET.SAV,2002,2020-07-31,,0.051661,FLOATING,,,BR002
DEP-SAVINGS-0124,DEPOSIT,GHS,24587872.71,SAVINGS,SBL-CUST-001293,DEP.RET.SAV,2002,2021-07-03,,0.065698,FLOATING,,,BR004
DEP-SAVINGS-0125,DEPOSIT,GHS,36254691.88,SAVINGS,SBL-CUST-013017,DEP.RET.SAV,2002,2019-07-01,,0.067153,FLOATING,,,BR015
DEP-SAVINGS-0126,DEPOSIT,GHS,6293643.81,SAVINGS,SBL-CUST-001328,DEP.RET.SAV,2002,2025-11-17,,0.058574,FLOATING,,,BR023
DEP-SAVINGS-0127,DEPOSIT,GHS,4987755.26,SAVINGS,SBL-CUST-011580,DEP.RET.SAV,2002,2021-01-20,,0.042365,FLOATING,,,BR014
DEP-SAVINGS-0128,DEPOSIT,GHS,7544694.57,SAVINGS,SBL-CUST-007204,DEP.RET.SAV,2002,2025-02-09,,0.055725,FLOATING,,,BR001
DEP-SAVINGS-0129,DEPOSIT,GHS,5408161.28,SAVINGS,SBL-CUST-004364,DEP.RET.SAV,2002,2018-08-26,,0.068989,FLOATING,,,BR002
DEP-SAVINGS-0130,DEPOSIT,GHS,5867407.64,SAVINGS,SBL-CUST-001378,DEP.RET.SAV,2002,2020-10-20,,0.06323,FLOATING,,,BR004
DEP-SAVINGS-0131,DEPOSIT,GHS,9329670.77,SAVINGS,SBL-CUST-009490,DEP.RET.SAV,2002,2020-01-17,,0.041741,FLOATING,,,BR019
DEP-SAVINGS-0132,DEPOSIT,GHS,5063836.27,SAVINGS,SBL-CUST-012316,DEP.RET.SAV,2002,2022-06-29,,0.069702,FLOATING,,,BR022
DEP-SAVINGS-0133,DEPOSIT,GHS,9601924.62,SAVINGS,SBL-CUST-009539,DEP.RET.SAV,2002,2026-01-01,,0.043268,FLOATING,,,BR007
DEP-SAVINGS-0134,DEPOSIT,GHS,9563345.5,SAVINGS,SBL-CUST-007050,DEP.RET.SAV,2002,2024-08-27,,0.0721,FLOATING,,,BR008
DEP-SAVINGS-0135,DEPOSIT,GHS,9786108.71,SAVINGS,SBL-CUST-012897,DEP.RET.SAV,2002,2025-07-09,,0.045795,FLOATING,,,BR020
DEP-SAVINGS-0136,DEPOSIT,GHS,18229756.39,SAVINGS,SBL-CUST-002482,DEP.RET.SAV,2002,2025-08-16,,0.045405,FLOATING,,,BR021
DEP-SAVINGS-0137,DEPOSIT,GHS,47948476.39,SAVINGS,SBL-CUST-013090,DEP.RET.SAV,2002,2023-02-17,,0.07038,FLOATING,,,BR020
DEP-SAVINGS-0138,DEPOSIT,GHS,114260757.23,SAVINGS,SBL-CUST-006779,DEP.RET.SAV,2002,2021-04-08,,0.043954,FLOATING,,,BR014
DEP-SAVINGS-0139,DEPOSIT,GHS,9348186.96,SAVINGS,SBL-CUST-005629,DEP.RET.SAV,2002,2020-05-19,,0.072162,FLOATING,,,BR011
DEP-SAVINGS-0140,DEPOSIT,GHS,5662123.6,SAVINGS,SBL-CUST-012765,DEP.RET.SAV,2002,2021-05-02,,0.040387,FLOATING,,,BR012
DEP-SAVINGS-0141,DEPOSIT,GHS,5733989.46,SAVINGS,SBL-CUST-000227,DEP.RET.SAV,2002,2023-12-31,,0.0461,FLOATING,,,BR021
DEP-SAVINGS-0142,DEPOSIT,GHS,13029826.54,SAVINGS,SBL-CUST-008098,DEP.RET.SAV,2002,2025-03-09,,0.046688,FLOATING,,,BR010
DEP-SAVINGS-0143,DEPOSIT,GHS,15151784.31,SAVINGS,SBL-CUST-012137,DEP.RET.SAV,2002,2023-04-14,,0.040682,FLOATING,,,BR028
DEP-SAVINGS-0144,DEPOSIT,GHS,14715371.54,SAVINGS,SBL-CUST-003188,DEP.RET.SAV,2002,2025-10-14,,0.069274,FLOATING,,,BR024
DEP-SAVINGS-0145,DEPOSIT,GHS,5127719.31,SAVINGS,SBL-CUST-005163,DEP.RET.SAV,2002,2025-12-21,,0.042342,FLOATING,,,BR010
DEP-SAVINGS-0146,DEPOSIT,GHS,14901369.46,SAVINGS,SBL-CUST-013502,DEP.RET.SAV,2002,2021-04-06,,0.072025,FLOATING,,,BR016
DEP-SAVINGS-0147,DEPOSIT,GHS,41831507.99,SAVINGS,SBL-CUST-011973,DEP.RET.SAV,2002,2023-08-13,,0.06991,FLOATING,,,BR028
DEP-SAVINGS-0148,DEPOSIT,GHS,8721933.62,SAVINGS,SBL-CUST-008701,DEP.RET.SAV,2002,2019-04-14,,0.060444,FLOATING,,,BR023
DEP-SAVINGS-0149,DEPOSIT,GHS,5371387.66,SAVINGS,SBL-CUST-014830,DEP.RET.SAV,2002,2018-11-02,,0.05583,FLOATING,,,BR021
DEP-SAVINGS-0150,DEPOSIT,GHS,8484848.15,SAVINGS,SBL-CUST-006381,DEP.RET.SAV,2002,2026-05-02,,0.044463,FLOATING,,,BR018
DEP-SAVINGS-0151,DEPOSIT,GHS,8623901.3,SAVINGS,SBL-CUST-014060,DEP.RET.SAV,2002,2021-08-13,,0.051717,FLOATING,,,BR014
DEP-SAVINGS-0152,DEPOSIT,GHS,8131738.83,SAVINGS,SBL-CUST-010557,DEP.RET.SAV,2002,2022-06-20,,0.058002,FLOATING,,,BR004
DEP-SAVINGS-0153,DEPOSIT,GHS,12722609.72,SAVINGS,SBL-CUST-005526,DEP.RET.SAV,2002,2019-08-29,,0.059806,FLOATING,,,BR001
DEP-SAVINGS-0154,DEPOSIT,GHS,7565937.4,SAVINGS,SBL-CUST-006923,DEP.RET.SAV,2002,2019-10-11,,0.064347,FLOATING,,,BR007
DEP-SAVINGS-0155,DEPOSIT,GHS,5399947.81,SAVINGS,SBL-CUST-000477,DEP.RET.SAV,2002,2026-04-22,,0.057446,FLOATING,,,BR010
DEP-SAVINGS-0156,DEPOSIT,GHS,7129839.17,SAVINGS,SBL-CUST-009807,DEP.RET.SAV,2002,2025-11-05,,0.067381,FLOATING,,,BR015
DEP-SAVINGS-0157,DEPOSIT,GHS,5634148.97,SAVINGS,SBL-CUST-008954,DEP.RET.SAV,2002,2021-11-22,,0.072424,FLOATING,,,BR022
DEP-SAVINGS-0158,DEPOSIT,GHS,19807564.62,SAVINGS,SBL-CUST-010547,DEP.RET.SAV,2002,2020-08-14,,0.06163,FLOATING,,,BR014
DEP-SAVINGS-0159,DEPOSIT,GHS,5720433.04,SAVINGS,SBL-CUST-002177,DEP.RET.SAV,2002,2023-06-29,,0.041456,FLOATING,,,BR014
DEP-SAVINGS-0160,DEPOSIT,GHS,5380780.38,SAVINGS,SBL-CUST-008585,DEP.RET.SAV,2002,2025-06-17,,0.074706,FLOATING,,,BR003
DEP-SAVINGS-0161,DEPOSIT,GHS,5364020.93,SAVINGS,SBL-CUST-009201,DEP.RET.SAV,2002,2023-11-02,,0.045903,FLOATING,,,BR002
DEP-SAVINGS-0162,DEPOSIT,GHS,5269472.5,SAVINGS,SBL-CUST-002199,DEP.RET.SAV,2002,2021-03-17,,0.057588,FLOATING,,,BR025
DEP-SAVINGS-0163,DEPOSIT,GHS,4979922.83,SAVINGS,SBL-CUST-002968,DEP.RET.SAV,2002,2023-12-15,,0.065064,FLOATING,,,BR025
DEP-SAVINGS-0164,DEPOSIT,GHS,5740991.73,SAVINGS,SBL-CUST-010788,DEP.RET.SAV,2002,2019-12-16,,0.065163,FLOATING,,,BR011
DEP-SAVINGS-0165,DEPOSIT,GHS,8856162.84,SAVINGS,SBL-CUST-003524,DEP.RET.SAV,2002,2021-02-05,,0.053193,FLOATING,,,BR021
DEP-SAVINGS-0166,DEPOSIT,GHS,5569172.99,SAVINGS,SBL-CUST-014730,DEP.RET.SAV,2002,2022-01-14,,0.047925,FLOATING,,,BR010
DEP-SAVINGS-0167,DEPOSIT,GHS,6071990.54,SAVINGS,SBL-CUST-014573,DEP.RET.SAV,2002,2024-05-22,,0.072576,FLOATING,,,BR014
DEP-SAVINGS-0168,DEPOSIT,GHS,8424338.44,SAVINGS,SBL-CUST-001674,DEP.RET.SAV,2002,2021-05-27,,0.043254,FLOATING,,,BR001
DEP-SAVINGS-0169,DEPOSIT,GHS,5578278.29,SAVINGS,SBL-CUST-009350,DEP.RET.SAV,2002,2023-10-25,,0.06997,FLOATING,,,BR004
DEP-SAVINGS-0170,DEPOSIT,GHS,34000716.1,SAVINGS,SBL-CUST-005310,DEP.RET.SAV,2002,2023-12-18,,0.051008,FLOATING,,,BR001
DEP-SAVINGS-0171,DEPOSIT,GHS,7632286.86,SAVINGS,SBL-CUST-004653,DEP.RET.SAV,2002,2024-10-10,,0.070217,FLOATING,,,BR028
DEP-SAVINGS-0172,DEPOSIT,GHS,9656194.32,SAVINGS,SBL-CUST-003675,DEP.RET.SAV,2002,2021-12-13,,0.048079,FLOATING,,,BR003
DEP-SAVINGS-0173,DEPOSIT,GHS,12817847.82,SAVINGS,SBL-CUST-005752,DEP.RET.SAV,2002,2023-08-29,,0.0519,FLOATING,,,BR004
DEP-SAVINGS-0174,DEPOSIT,GHS,6985166.56,SAVINGS,SBL-CUST-004795,DEP.RET.SAV,2002,2020-05-23,,0.045021,FLOATING,,,BR027
DEP-SAVINGS-0175,DEPOSIT,GHS,13619318.44,SAVINGS,SBL-CUST-008720,DEP.RET.SAV,2002,2018-09-05,,0.065359,FLOATING,,,BR014
DEP-SAVINGS-0176,DEPOSIT,GHS,27954281.67,SAVINGS,SBL-CUST-011491,DEP.RET.SAV,2002,2023-11-08,,0.06245,FLOATING,,,BR008
DEP-SAVINGS-0177,DEPOSIT,GHS,6711193.22,SAVINGS,SBL-CUST-000935,DEP.RET.SAV,2002,2022-12-03,,0.045994,FLOATING,,,BR023
DEP-SAVINGS-0178,DEPOSIT,GHS,5089888.83,SAVINGS,SBL-CUST-005745,DEP.RET.SAV,2002,2023-09-26,,0.067471,FLOATING,,,BR006
DEP-SAVINGS-0179,DEPOSIT,GHS,7400712.36,SAVINGS,SBL-CUST-008993,DEP.RET.SAV,2002,2019-11-07,,0.060655,FLOATING,,,BR025
DEP-SAVINGS-0180,DEPOSIT,GHS,12253546.65,SAVINGS,SBL-CUST-005901,DEP.RET.SAV,2002,2022-01-14,,0.05286,FLOATING,,,BR009
DEP-SAVINGS-0181,DEPOSIT,GHS,19946677.44,SAVINGS,SBL-CUST-006407,DEP.RET.SAV,2002,2021-05-26,,0.044318,FLOATING,,,BR015
DEP-SAVINGS-0182,DEPOSIT,GHS,6723485.47,SAVINGS,SBL-CUST-012586,DEP.RET.SAV,2002,2024-06-10,,0.069854,FLOATING,,,BR015
DEP-SAVINGS-0183,DEPOSIT,GHS,11990866.7,SAVINGS,SBL-CUST-009329,DEP.RET.SAV,2002,2021-08-15,,0.043151,FLOATING,,,BR009
DEP-SAVINGS-0184,DEPOSIT,GHS,9235933.43,SAVINGS,SBL-CUST-013345,DEP.RET.SAV,2002,2024-10-08,,0.048471,FLOATING,,,BR008
DEP-SAVINGS-0185,DEPOSIT,GHS,11995523.53,SAVINGS,SBL-CUST-009472,DEP.RET.SAV,2002,2018-09-23,,0.066066,FLOATING,,,BR001
DEP-SAVINGS-0186,DEPOSIT,GHS,5976289.63,SAVINGS,SBL-CUST-010298,DEP.RET.SAV,2002,2023-08-25,,0.069162,FLOATING,,,BR015
DEP-SAVINGS-0187,DEPOSIT,GHS,5133563.17,SAVINGS,SBL-CUST-002063,DEP.RET.SAV,2002,2019-07-24,,0.060436,FLOATING,,,BR003
DEP-SAVINGS-0188,DEPOSIT,GHS,12389460.88,SAVINGS,SBL-CUST-014600,DEP.RET.SAV,2002,2019-08-11,,0.0658,FLOATING,,,BR026
DEP-SAVINGS-0189,DEPOSIT,GHS,7588200.97,SAVINGS,SBL-CUST-012798,DEP.RET.SAV,2002,2020-02-10,,0.058645,FLOATING,,,BR023
DEP-SAVINGS-0190,DEPOSIT,GHS,6123933.05,SAVINGS,SBL-CUST-003509,DEP.RET.SAV,2002,2022-11-23,,0.054807,FLOATING,,,BR010
DEP-SAVINGS-0191,DEPOSIT,GHS,5293861.51,SAVINGS,SBL-CUST-004864,DEP.RET.SAV,2002,2022-03-12,,0.048405,FLOATING,,,BR018
DEP-SAVINGS-0192,DEPOSIT,GHS,6801156.78,SAVINGS,SBL-CUST-000715,DEP.RET.SAV,2002,2021-02-14,,0.070777,FLOATING,,,BR022
DEP-SAVINGS-0193,DEPOSIT,GHS,5342342.1,SAVINGS,SBL-CUST-001197,DEP.RET.SAV,2002,2023-12-09,,0.067777,FLOATING,,,BR023
DEP-SAVINGS-0194,DEPOSIT,GHS,5798833.17,SAVINGS,SBL-CUST-003208,DEP.RET.SAV,2002,2021-11-19,,0.058353,FLOATING,,,BR016
DEP-SAVINGS-0195,DEPOSIT,GHS,11857364.36,SAVINGS,SBL-CUST-003432,DEP.RET.SAV,2002,2023-09-04,,0.060385,FLOATING,,,BR001
DEP-SAVINGS-0196,DEPOSIT,GHS,15009974.57,SAVINGS,SBL-CUST-014014,DEP.RET.SAV,2002,2024-09-09,,0.071153,FLOATING,,,BR026
DEP-SAVINGS-0197,DEPOSIT,GHS,8158296.04,SAVINGS,SBL-CUST-008752,DEP.RET.SAV,2002,2021-10-21,,0.069833,FLOATING,,,BR028
DEP-SAVINGS-0198,DEPOSIT,GHS,5224342.63,SAVINGS,SBL-CUST-006573,DEP.RET.SAV,2002,2022-11-20,,0.054138,FLOATING,,,BR019
DEP-SAVINGS-0199,DEPOSIT,GHS,8285392.79,SAVINGS,SBL-CUST-006191,DEP.RET.SAV,2002,2025-04-16,,0.052929,FLOATING,,,BR019
DEP-SAVINGS-0200,DEPOSIT,GHS,6952611.02,SAVINGS,SBL-CUST-005717,DEP.RET.SAV,2002,2025-12-31,,0.049698,FLOATING,,,BR021
DEP-SAVINGS-0201,DEPOSIT,GHS,10409578.1,SAVINGS,SBL-CUST-010412,DEP.RET.SAV,2002,2019-10-26,,0.066925,FLOATING,,,BR003
DEP-SAVINGS-0202,DEPOSIT,GHS,5646244.18,SAVINGS,SBL-CUST-014691,DEP.RET.SAV,2002,2018-11-08,,0.052936,FLOATING,,,BR008
DEP-SAVINGS-0203,DEPOSIT,GHS,25000187.78,SAVINGS,SBL-CUST-014784,DEP.RET.SAV,2002,2025-02-13,,0.070849,FLOATING,,,BR003
DEP-SAVINGS-0204,DEPOSIT,GHS,7155108.14,SAVINGS,SBL-CUST-014588,DEP.RET.SAV,2002,2024-04-14,,0.069525,FLOATING,,,BR023
DEP-SAVINGS-0205,DEPOSIT,GHS,6814429.16,SAVINGS,SBL-CUST-012212,DEP.RET.SAV,2002,2022-04-22,,0.060761,FLOATING,,,BR002
DEP-SAVINGS-0206,DEPOSIT,GHS,9620455.62,SAVINGS,SBL-CUST-003437,DEP.RET.SAV,2002,2019-04-17,,0.053866,FLOATING,,,BR002
DEP-SAVINGS-0207,DEPOSIT,GHS,5415876.62,SAVINGS,SBL-CUST-012288,DEP.RET.SAV,2002,2025-03-10,,0.074679,FLOATING,,,BR015
DEP-SAVINGS-0208,DEPOSIT,GHS,44816779.0,SAVINGS,SBL-CUST-005438,DEP.RET.SAV,2002,2021-11-26,,0.059019,FLOATING,,,BR022
DEP-SAVINGS-0209,DEPOSIT,GHS,15854562.54,SAVINGS,SBL-CUST-001850,DEP.RET.SAV,2002,2024-08-25,,0.055078,FLOATING,,,BR018
DEP-SAVINGS-0210,DEPOSIT,GHS,24190435.2,SAVINGS,SBL-CUST-005243,DEP.RET.SAV,2002,2024-12-25,,0.041675,FLOATING,,,BR025
DEP-SAVINGS-0211,DEPOSIT,GHS,10697209.57,SAVINGS,SBL-CUST-007546,DEP.RET.SAV,2002,2022-05-31,,0.0664,FLOATING,,,BR016
DEP-SAVINGS-0212,DEPOSIT,GHS,5428805.76,SAVINGS,SBL-CUST-009785,DEP.RET.SAV,2002,2023-08-29,,0.06275,FLOATING,,,BR028
DEP-SAVINGS-0213,DEPOSIT,GHS,9961328.15,SAVINGS,SBL-CUST-001375,DEP.RET.SAV,2002,2023-07-18,,0.048506,FLOATING,,,BR013
DEP-SAVINGS-0214,DEPOSIT,GHS,10098468.94,SAVINGS,SBL-CUST-004150,DEP.RET.SAV,2002,2019-06-05,,0.06713,FLOATING,,,BR028
DEP-SAVINGS-0215,DEPOSIT,GHS,7060986.53,SAVINGS,SBL-CUST-014122,DEP.RET.SAV,2002,2021-07-20,,0.067392,FLOATING,,,BR009
DEP-SAVINGS-0216,DEPOSIT,GHS,18362139.22,SAVINGS,SBL-CUST-001082,DEP.RET.SAV,2002,2023-07-13,,0.045518,FLOATING,,,BR024
DEP-SAVINGS-0217,DEPOSIT,GHS,5049834.58,SAVINGS,SBL-CUST-003541,DEP.RET.SAV,2002,2019-04-25,,0.066049,FLOATING,,,BR023
DEP-SAVINGS-0218,DEPOSIT,GHS,6069193.07,SAVINGS,SBL-CUST-001828,DEP.RET.SAV,2002,2020-05-24,,0.04012,FLOATING,,,BR015
DEP-SAVINGS-0219,DEPOSIT,GHS,5687864.83,SAVINGS,SBL-CUST-014932,DEP.RET.SAV,2002,2020-12-06,,0.04617,FLOATING,,,BR005
DEP-SAVINGS-0220,DEPOSIT,GHS,8678685.0,SAVINGS,SBL-CUST-003439,DEP.RET.SAV,2002,2025-08-06,,0.07154,FLOATING,,,BR025
DEP-TIME_RET-0001,DEPOSIT,GHS,10889586.17,FIXED,SBL-CUST-003647,DEP.RET.TRM,2003,2019-08-07,2027-08-19,0.145513,FIXED,,,BR023
DEP-TIME_RET-0002,DEPOSIT,GHS,17299275.51,FIXED,SBL-CUST-008856,DEP.RET.TRM,2003,2024-05-05,2028-02-15,0.148289,FIXED,,,BR017
DEP-TIME_RET-0003,DEPOSIT,GHS,9510998.52,FIXED,SBL-CUST-009824,DEP.RET.TRM,2003,2019-11-27,2028-04-04,0.162567,FIXED,,,BR009
DEP-TIME_RET-0004,DEPOSIT,GHS,19697504.1,FIXED,SBL-CUST-012800,DEP.RET.TRM,2003,2024-06-28,2028-05-29,0.170897,FIXED,,,BR024
DEP-TIME_RET-0005,DEPOSIT,GHS,13944716.39,FIXED,SBL-CUST-005189,DEP.RET.TRM,2003,2021-03-13,2026-10-02,0.14597,FIXED,,,BR017
DEP-TIME_RET-0006,DEPOSIT,GHS,9114594.24,FIXED,SBL-CUST-009951,DEP.RET.TRM,2003,2023-03-24,2027-06-09,0.143916,FIXED,,,BR003
DEP-TIME_RET-0007,DEPOSIT,GHS,17747291.06,FIXED,SBL-CUST-004501,DEP.RET.TRM,2003,2025-07-01,2027-08-23,0.144261,FIXED,,,BR005
DEP-TIME_RET-0008,DEPOSIT,GHS,11583343.18,FIXED,SBL-CUST-001161,DEP.RET.TRM,2003,2018-10-08,2027-01-29,0.162151,FIXED,,,BR016
DEP-TIME_RET-0009,DEPOSIT,GHS,9577017.48,FIXED,SBL-CUST-012628,DEP.RET.TRM,2003,2023-06-26,2027-07-02,0.149877,FIXED,,,BR015
DEP-TIME_RET-0010,DEPOSIT,GHS,10336768.7,FIXED,SBL-CUST-001326,DEP.RET.TRM,2003,2021-01-14,2027-11-03,0.177376,FIXED,,,BR010
DEP-TIME_RET-0011,DEPOSIT,GHS,6759746.9,FIXED,SBL-CUST-002161,DEP.RET.TRM,2003,2018-11-23,2027-05-06,0.178763,FIXED,,,BR026
DEP-TIME_RET-0012,DEPOSIT,GHS,7704404.82,FIXED,SBL-CUST-010512,DEP.RET.TRM,2003,2019-01-20,2028-02-02,0.138443,FIXED,,,BR006
DEP-TIME_RET-0013,DEPOSIT,GHS,11156845.26,FIXED,SBL-CUST-005357,DEP.RET.TRM,2003,2024-03-25,2027-08-25,0.163284,FIXED,,,BR007
DEP-TIME_RET-0014,DEPOSIT,GHS,9408536.33,FIXED,SBL-CUST-014628,DEP.RET.TRM,2003,2023-12-20,2027-10-05,0.185314,FIXED,,,BR015
DEP-TIME_RET-0015,DEPOSIT,GHS,7127587.77,FIXED,SBL-CUST-002624,DEP.RET.TRM,2003,2020-11-21,2026-09-21,0.132892,FIXED,,,BR013
DEP-TIME_RET-0016,DEPOSIT,GHS,12397388.15,FIXED,SBL-CUST-013834,DEP.RET.TRM,2003,2018-09-21,2026-09-19,0.172978,FIXED,,,BR013
DEP-TIME_RET-0017,DEPOSIT,GHS,6871009.07,FIXED,SBL-CUST-012152,DEP.RET.TRM,2003,2020-11-19,2026-08-08,0.17273,FIXED,,,BR003
DEP-TIME_RET-0018,DEPOSIT,GHS,11647943.08,FIXED,SBL-CUST-010552,DEP.RET.TRM,2003,2024-06-07,2028-04-03,0.151958,FIXED,,,BR009
DEP-TIME_RET-0019,DEPOSIT,GHS,6188120.19,FIXED,SBL-CUST-006365,DEP.RET.TRM,2003,2019-03-30,2027-09-09,0.172781,FIXED,,,BR018
DEP-TIME_RET-0020,DEPOSIT,GHS,7493060.81,FIXED,SBL-CUST-001368,DEP.RET.TRM,2003,2019-08-25,2027-02-23,0.187131,FIXED,,,BR013
DEP-TIME_RET-0021,DEPOSIT,GHS,28720303.29,FIXED,SBL-CUST-002569,DEP.RET.TRM,2003,2018-12-15,2028-03-28,0.174669,FIXED,,,BR008
DEP-TIME_RET-0022,DEPOSIT,GHS,8807437.0,FIXED,SBL-CUST-008443,DEP.RET.TRM,2003,2025-11-29,2026-07-20,0.142116,FIXED,,,BR005
DEP-TIME_RET-0023,DEPOSIT,GHS,31731595.25,FIXED,SBL-CUST-008966,DEP.RET.TRM,2003,2021-04-25,2028-03-24,0.187636,FIXED,,,BR027
DEP-TIME_RET-0024,DEPOSIT,GHS,8182306.41,FIXED,SBL-CUST-006126,DEP.RET.TRM,2003,2019-09-03,2026-07-26,0.177354,FIXED,,,BR017
DEP-TIME_RET-0025,DEPOSIT,GHS,12500131.54,FIXED,SBL-CUST-003837,DEP.RET.TRM,2003,2025-11-04,2027-05-05,0.185397,FIXED,,,BR001
DEP-TIME_RET-0026,DEPOSIT,GHS,7035852.3,FIXED,SBL-CUST-008023,DEP.RET.TRM,2003,2024-10-27,2027-10-10,0.121067,FIXED,,,BR013
DEP-TIME_RET-0027,DEPOSIT,GHS,8207247.09,FIXED,SBL-CUST-006103,DEP.RET.TRM,2003,2022-10-09,2026-10-01,0.142033,FIXED,,,BR017
DEP-TIME_RET-0028,DEPOSIT,GHS,7563433.42,FIXED,SBL-CUST-014781,DEP.RET.TRM,2003,2019-04-05,2027-03-23,0.169197,FIXED,,,BR006
DEP-TIME_RET-0029,DEPOSIT,GHS,12308548.75,FIXED,SBL-CUST-010519,DEP.RET.TRM,2003,2020-06-07,2027-05-03,0.141654,FIXED,,,BR024
DEP-TIME_RET-0030,DEPOSIT,GHS,9121812.16,FIXED,SBL-CUST-001390,DEP.RET.TRM,2003,2019-05-25,2028-02-25,0.146911,FIXED,,,BR005
DEP-TIME_RET-0031,DEPOSIT,GHS,6477193.28,FIXED,SBL-CUST-003700,DEP.RET.TRM,2003,2020-11-21,2027-07-23,0.140363,FIXED,,,BR018
DEP-TIME_RET-0032,DEPOSIT,GHS,18928585.02,FIXED,SBL-CUST-004075,DEP.RET.TRM,2003,2024-07-05,2027-04-05,0.187157,FIXED,,,BR027
DEP-TIME_RET-0033,DEPOSIT,GHS,7766474.38,FIXED,SBL-CUST-011281,DEP.RET.TRM,2003,2022-12-29,2026-09-28,0.134654,FIXED,,,BR021
DEP-TIME_RET-0034,DEPOSIT,GHS,7679465.19,FIXED,SBL-CUST-010054,DEP.RET.TRM,2003,2018-09-10,2027-08-15,0.156724,FIXED,,,BR017
DEP-TIME_RET-0035,DEPOSIT,GHS,18035198.23,FIXED,SBL-CUST-004631,DEP.RET.TRM,2003,2026-04-18,2027-08-01,0.188588,FIXED,,,BR018
DEP-TIME_RET-0036,DEPOSIT,GHS,6157168.07,FIXED,SBL-CUST-014219,DEP.RET.TRM,2003,2018-12-09,2027-10-12,0.177996,FIXED,,,BR010
DEP-TIME_RET-0037,DEPOSIT,GHS,7761358.8,FIXED,SBL-CUST-008693,DEP.RET.TRM,2003,2021-11-18,2028-05-22,0.13721,FIXED,,,BR004
DEP-TIME_RET-0038,DEPOSIT,GHS,11370004.91,FIXED,SBL-CUST-011944,DEP.RET.TRM,2003,2024-06-16,2027-11-16,0.122689,FIXED,,,BR012
DEP-TIME_RET-0039,DEPOSIT,GHS,7567077.64,FIXED,SBL-CUST-009119,DEP.RET.TRM,2003,2020-09-30,2027-06-07,0.134263,FIXED,,,BR014
DEP-TIME_RET-0040,DEPOSIT,GHS,11548116.01,FIXED,SBL-CUST-010916,DEP.RET.TRM,2003,2024-06-20,2027-11-13,0.155457,FIXED,,,BR012
DEP-TIME_RET-0041,DEPOSIT,GHS,14225247.63,FIXED,SBL-CUST-009116,DEP.RET.TRM,2003,2020-03-21,2027-11-06,0.124604,FIXED,,,BR021
DEP-TIME_RET-0042,DEPOSIT,GHS,12022629.45,FIXED,SBL-CUST-000772,DEP.RET.TRM,2003,2019-02-17,2027-09-23,0.125222,FIXED,,,BR014
DEP-TIME_RET-0043,DEPOSIT,GHS,17969653.2,FIXED,SBL-CUST-011544,DEP.RET.TRM,2003,2023-01-07,2027-06-30,0.156027,FIXED,,,BR020
DEP-TIME_RET-0044,DEPOSIT,GHS,8115180.54,FIXED,SBL-CUST-008727,DEP.RET.TRM,2003,2021-04-12,2026-09-09,0.165557,FIXED,,,BR014
DEP-TIME_RET-0045,DEPOSIT,GHS,35813066.88,FIXED,SBL-CUST-011126,DEP.RET.TRM,2003,2025-08-07,2027-08-11,0.185737,FIXED,,,BR007
DEP-TIME_RET-0046,DEPOSIT,GHS,17335682.93,FIXED,SBL-CUST-005749,DEP.RET.TRM,2003,2019-11-27,2027-05-07,0.141369,FIXED,,,BR026
DEP-TIME_RET-0047,DEPOSIT,GHS,10554405.44,FIXED,SBL-CUST-012260,DEP.RET.TRM,2003,2022-10-16,2027-06-03,0.134973,FIXED,,,BR006
DEP-TIME_RET-0048,DEPOSIT,GHS,9305229.8,FIXED,SBL-CUST-011229,DEP.RET.TRM,2003,2025-02-13,2028-04-25,0.179469,FIXED,,,BR001
DEP-TIME_RET-0049,DEPOSIT,GHS,15851667.05,FIXED,SBL-CUST-014387,DEP.RET.TRM,2003,2022-12-31,2028-05-15,0.135763,FIXED,,,BR015
DEP-TIME_RET-0050,DEPOSIT,GHS,8194333.75,FIXED,SBL-CUST-004957,DEP.RET.TRM,2003,2021-07-28,2027-07-21,0.162842,FIXED,,,BR023
DEP-TIME_RET-0051,DEPOSIT,GHS,28851377.68,FIXED,SBL-CUST-005676,DEP.RET.TRM,2003,2021-05-03,2026-08-09,0.166094,FIXED,,,BR001
DEP-TIME_RET-0052,DEPOSIT,GHS,9052356.83,FIXED,SBL-CUST-005241,DEP.RET.TRM,2003,2021-04-03,2026-12-05,0.17886,FIXED,,,BR027
DEP-TIME_RET-0053,DEPOSIT,GHS,16583684.7,FIXED,SBL-CUST-007727,DEP.RET.TRM,2003,2025-03-06,2027-11-12,0.151895,FIXED,,,BR010
DEP-TIME_RET-0054,DEPOSIT,GHS,21178339.99,FIXED,SBL-CUST-012452,DEP.RET.TRM,2003,2022-07-05,2027-06-06,0.17205,FIXED,,,BR011
DEP-TIME_RET-0055,DEPOSIT,GHS,8760946.6,FIXED,SBL-CUST-006032,DEP.RET.TRM,2003,2026-02-20,2027-09-01,0.150229,FIXED,,,BR019
DEP-TIME_RET-0056,DEPOSIT,GHS,10301211.4,FIXED,SBL-CUST-002630,DEP.RET.TRM,2003,2022-02-18,2026-11-09,0.152056,FIXED,,,BR008
DEP-TIME_RET-0057,DEPOSIT,GHS,11501345.1,FIXED,SBL-CUST-004899,DEP.RET.TRM,2003,2022-08-15,2026-11-04,0.150844,FIXED,,,BR018
DEP-TIME_RET-0058,DEPOSIT,GHS,17254931.63,FIXED,SBL-CUST-000526,DEP.RET.TRM,2003,2024-10-29,2028-01-04,0.185832,FIXED,,,BR023
DEP-TIME_RET-0059,DEPOSIT,GHS,36842896.96,FIXED,SBL-CUST-005834,DEP.RET.TRM,2003,2025-04-08,2028-04-08,0.120903,FIXED,,,BR005
DEP-TIME_RET-0060,DEPOSIT,GHS,6285186.5,FIXED,SBL-CUST-012858,DEP.RET.TRM,2003,2025-02-05,2027-06-10,0.151065,FIXED,,,BR026
DEP-TIME_RET-0061,DEPOSIT,GHS,7962718.02,FIXED,SBL-CUST-002016,DEP.RET.TRM,2003,2020-10-25,2027-01-17,0.174342,FIXED,,,BR024
DEP-TIME_RET-0062,DEPOSIT,GHS,7407708.05,FIXED,SBL-CUST-007258,DEP.RET.TRM,2003,2025-02-26,2026-07-30,0.176124,FIXED,,,BR019
DEP-TIME_RET-0063,DEPOSIT,GHS,13061459.23,FIXED,SBL-CUST-009649,DEP.RET.TRM,2003,2022-02-19,2026-10-13,0.150439,FIXED,,,BR027
DEP-TIME_RET-0064,DEPOSIT,GHS,8200376.44,FIXED,SBL-CUST-003546,DEP.RET.TRM,2003,2026-05-07,2026-10-06,0.123854,FIXED,,,BR021
DEP-TIME_RET-0065,DEPOSIT,GHS,43161282.65,FIXED,SBL-CUST-004176,DEP.RET.TRM,2003,2020-07-25,2026-10-19,0.187423,FIXED,,,BR024
DEP-TIME_RET-0066,DEPOSIT,GHS,6753957.1,FIXED,SBL-CUST-013938,DEP.RET.TRM,2003,2024-11-20,2028-02-07,0.138317,FIXED,,,BR005
DEP-TIME_RET-0067,DEPOSIT,GHS,12087977.7,FIXED,SBL-CUST-008984,DEP.RET.TRM,2003,2023-09-07,2027-06-02,0.167234,FIXED,,,BR015
DEP-TIME_RET-0068,DEPOSIT,GHS,10546510.21,FIXED,SBL-CUST-012949,DEP.RET.TRM,2003,2023-06-27,2026-09-20,0.182633,FIXED,,,BR020
DEP-TIME_RET-0069,DEPOSIT,GHS,8622119.04,FIXED,SBL-CUST-013018,DEP.RET.TRM,2003,2021-02-16,2027-10-13,0.177113,FIXED,,,BR001
DEP-TIME_RET-0070,DEPOSIT,GHS,88824839.93,FIXED,SBL-CUST-010253,DEP.RET.TRM,2003,2024-03-12,2027-11-02,0.14514,FIXED,,,BR016
DEP-TIME_RET-0071,DEPOSIT,GHS,18000720.35,FIXED,SBL-CUST-008919,DEP.RET.TRM,2003,2021-07-26,2026-10-02,0.169741,FIXED,,,BR025
DEP-TIME_RET-0072,DEPOSIT,GHS,22317427.06,FIXED,SBL-CUST-011637,DEP.RET.TRM,2003,2022-04-24,2026-09-12,0.189718,FIXED,,,BR015
DEP-TIME_RET-0073,DEPOSIT,GHS,6732123.99,FIXED,SBL-CUST-006159,DEP.RET.TRM,2003,2022-07-04,2028-04-20,0.185077,FIXED,,,BR002
DEP-TIME_RET-0074,DEPOSIT,GHS,22658149.69,FIXED,SBL-CUST-000054,DEP.RET.TRM,2003,2024-01-14,2026-07-26,0.167527,FIXED,,,BR002
DEP-TIME_RET-0075,DEPOSIT,GHS,7006364.03,FIXED,SBL-CUST-001111,DEP.RET.TRM,2003,2020-03-13,2027-09-19,0.177004,FIXED,,,BR025
DEP-TIME_RET-0076,DEPOSIT,GHS,51578722.32,FIXED,SBL-CUST-007093,DEP.RET.TRM,2003,2024-04-06,2027-02-15,0.147443,FIXED,,,BR022
DEP-TIME_RET-0077,DEPOSIT,GHS,14511667.51,FIXED,SBL-CUST-004668,DEP.RET.TRM,2003,2024-05-10,2027-01-29,0.177812,FIXED,,,BR012
DEP-TIME_RET-0078,DEPOSIT,GHS,14377615.04,FIXED,SBL-CUST-008061,DEP.RET.TRM,2003,2020-11-29,2026-08-22,0.168544,FIXED,,,BR028
DEP-TIME_RET-0079,DEPOSIT,GHS,8873752.66,FIXED,SBL-CUST-010263,DEP.RET.TRM,2003,2024-12-21,2026-08-04,0.189531,FIXED,,,BR001
DEP-TIME_RET-0080,DEPOSIT,GHS,7286311.25,FIXED,SBL-CUST-001398,DEP.RET.TRM,2003,2025-01-18,2027-09-24,0.17093,FIXED,,,BR022
DEP-TIME_CORP-0001,DEPOSIT,GHS,12007078.87,FIXED,SBL-CUST-001167,DEP.CORP.TRM,2005,2019-01-29,2028-05-29,0.158255,FIXED,,,BR023
DEP-TIME_CORP-0002,DEPOSIT,GHS,11798946.8,FIXED,SBL-CUST-007445,DEP.CORP.TRM,2005,2019-04-09,2028-05-25,0.182033,FIXED,,,BR027
DEP-TIME_CORP-0003,DEPOSIT,GHS,8607253.71,FIXED,SBL-CUST-005638,DEP.CORP.TRM,2005,2020-01-26,2028-05-04,0.129418,FIXED,,,BR019
DEP-TIME_CORP-0004,DEPOSIT,GHS,10004316.12,FIXED,SBL-CUST-004456,DEP.CORP.TRM,2005,2019-08-22,2027-08-29,0.160855,FIXED,,,BR019
DEP-TIME_CORP-0005,DEPOSIT,GHS,8681296.26,FIXED,SBL-CUST-002832,DEP.CORP.TRM,2005,2018-08-20,2027-10-27,0.199543,FIXED,,,BR020
DEP-TIME_CORP-0006,DEPOSIT,GHS,8524354.36,FIXED,SBL-CUST-005779,DEP.CORP.TRM,2005,2022-02-03,2027-08-22,0.183306,FIXED,,,BR021
DEP-TIME_CORP-0007,DEPOSIT,GHS,36703915.76,FIXED,SBL-CUST-002865,DEP.CORP.TRM,2005,2019-02-05,2028-03-24,0.147336,FIXED,,,BR004
DEP-TIME_CORP-0008,DEPOSIT,GHS,19282898.65,FIXED,SBL-CUST-013923,DEP.CORP.TRM,2005,2023-02-02,2027-05-01,0.132152,FIXED,,,BR006
DEP-TIME_CORP-0009,DEPOSIT,GHS,36913550.88,FIXED,SBL-CUST-009760,DEP.CORP.TRM,2005,2023-03-30,2027-02-27,0.179656,FIXED,,,BR006
DEP-TIME_CORP-0010,DEPOSIT,GHS,8704272.54,FIXED,SBL-CUST-008160,DEP.CORP.TRM,2005,2023-06-05,2028-05-04,0.158477,FIXED,,,BR020
DEP-TIME_CORP-0011,DEPOSIT,GHS,77769897.48,FIXED,SBL-CUST-010524,DEP.CORP.TRM,2005,2022-11-25,2028-01-01,0.16326,FIXED,,,BR016
DEP-TIME_CORP-0012,DEPOSIT,GHS,9049584.71,FIXED,SBL-CUST-014581,DEP.CORP.TRM,2005,2019-03-26,2027-10-19,0.133819,FIXED,,,BR007
DEP-TIME_CORP-0013,DEPOSIT,GHS,45492829.86,FIXED,SBL-CUST-006694,DEP.CORP.TRM,2005,2021-08-30,2026-09-16,0.175523,FIXED,,,BR002
DEP-TIME_CORP-0014,DEPOSIT,GHS,34077867.95,FIXED,SBL-CUST-011999,DEP.CORP.TRM,2005,2019-09-01,2026-11-18,0.184698,FIXED,,,BR013
DEP-TIME_CORP-0015,DEPOSIT,GHS,10405999.61,FIXED,SBL-CUST-009069,DEP.CORP.TRM,2005,2021-12-28,2027-09-26,0.143546,FIXED,,,BR002
DEP-TIME_CORP-0016,DEPOSIT,GHS,9258961.01,FIXED,SBL-CUST-008777,DEP.CORP.TRM,2005,2025-05-04,2026-08-11,0.146139,FIXED,,,BR016
DEP-TIME_CORP-0017,DEPOSIT,GHS,11527899.01,FIXED,SBL-CUST-002006,DEP.CORP.TRM,2005,2023-11-13,2027-09-10,0.153907,FIXED,,,BR005
DEP-TIME_CORP-0018,DEPOSIT,GHS,9127045.5,FIXED,SBL-CUST-014581,DEP.CORP.TRM,2005,2023-05-03,2027-01-21,0.1608,FIXED,,,BR010
DEP-TIME_CORP-0019,DEPOSIT,GHS,10796966.05,FIXED,SBL-CUST-010393,DEP.CORP.TRM,2005,2020-01-07,2027-08-26,0.148877,FIXED,,,BR005
DEP-TIME_CORP-0020,DEPOSIT,GHS,12079776.63,FIXED,SBL-CUST-010780,DEP.CORP.TRM,2005,2024-10-29,2028-03-13,0.193423,FIXED,,,BR009
DEP-TIME_CORP-0021,DEPOSIT,GHS,13609601.12,FIXED,SBL-CUST-012946,DEP.CORP.TRM,2005,2024-07-17,2027-12-11,0.149859,FIXED,,,BR005
DEP-TIME_CORP-0022,DEPOSIT,GHS,16453684.32,FIXED,SBL-CUST-007674,DEP.CORP.TRM,2005,2021-12-29,2027-06-25,0.19374,FIXED,,,BR013
DEP-TIME_CORP-0023,DEPOSIT,GHS,11508183.96,FIXED,SBL-CUST-013953,DEP.CORP.TRM,2005,2024-08-27,2028-03-26,0.149499,FIXED,,,BR010
DEP-TIME_CORP-0024,DEPOSIT,GHS,22472656.5,FIXED,SBL-CUST-005415,DEP.CORP.TRM,2005,2026-04-09,2027-02-02,0.171126,FIXED,,,BR027
DEP-TIME_CORP-0025,DEPOSIT,GHS,9544616.9,FIXED,SBL-CUST-011694,DEP.CORP.TRM,2005,2018-12-20,2026-09-20,0.181781,FIXED,,,BR003
DEP-TIME_CORP-0026,DEPOSIT,GHS,12079422.9,FIXED,SBL-CUST-006150,DEP.CORP.TRM,2005,2021-01-23,2026-08-20,0.183278,FIXED,,,BR008
DEP-TIME_CORP-0027,DEPOSIT,GHS,27767765.32,FIXED,SBL-CUST-012379,DEP.CORP.TRM,2005,2021-10-25,2027-11-29,0.191355,FIXED,,,BR020
DEP-TIME_CORP-0028,DEPOSIT,GHS,23051809.71,FIXED,SBL-CUST-011364,DEP.CORP.TRM,2005,2020-08-29,2027-04-07,0.129841,FIXED,,,BR008
DEP-TIME_CORP-0029,DEPOSIT,GHS,8858976.02,FIXED,SBL-CUST-005100,DEP.CORP.TRM,2005,2024-03-07,2028-04-03,0.18419,FIXED,,,BR008
DEP-TIME_CORP-0030,DEPOSIT,GHS,67771272.24,FIXED,SBL-CUST-002438,DEP.CORP.TRM,2005,2025-02-20,2028-02-10,0.136132,FIXED,,,BR007
DEP-TIME_CORP-0031,DEPOSIT,GHS,14371195.56,FIXED,SBL-CUST-002283,DEP.CORP.TRM,2005,2025-12-23,2026-09-09,0.167802,FIXED,,,BR006
DEP-TIME_CORP-0032,DEPOSIT,GHS,21507800.46,FIXED,SBL-CUST-013272,DEP.CORP.TRM,2005,2021-02-19,2027-04-10,0.171315,FIXED,,,BR011
DEP-TIME_CORP-0033,DEPOSIT,GHS,11929941.45,FIXED,SBL-CUST-009863,DEP.CORP.TRM,2005,2021-09-11,2028-03-12,0.132567,FIXED,,,BR021
DEP-TIME_CORP-0034,DEPOSIT,GHS,9433284.0,FIXED,SBL-CUST-009075,DEP.CORP.TRM,2005,2020-05-10,2026-10-08,0.182666,FIXED,,,BR022
DEP-TIME_CORP-0035,DEPOSIT,GHS,15813465.83,FIXED,SBL-CUST-001118,DEP.CORP.TRM,2005,2024-11-21,2027-12-02,0.16508,FIXED,,,BR018
DEP-TIME_CORP-0036,DEPOSIT,GHS,13298208.29,FIXED,SBL-CUST-014274,DEP.CORP.TRM,2005,2023-08-06,2028-02-09,0.16031,FIXED,,,BR005
DEP-TIME_CORP-0037,DEPOSIT,GHS,9835380.57,FIXED,SBL-CUST-006241,DEP.CORP.TRM,2005,2018-08-18,2027-07-31,0.140562,FIXED,,,BR005
DEP-TIME_CORP-0038,DEPOSIT,GHS,31174689.49,FIXED,SBL-CUST-012057,DEP.CORP.TRM,2005,2021-05-04,2027-07-30,0.174882,FIXED,,,BR010
DEP-TIME_CORP-0039,DEPOSIT,GHS,21410518.49,FIXED,SBL-CUST-007819,DEP.CORP.TRM,2005,2024-10-09,2028-04-19,0.175566,FIXED,,,BR019
DEP-TIME_CORP-0040,DEPOSIT,GHS,9465650.95,FIXED,SBL-CUST-001242,DEP.CORP.TRM,2005,2023-10-30,2028-01-07,0.161117,FIXED,,,BR012
DEP-TIME_CORP-0041,DEPOSIT,GHS,19369824.75,FIXED,SBL-CUST-000901,DEP.CORP.TRM,2005,2019-06-28,2026-12-03,0.16114,FIXED,,,BR022
DEP-TIME_CORP-0042,DEPOSIT,GHS,21808356.41,FIXED,SBL-CUST-012473,DEP.CORP.TRM,2005,2021-06-09,2027-10-27,0.159662,FIXED,,,BR011
DEP-TIME_CORP-0043,DEPOSIT,GHS,11407751.93,FIXED,SBL-CUST-002922,DEP.CORP.TRM,2005,2023-01-03,2027-04-27,0.194195,FIXED,,,BR004
DEP-TIME_CORP-0044,DEPOSIT,GHS,25230834.94,FIXED,SBL-CUST-005031,DEP.CORP.TRM,2005,2021-07-03,2027-12-30,0.166554,FIXED,,,BR010
DEP-TIME_CORP-0045,DEPOSIT,GHS,91906393.56,FIXED,SBL-CUST-008426,DEP.CORP.TRM,2005,2025-06-05,2028-05-03,0.181109,FIXED,,,BR005
DEP-TIME_CORP-0046,DEPOSIT,GHS,9143958.18,FIXED,SBL-CUST-014110,DEP.CORP.TRM,2005,2021-10-23,2027-05-09,0.190729,FIXED,,,BR028
DEP-TIME_CORP-0047,DEPOSIT,GHS,12180650.1,FIXED,SBL-CUST-008444,DEP.CORP.TRM,2005,2025-01-31,2026-08-02,0.19967,FIXED,,,BR005
DEP-TIME_CORP-0048,DEPOSIT,GHS,14149654.43,FIXED,SBL-CUST-000126,DEP.CORP.TRM,2005,2021-12-28,2028-01-10,0.183395,FIXED,,,BR004
DEP-TIME_CORP-0049,DEPOSIT,GHS,15986055.09,FIXED,SBL-CUST-003769,DEP.CORP.TRM,2005,2024-04-19,2027-07-25,0.157764,FIXED,,,BR009
DEP-TIME_CORP-0050,DEPOSIT,GHS,46787868.21,FIXED,SBL-CUST-004450,DEP.CORP.TRM,2005,2020-06-01,2028-02-13,0.166019,FIXED,,,BR024
DEP-CD-0001,DEPOSIT,GHS,6886227.06,OTHER,SBL-CUST-005478,DEP.GHS.CD,2003,2024-06-12,2026-09-04,0.172281,FLOATING,,certificate_of_deposit,BR013
DEP-CD-0002,DEPOSIT,GHS,6522062.91,OTHER,SBL-CUST-004045,DEP.GHS.CD,2003,2026-05-01,2028-03-10,0.194222,FLOATING,,certificate_of_deposit,BR025
DEP-CD-0003,DEPOSIT,GHS,8553195.26,OTHER,SBL-CUST-013190,DEP.GHS.CD,2003,2023-09-27,2027-04-23,0.16993,FLOATING,,certificate_of_deposit,BR009
DEP-CD-0004,DEPOSIT,GHS,7695659.6,OTHER,SBL-CUST-013188,DEP.GHS.CD,2003,2021-07-26,2026-12-31,0.16536,FLOATING,,certificate_of_deposit,BR023
DEP-CD-0005,DEPOSIT,GHS,12223560.76,OTHER,SBL-CUST-005564,DEP.GHS.CD,2003,2020-01-15,2027-04-17,0.196102,FLOATING,,certificate_of_deposit,BR003
DEP-CD-0006,DEPOSIT,GHS,5651662.13,OTHER,SBL-CUST-011178,DEP.GHS.CD,2003,2020-11-08,2027-06-28,0.17804,FLOATING,,certificate_of_deposit,BR007
DEP-CD-0007,DEPOSIT,GHS,14738776.55,OTHER,SBL-CUST-000367,DEP.GHS.CD,2003,2020-06-05,2026-08-11,0.189967,FLOATING,,certificate_of_deposit,BR020
DEP-CD-0008,DEPOSIT,GHS,5444643.36,OTHER,SBL-CUST-014297,DEP.GHS.CD,2003,2023-04-06,2026-09-14,0.198269,FLOATING,,certificate_of_deposit,BR002
DEP-CD-0009,DEPOSIT,GHS,8130078.06,OTHER,SBL-CUST-000908,DEP.GHS.CD,2003,2025-01-30,2027-01-28,0.190136,FLOATING,,certificate_of_deposit,BR024
DEP-CD-0010,DEPOSIT,GHS,6885566.47,OTHER,SBL-CUST-010753,DEP.GHS.CD,2003,2022-06-20,2026-11-22,0.169278,FLOATING,,certificate_of_deposit,BR028
DEP-CD-0011,DEPOSIT,GHS,7527673.68,OTHER,SBL-CUST-011826,DEP.GHS.CD,2003,2025-01-30,2027-08-08,0.144492,FLOATING,,certificate_of_deposit,BR008
DEP-CD-0012,DEPOSIT,GHS,79452619.42,OTHER,SBL-CUST-009484,DEP.GHS.CD,2003,2021-06-01,2027-01-22,0.186118,FLOATING,,certificate_of_deposit,BR013
DEP-CD-0013,DEPOSIT,GHS,6454224.21,OTHER,SBL-CUST-005702,DEP.GHS.CD,2003,2021-02-19,2028-01-04,0.146977,FLOATING,,certificate_of_deposit,BR023
DEP-CD-0014,DEPOSIT,GHS,22384459.83,OTHER,SBL-CUST-010076,DEP.GHS.CD,2003,2024-08-30,2027-04-20,0.190682,FLOATING,,certificate_of_deposit,BR025
DEP-CD-0015,DEPOSIT,GHS,10033540.18,OTHER,SBL-CUST-010007,DEP.GHS.CD,2003,2025-05-21,2026-08-13,0.194248,FLOATING,,certificate_of_deposit,BR008
DEP-CD-0016,DEPOSIT,GHS,5196100.31,OTHER,SBL-CUST-010640,DEP.GHS.CD,2003,2023-11-26,2026-08-28,0.178793,FLOATING,,certificate_of_deposit,BR027
DEP-CD-0017,DEPOSIT,GHS,20099000.26,OTHER,SBL-CUST-008744,DEP.GHS.CD,2003,2024-01-16,2027-02-05,0.185492,FLOATING,,certificate_of_deposit,BR016
DEP-CD-0018,DEPOSIT,GHS,31128654.92,OTHER,SBL-CUST-000210,DEP.GHS.CD,2003,2023-08-14,2027-06-24,0.183207,FLOATING,,certificate_of_deposit,BR013
DEP-CD-0019,DEPOSIT,GHS,31427912.52,OTHER,SBL-CUST-000394,DEP.GHS.CD,2003,2021-06-03,2028-02-02,0.167021,FLOATING,,certificate_of_deposit,BR003
DEP-CD-0020,DEPOSIT,GHS,14176712.83,OTHER,SBL-CUST-013043,DEP.GHS.CD,2003,2021-12-23,2027-11-01,0.197796,FLOATING,,certificate_of_deposit,BR027
DEP-CD-0021,DEPOSIT,GHS,18717093.31,OTHER,SBL-CUST-014837,DEP.GHS.CD,2003,2023-10-19,2027-08-25,0.19883,FLOATING,,certificate_of_deposit,BR014
DEP-CD-0022,DEPOSIT,GHS,103182670.7,OTHER,SBL-CUST-000297,DEP.GHS.CD,2003,2022-08-12,2026-08-08,0.156461,FLOATING,,certificate_of_deposit,BR015
DEP-CD-0023,DEPOSIT,GHS,6239281.04,OTHER,SBL-CUST-007156,DEP.GHS.CD,2003,2020-10-15,2028-01-09,0.193367,FLOATING,,certificate_of_deposit,BR028
DEP-CD-0024,DEPOSIT,GHS,6988937.36,OTHER,SBL-CUST-001223,DEP.GHS.CD,2003,2025-11-10,2027-07-17,0.164964,FLOATING,,certificate_of_deposit,BR015
DEP-CD-0025,DEPOSIT,GHS,6356942.11,OTHER,SBL-CUST-008414,DEP.GHS.CD,2003,2020-04-19,2027-10-10,0.180282,FLOATING,,certificate_of_deposit,BR021
DEP-SPECIAL-0001,DEPOSIT,GHS,25566190.18,OTHER,SBL-CUST-012195,DEP.GHS.SPECIAL,2000,2023-04-23,,0.005418,FLOATING,,special_deposit,BR027
DEP-SPECIAL-0002,DEPOSIT,GHS,6228588.13,OTHER,SBL-CUST-000352,DEP.GHS.SPECIAL,2000,2019-04-30,,0.010546,FLOATING,,special_deposit,BR001
DEP-SPECIAL-0003,DEPOSIT,GHS,13136146.89,OTHER,SBL-CUST-013720,DEP.GHS.SPECIAL,2000,2025-09-07,,0.000336,FLOATING,,special_deposit,BR013
DEP-SPECIAL-0004,DEPOSIT,GHS,7330033.23,OTHER,SBL-CUST-007947,DEP.GHS.SPECIAL,2000,2023-05-14,,0.014205,FLOATING,,special_deposit,BR023
DEP-SPECIAL-0005,DEPOSIT,GHS,7906973.91,OTHER,SBL-CUST-002475,DEP.GHS.SPECIAL,2000,2019-02-17,,0.004743,FLOATING,,special_deposit,BR028
DEP-SPECIAL-0006,DEPOSIT,GHS,7793052.68,OTHER,SBL-CUST-001733,DEP.GHS.SPECIAL,2000,2026-05-16,,0.020932,FLOATING,,special_deposit,BR001
DEP-SPECIAL-0007,DEPOSIT,GHS,26639806.05,OTHER,SBL-CUST-010133,DEP.GHS.SPECIAL,2000,2019-03-20,,0.023702,FLOATING,,special_deposit,BR013
DEP-SPECIAL-0008,DEPOSIT,GHS,41724563.48,OTHER,SBL-CUST-004515,DEP.GHS.SPECIAL,2000,2026-03-22,,0.001018,FLOATING,,special_deposit,BR016
DEP-SPECIAL-0009,DEPOSIT,GHS,6057208.4,OTHER,SBL-CUST-013590,DEP.GHS.SPECIAL,2000,2025-11-05,,0.026828,FLOATING,,special_deposit,BR028
DEP-SPECIAL-0010,DEPOSIT,GHS,8770997.78,OTHER,SBL-CUST-002906,DEP.GHS.SPECIAL,2000,2018-12-11,,0.021528,FLOATING,,special_deposit,BR012
DEP-SPECIAL-0011,DEPOSIT,GHS,7278617.23,OTHER,SBL-CUST-004437,DEP.GHS.SPECIAL,2000,2023-07-16,,0.008157,FLOATING,,special_deposit,BR017
DEP-SPECIAL-0012,DEPOSIT,GHS,6703301.51,OTHER,SBL-CUST-005411,DEP.GHS.SPECIAL,2000,2025-01-12,,0.015143,FLOATING,,special_deposit,BR024
DEP-SPECIAL-0013,DEPOSIT,GHS,8512037.09,OTHER,SBL-CUST-004248,DEP.GHS.SPECIAL,2000,2019-05-30,,0.028766,FLOATING,,special_deposit,BR028
DEP-SPECIAL-0014,DEPOSIT,GHS,24306783.92,OTHER,SBL-CUST-007352,DEP.GHS.SPECIAL,2000,2022-04-04,,0.021821,FLOATING,,special_deposit,BR017
DEP-SPECIAL-0015,DEPOSIT,GHS,10113682.29,OTHER,SBL-CUST-004218,DEP.GHS.SPECIAL,2000,2025-08-27,,0.014323,FLOATING,,special_deposit,BR003
DEP-SPECIAL-0016,DEPOSIT,GHS,6424043.66,OTHER,SBL-CUST-006692,DEP.GHS.SPECIAL,2000,2018-08-07,,0.006452,FLOATING,,special_deposit,BR024
DEP-SPECIAL-0017,DEPOSIT,GHS,6872735.45,OTHER,SBL-CUST-013542,DEP.GHS.SPECIAL,2000,2019-11-14,,0.01554,FLOATING,,special_deposit,BR023
DEP-SPECIAL-0018,DEPOSIT,GHS,9820744.15,OTHER,SBL-CUST-010270,DEP.GHS.SPECIAL,2000,2018-09-18,,0.0125,FLOATING,,special_deposit,BR018
DEP-MARGIN-0001,DEPOSIT,GHS,5754448.36,OTHER,SBL-CUST-008378,DEP.GHS.MARGIN,2000,2024-01-26,,0.0,FLOATING,,margin_against_contingent,BR015
DEP-MARGIN-0002,DEPOSIT,GHS,12913179.31,OTHER,SBL-CUST-013631,DEP.GHS.MARGIN,2000,2025-04-27,,0.0,FLOATING,,margin_against_contingent,BR002
DEP-MARGIN-0003,DEPOSIT,GHS,19765017.91,OTHER,SBL-CUST-010768,DEP.GHS.MARGIN,2000,2019-03-10,,0.0,FLOATING,,margin_against_contingent,BR016
DEP-MARGIN-0004,DEPOSIT,GHS,5245188.5,OTHER,SBL-CUST-003937,DEP.GHS.MARGIN,2000,2021-04-10,,0.0,FLOATING,,margin_against_contingent,BR019
DEP-MARGIN-0005,DEPOSIT,GHS,6180687.81,OTHER,SBL-CUST-009679,DEP.GHS.MARGIN,2000,2023-12-23,,0.0,FLOATING,,margin_against_contingent,BR015
DEP-MARGIN-0006,DEPOSIT,GHS,5473364.57,OTHER,SBL-CUST-000466,DEP.GHS.MARGIN,2000,2019-01-25,,0.0,FLOATING,,margin_against_contingent,BR002
DEP-MARGIN-0007,DEPOSIT,GHS,44946928.04,OTHER,SBL-CUST-010460,DEP.GHS.MARGIN,2000,2024-04-04,,0.0,FLOATING,,margin_against_contingent,BR018
DEP-MARGIN-0008,DEPOSIT,GHS,20822553.29,OTHER,SBL-CUST-010386,DEP.GHS.MARGIN,2000,2025-10-30,,0.0,FLOATING,,margin_against_contingent,BR016
DEP-MARGIN-0009,DEPOSIT,GHS,5170614.71,OTHER,SBL-CUST-007419,DEP.GHS.MARGIN,2000,2026-04-22,,0.0,FLOATING,,margin_against_contingent,BR024
DEP-MARGIN-0010,DEPOSIT,GHS,5251933.29,OTHER,SBL-CUST-002208,DEP.GHS.MARGIN,2000,2023-01-19,,0.0,FLOATING,,margin_against_contingent,BR008
DEP-MARGIN-0011,DEPOSIT,GHS,4979680.75,OTHER,SBL-CUST-013158,DEP.GHS.MARGIN,2000,2020-08-23,,0.0,FLOATING,,margin_against_contingent,BR008
DEP-MARGIN-0012,DEPOSIT,GHS,7781817.15,OTHER,SBL-CUST-003382,DEP.GHS.MARGIN,2000,2024-05-30,,0.0,FLOATING,,margin_against_contingent,BR026
DEP-MARGIN-0013,DEPOSIT,GHS,5593451.23,OTHER,SBL-CUST-011369,DEP.GHS.MARGIN,2000,2024-04-17,,0.0,FLOATING,,margin_against_contingent,BR020
DEP-MARGIN-0014,DEPOSIT,GHS,27897134.19,OTHER,SBL-CUST-005306,DEP.GHS.MARGIN,2000,2025-08-09,,0.0,FLOATING,,margin_against_contingent,BR013
DEP-FX_CURRENT-0001,DEPOSIT,USD,1045180.14,CURRENT,SBL-CUST-008609,DEP.USD.CUR,2006,2025-01-24,,0.003067,FLOATING,16116677.69,,BR018
DEP-FX_CURRENT-0002,DEPOSIT,USD,1932863.38,CURRENT,SBL-CUST-013675,DEP.USD.CUR,2006,2022-07-05,,0.00631,FLOATING,29804753.31,,BR022
DEP-FX_CURRENT-0003,DEPOSIT,USD,1601223.45,CURRENT,SBL-CUST-009025,DEP.USD.CUR,2006,2024-12-25,,0.001561,FLOATING,24690865.6,,BR023
DEP-FX_CURRENT-0004,DEPOSIT,USD,2712007.6,CURRENT,SBL-CUST-003671,DEP.USD.CUR,2006,2026-04-14,,0.009412,FLOATING,41819157.26,,BR028
DEP-FX_CURRENT-0005,DEPOSIT,USD,1066446.26,CURRENT,SBL-CUST-006233,DEP.USD.CUR,2006,2021-02-04,,0.005939,FLOATING,16444601.33,,BR009
DEP-FX_CURRENT-0006,DEPOSIT,USD,1172206.27,CURRENT,SBL-CUST-014914,DEP.USD.CUR,2006,2024-07-01,,0.013497,FLOATING,18075420.69,,BR018
DEP-FX_CURRENT-0007,DEPOSIT,USD,1605047.7,CURRENT,SBL-CUST-003610,DEP.USD.CUR,2006,2026-01-19,,0.014059,FLOATING,24749835.61,,BR011
DEP-FX_CURRENT-0008,DEPOSIT,USD,1424383.53,CURRENT,SBL-CUST-013705,DEP.USD.CUR,2006,2025-04-07,,0.007081,FLOATING,21963994.02,,BR008
DEP-FX_CURRENT-0009,DEPOSIT,USD,1158370.75,CURRENT,SBL-CUST-009598,DEP.USD.CUR,2006,2024-10-30,,0.006336,FLOATING,17862077.04,,BR025
DEP-FX_CURRENT-0010,DEPOSIT,USD,4098225.33,CURRENT,SBL-CUST-004115,DEP.USD.CUR,2006,2025-08-24,,0.008519,FLOATING,63194634.61,,BR012
DEP-FX_CURRENT-0011,DEPOSIT,USD,6242791.17,CURRENT,SBL-CUST-006505,DEP.USD.CUR,2006,2023-08-03,,0.001921,FLOATING,96263839.86,,BR023
DEP-FX_CURRENT-0012,DEPOSIT,USD,2997014.05,CURRENT,SBL-CUST-008231,DEP.USD.CUR,2006,2024-04-05,,0.013476,FLOATING,46213956.58,,BR014
DEP-FX_CURRENT-0013,DEPOSIT,USD,1790585.95,CURRENT,SBL-CUST-014212,DEP.USD.CUR,2006,2024-08-24,,0.007503,FLOATING,27610835.31,,BR024
DEP-FX_CURRENT-0014,DEPOSIT,USD,933757.71,CURRENT,SBL-CUST-010294,DEP.USD.CUR,2006,2021-11-30,,0.013285,FLOATING,14398543.96,,BR003
DEP-FX_CURRENT-0015,DEPOSIT,USD,1018583.37,CURRENT,SBL-CUST-010755,DEP.USD.CUR,2006,2022-05-23,,0.012674,FLOATING,15706555.5,,BR021
DEP-FX_CURRENT-0016,DEPOSIT,USD,1324932.71,CURRENT,SBL-CUST-011611,DEP.USD.CUR,2006,2019-02-05,,0.008546,FLOATING,20430462.31,,BR004
DEP-FX_CURRENT-0017,DEPOSIT,USD,1319532.6,CURRENT,SBL-CUST-000508,DEP.USD.CUR,2006,2021-10-03,,0.013919,FLOATING,20347192.74,,BR017
DEP-FX_CURRENT-0018,DEPOSIT,USD,1941928.34,CURRENT,SBL-CUST-010107,DEP.USD.CUR,2006,2020-05-01,,0.000253,FLOATING,29944535.01,,BR020
DEP-FX_CURRENT-0019,DEPOSIT,USD,3888363.84,CURRENT,SBL-CUST-005311,DEP.USD.CUR,2006,2026-05-11,,0.006435,FLOATING,59958570.45,,BR007
DEP-FX_CURRENT-0020,DEPOSIT,USD,998211.0,CURRENT,SBL-CUST-006765,DEP.USD.CUR,2006,2021-08-21,,0.013989,FLOATING,15392413.63,,BR018
DEP-FX_CURRENT-0021,DEPOSIT,USD,910221.56,CURRENT,SBL-CUST-008530,DEP.USD.CUR,2006,2019-10-17,,0.001923,FLOATING,14035616.5,,BR010
DEP-FX_CURRENT-0022,DEPOSIT,USD,1001921.35,CURRENT,SBL-CUST-011565,DEP.USD.CUR,2006,2019-10-07,,0.004983,FLOATING,15449627.22,,BR019
DEP-FX_CURRENT-0023,DEPOSIT,USD,2335445.03,CURRENT,SBL-CUST-004786,DEP.USD.CUR,2006,2022-07-04,,0.014378,FLOATING,36012562.35,,BR005
DEP-FX_CURRENT-0024,DEPOSIT,USD,920605.94,CURRENT,SBL-CUST-008984,DEP.USD.CUR,2006,2025-01-18,,0.011779,FLOATING,14195743.6,,BR024
DEP-FX_CURRENT-0025,DEPOSIT,USD,1541097.8,CURRENT,SBL-CUST-008252,DEP.USD.CUR,2006,2020-06-21,,0.006677,FLOATING,23763728.05,,BR022
DEP-FX_CURRENT-0026,DEPOSIT,USD,1420977.04,CURRENT,SBL-CUST-005670,DEP.USD.CUR,2006,2023-11-04,,0.014476,FLOATING,21911465.99,,BR012
DEP-FX_CURRENT-0027,DEPOSIT,USD,889060.55,CURRENT,SBL-CUST-009206,DEP.USD.CUR,2006,2024-02-28,,0.006877,FLOATING,13709313.69,,BR018
DEP-FX_CURRENT-0028,DEPOSIT,USD,1509346.5,CURRENT,SBL-CUST-006533,DEP.USD.CUR,2006,2023-11-27,,0.011375,FLOATING,23274123.1,,BR028
DEP-FX_CURRENT-0029,DEPOSIT,USD,1610950.32,CURRENT,SBL-CUST-003801,DEP.USD.CUR,2006,2022-11-03,,0.005798,FLOATING,24840853.9,,BR024
DEP-FX_CURRENT-0030,DEPOSIT,USD,1494892.21,CURRENT,SBL-CUST-006480,DEP.USD.CUR,2006,2022-03-21,,0.010989,FLOATING,23051237.82,,BR007
DEP-FX_CURRENT-0031,DEPOSIT,USD,2529178.02,CURRENT,SBL-CUST-009560,DEP.USD.CUR,2006,2019-06-30,,0.003737,FLOATING,38999925.11,,BR011
DEP-FX_CURRENT-0032,DEPOSIT,USD,2785385.92,CURRENT,SBL-CUST-006100,DEP.USD.CUR,2006,2020-02-29,,0.009294,FLOATING,42950650.95,,BR025
DEP-FX_CURRENT-0033,DEPOSIT,USD,6327311.65,CURRENT,SBL-CUST-009835,DEP.USD.CUR,2006,2022-03-29,,0.008215,FLOATING,97567145.61,,BR019
DEP-FX_CURRENT-0034,DEPOSIT,USD,2345002.44,CURRENT,SBL-CUST-010071,DEP.USD.CUR,2006,2020-04-28,,0.001025,FLOATING,36159937.66,,BR010
DEP-FX_CURRENT-0035,DEPOSIT,USD,994534.52,CURRENT,SBL-CUST-002622,DEP.USD.CUR,2006,2024-10-12,,0.002603,FLOATING,15335722.33,,BR018
DEP-FX_CURRENT-0036,DEPOSIT,USD,2119726.92,CURRENT,SBL-CUST-007606,DEP.USD.CUR,2006,2019-08-01,,0.000958,FLOATING,32686189.17,,BR023
DEP-FX_CURRENT-0037,DEPOSIT,USD,1136912.26,CURRENT,SBL-CUST-012395,DEP.USD.CUR,2006,2024-12-30,,0.010399,FLOATING,17531187.05,,BR015
DEP-FX_CURRENT-0038,DEPOSIT,USD,1335235.59,CURRENT,SBL-CUST-005949,DEP.USD.CUR,2006,2023-10-23,,0.011452,FLOATING,20589332.87,,BR024
DEP-FX_CURRENT-0039,DEPOSIT,USD,1463206.14,CURRENT,SBL-CUST-007705,DEP.USD.CUR,2006,2019-02-10,,0.001182,FLOATING,22562638.66,,BR026
DEP-FX_CURRENT-0040,DEPOSIT,USD,1197970.31,CURRENT,SBL-CUST-007935,DEP.USD.CUR,2006,2021-02-21,,0.005314,FLOATING,18472702.19,,BR022
DEP-FX_CURRENT-0041,DEPOSIT,USD,1075908.6,CURRENT,SBL-CUST-009735,DEP.USD.CUR,2006,2021-05-09,,0.002918,FLOATING,16590510.54,,BR022
DEP-FX_CURRENT-0042,DEPOSIT,USD,1065700.78,CURRENT,SBL-CUST-011330,DEP.USD.CUR,2006,2024-12-25,,0.011945,FLOATING,16433105.99,,BR018
DEP-FX_CURRENT-0043,DEPOSIT,USD,1202194.95,CURRENT,SBL-CUST-008448,DEP.USD.CUR,2006,2021-08-26,,0.001798,FLOATING,18537846.16,,BR020
DEP-FX_CURRENT-0044,DEPOSIT,USD,915518.47,CURRENT,SBL-CUST-008688,DEP.USD.CUR,2006,2020-12-09,,0.01402,FLOATING,14117294.88,,BR001
DEP-FX_SAVINGS-0001,DEPOSIT,USD,930921.49,SAVINGS,SBL-CUST-008657,DEP.USD.SAV,2006,2024-07-28,,0.007258,FLOATING,14354809.36,,BR020
DEP-FX_SAVINGS-0002,DEPOSIT,USD,1329562.21,SAVINGS,SBL-CUST-010040,DEP.USD.SAV,2006,2025-08-09,,0.010218,FLOATING,20501849.22,,BR024
DEP-FX_SAVINGS-0003,DEPOSIT,USD,2845901.83,SAVINGS,SBL-CUST-008471,DEP.USD.SAV,2006,2023-02-12,,0.01263,FLOATING,43883806.14,,BR012
DEP-FX_SAVINGS-0004,DEPOSIT,USD,4283634.96,SAVINGS,SBL-CUST-000611,DEP.USD.SAV,2006,2025-10-03,,0.015002,FLOATING,66053651.01,,BR011
DEP-FX_SAVINGS-0005,DEPOSIT,USD,1814366.76,SAVINGS,SBL-CUST-010025,DEP.USD.SAV,2006,2021-12-31,,0.018097,FLOATING,27977535.38,,BR009
DEP-FX_SAVINGS-0006,DEPOSIT,USD,1072651.79,SAVINGS,SBL-CUST-007117,DEP.USD.SAV,2006,2021-05-14,,0.013305,FLOATING,16540290.56,,BR016
DEP-FX_SAVINGS-0007,DEPOSIT,USD,1484726.16,SAVINGS,SBL-CUST-001249,DEP.USD.SAV,2006,2018-09-02,,0.017891,FLOATING,22894477.41,,BR004
DEP-FX_SAVINGS-0008,DEPOSIT,USD,1673075.94,SAVINGS,SBL-CUST-000816,DEP.USD.SAV,2006,2021-07-21,,0.017528,FLOATING,25798831.0,,BR006
DEP-FX_SAVINGS-0009,DEPOSIT,USD,940049.14,SAVINGS,SBL-CUST-014625,DEP.USD.SAV,2006,2018-09-03,,0.010948,FLOATING,14495557.82,,BR022
DEP-FX_SAVINGS-0010,DEPOSIT,USD,991768.94,SAVINGS,SBL-CUST-005746,DEP.USD.SAV,2006,2024-05-25,,0.00758,FLOATING,15293077.05,,BR009
DEP-FX_SAVINGS-0011,DEPOSIT,USD,4630148.44,SAVINGS,SBL-CUST-003083,DEP.USD.SAV,2006,2025-09-08,,0.00642,FLOATING,71396888.94,,BR003
DEP-FX_SAVINGS-0012,DEPOSIT,USD,1031270.61,SAVINGS,SBL-CUST-011994,DEP.USD.SAV,2006,2021-06-10,,0.008296,FLOATING,15902192.77,,BR016
DEP-FX_SAVINGS-0013,DEPOSIT,USD,1698436.76,SAVINGS,SBL-CUST-010304,DEP.USD.SAV,2006,2019-01-28,,0.017529,FLOATING,26189894.78,,BR027
DEP-FX_SAVINGS-0014,DEPOSIT,USD,1006638.55,SAVINGS,SBL-CUST-013241,DEP.USD.SAV,2006,2025-11-02,,0.013273,FLOATING,15522366.5,,BR010
DEP-FX_SAVINGS-0015,DEPOSIT,USD,1128199.15,SAVINGS,SBL-CUST-003625,DEP.USD.SAV,2006,2019-01-14,,0.010763,FLOATING,17396830.87,,BR021
DEP-FX_SAVINGS-0016,DEPOSIT,USD,1009906.94,SAVINGS,SBL-CUST-001487,DEP.USD.SAV,2006,2025-04-29,,0.019303,FLOATING,15572765.03,,BR008
DEP-FX_TIME-0001,DEPOSIT,USD,1849978.18,FIXED,SBL-CUST-013122,DEP.USD.TRM,2006,2021-03-11,2027-05-20,0.053311,FIXED,28526663.6,,BR011
DEP-FX_TIME-0002,DEPOSIT,USD,4172026.12,FIXED,SBL-CUST-002458,DEP.USD.TRM,2006,2025-09-17,2027-08-11,0.021935,FIXED,64332642.76,,BR018
DEP-FX_TIME-0003,DEPOSIT,USD,1333540.11,FIXED,SBL-CUST-003383,DEP.USD.TRM,2006,2024-08-26,2028-03-05,0.022064,FIXED,20563188.57,,BR020
DEP-FX_TIME-0004,DEPOSIT,USD,1625380.78,FIXED,SBL-CUST-005989,DEP.USD.TRM,2006,2021-06-11,2028-01-25,0.048213,FIXED,25063371.68,,BR014
DEP-FX_TIME-0005,DEPOSIT,USD,1332790.75,FIXED,SBL-CUST-004053,DEP.USD.TRM,2006,2023-12-27,2027-07-28,0.039459,FIXED,20551633.33,,BR018
DEP-FX_TIME-0006,DEPOSIT,USD,2328220.7,FIXED,SBL-CUST-012449,DEP.USD.TRM,2006,2021-08-04,2027-05-09,0.029006,FIXED,35901163.25,,BR028
DEP-FX_TIME-0007,DEPOSIT,USD,1491986.52,FIXED,SBL-CUST-013421,DEP.USD.TRM,2006,2024-06-07,2027-03-10,0.049788,FIXED,23006432.15,,BR013
DEP-FX_TIME-0008,DEPOSIT,USD,2269210.26,FIXED,SBL-CUST-011436,DEP.USD.TRM,2006,2020-05-09,2027-09-14,0.022045,FIXED,34991222.2,,BR009
DEP-FX_TIME-0009,DEPOSIT,USD,3814749.92,FIXED,SBL-CUST-012265,DEP.USD.TRM,2006,2025-11-20,2028-03-14,0.05357,FIXED,58823443.72,,BR028
DEP-FX_TIME-0010,DEPOSIT,USD,1596731.47,FIXED,SBL-CUST-014565,DEP.USD.TRM,2006,2022-06-01,2026-10-29,0.032395,FIXED,24621599.2,,BR026
DEP-FX_TIME-0011,DEPOSIT,USD,3316551.84,FIXED,SBL-CUST-011526,DEP.USD.TRM,2006,2025-10-02,2026-08-30,0.034414,FIXED,51141229.36,,BR026
DEP-FX_TIME-0012,DEPOSIT,USD,1771075.77,FIXED,SBL-CUST-000785,DEP.USD.TRM,2006,2023-03-26,2028-02-27,0.030695,FIXED,27309988.36,,BR025
DEP-FX_SPECIAL-0001,DEPOSIT,USD,2717724.99,OTHER,SBL-CUST-002052,DEP.FX.SPECIAL,2006,2025-03-29,,0.016157,FLOATING,41907319.29,special_deposit,BR009
DEP-FX_SPECIAL-0002,DEPOSIT,USD,532022.04,OTHER,SBL-CUST-008462,DEP.FX.SPECIAL,2006,2023-03-03,,0.012226,FLOATING,8203779.86,special_deposit,BR010
DEP-FX_SPECIAL-0003,DEPOSIT,USD,755257.11,OTHER,SBL-CUST-001558,DEP.FX.SPECIAL,2006,2019-03-15,,0.015074,FLOATING,11646064.71,special_deposit,BR024
DEP-FX_SPECIAL-0004,DEPOSIT,USD,569881.04,OTHER,SBL-CUST-008082,DEP.FX.SPECIAL,2006,2018-12-21,,0.018284,FLOATING,8787565.64,special_deposit,BR028
DEP-FX_SPECIAL-0005,DEPOSIT,USD,853012.62,OTHER,SBL-CUST-012623,DEP.FX.SPECIAL,2006,2020-06-05,,0.019237,FLOATING,13153454.63,special_deposit,BR021
DEP-FX_SPECIAL-0006,DEPOSIT,USD,514892.64,OTHER,SBL-CUST-009212,DEP.FX.SPECIAL,2006,2024-07-29,,0.006964,FLOATING,7939644.55,special_deposit,BR012
DEP-FX_SPECIAL-0007,DEPOSIT,USD,1213326.9,OTHER,SBL-CUST-013056,DEP.FX.SPECIAL,2006,2019-12-12,,0.008964,FLOATING,18709500.82,special_deposit,BR022
DEP-FX_SPECIAL-0008,DEPOSIT,USD,504445.3,OTHER,SBL-CUST-014239,DEP.FX.SPECIAL,2006,2025-04-01,,0.007364,FLOATING,7778546.58,special_deposit,BR004
DEP-FX_MARGIN-0001,DEPOSIT,USD,511309.41,OTHER,SBL-CUST-014482,DEP.FX.MARGIN,2006,2020-01-11,,0.0,FLOATING,7884391.09,margin_against_contingent,BR017
DEP-FX_MARGIN-0002,DEPOSIT,USD,595061.99,OTHER,SBL-CUST-000596,DEP.FX.MARGIN,2006,2024-04-30,,0.0,FLOATING,9175855.85,margin_against_contingent,BR001
DEP-FX_MARGIN-0003,DEPOSIT,USD,738040.96,OTHER,SBL-CUST-010858,DEP.FX.MARGIN,2006,2020-02-08,,0.0,FLOATING,11380591.68,margin_against_contingent,BR004
DEP-FX_MARGIN-0004,DEPOSIT,USD,680947.4,OTHER,SBL-CUST-001840,DEP.FX.MARGIN,2006,2020-04-10,,0.0,FLOATING,10500208.97,margin_against_contingent,BR012
DEP-FX_MARGIN-0005,DEPOSIT,USD,1455659.03,OTHER,SBL-CUST-002805,DEP.FX.MARGIN,2006,2025-01-05,,0.0,FLOATING,22446262.26,margin_against_contingent,BR018
DEP-FX_MARGIN-0006,DEPOSIT,USD,2111855.2,OTHER,SBL-CUST-007279,DEP.FX.MARGIN,2006,2021-01-26,,0.0,FLOATING,32564807.25,margin_against_contingent,BR022
