# Sample Bank DAILY DEPOSIT sub-ledger — close of business 2026-06-22; push with as_of_date=2026-06-22. Feeds BSD1 deposit lines 1-10 (the form's PREVIOUS-week block). Liquid assets are in eod_ladder/.
source_reference,position_type,currency,balance,deposit_account_type,counterparty_reference,product_code,gl_account_code,origination_date,contractual_maturity,interest_rate,rate_type,attributes.balance_ghs,attributes.instrument,attributes.branch_id
DEP-CURRENT_RET-0001,DEPOSIT,GHS,6904202.05,CURRENT,SBL-CUST-014540,DEP.RET.CUR,2001,2018-08-12,,0.001325,FLOATING,,,BR018
DEP-CURRENT_RET-0002,DEPOSIT,GHS,28024574.84,CURRENT,SBL-CUST-008988,DEP.RET.CUR,2001,2020-02-16,,0.003172,FLOATING,,,BR006
DEP-CURRENT_RET-0003,DEPOSIT,GHS,7164756.48,CURRENT,SBL-CUST-002111,DEP.RET.CUR,2001,2021-05-05,,0.003551,FLOATING,,,BR009
DEP-CURRENT_RET-0004,DEPOSIT,GHS,6973699.71,CURRENT,SBL-CUST-006161,DEP.RET.CUR,2001,2024-10-19,,0.002003,FLOATING,,,BR010
DEP-CURRENT_RET-0005,DEPOSIT,GHS,6526955.11,CURRENT,SBL-CUST-001677,DEP.RET.CUR,2001,2025-10-20,,0.001022,FLOATING,,,BR005
DEP-CURRENT_RET-0006,DEPOSIT,GHS,12378303.88,CURRENT,SBL-CUST-008709,DEP.RET.CUR,2001,2021-03-03,,0.002577,FLOATING,,,BR022
DEP-CURRENT_RET-0007,DEPOSIT,GHS,22253482.88,CURRENT,SBL-CUST-010388,DEP.RET.CUR,2001,2026-03-15,,0.001464,FLOATING,,,BR024
DEP-CURRENT_RET-0008,DEPOSIT,GHS,6819193.58,CURRENT,SBL-CUST-005329,DEP.RET.CUR,2001,2024-09-06,,0.001127,FLOATING,,,BR016
DEP-CURRENT_RET-0009,DEPOSIT,GHS,6149681.38,CURRENT,SBL-CUST-007421,DEP.RET.CUR,2001,2020-07-05,,0.000332,FLOATING,,,BR002
DEP-CURRENT_RET-0010,DEPOSIT,GHS,5987342.73,CURRENT,SBL-CUST-002664,DEP.RET.CUR,2001,2022-12-27,,0.001833,FLOATING,,,BR023
DEP-CURRENT_RET-0011,DEPOSIT,GHS,5281408.84,CURRENT,SBL-CUST-004712,DEP.RET.CUR,2001,2021-10-25,,0.001131,FLOATING,,,BR006
DEP-CURRENT_RET-0012,DEPOSIT,GHS,6778105.36,CURRENT,SBL-CUST-007262,DEP.RET.CUR,2001,2023-11-15,,0.0003,FLOATING,,,BR027
DEP-CURRENT_RET-0013,DEPOSIT,GHS,5379586.4,CURRENT,SBL-CUST-001628,DEP.RET.CUR,2001,2023-07-19,,0.000207,FLOATING,,,BR028
DEP-CURRENT_RET-0014,DEPOSIT,GHS,9740562.02,CURRENT,SBL-CUST-001030,DEP.RET.CUR,2001,2018-08-21,,0.002021,FLOATING,,,BR012
DEP-CURRENT_RET-0015,DEPOSIT,GHS,5974381.64,CURRENT,SBL-CUST-009649,DEP.RET.CUR,2001,2026-02-16,,0.00324,FLOATING,,,BR025
DEP-CURRENT_RET-0016,DEPOSIT,GHS,12986263.92,CURRENT,SBL-CUST-004235,DEP.RET.CUR,2001,2024-08-22,,0.001146,FLOATING,,,BR023
DEP-CURRENT_RET-0017,DEPOSIT,GHS,9354570.77,CURRENT,SBL-CUST-010054,DEP.RET.CUR,2001,2024-08-23,,0.003024,FLOATING,,,BR024
DEP-CURRENT_RET-0018,DEPOSIT,GHS,8086735.95,CURRENT,SBL-CUST-003420,DEP.RET.CUR,2001,2019-03-19,,0.000736,FLOATING,,,BR013
DEP-CURRENT_RET-0019,DEPOSIT,GHS,7433786.18,CURRENT,SBL-CUST-010705,DEP.RET.CUR,2001,2023-05-02,,1.8e-05,FLOATING,,,BR003
DEP-CURRENT_RET-0020,DEPOSIT,GHS,5963916.86,CURRENT,SBL-CUST-003373,DEP.RET.CUR,2001,2019-12-19,,0.001641,FLOATING,,,BR001
DEP-CURRENT_RET-0021,DEPOSIT,GHS,5384203.62,CURRENT,SBL-CUST-010937,DEP.RET.CUR,2001,2019-08-27,,8.4e-05,FLOATING,,,BR026
DEP-CURRENT_RET-0022,DEPOSIT,GHS,5492150.4,CURRENT,SBL-CUST-002625,DEP.RET.CUR,2001,2019-06-10,,0.00298,FLOATING,,,BR020
DEP-CURRENT_RET-0023,DEPOSIT,GHS,8290665.79,CURRENT,SBL-CUST-008215,DEP.RET.CUR,2001,2020-03-05,,0.000564,FLOATING,,,BR028
DEP-CURRENT_RET-0024,DEPOSIT,GHS,9407360.61,CURRENT,SBL-CUST-002258,DEP.RET.CUR,2001,2020-02-01,,0.001016,FLOATING,,,BR010
DEP-CURRENT_RET-0025,DEPOSIT,GHS,6310825.33,CURRENT,SBL-CUST-005089,DEP.RET.CUR,2001,2020-04-16,,0.002303,FLOATING,,,BR007
DEP-CURRENT_RET-0026,DEPOSIT,GHS,13068202.19,CURRENT,SBL-CUST-012915,DEP.RET.CUR,2001,2019-08-19,,0.001116,FLOATING,,,BR005
DEP-CURRENT_RET-0027,DEPOSIT,GHS,9562878.96,CURRENT,SBL-CUST-007188,DEP.RET.CUR,2001,2021-04-11,,0.004549,FLOATING,,,BR016
DEP-CURRENT_RET-0028,DEPOSIT,GHS,6044839.82,CURRENT,SBL-CUST-000551,DEP.RET.CUR,2001,2024-06-27,,0.00307,FLOATING,,,BR015
DEP-CURRENT_RET-0029,DEPOSIT,GHS,6486401.03,CURRENT,SBL-CUST-013753,DEP.RET.CUR,2001,2019-11-20,,0.004192,FLOATING,,,BR002
DEP-CURRENT_RET-0030,DEPOSIT,GHS,6254814.54,CURRENT,SBL-CUST-003274,DEP.RET.CUR,2001,2020-11-14,,0.004924,FLOATING,,,BR019
DEP-CURRENT_RET-0031,DEPOSIT,GHS,14361644.0,CURRENT,SBL-CUST-001407,DEP.RET.CUR,2001,2026-01-30,,0.003495,FLOATING,,,BR004
DEP-CURRENT_RET-0032,DEPOSIT,GHS,6280569.87,CURRENT,SBL-CUST-001458,DEP.RET.CUR,2001,2022-01-01,,0.004687,FLOATING,,,BR017
DEP-CURRENT_RET-0033,DEPOSIT,GHS,6165177.96,CURRENT,SBL-CUST-001725,DEP.RET.CUR,2001,2024-12-21,,0.00479,FLOATING,,,BR001
DEP-CURRENT_RET-0034,DEPOSIT,GHS,11591861.95,CURRENT,SBL-CUST-009099,DEP.RET.CUR,2001,2026-01-26,,0.000523,FLOATING,,,BR009
DEP-CURRENT_RET-0035,DEPOSIT,GHS,16264487.81,CURRENT,SBL-CUST-008943,DEP.RET.CUR,2001,2024-06-03,,0.004577,FLOATING,,,BR023
DEP-CURRENT_RET-0036,DEPOSIT,GHS,5791422.72,CURRENT,SBL-CUST-001194,DEP.RET.CUR,2001,2020-04-26,,0.000769,FLOATING,,,BR013
DEP-CURRENT_RET-0037,DEPOSIT,GHS,28966022.71,CURRENT,SBL-CUST-010076,DEP.RET.CUR,2001,2024-05-05,,0.004683,FLOATING,,,BR002
DEP-CURRENT_RET-0038,DEPOSIT,GHS,6271944.35,CURRENT,SBL-CUST-006537,DEP.RET.CUR,2001,2019-10-21,,0.004717,FLOATING,,,BR009
DEP-CURRENT_RET-0039,DEPOSIT,GHS,9894701.44,CURRENT,SBL-CUST-007855,DEP.RET.CUR,2001,2023-04-07,,0.001202,FLOATING,,,BR013
DEP-CURRENT_RET-0040,DEPOSIT,GHS,17596281.39,CURRENT,SBL-CUST-002013,DEP.RET.CUR,2001,2021-05-18,,0.001912,FLOATING,,,BR009
DEP-CURRENT_RET-0041,DEPOSIT,GHS,18112174.83,CURRENT,SBL-CUST-007388,DEP.RET.CUR,2001,2024-08-17,,0.001246,FLOATING,,,BR014
DEP-CURRENT_RET-0042,DEPOSIT,GHS,93920190.09,CURRENT,SBL-CUST-008304,DEP.RET.CUR,2001,2020-07-15,,0.003037,FLOATING,,,BR005
DEP-CURRENT_RET-0043,DEPOSIT,GHS,5223601.19,CURRENT,SBL-CUST-004085,DEP.RET.CUR,2001,2020-04-17,,0.001884,FLOATING,,,BR018
DEP-CURRENT_RET-0044,DEPOSIT,GHS,6483505.05,CURRENT,SBL-CUST-000020,DEP.RET.CUR,2001,2023-07-30,,0.001758,FLOATING,,,BR028
DEP-CURRENT_RET-0045,DEPOSIT,GHS,14911299.12,CURRENT,SBL-CUST-002307,DEP.RET.CUR,2001,2019-10-24,,0.001956,FLOATING,,,BR015
DEP-CURRENT_RET-0046,DEPOSIT,GHS,17164985.34,CURRENT,SBL-CUST-002413,DEP.RET.CUR,2001,2022-03-23,,0.003764,FLOATING,,,BR028
DEP-CURRENT_RET-0047,DEPOSIT,GHS,17726989.97,CURRENT,SBL-CUST-009070,DEP.RET.CUR,2001,2026-04-16,,0.002602,FLOATING,,,BR018
DEP-CURRENT_RET-0048,DEPOSIT,GHS,6870952.12,CURRENT,SBL-CUST-004646,DEP.RET.CUR,2001,2024-08-03,,0.002641,FLOATING,,,BR010
DEP-CURRENT_RET-0049,DEPOSIT,GHS,6065739.27,CURRENT,SBL-CUST-010161,DEP.RET.CUR,2001,2025-04-07,,0.000897,FLOATING,,,BR017
DEP-CURRENT_RET-0050,DEPOSIT,GHS,59775846.58,CURRENT,SBL-CUST-000205,DEP.RET.CUR,2001,2018-10-15,,0.001727,FLOATING,,,BR017
DEP-CURRENT_RET-0051,DEPOSIT,GHS,20992405.57,CURRENT,SBL-CUST-001218,DEP.RET.CUR,2001,2024-10-12,,0.001734,FLOATING,,,BR019
DEP-CURRENT_RET-0052,DEPOSIT,GHS,5701895.34,CURRENT,SBL-CUST-012539,DEP.RET.CUR,2001,2018-12-09,,0.000534,FLOATING,,,BR010
DEP-CURRENT_RET-0053,DEPOSIT,GHS,6041695.73,CURRENT,SBL-CUST-005394,DEP.RET.CUR,2001,2018-09-29,,0.004929,FLOATING,,,BR010
DEP-CURRENT_RET-0054,DEPOSIT,GHS,29757719.64,CURRENT,SBL-CUST-010234,DEP.RET.CUR,2001,2020-12-03,,0.002244,FLOATING,,,BR014
DEP-CURRENT_RET-0055,DEPOSIT,GHS,15649476.36,CURRENT,SBL-CUST-002678,DEP.RET.CUR,2001,2018-08-01,,0.004564,FLOATING,,,BR003
DEP-CURRENT_RET-0056,DEPOSIT,GHS,6302794.2,CURRENT,SBL-CUST-003150,DEP.RET.CUR,2001,2021-11-17,,0.000667,FLOATING,,,BR005
DEP-CURRENT_RET-0057,DEPOSIT,GHS,13105141.09,CURRENT,SBL-CUST-006610,DEP.RET.CUR,2001,2023-04-24,,0.004655,FLOATING,,,BR017
DEP-CURRENT_RET-0058,DEPOSIT,GHS,9895392.49,CURRENT,SBL-CUST-010518,DEP.RET.CUR,2001,2019-09-27,,0.003258,FLOATING,,,BR028
DEP-CURRENT_RET-0059,DEPOSIT,GHS,5800637.23,CURRENT,SBL-CUST-010426,DEP.RET.CUR,2001,2023-07-31,,0.003501,FLOATING,,,BR002
DEP-CURRENT_RET-0060,DEPOSIT,GHS,5775733.09,CURRENT,SBL-CUST-001005,DEP.RET.CUR,2001,2021-09-29,,0.000592,FLOATING,,,BR002
DEP-CURRENT_RET-0061,DEPOSIT,GHS,7997088.42,CURRENT,SBL-CUST-001461,DEP.RET.CUR,2001,2021-06-28,,0.002663,FLOATING,,,BR006
DEP-CURRENT_RET-0062,DEPOSIT,GHS,33390406.86,CURRENT,SBL-CUST-001517,DEP.RET.CUR,2001,2021-10-10,,0.003741,FLOATING,,,BR023
DEP-CURRENT_RET-0063,DEPOSIT,GHS,12579969.15,CURRENT,SBL-CUST-005435,DEP.RET.CUR,2001,2019-06-24,,0.003497,FLOATING,,,BR016
DEP-CURRENT_RET-0064,DEPOSIT,GHS,10880697.84,CURRENT,SBL-CUST-009333,DEP.RET.CUR,2001,2024-09-28,,0.002705,FLOATING,,,BR016
DEP-CURRENT_RET-0065,DEPOSIT,GHS,5243606.25,CURRENT,SBL-CUST-013549,DEP.RET.CUR,2001,2019-11-16,,0.000654,FLOATING,,,BR001
DEP-CURRENT_RET-0066,DEPOSIT,GHS,9349743.67,CURRENT,SBL-CUST-004182,DEP.RET.CUR,2001,2020-04-16,,0.003338,FLOATING,,,BR008
DEP-CURRENT_RET-0067,DEPOSIT,GHS,5866857.2,CURRENT,SBL-CUST-003281,DEP.RET.CUR,2001,2025-12-14,,0.001602,FLOATING,,,BR018
DEP-CURRENT_RET-0068,DEPOSIT,GHS,6344472.6,CURRENT,SBL-CUST-011868,DEP.RET.CUR,2001,2022-11-14,,0.003512,FLOATING,,,BR028
DEP-CURRENT_RET-0069,DEPOSIT,GHS,5594588.3,CURRENT,SBL-CUST-014132,DEP.RET.CUR,2001,2023-11-25,,0.000849,FLOATING,,,BR014
DEP-CURRENT_RET-0070,DEPOSIT,GHS,7587595.45,CURRENT,SBL-CUST-008892,DEP.RET.CUR,2001,2020-07-11,,0.001389,FLOATING,,,BR010
DEP-CURRENT_RET-0071,DEPOSIT,GHS,17498635.8,CURRENT,SBL-CUST-011962,DEP.RET.CUR,2001,2020-09-12,,0.004416,FLOATING,,,BR021
DEP-CURRENT_RET-0072,DEPOSIT,GHS,6225053.94,CURRENT,SBL-CUST-014510,DEP.RET.CUR,2001,2025-03-24,,0.001079,FLOATING,,,BR019
DEP-CURRENT_RET-0073,DEPOSIT,GHS,8358403.59,CURRENT,SBL-CUST-012779,DEP.RET.CUR,2001,2022-08-02,,0.003033,FLOATING,,,BR003
DEP-CURRENT_RET-0074,DEPOSIT,GHS,5241415.49,CURRENT,SBL-CUST-003089,DEP.RET.CUR,2001,2018-08-22,,0.003291,FLOATING,,,BR027
DEP-CURRENT_RET-0075,DEPOSIT,GHS,5192537.45,CURRENT,SBL-CUST-011482,DEP.RET.CUR,2001,2019-11-17,,0.002419,FLOATING,,,BR007
DEP-CURRENT_RET-0076,DEPOSIT,GHS,11070438.94,CURRENT,SBL-CUST-009146,DEP.RET.CUR,2001,2023-10-27,,0.002978,FLOATING,,,BR018
DEP-CURRENT_RET-0077,DEPOSIT,GHS,6456318.94,CURRENT,SBL-CUST-012364,DEP.RET.CUR,2001,2020-06-22,,0.000342,FLOATING,,,BR013
DEP-CURRENT_RET-0078,DEPOSIT,GHS,7953716.92,CURRENT,SBL-CUST-003447,DEP.RET.CUR,2001,2022-01-11,,0.00464,FLOATING,,,BR026
DEP-CURRENT_RET-0079,DEPOSIT,GHS,11952839.74,CURRENT,SBL-CUST-014992,DEP.RET.CUR,2001,2022-09-07,,0.002036,FLOATING,,,BR027
DEP-CURRENT_RET-0080,DEPOSIT,GHS,5939566.34,CURRENT,SBL-CUST-006182,DEP.RET.CUR,2001,2022-06-20,,0.00235,FLOATING,,,BR004
DEP-CURRENT_RET-0081,DEPOSIT,GHS,7527875.37,CURRENT,SBL-CUST-002845,DEP.RET.CUR,2001,2021-02-08,,0.001935,FLOATING,,,BR021
DEP-CURRENT_RET-0082,DEPOSIT,GHS,22532332.75,CURRENT,SBL-CUST-010117,DEP.RET.CUR,2001,2021-08-05,,0.000169,FLOATING,,,BR028
DEP-CURRENT_RET-0083,DEPOSIT,GHS,5610620.91,CURRENT,SBL-CUST-008111,DEP.RET.CUR,2001,2018-11-27,,0.003911,FLOATING,,,BR012
DEP-CURRENT_RET-0084,DEPOSIT,GHS,10598157.71,CURRENT,SBL-CUST-012871,DEP.RET.CUR,2001,2022-04-05,,0.004198,FLOATING,,,BR003
DEP-CURRENT_RET-0085,DEPOSIT,GHS,7670645.18,CURRENT,SBL-CUST-010651,DEP.RET.CUR,2001,2025-08-14,,0.003039,FLOATING,,,BR012
DEP-CURRENT_RET-0086,DEPOSIT,GHS,12488536.57,CURRENT,SBL-CUST-006212,DEP.RET.CUR,2001,2025-08-31,,0.001195,FLOATING,,,BR013
DEP-CURRENT_RET-0087,DEPOSIT,GHS,5808319.92,CURRENT,SBL-CUST-003119,DEP.RET.CUR,2001,2021-07-16,,0.003542,FLOATING,,,BR014
DEP-CURRENT_RET-0088,DEPOSIT,GHS,5400796.66,CURRENT,SBL-CUST-005002,DEP.RET.CUR,2001,2020-08-12,,0.004116,FLOATING,,,BR016
DEP-CURRENT_RET-0089,DEPOSIT,GHS,11662145.87,CURRENT,SBL-CUST-005671,DEP.RET.CUR,2001,2021-03-25,,0.00445,FLOATING,,,BR025
DEP-CURRENT_RET-0090,DEPOSIT,GHS,6844741.53,CURRENT,SBL-CUST-009944,DEP.RET.CUR,2001,2019-12-01,,0.004674,FLOATING,,,BR007
DEP-CURRENT_RET-0091,DEPOSIT,GHS,6224965.66,CURRENT,SBL-CUST-002334,DEP.RET.CUR,2001,2020-11-03,,0.001188,FLOATING,,,BR016
DEP-CURRENT_RET-0092,DEPOSIT,GHS,5413523.06,CURRENT,SBL-CUST-007237,DEP.RET.CUR,2001,2021-06-26,,0.004248,FLOATING,,,BR025
DEP-CURRENT_RET-0093,DEPOSIT,GHS,50600151.44,CURRENT,SBL-CUST-001679,DEP.RET.CUR,2001,2025-09-11,,0.00322,FLOATING,,,BR012
DEP-CURRENT_RET-0094,DEPOSIT,GHS,5439208.64,CURRENT,SBL-CUST-010131,DEP.RET.CUR,2001,2024-09-11,,0.000688,FLOATING,,,BR008
DEP-CURRENT_RET-0095,DEPOSIT,GHS,6311527.64,CURRENT,SBL-CUST-010657,DEP.RET.CUR,2001,2026-01-05,,0.001373,FLOATING,,,BR021
DEP-CURRENT_RET-0096,DEPOSIT,GHS,5984292.94,CURRENT,SBL-CUST-014512,DEP.RET.CUR,2001,2025-01-08,,0.003124,FLOATING,,,BR015
DEP-CURRENT_RET-0097,DEPOSIT,GHS,6098562.58,CURRENT,SBL-CUST-011018,DEP.RET.CUR,2001,2024-06-25,,0.002417,FLOATING,,,BR022
DEP-CURRENT_RET-0098,DEPOSIT,GHS,6054568.19,CURRENT,SBL-CUST-013284,DEP.RET.CUR,2001,2020-05-13,,0.001532,FLOATING,,,BR001
DEP-CURRENT_RET-0099,DEPOSIT,GHS,5334511.57,CURRENT,SBL-CUST-001154,DEP.RET.CUR,2001,2018-09-10,,0.000624,FLOATING,,,BR022
DEP-CURRENT_RET-0100,DEPOSIT,GHS,7684820.79,CURRENT,SBL-CUST-012196,DEP.RET.CUR,2001,2020-03-15,,0.000542,FLOATING,,,BR022
DEP-CURRENT_RET-0101,DEPOSIT,GHS,5781464.32,CURRENT,SBL-CUST-008988,DEP.RET.CUR,2001,2024-09-27,,0.003256,FLOATING,,,BR010
DEP-CURRENT_RET-0102,DEPOSIT,GHS,9946389.36,CURRENT,SBL-CUST-002136,DEP.RET.CUR,2001,2025-07-23,,0.002867,FLOATING,,,BR020
DEP-CURRENT_RET-0103,DEPOSIT,GHS,9999413.71,CURRENT,SBL-CUST-007955,DEP.RET.CUR,2001,2024-07-20,,0.003526,FLOATING,,,BR017
DEP-CURRENT_RET-0104,DEPOSIT,GHS,14909589.68,CURRENT,SBL-CUST-008940,DEP.RET.CUR,2001,2022-05-15,,0.004302,FLOATING,,,BR009
DEP-CURRENT_RET-0105,DEPOSIT,GHS,8521863.45,CURRENT,SBL-CUST-012572,DEP.RET.CUR,2001,2021-01-16,,0.004317,FLOATING,,,BR021
DEP-CURRENT_RET-0106,DEPOSIT,GHS,7547224.28,CURRENT,SBL-CUST-011846,DEP.RET.CUR,2001,2021-01-28,,0.001241,FLOATING,,,BR001
DEP-CURRENT_RET-0107,DEPOSIT,GHS,7415252.2,CURRENT,SBL-CUST-014836,DEP.RET.CUR,2001,2021-01-14,,0.002592,FLOATING,,,BR027
DEP-CURRENT_RET-0108,DEPOSIT,GHS,6041038.35,CURRENT,SBL-CUST-010044,DEP.RET.CUR,2001,2022-05-04,,0.001834,FLOATING,,,BR018
DEP-CURRENT_RET-0109,DEPOSIT,GHS,22329243.46,CURRENT,SBL-CUST-001187,DEP.RET.CUR,2001,2025-03-16,,0.00096,FLOATING,,,BR004
DEP-CURRENT_RET-0110,DEPOSIT,GHS,8758395.86,CURRENT,SBL-CUST-007050,DEP.RET.CUR,2001,2019-12-24,,0.000773,FLOATING,,,BR028
DEP-CURRENT_RET-0111,DEPOSIT,GHS,8993043.19,CURRENT,SBL-CUST-001569,DEP.RET.CUR,2001,2019-08-07,,0.004104,FLOATING,,,BR015
DEP-CURRENT_RET-0112,DEPOSIT,GHS,13553421.46,CURRENT,SBL-CUST-007438,DEP.RET.CUR,2001,2022-10-30,,0.004274,FLOATING,,,BR004
DEP-CURRENT_RET-0113,DEPOSIT,GHS,7523954.85,CURRENT,SBL-CUST-005326,DEP.RET.CUR,2001,2018-11-07,,0.002071,FLOATING,,,BR024
DEP-CURRENT_RET-0114,DEPOSIT,GHS,16023068.66,CURRENT,SBL-CUST-008699,DEP.RET.CUR,2001,2025-12-23,,0.002325,FLOATING,,,BR025
DEP-CURRENT_RET-0115,DEPOSIT,GHS,10284902.79,CURRENT,SBL-CUST-005480,DEP.RET.CUR,2001,2023-05-03,,0.001171,FLOATING,,,BR015
DEP-CURRENT_RET-0116,DEPOSIT,GHS,9146728.79,CURRENT,SBL-CUST-005094,DEP.RET.CUR,2001,2022-06-17,,0.004098,FLOATING,,,BR026
DEP-CURRENT_RET-0117,DEPOSIT,GHS,11183646.95,CURRENT,SBL-CUST-010198,DEP.RET.CUR,2001,2024-10-13,,0.004826,FLOATING,,,BR020
DEP-CURRENT_RET-0118,DEPOSIT,GHS,11512123.55,CURRENT,SBL-CUST-004348,DEP.RET.CUR,2001,2020-03-13,,0.000186,FLOATING,,,BR003
DEP-CURRENT_RET-0119,DEPOSIT,GHS,6962725.4,CURRENT,SBL-CUST-009672,DEP.RET.CUR,2001,2024-10-30,,0.000252,FLOATING,,,BR022
DEP-CURRENT_RET-0120,DEPOSIT,GHS,10977024.31,CURRENT,SBL-CUST-010975,DEP.RET.CUR,2001,2023-10-21,,0.000679,FLOATING,,,BR019
DEP-CURRENT_RET-0121,DEPOSIT,GHS,10199999.3,CURRENT,SBL-CUST-009574,DEP.RET.CUR,2001,2020-07-16,,0.003603,FLOATING,,,BR015
DEP-CURRENT_RET-0122,DEPOSIT,GHS,6338599.77,CURRENT,SBL-CUST-002071,DEP.RET.CUR,2001,2025-07-06,,0.00405,FLOATING,,,BR006
DEP-CURRENT_RET-0123,DEPOSIT,GHS,6425688.73,CURRENT,SBL-CUST-013712,DEP.RET.CUR,2001,2023-06-18,,0.00469,FLOATING,,,BR004
DEP-CURRENT_RET-0124,DEPOSIT,GHS,5407099.35,CURRENT,SBL-CUST-006681,DEP.RET.CUR,2001,2020-04-27,,0.003855,FLOATING,,,BR024
DEP-CURRENT_RET-0125,DEPOSIT,GHS,5643406.9,CURRENT,SBL-CUST-009203,DEP.RET.CUR,2001,2024-02-18,,0.000393,FLOATING,,,BR022
DEP-CURRENT_RET-0126,DEPOSIT,GHS,7908290.62,CURRENT,SBL-CUST-003355,DEP.RET.CUR,2001,2022-02-20,,0.000683,FLOATING,,,BR002
DEP-CURRENT_RET-0127,DEPOSIT,GHS,6553979.09,CURRENT,SBL-CUST-000890,DEP.RET.CUR,2001,2021-12-30,,0.002282,FLOATING,,,BR023
DEP-CURRENT_RET-0128,DEPOSIT,GHS,6487243.62,CURRENT,SBL-CUST-001715,DEP.RET.CUR,2001,2018-08-28,,0.004175,FLOATING,,,BR026
DEP-CURRENT_RET-0129,DEPOSIT,GHS,8949164.06,CURRENT,SBL-CUST-002695,DEP.RET.CUR,2001,2020-04-21,,0.00125,FLOATING,,,BR025
DEP-CURRENT_RET-0130,DEPOSIT,GHS,55616827.73,CURRENT,SBL-CUST-011840,DEP.RET.CUR,2001,2019-10-31,,0.003098,FLOATING,,,BR013
DEP-CURRENT_RET-0131,DEPOSIT,GHS,6511660.23,CURRENT,SBL-CUST-000575,DEP.RET.CUR,2001,2024-02-17,,0.004512,FLOATING,,,BR028
DEP-CURRENT_RET-0132,DEPOSIT,GHS,18661230.76,CURRENT,SBL-CUST-001284,DEP.RET.CUR,2001,2019-12-28,,0.004257,FLOATING,,,BR022
DEP-CURRENT_RET-0133,DEPOSIT,GHS,5683441.62,CURRENT,SBL-CUST-002072,DEP.RET.CUR,2001,2022-05-17,,0.000608,FLOATING,,,BR009
DEP-CURRENT_RET-0134,DEPOSIT,GHS,6428745.5,CURRENT,SBL-CUST-006896,DEP.RET.CUR,2001,2021-01-04,,0.003265,FLOATING,,,BR021
DEP-CURRENT_RET-0135,DEPOSIT,GHS,17638388.11,CURRENT,SBL-CUST-014790,DEP.RET.CUR,2001,2022-02-02,,0.004163,FLOATING,,,BR024
DEP-CURRENT_RET-0136,DEPOSIT,GHS,6100591.59,CURRENT,SBL-CUST-013898,DEP.RET.CUR,2001,2020-07-30,,0.001789,FLOATING,,,BR010
DEP-CURRENT_RET-0137,DEPOSIT,GHS,6576191.17,CURRENT,SBL-CUST-005496,DEP.RET.CUR,2001,2022-12-19,,0.001796,FLOATING,,,BR020
DEP-CURRENT_RET-0138,DEPOSIT,GHS,8999398.78,CURRENT,SBL-CUST-007337,DEP.RET.CUR,2001,2023-09-08,,0.004653,FLOATING,,,BR013
DEP-CURRENT_RET-0139,DEPOSIT,GHS,8355280.36,CURRENT,SBL-CUST-001238,DEP.RET.CUR,2001,2025-12-17,,0.000548,FLOATING,,,BR020
DEP-CURRENT_RET-0140,DEPOSIT,GHS,8823043.0,CURRENT,SBL-CUST-000628,DEP.RET.CUR,2001,2019-12-07,,0.003391,FLOATING,,,BR024
DEP-CURRENT_RET-0141,DEPOSIT,GHS,13763004.9,CURRENT,SBL-CUST-013584,DEP.RET.CUR,2001,2023-09-26,,0.002482,FLOATING,,,BR011
DEP-CURRENT_RET-0142,DEPOSIT,GHS,5234863.85,CURRENT,SBL-CUST-005292,DEP.RET.CUR,2001,2024-12-03,,0.002192,FLOATING,,,BR016
DEP-CURRENT_RET-0143,DEPOSIT,GHS,18631795.12,CURRENT,SBL-CUST-014602,DEP.RET.CUR,2001,2019-07-07,,0.004354,FLOATING,,,BR004
DEP-CURRENT_RET-0144,DEPOSIT,GHS,8406192.07,CURRENT,SBL-CUST-006667,DEP.RET.CUR,2001,2019-03-13,,0.004965,FLOATING,,,BR027
DEP-CURRENT_RET-0145,DEPOSIT,GHS,5287519.95,CURRENT,SBL-CUST-008332,DEP.RET.CUR,2001,2024-03-15,,0.00231,FLOATING,,,BR011
DEP-CURRENT_RET-0146,DEPOSIT,GHS,8593774.62,CURRENT,SBL-CUST-000408,DEP.RET.CUR,2001,2025-03-09,,0.002969,FLOATING,,,BR014
DEP-CURRENT_RET-0147,DEPOSIT,GHS,35666085.99,CURRENT,SBL-CUST-004421,DEP.RET.CUR,2001,2023-12-20,,0.001813,FLOATING,,,BR001
DEP-CURRENT_RET-0148,DEPOSIT,GHS,43366101.05,CURRENT,SBL-CUST-007166,DEP.RET.CUR,2001,2018-11-18,,0.003892,FLOATING,,,BR005
DEP-CURRENT_RET-0149,DEPOSIT,GHS,8575902.44,CURRENT,SBL-CUST-006056,DEP.RET.CUR,2001,2025-12-12,,0.001885,FLOATING,,,BR001
DEP-CURRENT_RET-0150,DEPOSIT,GHS,12078924.07,CURRENT,SBL-CUST-011977,DEP.RET.CUR,2001,2019-10-31,,0.004781,FLOATING,,,BR009
DEP-CURRENT_CORP-0001,DEPOSIT,GHS,15396296.96,CURRENT,SBL-CUST-003202,DEP.CORP.CUR,2004,2019-11-28,,0.004661,FLOATING,,,BR001
DEP-CURRENT_CORP-0002,DEPOSIT,GHS,14407426.05,CURRENT,SBL-CUST-004754,DEP.CORP.CUR,2004,2023-12-17,,0.007265,FLOATING,,,BR026
DEP-CURRENT_CORP-0003,DEPOSIT,GHS,7300037.77,CURRENT,SBL-CUST-004305,DEP.CORP.CUR,2004,2025-06-24,,0.004684,FLOATING,,,BR003
DEP-CURRENT_CORP-0004,DEPOSIT,GHS,10018498.35,CURRENT,SBL-CUST-013176,DEP.CORP.CUR,2004,2023-12-25,,0.003617,FLOATING,,,BR023
DEP-CURRENT_CORP-0005,DEPOSIT,GHS,10949767.23,CURRENT,SBL-CUST-006491,DEP.CORP.CUR,2004,2019-02-26,,0.007366,FLOATING,,,BR009
DEP-CURRENT_CORP-0006,DEPOSIT,GHS,13786249.16,CURRENT,SBL-CUST-003518,DEP.CORP.CUR,2004,2023-09-23,,0.004585,FLOATING,,,BR009
DEP-CURRENT_CORP-0007,DEPOSIT,GHS,7289123.06,CURRENT,SBL-CUST-014069,DEP.CORP.CUR,2004,2022-05-13,,0.007502,FLOATING,,,BR028
DEP-CURRENT_CORP-0008,DEPOSIT,GHS,30387524.75,CURRENT,SBL-CUST-005294,DEP.CORP.CUR,2004,2021-03-27,,0.003914,FLOATING,,,BR010
DEP-CURRENT_CORP-0009,DEPOSIT,GHS,22053507.57,CURRENT,SBL-CUST-010899,DEP.CORP.CUR,2004,2023-02-09,,0.003075,FLOATING,,,BR015
DEP-CURRENT_CORP-0010,DEPOSIT,GHS,6733165.15,CURRENT,SBL-CUST-009535,DEP.CORP.CUR,2004,2018-10-06,,0.007283,FLOATING,,,BR026
DEP-CURRENT_CORP-0011,DEPOSIT,GHS,15320678.5,CURRENT,SBL-CUST-011168,DEP.CORP.CUR,2004,2025-11-21,,0.004782,FLOATING,,,BR025
DEP-CURRENT_CORP-0012,DEPOSIT,GHS,44491449.64,CURRENT,SBL-CUST-008628,DEP.CORP.CUR,2004,2021-10-11,,0.005703,FLOATING,,,BR006
DEP-CURRENT_CORP-0013,DEPOSIT,GHS,6852906.38,CURRENT,SBL-CUST-001075,DEP.CORP.CUR,2004,2021-02-21,,0.000842,FLOATING,,,BR025
DEP-CURRENT_CORP-0014,DEPOSIT,GHS,19985741.36,CURRENT,SBL-CUST-012917,DEP.CORP.CUR,2004,2022-09-24,,0.001829,FLOATING,,,BR003
DEP-CURRENT_CORP-0015,DEPOSIT,GHS,7532576.16,CURRENT,SBL-CUST-004440,DEP.CORP.CUR,2004,2023-01-11,,0.001333,FLOATING,,,BR010
DEP-CURRENT_CORP-0016,DEPOSIT,GHS,8052633.06,CURRENT,SBL-CUST-002484,DEP.CORP.CUR,2004,2024-11-28,,0.006657,FLOATING,,,BR013
DEP-CURRENT_CORP-0017,DEPOSIT,GHS,10175375.97,CURRENT,SBL-CUST-009748,DEP.CORP.CUR,2004,2025-06-22,,0.004892,FLOATING,,,BR017
DEP-CURRENT_CORP-0018,DEPOSIT,GHS,7790469.62,CURRENT,SBL-CUST-011520,DEP.CORP.CUR,2004,2021-03-05,,0.005927,FLOATING,,,BR017
DEP-CURRENT_CORP-0019,DEPOSIT,GHS,7227621.4,CURRENT,SBL-CUST-003834,DEP.CORP.CUR,2004,2024-07-06,,0.00412,FLOATING,,,BR006
DEP-CURRENT_CORP-0020,DEPOSIT,GHS,62400210.35,CURRENT,SBL-CUST-010564,DEP.CORP.CUR,2004,2025-06-24,,0.007244,FLOATING,,,BR002
DEP-CURRENT_CORP-0021,DEPOSIT,GHS,8151616.55,CURRENT,SBL-CUST-013365,DEP.CORP.CUR,2004,2024-10-18,,0.006266,FLOATING,,,BR018
DEP-CURRENT_CORP-0022,DEPOSIT,GHS,8903160.65,CURRENT,SBL-CUST-003830,DEP.CORP.CUR,2004,2020-05-25,,0.002963,FLOATING,,,BR024
DEP-CURRENT_CORP-0023,DEPOSIT,GHS,10476715.11,CURRENT,SBL-CUST-013193,DEP.CORP.CUR,2004,2024-08-17,,0.006773,FLOATING,,,BR022
DEP-CURRENT_CORP-0024,DEPOSIT,GHS,11098619.13,CURRENT,SBL-CUST-010162,DEP.CORP.CUR,2004,2019-06-18,,0.005963,FLOATING,,,BR024
DEP-CURRENT_CORP-0025,DEPOSIT,GHS,9987130.46,CURRENT,SBL-CUST-007906,DEP.CORP.CUR,2004,2025-03-06,,0.001867,FLOATING,,,BR009
DEP-CURRENT_CORP-0026,DEPOSIT,GHS,41099367.43,CURRENT,SBL-CUST-005811,DEP.CORP.CUR,2004,2019-02-14,,0.000931,FLOATING,,,BR021
DEP-CURRENT_CORP-0027,DEPOSIT,GHS,6693068.3,CURRENT,SBL-CUST-013827,DEP.CORP.CUR,2004,2024-11-01,,0.002543,FLOATING,,,BR024
DEP-CURRENT_CORP-0028,DEPOSIT,GHS,10409092.58,CURRENT,SBL-CUST-003929,DEP.CORP.CUR,2004,2025-06-06,,0.006004,FLOATING,,,BR027
DEP-CURRENT_CORP-0029,DEPOSIT,GHS,18238783.32,CURRENT,SBL-CUST-007306,DEP.CORP.CUR,2004,2025-11-15,,0.003407,FLOATING,,,BR018
DEP-CURRENT_CORP-0030,DEPOSIT,GHS,14011115.79,CURRENT,SBL-CUST-010261,DEP.CORP.CUR,2004,2019-09-15,,0.001113,FLOATING,,,BR010
DEP-CURRENT_CORP-0031,DEPOSIT,GHS,7162850.62,CURRENT,SBL-CUST-008025,DEP.CORP.CUR,2004,2020-07-10,,0.002157,FLOATING,,,BR023
DEP-CURRENT_CORP-0032,DEPOSIT,GHS,11381797.62,CURRENT,SBL-CUST-003278,DEP.CORP.CUR,2004,2021-08-05,,0.007705,FLOATING,,,BR024
DEP-CURRENT_CORP-0033,DEPOSIT,GHS,8171316.73,CURRENT,SBL-CUST-013557,DEP.CORP.CUR,2004,2018-10-31,,0.005628,FLOATING,,,BR006
DEP-CURRENT_CORP-0034,DEPOSIT,GHS,7799142.59,CURRENT,SBL-CUST-001852,DEP.CORP.CUR,2004,2018-09-19,,0.003751,FLOATING,,,BR015
DEP-CURRENT_CORP-0035,DEPOSIT,GHS,8972241.01,CURRENT,SBL-CUST-013336,DEP.CORP.CUR,2004,2024-10-22,,0.006637,FLOATING,,,BR011
DEP-CURRENT_CORP-0036,DEPOSIT,GHS,7848762.47,CURRENT,SBL-CUST-009074,DEP.CORP.CUR,2004,2025-01-10,,0.003739,FLOATING,,,BR003
DEP-CURRENT_CORP-0037,DEPOSIT,GHS,7082363.63,CURRENT,SBL-CUST-010108,DEP.CORP.CUR,2004,2024-12-31,,0.002783,FLOATING,,,BR026
DEP-CURRENT_CORP-0038,DEPOSIT,GHS,6592961.78,CURRENT,SBL-CUST-005380,DEP.CORP.CUR,2004,2020-02-28,,0.000725,FLOATING,,,BR015
DEP-CURRENT_CORP-0039,DEPOSIT,GHS,9496328.73,CURRENT,SBL-CUST-008597,DEP.CORP.CUR,2004,2021-12-24,,0.000703,FLOATING,,,BR006
DEP-CURRENT_CORP-0040,DEPOSIT,GHS,21725505.71,CURRENT,SBL-CUST-000010,DEP.CORP.CUR,2004,2022-02-17,,0.005513,FLOATING,,,BR009
DEP-CURRENT_CORP-0041,DEPOSIT,GHS,6738230.72,CURRENT,SBL-CUST-005567,DEP.CORP.CUR,2004,2021-03-10,,0.002849,FLOATING,,,BR026
DEP-CURRENT_CORP-0042,DEPOSIT,GHS,6706548.09,CURRENT,SBL-CUST-008163,DEP.CORP.CUR,2004,2025-07-21,,0.005731,FLOATING,,,BR020
DEP-CURRENT_CORP-0043,DEPOSIT,GHS,11123517.47,CURRENT,SBL-CUST-013046,DEP.CORP.CUR,2004,2023-05-18,,0.006158,FLOATING,,,BR021
DEP-CURRENT_CORP-0044,DEPOSIT,GHS,17743534.31,CURRENT,SBL-CUST-012283,DEP.CORP.CUR,2004,2024-02-02,,0.004432,FLOATING,,,BR015
DEP-CURRENT_CORP-0045,DEPOSIT,GHS,8926761.56,CURRENT,SBL-CUST-005262,DEP.CORP.CUR,2004,2021-12-26,,0.006794,FLOATING,,,BR018
DEP-CURRENT_CORP-0046,DEPOSIT,GHS,19712710.23,CURRENT,SBL-CUST-005977,DEP.CORP.CUR,2004,2022-05-03,,0.00504,FLOATING,,,BR016
DEP-CURRENT_CORP-0047,DEPOSIT,GHS,7803269.72,CURRENT,SBL-CUST-009532,DEP.CORP.CUR,2004,2020-10-11,,0.006982,FLOATING,,,BR017
DEP-CURRENT_CORP-0048,DEPOSIT,GHS,7393431.36,CURRENT,SBL-CUST-009904,DEP.CORP.CUR,2004,2019-08-10,,0.007661,FLOATING,,,BR007
DEP-CURRENT_CORP-0049,DEPOSIT,GHS,9199640.04,CURRENT,SBL-CUST-004885,DEP.CORP.CUR,2004,2020-01-30,,0.002125,FLOATING,,,BR003
DEP-CURRENT_CORP-0050,DEPOSIT,GHS,8349247.99,CURRENT,SBL-CUST-009562,DEP.CORP.CUR,2004,2020-11-17,,0.007253,FLOATING,,,BR009
DEP-CURRENT_CORP-0051,DEPOSIT,GHS,9278844.02,CURRENT,SBL-CUST-008533,DEP.CORP.CUR,2004,2023-01-07,,0.003983,FLOATING,,,BR006
DEP-CURRENT_CORP-0052,DEPOSIT,GHS,7029492.82,CURRENT,SBL-CUST-008351,DEP.CORP.CUR,2004,2024-03-11,,0.007029,FLOATING,,,BR011
DEP-CURRENT_CORP-0053,DEPOSIT,GHS,30447565.99,CURRENT,SBL-CUST-010115,DEP.CORP.CUR,2004,2023-12-16,,0.00626,FLOATING,,,BR004
DEP-CURRENT_CORP-0054,DEPOSIT,GHS,10833165.52,CURRENT,SBL-CUST-009368,DEP.CORP.CUR,2004,2019-08-02,,0.005138,FLOATING,,,BR017
DEP-CURRENT_CORP-0055,DEPOSIT,GHS,7962781.45,CURRENT,SBL-CUST-001863,DEP.CORP.CUR,2004,2024-04-26,,0.007181,FLOATING,,,BR022
DEP-CURRENT_CORP-0056,DEPOSIT,GHS,63302576.77,CURRENT,SBL-CUST-000507,DEP.CORP.CUR,2004,2026-03-02,,0.007669,FLOATING,,,BR028
DEP-CURRENT_CORP-0057,DEPOSIT,GHS,10429954.81,CURRENT,SBL-CUST-003608,DEP.CORP.CUR,2004,2021-06-09,,0.00659,FLOATING,,,BR024
DEP-CURRENT_CORP-0058,DEPOSIT,GHS,10183042.66,CURRENT,SBL-CUST-010184,DEP.CORP.CUR,2004,2020-10-02,,0.00312,FLOATING,,,BR019
DEP-CURRENT_CORP-0059,DEPOSIT,GHS,15272447.78,CURRENT,SBL-CUST-011525,DEP.CORP.CUR,2004,2020-09-06,,0.000153,FLOATING,,,BR005
DEP-CURRENT_CORP-0060,DEPOSIT,GHS,13310502.37,CURRENT,SBL-CUST-006679,DEP.CORP.CUR,2004,2021-03-14,,0.005821,FLOATING,,,BR016
DEP-CURRENT_CORP-0061,DEPOSIT,GHS,10789762.9,CURRENT,SBL-CUST-011352,DEP.CORP.CUR,2004,2026-05-13,,0.005426,FLOATING,,,BR019
DEP-CURRENT_CORP-0062,DEPOSIT,GHS,6986397.66,CURRENT,SBL-CUST-004238,DEP.CORP.CUR,2004,2023-12-27,,0.0038,FLOATING,,,BR020
DEP-CURRENT_CORP-0063,DEPOSIT,GHS,10619534.3,CURRENT,SBL-CUST-004139,DEP.CORP.CUR,2004,2022-03-31,,0.004489,FLOATING,,,BR011
DEP-CURRENT_CORP-0064,DEPOSIT,GHS,6679277.74,CURRENT,SBL-CUST-011285,DEP.CORP.CUR,2004,2022-06-22,,0.005989,FLOATING,,,BR008
DEP-CURRENT_CORP-0065,DEPOSIT,GHS,11316748.38,CURRENT,SBL-CUST-005528,DEP.CORP.CUR,2004,2022-04-17,,0.007978,FLOATING,,,BR002
DEP-CURRENT_CORP-0066,DEPOSIT,GHS,7119856.39,CURRENT,SBL-CUST-007674,DEP.CORP.CUR,2004,2021-10-26,,0.005385,FLOATING,,,BR009
DEP-CURRENT_CORP-0067,DEPOSIT,GHS,7662463.23,CURRENT,SBL-CUST-007820,DEP.CORP.CUR,2004,2021-08-23,,0.003881,FLOATING,,,BR016
DEP-CURRENT_CORP-0068,DEPOSIT,GHS,9054487.26,CURRENT,SBL-CUST-009751,DEP.CORP.CUR,2004,2020-03-25,,0.005287,FLOATING,,,BR001
DEP-CURRENT_CORP-0069,DEPOSIT,GHS,10310462.88,CURRENT,SBL-CUST-003987,DEP.CORP.CUR,2004,2022-09-18,,0.00619,FLOATING,,,BR011
DEP-CURRENT_CORP-0070,DEPOSIT,GHS,63984729.39,CURRENT,SBL-CUST-009097,DEP.CORP.CUR,2004,2020-03-07,,0.003068,FLOATING,,,BR008
DEP-CURRENT_CORP-0071,DEPOSIT,GHS,8694078.29,CURRENT,SBL-CUST-008979,DEP.CORP.CUR,2004,2023-01-19,,0.005787,FLOATING,,,BR024
DEP-CURRENT_CORP-0072,DEPOSIT,GHS,7814862.72,CURRENT,SBL-CUST-006976,DEP.CORP.CUR,2004,2024-02-17,,0.001356,FLOATING,,,BR011
DEP-CURRENT_CORP-0073,DEPOSIT,GHS,54163867.05,CURRENT,SBL-CUST-009676,DEP.CORP.CUR,2004,2021-10-12,,0.004537,FLOATING,,,BR015
DEP-CURRENT_CORP-0074,DEPOSIT,GHS,17132941.08,CURRENT,SBL-CUST-008654,DEP.CORP.CUR,2004,2021-03-08,,0.00053,FLOATING,,,BR001
DEP-CURRENT_CORP-0075,DEPOSIT,GHS,22991170.95,CURRENT,SBL-CUST-007227,DEP.CORP.CUR,2004,2024-12-07,,0.003316,FLOATING,,,BR010
DEP-CURRENT_CORP-0076,DEPOSIT,GHS,7271434.02,CURRENT,SBL-CUST-009847,DEP.CORP.CUR,2004,2020-11-22,,0.004747,FLOATING,,,BR025
DEP-CURRENT_CORP-0077,DEPOSIT,GHS,72039078.27,CURRENT,SBL-CUST-002564,DEP.CORP.CUR,2004,2026-01-23,,0.005415,FLOATING,,,BR005
DEP-CURRENT_CORP-0078,DEPOSIT,GHS,15363619.81,CURRENT,SBL-CUST-013851,DEP.CORP.CUR,2004,2019-09-12,,0.006216,FLOATING,,,BR004
DEP-CURRENT_CORP-0079,DEPOSIT,GHS,14555999.06,CURRENT,SBL-CUST-006892,DEP.CORP.CUR,2004,2025-08-06,,0.001874,FLOATING,,,BR025
DEP-CURRENT_CORP-0080,DEPOSIT,GHS,10742840.79,CURRENT,SBL-CUST-002712,DEP.CORP.CUR,2004,2018-09-20,,0.00092,FLOATING,,,BR026
DEP-CURRENT_CORP-0081,DEPOSIT,GHS,16179523.28,CURRENT,SBL-CUST-013455,DEP.CORP.CUR,2004,2024-01-29,,0.000814,FLOATING,,,BR009
DEP-CURRENT_CORP-0082,DEPOSIT,GHS,12472917.59,CURRENT,SBL-CUST-007828,DEP.CORP.CUR,2004,2019-10-04,,0.005447,FLOATING,,,BR013
DEP-CURRENT_CORP-0083,DEPOSIT,GHS,8392533.24,CURRENT,SBL-CUST-011419,DEP.CORP.CUR,2004,2021-11-15,,0.001457,FLOATING,,,BR009
DEP-CURRENT_CORP-0084,DEPOSIT,GHS,12249245.06,CURRENT,SBL-CUST-007983,DEP.CORP.CUR,2004,2023-03-18,,8e-06,FLOATING,,,BR019
DEP-CURRENT_CORP-0085,DEPOSIT,GHS,7048600.95,CURRENT,SBL-CUST-011849,DEP.CORP.CUR,2004,2019-07-18,,0.005287,FLOATING,,,BR023
DEP-CURRENT_CORP-0086,DEPOSIT,GHS,6680841.2,CURRENT,SBL-CUST-007270,DEP.CORP.CUR,2004,2020-10-29,,0.000946,FLOATING,,,BR026
DEP-CURRENT_CORP-0087,DEPOSIT,GHS,12954639.54,CURRENT,SBL-CUST-001107,DEP.CORP.CUR,2004,2024-06-07,,0.001928,FLOATING,,,BR008
DEP-CURRENT_CORP-0088,DEPOSIT,GHS,6663346.66,CURRENT,SBL-CUST-013571,DEP.CORP.CUR,2004,2020-01-22,,0.006349,FLOATING,,,BR023
DEP-CURRENT_CORP-0089,DEPOSIT,GHS,22217097.73,CURRENT,SBL-CUST-001114,DEP.CORP.CUR,2004,2022-07-28,,0.001678,FLOATING,,,BR018
DEP-CURRENT_CORP-0090,DEPOSIT,GHS,7353726.39,CURRENT,SBL-CUST-009782,DEP.CORP.CUR,2004,2022-01-30,,0.003005,FLOATING,,,BR028
DEP-CALL-0001,DEPOSIT,GHS,7684705.7,CALL,SBL-CUST-002109,DEP.CORP.CALL,2004,2018-09-28,,0.031651,FLOATING,,,BR021
DEP-CALL-0002,DEPOSIT,GHS,25260062.93,CALL,SBL-CUST-008150,DEP.CORP.CALL,2004,2024-07-24,,0.045268,FLOATING,,,BR023
DEP-CALL-0003,DEPOSIT,GHS,19035446.57,CALL,SBL-CUST-003247,DEP.CORP.CALL,2004,2019-02-04,,0.051581,FLOATING,,,BR004
DEP-CALL-0004,DEPOSIT,GHS,6285785.67,CALL,SBL-CUST-006382,DEP.CORP.CALL,2004,2022-11-18,,0.059114,FLOATING,,,BR017
DEP-CALL-0005,DEPOSIT,GHS,25968408.92,CALL,SBL-CUST-004250,DEP.CORP.CALL,2004,2021-11-08,,0.035878,FLOATING,,,BR018
DEP-CALL-0006,DEPOSIT,GHS,4904343.75,CALL,SBL-CUST-011428,DEP.CORP.CALL,2004,2021-10-01,,0.034082,FLOATING,,,BR021
DEP-CALL-0007,DEPOSIT,GHS,15257285.68,CALL,SBL-CUST-004908,DEP.CORP.CALL,2004,2025-12-25,,0.05373,FLOATING,,,BR021
DEP-CALL-0008,DEPOSIT,GHS,5520127.59,CALL,SBL-CUST-001909,DEP.CORP.CALL,2004,2026-04-29,,0.049393,FLOATING,,,BR020
DEP-CALL-0009,DEPOSIT,GHS,5531371.49,CALL,SBL-CUST-000949,DEP.CORP.CALL,2004,2022-09-13,,0.059367,FLOATING,,,BR017
DEP-CALL-0010,DEPOSIT,GHS,6854253.95,CALL,SBL-CUST-010181,DEP.CORP.CALL,2004,2026-01-28,,0.032531,FLOATING,,,BR001
DEP-CALL-0011,DEPOSIT,GHS,5726669.45,CALL,SBL-CUST-007803,DEP.CORP.CALL,2004,2025-09-19,,0.030126,FLOATING,,,BR025
DEP-CALL-0012,DEPOSIT,GHS,5719090.29,CALL,SBL-CUST-001537,DEP.CORP.CALL,2004,2019-04-26,,0.056955,FLOATING,,,BR018
DEP-CALL-0013,DEPOSIT,GHS,12411424.91,CALL,SBL-CUST-004427,DEP.CORP.CALL,2004,2019-11-02,,0.025942,FLOATING,,,BR005
DEP-CALL-0014,DEPOSIT,GHS,7115963.83,CALL,SBL-CUST-013045,DEP.CORP.CALL,2004,2022-10-08,,0.027017,FLOATING,,,BR023
DEP-CALL-0015,DEPOSIT,GHS,7020822.29,CALL,SBL-CUST-000315,DEP.CORP.CALL,2004,2021-02-06,,0.031929,FLOATING,,,BR005
DEP-CALL-0016,DEPOSIT,GHS,13373419.31,CALL,SBL-CUST-007992,DEP.CORP.CALL,2004,2024-02-01,,0.029558,FLOATING,,,BR020
DEP-CALL-0017,DEPOSIT,GHS,14657670.87,CALL,SBL-CUST-010427,DEP.CORP.CALL,2004,2023-12-20,,0.042945,FLOATING,,,BR011
DEP-CALL-0018,DEPOSIT,GHS,57211163.92,CALL,SBL-CUST-013633,DEP.CORP.CALL,2004,2025-10-26,,0.034229,FLOATING,,,BR011
DEP-CALL-0019,DEPOSIT,GHS,5803789.46,CALL,SBL-CUST-001810,DEP.CORP.CALL,2004,2019-09-01,,0.029557,FLOATING,,,BR008
DEP-CALL-0020,DEPOSIT,GHS,5074359.2,CALL,SBL-CUST-014462,DEP.CORP.CALL,2004,2025-10-18,,0.053979,FLOATING,,,BR010
DEP-CALL-0021,DEPOSIT,GHS,34637639.47,CALL,SBL-CUST-001709,DEP.CORP.CALL,2004,2023-02-21,,0.044692,FLOATING,,,BR024
DEP-CALL-0022,DEPOSIT,GHS,6471065.67,CALL,SBL-CUST-001932,DEP.CORP.CALL,2004,2024-06-18,,0.032843,FLOATING,,,BR005
DEP-CALL-0023,DEPOSIT,GHS,6852551.08,CALL,SBL-CUST-014563,DEP.CORP.CALL,2004,2024-03-27,,0.057803,FLOATING,,,BR019
DEP-CALL-0024,DEPOSIT,GHS,10869114.2,CALL,SBL-CUST-012598,DEP.CORP.CALL,2004,2021-10-18,,0.038191,FLOATING,,,BR016
DEP-CALL-0025,DEPOSIT,GHS,8708251.0,CALL,SBL-CUST-011400,DEP.CORP.CALL,2004,2019-04-28,,0.05403,FLOATING,,,BR016
DEP-CALL-0026,DEPOSIT,GHS,11445946.87,CALL,SBL-CUST-011736,DEP.CORP.CALL,2004,2024-09-15,,0.034695,FLOATING,,,BR027
DEP-CALL-0027,DEPOSIT,GHS,5221006.02,CALL,SBL-CUST-004875,DEP.CORP.CALL,2004,2019-02-27,,0.038794,FLOATING,,,BR005
DEP-CALL-0028,DEPOSIT,GHS,5395297.91,CALL,SBL-CUST-007808,DEP.CORP.CALL,2004,2022-05-06,,0.027814,FLOATING,,,BR022
DEP-CALL-0029,DEPOSIT,GHS,7480090.24,CALL,SBL-CUST-014389,DEP.CORP.CALL,2004,2018-09-25,,0.048767,FLOATING,,,BR018
DEP-CALL-0030,DEPOSIT,GHS,4595099.88,CALL,SBL-CUST-012833,DEP.CORP.CALL,2004,2022-06-06,,0.051957,FLOATING,,,BR005
DEP-CALL-0031,DEPOSIT,GHS,6966851.03,CALL,SBL-CUST-005036,DEP.CORP.CALL,2004,2025-03-05,,0.04541,FLOATING,,,BR011
DEP-CALL-0032,DEPOSIT,GHS,16373927.28,CALL,SBL-CUST-012101,DEP.CORP.CALL,2004,2021-06-12,,0.032969,FLOATING,,,BR002
DEP-CALL-0033,DEPOSIT,GHS,6232489.95,CALL,SBL-CUST-003740,DEP.CORP.CALL,2004,2023-01-25,,0.032667,FLOATING,,,BR013
DEP-CALL-0034,DEPOSIT,GHS,7938493.69,CALL,SBL-CUST-006442,DEP.CORP.CALL,2004,2019-05-08,,0.056284,FLOATING,,,BR009
DEP-CALL-0035,DEPOSIT,GHS,27226500.87,CALL,SBL-CUST-001841,DEP.CORP.CALL,2004,2020-01-24,,0.05701,FLOATING,,,BR022
DEP-CALL-0036,DEPOSIT,GHS,6990214.89,CALL,SBL-CUST-006469,DEP.CORP.CALL,2004,2022-11-14,,0.033442,FLOATING,,,BR006
DEP-CALL-0037,DEPOSIT,GHS,4525017.69,CALL,SBL-CUST-008911,DEP.CORP.CALL,2004,2020-02-29,,0.055367,FLOATING,,,BR003
DEP-CALL-0038,DEPOSIT,GHS,11447226.23,CALL,SBL-CUST-014689,DEP.CORP.CALL,2004,2024-12-18,,0.05431,FLOATING,,,BR014
DEP-CALL-0039,DEPOSIT,GHS,6373841.43,CALL,SBL-CUST-001946,DEP.CORP.CALL,2004,2020-06-20,,0.030572,FLOATING,,,BR014
DEP-CALL-0040,DEPOSIT,GHS,47383906.36,CALL,SBL-CUST-003242,DEP.CORP.CALL,2004,2025-12-23,,0.057133,FLOATING,,,BR009
DEP-CALL-0041,DEPOSIT,GHS,4438597.46,CALL,SBL-CUST-002973,DEP.CORP.CALL,2004,2022-09-11,,0.026461,FLOATING,,,BR025
DEP-CALL-0042,DEPOSIT,GHS,4924350.79,CALL,SBL-CUST-006284,DEP.CORP.CALL,2004,2021-08-08,,0.032347,FLOATING,,,BR010
DEP-CALL-0043,DEPOSIT,GHS,4493819.39,CALL,SBL-CUST-011356,DEP.CORP.CALL,2004,2022-02-19,,0.031855,FLOATING,,,BR021
DEP-CALL-0044,DEPOSIT,GHS,11871173.21,CALL,SBL-CUST-003454,DEP.CORP.CALL,2004,2025-09-10,,0.034149,FLOATING,,,BR006
DEP-CALL-0045,DEPOSIT,GHS,6373762.89,CALL,SBL-CUST-005872,DEP.CORP.CALL,2004,2024-02-11,,0.030613,FLOATING,,,BR017
DEP-CALL-0046,DEPOSIT,GHS,4999931.7,CALL,SBL-CUST-001707,DEP.CORP.CALL,2004,2020-03-25,,0.028377,FLOATING,,,BR011
DEP-CALL-0047,DEPOSIT,GHS,22215485.92,CALL,SBL-CUST-004342,DEP.CORP.CALL,2004,2024-06-04,,0.043347,FLOATING,,,BR019
DEP-CALL-0048,DEPOSIT,GHS,65046685.43,CALL,SBL-CUST-013036,DEP.CORP.CALL,2004,2024-01-05,,0.04542,FLOATING,,,BR005
DEP-CALL-0049,DEPOSIT,GHS,5029971.79,CALL,SBL-CUST-010405,DEP.CORP.CALL,2004,2021-04-01,,0.053545,FLOATING,,,BR006
DEP-CALL-0050,DEPOSIT,GHS,6646558.78,CALL,SBL-CUST-001637,DEP.CORP.CALL,2004,2024-03-09,,0.054284,FLOATING,,,BR017
DEP-CALL-0051,DEPOSIT,GHS,10051196.1,CALL,SBL-CUST-012928,DEP.CORP.CALL,2004,2021-06-16,,0.033911,FLOATING,,,BR011
DEP-CALL-0052,DEPOSIT,GHS,24246546.43,CALL,SBL-CUST-000179,DEP.CORP.CALL,2004,2024-08-17,,0.040483,FLOATING,,,BR008
DEP-CALL-0053,DEPOSIT,GHS,4886752.67,CALL,SBL-CUST-008652,DEP.CORP.CALL,2004,2026-04-29,,0.059589,FLOATING,,,BR022
DEP-CALL-0054,DEPOSIT,GHS,7815370.47,CALL,SBL-CUST-002839,DEP.CORP.CALL,2004,2025-08-11,,0.057785,FLOATING,,,BR008
DEP-CALL-0055,DEPOSIT,GHS,4755741.15,CALL,SBL-CUST-011633,DEP.CORP.CALL,2004,2024-02-02,,0.042949,FLOATING,,,BR028
DEP-CALL-0056,DEPOSIT,GHS,7520373.22,CALL,SBL-CUST-002798,DEP.CORP.CALL,2004,2023-03-22,,0.046847,FLOATING,,,BR001
DEP-CALL-0057,DEPOSIT,GHS,4790971.43,CALL,SBL-CUST-005026,DEP.CORP.CALL,2004,2024-11-12,,0.032021,FLOATING,,,BR006
DEP-CALL-0058,DEPOSIT,GHS,7514617.66,CALL,SBL-CUST-000469,DEP.CORP.CALL,2004,2019-08-25,,0.041421,FLOATING,,,BR010
DEP-CALL-0059,DEPOSIT,GHS,4779965.42,CALL,SBL-CUST-008402,DEP.CORP.CALL,2004,2022-03-06,,0.043404,FLOATING,,,BR014
DEP-CALL-0060,DEPOSIT,GHS,8335481.71,CALL,SBL-CUST-009278,DEP.CORP.CALL,2004,2019-01-23,,0.051711,FLOATING,,,BR005
DEP-CALL-0061,DEPOSIT,GHS,12053590.48,CALL,SBL-CUST-002555,DEP.CORP.CALL,2004,2021-09-24,,0.029599,FLOATING,,,BR012
DEP-CALL-0062,DEPOSIT,GHS,5453460.07,CALL,SBL-CUST-012382,DEP.CORP.CALL,2004,2025-09-14,,0.053657,FLOATING,,,BR023
DEP-CALL-0063,DEPOSIT,GHS,7309801.89,CALL,SBL-CUST-000940,DEP.CORP.CALL,2004,2024-03-07,,0.038713,FLOATING,,,BR010
DEP-CALL-0064,DEPOSIT,GHS,44557727.99,CALL,SBL-CUST-008607,DEP.CORP.CALL,2004,2026-01-02,,0.037182,FLOATING,,,BR006
DEP-CALL-0065,DEPOSIT,GHS,13709430.11,CALL,SBL-CUST-011964,DEP.CORP.CALL,2004,2018-12-13,,0.025762,FLOATING,,,BR003
DEP-CALL-0066,DEPOSIT,GHS,5316619.41,CALL,SBL-CUST-012241,DEP.CORP.CALL,2004,2024-06-11,,0.028866,FLOATING,,,BR024
DEP-CALL-0067,DEPOSIT,GHS,4771180.87,CALL,SBL-CUST-014344,DEP.CORP.CALL,2004,2019-08-12,,0.055214,FLOATING,,,BR027
DEP-CALL-0068,DEPOSIT,GHS,7878550.78,CALL,SBL-CUST-011146,DEP.CORP.CALL,2004,2020-05-06,,0.041601,FLOATING,,,BR011
DEP-CALL-0069,DEPOSIT,GHS,4704010.89,CALL,SBL-CUST-002762,DEP.CORP.CALL,2004,2020-03-29,,0.029758,FLOATING,,,BR002
DEP-CALL-0070,DEPOSIT,GHS,7963492.92,CALL,SBL-CUST-006186,DEP.CORP.CALL,2004,2025-09-01,,0.03224,FLOATING,,,BR024
DEP-CALL-0071,DEPOSIT,GHS,20968735.79,CALL,SBL-CUST-004534,DEP.CORP.CALL,2004,2025-03-17,,0.0358,FLOATING,,,BR006
DEP-CALL-0072,DEPOSIT,GHS,6309124.67,CALL,SBL-CUST-003254,DEP.CORP.CALL,2004,2024-05-05,,0.05039,FLOATING,,,BR021
DEP-CALL-0073,DEPOSIT,GHS,5201872.89,CALL,SBL-CUST-011632,DEP.CORP.CALL,2004,2024-09-28,,0.038675,FLOATING,,,BR027
DEP-CALL-0074,DEPOSIT,GHS,13293792.38,CALL,SBL-CUST-011694,DEP.CORP.CALL,2004,2023-07-16,,0.035325,FLOATING,,,BR020
DEP-CALL-0075,DEPOSIT,GHS,8988480.95,CALL,SBL-CUST-014818,DEP.CORP.CALL,2004,2024-06-09,,0.038695,FLOATING,,,BR001
DEP-CALL-0076,DEPOSIT,GHS,6063224.04,CALL,SBL-CUST-003221,DEP.CORP.CALL,2004,2021-01-14,,0.049438,FLOATING,,,BR008
DEP-CALL-0077,DEPOSIT,GHS,8794492.74,CALL,SBL-CUST-014083,DEP.CORP.CALL,2004,2020-09-19,,0.043646,FLOATING,,,BR009
DEP-CALL-0078,DEPOSIT,GHS,7435466.96,CALL,SBL-CUST-007646,DEP.CORP.CALL,2004,2024-08-04,,0.049753,FLOATING,,,BR027
DEP-CALL-0079,DEPOSIT,GHS,4459259.61,CALL,SBL-CUST-012596,DEP.CORP.CALL,2004,2023-09-26,,0.036918,FLOATING,,,BR017
DEP-CALL-0080,DEPOSIT,GHS,6503673.76,CALL,SBL-CUST-000021,DEP.CORP.CALL,2004,2024-11-24,,0.050219,FLOATING,,,BR005
DEP-CALL-0081,DEPOSIT,GHS,5419040.07,CALL,SBL-CUST-010328,DEP.CORP.CALL,2004,2020-11-02,,0.032409,FLOATING,,,BR023
DEP-CALL-0082,DEPOSIT,GHS,7624317.0,CALL,SBL-CUST-010797,DEP.CORP.CALL,2004,2024-07-04,,0.042775,FLOATING,,,BR026
DEP-CALL-0083,DEPOSIT,GHS,5531177.9,CALL,SBL-CUST-009248,DEP.CORP.CALL,2004,2023-01-16,,0.043803,FLOATING,,,BR006
DEP-CALL-0084,DEPOSIT,GHS,5282578.09,CALL,SBL-CUST-007746,DEP.CORP.CALL,2004,2022-02-19,,0.054893,FLOATING,,,BR007
DEP-CALL-0085,DEPOSIT,GHS,7807805.26,CALL,SBL-CUST-000531,DEP.CORP.CALL,2004,2022-01-28,,0.057891,FLOATING,,,BR004
DEP-CALL-0086,DEPOSIT,GHS,5101854.21,CALL,SBL-CUST-004695,DEP.CORP.CALL,2004,2024-02-07,,0.056137,FLOATING,,,BR002
DEP-CALL-0087,DEPOSIT,GHS,6070728.61,CALL,SBL-CUST-013167,DEP.CORP.CALL,2004,2021-11-26,,0.05937,FLOATING,,,BR018
DEP-CALL-0088,DEPOSIT,GHS,4899332.19,CALL,SBL-CUST-007103,DEP.CORP.CALL,2004,2022-07-27,,0.025103,FLOATING,,,BR006
DEP-CALL-0089,DEPOSIT,GHS,6350463.82,CALL,SBL-CUST-007471,DEP.CORP.CALL,2004,2024-11-05,,0.037679,FLOATING,,,BR027
DEP-CALL-0090,DEPOSIT,GHS,5663054.54,CALL,SBL-CUST-000676,DEP.CORP.CALL,2004,2023-02-28,,0.04964,FLOATING,,,BR021
DEP-SAVINGS-0001,DEPOSIT,GHS,14843980.49,SAVINGS,SBL-CUST-008309,DEP.RET.SAV,2002,2026-01-28,,0.040483,FLOATING,,,BR020
DEP-SAVINGS-0002,DEPOSIT,GHS,5474858.01,SAVINGS,SBL-CUST-006523,DEP.RET.SAV,2002,2019-12-06,,0.047574,FLOATING,,,BR028
DEP-SAVINGS-0003,DEPOSIT,GHS,6437538.94,SAVINGS,SBL-CUST-000944,DEP.RET.SAV,2002,2022-08-18,,0.055347,FLOATING,,,BR001
DEP-SAVINGS-0004,DEPOSIT,GHS,6582953.23,SAVINGS,SBL-CUST-014839,DEP.RET.SAV,2002,2022-04-05,,0.068423,FLOATING,,,BR027
DEP-SAVINGS-0005,DEPOSIT,GHS,8749960.32,SAVINGS,SBL-CUST-004378,DEP.RET.SAV,2002,2023-03-29,,0.050098,FLOATING,,,BR014
DEP-SAVINGS-0006,DEPOSIT,GHS,6486532.55,SAVINGS,SBL-CUST-004315,DEP.RET.SAV,2002,2020-01-02,,0.040736,FLOATING,,,BR005
DEP-SAVINGS-0007,DEPOSIT,GHS,5140600.88,SAVINGS,SBL-CUST-004266,DEP.RET.SAV,2002,2020-07-30,,0.055934,FLOATING,,,BR014
DEP-SAVINGS-0008,DEPOSIT,GHS,14803707.12,SAVINGS,SBL-CUST-010753,DEP.RET.SAV,2002,2024-04-03,,0.060769,FLOATING,,,BR012
DEP-SAVINGS-0009,DEPOSIT,GHS,5741381.31,SAVINGS,SBL-CUST-003984,DEP.RET.SAV,2002,2024-02-26,,0.04187,FLOATING,,,BR025
DEP-SAVINGS-0010,DEPOSIT,GHS,11836608.07,SAVINGS,SBL-CUST-003062,DEP.RET.SAV,2002,2025-11-13,,0.045204,FLOATING,,,BR025
DEP-SAVINGS-0011,DEPOSIT,GHS,5639773.68,SAVINGS,SBL-CUST-009530,DEP.RET.SAV,2002,2023-09-20,,0.052414,FLOATING,,,BR019
DEP-SAVINGS-0012,DEPOSIT,GHS,6325628.73,SAVINGS,SBL-CUST-003764,DEP.RET.SAV,2002,2023-10-25,,0.072292,FLOATING,,,BR011
DEP-SAVINGS-0013,DEPOSIT,GHS,6217194.34,SAVINGS,SBL-CUST-001226,DEP.RET.SAV,2002,2020-01-29,,0.051709,FLOATING,,,BR019
DEP-SAVINGS-0014,DEPOSIT,GHS,14473539.35,SAVINGS,SBL-CUST-006080,DEP.RET.SAV,2002,2026-02-25,,0.060714,FLOATING,,,BR012
DEP-SAVINGS-0015,DEPOSIT,GHS,9228748.09,SAVINGS,SBL-CUST-002456,DEP.RET.SAV,2002,2023-03-24,,0.053315,FLOATING,,,BR002
DEP-SAVINGS-0016,DEPOSIT,GHS,6950600.6,SAVINGS,SBL-CUST-001540,DEP.RET.SAV,2002,2026-04-02,,0.056164,FLOATING,,,BR003
DEP-SAVINGS-0017,DEPOSIT,GHS,9091550.77,SAVINGS,SBL-CUST-000988,DEP.RET.SAV,2002,2024-05-14,,0.062645,FLOATING,,,BR015
DEP-SAVINGS-0018,DEPOSIT,GHS,5055317.74,SAVINGS,SBL-CUST-013060,DEP.RET.SAV,2002,2021-04-18,,0.069946,FLOATING,,,BR027
DEP-SAVINGS-0019,DEPOSIT,GHS,6932624.15,SAVINGS,SBL-CUST-006696,DEP.RET.SAV,2002,2025-03-07,,0.074352,FLOATING,,,BR027
DEP-SAVINGS-0020,DEPOSIT,GHS,11902486.66,SAVINGS,SBL-CUST-011113,DEP.RET.SAV,2002,2022-03-11,,0.053849,FLOATING,,,BR010
DEP-SAVINGS-0021,DEPOSIT,GHS,26047356.96,SAVINGS,SBL-CUST-010733,DEP.RET.SAV,2002,2024-06-23,,0.066641,FLOATING,,,BR026
DEP-SAVINGS-0022,DEPOSIT,GHS,5663267.58,SAVINGS,SBL-CUST-010261,DEP.RET.SAV,2002,2021-10-06,,0.049659,FLOATING,,,BR016
DEP-SAVINGS-0023,DEPOSIT,GHS,8531259.53,SAVINGS,SBL-CUST-004130,DEP.RET.SAV,2002,2020-03-16,,0.060411,FLOATING,,,BR004
DEP-SAVINGS-0024,DEPOSIT,GHS,7218688.74,SAVINGS,SBL-CUST-014244,DEP.RET.SAV,2002,2024-11-12,,0.066408,FLOATING,,,BR028
DEP-SAVINGS-0025,DEPOSIT,GHS,7740439.42,SAVINGS,SBL-CUST-014115,DEP.RET.SAV,2002,2025-02-11,,0.05209,FLOATING,,,BR003
DEP-SAVINGS-0026,DEPOSIT,GHS,8828156.52,SAVINGS,SBL-CUST-001604,DEP.RET.SAV,2002,2021-12-17,,0.043811,FLOATING,,,BR010
DEP-SAVINGS-0027,DEPOSIT,GHS,5225035.15,SAVINGS,SBL-CUST-000884,DEP.RET.SAV,2002,2019-07-27,,0.062313,FLOATING,,,BR026
DEP-SAVINGS-0028,DEPOSIT,GHS,5501764.45,SAVINGS,SBL-CUST-002409,DEP.RET.SAV,2002,2025-02-23,,0.050724,FLOATING,,,BR026
DEP-SAVINGS-0029,DEPOSIT,GHS,8988531.63,SAVINGS,SBL-CUST-014134,DEP.RET.SAV,2002,2019-12-05,,0.041264,FLOATING,,,BR018
DEP-SAVINGS-0030,DEPOSIT,GHS,12224054.85,SAVINGS,SBL-CUST-013495,DEP.RET.SAV,2002,2020-01-03,,0.052314,FLOATING,,,BR006
DEP-SAVINGS-0031,DEPOSIT,GHS,11765003.8,SAVINGS,SBL-CUST-004580,DEP.RET.SAV,2002,2025-03-10,,0.055457,FLOATING,,,BR024
DEP-SAVINGS-0032,DEPOSIT,GHS,9785671.91,SAVINGS,SBL-CUST-007653,DEP.RET.SAV,2002,2023-06-10,,0.059964,FLOATING,,,BR010
DEP-SAVINGS-0033,DEPOSIT,GHS,17911330.8,SAVINGS,SBL-CUST-007741,DEP.RET.SAV,2002,2024-05-20,,0.067291,FLOATING,,,BR003
DEP-SAVINGS-0034,DEPOSIT,GHS,5111210.5,SAVINGS,SBL-CUST-004060,DEP.RET.SAV,2002,2024-09-28,,0.04753,FLOATING,,,BR027
DEP-SAVINGS-0035,DEPOSIT,GHS,7371319.91,SAVINGS,SBL-CUST-007732,DEP.RET.SAV,2002,2024-11-03,,0.064826,FLOATING,,,BR004
DEP-SAVINGS-0036,DEPOSIT,GHS,58283437.7,SAVINGS,SBL-CUST-014410,DEP.RET.SAV,2002,2019-03-19,,0.070196,FLOATING,,,BR002
DEP-SAVINGS-0037,DEPOSIT,GHS,5721791.37,SAVINGS,SBL-CUST-014134,DEP.RET.SAV,2002,2019-12-20,,0.065002,FLOATING,,,BR004
DEP-SAVINGS-0038,DEPOSIT,GHS,5976087.81,SAVINGS,SBL-CUST-011426,DEP.RET.SAV,2002,2023-02-23,,0.043772,FLOATING,,,BR009
DEP-SAVINGS-0039,DEPOSIT,GHS,34683445.15,SAVINGS,SBL-CUST-014196,DEP.RET.SAV,2002,2021-11-20,,0.074886,FLOATING,,,BR001
DEP-SAVINGS-0040,DEPOSIT,GHS,8605973.25,SAVINGS,SBL-CUST-001253,DEP.RET.SAV,2002,2025-02-09,,0.051467,FLOATING,,,BR001
DEP-SAVINGS-0041,DEPOSIT,GHS,23737955.45,SAVINGS,SBL-CUST-009211,DEP.RET.SAV,2002,2021-03-27,,0.062494,FLOATING,,,BR010
DEP-SAVINGS-0042,DEPOSIT,GHS,7306183.84,SAVINGS,SBL-CUST-005239,DEP.RET.SAV,2002,2022-08-14,,0.054976,FLOATING,,,BR006
DEP-SAVINGS-0043,DEPOSIT,GHS,9111773.24,SAVINGS,SBL-CUST-008892,DEP.RET.SAV,2002,2019-12-22,,0.057333,FLOATING,,,BR018
DEP-SAVINGS-0044,DEPOSIT,GHS,17261841.02,SAVINGS,SBL-CUST-010645,DEP.RET.SAV,2002,2025-01-26,,0.052902,FLOATING,,,BR012
DEP-SAVINGS-0045,DEPOSIT,GHS,10051226.38,SAVINGS,SBL-CUST-014441,DEP.RET.SAV,2002,2023-08-01,,0.043362,FLOATING,,,BR015
DEP-SAVINGS-0046,DEPOSIT,GHS,13569185.94,SAVINGS,SBL-CUST-003437,DEP.RET.SAV,2002,2023-07-01,,0.052254,FLOATING,,,BR013
DEP-SAVINGS-0047,DEPOSIT,GHS,6902120.82,SAVINGS,SBL-CUST-003875,DEP.RET.SAV,2002,2019-03-10,,0.058722,FLOATING,,,BR019
DEP-SAVINGS-0048,DEPOSIT,GHS,21695522.8,SAVINGS,SBL-CUST-004106,DEP.RET.SAV,2002,2023-10-28,,0.059612,FLOATING,,,BR022
DEP-SAVINGS-0049,DEPOSIT,GHS,17232165.81,SAVINGS,SBL-CUST-001427,DEP.RET.SAV,2002,2025-04-22,,0.042988,FLOATING,,,BR027
DEP-SAVINGS-0050,DEPOSIT,GHS,5219516.92,SAVINGS,SBL-CUST-003962,DEP.RET.SAV,2002,2022-08-14,,0.064587,FLOATING,,,BR009
DEP-SAVINGS-0051,DEPOSIT,GHS,5117206.51,SAVINGS,SBL-CUST-009703,DEP.RET.SAV,2002,2018-08-07,,0.051309,FLOATING,,,BR015
DEP-SAVINGS-0052,DEPOSIT,GHS,6615113.21,SAVINGS,SBL-CUST-010629,DEP.RET.SAV,2002,2019-06-13,,0.058663,FLOATING,,,BR026
DEP-SAVINGS-0053,DEPOSIT,GHS,27993483.6,SAVINGS,SBL-CUST-007175,DEP.RET.SAV,2002,2021-06-06,,0.053169,FLOATING,,,BR019
DEP-SAVINGS-0054,DEPOSIT,GHS,7846655.85,SAVINGS,SBL-CUST-010872,DEP.RET.SAV,2002,2023-07-13,,0.059328,FLOATING,,,BR011
DEP-SAVINGS-0055,DEPOSIT,GHS,10667485.38,SAVINGS,SBL-CUST-003093,DEP.RET.SAV,2002,2022-12-22,,0.058761,FLOATING,,,BR022
DEP-SAVINGS-0056,DEPOSIT,GHS,5018598.59,SAVINGS,SBL-CUST-013658,DEP.RET.SAV,2002,2019-04-20,,0.045078,FLOATING,,,BR016
DEP-SAVINGS-0057,DEPOSIT,GHS,5134798.96,SAVINGS,SBL-CUST-014792,DEP.RET.SAV,2002,2021-01-06,,0.068462,FLOATING,,,BR014
DEP-SAVINGS-0058,DEPOSIT,GHS,26031518.2,SAVINGS,SBL-CUST-008068,DEP.RET.SAV,2002,2024-08-13,,0.042166,FLOATING,,,BR009
DEP-SAVINGS-0059,DEPOSIT,GHS,5857964.75,SAVINGS,SBL-CUST-014793,DEP.RET.SAV,2002,2025-10-27,,0.041309,FLOATING,,,BR006
DEP-SAVINGS-0060,DEPOSIT,GHS,6731812.19,SAVINGS,SBL-CUST-003617,DEP.RET.SAV,2002,2019-05-04,,0.071781,FLOATING,,,BR010
DEP-SAVINGS-0061,DEPOSIT,GHS,9236628.17,SAVINGS,SBL-CUST-000513,DEP.RET.SAV,2002,2020-11-28,,0.041963,FLOATING,,,BR020
DEP-SAVINGS-0062,DEPOSIT,GHS,6152311.92,SAVINGS,SBL-CUST-000417,DEP.RET.SAV,2002,2020-08-23,,0.056328,FLOATING,,,BR028
DEP-SAVINGS-0063,DEPOSIT,GHS,5003204.59,SAVINGS,SBL-CUST-002840,DEP.RET.SAV,2002,2023-10-24,,0.046166,FLOATING,,,BR011
DEP-SAVINGS-0064,DEPOSIT,GHS,13545465.9,SAVINGS,SBL-CUST-009647,DEP.RET.SAV,2002,2024-05-09,,0.041552,FLOATING,,,BR012
DEP-SAVINGS-0065,DEPOSIT,GHS,6427321.19,SAVINGS,SBL-CUST-007696,DEP.RET.SAV,2002,2018-08-31,,0.069837,FLOATING,,,BR023
DEP-SAVINGS-0066,DEPOSIT,GHS,6708960.15,SAVINGS,SBL-CUST-014221,DEP.RET.SAV,2002,2026-05-02,,0.044935,FLOATING,,,BR015
DEP-SAVINGS-0067,DEPOSIT,GHS,12709587.17,SAVINGS,SBL-CUST-008178,DEP.RET.SAV,2002,2021-07-08,,0.041219,FLOATING,,,BR011
DEP-SAVINGS-0068,DEPOSIT,GHS,6463584.59,SAVINGS,SBL-CUST-008768,DEP.RET.SAV,2002,2023-12-09,,0.043234,FLOATING,,,BR013
DEP-SAVINGS-0069,DEPOSIT,GHS,6861339.89,SAVINGS,SBL-CUST-010495,DEP.RET.SAV,2002,2024-02-04,,0.043714,FLOATING,,,BR023
DEP-SAVINGS-0070,DEPOSIT,GHS,25603505.99,SAVINGS,SBL-CUST-001561,DEP.RET.SAV,2002,2021-06-08,,0.045501,FLOATING,,,BR020
DEP-SAVINGS-0071,DEPOSIT,GHS,7186551.82,SAVINGS,SBL-CUST-004503,DEP.RET.SAV,2002,2019-08-11,,0.051628,FLOATING,,,BR010
DEP-SAVINGS-0072,DEPOSIT,GHS,9822981.68,SAVINGS,SBL-CUST-011720,DEP.RET.SAV,2002,2018-10-09,,0.062287,FLOATING,,,BR004
DEP-SAVINGS-0073,DEPOSIT,GHS,39100468.51,SAVINGS,SBL-CUST-005935,DEP.RET.SAV,2002,2023-10-13,,0.061991,FLOATING,,,BR017
DEP-SAVINGS-0074,DEPOSIT,GHS,6172280.43,SAVINGS,SBL-CUST-012218,DEP.RET.SAV,2002,2026-01-27,,0.041961,FLOATING,,,BR009
DEP-SAVINGS-0075,DEPOSIT,GHS,5022371.07,SAVINGS,SBL-CUST-005446,DEP.RET.SAV,2002,2020-07-15,,0.053491,FLOATING,,,BR009
DEP-SAVINGS-0076,DEPOSIT,GHS,6502968.51,SAVINGS,SBL-CUST-009376,DEP.RET.SAV,2002,2024-03-10,,0.065797,FLOATING,,,BR023
DEP-SAVINGS-0077,DEPOSIT,GHS,8511836.88,SAVINGS,SBL-CUST-001203,DEP.RET.SAV,2002,2024-06-04,,0.062446,FLOATING,,,BR022
DEP-SAVINGS-0078,DEPOSIT,GHS,14739389.7,SAVINGS,SBL-CUST-005076,DEP.RET.SAV,2002,2025-01-21,,0.070794,FLOATING,,,BR020
DEP-SAVINGS-0079,DEPOSIT,GHS,5664804.07,SAVINGS,SBL-CUST-002798,DEP.RET.SAV,2002,2019-02-19,,0.061481,FLOATING,,,BR025
DEP-SAVINGS-0080,DEPOSIT,GHS,9362604.09,SAVINGS,SBL-CUST-011620,DEP.RET.SAV,2002,2020-10-12,,0.040186,FLOATING,,,BR021
DEP-SAVINGS-0081,DEPOSIT,GHS,5921583.73,SAVINGS,SBL-CUST-012465,DEP.RET.SAV,2002,2021-02-02,,0.062663,FLOATING,,,BR018
DEP-SAVINGS-0082,DEPOSIT,GHS,6788884.85,SAVINGS,SBL-CUST-003691,DEP.RET.SAV,2002,2025-04-13,,0.063268,FLOATING,,,BR019
DEP-SAVINGS-0083,DEPOSIT,GHS,6825905.45,SAVINGS,SBL-CUST-008985,DEP.RET.SAV,2002,2021-05-23,,0.062537,FLOATING,,,BR021
DEP-SAVINGS-0084,DEPOSIT,GHS,6150793.03,SAVINGS,SBL-CUST-007833,DEP.RET.SAV,2002,2022-06-14,,0.048898,FLOATING,,,BR005
DEP-SAVINGS-0085,DEPOSIT,GHS,6352112.31,SAVINGS,SBL-CUST-014397,DEP.RET.SAV,2002,2020-04-22,,0.068261,FLOATING,,,BR019
DEP-SAVINGS-0086,DEPOSIT,GHS,6398229.59,SAVINGS,SBL-CUST-012469,DEP.RET.SAV,2002,2019-06-15,,0.047825,FLOATING,,,BR028
DEP-SAVINGS-0087,DEPOSIT,GHS,11674515.55,SAVINGS,SBL-CUST-004737,DEP.RET.SAV,2002,2020-01-19,,0.069746,FLOATING,,,BR018
DEP-SAVINGS-0088,DEPOSIT,GHS,7125064.0,SAVINGS,SBL-CUST-013738,DEP.RET.SAV,2002,2025-02-11,,0.049007,FLOATING,,,BR027
DEP-SAVINGS-0089,DEPOSIT,GHS,8845936.91,SAVINGS,SBL-CUST-003295,DEP.RET.SAV,2002,2025-11-07,,0.049375,FLOATING,,,BR008
DEP-SAVINGS-0090,DEPOSIT,GHS,10753741.18,SAVINGS,SBL-CUST-009337,DEP.RET.SAV,2002,2021-05-17,,0.040795,FLOATING,,,BR009
DEP-SAVINGS-0091,DEPOSIT,GHS,5183966.75,SAVINGS,SBL-CUST-008963,DEP.RET.SAV,2002,2019-08-01,,0.065198,FLOATING,,,BR002
DEP-SAVINGS-0092,DEPOSIT,GHS,5948930.32,SAVINGS,SBL-CUST-008034,DEP.RET.SAV,2002,2023-01-27,,0.044305,FLOATING,,,BR003
DEP-SAVINGS-0093,DEPOSIT,GHS,6966271.46,SAVINGS,SBL-CUST-009164,DEP.RET.SAV,2002,2024-08-12,,0.048208,FLOATING,,,BR016
DEP-SAVINGS-0094,DEPOSIT,GHS,5816992.65,SAVINGS,SBL-CUST-006036,DEP.RET.SAV,2002,2020-06-21,,0.056768,FLOATING,,,BR002
DEP-SAVINGS-0095,DEPOSIT,GHS,5018687.33,SAVINGS,SBL-CUST-012591,DEP.RET.SAV,2002,2025-04-06,,0.073372,FLOATING,,,BR010
DEP-SAVINGS-0096,DEPOSIT,GHS,10911879.94,SAVINGS,SBL-CUST-002303,DEP.RET.SAV,2002,2022-07-19,,0.050051,FLOATING,,,BR009
DEP-SAVINGS-0097,DEPOSIT,GHS,5427620.09,SAVINGS,SBL-CUST-010062,DEP.RET.SAV,2002,2022-09-08,,0.05995,FLOATING,,,BR008
DEP-SAVINGS-0098,DEPOSIT,GHS,8479693.34,SAVINGS,SBL-CUST-000453,DEP.RET.SAV,2002,2026-04-08,,0.073325,FLOATING,,,BR015
DEP-SAVINGS-0099,DEPOSIT,GHS,13981298.19,SAVINGS,SBL-CUST-012464,DEP.RET.SAV,2002,2021-04-01,,0.073567,FLOATING,,,BR007
DEP-SAVINGS-0100,DEPOSIT,GHS,9261896.14,SAVINGS,SBL-CUST-009616,DEP.RET.SAV,2002,2026-03-30,,0.057574,FLOATING,,,BR026
DEP-SAVINGS-0101,DEPOSIT,GHS,6728529.18,SAVINGS,SBL-CUST-008343,DEP.RET.SAV,2002,2021-02-27,,0.072304,FLOATING,,,BR010
DEP-SAVINGS-0102,DEPOSIT,GHS,15869035.26,SAVINGS,SBL-CUST-001846,DEP.RET.SAV,2002,2022-11-15,,0.059972,FLOATING,,,BR001
DEP-SAVINGS-0103,DEPOSIT,GHS,25007000.68,SAVINGS,SBL-CUST-010342,DEP.RET.SAV,2002,2023-06-13,,0.054573,FLOATING,,,BR011
DEP-SAVINGS-0104,DEPOSIT,GHS,5915718.05,SAVINGS,SBL-CUST-000285,DEP.RET.SAV,2002,2023-03-25,,0.071913,FLOATING,,,BR026
DEP-SAVINGS-0105,DEPOSIT,GHS,14075399.7,SAVINGS,SBL-CUST-008178,DEP.RET.SAV,2002,2024-05-05,,0.047632,FLOATING,,,BR026
DEP-SAVINGS-0106,DEPOSIT,GHS,6051277.39,SAVINGS,SBL-CUST-001389,DEP.RET.SAV,2002,2021-02-26,,0.057685,FLOATING,,,BR010
DEP-SAVINGS-0107,DEPOSIT,GHS,5949329.98,SAVINGS,SBL-CUST-004540,DEP.RET.SAV,2002,2021-07-07,,0.068433,FLOATING,,,BR007
DEP-SAVINGS-0108,DEPOSIT,GHS,7435590.52,SAVINGS,SBL-CUST-006283,DEP.RET.SAV,2002,2022-03-07,,0.068639,FLOATING,,,BR019
DEP-SAVINGS-0109,DEPOSIT,GHS,4984476.92,SAVINGS,SBL-CUST-009049,DEP.RET.SAV,2002,2019-12-03,,0.070986,FLOATING,,,BR023
DEP-SAVINGS-0110,DEPOSIT,GHS,10729132.2,SAVINGS,SBL-CUST-001379,DEP.RET.SAV,2002,2022-11-03,,0.0637,FLOATING,,,BR012
DEP-SAVINGS-0111,DEPOSIT,GHS,5651185.83,SAVINGS,SBL-CUST-002501,DEP.RET.SAV,2002,2024-07-17,,0.061646,FLOATING,,,BR015
DEP-SAVINGS-0112,DEPOSIT,GHS,7581206.58,SAVINGS,SBL-CUST-010718,DEP.RET.SAV,2002,2024-10-11,,0.044513,FLOATING,,,BR011
DEP-SAVINGS-0113,DEPOSIT,GHS,9178725.0,SAVINGS,SBL-CUST-010667,DEP.RET.SAV,2002,2020-02-12,,0.053787,FLOATING,,,BR007
DEP-SAVINGS-0114,DEPOSIT,GHS,9978529.18,SAVINGS,SBL-CUST-000174,DEP.RET.SAV,2002,2021-07-15,,0.062302,FLOATING,,,BR013
DEP-SAVINGS-0115,DEPOSIT,GHS,25997820.04,SAVINGS,SBL-CUST-007024,DEP.RET.SAV,2002,2018-12-01,,0.070793,FLOATING,,,BR021
DEP-SAVINGS-0116,DEPOSIT,GHS,6149747.61,SAVINGS,SBL-CUST-014412,DEP.RET.SAV,2002,2023-11-03,,0.057719,FLOATING,,,BR003
DEP-SAVINGS-0117,DEPOSIT,GHS,7778602.45,SAVINGS,SBL-CUST-005332,DEP.RET.SAV,2002,2018-10-12,,0.044784,FLOATING,,,BR004
DEP-SAVINGS-0118,DEPOSIT,GHS,6038073.76,SAVINGS,SBL-CUST-006986,DEP.RET.SAV,2002,2025-03-28,,0.056192,FLOATING,,,BR002
DEP-SAVINGS-0119,DEPOSIT,GHS,6998059.89,SAVINGS,SBL-CUST-002387,DEP.RET.SAV,2002,2019-01-13,,0.073388,FLOATING,,,BR015
DEP-SAVINGS-0120,DEPOSIT,GHS,5381745.03,SAVINGS,SBL-CUST-000254,DEP.RET.SAV,2002,2020-03-15,,0.063874,FLOATING,,,BR022
DEP-SAVINGS-0121,DEPOSIT,GHS,7143874.78,SAVINGS,SBL-CUST-008354,DEP.RET.SAV,2002,2022-03-14,,0.059913,FLOATING,,,BR015
DEP-SAVINGS-0122,DEPOSIT,GHS,6305975.01,SAVINGS,SBL-CUST-001723,DEP.RET.SAV,2002,2023-05-17,,0.071578,FLOATING,,,BR018
DEP-SAVINGS-0123,DEPOSIT,GHS,5262886.28,SAVINGS,SBL-CUST-010653,DEP.RET.SAV,2002,2020-07-31,,0.051661,FLOATING,,,BR002
DEP-SAVINGS-0124,DEPOSIT,GHS,24558577.55,SAVINGS,SBL-CUST-001293,DEP.RET.SAV,2002,2021-07-03,,0.065698,FLOATING,,,BR004
DEP-SAVINGS-0125,DEPOSIT,GHS,36407671.55,SAVINGS,SBL-CUST-013017,DEP.RET.SAV,2002,2019-07-01,,0.067153,FLOATING,,,BR015
DEP-SAVINGS-0126,DEPOSIT,GHS,6300077.83,SAVINGS,SBL-CUST-001328,DEP.RET.SAV,2002,2025-11-17,,0.058574,FLOATING,,,BR023
DEP-SAVINGS-0127,DEPOSIT,GHS,4994756.07,SAVINGS,SBL-CUST-011580,DEP.RET.SAV,2002,2021-01-20,,0.042365,FLOATING,,,BR014
DEP-SAVINGS-0128,DEPOSIT,GHS,7585757.03,SAVINGS,SBL-CUST-007204,DEP.RET.SAV,2002,2025-02-09,,0.055725,FLOATING,,,BR001
DEP-SAVINGS-0129,DEPOSIT,GHS,5405056.26,SAVINGS,SBL-CUST-004364,DEP.RET.SAV,2002,2018-08-26,,0.068989,FLOATING,,,BR002
DEP-SAVINGS-0130,DEPOSIT,GHS,5887820.36,SAVINGS,SBL-CUST-001378,DEP.RET.SAV,2002,2020-10-20,,0.06323,FLOATING,,,BR004
DEP-SAVINGS-0131,DEPOSIT,GHS,9329501.2,SAVINGS,SBL-CUST-009490,DEP.RET.SAV,2002,2020-01-17,,0.041741,FLOATING,,,BR019
DEP-SAVINGS-0132,DEPOSIT,GHS,5072043.65,SAVINGS,SBL-CUST-012316,DEP.RET.SAV,2002,2022-06-29,,0.069702,FLOATING,,,BR022
DEP-SAVINGS-0133,DEPOSIT,GHS,9632040.26,SAVINGS,SBL-CUST-009539,DEP.RET.SAV,2002,2026-01-01,,0.043268,FLOATING,,,BR007
DEP-SAVINGS-0134,DEPOSIT,GHS,9553896.26,SAVINGS,SBL-CUST-007050,DEP.RET.SAV,2002,2024-08-27,,0.0721,FLOATING,,,BR008
DEP-SAVINGS-0135,DEPOSIT,GHS,9808577.99,SAVINGS,SBL-CUST-012897,DEP.RET.SAV,2002,2025-07-09,,0.045795,FLOATING,,,BR020
DEP-SAVINGS-0136,DEPOSIT,GHS,18228538.81,SAVINGS,SBL-CUST-002482,DEP.RET.SAV,2002,2025-08-16,,0.045405,FLOATING,,,BR021
DEP-SAVINGS-0137,DEPOSIT,GHS,47978855.66,SAVINGS,SBL-CUST-013090,DEP.RET.SAV,2002,2023-02-17,,0.07038,FLOATING,,,BR020
DEP-SAVINGS-0138,DEPOSIT,GHS,114475114.76,SAVINGS,SBL-CUST-006779,DEP.RET.SAV,2002,2021-04-08,,0.043954,FLOATING,,,BR014
DEP-SAVINGS-0139,DEPOSIT,GHS,9354745.04,SAVINGS,SBL-CUST-005629,DEP.RET.SAV,2002,2020-05-19,,0.072162,FLOATING,,,BR011
DEP-SAVINGS-0140,DEPOSIT,GHS,5692742.68,SAVINGS,SBL-CUST-012765,DEP.RET.SAV,2002,2021-05-02,,0.040387,FLOATING,,,BR012
DEP-SAVINGS-0141,DEPOSIT,GHS,5753564.02,SAVINGS,SBL-CUST-000227,DEP.RET.SAV,2002,2023-12-31,,0.0461,FLOATING,,,BR021
DEP-SAVINGS-0142,DEPOSIT,GHS,13086879.53,SAVINGS,SBL-CUST-008098,DEP.RET.SAV,2002,2025-03-09,,0.046688,FLOATING,,,BR010
DEP-SAVINGS-0143,DEPOSIT,GHS,15155000.86,SAVINGS,SBL-CUST-012137,DEP.RET.SAV,2002,2023-04-14,,0.040682,FLOATING,,,BR028
DEP-SAVINGS-0144,DEPOSIT,GHS,14736142.2,SAVINGS,SBL-CUST-003188,DEP.RET.SAV,2002,2025-10-14,,0.069274,FLOATING,,,BR024
DEP-SAVINGS-0145,DEPOSIT,GHS,5142461.69,SAVINGS,SBL-CUST-005163,DEP.RET.SAV,2002,2025-12-21,,0.042342,FLOATING,,,BR010
DEP-SAVINGS-0146,DEPOSIT,GHS,14918897.11,SAVINGS,SBL-CUST-013502,DEP.RET.SAV,2002,2021-04-06,,0.072025,FLOATING,,,BR016
DEP-SAVINGS-0147,DEPOSIT,GHS,41968816.6,SAVINGS,SBL-CUST-011973,DEP.RET.SAV,2002,2023-08-13,,0.06991,FLOATING,,,BR028
DEP-SAVINGS-0148,DEPOSIT,GHS,8759428.1,SAVINGS,SBL-CUST-008701,DEP.RET.SAV,2002,2019-04-14,,0.060444,FLOATING,,,BR023
DEP-SAVINGS-0149,DEPOSIT,GHS,5384634.53,SAVINGS,SBL-CUST-014830,DEP.RET.SAV,2002,2018-11-02,,0.05583,FLOATING,,,BR021
DEP-SAVINGS-0150,DEPOSIT,GHS,8502816.03,SAVINGS,SBL-CUST-006381,DEP.RET.SAV,2002,2026-05-02,,0.044463,FLOATING,,,BR018
DEP-SAVINGS-0151,DEPOSIT,GHS,8635481.28,SAVINGS,SBL-CUST-014060,DEP.RET.SAV,2002,2021-08-13,,0.051717,FLOATING,,,BR014
DEP-SAVINGS-0152,DEPOSIT,GHS,8159363.07,SAVINGS,SBL-CUST-010557,DEP.RET.SAV,2002,2022-06-20,,0.058002,FLOATING,,,BR004
DEP-SAVINGS-0153,DEPOSIT,GHS,12706521.25,SAVINGS,SBL-CUST-005526,DEP.RET.SAV,2002,2019-08-29,,0.059806,FLOATING,,,BR001
DEP-SAVINGS-0154,DEPOSIT,GHS,7597991.71,SAVINGS,SBL-CUST-006923,DEP.RET.SAV,2002,2019-10-11,,0.064347,FLOATING,,,BR007
DEP-SAVINGS-0155,DEPOSIT,GHS,5427710.23,SAVINGS,SBL-CUST-000477,DEP.RET.SAV,2002,2026-04-22,,0.057446,FLOATING,,,BR010
DEP-SAVINGS-0156,DEPOSIT,GHS,7156917.68,SAVINGS,SBL-CUST-009807,DEP.RET.SAV,2002,2025-11-05,,0.067381,FLOATING,,,BR015
DEP-SAVINGS-0157,DEPOSIT,GHS,5665328.59,SAVINGS,SBL-CUST-008954,DEP.RET.SAV,2002,2021-11-22,,0.072424,FLOATING,,,BR022
DEP-SAVINGS-0158,DEPOSIT,GHS,19853221.86,SAVINGS,SBL-CUST-010547,DEP.RET.SAV,2002,2020-08-14,,0.06163,FLOATING,,,BR014
DEP-SAVINGS-0159,DEPOSIT,GHS,5723003.04,SAVINGS,SBL-CUST-002177,DEP.RET.SAV,2002,2023-06-29,,0.041456,FLOATING,,,BR014
DEP-SAVINGS-0160,DEPOSIT,GHS,5385006.69,SAVINGS,SBL-CUST-008585,DEP.RET.SAV,2002,2025-06-17,,0.074706,FLOATING,,,BR003
DEP-SAVINGS-0161,DEPOSIT,GHS,5387277.51,SAVINGS,SBL-CUST-009201,DEP.RET.SAV,2002,2023-11-02,,0.045903,FLOATING,,,BR002
DEP-SAVINGS-0162,DEPOSIT,GHS,5277319.05,SAVINGS,SBL-CUST-002199,DEP.RET.SAV,2002,2021-03-17,,0.057588,FLOATING,,,BR025
DEP-SAVINGS-0163,DEPOSIT,GHS,4982163.43,SAVINGS,SBL-CUST-002968,DEP.RET.SAV,2002,2023-12-15,,0.065064,FLOATING,,,BR025
DEP-SAVINGS-0164,DEPOSIT,GHS,5744999.49,SAVINGS,SBL-CUST-010788,DEP.RET.SAV,2002,2019-12-16,,0.065163,FLOATING,,,BR011
DEP-SAVINGS-0165,DEPOSIT,GHS,8859547.0,SAVINGS,SBL-CUST-003524,DEP.RET.SAV,2002,2021-02-05,,0.053193,FLOATING,,,BR021
DEP-SAVINGS-0166,DEPOSIT,GHS,5594054.96,SAVINGS,SBL-CUST-014730,DEP.RET.SAV,2002,2022-01-14,,0.047925,FLOATING,,,BR010
DEP-SAVINGS-0167,DEPOSIT,GHS,6091578.91,SAVINGS,SBL-CUST-014573,DEP.RET.SAV,2002,2024-05-22,,0.072576,FLOATING,,,BR014
DEP-SAVINGS-0168,DEPOSIT,GHS,8475334.36,SAVINGS,SBL-CUST-001674,DEP.RET.SAV,2002,2021-05-27,,0.043254,FLOATING,,,BR001
DEP-SAVINGS-0169,DEPOSIT,GHS,5603032.96,SAVINGS,SBL-CUST-009350,DEP.RET.SAV,2002,2023-10-25,,0.06997,FLOATING,,,BR004
DEP-SAVINGS-0170,DEPOSIT,GHS,34097441.44,SAVINGS,SBL-CUST-005310,DEP.RET.SAV,2002,2023-12-18,,0.051008,FLOATING,,,BR001
DEP-SAVINGS-0171,DEPOSIT,GHS,7654288.68,SAVINGS,SBL-CUST-004653,DEP.RET.SAV,2002,2024-10-10,,0.070217,FLOATING,,,BR028
DEP-SAVINGS-0172,DEPOSIT,GHS,9718537.97,SAVINGS,SBL-CUST-003675,DEP.RET.SAV,2002,2021-12-13,,0.048079,FLOATING,,,BR003
DEP-SAVINGS-0173,DEPOSIT,GHS,12809148.54,SAVINGS,SBL-CUST-005752,DEP.RET.SAV,2002,2023-08-29,,0.0519,FLOATING,,,BR004
DEP-SAVINGS-0174,DEPOSIT,GHS,7028727.13,SAVINGS,SBL-CUST-004795,DEP.RET.SAV,2002,2020-05-23,,0.045021,FLOATING,,,BR027
DEP-SAVINGS-0175,DEPOSIT,GHS,13613721.77,SAVINGS,SBL-CUST-008720,DEP.RET.SAV,2002,2018-09-05,,0.065359,FLOATING,,,BR014
DEP-SAVINGS-0176,DEPOSIT,GHS,27989778.67,SAVINGS,SBL-CUST-011491,DEP.RET.SAV,2002,2023-11-08,,0.06245,FLOATING,,,BR008
DEP-SAVINGS-0177,DEPOSIT,GHS,6715319.89,SAVINGS,SBL-CUST-000935,DEP.RET.SAV,2002,2022-12-03,,0.045994,FLOATING,,,BR023
DEP-SAVINGS-0178,DEPOSIT,GHS,5105956.56,SAVINGS,SBL-CUST-005745,DEP.RET.SAV,2002,2023-09-26,,0.067471,FLOATING,,,BR006
DEP-SAVINGS-0179,DEPOSIT,GHS,7429581.99,SAVINGS,SBL-CUST-008993,DEP.RET.SAV,2002,2019-11-07,,0.060655,FLOATING,,,BR025
DEP-SAVINGS-0180,DEPOSIT,GHS,12257812.2,SAVINGS,SBL-CUST-005901,DEP.RET.SAV,2002,2022-01-14,,0.05286,FLOATING,,,BR009
DEP-SAVINGS-0181,DEPOSIT,GHS,20104091.36,SAVINGS,SBL-CUST-006407,DEP.RET.SAV,2002,2021-05-26,,0.044318,FLOATING,,,BR015
DEP-SAVINGS-0182,DEPOSIT,GHS,6754224.75,SAVINGS,SBL-CUST-012586,DEP.RET.SAV,2002,2024-06-10,,0.069854,FLOATING,,,BR015
DEP-SAVINGS-0183,DEPOSIT,GHS,12041112.03,SAVINGS,SBL-CUST-009329,DEP.RET.SAV,2002,2021-08-15,,0.043151,FLOATING,,,BR009
DEP-SAVINGS-0184,DEPOSIT,GHS,9285875.07,SAVINGS,SBL-CUST-013345,DEP.RET.SAV,2002,2024-10-08,,0.048471,FLOATING,,,BR008
DEP-SAVINGS-0185,DEPOSIT,GHS,11987112.56,SAVINGS,SBL-CUST-009472,DEP.RET.SAV,2002,2018-09-23,,0.066066,FLOATING,,,BR001
DEP-SAVINGS-0186,DEPOSIT,GHS,5994083.6,SAVINGS,SBL-CUST-010298,DEP.RET.SAV,2002,2023-08-25,,0.069162,FLOATING,,,BR015
DEP-SAVINGS-0187,DEPOSIT,GHS,5164756.06,SAVINGS,SBL-CUST-002063,DEP.RET.SAV,2002,2019-07-24,,0.060436,FLOATING,,,BR003
DEP-SAVINGS-0188,DEPOSIT,GHS,12429791.67,SAVINGS,SBL-CUST-014600,DEP.RET.SAV,2002,2019-08-11,,0.0658,FLOATING,,,BR026
DEP-SAVINGS-0189,DEPOSIT,GHS,7618158.56,SAVINGS,SBL-CUST-012798,DEP.RET.SAV,2002,2020-02-10,,0.058645,FLOATING,,,BR023
DEP-SAVINGS-0190,DEPOSIT,GHS,6149281.09,SAVINGS,SBL-CUST-003509,DEP.RET.SAV,2002,2022-11-23,,0.054807,FLOATING,,,BR010
DEP-SAVINGS-0191,DEPOSIT,GHS,5313116.59,SAVINGS,SBL-CUST-004864,DEP.RET.SAV,2002,2022-03-12,,0.048405,FLOATING,,,BR018
DEP-SAVINGS-0192,DEPOSIT,GHS,6836148.02,SAVINGS,SBL-CUST-000715,DEP.RET.SAV,2002,2021-02-14,,0.070777,FLOATING,,,BR022
DEP-SAVINGS-0193,DEPOSIT,GHS,5355161.97,SAVINGS,SBL-CUST-001197,DEP.RET.SAV,2002,2023-12-09,,0.067777,FLOATING,,,BR023
DEP-SAVINGS-0194,DEPOSIT,GHS,5831075.86,SAVINGS,SBL-CUST-003208,DEP.RET.SAV,2002,2021-11-19,,0.058353,FLOATING,,,BR016
DEP-SAVINGS-0195,DEPOSIT,GHS,11879320.48,SAVINGS,SBL-CUST-003432,DEP.RET.SAV,2002,2023-09-04,,0.060385,FLOATING,,,BR001
DEP-SAVINGS-0196,DEPOSIT,GHS,15073668.61,SAVINGS,SBL-CUST-014014,DEP.RET.SAV,2002,2024-09-09,,0.071153,FLOATING,,,BR026
DEP-SAVINGS-0197,DEPOSIT,GHS,8182934.78,SAVINGS,SBL-CUST-008752,DEP.RET.SAV,2002,2021-10-21,,0.069833,FLOATING,,,BR028
DEP-SAVINGS-0198,DEPOSIT,GHS,5211193.03,SAVINGS,SBL-CUST-006573,DEP.RET.SAV,2002,2022-11-20,,0.054138,FLOATING,,,BR019
DEP-SAVINGS-0199,DEPOSIT,GHS,8307428.89,SAVINGS,SBL-CUST-006191,DEP.RET.SAV,2002,2025-04-16,,0.052929,FLOATING,,,BR019
DEP-SAVINGS-0200,DEPOSIT,GHS,6961752.53,SAVINGS,SBL-CUST-005717,DEP.RET.SAV,2002,2025-12-31,,0.049698,FLOATING,,,BR021
DEP-SAVINGS-0201,DEPOSIT,GHS,10452804.96,SAVINGS,SBL-CUST-010412,DEP.RET.SAV,2002,2019-10-26,,0.066925,FLOATING,,,BR003
DEP-SAVINGS-0202,DEPOSIT,GHS,5661692.97,SAVINGS,SBL-CUST-014691,DEP.RET.SAV,2002,2018-11-08,,0.052936,FLOATING,,,BR008
DEP-SAVINGS-0203,DEPOSIT,GHS,25003966.99,SAVINGS,SBL-CUST-014784,DEP.RET.SAV,2002,2025-02-13,,0.070849,FLOATING,,,BR003
DEP-SAVINGS-0204,DEPOSIT,GHS,7149010.41,SAVINGS,SBL-CUST-014588,DEP.RET.SAV,2002,2024-04-14,,0.069525,FLOATING,,,BR023
DEP-SAVINGS-0205,DEPOSIT,GHS,6805994.2,SAVINGS,SBL-CUST-012212,DEP.RET.SAV,2002,2022-04-22,,0.060761,FLOATING,,,BR002
DEP-SAVINGS-0206,DEPOSIT,GHS,9659396.3,SAVINGS,SBL-CUST-003437,DEP.RET.SAV,2002,2019-04-17,,0.053866,FLOATING,,,BR002
DEP-SAVINGS-0207,DEPOSIT,GHS,5415092.06,SAVINGS,SBL-CUST-012288,DEP.RET.SAV,2002,2025-03-10,,0.074679,FLOATING,,,BR015
DEP-SAVINGS-0208,DEPOSIT,GHS,44980061.73,SAVINGS,SBL-CUST-005438,DEP.RET.SAV,2002,2021-11-26,,0.059019,FLOATING,,,BR022
DEP-SAVINGS-0209,DEPOSIT,GHS,15924664.58,SAVINGS,SBL-CUST-001850,DEP.RET.SAV,2002,2024-08-25,,0.055078,FLOATING,,,BR018
DEP-SAVINGS-0210,DEPOSIT,GHS,24247995.9,SAVINGS,SBL-CUST-005243,DEP.RET.SAV,2002,2024-12-25,,0.041675,FLOATING,,,BR025
DEP-SAVINGS-0211,DEPOSIT,GHS,10717788.7,SAVINGS,SBL-CUST-007546,DEP.RET.SAV,2002,2022-05-31,,0.0664,FLOATING,,,BR016
DEP-SAVINGS-0212,DEPOSIT,GHS,5438694.63,SAVINGS,SBL-CUST-009785,DEP.RET.SAV,2002,2023-08-29,,0.06275,FLOATING,,,BR028
DEP-SAVINGS-0213,DEPOSIT,GHS,9985632.14,SAVINGS,SBL-CUST-001375,DEP.RET.SAV,2002,2023-07-18,,0.048506,FLOATING,,,BR013
DEP-SAVINGS-0214,DEPOSIT,GHS,10111361.66,SAVINGS,SBL-CUST-004150,DEP.RET.SAV,2002,2019-06-05,,0.06713,FLOATING,,,BR028
DEP-SAVINGS-0215,DEPOSIT,GHS,7056628.31,SAVINGS,SBL-CUST-014122,DEP.RET.SAV,2002,2021-07-20,,0.067392,FLOATING,,,BR009
DEP-SAVINGS-0216,DEPOSIT,GHS,18380023.77,SAVINGS,SBL-CUST-001082,DEP.RET.SAV,2002,2023-07-13,,0.045518,FLOATING,,,BR024
DEP-SAVINGS-0217,DEPOSIT,GHS,5075826.53,SAVINGS,SBL-CUST-003541,DEP.RET.SAV,2002,2019-04-25,,0.066049,FLOATING,,,BR023
DEP-SAVINGS-0218,DEPOSIT,GHS,6079254.49,SAVINGS,SBL-CUST-001828,DEP.RET.SAV,2002,2020-05-24,,0.04012,FLOATING,,,BR015
DEP-SAVINGS-0219,DEPOSIT,GHS,5702620.48,SAVINGS,SBL-CUST-014932,DEP.RET.SAV,2002,2020-12-06,,0.04617,FLOATING,,,BR005
DEP-SAVINGS-0220,DEPOSIT,GHS,8679179.76,SAVINGS,SBL-CUST-003439,DEP.RET.SAV,2002,2025-08-06,,0.07154,FLOATING,,,BR025
DEP-TIME_RET-0001,DEPOSIT,GHS,10898334.83,FIXED,SBL-CUST-003647,DEP.RET.TRM,2003,2019-08-07,2027-08-19,0.145513,FIXED,,,BR023
DEP-TIME_RET-0002,DEPOSIT,GHS,17311746.71,FIXED,SBL-CUST-008856,DEP.RET.TRM,2003,2024-05-05,2028-02-15,0.148289,FIXED,,,BR017
DEP-TIME_RET-0003,DEPOSIT,GHS,9607845.23,FIXED,SBL-CUST-009824,DEP.RET.TRM,2003,2019-11-27,2028-04-04,0.162567,FIXED,,,BR009
DEP-TIME_RET-0004,DEPOSIT,GHS,19797842.64,FIXED,SBL-CUST-012800,DEP.RET.TRM,2003,2024-06-28,2028-05-29,0.170897,FIXED,,,BR024
DEP-TIME_RET-0005,DEPOSIT,GHS,13981164.84,FIXED,SBL-CUST-005189,DEP.RET.TRM,2003,2021-03-13,2026-10-02,0.14597,FIXED,,,BR017
DEP-TIME_RET-0006,DEPOSIT,GHS,9150791.39,FIXED,SBL-CUST-009951,DEP.RET.TRM,2003,2023-03-24,2027-06-09,0.143916,FIXED,,,BR003
DEP-TIME_RET-0007,DEPOSIT,GHS,17717033.64,FIXED,SBL-CUST-004501,DEP.RET.TRM,2003,2025-07-01,2027-08-23,0.144261,FIXED,,,BR005
DEP-TIME_RET-0008,DEPOSIT,GHS,11608094.46,FIXED,SBL-CUST-001161,DEP.RET.TRM,2003,2018-10-08,2027-01-29,0.162151,FIXED,,,BR016
DEP-TIME_RET-0009,DEPOSIT,GHS,9603347.72,FIXED,SBL-CUST-012628,DEP.RET.TRM,2003,2023-06-26,2027-07-02,0.149877,FIXED,,,BR015
DEP-TIME_RET-0010,DEPOSIT,GHS,10316100.2,FIXED,SBL-CUST-001326,DEP.RET.TRM,2003,2021-01-14,2027-11-03,0.177376,FIXED,,,BR010
DEP-TIME_RET-0011,DEPOSIT,GHS,6798654.4,FIXED,SBL-CUST-002161,DEP.RET.TRM,2003,2018-11-23,2027-05-06,0.178763,FIXED,,,BR026
DEP-TIME_RET-0012,DEPOSIT,GHS,7731194.57,FIXED,SBL-CUST-010512,DEP.RET.TRM,2003,2019-01-20,2028-02-02,0.138443,FIXED,,,BR006
DEP-TIME_RET-0013,DEPOSIT,GHS,11171023.49,FIXED,SBL-CUST-005357,DEP.RET.TRM,2003,2024-03-25,2027-08-25,0.163284,FIXED,,,BR007
DEP-TIME_RET-0014,DEPOSIT,GHS,9432747.63,FIXED,SBL-CUST-014628,DEP.RET.TRM,2003,2023-12-20,2027-10-05,0.185314,FIXED,,,BR015
DEP-TIME_RET-0015,DEPOSIT,GHS,7134969.62,FIXED,SBL-CUST-002624,DEP.RET.TRM,2003,2020-11-21,2026-09-21,0.132892,FIXED,,,BR013
DEP-TIME_RET-0016,DEPOSIT,GHS,12400902.01,FIXED,SBL-CUST-013834,DEP.RET.TRM,2003,2018-09-21,2026-09-19,0.172978,FIXED,,,BR013
DEP-TIME_RET-0017,DEPOSIT,GHS,6880336.94,FIXED,SBL-CUST-012152,DEP.RET.TRM,2003,2020-11-19,2026-08-08,0.17273,FIXED,,,BR003
DEP-TIME_RET-0018,DEPOSIT,GHS,11691878.34,FIXED,SBL-CUST-010552,DEP.RET.TRM,2003,2024-06-07,2028-04-03,0.151958,FIXED,,,BR009
DEP-TIME_RET-0019,DEPOSIT,GHS,6190366.0,FIXED,SBL-CUST-006365,DEP.RET.TRM,2003,2019-03-30,2027-09-09,0.172781,FIXED,,,BR018
DEP-TIME_RET-0020,DEPOSIT,GHS,7523741.49,FIXED,SBL-CUST-001368,DEP.RET.TRM,2003,2019-08-25,2027-02-23,0.187131,FIXED,,,BR013
DEP-TIME_RET-0021,DEPOSIT,GHS,28776729.9,FIXED,SBL-CUST-002569,DEP.RET.TRM,2003,2018-12-15,2028-03-28,0.174669,FIXED,,,BR008
DEP-TIME_RET-0022,DEPOSIT,GHS,8817841.7,FIXED,SBL-CUST-008443,DEP.RET.TRM,2003,2025-11-29,2026-07-20,0.142116,FIXED,,,BR005
DEP-TIME_RET-0023,DEPOSIT,GHS,31743741.13,FIXED,SBL-CUST-008966,DEP.RET.TRM,2003,2021-04-25,2028-03-24,0.187636,FIXED,,,BR027
DEP-TIME_RET-0024,DEPOSIT,GHS,8187935.57,FIXED,SBL-CUST-006126,DEP.RET.TRM,2003,2019-09-03,2026-07-26,0.177354,FIXED,,,BR017
DEP-TIME_RET-0025,DEPOSIT,GHS,12569851.55,FIXED,SBL-CUST-003837,DEP.RET.TRM,2003,2025-11-04,2027-05-05,0.185397,FIXED,,,BR001
DEP-TIME_RET-0026,DEPOSIT,GHS,7045036.9,FIXED,SBL-CUST-008023,DEP.RET.TRM,2003,2024-10-27,2027-10-10,0.121067,FIXED,,,BR013
DEP-TIME_RET-0027,DEPOSIT,GHS,8200863.13,FIXED,SBL-CUST-006103,DEP.RET.TRM,2003,2022-10-09,2026-10-01,0.142033,FIXED,,,BR017
DEP-TIME_RET-0028,DEPOSIT,GHS,7573902.3,FIXED,SBL-CUST-014781,DEP.RET.TRM,2003,2019-04-05,2027-03-23,0.169197,FIXED,,,BR006
DEP-TIME_RET-0029,DEPOSIT,GHS,12360826.49,FIXED,SBL-CUST-010519,DEP.RET.TRM,2003,2020-06-07,2027-05-03,0.141654,FIXED,,,BR024
DEP-TIME_RET-0030,DEPOSIT,GHS,9099645.8,FIXED,SBL-CUST-001390,DEP.RET.TRM,2003,2019-05-25,2028-02-25,0.146911,FIXED,,,BR005
DEP-TIME_RET-0031,DEPOSIT,GHS,6491681.47,FIXED,SBL-CUST-003700,DEP.RET.TRM,2003,2020-11-21,2027-07-23,0.140363,FIXED,,,BR018
DEP-TIME_RET-0032,DEPOSIT,GHS,18885312.21,FIXED,SBL-CUST-004075,DEP.RET.TRM,2003,2024-07-05,2027-04-05,0.187157,FIXED,,,BR027
DEP-TIME_RET-0033,DEPOSIT,GHS,7763251.25,FIXED,SBL-CUST-011281,DEP.RET.TRM,2003,2022-12-29,2026-09-28,0.134654,FIXED,,,BR021
DEP-TIME_RET-0034,DEPOSIT,GHS,7690575.76,FIXED,SBL-CUST-010054,DEP.RET.TRM,2003,2018-09-10,2027-08-15,0.156724,FIXED,,,BR017
DEP-TIME_RET-0035,DEPOSIT,GHS,18119179.32,FIXED,SBL-CUST-004631,DEP.RET.TRM,2003,2026-04-18,2027-08-01,0.188588,FIXED,,,BR018
DEP-TIME_RET-0036,DEPOSIT,GHS,6145765.36,FIXED,SBL-CUST-014219,DEP.RET.TRM,2003,2018-12-09,2027-10-12,0.177996,FIXED,,,BR010
DEP-TIME_RET-0037,DEPOSIT,GHS,7770278.03,FIXED,SBL-CUST-008693,DEP.RET.TRM,2003,2021-11-18,2028-05-22,0.13721,FIXED,,,BR004
DEP-TIME_RET-0038,DEPOSIT,GHS,11367117.34,FIXED,SBL-CUST-011944,DEP.RET.TRM,2003,2024-06-16,2027-11-16,0.122689,FIXED,,,BR012
DEP-TIME_RET-0039,DEPOSIT,GHS,7586969.1,FIXED,SBL-CUST-009119,DEP.RET.TRM,2003,2020-09-30,2027-06-07,0.134263,FIXED,,,BR014
DEP-TIME_RET-0040,DEPOSIT,GHS,11592986.8,FIXED,SBL-CUST-010916,DEP.RET.TRM,2003,2024-06-20,2027-11-13,0.155457,FIXED,,,BR012
DEP-TIME_RET-0041,DEPOSIT,GHS,14245706.62,FIXED,SBL-CUST-009116,DEP.RET.TRM,2003,2020-03-21,2027-11-06,0.124604,FIXED,,,BR021
DEP-TIME_RET-0042,DEPOSIT,GHS,12018232.74,FIXED,SBL-CUST-000772,DEP.RET.TRM,2003,2019-02-17,2027-09-23,0.125222,FIXED,,,BR014
DEP-TIME_RET-0043,DEPOSIT,GHS,18056280.3,FIXED,SBL-CUST-011544,DEP.RET.TRM,2003,2023-01-07,2027-06-30,0.156027,FIXED,,,BR020
DEP-TIME_RET-0044,DEPOSIT,GHS,8141692.52,FIXED,SBL-CUST-008727,DEP.RET.TRM,2003,2021-04-12,2026-09-09,0.165557,FIXED,,,BR014
DEP-TIME_RET-0045,DEPOSIT,GHS,35786980.28,FIXED,SBL-CUST-011126,DEP.RET.TRM,2003,2025-08-07,2027-08-11,0.185737,FIXED,,,BR007
DEP-TIME_RET-0046,DEPOSIT,GHS,17397477.04,FIXED,SBL-CUST-005749,DEP.RET.TRM,2003,2019-11-27,2027-05-07,0.141369,FIXED,,,BR026
DEP-TIME_RET-0047,DEPOSIT,GHS,10627107.24,FIXED,SBL-CUST-012260,DEP.RET.TRM,2003,2022-10-16,2027-06-03,0.134973,FIXED,,,BR006
DEP-TIME_RET-0048,DEPOSIT,GHS,9311521.0,FIXED,SBL-CUST-011229,DEP.RET.TRM,2003,2025-02-13,2028-04-25,0.179469,FIXED,,,BR001
DEP-TIME_RET-0049,DEPOSIT,GHS,15935145.73,FIXED,SBL-CUST-014387,DEP.RET.TRM,2003,2022-12-31,2028-05-15,0.135763,FIXED,,,BR015
DEP-TIME_RET-0050,DEPOSIT,GHS,8228160.48,FIXED,SBL-CUST-004957,DEP.RET.TRM,2003,2021-07-28,2027-07-21,0.162842,FIXED,,,BR023
DEP-TIME_RET-0051,DEPOSIT,GHS,28974675.15,FIXED,SBL-CUST-005676,DEP.RET.TRM,2003,2021-05-03,2026-08-09,0.166094,FIXED,,,BR001
DEP-TIME_RET-0052,DEPOSIT,GHS,9068402.79,FIXED,SBL-CUST-005241,DEP.RET.TRM,2003,2021-04-03,2026-12-05,0.17886,FIXED,,,BR027
DEP-TIME_RET-0053,DEPOSIT,GHS,16629981.93,FIXED,SBL-CUST-007727,DEP.RET.TRM,2003,2025-03-06,2027-11-12,0.151895,FIXED,,,BR010
DEP-TIME_RET-0054,DEPOSIT,GHS,21207822.66,FIXED,SBL-CUST-012452,DEP.RET.TRM,2003,2022-07-05,2027-06-06,0.17205,FIXED,,,BR011
DEP-TIME_RET-0055,DEPOSIT,GHS,8762772.19,FIXED,SBL-CUST-006032,DEP.RET.TRM,2003,2026-02-20,2027-09-01,0.150229,FIXED,,,BR019
DEP-TIME_RET-0056,DEPOSIT,GHS,10333923.94,FIXED,SBL-CUST-002630,DEP.RET.TRM,2003,2022-02-18,2026-11-09,0.152056,FIXED,,,BR008
DEP-TIME_RET-0057,DEPOSIT,GHS,11504101.07,FIXED,SBL-CUST-004899,DEP.RET.TRM,2003,2022-08-15,2026-11-04,0.150844,FIXED,,,BR018
DEP-TIME_RET-0058,DEPOSIT,GHS,17224311.53,FIXED,SBL-CUST-000526,DEP.RET.TRM,2003,2024-10-29,2028-01-04,0.185832,FIXED,,,BR023
DEP-TIME_RET-0059,DEPOSIT,GHS,36845315.63,FIXED,SBL-CUST-005834,DEP.RET.TRM,2003,2025-04-08,2028-04-08,0.120903,FIXED,,,BR005
DEP-TIME_RET-0060,DEPOSIT,GHS,6311444.38,FIXED,SBL-CUST-012858,DEP.RET.TRM,2003,2025-02-05,2027-06-10,0.151065,FIXED,,,BR026
DEP-TIME_RET-0061,DEPOSIT,GHS,7965289.94,FIXED,SBL-CUST-002016,DEP.RET.TRM,2003,2020-10-25,2027-01-17,0.174342,FIXED,,,BR024
DEP-TIME_RET-0062,DEPOSIT,GHS,7407773.44,FIXED,SBL-CUST-007258,DEP.RET.TRM,2003,2025-02-26,2026-07-30,0.176124,FIXED,,,BR019
DEP-TIME_RET-0063,DEPOSIT,GHS,13110509.39,FIXED,SBL-CUST-009649,DEP.RET.TRM,2003,2022-02-19,2026-10-13,0.150439,FIXED,,,BR027
DEP-TIME_RET-0064,DEPOSIT,GHS,8196216.21,FIXED,SBL-CUST-003546,DEP.RET.TRM,2003,2026-05-07,2026-10-06,0.123854,FIXED,,,BR021
DEP-TIME_RET-0065,DEPOSIT,GHS,43376626.09,FIXED,SBL-CUST-004176,DEP.RET.TRM,2003,2020-07-25,2026-10-19,0.187423,FIXED,,,BR024
DEP-TIME_RET-0066,DEPOSIT,GHS,6735722.78,FIXED,SBL-CUST-013938,DEP.RET.TRM,2003,2024-11-20,2028-02-07,0.138317,FIXED,,,BR005
DEP-TIME_RET-0067,DEPOSIT,GHS,12140483.78,FIXED,SBL-CUST-008984,DEP.RET.TRM,2003,2023-09-07,2027-06-02,0.167234,FIXED,,,BR015
DEP-TIME_RET-0068,DEPOSIT,GHS,10548711.53,FIXED,SBL-CUST-012949,DEP.RET.TRM,2003,2023-06-27,2026-09-20,0.182633,FIXED,,,BR020
DEP-TIME_RET-0069,DEPOSIT,GHS,8645186.5,FIXED,SBL-CUST-013018,DEP.RET.TRM,2003,2021-02-16,2027-10-13,0.177113,FIXED,,,BR001
DEP-TIME_RET-0070,DEPOSIT,GHS,89066147.85,FIXED,SBL-CUST-010253,DEP.RET.TRM,2003,2024-03-12,2027-11-02,0.14514,FIXED,,,BR016
DEP-TIME_RET-0071,DEPOSIT,GHS,17987984.63,FIXED,SBL-CUST-008919,DEP.RET.TRM,2003,2021-07-26,2026-10-02,0.169741,FIXED,,,BR025
DEP-TIME_RET-0072,DEPOSIT,GHS,22282728.94,FIXED,SBL-CUST-011637,DEP.RET.TRM,2003,2022-04-24,2026-09-12,0.189718,FIXED,,,BR015
DEP-TIME_RET-0073,DEPOSIT,GHS,6757377.97,FIXED,SBL-CUST-006159,DEP.RET.TRM,2003,2022-07-04,2028-04-20,0.185077,FIXED,,,BR002
DEP-TIME_RET-0074,DEPOSIT,GHS,22672413.25,FIXED,SBL-CUST-000054,DEP.RET.TRM,2003,2024-01-14,2026-07-26,0.167527,FIXED,,,BR002
DEP-TIME_RET-0075,DEPOSIT,GHS,7029616.2,FIXED,SBL-CUST-001111,DEP.RET.TRM,2003,2020-03-13,2027-09-19,0.177004,FIXED,,,BR025
DEP-TIME_RET-0076,DEPOSIT,GHS,51822474.43,FIXED,SBL-CUST-007093,DEP.RET.TRM,2003,2024-04-06,2027-02-15,0.147443,FIXED,,,BR022
DEP-TIME_RET-0077,DEPOSIT,GHS,14535283.3,FIXED,SBL-CUST-004668,DEP.RET.TRM,2003,2024-05-10,2027-01-29,0.177812,FIXED,,,BR012
DEP-TIME_RET-0078,DEPOSIT,GHS,14391735.81,FIXED,SBL-CUST-008061,DEP.RET.TRM,2003,2020-11-29,2026-08-22,0.168544,FIXED,,,BR028
DEP-TIME_RET-0079,DEPOSIT,GHS,8872248.65,FIXED,SBL-CUST-010263,DEP.RET.TRM,2003,2024-12-21,2026-08-04,0.189531,FIXED,,,BR001
DEP-TIME_RET-0080,DEPOSIT,GHS,7294030.98,FIXED,SBL-CUST-001398,DEP.RET.TRM,2003,2025-01-18,2027-09-24,0.17093,FIXED,,,BR022
DEP-TIME_CORP-0001,DEPOSIT,GHS,12023049.99,FIXED,SBL-CUST-001167,DEP.CORP.TRM,2005,2019-01-29,2028-05-29,0.158255,FIXED,,,BR023
DEP-TIME_CORP-0002,DEPOSIT,GHS,11813291.3,FIXED,SBL-CUST-007445,DEP.CORP.TRM,2005,2019-04-09,2028-05-25,0.182033,FIXED,,,BR027
DEP-TIME_CORP-0003,DEPOSIT,GHS,8610777.05,FIXED,SBL-CUST-005638,DEP.CORP.TRM,2005,2020-01-26,2028-05-04,0.129418,FIXED,,,BR019
DEP-TIME_CORP-0004,DEPOSIT,GHS,10021944.6,FIXED,SBL-CUST-004456,DEP.CORP.TRM,2005,2019-08-22,2027-08-29,0.160855,FIXED,,,BR019
DEP-TIME_CORP-0005,DEPOSIT,GHS,8681854.53,FIXED,SBL-CUST-002832,DEP.CORP.TRM,2005,2018-08-20,2027-10-27,0.199543,FIXED,,,BR020
DEP-TIME_CORP-0006,DEPOSIT,GHS,8542720.87,FIXED,SBL-CUST-005779,DEP.CORP.TRM,2005,2022-02-03,2027-08-22,0.183306,FIXED,,,BR021
DEP-TIME_CORP-0007,DEPOSIT,GHS,36779521.9,FIXED,SBL-CUST-002865,DEP.CORP.TRM,2005,2019-02-05,2028-03-24,0.147336,FIXED,,,BR004
DEP-TIME_CORP-0008,DEPOSIT,GHS,19301152.99,FIXED,SBL-CUST-013923,DEP.CORP.TRM,2005,2023-02-02,2027-05-01,0.132152,FIXED,,,BR006
DEP-TIME_CORP-0009,DEPOSIT,GHS,36847214.15,FIXED,SBL-CUST-009760,DEP.CORP.TRM,2005,2023-03-30,2027-02-27,0.179656,FIXED,,,BR006
DEP-TIME_CORP-0010,DEPOSIT,GHS,8745133.35,FIXED,SBL-CUST-008160,DEP.CORP.TRM,2005,2023-06-05,2028-05-04,0.158477,FIXED,,,BR020
DEP-TIME_CORP-0011,DEPOSIT,GHS,77968195.76,FIXED,SBL-CUST-010524,DEP.CORP.TRM,2005,2022-11-25,2028-01-01,0.16326,FIXED,,,BR016
DEP-TIME_CORP-0012,DEPOSIT,GHS,9052804.23,FIXED,SBL-CUST-014581,DEP.CORP.TRM,2005,2019-03-26,2027-10-19,0.133819,FIXED,,,BR007
DEP-TIME_CORP-0013,DEPOSIT,GHS,45607783.36,FIXED,SBL-CUST-006694,DEP.CORP.TRM,2005,2021-08-30,2026-09-16,0.175523,FIXED,,,BR002
DEP-TIME_CORP-0014,DEPOSIT,GHS,34125859.91,FIXED,SBL-CUST-011999,DEP.CORP.TRM,2005,2019-09-01,2026-11-18,0.184698,FIXED,,,BR013
DEP-TIME_CORP-0015,DEPOSIT,GHS,10431949.34,FIXED,SBL-CUST-009069,DEP.CORP.TRM,2005,2021-12-28,2027-09-26,0.143546,FIXED,,,BR002
DEP-TIME_CORP-0016,DEPOSIT,GHS,9304792.53,FIXED,SBL-CUST-008777,DEP.CORP.TRM,2005,2025-05-04,2026-08-11,0.146139,FIXED,,,BR016
DEP-TIME_CORP-0017,DEPOSIT,GHS,11580402.87,FIXED,SBL-CUST-002006,DEP.CORP.TRM,2005,2023-11-13,2027-09-10,0.153907,FIXED,,,BR005
DEP-TIME_CORP-0018,DEPOSIT,GHS,9142661.92,FIXED,SBL-CUST-014581,DEP.CORP.TRM,2005,2023-05-03,2027-01-21,0.1608,FIXED,,,BR010
DEP-TIME_CORP-0019,DEPOSIT,GHS,10816291.98,FIXED,SBL-CUST-010393,DEP.CORP.TRM,2005,2020-01-07,2027-08-26,0.148877,FIXED,,,BR005
DEP-TIME_CORP-0020,DEPOSIT,GHS,12127019.24,FIXED,SBL-CUST-010780,DEP.CORP.TRM,2005,2024-10-29,2028-03-13,0.193423,FIXED,,,BR009
DEP-TIME_CORP-0021,DEPOSIT,GHS,13630248.3,FIXED,SBL-CUST-012946,DEP.CORP.TRM,2005,2024-07-17,2027-12-11,0.149859,FIXED,,,BR005
DEP-TIME_CORP-0022,DEPOSIT,GHS,16553502.79,FIXED,SBL-CUST-007674,DEP.CORP.TRM,2005,2021-12-29,2027-06-25,0.19374,FIXED,,,BR013
DEP-TIME_CORP-0023,DEPOSIT,GHS,11551455.37,FIXED,SBL-CUST-013953,DEP.CORP.TRM,2005,2024-08-27,2028-03-26,0.149499,FIXED,,,BR010
DEP-TIME_CORP-0024,DEPOSIT,GHS,22454656.9,FIXED,SBL-CUST-005415,DEP.CORP.TRM,2005,2026-04-09,2027-02-02,0.171126,FIXED,,,BR027
DEP-TIME_CORP-0025,DEPOSIT,GHS,9565362.46,FIXED,SBL-CUST-011694,DEP.CORP.TRM,2005,2018-12-20,2026-09-20,0.181781,FIXED,,,BR003
DEP-TIME_CORP-0026,DEPOSIT,GHS,12077663.62,FIXED,SBL-CUST-006150,DEP.CORP.TRM,2005,2021-01-23,2026-08-20,0.183278,FIXED,,,BR008
DEP-TIME_CORP-0027,DEPOSIT,GHS,27789927.53,FIXED,SBL-CUST-012379,DEP.CORP.TRM,2005,2021-10-25,2027-11-29,0.191355,FIXED,,,BR020
DEP-TIME_CORP-0028,DEPOSIT,GHS,22996667.74,FIXED,SBL-CUST-011364,DEP.CORP.TRM,2005,2020-08-29,2027-04-07,0.129841,FIXED,,,BR008
DEP-TIME_CORP-0029,DEPOSIT,GHS,8880748.56,FIXED,SBL-CUST-005100,DEP.CORP.TRM,2005,2024-03-07,2028-04-03,0.18419,FIXED,,,BR008
DEP-TIME_CORP-0030,DEPOSIT,GHS,67985884.79,FIXED,SBL-CUST-002438,DEP.CORP.TRM,2005,2025-02-20,2028-02-10,0.136132,FIXED,,,BR007
DEP-TIME_CORP-0031,DEPOSIT,GHS,14372632.1,FIXED,SBL-CUST-002283,DEP.CORP.TRM,2005,2025-12-23,2026-09-09,0.167802,FIXED,,,BR006
DEP-TIME_CORP-0032,DEPOSIT,GHS,21532952.33,FIXED,SBL-CUST-013272,DEP.CORP.TRM,2005,2021-02-19,2027-04-10,0.171315,FIXED,,,BR011
DEP-TIME_CORP-0033,DEPOSIT,GHS,11926771.68,FIXED,SBL-CUST-009863,DEP.CORP.TRM,2005,2021-09-11,2028-03-12,0.132567,FIXED,,,BR021
DEP-TIME_CORP-0034,DEPOSIT,GHS,9461900.66,FIXED,SBL-CUST-009075,DEP.CORP.TRM,2005,2020-05-10,2026-10-08,0.182666,FIXED,,,BR022
DEP-TIME_CORP-0035,DEPOSIT,GHS,15853749.01,FIXED,SBL-CUST-001118,DEP.CORP.TRM,2005,2024-11-21,2027-12-02,0.16508,FIXED,,,BR018
DEP-TIME_CORP-0036,DEPOSIT,GHS,13347840.02,FIXED,SBL-CUST-014274,DEP.CORP.TRM,2005,2023-08-06,2028-02-09,0.16031,FIXED,,,BR005
DEP-TIME_CORP-0037,DEPOSIT,GHS,9854428.47,FIXED,SBL-CUST-006241,DEP.CORP.TRM,2005,2018-08-18,2027-07-31,0.140562,FIXED,,,BR005
DEP-TIME_CORP-0038,DEPOSIT,GHS,31316844.77,FIXED,SBL-CUST-012057,DEP.CORP.TRM,2005,2021-05-04,2027-07-30,0.174882,FIXED,,,BR010
DEP-TIME_CORP-0039,DEPOSIT,GHS,21395490.49,FIXED,SBL-CUST-007819,DEP.CORP.TRM,2005,2024-10-09,2028-04-19,0.175566,FIXED,,,BR019
DEP-TIME_CORP-0040,DEPOSIT,GHS,9483441.37,FIXED,SBL-CUST-001242,DEP.CORP.TRM,2005,2023-10-30,2028-01-07,0.161117,FIXED,,,BR012
DEP-TIME_CORP-0041,DEPOSIT,GHS,19472870.46,FIXED,SBL-CUST-000901,DEP.CORP.TRM,2005,2019-06-28,2026-12-03,0.16114,FIXED,,,BR022
DEP-TIME_CORP-0042,DEPOSIT,GHS,21814823.32,FIXED,SBL-CUST-012473,DEP.CORP.TRM,2005,2021-06-09,2027-10-27,0.159662,FIXED,,,BR011
DEP-TIME_CORP-0043,DEPOSIT,GHS,11397410.35,FIXED,SBL-CUST-002922,DEP.CORP.TRM,2005,2023-01-03,2027-04-27,0.194195,FIXED,,,BR004
DEP-TIME_CORP-0044,DEPOSIT,GHS,25243351.59,FIXED,SBL-CUST-005031,DEP.CORP.TRM,2005,2021-07-03,2027-12-30,0.166554,FIXED,,,BR010
DEP-TIME_CORP-0045,DEPOSIT,GHS,91662185.98,FIXED,SBL-CUST-008426,DEP.CORP.TRM,2005,2025-06-05,2028-05-03,0.181109,FIXED,,,BR005
DEP-TIME_CORP-0046,DEPOSIT,GHS,9143005.38,FIXED,SBL-CUST-014110,DEP.CORP.TRM,2005,2021-10-23,2027-05-09,0.190729,FIXED,,,BR028
DEP-TIME_CORP-0047,DEPOSIT,GHS,12185363.62,FIXED,SBL-CUST-008444,DEP.CORP.TRM,2005,2025-01-31,2026-08-02,0.19967,FIXED,,,BR005
DEP-TIME_CORP-0048,DEPOSIT,GHS,14138876.38,FIXED,SBL-CUST-000126,DEP.CORP.TRM,2005,2021-12-28,2028-01-10,0.183395,FIXED,,,BR004
DEP-TIME_CORP-0049,DEPOSIT,GHS,16011728.91,FIXED,SBL-CUST-003769,DEP.CORP.TRM,2005,2024-04-19,2027-07-25,0.157764,FIXED,,,BR009
DEP-TIME_CORP-0050,DEPOSIT,GHS,46807720.39,FIXED,SBL-CUST-004450,DEP.CORP.TRM,2005,2020-06-01,2028-02-13,0.166019,FIXED,,,BR024
DEP-CD-0001,DEPOSIT,GHS,6905173.19,OTHER,SBL-CUST-005478,DEP.GHS.CD,2003,2024-06-12,2026-09-04,0.172281,FLOATING,,certificate_of_deposit,BR013
DEP-CD-0002,DEPOSIT,GHS,6541705.76,OTHER,SBL-CUST-004045,DEP.GHS.CD,2003,2026-05-01,2028-03-10,0.194222,FLOATING,,certificate_of_deposit,BR025
DEP-CD-0003,DEPOSIT,GHS,8582646.97,OTHER,SBL-CUST-013190,DEP.GHS.CD,2003,2023-09-27,2027-04-23,0.16993,FLOATING,,certificate_of_deposit,BR009
DEP-CD-0004,DEPOSIT,GHS,7744993.55,OTHER,SBL-CUST-013188,DEP.GHS.CD,2003,2021-07-26,2026-12-31,0.16536,FLOATING,,certificate_of_deposit,BR023
DEP-CD-0005,DEPOSIT,GHS,12264036.97,OTHER,SBL-CUST-005564,DEP.GHS.CD,2003,2020-01-15,2027-04-17,0.196102,FLOATING,,certificate_of_deposit,BR003
DEP-CD-0006,DEPOSIT,GHS,5652649.82,OTHER,SBL-CUST-011178,DEP.GHS.CD,2003,2020-11-08,2027-06-28,0.17804,FLOATING,,certificate_of_deposit,BR007
DEP-CD-0007,DEPOSIT,GHS,14831060.73,OTHER,SBL-CUST-000367,DEP.GHS.CD,2003,2020-06-05,2026-08-11,0.189967,FLOATING,,certificate_of_deposit,BR020
DEP-CD-0008,DEPOSIT,GHS,5433457.91,OTHER,SBL-CUST-014297,DEP.GHS.CD,2003,2023-04-06,2026-09-14,0.198269,FLOATING,,certificate_of_deposit,BR002
DEP-CD-0009,DEPOSIT,GHS,8144031.63,OTHER,SBL-CUST-000908,DEP.GHS.CD,2003,2025-01-30,2027-01-28,0.190136,FLOATING,,certificate_of_deposit,BR024
DEP-CD-0010,DEPOSIT,GHS,6896328.2,OTHER,SBL-CUST-010753,DEP.GHS.CD,2003,2022-06-20,2026-11-22,0.169278,FLOATING,,certificate_of_deposit,BR028
DEP-CD-0011,DEPOSIT,GHS,7563232.1,OTHER,SBL-CUST-011826,DEP.GHS.CD,2003,2025-01-30,2027-08-08,0.144492,FLOATING,,certificate_of_deposit,BR008
DEP-CD-0012,DEPOSIT,GHS,79705854.61,OTHER,SBL-CUST-009484,DEP.GHS.CD,2003,2021-06-01,2027-01-22,0.186118,FLOATING,,certificate_of_deposit,BR013
DEP-CD-0013,DEPOSIT,GHS,6452146.73,OTHER,SBL-CUST-005702,DEP.GHS.CD,2003,2021-02-19,2028-01-04,0.146977,FLOATING,,certificate_of_deposit,BR023
DEP-CD-0014,DEPOSIT,GHS,22417549.12,OTHER,SBL-CUST-010076,DEP.GHS.CD,2003,2024-08-30,2027-04-20,0.190682,FLOATING,,certificate_of_deposit,BR025
DEP-CD-0015,DEPOSIT,GHS,10062661.67,OTHER,SBL-CUST-010007,DEP.GHS.CD,2003,2025-05-21,2026-08-13,0.194248,FLOATING,,certificate_of_deposit,BR008
DEP-CD-0016,DEPOSIT,GHS,5236052.24,OTHER,SBL-CUST-010640,DEP.GHS.CD,2003,2023-11-26,2026-08-28,0.178793,FLOATING,,certificate_of_deposit,BR027
DEP-CD-0017,DEPOSIT,GHS,20186808.94,OTHER,SBL-CUST-008744,DEP.GHS.CD,2003,2024-01-16,2027-02-05,0.185492,FLOATING,,certificate_of_deposit,BR016
DEP-CD-0018,DEPOSIT,GHS,31126801.89,OTHER,SBL-CUST-000210,DEP.GHS.CD,2003,2023-08-14,2027-06-24,0.183207,FLOATING,,certificate_of_deposit,BR013
DEP-CD-0019,DEPOSIT,GHS,31437982.11,OTHER,SBL-CUST-000394,DEP.GHS.CD,2003,2021-06-03,2028-02-02,0.167021,FLOATING,,certificate_of_deposit,BR003
DEP-CD-0020,DEPOSIT,GHS,14207391.54,OTHER,SBL-CUST-013043,DEP.GHS.CD,2003,2021-12-23,2027-11-01,0.197796,FLOATING,,certificate_of_deposit,BR027
DEP-CD-0021,DEPOSIT,GHS,18785955.67,OTHER,SBL-CUST-014837,DEP.GHS.CD,2003,2023-10-19,2027-08-25,0.19883,FLOATING,,certificate_of_deposit,BR014
DEP-CD-0022,DEPOSIT,GHS,103280934.74,OTHER,SBL-CUST-000297,DEP.GHS.CD,2003,2022-08-12,2026-08-08,0.156461,FLOATING,,certificate_of_deposit,BR015
DEP-CD-0023,DEPOSIT,GHS,6243610.57,OTHER,SBL-CUST-007156,DEP.GHS.CD,2003,2020-10-15,2028-01-09,0.193367,FLOATING,,certificate_of_deposit,BR028
DEP-CD-0024,DEPOSIT,GHS,6989539.66,OTHER,SBL-CUST-001223,DEP.GHS.CD,2003,2025-11-10,2027-07-17,0.164964,FLOATING,,certificate_of_deposit,BR015
DEP-CD-0025,DEPOSIT,GHS,6365375.06,OTHER,SBL-CUST-008414,DEP.GHS.CD,2003,2020-04-19,2027-10-10,0.180282,FLOATING,,certificate_of_deposit,BR021
DEP-SPECIAL-0001,DEPOSIT,GHS,25628422.64,OTHER,SBL-CUST-012195,DEP.GHS.SPECIAL,2000,2023-04-23,,0.005418,FLOATING,,special_deposit,BR027
DEP-SPECIAL-0002,DEPOSIT,GHS,6251995.73,OTHER,SBL-CUST-000352,DEP.GHS.SPECIAL,2000,2019-04-30,,0.010546,FLOATING,,special_deposit,BR001
DEP-SPECIAL-0003,DEPOSIT,GHS,13182082.75,OTHER,SBL-CUST-013720,DEP.GHS.SPECIAL,2000,2025-09-07,,0.000336,FLOATING,,special_deposit,BR013
DEP-SPECIAL-0004,DEPOSIT,GHS,7348773.65,OTHER,SBL-CUST-007947,DEP.GHS.SPECIAL,2000,2023-05-14,,0.014205,FLOATING,,special_deposit,BR023
DEP-SPECIAL-0005,DEPOSIT,GHS,7883920.77,OTHER,SBL-CUST-002475,DEP.GHS.SPECIAL,2000,2019-02-17,,0.004743,FLOATING,,special_deposit,BR028
DEP-SPECIAL-0006,DEPOSIT,GHS,7789340.36,OTHER,SBL-CUST-001733,DEP.GHS.SPECIAL,2000,2026-05-16,,0.020932,FLOATING,,special_deposit,BR001
DEP-SPECIAL-0007,DEPOSIT,GHS,26703038.12,OTHER,SBL-CUST-010133,DEP.GHS.SPECIAL,2000,2019-03-20,,0.023702,FLOATING,,special_deposit,BR013
DEP-SPECIAL-0008,DEPOSIT,GHS,41674727.61,OTHER,SBL-CUST-004515,DEP.GHS.SPECIAL,2000,2026-03-22,,0.001018,FLOATING,,special_deposit,BR016
DEP-SPECIAL-0009,DEPOSIT,GHS,6095126.77,OTHER,SBL-CUST-013590,DEP.GHS.SPECIAL,2000,2025-11-05,,0.026828,FLOATING,,special_deposit,BR028
DEP-SPECIAL-0010,DEPOSIT,GHS,8764836.38,OTHER,SBL-CUST-002906,DEP.GHS.SPECIAL,2000,2018-12-11,,0.021528,FLOATING,,special_deposit,BR012
DEP-SPECIAL-0011,DEPOSIT,GHS,7284023.21,OTHER,SBL-CUST-004437,DEP.GHS.SPECIAL,2000,2023-07-16,,0.008157,FLOATING,,special_deposit,BR017
DEP-SPECIAL-0012,DEPOSIT,GHS,6717015.56,OTHER,SBL-CUST-005411,DEP.GHS.SPECIAL,2000,2025-01-12,,0.015143,FLOATING,,special_deposit,BR024
DEP-SPECIAL-0013,DEPOSIT,GHS,8556909.3,OTHER,SBL-CUST-004248,DEP.GHS.SPECIAL,2000,2019-05-30,,0.028766,FLOATING,,special_deposit,BR028
DEP-SPECIAL-0014,DEPOSIT,GHS,24392719.92,OTHER,SBL-CUST-007352,DEP.GHS.SPECIAL,2000,2022-04-04,,0.021821,FLOATING,,special_deposit,BR017
DEP-SPECIAL-0015,DEPOSIT,GHS,10129143.89,OTHER,SBL-CUST-004218,DEP.GHS.SPECIAL,2000,2025-08-27,,0.014323,FLOATING,,special_deposit,BR003
DEP-SPECIAL-0016,DEPOSIT,GHS,6441808.16,OTHER,SBL-CUST-006692,DEP.GHS.SPECIAL,2000,2018-08-07,,0.006452,FLOATING,,special_deposit,BR024
DEP-SPECIAL-0017,DEPOSIT,GHS,6890580.67,OTHER,SBL-CUST-013542,DEP.GHS.SPECIAL,2000,2019-11-14,,0.01554,FLOATING,,special_deposit,BR023
DEP-SPECIAL-0018,DEPOSIT,GHS,9893864.29,OTHER,SBL-CUST-010270,DEP.GHS.SPECIAL,2000,2018-09-18,,0.0125,FLOATING,,special_deposit,BR018
DEP-MARGIN-0001,DEPOSIT,GHS,5770342.17,OTHER,SBL-CUST-008378,DEP.GHS.MARGIN,2000,2024-01-26,,0.0,FLOATING,,margin_against_contingent,BR015
DEP-MARGIN-0002,DEPOSIT,GHS,12895322.8,OTHER,SBL-CUST-013631,DEP.GHS.MARGIN,2000,2025-04-27,,0.0,FLOATING,,margin_against_contingent,BR002
DEP-MARGIN-0003,DEPOSIT,GHS,19786252.41,OTHER,SBL-CUST-010768,DEP.GHS.MARGIN,2000,2019-03-10,,0.0,FLOATING,,margin_against_contingent,BR016
DEP-MARGIN-0004,DEPOSIT,GHS,5254123.35,OTHER,SBL-CUST-003937,DEP.GHS.MARGIN,2000,2021-04-10,,0.0,FLOATING,,margin_against_contingent,BR019
DEP-MARGIN-0005,DEPOSIT,GHS,6194153.53,OTHER,SBL-CUST-009679,DEP.GHS.MARGIN,2000,2023-12-23,,0.0,FLOATING,,margin_against_contingent,BR015
DEP-MARGIN-0006,DEPOSIT,GHS,5485525.98,OTHER,SBL-CUST-000466,DEP.GHS.MARGIN,2000,2019-01-25,,0.0,FLOATING,,margin_against_contingent,BR002
DEP-MARGIN-0007,DEPOSIT,GHS,45165218.88,OTHER,SBL-CUST-010460,DEP.GHS.MARGIN,2000,2024-04-04,,0.0,FLOATING,,margin_against_contingent,BR018
DEP-MARGIN-0008,DEPOSIT,GHS,20840028.56,OTHER,SBL-CUST-010386,DEP.GHS.MARGIN,2000,2025-10-30,,0.0,FLOATING,,margin_against_contingent,BR016
DEP-MARGIN-0009,DEPOSIT,GHS,5193088.48,OTHER,SBL-CUST-007419,DEP.GHS.MARGIN,2000,2026-04-22,,0.0,FLOATING,,margin_against_contingent,BR024
DEP-MARGIN-0010,DEPOSIT,GHS,5267180.45,OTHER,SBL-CUST-002208,DEP.GHS.MARGIN,2000,2023-01-19,,0.0,FLOATING,,margin_against_contingent,BR008
DEP-MARGIN-0011,DEPOSIT,GHS,4969873.08,OTHER,SBL-CUST-013158,DEP.GHS.MARGIN,2000,2020-08-23,,0.0,FLOATING,,margin_against_contingent,BR008
DEP-MARGIN-0012,DEPOSIT,GHS,7797722.58,OTHER,SBL-CUST-003382,DEP.GHS.MARGIN,2000,2024-05-30,,0.0,FLOATING,,margin_against_contingent,BR026
DEP-MARGIN-0013,DEPOSIT,GHS,5599201.72,OTHER,SBL-CUST-011369,DEP.GHS.MARGIN,2000,2024-04-17,,0.0,FLOATING,,margin_against_contingent,BR020
DEP-MARGIN-0014,DEPOSIT,GHS,27949976.91,OTHER,SBL-CUST-005306,DEP.GHS.MARGIN,2000,2025-08-09,,0.0,FLOATING,,margin_against_contingent,BR013
DEP-FX_CURRENT-0001,DEPOSIT,USD,1048474.27,CURRENT,SBL-CUST-008609,DEP.USD.CUR,2006,2025-01-24,,0.003067,FLOATING,16167473.2,,BR018
DEP-FX_CURRENT-0002,DEPOSIT,USD,1937552.4,CURRENT,SBL-CUST-013675,DEP.USD.CUR,2006,2022-07-05,,0.00631,FLOATING,29877057.97,,BR022
DEP-FX_CURRENT-0003,DEPOSIT,USD,1605626.37,CURRENT,SBL-CUST-009025,DEP.USD.CUR,2006,2024-12-25,,0.001561,FLOATING,24758758.64,,BR023
DEP-FX_CURRENT-0004,DEPOSIT,USD,2710363.19,CURRENT,SBL-CUST-003671,DEP.USD.CUR,2006,2026-04-14,,0.009412,FLOATING,41793800.41,,BR028
DEP-FX_CURRENT-0005,DEPOSIT,USD,1072585.91,CURRENT,SBL-CUST-006233,DEP.USD.CUR,2006,2021-02-04,,0.005939,FLOATING,16539274.75,,BR009
DEP-FX_CURRENT-0006,DEPOSIT,USD,1175182.46,CURRENT,SBL-CUST-014914,DEP.USD.CUR,2006,2024-07-01,,0.013497,FLOATING,18121313.56,,BR018
DEP-FX_CURRENT-0007,DEPOSIT,USD,1607183.9,CURRENT,SBL-CUST-003610,DEP.USD.CUR,2006,2026-01-19,,0.014059,FLOATING,24782775.7,,BR011
DEP-FX_CURRENT-0008,DEPOSIT,USD,1423159.56,CURRENT,SBL-CUST-013705,DEP.USD.CUR,2006,2025-04-07,,0.007081,FLOATING,21945120.37,,BR008
DEP-FX_CURRENT-0009,DEPOSIT,USD,1161355.52,CURRENT,SBL-CUST-009598,DEP.USD.CUR,2006,2024-10-30,,0.006336,FLOATING,17908102.07,,BR025
DEP-FX_CURRENT-0010,DEPOSIT,USD,4096878.82,CURRENT,SBL-CUST-004115,DEP.USD.CUR,2006,2025-08-24,,0.008519,FLOATING,63173871.43,,BR012
DEP-FX_CURRENT-0011,DEPOSIT,USD,6258955.53,CURRENT,SBL-CUST-006505,DEP.USD.CUR,2006,2023-08-03,,0.001921,FLOATING,96513094.27,,BR023
DEP-FX_CURRENT-0012,DEPOSIT,USD,3006280.8,CURRENT,SBL-CUST-008231,DEP.USD.CUR,2006,2024-04-05,,0.013476,FLOATING,46356849.86,,BR014
DEP-FX_CURRENT-0013,DEPOSIT,USD,1801111.28,CURRENT,SBL-CUST-014212,DEP.USD.CUR,2006,2024-08-24,,0.007503,FLOATING,27773135.94,,BR024
DEP-FX_CURRENT-0014,DEPOSIT,USD,932967.75,CURRENT,SBL-CUST-010294,DEP.USD.CUR,2006,2021-11-30,,0.013285,FLOATING,14386362.74,,BR003
DEP-FX_CURRENT-0015,DEPOSIT,USD,1019714.24,CURRENT,SBL-CUST-010755,DEP.USD.CUR,2006,2022-05-23,,0.012674,FLOATING,15723993.57,,BR021
DEP-FX_CURRENT-0016,DEPOSIT,USD,1325271.41,CURRENT,SBL-CUST-011611,DEP.USD.CUR,2006,2019-02-05,,0.008546,FLOATING,20435685.11,,BR004
DEP-FX_CURRENT-0017,DEPOSIT,USD,1318831.03,CURRENT,SBL-CUST-000508,DEP.USD.CUR,2006,2021-10-03,,0.013919,FLOATING,20336374.44,,BR017
DEP-FX_CURRENT-0018,DEPOSIT,USD,1943638.28,CURRENT,SBL-CUST-010107,DEP.USD.CUR,2006,2020-05-01,,0.000253,FLOATING,29970902.33,,BR020
DEP-FX_CURRENT-0019,DEPOSIT,USD,3916101.15,CURRENT,SBL-CUST-005311,DEP.USD.CUR,2006,2026-05-11,,0.006435,FLOATING,60386279.67,,BR007
DEP-FX_CURRENT-0020,DEPOSIT,USD,1004370.24,CURRENT,SBL-CUST-006765,DEP.USD.CUR,2006,2021-08-21,,0.013989,FLOATING,15487389.07,,BR018
DEP-FX_CURRENT-0021,DEPOSIT,USD,912150.1,CURRENT,SBL-CUST-008530,DEP.USD.CUR,2006,2019-10-17,,0.001923,FLOATING,14065354.59,,BR010
DEP-FX_CURRENT-0022,DEPOSIT,USD,1002803.64,CURRENT,SBL-CUST-011565,DEP.USD.CUR,2006,2019-10-07,,0.004983,FLOATING,15463232.08,,BR019
DEP-FX_CURRENT-0023,DEPOSIT,USD,2340022.46,CURRENT,SBL-CUST-004786,DEP.USD.CUR,2006,2022-07-04,,0.014378,FLOATING,36083146.3,,BR005
DEP-FX_CURRENT-0024,DEPOSIT,USD,922442.94,CURRENT,SBL-CUST-008984,DEP.USD.CUR,2006,2025-01-18,,0.011779,FLOATING,14224070.11,,BR024
DEP-FX_CURRENT-0025,DEPOSIT,USD,1548319.15,CURRENT,SBL-CUST-008252,DEP.USD.CUR,2006,2020-06-21,,0.006677,FLOATING,23875081.22,,BR022
DEP-FX_CURRENT-0026,DEPOSIT,USD,1425314.3,CURRENT,SBL-CUST-005670,DEP.USD.CUR,2006,2023-11-04,,0.014476,FLOATING,21978346.49,,BR012
DEP-FX_CURRENT-0027,DEPOSIT,USD,888829.19,CURRENT,SBL-CUST-009206,DEP.USD.CUR,2006,2024-02-28,,0.006877,FLOATING,13705746.1,,BR018
DEP-FX_CURRENT-0028,DEPOSIT,USD,1510855.09,CURRENT,SBL-CUST-006533,DEP.USD.CUR,2006,2023-11-27,,0.011375,FLOATING,23297385.53,,BR028
DEP-FX_CURRENT-0029,DEPOSIT,USD,1617412.7,CURRENT,SBL-CUST-003801,DEP.USD.CUR,2006,2022-11-03,,0.005798,FLOATING,24940503.79,,BR024
DEP-FX_CURRENT-0030,DEPOSIT,USD,1504508.23,CURRENT,SBL-CUST-006480,DEP.USD.CUR,2006,2022-03-21,,0.010989,FLOATING,23199516.98,,BR007
DEP-FX_CURRENT-0031,DEPOSIT,USD,2534379.93,CURRENT,SBL-CUST-009560,DEP.USD.CUR,2006,2019-06-30,,0.003737,FLOATING,39080138.59,,BR011
DEP-FX_CURRENT-0032,DEPOSIT,USD,2784463.87,CURRENT,SBL-CUST-006100,DEP.USD.CUR,2006,2020-02-29,,0.009294,FLOATING,42936432.94,,BR025
DEP-FX_CURRENT-0033,DEPOSIT,USD,6328690.57,CURRENT,SBL-CUST-009835,DEP.USD.CUR,2006,2022-03-29,,0.008215,FLOATING,97588408.62,,BR019
DEP-FX_CURRENT-0034,DEPOSIT,USD,2341680.28,CURRENT,SBL-CUST-010071,DEP.USD.CUR,2006,2020-04-28,,0.001025,FLOATING,36108709.85,,BR010
DEP-FX_CURRENT-0035,DEPOSIT,USD,993674.18,CURRENT,SBL-CUST-002622,DEP.USD.CUR,2006,2024-10-12,,0.002603,FLOATING,15322455.86,,BR018
DEP-FX_CURRENT-0036,DEPOSIT,USD,2113227.34,CURRENT,SBL-CUST-007606,DEP.USD.CUR,2006,2019-08-01,,0.000958,FLOATING,32585965.53,,BR023
DEP-FX_CURRENT-0037,DEPOSIT,USD,1138699.23,CURRENT,SBL-CUST-012395,DEP.USD.CUR,2006,2024-12-30,,0.010399,FLOATING,17558742.06,,BR015
DEP-FX_CURRENT-0038,DEPOSIT,USD,1342400.94,CURRENT,SBL-CUST-005949,DEP.USD.CUR,2006,2023-10-23,,0.011452,FLOATING,20699822.47,,BR024
DEP-FX_CURRENT-0039,DEPOSIT,USD,1469871.23,CURRENT,SBL-CUST-007705,DEP.USD.CUR,2006,2019-02-10,,0.001182,FLOATING,22665414.3,,BR026
DEP-FX_CURRENT-0040,DEPOSIT,USD,1196638.85,CURRENT,SBL-CUST-007935,DEP.USD.CUR,2006,2021-02-21,,0.005314,FLOATING,18452171.04,,BR022
DEP-FX_CURRENT-0041,DEPOSIT,USD,1079143.53,CURRENT,SBL-CUST-009735,DEP.USD.CUR,2006,2021-05-09,,0.002918,FLOATING,16640393.27,,BR022
DEP-FX_CURRENT-0042,DEPOSIT,USD,1069923.58,CURRENT,SBL-CUST-011330,DEP.USD.CUR,2006,2024-12-25,,0.011945,FLOATING,16498221.58,,BR018
DEP-FX_CURRENT-0043,DEPOSIT,USD,1203622.73,CURRENT,SBL-CUST-008448,DEP.USD.CUR,2006,2021-08-26,,0.001798,FLOATING,18559862.45,,BR020
DEP-FX_CURRENT-0044,DEPOSIT,USD,915534.69,CURRENT,SBL-CUST-008688,DEP.USD.CUR,2006,2020-12-09,,0.01402,FLOATING,14117544.85,,BR001
DEP-FX_SAVINGS-0001,DEPOSIT,USD,931301.55,SAVINGS,SBL-CUST-008657,DEP.USD.SAV,2006,2024-07-28,,0.007258,FLOATING,14360669.86,,BR020
DEP-FX_SAVINGS-0002,DEPOSIT,USD,1331962.91,SAVINGS,SBL-CUST-010040,DEP.USD.SAV,2006,2025-08-09,,0.010218,FLOATING,20538868.11,,BR024
DEP-FX_SAVINGS-0003,DEPOSIT,USD,2852497.34,SAVINGS,SBL-CUST-008471,DEP.USD.SAV,2006,2023-02-12,,0.01263,FLOATING,43985509.05,,BR012
DEP-FX_SAVINGS-0004,DEPOSIT,USD,4279858.48,SAVINGS,SBL-CUST-000611,DEP.USD.SAV,2006,2025-10-03,,0.015002,FLOATING,65995417.82,,BR011
DEP-FX_SAVINGS-0005,DEPOSIT,USD,1820963.56,SAVINGS,SBL-CUST-010025,DEP.USD.SAV,2006,2021-12-31,,0.018097,FLOATING,28079258.08,,BR009
DEP-FX_SAVINGS-0006,DEPOSIT,USD,1072649.02,SAVINGS,SBL-CUST-007117,DEP.USD.SAV,2006,2021-05-14,,0.013305,FLOATING,16540247.89,,BR016
DEP-FX_SAVINGS-0007,DEPOSIT,USD,1485842.62,SAVINGS,SBL-CUST-001249,DEP.USD.SAV,2006,2018-09-02,,0.017891,FLOATING,22911693.21,,BR004
DEP-FX_SAVINGS-0008,DEPOSIT,USD,1678720.61,SAVINGS,SBL-CUST-000816,DEP.USD.SAV,2006,2021-07-21,,0.017528,FLOATING,25885871.82,,BR006
DEP-FX_SAVINGS-0009,DEPOSIT,USD,942348.76,SAVINGS,SBL-CUST-014625,DEP.USD.SAV,2006,2018-09-03,,0.010948,FLOATING,14531017.82,,BR022
DEP-FX_SAVINGS-0010,DEPOSIT,USD,994077.36,SAVINGS,SBL-CUST-005746,DEP.USD.SAV,2006,2024-05-25,,0.00758,FLOATING,15328672.83,,BR009
DEP-FX_SAVINGS-0011,DEPOSIT,USD,4645629.52,SAVINGS,SBL-CUST-003083,DEP.USD.SAV,2006,2025-09-08,,0.00642,FLOATING,71635607.2,,BR003
DEP-FX_SAVINGS-0012,DEPOSIT,USD,1032998.39,SAVINGS,SBL-CUST-011994,DEP.USD.SAV,2006,2021-06-10,,0.008296,FLOATING,15928835.1,,BR016
DEP-FX_SAVINGS-0013,DEPOSIT,USD,1699082.38,SAVINGS,SBL-CUST-010304,DEP.USD.SAV,2006,2019-01-28,,0.017529,FLOATING,26199850.25,,BR027
DEP-FX_SAVINGS-0014,DEPOSIT,USD,1007203.01,SAVINGS,SBL-CUST-013241,DEP.USD.SAV,2006,2025-11-02,,0.013273,FLOATING,15531070.45,,BR010
DEP-FX_SAVINGS-0015,DEPOSIT,USD,1132816.98,SAVINGS,SBL-CUST-003625,DEP.USD.SAV,2006,2019-01-14,,0.010763,FLOATING,17468037.83,,BR021
DEP-FX_SAVINGS-0016,DEPOSIT,USD,1009405.41,SAVINGS,SBL-CUST-001487,DEP.USD.SAV,2006,2025-04-29,,0.019303,FLOATING,15565031.45,,BR008
DEP-FX_TIME-0001,DEPOSIT,USD,1853684.18,FIXED,SBL-CUST-013122,DEP.USD.TRM,2006,2021-03-11,2027-05-20,0.053311,FIXED,28583810.13,,BR011
DEP-FX_TIME-0002,DEPOSIT,USD,4180191.91,FIXED,SBL-CUST-002458,DEP.USD.TRM,2006,2025-09-17,2027-08-11,0.021935,FIXED,64458559.29,,BR018
DEP-FX_TIME-0003,DEPOSIT,USD,1338691.26,FIXED,SBL-CUST-003383,DEP.USD.TRM,2006,2024-08-26,2028-03-05,0.022064,FIXED,20642619.22,,BR020
DEP-FX_TIME-0004,DEPOSIT,USD,1627963.67,FIXED,SBL-CUST-005989,DEP.USD.TRM,2006,2021-06-11,2028-01-25,0.048213,FIXED,25103199.85,,BR014
DEP-FX_TIME-0005,DEPOSIT,USD,1336368.89,FIXED,SBL-CUST-004053,DEP.USD.TRM,2006,2023-12-27,2027-07-28,0.039459,FIXED,20606808.27,,BR018
DEP-FX_TIME-0006,DEPOSIT,USD,2339206.05,FIXED,SBL-CUST-012449,DEP.USD.TRM,2006,2021-08-04,2027-05-09,0.029006,FIXED,36070557.22,,BR028
DEP-FX_TIME-0007,DEPOSIT,USD,1495421.15,FIXED,SBL-CUST-013421,DEP.USD.TRM,2006,2024-06-07,2027-03-10,0.049788,FIXED,23059394.13,,BR013
DEP-FX_TIME-0008,DEPOSIT,USD,2275929.68,FIXED,SBL-CUST-011436,DEP.USD.TRM,2006,2020-05-09,2027-09-14,0.022045,FIXED,35094835.63,,BR009
DEP-FX_TIME-0009,DEPOSIT,USD,3821684.22,FIXED,SBL-CUST-012265,DEP.USD.TRM,2006,2025-11-20,2028-03-14,0.05357,FIXED,58930370.69,,BR028
DEP-FX_TIME-0010,DEPOSIT,USD,1595264.47,FIXED,SBL-CUST-014565,DEP.USD.TRM,2006,2022-06-01,2026-10-29,0.032395,FIXED,24598978.14,,BR026
DEP-FX_TIME-0011,DEPOSIT,USD,3317396.14,FIXED,SBL-CUST-011526,DEP.USD.TRM,2006,2025-10-02,2026-08-30,0.034414,FIXED,51154248.45,,BR026
DEP-FX_TIME-0012,DEPOSIT,USD,1777421.51,FIXED,SBL-CUST-000785,DEP.USD.TRM,2006,2023-03-26,2028-02-27,0.030695,FIXED,27407839.62,,BR025
DEP-FX_SPECIAL-0001,DEPOSIT,USD,2715090.4,OTHER,SBL-CUST-002052,DEP.FX.SPECIAL,2006,2025-03-29,,0.016157,FLOATING,41866693.95,special_deposit,BR009
DEP-FX_SPECIAL-0002,DEPOSIT,USD,534090.28,OTHER,SBL-CUST-008462,DEP.FX.SPECIAL,2006,2023-03-03,,0.012226,FLOATING,8235672.13,special_deposit,BR010
DEP-FX_SPECIAL-0003,DEPOSIT,USD,757536.1,OTHER,SBL-CUST-001558,DEP.FX.SPECIAL,2006,2019-03-15,,0.015074,FLOATING,11681206.6,special_deposit,BR024
DEP-FX_SPECIAL-0004,DEPOSIT,USD,569624.24,OTHER,SBL-CUST-008082,DEP.FX.SPECIAL,2006,2018-12-21,,0.018284,FLOATING,8783605.86,special_deposit,BR028
DEP-FX_SPECIAL-0005,DEPOSIT,USD,854763.67,OTHER,SBL-CUST-012623,DEP.FX.SPECIAL,2006,2020-06-05,,0.019237,FLOATING,13180455.82,special_deposit,BR021
DEP-FX_SPECIAL-0006,DEPOSIT,USD,515945.01,OTHER,SBL-CUST-009212,DEP.FX.SPECIAL,2006,2024-07-29,,0.006964,FLOATING,7955872.06,special_deposit,BR012
DEP-FX_SPECIAL-0007,DEPOSIT,USD,1216459.73,OTHER,SBL-CUST-013056,DEP.FX.SPECIAL,2006,2019-12-12,,0.008964,FLOATING,18757808.99,special_deposit,BR022
DEP-FX_SPECIAL-0008,DEPOSIT,USD,505604.87,OTHER,SBL-CUST-014239,DEP.FX.SPECIAL,2006,2025-04-01,,0.007364,FLOATING,7796427.04,special_deposit,BR004
DEP-FX_MARGIN-0001,DEPOSIT,USD,512957.25,OTHER,SBL-CUST-014482,DEP.FX.MARGIN,2006,2020-01-11,,0.0,FLOATING,7909800.84,margin_against_contingent,BR017
DEP-FX_MARGIN-0002,DEPOSIT,USD,596090.98,OTHER,SBL-CUST-000596,DEP.FX.MARGIN,2006,2024-04-30,,0.0,FLOATING,9191722.86,margin_against_contingent,BR001
DEP-FX_MARGIN-0003,DEPOSIT,USD,736988.58,OTHER,SBL-CUST-010858,DEP.FX.MARGIN,2006,2020-02-08,,0.0,FLOATING,11364363.97,margin_against_contingent,BR004
DEP-FX_MARGIN-0004,DEPOSIT,USD,682784.01,OTHER,SBL-CUST-001840,DEP.FX.MARGIN,2006,2020-04-10,,0.0,FLOATING,10528529.44,margin_against_contingent,BR012
DEP-FX_MARGIN-0005,DEPOSIT,USD,1460051.1,OTHER,SBL-CUST-002805,DEP.FX.MARGIN,2006,2025-01-05,,0.0,FLOATING,22513987.92,margin_against_contingent,BR018
DEP-FX_MARGIN-0006,DEPOSIT,USD,2124946.43,OTHER,SBL-CUST-007279,DEP.FX.MARGIN,2006,2021-01-26,,0.0,FLOATING,32766674.02,margin_against_contingent,BR022
