# Sample Bank DAILY DEPOSIT sub-ledger — close of business 2026-06-23; push with as_of_date=2026-06-23. Feeds BSD1 deposit lines 1-10 (the form's PREVIOUS-week block). Liquid assets are in eod_ladder/.
source_reference,position_type,currency,balance,deposit_account_type,counterparty_reference,product_code,gl_account_code,origination_date,contractual_maturity,interest_rate,rate_type,attributes.balance_ghs,attributes.instrument,attributes.branch_id
DEP-CURRENT_RET-0001,DEPOSIT,GHS,6918833.7,CURRENT,SBL-CUST-014540,DEP.RET.CUR,2001,2018-08-12,,0.001325,FLOATING,,,BR018
DEP-CURRENT_RET-0002,DEPOSIT,GHS,28117799.45,CURRENT,SBL-CUST-008988,DEP.RET.CUR,2001,2020-02-16,,0.003172,FLOATING,,,BR006
DEP-CURRENT_RET-0003,DEPOSIT,GHS,7141364.21,CURRENT,SBL-CUST-002111,DEP.RET.CUR,2001,2021-05-05,,0.003551,FLOATING,,,BR009
DEP-CURRENT_RET-0004,DEPOSIT,GHS,6972122.69,CURRENT,SBL-CUST-006161,DEP.RET.CUR,2001,2024-10-19,,0.002003,FLOATING,,,BR010
DEP-CURRENT_RET-0005,DEPOSIT,GHS,6505608.59,CURRENT,SBL-CUST-001677,DEP.RET.CUR,2001,2025-10-20,,0.001022,FLOATING,,,BR005
DEP-CURRENT_RET-0006,DEPOSIT,GHS,12394862.48,CURRENT,SBL-CUST-008709,DEP.RET.CUR,2001,2021-03-03,,0.002577,FLOATING,,,BR022
DEP-CURRENT_RET-0007,DEPOSIT,GHS,22209283.75,CURRENT,SBL-CUST-010388,DEP.RET.CUR,2001,2026-03-15,,0.001464,FLOATING,,,BR024
DEP-CURRENT_RET-0008,DEPOSIT,GHS,6822279.72,CURRENT,SBL-CUST-005329,DEP.RET.CUR,2001,2024-09-06,,0.001127,FLOATING,,,BR016
DEP-CURRENT_RET-0009,DEPOSIT,GHS,6147781.79,CURRENT,SBL-CUST-007421,DEP.RET.CUR,2001,2020-07-05,,0.000332,FLOATING,,,BR002
DEP-CURRENT_RET-0010,DEPOSIT,GHS,5970553.89,CURRENT,SBL-CUST-002664,DEP.RET.CUR,2001,2022-12-27,,0.001833,FLOATING,,,BR023
DEP-CURRENT_RET-0011,DEPOSIT,GHS,5285204.76,CURRENT,SBL-CUST-004712,DEP.RET.CUR,2001,2021-10-25,,0.001131,FLOATING,,,BR006
DEP-CURRENT_RET-0012,DEPOSIT,GHS,6788208.33,CURRENT,SBL-CUST-007262,DEP.RET.CUR,2001,2023-11-15,,0.0003,FLOATING,,,BR027
DEP-CURRENT_RET-0013,DEPOSIT,GHS,5394793.05,CURRENT,SBL-CUST-001628,DEP.RET.CUR,2001,2023-07-19,,0.000207,FLOATING,,,BR028
DEP-CURRENT_RET-0014,DEPOSIT,GHS,9739132.12,CURRENT,SBL-CUST-001030,DEP.RET.CUR,2001,2018-08-21,,0.002021,FLOATING,,,BR012
DEP-CURRENT_RET-0015,DEPOSIT,GHS,5982143.5,CURRENT,SBL-CUST-009649,DEP.RET.CUR,2001,2026-02-16,,0.00324,FLOATING,,,BR025
DEP-CURRENT_RET-0016,DEPOSIT,GHS,13033282.22,CURRENT,SBL-CUST-004235,DEP.RET.CUR,2001,2024-08-22,,0.001146,FLOATING,,,BR023
DEP-CURRENT_RET-0017,DEPOSIT,GHS,9333469.51,CURRENT,SBL-CUST-010054,DEP.RET.CUR,2001,2024-08-23,,0.003024,FLOATING,,,BR024
DEP-CURRENT_RET-0018,DEPOSIT,GHS,8109144.45,CURRENT,SBL-CUST-003420,DEP.RET.CUR,2001,2019-03-19,,0.000736,FLOATING,,,BR013
DEP-CURRENT_RET-0019,DEPOSIT,GHS,7437652.58,CURRENT,SBL-CUST-010705,DEP.RET.CUR,2001,2023-05-02,,1.8e-05,FLOATING,,,BR003
DEP-CURRENT_RET-0020,DEPOSIT,GHS,5956788.12,CURRENT,SBL-CUST-003373,DEP.RET.CUR,2001,2019-12-19,,0.001641,FLOATING,,,BR001
DEP-CURRENT_RET-0021,DEPOSIT,GHS,5379937.31,CURRENT,SBL-CUST-010937,DEP.RET.CUR,2001,2019-08-27,,8.4e-05,FLOATING,,,BR026
DEP-CURRENT_RET-0022,DEPOSIT,GHS,5490638.32,CURRENT,SBL-CUST-002625,DEP.RET.CUR,2001,2019-06-10,,0.00298,FLOATING,,,BR020
DEP-CURRENT_RET-0023,DEPOSIT,GHS,8283947.08,CURRENT,SBL-CUST-008215,DEP.RET.CUR,2001,2020-03-05,,0.000564,FLOATING,,,BR028
DEP-CURRENT_RET-0024,DEPOSIT,GHS,9408373.96,CURRENT,SBL-CUST-002258,DEP.RET.CUR,2001,2020-02-01,,0.001016,FLOATING,,,BR010
DEP-CURRENT_RET-0025,DEPOSIT,GHS,6298997.08,CURRENT,SBL-CUST-005089,DEP.RET.CUR,2001,2020-04-16,,0.002303,FLOATING,,,BR007
DEP-CURRENT_RET-0026,DEPOSIT,GHS,13092639.87,CURRENT,SBL-CUST-012915,DEP.RET.CUR,2001,2019-08-19,,0.001116,FLOATING,,,BR005
DEP-CURRENT_RET-0027,DEPOSIT,GHS,9563556.42,CURRENT,SBL-CUST-007188,DEP.RET.CUR,2001,2021-04-11,,0.004549,FLOATING,,,BR016
DEP-CURRENT_RET-0028,DEPOSIT,GHS,6048609.58,CURRENT,SBL-CUST-000551,DEP.RET.CUR,2001,2024-06-27,,0.00307,FLOATING,,,BR015
DEP-CURRENT_RET-0029,DEPOSIT,GHS,6487769.38,CURRENT,SBL-CUST-013753,DEP.RET.CUR,2001,2019-11-20,,0.004192,FLOATING,,,BR002
DEP-CURRENT_RET-0030,DEPOSIT,GHS,6229967.66,CURRENT,SBL-CUST-003274,DEP.RET.CUR,2001,2020-11-14,,0.004924,FLOATING,,,BR019
DEP-CURRENT_RET-0031,DEPOSIT,GHS,14383519.6,CURRENT,SBL-CUST-001407,DEP.RET.CUR,2001,2026-01-30,,0.003495,FLOATING,,,BR004
DEP-CURRENT_RET-0032,DEPOSIT,GHS,6280582.74,CURRENT,SBL-CUST-001458,DEP.RET.CUR,2001,2022-01-01,,0.004687,FLOATING,,,BR017
DEP-CURRENT_RET-0033,DEPOSIT,GHS,6154968.7,CURRENT,SBL-CUST-001725,DEP.RET.CUR,2001,2024-12-21,,0.00479,FLOATING,,,BR001
DEP-CURRENT_RET-0034,DEPOSIT,GHS,11628028.8,CURRENT,SBL-CUST-009099,DEP.RET.CUR,2001,2026-01-26,,0.000523,FLOATING,,,BR009
DEP-CURRENT_RET-0035,DEPOSIT,GHS,16245823.27,CURRENT,SBL-CUST-008943,DEP.RET.CUR,2001,2024-06-03,,0.004577,FLOATING,,,BR023
DEP-CURRENT_RET-0036,DEPOSIT,GHS,5816297.74,CURRENT,SBL-CUST-001194,DEP.RET.CUR,2001,2020-04-26,,0.000769,FLOATING,,,BR013
DEP-CURRENT_RET-0037,DEPOSIT,GHS,28929798.09,CURRENT,SBL-CUST-010076,DEP.RET.CUR,2001,2024-05-05,,0.004683,FLOATING,,,BR002
DEP-CURRENT_RET-0038,DEPOSIT,GHS,6271123.11,CURRENT,SBL-CUST-006537,DEP.RET.CUR,2001,2019-10-21,,0.004717,FLOATING,,,BR009
DEP-CURRENT_RET-0039,DEPOSIT,GHS,9904656.61,CURRENT,SBL-CUST-007855,DEP.RET.CUR,2001,2023-04-07,,0.001202,FLOATING,,,BR013
DEP-CURRENT_RET-0040,DEPOSIT,GHS,17638619.0,CURRENT,SBL-CUST-002013,DEP.RET.CUR,2001,2021-05-18,,0.001912,FLOATING,,,BR009
DEP-CURRENT_RET-0041,DEPOSIT,GHS,18108760.16,CURRENT,SBL-CUST-007388,DEP.RET.CUR,2001,2024-08-17,,0.001246,FLOATING,,,BR014
DEP-CURRENT_RET-0042,DEPOSIT,GHS,94007312.61,CURRENT,SBL-CUST-008304,DEP.RET.CUR,2001,2020-07-15,,0.003037,FLOATING,,,BR005
DEP-CURRENT_RET-0043,DEPOSIT,GHS,5227402.57,CURRENT,SBL-CUST-004085,DEP.RET.CUR,2001,2020-04-17,,0.001884,FLOATING,,,BR018
DEP-CURRENT_RET-0044,DEPOSIT,GHS,6494109.27,CURRENT,SBL-CUST-000020,DEP.RET.CUR,2001,2023-07-30,,0.001758,FLOATING,,,BR028
DEP-CURRENT_RET-0045,DEPOSIT,GHS,14872885.99,CURRENT,SBL-CUST-002307,DEP.RET.CUR,2001,2019-10-24,,0.001956,FLOATING,,,BR015
DEP-CURRENT_RET-0046,DEPOSIT,GHS,17164915.33,CURRENT,SBL-CUST-002413,DEP.RET.CUR,2001,2022-03-23,,0.003764,FLOATING,,,BR028
DEP-CURRENT_RET-0047,DEPOSIT,GHS,17770998.25,CURRENT,SBL-CUST-009070,DEP.RET.CUR,2001,2026-04-16,,0.002602,FLOATING,,,BR018
DEP-CURRENT_RET-0048,DEPOSIT,GHS,6886158.1,CURRENT,SBL-CUST-004646,DEP.RET.CUR,2001,2024-08-03,,0.002641,FLOATING,,,BR010
DEP-CURRENT_RET-0049,DEPOSIT,GHS,6076970.72,CURRENT,SBL-CUST-010161,DEP.RET.CUR,2001,2025-04-07,,0.000897,FLOATING,,,BR017
DEP-CURRENT_RET-0050,DEPOSIT,GHS,59922267.19,CURRENT,SBL-CUST-000205,DEP.RET.CUR,2001,2018-10-15,,0.001727,FLOATING,,,BR017
DEP-CURRENT_RET-0051,DEPOSIT,GHS,20979856.39,CURRENT,SBL-CUST-001218,DEP.RET.CUR,2001,2024-10-12,,0.001734,FLOATING,,,BR019
DEP-CURRENT_RET-0052,DEPOSIT,GHS,5690196.69,CURRENT,SBL-CUST-012539,DEP.RET.CUR,2001,2018-12-09,,0.000534,FLOATING,,,BR010
DEP-CURRENT_RET-0053,DEPOSIT,GHS,6052622.37,CURRENT,SBL-CUST-005394,DEP.RET.CUR,2001,2018-09-29,,0.004929,FLOATING,,,BR010
DEP-CURRENT_RET-0054,DEPOSIT,GHS,29714629.82,CURRENT,SBL-CUST-010234,DEP.RET.CUR,2001,2020-12-03,,0.002244,FLOATING,,,BR014
DEP-CURRENT_RET-0055,DEPOSIT,GHS,15659736.1,CURRENT,SBL-CUST-002678,DEP.RET.CUR,2001,2018-08-01,,0.004564,FLOATING,,,BR003
DEP-CURRENT_RET-0056,DEPOSIT,GHS,6310084.09,CURRENT,SBL-CUST-003150,DEP.RET.CUR,2001,2021-11-17,,0.000667,FLOATING,,,BR005
DEP-CURRENT_RET-0057,DEPOSIT,GHS,13132701.07,CURRENT,SBL-CUST-006610,DEP.RET.CUR,2001,2023-04-24,,0.004655,FLOATING,,,BR017
DEP-CURRENT_RET-0058,DEPOSIT,GHS,9905200.23,CURRENT,SBL-CUST-010518,DEP.RET.CUR,2001,2019-09-27,,0.003258,FLOATING,,,BR028
DEP-CURRENT_RET-0059,DEPOSIT,GHS,5793866.41,CURRENT,SBL-CUST-010426,DEP.RET.CUR,2001,2023-07-31,,0.003501,FLOATING,,,BR002
DEP-CURRENT_RET-0060,DEPOSIT,GHS,5794170.37,CURRENT,SBL-CUST-001005,DEP.RET.CUR,2001,2021-09-29,,0.000592,FLOATING,,,BR002
DEP-CURRENT_RET-0061,DEPOSIT,GHS,7976183.56,CURRENT,SBL-CUST-001461,DEP.RET.CUR,2001,2021-06-28,,0.002663,FLOATING,,,BR006
DEP-CURRENT_RET-0062,DEPOSIT,GHS,33398737.52,CURRENT,SBL-CUST-001517,DEP.RET.CUR,2001,2021-10-10,,0.003741,FLOATING,,,BR023
DEP-CURRENT_RET-0063,DEPOSIT,GHS,12587665.48,CURRENT,SBL-CUST-005435,DEP.RET.CUR,2001,2019-06-24,,0.003497,FLOATING,,,BR016
DEP-CURRENT_RET-0064,DEPOSIT,GHS,10851455.11,CURRENT,SBL-CUST-009333,DEP.RET.CUR,2001,2024-09-28,,0.002705,FLOATING,,,BR016
DEP-CURRENT_RET-0065,DEPOSIT,GHS,5230241.07,CURRENT,SBL-CUST-013549,DEP.RET.CUR,2001,2019-11-16,,0.000654,FLOATING,,,BR001
DEP-CURRENT_RET-0066,DEPOSIT,GHS,9354619.08,CURRENT,SBL-CUST-004182,DEP.RET.CUR,2001,2020-04-16,,0.003338,FLOATING,,,BR008
DEP-CURRENT_RET-0067,DEPOSIT,GHS,5861286.61,CURRENT,SBL-CUST-003281,DEP.RET.CUR,2001,2025-12-14,,0.001602,FLOATING,,,BR018
DEP-CURRENT_RET-0068,DEPOSIT,GHS,6357041.88,CURRENT,SBL-CUST-011868,DEP.RET.CUR,2001,2022-11-14,,0.003512,FLOATING,,,BR028
DEP-CURRENT_RET-0069,DEPOSIT,GHS,5602069.62,CURRENT,SBL-CUST-014132,DEP.RET.CUR,2001,2023-11-25,,0.000849,FLOATING,,,BR014
DEP-CURRENT_RET-0070,DEPOSIT,GHS,7586284.8,CURRENT,SBL-CUST-008892,DEP.RET.CUR,2001,2020-07-11,,0.001389,FLOATING,,,BR010
DEP-CURRENT_RET-0071,DEPOSIT,GHS,17472607.78,CURRENT,SBL-CUST-011962,DEP.RET.CUR,2001,2020-09-12,,0.004416,FLOATING,,,BR021
DEP-CURRENT_RET-0072,DEPOSIT,GHS,6224992.24,CURRENT,SBL-CUST-014510,DEP.RET.CUR,2001,2025-03-24,,0.001079,FLOATING,,,BR019
DEP-CURRENT_RET-0073,DEPOSIT,GHS,8350601.84,CURRENT,SBL-CUST-012779,DEP.RET.CUR,2001,2022-08-02,,0.003033,FLOATING,,,BR003
DEP-CURRENT_RET-0074,DEPOSIT,GHS,5236756.16,CURRENT,SBL-CUST-003089,DEP.RET.CUR,2001,2018-08-22,,0.003291,FLOATING,,,BR027
DEP-CURRENT_RET-0075,DEPOSIT,GHS,5194864.59,CURRENT,SBL-CUST-011482,DEP.RET.CUR,2001,2019-11-17,,0.002419,FLOATING,,,BR007
DEP-CURRENT_RET-0076,DEPOSIT,GHS,11040365.37,CURRENT,SBL-CUST-009146,DEP.RET.CUR,2001,2023-10-27,,0.002978,FLOATING,,,BR018
DEP-CURRENT_RET-0077,DEPOSIT,GHS,6472173.49,CURRENT,SBL-CUST-012364,DEP.RET.CUR,2001,2020-06-22,,0.000342,FLOATING,,,BR013
DEP-CURRENT_RET-0078,DEPOSIT,GHS,7941800.27,CURRENT,SBL-CUST-003447,DEP.RET.CUR,2001,2022-01-11,,0.00464,FLOATING,,,BR026
DEP-CURRENT_RET-0079,DEPOSIT,GHS,11950476.22,CURRENT,SBL-CUST-014992,DEP.RET.CUR,2001,2022-09-07,,0.002036,FLOATING,,,BR027
DEP-CURRENT_RET-0080,DEPOSIT,GHS,5935188.2,CURRENT,SBL-CUST-006182,DEP.RET.CUR,2001,2022-06-20,,0.00235,FLOATING,,,BR004
DEP-CURRENT_RET-0081,DEPOSIT,GHS,7553079.92,CURRENT,SBL-CUST-002845,DEP.RET.CUR,2001,2021-02-08,,0.001935,FLOATING,,,BR021
DEP-CURRENT_RET-0082,DEPOSIT,GHS,22502158.47,CURRENT,SBL-CUST-010117,DEP.RET.CUR,2001,2021-08-05,,0.000169,FLOATING,,,BR028
DEP-CURRENT_RET-0083,DEPOSIT,GHS,5625145.78,CURRENT,SBL-CUST-008111,DEP.RET.CUR,2001,2018-11-27,,0.003911,FLOATING,,,BR012
DEP-CURRENT_RET-0084,DEPOSIT,GHS,10614080.47,CURRENT,SBL-CUST-012871,DEP.RET.CUR,2001,2022-04-05,,0.004198,FLOATING,,,BR003
DEP-CURRENT_RET-0085,DEPOSIT,GHS,7652703.78,CURRENT,SBL-CUST-010651,DEP.RET.CUR,2001,2025-08-14,,0.003039,FLOATING,,,BR012
DEP-CURRENT_RET-0086,DEPOSIT,GHS,12520512.43,CURRENT,SBL-CUST-006212,DEP.RET.CUR,2001,2025-08-31,,0.001195,FLOATING,,,BR013
DEP-CURRENT_RET-0087,DEPOSIT,GHS,5799942.53,CURRENT,SBL-CUST-003119,DEP.RET.CUR,2001,2021-07-16,,0.003542,FLOATING,,,BR014
DEP-CURRENT_RET-0088,DEPOSIT,GHS,5426146.58,CURRENT,SBL-CUST-005002,DEP.RET.CUR,2001,2020-08-12,,0.004116,FLOATING,,,BR016
DEP-CURRENT_RET-0089,DEPOSIT,GHS,11634070.64,CURRENT,SBL-CUST-005671,DEP.RET.CUR,2001,2021-03-25,,0.00445,FLOATING,,,BR025
DEP-CURRENT_RET-0090,DEPOSIT,GHS,6839965.26,CURRENT,SBL-CUST-009944,DEP.RET.CUR,2001,2019-12-01,,0.004674,FLOATING,,,BR007
DEP-CURRENT_RET-0091,DEPOSIT,GHS,6231425.73,CURRENT,SBL-CUST-002334,DEP.RET.CUR,2001,2020-11-03,,0.001188,FLOATING,,,BR016
DEP-CURRENT_RET-0092,DEPOSIT,GHS,5403153.19,CURRENT,SBL-CUST-007237,DEP.RET.CUR,2001,2021-06-26,,0.004248,FLOATING,,,BR025
DEP-CURRENT_RET-0093,DEPOSIT,GHS,50586758.96,CURRENT,SBL-CUST-001679,DEP.RET.CUR,2001,2025-09-11,,0.00322,FLOATING,,,BR012
DEP-CURRENT_RET-0094,DEPOSIT,GHS,5422444.26,CURRENT,SBL-CUST-010131,DEP.RET.CUR,2001,2024-09-11,,0.000688,FLOATING,,,BR008
DEP-CURRENT_RET-0095,DEPOSIT,GHS,6330543.27,CURRENT,SBL-CUST-010657,DEP.RET.CUR,2001,2026-01-05,,0.001373,FLOATING,,,BR021
DEP-CURRENT_RET-0096,DEPOSIT,GHS,5977019.63,CURRENT,SBL-CUST-014512,DEP.RET.CUR,2001,2025-01-08,,0.003124,FLOATING,,,BR015
DEP-CURRENT_RET-0097,DEPOSIT,GHS,6107414.61,CURRENT,SBL-CUST-011018,DEP.RET.CUR,2001,2024-06-25,,0.002417,FLOATING,,,BR022
DEP-CURRENT_RET-0098,DEPOSIT,GHS,6065795.25,CURRENT,SBL-CUST-013284,DEP.RET.CUR,2001,2020-05-13,,0.001532,FLOATING,,,BR001
DEP-CURRENT_RET-0099,DEPOSIT,GHS,5338883.87,CURRENT,SBL-CUST-001154,DEP.RET.CUR,2001,2018-09-10,,0.000624,FLOATING,,,BR022
DEP-CURRENT_RET-0100,DEPOSIT,GHS,7684880.65,CURRENT,SBL-CUST-012196,DEP.RET.CUR,2001,2020-03-15,,0.000542,FLOATING,,,BR022
DEP-CURRENT_RET-0101,DEPOSIT,GHS,5773308.6,CURRENT,SBL-CUST-008988,DEP.RET.CUR,2001,2024-09-27,,0.003256,FLOATING,,,BR010
DEP-CURRENT_RET-0102,DEPOSIT,GHS,9914042.42,CURRENT,SBL-CUST-002136,DEP.RET.CUR,2001,2025-07-23,,0.002867,FLOATING,,,BR020
DEP-CURRENT_RET-0103,DEPOSIT,GHS,10018218.14,CURRENT,SBL-CUST-007955,DEP.RET.CUR,2001,2024-07-20,,0.003526,FLOATING,,,BR017
DEP-CURRENT_RET-0104,DEPOSIT,GHS,14886640.64,CURRENT,SBL-CUST-008940,DEP.RET.CUR,2001,2022-05-15,,0.004302,FLOATING,,,BR009
DEP-CURRENT_RET-0105,DEPOSIT,GHS,8513074.36,CURRENT,SBL-CUST-012572,DEP.RET.CUR,2001,2021-01-16,,0.004317,FLOATING,,,BR021
DEP-CURRENT_RET-0106,DEPOSIT,GHS,7550094.83,CURRENT,SBL-CUST-011846,DEP.RET.CUR,2001,2021-01-28,,0.001241,FLOATING,,,BR001
DEP-CURRENT_RET-0107,DEPOSIT,GHS,7417149.69,CURRENT,SBL-CUST-014836,DEP.RET.CUR,2001,2021-01-14,,0.002592,FLOATING,,,BR027
DEP-CURRENT_RET-0108,DEPOSIT,GHS,6028704.86,CURRENT,SBL-CUST-010044,DEP.RET.CUR,2001,2022-05-04,,0.001834,FLOATING,,,BR018
DEP-CURRENT_RET-0109,DEPOSIT,GHS,22379025.81,CURRENT,SBL-CUST-001187,DEP.RET.CUR,2001,2025-03-16,,0.00096,FLOATING,,,BR004
DEP-CURRENT_RET-0110,DEPOSIT,GHS,8747728.14,CURRENT,SBL-CUST-007050,DEP.RET.CUR,2001,2019-12-24,,0.000773,FLOATING,,,BR028
DEP-CURRENT_RET-0111,DEPOSIT,GHS,9010108.02,CURRENT,SBL-CUST-001569,DEP.RET.CUR,2001,2019-08-07,,0.004104,FLOATING,,,BR015
DEP-CURRENT_RET-0112,DEPOSIT,GHS,13582900.91,CURRENT,SBL-CUST-007438,DEP.RET.CUR,2001,2022-10-30,,0.004274,FLOATING,,,BR004
DEP-CURRENT_RET-0113,DEPOSIT,GHS,7534575.89,CURRENT,SBL-CUST-005326,DEP.RET.CUR,2001,2018-11-07,,0.002071,FLOATING,,,BR024
DEP-CURRENT_RET-0114,DEPOSIT,GHS,16055816.24,CURRENT,SBL-CUST-008699,DEP.RET.CUR,2001,2025-12-23,,0.002325,FLOATING,,,BR025
DEP-CURRENT_RET-0115,DEPOSIT,GHS,10322823.14,CURRENT,SBL-CUST-005480,DEP.RET.CUR,2001,2023-05-03,,0.001171,FLOATING,,,BR015
DEP-CURRENT_RET-0116,DEPOSIT,GHS,9159822.65,CURRENT,SBL-CUST-005094,DEP.RET.CUR,2001,2022-06-17,,0.004098,FLOATING,,,BR026
DEP-CURRENT_RET-0117,DEPOSIT,GHS,11199985.81,CURRENT,SBL-CUST-010198,DEP.RET.CUR,2001,2024-10-13,,0.004826,FLOATING,,,BR020
DEP-CURRENT_RET-0118,DEPOSIT,GHS,11447376.5,CURRENT,SBL-CUST-004348,DEP.RET.CUR,2001,2020-03-13,,0.000186,FLOATING,,,BR003
DEP-CURRENT_RET-0119,DEPOSIT,GHS,6964364.75,CURRENT,SBL-CUST-009672,DEP.RET.CUR,2001,2024-10-30,,0.000252,FLOATING,,,BR022
DEP-CURRENT_RET-0120,DEPOSIT,GHS,10999500.45,CURRENT,SBL-CUST-010975,DEP.RET.CUR,2001,2023-10-21,,0.000679,FLOATING,,,BR019
DEP-CURRENT_RET-0121,DEPOSIT,GHS,10208573.24,CURRENT,SBL-CUST-009574,DEP.RET.CUR,2001,2020-07-16,,0.003603,FLOATING,,,BR015
DEP-CURRENT_RET-0122,DEPOSIT,GHS,6334189.32,CURRENT,SBL-CUST-002071,DEP.RET.CUR,2001,2025-07-06,,0.00405,FLOATING,,,BR006
DEP-CURRENT_RET-0123,DEPOSIT,GHS,6446371.06,CURRENT,SBL-CUST-013712,DEP.RET.CUR,2001,2023-06-18,,0.00469,FLOATING,,,BR004
DEP-CURRENT_RET-0124,DEPOSIT,GHS,5418735.45,CURRENT,SBL-CUST-006681,DEP.RET.CUR,2001,2020-04-27,,0.003855,FLOATING,,,BR024
DEP-CURRENT_RET-0125,DEPOSIT,GHS,5633573.77,CURRENT,SBL-CUST-009203,DEP.RET.CUR,2001,2024-02-18,,0.000393,FLOATING,,,BR022
DEP-CURRENT_RET-0126,DEPOSIT,GHS,7918375.56,CURRENT,SBL-CUST-003355,DEP.RET.CUR,2001,2022-02-20,,0.000683,FLOATING,,,BR002
DEP-CURRENT_RET-0127,DEPOSIT,GHS,6542252.98,CURRENT,SBL-CUST-000890,DEP.RET.CUR,2001,2021-12-30,,0.002282,FLOATING,,,BR023
DEP-CURRENT_RET-0128,DEPOSIT,GHS,6500530.61,CURRENT,SBL-CUST-001715,DEP.RET.CUR,2001,2018-08-28,,0.004175,FLOATING,,,BR026
DEP-CURRENT_RET-0129,DEPOSIT,GHS,8969995.67,CURRENT,SBL-CUST-002695,DEP.RET.CUR,2001,2020-04-21,,0.00125,FLOATING,,,BR025
DEP-CURRENT_RET-0130,DEPOSIT,GHS,55769387.53,CURRENT,SBL-CUST-011840,DEP.RET.CUR,2001,2019-10-31,,0.003098,FLOATING,,,BR013
DEP-CURRENT_RET-0131,DEPOSIT,GHS,6526767.9,CURRENT,SBL-CUST-000575,DEP.RET.CUR,2001,2024-02-17,,0.004512,FLOATING,,,BR028
DEP-CURRENT_RET-0132,DEPOSIT,GHS,18619168.22,CURRENT,SBL-CUST-001284,DEP.RET.CUR,2001,2019-12-28,,0.004257,FLOATING,,,BR022
DEP-CURRENT_RET-0133,DEPOSIT,GHS,5671219.02,CURRENT,SBL-CUST-002072,DEP.RET.CUR,2001,2022-05-17,,0.000608,FLOATING,,,BR009
DEP-CURRENT_RET-0134,DEPOSIT,GHS,6422279.17,CURRENT,SBL-CUST-006896,DEP.RET.CUR,2001,2021-01-04,,0.003265,FLOATING,,,BR021
DEP-CURRENT_RET-0135,DEPOSIT,GHS,17645216.31,CURRENT,SBL-CUST-014790,DEP.RET.CUR,2001,2022-02-02,,0.004163,FLOATING,,,BR024
DEP-CURRENT_RET-0136,DEPOSIT,GHS,6096750.42,CURRENT,SBL-CUST-013898,DEP.RET.CUR,2001,2020-07-30,,0.001789,FLOATING,,,BR010
DEP-CURRENT_RET-0137,DEPOSIT,GHS,6564422.03,CURRENT,SBL-CUST-005496,DEP.RET.CUR,2001,2022-12-19,,0.001796,FLOATING,,,BR020
DEP-CURRENT_RET-0138,DEPOSIT,GHS,8999321.03,CURRENT,SBL-CUST-007337,DEP.RET.CUR,2001,2023-09-08,,0.004653,FLOATING,,,BR013
DEP-CURRENT_RET-0139,DEPOSIT,GHS,8358923.84,CURRENT,SBL-CUST-001238,DEP.RET.CUR,2001,2025-12-17,,0.000548,FLOATING,,,BR020
DEP-CURRENT_RET-0140,DEPOSIT,GHS,8805808.02,CURRENT,SBL-CUST-000628,DEP.RET.CUR,2001,2019-12-07,,0.003391,FLOATING,,,BR024
DEP-CURRENT_RET-0141,DEPOSIT,GHS,13718442.36,CURRENT,SBL-CUST-013584,DEP.RET.CUR,2001,2023-09-26,,0.002482,FLOATING,,,BR011
DEP-CURRENT_RET-0142,DEPOSIT,GHS,5215898.43,CURRENT,SBL-CUST-005292,DEP.RET.CUR,2001,2024-12-03,,0.002192,FLOATING,,,BR016
DEP-CURRENT_RET-0143,DEPOSIT,GHS,18610093.01,CURRENT,SBL-CUST-014602,DEP.RET.CUR,2001,2019-07-07,,0.004354,FLOATING,,,BR004
DEP-CURRENT_RET-0144,DEPOSIT,GHS,8417266.24,CURRENT,SBL-CUST-006667,DEP.RET.CUR,2001,2019-03-13,,0.004965,FLOATING,,,BR027
DEP-CURRENT_RET-0145,DEPOSIT,GHS,5304378.45,CURRENT,SBL-CUST-008332,DEP.RET.CUR,2001,2024-03-15,,0.00231,FLOATING,,,BR011
DEP-CURRENT_RET-0146,DEPOSIT,GHS,8600101.93,CURRENT,SBL-CUST-000408,DEP.RET.CUR,2001,2025-03-09,,0.002969,FLOATING,,,BR014
DEP-CURRENT_RET-0147,DEPOSIT,GHS,35753960.81,CURRENT,SBL-CUST-004421,DEP.RET.CUR,2001,2023-12-20,,0.001813,FLOATING,,,BR001
DEP-CURRENT_RET-0148,DEPOSIT,GHS,43183831.81,CURRENT,SBL-CUST-007166,DEP.RET.CUR,2001,2018-11-18,,0.003892,FLOATING,,,BR005
DEP-CURRENT_RET-0149,DEPOSIT,GHS,8595562.68,CURRENT,SBL-CUST-006056,DEP.RET.CUR,2001,2025-12-12,,0.001885,FLOATING,,,BR001
DEP-CURRENT_RET-0150,DEPOSIT,GHS,12075940.19,CURRENT,SBL-CUST-011977,DEP.RET.CUR,2001,2019-10-31,,0.004781,FLOATING,,,BR009
DEP-CURRENT_CORP-0001,DEPOSIT,GHS,15424969.8,CURRENT,SBL-CUST-003202,DEP.CORP.CUR,2004,2019-11-28,,0.004661,FLOATING,,,BR001
DEP-CURRENT_CORP-0002,DEPOSIT,GHS,14444726.68,CURRENT,SBL-CUST-004754,DEP.CORP.CUR,2004,2023-12-17,,0.007265,FLOATING,,,BR026
DEP-CURRENT_CORP-0003,DEPOSIT,GHS,7321973.97,CURRENT,SBL-CUST-004305,DEP.CORP.CUR,2004,2025-06-24,,0.004684,FLOATING,,,BR003
DEP-CURRENT_CORP-0004,DEPOSIT,GHS,9997731.72,CURRENT,SBL-CUST-013176,DEP.CORP.CUR,2004,2023-12-25,,0.003617,FLOATING,,,BR023
DEP-CURRENT_CORP-0005,DEPOSIT,GHS,10998192.54,CURRENT,SBL-CUST-006491,DEP.CORP.CUR,2004,2019-02-26,,0.007366,FLOATING,,,BR009
DEP-CURRENT_CORP-0006,DEPOSIT,GHS,13754426.61,CURRENT,SBL-CUST-003518,DEP.CORP.CUR,2004,2023-09-23,,0.004585,FLOATING,,,BR009
DEP-CURRENT_CORP-0007,DEPOSIT,GHS,7288325.7,CURRENT,SBL-CUST-014069,DEP.CORP.CUR,2004,2022-05-13,,0.007502,FLOATING,,,BR028
DEP-CURRENT_CORP-0008,DEPOSIT,GHS,30380483.77,CURRENT,SBL-CUST-005294,DEP.CORP.CUR,2004,2021-03-27,,0.003914,FLOATING,,,BR010
DEP-CURRENT_CORP-0009,DEPOSIT,GHS,22126902.95,CURRENT,SBL-CUST-010899,DEP.CORP.CUR,2004,2023-02-09,,0.003075,FLOATING,,,BR015
DEP-CURRENT_CORP-0010,DEPOSIT,GHS,6749036.33,CURRENT,SBL-CUST-009535,DEP.CORP.CUR,2004,2018-10-06,,0.007283,FLOATING,,,BR026
DEP-CURRENT_CORP-0011,DEPOSIT,GHS,15320821.91,CURRENT,SBL-CUST-011168,DEP.CORP.CUR,2004,2025-11-21,,0.004782,FLOATING,,,BR025
DEP-CURRENT_CORP-0012,DEPOSIT,GHS,44598424.96,CURRENT,SBL-CUST-008628,DEP.CORP.CUR,2004,2021-10-11,,0.005703,FLOATING,,,BR006
DEP-CURRENT_CORP-0013,DEPOSIT,GHS,6856141.76,CURRENT,SBL-CUST-001075,DEP.CORP.CUR,2004,2021-02-21,,0.000842,FLOATING,,,BR025
DEP-CURRENT_CORP-0014,DEPOSIT,GHS,19967066.83,CURRENT,SBL-CUST-012917,DEP.CORP.CUR,2004,2022-09-24,,0.001829,FLOATING,,,BR003
DEP-CURRENT_CORP-0015,DEPOSIT,GHS,7552777.29,CURRENT,SBL-CUST-004440,DEP.CORP.CUR,2004,2023-01-11,,0.001333,FLOATING,,,BR010
DEP-CURRENT_CORP-0016,DEPOSIT,GHS,8039368.75,CURRENT,SBL-CUST-002484,DEP.CORP.CUR,2004,2024-11-28,,0.006657,FLOATING,,,BR013
DEP-CURRENT_CORP-0017,DEPOSIT,GHS,10152269.39,CURRENT,SBL-CUST-009748,DEP.CORP.CUR,2004,2025-06-22,,0.004892,FLOATING,,,BR017
DEP-CURRENT_CORP-0018,DEPOSIT,GHS,7796078.0,CURRENT,SBL-CUST-011520,DEP.CORP.CUR,2004,2021-03-05,,0.005927,FLOATING,,,BR017
DEP-CURRENT_CORP-0019,DEPOSIT,GHS,7209881.2,CURRENT,SBL-CUST-003834,DEP.CORP.CUR,2004,2024-07-06,,0.00412,FLOATING,,,BR006
DEP-CURRENT_CORP-0020,DEPOSIT,GHS,62576335.96,CURRENT,SBL-CUST-010564,DEP.CORP.CUR,2004,2025-06-24,,0.007244,FLOATING,,,BR002
DEP-CURRENT_CORP-0021,DEPOSIT,GHS,8151908.47,CURRENT,SBL-CUST-013365,DEP.CORP.CUR,2004,2024-10-18,,0.006266,FLOATING,,,BR018
DEP-CURRENT_CORP-0022,DEPOSIT,GHS,8894224.2,CURRENT,SBL-CUST-003830,DEP.CORP.CUR,2004,2020-05-25,,0.002963,FLOATING,,,BR024
DEP-CURRENT_CORP-0023,DEPOSIT,GHS,10497879.27,CURRENT,SBL-CUST-013193,DEP.CORP.CUR,2004,2024-08-17,,0.006773,FLOATING,,,BR022
DEP-CURRENT_CORP-0024,DEPOSIT,GHS,11116744.61,CURRENT,SBL-CUST-010162,DEP.CORP.CUR,2004,2019-06-18,,0.005963,FLOATING,,,BR024
DEP-CURRENT_CORP-0025,DEPOSIT,GHS,10003306.33,CURRENT,SBL-CUST-007906,DEP.CORP.CUR,2004,2025-03-06,,0.001867,FLOATING,,,BR009
DEP-CURRENT_CORP-0026,DEPOSIT,GHS,41064029.11,CURRENT,SBL-CUST-005811,DEP.CORP.CUR,2004,2019-02-14,,0.000931,FLOATING,,,BR021
DEP-CURRENT_CORP-0027,DEPOSIT,GHS,6723019.57,CURRENT,SBL-CUST-013827,DEP.CORP.CUR,2004,2024-11-01,,0.002543,FLOATING,,,BR024
DEP-CURRENT_CORP-0028,DEPOSIT,GHS,10431280.21,CURRENT,SBL-CUST-003929,DEP.CORP.CUR,2004,2025-06-06,,0.006004,FLOATING,,,BR027
DEP-CURRENT_CORP-0029,DEPOSIT,GHS,18267420.9,CURRENT,SBL-CUST-007306,DEP.CORP.CUR,2004,2025-11-15,,0.003407,FLOATING,,,BR018
DEP-CURRENT_CORP-0030,DEPOSIT,GHS,14043556.26,CURRENT,SBL-CUST-010261,DEP.CORP.CUR,2004,2019-09-15,,0.001113,FLOATING,,,BR010
DEP-CURRENT_CORP-0031,DEPOSIT,GHS,7161529.73,CURRENT,SBL-CUST-008025,DEP.CORP.CUR,2004,2020-07-10,,0.002157,FLOATING,,,BR023
DEP-CURRENT_CORP-0032,DEPOSIT,GHS,11387423.73,CURRENT,SBL-CUST-003278,DEP.CORP.CUR,2004,2021-08-05,,0.007705,FLOATING,,,BR024
DEP-CURRENT_CORP-0033,DEPOSIT,GHS,8190876.7,CURRENT,SBL-CUST-013557,DEP.CORP.CUR,2004,2018-10-31,,0.005628,FLOATING,,,BR006
DEP-CURRENT_CORP-0034,DEPOSIT,GHS,7826498.34,CURRENT,SBL-CUST-001852,DEP.CORP.CUR,2004,2018-09-19,,0.003751,FLOATING,,,BR015
DEP-CURRENT_CORP-0035,DEPOSIT,GHS,8942995.82,CURRENT,SBL-CUST-013336,DEP.CORP.CUR,2004,2024-10-22,,0.006637,FLOATING,,,BR011
DEP-CURRENT_CORP-0036,DEPOSIT,GHS,7832459.97,CURRENT,SBL-CUST-009074,DEP.CORP.CUR,2004,2025-01-10,,0.003739,FLOATING,,,BR003
DEP-CURRENT_CORP-0037,DEPOSIT,GHS,7079441.77,CURRENT,SBL-CUST-010108,DEP.CORP.CUR,2004,2024-12-31,,0.002783,FLOATING,,,BR026
DEP-CURRENT_CORP-0038,DEPOSIT,GHS,6611317.44,CURRENT,SBL-CUST-005380,DEP.CORP.CUR,2004,2020-02-28,,0.000725,FLOATING,,,BR015
DEP-CURRENT_CORP-0039,DEPOSIT,GHS,9475458.14,CURRENT,SBL-CUST-008597,DEP.CORP.CUR,2004,2021-12-24,,0.000703,FLOATING,,,BR006
DEP-CURRENT_CORP-0040,DEPOSIT,GHS,21836123.05,CURRENT,SBL-CUST-000010,DEP.CORP.CUR,2004,2022-02-17,,0.005513,FLOATING,,,BR009
DEP-CURRENT_CORP-0041,DEPOSIT,GHS,6729267.91,CURRENT,SBL-CUST-005567,DEP.CORP.CUR,2004,2021-03-10,,0.002849,FLOATING,,,BR026
DEP-CURRENT_CORP-0042,DEPOSIT,GHS,6707981.46,CURRENT,SBL-CUST-008163,DEP.CORP.CUR,2004,2025-07-21,,0.005731,FLOATING,,,BR020
DEP-CURRENT_CORP-0043,DEPOSIT,GHS,11111635.95,CURRENT,SBL-CUST-013046,DEP.CORP.CUR,2004,2023-05-18,,0.006158,FLOATING,,,BR021
DEP-CURRENT_CORP-0044,DEPOSIT,GHS,17713351.32,CURRENT,SBL-CUST-012283,DEP.CORP.CUR,2004,2024-02-02,,0.004432,FLOATING,,,BR015
DEP-CURRENT_CORP-0045,DEPOSIT,GHS,8906173.47,CURRENT,SBL-CUST-005262,DEP.CORP.CUR,2004,2021-12-26,,0.006794,FLOATING,,,BR018
DEP-CURRENT_CORP-0046,DEPOSIT,GHS,19736010.86,CURRENT,SBL-CUST-005977,DEP.CORP.CUR,2004,2022-05-03,,0.00504,FLOATING,,,BR016
DEP-CURRENT_CORP-0047,DEPOSIT,GHS,7791238.31,CURRENT,SBL-CUST-009532,DEP.CORP.CUR,2004,2020-10-11,,0.006982,FLOATING,,,BR017
DEP-CURRENT_CORP-0048,DEPOSIT,GHS,7391858.89,CURRENT,SBL-CUST-009904,DEP.CORP.CUR,2004,2019-08-10,,0.007661,FLOATING,,,BR007
DEP-CURRENT_CORP-0049,DEPOSIT,GHS,9236631.95,CURRENT,SBL-CUST-004885,DEP.CORP.CUR,2004,2020-01-30,,0.002125,FLOATING,,,BR003
DEP-CURRENT_CORP-0050,DEPOSIT,GHS,8343559.33,CURRENT,SBL-CUST-009562,DEP.CORP.CUR,2004,2020-11-17,,0.007253,FLOATING,,,BR009
DEP-CURRENT_CORP-0051,DEPOSIT,GHS,9264083.1,CURRENT,SBL-CUST-008533,DEP.CORP.CUR,2004,2023-01-07,,0.003983,FLOATING,,,BR006
DEP-CURRENT_CORP-0052,DEPOSIT,GHS,7018481.62,CURRENT,SBL-CUST-008351,DEP.CORP.CUR,2004,2024-03-11,,0.007029,FLOATING,,,BR011
DEP-CURRENT_CORP-0053,DEPOSIT,GHS,30537344.23,CURRENT,SBL-CUST-010115,DEP.CORP.CUR,2004,2023-12-16,,0.00626,FLOATING,,,BR004
DEP-CURRENT_CORP-0054,DEPOSIT,GHS,10886957.73,CURRENT,SBL-CUST-009368,DEP.CORP.CUR,2004,2019-08-02,,0.005138,FLOATING,,,BR017
DEP-CURRENT_CORP-0055,DEPOSIT,GHS,7984866.07,CURRENT,SBL-CUST-001863,DEP.CORP.CUR,2004,2024-04-26,,0.007181,FLOATING,,,BR022
DEP-CURRENT_CORP-0056,DEPOSIT,GHS,63197837.18,CURRENT,SBL-CUST-000507,DEP.CORP.CUR,2004,2026-03-02,,0.007669,FLOATING,,,BR028
DEP-CURRENT_CORP-0057,DEPOSIT,GHS,10422262.56,CURRENT,SBL-CUST-003608,DEP.CORP.CUR,2004,2021-06-09,,0.00659,FLOATING,,,BR024
DEP-CURRENT_CORP-0058,DEPOSIT,GHS,10196228.39,CURRENT,SBL-CUST-010184,DEP.CORP.CUR,2004,2020-10-02,,0.00312,FLOATING,,,BR019
DEP-CURRENT_CORP-0059,DEPOSIT,GHS,15276454.7,CURRENT,SBL-CUST-011525,DEP.CORP.CUR,2004,2020-09-06,,0.000153,FLOATING,,,BR005
DEP-CURRENT_CORP-0060,DEPOSIT,GHS,13331467.14,CURRENT,SBL-CUST-006679,DEP.CORP.CUR,2004,2021-03-14,,0.005821,FLOATING,,,BR016
DEP-CURRENT_CORP-0061,DEPOSIT,GHS,10776058.81,CURRENT,SBL-CUST-011352,DEP.CORP.CUR,2004,2026-05-13,,0.005426,FLOATING,,,BR019
DEP-CURRENT_CORP-0062,DEPOSIT,GHS,6982834.02,CURRENT,SBL-CUST-004238,DEP.CORP.CUR,2004,2023-12-27,,0.0038,FLOATING,,,BR020
DEP-CURRENT_CORP-0063,DEPOSIT,GHS,10603392.19,CURRENT,SBL-CUST-004139,DEP.CORP.CUR,2004,2022-03-31,,0.004489,FLOATING,,,BR011
DEP-CURRENT_CORP-0064,DEPOSIT,GHS,6653354.94,CURRENT,SBL-CUST-011285,DEP.CORP.CUR,2004,2022-06-22,,0.005989,FLOATING,,,BR008
DEP-CURRENT_CORP-0065,DEPOSIT,GHS,11329468.04,CURRENT,SBL-CUST-005528,DEP.CORP.CUR,2004,2022-04-17,,0.007978,FLOATING,,,BR002
DEP-CURRENT_CORP-0066,DEPOSIT,GHS,7110822.6,CURRENT,SBL-CUST-007674,DEP.CORP.CUR,2004,2021-10-26,,0.005385,FLOATING,,,BR009
DEP-CURRENT_CORP-0067,DEPOSIT,GHS,7682700.7,CURRENT,SBL-CUST-007820,DEP.CORP.CUR,2004,2021-08-23,,0.003881,FLOATING,,,BR016
DEP-CURRENT_CORP-0068,DEPOSIT,GHS,9082948.36,CURRENT,SBL-CUST-009751,DEP.CORP.CUR,2004,2020-03-25,,0.005287,FLOATING,,,BR001
DEP-CURRENT_CORP-0069,DEPOSIT,GHS,10334182.72,CURRENT,SBL-CUST-003987,DEP.CORP.CUR,2004,2022-09-18,,0.00619,FLOATING,,,BR011
DEP-CURRENT_CORP-0070,DEPOSIT,GHS,63956985.85,CURRENT,SBL-CUST-009097,DEP.CORP.CUR,2004,2020-03-07,,0.003068,FLOATING,,,BR008
DEP-CURRENT_CORP-0071,DEPOSIT,GHS,8698915.55,CURRENT,SBL-CUST-008979,DEP.CORP.CUR,2004,2023-01-19,,0.005787,FLOATING,,,BR024
DEP-CURRENT_CORP-0072,DEPOSIT,GHS,7815428.06,CURRENT,SBL-CUST-006976,DEP.CORP.CUR,2004,2024-02-17,,0.001356,FLOATING,,,BR011
DEP-CURRENT_CORP-0073,DEPOSIT,GHS,54064286.5,CURRENT,SBL-CUST-009676,DEP.CORP.CUR,2004,2021-10-12,,0.004537,FLOATING,,,BR015
DEP-CURRENT_CORP-0074,DEPOSIT,GHS,17120419.31,CURRENT,SBL-CUST-008654,DEP.CORP.CUR,2004,2021-03-08,,0.00053,FLOATING,,,BR001
DEP-CURRENT_CORP-0075,DEPOSIT,GHS,23011119.16,CURRENT,SBL-CUST-007227,DEP.CORP.CUR,2004,2024-12-07,,0.003316,FLOATING,,,BR010
DEP-CURRENT_CORP-0076,DEPOSIT,GHS,7277023.53,CURRENT,SBL-CUST-009847,DEP.CORP.CUR,2004,2020-11-22,,0.004747,FLOATING,,,BR025
DEP-CURRENT_CORP-0077,DEPOSIT,GHS,72272558.5,CURRENT,SBL-CUST-002564,DEP.CORP.CUR,2004,2026-01-23,,0.005415,FLOATING,,,BR005
DEP-CURRENT_CORP-0078,DEPOSIT,GHS,15382850.68,CURRENT,SBL-CUST-013851,DEP.CORP.CUR,2004,2019-09-12,,0.006216,FLOATING,,,BR004
DEP-CURRENT_CORP-0079,DEPOSIT,GHS,14541843.8,CURRENT,SBL-CUST-006892,DEP.CORP.CUR,2004,2025-08-06,,0.001874,FLOATING,,,BR025
DEP-CURRENT_CORP-0080,DEPOSIT,GHS,10709474.02,CURRENT,SBL-CUST-002712,DEP.CORP.CUR,2004,2018-09-20,,0.00092,FLOATING,,,BR026
DEP-CURRENT_CORP-0081,DEPOSIT,GHS,16143543.96,CURRENT,SBL-CUST-013455,DEP.CORP.CUR,2004,2024-01-29,,0.000814,FLOATING,,,BR009
DEP-CURRENT_CORP-0082,DEPOSIT,GHS,12502641.15,CURRENT,SBL-CUST-007828,DEP.CORP.CUR,2004,2019-10-04,,0.005447,FLOATING,,,BR013
DEP-CURRENT_CORP-0083,DEPOSIT,GHS,8415730.52,CURRENT,SBL-CUST-011419,DEP.CORP.CUR,2004,2021-11-15,,0.001457,FLOATING,,,BR009
DEP-CURRENT_CORP-0084,DEPOSIT,GHS,12311741.55,CURRENT,SBL-CUST-007983,DEP.CORP.CUR,2004,2023-03-18,,8e-06,FLOATING,,,BR019
DEP-CURRENT_CORP-0085,DEPOSIT,GHS,7047788.46,CURRENT,SBL-CUST-011849,DEP.CORP.CUR,2004,2019-07-18,,0.005287,FLOATING,,,BR023
DEP-CURRENT_CORP-0086,DEPOSIT,GHS,6712628.93,CURRENT,SBL-CUST-007270,DEP.CORP.CUR,2004,2020-10-29,,0.000946,FLOATING,,,BR026
DEP-CURRENT_CORP-0087,DEPOSIT,GHS,12975056.68,CURRENT,SBL-CUST-001107,DEP.CORP.CUR,2004,2024-06-07,,0.001928,FLOATING,,,BR008
DEP-CURRENT_CORP-0088,DEPOSIT,GHS,6665255.29,CURRENT,SBL-CUST-013571,DEP.CORP.CUR,2004,2020-01-22,,0.006349,FLOATING,,,BR023
DEP-CURRENT_CORP-0089,DEPOSIT,GHS,22289430.51,CURRENT,SBL-CUST-001114,DEP.CORP.CUR,2004,2022-07-28,,0.001678,FLOATING,,,BR018
DEP-CURRENT_CORP-0090,DEPOSIT,GHS,7342547.15,CURRENT,SBL-CUST-009782,DEP.CORP.CUR,2004,2022-01-30,,0.003005,FLOATING,,,BR028
DEP-CALL-0001,DEPOSIT,GHS,7699133.35,CALL,SBL-CUST-002109,DEP.CORP.CALL,2004,2018-09-28,,0.031651,FLOATING,,,BR021
DEP-CALL-0002,DEPOSIT,GHS,25259562.51,CALL,SBL-CUST-008150,DEP.CORP.CALL,2004,2024-07-24,,0.045268,FLOATING,,,BR023
DEP-CALL-0003,DEPOSIT,GHS,19055134.83,CALL,SBL-CUST-003247,DEP.CORP.CALL,2004,2019-02-04,,0.051581,FLOATING,,,BR004
DEP-CALL-0004,DEPOSIT,GHS,6283894.58,CALL,SBL-CUST-006382,DEP.CORP.CALL,2004,2022-11-18,,0.059114,FLOATING,,,BR017
DEP-CALL-0005,DEPOSIT,GHS,25999645.37,CALL,SBL-CUST-004250,DEP.CORP.CALL,2004,2021-11-08,,0.035878,FLOATING,,,BR018
DEP-CALL-0006,DEPOSIT,GHS,4906972.3,CALL,SBL-CUST-011428,DEP.CORP.CALL,2004,2021-10-01,,0.034082,FLOATING,,,BR021
DEP-CALL-0007,DEPOSIT,GHS,15295360.29,CALL,SBL-CUST-004908,DEP.CORP.CALL,2004,2025-12-25,,0.05373,FLOATING,,,BR021
DEP-CALL-0008,DEPOSIT,GHS,5525265.62,CALL,SBL-CUST-001909,DEP.CORP.CALL,2004,2026-04-29,,0.049393,FLOATING,,,BR020
DEP-CALL-0009,DEPOSIT,GHS,5536903.54,CALL,SBL-CUST-000949,DEP.CORP.CALL,2004,2022-09-13,,0.059367,FLOATING,,,BR017
DEP-CALL-0010,DEPOSIT,GHS,6841163.59,CALL,SBL-CUST-010181,DEP.CORP.CALL,2004,2026-01-28,,0.032531,FLOATING,,,BR001
DEP-CALL-0011,DEPOSIT,GHS,5731899.0,CALL,SBL-CUST-007803,DEP.CORP.CALL,2004,2025-09-19,,0.030126,FLOATING,,,BR025
DEP-CALL-0012,DEPOSIT,GHS,5725118.54,CALL,SBL-CUST-001537,DEP.CORP.CALL,2004,2019-04-26,,0.056955,FLOATING,,,BR018
DEP-CALL-0013,DEPOSIT,GHS,12404718.38,CALL,SBL-CUST-004427,DEP.CORP.CALL,2004,2019-11-02,,0.025942,FLOATING,,,BR005
DEP-CALL-0014,DEPOSIT,GHS,7084810.77,CALL,SBL-CUST-013045,DEP.CORP.CALL,2004,2022-10-08,,0.027017,FLOATING,,,BR023
DEP-CALL-0015,DEPOSIT,GHS,7041800.13,CALL,SBL-CUST-000315,DEP.CORP.CALL,2004,2021-02-06,,0.031929,FLOATING,,,BR005
DEP-CALL-0016,DEPOSIT,GHS,13403380.35,CALL,SBL-CUST-007992,DEP.CORP.CALL,2004,2024-02-01,,0.029558,FLOATING,,,BR020
DEP-CALL-0017,DEPOSIT,GHS,14651493.56,CALL,SBL-CUST-010427,DEP.CORP.CALL,2004,2023-12-20,,0.042945,FLOATING,,,BR011
DEP-CALL-0018,DEPOSIT,GHS,57200464.49,CALL,SBL-CUST-013633,DEP.CORP.CALL,2004,2025-10-26,,0.034229,FLOATING,,,BR011
DEP-CALL-0019,DEPOSIT,GHS,5805250.48,CALL,SBL-CUST-001810,DEP.CORP.CALL,2004,2019-09-01,,0.029557,FLOATING,,,BR008
DEP-CALL-0020,DEPOSIT,GHS,5096204.82,CALL,SBL-CUST-014462,DEP.CORP.CALL,2004,2025-10-18,,0.053979,FLOATING,,,BR010
DEP-CALL-0021,DEPOSIT,GHS,34509103.8,CALL,SBL-CUST-001709,DEP.CORP.CALL,2004,2023-02-21,,0.044692,FLOATING,,,BR024
DEP-CALL-0022,DEPOSIT,GHS,6470078.81,CALL,SBL-CUST-001932,DEP.CORP.CALL,2004,2024-06-18,,0.032843,FLOATING,,,BR005
DEP-CALL-0023,DEPOSIT,GHS,6837886.29,CALL,SBL-CUST-014563,DEP.CORP.CALL,2004,2024-03-27,,0.057803,FLOATING,,,BR019
DEP-CALL-0024,DEPOSIT,GHS,10876142.78,CALL,SBL-CUST-012598,DEP.CORP.CALL,2004,2021-10-18,,0.038191,FLOATING,,,BR016
DEP-CALL-0025,DEPOSIT,GHS,8751502.36,CALL,SBL-CUST-011400,DEP.CORP.CALL,2004,2019-04-28,,0.05403,FLOATING,,,BR016
DEP-CALL-0026,DEPOSIT,GHS,11384055.47,CALL,SBL-CUST-011736,DEP.CORP.CALL,2004,2024-09-15,,0.034695,FLOATING,,,BR027
DEP-CALL-0027,DEPOSIT,GHS,5212534.79,CALL,SBL-CUST-004875,DEP.CORP.CALL,2004,2019-02-27,,0.038794,FLOATING,,,BR005
DEP-CALL-0028,DEPOSIT,GHS,5387168.69,CALL,SBL-CUST-007808,DEP.CORP.CALL,2004,2022-05-06,,0.027814,FLOATING,,,BR022
DEP-CALL-0029,DEPOSIT,GHS,7481311.94,CALL,SBL-CUST-014389,DEP.CORP.CALL,2004,2018-09-25,,0.048767,FLOATING,,,BR018
DEP-CALL-0030,DEPOSIT,GHS,4606751.51,CALL,SBL-CUST-012833,DEP.CORP.CALL,2004,2022-06-06,,0.051957,FLOATING,,,BR005
DEP-CALL-0031,DEPOSIT,GHS,6972055.39,CALL,SBL-CUST-005036,DEP.CORP.CALL,2004,2025-03-05,,0.04541,FLOATING,,,BR011
DEP-CALL-0032,DEPOSIT,GHS,16418835.11,CALL,SBL-CUST-012101,DEP.CORP.CALL,2004,2021-06-12,,0.032969,FLOATING,,,BR002
DEP-CALL-0033,DEPOSIT,GHS,6215427.7,CALL,SBL-CUST-003740,DEP.CORP.CALL,2004,2023-01-25,,0.032667,FLOATING,,,BR013
DEP-CALL-0034,DEPOSIT,GHS,7920573.29,CALL,SBL-CUST-006442,DEP.CORP.CALL,2004,2019-05-08,,0.056284,FLOATING,,,BR009
DEP-CALL-0035,DEPOSIT,GHS,27278167.07,CALL,SBL-CUST-001841,DEP.CORP.CALL,2004,2020-01-24,,0.05701,FLOATING,,,BR022
DEP-CALL-0036,DEPOSIT,GHS,6980412.84,CALL,SBL-CUST-006469,DEP.CORP.CALL,2004,2022-11-14,,0.033442,FLOATING,,,BR006
DEP-CALL-0037,DEPOSIT,GHS,4532027.18,CALL,SBL-CUST-008911,DEP.CORP.CALL,2004,2020-02-29,,0.055367,FLOATING,,,BR003
DEP-CALL-0038,DEPOSIT,GHS,11435776.93,CALL,SBL-CUST-014689,DEP.CORP.CALL,2004,2024-12-18,,0.05431,FLOATING,,,BR014
DEP-CALL-0039,DEPOSIT,GHS,6375577.26,CALL,SBL-CUST-001946,DEP.CORP.CALL,2004,2020-06-20,,0.030572,FLOATING,,,BR014
DEP-CALL-0040,DEPOSIT,GHS,47426657.14,CALL,SBL-CUST-003242,DEP.CORP.CALL,2004,2025-12-23,,0.057133,FLOATING,,,BR009
DEP-CALL-0041,DEPOSIT,GHS,4440953.23,CALL,SBL-CUST-002973,DEP.CORP.CALL,2004,2022-09-11,,0.026461,FLOATING,,,BR025
DEP-CALL-0042,DEPOSIT,GHS,4934889.31,CALL,SBL-CUST-006284,DEP.CORP.CALL,2004,2021-08-08,,0.032347,FLOATING,,,BR010
DEP-CALL-0043,DEPOSIT,GHS,4487711.0,CALL,SBL-CUST-011356,DEP.CORP.CALL,2004,2022-02-19,,0.031855,FLOATING,,,BR021
DEP-CALL-0044,DEPOSIT,GHS,11874951.17,CALL,SBL-CUST-003454,DEP.CORP.CALL,2004,2025-09-10,,0.034149,FLOATING,,,BR006
DEP-CALL-0045,DEPOSIT,GHS,6378180.27,CALL,SBL-CUST-005872,DEP.CORP.CALL,2004,2024-02-11,,0.030613,FLOATING,,,BR017
DEP-CALL-0046,DEPOSIT,GHS,5014503.09,CALL,SBL-CUST-001707,DEP.CORP.CALL,2004,2020-03-25,,0.028377,FLOATING,,,BR011
DEP-CALL-0047,DEPOSIT,GHS,22269504.31,CALL,SBL-CUST-004342,DEP.CORP.CALL,2004,2024-06-04,,0.043347,FLOATING,,,BR019
DEP-CALL-0048,DEPOSIT,GHS,65090447.4,CALL,SBL-CUST-013036,DEP.CORP.CALL,2004,2024-01-05,,0.04542,FLOATING,,,BR005
DEP-CALL-0049,DEPOSIT,GHS,5035965.15,CALL,SBL-CUST-010405,DEP.CORP.CALL,2004,2021-04-01,,0.053545,FLOATING,,,BR006
DEP-CALL-0050,DEPOSIT,GHS,6660087.57,CALL,SBL-CUST-001637,DEP.CORP.CALL,2004,2024-03-09,,0.054284,FLOATING,,,BR017
DEP-CALL-0051,DEPOSIT,GHS,10059955.03,CALL,SBL-CUST-012928,DEP.CORP.CALL,2004,2021-06-16,,0.033911,FLOATING,,,BR011
DEP-CALL-0052,DEPOSIT,GHS,24242206.65,CALL,SBL-CUST-000179,DEP.CORP.CALL,2004,2024-08-17,,0.040483,FLOATING,,,BR008
DEP-CALL-0053,DEPOSIT,GHS,4876756.18,CALL,SBL-CUST-008652,DEP.CORP.CALL,2004,2026-04-29,,0.059589,FLOATING,,,BR022
DEP-CALL-0054,DEPOSIT,GHS,7827021.78,CALL,SBL-CUST-002839,DEP.CORP.CALL,2004,2025-08-11,,0.057785,FLOATING,,,BR008
DEP-CALL-0055,DEPOSIT,GHS,4765280.8,CALL,SBL-CUST-011633,DEP.CORP.CALL,2004,2024-02-02,,0.042949,FLOATING,,,BR028
DEP-CALL-0056,DEPOSIT,GHS,7565393.28,CALL,SBL-CUST-002798,DEP.CORP.CALL,2004,2023-03-22,,0.046847,FLOATING,,,BR001
DEP-CALL-0057,DEPOSIT,GHS,4791915.34,CALL,SBL-CUST-005026,DEP.CORP.CALL,2004,2024-11-12,,0.032021,FLOATING,,,BR006
DEP-CALL-0058,DEPOSIT,GHS,7523464.11,CALL,SBL-CUST-000469,DEP.CORP.CALL,2004,2019-08-25,,0.041421,FLOATING,,,BR010
DEP-CALL-0059,DEPOSIT,GHS,4780852.23,CALL,SBL-CUST-008402,DEP.CORP.CALL,2004,2022-03-06,,0.043404,FLOATING,,,BR014
DEP-CALL-0060,DEPOSIT,GHS,8317318.51,CALL,SBL-CUST-009278,DEP.CORP.CALL,2004,2019-01-23,,0.051711,FLOATING,,,BR005
DEP-CALL-0061,DEPOSIT,GHS,12066753.58,CALL,SBL-CUST-002555,DEP.CORP.CALL,2004,2021-09-24,,0.029599,FLOATING,,,BR012
DEP-CALL-0062,DEPOSIT,GHS,5454698.97,CALL,SBL-CUST-012382,DEP.CORP.CALL,2004,2025-09-14,,0.053657,FLOATING,,,BR023
DEP-CALL-0063,DEPOSIT,GHS,7299493.51,CALL,SBL-CUST-000940,DEP.CORP.CALL,2004,2024-03-07,,0.038713,FLOATING,,,BR010
DEP-CALL-0064,DEPOSIT,GHS,44548824.59,CALL,SBL-CUST-008607,DEP.CORP.CALL,2004,2026-01-02,,0.037182,FLOATING,,,BR006
DEP-CALL-0065,DEPOSIT,GHS,13659667.2,CALL,SBL-CUST-011964,DEP.CORP.CALL,2004,2018-12-13,,0.025762,FLOATING,,,BR003
DEP-CALL-0066,DEPOSIT,GHS,5331619.27,CALL,SBL-CUST-012241,DEP.CORP.CALL,2004,2024-06-11,,0.028866,FLOATING,,,BR024
DEP-CALL-0067,DEPOSIT,GHS,4766138.04,CALL,SBL-CUST-014344,DEP.CORP.CALL,2004,2019-08-12,,0.055214,FLOATING,,,BR027
DEP-CALL-0068,DEPOSIT,GHS,7942359.6,CALL,SBL-CUST-011146,DEP.CORP.CALL,2004,2020-05-06,,0.041601,FLOATING,,,BR011
DEP-CALL-0069,DEPOSIT,GHS,4720313.83,CALL,SBL-CUST-002762,DEP.CORP.CALL,2004,2020-03-29,,0.029758,FLOATING,,,BR002
DEP-CALL-0070,DEPOSIT,GHS,7959533.42,CALL,SBL-CUST-006186,DEP.CORP.CALL,2004,2025-09-01,,0.03224,FLOATING,,,BR024
DEP-CALL-0071,DEPOSIT,GHS,21019607.81,CALL,SBL-CUST-004534,DEP.CORP.CALL,2004,2025-03-17,,0.0358,FLOATING,,,BR006
DEP-CALL-0072,DEPOSIT,GHS,6308227.72,CALL,SBL-CUST-003254,DEP.CORP.CALL,2004,2024-05-05,,0.05039,FLOATING,,,BR021
DEP-CALL-0073,DEPOSIT,GHS,5223407.96,CALL,SBL-CUST-011632,DEP.CORP.CALL,2004,2024-09-28,,0.038675,FLOATING,,,BR027
DEP-CALL-0074,DEPOSIT,GHS,13339223.86,CALL,SBL-CUST-011694,DEP.CORP.CALL,2004,2023-07-16,,0.035325,FLOATING,,,BR020
DEP-CALL-0075,DEPOSIT,GHS,9013511.24,CALL,SBL-CUST-014818,DEP.CORP.CALL,2004,2024-06-09,,0.038695,FLOATING,,,BR001
DEP-CALL-0076,DEPOSIT,GHS,6064960.77,CALL,SBL-CUST-003221,DEP.CORP.CALL,2004,2021-01-14,,0.049438,FLOATING,,,BR008
DEP-CALL-0077,DEPOSIT,GHS,8819821.55,CALL,SBL-CUST-014083,DEP.CORP.CALL,2004,2020-09-19,,0.043646,FLOATING,,,BR009
DEP-CALL-0078,DEPOSIT,GHS,7426983.37,CALL,SBL-CUST-007646,DEP.CORP.CALL,2004,2024-08-04,,0.049753,FLOATING,,,BR027
DEP-CALL-0079,DEPOSIT,GHS,4458471.01,CALL,SBL-CUST-012596,DEP.CORP.CALL,2004,2023-09-26,,0.036918,FLOATING,,,BR017
DEP-CALL-0080,DEPOSIT,GHS,6496682.67,CALL,SBL-CUST-000021,DEP.CORP.CALL,2004,2024-11-24,,0.050219,FLOATING,,,BR005
DEP-CALL-0081,DEPOSIT,GHS,5428084.84,CALL,SBL-CUST-010328,DEP.CORP.CALL,2004,2020-11-02,,0.032409,FLOATING,,,BR023
DEP-CALL-0082,DEPOSIT,GHS,7624504.57,CALL,SBL-CUST-010797,DEP.CORP.CALL,2004,2024-07-04,,0.042775,FLOATING,,,BR026
DEP-CALL-0083,DEPOSIT,GHS,5493776.64,CALL,SBL-CUST-009248,DEP.CORP.CALL,2004,2023-01-16,,0.043803,FLOATING,,,BR006
DEP-CALL-0084,DEPOSIT,GHS,5282755.91,CALL,SBL-CUST-007746,DEP.CORP.CALL,2004,2022-02-19,,0.054893,FLOATING,,,BR007
DEP-CALL-0085,DEPOSIT,GHS,7790410.98,CALL,SBL-CUST-000531,DEP.CORP.CALL,2004,2022-01-28,,0.057891,FLOATING,,,BR004
DEP-CALL-0086,DEPOSIT,GHS,5110033.27,CALL,SBL-CUST-004695,DEP.CORP.CALL,2004,2024-02-07,,0.056137,FLOATING,,,BR002
DEP-CALL-0087,DEPOSIT,GHS,6066054.27,CALL,SBL-CUST-013167,DEP.CORP.CALL,2004,2021-11-26,,0.05937,FLOATING,,,BR018
DEP-CALL-0088,DEPOSIT,GHS,4872218.85,CALL,SBL-CUST-007103,DEP.CORP.CALL,2004,2022-07-27,,0.025103,FLOATING,,,BR006
DEP-CALL-0089,DEPOSIT,GHS,6357271.4,CALL,SBL-CUST-007471,DEP.CORP.CALL,2004,2024-11-05,,0.037679,FLOATING,,,BR027
DEP-CALL-0090,DEPOSIT,GHS,5683474.71,CALL,SBL-CUST-000676,DEP.CORP.CALL,2004,2023-02-28,,0.04964,FLOATING,,,BR021
DEP-SAVINGS-0001,DEPOSIT,GHS,14910957.75,SAVINGS,SBL-CUST-008309,DEP.RET.SAV,2002,2026-01-28,,0.040483,FLOATING,,,BR020
DEP-SAVINGS-0002,DEPOSIT,GHS,5451400.68,SAVINGS,SBL-CUST-006523,DEP.RET.SAV,2002,2019-12-06,,0.047574,FLOATING,,,BR028
DEP-SAVINGS-0003,DEPOSIT,GHS,6414413.24,SAVINGS,SBL-CUST-000944,DEP.RET.SAV,2002,2022-08-18,,0.055347,FLOATING,,,BR001
DEP-SAVINGS-0004,DEPOSIT,GHS,6594354.99,SAVINGS,SBL-CUST-014839,DEP.RET.SAV,2002,2022-04-05,,0.068423,FLOATING,,,BR027
DEP-SAVINGS-0005,DEPOSIT,GHS,8768067.71,SAVINGS,SBL-CUST-004378,DEP.RET.SAV,2002,2023-03-29,,0.050098,FLOATING,,,BR014
DEP-SAVINGS-0006,DEPOSIT,GHS,6474454.87,SAVINGS,SBL-CUST-004315,DEP.RET.SAV,2002,2020-01-02,,0.040736,FLOATING,,,BR005
DEP-SAVINGS-0007,DEPOSIT,GHS,5152203.24,SAVINGS,SBL-CUST-004266,DEP.RET.SAV,2002,2020-07-30,,0.055934,FLOATING,,,BR014
DEP-SAVINGS-0008,DEPOSIT,GHS,14845448.98,SAVINGS,SBL-CUST-010753,DEP.RET.SAV,2002,2024-04-03,,0.060769,FLOATING,,,BR012
DEP-SAVINGS-0009,DEPOSIT,GHS,5726618.34,SAVINGS,SBL-CUST-003984,DEP.RET.SAV,2002,2024-02-26,,0.04187,FLOATING,,,BR025
DEP-SAVINGS-0010,DEPOSIT,GHS,11845560.04,SAVINGS,SBL-CUST-003062,DEP.RET.SAV,2002,2025-11-13,,0.045204,FLOATING,,,BR025
DEP-SAVINGS-0011,DEPOSIT,GHS,5609170.5,SAVINGS,SBL-CUST-009530,DEP.RET.SAV,2002,2023-09-20,,0.052414,FLOATING,,,BR019
DEP-SAVINGS-0012,DEPOSIT,GHS,6318871.69,SAVINGS,SBL-CUST-003764,DEP.RET.SAV,2002,2023-10-25,,0.072292,FLOATING,,,BR011
DEP-SAVINGS-0013,DEPOSIT,GHS,6219381.09,SAVINGS,SBL-CUST-001226,DEP.RET.SAV,2002,2020-01-29,,0.051709,FLOATING,,,BR019
DEP-SAVINGS-0014,DEPOSIT,GHS,14430021.05,SAVINGS,SBL-CUST-006080,DEP.RET.SAV,2002,2026-02-25,,0.060714,FLOATING,,,BR012
DEP-SAVINGS-0015,DEPOSIT,GHS,9228368.55,SAVINGS,SBL-CUST-002456,DEP.RET.SAV,2002,2023-03-24,,0.053315,FLOATING,,,BR002
DEP-SAVINGS-0016,DEPOSIT,GHS,6941403.62,SAVINGS,SBL-CUST-001540,DEP.RET.SAV,2002,2026-04-02,,0.056164,FLOATING,,,BR003
DEP-SAVINGS-0017,DEPOSIT,GHS,9074704.6,SAVINGS,SBL-CUST-000988,DEP.RET.SAV,2002,2024-05-14,,0.062645,FLOATING,,,BR015
DEP-SAVINGS-0018,DEPOSIT,GHS,5071261.31,SAVINGS,SBL-CUST-013060,DEP.RET.SAV,2002,2021-04-18,,0.069946,FLOATING,,,BR027
DEP-SAVINGS-0019,DEPOSIT,GHS,6942444.48,SAVINGS,SBL-CUST-006696,DEP.RET.SAV,2002,2025-03-07,,0.074352,FLOATING,,,BR027
DEP-SAVINGS-0020,DEPOSIT,GHS,11936440.69,SAVINGS,SBL-CUST-011113,DEP.RET.SAV,2002,2022-03-11,,0.053849,FLOATING,,,BR010
DEP-SAVINGS-0021,DEPOSIT,GHS,25988450.5,SAVINGS,SBL-CUST-010733,DEP.RET.SAV,2002,2024-06-23,,0.066641,FLOATING,,,BR026
DEP-SAVINGS-0022,DEPOSIT,GHS,5675885.56,SAVINGS,SBL-CUST-010261,DEP.RET.SAV,2002,2021-10-06,,0.049659,FLOATING,,,BR016
DEP-SAVINGS-0023,DEPOSIT,GHS,8528471.23,SAVINGS,SBL-CUST-004130,DEP.RET.SAV,2002,2020-03-16,,0.060411,FLOATING,,,BR004
DEP-SAVINGS-0024,DEPOSIT,GHS,7238570.74,SAVINGS,SBL-CUST-014244,DEP.RET.SAV,2002,2024-11-12,,0.066408,FLOATING,,,BR028
DEP-SAVINGS-0025,DEPOSIT,GHS,7748544.08,SAVINGS,SBL-CUST-014115,DEP.RET.SAV,2002,2025-02-11,,0.05209,FLOATING,,,BR003
DEP-SAVINGS-0026,DEPOSIT,GHS,8839260.66,SAVINGS,SBL-CUST-001604,DEP.RET.SAV,2002,2021-12-17,,0.043811,FLOATING,,,BR010
DEP-SAVINGS-0027,DEPOSIT,GHS,5218440.6,SAVINGS,SBL-CUST-000884,DEP.RET.SAV,2002,2019-07-27,,0.062313,FLOATING,,,BR026
DEP-SAVINGS-0028,DEPOSIT,GHS,5515165.7,SAVINGS,SBL-CUST-002409,DEP.RET.SAV,2002,2025-02-23,,0.050724,FLOATING,,,BR026
DEP-SAVINGS-0029,DEPOSIT,GHS,9025563.58,SAVINGS,SBL-CUST-014134,DEP.RET.SAV,2002,2019-12-05,,0.041264,FLOATING,,,BR018
DEP-SAVINGS-0030,DEPOSIT,GHS,12253213.34,SAVINGS,SBL-CUST-013495,DEP.RET.SAV,2002,2020-01-03,,0.052314,FLOATING,,,BR006
DEP-SAVINGS-0031,DEPOSIT,GHS,11798721.9,SAVINGS,SBL-CUST-004580,DEP.RET.SAV,2002,2025-03-10,,0.055457,FLOATING,,,BR024
DEP-SAVINGS-0032,DEPOSIT,GHS,9859077.77,SAVINGS,SBL-CUST-007653,DEP.RET.SAV,2002,2023-06-10,,0.059964,FLOATING,,,BR010
DEP-SAVINGS-0033,DEPOSIT,GHS,17907027.59,SAVINGS,SBL-CUST-007741,DEP.RET.SAV,2002,2024-05-20,,0.067291,FLOATING,,,BR003
DEP-SAVINGS-0034,DEPOSIT,GHS,5112456.27,SAVINGS,SBL-CUST-004060,DEP.RET.SAV,2002,2024-09-28,,0.04753,FLOATING,,,BR027
DEP-SAVINGS-0035,DEPOSIT,GHS,7392677.78,SAVINGS,SBL-CUST-007732,DEP.RET.SAV,2002,2024-11-03,,0.064826,FLOATING,,,BR004
DEP-SAVINGS-0036,DEPOSIT,GHS,58279825.28,SAVINGS,SBL-CUST-014410,DEP.RET.SAV,2002,2019-03-19,,0.070196,FLOATING,,,BR002
DEP-SAVINGS-0037,DEPOSIT,GHS,5726188.3,SAVINGS,SBL-CUST-014134,DEP.RET.SAV,2002,2019-12-20,,0.065002,FLOATING,,,BR004
DEP-SAVINGS-0038,DEPOSIT,GHS,5979331.38,SAVINGS,SBL-CUST-011426,DEP.RET.SAV,2002,2023-02-23,,0.043772,FLOATING,,,BR009
DEP-SAVINGS-0039,DEPOSIT,GHS,34633965.72,SAVINGS,SBL-CUST-014196,DEP.RET.SAV,2002,2021-11-20,,0.074886,FLOATING,,,BR001
DEP-SAVINGS-0040,DEPOSIT,GHS,8606815.02,SAVINGS,SBL-CUST-001253,DEP.RET.SAV,2002,2025-02-09,,0.051467,FLOATING,,,BR001
DEP-SAVINGS-0041,DEPOSIT,GHS,23772044.67,SAVINGS,SBL-CUST-009211,DEP.RET.SAV,2002,2021-03-27,,0.062494,FLOATING,,,BR010
DEP-SAVINGS-0042,DEPOSIT,GHS,7333368.29,SAVINGS,SBL-CUST-005239,DEP.RET.SAV,2002,2022-08-14,,0.054976,FLOATING,,,BR006
DEP-SAVINGS-0043,DEPOSIT,GHS,9139090.53,SAVINGS,SBL-CUST-008892,DEP.RET.SAV,2002,2019-12-22,,0.057333,FLOATING,,,BR018
DEP-SAVINGS-0044,DEPOSIT,GHS,17322174.38,SAVINGS,SBL-CUST-010645,DEP.RET.SAV,2002,2025-01-26,,0.052902,FLOATING,,,BR012
DEP-SAVINGS-0045,DEPOSIT,GHS,10061237.37,SAVINGS,SBL-CUST-014441,DEP.RET.SAV,2002,2023-08-01,,0.043362,FLOATING,,,BR015
DEP-SAVINGS-0046,DEPOSIT,GHS,13637095.96,SAVINGS,SBL-CUST-003437,DEP.RET.SAV,2002,2023-07-01,,0.052254,FLOATING,,,BR013
DEP-SAVINGS-0047,DEPOSIT,GHS,6898403.86,SAVINGS,SBL-CUST-003875,DEP.RET.SAV,2002,2019-03-10,,0.058722,FLOATING,,,BR019
DEP-SAVINGS-0048,DEPOSIT,GHS,21683805.78,SAVINGS,SBL-CUST-004106,DEP.RET.SAV,2002,2023-10-28,,0.059612,FLOATING,,,BR022
DEP-SAVINGS-0049,DEPOSIT,GHS,17266767.39,SAVINGS,SBL-CUST-001427,DEP.RET.SAV,2002,2025-04-22,,0.042988,FLOATING,,,BR027
DEP-SAVINGS-0050,DEPOSIT,GHS,5219327.98,SAVINGS,SBL-CUST-003962,DEP.RET.SAV,2002,2022-08-14,,0.064587,FLOATING,,,BR009
DEP-SAVINGS-0051,DEPOSIT,GHS,5107410.54,SAVINGS,SBL-CUST-009703,DEP.RET.SAV,2002,2018-08-07,,0.051309,FLOATING,,,BR015
DEP-SAVINGS-0052,DEPOSIT,GHS,6613431.51,SAVINGS,SBL-CUST-010629,DEP.RET.SAV,2002,2019-06-13,,0.058663,FLOATING,,,BR026
DEP-SAVINGS-0053,DEPOSIT,GHS,28130661.93,SAVINGS,SBL-CUST-007175,DEP.RET.SAV,2002,2021-06-06,,0.053169,FLOATING,,,BR019
DEP-SAVINGS-0054,DEPOSIT,GHS,7848343.09,SAVINGS,SBL-CUST-010872,DEP.RET.SAV,2002,2023-07-13,,0.059328,FLOATING,,,BR011
DEP-SAVINGS-0055,DEPOSIT,GHS,10698502.88,SAVINGS,SBL-CUST-003093,DEP.RET.SAV,2002,2022-12-22,,0.058761,FLOATING,,,BR022
DEP-SAVINGS-0056,DEPOSIT,GHS,5017785.27,SAVINGS,SBL-CUST-013658,DEP.RET.SAV,2002,2019-04-20,,0.045078,FLOATING,,,BR016
DEP-SAVINGS-0057,DEPOSIT,GHS,5116841.47,SAVINGS,SBL-CUST-014792,DEP.RET.SAV,2002,2021-01-06,,0.068462,FLOATING,,,BR014
DEP-SAVINGS-0058,DEPOSIT,GHS,26051576.11,SAVINGS,SBL-CUST-008068,DEP.RET.SAV,2002,2024-08-13,,0.042166,FLOATING,,,BR009
DEP-SAVINGS-0059,DEPOSIT,GHS,5883840.84,SAVINGS,SBL-CUST-014793,DEP.RET.SAV,2002,2025-10-27,,0.041309,FLOATING,,,BR006
DEP-SAVINGS-0060,DEPOSIT,GHS,6743824.16,SAVINGS,SBL-CUST-003617,DEP.RET.SAV,2002,2019-05-04,,0.071781,FLOATING,,,BR010
DEP-SAVINGS-0061,DEPOSIT,GHS,9276157.78,SAVINGS,SBL-CUST-000513,DEP.RET.SAV,2002,2020-11-28,,0.041963,FLOATING,,,BR020
DEP-SAVINGS-0062,DEPOSIT,GHS,6164988.73,SAVINGS,SBL-CUST-000417,DEP.RET.SAV,2002,2020-08-23,,0.056328,FLOATING,,,BR028
DEP-SAVINGS-0063,DEPOSIT,GHS,4994412.86,SAVINGS,SBL-CUST-002840,DEP.RET.SAV,2002,2023-10-24,,0.046166,FLOATING,,,BR011
DEP-SAVINGS-0064,DEPOSIT,GHS,13539250.27,SAVINGS,SBL-CUST-009647,DEP.RET.SAV,2002,2024-05-09,,0.041552,FLOATING,,,BR012
DEP-SAVINGS-0065,DEPOSIT,GHS,6400592.07,SAVINGS,SBL-CUST-007696,DEP.RET.SAV,2002,2018-08-31,,0.069837,FLOATING,,,BR023
DEP-SAVINGS-0066,DEPOSIT,GHS,6672288.42,SAVINGS,SBL-CUST-014221,DEP.RET.SAV,2002,2026-05-02,,0.044935,FLOATING,,,BR015
DEP-SAVINGS-0067,DEPOSIT,GHS,12678954.06,SAVINGS,SBL-CUST-008178,DEP.RET.SAV,2002,2021-07-08,,0.041219,FLOATING,,,BR011
DEP-SAVINGS-0068,DEPOSIT,GHS,6466033.33,SAVINGS,SBL-CUST-008768,DEP.RET.SAV,2002,2023-12-09,,0.043234,FLOATING,,,BR013
DEP-SAVINGS-0069,DEPOSIT,GHS,6882476.4,SAVINGS,SBL-CUST-010495,DEP.RET.SAV,2002,2024-02-04,,0.043714,FLOATING,,,BR023
DEP-SAVINGS-0070,DEPOSIT,GHS,25672125.87,SAVINGS,SBL-CUST-001561,DEP.RET.SAV,2002,2021-06-08,,0.045501,FLOATING,,,BR020
DEP-SAVINGS-0071,DEPOSIT,GHS,7186202.76,SAVINGS,SBL-CUST-004503,DEP.RET.SAV,2002,2019-08-11,,0.051628,FLOATING,,,BR010
DEP-SAVINGS-0072,DEPOSIT,GHS,9844538.93,SAVINGS,SBL-CUST-011720,DEP.RET.SAV,2002,2018-10-09,,0.062287,FLOATING,,,BR004
DEP-SAVINGS-0073,DEPOSIT,GHS,39232138.67,SAVINGS,SBL-CUST-005935,DEP.RET.SAV,2002,2023-10-13,,0.061991,FLOATING,,,BR017
DEP-SAVINGS-0074,DEPOSIT,GHS,6203205.61,SAVINGS,SBL-CUST-012218,DEP.RET.SAV,2002,2026-01-27,,0.041961,FLOATING,,,BR009
DEP-SAVINGS-0075,DEPOSIT,GHS,5029513.54,SAVINGS,SBL-CUST-005446,DEP.RET.SAV,2002,2020-07-15,,0.053491,FLOATING,,,BR009
DEP-SAVINGS-0076,DEPOSIT,GHS,6516153.38,SAVINGS,SBL-CUST-009376,DEP.RET.SAV,2002,2024-03-10,,0.065797,FLOATING,,,BR023
DEP-SAVINGS-0077,DEPOSIT,GHS,8536211.48,SAVINGS,SBL-CUST-001203,DEP.RET.SAV,2002,2024-06-04,,0.062446,FLOATING,,,BR022
DEP-SAVINGS-0078,DEPOSIT,GHS,14822979.52,SAVINGS,SBL-CUST-005076,DEP.RET.SAV,2002,2025-01-21,,0.070794,FLOATING,,,BR020
DEP-SAVINGS-0079,DEPOSIT,GHS,5665557.55,SAVINGS,SBL-CUST-002798,DEP.RET.SAV,2002,2019-02-19,,0.061481,FLOATING,,,BR025
DEP-SAVINGS-0080,DEPOSIT,GHS,9384588.16,SAVINGS,SBL-CUST-011620,DEP.RET.SAV,2002,2020-10-12,,0.040186,FLOATING,,,BR021
DEP-SAVINGS-0081,DEPOSIT,GHS,5941112.56,SAVINGS,SBL-CUST-012465,DEP.RET.SAV,2002,2021-02-02,,0.062663,FLOATING,,,BR018
DEP-SAVINGS-0082,DEPOSIT,GHS,6775247.58,SAVINGS,SBL-CUST-003691,DEP.RET.SAV,2002,2025-04-13,,0.063268,FLOATING,,,BR019
DEP-SAVINGS-0083,DEPOSIT,GHS,6808881.28,SAVINGS,SBL-CUST-008985,DEP.RET.SAV,2002,2021-05-23,,0.062537,FLOATING,,,BR021
DEP-SAVINGS-0084,DEPOSIT,GHS,6126581.81,SAVINGS,SBL-CUST-007833,DEP.RET.SAV,2002,2022-06-14,,0.048898,FLOATING,,,BR005
DEP-SAVINGS-0085,DEPOSIT,GHS,6337736.27,SAVINGS,SBL-CUST-014397,DEP.RET.SAV,2002,2020-04-22,,0.068261,FLOATING,,,BR019
DEP-SAVINGS-0086,DEPOSIT,GHS,6410722.74,SAVINGS,SBL-CUST-012469,DEP.RET.SAV,2002,2019-06-15,,0.047825,FLOATING,,,BR028
DEP-SAVINGS-0087,DEPOSIT,GHS,11628859.45,SAVINGS,SBL-CUST-004737,DEP.RET.SAV,2002,2020-01-19,,0.069746,FLOATING,,,BR018
DEP-SAVINGS-0088,DEPOSIT,GHS,7115665.8,SAVINGS,SBL-CUST-013738,DEP.RET.SAV,2002,2025-02-11,,0.049007,FLOATING,,,BR027
DEP-SAVINGS-0089,DEPOSIT,GHS,8822444.76,SAVINGS,SBL-CUST-003295,DEP.RET.SAV,2002,2025-11-07,,0.049375,FLOATING,,,BR008
DEP-SAVINGS-0090,DEPOSIT,GHS,10762462.07,SAVINGS,SBL-CUST-009337,DEP.RET.SAV,2002,2021-05-17,,0.040795,FLOATING,,,BR009
DEP-SAVINGS-0091,DEPOSIT,GHS,5186369.87,SAVINGS,SBL-CUST-008963,DEP.RET.SAV,2002,2019-08-01,,0.065198,FLOATING,,,BR002
DEP-SAVINGS-0092,DEPOSIT,GHS,5935629.28,SAVINGS,SBL-CUST-008034,DEP.RET.SAV,2002,2023-01-27,,0.044305,FLOATING,,,BR003
DEP-SAVINGS-0093,DEPOSIT,GHS,6983082.58,SAVINGS,SBL-CUST-009164,DEP.RET.SAV,2002,2024-08-12,,0.048208,FLOATING,,,BR016
DEP-SAVINGS-0094,DEPOSIT,GHS,5842378.12,SAVINGS,SBL-CUST-006036,DEP.RET.SAV,2002,2020-06-21,,0.056768,FLOATING,,,BR002
DEP-SAVINGS-0095,DEPOSIT,GHS,5017281.01,SAVINGS,SBL-CUST-012591,DEP.RET.SAV,2002,2025-04-06,,0.073372,FLOATING,,,BR010
DEP-SAVINGS-0096,DEPOSIT,GHS,10957393.41,SAVINGS,SBL-CUST-002303,DEP.RET.SAV,2002,2022-07-19,,0.050051,FLOATING,,,BR009
DEP-SAVINGS-0097,DEPOSIT,GHS,5433982.28,SAVINGS,SBL-CUST-010062,DEP.RET.SAV,2002,2022-09-08,,0.05995,FLOATING,,,BR008
DEP-SAVINGS-0098,DEPOSIT,GHS,8480594.15,SAVINGS,SBL-CUST-000453,DEP.RET.SAV,2002,2026-04-08,,0.073325,FLOATING,,,BR015
DEP-SAVINGS-0099,DEPOSIT,GHS,13977108.38,SAVINGS,SBL-CUST-012464,DEP.RET.SAV,2002,2021-04-01,,0.073567,FLOATING,,,BR007
DEP-SAVINGS-0100,DEPOSIT,GHS,9297898.29,SAVINGS,SBL-CUST-009616,DEP.RET.SAV,2002,2026-03-30,,0.057574,FLOATING,,,BR026
DEP-SAVINGS-0101,DEPOSIT,GHS,6749574.27,SAVINGS,SBL-CUST-008343,DEP.RET.SAV,2002,2021-02-27,,0.072304,FLOATING,,,BR010
DEP-SAVINGS-0102,DEPOSIT,GHS,15874850.55,SAVINGS,SBL-CUST-001846,DEP.RET.SAV,2002,2022-11-15,,0.059972,FLOATING,,,BR001
DEP-SAVINGS-0103,DEPOSIT,GHS,25000528.98,SAVINGS,SBL-CUST-010342,DEP.RET.SAV,2002,2023-06-13,,0.054573,FLOATING,,,BR011
DEP-SAVINGS-0104,DEPOSIT,GHS,5918677.87,SAVINGS,SBL-CUST-000285,DEP.RET.SAV,2002,2023-03-25,,0.071913,FLOATING,,,BR026
DEP-SAVINGS-0105,DEPOSIT,GHS,14129578.16,SAVINGS,SBL-CUST-008178,DEP.RET.SAV,2002,2024-05-05,,0.047632,FLOATING,,,BR026
DEP-SAVINGS-0106,DEPOSIT,GHS,6074584.89,SAVINGS,SBL-CUST-001389,DEP.RET.SAV,2002,2021-02-26,,0.057685,FLOATING,,,BR010
DEP-SAVINGS-0107,DEPOSIT,GHS,5948988.76,SAVINGS,SBL-CUST-004540,DEP.RET.SAV,2002,2021-07-07,,0.068433,FLOATING,,,BR007
DEP-SAVINGS-0108,DEPOSIT,GHS,7458355.5,SAVINGS,SBL-CUST-006283,DEP.RET.SAV,2002,2022-03-07,,0.068639,FLOATING,,,BR019
DEP-SAVINGS-0109,DEPOSIT,GHS,4995161.87,SAVINGS,SBL-CUST-009049,DEP.RET.SAV,2002,2019-12-03,,0.070986,FLOATING,,,BR023
DEP-SAVINGS-0110,DEPOSIT,GHS,10733022.97,SAVINGS,SBL-CUST-001379,DEP.RET.SAV,2002,2022-11-03,,0.0637,FLOATING,,,BR012
DEP-SAVINGS-0111,DEPOSIT,GHS,5643781.61,SAVINGS,SBL-CUST-002501,DEP.RET.SAV,2002,2024-07-17,,0.061646,FLOATING,,,BR015
DEP-SAVINGS-0112,DEPOSIT,GHS,7594888.04,SAVINGS,SBL-CUST-010718,DEP.RET.SAV,2002,2024-10-11,,0.044513,FLOATING,,,BR011
DEP-SAVINGS-0113,DEPOSIT,GHS,9191874.04,SAVINGS,SBL-CUST-010667,DEP.RET.SAV,2002,2020-02-12,,0.053787,FLOATING,,,BR007
DEP-SAVINGS-0114,DEPOSIT,GHS,9995268.81,SAVINGS,SBL-CUST-000174,DEP.RET.SAV,2002,2021-07-15,,0.062302,FLOATING,,,BR013
DEP-SAVINGS-0115,DEPOSIT,GHS,25983609.43,SAVINGS,SBL-CUST-007024,DEP.RET.SAV,2002,2018-12-01,,0.070793,FLOATING,,,BR021
DEP-SAVINGS-0116,DEPOSIT,GHS,6137700.98,SAVINGS,SBL-CUST-014412,DEP.RET.SAV,2002,2023-11-03,,0.057719,FLOATING,,,BR003
DEP-SAVINGS-0117,DEPOSIT,GHS,7805089.36,SAVINGS,SBL-CUST-005332,DEP.RET.SAV,2002,2018-10-12,,0.044784,FLOATING,,,BR004
DEP-SAVINGS-0118,DEPOSIT,GHS,6052001.15,SAVINGS,SBL-CUST-006986,DEP.RET.SAV,2002,2025-03-28,,0.056192,FLOATING,,,BR002
DEP-SAVINGS-0119,DEPOSIT,GHS,6998785.41,SAVINGS,SBL-CUST-002387,DEP.RET.SAV,2002,2019-01-13,,0.073388,FLOATING,,,BR015
DEP-SAVINGS-0120,DEPOSIT,GHS,5378759.63,SAVINGS,SBL-CUST-000254,DEP.RET.SAV,2002,2020-03-15,,0.063874,FLOATING,,,BR022
DEP-SAVINGS-0121,DEPOSIT,GHS,7125151.27,SAVINGS,SBL-CUST-008354,DEP.RET.SAV,2002,2022-03-14,,0.059913,FLOATING,,,BR015
DEP-SAVINGS-0122,DEPOSIT,GHS,6318684.21,SAVINGS,SBL-CUST-001723,DEP.RET.SAV,2002,2023-05-17,,0.071578,FLOATING,,,BR018
DEP-SAVINGS-0123,DEPOSIT,GHS,5267882.15,SAVINGS,SBL-CUST-010653,DEP.RET.SAV,2002,2020-07-31,,0.051661,FLOATING,,,BR002
DEP-SAVINGS-0124,DEPOSIT,GHS,24636199.05,SAVINGS,SBL-CUST-001293,DEP.RET.SAV,2002,2021-07-03,,0.065698,FLOATING,,,BR004
DEP-SAVINGS-0125,DEPOSIT,GHS,36481784.33,SAVINGS,SBL-CUST-013017,DEP.RET.SAV,2002,2019-07-01,,0.067153,FLOATING,,,BR015
DEP-SAVINGS-0126,DEPOSIT,GHS,6315321.33,SAVINGS,SBL-CUST-001328,DEP.RET.SAV,2002,2025-11-17,,0.058574,FLOATING,,,BR023
DEP-SAVINGS-0127,DEPOSIT,GHS,4988209.18,SAVINGS,SBL-CUST-011580,DEP.RET.SAV,2002,2021-01-20,,0.042365,FLOATING,,,BR014
DEP-SAVINGS-0128,DEPOSIT,GHS,7586772.88,SAVINGS,SBL-CUST-007204,DEP.RET.SAV,2002,2025-02-09,,0.055725,FLOATING,,,BR001
DEP-SAVINGS-0129,DEPOSIT,GHS,5407366.67,SAVINGS,SBL-CUST-004364,DEP.RET.SAV,2002,2018-08-26,,0.068989,FLOATING,,,BR002
DEP-SAVINGS-0130,DEPOSIT,GHS,5863791.35,SAVINGS,SBL-CUST-001378,DEP.RET.SAV,2002,2020-10-20,,0.06323,FLOATING,,,BR004
DEP-SAVINGS-0131,DEPOSIT,GHS,9319679.53,SAVINGS,SBL-CUST-009490,DEP.RET.SAV,2002,2020-01-17,,0.041741,FLOATING,,,BR019
DEP-SAVINGS-0132,DEPOSIT,GHS,5072613.68,SAVINGS,SBL-CUST-012316,DEP.RET.SAV,2002,2022-06-29,,0.069702,FLOATING,,,BR022
DEP-SAVINGS-0133,DEPOSIT,GHS,9660951.58,SAVINGS,SBL-CUST-009539,DEP.RET.SAV,2002,2026-01-01,,0.043268,FLOATING,,,BR007
DEP-SAVINGS-0134,DEPOSIT,GHS,9572612.58,SAVINGS,SBL-CUST-007050,DEP.RET.SAV,2002,2024-08-27,,0.0721,FLOATING,,,BR008
DEP-SAVINGS-0135,DEPOSIT,GHS,9814483.22,SAVINGS,SBL-CUST-012897,DEP.RET.SAV,2002,2025-07-09,,0.045795,FLOATING,,,BR020
DEP-SAVINGS-0136,DEPOSIT,GHS,18278166.11,SAVINGS,SBL-CUST-002482,DEP.RET.SAV,2002,2025-08-16,,0.045405,FLOATING,,,BR021
DEP-SAVINGS-0137,DEPOSIT,GHS,47928138.09,SAVINGS,SBL-CUST-013090,DEP.RET.SAV,2002,2023-02-17,,0.07038,FLOATING,,,BR020
DEP-SAVINGS-0138,DEPOSIT,GHS,114364916.0,SAVINGS,SBL-CUST-006779,DEP.RET.SAV,2002,2021-04-08,,0.043954,FLOATING,,,BR014
DEP-SAVINGS-0139,DEPOSIT,GHS,9368321.52,SAVINGS,SBL-CUST-005629,DEP.RET.SAV,2002,2020-05-19,,0.072162,FLOATING,,,BR011
DEP-SAVINGS-0140,DEPOSIT,GHS,5680207.26,SAVINGS,SBL-CUST-012765,DEP.RET.SAV,2002,2021-05-02,,0.040387,FLOATING,,,BR012
DEP-SAVINGS-0141,DEPOSIT,GHS,5769886.29,SAVINGS,SBL-CUST-000227,DEP.RET.SAV,2002,2023-12-31,,0.0461,FLOATING,,,BR021
DEP-SAVINGS-0142,DEPOSIT,GHS,13131411.28,SAVINGS,SBL-CUST-008098,DEP.RET.SAV,2002,2025-03-09,,0.046688,FLOATING,,,BR010
DEP-SAVINGS-0143,DEPOSIT,GHS,15166360.58,SAVINGS,SBL-CUST-012137,DEP.RET.SAV,2002,2023-04-14,,0.040682,FLOATING,,,BR028
DEP-SAVINGS-0144,DEPOSIT,GHS,14701209.48,SAVINGS,SBL-CUST-003188,DEP.RET.SAV,2002,2025-10-14,,0.069274,FLOATING,,,BR024
DEP-SAVINGS-0145,DEPOSIT,GHS,5142273.8,SAVINGS,SBL-CUST-005163,DEP.RET.SAV,2002,2025-12-21,,0.042342,FLOATING,,,BR010
DEP-SAVINGS-0146,DEPOSIT,GHS,14960606.18,SAVINGS,SBL-CUST-013502,DEP.RET.SAV,2002,2021-04-06,,0.072025,FLOATING,,,BR016
DEP-SAVINGS-0147,DEPOSIT,GHS,42010663.14,SAVINGS,SBL-CUST-011973,DEP.RET.SAV,2002,2023-08-13,,0.06991,FLOATING,,,BR028
DEP-SAVINGS-0148,DEPOSIT,GHS,8748133.88,SAVINGS,SBL-CUST-008701,DEP.RET.SAV,2002,2019-04-14,,0.060444,FLOATING,,,BR023
DEP-SAVINGS-0149,DEPOSIT,GHS,5382833.87,SAVINGS,SBL-CUST-014830,DEP.RET.SAV,2002,2018-11-02,,0.05583,FLOATING,,,BR021
DEP-SAVINGS-0150,DEPOSIT,GHS,8510768.71,SAVINGS,SBL-CUST-006381,DEP.RET.SAV,2002,2026-05-02,,0.044463,FLOATING,,,BR018
DEP-SAVINGS-0151,DEPOSIT,GHS,8651954.82,SAVINGS,SBL-CUST-014060,DEP.RET.SAV,2002,2021-08-13,,0.051717,FLOATING,,,BR014
DEP-SAVINGS-0152,DEPOSIT,GHS,8153095.91,SAVINGS,SBL-CUST-010557,DEP.RET.SAV,2002,2022-06-20,,0.058002,FLOATING,,,BR004
DEP-SAVINGS-0153,DEPOSIT,GHS,12761613.67,SAVINGS,SBL-CUST-005526,DEP.RET.SAV,2002,2019-08-29,,0.059806,FLOATING,,,BR001
DEP-SAVINGS-0154,DEPOSIT,GHS,7587240.37,SAVINGS,SBL-CUST-006923,DEP.RET.SAV,2002,2019-10-11,,0.064347,FLOATING,,,BR007
DEP-SAVINGS-0155,DEPOSIT,GHS,5413976.59,SAVINGS,SBL-CUST-000477,DEP.RET.SAV,2002,2026-04-22,,0.057446,FLOATING,,,BR010
DEP-SAVINGS-0156,DEPOSIT,GHS,7162675.32,SAVINGS,SBL-CUST-009807,DEP.RET.SAV,2002,2025-11-05,,0.067381,FLOATING,,,BR015
DEP-SAVINGS-0157,DEPOSIT,GHS,5658902.23,SAVINGS,SBL-CUST-008954,DEP.RET.SAV,2002,2021-11-22,,0.072424,FLOATING,,,BR022
DEP-SAVINGS-0158,DEPOSIT,GHS,19816431.93,SAVINGS,SBL-CUST-010547,DEP.RET.SAV,2002,2020-08-14,,0.06163,FLOATING,,,BR014
DEP-SAVINGS-0159,DEPOSIT,GHS,5713276.8,SAVINGS,SBL-CUST-002177,DEP.RET.SAV,2002,2023-06-29,,0.041456,FLOATING,,,BR014
DEP-SAVINGS-0160,DEPOSIT,GHS,5398447.57,SAVINGS,SBL-CUST-008585,DEP.RET.SAV,2002,2025-06-17,,0.074706,FLOATING,,,BR003
DEP-SAVINGS-0161,DEPOSIT,GHS,5384143.59,SAVINGS,SBL-CUST-009201,DEP.RET.SAV,2002,2023-11-02,,0.045903,FLOATING,,,BR002
DEP-SAVINGS-0162,DEPOSIT,GHS,5279702.37,SAVINGS,SBL-CUST-002199,DEP.RET.SAV,2002,2021-03-17,,0.057588,FLOATING,,,BR025
DEP-SAVINGS-0163,DEPOSIT,GHS,4976502.39,SAVINGS,SBL-CUST-002968,DEP.RET.SAV,2002,2023-12-15,,0.065064,FLOATING,,,BR025
DEP-SAVINGS-0164,DEPOSIT,GHS,5752100.33,SAVINGS,SBL-CUST-010788,DEP.RET.SAV,2002,2019-12-16,,0.065163,FLOATING,,,BR011
DEP-SAVINGS-0165,DEPOSIT,GHS,8869063.79,SAVINGS,SBL-CUST-003524,DEP.RET.SAV,2002,2021-02-05,,0.053193,FLOATING,,,BR021
DEP-SAVINGS-0166,DEPOSIT,GHS,5595103.16,SAVINGS,SBL-CUST-014730,DEP.RET.SAV,2002,2022-01-14,,0.047925,FLOATING,,,BR010
DEP-SAVINGS-0167,DEPOSIT,GHS,6093087.02,SAVINGS,SBL-CUST-014573,DEP.RET.SAV,2002,2024-05-22,,0.072576,FLOATING,,,BR014
DEP-SAVINGS-0168,DEPOSIT,GHS,8471173.99,SAVINGS,SBL-CUST-001674,DEP.RET.SAV,2002,2021-05-27,,0.043254,FLOATING,,,BR001
DEP-SAVINGS-0169,DEPOSIT,GHS,5592665.6,SAVINGS,SBL-CUST-009350,DEP.RET.SAV,2002,2023-10-25,,0.06997,FLOATING,,,BR004
DEP-SAVINGS-0170,DEPOSIT,GHS,34157568.62,SAVINGS,SBL-CUST-005310,DEP.RET.SAV,2002,2023-12-18,,0.051008,FLOATING,,,BR001
DEP-SAVINGS-0171,DEPOSIT,GHS,7648714.92,SAVINGS,SBL-CUST-004653,DEP.RET.SAV,2002,2024-10-10,,0.070217,FLOATING,,,BR028
DEP-SAVINGS-0172,DEPOSIT,GHS,9679875.86,SAVINGS,SBL-CUST-003675,DEP.RET.SAV,2002,2021-12-13,,0.048079,FLOATING,,,BR003
DEP-SAVINGS-0173,DEPOSIT,GHS,12816632.65,SAVINGS,SBL-CUST-005752,DEP.RET.SAV,2002,2023-08-29,,0.0519,FLOATING,,,BR004
DEP-SAVINGS-0174,DEPOSIT,GHS,7024780.55,SAVINGS,SBL-CUST-004795,DEP.RET.SAV,2002,2020-05-23,,0.045021,FLOATING,,,BR027
DEP-SAVINGS-0175,DEPOSIT,GHS,13667451.28,SAVINGS,SBL-CUST-008720,DEP.RET.SAV,2002,2018-09-05,,0.065359,FLOATING,,,BR014
DEP-SAVINGS-0176,DEPOSIT,GHS,27993376.79,SAVINGS,SBL-CUST-011491,DEP.RET.SAV,2002,2023-11-08,,0.06245,FLOATING,,,BR008
DEP-SAVINGS-0177,DEPOSIT,GHS,6705840.38,SAVINGS,SBL-CUST-000935,DEP.RET.SAV,2002,2022-12-03,,0.045994,FLOATING,,,BR023
DEP-SAVINGS-0178,DEPOSIT,GHS,5105448.55,SAVINGS,SBL-CUST-005745,DEP.RET.SAV,2002,2023-09-26,,0.067471,FLOATING,,,BR006
DEP-SAVINGS-0179,DEPOSIT,GHS,7446751.09,SAVINGS,SBL-CUST-008993,DEP.RET.SAV,2002,2019-11-07,,0.060655,FLOATING,,,BR025
DEP-SAVINGS-0180,DEPOSIT,GHS,12247535.21,SAVINGS,SBL-CUST-005901,DEP.RET.SAV,2002,2022-01-14,,0.05286,FLOATING,,,BR009
DEP-SAVINGS-0181,DEPOSIT,GHS,20046188.45,SAVINGS,SBL-CUST-006407,DEP.RET.SAV,2002,2021-05-26,,0.044318,FLOATING,,,BR015
DEP-SAVINGS-0182,DEPOSIT,GHS,6754227.32,SAVINGS,SBL-CUST-012586,DEP.RET.SAV,2002,2024-06-10,,0.069854,FLOATING,,,BR015
DEP-SAVINGS-0183,DEPOSIT,GHS,12023453.6,SAVINGS,SBL-CUST-009329,DEP.RET.SAV,2002,2021-08-15,,0.043151,FLOATING,,,BR009
DEP-SAVINGS-0184,DEPOSIT,GHS,9257770.05,SAVINGS,SBL-CUST-013345,DEP.RET.SAV,2002,2024-10-08,,0.048471,FLOATING,,,BR008
DEP-SAVINGS-0185,DEPOSIT,GHS,12001228.69,SAVINGS,SBL-CUST-009472,DEP.RET.SAV,2002,2018-09-23,,0.066066,FLOATING,,,BR001
DEP-SAVINGS-0186,DEPOSIT,GHS,5981251.03,SAVINGS,SBL-CUST-010298,DEP.RET.SAV,2002,2023-08-25,,0.069162,FLOATING,,,BR015
DEP-SAVINGS-0187,DEPOSIT,GHS,5159535.21,SAVINGS,SBL-CUST-002063,DEP.RET.SAV,2002,2019-07-24,,0.060436,FLOATING,,,BR003
DEP-SAVINGS-0188,DEPOSIT,GHS,12385291.68,SAVINGS,SBL-CUST-014600,DEP.RET.SAV,2002,2019-08-11,,0.0658,FLOATING,,,BR026
DEP-SAVINGS-0189,DEPOSIT,GHS,7608234.5,SAVINGS,SBL-CUST-012798,DEP.RET.SAV,2002,2020-02-10,,0.058645,FLOATING,,,BR023
DEP-SAVINGS-0190,DEPOSIT,GHS,6143558.7,SAVINGS,SBL-CUST-003509,DEP.RET.SAV,2002,2022-11-23,,0.054807,FLOATING,,,BR010
DEP-SAVINGS-0191,DEPOSIT,GHS,5310260.27,SAVINGS,SBL-CUST-004864,DEP.RET.SAV,2002,2022-03-12,,0.048405,FLOATING,,,BR018
DEP-SAVINGS-0192,DEPOSIT,GHS,6821898.43,SAVINGS,SBL-CUST-000715,DEP.RET.SAV,2002,2021-02-14,,0.070777,FLOATING,,,BR022
DEP-SAVINGS-0193,DEPOSIT,GHS,5348371.07,SAVINGS,SBL-CUST-001197,DEP.RET.SAV,2002,2023-12-09,,0.067777,FLOATING,,,BR023
DEP-SAVINGS-0194,DEPOSIT,GHS,5825874.56,SAVINGS,SBL-CUST-003208,DEP.RET.SAV,2002,2021-11-19,,0.058353,FLOATING,,,BR016
DEP-SAVINGS-0195,DEPOSIT,GHS,11856604.78,SAVINGS,SBL-CUST-003432,DEP.RET.SAV,2002,2023-09-04,,0.060385,FLOATING,,,BR001
DEP-SAVINGS-0196,DEPOSIT,GHS,15060883.87,SAVINGS,SBL-CUST-014014,DEP.RET.SAV,2002,2024-09-09,,0.071153,FLOATING,,,BR026
DEP-SAVINGS-0197,DEPOSIT,GHS,8169159.57,SAVINGS,SBL-CUST-008752,DEP.RET.SAV,2002,2021-10-21,,0.069833,FLOATING,,,BR028
DEP-SAVINGS-0198,DEPOSIT,GHS,5227971.98,SAVINGS,SBL-CUST-006573,DEP.RET.SAV,2002,2022-11-20,,0.054138,FLOATING,,,BR019
DEP-SAVINGS-0199,DEPOSIT,GHS,8303521.32,SAVINGS,SBL-CUST-006191,DEP.RET.SAV,2002,2025-04-16,,0.052929,FLOATING,,,BR019
DEP-SAVINGS-0200,DEPOSIT,GHS,6977402.53,SAVINGS,SBL-CUST-005717,DEP.RET.SAV,2002,2025-12-31,,0.049698,FLOATING,,,BR021
DEP-SAVINGS-0201,DEPOSIT,GHS,10447873.76,SAVINGS,SBL-CUST-010412,DEP.RET.SAV,2002,2019-10-26,,0.066925,FLOATING,,,BR003
DEP-SAVINGS-0202,DEPOSIT,GHS,5685169.08,SAVINGS,SBL-CUST-014691,DEP.RET.SAV,2002,2018-11-08,,0.052936,FLOATING,,,BR008
DEP-SAVINGS-0203,DEPOSIT,GHS,25094578.08,SAVINGS,SBL-CUST-014784,DEP.RET.SAV,2002,2025-02-13,,0.070849,FLOATING,,,BR003
DEP-SAVINGS-0204,DEPOSIT,GHS,7157281.03,SAVINGS,SBL-CUST-014588,DEP.RET.SAV,2002,2024-04-14,,0.069525,FLOATING,,,BR023
DEP-SAVINGS-0205,DEPOSIT,GHS,6837888.88,SAVINGS,SBL-CUST-012212,DEP.RET.SAV,2002,2022-04-22,,0.060761,FLOATING,,,BR002
DEP-SAVINGS-0206,DEPOSIT,GHS,9655928.24,SAVINGS,SBL-CUST-003437,DEP.RET.SAV,2002,2019-04-17,,0.053866,FLOATING,,,BR002
DEP-SAVINGS-0207,DEPOSIT,GHS,5434671.7,SAVINGS,SBL-CUST-012288,DEP.RET.SAV,2002,2025-03-10,,0.074679,FLOATING,,,BR015
DEP-SAVINGS-0208,DEPOSIT,GHS,44889925.07,SAVINGS,SBL-CUST-005438,DEP.RET.SAV,2002,2021-11-26,,0.059019,FLOATING,,,BR022
DEP-SAVINGS-0209,DEPOSIT,GHS,15850253.46,SAVINGS,SBL-CUST-001850,DEP.RET.SAV,2002,2024-08-25,,0.055078,FLOATING,,,BR018
DEP-SAVINGS-0210,DEPOSIT,GHS,24278804.49,SAVINGS,SBL-CUST-005243,DEP.RET.SAV,2002,2024-12-25,,0.041675,FLOATING,,,BR025
DEP-SAVINGS-0211,DEPOSIT,GHS,10702391.95,SAVINGS,SBL-CUST-007546,DEP.RET.SAV,2002,2022-05-31,,0.0664,FLOATING,,,BR016
DEP-SAVINGS-0212,DEPOSIT,GHS,5420286.19,SAVINGS,SBL-CUST-009785,DEP.RET.SAV,2002,2023-08-29,,0.06275,FLOATING,,,BR028
DEP-SAVINGS-0213,DEPOSIT,GHS,10002528.48,SAVINGS,SBL-CUST-001375,DEP.RET.SAV,2002,2023-07-18,,0.048506,FLOATING,,,BR013
DEP-SAVINGS-0214,DEPOSIT,GHS,10115499.43,SAVINGS,SBL-CUST-004150,DEP.RET.SAV,2002,2019-06-05,,0.06713,FLOATING,,,BR028
DEP-SAVINGS-0215,DEPOSIT,GHS,7028583.89,SAVINGS,SBL-CUST-014122,DEP.RET.SAV,2002,2021-07-20,,0.067392,FLOATING,,,BR009
DEP-SAVINGS-0216,DEPOSIT,GHS,18394510.67,SAVINGS,SBL-CUST-001082,DEP.RET.SAV,2002,2023-07-13,,0.045518,FLOATING,,,BR024
DEP-SAVINGS-0217,DEPOSIT,GHS,5064808.65,SAVINGS,SBL-CUST-003541,DEP.RET.SAV,2002,2019-04-25,,0.066049,FLOATING,,,BR023
DEP-SAVINGS-0218,DEPOSIT,GHS,6088037.31,SAVINGS,SBL-CUST-001828,DEP.RET.SAV,2002,2020-05-24,,0.04012,FLOATING,,,BR015
DEP-SAVINGS-0219,DEPOSIT,GHS,5726920.29,SAVINGS,SBL-CUST-014932,DEP.RET.SAV,2002,2020-12-06,,0.04617,FLOATING,,,BR005
DEP-SAVINGS-0220,DEPOSIT,GHS,8695656.92,SAVINGS,SBL-CUST-003439,DEP.RET.SAV,2002,2025-08-06,,0.07154,FLOATING,,,BR025
DEP-TIME_RET-0001,DEPOSIT,GHS,10931583.51,FIXED,SBL-CUST-003647,DEP.RET.TRM,2003,2019-08-07,2027-08-19,0.145513,FIXED,,,BR023
DEP-TIME_RET-0002,DEPOSIT,GHS,17327072.11,FIXED,SBL-CUST-008856,DEP.RET.TRM,2003,2024-05-05,2028-02-15,0.148289,FIXED,,,BR017
DEP-TIME_RET-0003,DEPOSIT,GHS,9587131.37,FIXED,SBL-CUST-009824,DEP.RET.TRM,2003,2019-11-27,2028-04-04,0.162567,FIXED,,,BR009
DEP-TIME_RET-0004,DEPOSIT,GHS,19733810.8,FIXED,SBL-CUST-012800,DEP.RET.TRM,2003,2024-06-28,2028-05-29,0.170897,FIXED,,,BR024
DEP-TIME_RET-0005,DEPOSIT,GHS,13994409.26,FIXED,SBL-CUST-005189,DEP.RET.TRM,2003,2021-03-13,2026-10-02,0.14597,FIXED,,,BR017
DEP-TIME_RET-0006,DEPOSIT,GHS,9141119.71,FIXED,SBL-CUST-009951,DEP.RET.TRM,2003,2023-03-24,2027-06-09,0.143916,FIXED,,,BR003
DEP-TIME_RET-0007,DEPOSIT,GHS,17749834.72,FIXED,SBL-CUST-004501,DEP.RET.TRM,2003,2025-07-01,2027-08-23,0.144261,FIXED,,,BR005
DEP-TIME_RET-0008,DEPOSIT,GHS,11558227.09,FIXED,SBL-CUST-001161,DEP.RET.TRM,2003,2018-10-08,2027-01-29,0.162151,FIXED,,,BR016
DEP-TIME_RET-0009,DEPOSIT,GHS,9630439.37,FIXED,SBL-CUST-012628,DEP.RET.TRM,2003,2023-06-26,2027-07-02,0.149877,FIXED,,,BR015
DEP-TIME_RET-0010,DEPOSIT,GHS,10340329.52,FIXED,SBL-CUST-001326,DEP.RET.TRM,2003,2021-01-14,2027-11-03,0.177376,FIXED,,,BR010
DEP-TIME_RET-0011,DEPOSIT,GHS,6816496.61,FIXED,SBL-CUST-002161,DEP.RET.TRM,2003,2018-11-23,2027-05-06,0.178763,FIXED,,,BR026
DEP-TIME_RET-0012,DEPOSIT,GHS,7729689.34,FIXED,SBL-CUST-010512,DEP.RET.TRM,2003,2019-01-20,2028-02-02,0.138443,FIXED,,,BR006
DEP-TIME_RET-0013,DEPOSIT,GHS,11161724.24,FIXED,SBL-CUST-005357,DEP.RET.TRM,2003,2024-03-25,2027-08-25,0.163284,FIXED,,,BR007
DEP-TIME_RET-0014,DEPOSIT,GHS,9400280.52,FIXED,SBL-CUST-014628,DEP.RET.TRM,2003,2023-12-20,2027-10-05,0.185314,FIXED,,,BR015
DEP-TIME_RET-0015,DEPOSIT,GHS,7125746.77,FIXED,SBL-CUST-002624,DEP.RET.TRM,2003,2020-11-21,2026-09-21,0.132892,FIXED,,,BR013
DEP-TIME_RET-0016,DEPOSIT,GHS,12382143.36,FIXED,SBL-CUST-013834,DEP.RET.TRM,2003,2018-09-21,2026-09-19,0.172978,FIXED,,,BR013
DEP-TIME_RET-0017,DEPOSIT,GHS,6888808.6,FIXED,SBL-CUST-012152,DEP.RET.TRM,2003,2020-11-19,2026-08-08,0.17273,FIXED,,,BR003
DEP-TIME_RET-0018,DEPOSIT,GHS,11711788.92,FIXED,SBL-CUST-010552,DEP.RET.TRM,2003,2024-06-07,2028-04-03,0.151958,FIXED,,,BR009
DEP-TIME_RET-0019,DEPOSIT,GHS,6192649.49,FIXED,SBL-CUST-006365,DEP.RET.TRM,2003,2019-03-30,2027-09-09,0.172781,FIXED,,,BR018
DEP-TIME_RET-0020,DEPOSIT,GHS,7536384.85,FIXED,SBL-CUST-001368,DEP.RET.TRM,2003,2019-08-25,2027-02-23,0.187131,FIXED,,,BR013
DEP-TIME_RET-0021,DEPOSIT,GHS,28823022.73,FIXED,SBL-CUST-002569,DEP.RET.TRM,2003,2018-12-15,2028-03-28,0.174669,FIXED,,,BR008
DEP-TIME_RET-0022,DEPOSIT,GHS,8827018.75,FIXED,SBL-CUST-008443,DEP.RET.TRM,2003,2025-11-29,2026-07-20,0.142116,FIXED,,,BR005
DEP-TIME_RET-0023,DEPOSIT,GHS,31876164.62,FIXED,SBL-CUST-008966,DEP.RET.TRM,2003,2021-04-25,2028-03-24,0.187636,FIXED,,,BR027
DEP-TIME_RET-0024,DEPOSIT,GHS,8204297.32,FIXED,SBL-CUST-006126,DEP.RET.TRM,2003,2019-09-03,2026-07-26,0.177354,FIXED,,,BR017
DEP-TIME_RET-0025,DEPOSIT,GHS,12568195.5,FIXED,SBL-CUST-003837,DEP.RET.TRM,2003,2025-11-04,2027-05-05,0.185397,FIXED,,,BR001
DEP-TIME_RET-0026,DEPOSIT,GHS,7043514.05,FIXED,SBL-CUST-008023,DEP.RET.TRM,2003,2024-10-27,2027-10-10,0.121067,FIXED,,,BR013
DEP-TIME_RET-0027,DEPOSIT,GHS,8231915.38,FIXED,SBL-CUST-006103,DEP.RET.TRM,2003,2022-10-09,2026-10-01,0.142033,FIXED,,,BR017
DEP-TIME_RET-0028,DEPOSIT,GHS,7591237.04,FIXED,SBL-CUST-014781,DEP.RET.TRM,2003,2019-04-05,2027-03-23,0.169197,FIXED,,,BR006
DEP-TIME_RET-0029,DEPOSIT,GHS,12338187.44,FIXED,SBL-CUST-010519,DEP.RET.TRM,2003,2020-06-07,2027-05-03,0.141654,FIXED,,,BR024
DEP-TIME_RET-0030,DEPOSIT,GHS,9115898.04,FIXED,SBL-CUST-001390,DEP.RET.TRM,2003,2019-05-25,2028-02-25,0.146911,FIXED,,,BR005
DEP-TIME_RET-0031,DEPOSIT,GHS,6489529.21,FIXED,SBL-CUST-003700,DEP.RET.TRM,2003,2020-11-21,2027-07-23,0.140363,FIXED,,,BR018
DEP-TIME_RET-0032,DEPOSIT,GHS,18957982.9,FIXED,SBL-CUST-004075,DEP.RET.TRM,2003,2024-07-05,2027-04-05,0.187157,FIXED,,,BR027
DEP-TIME_RET-0033,DEPOSIT,GHS,7783093.26,FIXED,SBL-CUST-011281,DEP.RET.TRM,2003,2022-12-29,2026-09-28,0.134654,FIXED,,,BR021
DEP-TIME_RET-0034,DEPOSIT,GHS,7705275.74,FIXED,SBL-CUST-010054,DEP.RET.TRM,2003,2018-09-10,2027-08-15,0.156724,FIXED,,,BR017
DEP-TIME_RET-0035,DEPOSIT,GHS,18060732.09,FIXED,SBL-CUST-004631,DEP.RET.TRM,2003,2026-04-18,2027-08-01,0.188588,FIXED,,,BR018
DEP-TIME_RET-0036,DEPOSIT,GHS,6153137.15,FIXED,SBL-CUST-014219,DEP.RET.TRM,2003,2018-12-09,2027-10-12,0.177996,FIXED,,,BR010
DEP-TIME_RET-0037,DEPOSIT,GHS,7808671.41,FIXED,SBL-CUST-008693,DEP.RET.TRM,2003,2021-11-18,2028-05-22,0.13721,FIXED,,,BR004
DEP-TIME_RET-0038,DEPOSIT,GHS,11380580.39,FIXED,SBL-CUST-011944,DEP.RET.TRM,2003,2024-06-16,2027-11-16,0.122689,FIXED,,,BR012
DEP-TIME_RET-0039,DEPOSIT,GHS,7586890.5,FIXED,SBL-CUST-009119,DEP.RET.TRM,2003,2020-09-30,2027-06-07,0.134263,FIXED,,,BR014
DEP-TIME_RET-0040,DEPOSIT,GHS,11586693.35,FIXED,SBL-CUST-010916,DEP.RET.TRM,2003,2024-06-20,2027-11-13,0.155457,FIXED,,,BR012
DEP-TIME_RET-0041,DEPOSIT,GHS,14218754.83,FIXED,SBL-CUST-009116,DEP.RET.TRM,2003,2020-03-21,2027-11-06,0.124604,FIXED,,,BR021
DEP-TIME_RET-0042,DEPOSIT,GHS,12058759.82,FIXED,SBL-CUST-000772,DEP.RET.TRM,2003,2019-02-17,2027-09-23,0.125222,FIXED,,,BR014
DEP-TIME_RET-0043,DEPOSIT,GHS,18017593.58,FIXED,SBL-CUST-011544,DEP.RET.TRM,2003,2023-01-07,2027-06-30,0.156027,FIXED,,,BR020
DEP-TIME_RET-0044,DEPOSIT,GHS,8158492.72,FIXED,SBL-CUST-008727,DEP.RET.TRM,2003,2021-04-12,2026-09-09,0.165557,FIXED,,,BR014
DEP-TIME_RET-0045,DEPOSIT,GHS,35862125.27,FIXED,SBL-CUST-011126,DEP.RET.TRM,2003,2025-08-07,2027-08-11,0.185737,FIXED,,,BR007
DEP-TIME_RET-0046,DEPOSIT,GHS,17394818.53,FIXED,SBL-CUST-005749,DEP.RET.TRM,2003,2019-11-27,2027-05-07,0.141369,FIXED,,,BR026
DEP-TIME_RET-0047,DEPOSIT,GHS,10587533.56,FIXED,SBL-CUST-012260,DEP.RET.TRM,2003,2022-10-16,2027-06-03,0.134973,FIXED,,,BR006
DEP-TIME_RET-0048,DEPOSIT,GHS,9323692.2,FIXED,SBL-CUST-011229,DEP.RET.TRM,2003,2025-02-13,2028-04-25,0.179469,FIXED,,,BR001
DEP-TIME_RET-0049,DEPOSIT,GHS,15885167.33,FIXED,SBL-CUST-014387,DEP.RET.TRM,2003,2022-12-31,2028-05-15,0.135763,FIXED,,,BR015
DEP-TIME_RET-0050,DEPOSIT,GHS,8218673.09,FIXED,SBL-CUST-004957,DEP.RET.TRM,2003,2021-07-28,2027-07-21,0.162842,FIXED,,,BR023
DEP-TIME_RET-0051,DEPOSIT,GHS,29033749.0,FIXED,SBL-CUST-005676,DEP.RET.TRM,2003,2021-05-03,2026-08-09,0.166094,FIXED,,,BR001
DEP-TIME_RET-0052,DEPOSIT,GHS,9070397.42,FIXED,SBL-CUST-005241,DEP.RET.TRM,2003,2021-04-03,2026-12-05,0.17886,FIXED,,,BR027
DEP-TIME_RET-0053,DEPOSIT,GHS,16680284.01,FIXED,SBL-CUST-007727,DEP.RET.TRM,2003,2025-03-06,2027-11-12,0.151895,FIXED,,,BR010
DEP-TIME_RET-0054,DEPOSIT,GHS,21178270.55,FIXED,SBL-CUST-012452,DEP.RET.TRM,2003,2022-07-05,2027-06-06,0.17205,FIXED,,,BR011
DEP-TIME_RET-0055,DEPOSIT,GHS,8766081.03,FIXED,SBL-CUST-006032,DEP.RET.TRM,2003,2026-02-20,2027-09-01,0.150229,FIXED,,,BR019
DEP-TIME_RET-0056,DEPOSIT,GHS,10339792.8,FIXED,SBL-CUST-002630,DEP.RET.TRM,2003,2022-02-18,2026-11-09,0.152056,FIXED,,,BR008
DEP-TIME_RET-0057,DEPOSIT,GHS,11530576.29,FIXED,SBL-CUST-004899,DEP.RET.TRM,2003,2022-08-15,2026-11-04,0.150844,FIXED,,,BR018
DEP-TIME_RET-0058,DEPOSIT,GHS,17264651.16,FIXED,SBL-CUST-000526,DEP.RET.TRM,2003,2024-10-29,2028-01-04,0.185832,FIXED,,,BR023
DEP-TIME_RET-0059,DEPOSIT,GHS,36870025.28,FIXED,SBL-CUST-005834,DEP.RET.TRM,2003,2025-04-08,2028-04-08,0.120903,FIXED,,,BR005
DEP-TIME_RET-0060,DEPOSIT,GHS,6308756.23,FIXED,SBL-CUST-012858,DEP.RET.TRM,2003,2025-02-05,2027-06-10,0.151065,FIXED,,,BR026
DEP-TIME_RET-0061,DEPOSIT,GHS,7935340.53,FIXED,SBL-CUST-002016,DEP.RET.TRM,2003,2020-10-25,2027-01-17,0.174342,FIXED,,,BR024
DEP-TIME_RET-0062,DEPOSIT,GHS,7403125.57,FIXED,SBL-CUST-007258,DEP.RET.TRM,2003,2025-02-26,2026-07-30,0.176124,FIXED,,,BR019
DEP-TIME_RET-0063,DEPOSIT,GHS,13146322.8,FIXED,SBL-CUST-009649,DEP.RET.TRM,2003,2022-02-19,2026-10-13,0.150439,FIXED,,,BR027
DEP-TIME_RET-0064,DEPOSIT,GHS,8201028.98,FIXED,SBL-CUST-003546,DEP.RET.TRM,2003,2026-05-07,2026-10-06,0.123854,FIXED,,,BR021
DEP-TIME_RET-0065,DEPOSIT,GHS,43374293.13,FIXED,SBL-CUST-004176,DEP.RET.TRM,2003,2020-07-25,2026-10-19,0.187423,FIXED,,,BR024
DEP-TIME_RET-0066,DEPOSIT,GHS,6739408.71,FIXED,SBL-CUST-013938,DEP.RET.TRM,2003,2024-11-20,2028-02-07,0.138317,FIXED,,,BR005
DEP-TIME_RET-0067,DEPOSIT,GHS,12153185.05,FIXED,SBL-CUST-008984,DEP.RET.TRM,2003,2023-09-07,2027-06-02,0.167234,FIXED,,,BR015
DEP-TIME_RET-0068,DEPOSIT,GHS,10545512.38,FIXED,SBL-CUST-012949,DEP.RET.TRM,2003,2023-06-27,2026-09-20,0.182633,FIXED,,,BR020
DEP-TIME_RET-0069,DEPOSIT,GHS,8650398.67,FIXED,SBL-CUST-013018,DEP.RET.TRM,2003,2021-02-16,2027-10-13,0.177113,FIXED,,,BR001
DEP-TIME_RET-0070,DEPOSIT,GHS,89400355.82,FIXED,SBL-CUST-010253,DEP.RET.TRM,2003,2024-03-12,2027-11-02,0.14514,FIXED,,,BR016
DEP-TIME_RET-0071,DEPOSIT,GHS,18017133.68,FIXED,SBL-CUST-008919,DEP.RET.TRM,2003,2021-07-26,2026-10-02,0.169741,FIXED,,,BR025
DEP-TIME_RET-0072,DEPOSIT,GHS,22310363.08,FIXED,SBL-CUST-011637,DEP.RET.TRM,2003,2022-04-24,2026-09-12,0.189718,FIXED,,,BR015
DEP-TIME_RET-0073,DEPOSIT,GHS,6748013.08,FIXED,SBL-CUST-006159,DEP.RET.TRM,2003,2022-07-04,2028-04-20,0.185077,FIXED,,,BR002
DEP-TIME_RET-0074,DEPOSIT,GHS,22731426.27,FIXED,SBL-CUST-000054,DEP.RET.TRM,2003,2024-01-14,2026-07-26,0.167527,FIXED,,,BR002
DEP-TIME_RET-0075,DEPOSIT,GHS,7018828.58,FIXED,SBL-CUST-001111,DEP.RET.TRM,2003,2020-03-13,2027-09-19,0.177004,FIXED,,,BR025
DEP-TIME_RET-0076,DEPOSIT,GHS,51832819.42,FIXED,SBL-CUST-007093,DEP.RET.TRM,2003,2024-04-06,2027-02-15,0.147443,FIXED,,,BR022
DEP-TIME_RET-0077,DEPOSIT,GHS,14531738.9,FIXED,SBL-CUST-004668,DEP.RET.TRM,2003,2024-05-10,2027-01-29,0.177812,FIXED,,,BR012
DEP-TIME_RET-0078,DEPOSIT,GHS,14448654.33,FIXED,SBL-CUST-008061,DEP.RET.TRM,2003,2020-11-29,2026-08-22,0.168544,FIXED,,,BR028
DEP-TIME_RET-0079,DEPOSIT,GHS,8906836.27,FIXED,SBL-CUST-010263,DEP.RET.TRM,2003,2024-12-21,2026-08-04,0.189531,FIXED,,,BR001
DEP-TIME_RET-0080,DEPOSIT,GHS,7295578.63,FIXED,SBL-CUST-001398,DEP.RET.TRM,2003,2025-01-18,2027-09-24,0.17093,FIXED,,,BR022
DEP-TIME_CORP-0001,DEPOSIT,GHS,12013259.06,FIXED,SBL-CUST-001167,DEP.CORP.TRM,2005,2019-01-29,2028-05-29,0.158255,FIXED,,,BR023
DEP-TIME_CORP-0002,DEPOSIT,GHS,11812739.02,FIXED,SBL-CUST-007445,DEP.CORP.TRM,2005,2019-04-09,2028-05-25,0.182033,FIXED,,,BR027
DEP-TIME_CORP-0003,DEPOSIT,GHS,8626954.88,FIXED,SBL-CUST-005638,DEP.CORP.TRM,2005,2020-01-26,2028-05-04,0.129418,FIXED,,,BR019
DEP-TIME_CORP-0004,DEPOSIT,GHS,10055001.22,FIXED,SBL-CUST-004456,DEP.CORP.TRM,2005,2019-08-22,2027-08-29,0.160855,FIXED,,,BR019
DEP-TIME_CORP-0005,DEPOSIT,GHS,8717925.43,FIXED,SBL-CUST-002832,DEP.CORP.TRM,2005,2018-08-20,2027-10-27,0.199543,FIXED,,,BR020
DEP-TIME_CORP-0006,DEPOSIT,GHS,8558317.15,FIXED,SBL-CUST-005779,DEP.CORP.TRM,2005,2022-02-03,2027-08-22,0.183306,FIXED,,,BR021
DEP-TIME_CORP-0007,DEPOSIT,GHS,36821727.31,FIXED,SBL-CUST-002865,DEP.CORP.TRM,2005,2019-02-05,2028-03-24,0.147336,FIXED,,,BR004
DEP-TIME_CORP-0008,DEPOSIT,GHS,19308333.97,FIXED,SBL-CUST-013923,DEP.CORP.TRM,2005,2023-02-02,2027-05-01,0.132152,FIXED,,,BR006
DEP-TIME_CORP-0009,DEPOSIT,GHS,36825460.94,FIXED,SBL-CUST-009760,DEP.CORP.TRM,2005,2023-03-30,2027-02-27,0.179656,FIXED,,,BR006
DEP-TIME_CORP-0010,DEPOSIT,GHS,8749923.12,FIXED,SBL-CUST-008160,DEP.CORP.TRM,2005,2023-06-05,2028-05-04,0.158477,FIXED,,,BR020
DEP-TIME_CORP-0011,DEPOSIT,GHS,78075867.16,FIXED,SBL-CUST-010524,DEP.CORP.TRM,2005,2022-11-25,2028-01-01,0.16326,FIXED,,,BR016
DEP-TIME_CORP-0012,DEPOSIT,GHS,9064234.54,FIXED,SBL-CUST-014581,DEP.CORP.TRM,2005,2019-03-26,2027-10-19,0.133819,FIXED,,,BR007
DEP-TIME_CORP-0013,DEPOSIT,GHS,45600496.26,FIXED,SBL-CUST-006694,DEP.CORP.TRM,2005,2021-08-30,2026-09-16,0.175523,FIXED,,,BR002
DEP-TIME_CORP-0014,DEPOSIT,GHS,34107362.59,FIXED,SBL-CUST-011999,DEP.CORP.TRM,2005,2019-09-01,2026-11-18,0.184698,FIXED,,,BR013
DEP-TIME_CORP-0015,DEPOSIT,GHS,10407912.93,FIXED,SBL-CUST-009069,DEP.CORP.TRM,2005,2021-12-28,2027-09-26,0.143546,FIXED,,,BR002
DEP-TIME_CORP-0016,DEPOSIT,GHS,9299335.83,FIXED,SBL-CUST-008777,DEP.CORP.TRM,2005,2025-05-04,2026-08-11,0.146139,FIXED,,,BR016
DEP-TIME_CORP-0017,DEPOSIT,GHS,11521577.95,FIXED,SBL-CUST-002006,DEP.CORP.TRM,2005,2023-11-13,2027-09-10,0.153907,FIXED,,,BR005
DEP-TIME_CORP-0018,DEPOSIT,GHS,9153222.9,FIXED,SBL-CUST-014581,DEP.CORP.TRM,2005,2023-05-03,2027-01-21,0.1608,FIXED,,,BR010
DEP-TIME_CORP-0019,DEPOSIT,GHS,10794930.7,FIXED,SBL-CUST-010393,DEP.CORP.TRM,2005,2020-01-07,2027-08-26,0.148877,FIXED,,,BR005
DEP-TIME_CORP-0020,DEPOSIT,GHS,12158331.44,FIXED,SBL-CUST-010780,DEP.CORP.TRM,2005,2024-10-29,2028-03-13,0.193423,FIXED,,,BR009
DEP-TIME_CORP-0021,DEPOSIT,GHS,13659904.87,FIXED,SBL-CUST-012946,DEP.CORP.TRM,2005,2024-07-17,2027-12-11,0.149859,FIXED,,,BR005
DEP-TIME_CORP-0022,DEPOSIT,GHS,16562129.33,FIXED,SBL-CUST-007674,DEP.CORP.TRM,2005,2021-12-29,2027-06-25,0.19374,FIXED,,,BR013
DEP-TIME_CORP-0023,DEPOSIT,GHS,11559066.0,FIXED,SBL-CUST-013953,DEP.CORP.TRM,2005,2024-08-27,2028-03-26,0.149499,FIXED,,,BR010
DEP-TIME_CORP-0024,DEPOSIT,GHS,22543695.5,FIXED,SBL-CUST-005415,DEP.CORP.TRM,2005,2026-04-09,2027-02-02,0.171126,FIXED,,,BR027
DEP-TIME_CORP-0025,DEPOSIT,GHS,9563461.73,FIXED,SBL-CUST-011694,DEP.CORP.TRM,2005,2018-12-20,2026-09-20,0.181781,FIXED,,,BR003
DEP-TIME_CORP-0026,DEPOSIT,GHS,12123857.87,FIXED,SBL-CUST-006150,DEP.CORP.TRM,2005,2021-01-23,2026-08-20,0.183278,FIXED,,,BR008
DEP-TIME_CORP-0027,DEPOSIT,GHS,27853629.92,FIXED,SBL-CUST-012379,DEP.CORP.TRM,2005,2021-10-25,2027-11-29,0.191355,FIXED,,,BR020
DEP-TIME_CORP-0028,DEPOSIT,GHS,23015443.25,FIXED,SBL-CUST-011364,DEP.CORP.TRM,2005,2020-08-29,2027-04-07,0.129841,FIXED,,,BR008
DEP-TIME_CORP-0029,DEPOSIT,GHS,8856951.76,FIXED,SBL-CUST-005100,DEP.CORP.TRM,2005,2024-03-07,2028-04-03,0.18419,FIXED,,,BR008
DEP-TIME_CORP-0030,DEPOSIT,GHS,67915336.63,FIXED,SBL-CUST-002438,DEP.CORP.TRM,2005,2025-02-20,2028-02-10,0.136132,FIXED,,,BR007
DEP-TIME_CORP-0031,DEPOSIT,GHS,14357237.69,FIXED,SBL-CUST-002283,DEP.CORP.TRM,2005,2025-12-23,2026-09-09,0.167802,FIXED,,,BR006
DEP-TIME_CORP-0032,DEPOSIT,GHS,21529084.96,FIXED,SBL-CUST-013272,DEP.CORP.TRM,2005,2021-02-19,2027-04-10,0.171315,FIXED,,,BR011
DEP-TIME_CORP-0033,DEPOSIT,GHS,11931674.38,FIXED,SBL-CUST-009863,DEP.CORP.TRM,2005,2021-09-11,2028-03-12,0.132567,FIXED,,,BR021
DEP-TIME_CORP-0034,DEPOSIT,GHS,9459779.58,FIXED,SBL-CUST-009075,DEP.CORP.TRM,2005,2020-05-10,2026-10-08,0.182666,FIXED,,,BR022
DEP-TIME_CORP-0035,DEPOSIT,GHS,15840328.84,FIXED,SBL-CUST-001118,DEP.CORP.TRM,2005,2024-11-21,2027-12-02,0.16508,FIXED,,,BR018
DEP-TIME_CORP-0036,DEPOSIT,GHS,13371084.03,FIXED,SBL-CUST-014274,DEP.CORP.TRM,2005,2023-08-06,2028-02-09,0.16031,FIXED,,,BR005
DEP-TIME_CORP-0037,DEPOSIT,GHS,9875907.66,FIXED,SBL-CUST-006241,DEP.CORP.TRM,2005,2018-08-18,2027-07-31,0.140562,FIXED,,,BR005
DEP-TIME_CORP-0038,DEPOSIT,GHS,31308591.39,FIXED,SBL-CUST-012057,DEP.CORP.TRM,2005,2021-05-04,2027-07-30,0.174882,FIXED,,,BR010
DEP-TIME_CORP-0039,DEPOSIT,GHS,21457117.01,FIXED,SBL-CUST-007819,DEP.CORP.TRM,2005,2024-10-09,2028-04-19,0.175566,FIXED,,,BR019
DEP-TIME_CORP-0040,DEPOSIT,GHS,9513473.56,FIXED,SBL-CUST-001242,DEP.CORP.TRM,2005,2023-10-30,2028-01-07,0.161117,FIXED,,,BR012
DEP-TIME_CORP-0041,DEPOSIT,GHS,19436403.04,FIXED,SBL-CUST-000901,DEP.CORP.TRM,2005,2019-06-28,2026-12-03,0.16114,FIXED,,,BR022
DEP-TIME_CORP-0042,DEPOSIT,GHS,21831603.27,FIXED,SBL-CUST-012473,DEP.CORP.TRM,2005,2021-06-09,2027-10-27,0.159662,FIXED,,,BR011
DEP-TIME_CORP-0043,DEPOSIT,GHS,11441820.88,FIXED,SBL-CUST-002922,DEP.CORP.TRM,2005,2023-01-03,2027-04-27,0.194195,FIXED,,,BR004
DEP-TIME_CORP-0044,DEPOSIT,GHS,25207827.11,FIXED,SBL-CUST-005031,DEP.CORP.TRM,2005,2021-07-03,2027-12-30,0.166554,FIXED,,,BR010
DEP-TIME_CORP-0045,DEPOSIT,GHS,91915705.87,FIXED,SBL-CUST-008426,DEP.CORP.TRM,2005,2025-06-05,2028-05-03,0.181109,FIXED,,,BR005
DEP-TIME_CORP-0046,DEPOSIT,GHS,9154518.6,FIXED,SBL-CUST-014110,DEP.CORP.TRM,2005,2021-10-23,2027-05-09,0.190729,FIXED,,,BR028
DEP-TIME_CORP-0047,DEPOSIT,GHS,12173217.09,FIXED,SBL-CUST-008444,DEP.CORP.TRM,2005,2025-01-31,2026-08-02,0.19967,FIXED,,,BR005
DEP-TIME_CORP-0048,DEPOSIT,GHS,14177102.3,FIXED,SBL-CUST-000126,DEP.CORP.TRM,2005,2021-12-28,2028-01-10,0.183395,FIXED,,,BR004
DEP-TIME_CORP-0049,DEPOSIT,GHS,16020941.34,FIXED,SBL-CUST-003769,DEP.CORP.TRM,2005,2024-04-19,2027-07-25,0.157764,FIXED,,,BR009
DEP-TIME_CORP-0050,DEPOSIT,GHS,46843876.25,FIXED,SBL-CUST-004450,DEP.CORP.TRM,2005,2020-06-01,2028-02-13,0.166019,FIXED,,,BR024
DEP-CD-0001,DEPOSIT,GHS,6907631.65,OTHER,SBL-CUST-005478,DEP.GHS.CD,2003,2024-06-12,2026-09-04,0.172281,FLOATING,,certificate_of_deposit,BR013
DEP-CD-0002,DEPOSIT,GHS,6526963.16,OTHER,SBL-CUST-004045,DEP.GHS.CD,2003,2026-05-01,2028-03-10,0.194222,FLOATING,,certificate_of_deposit,BR025
DEP-CD-0003,DEPOSIT,GHS,8577879.49,OTHER,SBL-CUST-013190,DEP.GHS.CD,2003,2023-09-27,2027-04-23,0.16993,FLOATING,,certificate_of_deposit,BR009
DEP-CD-0004,DEPOSIT,GHS,7728132.17,OTHER,SBL-CUST-013188,DEP.GHS.CD,2003,2021-07-26,2026-12-31,0.16536,FLOATING,,certificate_of_deposit,BR023
DEP-CD-0005,DEPOSIT,GHS,12258359.21,OTHER,SBL-CUST-005564,DEP.GHS.CD,2003,2020-01-15,2027-04-17,0.196102,FLOATING,,certificate_of_deposit,BR003
DEP-CD-0006,DEPOSIT,GHS,5655398.22,OTHER,SBL-CUST-011178,DEP.GHS.CD,2003,2020-11-08,2027-06-28,0.17804,FLOATING,,certificate_of_deposit,BR007
DEP-CD-0007,DEPOSIT,GHS,14829043.14,OTHER,SBL-CUST-000367,DEP.GHS.CD,2003,2020-06-05,2026-08-11,0.189967,FLOATING,,certificate_of_deposit,BR020
DEP-CD-0008,DEPOSIT,GHS,5448161.59,OTHER,SBL-CUST-014297,DEP.GHS.CD,2003,2023-04-06,2026-09-14,0.198269,FLOATING,,certificate_of_deposit,BR002
DEP-CD-0009,DEPOSIT,GHS,8144447.75,OTHER,SBL-CUST-000908,DEP.GHS.CD,2003,2025-01-30,2027-01-28,0.190136,FLOATING,,certificate_of_deposit,BR024
DEP-CD-0010,DEPOSIT,GHS,6890531.92,OTHER,SBL-CUST-010753,DEP.GHS.CD,2003,2022-06-20,2026-11-22,0.169278,FLOATING,,certificate_of_deposit,BR028
DEP-CD-0011,DEPOSIT,GHS,7561547.46,OTHER,SBL-CUST-011826,DEP.GHS.CD,2003,2025-01-30,2027-08-08,0.144492,FLOATING,,certificate_of_deposit,BR008
DEP-CD-0012,DEPOSIT,GHS,79693212.82,OTHER,SBL-CUST-009484,DEP.GHS.CD,2003,2021-06-01,2027-01-22,0.186118,FLOATING,,certificate_of_deposit,BR013
DEP-CD-0013,DEPOSIT,GHS,6452737.35,OTHER,SBL-CUST-005702,DEP.GHS.CD,2003,2021-02-19,2028-01-04,0.146977,FLOATING,,certificate_of_deposit,BR023
DEP-CD-0014,DEPOSIT,GHS,22499711.51,OTHER,SBL-CUST-010076,DEP.GHS.CD,2003,2024-08-30,2027-04-20,0.190682,FLOATING,,certificate_of_deposit,BR025
DEP-CD-0015,DEPOSIT,GHS,10061817.3,OTHER,SBL-CUST-010007,DEP.GHS.CD,2003,2025-05-21,2026-08-13,0.194248,FLOATING,,certificate_of_deposit,BR008
DEP-CD-0016,DEPOSIT,GHS,5226190.71,OTHER,SBL-CUST-010640,DEP.GHS.CD,2003,2023-11-26,2026-08-28,0.178793,FLOATING,,certificate_of_deposit,BR027
DEP-CD-0017,DEPOSIT,GHS,20201069.15,OTHER,SBL-CUST-008744,DEP.GHS.CD,2003,2024-01-16,2027-02-05,0.185492,FLOATING,,certificate_of_deposit,BR016
DEP-CD-0018,DEPOSIT,GHS,31263817.56,OTHER,SBL-CUST-000210,DEP.GHS.CD,2003,2023-08-14,2027-06-24,0.183207,FLOATING,,certificate_of_deposit,BR013
DEP-CD-0019,DEPOSIT,GHS,31533853.76,OTHER,SBL-CUST-000394,DEP.GHS.CD,2003,2021-06-03,2028-02-02,0.167021,FLOATING,,certificate_of_deposit,BR003
DEP-CD-0020,DEPOSIT,GHS,14150805.7,OTHER,SBL-CUST-013043,DEP.GHS.CD,2003,2021-12-23,2027-11-01,0.197796,FLOATING,,certificate_of_deposit,BR027
DEP-CD-0021,DEPOSIT,GHS,18836694.16,OTHER,SBL-CUST-014837,DEP.GHS.CD,2003,2023-10-19,2027-08-25,0.19883,FLOATING,,certificate_of_deposit,BR014
DEP-CD-0022,DEPOSIT,GHS,103098981.85,OTHER,SBL-CUST-000297,DEP.GHS.CD,2003,2022-08-12,2026-08-08,0.156461,FLOATING,,certificate_of_deposit,BR015
DEP-CD-0023,DEPOSIT,GHS,6261342.43,OTHER,SBL-CUST-007156,DEP.GHS.CD,2003,2020-10-15,2028-01-09,0.193367,FLOATING,,certificate_of_deposit,BR028
DEP-CD-0024,DEPOSIT,GHS,6979907.28,OTHER,SBL-CUST-001223,DEP.GHS.CD,2003,2025-11-10,2027-07-17,0.164964,FLOATING,,certificate_of_deposit,BR015
DEP-CD-0025,DEPOSIT,GHS,6354512.48,OTHER,SBL-CUST-008414,DEP.GHS.CD,2003,2020-04-19,2027-10-10,0.180282,FLOATING,,certificate_of_deposit,BR021
DEP-SPECIAL-0001,DEPOSIT,GHS,25620644.14,OTHER,SBL-CUST-012195,DEP.GHS.SPECIAL,2000,2023-04-23,,0.005418,FLOATING,,special_deposit,BR027
DEP-SPECIAL-0002,DEPOSIT,GHS,6252545.8,OTHER,SBL-CUST-000352,DEP.GHS.SPECIAL,2000,2019-04-30,,0.010546,FLOATING,,special_deposit,BR001
DEP-SPECIAL-0003,DEPOSIT,GHS,13187405.22,OTHER,SBL-CUST-013720,DEP.GHS.SPECIAL,2000,2025-09-07,,0.000336,FLOATING,,special_deposit,BR013
DEP-SPECIAL-0004,DEPOSIT,GHS,7347885.56,OTHER,SBL-CUST-007947,DEP.GHS.SPECIAL,2000,2023-05-14,,0.014205,FLOATING,,special_deposit,BR023
DEP-SPECIAL-0005,DEPOSIT,GHS,7908986.59,OTHER,SBL-CUST-002475,DEP.GHS.SPECIAL,2000,2019-02-17,,0.004743,FLOATING,,special_deposit,BR028
DEP-SPECIAL-0006,DEPOSIT,GHS,7790066.9,OTHER,SBL-CUST-001733,DEP.GHS.SPECIAL,2000,2026-05-16,,0.020932,FLOATING,,special_deposit,BR001
DEP-SPECIAL-0007,DEPOSIT,GHS,26651268.15,OTHER,SBL-CUST-010133,DEP.GHS.SPECIAL,2000,2019-03-20,,0.023702,FLOATING,,special_deposit,BR013
DEP-SPECIAL-0008,DEPOSIT,GHS,41817872.38,OTHER,SBL-CUST-004515,DEP.GHS.SPECIAL,2000,2026-03-22,,0.001018,FLOATING,,special_deposit,BR016
DEP-SPECIAL-0009,DEPOSIT,GHS,6087621.96,OTHER,SBL-CUST-013590,DEP.GHS.SPECIAL,2000,2025-11-05,,0.026828,FLOATING,,special_deposit,BR028
DEP-SPECIAL-0010,DEPOSIT,GHS,8759538.21,OTHER,SBL-CUST-002906,DEP.GHS.SPECIAL,2000,2018-12-11,,0.021528,FLOATING,,special_deposit,BR012
DEP-SPECIAL-0011,DEPOSIT,GHS,7288009.91,OTHER,SBL-CUST-004437,DEP.GHS.SPECIAL,2000,2023-07-16,,0.008157,FLOATING,,special_deposit,BR017
DEP-SPECIAL-0012,DEPOSIT,GHS,6717049.59,OTHER,SBL-CUST-005411,DEP.GHS.SPECIAL,2000,2025-01-12,,0.015143,FLOATING,,special_deposit,BR024
DEP-SPECIAL-0013,DEPOSIT,GHS,8535517.32,OTHER,SBL-CUST-004248,DEP.GHS.SPECIAL,2000,2019-05-30,,0.028766,FLOATING,,special_deposit,BR028
DEP-SPECIAL-0014,DEPOSIT,GHS,24356875.64,OTHER,SBL-CUST-007352,DEP.GHS.SPECIAL,2000,2022-04-04,,0.021821,FLOATING,,special_deposit,BR017
DEP-SPECIAL-0015,DEPOSIT,GHS,10158856.26,OTHER,SBL-CUST-004218,DEP.GHS.SPECIAL,2000,2025-08-27,,0.014323,FLOATING,,special_deposit,BR003
DEP-SPECIAL-0016,DEPOSIT,GHS,6435518.4,OTHER,SBL-CUST-006692,DEP.GHS.SPECIAL,2000,2018-08-07,,0.006452,FLOATING,,special_deposit,BR024
DEP-SPECIAL-0017,DEPOSIT,GHS,6876851.98,OTHER,SBL-CUST-013542,DEP.GHS.SPECIAL,2000,2019-11-14,,0.01554,FLOATING,,special_deposit,BR023
DEP-SPECIAL-0018,DEPOSIT,GHS,9861175.1,OTHER,SBL-CUST-010270,DEP.GHS.SPECIAL,2000,2018-09-18,,0.0125,FLOATING,,special_deposit,BR018
DEP-MARGIN-0001,DEPOSIT,GHS,5783348.7,OTHER,SBL-CUST-008378,DEP.GHS.MARGIN,2000,2024-01-26,,0.0,FLOATING,,margin_against_contingent,BR015
DEP-MARGIN-0002,DEPOSIT,GHS,12924448.23,OTHER,SBL-CUST-013631,DEP.GHS.MARGIN,2000,2025-04-27,,0.0,FLOATING,,margin_against_contingent,BR002
DEP-MARGIN-0003,DEPOSIT,GHS,19768078.68,OTHER,SBL-CUST-010768,DEP.GHS.MARGIN,2000,2019-03-10,,0.0,FLOATING,,margin_against_contingent,BR016
DEP-MARGIN-0004,DEPOSIT,GHS,5261018.27,OTHER,SBL-CUST-003937,DEP.GHS.MARGIN,2000,2021-04-10,,0.0,FLOATING,,margin_against_contingent,BR019
DEP-MARGIN-0005,DEPOSIT,GHS,6227444.79,OTHER,SBL-CUST-009679,DEP.GHS.MARGIN,2000,2023-12-23,,0.0,FLOATING,,margin_against_contingent,BR015
DEP-MARGIN-0006,DEPOSIT,GHS,5493533.3,OTHER,SBL-CUST-000466,DEP.GHS.MARGIN,2000,2019-01-25,,0.0,FLOATING,,margin_against_contingent,BR002
DEP-MARGIN-0007,DEPOSIT,GHS,45217631.15,OTHER,SBL-CUST-010460,DEP.GHS.MARGIN,2000,2024-04-04,,0.0,FLOATING,,margin_against_contingent,BR018
DEP-MARGIN-0008,DEPOSIT,GHS,20946950.23,OTHER,SBL-CUST-010386,DEP.GHS.MARGIN,2000,2025-10-30,,0.0,FLOATING,,margin_against_contingent,BR016
DEP-MARGIN-0009,DEPOSIT,GHS,5197605.57,OTHER,SBL-CUST-007419,DEP.GHS.MARGIN,2000,2026-04-22,,0.0,FLOATING,,margin_against_contingent,BR024
DEP-MARGIN-0010,DEPOSIT,GHS,5270531.59,OTHER,SBL-CUST-002208,DEP.GHS.MARGIN,2000,2023-01-19,,0.0,FLOATING,,margin_against_contingent,BR008
DEP-MARGIN-0011,DEPOSIT,GHS,4983786.93,OTHER,SBL-CUST-013158,DEP.GHS.MARGIN,2000,2020-08-23,,0.0,FLOATING,,margin_against_contingent,BR008
DEP-MARGIN-0012,DEPOSIT,GHS,7788510.96,OTHER,SBL-CUST-003382,DEP.GHS.MARGIN,2000,2024-05-30,,0.0,FLOATING,,margin_against_contingent,BR026
DEP-MARGIN-0013,DEPOSIT,GHS,5601614.74,OTHER,SBL-CUST-011369,DEP.GHS.MARGIN,2000,2024-04-17,,0.0,FLOATING,,margin_against_contingent,BR020
DEP-MARGIN-0014,DEPOSIT,GHS,27992855.72,OTHER,SBL-CUST-005306,DEP.GHS.MARGIN,2000,2025-08-09,,0.0,FLOATING,,margin_against_contingent,BR013
DEP-FX_CURRENT-0001,DEPOSIT,USD,1044229.45,CURRENT,SBL-CUST-008609,DEP.USD.CUR,2006,2025-01-24,,0.003067,FLOATING,16102018.07,,BR018
DEP-FX_CURRENT-0002,DEPOSIT,USD,1943686.6,CURRENT,SBL-CUST-013675,DEP.USD.CUR,2006,2022-07-05,,0.00631,FLOATING,29971647.42,,BR022
DEP-FX_CURRENT-0003,DEPOSIT,USD,1602741.18,CURRENT,SBL-CUST-009025,DEP.USD.CUR,2006,2024-12-25,,0.001561,FLOATING,24714268.99,,BR023
DEP-FX_CURRENT-0004,DEPOSIT,USD,2716039.86,CURRENT,SBL-CUST-003671,DEP.USD.CUR,2006,2026-04-14,,0.009412,FLOATING,41881334.63,,BR028
DEP-FX_CURRENT-0005,DEPOSIT,USD,1071986.31,CURRENT,SBL-CUST-006233,DEP.USD.CUR,2006,2021-02-04,,0.005939,FLOATING,16530028.91,,BR009
DEP-FX_CURRENT-0006,DEPOSIT,USD,1173390.43,CURRENT,SBL-CUST-014914,DEP.USD.CUR,2006,2024-07-01,,0.013497,FLOATING,18093680.41,,BR018
DEP-FX_CURRENT-0007,DEPOSIT,USD,1613902.43,CURRENT,SBL-CUST-003610,DEP.USD.CUR,2006,2026-01-19,,0.014059,FLOATING,24886375.54,,BR011
DEP-FX_CURRENT-0008,DEPOSIT,USD,1428121.93,CURRENT,SBL-CUST-013705,DEP.USD.CUR,2006,2025-04-07,,0.007081,FLOATING,22021640.16,,BR008
DEP-FX_CURRENT-0009,DEPOSIT,USD,1160251.97,CURRENT,SBL-CUST-009598,DEP.USD.CUR,2006,2024-10-30,,0.006336,FLOATING,17891085.3,,BR025
DEP-FX_CURRENT-0010,DEPOSIT,USD,4109239.26,CURRENT,SBL-CUST-004115,DEP.USD.CUR,2006,2025-08-24,,0.008519,FLOATING,63364469.36,,BR012
DEP-FX_CURRENT-0011,DEPOSIT,USD,6240584.73,CURRENT,SBL-CUST-006505,DEP.USD.CUR,2006,2023-08-03,,0.001921,FLOATING,96229816.57,,BR023
DEP-FX_CURRENT-0012,DEPOSIT,USD,3006307.54,CURRENT,SBL-CUST-008231,DEP.USD.CUR,2006,2024-04-05,,0.013476,FLOATING,46357262.26,,BR014
DEP-FX_CURRENT-0013,DEPOSIT,USD,1801248.7,CURRENT,SBL-CUST-014212,DEP.USD.CUR,2006,2024-08-24,,0.007503,FLOATING,27775254.96,,BR024
DEP-FX_CURRENT-0014,DEPOSIT,USD,933622.67,CURRENT,SBL-CUST-010294,DEP.USD.CUR,2006,2021-11-30,,0.013285,FLOATING,14396461.56,,BR003
DEP-FX_CURRENT-0015,DEPOSIT,USD,1016172.25,CURRENT,SBL-CUST-010755,DEP.USD.CUR,2006,2022-05-23,,0.012674,FLOATING,15669376.11,,BR021
DEP-FX_CURRENT-0016,DEPOSIT,USD,1326309.74,CURRENT,SBL-CUST-011611,DEP.USD.CUR,2006,2019-02-05,,0.008546,FLOATING,20451696.12,,BR004
DEP-FX_CURRENT-0017,DEPOSIT,USD,1323451.55,CURRENT,SBL-CUST-000508,DEP.USD.CUR,2006,2021-10-03,,0.013919,FLOATING,20407622.88,,BR017
DEP-FX_CURRENT-0018,DEPOSIT,USD,1949667.61,CURRENT,SBL-CUST-010107,DEP.USD.CUR,2006,2020-05-01,,0.000253,FLOATING,30063874.55,,BR020
DEP-FX_CURRENT-0019,DEPOSIT,USD,3911176.48,CURRENT,SBL-CUST-005311,DEP.USD.CUR,2006,2026-05-11,,0.006435,FLOATING,60310341.32,,BR007
DEP-FX_CURRENT-0020,DEPOSIT,USD,1002924.96,CURRENT,SBL-CUST-006765,DEP.USD.CUR,2006,2021-08-21,,0.013989,FLOATING,15465102.82,,BR018
DEP-FX_CURRENT-0021,DEPOSIT,USD,911607.34,CURRENT,SBL-CUST-008530,DEP.USD.CUR,2006,2019-10-17,,0.001923,FLOATING,14056985.17,,BR010
DEP-FX_CURRENT-0022,DEPOSIT,USD,1007709.94,CURRENT,SBL-CUST-011565,DEP.USD.CUR,2006,2019-10-07,,0.004983,FLOATING,15538887.22,,BR019
DEP-FX_CURRENT-0023,DEPOSIT,USD,2347348.34,CURRENT,SBL-CUST-004786,DEP.USD.CUR,2006,2022-07-04,,0.014378,FLOATING,36196111.33,,BR005
DEP-FX_CURRENT-0024,DEPOSIT,USD,920131.54,CURRENT,SBL-CUST-008984,DEP.USD.CUR,2006,2025-01-18,,0.011779,FLOATING,14188428.29,,BR024
DEP-FX_CURRENT-0025,DEPOSIT,USD,1548671.99,CURRENT,SBL-CUST-008252,DEP.USD.CUR,2006,2020-06-21,,0.006677,FLOATING,23880522.05,,BR022
DEP-FX_CURRENT-0026,DEPOSIT,USD,1425984.17,CURRENT,SBL-CUST-005670,DEP.USD.CUR,2006,2023-11-04,,0.014476,FLOATING,21988675.86,,BR012
DEP-FX_CURRENT-0027,DEPOSIT,USD,893360.92,CURRENT,SBL-CUST-009206,DEP.USD.CUR,2006,2024-02-28,,0.006877,FLOATING,13775625.44,,BR018
DEP-FX_CURRENT-0028,DEPOSIT,USD,1513043.67,CURRENT,SBL-CUST-006533,DEP.USD.CUR,2006,2023-11-27,,0.011375,FLOATING,23331133.44,,BR028
DEP-FX_CURRENT-0029,DEPOSIT,USD,1615697.75,CURRENT,SBL-CUST-003801,DEP.USD.CUR,2006,2022-11-03,,0.005798,FLOATING,24914059.37,,BR024
DEP-FX_CURRENT-0030,DEPOSIT,USD,1500910.55,CURRENT,SBL-CUST-006480,DEP.USD.CUR,2006,2022-03-21,,0.010989,FLOATING,23144040.65,,BR007
DEP-FX_CURRENT-0031,DEPOSIT,USD,2538629.37,CURRENT,SBL-CUST-009560,DEP.USD.CUR,2006,2019-06-30,,0.003737,FLOATING,39145664.96,,BR011
DEP-FX_CURRENT-0032,DEPOSIT,USD,2795312.21,CURRENT,SBL-CUST-006100,DEP.USD.CUR,2006,2020-02-29,,0.009294,FLOATING,43103714.22,,BR025
DEP-FX_CURRENT-0033,DEPOSIT,USD,6323981.28,CURRENT,SBL-CUST-009835,DEP.USD.CUR,2006,2022-03-29,,0.008215,FLOATING,97515791.35,,BR019
DEP-FX_CURRENT-0034,DEPOSIT,USD,2341859.96,CURRENT,SBL-CUST-010071,DEP.USD.CUR,2006,2020-04-28,,0.001025,FLOATING,36111480.54,,BR010
DEP-FX_CURRENT-0035,DEPOSIT,USD,994531.48,CURRENT,SBL-CUST-002622,DEP.USD.CUR,2006,2024-10-12,,0.002603,FLOATING,15335675.41,,BR018
DEP-FX_CURRENT-0036,DEPOSIT,USD,2124683.53,CURRENT,SBL-CUST-007606,DEP.USD.CUR,2006,2019-08-01,,0.000958,FLOATING,32762620.1,,BR023
DEP-FX_CURRENT-0037,DEPOSIT,USD,1140638.43,CURRENT,SBL-CUST-012395,DEP.USD.CUR,2006,2024-12-30,,0.010399,FLOATING,17588644.53,,BR015
DEP-FX_CURRENT-0038,DEPOSIT,USD,1339210.3,CURRENT,SBL-CUST-005949,DEP.USD.CUR,2006,2023-10-23,,0.011452,FLOATING,20650622.76,,BR024
DEP-FX_CURRENT-0039,DEPOSIT,USD,1468907.93,CURRENT,SBL-CUST-007705,DEP.USD.CUR,2006,2019-02-10,,0.001182,FLOATING,22650560.33,,BR026
DEP-FX_CURRENT-0040,DEPOSIT,USD,1203171.57,CURRENT,SBL-CUST-007935,DEP.USD.CUR,2006,2021-02-21,,0.005314,FLOATING,18552905.57,,BR022
DEP-FX_CURRENT-0041,DEPOSIT,USD,1078024.84,CURRENT,SBL-CUST-009735,DEP.USD.CUR,2006,2021-05-09,,0.002918,FLOATING,16623142.99,,BR022
DEP-FX_CURRENT-0042,DEPOSIT,USD,1068850.96,CURRENT,SBL-CUST-011330,DEP.USD.CUR,2006,2024-12-25,,0.011945,FLOATING,16481681.76,,BR018
DEP-FX_CURRENT-0043,DEPOSIT,USD,1205809.35,CURRENT,SBL-CUST-008448,DEP.USD.CUR,2006,2021-08-26,,0.001798,FLOATING,18593580.16,,BR020
DEP-FX_CURRENT-0044,DEPOSIT,USD,916589.35,CURRENT,SBL-CUST-008688,DEP.USD.CUR,2006,2020-12-09,,0.01402,FLOATING,14133807.85,,BR001
DEP-FX_SAVINGS-0001,DEPOSIT,USD,932929.93,SAVINGS,SBL-CUST-008657,DEP.USD.SAV,2006,2024-07-28,,0.007258,FLOATING,14385779.53,,BR020
DEP-FX_SAVINGS-0002,DEPOSIT,USD,1335949.38,SAVINGS,SBL-CUST-010040,DEP.USD.SAV,2006,2025-08-09,,0.010218,FLOATING,20600339.45,,BR024
DEP-FX_SAVINGS-0003,DEPOSIT,USD,2853892.97,SAVINGS,SBL-CUST-008471,DEP.USD.SAV,2006,2023-02-12,,0.01263,FLOATING,44007029.53,,BR012
DEP-FX_SAVINGS-0004,DEPOSIT,USD,4297450.52,SAVINGS,SBL-CUST-000611,DEP.USD.SAV,2006,2025-10-03,,0.015002,FLOATING,66266687.0,,BR011
DEP-FX_SAVINGS-0005,DEPOSIT,USD,1819845.34,SAVINGS,SBL-CUST-010025,DEP.USD.SAV,2006,2021-12-31,,0.018097,FLOATING,28062015.1,,BR009
DEP-FX_SAVINGS-0006,DEPOSIT,USD,1072328.38,SAVINGS,SBL-CUST-007117,DEP.USD.SAV,2006,2021-05-14,,0.013305,FLOATING,16535303.64,,BR016
DEP-FX_SAVINGS-0007,DEPOSIT,USD,1488035.39,SAVINGS,SBL-CUST-001249,DEP.USD.SAV,2006,2018-09-02,,0.017891,FLOATING,22945505.77,,BR004
DEP-FX_SAVINGS-0008,DEPOSIT,USD,1681477.72,SAVINGS,SBL-CUST-000816,DEP.USD.SAV,2006,2021-07-21,,0.017528,FLOATING,25928386.51,,BR006
DEP-FX_SAVINGS-0009,DEPOSIT,USD,940083.17,SAVINGS,SBL-CUST-014625,DEP.USD.SAV,2006,2018-09-03,,0.010948,FLOATING,14496082.41,,BR022
DEP-FX_SAVINGS-0010,DEPOSIT,USD,992275.09,SAVINGS,SBL-CUST-005746,DEP.USD.SAV,2006,2024-05-25,,0.00758,FLOATING,15300881.89,,BR009
DEP-FX_SAVINGS-0011,DEPOSIT,USD,4655610.77,SAVINGS,SBL-CUST-003083,DEP.USD.SAV,2006,2025-09-08,,0.00642,FLOATING,71789518.07,,BR003
DEP-FX_SAVINGS-0012,DEPOSIT,USD,1034789.55,SAVINGS,SBL-CUST-011994,DEP.USD.SAV,2006,2021-06-10,,0.008296,FLOATING,15956454.9,,BR016
DEP-FX_SAVINGS-0013,DEPOSIT,USD,1696572.99,SAVINGS,SBL-CUST-010304,DEP.USD.SAV,2006,2019-01-28,,0.017529,FLOATING,26161155.5,,BR027
DEP-FX_SAVINGS-0014,DEPOSIT,USD,1010433.77,SAVINGS,SBL-CUST-013241,DEP.USD.SAV,2006,2025-11-02,,0.013273,FLOATING,15580888.71,,BR010
DEP-FX_SAVINGS-0015,DEPOSIT,USD,1133090.56,SAVINGS,SBL-CUST-003625,DEP.USD.SAV,2006,2019-01-14,,0.010763,FLOATING,17472256.38,,BR021
DEP-FX_SAVINGS-0016,DEPOSIT,USD,1011223.77,SAVINGS,SBL-CUST-001487,DEP.USD.SAV,2006,2025-04-29,,0.019303,FLOATING,15593070.5,,BR008
DEP-FX_TIME-0001,DEPOSIT,USD,1853956.68,FIXED,SBL-CUST-013122,DEP.USD.TRM,2006,2021-03-11,2027-05-20,0.053311,FIXED,28588012.06,,BR011
DEP-FX_TIME-0002,DEPOSIT,USD,4178827.33,FIXED,SBL-CUST-002458,DEP.USD.TRM,2006,2025-09-17,2027-08-11,0.021935,FIXED,64437517.42,,BR018
DEP-FX_TIME-0003,DEPOSIT,USD,1338453.08,FIXED,SBL-CUST-003383,DEP.USD.TRM,2006,2024-08-26,2028-03-05,0.022064,FIXED,20638946.49,,BR020
DEP-FX_TIME-0004,DEPOSIT,USD,1637852.75,FIXED,SBL-CUST-005989,DEP.USD.TRM,2006,2021-06-11,2028-01-25,0.048213,FIXED,25255689.34,,BR014
DEP-FX_TIME-0005,DEPOSIT,USD,1336332.83,FIXED,SBL-CUST-004053,DEP.USD.TRM,2006,2023-12-27,2027-07-28,0.039459,FIXED,20606252.31,,BR018
DEP-FX_TIME-0006,DEPOSIT,USD,2335139.81,FIXED,SBL-CUST-012449,DEP.USD.TRM,2006,2021-08-04,2027-05-09,0.029006,FIXED,36007855.83,,BR028
DEP-FX_TIME-0007,DEPOSIT,USD,1492355.37,FIXED,SBL-CUST-013421,DEP.USD.TRM,2006,2024-06-07,2027-03-10,0.049788,FIXED,23012119.87,,BR013
DEP-FX_TIME-0008,DEPOSIT,USD,2274346.83,FIXED,SBL-CUST-011436,DEP.USD.TRM,2006,2020-05-09,2027-09-14,0.022045,FIXED,35070428.07,,BR009
DEP-FX_TIME-0009,DEPOSIT,USD,3831936.01,FIXED,SBL-CUST-012265,DEP.USD.TRM,2006,2025-11-20,2028-03-14,0.05357,FIXED,59088453.27,,BR028
DEP-FX_TIME-0010,DEPOSIT,USD,1597037.1,FIXED,SBL-CUST-014565,DEP.USD.TRM,2006,2022-06-01,2026-10-29,0.032395,FIXED,24626312.04,,BR026
DEP-FX_TIME-0011,DEPOSIT,USD,3323072.89,FIXED,SBL-CUST-011526,DEP.USD.TRM,2006,2025-10-02,2026-08-30,0.034414,FIXED,51241783.92,,BR026
DEP-FX_TIME-0012,DEPOSIT,USD,1780151.3,FIXED,SBL-CUST-000785,DEP.USD.TRM,2006,2023-03-26,2028-02-27,0.030695,FIXED,27449933.08,,BR025
DEP-FX_SPECIAL-0001,DEPOSIT,USD,2716785.06,OTHER,SBL-CUST-002052,DEP.FX.SPECIAL,2006,2025-03-29,,0.016157,FLOATING,41892825.64,special_deposit,BR009
DEP-FX_SPECIAL-0002,DEPOSIT,USD,534062.42,OTHER,SBL-CUST-008462,DEP.FX.SPECIAL,2006,2023-03-03,,0.012226,FLOATING,8235242.52,special_deposit,BR010
DEP-FX_SPECIAL-0003,DEPOSIT,USD,755620.92,OTHER,SBL-CUST-001558,DEP.FX.SPECIAL,2006,2019-03-15,,0.015074,FLOATING,11651674.56,special_deposit,BR024
DEP-FX_SPECIAL-0004,DEPOSIT,USD,568766.28,OTHER,SBL-CUST-008082,DEP.FX.SPECIAL,2006,2018-12-21,,0.018284,FLOATING,8770376.11,special_deposit,BR028
DEP-FX_SPECIAL-0005,DEPOSIT,USD,854773.03,OTHER,SBL-CUST-012623,DEP.FX.SPECIAL,2006,2020-06-05,,0.019237,FLOATING,13180600.17,special_deposit,BR021
DEP-FX_SPECIAL-0006,DEPOSIT,USD,516163.07,OTHER,SBL-CUST-009212,DEP.FX.SPECIAL,2006,2024-07-29,,0.006964,FLOATING,7959234.5,special_deposit,BR012
DEP-FX_SPECIAL-0007,DEPOSIT,USD,1214811.24,OTHER,SBL-CUST-013056,DEP.FX.SPECIAL,2006,2019-12-12,,0.008964,FLOATING,18732389.35,special_deposit,BR022
DEP-FX_SPECIAL-0008,DEPOSIT,USD,505178.63,OTHER,SBL-CUST-014239,DEP.FX.SPECIAL,2006,2025-04-01,,0.007364,FLOATING,7789854.55,special_deposit,BR004
DEP-FX_MARGIN-0001,DEPOSIT,USD,512782.88,OTHER,SBL-CUST-014482,DEP.FX.MARGIN,2006,2020-01-11,,0.0,FLOATING,7907112.02,margin_against_contingent,BR017
DEP-FX_MARGIN-0002,DEPOSIT,USD,597436.96,OTHER,SBL-CUST-000596,DEP.FX.MARGIN,2006,2024-04-30,,0.0,FLOATING,9212477.98,margin_against_contingent,BR001
DEP-FX_MARGIN-0003,DEPOSIT,USD,738234.72,OTHER,SBL-CUST-010858,DEP.FX.MARGIN,2006,2020-02-08,,0.0,FLOATING,11383579.41,margin_against_contingent,BR004
DEP-FX_MARGIN-0004,DEPOSIT,USD,683582.57,OTHER,SBL-CUST-001840,DEP.FX.MARGIN,2006,2020-04-10,,0.0,FLOATING,10540843.18,margin_against_contingent,BR012
DEP-FX_MARGIN-0005,DEPOSIT,USD,1456796.43,OTHER,SBL-CUST-002805,DEP.FX.MARGIN,2006,2025-01-05,,0.0,FLOATING,22463800.92,margin_against_contingent,BR018
DEP-FX_MARGIN-0006,DEPOSIT,USD,2121618.88,OTHER,SBL-CUST-007279,DEP.FX.MARGIN,2006,2021-01-26,,0.0,FLOATING,32715363.14,margin_against_contingent,BR022
