# Sample Bank DAILY DEPOSIT sub-ledger — close of business 2026-06-18; push with as_of_date=2026-06-18. Feeds BSD1 deposit lines 1-10 (the form's PREVIOUS-week block). Liquid assets are in eod_ladder/.
source_reference,position_type,currency,balance,deposit_account_type,counterparty_reference,product_code,gl_account_code,origination_date,contractual_maturity,interest_rate,rate_type,attributes.balance_ghs,attributes.instrument,attributes.branch_id
DEP-CURRENT_RET-0001,DEPOSIT,GHS,6916483.04,CURRENT,SBL-CUST-014540,DEP.RET.CUR,2001,2018-08-12,,0.001325,FLOATING,,,BR018
DEP-CURRENT_RET-0002,DEPOSIT,GHS,27942764.13,CURRENT,SBL-CUST-008988,DEP.RET.CUR,2001,2020-02-16,,0.003172,FLOATING,,,BR006
DEP-CURRENT_RET-0003,DEPOSIT,GHS,7127243.59,CURRENT,SBL-CUST-002111,DEP.RET.CUR,2001,2021-05-05,,0.003551,FLOATING,,,BR009
DEP-CURRENT_RET-0004,DEPOSIT,GHS,6953992.92,CURRENT,SBL-CUST-006161,DEP.RET.CUR,2001,2024-10-19,,0.002003,FLOATING,,,BR010
DEP-CURRENT_RET-0005,DEPOSIT,GHS,6489431.14,CURRENT,SBL-CUST-001677,DEP.RET.CUR,2001,2025-10-20,,0.001022,FLOATING,,,BR005
DEP-CURRENT_RET-0006,DEPOSIT,GHS,12362858.91,CURRENT,SBL-CUST-008709,DEP.RET.CUR,2001,2021-03-03,,0.002577,FLOATING,,,BR022
DEP-CURRENT_RET-0007,DEPOSIT,GHS,22181690.87,CURRENT,SBL-CUST-010388,DEP.RET.CUR,2001,2026-03-15,,0.001464,FLOATING,,,BR024
DEP-CURRENT_RET-0008,DEPOSIT,GHS,6831178.83,CURRENT,SBL-CUST-005329,DEP.RET.CUR,2001,2024-09-06,,0.001127,FLOATING,,,BR016
DEP-CURRENT_RET-0009,DEPOSIT,GHS,6146888.54,CURRENT,SBL-CUST-007421,DEP.RET.CUR,2001,2020-07-05,,0.000332,FLOATING,,,BR002
DEP-CURRENT_RET-0010,DEPOSIT,GHS,5972291.72,CURRENT,SBL-CUST-002664,DEP.RET.CUR,2001,2022-12-27,,0.001833,FLOATING,,,BR023
DEP-CURRENT_RET-0011,DEPOSIT,GHS,5271006.82,CURRENT,SBL-CUST-004712,DEP.RET.CUR,2001,2021-10-25,,0.001131,FLOATING,,,BR006
DEP-CURRENT_RET-0012,DEPOSIT,GHS,6761548.9,CURRENT,SBL-CUST-007262,DEP.RET.CUR,2001,2023-11-15,,0.0003,FLOATING,,,BR027
DEP-CURRENT_RET-0013,DEPOSIT,GHS,5389352.88,CURRENT,SBL-CUST-001628,DEP.RET.CUR,2001,2023-07-19,,0.000207,FLOATING,,,BR028
DEP-CURRENT_RET-0014,DEPOSIT,GHS,9670025.58,CURRENT,SBL-CUST-001030,DEP.RET.CUR,2001,2018-08-21,,0.002021,FLOATING,,,BR012
DEP-CURRENT_RET-0015,DEPOSIT,GHS,5974199.07,CURRENT,SBL-CUST-009649,DEP.RET.CUR,2001,2026-02-16,,0.00324,FLOATING,,,BR025
DEP-CURRENT_RET-0016,DEPOSIT,GHS,12958316.68,CURRENT,SBL-CUST-004235,DEP.RET.CUR,2001,2024-08-22,,0.001146,FLOATING,,,BR023
DEP-CURRENT_RET-0017,DEPOSIT,GHS,9330261.86,CURRENT,SBL-CUST-010054,DEP.RET.CUR,2001,2024-08-23,,0.003024,FLOATING,,,BR024
DEP-CURRENT_RET-0018,DEPOSIT,GHS,8086956.64,CURRENT,SBL-CUST-003420,DEP.RET.CUR,2001,2019-03-19,,0.000736,FLOATING,,,BR013
DEP-CURRENT_RET-0019,DEPOSIT,GHS,7397342.16,CURRENT,SBL-CUST-010705,DEP.RET.CUR,2001,2023-05-02,,1.8e-05,FLOATING,,,BR003
DEP-CURRENT_RET-0020,DEPOSIT,GHS,5943589.81,CURRENT,SBL-CUST-003373,DEP.RET.CUR,2001,2019-12-19,,0.001641,FLOATING,,,BR001
DEP-CURRENT_RET-0021,DEPOSIT,GHS,5370331.38,CURRENT,SBL-CUST-010937,DEP.RET.CUR,2001,2019-08-27,,8.4e-05,FLOATING,,,BR026
DEP-CURRENT_RET-0022,DEPOSIT,GHS,5485225.04,CURRENT,SBL-CUST-002625,DEP.RET.CUR,2001,2019-06-10,,0.00298,FLOATING,,,BR020
DEP-CURRENT_RET-0023,DEPOSIT,GHS,8284256.65,CURRENT,SBL-CUST-008215,DEP.RET.CUR,2001,2020-03-05,,0.000564,FLOATING,,,BR028
DEP-CURRENT_RET-0024,DEPOSIT,GHS,9429605.8,CURRENT,SBL-CUST-002258,DEP.RET.CUR,2001,2020-02-01,,0.001016,FLOATING,,,BR010
DEP-CURRENT_RET-0025,DEPOSIT,GHS,6295279.77,CURRENT,SBL-CUST-005089,DEP.RET.CUR,2001,2020-04-16,,0.002303,FLOATING,,,BR007
DEP-CURRENT_RET-0026,DEPOSIT,GHS,12996436.22,CURRENT,SBL-CUST-012915,DEP.RET.CUR,2001,2019-08-19,,0.001116,FLOATING,,,BR005
DEP-CURRENT_RET-0027,DEPOSIT,GHS,9524944.72,CURRENT,SBL-CUST-007188,DEP.RET.CUR,2001,2021-04-11,,0.004549,FLOATING,,,BR016
DEP-CURRENT_RET-0028,DEPOSIT,GHS,6036856.44,CURRENT,SBL-CUST-000551,DEP.RET.CUR,2001,2024-06-27,,0.00307,FLOATING,,,BR015
DEP-CURRENT_RET-0029,DEPOSIT,GHS,6461921.33,CURRENT,SBL-CUST-013753,DEP.RET.CUR,2001,2019-11-20,,0.004192,FLOATING,,,BR002
DEP-CURRENT_RET-0030,DEPOSIT,GHS,6227325.96,CURRENT,SBL-CUST-003274,DEP.RET.CUR,2001,2020-11-14,,0.004924,FLOATING,,,BR019
DEP-CURRENT_RET-0031,DEPOSIT,GHS,14339484.2,CURRENT,SBL-CUST-001407,DEP.RET.CUR,2001,2026-01-30,,0.003495,FLOATING,,,BR004
DEP-CURRENT_RET-0032,DEPOSIT,GHS,6281232.98,CURRENT,SBL-CUST-001458,DEP.RET.CUR,2001,2022-01-01,,0.004687,FLOATING,,,BR017
DEP-CURRENT_RET-0033,DEPOSIT,GHS,6159788.36,CURRENT,SBL-CUST-001725,DEP.RET.CUR,2001,2024-12-21,,0.00479,FLOATING,,,BR001
DEP-CURRENT_RET-0034,DEPOSIT,GHS,11602055.66,CURRENT,SBL-CUST-009099,DEP.RET.CUR,2001,2026-01-26,,0.000523,FLOATING,,,BR009
DEP-CURRENT_RET-0035,DEPOSIT,GHS,16209899.44,CURRENT,SBL-CUST-008943,DEP.RET.CUR,2001,2024-06-03,,0.004577,FLOATING,,,BR023
DEP-CURRENT_RET-0036,DEPOSIT,GHS,5790003.56,CURRENT,SBL-CUST-001194,DEP.RET.CUR,2001,2020-04-26,,0.000769,FLOATING,,,BR013
DEP-CURRENT_RET-0037,DEPOSIT,GHS,29073989.23,CURRENT,SBL-CUST-010076,DEP.RET.CUR,2001,2024-05-05,,0.004683,FLOATING,,,BR002
DEP-CURRENT_RET-0038,DEPOSIT,GHS,6266703.82,CURRENT,SBL-CUST-006537,DEP.RET.CUR,2001,2019-10-21,,0.004717,FLOATING,,,BR009
DEP-CURRENT_RET-0039,DEPOSIT,GHS,9886154.9,CURRENT,SBL-CUST-007855,DEP.RET.CUR,2001,2023-04-07,,0.001202,FLOATING,,,BR013
DEP-CURRENT_RET-0040,DEPOSIT,GHS,17603646.53,CURRENT,SBL-CUST-002013,DEP.RET.CUR,2001,2021-05-18,,0.001912,FLOATING,,,BR009
DEP-CURRENT_RET-0041,DEPOSIT,GHS,18075567.48,CURRENT,SBL-CUST-007388,DEP.RET.CUR,2001,2024-08-17,,0.001246,FLOATING,,,BR014
DEP-CURRENT_RET-0042,DEPOSIT,GHS,93818351.56,CURRENT,SBL-CUST-008304,DEP.RET.CUR,2001,2020-07-15,,0.003037,FLOATING,,,BR005
DEP-CURRENT_RET-0043,DEPOSIT,GHS,5213057.55,CURRENT,SBL-CUST-004085,DEP.RET.CUR,2001,2020-04-17,,0.001884,FLOATING,,,BR018
DEP-CURRENT_RET-0044,DEPOSIT,GHS,6451619.42,CURRENT,SBL-CUST-000020,DEP.RET.CUR,2001,2023-07-30,,0.001758,FLOATING,,,BR028
DEP-CURRENT_RET-0045,DEPOSIT,GHS,14852043.6,CURRENT,SBL-CUST-002307,DEP.RET.CUR,2001,2019-10-24,,0.001956,FLOATING,,,BR015
DEP-CURRENT_RET-0046,DEPOSIT,GHS,17134409.15,CURRENT,SBL-CUST-002413,DEP.RET.CUR,2001,2022-03-23,,0.003764,FLOATING,,,BR028
DEP-CURRENT_RET-0047,DEPOSIT,GHS,17693374.87,CURRENT,SBL-CUST-009070,DEP.RET.CUR,2001,2026-04-16,,0.002602,FLOATING,,,BR018
DEP-CURRENT_RET-0048,DEPOSIT,GHS,6862759.1,CURRENT,SBL-CUST-004646,DEP.RET.CUR,2001,2024-08-03,,0.002641,FLOATING,,,BR010
DEP-CURRENT_RET-0049,DEPOSIT,GHS,6076924.96,CURRENT,SBL-CUST-010161,DEP.RET.CUR,2001,2025-04-07,,0.000897,FLOATING,,,BR017
DEP-CURRENT_RET-0050,DEPOSIT,GHS,59658959.74,CURRENT,SBL-CUST-000205,DEP.RET.CUR,2001,2018-10-15,,0.001727,FLOATING,,,BR017
DEP-CURRENT_RET-0051,DEPOSIT,GHS,20906459.64,CURRENT,SBL-CUST-001218,DEP.RET.CUR,2001,2024-10-12,,0.001734,FLOATING,,,BR019
DEP-CURRENT_RET-0052,DEPOSIT,GHS,5692528.12,CURRENT,SBL-CUST-012539,DEP.RET.CUR,2001,2018-12-09,,0.000534,FLOATING,,,BR010
DEP-CURRENT_RET-0053,DEPOSIT,GHS,6040655.24,CURRENT,SBL-CUST-005394,DEP.RET.CUR,2001,2018-09-29,,0.004929,FLOATING,,,BR010
DEP-CURRENT_RET-0054,DEPOSIT,GHS,29569434.78,CURRENT,SBL-CUST-010234,DEP.RET.CUR,2001,2020-12-03,,0.002244,FLOATING,,,BR014
DEP-CURRENT_RET-0055,DEPOSIT,GHS,15567044.16,CURRENT,SBL-CUST-002678,DEP.RET.CUR,2001,2018-08-01,,0.004564,FLOATING,,,BR003
DEP-CURRENT_RET-0056,DEPOSIT,GHS,6278814.08,CURRENT,SBL-CUST-003150,DEP.RET.CUR,2001,2021-11-17,,0.000667,FLOATING,,,BR005
DEP-CURRENT_RET-0057,DEPOSIT,GHS,13090714.59,CURRENT,SBL-CUST-006610,DEP.RET.CUR,2001,2023-04-24,,0.004655,FLOATING,,,BR017
DEP-CURRENT_RET-0058,DEPOSIT,GHS,9892238.8,CURRENT,SBL-CUST-010518,DEP.RET.CUR,2001,2019-09-27,,0.003258,FLOATING,,,BR028
DEP-CURRENT_RET-0059,DEPOSIT,GHS,5805672.71,CURRENT,SBL-CUST-010426,DEP.RET.CUR,2001,2023-07-31,,0.003501,FLOATING,,,BR002
DEP-CURRENT_RET-0060,DEPOSIT,GHS,5787445.12,CURRENT,SBL-CUST-001005,DEP.RET.CUR,2001,2021-09-29,,0.000592,FLOATING,,,BR002
DEP-CURRENT_RET-0061,DEPOSIT,GHS,7955141.28,CURRENT,SBL-CUST-001461,DEP.RET.CUR,2001,2021-06-28,,0.002663,FLOATING,,,BR006
DEP-CURRENT_RET-0062,DEPOSIT,GHS,33322270.78,CURRENT,SBL-CUST-001517,DEP.RET.CUR,2001,2021-10-10,,0.003741,FLOATING,,,BR023
DEP-CURRENT_RET-0063,DEPOSIT,GHS,12539207.42,CURRENT,SBL-CUST-005435,DEP.RET.CUR,2001,2019-06-24,,0.003497,FLOATING,,,BR016
DEP-CURRENT_RET-0064,DEPOSIT,GHS,10867979.25,CURRENT,SBL-CUST-009333,DEP.RET.CUR,2001,2024-09-28,,0.002705,FLOATING,,,BR016
DEP-CURRENT_RET-0065,DEPOSIT,GHS,5237678.09,CURRENT,SBL-CUST-013549,DEP.RET.CUR,2001,2019-11-16,,0.000654,FLOATING,,,BR001
DEP-CURRENT_RET-0066,DEPOSIT,GHS,9321862.62,CURRENT,SBL-CUST-004182,DEP.RET.CUR,2001,2020-04-16,,0.003338,FLOATING,,,BR008
DEP-CURRENT_RET-0067,DEPOSIT,GHS,5852738.96,CURRENT,SBL-CUST-003281,DEP.RET.CUR,2001,2025-12-14,,0.001602,FLOATING,,,BR018
DEP-CURRENT_RET-0068,DEPOSIT,GHS,6350054.87,CURRENT,SBL-CUST-011868,DEP.RET.CUR,2001,2022-11-14,,0.003512,FLOATING,,,BR028
DEP-CURRENT_RET-0069,DEPOSIT,GHS,5588466.86,CURRENT,SBL-CUST-014132,DEP.RET.CUR,2001,2023-11-25,,0.000849,FLOATING,,,BR014
DEP-CURRENT_RET-0070,DEPOSIT,GHS,7566252.75,CURRENT,SBL-CUST-008892,DEP.RET.CUR,2001,2020-07-11,,0.001389,FLOATING,,,BR010
DEP-CURRENT_RET-0071,DEPOSIT,GHS,17423268.01,CURRENT,SBL-CUST-011962,DEP.RET.CUR,2001,2020-09-12,,0.004416,FLOATING,,,BR021
DEP-CURRENT_RET-0072,DEPOSIT,GHS,6194082.25,CURRENT,SBL-CUST-014510,DEP.RET.CUR,2001,2025-03-24,,0.001079,FLOATING,,,BR019
DEP-CURRENT_RET-0073,DEPOSIT,GHS,8352730.33,CURRENT,SBL-CUST-012779,DEP.RET.CUR,2001,2022-08-02,,0.003033,FLOATING,,,BR003
DEP-CURRENT_RET-0074,DEPOSIT,GHS,5226416.31,CURRENT,SBL-CUST-003089,DEP.RET.CUR,2001,2018-08-22,,0.003291,FLOATING,,,BR027
DEP-CURRENT_RET-0075,DEPOSIT,GHS,5190980.84,CURRENT,SBL-CUST-011482,DEP.RET.CUR,2001,2019-11-17,,0.002419,FLOATING,,,BR007
DEP-CURRENT_RET-0076,DEPOSIT,GHS,10999348.63,CURRENT,SBL-CUST-009146,DEP.RET.CUR,2001,2023-10-27,,0.002978,FLOATING,,,BR018
DEP-CURRENT_RET-0077,DEPOSIT,GHS,6459696.54,CURRENT,SBL-CUST-012364,DEP.RET.CUR,2001,2020-06-22,,0.000342,FLOATING,,,BR013
DEP-CURRENT_RET-0078,DEPOSIT,GHS,7946274.76,CURRENT,SBL-CUST-003447,DEP.RET.CUR,2001,2022-01-11,,0.00464,FLOATING,,,BR026
DEP-CURRENT_RET-0079,DEPOSIT,GHS,11884420.81,CURRENT,SBL-CUST-014992,DEP.RET.CUR,2001,2022-09-07,,0.002036,FLOATING,,,BR027
DEP-CURRENT_RET-0080,DEPOSIT,GHS,5934382.6,CURRENT,SBL-CUST-006182,DEP.RET.CUR,2001,2022-06-20,,0.00235,FLOATING,,,BR004
DEP-CURRENT_RET-0081,DEPOSIT,GHS,7517901.65,CURRENT,SBL-CUST-002845,DEP.RET.CUR,2001,2021-02-08,,0.001935,FLOATING,,,BR021
DEP-CURRENT_RET-0082,DEPOSIT,GHS,22437056.41,CURRENT,SBL-CUST-010117,DEP.RET.CUR,2001,2021-08-05,,0.000169,FLOATING,,,BR028
DEP-CURRENT_RET-0083,DEPOSIT,GHS,5602514.94,CURRENT,SBL-CUST-008111,DEP.RET.CUR,2001,2018-11-27,,0.003911,FLOATING,,,BR012
DEP-CURRENT_RET-0084,DEPOSIT,GHS,10606569.48,CURRENT,SBL-CUST-012871,DEP.RET.CUR,2001,2022-04-05,,0.004198,FLOATING,,,BR003
DEP-CURRENT_RET-0085,DEPOSIT,GHS,7642926.68,CURRENT,SBL-CUST-010651,DEP.RET.CUR,2001,2025-08-14,,0.003039,FLOATING,,,BR012
DEP-CURRENT_RET-0086,DEPOSIT,GHS,12487442.77,CURRENT,SBL-CUST-006212,DEP.RET.CUR,2001,2025-08-31,,0.001195,FLOATING,,,BR013
DEP-CURRENT_RET-0087,DEPOSIT,GHS,5806791.03,CURRENT,SBL-CUST-003119,DEP.RET.CUR,2001,2021-07-16,,0.003542,FLOATING,,,BR014
DEP-CURRENT_RET-0088,DEPOSIT,GHS,5395807.02,CURRENT,SBL-CUST-005002,DEP.RET.CUR,2001,2020-08-12,,0.004116,FLOATING,,,BR016
DEP-CURRENT_RET-0089,DEPOSIT,GHS,11594226.11,CURRENT,SBL-CUST-005671,DEP.RET.CUR,2001,2021-03-25,,0.00445,FLOATING,,,BR025
DEP-CURRENT_RET-0090,DEPOSIT,GHS,6822609.26,CURRENT,SBL-CUST-009944,DEP.RET.CUR,2001,2019-12-01,,0.004674,FLOATING,,,BR007
DEP-CURRENT_RET-0091,DEPOSIT,GHS,6202569.16,CURRENT,SBL-CUST-002334,DEP.RET.CUR,2001,2020-11-03,,0.001188,FLOATING,,,BR016
DEP-CURRENT_RET-0092,DEPOSIT,GHS,5411437.05,CURRENT,SBL-CUST-007237,DEP.RET.CUR,2001,2021-06-26,,0.004248,FLOATING,,,BR025
DEP-CURRENT_RET-0093,DEPOSIT,GHS,50400292.2,CURRENT,SBL-CUST-001679,DEP.RET.CUR,2001,2025-09-11,,0.00322,FLOATING,,,BR012
DEP-CURRENT_RET-0094,DEPOSIT,GHS,5431036.64,CURRENT,SBL-CUST-010131,DEP.RET.CUR,2001,2024-09-11,,0.000688,FLOATING,,,BR008
DEP-CURRENT_RET-0095,DEPOSIT,GHS,6346002.96,CURRENT,SBL-CUST-010657,DEP.RET.CUR,2001,2026-01-05,,0.001373,FLOATING,,,BR021
DEP-CURRENT_RET-0096,DEPOSIT,GHS,5958735.82,CURRENT,SBL-CUST-014512,DEP.RET.CUR,2001,2025-01-08,,0.003124,FLOATING,,,BR015
DEP-CURRENT_RET-0097,DEPOSIT,GHS,6087440.75,CURRENT,SBL-CUST-011018,DEP.RET.CUR,2001,2024-06-25,,0.002417,FLOATING,,,BR022
DEP-CURRENT_RET-0098,DEPOSIT,GHS,6046970.19,CURRENT,SBL-CUST-013284,DEP.RET.CUR,2001,2020-05-13,,0.001532,FLOATING,,,BR001
DEP-CURRENT_RET-0099,DEPOSIT,GHS,5323267.19,CURRENT,SBL-CUST-001154,DEP.RET.CUR,2001,2018-09-10,,0.000624,FLOATING,,,BR022
DEP-CURRENT_RET-0100,DEPOSIT,GHS,7674901.8,CURRENT,SBL-CUST-012196,DEP.RET.CUR,2001,2020-03-15,,0.000542,FLOATING,,,BR022
DEP-CURRENT_RET-0101,DEPOSIT,GHS,5768286.64,CURRENT,SBL-CUST-008988,DEP.RET.CUR,2001,2024-09-27,,0.003256,FLOATING,,,BR010
DEP-CURRENT_RET-0102,DEPOSIT,GHS,9920973.46,CURRENT,SBL-CUST-002136,DEP.RET.CUR,2001,2025-07-23,,0.002867,FLOATING,,,BR020
DEP-CURRENT_RET-0103,DEPOSIT,GHS,9999379.86,CURRENT,SBL-CUST-007955,DEP.RET.CUR,2001,2024-07-20,,0.003526,FLOATING,,,BR017
DEP-CURRENT_RET-0104,DEPOSIT,GHS,14926591.97,CURRENT,SBL-CUST-008940,DEP.RET.CUR,2001,2022-05-15,,0.004302,FLOATING,,,BR009
DEP-CURRENT_RET-0105,DEPOSIT,GHS,8507592.76,CURRENT,SBL-CUST-012572,DEP.RET.CUR,2001,2021-01-16,,0.004317,FLOATING,,,BR021
DEP-CURRENT_RET-0106,DEPOSIT,GHS,7526009.58,CURRENT,SBL-CUST-011846,DEP.RET.CUR,2001,2021-01-28,,0.001241,FLOATING,,,BR001
DEP-CURRENT_RET-0107,DEPOSIT,GHS,7399603.56,CURRENT,SBL-CUST-014836,DEP.RET.CUR,2001,2021-01-14,,0.002592,FLOATING,,,BR027
DEP-CURRENT_RET-0108,DEPOSIT,GHS,6011907.73,CURRENT,SBL-CUST-010044,DEP.RET.CUR,2001,2022-05-04,,0.001834,FLOATING,,,BR018
DEP-CURRENT_RET-0109,DEPOSIT,GHS,22302514.79,CURRENT,SBL-CUST-001187,DEP.RET.CUR,2001,2025-03-16,,0.00096,FLOATING,,,BR004
DEP-CURRENT_RET-0110,DEPOSIT,GHS,8719988.12,CURRENT,SBL-CUST-007050,DEP.RET.CUR,2001,2019-12-24,,0.000773,FLOATING,,,BR028
DEP-CURRENT_RET-0111,DEPOSIT,GHS,9005872.34,CURRENT,SBL-CUST-001569,DEP.RET.CUR,2001,2019-08-07,,0.004104,FLOATING,,,BR015
DEP-CURRENT_RET-0112,DEPOSIT,GHS,13569693.97,CURRENT,SBL-CUST-007438,DEP.RET.CUR,2001,2022-10-30,,0.004274,FLOATING,,,BR004
DEP-CURRENT_RET-0113,DEPOSIT,GHS,7539269.48,CURRENT,SBL-CUST-005326,DEP.RET.CUR,2001,2018-11-07,,0.002071,FLOATING,,,BR024
DEP-CURRENT_RET-0114,DEPOSIT,GHS,16010322.59,CURRENT,SBL-CUST-008699,DEP.RET.CUR,2001,2025-12-23,,0.002325,FLOATING,,,BR025
DEP-CURRENT_RET-0115,DEPOSIT,GHS,10308395.41,CURRENT,SBL-CUST-005480,DEP.RET.CUR,2001,2023-05-03,,0.001171,FLOATING,,,BR015
DEP-CURRENT_RET-0116,DEPOSIT,GHS,9138776.04,CURRENT,SBL-CUST-005094,DEP.RET.CUR,2001,2022-06-17,,0.004098,FLOATING,,,BR026
DEP-CURRENT_RET-0117,DEPOSIT,GHS,11183098.13,CURRENT,SBL-CUST-010198,DEP.RET.CUR,2001,2024-10-13,,0.004826,FLOATING,,,BR020
DEP-CURRENT_RET-0118,DEPOSIT,GHS,11469530.9,CURRENT,SBL-CUST-004348,DEP.RET.CUR,2001,2020-03-13,,0.000186,FLOATING,,,BR003
DEP-CURRENT_RET-0119,DEPOSIT,GHS,6970196.76,CURRENT,SBL-CUST-009672,DEP.RET.CUR,2001,2024-10-30,,0.000252,FLOATING,,,BR022
DEP-CURRENT_RET-0120,DEPOSIT,GHS,10958179.69,CURRENT,SBL-CUST-010975,DEP.RET.CUR,2001,2023-10-21,,0.000679,FLOATING,,,BR019
DEP-CURRENT_RET-0121,DEPOSIT,GHS,10160419.43,CURRENT,SBL-CUST-009574,DEP.RET.CUR,2001,2020-07-16,,0.003603,FLOATING,,,BR015
DEP-CURRENT_RET-0122,DEPOSIT,GHS,6318612.38,CURRENT,SBL-CUST-002071,DEP.RET.CUR,2001,2025-07-06,,0.00405,FLOATING,,,BR006
DEP-CURRENT_RET-0123,DEPOSIT,GHS,6415752.64,CURRENT,SBL-CUST-013712,DEP.RET.CUR,2001,2023-06-18,,0.00469,FLOATING,,,BR004
DEP-CURRENT_RET-0124,DEPOSIT,GHS,5408279.71,CURRENT,SBL-CUST-006681,DEP.RET.CUR,2001,2020-04-27,,0.003855,FLOATING,,,BR024
DEP-CURRENT_RET-0125,DEPOSIT,GHS,5620447.13,CURRENT,SBL-CUST-009203,DEP.RET.CUR,2001,2024-02-18,,0.000393,FLOATING,,,BR022
DEP-CURRENT_RET-0126,DEPOSIT,GHS,7893811.99,CURRENT,SBL-CUST-003355,DEP.RET.CUR,2001,2022-02-20,,0.000683,FLOATING,,,BR002
DEP-CURRENT_RET-0127,DEPOSIT,GHS,6528710.14,CURRENT,SBL-CUST-000890,DEP.RET.CUR,2001,2021-12-30,,0.002282,FLOATING,,,BR023
DEP-CURRENT_RET-0128,DEPOSIT,GHS,6476779.87,CURRENT,SBL-CUST-001715,DEP.RET.CUR,2001,2018-08-28,,0.004175,FLOATING,,,BR026
DEP-CURRENT_RET-0129,DEPOSIT,GHS,8943657.91,CURRENT,SBL-CUST-002695,DEP.RET.CUR,2001,2020-04-21,,0.00125,FLOATING,,,BR025
DEP-CURRENT_RET-0130,DEPOSIT,GHS,55692593.55,CURRENT,SBL-CUST-011840,DEP.RET.CUR,2001,2019-10-31,,0.003098,FLOATING,,,BR013
DEP-CURRENT_RET-0131,DEPOSIT,GHS,6498279.24,CURRENT,SBL-CUST-000575,DEP.RET.CUR,2001,2024-02-17,,0.004512,FLOATING,,,BR028
DEP-CURRENT_RET-0132,DEPOSIT,GHS,18653701.22,CURRENT,SBL-CUST-001284,DEP.RET.CUR,2001,2019-12-28,,0.004257,FLOATING,,,BR022
DEP-CURRENT_RET-0133,DEPOSIT,GHS,5687196.75,CURRENT,SBL-CUST-002072,DEP.RET.CUR,2001,2022-05-17,,0.000608,FLOATING,,,BR009
DEP-CURRENT_RET-0134,DEPOSIT,GHS,6410344.51,CURRENT,SBL-CUST-006896,DEP.RET.CUR,2001,2021-01-04,,0.003265,FLOATING,,,BR021
DEP-CURRENT_RET-0135,DEPOSIT,GHS,17638090.99,CURRENT,SBL-CUST-014790,DEP.RET.CUR,2001,2022-02-02,,0.004163,FLOATING,,,BR024
DEP-CURRENT_RET-0136,DEPOSIT,GHS,6096299.07,CURRENT,SBL-CUST-013898,DEP.RET.CUR,2001,2020-07-30,,0.001789,FLOATING,,,BR010
DEP-CURRENT_RET-0137,DEPOSIT,GHS,6555716.13,CURRENT,SBL-CUST-005496,DEP.RET.CUR,2001,2022-12-19,,0.001796,FLOATING,,,BR020
DEP-CURRENT_RET-0138,DEPOSIT,GHS,8996646.01,CURRENT,SBL-CUST-007337,DEP.RET.CUR,2001,2023-09-08,,0.004653,FLOATING,,,BR013
DEP-CURRENT_RET-0139,DEPOSIT,GHS,8341351.49,CURRENT,SBL-CUST-001238,DEP.RET.CUR,2001,2025-12-17,,0.000548,FLOATING,,,BR020
DEP-CURRENT_RET-0140,DEPOSIT,GHS,8786647.89,CURRENT,SBL-CUST-000628,DEP.RET.CUR,2001,2019-12-07,,0.003391,FLOATING,,,BR024
DEP-CURRENT_RET-0141,DEPOSIT,GHS,13764443.6,CURRENT,SBL-CUST-013584,DEP.RET.CUR,2001,2023-09-26,,0.002482,FLOATING,,,BR011
DEP-CURRENT_RET-0142,DEPOSIT,GHS,5224612.38,CURRENT,SBL-CUST-005292,DEP.RET.CUR,2001,2024-12-03,,0.002192,FLOATING,,,BR016
DEP-CURRENT_RET-0143,DEPOSIT,GHS,18556255.77,CURRENT,SBL-CUST-014602,DEP.RET.CUR,2001,2019-07-07,,0.004354,FLOATING,,,BR004
DEP-CURRENT_RET-0144,DEPOSIT,GHS,8370026.74,CURRENT,SBL-CUST-006667,DEP.RET.CUR,2001,2019-03-13,,0.004965,FLOATING,,,BR027
DEP-CURRENT_RET-0145,DEPOSIT,GHS,5275409.07,CURRENT,SBL-CUST-008332,DEP.RET.CUR,2001,2024-03-15,,0.00231,FLOATING,,,BR011
DEP-CURRENT_RET-0146,DEPOSIT,GHS,8600453.8,CURRENT,SBL-CUST-000408,DEP.RET.CUR,2001,2025-03-09,,0.002969,FLOATING,,,BR014
DEP-CURRENT_RET-0147,DEPOSIT,GHS,35645881.74,CURRENT,SBL-CUST-004421,DEP.RET.CUR,2001,2023-12-20,,0.001813,FLOATING,,,BR001
DEP-CURRENT_RET-0148,DEPOSIT,GHS,43278584.7,CURRENT,SBL-CUST-007166,DEP.RET.CUR,2001,2018-11-18,,0.003892,FLOATING,,,BR005
DEP-CURRENT_RET-0149,DEPOSIT,GHS,8569930.66,CURRENT,SBL-CUST-006056,DEP.RET.CUR,2001,2025-12-12,,0.001885,FLOATING,,,BR001
DEP-CURRENT_RET-0150,DEPOSIT,GHS,12059924.78,CURRENT,SBL-CUST-011977,DEP.RET.CUR,2001,2019-10-31,,0.004781,FLOATING,,,BR009
DEP-CURRENT_CORP-0001,DEPOSIT,GHS,15429212.8,CURRENT,SBL-CUST-003202,DEP.CORP.CUR,2004,2019-11-28,,0.004661,FLOATING,,,BR001
DEP-CURRENT_CORP-0002,DEPOSIT,GHS,14411392.26,CURRENT,SBL-CUST-004754,DEP.CORP.CUR,2004,2023-12-17,,0.007265,FLOATING,,,BR026
DEP-CURRENT_CORP-0003,DEPOSIT,GHS,7293361.66,CURRENT,SBL-CUST-004305,DEP.CORP.CUR,2004,2025-06-24,,0.004684,FLOATING,,,BR003
DEP-CURRENT_CORP-0004,DEPOSIT,GHS,9997812.47,CURRENT,SBL-CUST-013176,DEP.CORP.CUR,2004,2023-12-25,,0.003617,FLOATING,,,BR023
DEP-CURRENT_CORP-0005,DEPOSIT,GHS,10959144.11,CURRENT,SBL-CUST-006491,DEP.CORP.CUR,2004,2019-02-26,,0.007366,FLOATING,,,BR009
DEP-CURRENT_CORP-0006,DEPOSIT,GHS,13713954.05,CURRENT,SBL-CUST-003518,DEP.CORP.CUR,2004,2023-09-23,,0.004585,FLOATING,,,BR009
DEP-CURRENT_CORP-0007,DEPOSIT,GHS,7272592.14,CURRENT,SBL-CUST-014069,DEP.CORP.CUR,2004,2022-05-13,,0.007502,FLOATING,,,BR028
DEP-CURRENT_CORP-0008,DEPOSIT,GHS,30307007.22,CURRENT,SBL-CUST-005294,DEP.CORP.CUR,2004,2021-03-27,,0.003914,FLOATING,,,BR010
DEP-CURRENT_CORP-0009,DEPOSIT,GHS,21995834.07,CURRENT,SBL-CUST-010899,DEP.CORP.CUR,2004,2023-02-09,,0.003075,FLOATING,,,BR015
DEP-CURRENT_CORP-0010,DEPOSIT,GHS,6712809.17,CURRENT,SBL-CUST-009535,DEP.CORP.CUR,2004,2018-10-06,,0.007283,FLOATING,,,BR026
DEP-CURRENT_CORP-0011,DEPOSIT,GHS,15274047.65,CURRENT,SBL-CUST-011168,DEP.CORP.CUR,2004,2025-11-21,,0.004782,FLOATING,,,BR025
DEP-CURRENT_CORP-0012,DEPOSIT,GHS,44365430.83,CURRENT,SBL-CUST-008628,DEP.CORP.CUR,2004,2021-10-11,,0.005703,FLOATING,,,BR006
DEP-CURRENT_CORP-0013,DEPOSIT,GHS,6840420.47,CURRENT,SBL-CUST-001075,DEP.CORP.CUR,2004,2021-02-21,,0.000842,FLOATING,,,BR025
DEP-CURRENT_CORP-0014,DEPOSIT,GHS,19857132.64,CURRENT,SBL-CUST-012917,DEP.CORP.CUR,2004,2022-09-24,,0.001829,FLOATING,,,BR003
DEP-CURRENT_CORP-0015,DEPOSIT,GHS,7520355.18,CURRENT,SBL-CUST-004440,DEP.CORP.CUR,2004,2023-01-11,,0.001333,FLOATING,,,BR010
DEP-CURRENT_CORP-0016,DEPOSIT,GHS,8053360.88,CURRENT,SBL-CUST-002484,DEP.CORP.CUR,2004,2024-11-28,,0.006657,FLOATING,,,BR013
DEP-CURRENT_CORP-0017,DEPOSIT,GHS,10135704.12,CURRENT,SBL-CUST-009748,DEP.CORP.CUR,2004,2025-06-22,,0.004892,FLOATING,,,BR017
DEP-CURRENT_CORP-0018,DEPOSIT,GHS,7764099.39,CURRENT,SBL-CUST-011520,DEP.CORP.CUR,2004,2021-03-05,,0.005927,FLOATING,,,BR017
DEP-CURRENT_CORP-0019,DEPOSIT,GHS,7214514.68,CURRENT,SBL-CUST-003834,DEP.CORP.CUR,2004,2024-07-06,,0.00412,FLOATING,,,BR006
DEP-CURRENT_CORP-0020,DEPOSIT,GHS,62190147.7,CURRENT,SBL-CUST-010564,DEP.CORP.CUR,2004,2025-06-24,,0.007244,FLOATING,,,BR002
DEP-CURRENT_CORP-0021,DEPOSIT,GHS,8135551.8,CURRENT,SBL-CUST-013365,DEP.CORP.CUR,2004,2024-10-18,,0.006266,FLOATING,,,BR018
DEP-CURRENT_CORP-0022,DEPOSIT,GHS,8901297.94,CURRENT,SBL-CUST-003830,DEP.CORP.CUR,2004,2020-05-25,,0.002963,FLOATING,,,BR024
DEP-CURRENT_CORP-0023,DEPOSIT,GHS,10473655.18,CURRENT,SBL-CUST-013193,DEP.CORP.CUR,2004,2024-08-17,,0.006773,FLOATING,,,BR022
DEP-CURRENT_CORP-0024,DEPOSIT,GHS,11093352.34,CURRENT,SBL-CUST-010162,DEP.CORP.CUR,2004,2019-06-18,,0.005963,FLOATING,,,BR024
DEP-CURRENT_CORP-0025,DEPOSIT,GHS,9982344.73,CURRENT,SBL-CUST-007906,DEP.CORP.CUR,2004,2025-03-06,,0.001867,FLOATING,,,BR009
DEP-CURRENT_CORP-0026,DEPOSIT,GHS,40951888.82,CURRENT,SBL-CUST-005811,DEP.CORP.CUR,2004,2019-02-14,,0.000931,FLOATING,,,BR021
DEP-CURRENT_CORP-0027,DEPOSIT,GHS,6676911.39,CURRENT,SBL-CUST-013827,DEP.CORP.CUR,2004,2024-11-01,,0.002543,FLOATING,,,BR024
DEP-CURRENT_CORP-0028,DEPOSIT,GHS,10397791.3,CURRENT,SBL-CUST-003929,DEP.CORP.CUR,2004,2025-06-06,,0.006004,FLOATING,,,BR027
DEP-CURRENT_CORP-0029,DEPOSIT,GHS,18179920.08,CURRENT,SBL-CUST-007306,DEP.CORP.CUR,2004,2025-11-15,,0.003407,FLOATING,,,BR018
DEP-CURRENT_CORP-0030,DEPOSIT,GHS,14035374.92,CURRENT,SBL-CUST-010261,DEP.CORP.CUR,2004,2019-09-15,,0.001113,FLOATING,,,BR010
DEP-CURRENT_CORP-0031,DEPOSIT,GHS,7154884.96,CURRENT,SBL-CUST-008025,DEP.CORP.CUR,2004,2020-07-10,,0.002157,FLOATING,,,BR023
DEP-CURRENT_CORP-0032,DEPOSIT,GHS,11385287.02,CURRENT,SBL-CUST-003278,DEP.CORP.CUR,2004,2021-08-05,,0.007705,FLOATING,,,BR024
DEP-CURRENT_CORP-0033,DEPOSIT,GHS,8162203.31,CURRENT,SBL-CUST-013557,DEP.CORP.CUR,2004,2018-10-31,,0.005628,FLOATING,,,BR006
DEP-CURRENT_CORP-0034,DEPOSIT,GHS,7788714.18,CURRENT,SBL-CUST-001852,DEP.CORP.CUR,2004,2018-09-19,,0.003751,FLOATING,,,BR015
DEP-CURRENT_CORP-0035,DEPOSIT,GHS,8927403.87,CURRENT,SBL-CUST-013336,DEP.CORP.CUR,2004,2024-10-22,,0.006637,FLOATING,,,BR011
DEP-CURRENT_CORP-0036,DEPOSIT,GHS,7806046.26,CURRENT,SBL-CUST-009074,DEP.CORP.CUR,2004,2025-01-10,,0.003739,FLOATING,,,BR003
DEP-CURRENT_CORP-0037,DEPOSIT,GHS,7076640.45,CURRENT,SBL-CUST-010108,DEP.CORP.CUR,2004,2024-12-31,,0.002783,FLOATING,,,BR026
DEP-CURRENT_CORP-0038,DEPOSIT,GHS,6556659.22,CURRENT,SBL-CUST-005380,DEP.CORP.CUR,2004,2020-02-28,,0.000725,FLOATING,,,BR015
DEP-CURRENT_CORP-0039,DEPOSIT,GHS,9450126.89,CURRENT,SBL-CUST-008597,DEP.CORP.CUR,2004,2021-12-24,,0.000703,FLOATING,,,BR006
DEP-CURRENT_CORP-0040,DEPOSIT,GHS,21677535.97,CURRENT,SBL-CUST-000010,DEP.CORP.CUR,2004,2022-02-17,,0.005513,FLOATING,,,BR009
DEP-CURRENT_CORP-0041,DEPOSIT,GHS,6723285.9,CURRENT,SBL-CUST-005567,DEP.CORP.CUR,2004,2021-03-10,,0.002849,FLOATING,,,BR026
DEP-CURRENT_CORP-0042,DEPOSIT,GHS,6713166.76,CURRENT,SBL-CUST-008163,DEP.CORP.CUR,2004,2025-07-21,,0.005731,FLOATING,,,BR020
DEP-CURRENT_CORP-0043,DEPOSIT,GHS,11078909.26,CURRENT,SBL-CUST-013046,DEP.CORP.CUR,2004,2023-05-18,,0.006158,FLOATING,,,BR021
DEP-CURRENT_CORP-0044,DEPOSIT,GHS,17686440.25,CURRENT,SBL-CUST-012283,DEP.CORP.CUR,2004,2024-02-02,,0.004432,FLOATING,,,BR015
DEP-CURRENT_CORP-0045,DEPOSIT,GHS,8904695.25,CURRENT,SBL-CUST-005262,DEP.CORP.CUR,2004,2021-12-26,,0.006794,FLOATING,,,BR018
DEP-CURRENT_CORP-0046,DEPOSIT,GHS,19623694.8,CURRENT,SBL-CUST-005977,DEP.CORP.CUR,2004,2022-05-03,,0.00504,FLOATING,,,BR016
DEP-CURRENT_CORP-0047,DEPOSIT,GHS,7764574.19,CURRENT,SBL-CUST-009532,DEP.CORP.CUR,2004,2020-10-11,,0.006982,FLOATING,,,BR017
DEP-CURRENT_CORP-0048,DEPOSIT,GHS,7405341.91,CURRENT,SBL-CUST-009904,DEP.CORP.CUR,2004,2019-08-10,,0.007661,FLOATING,,,BR007
DEP-CURRENT_CORP-0049,DEPOSIT,GHS,9225298.28,CURRENT,SBL-CUST-004885,DEP.CORP.CUR,2004,2020-01-30,,0.002125,FLOATING,,,BR003
DEP-CURRENT_CORP-0050,DEPOSIT,GHS,8331874.65,CURRENT,SBL-CUST-009562,DEP.CORP.CUR,2004,2020-11-17,,0.007253,FLOATING,,,BR009
DEP-CURRENT_CORP-0051,DEPOSIT,GHS,9255322.21,CURRENT,SBL-CUST-008533,DEP.CORP.CUR,2004,2023-01-07,,0.003983,FLOATING,,,BR006
DEP-CURRENT_CORP-0052,DEPOSIT,GHS,7050755.58,CURRENT,SBL-CUST-008351,DEP.CORP.CUR,2004,2024-03-11,,0.007029,FLOATING,,,BR011
DEP-CURRENT_CORP-0053,DEPOSIT,GHS,30346475.46,CURRENT,SBL-CUST-010115,DEP.CORP.CUR,2004,2023-12-16,,0.00626,FLOATING,,,BR004
DEP-CURRENT_CORP-0054,DEPOSIT,GHS,10834679.62,CURRENT,SBL-CUST-009368,DEP.CORP.CUR,2004,2019-08-02,,0.005138,FLOATING,,,BR017
DEP-CURRENT_CORP-0055,DEPOSIT,GHS,7949344.8,CURRENT,SBL-CUST-001863,DEP.CORP.CUR,2004,2024-04-26,,0.007181,FLOATING,,,BR022
DEP-CURRENT_CORP-0056,DEPOSIT,GHS,63049480.17,CURRENT,SBL-CUST-000507,DEP.CORP.CUR,2004,2026-03-02,,0.007669,FLOATING,,,BR028
DEP-CURRENT_CORP-0057,DEPOSIT,GHS,10374080.58,CURRENT,SBL-CUST-003608,DEP.CORP.CUR,2004,2021-06-09,,0.00659,FLOATING,,,BR024
DEP-CURRENT_CORP-0058,DEPOSIT,GHS,10200590.02,CURRENT,SBL-CUST-010184,DEP.CORP.CUR,2004,2020-10-02,,0.00312,FLOATING,,,BR019
DEP-CURRENT_CORP-0059,DEPOSIT,GHS,15276666.0,CURRENT,SBL-CUST-011525,DEP.CORP.CUR,2004,2020-09-06,,0.000153,FLOATING,,,BR005
DEP-CURRENT_CORP-0060,DEPOSIT,GHS,13332988.52,CURRENT,SBL-CUST-006679,DEP.CORP.CUR,2004,2021-03-14,,0.005821,FLOATING,,,BR016
DEP-CURRENT_CORP-0061,DEPOSIT,GHS,10778101.58,CURRENT,SBL-CUST-011352,DEP.CORP.CUR,2004,2026-05-13,,0.005426,FLOATING,,,BR019
DEP-CURRENT_CORP-0062,DEPOSIT,GHS,6971530.36,CURRENT,SBL-CUST-004238,DEP.CORP.CUR,2004,2023-12-27,,0.0038,FLOATING,,,BR020
DEP-CURRENT_CORP-0063,DEPOSIT,GHS,10582734.66,CURRENT,SBL-CUST-004139,DEP.CORP.CUR,2004,2022-03-31,,0.004489,FLOATING,,,BR011
DEP-CURRENT_CORP-0064,DEPOSIT,GHS,6661116.95,CURRENT,SBL-CUST-011285,DEP.CORP.CUR,2004,2022-06-22,,0.005989,FLOATING,,,BR008
DEP-CURRENT_CORP-0065,DEPOSIT,GHS,11285553.68,CURRENT,SBL-CUST-005528,DEP.CORP.CUR,2004,2022-04-17,,0.007978,FLOATING,,,BR002
DEP-CURRENT_CORP-0066,DEPOSIT,GHS,7117953.32,CURRENT,SBL-CUST-007674,DEP.CORP.CUR,2004,2021-10-26,,0.005385,FLOATING,,,BR009
DEP-CURRENT_CORP-0067,DEPOSIT,GHS,7666203.4,CURRENT,SBL-CUST-007820,DEP.CORP.CUR,2004,2021-08-23,,0.003881,FLOATING,,,BR016
DEP-CURRENT_CORP-0068,DEPOSIT,GHS,9034827.03,CURRENT,SBL-CUST-009751,DEP.CORP.CUR,2004,2020-03-25,,0.005287,FLOATING,,,BR001
DEP-CURRENT_CORP-0069,DEPOSIT,GHS,10296816.62,CURRENT,SBL-CUST-003987,DEP.CORP.CUR,2004,2022-09-18,,0.00619,FLOATING,,,BR011
DEP-CURRENT_CORP-0070,DEPOSIT,GHS,63919490.46,CURRENT,SBL-CUST-009097,DEP.CORP.CUR,2004,2020-03-07,,0.003068,FLOATING,,,BR008
DEP-CURRENT_CORP-0071,DEPOSIT,GHS,8672641.85,CURRENT,SBL-CUST-008979,DEP.CORP.CUR,2004,2023-01-19,,0.005787,FLOATING,,,BR024
DEP-CURRENT_CORP-0072,DEPOSIT,GHS,7806833.93,CURRENT,SBL-CUST-006976,DEP.CORP.CUR,2004,2024-02-17,,0.001356,FLOATING,,,BR011
DEP-CURRENT_CORP-0073,DEPOSIT,GHS,54114689.82,CURRENT,SBL-CUST-009676,DEP.CORP.CUR,2004,2021-10-12,,0.004537,FLOATING,,,BR015
DEP-CURRENT_CORP-0074,DEPOSIT,GHS,17072528.04,CURRENT,SBL-CUST-008654,DEP.CORP.CUR,2004,2021-03-08,,0.00053,FLOATING,,,BR001
DEP-CURRENT_CORP-0075,DEPOSIT,GHS,22923522.12,CURRENT,SBL-CUST-007227,DEP.CORP.CUR,2004,2024-12-07,,0.003316,FLOATING,,,BR010
DEP-CURRENT_CORP-0076,DEPOSIT,GHS,7263567.34,CURRENT,SBL-CUST-009847,DEP.CORP.CUR,2004,2020-11-22,,0.004747,FLOATING,,,BR025
DEP-CURRENT_CORP-0077,DEPOSIT,GHS,71913212.05,CURRENT,SBL-CUST-002564,DEP.CORP.CUR,2004,2026-01-23,,0.005415,FLOATING,,,BR005
DEP-CURRENT_CORP-0078,DEPOSIT,GHS,15365718.94,CURRENT,SBL-CUST-013851,DEP.CORP.CUR,2004,2019-09-12,,0.006216,FLOATING,,,BR004
DEP-CURRENT_CORP-0079,DEPOSIT,GHS,14557577.24,CURRENT,SBL-CUST-006892,DEP.CORP.CUR,2004,2025-08-06,,0.001874,FLOATING,,,BR025
DEP-CURRENT_CORP-0080,DEPOSIT,GHS,10678987.49,CURRENT,SBL-CUST-002712,DEP.CORP.CUR,2004,2018-09-20,,0.00092,FLOATING,,,BR026
DEP-CURRENT_CORP-0081,DEPOSIT,GHS,16145902.41,CURRENT,SBL-CUST-013455,DEP.CORP.CUR,2004,2024-01-29,,0.000814,FLOATING,,,BR009
DEP-CURRENT_CORP-0082,DEPOSIT,GHS,12488634.79,CURRENT,SBL-CUST-007828,DEP.CORP.CUR,2004,2019-10-04,,0.005447,FLOATING,,,BR013
DEP-CURRENT_CORP-0083,DEPOSIT,GHS,8371332.16,CURRENT,SBL-CUST-011419,DEP.CORP.CUR,2004,2021-11-15,,0.001457,FLOATING,,,BR009
DEP-CURRENT_CORP-0084,DEPOSIT,GHS,12238335.2,CURRENT,SBL-CUST-007983,DEP.CORP.CUR,2004,2023-03-18,,8e-06,FLOATING,,,BR019
DEP-CURRENT_CORP-0085,DEPOSIT,GHS,7036318.77,CURRENT,SBL-CUST-011849,DEP.CORP.CUR,2004,2019-07-18,,0.005287,FLOATING,,,BR023
DEP-CURRENT_CORP-0086,DEPOSIT,GHS,6691641.1,CURRENT,SBL-CUST-007270,DEP.CORP.CUR,2004,2020-10-29,,0.000946,FLOATING,,,BR026
DEP-CURRENT_CORP-0087,DEPOSIT,GHS,12921422.66,CURRENT,SBL-CUST-001107,DEP.CORP.CUR,2004,2024-06-07,,0.001928,FLOATING,,,BR008
DEP-CURRENT_CORP-0088,DEPOSIT,GHS,6671304.13,CURRENT,SBL-CUST-013571,DEP.CORP.CUR,2004,2020-01-22,,0.006349,FLOATING,,,BR023
DEP-CURRENT_CORP-0089,DEPOSIT,GHS,22166795.22,CURRENT,SBL-CUST-001114,DEP.CORP.CUR,2004,2022-07-28,,0.001678,FLOATING,,,BR018
DEP-CURRENT_CORP-0090,DEPOSIT,GHS,7370007.12,CURRENT,SBL-CUST-009782,DEP.CORP.CUR,2004,2022-01-30,,0.003005,FLOATING,,,BR028
DEP-CALL-0001,DEPOSIT,GHS,7694264.67,CALL,SBL-CUST-002109,DEP.CORP.CALL,2004,2018-09-28,,0.031651,FLOATING,,,BR021
DEP-CALL-0002,DEPOSIT,GHS,25209795.27,CALL,SBL-CUST-008150,DEP.CORP.CALL,2004,2024-07-24,,0.045268,FLOATING,,,BR023
DEP-CALL-0003,DEPOSIT,GHS,19014330.83,CALL,SBL-CUST-003247,DEP.CORP.CALL,2004,2019-02-04,,0.051581,FLOATING,,,BR004
DEP-CALL-0004,DEPOSIT,GHS,6297056.09,CALL,SBL-CUST-006382,DEP.CORP.CALL,2004,2022-11-18,,0.059114,FLOATING,,,BR017
DEP-CALL-0005,DEPOSIT,GHS,26003413.49,CALL,SBL-CUST-004250,DEP.CORP.CALL,2004,2021-11-08,,0.035878,FLOATING,,,BR018
DEP-CALL-0006,DEPOSIT,GHS,4901238.77,CALL,SBL-CUST-011428,DEP.CORP.CALL,2004,2021-10-01,,0.034082,FLOATING,,,BR021
DEP-CALL-0007,DEPOSIT,GHS,15298979.53,CALL,SBL-CUST-004908,DEP.CORP.CALL,2004,2025-12-25,,0.05373,FLOATING,,,BR021
DEP-CALL-0008,DEPOSIT,GHS,5522706.39,CALL,SBL-CUST-001909,DEP.CORP.CALL,2004,2026-04-29,,0.049393,FLOATING,,,BR020
DEP-CALL-0009,DEPOSIT,GHS,5522923.58,CALL,SBL-CUST-000949,DEP.CORP.CALL,2004,2022-09-13,,0.059367,FLOATING,,,BR017
DEP-CALL-0010,DEPOSIT,GHS,6835248.26,CALL,SBL-CUST-010181,DEP.CORP.CALL,2004,2026-01-28,,0.032531,FLOATING,,,BR001
DEP-CALL-0011,DEPOSIT,GHS,5730138.51,CALL,SBL-CUST-007803,DEP.CORP.CALL,2004,2025-09-19,,0.030126,FLOATING,,,BR025
DEP-CALL-0012,DEPOSIT,GHS,5710574.54,CALL,SBL-CUST-001537,DEP.CORP.CALL,2004,2019-04-26,,0.056955,FLOATING,,,BR018
DEP-CALL-0013,DEPOSIT,GHS,12403553.67,CALL,SBL-CUST-004427,DEP.CORP.CALL,2004,2019-11-02,,0.025942,FLOATING,,,BR005
DEP-CALL-0014,DEPOSIT,GHS,7081906.32,CALL,SBL-CUST-013045,DEP.CORP.CALL,2004,2022-10-08,,0.027017,FLOATING,,,BR023
DEP-CALL-0015,DEPOSIT,GHS,7011384.35,CALL,SBL-CUST-000315,DEP.CORP.CALL,2004,2021-02-06,,0.031929,FLOATING,,,BR005
DEP-CALL-0016,DEPOSIT,GHS,13358508.77,CALL,SBL-CUST-007992,DEP.CORP.CALL,2004,2024-02-01,,0.029558,FLOATING,,,BR020
DEP-CALL-0017,DEPOSIT,GHS,14559625.41,CALL,SBL-CUST-010427,DEP.CORP.CALL,2004,2023-12-20,,0.042945,FLOATING,,,BR011
DEP-CALL-0018,DEPOSIT,GHS,57062248.16,CALL,SBL-CUST-013633,DEP.CORP.CALL,2004,2025-10-26,,0.034229,FLOATING,,,BR011
DEP-CALL-0019,DEPOSIT,GHS,5800215.08,CALL,SBL-CUST-001810,DEP.CORP.CALL,2004,2019-09-01,,0.029557,FLOATING,,,BR008
DEP-CALL-0020,DEPOSIT,GHS,5070548.59,CALL,SBL-CUST-014462,DEP.CORP.CALL,2004,2025-10-18,,0.053979,FLOATING,,,BR010
DEP-CALL-0021,DEPOSIT,GHS,34475949.13,CALL,SBL-CUST-001709,DEP.CORP.CALL,2004,2023-02-21,,0.044692,FLOATING,,,BR024
DEP-CALL-0022,DEPOSIT,GHS,6477682.54,CALL,SBL-CUST-001932,DEP.CORP.CALL,2004,2024-06-18,,0.032843,FLOATING,,,BR005
DEP-CALL-0023,DEPOSIT,GHS,6829844.06,CALL,SBL-CUST-014563,DEP.CORP.CALL,2004,2024-03-27,,0.057803,FLOATING,,,BR019
DEP-CALL-0024,DEPOSIT,GHS,10826329.69,CALL,SBL-CUST-012598,DEP.CORP.CALL,2004,2021-10-18,,0.038191,FLOATING,,,BR016
DEP-CALL-0025,DEPOSIT,GHS,8725028.98,CALL,SBL-CUST-011400,DEP.CORP.CALL,2004,2019-04-28,,0.05403,FLOATING,,,BR016
DEP-CALL-0026,DEPOSIT,GHS,11400804.21,CALL,SBL-CUST-011736,DEP.CORP.CALL,2004,2024-09-15,,0.034695,FLOATING,,,BR027
DEP-CALL-0027,DEPOSIT,GHS,5223438.16,CALL,SBL-CUST-004875,DEP.CORP.CALL,2004,2019-02-27,,0.038794,FLOATING,,,BR005
DEP-CALL-0028,DEPOSIT,GHS,5382898.86,CALL,SBL-CUST-007808,DEP.CORP.CALL,2004,2022-05-06,,0.027814,FLOATING,,,BR022
DEP-CALL-0029,DEPOSIT,GHS,7478885.1,CALL,SBL-CUST-014389,DEP.CORP.CALL,2004,2018-09-25,,0.048767,FLOATING,,,BR018
DEP-CALL-0030,DEPOSIT,GHS,4593527.11,CALL,SBL-CUST-012833,DEP.CORP.CALL,2004,2022-06-06,,0.051957,FLOATING,,,BR005
DEP-CALL-0031,DEPOSIT,GHS,6960586.67,CALL,SBL-CUST-005036,DEP.CORP.CALL,2004,2025-03-05,,0.04541,FLOATING,,,BR011
DEP-CALL-0032,DEPOSIT,GHS,16320863.32,CALL,SBL-CUST-012101,DEP.CORP.CALL,2004,2021-06-12,,0.032969,FLOATING,,,BR002
DEP-CALL-0033,DEPOSIT,GHS,6220177.64,CALL,SBL-CUST-003740,DEP.CORP.CALL,2004,2023-01-25,,0.032667,FLOATING,,,BR013
DEP-CALL-0034,DEPOSIT,GHS,7923218.19,CALL,SBL-CUST-006442,DEP.CORP.CALL,2004,2019-05-08,,0.056284,FLOATING,,,BR009
DEP-CALL-0035,DEPOSIT,GHS,27212745.0,CALL,SBL-CUST-001841,DEP.CORP.CALL,2004,2020-01-24,,0.05701,FLOATING,,,BR022
DEP-CALL-0036,DEPOSIT,GHS,6989601.78,CALL,SBL-CUST-006469,DEP.CORP.CALL,2004,2022-11-14,,0.033442,FLOATING,,,BR006
DEP-CALL-0037,DEPOSIT,GHS,4520827.04,CALL,SBL-CUST-008911,DEP.CORP.CALL,2004,2020-02-29,,0.055367,FLOATING,,,BR003
DEP-CALL-0038,DEPOSIT,GHS,11458380.8,CALL,SBL-CUST-014689,DEP.CORP.CALL,2004,2024-12-18,,0.05431,FLOATING,,,BR014
DEP-CALL-0039,DEPOSIT,GHS,6344643.62,CALL,SBL-CUST-001946,DEP.CORP.CALL,2004,2020-06-20,,0.030572,FLOATING,,,BR014
DEP-CALL-0040,DEPOSIT,GHS,47297130.6,CALL,SBL-CUST-003242,DEP.CORP.CALL,2004,2025-12-23,,0.057133,FLOATING,,,BR009
DEP-CALL-0041,DEPOSIT,GHS,4439351.42,CALL,SBL-CUST-002973,DEP.CORP.CALL,2004,2022-09-11,,0.026461,FLOATING,,,BR025
DEP-CALL-0042,DEPOSIT,GHS,4923900.83,CALL,SBL-CUST-006284,DEP.CORP.CALL,2004,2021-08-08,,0.032347,FLOATING,,,BR010
DEP-CALL-0043,DEPOSIT,GHS,4471085.27,CALL,SBL-CUST-011356,DEP.CORP.CALL,2004,2022-02-19,,0.031855,FLOATING,,,BR021
DEP-CALL-0044,DEPOSIT,GHS,11878309.39,CALL,SBL-CUST-003454,DEP.CORP.CALL,2004,2025-09-10,,0.034149,FLOATING,,,BR006
DEP-CALL-0045,DEPOSIT,GHS,6353197.2,CALL,SBL-CUST-005872,DEP.CORP.CALL,2004,2024-02-11,,0.030613,FLOATING,,,BR017
DEP-CALL-0046,DEPOSIT,GHS,5005825.66,CALL,SBL-CUST-001707,DEP.CORP.CALL,2004,2020-03-25,,0.028377,FLOATING,,,BR011
DEP-CALL-0047,DEPOSIT,GHS,22221233.66,CALL,SBL-CUST-004342,DEP.CORP.CALL,2004,2024-06-04,,0.043347,FLOATING,,,BR019
DEP-CALL-0048,DEPOSIT,GHS,64882812.04,CALL,SBL-CUST-013036,DEP.CORP.CALL,2004,2024-01-05,,0.04542,FLOATING,,,BR005
DEP-CALL-0049,DEPOSIT,GHS,5033174.82,CALL,SBL-CUST-010405,DEP.CORP.CALL,2004,2021-04-01,,0.053545,FLOATING,,,BR006
DEP-CALL-0050,DEPOSIT,GHS,6642487.45,CALL,SBL-CUST-001637,DEP.CORP.CALL,2004,2024-03-09,,0.054284,FLOATING,,,BR017
DEP-CALL-0051,DEPOSIT,GHS,10062449.64,CALL,SBL-CUST-012928,DEP.CORP.CALL,2004,2021-06-16,,0.033911,FLOATING,,,BR011
DEP-CALL-0052,DEPOSIT,GHS,24222646.99,CALL,SBL-CUST-000179,DEP.CORP.CALL,2004,2024-08-17,,0.040483,FLOATING,,,BR008
DEP-CALL-0053,DEPOSIT,GHS,4856964.45,CALL,SBL-CUST-008652,DEP.CORP.CALL,2004,2026-04-29,,0.059589,FLOATING,,,BR022
DEP-CALL-0054,DEPOSIT,GHS,7825344.82,CALL,SBL-CUST-002839,DEP.CORP.CALL,2004,2025-08-11,,0.057785,FLOATING,,,BR008
DEP-CALL-0055,DEPOSIT,GHS,4764307.04,CALL,SBL-CUST-011633,DEP.CORP.CALL,2004,2024-02-02,,0.042949,FLOATING,,,BR028
DEP-CALL-0056,DEPOSIT,GHS,7525279.61,CALL,SBL-CUST-002798,DEP.CORP.CALL,2004,2023-03-22,,0.046847,FLOATING,,,BR001
DEP-CALL-0057,DEPOSIT,GHS,4805343.07,CALL,SBL-CUST-005026,DEP.CORP.CALL,2004,2024-11-12,,0.032021,FLOATING,,,BR006
DEP-CALL-0058,DEPOSIT,GHS,7498830.13,CALL,SBL-CUST-000469,DEP.CORP.CALL,2004,2019-08-25,,0.041421,FLOATING,,,BR010
DEP-CALL-0059,DEPOSIT,GHS,4765422.91,CALL,SBL-CUST-008402,DEP.CORP.CALL,2004,2022-03-06,,0.043404,FLOATING,,,BR014
DEP-CALL-0060,DEPOSIT,GHS,8318982.03,CALL,SBL-CUST-009278,DEP.CORP.CALL,2004,2019-01-23,,0.051711,FLOATING,,,BR005
DEP-CALL-0061,DEPOSIT,GHS,12070827.48,CALL,SBL-CUST-002555,DEP.CORP.CALL,2004,2021-09-24,,0.029599,FLOATING,,,BR012
DEP-CALL-0062,DEPOSIT,GHS,5438612.31,CALL,SBL-CUST-012382,DEP.CORP.CALL,2004,2025-09-14,,0.053657,FLOATING,,,BR023
DEP-CALL-0063,DEPOSIT,GHS,7289042.02,CALL,SBL-CUST-000940,DEP.CORP.CALL,2004,2024-03-07,,0.038713,FLOATING,,,BR010
DEP-CALL-0064,DEPOSIT,GHS,44380436.76,CALL,SBL-CUST-008607,DEP.CORP.CALL,2004,2026-01-02,,0.037182,FLOATING,,,BR006
DEP-CALL-0065,DEPOSIT,GHS,13648357.61,CALL,SBL-CUST-011964,DEP.CORP.CALL,2004,2018-12-13,,0.025762,FLOATING,,,BR003
DEP-CALL-0066,DEPOSIT,GHS,5327239.26,CALL,SBL-CUST-012241,DEP.CORP.CALL,2004,2024-06-11,,0.028866,FLOATING,,,BR024
DEP-CALL-0067,DEPOSIT,GHS,4755233.17,CALL,SBL-CUST-014344,DEP.CORP.CALL,2004,2019-08-12,,0.055214,FLOATING,,,BR027
DEP-CALL-0068,DEPOSIT,GHS,7906338.58,CALL,SBL-CUST-011146,DEP.CORP.CALL,2004,2020-05-06,,0.041601,FLOATING,,,BR011
DEP-CALL-0069,DEPOSIT,GHS,4694873.24,CALL,SBL-CUST-002762,DEP.CORP.CALL,2004,2020-03-29,,0.029758,FLOATING,,,BR002
DEP-CALL-0070,DEPOSIT,GHS,7964099.29,CALL,SBL-CUST-006186,DEP.CORP.CALL,2004,2025-09-01,,0.03224,FLOATING,,,BR024
DEP-CALL-0071,DEPOSIT,GHS,21003799.52,CALL,SBL-CUST-004534,DEP.CORP.CALL,2004,2025-03-17,,0.0358,FLOATING,,,BR006
DEP-CALL-0072,DEPOSIT,GHS,6279443.35,CALL,SBL-CUST-003254,DEP.CORP.CALL,2004,2024-05-05,,0.05039,FLOATING,,,BR021
DEP-CALL-0073,DEPOSIT,GHS,5207344.83,CALL,SBL-CUST-011632,DEP.CORP.CALL,2004,2024-09-28,,0.038675,FLOATING,,,BR027
DEP-CALL-0074,DEPOSIT,GHS,13285807.82,CALL,SBL-CUST-011694,DEP.CORP.CALL,2004,2023-07-16,,0.035325,FLOATING,,,BR020
DEP-CALL-0075,DEPOSIT,GHS,8958155.46,CALL,SBL-CUST-014818,DEP.CORP.CALL,2004,2024-06-09,,0.038695,FLOATING,,,BR001
DEP-CALL-0076,DEPOSIT,GHS,6045646.58,CALL,SBL-CUST-003221,DEP.CORP.CALL,2004,2021-01-14,,0.049438,FLOATING,,,BR008
DEP-CALL-0077,DEPOSIT,GHS,8805046.08,CALL,SBL-CUST-014083,DEP.CORP.CALL,2004,2020-09-19,,0.043646,FLOATING,,,BR009
DEP-CALL-0078,DEPOSIT,GHS,7391515.83,CALL,SBL-CUST-007646,DEP.CORP.CALL,2004,2024-08-04,,0.049753,FLOATING,,,BR027
DEP-CALL-0079,DEPOSIT,GHS,4455418.62,CALL,SBL-CUST-012596,DEP.CORP.CALL,2004,2023-09-26,,0.036918,FLOATING,,,BR017
DEP-CALL-0080,DEPOSIT,GHS,6489991.81,CALL,SBL-CUST-000021,DEP.CORP.CALL,2004,2024-11-24,,0.050219,FLOATING,,,BR005
DEP-CALL-0081,DEPOSIT,GHS,5419029.54,CALL,SBL-CUST-010328,DEP.CORP.CALL,2004,2020-11-02,,0.032409,FLOATING,,,BR023
DEP-CALL-0082,DEPOSIT,GHS,7602809.12,CALL,SBL-CUST-010797,DEP.CORP.CALL,2004,2024-07-04,,0.042775,FLOATING,,,BR026
DEP-CALL-0083,DEPOSIT,GHS,5509904.64,CALL,SBL-CUST-009248,DEP.CORP.CALL,2004,2023-01-16,,0.043803,FLOATING,,,BR006
DEP-CALL-0084,DEPOSIT,GHS,5267097.44,CALL,SBL-CUST-007746,DEP.CORP.CALL,2004,2022-02-19,,0.054893,FLOATING,,,BR007
DEP-CALL-0085,DEPOSIT,GHS,7751059.6,CALL,SBL-CUST-000531,DEP.CORP.CALL,2004,2022-01-28,,0.057891,FLOATING,,,BR004
DEP-CALL-0086,DEPOSIT,GHS,5106544.22,CALL,SBL-CUST-004695,DEP.CORP.CALL,2004,2024-02-07,,0.056137,FLOATING,,,BR002
DEP-CALL-0087,DEPOSIT,GHS,6069400.35,CALL,SBL-CUST-013167,DEP.CORP.CALL,2004,2021-11-26,,0.05937,FLOATING,,,BR018
DEP-CALL-0088,DEPOSIT,GHS,4886945.79,CALL,SBL-CUST-007103,DEP.CORP.CALL,2004,2022-07-27,,0.025103,FLOATING,,,BR006
DEP-CALL-0089,DEPOSIT,GHS,6328510.64,CALL,SBL-CUST-007471,DEP.CORP.CALL,2004,2024-11-05,,0.037679,FLOATING,,,BR027
DEP-CALL-0090,DEPOSIT,GHS,5661629.2,CALL,SBL-CUST-000676,DEP.CORP.CALL,2004,2023-02-28,,0.04964,FLOATING,,,BR021
DEP-SAVINGS-0001,DEPOSIT,GHS,14880221.61,SAVINGS,SBL-CUST-008309,DEP.RET.SAV,2002,2026-01-28,,0.040483,FLOATING,,,BR020
DEP-SAVINGS-0002,DEPOSIT,GHS,5446254.72,SAVINGS,SBL-CUST-006523,DEP.RET.SAV,2002,2019-12-06,,0.047574,FLOATING,,,BR028
DEP-SAVINGS-0003,DEPOSIT,GHS,6427634.61,SAVINGS,SBL-CUST-000944,DEP.RET.SAV,2002,2022-08-18,,0.055347,FLOATING,,,BR001
DEP-SAVINGS-0004,DEPOSIT,GHS,6543131.96,SAVINGS,SBL-CUST-014839,DEP.RET.SAV,2002,2022-04-05,,0.068423,FLOATING,,,BR027
DEP-SAVINGS-0005,DEPOSIT,GHS,8756823.98,SAVINGS,SBL-CUST-004378,DEP.RET.SAV,2002,2023-03-29,,0.050098,FLOATING,,,BR014
DEP-SAVINGS-0006,DEPOSIT,GHS,6454738.56,SAVINGS,SBL-CUST-004315,DEP.RET.SAV,2002,2020-01-02,,0.040736,FLOATING,,,BR005
DEP-SAVINGS-0007,DEPOSIT,GHS,5120081.22,SAVINGS,SBL-CUST-004266,DEP.RET.SAV,2002,2020-07-30,,0.055934,FLOATING,,,BR014
DEP-SAVINGS-0008,DEPOSIT,GHS,14804106.75,SAVINGS,SBL-CUST-010753,DEP.RET.SAV,2002,2024-04-03,,0.060769,FLOATING,,,BR012
DEP-SAVINGS-0009,DEPOSIT,GHS,5714602.21,SAVINGS,SBL-CUST-003984,DEP.RET.SAV,2002,2024-02-26,,0.04187,FLOATING,,,BR025
DEP-SAVINGS-0010,DEPOSIT,GHS,11791404.62,SAVINGS,SBL-CUST-003062,DEP.RET.SAV,2002,2025-11-13,,0.045204,FLOATING,,,BR025
DEP-SAVINGS-0011,DEPOSIT,GHS,5623462.27,SAVINGS,SBL-CUST-009530,DEP.RET.SAV,2002,2023-09-20,,0.052414,FLOATING,,,BR019
DEP-SAVINGS-0012,DEPOSIT,GHS,6304680.79,SAVINGS,SBL-CUST-003764,DEP.RET.SAV,2002,2023-10-25,,0.072292,FLOATING,,,BR011
DEP-SAVINGS-0013,DEPOSIT,GHS,6204359.54,SAVINGS,SBL-CUST-001226,DEP.RET.SAV,2002,2020-01-29,,0.051709,FLOATING,,,BR019
DEP-SAVINGS-0014,DEPOSIT,GHS,14406587.42,SAVINGS,SBL-CUST-006080,DEP.RET.SAV,2002,2026-02-25,,0.060714,FLOATING,,,BR012
DEP-SAVINGS-0015,DEPOSIT,GHS,9199012.99,SAVINGS,SBL-CUST-002456,DEP.RET.SAV,2002,2023-03-24,,0.053315,FLOATING,,,BR002
DEP-SAVINGS-0016,DEPOSIT,GHS,6972925.32,SAVINGS,SBL-CUST-001540,DEP.RET.SAV,2002,2026-04-02,,0.056164,FLOATING,,,BR003
DEP-SAVINGS-0017,DEPOSIT,GHS,9077903.06,SAVINGS,SBL-CUST-000988,DEP.RET.SAV,2002,2024-05-14,,0.062645,FLOATING,,,BR015
DEP-SAVINGS-0018,DEPOSIT,GHS,5065439.98,SAVINGS,SBL-CUST-013060,DEP.RET.SAV,2002,2021-04-18,,0.069946,FLOATING,,,BR027
DEP-SAVINGS-0019,DEPOSIT,GHS,6922312.88,SAVINGS,SBL-CUST-006696,DEP.RET.SAV,2002,2025-03-07,,0.074352,FLOATING,,,BR027
DEP-SAVINGS-0020,DEPOSIT,GHS,11907304.57,SAVINGS,SBL-CUST-011113,DEP.RET.SAV,2002,2022-03-11,,0.053849,FLOATING,,,BR010
DEP-SAVINGS-0021,DEPOSIT,GHS,25923270.22,SAVINGS,SBL-CUST-010733,DEP.RET.SAV,2002,2024-06-23,,0.066641,FLOATING,,,BR026
DEP-SAVINGS-0022,DEPOSIT,GHS,5671502.8,SAVINGS,SBL-CUST-010261,DEP.RET.SAV,2002,2021-10-06,,0.049659,FLOATING,,,BR016
DEP-SAVINGS-0023,DEPOSIT,GHS,8503368.06,SAVINGS,SBL-CUST-004130,DEP.RET.SAV,2002,2020-03-16,,0.060411,FLOATING,,,BR004
DEP-SAVINGS-0024,DEPOSIT,GHS,7209982.91,SAVINGS,SBL-CUST-014244,DEP.RET.SAV,2002,2024-11-12,,0.066408,FLOATING,,,BR028
DEP-SAVINGS-0025,DEPOSIT,GHS,7729466.81,SAVINGS,SBL-CUST-014115,DEP.RET.SAV,2002,2025-02-11,,0.05209,FLOATING,,,BR003
DEP-SAVINGS-0026,DEPOSIT,GHS,8800660.12,SAVINGS,SBL-CUST-001604,DEP.RET.SAV,2002,2021-12-17,,0.043811,FLOATING,,,BR010
DEP-SAVINGS-0027,DEPOSIT,GHS,5196870.2,SAVINGS,SBL-CUST-000884,DEP.RET.SAV,2002,2019-07-27,,0.062313,FLOATING,,,BR026
DEP-SAVINGS-0028,DEPOSIT,GHS,5501971.57,SAVINGS,SBL-CUST-002409,DEP.RET.SAV,2002,2025-02-23,,0.050724,FLOATING,,,BR026
DEP-SAVINGS-0029,DEPOSIT,GHS,9011511.38,SAVINGS,SBL-CUST-014134,DEP.RET.SAV,2002,2019-12-05,,0.041264,FLOATING,,,BR018
DEP-SAVINGS-0030,DEPOSIT,GHS,12165023.08,SAVINGS,SBL-CUST-013495,DEP.RET.SAV,2002,2020-01-03,,0.052314,FLOATING,,,BR006
DEP-SAVINGS-0031,DEPOSIT,GHS,11792674.07,SAVINGS,SBL-CUST-004580,DEP.RET.SAV,2002,2025-03-10,,0.055457,FLOATING,,,BR024
DEP-SAVINGS-0032,DEPOSIT,GHS,9819017.46,SAVINGS,SBL-CUST-007653,DEP.RET.SAV,2002,2023-06-10,,0.059964,FLOATING,,,BR010
DEP-SAVINGS-0033,DEPOSIT,GHS,17857898.11,SAVINGS,SBL-CUST-007741,DEP.RET.SAV,2002,2024-05-20,,0.067291,FLOATING,,,BR003
DEP-SAVINGS-0034,DEPOSIT,GHS,5111198.26,SAVINGS,SBL-CUST-004060,DEP.RET.SAV,2002,2024-09-28,,0.04753,FLOATING,,,BR027
DEP-SAVINGS-0035,DEPOSIT,GHS,7358753.55,SAVINGS,SBL-CUST-007732,DEP.RET.SAV,2002,2024-11-03,,0.064826,FLOATING,,,BR004
DEP-SAVINGS-0036,DEPOSIT,GHS,58169136.23,SAVINGS,SBL-CUST-014410,DEP.RET.SAV,2002,2019-03-19,,0.070196,FLOATING,,,BR002
DEP-SAVINGS-0037,DEPOSIT,GHS,5706387.14,SAVINGS,SBL-CUST-014134,DEP.RET.SAV,2002,2019-12-20,,0.065002,FLOATING,,,BR004
DEP-SAVINGS-0038,DEPOSIT,GHS,5942721.22,SAVINGS,SBL-CUST-011426,DEP.RET.SAV,2002,2023-02-23,,0.043772,FLOATING,,,BR009
DEP-SAVINGS-0039,DEPOSIT,GHS,34613036.27,SAVINGS,SBL-CUST-014196,DEP.RET.SAV,2002,2021-11-20,,0.074886,FLOATING,,,BR001
DEP-SAVINGS-0040,DEPOSIT,GHS,8583805.89,SAVINGS,SBL-CUST-001253,DEP.RET.SAV,2002,2025-02-09,,0.051467,FLOATING,,,BR001
DEP-SAVINGS-0041,DEPOSIT,GHS,23685599.53,SAVINGS,SBL-CUST-009211,DEP.RET.SAV,2002,2021-03-27,,0.062494,FLOATING,,,BR010
DEP-SAVINGS-0042,DEPOSIT,GHS,7318681.96,SAVINGS,SBL-CUST-005239,DEP.RET.SAV,2002,2022-08-14,,0.054976,FLOATING,,,BR006
DEP-SAVINGS-0043,DEPOSIT,GHS,9146674.14,SAVINGS,SBL-CUST-008892,DEP.RET.SAV,2002,2019-12-22,,0.057333,FLOATING,,,BR018
DEP-SAVINGS-0044,DEPOSIT,GHS,17274055.15,SAVINGS,SBL-CUST-010645,DEP.RET.SAV,2002,2025-01-26,,0.052902,FLOATING,,,BR012
DEP-SAVINGS-0045,DEPOSIT,GHS,10035539.95,SAVINGS,SBL-CUST-014441,DEP.RET.SAV,2002,2023-08-01,,0.043362,FLOATING,,,BR015
DEP-SAVINGS-0046,DEPOSIT,GHS,13578875.17,SAVINGS,SBL-CUST-003437,DEP.RET.SAV,2002,2023-07-01,,0.052254,FLOATING,,,BR013
DEP-SAVINGS-0047,DEPOSIT,GHS,6903089.25,SAVINGS,SBL-CUST-003875,DEP.RET.SAV,2002,2019-03-10,,0.058722,FLOATING,,,BR019
DEP-SAVINGS-0048,DEPOSIT,GHS,21665581.58,SAVINGS,SBL-CUST-004106,DEP.RET.SAV,2002,2023-10-28,,0.059612,FLOATING,,,BR022
DEP-SAVINGS-0049,DEPOSIT,GHS,17253365.53,SAVINGS,SBL-CUST-001427,DEP.RET.SAV,2002,2025-04-22,,0.042988,FLOATING,,,BR027
DEP-SAVINGS-0050,DEPOSIT,GHS,5208765.66,SAVINGS,SBL-CUST-003962,DEP.RET.SAV,2002,2022-08-14,,0.064587,FLOATING,,,BR009
DEP-SAVINGS-0051,DEPOSIT,GHS,5102681.74,SAVINGS,SBL-CUST-009703,DEP.RET.SAV,2002,2018-08-07,,0.051309,FLOATING,,,BR015
DEP-SAVINGS-0052,DEPOSIT,GHS,6607917.7,SAVINGS,SBL-CUST-010629,DEP.RET.SAV,2002,2019-06-13,,0.058663,FLOATING,,,BR026
DEP-SAVINGS-0053,DEPOSIT,GHS,27922802.21,SAVINGS,SBL-CUST-007175,DEP.RET.SAV,2002,2021-06-06,,0.053169,FLOATING,,,BR019
DEP-SAVINGS-0054,DEPOSIT,GHS,7859862.8,SAVINGS,SBL-CUST-010872,DEP.RET.SAV,2002,2023-07-13,,0.059328,FLOATING,,,BR011
DEP-SAVINGS-0055,DEPOSIT,GHS,10658001.7,SAVINGS,SBL-CUST-003093,DEP.RET.SAV,2002,2022-12-22,,0.058761,FLOATING,,,BR022
DEP-SAVINGS-0056,DEPOSIT,GHS,5011429.97,SAVINGS,SBL-CUST-013658,DEP.RET.SAV,2002,2019-04-20,,0.045078,FLOATING,,,BR016
DEP-SAVINGS-0057,DEPOSIT,GHS,5115899.68,SAVINGS,SBL-CUST-014792,DEP.RET.SAV,2002,2021-01-06,,0.068462,FLOATING,,,BR014
DEP-SAVINGS-0058,DEPOSIT,GHS,25988100.4,SAVINGS,SBL-CUST-008068,DEP.RET.SAV,2002,2024-08-13,,0.042166,FLOATING,,,BR009
DEP-SAVINGS-0059,DEPOSIT,GHS,5849918.99,SAVINGS,SBL-CUST-014793,DEP.RET.SAV,2002,2025-10-27,,0.041309,FLOATING,,,BR006
DEP-SAVINGS-0060,DEPOSIT,GHS,6744153.14,SAVINGS,SBL-CUST-003617,DEP.RET.SAV,2002,2019-05-04,,0.071781,FLOATING,,,BR010
DEP-SAVINGS-0061,DEPOSIT,GHS,9241802.2,SAVINGS,SBL-CUST-000513,DEP.RET.SAV,2002,2020-11-28,,0.041963,FLOATING,,,BR020
DEP-SAVINGS-0062,DEPOSIT,GHS,6150122.43,SAVINGS,SBL-CUST-000417,DEP.RET.SAV,2002,2020-08-23,,0.056328,FLOATING,,,BR028
DEP-SAVINGS-0063,DEPOSIT,GHS,4995064.57,SAVINGS,SBL-CUST-002840,DEP.RET.SAV,2002,2023-10-24,,0.046166,FLOATING,,,BR011
DEP-SAVINGS-0064,DEPOSIT,GHS,13476897.13,SAVINGS,SBL-CUST-009647,DEP.RET.SAV,2002,2024-05-09,,0.041552,FLOATING,,,BR012
DEP-SAVINGS-0065,DEPOSIT,GHS,6410713.01,SAVINGS,SBL-CUST-007696,DEP.RET.SAV,2002,2018-08-31,,0.069837,FLOATING,,,BR023
DEP-SAVINGS-0066,DEPOSIT,GHS,6664877.26,SAVINGS,SBL-CUST-014221,DEP.RET.SAV,2002,2026-05-02,,0.044935,FLOATING,,,BR015
DEP-SAVINGS-0067,DEPOSIT,GHS,12691890.95,SAVINGS,SBL-CUST-008178,DEP.RET.SAV,2002,2021-07-08,,0.041219,FLOATING,,,BR011
DEP-SAVINGS-0068,DEPOSIT,GHS,6476509.21,SAVINGS,SBL-CUST-008768,DEP.RET.SAV,2002,2023-12-09,,0.043234,FLOATING,,,BR013
DEP-SAVINGS-0069,DEPOSIT,GHS,6873078.34,SAVINGS,SBL-CUST-010495,DEP.RET.SAV,2002,2024-02-04,,0.043714,FLOATING,,,BR023
DEP-SAVINGS-0070,DEPOSIT,GHS,25595257.66,SAVINGS,SBL-CUST-001561,DEP.RET.SAV,2002,2021-06-08,,0.045501,FLOATING,,,BR020
DEP-SAVINGS-0071,DEPOSIT,GHS,7181299.45,SAVINGS,SBL-CUST-004503,DEP.RET.SAV,2002,2019-08-11,,0.051628,FLOATING,,,BR010
DEP-SAVINGS-0072,DEPOSIT,GHS,9807006.49,SAVINGS,SBL-CUST-011720,DEP.RET.SAV,2002,2018-10-09,,0.062287,FLOATING,,,BR004
DEP-SAVINGS-0073,DEPOSIT,GHS,39191314.33,SAVINGS,SBL-CUST-005935,DEP.RET.SAV,2002,2023-10-13,,0.061991,FLOATING,,,BR017
DEP-SAVINGS-0074,DEPOSIT,GHS,6187873.84,SAVINGS,SBL-CUST-012218,DEP.RET.SAV,2002,2026-01-27,,0.041961,FLOATING,,,BR009
DEP-SAVINGS-0075,DEPOSIT,GHS,5018841.76,SAVINGS,SBL-CUST-005446,DEP.RET.SAV,2002,2020-07-15,,0.053491,FLOATING,,,BR009
DEP-SAVINGS-0076,DEPOSIT,GHS,6494036.32,SAVINGS,SBL-CUST-009376,DEP.RET.SAV,2002,2024-03-10,,0.065797,FLOATING,,,BR023
DEP-SAVINGS-0077,DEPOSIT,GHS,8487544.61,SAVINGS,SBL-CUST-001203,DEP.RET.SAV,2002,2024-06-04,,0.062446,FLOATING,,,BR022
DEP-SAVINGS-0078,DEPOSIT,GHS,14738336.32,SAVINGS,SBL-CUST-005076,DEP.RET.SAV,2002,2025-01-21,,0.070794,FLOATING,,,BR020
DEP-SAVINGS-0079,DEPOSIT,GHS,5665961.88,SAVINGS,SBL-CUST-002798,DEP.RET.SAV,2002,2019-02-19,,0.061481,FLOATING,,,BR025
DEP-SAVINGS-0080,DEPOSIT,GHS,9352173.34,SAVINGS,SBL-CUST-011620,DEP.RET.SAV,2002,2020-10-12,,0.040186,FLOATING,,,BR021
DEP-SAVINGS-0081,DEPOSIT,GHS,5915629.66,SAVINGS,SBL-CUST-012465,DEP.RET.SAV,2002,2021-02-02,,0.062663,FLOATING,,,BR018
DEP-SAVINGS-0082,DEPOSIT,GHS,6772200.27,SAVINGS,SBL-CUST-003691,DEP.RET.SAV,2002,2025-04-13,,0.063268,FLOATING,,,BR019
DEP-SAVINGS-0083,DEPOSIT,GHS,6792844.61,SAVINGS,SBL-CUST-008985,DEP.RET.SAV,2002,2021-05-23,,0.062537,FLOATING,,,BR021
DEP-SAVINGS-0084,DEPOSIT,GHS,6122973.44,SAVINGS,SBL-CUST-007833,DEP.RET.SAV,2002,2022-06-14,,0.048898,FLOATING,,,BR005
DEP-SAVINGS-0085,DEPOSIT,GHS,6331338.65,SAVINGS,SBL-CUST-014397,DEP.RET.SAV,2002,2020-04-22,,0.068261,FLOATING,,,BR019
DEP-SAVINGS-0086,DEPOSIT,GHS,6380760.49,SAVINGS,SBL-CUST-012469,DEP.RET.SAV,2002,2019-06-15,,0.047825,FLOATING,,,BR028
DEP-SAVINGS-0087,DEPOSIT,GHS,11620934.62,SAVINGS,SBL-CUST-004737,DEP.RET.SAV,2002,2020-01-19,,0.069746,FLOATING,,,BR018
DEP-SAVINGS-0088,DEPOSIT,GHS,7112098.05,SAVINGS,SBL-CUST-013738,DEP.RET.SAV,2002,2025-02-11,,0.049007,FLOATING,,,BR027
DEP-SAVINGS-0089,DEPOSIT,GHS,8794410.64,SAVINGS,SBL-CUST-003295,DEP.RET.SAV,2002,2025-11-07,,0.049375,FLOATING,,,BR008
DEP-SAVINGS-0090,DEPOSIT,GHS,10705392.78,SAVINGS,SBL-CUST-009337,DEP.RET.SAV,2002,2021-05-17,,0.040795,FLOATING,,,BR009
DEP-SAVINGS-0091,DEPOSIT,GHS,5163341.57,SAVINGS,SBL-CUST-008963,DEP.RET.SAV,2002,2019-08-01,,0.065198,FLOATING,,,BR002
DEP-SAVINGS-0092,DEPOSIT,GHS,5914925.76,SAVINGS,SBL-CUST-008034,DEP.RET.SAV,2002,2023-01-27,,0.044305,FLOATING,,,BR003
DEP-SAVINGS-0093,DEPOSIT,GHS,6950129.73,SAVINGS,SBL-CUST-009164,DEP.RET.SAV,2002,2024-08-12,,0.048208,FLOATING,,,BR016
DEP-SAVINGS-0094,DEPOSIT,GHS,5823541.34,SAVINGS,SBL-CUST-006036,DEP.RET.SAV,2002,2020-06-21,,0.056768,FLOATING,,,BR002
DEP-SAVINGS-0095,DEPOSIT,GHS,5005593.11,SAVINGS,SBL-CUST-012591,DEP.RET.SAV,2002,2025-04-06,,0.073372,FLOATING,,,BR010
DEP-SAVINGS-0096,DEPOSIT,GHS,10928373.96,SAVINGS,SBL-CUST-002303,DEP.RET.SAV,2002,2022-07-19,,0.050051,FLOATING,,,BR009
DEP-SAVINGS-0097,DEPOSIT,GHS,5414148.83,SAVINGS,SBL-CUST-010062,DEP.RET.SAV,2002,2022-09-08,,0.05995,FLOATING,,,BR008
DEP-SAVINGS-0098,DEPOSIT,GHS,8451604.78,SAVINGS,SBL-CUST-000453,DEP.RET.SAV,2002,2026-04-08,,0.073325,FLOATING,,,BR015
DEP-SAVINGS-0099,DEPOSIT,GHS,14008270.92,SAVINGS,SBL-CUST-012464,DEP.RET.SAV,2002,2021-04-01,,0.073567,FLOATING,,,BR007
DEP-SAVINGS-0100,DEPOSIT,GHS,9238447.45,SAVINGS,SBL-CUST-009616,DEP.RET.SAV,2002,2026-03-30,,0.057574,FLOATING,,,BR026
DEP-SAVINGS-0101,DEPOSIT,GHS,6734722.02,SAVINGS,SBL-CUST-008343,DEP.RET.SAV,2002,2021-02-27,,0.072304,FLOATING,,,BR010
DEP-SAVINGS-0102,DEPOSIT,GHS,15834010.86,SAVINGS,SBL-CUST-001846,DEP.RET.SAV,2002,2022-11-15,,0.059972,FLOATING,,,BR001
DEP-SAVINGS-0103,DEPOSIT,GHS,24939396.39,SAVINGS,SBL-CUST-010342,DEP.RET.SAV,2002,2023-06-13,,0.054573,FLOATING,,,BR011
DEP-SAVINGS-0104,DEPOSIT,GHS,5893533.64,SAVINGS,SBL-CUST-000285,DEP.RET.SAV,2002,2023-03-25,,0.071913,FLOATING,,,BR026
DEP-SAVINGS-0105,DEPOSIT,GHS,14101863.03,SAVINGS,SBL-CUST-008178,DEP.RET.SAV,2002,2024-05-05,,0.047632,FLOATING,,,BR026
DEP-SAVINGS-0106,DEPOSIT,GHS,6034398.24,SAVINGS,SBL-CUST-001389,DEP.RET.SAV,2002,2021-02-26,,0.057685,FLOATING,,,BR010
DEP-SAVINGS-0107,DEPOSIT,GHS,5946319.81,SAVINGS,SBL-CUST-004540,DEP.RET.SAV,2002,2021-07-07,,0.068433,FLOATING,,,BR007
DEP-SAVINGS-0108,DEPOSIT,GHS,7444130.1,SAVINGS,SBL-CUST-006283,DEP.RET.SAV,2002,2022-03-07,,0.068639,FLOATING,,,BR019
DEP-SAVINGS-0109,DEPOSIT,GHS,4992194.73,SAVINGS,SBL-CUST-009049,DEP.RET.SAV,2002,2019-12-03,,0.070986,FLOATING,,,BR023
DEP-SAVINGS-0110,DEPOSIT,GHS,10688189.59,SAVINGS,SBL-CUST-001379,DEP.RET.SAV,2002,2022-11-03,,0.0637,FLOATING,,,BR012
DEP-SAVINGS-0111,DEPOSIT,GHS,5631160.23,SAVINGS,SBL-CUST-002501,DEP.RET.SAV,2002,2024-07-17,,0.061646,FLOATING,,,BR015
DEP-SAVINGS-0112,DEPOSIT,GHS,7575793.1,SAVINGS,SBL-CUST-010718,DEP.RET.SAV,2002,2024-10-11,,0.044513,FLOATING,,,BR011
DEP-SAVINGS-0113,DEPOSIT,GHS,9149257.56,SAVINGS,SBL-CUST-010667,DEP.RET.SAV,2002,2020-02-12,,0.053787,FLOATING,,,BR007
DEP-SAVINGS-0114,DEPOSIT,GHS,9974850.21,SAVINGS,SBL-CUST-000174,DEP.RET.SAV,2002,2021-07-15,,0.062302,FLOATING,,,BR013
DEP-SAVINGS-0115,DEPOSIT,GHS,26005259.83,SAVINGS,SBL-CUST-007024,DEP.RET.SAV,2002,2018-12-01,,0.070793,FLOATING,,,BR021
DEP-SAVINGS-0116,DEPOSIT,GHS,6154670.29,SAVINGS,SBL-CUST-014412,DEP.RET.SAV,2002,2023-11-03,,0.057719,FLOATING,,,BR003
DEP-SAVINGS-0117,DEPOSIT,GHS,7795580.07,SAVINGS,SBL-CUST-005332,DEP.RET.SAV,2002,2018-10-12,,0.044784,FLOATING,,,BR004
DEP-SAVINGS-0118,DEPOSIT,GHS,6026930.48,SAVINGS,SBL-CUST-006986,DEP.RET.SAV,2002,2025-03-28,,0.056192,FLOATING,,,BR002
DEP-SAVINGS-0119,DEPOSIT,GHS,6961736.76,SAVINGS,SBL-CUST-002387,DEP.RET.SAV,2002,2019-01-13,,0.073388,FLOATING,,,BR015
DEP-SAVINGS-0120,DEPOSIT,GHS,5373158.6,SAVINGS,SBL-CUST-000254,DEP.RET.SAV,2002,2020-03-15,,0.063874,FLOATING,,,BR022
DEP-SAVINGS-0121,DEPOSIT,GHS,7115393.3,SAVINGS,SBL-CUST-008354,DEP.RET.SAV,2002,2022-03-14,,0.059913,FLOATING,,,BR015
DEP-SAVINGS-0122,DEPOSIT,GHS,6300834.38,SAVINGS,SBL-CUST-001723,DEP.RET.SAV,2002,2023-05-17,,0.071578,FLOATING,,,BR018
DEP-SAVINGS-0123,DEPOSIT,GHS,5250392.38,SAVINGS,SBL-CUST-010653,DEP.RET.SAV,2002,2020-07-31,,0.051661,FLOATING,,,BR002
DEP-SAVINGS-0124,DEPOSIT,GHS,24565279.96,SAVINGS,SBL-CUST-001293,DEP.RET.SAV,2002,2021-07-03,,0.065698,FLOATING,,,BR004
DEP-SAVINGS-0125,DEPOSIT,GHS,36335102.36,SAVINGS,SBL-CUST-013017,DEP.RET.SAV,2002,2019-07-01,,0.067153,FLOATING,,,BR015
DEP-SAVINGS-0126,DEPOSIT,GHS,6280386.11,SAVINGS,SBL-CUST-001328,DEP.RET.SAV,2002,2025-11-17,,0.058574,FLOATING,,,BR023
DEP-SAVINGS-0127,DEPOSIT,GHS,4975957.26,SAVINGS,SBL-CUST-011580,DEP.RET.SAV,2002,2021-01-20,,0.042365,FLOATING,,,BR014
DEP-SAVINGS-0128,DEPOSIT,GHS,7531762.28,SAVINGS,SBL-CUST-007204,DEP.RET.SAV,2002,2025-02-09,,0.055725,FLOATING,,,BR001
DEP-SAVINGS-0129,DEPOSIT,GHS,5404828.33,SAVINGS,SBL-CUST-004364,DEP.RET.SAV,2002,2018-08-26,,0.068989,FLOATING,,,BR002
DEP-SAVINGS-0130,DEPOSIT,GHS,5880643.64,SAVINGS,SBL-CUST-001378,DEP.RET.SAV,2002,2020-10-20,,0.06323,FLOATING,,,BR004
DEP-SAVINGS-0131,DEPOSIT,GHS,9329833.95,SAVINGS,SBL-CUST-009490,DEP.RET.SAV,2002,2020-01-17,,0.041741,FLOATING,,,BR019
DEP-SAVINGS-0132,DEPOSIT,GHS,5075288.3,SAVINGS,SBL-CUST-012316,DEP.RET.SAV,2002,2022-06-29,,0.069702,FLOATING,,,BR022
DEP-SAVINGS-0133,DEPOSIT,GHS,9641176.25,SAVINGS,SBL-CUST-009539,DEP.RET.SAV,2002,2026-01-01,,0.043268,FLOATING,,,BR007
DEP-SAVINGS-0134,DEPOSIT,GHS,9550206.6,SAVINGS,SBL-CUST-007050,DEP.RET.SAV,2002,2024-08-27,,0.0721,FLOATING,,,BR008
DEP-SAVINGS-0135,DEPOSIT,GHS,9797620.77,SAVINGS,SBL-CUST-012897,DEP.RET.SAV,2002,2025-07-09,,0.045795,FLOATING,,,BR020
DEP-SAVINGS-0136,DEPOSIT,GHS,18269422.41,SAVINGS,SBL-CUST-002482,DEP.RET.SAV,2002,2025-08-16,,0.045405,FLOATING,,,BR021
DEP-SAVINGS-0137,DEPOSIT,GHS,47965306.64,SAVINGS,SBL-CUST-013090,DEP.RET.SAV,2002,2023-02-17,,0.07038,FLOATING,,,BR020
DEP-SAVINGS-0138,DEPOSIT,GHS,114513451.76,SAVINGS,SBL-CUST-006779,DEP.RET.SAV,2002,2021-04-08,,0.043954,FLOATING,,,BR014
DEP-SAVINGS-0139,DEPOSIT,GHS,9371541.44,SAVINGS,SBL-CUST-005629,DEP.RET.SAV,2002,2020-05-19,,0.072162,FLOATING,,,BR011
DEP-SAVINGS-0140,DEPOSIT,GHS,5657180.25,SAVINGS,SBL-CUST-012765,DEP.RET.SAV,2002,2021-05-02,,0.040387,FLOATING,,,BR012
DEP-SAVINGS-0141,DEPOSIT,GHS,5731831.65,SAVINGS,SBL-CUST-000227,DEP.RET.SAV,2002,2023-12-31,,0.0461,FLOATING,,,BR021
DEP-SAVINGS-0142,DEPOSIT,GHS,13094682.72,SAVINGS,SBL-CUST-008098,DEP.RET.SAV,2002,2025-03-09,,0.046688,FLOATING,,,BR010
DEP-SAVINGS-0143,DEPOSIT,GHS,15163810.76,SAVINGS,SBL-CUST-012137,DEP.RET.SAV,2002,2023-04-14,,0.040682,FLOATING,,,BR028
DEP-SAVINGS-0144,DEPOSIT,GHS,14725534.89,SAVINGS,SBL-CUST-003188,DEP.RET.SAV,2002,2025-10-14,,0.069274,FLOATING,,,BR024
DEP-SAVINGS-0145,DEPOSIT,GHS,5122848.92,SAVINGS,SBL-CUST-005163,DEP.RET.SAV,2002,2025-12-21,,0.042342,FLOATING,,,BR010
DEP-SAVINGS-0146,DEPOSIT,GHS,14921327.7,SAVINGS,SBL-CUST-013502,DEP.RET.SAV,2002,2021-04-06,,0.072025,FLOATING,,,BR016
DEP-SAVINGS-0147,DEPOSIT,GHS,41900228.0,SAVINGS,SBL-CUST-011973,DEP.RET.SAV,2002,2023-08-13,,0.06991,FLOATING,,,BR028
DEP-SAVINGS-0148,DEPOSIT,GHS,8721380.01,SAVINGS,SBL-CUST-008701,DEP.RET.SAV,2002,2019-04-14,,0.060444,FLOATING,,,BR023
DEP-SAVINGS-0149,DEPOSIT,GHS,5362420.15,SAVINGS,SBL-CUST-014830,DEP.RET.SAV,2002,2018-11-02,,0.05583,FLOATING,,,BR021
DEP-SAVINGS-0150,DEPOSIT,GHS,8496166.66,SAVINGS,SBL-CUST-006381,DEP.RET.SAV,2002,2026-05-02,,0.044463,FLOATING,,,BR018
DEP-SAVINGS-0151,DEPOSIT,GHS,8631968.02,SAVINGS,SBL-CUST-014060,DEP.RET.SAV,2002,2021-08-13,,0.051717,FLOATING,,,BR014
DEP-SAVINGS-0152,DEPOSIT,GHS,8109549.8,SAVINGS,SBL-CUST-010557,DEP.RET.SAV,2002,2022-06-20,,0.058002,FLOATING,,,BR004
DEP-SAVINGS-0153,DEPOSIT,GHS,12706510.11,SAVINGS,SBL-CUST-005526,DEP.RET.SAV,2002,2019-08-29,,0.059806,FLOATING,,,BR001
DEP-SAVINGS-0154,DEPOSIT,GHS,7567067.92,SAVINGS,SBL-CUST-006923,DEP.RET.SAV,2002,2019-10-11,,0.064347,FLOATING,,,BR007
DEP-SAVINGS-0155,DEPOSIT,GHS,5410611.27,SAVINGS,SBL-CUST-000477,DEP.RET.SAV,2002,2026-04-22,,0.057446,FLOATING,,,BR010
DEP-SAVINGS-0156,DEPOSIT,GHS,7148456.61,SAVINGS,SBL-CUST-009807,DEP.RET.SAV,2002,2025-11-05,,0.067381,FLOATING,,,BR015
DEP-SAVINGS-0157,DEPOSIT,GHS,5662545.96,SAVINGS,SBL-CUST-008954,DEP.RET.SAV,2002,2021-11-22,,0.072424,FLOATING,,,BR022
DEP-SAVINGS-0158,DEPOSIT,GHS,19891427.55,SAVINGS,SBL-CUST-010547,DEP.RET.SAV,2002,2020-08-14,,0.06163,FLOATING,,,BR014
DEP-SAVINGS-0159,DEPOSIT,GHS,5703451.78,SAVINGS,SBL-CUST-002177,DEP.RET.SAV,2002,2023-06-29,,0.041456,FLOATING,,,BR014
DEP-SAVINGS-0160,DEPOSIT,GHS,5377778.05,SAVINGS,SBL-CUST-008585,DEP.RET.SAV,2002,2025-06-17,,0.074706,FLOATING,,,BR003
DEP-SAVINGS-0161,DEPOSIT,GHS,5384969.13,SAVINGS,SBL-CUST-009201,DEP.RET.SAV,2002,2023-11-02,,0.045903,FLOATING,,,BR002
DEP-SAVINGS-0162,DEPOSIT,GHS,5257363.34,SAVINGS,SBL-CUST-002199,DEP.RET.SAV,2002,2021-03-17,,0.057588,FLOATING,,,BR025
DEP-SAVINGS-0163,DEPOSIT,GHS,4977142.54,SAVINGS,SBL-CUST-002968,DEP.RET.SAV,2002,2023-12-15,,0.065064,FLOATING,,,BR025
DEP-SAVINGS-0164,DEPOSIT,GHS,5723132.07,SAVINGS,SBL-CUST-010788,DEP.RET.SAV,2002,2019-12-16,,0.065163,FLOATING,,,BR011
DEP-SAVINGS-0165,DEPOSIT,GHS,8841839.08,SAVINGS,SBL-CUST-003524,DEP.RET.SAV,2002,2021-02-05,,0.053193,FLOATING,,,BR021
DEP-SAVINGS-0166,DEPOSIT,GHS,5582947.33,SAVINGS,SBL-CUST-014730,DEP.RET.SAV,2002,2022-01-14,,0.047925,FLOATING,,,BR010
DEP-SAVINGS-0167,DEPOSIT,GHS,6085094.11,SAVINGS,SBL-CUST-014573,DEP.RET.SAV,2002,2024-05-22,,0.072576,FLOATING,,,BR014
DEP-SAVINGS-0168,DEPOSIT,GHS,8456846.73,SAVINGS,SBL-CUST-001674,DEP.RET.SAV,2002,2021-05-27,,0.043254,FLOATING,,,BR001
DEP-SAVINGS-0169,DEPOSIT,GHS,5579508.11,SAVINGS,SBL-CUST-009350,DEP.RET.SAV,2002,2023-10-25,,0.06997,FLOATING,,,BR004
DEP-SAVINGS-0170,DEPOSIT,GHS,33994261.91,SAVINGS,SBL-CUST-005310,DEP.RET.SAV,2002,2023-12-18,,0.051008,FLOATING,,,BR001
DEP-SAVINGS-0171,DEPOSIT,GHS,7636453.23,SAVINGS,SBL-CUST-004653,DEP.RET.SAV,2002,2024-10-10,,0.070217,FLOATING,,,BR028
DEP-SAVINGS-0172,DEPOSIT,GHS,9695206.46,SAVINGS,SBL-CUST-003675,DEP.RET.SAV,2002,2021-12-13,,0.048079,FLOATING,,,BR003
DEP-SAVINGS-0173,DEPOSIT,GHS,12763842.93,SAVINGS,SBL-CUST-005752,DEP.RET.SAV,2002,2023-08-29,,0.0519,FLOATING,,,BR004
DEP-SAVINGS-0174,DEPOSIT,GHS,7018809.41,SAVINGS,SBL-CUST-004795,DEP.RET.SAV,2002,2020-05-23,,0.045021,FLOATING,,,BR027
DEP-SAVINGS-0175,DEPOSIT,GHS,13626641.02,SAVINGS,SBL-CUST-008720,DEP.RET.SAV,2002,2018-09-05,,0.065359,FLOATING,,,BR014
DEP-SAVINGS-0176,DEPOSIT,GHS,28020350.63,SAVINGS,SBL-CUST-011491,DEP.RET.SAV,2002,2023-11-08,,0.06245,FLOATING,,,BR008
DEP-SAVINGS-0177,DEPOSIT,GHS,6712544.78,SAVINGS,SBL-CUST-000935,DEP.RET.SAV,2002,2022-12-03,,0.045994,FLOATING,,,BR023
DEP-SAVINGS-0178,DEPOSIT,GHS,5107921.0,SAVINGS,SBL-CUST-005745,DEP.RET.SAV,2002,2023-09-26,,0.067471,FLOATING,,,BR006
DEP-SAVINGS-0179,DEPOSIT,GHS,7428369.79,SAVINGS,SBL-CUST-008993,DEP.RET.SAV,2002,2019-11-07,,0.060655,FLOATING,,,BR025
DEP-SAVINGS-0180,DEPOSIT,GHS,12218785.32,SAVINGS,SBL-CUST-005901,DEP.RET.SAV,2002,2022-01-14,,0.05286,FLOATING,,,BR009
DEP-SAVINGS-0181,DEPOSIT,GHS,20034770.77,SAVINGS,SBL-CUST-006407,DEP.RET.SAV,2002,2021-05-26,,0.044318,FLOATING,,,BR015
DEP-SAVINGS-0182,DEPOSIT,GHS,6744978.66,SAVINGS,SBL-CUST-012586,DEP.RET.SAV,2002,2024-06-10,,0.069854,FLOATING,,,BR015
DEP-SAVINGS-0183,DEPOSIT,GHS,12001802.1,SAVINGS,SBL-CUST-009329,DEP.RET.SAV,2002,2021-08-15,,0.043151,FLOATING,,,BR009
DEP-SAVINGS-0184,DEPOSIT,GHS,9275606.62,SAVINGS,SBL-CUST-013345,DEP.RET.SAV,2002,2024-10-08,,0.048471,FLOATING,,,BR008
DEP-SAVINGS-0185,DEPOSIT,GHS,12021382.11,SAVINGS,SBL-CUST-009472,DEP.RET.SAV,2002,2018-09-23,,0.066066,FLOATING,,,BR001
DEP-SAVINGS-0186,DEPOSIT,GHS,5985400.68,SAVINGS,SBL-CUST-010298,DEP.RET.SAV,2002,2023-08-25,,0.069162,FLOATING,,,BR015
DEP-SAVINGS-0187,DEPOSIT,GHS,5146086.87,SAVINGS,SBL-CUST-002063,DEP.RET.SAV,2002,2019-07-24,,0.060436,FLOATING,,,BR003
DEP-SAVINGS-0188,DEPOSIT,GHS,12425945.32,SAVINGS,SBL-CUST-014600,DEP.RET.SAV,2002,2019-08-11,,0.0658,FLOATING,,,BR026
DEP-SAVINGS-0189,DEPOSIT,GHS,7629608.77,SAVINGS,SBL-CUST-012798,DEP.RET.SAV,2002,2020-02-10,,0.058645,FLOATING,,,BR023
DEP-SAVINGS-0190,DEPOSIT,GHS,6117465.93,SAVINGS,SBL-CUST-003509,DEP.RET.SAV,2002,2022-11-23,,0.054807,FLOATING,,,BR010
DEP-SAVINGS-0191,DEPOSIT,GHS,5314198.25,SAVINGS,SBL-CUST-004864,DEP.RET.SAV,2002,2022-03-12,,0.048405,FLOATING,,,BR018
DEP-SAVINGS-0192,DEPOSIT,GHS,6801107.87,SAVINGS,SBL-CUST-000715,DEP.RET.SAV,2002,2021-02-14,,0.070777,FLOATING,,,BR022
DEP-SAVINGS-0193,DEPOSIT,GHS,5345597.03,SAVINGS,SBL-CUST-001197,DEP.RET.SAV,2002,2023-12-09,,0.067777,FLOATING,,,BR023
DEP-SAVINGS-0194,DEPOSIT,GHS,5803505.78,SAVINGS,SBL-CUST-003208,DEP.RET.SAV,2002,2021-11-19,,0.058353,FLOATING,,,BR016
DEP-SAVINGS-0195,DEPOSIT,GHS,11856092.79,SAVINGS,SBL-CUST-003432,DEP.RET.SAV,2002,2023-09-04,,0.060385,FLOATING,,,BR001
DEP-SAVINGS-0196,DEPOSIT,GHS,15022855.1,SAVINGS,SBL-CUST-014014,DEP.RET.SAV,2002,2024-09-09,,0.071153,FLOATING,,,BR026
DEP-SAVINGS-0197,DEPOSIT,GHS,8182158.17,SAVINGS,SBL-CUST-008752,DEP.RET.SAV,2002,2021-10-21,,0.069833,FLOATING,,,BR028
DEP-SAVINGS-0198,DEPOSIT,GHS,5216232.93,SAVINGS,SBL-CUST-006573,DEP.RET.SAV,2002,2022-11-20,,0.054138,FLOATING,,,BR019
DEP-SAVINGS-0199,DEPOSIT,GHS,8282924.76,SAVINGS,SBL-CUST-006191,DEP.RET.SAV,2002,2025-04-16,,0.052929,FLOATING,,,BR019
DEP-SAVINGS-0200,DEPOSIT,GHS,6950164.57,SAVINGS,SBL-CUST-005717,DEP.RET.SAV,2002,2025-12-31,,0.049698,FLOATING,,,BR021
DEP-SAVINGS-0201,DEPOSIT,GHS,10428493.57,SAVINGS,SBL-CUST-010412,DEP.RET.SAV,2002,2019-10-26,,0.066925,FLOATING,,,BR003
DEP-SAVINGS-0202,DEPOSIT,GHS,5660119.92,SAVINGS,SBL-CUST-014691,DEP.RET.SAV,2002,2018-11-08,,0.052936,FLOATING,,,BR008
DEP-SAVINGS-0203,DEPOSIT,GHS,25047131.43,SAVINGS,SBL-CUST-014784,DEP.RET.SAV,2002,2025-02-13,,0.070849,FLOATING,,,BR003
DEP-SAVINGS-0204,DEPOSIT,GHS,7143402.88,SAVINGS,SBL-CUST-014588,DEP.RET.SAV,2002,2024-04-14,,0.069525,FLOATING,,,BR023
DEP-SAVINGS-0205,DEPOSIT,GHS,6802988.15,SAVINGS,SBL-CUST-012212,DEP.RET.SAV,2002,2022-04-22,,0.060761,FLOATING,,,BR002
DEP-SAVINGS-0206,DEPOSIT,GHS,9637545.78,SAVINGS,SBL-CUST-003437,DEP.RET.SAV,2002,2019-04-17,,0.053866,FLOATING,,,BR002
DEP-SAVINGS-0207,DEPOSIT,GHS,5422407.34,SAVINGS,SBL-CUST-012288,DEP.RET.SAV,2002,2025-03-10,,0.074679,FLOATING,,,BR015
DEP-SAVINGS-0208,DEPOSIT,GHS,44972197.0,SAVINGS,SBL-CUST-005438,DEP.RET.SAV,2002,2021-11-26,,0.059019,FLOATING,,,BR022
DEP-SAVINGS-0209,DEPOSIT,GHS,15875323.23,SAVINGS,SBL-CUST-001850,DEP.RET.SAV,2002,2024-08-25,,0.055078,FLOATING,,,BR018
DEP-SAVINGS-0210,DEPOSIT,GHS,24196575.05,SAVINGS,SBL-CUST-005243,DEP.RET.SAV,2002,2024-12-25,,0.041675,FLOATING,,,BR025
DEP-SAVINGS-0211,DEPOSIT,GHS,10664456.13,SAVINGS,SBL-CUST-007546,DEP.RET.SAV,2002,2022-05-31,,0.0664,FLOATING,,,BR016
DEP-SAVINGS-0212,DEPOSIT,GHS,5426761.66,SAVINGS,SBL-CUST-009785,DEP.RET.SAV,2002,2023-08-29,,0.06275,FLOATING,,,BR028
DEP-SAVINGS-0213,DEPOSIT,GHS,9947871.81,SAVINGS,SBL-CUST-001375,DEP.RET.SAV,2002,2023-07-18,,0.048506,FLOATING,,,BR013
DEP-SAVINGS-0214,DEPOSIT,GHS,10068530.86,SAVINGS,SBL-CUST-004150,DEP.RET.SAV,2002,2019-06-05,,0.06713,FLOATING,,,BR028
DEP-SAVINGS-0215,DEPOSIT,GHS,7029740.49,SAVINGS,SBL-CUST-014122,DEP.RET.SAV,2002,2021-07-20,,0.067392,FLOATING,,,BR009
DEP-SAVINGS-0216,DEPOSIT,GHS,18371222.81,SAVINGS,SBL-CUST-001082,DEP.RET.SAV,2002,2023-07-13,,0.045518,FLOATING,,,BR024
DEP-SAVINGS-0217,DEPOSIT,GHS,5072148.55,SAVINGS,SBL-CUST-003541,DEP.RET.SAV,2002,2019-04-25,,0.066049,FLOATING,,,BR023
DEP-SAVINGS-0218,DEPOSIT,GHS,6081566.21,SAVINGS,SBL-CUST-001828,DEP.RET.SAV,2002,2020-05-24,,0.04012,FLOATING,,,BR015
DEP-SAVINGS-0219,DEPOSIT,GHS,5699736.89,SAVINGS,SBL-CUST-014932,DEP.RET.SAV,2002,2020-12-06,,0.04617,FLOATING,,,BR005
DEP-SAVINGS-0220,DEPOSIT,GHS,8671393.91,SAVINGS,SBL-CUST-003439,DEP.RET.SAV,2002,2025-08-06,,0.07154,FLOATING,,,BR025
DEP-TIME_RET-0001,DEPOSIT,GHS,10906654.27,FIXED,SBL-CUST-003647,DEP.RET.TRM,2003,2019-08-07,2027-08-19,0.145513,FIXED,,,BR023
DEP-TIME_RET-0002,DEPOSIT,GHS,17272299.45,FIXED,SBL-CUST-008856,DEP.RET.TRM,2003,2024-05-05,2028-02-15,0.148289,FIXED,,,BR017
DEP-TIME_RET-0003,DEPOSIT,GHS,9570652.88,FIXED,SBL-CUST-009824,DEP.RET.TRM,2003,2019-11-27,2028-04-04,0.162567,FIXED,,,BR009
DEP-TIME_RET-0004,DEPOSIT,GHS,19712748.88,FIXED,SBL-CUST-012800,DEP.RET.TRM,2003,2024-06-28,2028-05-29,0.170897,FIXED,,,BR024
DEP-TIME_RET-0005,DEPOSIT,GHS,13921030.14,FIXED,SBL-CUST-005189,DEP.RET.TRM,2003,2021-03-13,2026-10-02,0.14597,FIXED,,,BR017
DEP-TIME_RET-0006,DEPOSIT,GHS,9144993.22,FIXED,SBL-CUST-009951,DEP.RET.TRM,2003,2023-03-24,2027-06-09,0.143916,FIXED,,,BR003
DEP-TIME_RET-0007,DEPOSIT,GHS,17796715.18,FIXED,SBL-CUST-004501,DEP.RET.TRM,2003,2025-07-01,2027-08-23,0.144261,FIXED,,,BR005
DEP-TIME_RET-0008,DEPOSIT,GHS,11589345.35,FIXED,SBL-CUST-001161,DEP.RET.TRM,2003,2018-10-08,2027-01-29,0.162151,FIXED,,,BR016
DEP-TIME_RET-0009,DEPOSIT,GHS,9586805.03,FIXED,SBL-CUST-012628,DEP.RET.TRM,2003,2023-06-26,2027-07-02,0.149877,FIXED,,,BR015
DEP-TIME_RET-0010,DEPOSIT,GHS,10300891.55,FIXED,SBL-CUST-001326,DEP.RET.TRM,2003,2021-01-14,2027-11-03,0.177376,FIXED,,,BR010
DEP-TIME_RET-0011,DEPOSIT,GHS,6798053.1,FIXED,SBL-CUST-002161,DEP.RET.TRM,2003,2018-11-23,2027-05-06,0.178763,FIXED,,,BR026
DEP-TIME_RET-0012,DEPOSIT,GHS,7736011.58,FIXED,SBL-CUST-010512,DEP.RET.TRM,2003,2019-01-20,2028-02-02,0.138443,FIXED,,,BR006
DEP-TIME_RET-0013,DEPOSIT,GHS,11174826.13,FIXED,SBL-CUST-005357,DEP.RET.TRM,2003,2024-03-25,2027-08-25,0.163284,FIXED,,,BR007
DEP-TIME_RET-0014,DEPOSIT,GHS,9405863.34,FIXED,SBL-CUST-014628,DEP.RET.TRM,2003,2023-12-20,2027-10-05,0.185314,FIXED,,,BR015
DEP-TIME_RET-0015,DEPOSIT,GHS,7119547.31,FIXED,SBL-CUST-002624,DEP.RET.TRM,2003,2020-11-21,2026-09-21,0.132892,FIXED,,,BR013
DEP-TIME_RET-0016,DEPOSIT,GHS,12368151.8,FIXED,SBL-CUST-013834,DEP.RET.TRM,2003,2018-09-21,2026-09-19,0.172978,FIXED,,,BR013
DEP-TIME_RET-0017,DEPOSIT,GHS,6861408.87,FIXED,SBL-CUST-012152,DEP.RET.TRM,2003,2020-11-19,2026-08-08,0.17273,FIXED,,,BR003
DEP-TIME_RET-0018,DEPOSIT,GHS,11677000.07,FIXED,SBL-CUST-010552,DEP.RET.TRM,2003,2024-06-07,2028-04-03,0.151958,FIXED,,,BR009
DEP-TIME_RET-0019,DEPOSIT,GHS,6171599.15,FIXED,SBL-CUST-006365,DEP.RET.TRM,2003,2019-03-30,2027-09-09,0.172781,FIXED,,,BR018
DEP-TIME_RET-0020,DEPOSIT,GHS,7516977.17,FIXED,SBL-CUST-001368,DEP.RET.TRM,2003,2019-08-25,2027-02-23,0.187131,FIXED,,,BR013
DEP-TIME_RET-0021,DEPOSIT,GHS,28790847.76,FIXED,SBL-CUST-002569,DEP.RET.TRM,2003,2018-12-15,2028-03-28,0.174669,FIXED,,,BR008
DEP-TIME_RET-0022,DEPOSIT,GHS,8812740.7,FIXED,SBL-CUST-008443,DEP.RET.TRM,2003,2025-11-29,2026-07-20,0.142116,FIXED,,,BR005
DEP-TIME_RET-0023,DEPOSIT,GHS,31726260.79,FIXED,SBL-CUST-008966,DEP.RET.TRM,2003,2021-04-25,2028-03-24,0.187636,FIXED,,,BR027
DEP-TIME_RET-0024,DEPOSIT,GHS,8192522.75,FIXED,SBL-CUST-006126,DEP.RET.TRM,2003,2019-09-03,2026-07-26,0.177354,FIXED,,,BR017
DEP-TIME_RET-0025,DEPOSIT,GHS,12529474.39,FIXED,SBL-CUST-003837,DEP.RET.TRM,2003,2025-11-04,2027-05-05,0.185397,FIXED,,,BR001
DEP-TIME_RET-0026,DEPOSIT,GHS,7011930.96,FIXED,SBL-CUST-008023,DEP.RET.TRM,2003,2024-10-27,2027-10-10,0.121067,FIXED,,,BR013
DEP-TIME_RET-0027,DEPOSIT,GHS,8191084.54,FIXED,SBL-CUST-006103,DEP.RET.TRM,2003,2022-10-09,2026-10-01,0.142033,FIXED,,,BR017
DEP-TIME_RET-0028,DEPOSIT,GHS,7571559.25,FIXED,SBL-CUST-014781,DEP.RET.TRM,2003,2019-04-05,2027-03-23,0.169197,FIXED,,,BR006
DEP-TIME_RET-0029,DEPOSIT,GHS,12297448.31,FIXED,SBL-CUST-010519,DEP.RET.TRM,2003,2020-06-07,2027-05-03,0.141654,FIXED,,,BR024
DEP-TIME_RET-0030,DEPOSIT,GHS,9100819.18,FIXED,SBL-CUST-001390,DEP.RET.TRM,2003,2019-05-25,2028-02-25,0.146911,FIXED,,,BR005
DEP-TIME_RET-0031,DEPOSIT,GHS,6482657.79,FIXED,SBL-CUST-003700,DEP.RET.TRM,2003,2020-11-21,2027-07-23,0.140363,FIXED,,,BR018
DEP-TIME_RET-0032,DEPOSIT,GHS,18834536.77,FIXED,SBL-CUST-004075,DEP.RET.TRM,2003,2024-07-05,2027-04-05,0.187157,FIXED,,,BR027
DEP-TIME_RET-0033,DEPOSIT,GHS,7751043.78,FIXED,SBL-CUST-011281,DEP.RET.TRM,2003,2022-12-29,2026-09-28,0.134654,FIXED,,,BR021
DEP-TIME_RET-0034,DEPOSIT,GHS,7703036.95,FIXED,SBL-CUST-010054,DEP.RET.TRM,2003,2018-09-10,2027-08-15,0.156724,FIXED,,,BR017
DEP-TIME_RET-0035,DEPOSIT,GHS,18049284.19,FIXED,SBL-CUST-004631,DEP.RET.TRM,2003,2026-04-18,2027-08-01,0.188588,FIXED,,,BR018
DEP-TIME_RET-0036,DEPOSIT,GHS,6139515.41,FIXED,SBL-CUST-014219,DEP.RET.TRM,2003,2018-12-09,2027-10-12,0.177996,FIXED,,,BR010
DEP-TIME_RET-0037,DEPOSIT,GHS,7736280.98,FIXED,SBL-CUST-008693,DEP.RET.TRM,2003,2021-11-18,2028-05-22,0.13721,FIXED,,,BR004
DEP-TIME_RET-0038,DEPOSIT,GHS,11385625.94,FIXED,SBL-CUST-011944,DEP.RET.TRM,2003,2024-06-16,2027-11-16,0.122689,FIXED,,,BR012
DEP-TIME_RET-0039,DEPOSIT,GHS,7596014.73,FIXED,SBL-CUST-009119,DEP.RET.TRM,2003,2020-09-30,2027-06-07,0.134263,FIXED,,,BR014
DEP-TIME_RET-0040,DEPOSIT,GHS,11548239.93,FIXED,SBL-CUST-010916,DEP.RET.TRM,2003,2024-06-20,2027-11-13,0.155457,FIXED,,,BR012
DEP-TIME_RET-0041,DEPOSIT,GHS,14229550.47,FIXED,SBL-CUST-009116,DEP.RET.TRM,2003,2020-03-21,2027-11-06,0.124604,FIXED,,,BR021
DEP-TIME_RET-0042,DEPOSIT,GHS,12041026.8,FIXED,SBL-CUST-000772,DEP.RET.TRM,2003,2019-02-17,2027-09-23,0.125222,FIXED,,,BR014
DEP-TIME_RET-0043,DEPOSIT,GHS,17990112.63,FIXED,SBL-CUST-011544,DEP.RET.TRM,2003,2023-01-07,2027-06-30,0.156027,FIXED,,,BR020
DEP-TIME_RET-0044,DEPOSIT,GHS,8138215.35,FIXED,SBL-CUST-008727,DEP.RET.TRM,2003,2021-04-12,2026-09-09,0.165557,FIXED,,,BR014
DEP-TIME_RET-0045,DEPOSIT,GHS,35760590.02,FIXED,SBL-CUST-011126,DEP.RET.TRM,2003,2025-08-07,2027-08-11,0.185737,FIXED,,,BR007
DEP-TIME_RET-0046,DEPOSIT,GHS,17402414.51,FIXED,SBL-CUST-005749,DEP.RET.TRM,2003,2019-11-27,2027-05-07,0.141369,FIXED,,,BR026
DEP-TIME_RET-0047,DEPOSIT,GHS,10582953.28,FIXED,SBL-CUST-012260,DEP.RET.TRM,2003,2022-10-16,2027-06-03,0.134973,FIXED,,,BR006
DEP-TIME_RET-0048,DEPOSIT,GHS,9281550.3,FIXED,SBL-CUST-011229,DEP.RET.TRM,2003,2025-02-13,2028-04-25,0.179469,FIXED,,,BR001
DEP-TIME_RET-0049,DEPOSIT,GHS,15834102.84,FIXED,SBL-CUST-014387,DEP.RET.TRM,2003,2022-12-31,2028-05-15,0.135763,FIXED,,,BR015
DEP-TIME_RET-0050,DEPOSIT,GHS,8216968.64,FIXED,SBL-CUST-004957,DEP.RET.TRM,2003,2021-07-28,2027-07-21,0.162842,FIXED,,,BR023
DEP-TIME_RET-0051,DEPOSIT,GHS,29002905.17,FIXED,SBL-CUST-005676,DEP.RET.TRM,2003,2021-05-03,2026-08-09,0.166094,FIXED,,,BR001
DEP-TIME_RET-0052,DEPOSIT,GHS,9044468.45,FIXED,SBL-CUST-005241,DEP.RET.TRM,2003,2021-04-03,2026-12-05,0.17886,FIXED,,,BR027
DEP-TIME_RET-0053,DEPOSIT,GHS,16634305.14,FIXED,SBL-CUST-007727,DEP.RET.TRM,2003,2025-03-06,2027-11-12,0.151895,FIXED,,,BR010
DEP-TIME_RET-0054,DEPOSIT,GHS,21189847.77,FIXED,SBL-CUST-012452,DEP.RET.TRM,2003,2022-07-05,2027-06-06,0.17205,FIXED,,,BR011
DEP-TIME_RET-0055,DEPOSIT,GHS,8743656.95,FIXED,SBL-CUST-006032,DEP.RET.TRM,2003,2026-02-20,2027-09-01,0.150229,FIXED,,,BR019
DEP-TIME_RET-0056,DEPOSIT,GHS,10318942.53,FIXED,SBL-CUST-002630,DEP.RET.TRM,2003,2022-02-18,2026-11-09,0.152056,FIXED,,,BR008
DEP-TIME_RET-0057,DEPOSIT,GHS,11540185.05,FIXED,SBL-CUST-004899,DEP.RET.TRM,2003,2022-08-15,2026-11-04,0.150844,FIXED,,,BR018
DEP-TIME_RET-0058,DEPOSIT,GHS,17216261.42,FIXED,SBL-CUST-000526,DEP.RET.TRM,2003,2024-10-29,2028-01-04,0.185832,FIXED,,,BR023
DEP-TIME_RET-0059,DEPOSIT,GHS,36773722.71,FIXED,SBL-CUST-005834,DEP.RET.TRM,2003,2025-04-08,2028-04-08,0.120903,FIXED,,,BR005
DEP-TIME_RET-0060,DEPOSIT,GHS,6291624.79,FIXED,SBL-CUST-012858,DEP.RET.TRM,2003,2025-02-05,2027-06-10,0.151065,FIXED,,,BR026
DEP-TIME_RET-0061,DEPOSIT,GHS,7957190.35,FIXED,SBL-CUST-002016,DEP.RET.TRM,2003,2020-10-25,2027-01-17,0.174342,FIXED,,,BR024
DEP-TIME_RET-0062,DEPOSIT,GHS,7389113.68,FIXED,SBL-CUST-007258,DEP.RET.TRM,2003,2025-02-26,2026-07-30,0.176124,FIXED,,,BR019
DEP-TIME_RET-0063,DEPOSIT,GHS,13084584.99,FIXED,SBL-CUST-009649,DEP.RET.TRM,2003,2022-02-19,2026-10-13,0.150439,FIXED,,,BR027
DEP-TIME_RET-0064,DEPOSIT,GHS,8182268.27,FIXED,SBL-CUST-003546,DEP.RET.TRM,2003,2026-05-07,2026-10-06,0.123854,FIXED,,,BR021
DEP-TIME_RET-0065,DEPOSIT,GHS,43268726.52,FIXED,SBL-CUST-004176,DEP.RET.TRM,2003,2020-07-25,2026-10-19,0.187423,FIXED,,,BR024
DEP-TIME_RET-0066,DEPOSIT,GHS,6739547.19,FIXED,SBL-CUST-013938,DEP.RET.TRM,2003,2024-11-20,2028-02-07,0.138317,FIXED,,,BR005
DEP-TIME_RET-0067,DEPOSIT,GHS,12132415.32,FIXED,SBL-CUST-008984,DEP.RET.TRM,2003,2023-09-07,2027-06-02,0.167234,FIXED,,,BR015
DEP-TIME_RET-0068,DEPOSIT,GHS,10528132.21,FIXED,SBL-CUST-012949,DEP.RET.TRM,2003,2023-06-27,2026-09-20,0.182633,FIXED,,,BR020
DEP-TIME_RET-0069,DEPOSIT,GHS,8605507.58,FIXED,SBL-CUST-013018,DEP.RET.TRM,2003,2021-02-16,2027-10-13,0.177113,FIXED,,,BR001
DEP-TIME_RET-0070,DEPOSIT,GHS,88910119.47,FIXED,SBL-CUST-010253,DEP.RET.TRM,2003,2024-03-12,2027-11-02,0.14514,FIXED,,,BR016
DEP-TIME_RET-0071,DEPOSIT,GHS,17928507.39,FIXED,SBL-CUST-008919,DEP.RET.TRM,2003,2021-07-26,2026-10-02,0.169741,FIXED,,,BR025
DEP-TIME_RET-0072,DEPOSIT,GHS,22303464.73,FIXED,SBL-CUST-011637,DEP.RET.TRM,2003,2022-04-24,2026-09-12,0.189718,FIXED,,,BR015
DEP-TIME_RET-0073,DEPOSIT,GHS,6740322.42,FIXED,SBL-CUST-006159,DEP.RET.TRM,2003,2022-07-04,2028-04-20,0.185077,FIXED,,,BR002
DEP-TIME_RET-0074,DEPOSIT,GHS,22656331.65,FIXED,SBL-CUST-000054,DEP.RET.TRM,2003,2024-01-14,2026-07-26,0.167527,FIXED,,,BR002
DEP-TIME_RET-0075,DEPOSIT,GHS,7024979.34,FIXED,SBL-CUST-001111,DEP.RET.TRM,2003,2020-03-13,2027-09-19,0.177004,FIXED,,,BR025
DEP-TIME_RET-0076,DEPOSIT,GHS,51695205.41,FIXED,SBL-CUST-007093,DEP.RET.TRM,2003,2024-04-06,2027-02-15,0.147443,FIXED,,,BR022
DEP-TIME_RET-0077,DEPOSIT,GHS,14503593.49,FIXED,SBL-CUST-004668,DEP.RET.TRM,2003,2024-05-10,2027-01-29,0.177812,FIXED,,,BR012
DEP-TIME_RET-0078,DEPOSIT,GHS,14401970.07,FIXED,SBL-CUST-008061,DEP.RET.TRM,2003,2020-11-29,2026-08-22,0.168544,FIXED,,,BR028
DEP-TIME_RET-0079,DEPOSIT,GHS,8874319.76,FIXED,SBL-CUST-010263,DEP.RET.TRM,2003,2024-12-21,2026-08-04,0.189531,FIXED,,,BR001
DEP-TIME_RET-0080,DEPOSIT,GHS,7269971.91,FIXED,SBL-CUST-001398,DEP.RET.TRM,2003,2025-01-18,2027-09-24,0.17093,FIXED,,,BR022
DEP-TIME_CORP-0001,DEPOSIT,GHS,12008039.21,FIXED,SBL-CUST-001167,DEP.CORP.TRM,2005,2019-01-29,2028-05-29,0.158255,FIXED,,,BR023
DEP-TIME_CORP-0002,DEPOSIT,GHS,11812001.43,FIXED,SBL-CUST-007445,DEP.CORP.TRM,2005,2019-04-09,2028-05-25,0.182033,FIXED,,,BR027
DEP-TIME_CORP-0003,DEPOSIT,GHS,8617933.96,FIXED,SBL-CUST-005638,DEP.CORP.TRM,2005,2020-01-26,2028-05-04,0.129418,FIXED,,,BR019
DEP-TIME_CORP-0004,DEPOSIT,GHS,10021134.64,FIXED,SBL-CUST-004456,DEP.CORP.TRM,2005,2019-08-22,2027-08-29,0.160855,FIXED,,,BR019
DEP-TIME_CORP-0005,DEPOSIT,GHS,8695445.14,FIXED,SBL-CUST-002832,DEP.CORP.TRM,2005,2018-08-20,2027-10-27,0.199543,FIXED,,,BR020
DEP-TIME_CORP-0006,DEPOSIT,GHS,8537507.18,FIXED,SBL-CUST-005779,DEP.CORP.TRM,2005,2022-02-03,2027-08-22,0.183306,FIXED,,,BR021
DEP-TIME_CORP-0007,DEPOSIT,GHS,36714375.85,FIXED,SBL-CUST-002865,DEP.CORP.TRM,2005,2019-02-05,2028-03-24,0.147336,FIXED,,,BR004
DEP-TIME_CORP-0008,DEPOSIT,GHS,19246540.15,FIXED,SBL-CUST-013923,DEP.CORP.TRM,2005,2023-02-02,2027-05-01,0.132152,FIXED,,,BR006
DEP-TIME_CORP-0009,DEPOSIT,GHS,36838209.13,FIXED,SBL-CUST-009760,DEP.CORP.TRM,2005,2023-03-30,2027-02-27,0.179656,FIXED,,,BR006
DEP-TIME_CORP-0010,DEPOSIT,GHS,8703176.03,FIXED,SBL-CUST-008160,DEP.CORP.TRM,2005,2023-06-05,2028-05-04,0.158477,FIXED,,,BR020
DEP-TIME_CORP-0011,DEPOSIT,GHS,77907780.16,FIXED,SBL-CUST-010524,DEP.CORP.TRM,2005,2022-11-25,2028-01-01,0.16326,FIXED,,,BR016
DEP-TIME_CORP-0012,DEPOSIT,GHS,9033014.68,FIXED,SBL-CUST-014581,DEP.CORP.TRM,2005,2019-03-26,2027-10-19,0.133819,FIXED,,,BR007
DEP-TIME_CORP-0013,DEPOSIT,GHS,45568094.2,FIXED,SBL-CUST-006694,DEP.CORP.TRM,2005,2021-08-30,2026-09-16,0.175523,FIXED,,,BR002
DEP-TIME_CORP-0014,DEPOSIT,GHS,34087011.74,FIXED,SBL-CUST-011999,DEP.CORP.TRM,2005,2019-09-01,2026-11-18,0.184698,FIXED,,,BR013
DEP-TIME_CORP-0015,DEPOSIT,GHS,10409076.13,FIXED,SBL-CUST-009069,DEP.CORP.TRM,2005,2021-12-28,2027-09-26,0.143546,FIXED,,,BR002
DEP-TIME_CORP-0016,DEPOSIT,GHS,9286548.13,FIXED,SBL-CUST-008777,DEP.CORP.TRM,2005,2025-05-04,2026-08-11,0.146139,FIXED,,,BR016
DEP-TIME_CORP-0017,DEPOSIT,GHS,11499371.71,FIXED,SBL-CUST-002006,DEP.CORP.TRM,2005,2023-11-13,2027-09-10,0.153907,FIXED,,,BR005
DEP-TIME_CORP-0018,DEPOSIT,GHS,9134788.09,FIXED,SBL-CUST-014581,DEP.CORP.TRM,2005,2023-05-03,2027-01-21,0.1608,FIXED,,,BR010
DEP-TIME_CORP-0019,DEPOSIT,GHS,10800809.29,FIXED,SBL-CUST-010393,DEP.CORP.TRM,2005,2020-01-07,2027-08-26,0.148877,FIXED,,,BR005
DEP-TIME_CORP-0020,DEPOSIT,GHS,12116152.59,FIXED,SBL-CUST-010780,DEP.CORP.TRM,2005,2024-10-29,2028-03-13,0.193423,FIXED,,,BR009
DEP-TIME_CORP-0021,DEPOSIT,GHS,13643008.41,FIXED,SBL-CUST-012946,DEP.CORP.TRM,2005,2024-07-17,2027-12-11,0.149859,FIXED,,,BR005
DEP-TIME_CORP-0022,DEPOSIT,GHS,16509990.71,FIXED,SBL-CUST-007674,DEP.CORP.TRM,2005,2021-12-29,2027-06-25,0.19374,FIXED,,,BR013
DEP-TIME_CORP-0023,DEPOSIT,GHS,11527913.73,FIXED,SBL-CUST-013953,DEP.CORP.TRM,2005,2024-08-27,2028-03-26,0.149499,FIXED,,,BR010
DEP-TIME_CORP-0024,DEPOSIT,GHS,22486974.97,FIXED,SBL-CUST-005415,DEP.CORP.TRM,2005,2026-04-09,2027-02-02,0.171126,FIXED,,,BR027
DEP-TIME_CORP-0025,DEPOSIT,GHS,9543397.61,FIXED,SBL-CUST-011694,DEP.CORP.TRM,2005,2018-12-20,2026-09-20,0.181781,FIXED,,,BR003
DEP-TIME_CORP-0026,DEPOSIT,GHS,12107789.86,FIXED,SBL-CUST-006150,DEP.CORP.TRM,2005,2021-01-23,2026-08-20,0.183278,FIXED,,,BR008
DEP-TIME_CORP-0027,DEPOSIT,GHS,27713752.72,FIXED,SBL-CUST-012379,DEP.CORP.TRM,2005,2021-10-25,2027-11-29,0.191355,FIXED,,,BR020
DEP-TIME_CORP-0028,DEPOSIT,GHS,22942942.5,FIXED,SBL-CUST-011364,DEP.CORP.TRM,2005,2020-08-29,2027-04-07,0.129841,FIXED,,,BR008
DEP-TIME_CORP-0029,DEPOSIT,GHS,8868077.58,FIXED,SBL-CUST-005100,DEP.CORP.TRM,2005,2024-03-07,2028-04-03,0.18419,FIXED,,,BR008
DEP-TIME_CORP-0030,DEPOSIT,GHS,67689450.08,FIXED,SBL-CUST-002438,DEP.CORP.TRM,2005,2025-02-20,2028-02-10,0.136132,FIXED,,,BR007
DEP-TIME_CORP-0031,DEPOSIT,GHS,14376863.3,FIXED,SBL-CUST-002283,DEP.CORP.TRM,2005,2025-12-23,2026-09-09,0.167802,FIXED,,,BR006
DEP-TIME_CORP-0032,DEPOSIT,GHS,21444850.49,FIXED,SBL-CUST-013272,DEP.CORP.TRM,2005,2021-02-19,2027-04-10,0.171315,FIXED,,,BR011
DEP-TIME_CORP-0033,DEPOSIT,GHS,11901780.99,FIXED,SBL-CUST-009863,DEP.CORP.TRM,2005,2021-09-11,2028-03-12,0.132567,FIXED,,,BR021
DEP-TIME_CORP-0034,DEPOSIT,GHS,9433041.62,FIXED,SBL-CUST-009075,DEP.CORP.TRM,2005,2020-05-10,2026-10-08,0.182666,FIXED,,,BR022
DEP-TIME_CORP-0035,DEPOSIT,GHS,15808155.68,FIXED,SBL-CUST-001118,DEP.CORP.TRM,2005,2024-11-21,2027-12-02,0.16508,FIXED,,,BR018
DEP-TIME_CORP-0036,DEPOSIT,GHS,13326429.21,FIXED,SBL-CUST-014274,DEP.CORP.TRM,2005,2023-08-06,2028-02-09,0.16031,FIXED,,,BR005
DEP-TIME_CORP-0037,DEPOSIT,GHS,9850906.11,FIXED,SBL-CUST-006241,DEP.CORP.TRM,2005,2018-08-18,2027-07-31,0.140562,FIXED,,,BR005
DEP-TIME_CORP-0038,DEPOSIT,GHS,31242554.71,FIXED,SBL-CUST-012057,DEP.CORP.TRM,2005,2021-05-04,2027-07-30,0.174882,FIXED,,,BR010
DEP-TIME_CORP-0039,DEPOSIT,GHS,21418595.9,FIXED,SBL-CUST-007819,DEP.CORP.TRM,2005,2024-10-09,2028-04-19,0.175566,FIXED,,,BR019
DEP-TIME_CORP-0040,DEPOSIT,GHS,9517473.0,FIXED,SBL-CUST-001242,DEP.CORP.TRM,2005,2023-10-30,2028-01-07,0.161117,FIXED,,,BR012
DEP-TIME_CORP-0041,DEPOSIT,GHS,19431279.65,FIXED,SBL-CUST-000901,DEP.CORP.TRM,2005,2019-06-28,2026-12-03,0.16114,FIXED,,,BR022
DEP-TIME_CORP-0042,DEPOSIT,GHS,21747557.99,FIXED,SBL-CUST-012473,DEP.CORP.TRM,2005,2021-06-09,2027-10-27,0.159662,FIXED,,,BR011
DEP-TIME_CORP-0043,DEPOSIT,GHS,11393762.31,FIXED,SBL-CUST-002922,DEP.CORP.TRM,2005,2023-01-03,2027-04-27,0.194195,FIXED,,,BR004
DEP-TIME_CORP-0044,DEPOSIT,GHS,25246925.69,FIXED,SBL-CUST-005031,DEP.CORP.TRM,2005,2021-07-03,2027-12-30,0.166554,FIXED,,,BR010
DEP-TIME_CORP-0045,DEPOSIT,GHS,91536197.02,FIXED,SBL-CUST-008426,DEP.CORP.TRM,2005,2025-06-05,2028-05-03,0.181109,FIXED,,,BR005
DEP-TIME_CORP-0046,DEPOSIT,GHS,9139989.57,FIXED,SBL-CUST-014110,DEP.CORP.TRM,2005,2021-10-23,2027-05-09,0.190729,FIXED,,,BR028
DEP-TIME_CORP-0047,DEPOSIT,GHS,12170692.99,FIXED,SBL-CUST-008444,DEP.CORP.TRM,2005,2025-01-31,2026-08-02,0.19967,FIXED,,,BR005
DEP-TIME_CORP-0048,DEPOSIT,GHS,14118616.95,FIXED,SBL-CUST-000126,DEP.CORP.TRM,2005,2021-12-28,2028-01-10,0.183395,FIXED,,,BR004
DEP-TIME_CORP-0049,DEPOSIT,GHS,16004605.77,FIXED,SBL-CUST-003769,DEP.CORP.TRM,2005,2024-04-19,2027-07-25,0.157764,FIXED,,,BR009
DEP-TIME_CORP-0050,DEPOSIT,GHS,46789461.16,FIXED,SBL-CUST-004450,DEP.CORP.TRM,2005,2020-06-01,2028-02-13,0.166019,FIXED,,,BR024
DEP-CD-0001,DEPOSIT,GHS,6898179.43,OTHER,SBL-CUST-005478,DEP.GHS.CD,2003,2024-06-12,2026-09-04,0.172281,FLOATING,,certificate_of_deposit,BR013
DEP-CD-0002,DEPOSIT,GHS,6523905.35,OTHER,SBL-CUST-004045,DEP.GHS.CD,2003,2026-05-01,2028-03-10,0.194222,FLOATING,,certificate_of_deposit,BR025
DEP-CD-0003,DEPOSIT,GHS,8541313.61,OTHER,SBL-CUST-013190,DEP.GHS.CD,2003,2023-09-27,2027-04-23,0.16993,FLOATING,,certificate_of_deposit,BR009
DEP-CD-0004,DEPOSIT,GHS,7715266.38,OTHER,SBL-CUST-013188,DEP.GHS.CD,2003,2021-07-26,2026-12-31,0.16536,FLOATING,,certificate_of_deposit,BR023
DEP-CD-0005,DEPOSIT,GHS,12241396.1,OTHER,SBL-CUST-005564,DEP.GHS.CD,2003,2020-01-15,2027-04-17,0.196102,FLOATING,,certificate_of_deposit,BR003
DEP-CD-0006,DEPOSIT,GHS,5652273.61,OTHER,SBL-CUST-011178,DEP.GHS.CD,2003,2020-11-08,2027-06-28,0.17804,FLOATING,,certificate_of_deposit,BR007
DEP-CD-0007,DEPOSIT,GHS,14783153.63,OTHER,SBL-CUST-000367,DEP.GHS.CD,2003,2020-06-05,2026-08-11,0.189967,FLOATING,,certificate_of_deposit,BR020
DEP-CD-0008,DEPOSIT,GHS,5433177.34,OTHER,SBL-CUST-014297,DEP.GHS.CD,2003,2023-04-06,2026-09-14,0.198269,FLOATING,,certificate_of_deposit,BR002
DEP-CD-0009,DEPOSIT,GHS,8131845.04,OTHER,SBL-CUST-000908,DEP.GHS.CD,2003,2025-01-30,2027-01-28,0.190136,FLOATING,,certificate_of_deposit,BR024
DEP-CD-0010,DEPOSIT,GHS,6866012.13,OTHER,SBL-CUST-010753,DEP.GHS.CD,2003,2022-06-20,2026-11-22,0.169278,FLOATING,,certificate_of_deposit,BR028
DEP-CD-0011,DEPOSIT,GHS,7535356.29,OTHER,SBL-CUST-011826,DEP.GHS.CD,2003,2025-01-30,2027-08-08,0.144492,FLOATING,,certificate_of_deposit,BR008
DEP-CD-0012,DEPOSIT,GHS,79590755.18,OTHER,SBL-CUST-009484,DEP.GHS.CD,2003,2021-06-01,2027-01-22,0.186118,FLOATING,,certificate_of_deposit,BR013
DEP-CD-0013,DEPOSIT,GHS,6442965.4,OTHER,SBL-CUST-005702,DEP.GHS.CD,2003,2021-02-19,2028-01-04,0.146977,FLOATING,,certificate_of_deposit,BR023
DEP-CD-0014,DEPOSIT,GHS,22503894.2,OTHER,SBL-CUST-010076,DEP.GHS.CD,2003,2024-08-30,2027-04-20,0.190682,FLOATING,,certificate_of_deposit,BR025
DEP-CD-0015,DEPOSIT,GHS,10036093.18,OTHER,SBL-CUST-010007,DEP.GHS.CD,2003,2025-05-21,2026-08-13,0.194248,FLOATING,,certificate_of_deposit,BR008
DEP-CD-0016,DEPOSIT,GHS,5204047.96,OTHER,SBL-CUST-010640,DEP.GHS.CD,2003,2023-11-26,2026-08-28,0.178793,FLOATING,,certificate_of_deposit,BR027
DEP-CD-0017,DEPOSIT,GHS,20099232.65,OTHER,SBL-CUST-008744,DEP.GHS.CD,2003,2024-01-16,2027-02-05,0.185492,FLOATING,,certificate_of_deposit,BR016
DEP-CD-0018,DEPOSIT,GHS,31131197.79,OTHER,SBL-CUST-000210,DEP.GHS.CD,2003,2023-08-14,2027-06-24,0.183207,FLOATING,,certificate_of_deposit,BR013
DEP-CD-0019,DEPOSIT,GHS,31385510.51,OTHER,SBL-CUST-000394,DEP.GHS.CD,2003,2021-06-03,2028-02-02,0.167021,FLOATING,,certificate_of_deposit,BR003
DEP-CD-0020,DEPOSIT,GHS,14131194.71,OTHER,SBL-CUST-013043,DEP.GHS.CD,2003,2021-12-23,2027-11-01,0.197796,FLOATING,,certificate_of_deposit,BR027
DEP-CD-0021,DEPOSIT,GHS,18792057.24,OTHER,SBL-CUST-014837,DEP.GHS.CD,2003,2023-10-19,2027-08-25,0.19883,FLOATING,,certificate_of_deposit,BR014
DEP-CD-0022,DEPOSIT,GHS,102864428.72,OTHER,SBL-CUST-000297,DEP.GHS.CD,2003,2022-08-12,2026-08-08,0.156461,FLOATING,,certificate_of_deposit,BR015
DEP-CD-0023,DEPOSIT,GHS,6261705.53,OTHER,SBL-CUST-007156,DEP.GHS.CD,2003,2020-10-15,2028-01-09,0.193367,FLOATING,,certificate_of_deposit,BR028
DEP-CD-0024,DEPOSIT,GHS,6996105.55,OTHER,SBL-CUST-001223,DEP.GHS.CD,2003,2025-11-10,2027-07-17,0.164964,FLOATING,,certificate_of_deposit,BR015
DEP-CD-0025,DEPOSIT,GHS,6343247.09,OTHER,SBL-CUST-008414,DEP.GHS.CD,2003,2020-04-19,2027-10-10,0.180282,FLOATING,,certificate_of_deposit,BR021
DEP-SPECIAL-0001,DEPOSIT,GHS,25589520.36,OTHER,SBL-CUST-012195,DEP.GHS.SPECIAL,2000,2023-04-23,,0.005418,FLOATING,,special_deposit,BR027
DEP-SPECIAL-0002,DEPOSIT,GHS,6230488.64,OTHER,SBL-CUST-000352,DEP.GHS.SPECIAL,2000,2019-04-30,,0.010546,FLOATING,,special_deposit,BR001
DEP-SPECIAL-0003,DEPOSIT,GHS,13126989.03,OTHER,SBL-CUST-013720,DEP.GHS.SPECIAL,2000,2025-09-07,,0.000336,FLOATING,,special_deposit,BR013
DEP-SPECIAL-0004,DEPOSIT,GHS,7337427.9,OTHER,SBL-CUST-007947,DEP.GHS.SPECIAL,2000,2023-05-14,,0.014205,FLOATING,,special_deposit,BR023
DEP-SPECIAL-0005,DEPOSIT,GHS,7876621.64,OTHER,SBL-CUST-002475,DEP.GHS.SPECIAL,2000,2019-02-17,,0.004743,FLOATING,,special_deposit,BR028
DEP-SPECIAL-0006,DEPOSIT,GHS,7782578.09,OTHER,SBL-CUST-001733,DEP.GHS.SPECIAL,2000,2026-05-16,,0.020932,FLOATING,,special_deposit,BR001
DEP-SPECIAL-0007,DEPOSIT,GHS,26654330.7,OTHER,SBL-CUST-010133,DEP.GHS.SPECIAL,2000,2019-03-20,,0.023702,FLOATING,,special_deposit,BR013
DEP-SPECIAL-0008,DEPOSIT,GHS,41681048.7,OTHER,SBL-CUST-004515,DEP.GHS.SPECIAL,2000,2026-03-22,,0.001018,FLOATING,,special_deposit,BR016
DEP-SPECIAL-0009,DEPOSIT,GHS,6065863.71,OTHER,SBL-CUST-013590,DEP.GHS.SPECIAL,2000,2025-11-05,,0.026828,FLOATING,,special_deposit,BR028
DEP-SPECIAL-0010,DEPOSIT,GHS,8736661.84,OTHER,SBL-CUST-002906,DEP.GHS.SPECIAL,2000,2018-12-11,,0.021528,FLOATING,,special_deposit,BR012
DEP-SPECIAL-0011,DEPOSIT,GHS,7255476.69,OTHER,SBL-CUST-004437,DEP.GHS.SPECIAL,2000,2023-07-16,,0.008157,FLOATING,,special_deposit,BR017
DEP-SPECIAL-0012,DEPOSIT,GHS,6714514.98,OTHER,SBL-CUST-005411,DEP.GHS.SPECIAL,2000,2025-01-12,,0.015143,FLOATING,,special_deposit,BR024
DEP-SPECIAL-0013,DEPOSIT,GHS,8538454.44,OTHER,SBL-CUST-004248,DEP.GHS.SPECIAL,2000,2019-05-30,,0.028766,FLOATING,,special_deposit,BR028
DEP-SPECIAL-0014,DEPOSIT,GHS,24350299.44,OTHER,SBL-CUST-007352,DEP.GHS.SPECIAL,2000,2022-04-04,,0.021821,FLOATING,,special_deposit,BR017
DEP-SPECIAL-0015,DEPOSIT,GHS,10100006.51,OTHER,SBL-CUST-004218,DEP.GHS.SPECIAL,2000,2025-08-27,,0.014323,FLOATING,,special_deposit,BR003
DEP-SPECIAL-0016,DEPOSIT,GHS,6414507.72,OTHER,SBL-CUST-006692,DEP.GHS.SPECIAL,2000,2018-08-07,,0.006452,FLOATING,,special_deposit,BR024
DEP-SPECIAL-0017,DEPOSIT,GHS,6868426.09,OTHER,SBL-CUST-013542,DEP.GHS.SPECIAL,2000,2019-11-14,,0.01554,FLOATING,,special_deposit,BR023
DEP-SPECIAL-0018,DEPOSIT,GHS,9835724.06,OTHER,SBL-CUST-010270,DEP.GHS.SPECIAL,2000,2018-09-18,,0.0125,FLOATING,,special_deposit,BR018
DEP-MARGIN-0001,DEPOSIT,GHS,5761567.09,OTHER,SBL-CUST-008378,DEP.GHS.MARGIN,2000,2024-01-26,,0.0,FLOATING,,margin_against_contingent,BR015
DEP-MARGIN-0002,DEPOSIT,GHS,12874114.33,OTHER,SBL-CUST-013631,DEP.GHS.MARGIN,2000,2025-04-27,,0.0,FLOATING,,margin_against_contingent,BR002
DEP-MARGIN-0003,DEPOSIT,GHS,19770666.14,OTHER,SBL-CUST-010768,DEP.GHS.MARGIN,2000,2019-03-10,,0.0,FLOATING,,margin_against_contingent,BR016
DEP-MARGIN-0004,DEPOSIT,GHS,5248398.91,OTHER,SBL-CUST-003937,DEP.GHS.MARGIN,2000,2021-04-10,,0.0,FLOATING,,margin_against_contingent,BR019
DEP-MARGIN-0005,DEPOSIT,GHS,6187108.97,OTHER,SBL-CUST-009679,DEP.GHS.MARGIN,2000,2023-12-23,,0.0,FLOATING,,margin_against_contingent,BR015
DEP-MARGIN-0006,DEPOSIT,GHS,5476688.39,OTHER,SBL-CUST-000466,DEP.GHS.MARGIN,2000,2019-01-25,,0.0,FLOATING,,margin_against_contingent,BR002
DEP-MARGIN-0007,DEPOSIT,GHS,45057734.62,OTHER,SBL-CUST-010460,DEP.GHS.MARGIN,2000,2024-04-04,,0.0,FLOATING,,margin_against_contingent,BR018
DEP-MARGIN-0008,DEPOSIT,GHS,20878063.66,OTHER,SBL-CUST-010386,DEP.GHS.MARGIN,2000,2025-10-30,,0.0,FLOATING,,margin_against_contingent,BR016
DEP-MARGIN-0009,DEPOSIT,GHS,5176253.94,OTHER,SBL-CUST-007419,DEP.GHS.MARGIN,2000,2026-04-22,,0.0,FLOATING,,margin_against_contingent,BR024
DEP-MARGIN-0010,DEPOSIT,GHS,5262682.77,OTHER,SBL-CUST-002208,DEP.GHS.MARGIN,2000,2023-01-19,,0.0,FLOATING,,margin_against_contingent,BR008
DEP-MARGIN-0011,DEPOSIT,GHS,4970976.83,OTHER,SBL-CUST-013158,DEP.GHS.MARGIN,2000,2020-08-23,,0.0,FLOATING,,margin_against_contingent,BR008
DEP-MARGIN-0012,DEPOSIT,GHS,7805979.95,OTHER,SBL-CUST-003382,DEP.GHS.MARGIN,2000,2024-05-30,,0.0,FLOATING,,margin_against_contingent,BR026
DEP-MARGIN-0013,DEPOSIT,GHS,5587337.12,OTHER,SBL-CUST-011369,DEP.GHS.MARGIN,2000,2024-04-17,,0.0,FLOATING,,margin_against_contingent,BR020
DEP-MARGIN-0014,DEPOSIT,GHS,27884982.07,OTHER,SBL-CUST-005306,DEP.GHS.MARGIN,2000,2025-08-09,,0.0,FLOATING,,margin_against_contingent,BR013
DEP-FX_CURRENT-0001,DEPOSIT,USD,1045343.99,CURRENT,SBL-CUST-008609,DEP.USD.CUR,2006,2025-01-24,,0.003067,FLOATING,16119204.26,,BR018
DEP-FX_CURRENT-0002,DEPOSIT,USD,1945948.78,CURRENT,SBL-CUST-013675,DEP.USD.CUR,2006,2022-07-05,,0.00631,FLOATING,30006530.18,,BR022
DEP-FX_CURRENT-0003,DEPOSIT,USD,1603375.27,CURRENT,SBL-CUST-009025,DEP.USD.CUR,2006,2024-12-25,,0.001561,FLOATING,24724046.69,,BR023
DEP-FX_CURRENT-0004,DEPOSIT,USD,2715172.31,CURRENT,SBL-CUST-003671,DEP.USD.CUR,2006,2026-04-14,,0.009412,FLOATING,41867957.07,,BR028
DEP-FX_CURRENT-0005,DEPOSIT,USD,1067875.44,CURRENT,SBL-CUST-006233,DEP.USD.CUR,2006,2021-02-04,,0.005939,FLOATING,16466639.35,,BR009
DEP-FX_CURRENT-0006,DEPOSIT,USD,1175534.16,CURRENT,SBL-CUST-014914,DEP.USD.CUR,2006,2024-07-01,,0.013497,FLOATING,18126736.72,,BR018
DEP-FX_CURRENT-0007,DEPOSIT,USD,1606702.93,CURRENT,SBL-CUST-003610,DEP.USD.CUR,2006,2026-01-19,,0.014059,FLOATING,24775359.13,,BR011
DEP-FX_CURRENT-0008,DEPOSIT,USD,1425291.08,CURRENT,SBL-CUST-013705,DEP.USD.CUR,2006,2025-04-07,,0.007081,FLOATING,21977988.45,,BR008
DEP-FX_CURRENT-0009,DEPOSIT,USD,1159808.53,CURRENT,SBL-CUST-009598,DEP.USD.CUR,2006,2024-10-30,,0.006336,FLOATING,17884247.47,,BR025
DEP-FX_CURRENT-0010,DEPOSIT,USD,4084410.52,CURRENT,SBL-CUST-004115,DEP.USD.CUR,2006,2025-08-24,,0.008519,FLOATING,62981610.22,,BR012
DEP-FX_CURRENT-0011,DEPOSIT,USD,6228905.51,CURRENT,SBL-CUST-006505,DEP.USD.CUR,2006,2023-08-03,,0.001921,FLOATING,96049722.9,,BR023
DEP-FX_CURRENT-0012,DEPOSIT,USD,3000128.1,CURRENT,SBL-CUST-008231,DEP.USD.CUR,2006,2024-04-05,,0.013476,FLOATING,46261975.23,,BR014
DEP-FX_CURRENT-0013,DEPOSIT,USD,1796391.74,CURRENT,SBL-CUST-014212,DEP.USD.CUR,2006,2024-08-24,,0.007503,FLOATING,27700360.71,,BR024
DEP-FX_CURRENT-0014,DEPOSIT,USD,930408.64,CURRENT,SBL-CUST-010294,DEP.USD.CUR,2006,2021-11-30,,0.013285,FLOATING,14346901.2,,BR003
DEP-FX_CURRENT-0015,DEPOSIT,USD,1020302.44,CURRENT,SBL-CUST-010755,DEP.USD.CUR,2006,2022-05-23,,0.012674,FLOATING,15733063.55,,BR021
DEP-FX_CURRENT-0016,DEPOSIT,USD,1322954.66,CURRENT,SBL-CUST-011611,DEP.USD.CUR,2006,2019-02-05,,0.008546,FLOATING,20399960.88,,BR004
DEP-FX_CURRENT-0017,DEPOSIT,USD,1324885.59,CURRENT,SBL-CUST-000508,DEP.USD.CUR,2006,2021-10-03,,0.013919,FLOATING,20429735.84,,BR017
DEP-FX_CURRENT-0018,DEPOSIT,USD,1945055.31,CURRENT,SBL-CUST-010107,DEP.USD.CUR,2006,2020-05-01,,0.000253,FLOATING,29992752.87,,BR020
DEP-FX_CURRENT-0019,DEPOSIT,USD,3914104.07,CURRENT,SBL-CUST-005311,DEP.USD.CUR,2006,2026-05-11,,0.006435,FLOATING,60355484.83,,BR007
DEP-FX_CURRENT-0020,DEPOSIT,USD,1001516.03,CURRENT,SBL-CUST-006765,DEP.USD.CUR,2006,2021-08-21,,0.013989,FLOATING,15443377.16,,BR018
DEP-FX_CURRENT-0021,DEPOSIT,USD,909887.92,CURRENT,SBL-CUST-008530,DEP.USD.CUR,2006,2019-10-17,,0.001923,FLOATING,14030471.79,,BR010
DEP-FX_CURRENT-0022,DEPOSIT,USD,999454.54,CURRENT,SBL-CUST-011565,DEP.USD.CUR,2006,2019-10-07,,0.004983,FLOATING,15411588.97,,BR019
DEP-FX_CURRENT-0023,DEPOSIT,USD,2337893.05,CURRENT,SBL-CUST-004786,DEP.USD.CUR,2006,2022-07-04,,0.014378,FLOATING,36050310.86,,BR005
DEP-FX_CURRENT-0024,DEPOSIT,USD,919290.38,CURRENT,SBL-CUST-008984,DEP.USD.CUR,2006,2025-01-18,,0.011779,FLOATING,14175457.67,,BR024
DEP-FX_CURRENT-0025,DEPOSIT,USD,1549183.83,CURRENT,SBL-CUST-008252,DEP.USD.CUR,2006,2020-06-21,,0.006677,FLOATING,23888414.73,,BR022
DEP-FX_CURRENT-0026,DEPOSIT,USD,1424318.76,CURRENT,SBL-CUST-005670,DEP.USD.CUR,2006,2023-11-04,,0.014476,FLOATING,21962995.3,,BR012
DEP-FX_CURRENT-0027,DEPOSIT,USD,891106.71,CURRENT,SBL-CUST-009206,DEP.USD.CUR,2006,2024-02-28,,0.006877,FLOATING,13740865.54,,BR018
DEP-FX_CURRENT-0028,DEPOSIT,USD,1511412.0,CURRENT,SBL-CUST-006533,DEP.USD.CUR,2006,2023-11-27,,0.011375,FLOATING,23305973.04,,BR028
DEP-FX_CURRENT-0029,DEPOSIT,USD,1614256.05,CURRENT,SBL-CUST-003801,DEP.USD.CUR,2006,2022-11-03,,0.005798,FLOATING,24891828.36,,BR024
DEP-FX_CURRENT-0030,DEPOSIT,USD,1500668.55,CURRENT,SBL-CUST-006480,DEP.USD.CUR,2006,2022-03-21,,0.010989,FLOATING,23140309.12,,BR007
DEP-FX_CURRENT-0031,DEPOSIT,USD,2525922.6,CURRENT,SBL-CUST-009560,DEP.USD.CUR,2006,2019-06-30,,0.003737,FLOATING,38949726.48,,BR011
DEP-FX_CURRENT-0032,DEPOSIT,USD,2787403.39,CURRENT,SBL-CUST-006100,DEP.USD.CUR,2006,2020-02-29,,0.009294,FLOATING,42981760.3,,BR025
DEP-FX_CURRENT-0033,DEPOSIT,USD,6326240.81,CURRENT,SBL-CUST-009835,DEP.USD.CUR,2006,2022-03-29,,0.008215,FLOATING,97550633.34,,BR019
DEP-FX_CURRENT-0034,DEPOSIT,USD,2343139.81,CURRENT,SBL-CUST-010071,DEP.USD.CUR,2006,2020-04-28,,0.001025,FLOATING,36131215.81,,BR010
DEP-FX_CURRENT-0035,DEPOSIT,USD,993045.16,CURRENT,SBL-CUST-002622,DEP.USD.CUR,2006,2024-10-12,,0.002603,FLOATING,15312756.37,,BR018
DEP-FX_CURRENT-0036,DEPOSIT,USD,2126205.53,CURRENT,SBL-CUST-007606,DEP.USD.CUR,2006,2019-08-01,,0.000958,FLOATING,32786089.34,,BR023
DEP-FX_CURRENT-0037,DEPOSIT,USD,1137214.05,CURRENT,SBL-CUST-012395,DEP.USD.CUR,2006,2024-12-30,,0.010399,FLOATING,17535840.68,,BR015
DEP-FX_CURRENT-0038,DEPOSIT,USD,1341537.86,CURRENT,SBL-CUST-005949,DEP.USD.CUR,2006,2023-10-23,,0.011452,FLOATING,20686513.86,,BR024
DEP-FX_CURRENT-0039,DEPOSIT,USD,1466834.09,CURRENT,SBL-CUST-007705,DEP.USD.CUR,2006,2019-02-10,,0.001182,FLOATING,22618581.65,,BR026
DEP-FX_CURRENT-0040,DEPOSIT,USD,1196173.53,CURRENT,SBL-CUST-007935,DEP.USD.CUR,2006,2021-02-21,,0.005314,FLOATING,18444995.78,,BR022
DEP-FX_CURRENT-0041,DEPOSIT,USD,1078428.91,CURRENT,SBL-CUST-009735,DEP.USD.CUR,2006,2021-05-09,,0.002918,FLOATING,16629373.85,,BR022
DEP-FX_CURRENT-0042,DEPOSIT,USD,1069784.95,CURRENT,SBL-CUST-011330,DEP.USD.CUR,2006,2024-12-25,,0.011945,FLOATING,16496083.97,,BR018
DEP-FX_CURRENT-0043,DEPOSIT,USD,1202398.01,CURRENT,SBL-CUST-008448,DEP.USD.CUR,2006,2021-08-26,,0.001798,FLOATING,18540977.34,,BR020
DEP-FX_CURRENT-0044,DEPOSIT,USD,915776.1,CURRENT,SBL-CUST-008688,DEP.USD.CUR,2006,2020-12-09,,0.01402,FLOATING,14121267.45,,BR001
DEP-FX_SAVINGS-0001,DEPOSIT,USD,933139.51,SAVINGS,SBL-CUST-008657,DEP.USD.SAV,2006,2024-07-28,,0.007258,FLOATING,14389011.24,,BR020
DEP-FX_SAVINGS-0002,DEPOSIT,USD,1327368.92,SAVINGS,SBL-CUST-010040,DEP.USD.SAV,2006,2025-08-09,,0.010218,FLOATING,20468028.74,,BR024
DEP-FX_SAVINGS-0003,DEPOSIT,USD,2845609.41,SAVINGS,SBL-CUST-008471,DEP.USD.SAV,2006,2023-02-12,,0.01263,FLOATING,43879297.03,,BR012
DEP-FX_SAVINGS-0004,DEPOSIT,USD,4284337.93,SAVINGS,SBL-CUST-000611,DEP.USD.SAV,2006,2025-10-03,,0.015002,FLOATING,66064490.85,,BR011
DEP-FX_SAVINGS-0005,DEPOSIT,USD,1818448.08,SAVINGS,SBL-CUST-010025,DEP.USD.SAV,2006,2021-12-31,,0.018097,FLOATING,28040469.47,,BR009
DEP-FX_SAVINGS-0006,DEPOSIT,USD,1071182.55,SAVINGS,SBL-CUST-007117,DEP.USD.SAV,2006,2021-05-14,,0.013305,FLOATING,16517634.97,,BR016
DEP-FX_SAVINGS-0007,DEPOSIT,USD,1477973.51,SAVINGS,SBL-CUST-001249,DEP.USD.SAV,2006,2018-09-02,,0.017891,FLOATING,22790351.49,,BR004
DEP-FX_SAVINGS-0008,DEPOSIT,USD,1676962.09,SAVINGS,SBL-CUST-000816,DEP.USD.SAV,2006,2021-07-21,,0.017528,FLOATING,25858755.43,,BR006
DEP-FX_SAVINGS-0009,DEPOSIT,USD,941683.19,SAVINGS,SBL-CUST-014625,DEP.USD.SAV,2006,2018-09-03,,0.010948,FLOATING,14520754.82,,BR022
DEP-FX_SAVINGS-0010,DEPOSIT,USD,991751.09,SAVINGS,SBL-CUST-005746,DEP.USD.SAV,2006,2024-05-25,,0.00758,FLOATING,15292801.74,,BR009
DEP-FX_SAVINGS-0011,DEPOSIT,USD,4644063.43,SAVINGS,SBL-CUST-003083,DEP.USD.SAV,2006,2025-09-08,,0.00642,FLOATING,71611458.15,,BR003
DEP-FX_SAVINGS-0012,DEPOSIT,USD,1032497.86,SAVINGS,SBL-CUST-011994,DEP.USD.SAV,2006,2021-06-10,,0.008296,FLOATING,15921117.03,,BR016
DEP-FX_SAVINGS-0013,DEPOSIT,USD,1698195.16,SAVINGS,SBL-CUST-010304,DEP.USD.SAV,2006,2019-01-28,,0.017529,FLOATING,26186169.3,,BR027
DEP-FX_SAVINGS-0014,DEPOSIT,USD,1005867.38,SAVINGS,SBL-CUST-013241,DEP.USD.SAV,2006,2025-11-02,,0.013273,FLOATING,15510474.98,,BR010
DEP-FX_SAVINGS-0015,DEPOSIT,USD,1133328.97,SAVINGS,SBL-CUST-003625,DEP.USD.SAV,2006,2019-01-14,,0.010763,FLOATING,17475932.78,,BR021
DEP-FX_SAVINGS-0016,DEPOSIT,USD,1009161.36,SAVINGS,SBL-CUST-001487,DEP.USD.SAV,2006,2025-04-29,,0.019303,FLOATING,15561268.14,,BR008
DEP-FX_TIME-0001,DEPOSIT,USD,1852249.1,FIXED,SBL-CUST-013122,DEP.USD.TRM,2006,2021-03-11,2027-05-20,0.053311,FIXED,28561681.09,,BR011
DEP-FX_TIME-0002,DEPOSIT,USD,4177073.69,FIXED,SBL-CUST-002458,DEP.USD.TRM,2006,2025-09-17,2027-08-11,0.021935,FIXED,64410476.22,,BR018
DEP-FX_TIME-0003,DEPOSIT,USD,1337311.31,FIXED,SBL-CUST-003383,DEP.USD.TRM,2006,2024-08-26,2028-03-05,0.022064,FIXED,20621340.37,,BR020
DEP-FX_TIME-0004,DEPOSIT,USD,1626379.33,FIXED,SBL-CUST-005989,DEP.USD.TRM,2006,2021-06-11,2028-01-25,0.048213,FIXED,25078769.27,,BR014
DEP-FX_TIME-0005,DEPOSIT,USD,1337303.55,FIXED,SBL-CUST-004053,DEP.USD.TRM,2006,2023-12-27,2027-07-28,0.039459,FIXED,20621220.79,,BR018
DEP-FX_TIME-0006,DEPOSIT,USD,2325306.47,FIXED,SBL-CUST-012449,DEP.USD.TRM,2006,2021-08-04,2027-05-09,0.029006,FIXED,35856225.84,,BR028
DEP-FX_TIME-0007,DEPOSIT,USD,1491947.55,FIXED,SBL-CUST-013421,DEP.USD.TRM,2006,2024-06-07,2027-03-10,0.049788,FIXED,23005831.19,,BR013
DEP-FX_TIME-0008,DEPOSIT,USD,2268883.67,FIXED,SBL-CUST-011436,DEP.USD.TRM,2006,2020-05-09,2027-09-14,0.022045,FIXED,34986186.27,,BR009
DEP-FX_TIME-0009,DEPOSIT,USD,3814571.85,FIXED,SBL-CUST-012265,DEP.USD.TRM,2006,2025-11-20,2028-03-14,0.05357,FIXED,58820697.94,,BR028
DEP-FX_TIME-0010,DEPOSIT,USD,1601689.39,FIXED,SBL-CUST-014565,DEP.USD.TRM,2006,2022-06-01,2026-10-29,0.032395,FIXED,24698050.38,,BR026
DEP-FX_TIME-0011,DEPOSIT,USD,3306827.16,FIXED,SBL-CUST-011526,DEP.USD.TRM,2006,2025-10-02,2026-08-30,0.034414,FIXED,50991274.78,,BR026
DEP-FX_TIME-0012,DEPOSIT,USD,1777207.0,FIXED,SBL-CUST-000785,DEP.USD.TRM,2006,2023-03-26,2028-02-27,0.030695,FIXED,27404531.93,,BR025
DEP-FX_SPECIAL-0001,DEPOSIT,USD,2707571.24,OTHER,SBL-CUST-002052,DEP.FX.SPECIAL,2006,2025-03-29,,0.016157,FLOATING,41750748.5,special_deposit,BR009
DEP-FX_SPECIAL-0002,DEPOSIT,USD,533441.21,OTHER,SBL-CUST-008462,DEP.FX.SPECIAL,2006,2023-03-03,,0.012226,FLOATING,8225663.43,special_deposit,BR010
DEP-FX_SPECIAL-0003,DEPOSIT,USD,755989.32,OTHER,SBL-CUST-001558,DEP.FX.SPECIAL,2006,2019-03-15,,0.015074,FLOATING,11657355.34,special_deposit,BR024
DEP-FX_SPECIAL-0004,DEPOSIT,USD,569453.82,OTHER,SBL-CUST-008082,DEP.FX.SPECIAL,2006,2018-12-21,,0.018284,FLOATING,8780977.88,special_deposit,BR028
DEP-FX_SPECIAL-0005,DEPOSIT,USD,853067.32,OTHER,SBL-CUST-012623,DEP.FX.SPECIAL,2006,2020-06-05,,0.019237,FLOATING,13154298.15,special_deposit,BR021
DEP-FX_SPECIAL-0006,DEPOSIT,USD,515162.81,OTHER,SBL-CUST-009212,DEP.FX.SPECIAL,2006,2024-07-29,,0.006964,FLOATING,7943810.48,special_deposit,BR012
DEP-FX_SPECIAL-0007,DEPOSIT,USD,1214475.21,OTHER,SBL-CUST-013056,DEP.FX.SPECIAL,2006,2019-12-12,,0.008964,FLOATING,18727207.73,special_deposit,BR022
DEP-FX_SPECIAL-0008,DEPOSIT,USD,503695.58,OTHER,SBL-CUST-014239,DEP.FX.SPECIAL,2006,2025-04-01,,0.007364,FLOATING,7766985.91,special_deposit,BR004
DEP-FX_MARGIN-0001,DEPOSIT,USD,511649.38,OTHER,SBL-CUST-014482,DEP.FX.MARGIN,2006,2020-01-11,,0.0,FLOATING,7889633.41,margin_against_contingent,BR017
DEP-FX_MARGIN-0002,DEPOSIT,USD,594158.18,OTHER,SBL-CUST-000596,DEP.FX.MARGIN,2006,2024-04-30,,0.0,FLOATING,9161919.19,margin_against_contingent,BR001
DEP-FX_MARGIN-0003,DEPOSIT,USD,737946.56,OTHER,SBL-CUST-010858,DEP.FX.MARGIN,2006,2020-02-08,,0.0,FLOATING,11379135.94,margin_against_contingent,BR004
DEP-FX_MARGIN-0004,DEPOSIT,USD,683355.67,OTHER,SBL-CUST-001840,DEP.FX.MARGIN,2006,2020-04-10,,0.0,FLOATING,10537344.44,margin_against_contingent,BR012
DEP-FX_MARGIN-0005,DEPOSIT,USD,1456358.1,OTHER,SBL-CUST-002805,DEP.FX.MARGIN,2006,2025-01-05,,0.0,FLOATING,22457041.94,margin_against_contingent,BR018
DEP-FX_MARGIN-0006,DEPOSIT,USD,2117734.16,OTHER,SBL-CUST-007279,DEP.FX.MARGIN,2006,2021-01-26,,0.0,FLOATING,32655460.81,margin_against_contingent,BR022
